representation	head	clean_id	label	homology_group	fold	quality_tier	raw_score	probability_uncalibrated	prediction_at_fixed_boundary
layer24_mean	rbf_svm	HPCLAS_TRAIN_N_000005	0	HPCLAS_TRAIN_N_000005	3	A_clean_core	-0.6817191964154878	0.33587770384549115	0
layer24_mean	rbf_svm	HPCLAS_TRAIN_N_000009	0	HPCLAS_TRAIN_N_000009	3	A_clean_core	-0.8781711589224209	0.29355690300636583	0
layer24_mean	rbf_svm	HPCLAS_TRAIN_N_000035	0	HPCLAS_TRAIN_N_000035	3	A_clean_core	-1.5020990140169979	0.18211267197266934	0
layer24_mean	rbf_svm	HPCLAS_TRAIN_N_000038	0	HPCLAS_TRAIN_N_000038	3	A_clean_core	0.8138648370332694	0.6929324655962789	1
layer24_mean	rbf_svm	HPCLAS_TRAIN_N_000045	0	HPCLAS_TRAIN_N_000045	3	A_clean_core	-1.0780231457258886	0.25388030024096764	0
layer24_mean	rbf_svm	HPCLAS_TRAIN_N_000047	0	HPCLAS_TRAIN_N_000047	3	A_clean_core	-0.4426473078443651	0.39111034988792814	0
layer24_mean	rbf_svm	HPCLAS_TRAIN_N_000048	0	HPCLAS_TRAIN_N_000048	3	A_clean_core	-0.9422010685990585	0.2804559514718476	0
layer24_mean	rbf_svm	HPCLAS_TRAIN_N_000066	0	HPCLAS_TRAIN_N_000066	3	A_clean_core	0.5372368220654132	0.6311693983325514	1
layer24_mean	rbf_svm	HPCLAS_TRAIN_N_000070	0	HPCLAS_TRAIN_N_000070	3	A_clean_core	-1.9054860814601235	0.12948881723751018	0
layer24_mean	rbf_svm	HPCLAS_TRAIN_N_000073	0	HPCLAS_TRAIN_N_000073	3	A_clean_core	-0.2276224978835301	0.4433388086753734	0
layer24_mean	rbf_svm	HPCLAS_TRAIN_N_000075	0	HPCLAS_TRAIN_N_000075	3	D_hard_sample	-0.8591722803344405	0.2975123090192448	0
layer24_mean	rbf_svm	HPCLAS_TRAIN_N_000080	0	HPCLAS_TRAIN_N_000080	3	A_clean_core	-1.1107999554530414	0.2477217822179446	0
layer24_mean	rbf_svm	HPCLAS_TRAIN_N_000084	0	HPCLAS_TRAIN_N_000084	3	A_clean_core	-1.1325856492412687	0.2436842442078279	0
layer24_mean	rbf_svm	HPCLAS_TRAIN_N_000085	0	HPCLAS_TRAIN_N_000085	3	A_clean_core	-1.1265900091418104	0.24479095151548275	0
layer24_mean	rbf_svm	HPCLAS_TRAIN_N_000090	0	HPCLAS_TRAIN_N_000090	3	A_clean_core	-1.1465519489691154	0.24111944708300587	0
layer24_mean	rbf_svm	HPCLAS_TRAIN_N_000099	0	HPCLAS_TRAIN_N_000099	3	A_clean_core	0.9132901622244171	0.7136729596039254	1
layer24_mean	rbf_svm	HPCLAS_TRAIN_N_000110	0	HPCLAS_TRAIN_N_000110	3	D_hard_sample	0.8523109196746915	0.7010516858152324	1
layer24_mean	rbf_svm	HPCLAS_TRAIN_N_000112	0	HPCLAS_TRAIN_N_000112	3	A_clean_core	-1.2053011561885147	0.23053351299860741	0
layer24_mean	rbf_svm	HPCLAS_TRAIN_N_000113	0	HPCLAS_TRAIN_N_000113	3	A_clean_core	-2.012016936439332	0.11794698308808903	0
layer24_mean	rbf_svm	HPCLAS_TRAIN_N_000138	0	HPCLAS_TRAIN_N_000138	3	A_clean_core	-0.8491389983167729	0.2996135034626558	0
layer24_mean	rbf_svm	HPCLAS_TRAIN_N_000141	0	HPCLAS_TRAIN_N_000141	3	A_clean_core	-0.5747019581225251	0.36015258197406264	0
layer24_mean	rbf_svm	HPCLAS_TRAIN_N_000142	0	HPCLAS_TRAIN_N_000142	3	D_hard_sample	-0.2651814071327285	0.4340904328340997	0
layer24_mean	rbf_svm	HPCLAS_TRAIN_N_000144	0	HPCLAS_TRAIN_N_000144	3	A_clean_core	0.6799637537361585	0.6637306075658002	1
layer24_mean	rbf_svm	HPCLAS_TRAIN_N_000152	0	HPCLAS_TRAIN_N_000152	3	D_hard_sample	-0.03463779490895899	0.49134141695273126	0
layer24_mean	rbf_svm	HPCLAS_TRAIN_N_000153	0	HPCLAS_TRAIN_N_000153	3	A_clean_core	-1.4041249007425873	0.19716236779427534	0
layer24_mean	rbf_svm	HPCLAS_TRAIN_N_000157	0	HPCLAS_TRAIN_N_000157	3	D_hard_sample	-0.7944703656667984	0.3112096021242644	0
layer24_mean	rbf_svm	HPCLAS_TRAIN_N_000159	0	HPCLAS_TRAIN_N_000159	3	D_hard_sample	-0.796683048807401	0.3107354936251397	0
layer24_mean	rbf_svm	HPCLAS_TRAIN_N_000163	0	HPCLAS_TRAIN_N_000163	3	A_clean_core	-1.2467780012166807	0.22325838052197028	0
layer24_mean	rbf_svm	HPCLAS_TRAIN_N_000174	0	HPCLAS_TRAIN_N_000174	3	D_hard_sample	-0.2950786983146356	0.42676097476475244	0
layer24_mean	rbf_svm	HPCLAS_TRAIN_N_000183	0	HPCLAS_TRAIN_N_000183	3	A_clean_core	-0.9461231766792764	0.27966515040338197	0
layer24_mean	rbf_svm	HPCLAS_TRAIN_N_000186	0	HPCLAS_TRAIN_N_000186	3	A_clean_core	0.26187166712173393	0.5650963332495507	1
layer24_mean	rbf_svm	HPCLAS_TRAIN_N_000189	0	HPCLAS_TRAIN_N_000189	3	D_hard_sample	-1.127340832598357	0.24465217462678004	0
layer24_mean	rbf_svm	HPCLAS_TRAIN_N_000193	0	HPCLAS_TRAIN_N_000193	3	A_clean_core	0.539299360504936	0.6316494160856588	1
layer24_mean	rbf_svm	HPCLAS_TRAIN_N_000194	0	HPCLAS_TRAIN_N_000194	3	A_clean_core	-1.364447731797063	0.20351838018074914	0
layer24_mean	rbf_svm	HPCLAS_TRAIN_N_000223	0	HPCLAS_TRAIN_N_000223	3	A_clean_core	0.4504504665242882	0.6107463310620584	1
layer24_mean	rbf_svm	HPCLAS_TRAIN_N_000227	0	HPCLAS_TRAIN_N_000227	3	D_hard_sample	-1.1251038062604335	0.24506580757763188	0
layer24_mean	rbf_svm	HPCLAS_TRAIN_N_000229	0	HPCLAS_TRAIN_N_000229	3	D_hard_sample	1.0452962619534878	0.7398706299136627	1
layer24_mean	rbf_svm	HPCLAS_TRAIN_N_000251	0	HPCLAS_TRAIN_N_000251	3	D_hard_sample	-1.046884069507428	0.259823893750891	0
layer24_mean	rbf_svm	HPCLAS_TRAIN_N_000253	0	HPCLAS_TRAIN_N_000253	3	D_hard_sample	0.274632345295737	0.5682297836100465	1
layer24_mean	rbf_svm	HPCLAS_TRAIN_N_000264	0	HPCLAS_TRAIN_N_000264	3	A_clean_core	-1.071750886384953	0.2550702566184961	0
layer24_mean	rbf_svm	HPCLAS_TRAIN_N_000270	0	HPCLAS_TRAIN_N_000270	3	A_clean_core	-0.389231896750705	0.4039022195898874	0
layer24_mean	rbf_svm	HPCLAS_TRAIN_N_000297	0	HPCLAS_TRAIN_N_000297	3	A_clean_core	-1.0892732721304597	0.25175515068954174	0
layer24_mean	rbf_svm	HPCLAS_TRAIN_N_000301	0	HPCLAS_TRAIN_N_000301	3	A_clean_core	-2.3337327177411655	0.0883674980352071	0
layer24_mean	rbf_svm	HPCLAS_TRAIN_N_000306	0	HPCLAS_TRAIN_N_000306	3	D_hard_sample	-0.6583319920763481	0.341114405867485	0
layer24_mean	rbf_svm	HPCLAS_TRAIN_N_000311	0	HPCLAS_TRAIN_N_000311	3	D_hard_sample	0.1369520391827219	0.5341845963621138	1
layer24_mean	rbf_svm	HPCLAS_TRAIN_N_000314	0	HPCLAS_TRAIN_N_000314	3	A_clean_core	-0.599477962099971	0.3544631368981694	0
layer24_mean	rbf_svm	HPCLAS_TRAIN_N_000329	0	HPCLAS_TRAIN_N_000329	3	D_hard_sample	-0.23083473581938177	0.4425462069934728	0
layer24_mean	rbf_svm	HPCLAS_TRAIN_N_000335	0	HPCLAS_TRAIN_N_000335	3	A_clean_core	-1.7062098467289852	0.15365596254846445	0
layer24_mean	rbf_svm	HPCLAS_TRAIN_N_000338	0	HPCLAS_TRAIN_N_000338	3	A_clean_core	-0.05116084348541347	0.4872125781907993	0
layer24_mean	rbf_svm	HPCLAS_TRAIN_N_000341	0	HPCLAS_TRAIN_N_000341	3	A_clean_core	-0.06559199112877526	0.48360787879439776	0
layer24_mean	rbf_svm	HPCLAS_TRAIN_N_000346	0	HPCLAS_TRAIN_N_000346	3	A_clean_core	-0.594853647551248	0.35552197875062075	0
layer24_mean	rbf_svm	HPCLAS_TRAIN_N_000347	0	HPCLAS_TRAIN_N_000347	3	A_clean_core	0.588074250519596	0.6429231674542908	1
layer24_mean	rbf_svm	HPCLAS_TRAIN_N_000352	0	HPCLAS_TRAIN_N_000352	3	A_clean_core	-0.9274418017418526	0.28344400556330873	0
layer24_mean	rbf_svm	HPCLAS_TRAIN_N_000358	0	HPCLAS_TRAIN_N_000358	3	A_clean_core	-0.9381536882539963	0.2812734397743465	0
layer24_mean	rbf_svm	HPCLAS_TRAIN_N_000360	0	HPCLAS_TRAIN_N_000360	3	A_clean_core	-1.017225960023752	0.26556810198766806	0
layer24_mean	rbf_svm	HPCLAS_TRAIN_N_000372	0	HPCLAS_TRAIN_N_000372	3	D_hard_sample	-0.8054520885498743	0.30886047385555976	0
layer24_mean	rbf_svm	HPCLAS_TRAIN_N_000378	0	HPCLAS_TRAIN_N_000378	3	A_clean_core	-0.9450926215200014	0.27987280550559834	0
layer24_mean	rbf_svm	HPCLAS_TRAIN_N_000379	0	HPCLAS_TRAIN_N_000379	3	A_clean_core	-0.12994882782910402	0.46755843277783243	0
layer24_mean	rbf_svm	HPCLAS_TRAIN_N_000380	0	HPCLAS_TRAIN_N_000380	3	D_hard_sample	0.6367375892614145	0.6540156163404749	1
layer24_mean	rbf_svm	HPCLAS_TRAIN_N_000394	0	HPCLAS_TRAIN_N_000394	3	A_clean_core	-0.795328738780818	0.3110256326449439	0
layer24_mean	rbf_svm	HPCLAS_TRAIN_N_000418	0	HPCLAS_TRAIN_N_000418	3	A_clean_core	-0.9476881609939191	0.27934998905458797	0
layer24_mean	rbf_svm	HPCLAS_TRAIN_N_000425	0	HPCLAS_TRAIN_N_000425	3	A_clean_core	-0.9694952895026171	0.2749811131473769	0
layer24_mean	rbf_svm	HPCLAS_TRAIN_N_000426	0	HPCLAS_TRAIN_N_000426	3	A_clean_core	-1.3575757412402727	0.20463459036172751	0
layer24_mean	rbf_svm	HPCLAS_TRAIN_N_000438	0	HPCLAS_TRAIN_N_000438	3	D_hard_sample	0.1530325656431681	0.5381836520091939	1
layer24_mean	rbf_svm	HPCLAS_TRAIN_N_000439	0	HPCLAS_TRAIN_N_000439	3	A_clean_core	-0.2142177001900924	0.4466494370759154	0
layer24_mean	rbf_svm	HPCLAS_TRAIN_N_000443	0	HPCLAS_TRAIN_N_000443	3	B_ambiguous	0.5026109199922417	0.6230727106271136	1
layer24_mean	rbf_svm	HPCLAS_TRAIN_N_000444	0	HPCLAS_TRAIN_N_000444	3	A_clean_core	-0.8677245565225815	0.29572799494152696	0
layer24_mean	rbf_svm	HPCLAS_TRAIN_N_000446	0	HPCLAS_TRAIN_N_000446	3	D_hard_sample	-1.3683777976816316	0.20288206405960799	0
layer24_mean	rbf_svm	HPCLAS_TRAIN_N_000447	0	HPCLAS_TRAIN_N_000447	3	A_clean_core	-1.1144840461755319	0.24703586918366108	0
layer24_mean	rbf_svm	HPCLAS_TRAIN_N_000457	0	HPCLAS_TRAIN_N_000457	3	D_hard_sample	-0.9710319881511535	0.2746748528762528	0
layer24_mean	rbf_svm	HPCLAS_TRAIN_N_000459	0	HPCLAS_TRAIN_N_000459	3	A_clean_core	-0.7403125206035472	0.322935807890695	0
layer24_mean	rbf_svm	HPCLAS_TRAIN_N_000463	0	HPCLAS_TRAIN_N_000463	3	A_clean_core	-1.0620770584153925	0.2569127262620425	0
layer24_mean	rbf_svm	HPCLAS_TRAIN_N_000475	0	HPCLAS_TRAIN_N_000475	3	A_clean_core	0.5023292683068036	0.6230065615609136	1
layer24_mean	rbf_svm	HPCLAS_TRAIN_N_000477	0	HPCLAS_TRAIN_N_000477	3	A_clean_core	-0.786391453876113	0.31294401893319246	0
layer24_mean	rbf_svm	HPCLAS_TRAIN_N_000481	0	HPCLAS_TRAIN_N_000481	3	A_clean_core	-0.8517989601268946	0.2990556207980793	0
layer24_mean	rbf_svm	HPCLAS_TRAIN_N_000492	0	HPCLAS_TRAIN_N_000492	3	D_hard_sample	-0.8698109491756645	0.29529364106862915	0
layer24_mean	rbf_svm	HPCLAS_TRAIN_N_000494	0	HPCLAS_TRAIN_N_000494	3	D_hard_sample	0.06751911897949317	0.5168733699944217	1
layer24_mean	rbf_svm	HPCLAS_TRAIN_N_000495	0	HPCLAS_TRAIN_N_000495	3	A_clean_core	-1.0477607728641263	0.25965532566589494	0
layer24_mean	rbf_svm	HPCLAS_TRAIN_N_000500	0	HPCLAS_TRAIN_N_000500	3	A_clean_core	-1.1085519915700401	0.24814094063619932	0
layer24_mean	rbf_svm	HPCLAS_TRAIN_N_000501	0	HPCLAS_TRAIN_N_000501	3	A_clean_core	-1.0923984791600823	0.25116689824898214	0
layer24_mean	rbf_svm	HPCLAS_TRAIN_N_000505	0	HPCLAS_TRAIN_N_000505	3	A_clean_core	-2.0687231594199886	0.1121741375597662	0
layer24_mean	rbf_svm	HPCLAS_TRAIN_N_000509	0	HPCLAS_TRAIN_N_000509	3	D_hard_sample	-0.3527859405354761	0.4127070011835211	0
layer24_mean	rbf_svm	HPCLAS_TRAIN_N_000510	0	HPCLAS_TRAIN_N_000510	3	A_clean_core	-0.005585822694999326	0.4986035479571883	0
layer24_mean	rbf_svm	HPCLAS_TRAIN_N_000511	0	HPCLAS_TRAIN_N_000511	3	A_clean_core	-1.6848383226688635	0.15645585763199124	0
layer24_mean	rbf_svm	HPCLAS_TRAIN_N_000512	0	HPCLAS_TRAIN_N_000512	3	A_clean_core	0.08234266583672664	0.5205740428989912	1
layer24_mean	rbf_svm	HPCLAS_TRAIN_N_000524	0	HPCLAS_TRAIN_N_000524	3	A_clean_core	-0.6195251475344478	0.34988945690808626	0
layer24_mean	rbf_svm	HPCLAS_TRAIN_N_000532	0	HPCLAS_TRAIN_P_006028	3	B_ambiguous	0.529825253799583	0.6294423542683603	1
layer24_mean	rbf_svm	HPCLAS_TRAIN_N_000546	0	HPCLAS_TRAIN_N_000546	3	A_clean_core	-1.030213897112244	0.2630426378513304	0
layer24_mean	rbf_svm	HPCLAS_TRAIN_N_000553	0	HPCLAS_TRAIN_N_000553	3	A_clean_core	-0.9463761691358145	0.27961418726796883	0
layer24_mean	rbf_svm	HPCLAS_TRAIN_N_000566	0	HPCLAS_TRAIN_N_000566	3	A_clean_core	-1.3027707984188954	0.21369906544837153	0
layer24_mean	rbf_svm	HPCLAS_TRAIN_N_000577	0	HPCLAS_TRAIN_N_000577	3	A_clean_core	0.5055924296401438	0.6237726700707856	1
layer24_mean	rbf_svm	HPCLAS_TRAIN_N_000583	0	HPCLAS_TRAIN_N_000583	3	D_hard_sample	0.056629533100956614	0.514153601040717	1
layer24_mean	rbf_svm	HPCLAS_TRAIN_N_000591	0	HPCLAS_TRAIN_N_000591	3	D_hard_sample	-0.6306927004383871	0.34735348668145954	0
layer24_mean	rbf_svm	HPCLAS_TRAIN_N_000600	0	HPCLAS_TRAIN_N_000600	3	B_ambiguous	0.7642749012663663	0.6822811407197655	1
layer24_mean	rbf_svm	HPCLAS_TRAIN_N_000602	0	HPCLAS_TRAIN_N_000602	3	B_ambiguous	-0.21868423408866314	0.44554578144606655	0
layer24_mean	rbf_svm	HPCLAS_TRAIN_N_000604	0	HPCLAS_TRAIN_N_000604	3	A_clean_core	-0.30380913897930417	0.42462657260082287	0
layer24_mean	rbf_svm	HPCLAS_TRAIN_N_000605	0	HPCLAS_TRAIN_N_000605	3	B_ambiguous	0.7674326707489998	0.6829652673804152	1
layer24_mean	rbf_svm	HPCLAS_TRAIN_N_000611	0	HPCLAS_TRAIN_P_005255	3	B_ambiguous	1.2207691370677762	0.7721988749399499	1
layer24_mean	rbf_svm	HPCLAS_TRAIN_N_000623	0	HPCLAS_TRAIN_N_000623	3	A_clean_core	-2.004894695160334	0.11868996754037138	0
layer24_mean	rbf_svm	HPCLAS_TRAIN_N_000624	0	HPCLAS_TRAIN_N_000624	3	B_ambiguous	1.0703273483138176	0.7446591634405578	1
layer24_mean	rbf_svm	HPCLAS_TRAIN_N_000632	0	HPCLAS_TRAIN_N_000632	3	A_clean_core	0.25694760774019243	0.5638857986896704	1
layer24_mean	rbf_svm	HPCLAS_TRAIN_N_000645	0	HPCLAS_TRAIN_N_000645	3	A_clean_core	-1.2621751358507691	0.22059968195953855	0
layer24_mean	rbf_svm	HPCLAS_TRAIN_N_000650	0	HPCLAS_TRAIN_N_000650	3	D_hard_sample	0.2954774823916143	0.5733365793442089	1
layer24_mean	rbf_svm	HPCLAS_TRAIN_N_000655	0	HPCLAS_TRAIN_N_000655	3	A_clean_core	-0.7329557128482228	0.324546451997404	0
layer24_mean	rbf_svm	HPCLAS_TRAIN_N_000656	0	HPCLAS_TRAIN_N_000656	3	D_hard_sample	0.8724790126074456	0.7052612670061977	1
layer24_mean	rbf_svm	HPCLAS_TRAIN_N_000657	0	HPCLAS_TRAIN_N_000657	3	A_clean_core	-0.88994192939376	0.29112181131385173	0
layer24_mean	rbf_svm	HPCLAS_TRAIN_N_000658	0	HPCLAS_TRAIN_N_000658	3	B_ambiguous	0.08065599182367475	0.5201530738415215	1
layer24_mean	rbf_svm	HPCLAS_TRAIN_N_000661	0	HPCLAS_TRAIN_N_000661	3	A_clean_core	-1.424500177464856	0.19395706698816262	0
layer24_mean	rbf_svm	HPCLAS_TRAIN_N_000665	0	HPCLAS_TRAIN_N_000665	3	A_clean_core	-1.8478677958230063	0.13612343662169035	0
layer24_mean	rbf_svm	HPCLAS_TRAIN_N_000669	0	HPCLAS_TRAIN_N_000669	3	A_clean_core	-0.09458693181120595	0.47637088128297067	0
layer24_mean	rbf_svm	HPCLAS_TRAIN_N_000670	0	HPCLAS_TRAIN_N_000670	3	A_clean_core	-1.1295492249426562	0.2442442994387879	0
layer24_mean	rbf_svm	HPCLAS_TRAIN_N_000675	0	HPCLAS_TRAIN_N_000675	3	A_clean_core	-0.7522599943437823	0.32032905891052227	0
layer24_mean	rbf_svm	HPCLAS_TRAIN_N_000677	0	HPCLAS_TRAIN_N_000677	3	D_hard_sample	-0.6833446936374256	0.3355152109271938	0
layer24_mean	rbf_svm	HPCLAS_TRAIN_N_000678	0	HPCLAS_TRAIN_N_000678	3	D_hard_sample	0.2590417431473764	0.5644007164703956	1
layer24_mean	rbf_svm	HPCLAS_TRAIN_N_000681	0	HPCLAS_TRAIN_N_000681	3	A_clean_core	-1.1468788600643738	0.24105963367247077	0
layer24_mean	rbf_svm	HPCLAS_TRAIN_N_000682	0	HPCLAS_TRAIN_N_000682	3	D_hard_sample	0.692111867405645	0.6664365573915163	1
layer24_mean	rbf_svm	HPCLAS_TRAIN_N_000693	0	HPCLAS_TRAIN_N_000693	3	A_clean_core	-0.7084493591339812	0.32994156562844745	0
layer24_mean	rbf_svm	HPCLAS_TRAIN_N_000700	0	HPCLAS_TRAIN_N_000700	3	A_clean_core	-1.1028704194389898	0.2492024507028361	0
layer24_mean	rbf_svm	HPCLAS_TRAIN_N_000707	0	HPCLAS_TRAIN_N_000707	3	D_hard_sample	-0.979028176724349	0.2730846571926959	0
layer24_mean	rbf_svm	HPCLAS_TRAIN_N_000720	0	HPCLAS_TRAIN_N_000720	3	A_clean_core	-0.4667864622882961	0.38537712636061977	0
layer24_mean	rbf_svm	HPCLAS_TRAIN_N_000735	0	HPCLAS_TRAIN_N_000735	3	A_clean_core	-1.159932887135667	0.2386794801282218	0
layer24_mean	rbf_svm	HPCLAS_TRAIN_N_000743	0	HPCLAS_TRAIN_N_000743	3	A_clean_core	-0.9189392526540022	0.2851740781746773	0
layer24_mean	rbf_svm	HPCLAS_TRAIN_N_000744	0	HPCLAS_TRAIN_N_000744	3	A_clean_core	-0.18236527440886288	0.4545346154889188	0
layer24_mean	rbf_svm	HPCLAS_TRAIN_N_000750	0	HPCLAS_TRAIN_N_000750	3	A_clean_core	-0.390230673919287	0.40366177188678204	0
layer24_mean	rbf_svm	HPCLAS_TRAIN_N_000752	0	HPCLAS_TRAIN_N_000752	3	D_hard_sample	-0.8931636938042713	0.29045738381264846	0
layer24_mean	rbf_svm	HPCLAS_TRAIN_N_000754	0	HPCLAS_TRAIN_N_000754	3	A_clean_core	-1.1574980525830108	0.23912219924733732	0
layer24_mean	rbf_svm	HPCLAS_TRAIN_N_000758	0	HPCLAS_TRAIN_N_000758	3	D_hard_sample	-1.5106689798296593	0.18083967153808123	0
layer24_mean	rbf_svm	HPCLAS_TRAIN_N_000759	0	HPCLAS_TRAIN_N_000759	3	A_clean_core	-1.5941743352844595	0.16879740747877214	0
layer24_mean	rbf_svm	HPCLAS_TRAIN_N_000760	0	HPCLAS_TRAIN_N_000760	3	A_clean_core	0.28334467891357473	0.5703660250771448	1
layer24_mean	rbf_svm	HPCLAS_TRAIN_N_000767	0	HPCLAS_TRAIN_N_000767	3	A_clean_core	-0.8895513065521362	0.291202430688429	0
layer24_mean	rbf_svm	HPCLAS_TRAIN_N_000770	0	HPCLAS_TRAIN_N_000770	3	A_clean_core	0.08220781264057678	0.520540386588803	1
layer24_mean	rbf_svm	HPCLAS_TRAIN_N_000772	0	HPCLAS_TRAIN_N_000772	3	A_clean_core	-1.0341827685544425	0.2622739912110337	0
layer24_mean	rbf_svm	HPCLAS_TRAIN_N_000773	0	HPCLAS_TRAIN_N_000773	3	A_clean_core	-0.9509991085833455	0.27868393756588655	0
layer24_mean	rbf_svm	HPCLAS_TRAIN_N_000774	0	HPCLAS_TRAIN_N_000774	3	A_clean_core	-0.20450324278925583	0.4490516274315201	0
layer24_mean	rbf_svm	HPCLAS_TRAIN_N_000785	0	HPCLAS_TRAIN_N_000785	3	A_clean_core	-0.37709537767821366	0.4068276472292545	0
layer24_mean	rbf_svm	HPCLAS_TRAIN_N_000786	0	HPCLAS_TRAIN_N_000786	3	A_clean_core	0.21660026579659994	0.5539393477510862	1
layer24_mean	rbf_svm	HPCLAS_TRAIN_N_000788	0	HPCLAS_TRAIN_N_000788	3	D_hard_sample	0.5324457197199924	0.630053356394232	1
layer24_mean	rbf_svm	HPCLAS_TRAIN_N_000790	0	HPCLAS_TRAIN_N_000790	3	A_clean_core	-0.6111528189971241	0.35179626919239576	0
layer24_mean	rbf_svm	HPCLAS_TRAIN_N_000794	0	HPCLAS_TRAIN_N_000794	3	A_clean_core	-1.0933096196331658	0.25099556790301963	0
layer24_mean	rbf_svm	HPCLAS_TRAIN_N_000801	0	HPCLAS_TRAIN_N_000801	3	A_clean_core	-0.11528188145788956	0.4712114057331847	0
layer24_mean	rbf_svm	HPCLAS_TRAIN_N_000804	0	HPCLAS_TRAIN_N_000804	3	D_hard_sample	-0.34482068273047384	0.4146389529248373	0
layer24_mean	rbf_svm	HPCLAS_TRAIN_N_000813	0	HPCLAS_TRAIN_N_000813	3	D_hard_sample	0.31763096757199527	0.5787467925449679	1
layer24_mean	rbf_svm	HPCLAS_TRAIN_N_000815	0	HPCLAS_TRAIN_N_000815	3	A_clean_core	-1.1751960927082334	0.23591705066208582	0
layer24_mean	rbf_svm	HPCLAS_TRAIN_N_000816	0	HPCLAS_TRAIN_N_000816	3	A_clean_core	-1.537387258548593	0.17691541154581045	0
layer24_mean	rbf_svm	HPCLAS_TRAIN_N_000821	0	HPCLAS_TRAIN_N_000821	3	D_hard_sample	0.9444062003958761	0.7199888295213293	1
layer24_mean	rbf_svm	HPCLAS_TRAIN_N_000823	0	HPCLAS_TRAIN_N_000823	3	A_clean_core	-0.9814786646786705	0.27259848281468585	0
layer24_mean	rbf_svm	HPCLAS_TRAIN_N_000831	0	HPCLAS_TRAIN_N_000831	3	D_hard_sample	-0.9129436896861461	0.2863978451752213	0
layer24_mean	rbf_svm	HPCLAS_TRAIN_N_000839	0	HPCLAS_TRAIN_N_000839	3	A_clean_core	0.21175675078655823	0.5527422505704129	1
layer24_mean	rbf_svm	HPCLAS_TRAIN_N_000840	0	HPCLAS_TRAIN_N_000840	3	D_hard_sample	-0.34235130854982565	0.41523842941243827	0
layer24_mean	rbf_svm	HPCLAS_TRAIN_N_000855	0	HPCLAS_TRAIN_N_000855	3	D_hard_sample	-0.6037527490437654	0.3534855939889282	0
layer24_mean	rbf_svm	HPCLAS_TRAIN_N_000856	0	HPCLAS_TRAIN_N_000856	3	B_ambiguous	-0.27548405457413006	0.43156126619056306	0
layer24_mean	rbf_svm	HPCLAS_TRAIN_N_000865	0	HPCLAS_TRAIN_N_000865	3	A_clean_core	-1.150118957971717	0.2404673555623049	0
layer24_mean	rbf_svm	HPCLAS_TRAIN_N_000873	0	HPCLAS_TRAIN_N_000873	3	A_clean_core	-0.04755070715243678	0.48811456261108105	0
layer24_mean	rbf_svm	HPCLAS_TRAIN_N_000883	0	HPCLAS_TRAIN_N_000883	3	A_clean_core	-1.1891063596906928	0.23341880072648485	0
layer24_mean	rbf_svm	HPCLAS_TRAIN_N_000886	0	HPCLAS_TRAIN_N_000886	3	A_clean_core	-1.235108268973239	0.2252886099437213	0
layer24_mean	rbf_svm	HPCLAS_TRAIN_N_000895	0	HPCLAS_TRAIN_N_000895	3	D_hard_sample	0.1833374453898808	0.5457064070083372	1
layer24_mean	rbf_svm	HPCLAS_TRAIN_N_000902	0	HPCLAS_TRAIN_N_000902	3	A_clean_core	-1.1859209516983644	0.2339892639366426	0
layer24_mean	rbf_svm	HPCLAS_TRAIN_N_000912	0	HPCLAS_TRAIN_N_000912	3	D_hard_sample	-0.15488626148942292	0.4613556594414806	0
layer24_mean	rbf_svm	HPCLAS_TRAIN_N_000919	0	HPCLAS_TRAIN_N_000919	3	A_clean_core	0.22827130153426786	0.5568213033676341	1
layer24_mean	rbf_svm	HPCLAS_TRAIN_N_000924	0	HPCLAS_TRAIN_N_000924	3	A_clean_core	-1.440305184939199	0.19149809337429893	0
layer24_mean	rbf_svm	HPCLAS_TRAIN_N_000935	0	HPCLAS_TRAIN_N_000935	3	A_clean_core	-0.9090890866143636	0.28718627446211153	0
layer24_mean	rbf_svm	HPCLAS_TRAIN_N_000936	0	HPCLAS_TRAIN_N_000936	3	A_clean_core	-1.2096306625415294	0.229766407485121	0
layer24_mean	rbf_svm	HPCLAS_TRAIN_N_000937	0	HPCLAS_TRAIN_N_000937	3	A_clean_core	-0.3166954029689875	0.42148131390462185	0
layer24_mean	rbf_svm	HPCLAS_TRAIN_N_000961	0	HPCLAS_TRAIN_N_000961	3	B_ambiguous	0.44906219703054717	0.6104162397695605	1
layer24_mean	rbf_svm	HPCLAS_TRAIN_N_000964	0	HPCLAS_TRAIN_N_000964	3	A_clean_core	-1.509812180137913	0.18096662971366737	0
layer24_mean	rbf_svm	HPCLAS_TRAIN_N_000971	0	HPCLAS_TRAIN_N_000971	3	A_clean_core	0.2065833067122476	0.5514629345343515	1
layer24_mean	rbf_svm	HPCLAS_TRAIN_N_000976	0	HPCLAS_TRAIN_N_000976	3	A_clean_core	0.8903610977211728	0.7089646848384724	1
layer24_mean	rbf_svm	HPCLAS_TRAIN_N_000977	0	HPCLAS_TRAIN_N_000977	3	A_clean_core	-1.8861885820378466	0.1316796559900313	0
layer24_mean	rbf_svm	HPCLAS_TRAIN_N_000978	0	HPCLAS_TRAIN_N_000978	3	A_clean_core	-0.9268586462105967	0.2835624614494363	0
layer24_mean	rbf_svm	HPCLAS_TRAIN_N_000981	0	HPCLAS_TRAIN_N_000981	3	A_clean_core	-1.1346151953428434	0.24331038893823068	0
layer24_mean	rbf_svm	HPCLAS_TRAIN_N_000982	0	HPCLAS_TRAIN_N_000982	3	A_clean_core	0.810802700892273	0.6922805286140067	1
layer24_mean	rbf_svm	HPCLAS_TRAIN_N_000985	0	HPCLAS_TRAIN_N_000985	3	A_clean_core	-0.0887296156256828	0.47783213804813834	0
layer24_mean	rbf_svm	HPCLAS_TRAIN_N_000988	0	HPCLAS_TRAIN_P_005828	3	B_ambiguous	0.07344978865516469	0.5183541963614627	1
layer24_mean	rbf_svm	HPCLAS_TRAIN_N_001002	0	HPCLAS_TRAIN_N_001002	3	A_clean_core	-0.2891733555974856	0.4282062553384918	0
layer24_mean	rbf_svm	HPCLAS_TRAIN_N_001007	0	HPCLAS_TRAIN_N_001007	3	A_clean_core	-0.6719860142967896	0.33805228170821067	0
layer24_mean	rbf_svm	HPCLAS_TRAIN_N_001010	0	HPCLAS_TRAIN_N_001010	3	A_clean_core	0.0747653717391428	0.5186826409652513	1
layer24_mean	rbf_svm	HPCLAS_TRAIN_N_001013	0	HPCLAS_TRAIN_N_001013	3	A_clean_core	0.2058802250384115	0.551289019895515	1
layer24_mean	rbf_svm	HPCLAS_TRAIN_N_001017	0	HPCLAS_TRAIN_N_001017	3	A_clean_core	-1.0953326102933916	0.2506154437579981	0
layer24_mean	rbf_svm	HPCLAS_TRAIN_N_001020	0	HPCLAS_TRAIN_N_001020	3	A_clean_core	-0.8187001178660996	0.30603965843615366	0
layer24_mean	rbf_svm	HPCLAS_TRAIN_N_001030	0	HPCLAS_TRAIN_N_001030	3	A_clean_core	-1.5444160775272249	0.17589422381307138	0
layer24_mean	rbf_svm	HPCLAS_TRAIN_N_001032	0	HPCLAS_TRAIN_N_001032	3	B_ambiguous	0.984924351417965	0.7280842218008748	1
layer24_mean	rbf_svm	HPCLAS_TRAIN_N_001036	0	HPCLAS_TRAIN_N_001036	3	D_hard_sample	0.750004615190439	0.6791797048014533	1
layer24_mean	rbf_svm	HPCLAS_TRAIN_N_001038	0	HPCLAS_TRAIN_N_001038	3	A_clean_core	-1.285872307438331	0.21655228501363585	0
layer24_mean	rbf_svm	HPCLAS_TRAIN_N_001039	0	HPCLAS_TRAIN_N_001039	3	D_hard_sample	-1.4351227778259785	0.19230175078539274	0
layer24_mean	rbf_svm	HPCLAS_TRAIN_N_001051	0	HPCLAS_TRAIN_N_001051	3	A_clean_core	-0.6594899526196892	0.3408541959228101	0
layer24_mean	rbf_svm	HPCLAS_TRAIN_N_001052	0	HPCLAS_TRAIN_N_001052	3	A_clean_core	-0.7517903567217231	0.32043131626669014	0
layer24_mean	rbf_svm	HPCLAS_TRAIN_N_001069	0	HPCLAS_TRAIN_N_001069	3	A_clean_core	-0.3122396149272827	0.4225681686132451	0
layer24_mean	rbf_svm	HPCLAS_TRAIN_N_001078	0	HPCLAS_TRAIN_N_001078	3	D_hard_sample	-0.6909840959031738	0.333814191981451	0
layer24_mean	rbf_svm	HPCLAS_TRAIN_N_001081	0	HPCLAS_TRAIN_N_001081	3	A_clean_core	-0.21639521683605525	0.4461113184688896	0
layer24_mean	rbf_svm	HPCLAS_TRAIN_N_001084	0	HPCLAS_TRAIN_N_001084	3	A_clean_core	-0.9825236776496069	0.27239131795696575	0
layer24_mean	rbf_svm	HPCLAS_TRAIN_N_001087	0	HPCLAS_TRAIN_N_001087	3	A_clean_core	-0.7931810640219866	0.31148604173488303	0
layer24_mean	rbf_svm	HPCLAS_TRAIN_N_001088	0	HPCLAS_TRAIN_N_001088	3	D_hard_sample	1.044828211580243	0.73978053785173	1
layer24_mean	rbf_svm	HPCLAS_TRAIN_N_001094	0	HPCLAS_TRAIN_N_001094	3	B_ambiguous	0.6425979449499534	0.6553404932708119	1
layer24_mean	rbf_svm	HPCLAS_TRAIN_N_001096	0	HPCLAS_TRAIN_N_001096	3	A_clean_core	-0.943333995940828	0.2802273831445881	0
layer24_mean	rbf_svm	HPCLAS_TRAIN_N_001108	0	HPCLAS_TRAIN_N_001108	3	A_clean_core	-0.8863992759027431	0.2918534490029341	0
layer24_mean	rbf_svm	HPCLAS_TRAIN_N_001109	0	HPCLAS_TRAIN_P_001050	3	B_ambiguous	-0.11201462528084885	0.4720255877879962	0
layer24_mean	rbf_svm	HPCLAS_TRAIN_N_001126	0	HPCLAS_TRAIN_N_001126	3	A_clean_core	-0.7932158339608131	0.31147858493618796	0
layer24_mean	rbf_svm	HPCLAS_TRAIN_N_001138	0	HPCLAS_TRAIN_N_001138	3	D_hard_sample	-0.5864646337994156	0.3574464419832454	0
layer24_mean	rbf_svm	HPCLAS_TRAIN_N_001145	0	HPCLAS_TRAIN_N_001145	3	A_clean_core	0.04825095479784022	0.5120603989174409	1
layer24_mean	rbf_svm	HPCLAS_TRAIN_N_001150	0	HPCLAS_TRAIN_N_001150	3	D_hard_sample	0.3502535856868123	0.5866790714347857	1
layer24_mean	rbf_svm	HPCLAS_TRAIN_N_001152	0	HPCLAS_TRAIN_N_001152	3	D_hard_sample	0.7660779971331005	0.6826718757473383	1
layer24_mean	rbf_svm	HPCLAS_TRAIN_N_001160	0	HPCLAS_TRAIN_N_001160	3	A_clean_core	-1.0418757353249504	0.2607882317019987	0
layer24_mean	rbf_svm	HPCLAS_TRAIN_N_001162	0	HPCLAS_TRAIN_N_001162	3	D_hard_sample	-0.40367918578524664	0.4004286978056534	0
layer24_mean	rbf_svm	HPCLAS_TRAIN_N_001163	0	HPCLAS_TRAIN_N_001163	3	A_clean_core	-2.374944731972395	0.085103348119436	0
layer24_mean	rbf_svm	HPCLAS_TRAIN_N_001166	0	HPCLAS_TRAIN_N_001166	3	A_clean_core	-0.5118107716607498	0.3747691344104311	0
layer24_mean	rbf_svm	HPCLAS_TRAIN_N_001168	0	HPCLAS_TRAIN_N_001168	3	D_hard_sample	-1.0881048713336652	0.2519753114318136	0
layer24_mean	rbf_svm	HPCLAS_TRAIN_N_001169	0	HPCLAS_TRAIN_N_001169	3	A_clean_core	-0.4968528672821516	0.3782805412026557	0
layer24_mean	rbf_svm	HPCLAS_TRAIN_N_001174	0	HPCLAS_TRAIN_N_001174	3	A_clean_core	-0.7322829070237814	0.3246939592414333	0
layer24_mean	rbf_svm	HPCLAS_TRAIN_N_001181	0	HPCLAS_TRAIN_N_001181	3	A_clean_core	-1.41465698356187	0.19550056674957378	0
layer24_mean	rbf_svm	HPCLAS_TRAIN_N_001185	0	HPCLAS_TRAIN_N_001185	3	A_clean_core	-0.5416731731923229	0.3677984454489473	0
layer24_mean	rbf_svm	HPCLAS_TRAIN_N_001208	0	HPCLAS_TRAIN_N_001208	3	D_hard_sample	-0.10087035615057574	0.47480377128302087	0
layer24_mean	rbf_svm	HPCLAS_TRAIN_N_001218	0	HPCLAS_TRAIN_N_001218	3	D_hard_sample	-0.7954582097805022	0.3109978891530555	0
layer24_mean	rbf_svm	HPCLAS_TRAIN_N_001225	0	HPCLAS_TRAIN_N_001225	3	D_hard_sample	0.26673120744403833	0.5662902458398179	1
layer24_mean	rbf_svm	HPCLAS_TRAIN_N_001230	0	HPCLAS_TRAIN_N_001230	3	A_clean_core	0.9772996884205644	0.7265720870377064	1
layer24_mean	rbf_svm	HPCLAS_TRAIN_N_001243	0	HPCLAS_TRAIN_N_001243	3	A_clean_core	-0.8353522735083675	0.3025145509002927	0
layer24_mean	rbf_svm	HPCLAS_TRAIN_N_001247	0	HPCLAS_TRAIN_N_001247	3	A_clean_core	-0.7250289987760573	0.3262865258971799	0
layer24_mean	rbf_svm	HPCLAS_TRAIN_N_001251	0	HPCLAS_TRAIN_N_001251	3	A_clean_core	-1.0560508899186731	0.25806485777001	0
layer24_mean	rbf_svm	HPCLAS_TRAIN_N_001254	0	HPCLAS_TRAIN_N_001254	3	A_clean_core	-1.9579812937589616	0.12368568399436827	0
layer24_mean	rbf_svm	HPCLAS_TRAIN_N_001260	0	HPCLAS_TRAIN_N_001260	3	A_clean_core	0.8140644061202208	0.6929749276855356	1
layer24_mean	rbf_svm	HPCLAS_TRAIN_N_001287	0	HPCLAS_TRAIN_N_001287	3	A_clean_core	-0.9465346029557579	0.27958227504312877	0
layer24_mean	rbf_svm	HPCLAS_TRAIN_N_001301	0	HPCLAS_TRAIN_N_001301	3	A_clean_core	0.06368876878023674	0.515916812332288	1
layer24_mean	rbf_svm	HPCLAS_TRAIN_N_001313	0	HPCLAS_TRAIN_N_001313	3	A_clean_core	-0.1387569022550541	0.4653663248380583	0
layer24_mean	rbf_svm	HPCLAS_TRAIN_N_001321	0	HPCLAS_TRAIN_N_001321	3	A_clean_core	0.035515814923447825	0.5088780205424485	1
layer24_mean	rbf_svm	HPCLAS_TRAIN_N_001327	0	HPCLAS_TRAIN_N_001327	3	A_clean_core	-1.060235451183838	0.2572644622413364	0
layer24_mean	rbf_svm	HPCLAS_TRAIN_N_001330	0	HPCLAS_TRAIN_N_001330	3	A_clean_core	-1.059637951167581	0.2573786487786103	0
layer24_mean	rbf_svm	HPCLAS_TRAIN_N_001333	0	HPCLAS_TRAIN_N_001333	3	A_clean_core	-0.3077605759637503	0.4236614507762316	0
layer24_mean	rbf_svm	HPCLAS_TRAIN_N_001335	0	HPCLAS_TRAIN_N_001335	3	A_clean_core	0.06476348188187328	0.5161852137174882	1
layer24_mean	rbf_svm	HPCLAS_TRAIN_N_001354	0	HPCLAS_TRAIN_N_001354	3	A_clean_core	-0.8351123126083189	0.3025651849288394	0
layer24_mean	rbf_svm	HPCLAS_TRAIN_N_001356	0	HPCLAS_TRAIN_N_001356	3	A_clean_core	-1.270652597628982	0.2191455586030112	0
layer24_mean	rbf_svm	HPCLAS_TRAIN_N_001359	0	HPCLAS_TRAIN_N_001359	3	A_clean_core	-1.0246770252223207	0.26411737447014716	0
layer24_mean	rbf_svm	HPCLAS_TRAIN_N_001367	0	HPCLAS_TRAIN_P_005154	3	B_ambiguous	-0.3758007677478926	0.40714009873482343	0
layer24_mean	rbf_svm	HPCLAS_TRAIN_N_001382	0	HPCLAS_TRAIN_N_001382	3	A_clean_core	-0.9985847306921354	0.26921977118141455	0
layer24_mean	rbf_svm	HPCLAS_TRAIN_N_001389	0	HPCLAS_TRAIN_N_001389	3	D_hard_sample	-0.01464401791908096	0.4963390609431919	0
layer24_mean	rbf_svm	HPCLAS_TRAIN_N_001430	0	HPCLAS_TRAIN_N_001430	3	A_clean_core	-0.8688697619899328	0.2954895354325432	0
layer24_mean	rbf_svm	HPCLAS_TRAIN_N_001441	0	HPCLAS_TRAIN_N_001441	3	A_clean_core	-1.349208068917294	0.20599987299916817	0
layer24_mean	rbf_svm	HPCLAS_TRAIN_N_001449	0	HPCLAS_TRAIN_N_001449	3	D_hard_sample	0.18106873347385757	0.5451439104535049	1
layer24_mean	rbf_svm	HPCLAS_TRAIN_N_001451	0	HPCLAS_TRAIN_N_001451	3	D_hard_sample	0.02395983685712319	0.5059896726741852	1
layer24_mean	rbf_svm	HPCLAS_TRAIN_N_001452	0	HPCLAS_TRAIN_N_001452	3	A_clean_core	-0.6576468287047265	0.3412684167731993	0
layer24_mean	rbf_svm	HPCLAS_TRAIN_N_001455	0	HPCLAS_TRAIN_N_001455	3	A_clean_core	-0.4337919923377097	0.39322120328036503	0
layer24_mean	rbf_svm	HPCLAS_TRAIN_N_001460	0	HPCLAS_TRAIN_N_001460	3	A_clean_core	-1.4914289708479733	0.1837073435844839	0
layer24_mean	rbf_svm	HPCLAS_TRAIN_N_001467	0	HPCLAS_TRAIN_N_001467	3	A_clean_core	-0.4890711155345421	0.3801124134990461	0
layer24_mean	rbf_svm	HPCLAS_TRAIN_N_001470	0	HPCLAS_TRAIN_N_001470	3	A_clean_core	-1.7853382706287984	0.14364521664353427	0
layer24_mean	rbf_svm	HPCLAS_TRAIN_N_001472	0	HPCLAS_TRAIN_N_001472	3	A_clean_core	-0.10683120276630034	0.47331757148642994	0
layer24_mean	rbf_svm	HPCLAS_TRAIN_N_001474	0	HPCLAS_TRAIN_N_001474	3	A_clean_core	-0.5459504181840391	0.36680445226268105	0
layer24_mean	rbf_svm	HPCLAS_TRAIN_N_001481	0	HPCLAS_TRAIN_P_001050	3	B_ambiguous	-0.17200129459946664	0.4571053753834813	0
layer24_mean	rbf_svm	HPCLAS_TRAIN_N_001487	0	HPCLAS_TRAIN_N_001487	3	D_hard_sample	-0.5257330994441254	0.37151262346942915	0
layer24_mean	rbf_svm	HPCLAS_TRAIN_N_001493	0	HPCLAS_TRAIN_N_001493	3	D_hard_sample	-0.3773517994277624	0.4067657692901569	0
layer24_mean	rbf_svm	HPCLAS_TRAIN_N_001496	0	HPCLAS_TRAIN_N_001496	3	D_hard_sample	0.48651250373378374	0.6192845239057077	1
layer24_mean	rbf_svm	HPCLAS_TRAIN_N_001497	0	HPCLAS_TRAIN_N_001497	3	D_hard_sample	-1.150894557824585	0.2403257263446165	0
layer24_mean	rbf_svm	HPCLAS_TRAIN_N_001502	0	HPCLAS_TRAIN_N_001502	3	D_hard_sample	-0.07442445765618175	0.481402469103728	0
layer24_mean	rbf_svm	HPCLAS_TRAIN_N_001503	0	HPCLAS_TRAIN_N_001503	3	A_clean_core	-0.26808335232476643	0.4333776896158646	0
layer24_mean	rbf_svm	HPCLAS_TRAIN_N_001514	0	HPCLAS_TRAIN_N_001514	3	B_ambiguous	-0.7063675974753283	0.33040196458896876	0
layer24_mean	rbf_svm	HPCLAS_TRAIN_N_001516	0	HPCLAS_TRAIN_N_001516	3	A_clean_core	-1.3293287178308542	0.2092704248334089	0
layer24_mean	rbf_svm	HPCLAS_TRAIN_N_001569	0	HPCLAS_TRAIN_N_001569	3	A_clean_core	-0.8436298196280856	0.30077085319931735	0
layer24_mean	rbf_svm	HPCLAS_TRAIN_N_001572	0	HPCLAS_TRAIN_N_001572	3	A_clean_core	-1.458150706717057	0.18875033276380865	0
layer24_mean	rbf_svm	HPCLAS_TRAIN_N_001581	0	HPCLAS_TRAIN_N_001581	3	A_clean_core	-0.3728039471235439	0.4078636632379934	0
layer24_mean	rbf_svm	HPCLAS_TRAIN_N_001583	0	HPCLAS_TRAIN_N_001583	3	A_clean_core	-0.8234987121669611	0.30502148553028313	0
layer24_mean	rbf_svm	HPCLAS_TRAIN_N_001591	0	HPCLAS_TRAIN_N_001591	3	A_clean_core	-1.4658529182018396	0.18757376847619975	0
layer24_mean	rbf_svm	HPCLAS_TRAIN_N_001592	0	HPCLAS_TRAIN_N_001592	3	D_hard_sample	-0.24187900114162422	0.43982335252473587	0
layer24_mean	rbf_svm	HPCLAS_TRAIN_N_001594	0	HPCLAS_TRAIN_N_001594	3	A_clean_core	-1.8911756508790465	0.13111048058258434	0
layer24_mean	rbf_svm	HPCLAS_TRAIN_N_001598	0	HPCLAS_TRAIN_N_001598	3	B_ambiguous	0.5580747562123077	0.6360069590996075	1
layer24_mean	rbf_svm	HPCLAS_TRAIN_N_001604	0	HPCLAS_TRAIN_N_001604	3	A_clean_core	-0.9461392512266295	0.27966191215623165	0
layer24_mean	rbf_svm	HPCLAS_TRAIN_N_001606	0	HPCLAS_TRAIN_N_001606	3	A_clean_core	0.29633860282494817	0.5735472148132508	1
layer24_mean	rbf_svm	HPCLAS_TRAIN_N_001609	0	HPCLAS_TRAIN_N_001609	3	A_clean_core	-0.7526558078826884	0.3202428891679539	0
layer24_mean	rbf_svm	HPCLAS_TRAIN_N_001627	0	HPCLAS_TRAIN_N_001627	3	A_clean_core	-0.8945730057777116	0.2901670218367424	0
layer24_mean	rbf_svm	HPCLAS_TRAIN_N_001629	0	HPCLAS_TRAIN_N_001629	3	D_hard_sample	0.2837558464501512	0.5704667781991742	1
layer24_mean	rbf_svm	HPCLAS_TRAIN_N_001630	0	HPCLAS_TRAIN_N_001630	3	D_hard_sample	0.23310879617128896	0.5580147280317249	1
layer24_mean	rbf_svm	HPCLAS_TRAIN_N_001632	0	HPCLAS_TRAIN_N_001632	3	D_hard_sample	-0.9922295497576753	0.270471924823907	0
layer24_mean	rbf_svm	HPCLAS_TRAIN_N_001633	0	HPCLAS_TRAIN_N_001633	3	A_clean_core	-0.9352527744233933	0.28186025664735326	0
layer24_mean	rbf_svm	HPCLAS_TRAIN_N_001638	0	HPCLAS_TRAIN_N_001638	3	A_clean_core	-0.011398109328930622	0.49715050351751205	0
layer24_mean	rbf_svm	HPCLAS_TRAIN_N_001646	0	HPCLAS_TRAIN_N_001646	3	A_clean_core	-0.6566639493451384	0.3414894067241027	0
layer24_mean	rbf_svm	HPCLAS_TRAIN_N_001649	0	HPCLAS_TRAIN_N_001649	3	A_clean_core	-1.2447943631296454	0.22360256011437413	0
layer24_mean	rbf_svm	HPCLAS_TRAIN_N_001658	0	HPCLAS_TRAIN_N_001658	3	D_hard_sample	-0.24069372984083423	0.44011539900745855	0
layer24_mean	rbf_svm	HPCLAS_TRAIN_N_001672	0	HPCLAS_TRAIN_N_001672	3	A_clean_core	-0.8861305455088242	0.2919089919671519	0
layer24_mean	rbf_svm	HPCLAS_TRAIN_N_001677	0	HPCLAS_TRAIN_N_001677	3	A_clean_core	0.9923256043051086	0.729547027940171	1
layer24_mean	rbf_svm	HPCLAS_TRAIN_N_001690	0	HPCLAS_TRAIN_N_001690	3	A_clean_core	0.12358976181511025	0.530858172035666	1
layer24_mean	rbf_svm	HPCLAS_TRAIN_N_001701	0	HPCLAS_TRAIN_N_001701	3	A_clean_core	-0.9147941180862899	0.2860198150266891	0
layer24_mean	rbf_svm	HPCLAS_TRAIN_N_001732	0	HPCLAS_TRAIN_N_001732	3	A_clean_core	-0.9390124112117285	0.28109987407528136	0
layer24_mean	rbf_svm	HPCLAS_TRAIN_N_001735	0	HPCLAS_TRAIN_N_001735	3	A_clean_core	-1.2354302791155876	0.22523241330917204	0
layer24_mean	rbf_svm	HPCLAS_TRAIN_N_001738	0	HPCLAS_TRAIN_N_001738	3	D_hard_sample	0.7096654604895336	0.6703272345927501	1
layer24_mean	rbf_svm	HPCLAS_TRAIN_N_001751	0	HPCLAS_TRAIN_N_001751	3	D_hard_sample	-0.8680992146159934	0.29564996976828667	0
layer24_mean	rbf_svm	HPCLAS_TRAIN_N_001757	0	HPCLAS_TRAIN_N_001757	3	A_clean_core	-0.5595541934702228	0.36365061702075113	0
layer24_mean	rbf_svm	HPCLAS_TRAIN_N_001760	0	HPCLAS_TRAIN_N_001760	3	A_clean_core	-1.2107800205335288	0.22956306440717872	0
layer24_mean	rbf_svm	HPCLAS_TRAIN_N_001767	0	HPCLAS_TRAIN_N_001767	3	D_hard_sample	-0.3037492375995957	0.42464120770288627	0
layer24_mean	rbf_svm	HPCLAS_TRAIN_N_001771	0	HPCLAS_TRAIN_N_001771	3	A_clean_core	-0.5865154370420961	0.3574347736560368	0
layer24_mean	rbf_svm	HPCLAS_TRAIN_N_001773	0	HPCLAS_TRAIN_N_001773	3	A_clean_core	-0.16263895906872874	0.4594296494846662	0
layer24_mean	rbf_svm	HPCLAS_TRAIN_N_001775	0	HPCLAS_TRAIN_N_001775	3	D_hard_sample	-1.5280505251515224	0.17827909629496277	0
layer24_mean	rbf_svm	HPCLAS_TRAIN_N_001778	0	HPCLAS_TRAIN_N_001778	3	A_clean_core	-1.7203024609441315	0.1518322088795815	0
layer24_mean	rbf_svm	HPCLAS_TRAIN_N_001780	0	HPCLAS_TRAIN_N_001780	3	A_clean_core	-1.1539207794829898	0.23977366550907334	0
layer24_mean	rbf_svm	HPCLAS_TRAIN_N_001791	0	HPCLAS_TRAIN_N_001791	3	A_clean_core	-0.21957837255381943	0.4453249089534291	0
layer24_mean	rbf_svm	HPCLAS_TRAIN_N_001796	0	HPCLAS_TRAIN_N_001796	3	A_clean_core	-1.4583100353481282	0.18872593699298454	0
layer24_mean	rbf_svm	HPCLAS_TRAIN_N_001797	0	HPCLAS_TRAIN_N_001797	3	A_clean_core	-1.391103031691206	0.199231722507027	0
layer24_mean	rbf_svm	HPCLAS_TRAIN_N_001804	0	HPCLAS_TRAIN_N_001804	3	A_clean_core	-0.8630612077861348	0.296700168652884	0
layer24_mean	rbf_svm	HPCLAS_TRAIN_N_001814	0	HPCLAS_TRAIN_N_001814	3	A_clean_core	-0.9080833286654856	0.28739220755225453	0
layer24_mean	rbf_svm	HPCLAS_TRAIN_N_001819	0	HPCLAS_TRAIN_N_001819	3	A_clean_core	-1.4864926633877593	0.1844487431500899	0
layer24_mean	rbf_svm	HPCLAS_TRAIN_N_001820	0	HPCLAS_TRAIN_N_001820	3	B_ambiguous	0.7592120205052864	0.6811826304699032	1
layer24_mean	rbf_svm	HPCLAS_TRAIN_N_001829	0	HPCLAS_TRAIN_N_001829	3	A_clean_core	-1.3111045053953074	0.2123020790958927	0
layer24_mean	rbf_svm	HPCLAS_TRAIN_N_001834	0	HPCLAS_TRAIN_N_001834	3	D_hard_sample	1.2883445608220148	0.7838668571207	1
layer24_mean	rbf_svm	HPCLAS_TRAIN_N_001836	0	HPCLAS_TRAIN_N_001836	3	A_clean_core	-1.1573707854117916	0.23914535535816925	0
layer24_mean	rbf_svm	HPCLAS_TRAIN_N_001838	0	HPCLAS_TRAIN_N_001838	3	A_clean_core	0.6499774592175954	0.6570053831417214	1
layer24_mean	rbf_svm	HPCLAS_TRAIN_N_001839	0	HPCLAS_TRAIN_N_001839	3	A_clean_core	-2.0341289216823775	0.11566591510939513	0
layer24_mean	rbf_svm	HPCLAS_TRAIN_N_001846	0	HPCLAS_TRAIN_N_001846	3	A_clean_core	-1.4508391779564576	0.18987244930952804	0
layer24_mean	rbf_svm	HPCLAS_TRAIN_N_001847	0	HPCLAS_TRAIN_N_001847	3	A_clean_core	-0.8251338094545122	0.3046749826278333	0
layer24_mean	rbf_svm	HPCLAS_TRAIN_N_001853	0	HPCLAS_TRAIN_N_001853	3	A_clean_core	-1.037317417571135	0.26166793155513773	0
layer24_mean	rbf_svm	HPCLAS_TRAIN_N_001862	0	HPCLAS_TRAIN_N_001862	3	A_clean_core	-0.4768806697906467	0.38298897968107315	0
layer24_mean	rbf_svm	HPCLAS_TRAIN_N_001868	0	HPCLAS_TRAIN_N_001868	3	A_clean_core	-0.9405908740288361	0.2807810042362433	0
layer24_mean	rbf_svm	HPCLAS_TRAIN_N_001870	0	HPCLAS_TRAIN_N_001870	3	D_hard_sample	0.9426901670847233	0.7196427382043269	1
layer24_mean	rbf_svm	HPCLAS_TRAIN_N_001874	0	HPCLAS_TRAIN_N_001874	3	A_clean_core	-0.9010835167947958	0.28882788524429415	0
layer24_mean	rbf_svm	HPCLAS_TRAIN_N_001878	0	HPCLAS_TRAIN_N_001878	3	A_clean_core	-1.4897530769513623	0.18395879210994984	0
layer24_mean	rbf_svm	HPCLAS_TRAIN_N_001883	0	HPCLAS_TRAIN_N_001883	3	A_clean_core	-1.1730228358571222	0.23630902717665606	0
layer24_mean	rbf_svm	HPCLAS_TRAIN_N_001887	0	HPCLAS_TRAIN_N_001887	3	A_clean_core	-0.9472961542321585	0.2794289121618545	0
layer24_mean	rbf_svm	HPCLAS_TRAIN_N_001889	0	HPCLAS_TRAIN_N_001889	3	A_clean_core	-0.4842838753832015	0.38124106198478713	0
layer24_mean	rbf_svm	HPCLAS_TRAIN_N_001899	0	HPCLAS_TRAIN_N_001899	3	A_clean_core	-1.1873373021770608	0.23373549535460827	0
layer24_mean	rbf_svm	HPCLAS_TRAIN_N_001905	0	HPCLAS_TRAIN_N_001905	3	A_clean_core	-1.072723466790301	0.25488550120485304	0
layer24_mean	rbf_svm	HPCLAS_TRAIN_N_001906	0	HPCLAS_TRAIN_N_001906	3	A_clean_core	-0.46145374583055276	0.38664101165261516	0
layer24_mean	rbf_svm	HPCLAS_TRAIN_N_001907	0	HPCLAS_TRAIN_N_001907	3	A_clean_core	-1.1652228607041217	0.23771955985356624	0
layer24_mean	rbf_svm	HPCLAS_TRAIN_N_001912	0	HPCLAS_TRAIN_N_001912	3	A_clean_core	0.6406887757312597	0.6549091427011587	1
layer24_mean	rbf_svm	HPCLAS_TRAIN_N_001921	0	HPCLAS_TRAIN_N_001921	3	B_ambiguous	-1.0374598863769133	0.26164040782632114	0
layer24_mean	rbf_svm	HPCLAS_TRAIN_N_001925	0	HPCLAS_TRAIN_N_001925	3	A_clean_core	-0.9517063941653555	0.2785417818417415	0
layer24_mean	rbf_svm	HPCLAS_TRAIN_N_001926	0	HPCLAS_TRAIN_N_001926	3	D_hard_sample	-1.1117401801910636	0.24754660754197666	0
layer24_mean	rbf_svm	HPCLAS_TRAIN_N_001933	0	HPCLAS_TRAIN_N_001933	3	D_hard_sample	0.40639679046205335	0.6002235829179343	1
layer24_mean	rbf_svm	HPCLAS_TRAIN_N_001940	0	HPCLAS_TRAIN_N_001940	3	D_hard_sample	-0.9973181431859593	0.2694690330496812	0
layer24_mean	rbf_svm	HPCLAS_TRAIN_N_001943	0	HPCLAS_TRAIN_N_001943	3	A_clean_core	-1.0575157482773023	0.2577844845824192	0
layer24_mean	rbf_svm	HPCLAS_TRAIN_N_001949	0	HPCLAS_TRAIN_N_001949	3	A_clean_core	-0.4230435392364269	0.3957886877965361	0
layer24_mean	rbf_svm	HPCLAS_TRAIN_N_001950	0	HPCLAS_TRAIN_N_001950	3	A_clean_core	-1.4497139688170626	0.1900455903953897	0
layer24_mean	rbf_svm	HPCLAS_TRAIN_N_001952	0	HPCLAS_TRAIN_N_001952	3	D_hard_sample	-0.996126559678899	0.2697036672104261	0
layer24_mean	rbf_svm	HPCLAS_TRAIN_N_001973	0	HPCLAS_TRAIN_N_001973	3	A_clean_core	-0.9967733697974289	0.269576288140116	0
layer24_mean	rbf_svm	HPCLAS_TRAIN_N_001982	0	HPCLAS_TRAIN_N_001982	3	D_hard_sample	-1.3043166977876506	0.21343942020239154	0
layer24_mean	rbf_svm	HPCLAS_TRAIN_N_001984	0	HPCLAS_TRAIN_N_001984	3	A_clean_core	-0.5037511078395693	0.37665955031311243	0
layer24_mean	rbf_svm	HPCLAS_TRAIN_N_001987	0	HPCLAS_TRAIN_N_001987	3	D_hard_sample	-0.9762393578000331	0.2736386142392011	0
layer24_mean	rbf_svm	HPCLAS_TRAIN_N_001990	0	HPCLAS_TRAIN_N_001990	3	A_clean_core	-1.4115141367182817	0.19599534709526814	0
layer24_mean	rbf_svm	HPCLAS_TRAIN_N_001991	0	HPCLAS_TRAIN_N_001991	3	A_clean_core	0.6294106339482123	0.6523558132224173	1
layer24_mean	rbf_svm	HPCLAS_TRAIN_N_001995	0	HPCLAS_TRAIN_P_001440	3	B_ambiguous	0.5831093785335638	0.6417825600291043	1
layer24_mean	rbf_svm	HPCLAS_TRAIN_N_001996	0	HPCLAS_TRAIN_N_001996	3	A_clean_core	-0.6381965053365243	0.3456543355308714	0
layer24_mean	rbf_svm	HPCLAS_TRAIN_N_001997	0	HPCLAS_TRAIN_N_001997	3	A_clean_core	-0.9570786826111667	0.2774634723594838	0
layer24_mean	rbf_svm	HPCLAS_TRAIN_N_002003	0	HPCLAS_TRAIN_N_002003	3	A_clean_core	0.7309222226328813	0.6750076153572495	1
layer24_mean	rbf_svm	HPCLAS_TRAIN_N_002008	0	HPCLAS_TRAIN_N_002008	3	A_clean_core	-1.4896887415139355	0.18396845021061636	0
layer24_mean	rbf_svm	HPCLAS_TRAIN_N_002009	0	HPCLAS_TRAIN_N_002009	3	A_clean_core	-0.6520940189024803	0.3425178102206434	0
layer24_mean	rbf_svm	HPCLAS_TRAIN_N_002018	0	HPCLAS_TRAIN_N_002018	3	A_clean_core	-0.9609099270715545	0.2766960493090219	0
layer24_mean	rbf_svm	HPCLAS_TRAIN_N_002020	0	HPCLAS_TRAIN_N_002020	3	A_clean_core	-0.7361859835719422	0.32383872652849843	0
layer24_mean	rbf_svm	HPCLAS_TRAIN_N_002023	0	HPCLAS_TRAIN_N_002023	3	A_clean_core	-1.8306829416868602	0.1381569354844739	0
layer24_mean	rbf_svm	HPCLAS_TRAIN_N_002030	0	HPCLAS_TRAIN_P_002286	3	B_ambiguous	0.9540852285879536	0.7219360078904152	1
layer24_mean	rbf_svm	HPCLAS_TRAIN_N_002035	0	HPCLAS_TRAIN_N_002035	3	A_clean_core	-0.7174987241219094	0.3279440185490377	0
layer24_mean	rbf_svm	HPCLAS_TRAIN_N_002037	0	HPCLAS_TRAIN_N_002037	3	D_hard_sample	-1.4616996092237826	0.18820751204411323	0
layer24_mean	rbf_svm	HPCLAS_TRAIN_N_002038	0	HPCLAS_TRAIN_N_002038	3	A_clean_core	-1.1805457676283384	0.23495407995426254	0
layer24_mean	rbf_svm	HPCLAS_TRAIN_N_002046	0	HPCLAS_TRAIN_N_002046	3	A_clean_core	-1.7470520064317403	0.14841941209916026	0
layer24_mean	rbf_svm	HPCLAS_TRAIN_N_002047	0	HPCLAS_TRAIN_N_002047	3	D_hard_sample	1.508660689397815	0.8188626362646476	1
layer24_mean	rbf_svm	HPCLAS_TRAIN_N_002052	0	HPCLAS_TRAIN_N_002052	3	A_clean_core	-1.0107950763096816	0.2668242818774818	0
layer24_mean	rbf_svm	HPCLAS_TRAIN_N_002061	0	HPCLAS_TRAIN_N_002061	3	D_hard_sample	-0.7177909620711093	0.32787961349677713	0
layer24_mean	rbf_svm	HPCLAS_TRAIN_N_002062	0	HPCLAS_TRAIN_N_002062	3	A_clean_core	-1.6267520519008032	0.16427578349678654	0
layer24_mean	rbf_svm	HPCLAS_TRAIN_N_002068	0	HPCLAS_TRAIN_N_002068	3	A_clean_core	-0.5650533907999532	0.3623790107844578	0
layer24_mean	rbf_svm	HPCLAS_TRAIN_N_002070	0	HPCLAS_TRAIN_N_002070	3	A_clean_core	-1.7542872816951396	0.14750726206098136	0
layer24_mean	rbf_svm	HPCLAS_TRAIN_N_002077	0	HPCLAS_TRAIN_N_002077	3	D_hard_sample	0.12091026627410459	0.5301907948554885	1
layer24_mean	rbf_svm	HPCLAS_TRAIN_N_002078	0	HPCLAS_TRAIN_N_002078	3	A_clean_core	-1.0618817377049365	0.25695001643141985	0
layer24_mean	rbf_svm	HPCLAS_TRAIN_N_002087	0	HPCLAS_TRAIN_N_002087	3	B_ambiguous	0.7818839077742094	0.6860859970965256	1
layer24_mean	rbf_svm	HPCLAS_TRAIN_N_002094	0	HPCLAS_TRAIN_N_002094	3	A_clean_core	0.1789746509987273	0.5446246086150685	1
layer24_mean	rbf_svm	HPCLAS_TRAIN_N_002098	0	HPCLAS_TRAIN_N_002098	3	D_hard_sample	0.5346548734265206	0.6305681313618421	1
layer24_mean	rbf_svm	HPCLAS_TRAIN_N_002116	0	HPCLAS_TRAIN_N_002116	3	A_clean_core	0.2559715495850099	0.5636457528807164	1
layer24_mean	rbf_svm	HPCLAS_TRAIN_N_002117	0	HPCLAS_TRAIN_N_002117	3	A_clean_core	-0.7656172087631851	0.31742795369267135	0
layer24_mean	rbf_svm	HPCLAS_TRAIN_N_002119	0	HPCLAS_TRAIN_N_002119	3	A_clean_core	-1.7687169131952036	0.14570196588430692	0
layer24_mean	rbf_svm	HPCLAS_TRAIN_N_002125	0	HPCLAS_TRAIN_N_002125	3	A_clean_core	-0.0525370328668813	0.48686876198209383	0
layer24_mean	rbf_svm	HPCLAS_TRAIN_N_002132	0	HPCLAS_TRAIN_N_002132	3	A_clean_core	-0.7976931718621524	0.310519187905125	0
layer24_mean	rbf_svm	HPCLAS_TRAIN_N_002136	0	HPCLAS_TRAIN_N_002136	3	D_hard_sample	-0.4821795621593965	0.3817375856201488	0
layer24_mean	rbf_svm	HPCLAS_TRAIN_N_002141	0	HPCLAS_TRAIN_N_002141	3	A_clean_core	-1.1652284972412814	0.23771853846397906	0
layer24_mean	rbf_svm	HPCLAS_TRAIN_N_002149	0	HPCLAS_TRAIN_N_002149	3	A_clean_core	-1.1413485158539405	0.24207285790351868	0
layer24_mean	rbf_svm	HPCLAS_TRAIN_N_002156	0	HPCLAS_TRAIN_N_002156	3	A_clean_core	0.0011026826750480667	0.5002756706408295	1
layer24_mean	rbf_svm	HPCLAS_TRAIN_N_002163	0	HPCLAS_TRAIN_P_001316	3	B_ambiguous	-0.24173153792814636	0.43985968465239444	0
layer24_mean	rbf_svm	HPCLAS_TRAIN_N_002167	0	HPCLAS_TRAIN_N_002167	3	A_clean_core	-1.0435544455887473	0.26046474372631573	0
layer24_mean	rbf_svm	HPCLAS_TRAIN_N_002169	0	HPCLAS_TRAIN_N_002169	3	A_clean_core	-0.07373120625211607	0.48157554440564754	0
layer24_mean	rbf_svm	HPCLAS_TRAIN_N_002174	0	HPCLAS_TRAIN_N_002174	3	D_hard_sample	-1.2391412634392838	0.22458549662931326	0
layer24_mean	rbf_svm	HPCLAS_TRAIN_N_002189	0	HPCLAS_TRAIN_N_002189	3	A_clean_core	-0.6382006777247758	0.3456533918314864	0
layer24_mean	rbf_svm	HPCLAS_TRAIN_N_002212	0	HPCLAS_TRAIN_N_002212	3	B_ambiguous	0.7276284591587957	0.6742846386799369	1
layer24_mean	rbf_svm	HPCLAS_TRAIN_N_002215	0	HPCLAS_TRAIN_N_002215	3	A_clean_core	-2.1394623805765898	0.10532003743076875	0
layer24_mean	rbf_svm	HPCLAS_TRAIN_N_002221	0	HPCLAS_TRAIN_N_002221	3	A_clean_core	-0.15567269886064683	0.46116023050191585	0
layer24_mean	rbf_svm	HPCLAS_TRAIN_N_002232	0	HPCLAS_TRAIN_N_002232	3	A_clean_core	-1.5019846473600718	0.18212970723638766	0
layer24_mean	rbf_svm	HPCLAS_TRAIN_N_002233	0	HPCLAS_TRAIN_N_002233	3	A_clean_core	-1.096081820789322	0.2504747628169512	0
layer24_mean	rbf_svm	HPCLAS_TRAIN_N_002240	0	HPCLAS_TRAIN_N_002240	3	A_clean_core	-0.5064083884086831	0.3760358598071349	0
layer24_mean	rbf_svm	HPCLAS_TRAIN_N_002248	0	HPCLAS_TRAIN_N_002248	3	D_hard_sample	0.7011439611419055	0.6684413542629546	1
layer24_mean	rbf_svm	HPCLAS_TRAIN_N_002253	0	HPCLAS_TRAIN_N_002253	3	D_hard_sample	-0.522299795002944	0.3723146221392618	0
layer24_mean	rbf_svm	HPCLAS_TRAIN_N_002255	0	HPCLAS_TRAIN_N_002255	3	A_clean_core	-0.3143918490668383	0.4220431019096598	0
layer24_mean	rbf_svm	HPCLAS_TRAIN_N_002259	0	HPCLAS_TRAIN_N_002259	3	A_clean_core	-0.9405697251227029	0.28078527513026985	0
layer24_mean	rbf_svm	HPCLAS_TRAIN_N_002261	0	HPCLAS_TRAIN_P_006643	3	B_ambiguous	-0.9558989210812479	0.27770005007804366	0
layer24_mean	rbf_svm	HPCLAS_TRAIN_N_002263	0	HPCLAS_TRAIN_N_002263	3	A_clean_core	-1.106461664592693	0.24853113198019464	0
layer24_mean	rbf_svm	HPCLAS_TRAIN_N_002264	0	HPCLAS_TRAIN_N_002264	3	D_hard_sample	-0.11571583504183383	0.4711032783431441	0
layer24_mean	rbf_svm	HPCLAS_TRAIN_N_002267	0	HPCLAS_TRAIN_N_002267	3	A_clean_core	-1.4073220468113024	0.196656783507524	0
layer24_mean	rbf_svm	HPCLAS_TRAIN_N_002268	0	HPCLAS_TRAIN_N_002268	3	A_clean_core	-0.9000233097619617	0.28904570723530304	0
layer24_mean	rbf_svm	HPCLAS_TRAIN_N_002274	0	HPCLAS_TRAIN_N_002274	3	A_clean_core	0.1959616493806652	0.5488342387679042	1
layer24_mean	rbf_svm	HPCLAS_TRAIN_N_002276	0	HPCLAS_TRAIN_N_002276	3	A_clean_core	-0.815756540666423	0.3066651702304952	0
layer24_mean	rbf_svm	HPCLAS_TRAIN_N_002281	0	HPCLAS_TRAIN_N_002281	3	A_clean_core	-1.980020211229485	0.12131668337949239	0
layer24_mean	rbf_svm	HPCLAS_TRAIN_N_002287	0	HPCLAS_TRAIN_N_002287	3	D_hard_sample	-0.358992893553014	0.411203379855824	0
layer24_mean	rbf_svm	HPCLAS_TRAIN_N_002296	0	HPCLAS_TRAIN_N_002296	3	A_clean_core	-2.1077571262966543	0.10834515263782364	0
layer24_mean	rbf_svm	HPCLAS_TRAIN_N_002311	0	HPCLAS_TRAIN_N_002311	3	A_clean_core	-0.819383283853443	0.3058945872918937	0
layer24_mean	rbf_svm	HPCLAS_TRAIN_N_002315	0	HPCLAS_TRAIN_N_002315	3	A_clean_core	-1.0339346569656753	0.26232200024688357	0
layer24_mean	rbf_svm	HPCLAS_TRAIN_N_002317	0	HPCLAS_TRAIN_N_002317	3	A_clean_core	0.8398791350530429	0.6984397598371496	1
layer24_mean	rbf_svm	HPCLAS_TRAIN_N_002322	0	HPCLAS_TRAIN_N_002322	3	A_clean_core	-0.2175062437603927	0.44583680461275005	0
layer24_mean	rbf_svm	HPCLAS_TRAIN_N_002334	0	HPCLAS_TRAIN_N_002334	3	A_clean_core	-0.5215634800966851	0.3724867124863077	0
layer24_mean	rbf_svm	HPCLAS_TRAIN_N_002339	0	HPCLAS_TRAIN_N_002339	3	A_clean_core	-1.2018827131494987	0.23114046163427893	0
layer24_mean	rbf_svm	HPCLAS_TRAIN_N_002340	0	HPCLAS_TRAIN_N_002340	3	A_clean_core	0.17974941745453168	0.5448167507407604	1
layer24_mean	rbf_svm	HPCLAS_TRAIN_N_002344	0	HPCLAS_TRAIN_N_002344	3	D_hard_sample	0.11398339646843483	0.5284650371323361	1
layer24_mean	rbf_svm	HPCLAS_TRAIN_N_002345	0	HPCLAS_TRAIN_N_002345	3	A_clean_core	-1.803474705750669	0.14142861740672724	0
layer24_mean	rbf_svm	HPCLAS_TRAIN_N_002351	0	HPCLAS_TRAIN_N_002351	3	B_ambiguous	-1.2034279121425457	0.23086597138194062	0
layer24_mean	rbf_svm	HPCLAS_TRAIN_N_002353	0	HPCLAS_TRAIN_N_002353	3	D_hard_sample	-0.40850355820953	0.3992709940413545	0
layer24_mean	rbf_svm	HPCLAS_TRAIN_N_002358	0	HPCLAS_TRAIN_N_002358	3	A_clean_core	-1.4834764344126616	0.18490289855496755	0
layer24_mean	rbf_svm	HPCLAS_TRAIN_N_002360	0	HPCLAS_TRAIN_N_002360	3	A_clean_core	-0.5001272500739932	0.3775107650244088	0
layer24_mean	rbf_svm	HPCLAS_TRAIN_N_002378	0	HPCLAS_TRAIN_N_002378	3	D_hard_sample	-0.5441563430918192	0.36722124173815046	0
layer24_mean	rbf_svm	HPCLAS_TRAIN_N_002383	0	HPCLAS_TRAIN_N_002383	3	A_clean_core	0.5737898589099274	0.6396372046218797	1
layer24_mean	rbf_svm	HPCLAS_TRAIN_N_002388	0	HPCLAS_TRAIN_N_002388	3	A_clean_core	-1.2189919328120062	0.22811390032557602	0
layer24_mean	rbf_svm	HPCLAS_TRAIN_N_002396	0	HPCLAS_TRAIN_N_002396	3	A_clean_core	-1.1214360287746394	0.24574501212291516	0
layer24_mean	rbf_svm	HPCLAS_TRAIN_N_002402	0	HPCLAS_TRAIN_N_002402	3	D_hard_sample	0.38407237295091046	0.5948549330749646	1
layer24_mean	rbf_svm	HPCLAS_TRAIN_N_002409	0	HPCLAS_TRAIN_N_002409	3	D_hard_sample	1.0413316615202781	0.7391068693351419	1
layer24_mean	rbf_svm	HPCLAS_TRAIN_N_002412	0	HPCLAS_TRAIN_N_002412	3	A_clean_core	-1.1783912230081428	0.23534158190667057	0
layer24_mean	rbf_svm	HPCLAS_TRAIN_N_002418	0	HPCLAS_TRAIN_N_002418	3	A_clean_core	-1.1527401783519922	0.23998893425591025	0
layer24_mean	rbf_svm	HPCLAS_TRAIN_N_002430	0	HPCLAS_TRAIN_N_002430	3	A_clean_core	-1.191795193026219	0.23293802068343697	0
layer24_mean	rbf_svm	HPCLAS_TRAIN_N_002439	0	HPCLAS_TRAIN_N_002439	3	A_clean_core	-0.30716803152549016	0.4238061403298279	0
layer24_mean	rbf_svm	HPCLAS_TRAIN_N_002449	0	HPCLAS_TRAIN_N_002449	3	A_clean_core	0.30924907564219095	0.5767019584399548	1
layer24_mean	rbf_svm	HPCLAS_TRAIN_N_002460	0	HPCLAS_TRAIN_N_002460	3	A_clean_core	-0.741320954279749	0.3227153549922947	0
layer24_mean	rbf_svm	HPCLAS_TRAIN_N_002473	0	HPCLAS_TRAIN_N_002473	3	D_hard_sample	-0.8172436102420656	0.30634907798868766	0
layer24_mean	rbf_svm	HPCLAS_TRAIN_N_002486	0	HPCLAS_TRAIN_N_002486	3	A_clean_core	-1.7220119181949303	0.1516121973603899	0
layer24_mean	rbf_svm	HPCLAS_TRAIN_N_002488	0	HPCLAS_TRAIN_N_002488	3	A_clean_core	-0.9739000331015852	0.2741038257724199	0
layer24_mean	rbf_svm	HPCLAS_TRAIN_N_002491	0	HPCLAS_TRAIN_N_002491	3	D_hard_sample	0.5063157266177931	0.6239423984391694	1
layer24_mean	rbf_svm	HPCLAS_TRAIN_N_002492	0	HPCLAS_TRAIN_N_002492	3	D_hard_sample	-1.2131170765914567	0.22914998490781235	0
layer24_mean	rbf_svm	HPCLAS_TRAIN_N_002496	0	HPCLAS_TRAIN_N_002496	3	A_clean_core	-0.9825908084455991	0.2723780132199561	0
layer24_mean	rbf_svm	HPCLAS_TRAIN_N_002501	0	HPCLAS_TRAIN_N_002501	3	D_hard_sample	-0.08684466432385965	0.4783024690956241	0
layer24_mean	rbf_svm	HPCLAS_TRAIN_N_002503	0	HPCLAS_TRAIN_N_002503	3	B_ambiguous	0.6348237506424993	0.653582426933008	1
layer24_mean	rbf_svm	HPCLAS_TRAIN_N_002507	0	HPCLAS_TRAIN_N_002507	3	D_hard_sample	0.23092826043545991	0.5574768653175644	1
layer24_mean	rbf_svm	HPCLAS_TRAIN_N_002511	0	HPCLAS_TRAIN_N_002511	3	A_clean_core	-0.4344128772572612	0.3930730710266943	0
layer24_mean	rbf_svm	HPCLAS_TRAIN_N_002523	0	HPCLAS_TRAIN_N_002523	3	A_clean_core	-1.0533471835022439	0.25858286789871154	0
layer24_mean	rbf_svm	HPCLAS_TRAIN_N_002539	0	HPCLAS_TRAIN_N_002539	3	A_clean_core	-1.2422909941807498	0.22403745680564638	0
layer24_mean	rbf_svm	HPCLAS_TRAIN_N_002541	0	HPCLAS_TRAIN_N_002541	3	A_clean_core	-1.2102847152736056	0.22965067774315573	0
layer24_mean	rbf_svm	HPCLAS_TRAIN_N_002543	0	HPCLAS_TRAIN_N_002543	3	A_clean_core	-0.9913739582936031	0.27064078059733365	0
layer24_mean	rbf_svm	HPCLAS_TRAIN_N_002546	0	HPCLAS_TRAIN_N_002546	3	B_ambiguous	-0.6895573936748242	0.3341315404606495	0
layer24_mean	rbf_svm	HPCLAS_TRAIN_N_002548	0	HPCLAS_TRAIN_N_002548	3	A_clean_core	0.9389256520687915	0.7188825930668732	1
layer24_mean	rbf_svm	HPCLAS_TRAIN_N_002552	0	HPCLAS_TRAIN_P_002097	3	B_ambiguous	-1.3631850930825498	0.20372312883097057	0
layer24_mean	rbf_svm	HPCLAS_TRAIN_N_002555	0	HPCLAS_TRAIN_N_002555	3	D_hard_sample	1.1144222590529318	0.7529526376666411	1
layer24_mean	rbf_svm	HPCLAS_TRAIN_N_002562	0	HPCLAS_TRAIN_N_002562	3	D_hard_sample	-1.3844981974318915	0.2002875410540144	0
layer24_mean	rbf_svm	HPCLAS_TRAIN_N_002567	0	HPCLAS_TRAIN_N_002567	3	A_clean_core	-1.4461059409028714	0.19060158905213676	0
layer24_mean	rbf_svm	HPCLAS_TRAIN_N_002572	0	HPCLAS_TRAIN_N_002572	3	A_clean_core	-1.805992293975526	0.14112319120033684	0
layer24_mean	rbf_svm	HPCLAS_TRAIN_N_002578	0	HPCLAS_TRAIN_N_002578	3	A_clean_core	-0.7322504374133968	0.3247010788217367	0
layer24_mean	rbf_svm	HPCLAS_TRAIN_N_002581	0	HPCLAS_TRAIN_N_002581	3	D_hard_sample	-0.6630031479597572	0.3400653190262123	0
layer24_mean	rbf_svm	HPCLAS_TRAIN_N_002587	0	HPCLAS_TRAIN_N_002587	3	A_clean_core	-0.9244478247582167	0.28405248683403284	0
layer24_mean	rbf_svm	HPCLAS_TRAIN_N_002591	0	HPCLAS_TRAIN_N_002591	3	A_clean_core	-1.1481999039961306	0.24081803151522094	0
layer24_mean	rbf_svm	HPCLAS_TRAIN_N_002598	0	HPCLAS_TRAIN_N_002598	3	B_ambiguous	-0.9850499942602937	0.2718909044451245	0
layer24_mean	rbf_svm	HPCLAS_TRAIN_N_002603	0	HPCLAS_TRAIN_N_002603	3	A_clean_core	-0.9576377062711726	0.2773514146403695	0
layer24_mean	rbf_svm	HPCLAS_TRAIN_N_002604	0	HPCLAS_TRAIN_N_002604	3	A_clean_core	-1.385113527344454	0.20018900033550244	0
layer24_mean	rbf_svm	HPCLAS_TRAIN_N_002609	0	HPCLAS_TRAIN_N_002609	3	D_hard_sample	-0.7303916184464228	0.3251087953290037	0
layer24_mean	rbf_svm	HPCLAS_TRAIN_N_002610	0	HPCLAS_TRAIN_N_002610	3	A_clean_core	-0.8277871902962622	0.3041131603443848	0
layer24_mean	rbf_svm	HPCLAS_TRAIN_N_002611	0	HPCLAS_TRAIN_N_002611	3	B_ambiguous	0.8957072015886671	0.7100665330028431	1
layer24_mean	rbf_svm	HPCLAS_TRAIN_N_002625	0	HPCLAS_TRAIN_N_002625	3	A_clean_core	-0.9382936796313343	0.28124514016720875	0
layer24_mean	rbf_svm	HPCLAS_TRAIN_N_002626	0	HPCLAS_TRAIN_N_002626	3	A_clean_core	-1.1844382641646505	0.23425512312129756	0
layer24_mean	rbf_svm	HPCLAS_TRAIN_N_002629	0	HPCLAS_TRAIN_N_002629	3	A_clean_core	-0.6864971612332296	0.33481274964512947	0
layer24_mean	rbf_svm	HPCLAS_TRAIN_N_002632	0	HPCLAS_TRAIN_N_002632	3	D_hard_sample	-0.054903201361717696	0.4862776464976039	0
layer24_mean	rbf_svm	HPCLAS_TRAIN_N_002636	0	HPCLAS_TRAIN_N_002636	3	D_hard_sample	0.37719044146906533	0.5931952932581804	1
layer24_mean	rbf_svm	HPCLAS_TRAIN_N_002646	0	HPCLAS_TRAIN_N_002646	3	A_clean_core	-0.9777171350795903	0.2733449887287929	0
layer24_mean	rbf_svm	HPCLAS_TRAIN_N_002650	0	HPCLAS_TRAIN_N_002650	3	A_clean_core	-1.1581712304020788	0.23899974091857099	0
layer24_mean	rbf_svm	HPCLAS_TRAIN_N_002672	0	HPCLAS_TRAIN_N_002672	3	A_clean_core	0.7473990711589412	0.6786117058849536	1
layer24_mean	rbf_svm	HPCLAS_TRAIN_N_002679	0	HPCLAS_TRAIN_N_002679	3	A_clean_core	-0.9091549522578892	0.2871727912742657	0
layer24_mean	rbf_svm	HPCLAS_TRAIN_N_002691	0	HPCLAS_TRAIN_N_002691	3	A_clean_core	-1.7946344483900198	0.14250546592887348	0
layer24_mean	rbf_svm	HPCLAS_TRAIN_N_002693	0	HPCLAS_TRAIN_N_002693	3	A_clean_core	-1.1128035304525306	0.24734859335100684	0
layer24_mean	rbf_svm	HPCLAS_TRAIN_N_002696	0	HPCLAS_TRAIN_N_002696	3	A_clean_core	-1.52146551428921	0.17924581634574624	0
layer24_mean	rbf_svm	HPCLAS_TRAIN_N_002698	0	HPCLAS_TRAIN_N_002698	3	D_hard_sample	-0.15505213556100475	0.4613144389017671	0
layer24_mean	rbf_svm	HPCLAS_TRAIN_N_002700	0	HPCLAS_TRAIN_N_002700	3	D_hard_sample	0.0664118649479272	0.5165968665958136	1
layer24_mean	rbf_svm	HPCLAS_TRAIN_N_002706	0	HPCLAS_TRAIN_N_002706	3	A_clean_core	-1.1282149926601284	0.2444906681041296	0
layer24_mean	rbf_svm	HPCLAS_TRAIN_N_002707	0	HPCLAS_TRAIN_N_002707	3	D_hard_sample	-0.2453683956890408	0.43896382114085003	0
layer24_mean	rbf_svm	HPCLAS_TRAIN_N_002730	0	HPCLAS_TRAIN_N_002730	3	D_hard_sample	-1.3536122070826466	0.20528044756045072	0
layer24_mean	rbf_svm	HPCLAS_TRAIN_N_002734	0	HPCLAS_TRAIN_N_002734	3	A_clean_core	-0.9505891384907428	0.27876635690313056	0
layer24_mean	rbf_svm	HPCLAS_TRAIN_N_002752	0	HPCLAS_TRAIN_N_002752	3	D_hard_sample	-0.8385498298162289	0.3018402944742064	0
layer24_mean	rbf_svm	HPCLAS_TRAIN_N_002762	0	HPCLAS_TRAIN_N_002762	3	A_clean_core	-0.7611792866314091	0.3183902850954367	0
layer24_mean	rbf_svm	HPCLAS_TRAIN_N_002782	0	HPCLAS_TRAIN_N_002782	3	A_clean_core	-2.058967965595507	0.11314934985056048	0
layer24_mean	rbf_svm	HPCLAS_TRAIN_N_002788	0	HPCLAS_TRAIN_N_002788	3	A_clean_core	-1.9266538071495398	0.1271214158593308	0
layer24_mean	rbf_svm	HPCLAS_TRAIN_N_002790	0	HPCLAS_TRAIN_N_002790	3	A_clean_core	-1.1776577233013332	0.23547360514583907	0
layer24_mean	rbf_svm	HPCLAS_TRAIN_N_002792	0	HPCLAS_TRAIN_N_002792	3	A_clean_core	-1.3623002087628888	0.20386671241316673	0
layer24_mean	rbf_svm	HPCLAS_TRAIN_N_002806	0	HPCLAS_TRAIN_N_002806	3	D_hard_sample	-1.4535818524931194	0.18945092743943312	0
layer24_mean	rbf_svm	HPCLAS_TRAIN_N_002813	0	HPCLAS_TRAIN_N_002813	3	A_clean_core	-0.11492204352534782	0.47130106791656484	0
layer24_mean	rbf_svm	HPCLAS_TRAIN_N_002821	0	HPCLAS_TRAIN_N_002821	3	A_clean_core	-0.4340897920478589	0.3931501510390802	0
layer24_mean	rbf_svm	HPCLAS_TRAIN_N_002828	0	HPCLAS_TRAIN_N_002828	3	A_clean_core	-1.611955734901198	0.16631726253223716	0
layer24_mean	rbf_svm	HPCLAS_TRAIN_N_002830	0	HPCLAS_TRAIN_N_002830	3	A_clean_core	0.4699681969760694	0.6153762290143143	1
layer24_mean	rbf_svm	HPCLAS_TRAIN_N_002834	0	HPCLAS_TRAIN_N_002834	3	A_clean_core	-2.0897451851841526	0.11009753763638812	0
layer24_mean	rbf_svm	HPCLAS_TRAIN_N_002841	0	HPCLAS_TRAIN_N_002841	3	A_clean_core	-0.24817383627697268	0.4382730311640487	0
layer24_mean	rbf_svm	HPCLAS_TRAIN_N_002843	0	HPCLAS_TRAIN_N_002843	3	A_clean_core	-0.577400940150295	0.359530856314289	0
layer24_mean	rbf_svm	HPCLAS_TRAIN_N_002847	0	HPCLAS_TRAIN_N_002847	3	A_clean_core	-1.0961571498738485	0.25046062101468064	0
layer24_mean	rbf_svm	HPCLAS_TRAIN_N_002851	0	HPCLAS_TRAIN_N_002851	3	A_clean_core	-1.0883448242108034	0.2519300869045012	0
layer24_mean	rbf_svm	HPCLAS_TRAIN_N_002864	0	HPCLAS_TRAIN_N_002864	3	D_hard_sample	-0.2741164887831279	0.43189678350149135	0
layer24_mean	rbf_svm	HPCLAS_TRAIN_N_002876	0	HPCLAS_TRAIN_N_002876	3	A_clean_core	-1.5795433139754735	0.17086016962410328	0
layer24_mean	rbf_svm	HPCLAS_TRAIN_N_002878	0	HPCLAS_TRAIN_N_002878	3	A_clean_core	0.010278953806036578	0.5025697158258668	1
layer24_mean	rbf_svm	HPCLAS_TRAIN_N_002881	0	HPCLAS_TRAIN_N_002881	3	A_clean_core	-0.7385534350380197	0.3233205486460752	0
layer24_mean	rbf_svm	HPCLAS_TRAIN_N_002885	0	HPCLAS_TRAIN_N_002885	3	A_clean_core	-0.8819432403402889	0.2927752536684082	0
layer24_mean	rbf_svm	HPCLAS_TRAIN_N_002903	0	HPCLAS_TRAIN_N_002903	3	A_clean_core	0.0696143706723985	0.5173965676887345	1
layer24_mean	rbf_svm	HPCLAS_TRAIN_N_002908	0	HPCLAS_TRAIN_N_002908	3	A_clean_core	-0.9911403613992831	0.2706868937745175	0
layer24_mean	rbf_svm	HPCLAS_TRAIN_N_002918	0	HPCLAS_TRAIN_P_005080	3	B_ambiguous	0.7712306912951009	0.6837870568291071	1
layer24_mean	rbf_svm	HPCLAS_TRAIN_N_002919	0	HPCLAS_TRAIN_N_002919	3	A_clean_core	-1.03394935913419	0.26231915525242167	0
layer24_mean	rbf_svm	HPCLAS_TRAIN_N_002928	0	HPCLAS_TRAIN_N_002928	3	D_hard_sample	-0.2862559019348838	0.428920730344394	0
layer24_mean	rbf_svm	HPCLAS_TRAIN_N_002932	0	HPCLAS_TRAIN_N_002932	3	A_clean_core	-1.370324548339652	0.20256741582502905	0
layer24_mean	rbf_svm	HPCLAS_TRAIN_N_002933	0	HPCLAS_TRAIN_N_002933	3	D_hard_sample	0.6071406148636874	0.647288262082109	1
layer24_mean	rbf_svm	HPCLAS_TRAIN_N_002937	0	HPCLAS_TRAIN_N_002937	3	A_clean_core	-1.0017949536925523	0.2685886584538336	0
layer24_mean	rbf_svm	HPCLAS_TRAIN_N_002954	0	HPCLAS_TRAIN_N_002954	3	A_clean_core	0.17402344931712846	0.5433963989400735	1
layer24_mean	rbf_svm	HPCLAS_TRAIN_N_002956	0	HPCLAS_TRAIN_N_002956	3	D_hard_sample	-0.309438257484715	0.4232518597624836	0
layer24_mean	rbf_svm	HPCLAS_TRAIN_N_002957	0	HPCLAS_TRAIN_N_002957	3	A_clean_core	-0.8507512355858553	0.29927529246591433	0
layer24_mean	rbf_svm	HPCLAS_TRAIN_N_002959	0	HPCLAS_TRAIN_N_002959	3	A_clean_core	0.3588380434627768	0.5887591280743161	1
layer24_mean	rbf_svm	HPCLAS_TRAIN_N_002967	0	HPCLAS_TRAIN_N_002967	3	D_hard_sample	-1.427203638963938	0.19353476363332964	0
layer24_mean	rbf_svm	HPCLAS_TRAIN_N_002971	0	HPCLAS_TRAIN_N_002971	3	A_clean_core	-1.0304855684631888	0.26298997742194263	0
layer24_mean	rbf_svm	HPCLAS_TRAIN_N_002973	0	HPCLAS_TRAIN_N_002973	3	A_clean_core	-1.089408774727499	0.25172962631490503	0
layer24_mean	rbf_svm	HPCLAS_TRAIN_N_002976	0	HPCLAS_TRAIN_N_002976	3	A_clean_core	0.06062182719325762	0.5151508171372484	1
layer24_mean	rbf_svm	HPCLAS_TRAIN_N_002991	0	HPCLAS_TRAIN_N_002991	3	A_clean_core	-0.4269022564463235	0.394866286216143	0
layer24_mean	rbf_svm	HPCLAS_TRAIN_N_002993	0	HPCLAS_TRAIN_N_002993	3	A_clean_core	0.20828653040991338	0.551884192557525	1
layer24_mean	rbf_svm	HPCLAS_TRAIN_N_002997	0	HPCLAS_TRAIN_N_002997	3	A_clean_core	-0.25771003798718317	0.43592671466905775	0
layer24_mean	rbf_svm	HPCLAS_TRAIN_N_002998	0	HPCLAS_TRAIN_N_002998	3	A_clean_core	-0.746884897834334	0.32150044451317916	0
layer24_mean	rbf_svm	HPCLAS_TRAIN_N_003000	0	HPCLAS_TRAIN_N_003000	3	B_ambiguous	0.2142507085898989	0.553358721058436	1
layer24_mean	rbf_svm	HPCLAS_TRAIN_N_003013	0	HPCLAS_TRAIN_N_001630	3	A_clean_core	0.18882988151136168	0.5470676967645139	1
layer24_mean	rbf_svm	HPCLAS_TRAIN_N_003015	0	HPCLAS_TRAIN_N_003015	3	A_clean_core	-0.1975480259857271	0.4507729807554702	0
layer24_mean	rbf_svm	HPCLAS_TRAIN_N_003016	0	HPCLAS_TRAIN_N_003016	3	D_hard_sample	-0.14001231068403494	0.4650539922035554	0
layer24_mean	rbf_svm	HPCLAS_TRAIN_N_003019	0	HPCLAS_TRAIN_N_003019	3	A_clean_core	-0.6548791480660666	0.3418908762993996	0
layer24_mean	rbf_svm	HPCLAS_TRAIN_N_003026	0	HPCLAS_TRAIN_N_003026	3	A_clean_core	-0.7944410634584095	0.31121588332723776	0
layer24_mean	rbf_svm	HPCLAS_TRAIN_N_003044	0	HPCLAS_TRAIN_N_003044	3	A_clean_core	-0.9603791308083817	0.27680229299305115	0
layer24_mean	rbf_svm	HPCLAS_TRAIN_N_003047	0	HPCLAS_TRAIN_N_003047	3	A_clean_core	-1.1117772389234826	0.24753970477709722	0
layer24_mean	rbf_svm	HPCLAS_TRAIN_N_003048	0	HPCLAS_TRAIN_N_003048	3	A_clean_core	-1.1391060829750224	0.24248452304088378	0
layer24_mean	rbf_svm	HPCLAS_TRAIN_N_003052	0	HPCLAS_TRAIN_N_003052	3	A_clean_core	0.11699347282856373	0.5292150524538359	1
layer24_mean	rbf_svm	HPCLAS_TRAIN_N_003055	0	HPCLAS_TRAIN_P_003186	3	B_ambiguous	-0.714015425251831	0.3287121858650046	0
layer24_mean	rbf_svm	HPCLAS_TRAIN_N_003072	0	HPCLAS_TRAIN_N_003072	3	A_clean_core	-0.8983028200271629	0.28939939320871405	0
layer24_mean	rbf_svm	HPCLAS_TRAIN_N_003073	0	HPCLAS_TRAIN_N_003073	3	D_hard_sample	-0.1629439111306549	0.4593539143436329	0
layer24_mean	rbf_svm	HPCLAS_TRAIN_N_003081	0	HPCLAS_TRAIN_N_003081	3	A_clean_core	-0.48651325645432486	0.3807152986244813	0
layer24_mean	rbf_svm	HPCLAS_TRAIN_N_003082	0	HPCLAS_TRAIN_N_003082	3	A_clean_core	-0.8434608112365608	0.30080639817013827	0
layer24_mean	rbf_svm	HPCLAS_TRAIN_N_003087	0	HPCLAS_TRAIN_N_003087	3	A_clean_core	-1.4289601145136595	0.19326076214763843	0
layer24_mean	rbf_svm	HPCLAS_TRAIN_N_003090	0	HPCLAS_TRAIN_N_003090	3	A_clean_core	-0.6701951283693711	0.3384531496677464	0
layer24_mean	rbf_svm	HPCLAS_TRAIN_N_003091	0	HPCLAS_TRAIN_N_003091	3	A_clean_core	-0.1544066024562513	0.4614748600913715	0
layer24_mean	rbf_svm	HPCLAS_TRAIN_N_003095	0	HPCLAS_TRAIN_N_003095	3	A_clean_core	-0.8472552055699346	0.30000895758804197	0
layer24_mean	rbf_svm	HPCLAS_TRAIN_N_003099	0	HPCLAS_TRAIN_N_003099	3	B_ambiguous	0.8464294308214549	0.6998175981220195	1
layer24_mean	rbf_svm	HPCLAS_TRAIN_N_003104	0	HPCLAS_TRAIN_P_000244	3	B_ambiguous	-0.0905556779081357	0.47737653839951116	0
layer24_mean	rbf_svm	HPCLAS_TRAIN_N_003105	0	HPCLAS_TRAIN_N_003105	3	A_clean_core	-1.29636595227741	0.21477725652098362	0
layer24_mean	rbf_svm	HPCLAS_TRAIN_N_003108	0	HPCLAS_TRAIN_N_003108	3	A_clean_core	-1.9259702708942792	0.12719728144291403	0
layer24_mean	rbf_svm	HPCLAS_TRAIN_N_003111	0	HPCLAS_TRAIN_N_003111	3	A_clean_core	-1.6645104179077705	0.159157455770963	0
layer24_mean	rbf_svm	HPCLAS_TRAIN_N_003120	0	HPCLAS_TRAIN_N_003120	3	A_clean_core	0.07894602660949379	0.5197262624297944	1
layer24_mean	rbf_svm	HPCLAS_TRAIN_N_003123	0	HPCLAS_TRAIN_N_003123	3	A_clean_core	-0.8547952445853475	0.29842791398896007	0
layer24_mean	rbf_svm	HPCLAS_TRAIN_N_003125	0	HPCLAS_TRAIN_N_003125	3	A_clean_core	-1.2148936771445287	0.2288363167248486	0
layer24_mean	rbf_svm	HPCLAS_TRAIN_N_003127	0	HPCLAS_TRAIN_N_003127	3	B_ambiguous	0.4285643744355162	0.6055308022480116	1
layer24_mean	rbf_svm	HPCLAS_TRAIN_N_003132	0	HPCLAS_TRAIN_N_003132	3	D_hard_sample	1.136361056697613	0.7570108983055028	1
layer24_mean	rbf_svm	HPCLAS_TRAIN_N_003133	0	HPCLAS_TRAIN_N_003133	3	A_clean_core	-0.3060599547056302	0.42407674940957485	0
layer24_mean	rbf_svm	HPCLAS_TRAIN_N_003134	0	HPCLAS_TRAIN_N_003134	3	A_clean_core	-1.4321022096365488	0.19277134693230188	0
layer24_mean	rbf_svm	HPCLAS_TRAIN_N_003136	0	HPCLAS_TRAIN_N_003136	3	A_clean_core	0.5498676587624314	0.6341048862871557	1
layer24_mean	rbf_svm	HPCLAS_TRAIN_N_003141	0	HPCLAS_TRAIN_N_003141	3	A_clean_core	0.8789972916727993	0.7066143922101371	1
layer24_mean	rbf_svm	HPCLAS_TRAIN_N_003167	0	HPCLAS_TRAIN_N_003167	3	A_clean_core	-1.1444443598292269	0.24150530594202368	0
layer24_mean	rbf_svm	HPCLAS_TRAIN_N_003168	0	HPCLAS_TRAIN_N_003168	3	A_clean_core	-0.037122094086494	0.4907205420835499	0
layer24_mean	rbf_svm	HPCLAS_TRAIN_N_003171	0	HPCLAS_TRAIN_N_003171	3	A_clean_core	-0.3243969664217502	0.4196045487853579	0
layer24_mean	rbf_svm	HPCLAS_TRAIN_N_003173	0	HPCLAS_TRAIN_N_003173	3	A_clean_core	-2.153265401910099	0.10402647766425502	0
layer24_mean	rbf_svm	HPCLAS_TRAIN_N_003175	0	HPCLAS_TRAIN_N_003175	3	A_clean_core	-1.3195246316674705	0.21089739325265716	0
layer24_mean	rbf_svm	HPCLAS_TRAIN_N_003204	0	HPCLAS_TRAIN_N_003204	3	A_clean_core	-1.0111387994547403	0.26675704502285413	0
layer24_mean	rbf_svm	HPCLAS_TRAIN_N_003207	0	HPCLAS_TRAIN_N_003207	3	A_clean_core	-0.6383020770272417	0.3456304579877726	0
layer24_mean	rbf_svm	HPCLAS_TRAIN_N_003212	0	HPCLAS_TRAIN_N_003212	3	D_hard_sample	1.05689733646432	0.7420971759465055	1
layer24_mean	rbf_svm	HPCLAS_TRAIN_N_003218	0	HPCLAS_TRAIN_N_003218	3	A_clean_core	-1.2764377353472212	0.21815720991563517	0
layer24_mean	rbf_svm	HPCLAS_TRAIN_N_003221	0	HPCLAS_TRAIN_N_003221	3	A_clean_core	-0.9977972502058785	0.26937472862815803	0
layer24_mean	rbf_svm	HPCLAS_TRAIN_N_003234	0	HPCLAS_TRAIN_N_003234	3	D_hard_sample	-1.57562766113159	0.17141560343806708	0
layer24_mean	rbf_svm	HPCLAS_TRAIN_N_003236	0	HPCLAS_TRAIN_N_003236	3	A_clean_core	-1.481381870556585	0.18521878663575855	0
layer24_mean	rbf_svm	HPCLAS_TRAIN_N_003239	0	HPCLAS_TRAIN_N_003239	3	A_clean_core	0.15992313603608857	0.539895790965532	1
layer24_mean	rbf_svm	HPCLAS_TRAIN_N_003243	0	HPCLAS_TRAIN_N_003243	3	D_hard_sample	0.6229682049195469	0.6508933190804669	1
layer24_mean	rbf_svm	HPCLAS_TRAIN_N_003248	0	HPCLAS_TRAIN_N_003248	3	D_hard_sample	-1.771394317719154	0.14536901760400087	0
layer24_mean	rbf_svm	HPCLAS_TRAIN_N_003250	0	HPCLAS_TRAIN_N_003250	3	A_clean_core	-1.0314808858005469	0.2627971043104064	0
layer24_mean	rbf_svm	HPCLAS_TRAIN_N_003252	0	HPCLAS_TRAIN_N_003252	3	A_clean_core	0.45690334767593	0.6122793075420433	1
layer24_mean	rbf_svm	HPCLAS_TRAIN_N_003261	0	HPCLAS_TRAIN_N_003261	3	A_clean_core	-2.0245287443863123	0.11665152042589955	0
layer24_mean	rbf_svm	HPCLAS_TRAIN_N_003263	0	HPCLAS_TRAIN_N_003263	3	D_hard_sample	-0.16539651460609134	0.4587448764509789	0
layer24_mean	rbf_svm	HPCLAS_TRAIN_N_003264	0	HPCLAS_TRAIN_N_003264	3	D_hard_sample	-0.35473661964072634	0.41223427635971843	0
layer24_mean	rbf_svm	HPCLAS_TRAIN_N_003266	0	HPCLAS_TRAIN_N_003266	3	A_clean_core	0.5025966833337193	0.6230693670977552	1
layer24_mean	rbf_svm	HPCLAS_TRAIN_N_003275	0	HPCLAS_TRAIN_N_003275	3	D_hard_sample	-0.5759693890087806	0.35986056357744434	0
layer24_mean	rbf_svm	HPCLAS_TRAIN_N_003276	0	HPCLAS_TRAIN_N_003276	3	A_clean_core	-1.209239157449656	0.22983570096130743	0
layer24_mean	rbf_svm	HPCLAS_TRAIN_N_003277	0	HPCLAS_TRAIN_N_003277	3	A_clean_core	-1.0905664201801315	0.2515116327864001	0
layer24_mean	rbf_svm	HPCLAS_TRAIN_N_003280	0	HPCLAS_TRAIN_N_003280	3	A_clean_core	-0.8261676067313052	0.30445601883418794	0
layer24_mean	rbf_svm	HPCLAS_TRAIN_N_003283	0	HPCLAS_TRAIN_N_003283	3	A_clean_core	-1.7577783598505594	0.14706880293311753	0
layer24_mean	rbf_svm	HPCLAS_TRAIN_N_003286	0	HPCLAS_TRAIN_N_003286	3	A_clean_core	-0.9755554294147623	0.2737745732459678	0
layer24_mean	rbf_svm	HPCLAS_TRAIN_N_003289	0	HPCLAS_TRAIN_N_003289	3	A_clean_core	-0.7520163259604375	0.32038211231202696	0
layer24_mean	rbf_svm	HPCLAS_TRAIN_N_003292	0	HPCLAS_TRAIN_N_003292	3	A_clean_core	0.9003952716525645	0.7110307242975775	1
layer24_mean	rbf_svm	HPCLAS_TRAIN_N_003298	0	HPCLAS_TRAIN_N_003298	3	D_hard_sample	0.9065425629582914	0.7122921434880891	1
layer24_mean	rbf_svm	HPCLAS_TRAIN_N_003300	0	HPCLAS_TRAIN_N_003300	3	A_clean_core	-1.1674371527241234	0.23731854333615982	0
layer24_mean	rbf_svm	HPCLAS_TRAIN_N_003302	0	HPCLAS_TRAIN_N_003302	3	D_hard_sample	0.03459445488935811	0.5086477512875528	1
layer24_mean	rbf_svm	HPCLAS_TRAIN_N_003307	0	HPCLAS_TRAIN_N_003307	3	D_hard_sample	-0.8528038310887112	0.2988450209267042	0
layer24_mean	rbf_svm	HPCLAS_TRAIN_N_003312	0	HPCLAS_TRAIN_N_003312	3	D_hard_sample	-1.009458486642511	0.2670858391684666	0
layer24_mean	rbf_svm	HPCLAS_TRAIN_N_003313	0	HPCLAS_TRAIN_N_003313	3	A_clean_core	-1.048176574360908	0.2595754022873898	0
layer24_mean	rbf_svm	HPCLAS_TRAIN_N_003326	0	HPCLAS_TRAIN_N_003326	3	D_hard_sample	0.00901708325485337	0.5022542555396893	1
layer24_mean	rbf_svm	HPCLAS_TRAIN_N_003335	0	HPCLAS_TRAIN_N_003335	3	A_clean_core	-0.194234848375943	0.45159337939131444	0
layer24_mean	rbf_svm	HPCLAS_TRAIN_N_003342	0	HPCLAS_TRAIN_N_003342	3	A_clean_core	-1.6195562847186136	0.1652660730414938	0
layer24_mean	rbf_svm	HPCLAS_TRAIN_N_003344	0	HPCLAS_TRAIN_N_003344	3	A_clean_core	-0.4483008437457703	0.38976483153891756	0
layer24_mean	rbf_svm	HPCLAS_TRAIN_N_003347	0	HPCLAS_TRAIN_N_003347	3	A_clean_core	-0.9625691685397482	0.27636409951293545	0
layer24_mean	rbf_svm	HPCLAS_TRAIN_N_003355	0	HPCLAS_TRAIN_N_003355	3	A_clean_core	-0.7577553792009378	0.31913379593472946	0
layer24_mean	rbf_svm	HPCLAS_TRAIN_N_003362	0	HPCLAS_TRAIN_N_003362	3	D_hard_sample	0.3858084004574789	0.5952732511266416	1
layer24_mean	rbf_svm	HPCLAS_TRAIN_N_003366	0	HPCLAS_TRAIN_N_003366	3	A_clean_core	-0.9318629015066561	0.2825469250617179	0
layer24_mean	rbf_svm	HPCLAS_TRAIN_N_003368	0	HPCLAS_TRAIN_N_003368	3	A_clean_core	-0.7122874481764164	0.3290935949191537	0
layer24_mean	rbf_svm	HPCLAS_TRAIN_N_003372	0	HPCLAS_TRAIN_N_003372	3	D_hard_sample	-0.9531131961086959	0.2782591642835127	0
layer24_mean	rbf_svm	HPCLAS_TRAIN_N_003373	0	HPCLAS_TRAIN_N_003373	3	A_clean_core	-1.0572626673535293	0.2578329099398748	0
layer24_mean	rbf_svm	HPCLAS_TRAIN_N_003377	0	HPCLAS_TRAIN_N_003377	3	A_clean_core	-1.7335698118867373	0.1501315310089424	0
layer24_mean	rbf_svm	HPCLAS_TRAIN_N_003379	0	HPCLAS_TRAIN_N_003379	3	A_clean_core	-0.2667047630891194	0.43371624905331113	0
layer24_mean	rbf_svm	HPCLAS_TRAIN_N_003398	0	HPCLAS_TRAIN_N_003398	3	A_clean_core	-0.7148706769943293	0.3285234932548147	0
layer24_mean	rbf_svm	HPCLAS_TRAIN_N_003399	0	HPCLAS_TRAIN_N_003399	3	A_clean_core	-1.2523845283585178	0.22228763850451813	0
layer24_mean	rbf_svm	HPCLAS_TRAIN_N_003403	0	HPCLAS_TRAIN_N_003403	3	D_hard_sample	-0.1659001209431671	0.4586198345978068	0
layer24_mean	rbf_svm	HPCLAS_TRAIN_N_003407	0	HPCLAS_TRAIN_N_003407	3	A_clean_core	-0.9378555659403216	0.2813337117210134	0
layer24_mean	rbf_svm	HPCLAS_TRAIN_N_003409	0	HPCLAS_TRAIN_N_003409	3	A_clean_core	-0.5919807737737445	0.35618050199743023	0
layer24_mean	rbf_svm	HPCLAS_TRAIN_N_003423	0	HPCLAS_TRAIN_N_003423	3	A_clean_core	-0.2687003770760038	0.43322617834538085	0
layer24_mean	rbf_svm	HPCLAS_TRAIN_N_003428	0	HPCLAS_TRAIN_N_003428	3	A_clean_core	-0.800331278360965	0.30995465967886116	0
layer24_mean	rbf_svm	HPCLAS_TRAIN_N_003434	0	HPCLAS_TRAIN_N_003434	3	B_ambiguous	1.003488970594226	0.7317439986324125	1
layer24_mean	rbf_svm	HPCLAS_TRAIN_N_003442	0	HPCLAS_TRAIN_N_003442	3	D_hard_sample	-0.4827841550042389	0.3815949034498614	0
layer24_mean	rbf_svm	HPCLAS_TRAIN_N_003444	0	HPCLAS_TRAIN_N_003444	3	A_clean_core	0.8053689985850955	0.6911217890067921	1
layer24_mean	rbf_svm	HPCLAS_TRAIN_N_003447	0	HPCLAS_TRAIN_N_003447	3	D_hard_sample	0.9427841190225054	0.7196616932806166	1
layer24_mean	rbf_svm	HPCLAS_TRAIN_N_003472	0	HPCLAS_TRAIN_N_003472	3	A_clean_core	-0.40720443568347575	0.39958263408075056	0
layer24_mean	rbf_svm	HPCLAS_TRAIN_N_003477	0	HPCLAS_TRAIN_N_003477	3	A_clean_core	0.43382199603908134	0.6067859555284973	1
layer24_mean	rbf_svm	HPCLAS_TRAIN_N_003481	0	HPCLAS_TRAIN_N_003481	3	D_hard_sample	1.0437297732949764	0.7395690269797105	1
layer24_mean	rbf_svm	HPCLAS_TRAIN_N_003484	0	HPCLAS_TRAIN_N_003484	3	A_clean_core	-1.2303996571132398	0.22611148404329226	0
layer24_mean	rbf_svm	HPCLAS_TRAIN_N_003486	0	HPCLAS_TRAIN_N_003486	3	D_hard_sample	0.07009331045652675	0.5175161566894682	1
layer24_mean	rbf_svm	HPCLAS_TRAIN_N_003488	0	HPCLAS_TRAIN_N_003488	3	A_clean_core	0.6955149749477435	0.6671926353872563	1
layer24_mean	rbf_svm	HPCLAS_TRAIN_N_003493	0	HPCLAS_TRAIN_N_003493	3	A_clean_core	-0.4578045782770508	0.3875067679614398	0
layer24_mean	rbf_svm	HPCLAS_TRAIN_N_003494	0	HPCLAS_TRAIN_N_003494	3	A_clean_core	-1.1028357259425945	0.2492089419329352	0
layer24_mean	rbf_svm	HPCLAS_TRAIN_N_003501	0	HPCLAS_TRAIN_N_003501	3	A_clean_core	-0.27206137775261263	0.4324010999617835	0
layer24_mean	rbf_svm	HPCLAS_TRAIN_N_003512	0	HPCLAS_TRAIN_N_003512	3	A_clean_core	-0.9713040766841246	0.27462064838824307	0
layer24_mean	rbf_svm	HPCLAS_TRAIN_N_003520	0	HPCLAS_TRAIN_N_003520	3	D_hard_sample	0.14224000371547166	0.5355001671733957	1
layer24_mean	rbf_svm	HPCLAS_TRAIN_N_003531	0	HPCLAS_TRAIN_N_003531	3	D_hard_sample	-0.8876160586066896	0.2916020341280474	0
layer24_mean	rbf_svm	HPCLAS_TRAIN_N_003540	0	HPCLAS_TRAIN_N_003540	3	A_clean_core	-1.3215601358120903	0.2105588446410709	0
layer24_mean	rbf_svm	HPCLAS_TRAIN_N_003545	0	HPCLAS_TRAIN_N_003545	3	A_clean_core	-0.824926900810594	0.304718817610108	0
layer24_mean	rbf_svm	HPCLAS_TRAIN_N_003549	0	HPCLAS_TRAIN_N_003549	3	D_hard_sample	0.03215697445262525	0.5080385509223913	1
layer24_mean	rbf_svm	HPCLAS_TRAIN_N_003554	0	HPCLAS_TRAIN_N_003554	3	B_ambiguous	0.1066186460134621	0.5266294403552396	1
layer24_mean	rbf_svm	HPCLAS_TRAIN_N_003558	0	HPCLAS_TRAIN_N_003558	3	A_clean_core	-0.007221432887318871	0.49819464962377885	0
layer24_mean	rbf_svm	HPCLAS_TRAIN_N_003562	0	HPCLAS_TRAIN_N_003562	3	D_hard_sample	-0.4997348683353211	0.3776029777462395	0
layer24_mean	rbf_svm	HPCLAS_TRAIN_N_003570	0	HPCLAS_TRAIN_N_003570	3	A_clean_core	-0.7141046233510914	0.32869250366991337	0
layer24_mean	rbf_svm	HPCLAS_TRAIN_N_003574	0	HPCLAS_TRAIN_N_003574	3	A_clean_core	-1.292768107277473	0.21538464847899788	0
layer24_mean	rbf_svm	HPCLAS_TRAIN_N_003579	0	HPCLAS_TRAIN_N_003579	3	A_clean_core	0.20040478596396252	0.5499341865245647	1
layer24_mean	rbf_svm	HPCLAS_TRAIN_N_003588	0	HPCLAS_TRAIN_N_003588	3	A_clean_core	0.6562311644066893	0.6584132643507328	1
layer24_mean	rbf_svm	HPCLAS_TRAIN_N_003592	0	HPCLAS_TRAIN_N_003592	3	A_clean_core	-0.0875504109379068	0.4781263673994601	0
layer24_mean	rbf_svm	HPCLAS_TRAIN_N_003593	0	HPCLAS_TRAIN_N_003593	3	D_hard_sample	0.8721796011196848	0.7051990251705016	1
layer24_mean	rbf_svm	HPCLAS_TRAIN_N_003599	0	HPCLAS_TRAIN_N_003599	3	A_clean_core	-1.568304937016266	0.17245817064145638	0
layer24_mean	rbf_svm	HPCLAS_TRAIN_N_003607	0	HPCLAS_TRAIN_N_003607	3	A_clean_core	-1.1549854459535245	0.2395796494754684	0
layer24_mean	rbf_svm	HPCLAS_TRAIN_N_003615	0	HPCLAS_TRAIN_N_003615	3	A_clean_core	-0.7467788726213155	0.3215235730691123	0
layer24_mean	rbf_svm	HPCLAS_TRAIN_N_003625	0	HPCLAS_TRAIN_N_003625	3	A_clean_core	-0.691921525219523	0.3336057568022035	0
layer24_mean	rbf_svm	HPCLAS_TRAIN_N_003632	0	HPCLAS_TRAIN_N_003632	3	D_hard_sample	0.37959327527694087	0.593775002132305	1
layer24_mean	rbf_svm	HPCLAS_TRAIN_N_003635	0	HPCLAS_TRAIN_N_003635	3	A_clean_core	-0.6990952471734984	0.33201285369584116	0
layer24_mean	rbf_svm	HPCLAS_TRAIN_N_003646	0	HPCLAS_TRAIN_N_003646	3	A_clean_core	-0.9131416926367327	0.2863573802080976	0
layer24_mean	rbf_svm	HPCLAS_TRAIN_N_003647	0	HPCLAS_TRAIN_P_000374	3	B_ambiguous	-1.0353803697215245	0.26204233771840807	0
layer24_mean	rbf_svm	HPCLAS_TRAIN_N_003652	0	HPCLAS_TRAIN_N_003652	3	A_clean_core	-0.21845803826063667	0.4456016603612382	0
layer24_mean	rbf_svm	HPCLAS_TRAIN_N_003654	0	HPCLAS_TRAIN_N_003654	3	A_clean_core	-1.3099240170500466	0.21249955909729087	0
layer24_mean	rbf_svm	HPCLAS_TRAIN_N_003664	0	HPCLAS_TRAIN_N_003664	3	B_ambiguous	0.7591213776056495	0.6811629449693766	1
layer24_mean	rbf_svm	HPCLAS_TRAIN_N_003665	0	HPCLAS_TRAIN_N_003665	3	A_clean_core	-0.4969755477303731	0.3782516891091913	0
layer24_mean	rbf_svm	HPCLAS_TRAIN_N_003670	0	HPCLAS_TRAIN_N_003670	3	A_clean_core	-1.3771194104607714	0.20147203352969378	0
layer24_mean	rbf_svm	HPCLAS_TRAIN_N_003676	0	HPCLAS_TRAIN_N_003676	3	D_hard_sample	0.8599873284900379	0.7026580068963466	1
layer24_mean	rbf_svm	HPCLAS_TRAIN_N_003680	0	HPCLAS_TRAIN_N_003680	3	A_clean_core	-1.1178650154604373	0.24640751597221242	0
layer24_mean	rbf_svm	HPCLAS_TRAIN_N_003681	0	HPCLAS_TRAIN_N_003681	3	D_hard_sample	-0.9523147828156163	0.27841953880931286	0
layer24_mean	rbf_svm	HPCLAS_TRAIN_N_003684	0	HPCLAS_TRAIN_N_003684	3	D_hard_sample	0.284155865318128	0.5705647938315707	1
layer24_mean	rbf_svm	HPCLAS_TRAIN_N_003685	0	HPCLAS_TRAIN_N_003685	3	D_hard_sample	-0.722560938364032	0.3268292963226848	0
layer24_mean	rbf_svm	HPCLAS_TRAIN_N_003688	0	HPCLAS_TRAIN_P_007262	3	B_ambiguous	-0.4413472112315	0.3914200026459543	0
layer24_mean	rbf_svm	HPCLAS_TRAIN_N_003696	0	HPCLAS_TRAIN_N_003696	3	A_clean_core	-1.2495248497802287	0.22278240044005962	0
layer24_mean	rbf_svm	HPCLAS_TRAIN_N_003703	0	HPCLAS_TRAIN_N_003703	3	A_clean_core	-0.10916634453143473	0.4727354850866851	0
layer24_mean	rbf_svm	HPCLAS_TRAIN_N_003706	0	HPCLAS_TRAIN_N_003706	3	A_clean_core	-1.240405307057088	0.2243654440508375	0
layer24_mean	rbf_svm	HPCLAS_TRAIN_N_003709	0	HPCLAS_TRAIN_N_003709	3	D_hard_sample	0.22158978596656884	0.5551718767486268	1
layer24_mean	rbf_svm	HPCLAS_TRAIN_N_003726	0	HPCLAS_TRAIN_N_003726	3	A_clean_core	-1.272721095927854	0.21879180119541222	0
layer24_mean	rbf_svm	HPCLAS_TRAIN_N_003748	0	HPCLAS_TRAIN_N_003748	3	B_ambiguous	0.30794811658858035	0.5763843408173752	1
layer24_mean	rbf_svm	HPCLAS_TRAIN_N_003749	0	HPCLAS_TRAIN_N_003749	3	D_hard_sample	-0.284240814188751	0.42941439206912196	0
layer24_mean	rbf_svm	HPCLAS_TRAIN_N_003752	0	HPCLAS_TRAIN_N_003752	3	A_clean_core	-1.9126785494318514	0.1286802300036082	0
layer24_mean	rbf_svm	HPCLAS_TRAIN_N_003755	0	HPCLAS_TRAIN_N_003755	3	B_ambiguous	0.91136139885737	0.7132786662645187	1
layer24_mean	rbf_svm	HPCLAS_TRAIN_N_003761	0	HPCLAS_TRAIN_N_003761	3	D_hard_sample	0.7525814212625074	0.6797409175869887	1
layer24_mean	rbf_svm	HPCLAS_TRAIN_N_003769	0	HPCLAS_TRAIN_N_003769	3	D_hard_sample	0.5478793639693117	0.6336434474360174	1
layer24_mean	rbf_svm	HPCLAS_TRAIN_N_003773	0	HPCLAS_TRAIN_N_003773	3	A_clean_core	-0.6905476926853528	0.33391124736011923	0
layer24_mean	rbf_svm	HPCLAS_TRAIN_N_003776	0	HPCLAS_TRAIN_N_003776	3	A_clean_core	-0.6471799365836771	0.3436253132596057	0
layer24_mean	rbf_svm	HPCLAS_TRAIN_N_003779	0	HPCLAS_TRAIN_N_003779	3	B_ambiguous	0.49980748116329266	0.622414087494046	1
layer24_mean	rbf_svm	HPCLAS_TRAIN_N_003783	0	HPCLAS_TRAIN_N_003783	3	A_clean_core	-0.1733713327659853	0.4567654066741717	0
layer24_mean	rbf_svm	HPCLAS_TRAIN_N_003790	0	HPCLAS_TRAIN_N_003790	3	A_clean_core	-1.1309408628604698	0.2439875097949158	0
layer24_mean	rbf_svm	HPCLAS_TRAIN_N_003792	0	HPCLAS_TRAIN_N_003792	3	D_hard_sample	-0.8203989189629047	0.3056789870304294	0
layer24_mean	rbf_svm	HPCLAS_TRAIN_N_003795	0	HPCLAS_TRAIN_N_003795	3	A_clean_core	-1.1840508800518144	0.2343246191053262	0
layer24_mean	rbf_svm	HPCLAS_TRAIN_N_003800	0	HPCLAS_TRAIN_N_003800	3	A_clean_core	-1.7163442511464277	0.15234264670685213	0
layer24_mean	rbf_svm	HPCLAS_TRAIN_N_003801	0	HPCLAS_TRAIN_N_003801	3	A_clean_core	-1.162755410692986	0.23816697325316893	0
layer24_mean	rbf_svm	HPCLAS_TRAIN_N_003805	0	HPCLAS_TRAIN_N_003805	3	D_hard_sample	-1.446864870156629	0.19048453453662356	0
layer24_mean	rbf_svm	HPCLAS_TRAIN_N_003824	0	HPCLAS_TRAIN_N_003824	3	A_clean_core	-1.1308934100925663	0.24399626292516297	0
layer24_mean	rbf_svm	HPCLAS_TRAIN_N_003833	0	HPCLAS_TRAIN_N_003833	3	A_clean_core	-0.8209139162735686	0.30556969527885997	0
layer24_mean	rbf_svm	HPCLAS_TRAIN_N_003839	0	HPCLAS_TRAIN_N_003839	3	A_clean_core	0.3626122508371289	0.5896726389159463	1
layer24_mean	rbf_svm	HPCLAS_TRAIN_N_003847	0	HPCLAS_TRAIN_N_003847	3	A_clean_core	0.2923421229970241	0.572569426486347	1
layer24_mean	rbf_svm	HPCLAS_TRAIN_N_003848	0	HPCLAS_TRAIN_N_003848	3	A_clean_core	-1.0518384288330322	0.2588722283183721	0
layer24_mean	rbf_svm	HPCLAS_TRAIN_N_003873	0	HPCLAS_TRAIN_N_003873	3	A_clean_core	-1.4713838744018184	0.186732362998273	0
layer24_mean	rbf_svm	HPCLAS_TRAIN_N_003883	0	HPCLAS_TRAIN_N_003883	3	A_clean_core	-1.4149114138302046	0.19546055303299448	0
layer24_mean	rbf_svm	HPCLAS_TRAIN_N_003891	0	HPCLAS_TRAIN_N_003891	3	B_ambiguous	-1.05048668995309	0.2591316539404282	0
layer24_mean	rbf_svm	HPCLAS_TRAIN_N_003892	0	HPCLAS_TRAIN_N_003892	3	A_clean_core	-0.9773283585493454	0.27342221724559573	0
layer24_mean	rbf_svm	HPCLAS_TRAIN_N_003898	0	HPCLAS_TRAIN_N_003898	3	A_clean_core	-2.571952972699089	0.07096543793924354	0
layer24_mean	rbf_svm	HPCLAS_TRAIN_N_003909	0	HPCLAS_TRAIN_N_003909	3	D_hard_sample	-1.020556403481061	0.264919034050955	0
layer24_mean	rbf_svm	HPCLAS_TRAIN_N_003913	0	HPCLAS_TRAIN_N_003913	3	A_clean_core	0.16198812146197908	0.5404087080995644	1
layer24_mean	rbf_svm	HPCLAS_TRAIN_N_003914	0	HPCLAS_TRAIN_N_003914	3	D_hard_sample	-0.6083072800952789	0.35244542684176083	0
layer24_mean	rbf_svm	HPCLAS_TRAIN_N_003917	0	HPCLAS_TRAIN_N_003917	3	A_clean_core	-0.4284003150036505	0.39450838619943474	0
layer24_mean	rbf_svm	HPCLAS_TRAIN_N_003920	0	HPCLAS_TRAIN_N_003920	3	A_clean_core	-1.5315222284832635	0.17777107475307827	0
layer24_mean	rbf_svm	HPCLAS_TRAIN_N_003924	0	HPCLAS_TRAIN_N_003924	3	B_ambiguous	-0.5314652874123259	0.3701751978969969	0
layer24_mean	rbf_svm	HPCLAS_TRAIN_N_003939	0	HPCLAS_TRAIN_N_003939	3	A_clean_core	-1.7082877146541056	0.1533859389573685	0
layer24_mean	rbf_svm	HPCLAS_TRAIN_N_003945	0	HPCLAS_TRAIN_N_003945	3	A_clean_core	-1.1291387885926227	0.24432006943570386	0
layer24_mean	rbf_svm	HPCLAS_TRAIN_N_003952	0	HPCLAS_TRAIN_N_003952	3	A_clean_core	-1.2709685891885385	0.21909149067884842	0
layer24_mean	rbf_svm	HPCLAS_TRAIN_N_003954	0	HPCLAS_TRAIN_N_003954	3	A_clean_core	-1.3581519100720245	0.20454082949936497	0
layer24_mean	rbf_svm	HPCLAS_TRAIN_N_003958	0	HPCLAS_TRAIN_N_003958	3	D_hard_sample	0.08186195253830639	0.5204540668718365	1
layer24_mean	rbf_svm	HPCLAS_TRAIN_N_003993	0	HPCLAS_TRAIN_N_003993	3	A_clean_core	-1.4168041956445891	0.19516307381983258	0
layer24_mean	rbf_svm	HPCLAS_TRAIN_N_003994	0	HPCLAS_TRAIN_N_003994	3	D_hard_sample	-0.5900200138979717	0.35663026220123445	0
layer24_mean	rbf_svm	HPCLAS_TRAIN_N_004003	0	HPCLAS_TRAIN_N_004003	3	D_hard_sample	-1.0945719988877074	0.2507583192596512	0
layer24_mean	rbf_svm	HPCLAS_TRAIN_N_004014	0	HPCLAS_TRAIN_N_004014	3	A_clean_core	-1.4734824562329936	0.18641387474894094	0
layer24_mean	rbf_svm	HPCLAS_TRAIN_N_004017	0	HPCLAS_TRAIN_N_004017	3	B_ambiguous	-0.9020695773204058	0.2886253843455955	0
layer24_mean	rbf_svm	HPCLAS_TRAIN_N_004028	0	HPCLAS_TRAIN_N_004028	3	D_hard_sample	-0.6492455614411216	0.3431595684644896	0
layer24_mean	rbf_svm	HPCLAS_TRAIN_N_004036	0	HPCLAS_TRAIN_N_004036	3	A_clean_core	-1.4060034537439283	0.19686518198133968	0
layer24_mean	rbf_svm	HPCLAS_TRAIN_N_004047	0	HPCLAS_TRAIN_N_004047	3	D_hard_sample	0.18760215709597636	0.5467634679801475	1
layer24_mean	rbf_svm	HPCLAS_TRAIN_N_004050	0	HPCLAS_TRAIN_N_004050	3	A_clean_core	-1.3453113172322835	0.20663797122769473	0
layer24_mean	rbf_svm	HPCLAS_TRAIN_N_004052	0	HPCLAS_TRAIN_N_004052	3	D_hard_sample	-0.46518713015103597	0.3857560161018488	0
layer24_mean	rbf_svm	HPCLAS_TRAIN_N_004057	0	HPCLAS_TRAIN_N_004057	3	A_clean_core	-0.9474896805464296	0.27938994761241953	0
layer24_mean	rbf_svm	HPCLAS_TRAIN_N_004061	0	HPCLAS_TRAIN_N_004061	3	A_clean_core	-0.9288647011659078	0.2831550987800524	0
layer24_mean	rbf_svm	HPCLAS_TRAIN_N_004062	0	HPCLAS_TRAIN_N_004062	3	D_hard_sample	-1.3615130624898186	0.20399450002954972	0
layer24_mean	rbf_svm	HPCLAS_TRAIN_N_004074	0	HPCLAS_TRAIN_N_004074	3	A_clean_core	-0.8435554366716694	0.3007864967431197	0
layer24_mean	rbf_svm	HPCLAS_TRAIN_N_004081	0	HPCLAS_TRAIN_N_004081	3	A_clean_core	-0.09921967184897565	0.47521541144865415	0
layer24_mean	rbf_svm	HPCLAS_TRAIN_N_004086	0	HPCLAS_TRAIN_N_004086	3	D_hard_sample	-0.4948600091057934	0.3787493438661679	0
layer24_mean	rbf_svm	HPCLAS_TRAIN_N_004093	0	HPCLAS_TRAIN_N_004093	3	D_hard_sample	-0.028136695474140896	0.49296629015889365	0
layer24_mean	rbf_svm	HPCLAS_TRAIN_N_004094	0	HPCLAS_TRAIN_N_004094	3	A_clean_core	-0.7876732797255251	0.3126684795851452	0
layer24_mean	rbf_svm	HPCLAS_TRAIN_N_004108	0	HPCLAS_TRAIN_N_004108	3	D_hard_sample	-0.21915576526192673	0.4454292998592218	0
layer24_mean	rbf_svm	HPCLAS_TRAIN_N_004110	0	HPCLAS_TRAIN_N_004110	3	D_hard_sample	0.4614576540144817	0.6133599151717759	1
layer24_mean	rbf_svm	HPCLAS_TRAIN_N_004116	0	HPCLAS_TRAIN_N_004116	3	A_clean_core	-0.8645391285481275	0.2963918648308864	0
layer24_mean	rbf_svm	HPCLAS_TRAIN_N_004122	0	HPCLAS_TRAIN_N_004122	3	A_clean_core	-1.096585450102245	0.2503802247644878	0
layer24_mean	rbf_svm	HPCLAS_TRAIN_N_004123	0	HPCLAS_TRAIN_N_004123	3	A_clean_core	-0.9609581941929253	0.2766863894561231	0
layer24_mean	rbf_svm	HPCLAS_TRAIN_N_004148	0	HPCLAS_TRAIN_N_004148	3	A_clean_core	-0.2464600780013748	0.43869498547235863	0
layer24_mean	rbf_svm	HPCLAS_TRAIN_N_004149	0	HPCLAS_TRAIN_N_004149	3	A_clean_core	-0.4016265280301725	0.4009216118551697	0
layer24_mean	rbf_svm	HPCLAS_TRAIN_N_004161	0	HPCLAS_TRAIN_N_004161	3	D_hard_sample	-0.40967581677768594	0.3989898567536992	0
layer24_mean	rbf_svm	HPCLAS_TRAIN_N_004163	0	HPCLAS_TRAIN_N_004163	3	A_clean_core	-1.2035329162246349	0.23084732666217972	0
layer24_mean	rbf_svm	HPCLAS_TRAIN_N_004166	0	HPCLAS_TRAIN_N_004166	3	B_ambiguous	-0.7005082542067844	0.33169955096556997	0
layer24_mean	rbf_svm	HPCLAS_TRAIN_N_004168	0	HPCLAS_TRAIN_N_004168	3	A_clean_core	-0.6712698993546827	0.33821254743138285	0
layer24_mean	rbf_svm	HPCLAS_TRAIN_N_004169	0	HPCLAS_TRAIN_N_004169	3	D_hard_sample	0.06525151478790034	0.5163070931332027	1
layer24_mean	rbf_svm	HPCLAS_TRAIN_N_004177	0	HPCLAS_TRAIN_N_004177	3	A_clean_core	-0.09740362438821851	0.4756683280210751	0
layer24_mean	rbf_svm	HPCLAS_TRAIN_N_004179	0	HPCLAS_TRAIN_N_004179	3	A_clean_core	-0.893196526158804	0.2904506173771361	0
layer24_mean	rbf_svm	HPCLAS_TRAIN_N_004199	0	HPCLAS_TRAIN_N_004199	3	A_clean_core	-1.1885847915016796	0.23351214022676017	0
layer24_mean	rbf_svm	HPCLAS_TRAIN_N_004209	0	HPCLAS_TRAIN_N_004209	3	B_ambiguous	0.8990309175640814	0.7107503151827887	1
layer24_mean	rbf_svm	HPCLAS_TRAIN_N_004211	0	HPCLAS_TRAIN_N_004211	3	A_clean_core	-1.2219272957716762	0.22759746017028623	0
layer24_mean	rbf_svm	HPCLAS_TRAIN_N_004213	0	HPCLAS_TRAIN_N_004213	3	A_clean_core	-2.543374418057721	0.07287286076476236	0
layer24_mean	rbf_svm	HPCLAS_TRAIN_N_004216	0	HPCLAS_TRAIN_N_004216	3	A_clean_core	-1.9374263900952358	0.12593086702235762	0
layer24_mean	rbf_svm	HPCLAS_TRAIN_N_004218	0	HPCLAS_TRAIN_N_004218	3	A_clean_core	-0.9305624324770427	0.28281062308318206	0
layer24_mean	rbf_svm	HPCLAS_TRAIN_N_004243	0	HPCLAS_TRAIN_N_004243	3	A_clean_core	-2.1638004437860787	0.10304864756397394	0
layer24_mean	rbf_svm	HPCLAS_TRAIN_N_004254	0	HPCLAS_TRAIN_N_004254	3	A_clean_core	-2.3281071690633146	0.088821735490658	0
layer24_mean	rbf_svm	HPCLAS_TRAIN_N_004258	0	HPCLAS_TRAIN_N_004258	3	A_clean_core	-1.1482694195929157	0.24080532257557652	0
layer24_mean	rbf_svm	HPCLAS_TRAIN_N_004260	0	HPCLAS_TRAIN_N_004260	3	A_clean_core	-1.2506853094456047	0.22258153102412298	0
layer24_mean	rbf_svm	HPCLAS_TRAIN_N_004261	0	HPCLAS_TRAIN_P_004708	3	B_ambiguous	-0.750580654121013	0.32069479236413334	0
layer24_mean	rbf_svm	HPCLAS_TRAIN_N_004263	0	HPCLAS_TRAIN_N_004263	3	A_clean_core	-1.9375541609526332	0.12591680366446598	0
layer24_mean	rbf_svm	HPCLAS_TRAIN_N_004270	0	HPCLAS_TRAIN_N_004270	3	D_hard_sample	1.0417702937668525	0.7391914410010995	1
layer24_mean	rbf_svm	HPCLAS_TRAIN_N_004281	0	HPCLAS_TRAIN_N_004281	3	A_clean_core	-0.6108571512100163	0.3518636949436898	0
layer24_mean	rbf_svm	HPCLAS_TRAIN_N_004287	0	HPCLAS_TRAIN_N_004287	3	A_clean_core	-1.2837273450171858	0.21691641499165434	0
layer24_mean	rbf_svm	HPCLAS_TRAIN_N_004301	0	HPCLAS_TRAIN_N_004301	3	A_clean_core	-1.2857257701478495	0.216577147180919	0
layer24_mean	rbf_svm	HPCLAS_TRAIN_N_004302	0	HPCLAS_TRAIN_N_004302	3	A_clean_core	-0.759019821832524	0.31885911131792394	0
layer24_mean	rbf_svm	HPCLAS_TRAIN_N_004310	0	HPCLAS_TRAIN_N_004310	3	D_hard_sample	0.6218916401873215	0.6506486502558044	1
layer24_mean	rbf_svm	HPCLAS_TRAIN_N_004321	0	HPCLAS_TRAIN_N_004321	3	D_hard_sample	-0.5670622671354549	0.3619149673347654	0
layer24_mean	rbf_svm	HPCLAS_TRAIN_N_004333	0	HPCLAS_TRAIN_N_004333	3	A_clean_core	-1.7945107594225715	0.1425205810993749	0
layer24_mean	rbf_svm	HPCLAS_TRAIN_N_004343	0	HPCLAS_TRAIN_N_004343	3	A_clean_core	-0.20487901405346245	0.44895866179963223	0
layer24_mean	rbf_svm	HPCLAS_TRAIN_N_004344	0	HPCLAS_TRAIN_P_003186	3	B_ambiguous	-0.7634755275523163	0.3178921676302352	0
layer24_mean	rbf_svm	HPCLAS_TRAIN_N_004346	0	HPCLAS_TRAIN_N_004346	3	D_hard_sample	-0.9673363575548838	0.2754117408866357	0
layer24_mean	rbf_svm	HPCLAS_TRAIN_N_004352	0	HPCLAS_TRAIN_N_004352	3	A_clean_core	-1.0214913904487135	0.26473699757489927	0
layer24_mean	rbf_svm	HPCLAS_TRAIN_N_004355	0	HPCLAS_TRAIN_N_004355	3	A_clean_core	0.6647040076414662	0.6603162855320962	1
layer24_mean	rbf_svm	HPCLAS_TRAIN_N_004357	0	HPCLAS_TRAIN_N_004357	3	D_hard_sample	-1.0215529494838917	0.2647250152010023	0
layer24_mean	rbf_svm	HPCLAS_TRAIN_N_004364	0	HPCLAS_TRAIN_N_004364	3	A_clean_core	-0.7112720437207052	0.3293178259786437	0
layer24_mean	rbf_svm	HPCLAS_TRAIN_N_004368	0	HPCLAS_TRAIN_N_004368	3	A_clean_core	-1.3069597696811428	0.21299602935599468	0
layer24_mean	rbf_svm	HPCLAS_TRAIN_N_004381	0	HPCLAS_TRAIN_N_004381	3	A_clean_core	-1.382345282709266	0.2006326011810706	0
layer24_mean	rbf_svm	HPCLAS_TRAIN_N_004386	0	HPCLAS_TRAIN_N_004386	3	A_clean_core	0.500523094765381	0.6225822525366748	1
layer24_mean	rbf_svm	HPCLAS_TRAIN_N_004389	0	HPCLAS_TRAIN_N_004389	3	D_hard_sample	0.09539445803958221	0.5238305455493657	1
layer24_mean	rbf_svm	HPCLAS_TRAIN_N_004400	0	HPCLAS_TRAIN_P_006321	3	B_ambiguous	0.8340310097905759	0.697206590397195	1
layer24_mean	rbf_svm	HPCLAS_TRAIN_N_004408	0	HPCLAS_TRAIN_N_004408	3	B_ambiguous	0.014387126316506155	0.5035967195391045	1
layer24_mean	rbf_svm	HPCLAS_TRAIN_N_004414	0	HPCLAS_TRAIN_N_004414	3	A_clean_core	-0.4451327123223333	0.3905186285447306	0
layer24_mean	rbf_svm	HPCLAS_TRAIN_N_004416	0	HPCLAS_TRAIN_N_004416	3	D_hard_sample	0.9837223321551168	0.7278461836945146	1
layer24_mean	rbf_svm	HPCLAS_TRAIN_N_004417	0	HPCLAS_TRAIN_N_004417	3	A_clean_core	-1.0564282268251723	0.2579926166543463	0
layer24_mean	rbf_svm	HPCLAS_TRAIN_N_004431	0	HPCLAS_TRAIN_N_004431	3	A_clean_core	-0.3978898398061427	0.4018194339618976	0
layer24_mean	rbf_svm	HPCLAS_TRAIN_N_004434	0	HPCLAS_TRAIN_N_004434	3	A_clean_core	-2.0248471490441977	0.1166187147589501	0
layer24_mean	rbf_svm	HPCLAS_TRAIN_N_004437	0	HPCLAS_TRAIN_N_004437	3	A_clean_core	-0.9916105528938202	0.2705940806947663	0
layer24_mean	rbf_svm	HPCLAS_TRAIN_N_004444	0	HPCLAS_TRAIN_N_004444	3	A_clean_core	-1.0944484426647674	0.25078153354279614	0
layer24_mean	rbf_svm	HPCLAS_TRAIN_N_004455	0	HPCLAS_TRAIN_N_004455	3	A_clean_core	-0.6284142374814691	0.3478701915370783	0
layer24_mean	rbf_svm	HPCLAS_TRAIN_N_004459	0	HPCLAS_TRAIN_N_004459	3	A_clean_core	-0.8975013153903973	0.289564248359154	0
layer24_mean	rbf_svm	HPCLAS_TRAIN_N_004471	0	HPCLAS_TRAIN_N_004471	3	B_ambiguous	1.3579633678375178	0.7954284922389183	1
layer24_mean	rbf_svm	HPCLAS_TRAIN_N_004473	0	HPCLAS_TRAIN_N_004473	3	A_clean_core	-1.470461794409958	0.18687243364005776	0
layer24_mean	rbf_svm	HPCLAS_TRAIN_N_004487	0	HPCLAS_TRAIN_N_004487	3	B_ambiguous	0.280698056438317	0.5697173534602976	1
layer24_mean	rbf_svm	HPCLAS_TRAIN_N_004489	0	HPCLAS_TRAIN_N_004489	3	A_clean_core	-1.2253702842769068	0.22699276134637475	0
layer24_mean	rbf_svm	HPCLAS_TRAIN_N_004496	0	HPCLAS_TRAIN_N_004496	3	A_clean_core	-0.6410539358172834	0.3450083346353507	0
layer24_mean	rbf_svm	HPCLAS_TRAIN_N_004497	0	HPCLAS_TRAIN_N_004497	3	A_clean_core	-0.5073122588233121	0.3758238058523623	0
layer24_mean	rbf_svm	HPCLAS_TRAIN_N_004499	0	HPCLAS_TRAIN_N_004499	3	A_clean_core	-0.2845751275920748	0.42933248131100643	0
layer24_mean	rbf_svm	HPCLAS_TRAIN_N_004500	0	HPCLAS_TRAIN_N_004500	3	A_clean_core	0.664799044294761	0.6603376018040094	1
layer24_mean	rbf_svm	HPCLAS_TRAIN_N_004504	0	HPCLAS_TRAIN_N_004504	3	A_clean_core	-0.15236183771061265	0.4619830563217584	0
layer24_mean	rbf_svm	HPCLAS_TRAIN_N_004506	0	HPCLAS_TRAIN_N_004506	3	A_clean_core	-1.4187405453365927	0.19485910228050757	0
layer24_mean	rbf_svm	HPCLAS_TRAIN_N_004512	0	HPCLAS_TRAIN_N_004512	3	A_clean_core	-1.467314017269903	0.18735121344137123	0
layer24_mean	rbf_svm	HPCLAS_TRAIN_N_004513	0	HPCLAS_TRAIN_N_004513	3	D_hard_sample	0.3171798778215995	0.5786368134359761	1
layer24_mean	rbf_svm	HPCLAS_TRAIN_N_004514	0	HPCLAS_TRAIN_N_004514	3	D_hard_sample	-0.34200097309403865	0.4153234988082122	0
layer24_mean	rbf_svm	HPCLAS_TRAIN_N_004517	0	HPCLAS_TRAIN_N_004517	3	A_clean_core	-1.2386612506170176	0.22466910040193228	0
layer24_mean	rbf_svm	HPCLAS_TRAIN_N_004522	0	HPCLAS_TRAIN_N_004522	3	A_clean_core	-1.1967909087355142	0.23204658786855983	0
layer24_mean	rbf_svm	HPCLAS_TRAIN_N_004540	0	HPCLAS_TRAIN_N_004540	3	A_clean_core	-1.1420299477679705	0.24194785511964	0
layer24_mean	rbf_svm	HPCLAS_TRAIN_N_004543	0	HPCLAS_TRAIN_N_004543	3	D_hard_sample	-1.4503145908624007	0.18995315489772566	0
layer24_mean	rbf_svm	HPCLAS_TRAIN_N_004553	0	HPCLAS_TRAIN_N_004553	3	A_clean_core	-1.0226064053507915	0.2645200153943624	0
layer24_mean	rbf_svm	HPCLAS_TRAIN_N_004557	0	HPCLAS_TRAIN_N_004557	3	A_clean_core	-1.0119658834436054	0.266595300488717	0
layer24_mean	rbf_svm	HPCLAS_TRAIN_N_004577	0	HPCLAS_TRAIN_N_004577	3	A_clean_core	-0.15203054989964107	0.46206540050453615	0
layer24_mean	rbf_svm	HPCLAS_TRAIN_N_004584	0	HPCLAS_TRAIN_N_004584	3	A_clean_core	-0.26298129643865276	0.4346309812364443	0
layer24_mean	rbf_svm	HPCLAS_TRAIN_N_004585	0	HPCLAS_TRAIN_N_002268	3	A_clean_core	-0.8378480272240566	0.30198820781524083	0
layer24_mean	rbf_svm	HPCLAS_TRAIN_N_004589	0	HPCLAS_TRAIN_N_004589	3	A_clean_core	-1.514957224904629	0.18020529433403343	0
layer24_mean	rbf_svm	HPCLAS_TRAIN_N_004592	0	HPCLAS_TRAIN_N_004592	3	A_clean_core	-1.717922013679155	0.1521390150829516	0
layer24_mean	rbf_svm	HPCLAS_TRAIN_N_004596	0	HPCLAS_TRAIN_N_004596	3	A_clean_core	-2.0749777417985715	0.11155274614592059	0
layer24_mean	rbf_svm	HPCLAS_TRAIN_N_004600	0	HPCLAS_TRAIN_N_004600	3	A_clean_core	-0.7000445727767493	0.3318023455475153	0
layer24_mean	rbf_svm	HPCLAS_TRAIN_N_004607	0	HPCLAS_TRAIN_P_007455	3	B_ambiguous	-0.8525800878544646	0.29889190544986555	0
layer24_mean	rbf_svm	HPCLAS_TRAIN_N_004617	0	HPCLAS_TRAIN_N_004617	3	A_clean_core	-0.887433503686965	0.29163974598496595	0
layer24_mean	rbf_svm	HPCLAS_TRAIN_N_004623	0	HPCLAS_TRAIN_N_004623	3	A_clean_core	1.0805591313146619	0.7465997791642844	1
layer24_mean	rbf_svm	HPCLAS_TRAIN_N_004629	0	HPCLAS_TRAIN_N_004629	3	A_clean_core	-1.5534505202147437	0.17458846444050233	0
layer24_mean	rbf_svm	HPCLAS_TRAIN_N_004634	0	HPCLAS_TRAIN_N_004634	3	D_hard_sample	-0.30952937508755407	0.42322961722525665	0
layer24_mean	rbf_svm	HPCLAS_TRAIN_N_004639	0	HPCLAS_TRAIN_N_004639	3	A_clean_core	-1.216904325726172	0.22848169052011813	0
layer24_mean	rbf_svm	HPCLAS_TRAIN_N_004647	0	HPCLAS_TRAIN_N_004647	3	B_ambiguous	-0.9467467856737247	0.2795395400420051	0
layer24_mean	rbf_svm	HPCLAS_TRAIN_N_004651	0	HPCLAS_TRAIN_N_004651	3	D_hard_sample	-1.212216609679631	0.2293090824174115	0
layer24_mean	rbf_svm	HPCLAS_TRAIN_N_004659	0	HPCLAS_TRAIN_N_004659	3	D_hard_sample	-0.8611586738147565	0.29709732234713143	0
layer24_mean	rbf_svm	HPCLAS_TRAIN_N_004668	0	HPCLAS_TRAIN_N_004668	3	A_clean_core	-1.0012177532236661	0.26870206393261775	0
layer24_mean	rbf_svm	HPCLAS_TRAIN_N_004669	0	HPCLAS_TRAIN_N_004669	3	D_hard_sample	0.478185658427725	0.6173193529977826	1
layer24_mean	rbf_svm	HPCLAS_TRAIN_N_004675	0	HPCLAS_TRAIN_N_004675	3	A_clean_core	-0.622712335091249	0.34916482477382355	0
layer24_mean	rbf_svm	HPCLAS_TRAIN_N_004683	0	HPCLAS_TRAIN_N_004683	3	A_clean_core	-1.2859899294079873	0.21653233024222845	0
layer24_mean	rbf_svm	HPCLAS_TRAIN_N_004701	0	HPCLAS_TRAIN_N_004701	3	A_clean_core	0.058836702949953745	0.5147049339058096	1
layer24_mean	rbf_svm	HPCLAS_TRAIN_N_004706	0	HPCLAS_TRAIN_N_004706	3	A_clean_core	0.11344535324934035	0.5283309602313578	1
layer24_mean	rbf_svm	HPCLAS_TRAIN_N_004716	0	HPCLAS_TRAIN_N_004716	3	A_clean_core	-0.9696472731577425	0.2749508137341861	0
layer24_mean	rbf_svm	HPCLAS_TRAIN_N_004718	0	HPCLAS_TRAIN_N_004718	3	A_clean_core	-0.3181889971421433	0.42111716641744174	0
layer24_mean	rbf_svm	HPCLAS_TRAIN_N_004726	0	HPCLAS_TRAIN_N_004726	3	A_clean_core	-2.1272677343585844	0.10647465406843824	0
layer24_mean	rbf_svm	HPCLAS_TRAIN_N_004730	0	HPCLAS_TRAIN_N_004730	3	A_clean_core	-0.21325436461795758	0.44688754126253744	0
layer24_mean	rbf_svm	HPCLAS_TRAIN_N_004737	0	HPCLAS_TRAIN_N_004737	3	A_clean_core	-0.7234079894806419	0.3266429623343019	0
layer24_mean	rbf_svm	HPCLAS_TRAIN_N_004741	0	HPCLAS_TRAIN_N_004741	3	A_clean_core	-1.1936239776547362	0.23261141689185752	0
layer24_mean	rbf_svm	HPCLAS_TRAIN_N_004743	0	HPCLAS_TRAIN_N_004743	3	A_clean_core	-0.1631220792576051	0.4593096669847695	0
layer24_mean	rbf_svm	HPCLAS_TRAIN_N_004751	0	HPCLAS_TRAIN_N_004751	3	A_clean_core	-1.3965250306971364	0.19836811568203805	0
layer24_mean	rbf_svm	HPCLAS_TRAIN_N_004752	0	HPCLAS_TRAIN_N_004752	3	A_clean_core	-1.5643711155210516	0.17302031487979783	0
layer24_mean	rbf_svm	HPCLAS_TRAIN_N_004760	0	HPCLAS_TRAIN_N_004760	3	A_clean_core	0.3233275408562475	0.5801349846097259	1
layer24_mean	rbf_svm	HPCLAS_TRAIN_N_004763	0	HPCLAS_TRAIN_N_004763	3	A_clean_core	-0.611557148456431	0.35170407318557034	0
layer24_mean	rbf_svm	HPCLAS_TRAIN_N_004771	0	HPCLAS_TRAIN_N_004771	3	D_hard_sample	-0.9788073973411424	0.27312848617717	0
layer24_mean	rbf_svm	HPCLAS_TRAIN_N_004775	0	HPCLAS_TRAIN_N_004775	3	A_clean_core	-0.9740692529127303	0.2740701572382705	0
layer24_mean	rbf_svm	HPCLAS_TRAIN_N_004783	0	HPCLAS_TRAIN_N_004783	3	B_ambiguous	-0.22175582451065337	0.4447871194017677	0
layer24_mean	rbf_svm	HPCLAS_TRAIN_N_004793	0	HPCLAS_TRAIN_N_004793	3	D_hard_sample	0.3824656305920193	0.5944676451404177	1
layer24_mean	rbf_svm	HPCLAS_TRAIN_N_004800	0	HPCLAS_TRAIN_N_004800	3	A_clean_core	-0.6907360290943161	0.33386935991733113	0
layer24_mean	rbf_svm	HPCLAS_TRAIN_N_004810	0	HPCLAS_TRAIN_N_004810	3	A_clean_core	-1.0342086953284948	0.26226897476521027	0
layer24_mean	rbf_svm	HPCLAS_TRAIN_N_004813	0	HPCLAS_TRAIN_N_004813	3	B_ambiguous	-0.47856532134861274	0.3825909608839782	0
layer24_mean	rbf_svm	HPCLAS_TRAIN_N_004822	0	HPCLAS_TRAIN_N_004822	3	A_clean_core	0.7127433570442863	0.6710070578116352	1
layer24_mean	rbf_svm	HPCLAS_TRAIN_N_004823	0	HPCLAS_TRAIN_N_004823	3	A_clean_core	-1.2491650968521972	0.22284469801660237	0
layer24_mean	rbf_svm	HPCLAS_TRAIN_N_004824	0	HPCLAS_TRAIN_N_004824	3	A_clean_core	-1.4467798569478718	0.19049764393336896	0
layer24_mean	rbf_svm	HPCLAS_TRAIN_N_004839	0	HPCLAS_TRAIN_N_004839	3	A_clean_core	-1.5747842079076397	0.171535434238101	0
layer24_mean	rbf_svm	HPCLAS_TRAIN_N_004842	0	HPCLAS_TRAIN_N_004842	3	D_hard_sample	-1.0027868822070998	0.2683938400316665	0
layer24_mean	rbf_svm	HPCLAS_TRAIN_N_004844	0	HPCLAS_TRAIN_N_004844	3	D_hard_sample	0.04048839457683567	0.5101207160993092	1
layer24_mean	rbf_svm	HPCLAS_TRAIN_N_004845	0	HPCLAS_TRAIN_N_004845	3	A_clean_core	-1.3823539356005308	0.20063121344122828	0
layer24_mean	rbf_svm	HPCLAS_TRAIN_N_004846	0	HPCLAS_TRAIN_N_004846	3	D_hard_sample	-0.521219679194386	0.37256707615578366	0
layer24_mean	rbf_svm	HPCLAS_TRAIN_N_004847	0	HPCLAS_TRAIN_N_004847	3	D_hard_sample	0.7790191949307783	0.6854686895031992	1
layer24_mean	rbf_svm	HPCLAS_TRAIN_N_004848	0	HPCLAS_TRAIN_N_004848	3	A_clean_core	-1.0456377614362533	0.26006364976942054	0
layer24_mean	rbf_svm	HPCLAS_TRAIN_N_004851	0	HPCLAS_TRAIN_N_004851	3	A_clean_core	-0.8751663916368277	0.29418042170302766	0
layer24_mean	rbf_svm	HPCLAS_TRAIN_N_004865	0	HPCLAS_TRAIN_N_004865	3	A_clean_core	-1.1714376952141923	0.23659521242724307	0
layer24_mean	rbf_svm	HPCLAS_TRAIN_N_004876	0	HPCLAS_TRAIN_N_004876	3	D_hard_sample	-0.34061505089845434	0.4156600815885281	0
layer24_mean	rbf_svm	HPCLAS_TRAIN_N_004881	0	HPCLAS_TRAIN_N_004881	3	A_clean_core	-0.9634417064854515	0.2761896373347515	0
layer24_mean	rbf_svm	HPCLAS_TRAIN_N_004883	0	HPCLAS_TRAIN_N_004883	3	A_clean_core	0.09878354968488587	0.5246758247357116	1
layer24_mean	rbf_svm	HPCLAS_TRAIN_N_004892	0	HPCLAS_TRAIN_N_004892	3	A_clean_core	-1.8839920767891571	0.13193100792001744	0
layer24_mean	rbf_svm	HPCLAS_TRAIN_N_004898	0	HPCLAS_TRAIN_N_004898	3	A_clean_core	-0.9119709873289416	0.2865966816598074	0
layer24_mean	rbf_svm	HPCLAS_TRAIN_N_004902	0	HPCLAS_TRAIN_N_004902	3	D_hard_sample	-0.7021781939968376	0.3313294712288316	0
layer24_mean	rbf_svm	HPCLAS_TRAIN_N_004906	0	HPCLAS_TRAIN_N_004906	3	D_hard_sample	-1.1751347987387828	0.23592809970386855	0
layer24_mean	rbf_svm	HPCLAS_TRAIN_N_004909	0	HPCLAS_TRAIN_N_004909	3	A_clean_core	-1.1956236089972607	0.23225466687267401	0
layer24_mean	rbf_svm	HPCLAS_TRAIN_N_004922	0	HPCLAS_TRAIN_N_004922	3	A_clean_core	-1.4445318058843577	0.19084455327275418	0
layer24_mean	rbf_svm	HPCLAS_TRAIN_N_004933	0	HPCLAS_TRAIN_N_004933	3	A_clean_core	-0.2759472340765988	0.431447644386799	0
layer24_mean	rbf_svm	HPCLAS_TRAIN_N_004934	0	HPCLAS_TRAIN_N_004934	3	A_clean_core	-0.30632828463932726	0.4240112150066068	0
layer24_mean	rbf_svm	HPCLAS_TRAIN_N_004936	0	HPCLAS_TRAIN_N_004936	3	A_clean_core	-1.2414402153754456	0.22418539489477904	0
layer24_mean	rbf_svm	HPCLAS_TRAIN_N_004955	0	HPCLAS_TRAIN_N_004955	3	A_clean_core	-1.4564912575121294	0.18900456492750808	0
layer24_mean	rbf_svm	HPCLAS_TRAIN_N_004958	0	HPCLAS_TRAIN_N_004958	3	A_clean_core	-1.7860553922145626	0.14355702514877763	0
layer24_mean	rbf_svm	HPCLAS_TRAIN_N_004975	0	HPCLAS_TRAIN_N_004975	3	A_clean_core	0.2138847315147224	0.5532682670170276	1
layer24_mean	rbf_svm	HPCLAS_TRAIN_N_004982	0	HPCLAS_TRAIN_N_004982	3	A_clean_core	-0.6767028998752824	0.33699757800290425	0
layer24_mean	rbf_svm	HPCLAS_TRAIN_N_004985	0	HPCLAS_TRAIN_N_004985	3	A_clean_core	-0.6993834073826931	0.33194894852672924	0
layer24_mean	rbf_svm	HPCLAS_TRAIN_N_004997	0	HPCLAS_TRAIN_P_003475	3	B_ambiguous	0.8304316151115168	0.6964461848342745	1
layer24_mean	rbf_svm	HPCLAS_TRAIN_N_005003	0	HPCLAS_TRAIN_N_005003	3	A_clean_core	-1.0159222727844222	0.2658224530440326	0
layer24_mean	rbf_svm	HPCLAS_TRAIN_N_005005	0	HPCLAS_TRAIN_N_005005	3	A_clean_core	-1.3132622820995559	0.21194145830874062	0
layer24_mean	rbf_svm	HPCLAS_TRAIN_N_005017	0	HPCLAS_TRAIN_N_005017	3	D_hard_sample	0.31644539533853133	0.5784577243344455	1
layer24_mean	rbf_svm	HPCLAS_TRAIN_N_005022	0	HPCLAS_TRAIN_N_005022	3	A_clean_core	-0.33562632728913644	0.4168722841115395	0
layer24_mean	rbf_svm	HPCLAS_TRAIN_N_005031	0	HPCLAS_TRAIN_N_005031	3	B_ambiguous	1.4134027127214799	0.8043020860674022	1
layer24_mean	rbf_svm	HPCLAS_TRAIN_N_005040	0	HPCLAS_TRAIN_N_005040	3	A_clean_core	-1.07887412364622	0.2537191374329914	0
layer24_mean	rbf_svm	HPCLAS_TRAIN_N_005041	0	HPCLAS_TRAIN_N_005041	3	A_clean_core	-1.1523654559439003	0.2400572881259301	0
layer24_mean	rbf_svm	HPCLAS_TRAIN_N_005057	0	HPCLAS_TRAIN_N_005057	3	D_hard_sample	-0.7662447259826575	0.31729200671772256	0
layer24_mean	rbf_svm	HPCLAS_TRAIN_N_005061	0	HPCLAS_TRAIN_N_005061	3	A_clean_core	-0.2583073150851829	0.43577985307221684	0
layer24_mean	rbf_svm	HPCLAS_TRAIN_N_005064	0	HPCLAS_TRAIN_N_005064	3	A_clean_core	-0.5123275850514927	0.37464804396791673	0
layer24_mean	rbf_svm	HPCLAS_TRAIN_N_005072	0	HPCLAS_TRAIN_N_005072	3	A_clean_core	-0.9759687156768809	0.2736924105045428	0
layer24_mean	rbf_svm	HPCLAS_TRAIN_N_005084	0	HPCLAS_TRAIN_N_005084	3	A_clean_core	-1.0996278986645036	0.24980962147962227	0
layer24_mean	rbf_svm	HPCLAS_TRAIN_N_005089	0	HPCLAS_TRAIN_N_005089	3	A_clean_core	-0.9806079608238577	0.27277116760009057	0
layer24_mean	rbf_svm	HPCLAS_TRAIN_P_000003	1	HPCLAS_TRAIN_P_000003	3	A_clean_core	1.4667041167653159	0.8125559110507028	1
layer24_mean	rbf_svm	HPCLAS_TRAIN_P_000005	1	HPCLAS_TRAIN_P_000005	3	A_clean_core	3.0493096562787176	0.9547527130493764	1
layer24_mean	rbf_svm	HPCLAS_TRAIN_P_000008	1	HPCLAS_TRAIN_P_000008	3	A_clean_core	1.1235274917138547	0.7546424435611273	1
layer24_mean	rbf_svm	HPCLAS_TRAIN_P_000022	1	HPCLAS_TRAIN_P_000022	3	D_hard_sample	0.8994917242857811	0.710845040611296	1
layer24_mean	rbf_svm	HPCLAS_TRAIN_P_000026	1	HPCLAS_TRAIN_P_000026	3	A_clean_core	1.31938950926286	0.7890801188411936	1
layer24_mean	rbf_svm	HPCLAS_TRAIN_P_000030	1	HPCLAS_TRAIN_P_000030	3	A_clean_core	2.052261915800951	0.8861759732791452	1
layer24_mean	rbf_svm	HPCLAS_TRAIN_P_000047	1	HPCLAS_TRAIN_N_001921	3	B_ambiguous	-1.0003622545377855	0.2688702037668316	0
layer24_mean	rbf_svm	HPCLAS_TRAIN_P_000059	1	HPCLAS_TRAIN_P_000059	3	A_clean_core	2.6063087363335837	0.9312664972103537	1
layer24_mean	rbf_svm	HPCLAS_TRAIN_P_000061	1	HPCLAS_TRAIN_P_000061	3	A_clean_core	1.3305020387010331	0.790923665749205	1
layer24_mean	rbf_svm	HPCLAS_TRAIN_P_000064	1	HPCLAS_TRAIN_P_000064	3	A_clean_core	1.0989686849394487	0.7500668183467164	1
layer24_mean	rbf_svm	HPCLAS_TRAIN_P_000075	1	HPCLAS_TRAIN_P_000075	3	A_clean_core	0.8510209278287585	0.700781261522422	1
layer24_mean	rbf_svm	HPCLAS_TRAIN_P_000076	1	HPCLAS_TRAIN_P_000076	3	A_clean_core	0.4306830382498774	0.6060367598584614	1
layer24_mean	rbf_svm	HPCLAS_TRAIN_P_000087	1	HPCLAS_TRAIN_P_000087	3	A_clean_core	1.5291067448932039	0.8218755827377777	1
layer24_mean	rbf_svm	HPCLAS_TRAIN_P_000090	1	HPCLAS_TRAIN_P_000090	3	A_clean_core	1.0739416289548946	0.745345781704945	1
layer24_mean	rbf_svm	HPCLAS_TRAIN_P_000102	1	HPCLAS_TRAIN_P_000102	3	A_clean_core	1.1298801402525738	0.7558167787246977	1
layer24_mean	rbf_svm	HPCLAS_TRAIN_P_000103	1	HPCLAS_TRAIN_P_000103	3	A_clean_core	2.0236002620464277	0.8832527710337151	1
layer24_mean	rbf_svm	HPCLAS_TRAIN_P_000106	1	HPCLAS_TRAIN_P_000106	3	D_hard_sample	0.3445966246512323	0.5853066641165275	1
layer24_mean	rbf_svm	HPCLAS_TRAIN_P_000108	1	HPCLAS_TRAIN_P_000108	3	A_clean_core	-0.6037225618280205	0.3534924928103799	0
layer24_mean	rbf_svm	HPCLAS_TRAIN_P_000113	1	HPCLAS_TRAIN_N_002087	3	B_ambiguous	0.7203333956323358	0.6726804288337138	1
layer24_mean	rbf_svm	HPCLAS_TRAIN_P_000114	1	HPCLAS_TRAIN_P_000114	3	A_clean_core	0.34741138578431907	0.5859897062826339	1
layer24_mean	rbf_svm	HPCLAS_TRAIN_P_000115	1	HPCLAS_TRAIN_P_000115	3	D_hard_sample	0.38692621238683134	0.5955425290331314	1
layer24_mean	rbf_svm	HPCLAS_TRAIN_P_000120	1	HPCLAS_TRAIN_P_000120	3	A_clean_core	2.879818849029717	0.9468397462433422	1
layer24_mean	rbf_svm	HPCLAS_TRAIN_P_000134	1	HPCLAS_TRAIN_P_000134	3	A_clean_core	1.794261297786787	0.8574489298582485	1
layer24_mean	rbf_svm	HPCLAS_TRAIN_P_000135	1	HPCLAS_TRAIN_P_000135	3	A_clean_core	0.8793752847370587	0.7066927480181854	1
layer24_mean	rbf_svm	HPCLAS_TRAIN_P_000143	1	HPCLAS_TRAIN_P_000143	3	A_clean_core	3.033014773189416	0.9540435351720655	1
layer24_mean	rbf_svm	HPCLAS_TRAIN_P_000145	1	HPCLAS_TRAIN_P_000145	3	A_clean_core	3.784956302215468	0.9777944301488903	1
layer24_mean	rbf_svm	HPCLAS_TRAIN_P_000146	1	HPCLAS_TRAIN_P_000146	3	A_clean_core	2.0229536222128597	0.8831860747444942	1
layer24_mean	rbf_svm	HPCLAS_TRAIN_P_000148	1	HPCLAS_TRAIN_P_000148	3	A_clean_core	1.451755195394011	0.8102684132928276	1
layer24_mean	rbf_svm	HPCLAS_TRAIN_P_000149	1	HPCLAS_TRAIN_P_000149	3	D_hard_sample	-0.6225507481755913	0.3492015460933378	0
layer24_mean	rbf_svm	HPCLAS_TRAIN_P_000152	1	HPCLAS_TRAIN_P_000152	3	A_clean_core	1.697544840573788	0.8452138048881939	1
layer24_mean	rbf_svm	HPCLAS_TRAIN_P_000167	1	HPCLAS_TRAIN_P_000167	3	A_clean_core	2.202998938356083	0.9005184934637223	1
layer24_mean	rbf_svm	HPCLAS_TRAIN_P_000175	1	HPCLAS_TRAIN_P_000175	3	A_clean_core	-0.9833200807261436	0.2722335040313592	0
layer24_mean	rbf_svm	HPCLAS_TRAIN_P_000185	1	HPCLAS_TRAIN_N_003755	3	B_ambiguous	0.8680295330627618	0.7043355194642283	1
layer24_mean	rbf_svm	HPCLAS_TRAIN_P_000195	1	HPCLAS_TRAIN_P_000195	3	A_clean_core	3.8041534761033224	0.9782074474475523	1
layer24_mean	rbf_svm	HPCLAS_TRAIN_P_000198	1	HPCLAS_TRAIN_P_000198	3	A_clean_core	1.3480349799210076	0.7938081857835741	1
layer24_mean	rbf_svm	HPCLAS_TRAIN_P_000205	1	HPCLAS_TRAIN_P_000205	3	D_hard_sample	-0.24173320420296554	0.43985927411040954	0
layer24_mean	rbf_svm	HPCLAS_TRAIN_P_000227	1	HPCLAS_TRAIN_P_000227	3	D_hard_sample	-0.2867272723086187	0.4288052731083518	0
layer24_mean	rbf_svm	HPCLAS_TRAIN_P_000228	1	HPCLAS_TRAIN_P_000228	3	A_clean_core	3.0032627515086157	0.9527213095710745	1
layer24_mean	rbf_svm	HPCLAS_TRAIN_P_000244	1	HPCLAS_TRAIN_P_000244	3	B_ambiguous	0.05805283334671965	0.5145091337581946	1
layer24_mean	rbf_svm	HPCLAS_TRAIN_P_000247	1	HPCLAS_TRAIN_P_000247	3	A_clean_core	2.3552396346546303	0.9133498015196201	1
layer24_mean	rbf_svm	HPCLAS_TRAIN_P_000248	1	HPCLAS_TRAIN_P_000248	3	A_clean_core	1.1495657828681722	0.7594315964797386	1
layer24_mean	rbf_svm	HPCLAS_TRAIN_P_000258	1	HPCLAS_TRAIN_P_000258	3	A_clean_core	1.3454465656816486	0.7933842003502561	1
layer24_mean	rbf_svm	HPCLAS_TRAIN_P_000266	1	HPCLAS_TRAIN_P_000266	3	D_hard_sample	-0.729638743267098	0.3252740077267313	0
layer24_mean	rbf_svm	HPCLAS_TRAIN_P_000267	1	HPCLAS_TRAIN_P_000267	3	A_clean_core	2.110013697472977	0.8918726541721651	1
layer24_mean	rbf_svm	HPCLAS_TRAIN_P_000272	1	HPCLAS_TRAIN_P_000272	3	A_clean_core	3.723736023387521	0.9764255733894154	1
layer24_mean	rbf_svm	HPCLAS_TRAIN_P_000277	1	HPCLAS_TRAIN_P_000277	3	A_clean_core	1.429043560112882	0.8067522476095108	1
layer24_mean	rbf_svm	HPCLAS_TRAIN_P_000283	1	HPCLAS_TRAIN_P_000283	3	A_clean_core	-0.3432819588624031	0.4150124709543354	0
layer24_mean	rbf_svm	HPCLAS_TRAIN_P_000284	1	HPCLAS_TRAIN_P_000284	3	D_hard_sample	1.3005590546631411	0.785929055991835	1
layer24_mean	rbf_svm	HPCLAS_TRAIN_P_000291	1	HPCLAS_TRAIN_P_000291	3	A_clean_core	2.307172297240142	0.9094693061226625	1
layer24_mean	rbf_svm	HPCLAS_TRAIN_P_000299	1	HPCLAS_TRAIN_P_000299	3	A_clean_core	0.35056853714340985	0.5867554409008108	1
layer24_mean	rbf_svm	HPCLAS_TRAIN_P_000309	1	HPCLAS_TRAIN_P_000309	3	A_clean_core	1.6967618794653516	0.845111344410733	1
layer24_mean	rbf_svm	HPCLAS_TRAIN_P_000323	1	HPCLAS_TRAIN_P_000323	3	A_clean_core	2.9948853636556816	0.9523425290501073	1
layer24_mean	rbf_svm	HPCLAS_TRAIN_P_000326	1	HPCLAS_TRAIN_N_005031	3	B_ambiguous	1.5536331901781693	0.825437858075899	1
layer24_mean	rbf_svm	HPCLAS_TRAIN_P_000357	1	HPCLAS_TRAIN_P_000357	3	A_clean_core	1.1479434985449994	0.759135088118039	1
layer24_mean	rbf_svm	HPCLAS_TRAIN_P_000361	1	HPCLAS_TRAIN_P_000361	3	A_clean_core	-0.24193425353783785	0.43980973955252173	0
layer24_mean	rbf_svm	HPCLAS_TRAIN_P_000366	1	HPCLAS_TRAIN_P_000366	3	A_clean_core	0.5112229583966832	0.6250931206778346	1
layer24_mean	rbf_svm	HPCLAS_TRAIN_P_000374	1	HPCLAS_TRAIN_P_000374	3	B_ambiguous	-1.0127322437188173	0.26644548681109165	0
layer24_mean	rbf_svm	HPCLAS_TRAIN_P_000377	1	HPCLAS_TRAIN_P_000377	3	A_clean_core	2.510077357941584	0.9248452675742483	1
layer24_mean	rbf_svm	HPCLAS_TRAIN_P_000380	1	HPCLAS_TRAIN_P_000380	3	A_clean_core	2.451486381776526	0.920670079115641	1
layer24_mean	rbf_svm	HPCLAS_TRAIN_P_000418	1	HPCLAS_TRAIN_P_000418	3	A_clean_core	-0.7389007124553765	0.32324457443689	0
layer24_mean	rbf_svm	HPCLAS_TRAIN_P_000420	1	HPCLAS_TRAIN_P_000420	3	D_hard_sample	0.3536837392991883	0.5875105901525131	1
layer24_mean	rbf_svm	HPCLAS_TRAIN_P_000430	1	HPCLAS_TRAIN_P_000430	3	D_hard_sample	1.1251250790225744	0.7549381280440629	1
layer24_mean	rbf_svm	HPCLAS_TRAIN_P_000431	1	HPCLAS_TRAIN_P_000431	3	A_clean_core	3.786841026171098	0.977835315355165	1
layer24_mean	rbf_svm	HPCLAS_TRAIN_P_000432	1	HPCLAS_TRAIN_P_000432	3	A_clean_core	0.4137345304385679	0.6019830102240008	1
layer24_mean	rbf_svm	HPCLAS_TRAIN_P_000433	1	HPCLAS_TRAIN_P_000433	3	A_clean_core	0.9325681009288368	0.7175960069226965	1
layer24_mean	rbf_svm	HPCLAS_TRAIN_P_000434	1	HPCLAS_TRAIN_P_000434	3	D_hard_sample	1.1438124935083505	0.7583789295692812	1
layer24_mean	rbf_svm	HPCLAS_TRAIN_P_000447	1	HPCLAS_TRAIN_P_000447	3	D_hard_sample	-0.9440557562422964	0.28008182718889646	0
layer24_mean	rbf_svm	HPCLAS_TRAIN_P_000450	1	HPCLAS_TRAIN_P_000450	3	A_clean_core	1.4132791715101891	0.804282639920013	1
layer24_mean	rbf_svm	HPCLAS_TRAIN_P_000456	1	HPCLAS_TRAIN_P_000456	3	A_clean_core	0.8536282019908933	0.7013276863614128	1
layer24_mean	rbf_svm	HPCLAS_TRAIN_P_000457	1	HPCLAS_TRAIN_N_000605	3	B_ambiguous	1.0666577756471753	0.7439607977392173	1
layer24_mean	rbf_svm	HPCLAS_TRAIN_P_000471	1	HPCLAS_TRAIN_P_000471	3	A_clean_core	2.591853437615552	0.930335436884748	1
layer24_mean	rbf_svm	HPCLAS_TRAIN_P_000480	1	HPCLAS_TRAIN_P_000480	3	A_clean_core	-0.5816800601215111	0.3585461035430167	0
layer24_mean	rbf_svm	HPCLAS_TRAIN_P_000501	1	HPCLAS_TRAIN_P_000501	3	A_clean_core	1.799848088888915	0.8581304420540656	1
layer24_mean	rbf_svm	HPCLAS_TRAIN_P_000505	1	HPCLAS_TRAIN_P_000505	3	A_clean_core	1.445491346831057	0.8093035778781948	1
layer24_mean	rbf_svm	HPCLAS_TRAIN_P_000508	1	HPCLAS_TRAIN_P_000508	3	D_hard_sample	-0.4226715748663207	0.3958776428040273	0
layer24_mean	rbf_svm	HPCLAS_TRAIN_P_000525	1	HPCLAS_TRAIN_P_000525	3	A_clean_core	1.2419399196862497	0.7759015048500669	1
layer24_mean	rbf_svm	HPCLAS_TRAIN_P_000528	1	HPCLAS_TRAIN_P_000528	3	D_hard_sample	1.1371967674897545	0.7571645904399195	1
layer24_mean	rbf_svm	HPCLAS_TRAIN_P_000530	1	HPCLAS_TRAIN_P_000530	3	A_clean_core	2.785089594000623	0.9418647554577004	1
layer24_mean	rbf_svm	HPCLAS_TRAIN_P_000545	1	HPCLAS_TRAIN_P_000545	3	A_clean_core	-0.6667260865579331	0.3392303119536797	0
layer24_mean	rbf_svm	HPCLAS_TRAIN_P_000549	1	HPCLAS_TRAIN_P_000549	3	A_clean_core	1.6290382060807465	0.8360378400488989	1
layer24_mean	rbf_svm	HPCLAS_TRAIN_P_000550	1	HPCLAS_TRAIN_N_001514	3	B_ambiguous	-0.7174219607571788	0.327960937167764	0
layer24_mean	rbf_svm	HPCLAS_TRAIN_P_000555	1	HPCLAS_TRAIN_P_000555	3	A_clean_core	0.9804413340260397	0.7271957778808407	1
layer24_mean	rbf_svm	HPCLAS_TRAIN_P_000558	1	HPCLAS_TRAIN_P_000558	3	A_clean_core	0.6883919902016602	0.6656091215528563	1
layer24_mean	rbf_svm	HPCLAS_TRAIN_P_000560	1	HPCLAS_TRAIN_P_000560	3	A_clean_core	1.2242131590312173	0.772804137165188	1
layer24_mean	rbf_svm	HPCLAS_TRAIN_P_000561	1	HPCLAS_TRAIN_P_000561	3	D_hard_sample	2.457307286821867	0.9210941790384305	1
layer24_mean	rbf_svm	HPCLAS_TRAIN_P_000572	1	HPCLAS_TRAIN_P_000572	3	A_clean_core	1.2877944563732155	0.783773644087477	1
layer24_mean	rbf_svm	HPCLAS_TRAIN_P_000573	1	HPCLAS_TRAIN_P_000573	3	A_clean_core	1.5635108201283625	0.8268565557400124	1
layer24_mean	rbf_svm	HPCLAS_TRAIN_P_000576	1	HPCLAS_TRAIN_P_000576	3	A_clean_core	0.4014563401372161	0.59903751113647	1
layer24_mean	rbf_svm	HPCLAS_TRAIN_P_000578	1	HPCLAS_TRAIN_P_000578	3	A_clean_core	1.0792585676800297	0.7463536485134651	1
layer24_mean	rbf_svm	HPCLAS_TRAIN_P_000584	1	HPCLAS_TRAIN_P_000584	3	D_hard_sample	-0.3774561452475229	0.40674059011894287	0
layer24_mean	rbf_svm	HPCLAS_TRAIN_P_000587	1	HPCLAS_TRAIN_P_000587	3	A_clean_core	0.7554935186930668	0.680374529308013	1
layer24_mean	rbf_svm	HPCLAS_TRAIN_P_000588	1	HPCLAS_TRAIN_P_000588	3	A_clean_core	1.4028334382184455	0.8026331274642245	1
layer24_mean	rbf_svm	HPCLAS_TRAIN_P_000594	1	HPCLAS_TRAIN_P_000594	3	B_ambiguous	0.7239379014528335	0.6734735796843471	1
layer24_mean	rbf_svm	HPCLAS_TRAIN_P_000596	1	HPCLAS_TRAIN_P_000596	3	A_clean_core	0.5826862194102528	0.6416852708819564	1
layer24_mean	rbf_svm	HPCLAS_TRAIN_P_000598	1	HPCLAS_TRAIN_P_000598	3	A_clean_core	2.0210558725125436	0.8829901444633679	1
layer24_mean	rbf_svm	HPCLAS_TRAIN_P_000599	1	HPCLAS_TRAIN_P_000599	3	A_clean_core	1.6554020049100124	0.8396198109072731	1
layer24_mean	rbf_svm	HPCLAS_TRAIN_P_000602	1	HPCLAS_TRAIN_P_000602	3	A_clean_core	0.4837344234448627	0.6186293158730005	1
layer24_mean	rbf_svm	HPCLAS_TRAIN_P_000613	1	HPCLAS_TRAIN_P_000613	3	A_clean_core	1.4765066304052479	0.8140443479229481	1
layer24_mean	rbf_svm	HPCLAS_TRAIN_P_000616	1	HPCLAS_TRAIN_P_000616	3	A_clean_core	2.5387504616821825	0.9268141159442992	1
layer24_mean	rbf_svm	HPCLAS_TRAIN_P_000644	1	HPCLAS_TRAIN_P_006250	3	A_clean_core	2.5130324821819032	0.9250504102133494	1
layer24_mean	rbf_svm	HPCLAS_TRAIN_P_000645	1	HPCLAS_TRAIN_P_000645	3	A_clean_core	0.43989141896013473	0.608233157754153	1
layer24_mean	rbf_svm	HPCLAS_TRAIN_P_000653	1	HPCLAS_TRAIN_P_000653	3	A_clean_core	0.632294656571303	0.653009586378157	1
layer24_mean	rbf_svm	HPCLAS_TRAIN_P_000655	1	HPCLAS_TRAIN_P_000655	3	A_clean_core	0.21918452104976197	0.5545778034429661	1
layer24_mean	rbf_svm	HPCLAS_TRAIN_P_000657	1	HPCLAS_TRAIN_P_000657	3	A_clean_core	1.0846015777984455	0.7473638010804075	1
layer24_mean	rbf_svm	HPCLAS_TRAIN_P_000664	1	HPCLAS_TRAIN_P_000664	3	A_clean_core	2.3738623670760175	0.9148123402646461	1
layer24_mean	rbf_svm	HPCLAS_TRAIN_P_000665	1	HPCLAS_TRAIN_P_000665	3	A_clean_core	0.2080106314012097	0.5518159595407393	1
layer24_mean	rbf_svm	HPCLAS_TRAIN_P_000669	1	HPCLAS_TRAIN_P_000669	3	A_clean_core	3.0584583346960392	0.9551462954821568	1
layer24_mean	rbf_svm	HPCLAS_TRAIN_P_000670	1	HPCLAS_TRAIN_P_000670	3	A_clean_core	-0.02357316071321028	0.4941069827119862	0
layer24_mean	rbf_svm	HPCLAS_TRAIN_P_000671	1	HPCLAS_TRAIN_P_000671	3	A_clean_core	1.874017069672989	0.866922402037125	1
layer24_mean	rbf_svm	HPCLAS_TRAIN_P_000672	1	HPCLAS_TRAIN_P_000672	3	A_clean_core	3.0775703820763556	0.9559580053523995	1
layer24_mean	rbf_svm	HPCLAS_TRAIN_P_000685	1	HPCLAS_TRAIN_P_000685	3	D_hard_sample	1.279336006961272	0.7823367289205679	1
layer24_mean	rbf_svm	HPCLAS_TRAIN_P_000691	1	HPCLAS_TRAIN_P_000691	3	A_clean_core	1.200442038549255	0.7686034103653255	1
layer24_mean	rbf_svm	HPCLAS_TRAIN_P_000695	1	HPCLAS_TRAIN_P_000695	3	A_clean_core	0.7671201810092104	0.6828976020741301	1
layer24_mean	rbf_svm	HPCLAS_TRAIN_P_000698	1	HPCLAS_TRAIN_P_000698	3	A_clean_core	1.5366593904955335	0.8229785740399832	1
layer24_mean	rbf_svm	HPCLAS_TRAIN_P_000703	1	HPCLAS_TRAIN_P_000703	3	A_clean_core	1.869102093445214	0.8663543480075343	1
layer24_mean	rbf_svm	HPCLAS_TRAIN_P_000705	1	HPCLAS_TRAIN_P_000705	3	A_clean_core	1.0096861496699443	0.7329587237321963	1
layer24_mean	rbf_svm	HPCLAS_TRAIN_P_000706	1	HPCLAS_TRAIN_P_000706	3	A_clean_core	1.1320194182971306	0.7562113830193451	1
layer24_mean	rbf_svm	HPCLAS_TRAIN_P_000716	1	HPCLAS_TRAIN_P_000716	3	A_clean_core	3.127179434887232	0.9580000513089068	1
layer24_mean	rbf_svm	HPCLAS_TRAIN_P_000719	1	HPCLAS_TRAIN_P_000719	3	A_clean_core	2.181404226960671	0.898567130955232	1
layer24_mean	rbf_svm	HPCLAS_TRAIN_P_000732	1	HPCLAS_TRAIN_P_000732	3	D_hard_sample	0.4623118460078931	0.6135624667756121	1
layer24_mean	rbf_svm	HPCLAS_TRAIN_P_000744	1	HPCLAS_TRAIN_P_000744	3	A_clean_core	0.07195932280849934	0.5179820718916895	1
layer24_mean	rbf_svm	HPCLAS_TRAIN_P_000747	1	HPCLAS_TRAIN_P_000747	3	A_clean_core	2.4425475706699182	0.9200147581550799	1
layer24_mean	rbf_svm	HPCLAS_TRAIN_P_000754	1	HPCLAS_TRAIN_P_000754	3	A_clean_core	1.679162176999048	0.8427935576643315	1
layer24_mean	rbf_svm	HPCLAS_TRAIN_P_000762	1	HPCLAS_TRAIN_P_000762	3	D_hard_sample	-0.8607390813787167	0.29718495350609125	0
layer24_mean	rbf_svm	HPCLAS_TRAIN_P_000771	1	HPCLAS_TRAIN_P_000771	3	A_clean_core	1.2099650945671432	0.7702927728741623	1
layer24_mean	rbf_svm	HPCLAS_TRAIN_P_000779	1	HPCLAS_TRAIN_P_000779	3	A_clean_core	1.005520935839597	0.7321426748073783	1
layer24_mean	rbf_svm	HPCLAS_TRAIN_P_000783	1	HPCLAS_TRAIN_P_000783	3	A_clean_core	-0.24062914575146074	0.4401313134821181	0
layer24_mean	rbf_svm	HPCLAS_TRAIN_P_000791	1	HPCLAS_TRAIN_P_000791	3	A_clean_core	1.3631847165053002	0.7962768100806553	1
layer24_mean	rbf_svm	HPCLAS_TRAIN_P_000792	1	HPCLAS_TRAIN_P_000792	3	A_clean_core	1.3981770318388966	0.801894451680396	1
layer24_mean	rbf_svm	HPCLAS_TRAIN_P_000796	1	HPCLAS_TRAIN_P_000796	3	A_clean_core	-0.806035498213567	0.30873594980361807	0
layer24_mean	rbf_svm	HPCLAS_TRAIN_P_000808	1	HPCLAS_TRAIN_P_000808	3	A_clean_core	2.1407343479072973	0.8947997570044524	1
layer24_mean	rbf_svm	HPCLAS_TRAIN_P_000811	1	HPCLAS_TRAIN_P_000811	3	A_clean_core	2.8280840309679705	0.9441746994746767	1
layer24_mean	rbf_svm	HPCLAS_TRAIN_P_000820	1	HPCLAS_TRAIN_P_000820	3	A_clean_core	-0.23548545388780276	0.441399187762465	0
layer24_mean	rbf_svm	HPCLAS_TRAIN_P_000826	1	HPCLAS_TRAIN_P_000826	3	A_clean_core	1.5546756002702093	0.8255880082046146	1
layer24_mean	rbf_svm	HPCLAS_TRAIN_P_000827	1	HPCLAS_TRAIN_P_000827	3	A_clean_core	0.7467976573902076	0.6784805247424439	1
layer24_mean	rbf_svm	HPCLAS_TRAIN_P_000830	1	HPCLAS_TRAIN_P_000830	3	A_clean_core	1.2139518714514705	0.7709974401391073	1
layer24_mean	rbf_svm	HPCLAS_TRAIN_P_000838	1	HPCLAS_TRAIN_P_000838	3	A_clean_core	3.3645249137037374	0.9665772660402091	1
layer24_mean	rbf_svm	HPCLAS_TRAIN_P_000840	1	HPCLAS_TRAIN_P_000840	3	A_clean_core	-0.6827633467179991	0.3356448315642571	0
layer24_mean	rbf_svm	HPCLAS_TRAIN_P_000841	1	HPCLAS_TRAIN_P_000841	3	A_clean_core	2.3290224414325014	0.9112523118585246	1
layer24_mean	rbf_svm	HPCLAS_TRAIN_P_000844	1	HPCLAS_TRAIN_P_000844	3	A_clean_core	-0.15881616452765016	0.4603792020902333	0
layer24_mean	rbf_svm	HPCLAS_TRAIN_P_000846	1	HPCLAS_TRAIN_P_000846	3	A_clean_core	2.7686314837048065	0.9409570018467647	1
layer24_mean	rbf_svm	HPCLAS_TRAIN_P_000852	1	HPCLAS_TRAIN_P_000852	3	A_clean_core	1.5331167261870187	0.8224618708807439	1
layer24_mean	rbf_svm	HPCLAS_TRAIN_P_000870	1	HPCLAS_TRAIN_P_000870	3	A_clean_core	-0.3572126113870613	0.411634481193674	0
layer24_mean	rbf_svm	HPCLAS_TRAIN_P_000872	1	HPCLAS_TRAIN_P_000872	3	D_hard_sample	0.7840925816589334	0.6865614879905325	1
layer24_mean	rbf_svm	HPCLAS_TRAIN_P_000875	1	HPCLAS_TRAIN_P_000875	3	A_clean_core	1.2227826512203501	0.7725528735915227	1
layer24_mean	rbf_svm	HPCLAS_TRAIN_P_000906	1	HPCLAS_TRAIN_P_000906	3	A_clean_core	1.2219922562519783	0.772413959475855	1
layer24_mean	rbf_svm	HPCLAS_TRAIN_P_000931	1	HPCLAS_TRAIN_P_000931	3	D_hard_sample	-0.18111429857050768	0.454844791155996	0
layer24_mean	rbf_svm	HPCLAS_TRAIN_P_000936	1	HPCLAS_TRAIN_P_000936	3	A_clean_core	5.3823742843383195	0.995424140117766	1
layer24_mean	rbf_svm	HPCLAS_TRAIN_P_000940	1	HPCLAS_TRAIN_P_000940	3	A_clean_core	1.0570403248071536	0.7421245413890025	1
layer24_mean	rbf_svm	HPCLAS_TRAIN_P_000942	1	HPCLAS_TRAIN_P_000942	3	A_clean_core	2.2957165027130997	0.9085216597183561	1
layer24_mean	rbf_svm	HPCLAS_TRAIN_P_000952	1	HPCLAS_TRAIN_P_000952	3	A_clean_core	-0.3164392451465423	0.42154377535606435	0
layer24_mean	rbf_svm	HPCLAS_TRAIN_P_000954	1	HPCLAS_TRAIN_P_000954	3	A_clean_core	-0.11940389930957437	0.4701844408502865	0
layer24_mean	rbf_svm	HPCLAS_TRAIN_P_000957	1	HPCLAS_TRAIN_N_004647	3	B_ambiguous	-0.886733374871083	0.2917844038963521	0
layer24_mean	rbf_svm	HPCLAS_TRAIN_P_000959	1	HPCLAS_TRAIN_P_000959	3	A_clean_core	2.6013980286529303	0.9309515002240408	1
layer24_mean	rbf_svm	HPCLAS_TRAIN_P_000961	1	HPCLAS_TRAIN_P_000961	3	A_clean_core	1.0205574256330199	0.7350811649997412	1
layer24_mean	rbf_svm	HPCLAS_TRAIN_P_000964	1	HPCLAS_TRAIN_P_000964	3	A_clean_core	0.5904568040377073	0.6434699508868561	1
layer24_mean	rbf_svm	HPCLAS_TRAIN_P_000973	1	HPCLAS_TRAIN_P_000973	3	A_clean_core	3.699080205383328	0.9758513126206866	1
layer24_mean	rbf_svm	HPCLAS_TRAIN_P_000975	1	HPCLAS_TRAIN_P_000975	3	A_clean_core	0.9046674939767357	0.7119077288572722	1
layer24_mean	rbf_svm	HPCLAS_TRAIN_P_000979	1	HPCLAS_TRAIN_P_000979	3	A_clean_core	0.9596407862599804	0.7230498787851001	1
layer24_mean	rbf_svm	HPCLAS_TRAIN_P_000984	1	HPCLAS_TRAIN_P_000984	3	A_clean_core	1.7908632427981543	0.8570330800008176	1
layer24_mean	rbf_svm	HPCLAS_TRAIN_P_000988	1	HPCLAS_TRAIN_P_000988	3	A_clean_core	1.0862035074290697	0.7476661433854119	1
layer24_mean	rbf_svm	HPCLAS_TRAIN_P_000989	1	HPCLAS_TRAIN_P_000989	3	A_clean_core	1.9172762223687172	0.8718343891051707	1
layer24_mean	rbf_svm	HPCLAS_TRAIN_P_001002	1	HPCLAS_TRAIN_P_001002	3	A_clean_core	2.565302104215761	0.928594821503101	1
layer24_mean	rbf_svm	HPCLAS_TRAIN_P_001015	1	HPCLAS_TRAIN_P_001015	3	A_clean_core	0.14507066231658883	0.5362041932357113	1
layer24_mean	rbf_svm	HPCLAS_TRAIN_P_001021	1	HPCLAS_TRAIN_P_001021	3	A_clean_core	0.2871370990656472	0.5712951033663339	1
layer24_mean	rbf_svm	HPCLAS_TRAIN_P_001026	1	HPCLAS_TRAIN_P_001026	3	A_clean_core	3.1174340885121543	0.9576061831483791	1
layer24_mean	rbf_svm	HPCLAS_TRAIN_P_001031	1	HPCLAS_TRAIN_P_001031	3	A_clean_core	2.302739943277321	0.9091037058243104	1
layer24_mean	rbf_svm	HPCLAS_TRAIN_P_001032	1	HPCLAS_TRAIN_P_001032	3	A_clean_core	1.4312240652793247	0.8070919676694123	1
layer24_mean	rbf_svm	HPCLAS_TRAIN_P_001036	1	HPCLAS_TRAIN_P_001036	3	A_clean_core	1.1335352466663948	0.7564907261180275	1
layer24_mean	rbf_svm	HPCLAS_TRAIN_P_001045	1	HPCLAS_TRAIN_P_001045	3	A_clean_core	5.101309985639903	0.9939480835539313	1
layer24_mean	rbf_svm	HPCLAS_TRAIN_P_001047	1	HPCLAS_TRAIN_P_001047	3	A_clean_core	0.5677134762425786	0.6382354045007492	1
layer24_mean	rbf_svm	HPCLAS_TRAIN_P_001048	1	HPCLAS_TRAIN_P_001048	3	A_clean_core	1.070245422887589	0.7446435856726399	1
layer24_mean	rbf_svm	HPCLAS_TRAIN_P_001050	1	HPCLAS_TRAIN_P_001050	3	B_ambiguous	0.9837115104815423	0.7278440400659357	1
layer24_mean	rbf_svm	HPCLAS_TRAIN_P_001054	1	HPCLAS_TRAIN_P_001054	3	A_clean_core	2.639350295000251	0.9333515599765887	1
layer24_mean	rbf_svm	HPCLAS_TRAIN_P_001061	1	HPCLAS_TRAIN_P_001061	3	A_clean_core	-0.768768373981951	0.3167455919041884	0
layer24_mean	rbf_svm	HPCLAS_TRAIN_P_001064	1	HPCLAS_TRAIN_P_001064	3	A_clean_core	2.1319788860900943	0.8939727243046988	1
layer24_mean	rbf_svm	HPCLAS_TRAIN_P_001065	1	HPCLAS_TRAIN_P_001065	3	D_hard_sample	1.763524477714397	0.8536505268529702	1
layer24_mean	rbf_svm	HPCLAS_TRAIN_P_001069	1	HPCLAS_TRAIN_P_001069	3	A_clean_core	3.1828061117511104	0.9601820892071766	1
layer24_mean	rbf_svm	HPCLAS_TRAIN_P_001071	1	HPCLAS_TRAIN_P_001071	3	A_clean_core	1.4538836956969543	0.8105954190389306	1
layer24_mean	rbf_svm	HPCLAS_TRAIN_P_001081	1	HPCLAS_TRAIN_P_001081	3	A_clean_core	1.2016631392916037	0.7688205145930812	1
layer24_mean	rbf_svm	HPCLAS_TRAIN_P_001091	1	HPCLAS_TRAIN_P_001091	3	D_hard_sample	-0.5789576123455421	0.35917248230395193	0
layer24_mean	rbf_svm	HPCLAS_TRAIN_P_001093	1	HPCLAS_TRAIN_P_001093	3	A_clean_core	1.8246471045760722	0.8611228089551569	1
layer24_mean	rbf_svm	HPCLAS_TRAIN_P_001094	1	HPCLAS_TRAIN_P_001094	3	A_clean_core	2.250376266706586	0.9046829861522956	1
layer24_mean	rbf_svm	HPCLAS_TRAIN_P_001095	1	HPCLAS_TRAIN_P_001095	3	A_clean_core	0.50926368092677	0.624633848232982	1
layer24_mean	rbf_svm	HPCLAS_TRAIN_P_001126	1	HPCLAS_TRAIN_P_001126	3	A_clean_core	-0.42768578288773984	0.3946790804308167	0
layer24_mean	rbf_svm	HPCLAS_TRAIN_P_001129	1	HPCLAS_TRAIN_P_001129	3	A_clean_core	2.926434496450784	0.9491378250045399	1
layer24_mean	rbf_svm	HPCLAS_TRAIN_P_001140	1	HPCLAS_TRAIN_P_001140	3	A_clean_core	1.3984738855563854	0.8019416055585818	1
layer24_mean	rbf_svm	HPCLAS_TRAIN_P_001150	1	HPCLAS_TRAIN_P_001150	3	A_clean_core	1.350758198808143	0.794253556782114	1
layer24_mean	rbf_svm	HPCLAS_TRAIN_P_001156	1	HPCLAS_TRAIN_P_001156	3	A_clean_core	-0.0712575794384677	0.4821931392424185	0
layer24_mean	rbf_svm	HPCLAS_TRAIN_P_001160	1	HPCLAS_TRAIN_P_001160	3	A_clean_core	2.3424498879246514	0.9123322304709274	1
layer24_mean	rbf_svm	HPCLAS_TRAIN_P_001176	1	HPCLAS_TRAIN_P_001176	3	A_clean_core	0.9014200073260875	0.7112412271318941	1
layer24_mean	rbf_svm	HPCLAS_TRAIN_P_001180	1	HPCLAS_TRAIN_P_001180	3	D_hard_sample	0.629948318546398	0.6524777434876982	1
layer24_mean	rbf_svm	HPCLAS_TRAIN_P_001190	1	HPCLAS_TRAIN_P_001190	3	A_clean_core	0.6629093903851285	0.6599136394992086	1
layer24_mean	rbf_svm	HPCLAS_TRAIN_P_001191	1	HPCLAS_TRAIN_P_001191	3	A_clean_core	3.8152113951481974	0.9784419338056436	1
layer24_mean	rbf_svm	HPCLAS_TRAIN_P_001200	1	HPCLAS_TRAIN_P_001200	3	A_clean_core	1.8962845163835909	0.8694704279970502	1
layer24_mean	rbf_svm	HPCLAS_TRAIN_P_001201	1	HPCLAS_TRAIN_P_001201	3	A_clean_core	0.5877900800109704	0.6428579269378741	1
layer24_mean	rbf_svm	HPCLAS_TRAIN_P_001202	1	HPCLAS_TRAIN_P_001202	3	A_clean_core	0.7043336453066275	0.6691478958166733	1
layer24_mean	rbf_svm	HPCLAS_TRAIN_P_001216	1	HPCLAS_TRAIN_P_007060	3	A_clean_core	2.8668173854940964	0.9461815126597488	1
layer24_mean	rbf_svm	HPCLAS_TRAIN_P_001218	1	HPCLAS_TRAIN_P_001218	3	A_clean_core	3.372133326871065	0.9668221901689126	1
layer24_mean	rbf_svm	HPCLAS_TRAIN_P_001225	1	HPCLAS_TRAIN_P_001225	3	A_clean_core	0.6294083614852448	0.6523552978555751	1
layer24_mean	rbf_svm	HPCLAS_TRAIN_P_001235	1	HPCLAS_TRAIN_P_001235	3	A_clean_core	2.2658292958162116	0.9060072192778167	1
layer24_mean	rbf_svm	HPCLAS_TRAIN_P_001238	1	HPCLAS_TRAIN_P_001238	3	A_clean_core	0.413611636296478	0.6019535644842178	1
layer24_mean	rbf_svm	HPCLAS_TRAIN_P_001242	1	HPCLAS_TRAIN_P_001242	3	A_clean_core	2.2775283209150134	0.9069987654274566	1
layer24_mean	rbf_svm	HPCLAS_TRAIN_P_001251	1	HPCLAS_TRAIN_P_001251	3	A_clean_core	2.1214602919137113	0.8929715746022777	1
layer24_mean	rbf_svm	HPCLAS_TRAIN_P_001254	1	HPCLAS_TRAIN_P_001254	3	A_clean_core	0.8009313955245266	0.6901736804006093	1
layer24_mean	rbf_svm	HPCLAS_TRAIN_P_001255	1	HPCLAS_TRAIN_P_001255	3	D_hard_sample	1.2133295038394003	0.770887536139527	1
layer24_mean	rbf_svm	HPCLAS_TRAIN_P_001260	1	HPCLAS_TRAIN_P_001260	3	D_hard_sample	-0.5884998035633277	0.3569791430134185	0
layer24_mean	rbf_svm	HPCLAS_TRAIN_P_001271	1	HPCLAS_TRAIN_P_001271	3	A_clean_core	1.2365182493876927	0.7749573837641203	1
layer24_mean	rbf_svm	HPCLAS_TRAIN_P_001274	1	HPCLAS_TRAIN_P_001274	3	D_hard_sample	1.106355414697176	0.7514490238969873	1
layer24_mean	rbf_svm	HPCLAS_TRAIN_P_001284	1	HPCLAS_TRAIN_P_001284	3	A_clean_core	1.2769337300005545	0.7819273774082756	1
layer24_mean	rbf_svm	HPCLAS_TRAIN_P_001291	1	HPCLAS_TRAIN_P_001291	3	A_clean_core	1.5286009919670729	0.8218015304237947	1
layer24_mean	rbf_svm	HPCLAS_TRAIN_P_001293	1	HPCLAS_TRAIN_P_001293	3	D_hard_sample	-0.6130301993486628	0.35136827874332943	0
layer24_mean	rbf_svm	HPCLAS_TRAIN_P_001295	1	HPCLAS_TRAIN_P_001295	3	A_clean_core	0.5155569008421038	0.6261082355761982	1
layer24_mean	rbf_svm	HPCLAS_TRAIN_P_001298	1	HPCLAS_TRAIN_P_002476	3	A_clean_core	1.9215421568947437	0.8723103055308012	1
layer24_mean	rbf_svm	HPCLAS_TRAIN_P_001308	1	HPCLAS_TRAIN_P_001308	3	A_clean_core	1.59545214115177	0.8313817990056224	1
layer24_mean	rbf_svm	HPCLAS_TRAIN_P_001314	1	HPCLAS_TRAIN_P_001314	3	A_clean_core	0.5335035852710908	0.6302998962340821	1
layer24_mean	rbf_svm	HPCLAS_TRAIN_P_001316	1	HPCLAS_TRAIN_P_001316	3	B_ambiguous	-0.12060424791406513	0.4698854315073095	0
layer24_mean	rbf_svm	HPCLAS_TRAIN_P_001318	1	HPCLAS_TRAIN_P_001318	3	A_clean_core	0.5399429760424955	0.6317991524105385	1
layer24_mean	rbf_svm	HPCLAS_TRAIN_P_001323	1	HPCLAS_TRAIN_P_001323	3	A_clean_core	2.875698814980616	0.9466319852628263	1
layer24_mean	rbf_svm	HPCLAS_TRAIN_P_001324	1	HPCLAS_TRAIN_P_001324	3	A_clean_core	0.9508294863593151	0.7212819638302663	1
layer24_mean	rbf_svm	HPCLAS_TRAIN_P_001330	1	HPCLAS_TRAIN_P_001330	3	D_hard_sample	-0.31391999920405567	0.4221582010442495	0
layer24_mean	rbf_svm	HPCLAS_TRAIN_P_001332	1	HPCLAS_TRAIN_P_001332	3	A_clean_core	1.311375944631235	0.7877433101172637	1
layer24_mean	rbf_svm	HPCLAS_TRAIN_P_001335	1	HPCLAS_TRAIN_P_001335	3	A_clean_core	1.0136021829755386	0.7337245102578204	1
layer24_mean	rbf_svm	HPCLAS_TRAIN_P_001340	1	HPCLAS_TRAIN_P_001340	3	A_clean_core	3.1943224175284466	0.9606200598232599	1
layer24_mean	rbf_svm	HPCLAS_TRAIN_P_001341	1	HPCLAS_TRAIN_P_001341	3	A_clean_core	1.392518118799849	0.8009939422037923	1
layer24_mean	rbf_svm	HPCLAS_TRAIN_P_001344	1	HPCLAS_TRAIN_P_001344	3	A_clean_core	0.4210598351838043	0.6037368312803495	1
layer24_mean	rbf_svm	HPCLAS_TRAIN_P_001354	1	HPCLAS_TRAIN_P_001354	3	A_clean_core	2.0989531803416845	0.8908013918342622	1
layer24_mean	rbf_svm	HPCLAS_TRAIN_P_001355	1	HPCLAS_TRAIN_P_001355	3	A_clean_core	-0.3146682790943983	0.4219756757983206	0
layer24_mean	rbf_svm	HPCLAS_TRAIN_P_001371	1	HPCLAS_TRAIN_P_001371	3	A_clean_core	0.05560647516284142	0.5138980378214254	1
layer24_mean	rbf_svm	HPCLAS_TRAIN_P_001372	1	HPCLAS_TRAIN_P_001372	3	A_clean_core	1.1010227235150718	0.7504516841263181	1
layer24_mean	rbf_svm	HPCLAS_TRAIN_P_001380	1	HPCLAS_TRAIN_P_001380	3	D_hard_sample	-0.02148816067035378	0.4946281665304893	0
layer24_mean	rbf_svm	HPCLAS_TRAIN_P_001391	1	HPCLAS_TRAIN_P_001391	3	A_clean_core	0.6456308991978158	0.6560252214900256	1
layer24_mean	rbf_svm	HPCLAS_TRAIN_P_001400	1	HPCLAS_TRAIN_P_001400	3	A_clean_core	1.4555045945122116	0.8108441511441812	1
layer24_mean	rbf_svm	HPCLAS_TRAIN_P_001407	1	HPCLAS_TRAIN_P_001407	3	A_clean_core	1.5816300705540616	0.8294352518488889	1
layer24_mean	rbf_svm	HPCLAS_TRAIN_P_001408	1	HPCLAS_TRAIN_P_001408	3	A_clean_core	2.9504560711675163	0.9502850392118324	1
layer24_mean	rbf_svm	HPCLAS_TRAIN_P_001413	1	HPCLAS_TRAIN_P_001413	3	A_clean_core	1.185994894168809	0.7660239891245055	1
layer24_mean	rbf_svm	HPCLAS_TRAIN_P_001421	1	HPCLAS_TRAIN_P_001421	3	A_clean_core	2.6642439939390377	0.9348835027190444	1
layer24_mean	rbf_svm	HPCLAS_TRAIN_P_001430	1	HPCLAS_TRAIN_P_001430	3	A_clean_core	2.5928333952177693	0.9303989225427658	1
layer24_mean	rbf_svm	HPCLAS_TRAIN_P_001431	1	HPCLAS_TRAIN_N_004783	3	B_ambiguous	1.1645085456049153	0.7621509755927462	1
layer24_mean	rbf_svm	HPCLAS_TRAIN_P_001432	1	HPCLAS_TRAIN_P_001432	3	A_clean_core	1.9963343750185303	0.8804116733292278	1
layer24_mean	rbf_svm	HPCLAS_TRAIN_P_001439	1	HPCLAS_TRAIN_P_001439	3	A_clean_core	3.1607782651541867	0.9593313210960489	1
layer24_mean	rbf_svm	HPCLAS_TRAIN_P_001440	1	HPCLAS_TRAIN_P_001440	3	B_ambiguous	0.8256065061049206	0.6954251480303238	1
layer24_mean	rbf_svm	HPCLAS_TRAIN_P_001455	1	HPCLAS_TRAIN_P_001455	3	A_clean_core	0.19214264759933505	0.5478884205689235	1
layer24_mean	rbf_svm	HPCLAS_TRAIN_P_001462	1	HPCLAS_TRAIN_P_001462	3	A_clean_core	3.5722213070053574	0.9726742912310888	1
layer24_mean	rbf_svm	HPCLAS_TRAIN_P_001471	1	HPCLAS_TRAIN_P_001471	3	A_clean_core	2.0587033971517346	0.8868240988950663	1
layer24_mean	rbf_svm	HPCLAS_TRAIN_P_001476	1	HPCLAS_TRAIN_P_001476	3	D_hard_sample	0.5363265288884492	0.6309574617154541	1
layer24_mean	rbf_svm	HPCLAS_TRAIN_P_001484	1	HPCLAS_TRAIN_P_001484	3	D_hard_sample	-0.3211238745921621	0.4204018754455583	0
layer24_mean	rbf_svm	HPCLAS_TRAIN_P_001486	1	HPCLAS_TRAIN_P_001486	3	A_clean_core	0.3117310249259728	0.5773077283490221	1
layer24_mean	rbf_svm	HPCLAS_TRAIN_P_001490	1	HPCLAS_TRAIN_P_001490	3	A_clean_core	1.2219327722206443	0.7724035025707898	1
layer24_mean	rbf_svm	HPCLAS_TRAIN_P_001491	1	HPCLAS_TRAIN_P_001491	3	A_clean_core	1.7965085630567905	0.8577233930951641	1
layer24_mean	rbf_svm	HPCLAS_TRAIN_P_001495	1	HPCLAS_TRAIN_P_001495	3	A_clean_core	2.871808381748475	0.946435099223445	1
layer24_mean	rbf_svm	HPCLAS_TRAIN_P_001496	1	HPCLAS_TRAIN_P_001496	3	A_clean_core	2.879380434771829	0.9468176746708624	1
layer24_mean	rbf_svm	HPCLAS_TRAIN_P_001511	1	HPCLAS_TRAIN_P_001511	3	A_clean_core	0.15523849117115748	0.538731870772071	1
layer24_mean	rbf_svm	HPCLAS_TRAIN_P_001513	1	HPCLAS_TRAIN_P_001513	3	D_hard_sample	0.5843028308191186	0.6420568855200071	1
layer24_mean	rbf_svm	HPCLAS_TRAIN_P_001516	1	HPCLAS_TRAIN_P_001516	3	A_clean_core	3.0590543908036287	0.9551718247016885	1
layer24_mean	rbf_svm	HPCLAS_TRAIN_P_001518	1	HPCLAS_TRAIN_P_001518	3	A_clean_core	0.15956496447538335	0.5398068168973184	1
layer24_mean	rbf_svm	HPCLAS_TRAIN_P_001524	1	HPCLAS_TRAIN_P_001524	3	D_hard_sample	0.5122090688177311	0.6253241888201183	1
layer24_mean	rbf_svm	HPCLAS_TRAIN_P_001525	1	HPCLAS_TRAIN_P_001525	3	D_hard_sample	1.0340866504579853	0.737707410824874	1
layer24_mean	rbf_svm	HPCLAS_TRAIN_P_001526	1	HPCLAS_TRAIN_P_001526	3	A_clean_core	1.1049570756083904	0.7511877595464216	1
layer24_mean	rbf_svm	HPCLAS_TRAIN_P_001531	1	HPCLAS_TRAIN_P_001531	3	A_clean_core	0.6189659445502519	0.6499833322896028	1
layer24_mean	rbf_svm	HPCLAS_TRAIN_P_001535	1	HPCLAS_TRAIN_P_001535	3	A_clean_core	4.925791944107801	0.9927953074041882	1
layer24_mean	rbf_svm	HPCLAS_TRAIN_P_001544	1	HPCLAS_TRAIN_N_002611	3	B_ambiguous	0.9429552545765932	0.7196962183651608	1
layer24_mean	rbf_svm	HPCLAS_TRAIN_P_001547	1	HPCLAS_TRAIN_P_001547	3	A_clean_core	0.23911123433204848	0.5594946153296128	1
layer24_mean	rbf_svm	HPCLAS_TRAIN_P_001552	1	HPCLAS_TRAIN_P_001552	3	D_hard_sample	0.10484790097211447	0.5261879890773651	1
layer24_mean	rbf_svm	HPCLAS_TRAIN_P_001560	1	HPCLAS_TRAIN_N_003748	3	B_ambiguous	0.7614016368039388	0.6816579669259555	1
layer24_mean	rbf_svm	HPCLAS_TRAIN_P_001561	1	HPCLAS_TRAIN_P_001561	3	A_clean_core	0.7560749895280657	0.6805009656155896	1
layer24_mean	rbf_svm	HPCLAS_TRAIN_P_001563	1	HPCLAS_TRAIN_P_001563	3	D_hard_sample	1.010863990186338	0.7331891994644787	1
layer24_mean	rbf_svm	HPCLAS_TRAIN_P_001572	1	HPCLAS_TRAIN_P_001572	3	A_clean_core	0.813703714922438	0.6928981814409637	1
layer24_mean	rbf_svm	HPCLAS_TRAIN_P_001574	1	HPCLAS_TRAIN_P_001574	3	A_clean_core	2.187189941817715	0.8990932508531199	1
layer24_mean	rbf_svm	HPCLAS_TRAIN_P_001580	1	HPCLAS_TRAIN_P_001580	3	D_hard_sample	0.268467031317292	0.5667165247512644	1
layer24_mean	rbf_svm	HPCLAS_TRAIN_P_001585	1	HPCLAS_TRAIN_P_001585	3	A_clean_core	1.356713792835045	0.7952250838241068	1
layer24_mean	rbf_svm	HPCLAS_TRAIN_P_001588	1	HPCLAS_TRAIN_P_001588	3	D_hard_sample	1.6986120837119567	0.8453533781281803	1
layer24_mean	rbf_svm	HPCLAS_TRAIN_P_001590	1	HPCLAS_TRAIN_P_001590	3	A_clean_core	-0.04140005556130574	0.4896514641527946	0
layer24_mean	rbf_svm	HPCLAS_TRAIN_P_001592	1	HPCLAS_TRAIN_P_001592	3	A_clean_core	0.6095695819625878	0.6478426116565649	1
layer24_mean	rbf_svm	HPCLAS_TRAIN_P_001596	1	HPCLAS_TRAIN_P_001596	3	A_clean_core	3.535750935528043	0.9716880526354574	1
layer24_mean	rbf_svm	HPCLAS_TRAIN_P_001599	1	HPCLAS_TRAIN_P_001599	3	D_hard_sample	0.3658262085158146	0.5904500595914376	1
layer24_mean	rbf_svm	HPCLAS_TRAIN_P_001604	1	HPCLAS_TRAIN_P_001604	3	A_clean_core	0.2549132055743034	0.5633854364883797	1
layer24_mean	rbf_svm	HPCLAS_TRAIN_P_001617	1	HPCLAS_TRAIN_P_001617	3	A_clean_core	-0.14820544479984024	0.4630163091448671	0
layer24_mean	rbf_svm	HPCLAS_TRAIN_P_001643	1	HPCLAS_TRAIN_P_001643	3	A_clean_core	2.960223092556003	0.9507444422677905	1
layer24_mean	rbf_svm	HPCLAS_TRAIN_P_001646	1	HPCLAS_TRAIN_P_001646	3	D_hard_sample	-0.9134466774636721	0.286295058536582	0
layer24_mean	rbf_svm	HPCLAS_TRAIN_P_001647	1	HPCLAS_TRAIN_N_001032	3	B_ambiguous	1.1023825048446385	0.7507062490186475	1
layer24_mean	rbf_svm	HPCLAS_TRAIN_P_001658	1	HPCLAS_TRAIN_P_001658	3	A_clean_core	2.095187477979905	0.8904345464464483	1
layer24_mean	rbf_svm	HPCLAS_TRAIN_P_001662	1	HPCLAS_TRAIN_P_001662	3	A_clean_core	1.1988492257086174	0.768320003893504	1
layer24_mean	rbf_svm	HPCLAS_TRAIN_P_001671	1	HPCLAS_TRAIN_P_001671	3	A_clean_core	3.485913038090394	0.9702842839234702	1
layer24_mean	rbf_svm	HPCLAS_TRAIN_P_001676	1	HPCLAS_TRAIN_P_001676	3	A_clean_core	1.037991436235532	0.7384622664649617	1
layer24_mean	rbf_svm	HPCLAS_TRAIN_P_001685	1	HPCLAS_TRAIN_P_001685	3	A_clean_core	1.8444177850940857	0.8634703538021287	1
layer24_mean	rbf_svm	HPCLAS_TRAIN_P_001692	1	HPCLAS_TRAIN_P_001692	3	D_hard_sample	0.4952522411047192	0.6213429432576978	1
layer24_mean	rbf_svm	HPCLAS_TRAIN_P_001693	1	HPCLAS_TRAIN_P_001693	3	A_clean_core	3.39190152129053	0.9674504769505385	1
layer24_mean	rbf_svm	HPCLAS_TRAIN_P_001697	1	HPCLAS_TRAIN_P_001697	3	A_clean_core	1.098228155756886	0.7499279681625814	1
layer24_mean	rbf_svm	HPCLAS_TRAIN_P_001699	1	HPCLAS_TRAIN_P_001699	3	A_clean_core	1.692931407807414	0.8446092796336915	1
layer24_mean	rbf_svm	HPCLAS_TRAIN_P_001701	1	HPCLAS_TRAIN_P_001701	3	A_clean_core	1.7378271585860092	0.8504108638801384	1
layer24_mean	rbf_svm	HPCLAS_TRAIN_P_001703	1	HPCLAS_TRAIN_P_001703	3	A_clean_core	-0.06558730651449698	0.4836090486892936	0
layer24_mean	rbf_svm	HPCLAS_TRAIN_P_001707	1	HPCLAS_TRAIN_P_001707	3	A_clean_core	1.5278424767977172	0.8216904234840717	1
layer24_mean	rbf_svm	HPCLAS_TRAIN_P_001715	1	HPCLAS_TRAIN_P_001715	3	A_clean_core	0.6545294356866507	0.6580304335387228	1
layer24_mean	rbf_svm	HPCLAS_TRAIN_P_001721	1	HPCLAS_TRAIN_P_001721	3	A_clean_core	1.0590938792264184	0.7425173463698058	1
layer24_mean	rbf_svm	HPCLAS_TRAIN_P_001724	1	HPCLAS_TRAIN_P_001724	3	A_clean_core	0.5814747950635385	0.641406686012463	1
layer24_mean	rbf_svm	HPCLAS_TRAIN_P_001726	1	HPCLAS_TRAIN_P_001726	3	A_clean_core	1.8534050319731576	0.8645263972853495	1
layer24_mean	rbf_svm	HPCLAS_TRAIN_P_001751	1	HPCLAS_TRAIN_P_001751	3	A_clean_core	0.7666771398735965	0.6828016544221459	1
layer24_mean	rbf_svm	HPCLAS_TRAIN_P_001754	1	HPCLAS_TRAIN_P_001754	3	A_clean_core	-0.22089827870449227	0.4449989016717452	0
layer24_mean	rbf_svm	HPCLAS_TRAIN_P_001755	1	HPCLAS_TRAIN_P_001755	3	A_clean_core	1.1216830837099292	0.7543007777201445	1
layer24_mean	rbf_svm	HPCLAS_TRAIN_P_001760	1	HPCLAS_TRAIN_P_001760	3	A_clean_core	-0.24950186594706028	0.437946110677421	0
layer24_mean	rbf_svm	HPCLAS_TRAIN_P_001770	1	HPCLAS_TRAIN_P_001770	3	A_clean_core	-0.08701706573221993	0.4782594500681871	0
layer24_mean	rbf_svm	HPCLAS_TRAIN_P_001772	1	HPCLAS_TRAIN_P_001772	3	A_clean_core	2.371460711221453	0.9146249909348436	1
layer24_mean	rbf_svm	HPCLAS_TRAIN_P_001775	1	HPCLAS_TRAIN_P_001775	3	A_clean_core	0.23579737038923262	0.5586777188180453	1
layer24_mean	rbf_svm	HPCLAS_TRAIN_P_001781	1	HPCLAS_TRAIN_P_001781	3	A_clean_core	1.949092281748351	0.8753476306423976	1
layer24_mean	rbf_svm	HPCLAS_TRAIN_P_001783	1	HPCLAS_TRAIN_P_001783	3	A_clean_core	3.22081501539619	0.9616101130131841	1
layer24_mean	rbf_svm	HPCLAS_TRAIN_P_001786	1	HPCLAS_TRAIN_P_001786	3	A_clean_core	1.811411011908256	0.859532321359372	1
layer24_mean	rbf_svm	HPCLAS_TRAIN_P_001790	1	HPCLAS_TRAIN_P_001790	3	A_clean_core	1.8061106599018675	0.8588911550206905	1
layer24_mean	rbf_svm	HPCLAS_TRAIN_P_001793	1	HPCLAS_TRAIN_P_001793	3	A_clean_core	1.6169951279825185	0.8343803042262079	1
layer24_mean	rbf_svm	HPCLAS_TRAIN_P_001794	1	HPCLAS_TRAIN_P_001794	3	A_clean_core	1.0091915078278437	0.7328618962136016	1
layer24_mean	rbf_svm	HPCLAS_TRAIN_P_001802	1	HPCLAS_TRAIN_P_001802	3	A_clean_core	3.909880549897415	0.9803509292188208	1
layer24_mean	rbf_svm	HPCLAS_TRAIN_P_001808	1	HPCLAS_TRAIN_P_001808	3	A_clean_core	3.367329229749405	0.9666677428644758	1
layer24_mean	rbf_svm	HPCLAS_TRAIN_P_001827	1	HPCLAS_TRAIN_P_001827	3	D_hard_sample	1.1837881209827879	0.765628234267026	1
layer24_mean	rbf_svm	HPCLAS_TRAIN_P_001833	1	HPCLAS_TRAIN_P_001833	3	A_clean_core	2.260019544613076	0.9055113033115813	1
layer24_mean	rbf_svm	HPCLAS_TRAIN_P_001834	1	HPCLAS_TRAIN_P_001834	3	A_clean_core	0.9299930930569208	0.7170738842218604	1
layer24_mean	rbf_svm	HPCLAS_TRAIN_P_001838	1	HPCLAS_TRAIN_P_002877	3	A_clean_core	2.2633080377625605	0.9057922937423657	1
layer24_mean	rbf_svm	HPCLAS_TRAIN_P_001842	1	HPCLAS_TRAIN_P_001842	3	A_clean_core	2.331742083188208	0.9114720076085598	1
layer24_mean	rbf_svm	HPCLAS_TRAIN_P_001854	1	HPCLAS_TRAIN_P_001854	3	A_clean_core	0.253869644971066	0.5631287221076835	1
layer24_mean	rbf_svm	HPCLAS_TRAIN_P_001860	1	HPCLAS_TRAIN_P_001860	3	A_clean_core	1.0799803800033776	0.7464902704174936	1
layer24_mean	rbf_svm	HPCLAS_TRAIN_P_001868	1	HPCLAS_TRAIN_P_001868	3	A_clean_core	1.6074405931061106	0.833055743151316	1
layer24_mean	rbf_svm	HPCLAS_TRAIN_P_001889	1	HPCLAS_TRAIN_P_001889	3	D_hard_sample	0.969336851188117	0.7249872984341946	1
layer24_mean	rbf_svm	HPCLAS_TRAIN_P_001906	1	HPCLAS_TRAIN_P_001906	3	A_clean_core	1.601274795827833	0.8321964800289733	1
layer24_mean	rbf_svm	HPCLAS_TRAIN_P_001910	1	HPCLAS_TRAIN_P_001910	3	D_hard_sample	-0.7051598494714854	0.3306692172472596	0
layer24_mean	rbf_svm	HPCLAS_TRAIN_P_001926	1	HPCLAS_TRAIN_P_001926	3	A_clean_core	1.4492187423663025	0.8098781685555129	1
layer24_mean	rbf_svm	HPCLAS_TRAIN_P_001945	1	HPCLAS_TRAIN_P_001945	3	A_clean_core	2.1540822515185067	0.8960496321566561	1
layer24_mean	rbf_svm	HPCLAS_TRAIN_P_001946	1	HPCLAS_TRAIN_P_001946	3	A_clean_core	1.2973577761483621	0.7853899652587177	1
layer24_mean	rbf_svm	HPCLAS_TRAIN_P_001949	1	HPCLAS_TRAIN_P_001949	3	A_clean_core	2.824238637169106	0.9439716667070572	1
layer24_mean	rbf_svm	HPCLAS_TRAIN_P_001950	1	HPCLAS_TRAIN_P_001950	3	A_clean_core	0.30468495413597185	0.575587391409827	1
layer24_mean	rbf_svm	HPCLAS_TRAIN_P_001958	1	HPCLAS_TRAIN_P_001958	3	A_clean_core	0.7622266144575868	0.6818369605579956	1
layer24_mean	rbf_svm	HPCLAS_TRAIN_P_001967	1	HPCLAS_TRAIN_P_001967	3	A_clean_core	1.1405699652166872	0.7577842699337102	1
layer24_mean	rbf_svm	HPCLAS_TRAIN_P_001970	1	HPCLAS_TRAIN_P_001970	3	A_clean_core	1.9761153572002763	0.8782664474017319	1
layer24_mean	rbf_svm	HPCLAS_TRAIN_P_001973	1	HPCLAS_TRAIN_P_001973	3	A_clean_core	0.9995971108744967	0.7309793584465442	1
layer24_mean	rbf_svm	HPCLAS_TRAIN_P_001978	1	HPCLAS_TRAIN_P_001978	3	A_clean_core	2.5559465654934934	0.9279719958481378	1
layer24_mean	rbf_svm	HPCLAS_TRAIN_P_001980	1	HPCLAS_TRAIN_P_001980	3	A_clean_core	1.85297918706132	0.8644765143712766	1
layer24_mean	rbf_svm	HPCLAS_TRAIN_P_001982	1	HPCLAS_TRAIN_P_001982	3	A_clean_core	0.485602547020903	0.6190699590425491	1
layer24_mean	rbf_svm	HPCLAS_TRAIN_P_001991	1	HPCLAS_TRAIN_P_001991	3	A_clean_core	2.3280356898219523	0.9111724793502738	1
layer24_mean	rbf_svm	HPCLAS_TRAIN_P_001996	1	HPCLAS_TRAIN_P_001996	3	A_clean_core	-0.3938244485256881	0.4027969825883324	0
layer24_mean	rbf_svm	HPCLAS_TRAIN_P_001997	1	HPCLAS_TRAIN_P_001997	3	A_clean_core	2.77539805164795	0.9413318117627228	1
layer24_mean	rbf_svm	HPCLAS_TRAIN_P_002000	1	HPCLAS_TRAIN_P_002000	3	A_clean_core	3.5606584265574797	0.9723652757914295	1
layer24_mean	rbf_svm	HPCLAS_TRAIN_P_002002	1	HPCLAS_TRAIN_P_002002	3	A_clean_core	1.6532750782311083	0.8393331954701317	1
layer24_mean	rbf_svm	HPCLAS_TRAIN_P_002011	1	HPCLAS_TRAIN_P_002011	3	A_clean_core	3.133938030940165	0.9582711496621313	1
layer24_mean	rbf_svm	HPCLAS_TRAIN_P_002027	1	HPCLAS_TRAIN_P_002027	3	A_clean_core	2.8473338665649592	0.9451807032202674	1
layer24_mean	rbf_svm	HPCLAS_TRAIN_P_002028	1	HPCLAS_TRAIN_P_002028	3	A_clean_core	1.4390544280160156	0.8083081814911689	1
layer24_mean	rbf_svm	HPCLAS_TRAIN_P_002029	1	HPCLAS_TRAIN_P_002029	3	A_clean_core	1.7631514659849197	0.8536039198632221	1
layer24_mean	rbf_svm	HPCLAS_TRAIN_P_002037	1	HPCLAS_TRAIN_P_002037	3	A_clean_core	0.8179264455811645	0.69379600486663	1
layer24_mean	rbf_svm	HPCLAS_TRAIN_P_002041	1	HPCLAS_TRAIN_P_002041	3	A_clean_core	2.441889203083056	0.9199662970636054	1
layer24_mean	rbf_svm	HPCLAS_TRAIN_P_002044	1	HPCLAS_TRAIN_P_002044	3	D_hard_sample	0.5809712440762221	0.6412908589509976	1
layer24_mean	rbf_svm	HPCLAS_TRAIN_P_002049	1	HPCLAS_TRAIN_P_002049	3	D_hard_sample	0.15630897676815855	0.5389978752195341	1
layer24_mean	rbf_svm	HPCLAS_TRAIN_P_002058	1	HPCLAS_TRAIN_P_002058	3	D_hard_sample	-0.02030178909006028	0.4949247270461125	0
layer24_mean	rbf_svm	HPCLAS_TRAIN_P_002064	1	HPCLAS_TRAIN_P_002064	3	A_clean_core	2.548983030086374	0.9275051639800241	1
layer24_mean	rbf_svm	HPCLAS_TRAIN_P_002065	1	HPCLAS_TRAIN_P_002065	3	D_hard_sample	-0.8968175945750163	0.28970492144804616	0
layer24_mean	rbf_svm	HPCLAS_TRAIN_P_002073	1	HPCLAS_TRAIN_P_002073	3	A_clean_core	2.9059476745562542	0.9481396697691835	1
layer24_mean	rbf_svm	HPCLAS_TRAIN_P_002092	1	HPCLAS_TRAIN_P_002092	3	D_hard_sample	-0.29025234700627645	0.42794208946597895	0
layer24_mean	rbf_svm	HPCLAS_TRAIN_P_002096	1	HPCLAS_TRAIN_P_002096	3	A_clean_core	0.8903254425416135	0.7089573279163797	1
layer24_mean	rbf_svm	HPCLAS_TRAIN_P_002097	1	HPCLAS_TRAIN_P_002097	3	B_ambiguous	-0.9171698409189608	0.2855349095076752	0
layer24_mean	rbf_svm	HPCLAS_TRAIN_P_002110	1	HPCLAS_TRAIN_P_002110	3	A_clean_core	0.7312404941662094	0.6750774314372009	1
layer24_mean	rbf_svm	HPCLAS_TRAIN_P_002125	1	HPCLAS_TRAIN_P_002125	3	D_hard_sample	-0.16427093071993207	0.45902436964444776	0
layer24_mean	rbf_svm	HPCLAS_TRAIN_P_002129	1	HPCLAS_TRAIN_P_002129	3	A_clean_core	1.8098367517289988	0.8593421430785179	1
layer24_mean	rbf_svm	HPCLAS_TRAIN_P_002139	1	HPCLAS_TRAIN_P_002139	3	D_hard_sample	0.4760576208853411	0.6168165082099439	1
layer24_mean	rbf_svm	HPCLAS_TRAIN_P_002140	1	HPCLAS_TRAIN_P_002140	3	A_clean_core	1.371538479425949	0.7976286043468936	1
layer24_mean	rbf_svm	HPCLAS_TRAIN_P_002143	1	HPCLAS_TRAIN_P_002143	3	A_clean_core	-0.3381160483835778	0.4162671838983632	0
layer24_mean	rbf_svm	HPCLAS_TRAIN_P_002146	1	HPCLAS_TRAIN_P_002146	3	A_clean_core	3.7139027511485496	0.976198160956607	1
layer24_mean	rbf_svm	HPCLAS_TRAIN_P_002147	1	HPCLAS_TRAIN_P_002147	3	A_clean_core	0.07483877195697061	0.5187009653748809	1
layer24_mean	rbf_svm	HPCLAS_TRAIN_P_002153	1	HPCLAS_TRAIN_P_002153	3	A_clean_core	1.4780875750920177	0.8142835464303927	1
layer24_mean	rbf_svm	HPCLAS_TRAIN_P_002155	1	HPCLAS_TRAIN_P_002155	3	A_clean_core	0.3144074946067157	0.5779607143883602	1
layer24_mean	rbf_svm	HPCLAS_TRAIN_P_002160	1	HPCLAS_TRAIN_P_002160	3	A_clean_core	3.3392200085772297	0.965750051988277	1
layer24_mean	rbf_svm	HPCLAS_TRAIN_P_002163	1	HPCLAS_TRAIN_P_002163	3	A_clean_core	0.6965149543982038	0.6674146403116474	1
layer24_mean	rbf_svm	HPCLAS_TRAIN_P_002165	1	HPCLAS_TRAIN_P_002165	3	D_hard_sample	0.40175755525023726	0.5991098583090136	1
layer24_mean	rbf_svm	HPCLAS_TRAIN_P_002169	1	HPCLAS_TRAIN_P_002169	3	D_hard_sample	0.4052134281957547	0.5999395953010757	1
layer24_mean	rbf_svm	HPCLAS_TRAIN_P_002170	1	HPCLAS_TRAIN_P_002170	3	A_clean_core	1.2336626102958987	0.7744589737671588	1
layer24_mean	rbf_svm	HPCLAS_TRAIN_P_002181	1	HPCLAS_TRAIN_P_002181	3	D_hard_sample	-0.2542874035535819	0.4367685058249017	0
layer24_mean	rbf_svm	HPCLAS_TRAIN_P_002185	1	HPCLAS_TRAIN_P_002185	3	A_clean_core	-1.0652268322198692	0.25631186798194483	0
layer24_mean	rbf_svm	HPCLAS_TRAIN_P_002194	1	HPCLAS_TRAIN_P_002194	3	D_hard_sample	0.41381305904728527	0.6020018254859926	1
layer24_mean	rbf_svm	HPCLAS_TRAIN_P_002197	1	HPCLAS_TRAIN_P_002197	3	A_clean_core	0.3760722232067849	0.5929254227279698	1
layer24_mean	rbf_svm	HPCLAS_TRAIN_P_002200	1	HPCLAS_TRAIN_P_003205	3	A_clean_core	3.6900847271566812	0.9756384195688894	1
layer24_mean	rbf_svm	HPCLAS_TRAIN_P_002217	1	HPCLAS_TRAIN_P_002217	3	D_hard_sample	1.5502233045971974	0.824945981617161	1
layer24_mean	rbf_svm	HPCLAS_TRAIN_P_002230	1	HPCLAS_TRAIN_P_002230	3	D_hard_sample	1.8690302598498922	0.8663460305723305	1
layer24_mean	rbf_svm	HPCLAS_TRAIN_P_002237	1	HPCLAS_TRAIN_P_002237	3	A_clean_core	1.1724300000889463	0.7635839687644426	1
layer24_mean	rbf_svm	HPCLAS_TRAIN_P_002240	1	HPCLAS_TRAIN_P_002240	3	A_clean_core	3.300382559952751	0.964441932451585	1
layer24_mean	rbf_svm	HPCLAS_TRAIN_P_002246	1	HPCLAS_TRAIN_P_002246	3	A_clean_core	1.143530203364523	0.75832719885774	1
layer24_mean	rbf_svm	HPCLAS_TRAIN_P_002247	1	HPCLAS_TRAIN_N_003434	3	B_ambiguous	0.7485894595551456	0.6788712718261127	1
layer24_mean	rbf_svm	HPCLAS_TRAIN_P_002255	1	HPCLAS_TRAIN_N_002212	3	B_ambiguous	0.8174595184632474	0.6936968004431898	1
layer24_mean	rbf_svm	HPCLAS_TRAIN_P_002256	1	HPCLAS_TRAIN_P_002256	3	A_clean_core	-0.2253064489113442	0.4439104600272887	0
layer24_mean	rbf_svm	HPCLAS_TRAIN_P_002275	1	HPCLAS_TRAIN_P_002275	3	D_hard_sample	-1.2321083643491317	0.2258126257065179	0
layer24_mean	rbf_svm	HPCLAS_TRAIN_P_002279	1	HPCLAS_TRAIN_P_002279	3	A_clean_core	3.8270200247884065	0.9786896147499387	1
layer24_mean	rbf_svm	HPCLAS_TRAIN_P_002286	1	HPCLAS_TRAIN_P_002286	3	B_ambiguous	1.2225931928973035	0.7725195812163104	1
layer24_mean	rbf_svm	HPCLAS_TRAIN_P_002292	1	HPCLAS_TRAIN_P_002292	3	A_clean_core	4.297196245336642	0.9865760004307638	1
layer24_mean	rbf_svm	HPCLAS_TRAIN_P_002293	1	HPCLAS_TRAIN_P_002293	3	A_clean_core	2.6907680563038348	0.9364796851856864	1
layer24_mean	rbf_svm	HPCLAS_TRAIN_P_002299	1	HPCLAS_TRAIN_P_002299	3	A_clean_core	3.305658426671572	0.9646224187263489	1
layer24_mean	rbf_svm	HPCLAS_TRAIN_P_002315	1	HPCLAS_TRAIN_P_002315	3	A_clean_core	-0.07485421569464137	0.48129517909289327	0
layer24_mean	rbf_svm	HPCLAS_TRAIN_P_002327	1	HPCLAS_TRAIN_P_002327	3	D_hard_sample	0.1740324598142746	0.5433986345944902	1
layer24_mean	rbf_svm	HPCLAS_TRAIN_P_002328	1	HPCLAS_TRAIN_P_002328	3	A_clean_core	0.36395643275769307	0.5899978363373228	1
layer24_mean	rbf_svm	HPCLAS_TRAIN_P_002344	1	HPCLAS_TRAIN_P_002344	3	A_clean_core	3.108419391050656	0.9572387038211337	1
layer24_mean	rbf_svm	HPCLAS_TRAIN_P_002348	1	HPCLAS_TRAIN_P_002348	3	A_clean_core	0.5609596491888206	0.63667455549754	1
layer24_mean	rbf_svm	HPCLAS_TRAIN_P_002352	1	HPCLAS_TRAIN_P_002352	3	A_clean_core	2.582928891530682	0.9297547983370553	1
layer24_mean	rbf_svm	HPCLAS_TRAIN_P_002359	1	HPCLAS_TRAIN_P_002359	3	A_clean_core	1.4796908330541292	0.814525878324878	1
layer24_mean	rbf_svm	HPCLAS_TRAIN_P_002363	1	HPCLAS_TRAIN_P_002363	3	A_clean_core	1.0274560137551658	0.7364223938638266	1
layer24_mean	rbf_svm	HPCLAS_TRAIN_P_002379	1	HPCLAS_TRAIN_P_002379	3	A_clean_core	2.058337217982176	0.8867873413415063	1
layer24_mean	rbf_svm	HPCLAS_TRAIN_P_002380	1	HPCLAS_TRAIN_P_002380	3	A_clean_core	1.242750526462205	0.7760424203034448	1
layer24_mean	rbf_svm	HPCLAS_TRAIN_P_002413	1	HPCLAS_TRAIN_P_002413	3	A_clean_core	1.629628743936368	0.8361187740705636	1
layer24_mean	rbf_svm	HPCLAS_TRAIN_P_002418	1	HPCLAS_TRAIN_P_002418	3	A_clean_core	1.2390496379019214	0.7753985466691972	1
layer24_mean	rbf_svm	HPCLAS_TRAIN_P_002422	1	HPCLAS_TRAIN_N_003779	3	B_ambiguous	0.6288527594831489	0.6522292834009772	1
layer24_mean	rbf_svm	HPCLAS_TRAIN_P_002425	1	HPCLAS_TRAIN_P_002425	3	A_clean_core	3.3837414399519474	0.9671925330896318	1
layer24_mean	rbf_svm	HPCLAS_TRAIN_P_002435	1	HPCLAS_TRAIN_P_002435	3	A_clean_core	1.4644697893096454	0.812215365632623	1
layer24_mean	rbf_svm	HPCLAS_TRAIN_P_002437	1	HPCLAS_TRAIN_P_002437	3	A_clean_core	3.318486335643758	0.9650575844373986	1
layer24_mean	rbf_svm	HPCLAS_TRAIN_P_002438	1	HPCLAS_TRAIN_P_002438	3	A_clean_core	2.1120900375862153	0.8920727248780391	1
layer24_mean	rbf_svm	HPCLAS_TRAIN_P_002441	1	HPCLAS_TRAIN_P_002441	3	D_hard_sample	-1.2360798858534754	0.22511907536562795	0
layer24_mean	rbf_svm	HPCLAS_TRAIN_P_002442	1	HPCLAS_TRAIN_P_002442	3	A_clean_core	4.5797097742433275	0.9898462825800269	1
layer24_mean	rbf_svm	HPCLAS_TRAIN_P_002443	1	HPCLAS_TRAIN_P_002443	3	A_clean_core	1.5573231345484018	0.8259689045916772	1
layer24_mean	rbf_svm	HPCLAS_TRAIN_P_002447	1	HPCLAS_TRAIN_P_002447	3	A_clean_core	0.6175849258120794	0.6496690785801663	1
layer24_mean	rbf_svm	HPCLAS_TRAIN_P_002452	1	HPCLAS_TRAIN_P_002452	3	D_hard_sample	0.7697178351651798	0.6834598526557394	1
layer24_mean	rbf_svm	HPCLAS_TRAIN_P_002456	1	HPCLAS_TRAIN_P_002456	3	A_clean_core	1.9055360692346406	0.8705168173532282	1
layer24_mean	rbf_svm	HPCLAS_TRAIN_P_002459	1	HPCLAS_TRAIN_P_002459	3	A_clean_core	0.9502773803650854	0.7211709580334601	1
layer24_mean	rbf_svm	HPCLAS_TRAIN_P_002461	1	HPCLAS_TRAIN_P_002461	3	D_hard_sample	-0.30512659344178084	0.42430472565260535	0
layer24_mean	rbf_svm	HPCLAS_TRAIN_P_002462	1	HPCLAS_TRAIN_P_002462	3	A_clean_core	0.925036305727485	0.7160671753717158	1
layer24_mean	rbf_svm	HPCLAS_TRAIN_P_002463	1	HPCLAS_TRAIN_P_002463	3	A_clean_core	3.6107701599735273	0.9736804243549536	1
layer24_mean	rbf_svm	HPCLAS_TRAIN_P_002469	1	HPCLAS_TRAIN_P_002469	3	D_hard_sample	-0.9761748724910987	0.27365143156002286	0
layer24_mean	rbf_svm	HPCLAS_TRAIN_P_002471	1	HPCLAS_TRAIN_P_002471	3	A_clean_core	1.3288628774759441	0.7906524791817003	1
layer24_mean	rbf_svm	HPCLAS_TRAIN_P_002472	1	HPCLAS_TRAIN_P_002472	3	D_hard_sample	-0.0014094486825401986	0.4996476378876969	0
layer24_mean	rbf_svm	HPCLAS_TRAIN_P_002475	1	HPCLAS_TRAIN_P_002475	3	A_clean_core	1.6754958997620806	0.8423071924383996	1
layer24_mean	rbf_svm	HPCLAS_TRAIN_P_002476	1	HPCLAS_TRAIN_P_002476	3	A_clean_core	1.7534487587413277	0.8523872634561033	1
layer24_mean	rbf_svm	HPCLAS_TRAIN_P_002479	1	HPCLAS_TRAIN_P_002479	3	A_clean_core	3.9723484284541772	0.9815188228511468	1
layer24_mean	rbf_svm	HPCLAS_TRAIN_P_002483	1	HPCLAS_TRAIN_P_002483	3	A_clean_core	0.29381205825362533	0.5729291307133496	1
layer24_mean	rbf_svm	HPCLAS_TRAIN_P_002496	1	HPCLAS_TRAIN_P_002496	3	A_clean_core	2.6775581140794684	0.9356893398367194	1
layer24_mean	rbf_svm	HPCLAS_TRAIN_P_002515	1	HPCLAS_TRAIN_P_002515	3	A_clean_core	0.5914111311606213	0.6436888591652974	1
layer24_mean	rbf_svm	HPCLAS_TRAIN_P_002522	1	HPCLAS_TRAIN_P_002522	3	A_clean_core	4.09619295168911	0.9836363354714499	1
layer24_mean	rbf_svm	HPCLAS_TRAIN_P_002530	1	HPCLAS_TRAIN_P_002530	3	D_hard_sample	0.40011283853217794	0.5987147704804178	1
layer24_mean	rbf_svm	HPCLAS_TRAIN_P_002531	1	HPCLAS_TRAIN_P_002531	3	A_clean_core	4.140446157681731	0.9843335936051641	1
layer24_mean	rbf_svm	HPCLAS_TRAIN_P_002534	1	HPCLAS_TRAIN_P_002534	3	D_hard_sample	1.8206558217840774	0.8606448018436577	1
layer24_mean	rbf_svm	HPCLAS_TRAIN_P_002548	1	HPCLAS_TRAIN_P_002548	3	A_clean_core	1.2403279982518833	0.7756211019519192	1
layer24_mean	rbf_svm	HPCLAS_TRAIN_P_002554	1	HPCLAS_TRAIN_P_002554	3	A_clean_core	1.3710176364370958	0.7975445182898345	1
layer24_mean	rbf_svm	HPCLAS_TRAIN_P_002574	1	HPCLAS_TRAIN_P_002574	3	A_clean_core	3.1558898900024186	0.9591401736040523	1
layer24_mean	rbf_svm	HPCLAS_TRAIN_P_002575	1	HPCLAS_TRAIN_P_002575	3	A_clean_core	1.6622339776229775	0.8405376600815734	1
layer24_mean	rbf_svm	HPCLAS_TRAIN_P_002579	1	HPCLAS_TRAIN_P_002579	3	A_clean_core	1.0263210115866594	0.7362020257803543	1
layer24_mean	rbf_svm	HPCLAS_TRAIN_P_002580	1	HPCLAS_TRAIN_P_002580	3	A_clean_core	2.0344353109874884	0.8843654209385542	1
layer24_mean	rbf_svm	HPCLAS_TRAIN_P_002586	1	HPCLAS_TRAIN_P_002586	3	A_clean_core	1.4868830855124318	0.8156099798013987	1
layer24_mean	rbf_svm	HPCLAS_TRAIN_P_002592	1	HPCLAS_TRAIN_P_002592	3	A_clean_core	0.945988471690192	0.7203077121271186	1
layer24_mean	rbf_svm	HPCLAS_TRAIN_P_002601	1	HPCLAS_TRAIN_P_002601	3	A_clean_core	1.2274753906192866	0.77337640314991	1
layer24_mean	rbf_svm	HPCLAS_TRAIN_P_002617	1	HPCLAS_TRAIN_P_002617	3	A_clean_core	1.0684240683033575	0.7442971016885122	1
layer24_mean	rbf_svm	HPCLAS_TRAIN_P_002621	1	HPCLAS_TRAIN_N_003127	3	B_ambiguous	0.4925101318559285	0.6206975767313396	1
layer24_mean	rbf_svm	HPCLAS_TRAIN_P_002622	1	HPCLAS_TRAIN_P_002622	3	A_clean_core	0.8753907942671579	0.705866170725782	1
layer24_mean	rbf_svm	HPCLAS_TRAIN_P_002625	1	HPCLAS_TRAIN_P_002625	3	D_hard_sample	0.8389949581817596	0.6982535003670907	1
layer24_mean	rbf_svm	HPCLAS_TRAIN_P_002629	1	HPCLAS_TRAIN_P_002629	3	A_clean_core	1.5400419409508828	0.82347082211817	1
layer24_mean	rbf_svm	HPCLAS_TRAIN_P_002632	1	HPCLAS_TRAIN_P_002632	3	A_clean_core	1.1042716133996298	0.7510596213736744	1
layer24_mean	rbf_svm	HPCLAS_TRAIN_P_002640	1	HPCLAS_TRAIN_P_002640	3	D_hard_sample	0.5197354006879783	0.6270858920630954	1
layer24_mean	rbf_svm	HPCLAS_TRAIN_P_002642	1	HPCLAS_TRAIN_P_002642	3	A_clean_core	2.7412245938896467	0.9394158304032965	1
layer24_mean	rbf_svm	HPCLAS_TRAIN_P_002645	1	HPCLAS_TRAIN_P_002645	3	A_clean_core	1.6632970284041804	0.840680093562892	1
layer24_mean	rbf_svm	HPCLAS_TRAIN_P_002650	1	HPCLAS_TRAIN_P_002650	3	A_clean_core	0.8404489142225149	0.698559754102016	1
layer24_mean	rbf_svm	HPCLAS_TRAIN_P_002652	1	HPCLAS_TRAIN_N_002087	3	B_ambiguous	0.775599498204409	0.6847309310184793	1
layer24_mean	rbf_svm	HPCLAS_TRAIN_P_002655	1	HPCLAS_TRAIN_P_002655	3	A_clean_core	1.027365286380987	0.7364047828988665	1
layer24_mean	rbf_svm	HPCLAS_TRAIN_P_002665	1	HPCLAS_TRAIN_P_002665	3	D_hard_sample	-0.6601361652625389	0.3407090245745267	0
layer24_mean	rbf_svm	HPCLAS_TRAIN_P_002667	1	HPCLAS_TRAIN_P_002667	3	A_clean_core	0.8489706695939523	0.7003511723626548	1
layer24_mean	rbf_svm	HPCLAS_TRAIN_P_002668	1	HPCLAS_TRAIN_P_002668	3	A_clean_core	1.2382531610299747	0.7752598053040398	1
layer24_mean	rbf_svm	HPCLAS_TRAIN_P_002680	1	HPCLAS_TRAIN_P_002680	3	A_clean_core	1.4065819326058875	0.8032262648578362	1
layer24_mean	rbf_svm	HPCLAS_TRAIN_P_002695	1	HPCLAS_TRAIN_P_002695	3	D_hard_sample	-0.8227578668785034	0.30517855509911357	0
layer24_mean	rbf_svm	HPCLAS_TRAIN_P_002700	1	HPCLAS_TRAIN_P_002700	3	A_clean_core	3.174176138911513	0.9598508307568998	1
layer24_mean	rbf_svm	HPCLAS_TRAIN_P_002709	1	HPCLAS_TRAIN_P_002709	3	A_clean_core	3.070149869593355	0.9556445255269368	1
layer24_mean	rbf_svm	HPCLAS_TRAIN_P_002710	1	HPCLAS_TRAIN_P_002710	3	A_clean_core	0.7284536763568714	0.6744658508227293	1
layer24_mean	rbf_svm	HPCLAS_TRAIN_P_002712	1	HPCLAS_TRAIN_P_002712	3	D_hard_sample	0.5060647906632725	0.6238835174269566	1
layer24_mean	rbf_svm	HPCLAS_TRAIN_P_002719	1	HPCLAS_TRAIN_P_002719	3	A_clean_core	4.104347239521186	0.9837670697299009	1
layer24_mean	rbf_svm	HPCLAS_TRAIN_P_002728	1	HPCLAS_TRAIN_P_002728	3	A_clean_core	2.77759617991742	0.9414530884045573	1
layer24_mean	rbf_svm	HPCLAS_TRAIN_P_002733	1	HPCLAS_TRAIN_P_002733	3	A_clean_core	-0.763124664536407	0.31796825248252936	0
layer24_mean	rbf_svm	HPCLAS_TRAIN_P_002735	1	HPCLAS_TRAIN_P_002735	3	D_hard_sample	-0.31422429280453823	0.42208397322302715	0
layer24_mean	rbf_svm	HPCLAS_TRAIN_P_002742	1	HPCLAS_TRAIN_P_002742	3	D_hard_sample	-1.0435348312620194	0.2604685219117977	0
layer24_mean	rbf_svm	HPCLAS_TRAIN_P_002747	1	HPCLAS_TRAIN_P_002747	3	A_clean_core	0.7738715176812783	0.6843577850965958	1
layer24_mean	rbf_svm	HPCLAS_TRAIN_P_002751	1	HPCLAS_TRAIN_P_002751	3	D_hard_sample	0.881012968074812	0.7070320889799697	1
layer24_mean	rbf_svm	HPCLAS_TRAIN_P_002761	1	HPCLAS_TRAIN_P_002761	3	A_clean_core	1.1834810222186358	0.7655731234656072	1
layer24_mean	rbf_svm	HPCLAS_TRAIN_P_002775	1	HPCLAS_TRAIN_P_002775	3	A_clean_core	0.61021399002911	0.6479896145537539	1
layer24_mean	rbf_svm	HPCLAS_TRAIN_P_002804	1	HPCLAS_TRAIN_P_002804	3	A_clean_core	-0.26582724343755626	0.4339317860752816	0
layer24_mean	rbf_svm	HPCLAS_TRAIN_P_002806	1	HPCLAS_TRAIN_P_002806	3	A_clean_core	1.3834562112570101	0.7995455093532494	1
layer24_mean	rbf_svm	HPCLAS_TRAIN_P_002809	1	HPCLAS_TRAIN_P_002809	3	A_clean_core	1.1186992640946443	0.7537473635923138	1
layer24_mean	rbf_svm	HPCLAS_TRAIN_P_002810	1	HPCLAS_TRAIN_P_002810	3	A_clean_core	0.9413554692869511	0.719373374564815	1
layer24_mean	rbf_svm	HPCLAS_TRAIN_P_002816	1	HPCLAS_TRAIN_P_002816	3	A_clean_core	1.7356293337020723	0.8501310583059378	1
layer24_mean	rbf_svm	HPCLAS_TRAIN_P_002820	1	HPCLAS_TRAIN_P_002820	3	A_clean_core	0.7437443446874327	0.6778140980958799	1
layer24_mean	rbf_svm	HPCLAS_TRAIN_P_002821	1	HPCLAS_TRAIN_P_002821	3	D_hard_sample	-0.4460426500401835	0.3903020723726109	0
layer24_mean	rbf_svm	HPCLAS_TRAIN_P_002833	1	HPCLAS_TRAIN_P_002833	3	A_clean_core	3.365270735506625	0.9666013519193214	1
layer24_mean	rbf_svm	HPCLAS_TRAIN_P_002835	1	HPCLAS_TRAIN_P_002835	3	D_hard_sample	1.0256853037148537	0.7360785473058318	1
layer24_mean	rbf_svm	HPCLAS_TRAIN_P_002841	1	HPCLAS_TRAIN_P_002841	3	A_clean_core	0.8663502206059998	0.703985687730465	1
layer24_mean	rbf_svm	HPCLAS_TRAIN_P_002874	1	HPCLAS_TRAIN_P_002874	3	A_clean_core	1.8971567572541432	0.8695693881136335	1
layer24_mean	rbf_svm	HPCLAS_TRAIN_P_002877	1	HPCLAS_TRAIN_P_002877	3	A_clean_core	1.94951998183534	0.8753942912850493	1
layer24_mean	rbf_svm	HPCLAS_TRAIN_P_002882	1	HPCLAS_TRAIN_P_002882	3	A_clean_core	0.13638969896708172	0.5340446657652098	1
layer24_mean	rbf_svm	HPCLAS_TRAIN_P_002887	1	HPCLAS_TRAIN_P_002887	3	A_clean_core	-0.8895476094868865	0.2912031937765028	0
layer24_mean	rbf_svm	HPCLAS_TRAIN_P_002890	1	HPCLAS_TRAIN_P_002890	3	A_clean_core	2.636013248694119	0.9331436738200588	1
layer24_mean	rbf_svm	HPCLAS_TRAIN_P_002896	1	HPCLAS_TRAIN_P_002896	3	A_clean_core	1.9988431289738806	0.8806755604220472	1
layer24_mean	rbf_svm	HPCLAS_TRAIN_P_002899	1	HPCLAS_TRAIN_P_002899	3	A_clean_core	1.644743142161844	0.838179304735947	1
layer24_mean	rbf_svm	HPCLAS_TRAIN_P_002900	1	HPCLAS_TRAIN_P_002900	3	A_clean_core	1.9929332555226484	0.8800531162363149	1
layer24_mean	rbf_svm	HPCLAS_TRAIN_P_002908	1	HPCLAS_TRAIN_P_002908	3	A_clean_core	0.9174313312466919	0.7145184327629456	1
layer24_mean	rbf_svm	HPCLAS_TRAIN_P_002913	1	HPCLAS_TRAIN_P_002913	3	A_clean_core	1.2557481523818737	0.7782933076172273	1
layer24_mean	rbf_svm	HPCLAS_TRAIN_P_002922	1	HPCLAS_TRAIN_P_002922	3	A_clean_core	3.4461406848598743	0.96911583896141	1
layer24_mean	rbf_svm	HPCLAS_TRAIN_P_002934	1	HPCLAS_TRAIN_P_002934	3	A_clean_core	3.489214881330038	0.9703793372679396	1
layer24_mean	rbf_svm	HPCLAS_TRAIN_P_002945	1	HPCLAS_TRAIN_P_002945	3	A_clean_core	0.6462409965795429	0.6561628805961475	1
layer24_mean	rbf_svm	HPCLAS_TRAIN_P_002975	1	HPCLAS_TRAIN_P_002975	3	A_clean_core	1.3092006958511007	0.7873793726327054	1
layer24_mean	rbf_svm	HPCLAS_TRAIN_P_002984	1	HPCLAS_TRAIN_P_002984	3	D_hard_sample	-0.804144799610789	0.30913960488791703	0
layer24_mean	rbf_svm	HPCLAS_TRAIN_P_002989	1	HPCLAS_TRAIN_P_002989	3	A_clean_core	-0.2276092579784881	0.4433420761474943	0
layer24_mean	rbf_svm	HPCLAS_TRAIN_P_002993	1	HPCLAS_TRAIN_P_002993	3	D_hard_sample	0.7038173250425753	0.6690335782139093	1
layer24_mean	rbf_svm	HPCLAS_TRAIN_P_002994	1	HPCLAS_TRAIN_P_002994	3	A_clean_core	1.0572728594087015	0.7421690403570531	1
layer24_mean	rbf_svm	HPCLAS_TRAIN_P_002996	1	HPCLAS_TRAIN_P_002996	3	A_clean_core	1.3054696322699049	0.7867540739874922	1
layer24_mean	rbf_svm	HPCLAS_TRAIN_P_002998	1	HPCLAS_TRAIN_P_002998	3	A_clean_core	3.451077237707276	0.9692632499394611	1
layer24_mean	rbf_svm	HPCLAS_TRAIN_P_002999	1	HPCLAS_TRAIN_P_002999	3	A_clean_core	1.8567388948140013	0.8649163866792234	1
layer24_mean	rbf_svm	HPCLAS_TRAIN_P_003019	1	HPCLAS_TRAIN_P_003019	3	A_clean_core	2.039508943109538	0.8848832559568329	1
layer24_mean	rbf_svm	HPCLAS_TRAIN_P_003026	1	HPCLAS_TRAIN_P_003026	3	D_hard_sample	0.7293551759883757	0.6746637544446663	1
layer24_mean	rbf_svm	HPCLAS_TRAIN_P_003033	1	HPCLAS_TRAIN_P_003033	3	D_hard_sample	-0.44578341817584277	0.3903637625909273	0
layer24_mean	rbf_svm	HPCLAS_TRAIN_P_003038	1	HPCLAS_TRAIN_P_003038	3	A_clean_core	3.813659538093486	0.9784091756789719	1
layer24_mean	rbf_svm	HPCLAS_TRAIN_P_003055	1	HPCLAS_TRAIN_N_004813	3	B_ambiguous	-0.22564272013054135	0.44382745171044374	0
layer24_mean	rbf_svm	HPCLAS_TRAIN_P_003063	1	HPCLAS_TRAIN_P_003063	3	A_clean_core	0.4696975446615055	0.6153121667710415	1
layer24_mean	rbf_svm	HPCLAS_TRAIN_P_003070	1	HPCLAS_TRAIN_P_003070	3	A_clean_core	1.3310685360736443	0.7910173282537741	1
layer24_mean	rbf_svm	HPCLAS_TRAIN_P_003072	1	HPCLAS_TRAIN_P_003072	3	A_clean_core	3.4890599662120207	0.9703748841749871	1
layer24_mean	rbf_svm	HPCLAS_TRAIN_P_003092	1	HPCLAS_TRAIN_P_003092	3	A_clean_core	1.2736980808971181	0.7813751411012366	1
layer24_mean	rbf_svm	HPCLAS_TRAIN_P_003093	1	HPCLAS_TRAIN_P_003093	3	A_clean_core	0.9691412327758077	0.7249482941786575	1
layer24_mean	rbf_svm	HPCLAS_TRAIN_P_003096	1	HPCLAS_TRAIN_P_003096	3	A_clean_core	0.20626077842013965	0.5513831553325964	1
layer24_mean	rbf_svm	HPCLAS_TRAIN_P_003103	1	HPCLAS_TRAIN_P_003103	3	A_clean_core	1.171503948743186	0.7634167539383808	1
layer24_mean	rbf_svm	HPCLAS_TRAIN_P_003118	1	HPCLAS_TRAIN_P_003118	3	A_clean_core	3.68721877019765	0.9755702082988404	1
layer24_mean	rbf_svm	HPCLAS_TRAIN_P_003122	1	HPCLAS_TRAIN_P_003122	3	A_clean_core	0.9266816619306265	0.7164015819687353	1
layer24_mean	rbf_svm	HPCLAS_TRAIN_P_003133	1	HPCLAS_TRAIN_P_003133	3	D_hard_sample	0.8547214516178893	0.7015566358439983	1
layer24_mean	rbf_svm	HPCLAS_TRAIN_P_003152	1	HPCLAS_TRAIN_P_003152	3	A_clean_core	1.4077566951314826	0.8034118744380715	1
layer24_mean	rbf_svm	HPCLAS_TRAIN_P_003154	1	HPCLAS_TRAIN_P_003154	3	A_clean_core	0.26053912659346345	0.5647688164399239	1
layer24_mean	rbf_svm	HPCLAS_TRAIN_P_003156	1	HPCLAS_TRAIN_P_003156	3	D_hard_sample	0.012705118996312076	0.5031762370234983	1
layer24_mean	rbf_svm	HPCLAS_TRAIN_P_003159	1	HPCLAS_TRAIN_P_003159	3	A_clean_core	1.2899607604292833	0.7841405473989819	1
layer24_mean	rbf_svm	HPCLAS_TRAIN_P_003173	1	HPCLAS_TRAIN_P_003173	3	A_clean_core	1.7086347316851749	0.8466591188005829	1
layer24_mean	rbf_svm	HPCLAS_TRAIN_P_003175	1	HPCLAS_TRAIN_P_003175	3	A_clean_core	1.0922433055628264	0.7488039152500252	1
layer24_mean	rbf_svm	HPCLAS_TRAIN_P_003178	1	HPCLAS_TRAIN_P_003178	3	A_clean_core	1.377803686904277	0.7986380310974228	1
layer24_mean	rbf_svm	HPCLAS_TRAIN_P_003186	1	HPCLAS_TRAIN_P_003186	3	B_ambiguous	-0.4861629088948253	0.3807979039263157	0
layer24_mean	rbf_svm	HPCLAS_TRAIN_P_003194	1	HPCLAS_TRAIN_P_003194	3	A_clean_core	1.1254422920016112	0.7549968097771403	1
layer24_mean	rbf_svm	HPCLAS_TRAIN_P_003199	1	HPCLAS_TRAIN_P_003199	3	A_clean_core	0.6570259542580622	0.6585919942387191	1
layer24_mean	rbf_svm	HPCLAS_TRAIN_P_003204	1	HPCLAS_TRAIN_P_003204	3	A_clean_core	3.8256762725581064	0.9786615710792188	1
layer24_mean	rbf_svm	HPCLAS_TRAIN_P_003205	1	HPCLAS_TRAIN_P_003205	3	A_clean_core	4.079257898364305	0.9833615062360828	1
layer24_mean	rbf_svm	HPCLAS_TRAIN_P_003209	1	HPCLAS_TRAIN_P_003209	3	A_clean_core	-0.08377484001838034	0.47906853037527386	0
layer24_mean	rbf_svm	HPCLAS_TRAIN_P_003210	1	HPCLAS_TRAIN_P_003210	3	A_clean_core	0.6380057019895102	0.6543025077903446	1
layer24_mean	rbf_svm	HPCLAS_TRAIN_P_003217	1	HPCLAS_TRAIN_P_003217	3	A_clean_core	0.5924461352900409	0.6439262056780374	1
layer24_mean	rbf_svm	HPCLAS_TRAIN_P_003218	1	HPCLAS_TRAIN_P_003218	3	D_hard_sample	0.3402273785292791	0.5842457548411235	1
layer24_mean	rbf_svm	HPCLAS_TRAIN_P_003222	1	HPCLAS_TRAIN_P_003222	3	A_clean_core	1.7080879617405358	0.8465881195943886	1
layer24_mean	rbf_svm	HPCLAS_TRAIN_P_003234	1	HPCLAS_TRAIN_P_003234	3	A_clean_core	2.7332475225215487	0.9389602309586315	1
layer24_mean	rbf_svm	HPCLAS_TRAIN_P_003243	1	HPCLAS_TRAIN_P_003243	3	A_clean_core	3.083661980771208	0.9562137644867655	1
layer24_mean	rbf_svm	HPCLAS_TRAIN_P_003244	1	HPCLAS_TRAIN_P_003244	3	A_clean_core	3.3274366239715603	0.9653581480044028	1
layer24_mean	rbf_svm	HPCLAS_TRAIN_P_003245	1	HPCLAS_TRAIN_P_003245	3	A_clean_core	3.0203716016508744	0.9534860089594118	1
layer24_mean	rbf_svm	HPCLAS_TRAIN_P_003247	1	HPCLAS_TRAIN_P_003247	3	A_clean_core	3.74951380573128	0.9770117127835221	1
layer24_mean	rbf_svm	HPCLAS_TRAIN_P_003251	1	HPCLAS_TRAIN_P_003251	3	A_clean_core	-0.3095382794268067	0.42322744362135944	0
layer24_mean	rbf_svm	HPCLAS_TRAIN_P_003252	1	HPCLAS_TRAIN_P_003252	3	A_clean_core	1.4371656891071183	0.8080153584011619	1
layer24_mean	rbf_svm	HPCLAS_TRAIN_P_003269	1	HPCLAS_TRAIN_P_003269	3	A_clean_core	0.5926094647690485	0.6439636538376342	1
layer24_mean	rbf_svm	HPCLAS_TRAIN_P_003271	1	HPCLAS_TRAIN_P_003271	3	D_hard_sample	-0.2544411222093371	0.43673069112987994	0
layer24_mean	rbf_svm	HPCLAS_TRAIN_P_003272	1	HPCLAS_TRAIN_P_003272	3	A_clean_core	3.518824480902392	0.9712186630167948	1
layer24_mean	rbf_svm	HPCLAS_TRAIN_P_003275	1	HPCLAS_TRAIN_P_003275	3	A_clean_core	1.315902868983535	0.7884992430513275	1
layer24_mean	rbf_svm	HPCLAS_TRAIN_P_003277	1	HPCLAS_TRAIN_P_003277	3	A_clean_core	0.2726611284261774	0.5677460911072568	1
layer24_mean	rbf_svm	HPCLAS_TRAIN_P_003282	1	HPCLAS_TRAIN_P_003282	3	A_clean_core	0.9189951223025264	0.7148373107066077	1
layer24_mean	rbf_svm	HPCLAS_TRAIN_P_003284	1	HPCLAS_TRAIN_P_003284	3	A_clean_core	0.038744387433606725	0.5096848853680183	1
layer24_mean	rbf_svm	HPCLAS_TRAIN_P_003298	1	HPCLAS_TRAIN_P_003298	3	D_hard_sample	-0.266029461952076	0.4338821147960538	0
layer24_mean	rbf_svm	HPCLAS_TRAIN_P_003302	1	HPCLAS_TRAIN_P_003302	3	A_clean_core	1.39737581279187	0.8017671394429368	1
layer24_mean	rbf_svm	HPCLAS_TRAIN_P_003313	1	HPCLAS_TRAIN_P_003313	3	A_clean_core	0.004088660363970459	0.5010221636670216	1
layer24_mean	rbf_svm	HPCLAS_TRAIN_P_003327	1	HPCLAS_TRAIN_P_003327	3	A_clean_core	2.568742495965274	0.9288226056661357	1
layer24_mean	rbf_svm	HPCLAS_TRAIN_P_003332	1	HPCLAS_TRAIN_P_003332	3	A_clean_core	3.3792334766615	0.9670491886356475	1
layer24_mean	rbf_svm	HPCLAS_TRAIN_P_003342	1	HPCLAS_TRAIN_P_003342	3	A_clean_core	1.8116509456768988	0.8595612876263211	1
layer24_mean	rbf_svm	HPCLAS_TRAIN_P_003343	1	HPCLAS_TRAIN_P_003343	3	A_clean_core	3.272152493268384	0.9634610234797936	1
layer24_mean	rbf_svm	HPCLAS_TRAIN_P_003345	1	HPCLAS_TRAIN_P_003345	3	A_clean_core	1.425418693234936	0.8061864913109263	1
layer24_mean	rbf_svm	HPCLAS_TRAIN_P_003349	1	HPCLAS_TRAIN_P_003349	3	A_clean_core	1.5973272101028448	0.8316444943089708	1
layer24_mean	rbf_svm	HPCLAS_TRAIN_P_003358	1	HPCLAS_TRAIN_P_003358	3	A_clean_core	1.2846699628343277	0.7832436588173856	1
layer24_mean	rbf_svm	HPCLAS_TRAIN_P_003360	1	HPCLAS_TRAIN_P_003360	3	D_hard_sample	-0.5621560865318806	0.36304872981953984	0
layer24_mean	rbf_svm	HPCLAS_TRAIN_P_003361	1	HPCLAS_TRAIN_N_001094	3	B_ambiguous	0.7420369771257573	0.6774411263614804	1
layer24_mean	rbf_svm	HPCLAS_TRAIN_P_003364	1	HPCLAS_TRAIN_P_003364	3	A_clean_core	4.126457597064361	0.9841164085144272	1
layer24_mean	rbf_svm	HPCLAS_TRAIN_P_003365	1	HPCLAS_TRAIN_P_003365	3	A_clean_core	1.6841573758088224	0.843454251731615	1
layer24_mean	rbf_svm	HPCLAS_TRAIN_P_003367	1	HPCLAS_TRAIN_P_003367	3	A_clean_core	1.4156075046755936	0.8046488880332152	1
layer24_mean	rbf_svm	HPCLAS_TRAIN_P_003388	1	HPCLAS_TRAIN_P_003388	3	A_clean_core	0.9508094201129754	0.7212779298087185	1
layer24_mean	rbf_svm	HPCLAS_TRAIN_P_003391	1	HPCLAS_TRAIN_P_003391	3	D_hard_sample	0.26173107565365716	0.5650617808272945	1
layer24_mean	rbf_svm	HPCLAS_TRAIN_P_003394	1	HPCLAS_TRAIN_P_003394	3	A_clean_core	0.1490140106979619	0.5371847203560846	1
layer24_mean	rbf_svm	HPCLAS_TRAIN_P_003397	1	HPCLAS_TRAIN_P_003397	3	A_clean_core	1.6534960436969728	0.8393629910879984	1
layer24_mean	rbf_svm	HPCLAS_TRAIN_P_003401	1	HPCLAS_TRAIN_P_003401	3	A_clean_core	-0.8447157466203494	0.3005425237612227	0
layer24_mean	rbf_svm	HPCLAS_TRAIN_P_003408	1	HPCLAS_TRAIN_P_003408	3	A_clean_core	2.8334602566247122	0.944457398311923	1
layer24_mean	rbf_svm	HPCLAS_TRAIN_P_003410	1	HPCLAS_TRAIN_P_003410	3	A_clean_core	1.178518190959624	0.7646812659602781	1
layer24_mean	rbf_svm	HPCLAS_TRAIN_P_003418	1	HPCLAS_TRAIN_P_003418	3	A_clean_core	4.520059367332213	0.9892289025369599	1
layer24_mean	rbf_svm	HPCLAS_TRAIN_P_003419	1	HPCLAS_TRAIN_P_003419	3	D_hard_sample	0.38748790571889247	0.5956778177549511	1
layer24_mean	rbf_svm	HPCLAS_TRAIN_P_003428	1	HPCLAS_TRAIN_P_003428	3	A_clean_core	0.5153627517857168	0.6260627848076169	1
layer24_mean	rbf_svm	HPCLAS_TRAIN_P_003435	1	HPCLAS_TRAIN_P_003435	3	A_clean_core	1.5303813896104792	0.8220621092122676	1
layer24_mean	rbf_svm	HPCLAS_TRAIN_P_003444	1	HPCLAS_TRAIN_P_003444	3	A_clean_core	0.958439081252955	0.7228091743682002	1
layer24_mean	rbf_svm	HPCLAS_TRAIN_P_003450	1	HPCLAS_TRAIN_P_003450	3	A_clean_core	2.4233808311075857	0.9185929210274398	1
layer24_mean	rbf_svm	HPCLAS_TRAIN_P_003457	1	HPCLAS_TRAIN_P_003457	3	A_clean_core	1.9269498783987087	0.8729114330420754	1
layer24_mean	rbf_svm	HPCLAS_TRAIN_P_003458	1	HPCLAS_TRAIN_P_003458	3	A_clean_core	1.2939186157766704	0.7848097170044177	1
layer24_mean	rbf_svm	HPCLAS_TRAIN_P_003459	1	HPCLAS_TRAIN_P_003459	3	A_clean_core	1.4307746177306617	0.8070219814890973	1
layer24_mean	rbf_svm	HPCLAS_TRAIN_P_003470	1	HPCLAS_TRAIN_P_003470	3	A_clean_core	1.2711755813722465	0.7809439216393965	1
layer24_mean	rbf_svm	HPCLAS_TRAIN_P_003474	1	HPCLAS_TRAIN_P_003474	3	A_clean_core	1.5202276209749264	0.8205719964925977	1
layer24_mean	rbf_svm	HPCLAS_TRAIN_P_003475	1	HPCLAS_TRAIN_P_003475	3	B_ambiguous	0.8264214565205398	0.6955977343763268	1
layer24_mean	rbf_svm	HPCLAS_TRAIN_P_003482	1	HPCLAS_TRAIN_P_003482	3	D_hard_sample	0.7498469945827987	0.6791453591470041	1
layer24_mean	rbf_svm	HPCLAS_TRAIN_P_003485	1	HPCLAS_TRAIN_P_003485	3	A_clean_core	1.6593806845178223	0.8401548498029604	1
layer24_mean	rbf_svm	HPCLAS_TRAIN_P_003506	1	HPCLAS_TRAIN_P_003506	3	A_clean_core	1.7280011395068644	0.8491565654778145	1
layer24_mean	rbf_svm	HPCLAS_TRAIN_P_003515	1	HPCLAS_TRAIN_P_003515	3	A_clean_core	2.37684179085176	0.9150442421322461	1
layer24_mean	rbf_svm	HPCLAS_TRAIN_P_003523	1	HPCLAS_TRAIN_P_003523	3	D_hard_sample	0.40238886392176865	0.5992614747892822	1
layer24_mean	rbf_svm	HPCLAS_TRAIN_P_003529	1	HPCLAS_TRAIN_P_003529	3	D_hard_sample	2.4575993844175263	0.9211154059907493	1
layer24_mean	rbf_svm	HPCLAS_TRAIN_P_003541	1	HPCLAS_TRAIN_P_003541	3	A_clean_core	1.5502943467242247	0.8249562405816397	1
layer24_mean	rbf_svm	HPCLAS_TRAIN_P_003547	1	HPCLAS_TRAIN_P_003547	3	A_clean_core	1.7464789917392967	0.8515081493576068	1
layer24_mean	rbf_svm	HPCLAS_TRAIN_P_003548	1	HPCLAS_TRAIN_P_003548	3	A_clean_core	1.8019571835344816	0.8583870147988794	1
layer24_mean	rbf_svm	HPCLAS_TRAIN_P_003550	1	HPCLAS_TRAIN_P_003550	3	A_clean_core	0.6992465541899281	0.6680207023695008	1
layer24_mean	rbf_svm	HPCLAS_TRAIN_P_003557	1	HPCLAS_TRAIN_P_003557	3	A_clean_core	1.0438009446411256	0.7395827348227662	1
layer24_mean	rbf_svm	HPCLAS_TRAIN_P_003565	1	HPCLAS_TRAIN_P_003565	3	A_clean_core	2.5707414833864903	0.928954647837134	1
layer24_mean	rbf_svm	HPCLAS_TRAIN_P_003567	1	HPCLAS_TRAIN_P_003567	3	D_hard_sample	0.3544174209405059	0.5876883805299877	1
layer24_mean	rbf_svm	HPCLAS_TRAIN_P_003574	1	HPCLAS_TRAIN_P_003574	3	A_clean_core	1.2844112446301708	0.7831997322253085	1
layer24_mean	rbf_svm	HPCLAS_TRAIN_P_003576	1	HPCLAS_TRAIN_P_003576	3	A_clean_core	0.4844208265623777	0.6187912437681894	1
layer24_mean	rbf_svm	HPCLAS_TRAIN_P_003584	1	HPCLAS_TRAIN_P_003584	3	A_clean_core	3.9565790759491666	0.9812305900903601	1
layer24_mean	rbf_svm	HPCLAS_TRAIN_P_003591	1	HPCLAS_TRAIN_P_003591	3	A_clean_core	3.1854493545986826	0.9602830240102301	1
layer24_mean	rbf_svm	HPCLAS_TRAIN_P_003594	1	HPCLAS_TRAIN_P_003594	3	D_hard_sample	-0.6954920839491802	0.3328124475011174	0
layer24_mean	rbf_svm	HPCLAS_TRAIN_P_003601	1	HPCLAS_TRAIN_P_003601	3	D_hard_sample	0.6247926087844913	0.6513077663631031	1
layer24_mean	rbf_svm	HPCLAS_TRAIN_P_003605	1	HPCLAS_TRAIN_P_003605	3	A_clean_core	0.9455549518064944	0.7202203649143473	1
layer24_mean	rbf_svm	HPCLAS_TRAIN_P_003607	1	HPCLAS_TRAIN_P_003607	3	A_clean_core	0.6742401600661302	0.6624519508244923	1
layer24_mean	rbf_svm	HPCLAS_TRAIN_P_003614	1	HPCLAS_TRAIN_P_003614	3	D_hard_sample	-1.031233817103503	0.2628449729167397	0
layer24_mean	rbf_svm	HPCLAS_TRAIN_P_003626	1	HPCLAS_TRAIN_P_003626	3	A_clean_core	2.5354436296418936	0.9265894976624237	1
layer24_mean	rbf_svm	HPCLAS_TRAIN_P_003627	1	HPCLAS_TRAIN_N_003924	3	B_ambiguous	-0.13457501576407735	0.46640692952220836	0
layer24_mean	rbf_svm	HPCLAS_TRAIN_P_003631	1	HPCLAS_TRAIN_P_003631	3	A_clean_core	0.38744725625709486	0.5956680274665508	1
layer24_mean	rbf_svm	HPCLAS_TRAIN_P_003637	1	HPCLAS_TRAIN_P_003637	3	A_clean_core	2.1755566431658164	0.8980329138085643	1
layer24_mean	rbf_svm	HPCLAS_TRAIN_P_003648	1	HPCLAS_TRAIN_P_003648	3	A_clean_core	2.248529947730561	0.9045236559617554	1
layer24_mean	rbf_svm	HPCLAS_TRAIN_P_003651	1	HPCLAS_TRAIN_P_003651	3	A_clean_core	3.3903000287472054	0.9674000080965858	1
layer24_mean	rbf_svm	HPCLAS_TRAIN_P_003653	1	HPCLAS_TRAIN_P_003653	3	A_clean_core	3.596684730633557	0.9733170406058185	1
layer24_mean	rbf_svm	HPCLAS_TRAIN_P_003654	1	HPCLAS_TRAIN_P_003654	3	A_clean_core	1.839955470120239	0.8629434408691041	1
layer24_mean	rbf_svm	HPCLAS_TRAIN_P_003667	1	HPCLAS_TRAIN_P_003667	3	A_clean_core	0.9765249829840544	0.7264181531011167	1
layer24_mean	rbf_svm	HPCLAS_TRAIN_P_003670	1	HPCLAS_TRAIN_P_003670	3	D_hard_sample	0.09050657292882189	0.522611210475013	1
layer24_mean	rbf_svm	HPCLAS_TRAIN_P_003673	1	HPCLAS_TRAIN_P_003673	3	A_clean_core	3.2482477893230763	0.9626100983647544	1
layer24_mean	rbf_svm	HPCLAS_TRAIN_P_003683	1	HPCLAS_TRAIN_P_003683	3	D_hard_sample	0.7000924632415643	0.6682082721403139	1
layer24_mean	rbf_svm	HPCLAS_TRAIN_P_003685	1	HPCLAS_TRAIN_P_003685	3	D_hard_sample	0.6239268682636377	0.6511111257848344	1
layer24_mean	rbf_svm	HPCLAS_TRAIN_P_003691	1	HPCLAS_TRAIN_P_003691	3	A_clean_core	1.6541816714472872	0.8394554146616666	1
layer24_mean	rbf_svm	HPCLAS_TRAIN_P_003694	1	HPCLAS_TRAIN_P_003694	3	A_clean_core	1.22973181234792	0.7737716317109296	1
layer24_mean	rbf_svm	HPCLAS_TRAIN_P_003699	1	HPCLAS_TRAIN_P_003699	3	A_clean_core	1.1040132059697734	0.751011304043383	1
layer24_mean	rbf_svm	HPCLAS_TRAIN_P_003702	1	HPCLAS_TRAIN_P_003702	3	A_clean_core	3.5170461971693925	0.9711689130266504	1
layer24_mean	rbf_svm	HPCLAS_TRAIN_P_003709	1	HPCLAS_TRAIN_P_003709	3	A_clean_core	0.30763239683425525	0.5763072511085601	1
layer24_mean	rbf_svm	HPCLAS_TRAIN_P_003724	1	HPCLAS_TRAIN_P_003724	3	A_clean_core	0.532046953364557	0.6299604046705377	1
layer24_mean	rbf_svm	HPCLAS_TRAIN_P_003730	1	HPCLAS_TRAIN_P_003730	3	A_clean_core	1.1500453015977354	0.7595191913736707	1
layer24_mean	rbf_svm	HPCLAS_TRAIN_P_003733	1	HPCLAS_TRAIN_P_003733	3	D_hard_sample	0.7107933828549117	0.670576444710935	1
layer24_mean	rbf_svm	HPCLAS_TRAIN_P_003739	1	HPCLAS_TRAIN_N_003000	3	B_ambiguous	0.4407887853222737	0.608446966440952	1
layer24_mean	rbf_svm	HPCLAS_TRAIN_P_003744	1	HPCLAS_TRAIN_N_003554	3	B_ambiguous	0.3328893313261361	0.5824622291378947	1
layer24_mean	rbf_svm	HPCLAS_TRAIN_P_003749	1	HPCLAS_TRAIN_P_003749	3	A_clean_core	0.011705324606290507	0.5029262977395169	1
layer24_mean	rbf_svm	HPCLAS_TRAIN_P_003754	1	HPCLAS_TRAIN_P_003754	3	D_hard_sample	-1.016455163450714	0.26571846661355397	0
layer24_mean	rbf_svm	HPCLAS_TRAIN_P_003762	1	HPCLAS_TRAIN_P_003762	3	D_hard_sample	1.2067065793813012	0.7697156975263861	1
layer24_mean	rbf_svm	HPCLAS_TRAIN_P_003773	1	HPCLAS_TRAIN_P_003773	3	A_clean_core	3.561124074492138	0.9723777854867995	1
layer24_mean	rbf_svm	HPCLAS_TRAIN_P_003780	1	HPCLAS_TRAIN_P_003780	3	A_clean_core	1.0759447901194512	0.7457258057096104	1
layer24_mean	rbf_svm	HPCLAS_TRAIN_P_003782	1	HPCLAS_TRAIN_P_003782	3	A_clean_core	-0.3691285591439143	0.4087516091716626	0
layer24_mean	rbf_svm	HPCLAS_TRAIN_P_003785	1	HPCLAS_TRAIN_P_003785	3	A_clean_core	0.9599543078417508	0.7231126566998076	1
layer24_mean	rbf_svm	HPCLAS_TRAIN_P_003790	1	HPCLAS_TRAIN_P_003790	3	D_hard_sample	-0.5797856229266004	0.35898192331857703	0
layer24_mean	rbf_svm	HPCLAS_TRAIN_P_003807	1	HPCLAS_TRAIN_P_003807	3	D_hard_sample	-1.0153581569882006	0.26593256091996037	0
layer24_mean	rbf_svm	HPCLAS_TRAIN_P_003811	1	HPCLAS_TRAIN_P_003811	3	A_clean_core	2.2560875711981527	0.9051743445412651	1
layer24_mean	rbf_svm	HPCLAS_TRAIN_P_003812	1	HPCLAS_TRAIN_N_003099	3	B_ambiguous	0.9079672354839302	0.7125840162180459	1
layer24_mean	rbf_svm	HPCLAS_TRAIN_P_003815	1	HPCLAS_TRAIN_P_003815	3	A_clean_core	3.5590191939313414	0.9723211937721896	1
layer24_mean	rbf_svm	HPCLAS_TRAIN_P_003826	1	HPCLAS_TRAIN_P_003826	3	A_clean_core	2.6106855970028593	0.9315461283207652	1
layer24_mean	rbf_svm	HPCLAS_TRAIN_P_003848	1	HPCLAS_TRAIN_P_003848	3	A_clean_core	1.440034259109613	0.8084599566018302	1
layer24_mean	rbf_svm	HPCLAS_TRAIN_P_003853	1	HPCLAS_TRAIN_P_003853	3	A_clean_core	2.6895030493729823	0.9364043940736755	1
layer24_mean	rbf_svm	HPCLAS_TRAIN_P_003858	1	HPCLAS_TRAIN_P_003858	3	A_clean_core	1.724771175334858	0.8487423736090675	1
layer24_mean	rbf_svm	HPCLAS_TRAIN_P_003871	1	HPCLAS_TRAIN_P_003871	3	A_clean_core	0.0654233858323349	0.5163500150697383	1
layer24_mean	rbf_svm	HPCLAS_TRAIN_P_003879	1	HPCLAS_TRAIN_P_003879	3	D_hard_sample	0.17086539103213813	0.5426127250241066	1
layer24_mean	rbf_svm	HPCLAS_TRAIN_P_003895	1	HPCLAS_TRAIN_P_003895	3	A_clean_core	1.3459919480648996	0.7934735882403234	1
layer24_mean	rbf_svm	HPCLAS_TRAIN_P_003901	1	HPCLAS_TRAIN_P_003901	3	A_clean_core	0.9592087541035764	0.7229633565487951	1
layer24_mean	rbf_svm	HPCLAS_TRAIN_P_003904	1	HPCLAS_TRAIN_P_003904	3	A_clean_core	1.6869112060880078	0.8438175213998143	1
layer24_mean	rbf_svm	HPCLAS_TRAIN_P_003908	1	HPCLAS_TRAIN_P_003908	3	A_clean_core	0.7298299663025135	0.6747679587488157	1
layer24_mean	rbf_svm	HPCLAS_TRAIN_P_003920	1	HPCLAS_TRAIN_P_003920	3	A_clean_core	-0.7760146180958937	0.31517946206234826	0
layer24_mean	rbf_svm	HPCLAS_TRAIN_P_003925	1	HPCLAS_TRAIN_P_003925	3	A_clean_core	1.8683861186548596	0.8662714274838151	1
layer24_mean	rbf_svm	HPCLAS_TRAIN_P_003928	1	HPCLAS_TRAIN_P_003928	3	A_clean_core	-0.37824717029205024	0.4065497277437691	0
layer24_mean	rbf_svm	HPCLAS_TRAIN_P_003930	1	HPCLAS_TRAIN_P_003930	3	A_clean_core	0.7995779707151757	0.6898841977342606	1
layer24_mean	rbf_svm	HPCLAS_TRAIN_P_003934	1	HPCLAS_TRAIN_P_003934	3	A_clean_core	1.019122965223829	0.73480172852199	1
layer24_mean	rbf_svm	HPCLAS_TRAIN_P_003953	1	HPCLAS_TRAIN_P_003953	3	A_clean_core	2.0131484655153744	0.8821706852153087	1
layer24_mean	rbf_svm	HPCLAS_TRAIN_P_003956	1	HPCLAS_TRAIN_P_003956	3	A_clean_core	2.7809538151732562	0.9416378843901727	1
layer24_mean	rbf_svm	HPCLAS_TRAIN_P_003964	1	HPCLAS_TRAIN_P_001291	3	A_clean_core	1.5668870057673878	0.8273393733930565	1
layer24_mean	rbf_svm	HPCLAS_TRAIN_P_003965	1	HPCLAS_TRAIN_P_003965	3	A_clean_core	3.343889237521825	0.9659041601381377	1
layer24_mean	rbf_svm	HPCLAS_TRAIN_P_003969	1	HPCLAS_TRAIN_P_003969	3	A_clean_core	1.6983087074150396	0.8453137132726309	1
layer24_mean	rbf_svm	HPCLAS_TRAIN_P_003970	1	HPCLAS_TRAIN_P_003970	3	D_hard_sample	-1.070913305866873	0.2552294374540005	0
layer24_mean	rbf_svm	HPCLAS_TRAIN_P_003976	1	HPCLAS_TRAIN_P_003976	3	A_clean_core	2.959916738361759	0.9507300938888349	1
layer24_mean	rbf_svm	HPCLAS_TRAIN_P_003991	1	HPCLAS_TRAIN_P_003991	3	A_clean_core	3.391661154030009	0.9674429069225717	1
layer24_mean	rbf_svm	HPCLAS_TRAIN_P_003993	1	HPCLAS_TRAIN_P_003993	3	D_hard_sample	-0.2536621181135491	0.4369223332319725	0
layer24_mean	rbf_svm	HPCLAS_TRAIN_P_003997	1	HPCLAS_TRAIN_P_003997	3	A_clean_core	-0.5196407119630618	0.3729362510836517	0
layer24_mean	rbf_svm	HPCLAS_TRAIN_P_003999	1	HPCLAS_TRAIN_P_003999	3	A_clean_core	2.835283769403465	0.944552977963033	1
layer24_mean	rbf_svm	HPCLAS_TRAIN_P_004011	1	HPCLAS_TRAIN_P_004011	3	A_clean_core	-0.4970638205954536	0.37823092955392906	0
layer24_mean	rbf_svm	HPCLAS_TRAIN_P_004012	1	HPCLAS_TRAIN_P_004012	3	A_clean_core	0.2294256078044473	0.5571061343586412	1
layer24_mean	rbf_svm	HPCLAS_TRAIN_P_004034	1	HPCLAS_TRAIN_N_000624	3	B_ambiguous	1.0035358551073281	0.7317532017147468	1
layer24_mean	rbf_svm	HPCLAS_TRAIN_P_004035	1	HPCLAS_TRAIN_P_004035	3	A_clean_core	1.4472178953979877	0.80956989606993	1
layer24_mean	rbf_svm	HPCLAS_TRAIN_P_004036	1	HPCLAS_TRAIN_P_004036	3	A_clean_core	1.5640386598179106	0.8269321107622593	1
layer24_mean	rbf_svm	HPCLAS_TRAIN_P_004037	1	HPCLAS_TRAIN_P_004037	3	A_clean_core	1.6969021722412758	0.8451297075878439	1
layer24_mean	rbf_svm	HPCLAS_TRAIN_P_004039	1	HPCLAS_TRAIN_P_004039	3	A_clean_core	1.8593448718678045	0.8652205692556286	1
layer24_mean	rbf_svm	HPCLAS_TRAIN_P_004040	1	HPCLAS_TRAIN_P_004040	3	A_clean_core	0.583951779334935	0.6419762029008765	1
layer24_mean	rbf_svm	HPCLAS_TRAIN_P_004043	1	HPCLAS_TRAIN_P_004043	3	A_clean_core	2.3902132398949507	0.916077963254314	1
layer24_mean	rbf_svm	HPCLAS_TRAIN_P_004055	1	HPCLAS_TRAIN_P_004055	3	A_clean_core	0.7564410887107601	0.6805805574203329	1
layer24_mean	rbf_svm	HPCLAS_TRAIN_P_004061	1	HPCLAS_TRAIN_P_004061	3	D_hard_sample	-0.8193776569037933	0.30589578202452855	0
layer24_mean	rbf_svm	HPCLAS_TRAIN_P_004063	1	HPCLAS_TRAIN_P_004063	3	A_clean_core	0.6394763191809066	0.654635072249935	1
layer24_mean	rbf_svm	HPCLAS_TRAIN_P_004064	1	HPCLAS_TRAIN_P_004064	3	A_clean_core	1.8680521991532435	0.866232739767191	1
layer24_mean	rbf_svm	HPCLAS_TRAIN_P_004069	1	HPCLAS_TRAIN_P_004069	3	A_clean_core	0.8716384077891622	0.7050865021773766	1
layer24_mean	rbf_svm	HPCLAS_TRAIN_P_004080	1	HPCLAS_TRAIN_P_004080	3	D_hard_sample	0.16417445951734264	0.5409516744355959	1
layer24_mean	rbf_svm	HPCLAS_TRAIN_P_004081	1	HPCLAS_TRAIN_P_004081	3	D_hard_sample	0.8849917989926538	0.7078555754913672	1
layer24_mean	rbf_svm	HPCLAS_TRAIN_P_004082	1	HPCLAS_TRAIN_N_001598	3	B_ambiguous	0.5054546928437637	0.6237403454034677	1
layer24_mean	rbf_svm	HPCLAS_TRAIN_P_004083	1	HPCLAS_TRAIN_P_004083	3	A_clean_core	2.9210211142743034	0.9488758565221355	1
layer24_mean	rbf_svm	HPCLAS_TRAIN_P_004085	1	HPCLAS_TRAIN_P_004085	3	A_clean_core	2.964125641489994	0.9509268753384059	1
layer24_mean	rbf_svm	HPCLAS_TRAIN_P_004088	1	HPCLAS_TRAIN_P_004088	3	D_hard_sample	-0.05414968427372249	0.4864658858175784	0
layer24_mean	rbf_svm	HPCLAS_TRAIN_P_004099	1	HPCLAS_TRAIN_P_004099	3	A_clean_core	0.06129433542463189	0.5153187881048752	1
layer24_mean	rbf_svm	HPCLAS_TRAIN_P_004116	1	HPCLAS_TRAIN_P_004116	3	A_clean_core	0.6370852868885291	0.6540942888641025	1
layer24_mean	rbf_svm	HPCLAS_TRAIN_P_004117	1	HPCLAS_TRAIN_P_004117	3	A_clean_core	1.3912452090788137	0.8007909592820909	1
layer24_mean	rbf_svm	HPCLAS_TRAIN_P_004127	1	HPCLAS_TRAIN_P_004127	3	A_clean_core	1.365987632478636	0.7967311216795576	1
layer24_mean	rbf_svm	HPCLAS_TRAIN_P_004129	1	HPCLAS_TRAIN_P_004129	3	A_clean_core	0.558057782693944	0.6360030296852708	1
layer24_mean	rbf_svm	HPCLAS_TRAIN_P_004141	1	HPCLAS_TRAIN_P_004141	3	A_clean_core	4.10016855401729	0.9837002034631022	1
layer24_mean	rbf_svm	HPCLAS_TRAIN_P_004146	1	HPCLAS_TRAIN_P_004146	3	D_hard_sample	-0.4474134534898804	0.3899759163555589	0
layer24_mean	rbf_svm	HPCLAS_TRAIN_P_004154	1	HPCLAS_TRAIN_P_004154	3	A_clean_core	3.4292691580901584	0.9686068521994572	1
layer24_mean	rbf_svm	HPCLAS_TRAIN_P_004156	1	HPCLAS_TRAIN_P_004156	3	A_clean_core	2.6010518557720355	0.9309292446328269	1
layer24_mean	rbf_svm	HPCLAS_TRAIN_P_004159	1	HPCLAS_TRAIN_P_004159	3	A_clean_core	1.6108909600019485	0.8335350477598248	1
layer24_mean	rbf_svm	HPCLAS_TRAIN_P_004161	1	HPCLAS_TRAIN_P_004161	3	A_clean_core	2.585668481212345	0.9299335126458987	1
layer24_mean	rbf_svm	HPCLAS_TRAIN_P_004171	1	HPCLAS_TRAIN_P_004171	3	D_hard_sample	-0.4459682067352976	0.39031978751990754	0
layer24_mean	rbf_svm	HPCLAS_TRAIN_P_004182	1	HPCLAS_TRAIN_P_004182	3	D_hard_sample	0.47817772778529866	0.6173174794914518	1
layer24_mean	rbf_svm	HPCLAS_TRAIN_P_004184	1	HPCLAS_TRAIN_P_004184	3	D_hard_sample	0.6794449983883984	0.663614815540416	1
layer24_mean	rbf_svm	HPCLAS_TRAIN_P_004185	1	HPCLAS_TRAIN_P_004185	3	A_clean_core	0.9840004444334737	0.7279012703846828	1
layer24_mean	rbf_svm	HPCLAS_TRAIN_P_004189	1	HPCLAS_TRAIN_P_004189	3	A_clean_core	2.54058563765874	0.9269384979386642	1
layer24_mean	rbf_svm	HPCLAS_TRAIN_P_004191	1	HPCLAS_TRAIN_P_004191	3	A_clean_core	0.5871795304521281	0.6427177376568067	1
layer24_mean	rbf_svm	HPCLAS_TRAIN_P_004211	1	HPCLAS_TRAIN_P_004211	3	A_clean_core	1.7497063000448516	0.851915753991202	1
layer24_mean	rbf_svm	HPCLAS_TRAIN_P_004213	1	HPCLAS_TRAIN_P_004213	3	A_clean_core	1.4612801596144502	0.8117283937795227	1
layer24_mean	rbf_svm	HPCLAS_TRAIN_P_004223	1	HPCLAS_TRAIN_P_004223	3	A_clean_core	0.12222276484117436	0.5305177101746165	1
layer24_mean	rbf_svm	HPCLAS_TRAIN_P_004240	1	HPCLAS_TRAIN_P_004240	3	A_clean_core	1.5048212688569136	0.8182924506481217	1
layer24_mean	rbf_svm	HPCLAS_TRAIN_P_004241	1	HPCLAS_TRAIN_P_004241	3	A_clean_core	1.133867060195284	0.7565518451179574	1
layer24_mean	rbf_svm	HPCLAS_TRAIN_P_004243	1	HPCLAS_TRAIN_P_004243	3	A_clean_core	-0.3614953171170443	0.41059764008917216	0
layer24_mean	rbf_svm	HPCLAS_TRAIN_P_004245	1	HPCLAS_TRAIN_N_002598	3	B_ambiguous	-0.8124728443179091	0.3073637980433127	0
layer24_mean	rbf_svm	HPCLAS_TRAIN_P_004252	1	HPCLAS_TRAIN_P_004252	3	A_clean_core	-0.06118179168879104	0.4847093214674112	0
layer24_mean	rbf_svm	HPCLAS_TRAIN_P_004253	1	HPCLAS_TRAIN_P_004253	3	A_clean_core	3.617438137116145	0.9738507649918393	1
layer24_mean	rbf_svm	HPCLAS_TRAIN_P_004255	1	HPCLAS_TRAIN_P_004255	3	A_clean_core	1.11855880909751	0.7537212924915612	1
layer24_mean	rbf_svm	HPCLAS_TRAIN_P_004263	1	HPCLAS_TRAIN_P_004263	3	A_clean_core	2.592625586829898	0.9303854643396531	1
layer24_mean	rbf_svm	HPCLAS_TRAIN_P_004264	1	HPCLAS_TRAIN_P_004264	3	A_clean_core	1.2410079377336123	0.775739411688817	1
layer24_mean	rbf_svm	HPCLAS_TRAIN_P_004277	1	HPCLAS_TRAIN_P_004277	3	A_clean_core	0.8021768620001638	0.6904399403437924	1
layer24_mean	rbf_svm	HPCLAS_TRAIN_P_004302	1	HPCLAS_TRAIN_P_004302	3	A_clean_core	-0.3228198021186205	0.41998869460115984	0
layer24_mean	rbf_svm	HPCLAS_TRAIN_P_004308	1	HPCLAS_TRAIN_P_004308	3	A_clean_core	3.1709704652279926	0.9597271107522674	1
layer24_mean	rbf_svm	HPCLAS_TRAIN_P_004313	1	HPCLAS_TRAIN_P_004313	3	A_clean_core	1.5206242675704609	0.8206303887712634	1
layer24_mean	rbf_svm	HPCLAS_TRAIN_P_004315	1	HPCLAS_TRAIN_P_004315	3	A_clean_core	2.8386740133206887	0.9447302666511729	1
layer24_mean	rbf_svm	HPCLAS_TRAIN_P_004317	1	HPCLAS_TRAIN_P_004317	3	A_clean_core	2.030389506525567	0.8839510401090365	1
layer24_mean	rbf_svm	HPCLAS_TRAIN_P_004333	1	HPCLAS_TRAIN_P_004333	3	A_clean_core	1.0339718996796137	0.7376852064959275	1
layer24_mean	rbf_svm	HPCLAS_TRAIN_P_004337	1	HPCLAS_TRAIN_P_004337	3	D_hard_sample	0.4132659436313856	0.6018707317119016	1
layer24_mean	rbf_svm	HPCLAS_TRAIN_P_004347	1	HPCLAS_TRAIN_P_004347	3	A_clean_core	2.9970603363630164	0.9524411458143247	1
layer24_mean	rbf_svm	HPCLAS_TRAIN_P_004348	1	HPCLAS_TRAIN_P_004348	3	A_clean_core	0.7933151460269374	0.6885427130985733	1
layer24_mean	rbf_svm	HPCLAS_TRAIN_P_004359	1	HPCLAS_TRAIN_P_004359	3	A_clean_core	0.9794336147190593	0.726995818666509	1
layer24_mean	rbf_svm	HPCLAS_TRAIN_P_004360	1	HPCLAS_TRAIN_P_004360	3	A_clean_core	0.7468406794725474	0.6784899097097228	1
layer24_mean	rbf_svm	HPCLAS_TRAIN_P_004368	1	HPCLAS_TRAIN_P_004368	3	A_clean_core	2.3782561866546517	0.9151541302983416	1
layer24_mean	rbf_svm	HPCLAS_TRAIN_P_004379	1	HPCLAS_TRAIN_P_004379	3	D_hard_sample	0.06992861928658087	0.5174750343082907	1
layer24_mean	rbf_svm	HPCLAS_TRAIN_P_004383	1	HPCLAS_TRAIN_P_004383	3	A_clean_core	2.061828410625829	0.8871373685416768	1
layer24_mean	rbf_svm	HPCLAS_TRAIN_P_004392	1	HPCLAS_TRAIN_P_004392	3	A_clean_core	-0.7437175910211467	0.3221917444549846	0
layer24_mean	rbf_svm	HPCLAS_TRAIN_P_004396	1	HPCLAS_TRAIN_P_004396	3	A_clean_core	1.4713548976200521	0.8132632364495403	1
layer24_mean	rbf_svm	HPCLAS_TRAIN_P_004400	1	HPCLAS_TRAIN_P_004400	3	B_ambiguous	-0.08981176355801221	0.4775621393511338	0
layer24_mean	rbf_svm	HPCLAS_TRAIN_P_004403	1	HPCLAS_TRAIN_P_004403	3	A_clean_core	1.7585380221734095	0.8530264632358557	1
layer24_mean	rbf_svm	HPCLAS_TRAIN_P_004404	1	HPCLAS_TRAIN_P_004404	3	D_hard_sample	1.8061551283564563	0.8588965443841441	1
layer24_mean	rbf_svm	HPCLAS_TRAIN_P_004407	1	HPCLAS_TRAIN_P_004407	3	A_clean_core	0.9524478568637095	0.7216071952579641	1
layer24_mean	rbf_svm	HPCLAS_TRAIN_P_004422	1	HPCLAS_TRAIN_P_004422	3	A_clean_core	2.7606421947898294	0.9405115747008177	1
layer24_mean	rbf_svm	HPCLAS_TRAIN_P_004424	1	HPCLAS_TRAIN_P_004424	3	A_clean_core	0.2765508397675257	0.5687004143050254	1
layer24_mean	rbf_svm	HPCLAS_TRAIN_P_004425	1	HPCLAS_TRAIN_P_004425	3	D_hard_sample	1.8013788733794944	0.8583167015696218	1
layer24_mean	rbf_svm	HPCLAS_TRAIN_P_004426	1	HPCLAS_TRAIN_P_004426	3	A_clean_core	3.6645281238425604	0.9750235470824975	1
layer24_mean	rbf_svm	HPCLAS_TRAIN_P_004428	1	HPCLAS_TRAIN_P_004428	3	A_clean_core	2.101946195704452	0.8910921948631849	1
layer24_mean	rbf_svm	HPCLAS_TRAIN_P_004445	1	HPCLAS_TRAIN_P_004445	3	A_clean_core	-0.3260864170899561	0.4191931617361788	0
layer24_mean	rbf_svm	HPCLAS_TRAIN_P_004452	1	HPCLAS_TRAIN_P_004452	3	A_clean_core	2.9050356893161746	0.94809480836056	1
layer24_mean	rbf_svm	HPCLAS_TRAIN_P_004460	1	HPCLAS_TRAIN_P_004460	3	A_clean_core	0.994099580866112	0.7298969054290557	1
layer24_mean	rbf_svm	HPCLAS_TRAIN_P_004463	1	HPCLAS_TRAIN_P_004463	3	A_clean_core	-0.8942402290765304	0.29023556868006617	0
layer24_mean	rbf_svm	HPCLAS_TRAIN_P_004468	1	HPCLAS_TRAIN_P_004468	3	D_hard_sample	0.921348755825793	0.715316844270537	1
layer24_mean	rbf_svm	HPCLAS_TRAIN_P_004473	1	HPCLAS_TRAIN_P_004473	3	A_clean_core	0.23273427767221164	0.5579223569211927	1
layer24_mean	rbf_svm	HPCLAS_TRAIN_P_004476	1	HPCLAS_TRAIN_P_004476	3	A_clean_core	1.332317211794056	0.7912236704731324	1
layer24_mean	rbf_svm	HPCLAS_TRAIN_P_004478	1	HPCLAS_TRAIN_P_004478	3	A_clean_core	0.4192892772191027	0.6033131676435063	1
layer24_mean	rbf_svm	HPCLAS_TRAIN_P_004481	1	HPCLAS_TRAIN_P_004481	3	D_hard_sample	0.6860335244976365	0.6650839844397183	1
layer24_mean	rbf_svm	HPCLAS_TRAIN_P_004482	1	HPCLAS_TRAIN_P_004482	3	D_hard_sample	1.1690561679613087	0.7629743712798039	1
layer24_mean	rbf_svm	HPCLAS_TRAIN_P_004483	1	HPCLAS_TRAIN_P_004483	3	A_clean_core	2.3204858566529594	0.9105595171548708	1
layer24_mean	rbf_svm	HPCLAS_TRAIN_P_004484	1	HPCLAS_TRAIN_P_004484	3	A_clean_core	2.2676187241504326	0.9061594929919978	1
layer24_mean	rbf_svm	HPCLAS_TRAIN_P_004487	1	HPCLAS_TRAIN_P_004487	3	D_hard_sample	0.8957645224912753	0.7100783336325719	1
layer24_mean	rbf_svm	HPCLAS_TRAIN_P_004493	1	HPCLAS_TRAIN_P_004493	3	A_clean_core	1.1288235434962524	0.7556217228730052	1
layer24_mean	rbf_svm	HPCLAS_TRAIN_P_004510	1	HPCLAS_TRAIN_P_004510	3	A_clean_core	3.9218037195867144	0.9805792944325231	1
layer24_mean	rbf_svm	HPCLAS_TRAIN_P_004518	1	HPCLAS_TRAIN_P_004518	3	A_clean_core	1.1000781602426246	0.7502747501839023	1
layer24_mean	rbf_svm	HPCLAS_TRAIN_P_004522	1	HPCLAS_TRAIN_P_004522	3	A_clean_core	2.7066188659873145	0.9374160801710772	1
layer24_mean	rbf_svm	HPCLAS_TRAIN_P_004523	1	HPCLAS_TRAIN_P_004523	3	D_hard_sample	-0.45270052503203384	0.38871888420208217	0
layer24_mean	rbf_svm	HPCLAS_TRAIN_P_004525	1	HPCLAS_TRAIN_P_004525	3	A_clean_core	0.7718921835639742	0.6839300688289361	1
layer24_mean	rbf_svm	HPCLAS_TRAIN_P_004526	1	HPCLAS_TRAIN_P_004526	3	A_clean_core	2.7969962094964145	0.9425132889234947	1
layer24_mean	rbf_svm	HPCLAS_TRAIN_P_004529	1	HPCLAS_TRAIN_P_004529	3	A_clean_core	4.1294456836918645	0.9841630486983706	1
layer24_mean	rbf_svm	HPCLAS_TRAIN_P_004530	1	HPCLAS_TRAIN_P_004530	3	A_clean_core	1.9352472157154625	0.8738290706823348	1
layer24_mean	rbf_svm	HPCLAS_TRAIN_P_004532	1	HPCLAS_TRAIN_P_004532	3	A_clean_core	2.3206881086370013	0.9105759873673295	1
layer24_mean	rbf_svm	HPCLAS_TRAIN_P_004541	1	HPCLAS_TRAIN_P_004541	3	A_clean_core	1.3266621218929584	0.7902879746067057	1
layer24_mean	rbf_svm	HPCLAS_TRAIN_P_004547	1	HPCLAS_TRAIN_P_004547	3	A_clean_core	0.3511613672071441	0.5868991790805593	1
layer24_mean	rbf_svm	HPCLAS_TRAIN_P_004549	1	HPCLAS_TRAIN_P_004549	3	A_clean_core	2.8110985599263536	0.9432726310789746	1
layer24_mean	rbf_svm	HPCLAS_TRAIN_P_004552	1	HPCLAS_TRAIN_P_004552	3	D_hard_sample	0.940398858406203	0.7191802179145756	1
layer24_mean	rbf_svm	HPCLAS_TRAIN_P_004575	1	HPCLAS_TRAIN_P_004575	3	A_clean_core	2.29617424949332	0.9085596959643462	1
layer24_mean	rbf_svm	HPCLAS_TRAIN_P_004584	1	HPCLAS_TRAIN_P_004584	3	A_clean_core	3.363709414804782	0.966550910787743	1
layer24_mean	rbf_svm	HPCLAS_TRAIN_P_004589	1	HPCLAS_TRAIN_P_004589	3	A_clean_core	0.33336026919756745	0.5825767567694187	1
layer24_mean	rbf_svm	HPCLAS_TRAIN_P_004592	1	HPCLAS_TRAIN_P_004592	3	A_clean_core	1.0147700132322532	0.7339526103012928	1
layer24_mean	rbf_svm	HPCLAS_TRAIN_P_004599	1	HPCLAS_TRAIN_P_004599	3	A_clean_core	2.9859206862797296	0.9519340022001046	1
layer24_mean	rbf_svm	HPCLAS_TRAIN_P_004605	1	HPCLAS_TRAIN_P_004605	3	A_clean_core	0.11113243612725321	0.5277545498847135	1
layer24_mean	rbf_svm	HPCLAS_TRAIN_P_004606	1	HPCLAS_TRAIN_P_004606	3	D_hard_sample	-0.42841526083620696	0.3945048160713319	0
layer24_mean	rbf_svm	HPCLAS_TRAIN_P_004619	1	HPCLAS_TRAIN_P_004619	3	A_clean_core	1.2444414782885345	0.7763361715297646	1
layer24_mean	rbf_svm	HPCLAS_TRAIN_P_004621	1	HPCLAS_TRAIN_P_004621	3	A_clean_core	1.3128662022107778	0.7879923799787342	1
layer24_mean	rbf_svm	HPCLAS_TRAIN_P_004628	1	HPCLAS_TRAIN_P_004628	3	D_hard_sample	0.25400700486547845	0.5631625143766738	1
layer24_mean	rbf_svm	HPCLAS_TRAIN_P_004636	1	HPCLAS_TRAIN_P_004636	3	A_clean_core	0.143524810645788	0.535819735093063	1
layer24_mean	rbf_svm	HPCLAS_TRAIN_P_004637	1	HPCLAS_TRAIN_P_004637	3	A_clean_core	1.0634532418730835	0.7433499110618139	1
layer24_mean	rbf_svm	HPCLAS_TRAIN_P_004638	1	HPCLAS_TRAIN_P_004638	3	A_clean_core	2.4500867601733742	0.9205677951882166	1
layer24_mean	rbf_svm	HPCLAS_TRAIN_P_004642	1	HPCLAS_TRAIN_P_004642	3	A_clean_core	-0.09439022321419768	0.4764199488307891	0
layer24_mean	rbf_svm	HPCLAS_TRAIN_P_004643	1	HPCLAS_TRAIN_P_004643	3	D_hard_sample	2.2031935876515356	0.9005359297490754	1
layer24_mean	rbf_svm	HPCLAS_TRAIN_P_004644	1	HPCLAS_TRAIN_P_004644	3	A_clean_core	-0.376750893131789	0.40691078053289315	0
layer24_mean	rbf_svm	HPCLAS_TRAIN_P_004648	1	HPCLAS_TRAIN_P_004648	3	A_clean_core	0.7405607291711349	0.6771184600983777	1
layer24_mean	rbf_svm	HPCLAS_TRAIN_P_004650	1	HPCLAS_TRAIN_P_004650	3	D_hard_sample	0.9040387792170069	0.7117787653541716	1
layer24_mean	rbf_svm	HPCLAS_TRAIN_P_004651	1	HPCLAS_TRAIN_P_004651	3	A_clean_core	0.9895825717888428	0.7290054645776918	1
layer24_mean	rbf_svm	HPCLAS_TRAIN_P_004663	1	HPCLAS_TRAIN_P_004663	3	A_clean_core	-0.3907844730067822	0.4035284690696348	0
layer24_mean	rbf_svm	HPCLAS_TRAIN_P_004664	1	HPCLAS_TRAIN_P_004664	3	A_clean_core	2.21652248936163	0.9017234549638068	1
layer24_mean	rbf_svm	HPCLAS_TRAIN_P_004665	1	HPCLAS_TRAIN_P_004665	3	A_clean_core	2.3238976612014355	0.9108369885925428	1
layer24_mean	rbf_svm	HPCLAS_TRAIN_P_004675	1	HPCLAS_TRAIN_P_004675	3	A_clean_core	3.3915112563359813	0.9674381852447684	1
layer24_mean	rbf_svm	HPCLAS_TRAIN_P_004676	1	HPCLAS_TRAIN_P_004676	3	A_clean_core	1.2219458339360696	0.7724057987642784	1
layer24_mean	rbf_svm	HPCLAS_TRAIN_P_004681	1	HPCLAS_TRAIN_P_004681	3	A_clean_core	0.5975786835275322	0.6451021520073594	1
layer24_mean	rbf_svm	HPCLAS_TRAIN_P_004702	1	HPCLAS_TRAIN_P_004702	3	A_clean_core	4.478915358243926	0.9887815685809611	1
layer24_mean	rbf_svm	HPCLAS_TRAIN_P_004707	1	HPCLAS_TRAIN_P_004707	3	A_clean_core	1.0173788642944546	0.7344617196499295	1
layer24_mean	rbf_svm	HPCLAS_TRAIN_P_004708	1	HPCLAS_TRAIN_P_004708	3	B_ambiguous	-0.17029240897008133	0.4575294835134961	0
layer24_mean	rbf_svm	HPCLAS_TRAIN_P_004709	1	HPCLAS_TRAIN_P_004709	3	A_clean_core	2.0877390891141285	0.8897057591632491	1
layer24_mean	rbf_svm	HPCLAS_TRAIN_P_004711	1	HPCLAS_TRAIN_P_002463	3	A_clean_core	3.349048845224007	0.9660736752459744	1
layer24_mean	rbf_svm	HPCLAS_TRAIN_P_004731	1	HPCLAS_TRAIN_P_004731	3	A_clean_core	1.656593051870989	0.8397801304976223	1
layer24_mean	rbf_svm	HPCLAS_TRAIN_P_004733	1	HPCLAS_TRAIN_P_004733	3	A_clean_core	0.9313465307208825	0.7173483875154429	1
layer24_mean	rbf_svm	HPCLAS_TRAIN_P_004738	1	HPCLAS_TRAIN_P_004738	3	A_clean_core	2.310058331766669	0.9097066468099453	1
layer24_mean	rbf_svm	HPCLAS_TRAIN_P_004746	1	HPCLAS_TRAIN_P_004746	3	A_clean_core	1.1793589482668294	0.7648325213799047	1
layer24_mean	rbf_svm	HPCLAS_TRAIN_P_004749	1	HPCLAS_TRAIN_P_004749	3	D_hard_sample	-0.7287763833292219	0.3254632990860727	0
layer24_mean	rbf_svm	HPCLAS_TRAIN_P_004752	1	HPCLAS_TRAIN_P_004752	3	D_hard_sample	-0.6362197255765745	0.34610157477905995	0
layer24_mean	rbf_svm	HPCLAS_TRAIN_P_004753	1	HPCLAS_TRAIN_P_004753	3	D_hard_sample	-0.7994350593487004	0.31014637812358	0
layer24_mean	rbf_svm	HPCLAS_TRAIN_P_004754	1	HPCLAS_TRAIN_P_004754	3	A_clean_core	1.3825049662459425	0.7993930075062379	1
layer24_mean	rbf_svm	HPCLAS_TRAIN_P_004767	1	HPCLAS_TRAIN_P_004767	3	D_hard_sample	0.10315026993878407	0.5257647268571353	1
layer24_mean	rbf_svm	HPCLAS_TRAIN_P_004769	1	HPCLAS_TRAIN_P_004769	3	A_clean_core	0.5310988942377084	0.6297393751129612	1
layer24_mean	rbf_svm	HPCLAS_TRAIN_P_004773	1	HPCLAS_TRAIN_P_004773	3	A_clean_core	0.7703643415662824	0.6835997028632622	1
layer24_mean	rbf_svm	HPCLAS_TRAIN_P_004775	1	HPCLAS_TRAIN_N_004017	3	B_ambiguous	-0.8877904645953546	0.29156600834225055	0
layer24_mean	rbf_svm	HPCLAS_TRAIN_P_004777	1	HPCLAS_TRAIN_P_004777	3	A_clean_core	2.9244499859156887	0.9490419368980776	1
layer24_mean	rbf_svm	HPCLAS_TRAIN_P_004791	1	HPCLAS_TRAIN_P_004791	3	A_clean_core	3.8285688299753717	0.9787218930848368	1
layer24_mean	rbf_svm	HPCLAS_TRAIN_P_004799	1	HPCLAS_TRAIN_P_004799	3	A_clean_core	3.055513864356481	0.9550199797337436	1
layer24_mean	rbf_svm	HPCLAS_TRAIN_P_004801	1	HPCLAS_TRAIN_P_004801	3	D_hard_sample	0.8383206504819196	0.6981114077455722	1
layer24_mean	rbf_svm	HPCLAS_TRAIN_P_004808	1	HPCLAS_TRAIN_P_004808	3	A_clean_core	1.6174398992354517	0.83444175794152	1
layer24_mean	rbf_svm	HPCLAS_TRAIN_P_004816	1	HPCLAS_TRAIN_P_004816	3	A_clean_core	-0.4271687911365467	0.3948026003625465	0
layer24_mean	rbf_svm	HPCLAS_TRAIN_P_004819	1	HPCLAS_TRAIN_P_004819	3	A_clean_core	2.6509624594878765	0.9340702864061609	1
layer24_mean	rbf_svm	HPCLAS_TRAIN_P_004821	1	HPCLAS_TRAIN_P_004821	3	D_hard_sample	1.4206004410380657	0.8054325293628742	1
layer24_mean	rbf_svm	HPCLAS_TRAIN_P_004824	1	HPCLAS_TRAIN_P_004824	3	A_clean_core	1.2015087642624656	0.7687930755266703	1
layer24_mean	rbf_svm	HPCLAS_TRAIN_P_004831	1	HPCLAS_TRAIN_P_004831	3	A_clean_core	1.466920554082793	0.8125888741292969	1
layer24_mean	rbf_svm	HPCLAS_TRAIN_P_004835	1	HPCLAS_TRAIN_P_004835	3	A_clean_core	2.3170114649306637	0.910276155711208	1
layer24_mean	rbf_svm	HPCLAS_TRAIN_P_004838	1	HPCLAS_TRAIN_P_004838	3	A_clean_core	1.476090003909325	0.8139812723571891	1
layer24_mean	rbf_svm	HPCLAS_TRAIN_P_004840	1	HPCLAS_TRAIN_P_004840	3	A_clean_core	1.5423212060936347	0.8238019069603881	1
layer24_mean	rbf_svm	HPCLAS_TRAIN_P_004844	1	HPCLAS_TRAIN_P_004844	3	A_clean_core	1.5399199715996164	0.8234530911454225	1
layer24_mean	rbf_svm	HPCLAS_TRAIN_P_004849	1	HPCLAS_TRAIN_P_004849	3	A_clean_core	-0.9937652018339731	0.2701690215994246	0
layer24_mean	rbf_svm	HPCLAS_TRAIN_P_004859	1	HPCLAS_TRAIN_P_004859	3	A_clean_core	2.2065630691688534	0.9008373304185167	1
layer24_mean	rbf_svm	HPCLAS_TRAIN_P_004864	1	HPCLAS_TRAIN_P_004864	3	A_clean_core	1.0122732570086412	0.7334647935693883	1
layer24_mean	rbf_svm	HPCLAS_TRAIN_P_004867	1	HPCLAS_TRAIN_P_004867	3	A_clean_core	-0.4388682474757024	0.39201067624126773	0
layer24_mean	rbf_svm	HPCLAS_TRAIN_P_004881	1	HPCLAS_TRAIN_P_004881	3	A_clean_core	-0.4276261211673147	0.3946933341530827	0
layer24_mean	rbf_svm	HPCLAS_TRAIN_P_004885	1	HPCLAS_TRAIN_P_004885	3	A_clean_core	1.3856329042838578	0.7998941459047197	1
layer24_mean	rbf_svm	HPCLAS_TRAIN_P_004887	1	HPCLAS_TRAIN_P_004887	3	D_hard_sample	0.41102533693281507	0.6013337099085928	1
layer24_mean	rbf_svm	HPCLAS_TRAIN_P_004888	1	HPCLAS_TRAIN_P_004888	3	D_hard_sample	0.9097304523198245	0.7129450017929673	1
layer24_mean	rbf_svm	HPCLAS_TRAIN_P_004890	1	HPCLAS_TRAIN_P_004890	3	A_clean_core	1.6556216450261754	0.8396493850842066	1
layer24_mean	rbf_svm	HPCLAS_TRAIN_P_004897	1	HPCLAS_TRAIN_P_004897	3	A_clean_core	1.3326594713318927	0.7912802022711873	1
layer24_mean	rbf_svm	HPCLAS_TRAIN_P_004901	1	HPCLAS_TRAIN_P_004901	3	A_clean_core	3.2748170101989533	0.9635547090655822	1
layer24_mean	rbf_svm	HPCLAS_TRAIN_P_004907	1	HPCLAS_TRAIN_P_004907	3	A_clean_core	1.293542196659571	0.7847461392393659	1
layer24_mean	rbf_svm	HPCLAS_TRAIN_P_004911	1	HPCLAS_TRAIN_P_004911	3	A_clean_core	-0.9667065933375124	0.27553743447921664	0
layer24_mean	rbf_svm	HPCLAS_TRAIN_P_004917	1	HPCLAS_TRAIN_P_004917	3	A_clean_core	0.5728143538040681	0.6394123186640246	1
layer24_mean	rbf_svm	HPCLAS_TRAIN_P_004928	1	HPCLAS_TRAIN_P_004928	3	A_clean_core	0.19312031148311073	0.5481305831054335	1
layer24_mean	rbf_svm	HPCLAS_TRAIN_P_004934	1	HPCLAS_TRAIN_P_004934	3	A_clean_core	0.7011823830523236	0.6684498695601859	1
layer24_mean	rbf_svm	HPCLAS_TRAIN_P_004939	1	HPCLAS_TRAIN_P_004939	3	D_hard_sample	-0.10435278760976932	0.4739354513071532	0
layer24_mean	rbf_svm	HPCLAS_TRAIN_P_004941	1	HPCLAS_TRAIN_P_004941	3	A_clean_core	0.6274432825465868	0.6519095084805157	1
layer24_mean	rbf_svm	HPCLAS_TRAIN_P_004943	1	HPCLAS_TRAIN_P_004943	3	D_hard_sample	0.8277815364665154	0.6958856431436519	1
layer24_mean	rbf_svm	HPCLAS_TRAIN_P_004946	1	HPCLAS_TRAIN_P_004946	3	A_clean_core	0.19595812245264918	0.5488333654467072	1
layer24_mean	rbf_svm	HPCLAS_TRAIN_P_004950	1	HPCLAS_TRAIN_P_004950	3	D_hard_sample	0.08782599366436636	0.5219423960130593	1
layer24_mean	rbf_svm	HPCLAS_TRAIN_P_004951	1	HPCLAS_TRAIN_P_004951	3	A_clean_core	0.5447197042477935	0.632909656586784	1
layer24_mean	rbf_svm	HPCLAS_TRAIN_P_004957	1	HPCLAS_TRAIN_P_004957	3	A_clean_core	3.910162440379728	0.9803563585356966	1
layer24_mean	rbf_svm	HPCLAS_TRAIN_P_004960	1	HPCLAS_TRAIN_P_004960	3	A_clean_core	1.0037829711813846	0.7318017054629355	1
layer24_mean	rbf_svm	HPCLAS_TRAIN_P_004964	1	HPCLAS_TRAIN_P_004964	3	A_clean_core	2.124400139912334	0.8932522212724816	1
layer24_mean	rbf_svm	HPCLAS_TRAIN_P_004967	1	HPCLAS_TRAIN_P_004967	3	A_clean_core	1.1409391498708539	0.7578520263200282	1
layer24_mean	rbf_svm	HPCLAS_TRAIN_P_004972	1	HPCLAS_TRAIN_P_004972	3	A_clean_core	0.8615302053478119	0.7029802589206096	1
layer24_mean	rbf_svm	HPCLAS_TRAIN_P_004973	1	HPCLAS_TRAIN_P_004973	3	A_clean_core	1.6187992909030757	0.8346294707773567	1
layer24_mean	rbf_svm	HPCLAS_TRAIN_P_004980	1	HPCLAS_TRAIN_P_004980	3	A_clean_core	2.701678170746889	0.9371255963644786	1
layer24_mean	rbf_svm	HPCLAS_TRAIN_P_004988	1	HPCLAS_TRAIN_P_004988	3	A_clean_core	0.7274577125524013	0.6742471373637139	1
layer24_mean	rbf_svm	HPCLAS_TRAIN_P_004994	1	HPCLAS_TRAIN_P_004994	3	A_clean_core	3.8758608147993865	0.9796847861051914	1
layer24_mean	rbf_svm	HPCLAS_TRAIN_P_004996	1	HPCLAS_TRAIN_P_004996	3	A_clean_core	1.3085067040320937	0.7872631661421238	1
layer24_mean	rbf_svm	HPCLAS_TRAIN_P_004998	1	HPCLAS_TRAIN_P_004998	3	A_clean_core	1.5444038675863185	0.8241040062824967	1
layer24_mean	rbf_svm	HPCLAS_TRAIN_P_005008	1	HPCLAS_TRAIN_P_005008	3	D_hard_sample	-1.632585565166835	0.16347647251162117	0
layer24_mean	rbf_svm	HPCLAS_TRAIN_P_005018	1	HPCLAS_TRAIN_P_005018	3	A_clean_core	2.7089669586738054	0.9375536947242428	1
layer24_mean	rbf_svm	HPCLAS_TRAIN_P_005020	1	HPCLAS_TRAIN_P_005020	3	A_clean_core	0.6413985189462758	0.6550695292682237	1
layer24_mean	rbf_svm	HPCLAS_TRAIN_P_005021	1	HPCLAS_TRAIN_P_005021	3	A_clean_core	0.7788312999227275	0.6854281776712834	1
layer24_mean	rbf_svm	HPCLAS_TRAIN_P_005023	1	HPCLAS_TRAIN_P_005023	3	A_clean_core	1.8388786174516951	0.8628160295023316	1
layer24_mean	rbf_svm	HPCLAS_TRAIN_P_005024	1	HPCLAS_TRAIN_P_005024	3	A_clean_core	2.2050192415183663	0.9006993358005273	1
layer24_mean	rbf_svm	HPCLAS_TRAIN_P_005028	1	HPCLAS_TRAIN_P_005028	3	A_clean_core	-0.06187376494828803	0.4845364917748035	0
layer24_mean	rbf_svm	HPCLAS_TRAIN_P_005030	1	HPCLAS_TRAIN_P_005030	3	A_clean_core	2.316690948107644	0.910249974545528	1
layer24_mean	rbf_svm	HPCLAS_TRAIN_P_005032	1	HPCLAS_TRAIN_P_005032	3	A_clean_core	1.2237928973046983	0.7727303400329503	1
layer24_mean	rbf_svm	HPCLAS_TRAIN_P_005036	1	HPCLAS_TRAIN_P_005036	3	A_clean_core	2.5467251709913294	0.9273532004187424	1
layer24_mean	rbf_svm	HPCLAS_TRAIN_P_005043	1	HPCLAS_TRAIN_P_005043	3	A_clean_core	-0.3957542098463137	0.4023328626693642	0
layer24_mean	rbf_svm	HPCLAS_TRAIN_P_005050	1	HPCLAS_TRAIN_P_005050	3	A_clean_core	1.2256960626520539	0.773064396939143	1
layer24_mean	rbf_svm	HPCLAS_TRAIN_P_005053	1	HPCLAS_TRAIN_P_005053	3	A_clean_core	4.183748033380855	0.9849875335674864	1
layer24_mean	rbf_svm	HPCLAS_TRAIN_P_005069	1	HPCLAS_TRAIN_P_005069	3	A_clean_core	1.0224679356701034	0.7354530445648546	1
layer24_mean	rbf_svm	HPCLAS_TRAIN_P_005071	1	HPCLAS_TRAIN_P_005071	3	A_clean_core	1.5158419339898803	0.8199253679539638	1
layer24_mean	rbf_svm	HPCLAS_TRAIN_P_005080	1	HPCLAS_TRAIN_P_005080	3	B_ambiguous	0.8449227950387095	0.6995009994796164	1
layer24_mean	rbf_svm	HPCLAS_TRAIN_P_005093	1	HPCLAS_TRAIN_P_005093	3	A_clean_core	0.8912718016171627	0.7091525580318412	1
layer24_mean	rbf_svm	HPCLAS_TRAIN_P_005107	1	HPCLAS_TRAIN_P_005107	3	A_clean_core	3.5609685002971476	0.972373606576961	1
layer24_mean	rbf_svm	HPCLAS_TRAIN_P_005109	1	HPCLAS_TRAIN_P_005109	3	A_clean_core	1.0460015225212753	0.7400063428657578	1
layer24_mean	rbf_svm	HPCLAS_TRAIN_P_005113	1	HPCLAS_TRAIN_P_005113	3	A_clean_core	4.709481529787093	0.991070997874009	1
layer24_mean	rbf_svm	HPCLAS_TRAIN_P_005119	1	HPCLAS_TRAIN_P_005119	3	D_hard_sample	0.04677541176857933	0.5116917212886514	1
layer24_mean	rbf_svm	HPCLAS_TRAIN_P_005124	1	HPCLAS_TRAIN_P_005124	3	A_clean_core	1.2297752717257013	0.7737792391451076	1
layer24_mean	rbf_svm	HPCLAS_TRAIN_P_005131	1	HPCLAS_TRAIN_P_005131	3	A_clean_core	1.4545204700742536	0.8106931639831209	1
layer24_mean	rbf_svm	HPCLAS_TRAIN_P_005142	1	HPCLAS_TRAIN_P_005142	3	A_clean_core	0.49403486164984345	0.6210564809418849	1
layer24_mean	rbf_svm	HPCLAS_TRAIN_P_005153	1	HPCLAS_TRAIN_P_005153	3	A_clean_core	0.8056450700816927	0.691180719559051	1
layer24_mean	rbf_svm	HPCLAS_TRAIN_P_005154	1	HPCLAS_TRAIN_P_005154	3	B_ambiguous	1.4460759476711547	0.8093937837703857	1
layer24_mean	rbf_svm	HPCLAS_TRAIN_P_005161	1	HPCLAS_TRAIN_P_005161	3	A_clean_core	1.648118768558491	0.8386366344980166	1
layer24_mean	rbf_svm	HPCLAS_TRAIN_P_005165	1	HPCLAS_TRAIN_P_005165	3	A_clean_core	1.0605563344788087	0.7427968471890712	1
layer24_mean	rbf_svm	HPCLAS_TRAIN_P_005166	1	HPCLAS_TRAIN_P_005166	3	A_clean_core	3.716104609351011	0.9762492682101558	1
layer24_mean	rbf_svm	HPCLAS_TRAIN_P_005169	1	HPCLAS_TRAIN_P_005169	3	A_clean_core	3.342603651796807	0.9658617961718643	1
layer24_mean	rbf_svm	HPCLAS_TRAIN_P_005172	1	HPCLAS_TRAIN_P_005172	3	D_hard_sample	-1.206792252536207	0.2302691169628832	0
layer24_mean	rbf_svm	HPCLAS_TRAIN_P_005176	1	HPCLAS_TRAIN_P_005176	3	D_hard_sample	-0.3877752342663171	0.40425298228690687	0
layer24_mean	rbf_svm	HPCLAS_TRAIN_P_005181	1	HPCLAS_TRAIN_P_005181	3	A_clean_core	1.1431822698173713	0.7582634283689663	1
layer24_mean	rbf_svm	HPCLAS_TRAIN_P_005187	1	HPCLAS_TRAIN_P_005187	3	D_hard_sample	0.9276275050558583	0.7165937099131214	1
layer24_mean	rbf_svm	HPCLAS_TRAIN_P_005190	1	HPCLAS_TRAIN_P_005190	3	A_clean_core	1.7132590877455547	0.8472585252188084	1
layer24_mean	rbf_svm	HPCLAS_TRAIN_P_005194	1	HPCLAS_TRAIN_P_005194	3	D_hard_sample	-1.454986184109452	0.1892353733381924	0
layer24_mean	rbf_svm	HPCLAS_TRAIN_P_005197	1	HPCLAS_TRAIN_P_005197	3	A_clean_core	0.7827016348553185	0.6862620858100138	1
layer24_mean	rbf_svm	HPCLAS_TRAIN_P_005207	1	HPCLAS_TRAIN_P_005207	3	A_clean_core	0.5120132775828222	0.6252783150128699	1
layer24_mean	rbf_svm	HPCLAS_TRAIN_P_005214	1	HPCLAS_TRAIN_P_005214	3	A_clean_core	-0.31984766147909893	0.4207128743647376	0
layer24_mean	rbf_svm	HPCLAS_TRAIN_P_005222	1	HPCLAS_TRAIN_P_005222	3	A_clean_core	1.3118215413026746	0.7878178060155105	1
layer24_mean	rbf_svm	HPCLAS_TRAIN_P_005250	1	HPCLAS_TRAIN_P_005250	3	D_hard_sample	0.8173210421606633	0.6936673759946602	1
layer24_mean	rbf_svm	HPCLAS_TRAIN_P_005255	1	HPCLAS_TRAIN_P_005255	3	B_ambiguous	1.4011443076624353	0.8023654101143092	1
layer24_mean	rbf_svm	HPCLAS_TRAIN_P_005258	1	HPCLAS_TRAIN_P_005258	3	A_clean_core	2.604235678942745	0.9311336837548279	1
layer24_mean	rbf_svm	HPCLAS_TRAIN_P_005260	1	HPCLAS_TRAIN_P_005260	3	A_clean_core	-0.7152522032403743	0.32843933567127925	0
layer24_mean	rbf_svm	HPCLAS_TRAIN_P_005262	1	HPCLAS_TRAIN_P_005262	3	A_clean_core	2.5847631348423032	0.9298744998682698	1
layer24_mean	rbf_svm	HPCLAS_TRAIN_P_005281	1	HPCLAS_TRAIN_P_005281	3	A_clean_core	1.5240158037557154	0.8211290670976337	1
layer24_mean	rbf_svm	HPCLAS_TRAIN_P_005284	1	HPCLAS_TRAIN_P_005284	3	A_clean_core	2.0540777340115386	0.886359003048656	1
layer24_mean	rbf_svm	HPCLAS_TRAIN_P_005290	1	HPCLAS_TRAIN_P_005290	3	A_clean_core	1.7593119108036062	0.853123460941026	1
layer24_mean	rbf_svm	HPCLAS_TRAIN_P_005302	1	HPCLAS_TRAIN_P_005302	3	A_clean_core	1.3070537987695077	0.787019732194445	1
layer24_mean	rbf_svm	HPCLAS_TRAIN_P_005308	1	HPCLAS_TRAIN_P_005308	3	D_hard_sample	0.7500641692094773	0.6791926811641255	1
layer24_mean	rbf_svm	HPCLAS_TRAIN_P_005309	1	HPCLAS_TRAIN_P_005309	3	D_hard_sample	0.016155800612980983	0.5040388623050424	1
layer24_mean	rbf_svm	HPCLAS_TRAIN_P_005311	1	HPCLAS_TRAIN_P_005311	3	A_clean_core	0.8158044410691726	0.693345014337547	1
layer24_mean	rbf_svm	HPCLAS_TRAIN_P_005313	1	HPCLAS_TRAIN_P_005313	3	A_clean_core	-0.40102338058174425	0.40106648655722343	0
layer24_mean	rbf_svm	HPCLAS_TRAIN_P_005320	1	HPCLAS_TRAIN_P_005320	3	A_clean_core	2.0859675879122923	0.8895318027277186	1
layer24_mean	rbf_svm	HPCLAS_TRAIN_P_005325	1	HPCLAS_TRAIN_P_005325	3	A_clean_core	0.539277073818583	0.6316442306620935	1
layer24_mean	rbf_svm	HPCLAS_TRAIN_P_005328	1	HPCLAS_TRAIN_P_005328	3	A_clean_core	1.0777914404816986	0.7460758064685964	1
layer24_mean	rbf_svm	HPCLAS_TRAIN_P_005335	1	HPCLAS_TRAIN_P_005335	3	A_clean_core	1.0424395589866886	0.7393204462829468	1
layer24_mean	rbf_svm	HPCLAS_TRAIN_P_005340	1	HPCLAS_TRAIN_P_005340	3	D_hard_sample	0.4277811813202933	0.6053437107415703	1
layer24_mean	rbf_svm	HPCLAS_TRAIN_P_005342	1	HPCLAS_TRAIN_P_005342	3	A_clean_core	1.0550527243396173	0.7417439799266532	1
layer24_mean	rbf_svm	HPCLAS_TRAIN_P_005345	1	HPCLAS_TRAIN_P_005345	3	D_hard_sample	0.6582324251851189	0.658863215585234	1
layer24_mean	rbf_svm	HPCLAS_TRAIN_P_005384	1	HPCLAS_TRAIN_P_005384	3	D_hard_sample	-1.0130963893022225	0.26637431977654075	0
layer24_mean	rbf_svm	HPCLAS_TRAIN_P_005391	1	HPCLAS_TRAIN_P_005391	3	A_clean_core	-0.9779873706382686	0.27329131580158295	0
layer24_mean	rbf_svm	HPCLAS_TRAIN_P_005392	1	HPCLAS_TRAIN_P_005392	3	A_clean_core	1.145267876195774	0.7586455140778358	1
layer24_mean	rbf_svm	HPCLAS_TRAIN_P_005401	1	HPCLAS_TRAIN_P_005401	3	A_clean_core	2.1789450377632678	0.8983427702250558	1
layer24_mean	rbf_svm	HPCLAS_TRAIN_P_005404	1	HPCLAS_TRAIN_P_005404	3	A_clean_core	3.2289516410928893	0.96190935992306	1
layer24_mean	rbf_svm	HPCLAS_TRAIN_P_005441	1	HPCLAS_TRAIN_P_005441	3	A_clean_core	2.265616152511021	0.9059890668200385	1
layer24_mean	rbf_svm	HPCLAS_TRAIN_P_005446	1	HPCLAS_TRAIN_P_005446	3	A_clean_core	1.245214044093919	0.7764702899192151	1
layer24_mean	rbf_svm	HPCLAS_TRAIN_P_005452	1	HPCLAS_TRAIN_P_005452	3	A_clean_core	-0.30091296800037004	0.42533431575511405	0
layer24_mean	rbf_svm	HPCLAS_TRAIN_P_005457	1	HPCLAS_TRAIN_P_005457	3	A_clean_core	2.346141816253498	0.9126270695999973	1
layer24_mean	rbf_svm	HPCLAS_TRAIN_P_005460	1	HPCLAS_TRAIN_P_005460	3	D_hard_sample	1.2753460685509959	0.7816565330396604	1
layer24_mean	rbf_svm	HPCLAS_TRAIN_P_005466	1	HPCLAS_TRAIN_P_005466	3	A_clean_core	1.0065031387012953	0.7323352504681716	1
layer24_mean	rbf_svm	HPCLAS_TRAIN_P_005468	1	HPCLAS_TRAIN_P_005468	3	A_clean_core	0.5153350544675452	0.6260563006163874	1
layer24_mean	rbf_svm	HPCLAS_TRAIN_P_005477	1	HPCLAS_TRAIN_P_005477	3	A_clean_core	1.0926101733027198	0.7488729155298713	1
layer24_mean	rbf_svm	HPCLAS_TRAIN_P_005479	1	HPCLAS_TRAIN_P_005479	3	A_clean_core	-0.517545354371319	0.3734263908394076	0
layer24_mean	rbf_svm	HPCLAS_TRAIN_P_005483	1	HPCLAS_TRAIN_P_005483	3	A_clean_core	3.300697546284784	0.964452732915525	1
layer24_mean	rbf_svm	HPCLAS_TRAIN_P_005495	1	HPCLAS_TRAIN_P_005495	3	A_clean_core	1.7182569277106257	0.8479041813610737	1
layer24_mean	rbf_svm	HPCLAS_TRAIN_P_005501	1	HPCLAS_TRAIN_P_005501	3	A_clean_core	2.9035394584061587	0.9480211278917599	1
layer24_mean	rbf_svm	HPCLAS_TRAIN_P_005503	1	HPCLAS_TRAIN_P_005503	3	D_hard_sample	0.15974969668040825	0.5398527068875364	1
layer24_mean	rbf_svm	HPCLAS_TRAIN_P_005510	1	HPCLAS_TRAIN_P_005510	3	A_clean_core	-0.6005559086897463	0.3542165209275224	0
layer24_mean	rbf_svm	HPCLAS_TRAIN_P_005512	1	HPCLAS_TRAIN_P_005512	3	A_clean_core	-0.3748197875440077	0.4073769063841973	0
layer24_mean	rbf_svm	HPCLAS_TRAIN_P_005514	1	HPCLAS_TRAIN_P_005514	3	A_clean_core	2.8550608135365536	0.9455796938756555	1
layer24_mean	rbf_svm	HPCLAS_TRAIN_P_005516	1	HPCLAS_TRAIN_P_005516	3	D_hard_sample	0.2996072869021691	0.5743465120253615	1
layer24_mean	rbf_svm	HPCLAS_TRAIN_P_005517	1	HPCLAS_TRAIN_P_005517	3	A_clean_core	2.062912440456097	0.887245861116027	1
layer24_mean	rbf_svm	HPCLAS_TRAIN_P_005519	1	HPCLAS_TRAIN_P_005519	3	A_clean_core	2.335462877203487	0.9117717821043735	1
layer24_mean	rbf_svm	HPCLAS_TRAIN_P_005521	1	HPCLAS_TRAIN_P_005521	3	A_clean_core	0.9450160407315543	0.7201117598343953	1
layer24_mean	rbf_svm	HPCLAS_TRAIN_P_005528	1	HPCLAS_TRAIN_P_005528	3	A_clean_core	-0.8441879511123523	0.3006534868780143	0
layer24_mean	rbf_svm	HPCLAS_TRAIN_P_005534	1	HPCLAS_TRAIN_P_005534	3	A_clean_core	2.864800145147906	0.9460786981264173	1
layer24_mean	rbf_svm	HPCLAS_TRAIN_P_005552	1	HPCLAS_TRAIN_P_005552	3	A_clean_core	2.2432523288087274	0.9040669034924022	1
layer24_mean	rbf_svm	HPCLAS_TRAIN_P_005553	1	HPCLAS_TRAIN_P_005553	3	A_clean_core	1.0585096393567839	0.7424056324482322	1
layer24_mean	rbf_svm	HPCLAS_TRAIN_P_005562	1	HPCLAS_TRAIN_P_005562	3	A_clean_core	0.9227442099222821	0.7156009272650241	1
layer24_mean	rbf_svm	HPCLAS_TRAIN_P_005563	1	HPCLAS_TRAIN_P_005563	3	D_hard_sample	0.2158746277569877	0.553760042440904	1
layer24_mean	rbf_svm	HPCLAS_TRAIN_P_005565	1	HPCLAS_TRAIN_P_005565	3	A_clean_core	2.2604297288101507	0.9055463930734499	1
layer24_mean	rbf_svm	HPCLAS_TRAIN_P_005568	1	HPCLAS_TRAIN_P_005568	3	A_clean_core	3.491449618144997	0.9704435034553296	1
layer24_mean	rbf_svm	HPCLAS_TRAIN_P_005575	1	HPCLAS_TRAIN_P_005575	3	A_clean_core	0.827943974675677	0.6959200186554558	1
layer24_mean	rbf_svm	HPCLAS_TRAIN_P_005577	1	HPCLAS_TRAIN_P_005577	3	A_clean_core	1.0424292500109202	0.7393184594732265	1
layer24_mean	rbf_svm	HPCLAS_TRAIN_P_005584	1	HPCLAS_TRAIN_P_005584	3	A_clean_core	2.277940875769758	0.9070335594138742	1
layer24_mean	rbf_svm	HPCLAS_TRAIN_P_005585	1	HPCLAS_TRAIN_P_005585	3	A_clean_core	0.9485533131018257	0.7208241445549176	1
layer24_mean	rbf_svm	HPCLAS_TRAIN_P_005619	1	HPCLAS_TRAIN_P_005619	3	A_clean_core	2.570102492848713	0.9289124642360639	1
layer24_mean	rbf_svm	HPCLAS_TRAIN_P_005620	1	HPCLAS_TRAIN_P_005620	3	A_clean_core	0.5915839911885424	0.6437285042349373	1
layer24_mean	rbf_svm	HPCLAS_TRAIN_P_005626	1	HPCLAS_TRAIN_P_005626	3	A_clean_core	1.2349452834358565	0.7746829423215325	1
layer24_mean	rbf_svm	HPCLAS_TRAIN_P_005631	1	HPCLAS_TRAIN_P_005631	3	D_hard_sample	1.0487849800259368	0.7405415137500224	1
layer24_mean	rbf_svm	HPCLAS_TRAIN_P_005651	1	HPCLAS_TRAIN_P_005651	3	A_clean_core	1.2900281933768183	0.7841519611607858	1
layer24_mean	rbf_svm	HPCLAS_TRAIN_P_005658	1	HPCLAS_TRAIN_P_005658	3	A_clean_core	2.9007553887853454	0.9478837658550915	1
layer24_mean	rbf_svm	HPCLAS_TRAIN_P_005661	1	HPCLAS_TRAIN_P_005661	3	A_clean_core	3.29253677711627	0.9641718889672906	1
layer24_mean	rbf_svm	HPCLAS_TRAIN_P_005669	1	HPCLAS_TRAIN_P_005669	3	A_clean_core	0.10052294098007294	0.5251095947233704	1
layer24_mean	rbf_svm	HPCLAS_TRAIN_P_005671	1	HPCLAS_TRAIN_P_005671	3	A_clean_core	0.8344422743087835	0.697293405226707	1
layer24_mean	rbf_svm	HPCLAS_TRAIN_P_005686	1	HPCLAS_TRAIN_P_005686	3	A_clean_core	2.702758171221337	0.9371892012686831	1
layer24_mean	rbf_svm	HPCLAS_TRAIN_P_005697	1	HPCLAS_TRAIN_P_005697	3	A_clean_core	1.3540991828532036	0.7947989864524022	1
layer24_mean	rbf_svm	HPCLAS_TRAIN_P_005698	1	HPCLAS_TRAIN_P_005698	3	A_clean_core	-0.26997829686027486	0.4329124231314654	0
layer24_mean	rbf_svm	HPCLAS_TRAIN_P_005699	1	HPCLAS_TRAIN_P_005699	3	A_clean_core	2.609638743356734	0.9314793424557198	1
layer24_mean	rbf_svm	HPCLAS_TRAIN_P_005704	1	HPCLAS_TRAIN_P_005704	3	A_clean_core	2.49252657946084	0.9236162418976256	1
layer24_mean	rbf_svm	HPCLAS_TRAIN_P_005705	1	HPCLAS_TRAIN_P_005705	3	A_clean_core	2.9156580041352367	0.9486150623499918	1
layer24_mean	rbf_svm	HPCLAS_TRAIN_P_005712	1	HPCLAS_TRAIN_P_005712	3	A_clean_core	0.6635404799213324	0.6600552591298842	1
layer24_mean	rbf_svm	HPCLAS_TRAIN_P_005719	1	HPCLAS_TRAIN_P_005719	3	A_clean_core	1.5567454938460317	0.8258858564136479	1
layer24_mean	rbf_svm	HPCLAS_TRAIN_P_005721	1	HPCLAS_TRAIN_P_005721	3	A_clean_core	3.325724477489731	0.9653008451115825	1
layer24_mean	rbf_svm	HPCLAS_TRAIN_P_005722	1	HPCLAS_TRAIN_P_005722	3	A_clean_core	4.07969185933549	0.9833686050663062	1
layer24_mean	rbf_svm	HPCLAS_TRAIN_P_005727	1	HPCLAS_TRAIN_P_005727	3	A_clean_core	1.8120808919397338	0.8596131808589124	1
layer24_mean	rbf_svm	HPCLAS_TRAIN_P_005729	1	HPCLAS_TRAIN_N_002503	3	B_ambiguous	0.6934520983500199	0.6667344227317089	1
layer24_mean	rbf_svm	HPCLAS_TRAIN_P_005734	1	HPCLAS_TRAIN_P_005734	3	A_clean_core	3.090440257318681	0.9564966881745925	1
layer24_mean	rbf_svm	HPCLAS_TRAIN_P_005740	1	HPCLAS_TRAIN_P_005740	3	D_hard_sample	0.2322428572546729	0.5578011470843242	1
layer24_mean	rbf_svm	HPCLAS_TRAIN_P_005748	1	HPCLAS_TRAIN_P_005748	3	D_hard_sample	-0.25943288575659496	0.43550312254611506	0
layer24_mean	rbf_svm	HPCLAS_TRAIN_P_005752	1	HPCLAS_TRAIN_P_005752	3	A_clean_core	1.5324862486070543	0.8223697908726836	1
layer24_mean	rbf_svm	HPCLAS_TRAIN_P_005753	1	HPCLAS_TRAIN_P_005753	3	A_clean_core	1.0458133346189733	0.739970134451022	1
layer24_mean	rbf_svm	HPCLAS_TRAIN_P_005764	1	HPCLAS_TRAIN_P_005764	3	D_hard_sample	0.0696318243768238	0.5174009258313186	1
layer24_mean	rbf_svm	HPCLAS_TRAIN_P_005771	1	HPCLAS_TRAIN_P_005771	3	A_clean_core	0.43941994316973054	0.6081208061391562	1
layer24_mean	rbf_svm	HPCLAS_TRAIN_P_005777	1	HPCLAS_TRAIN_P_005777	3	A_clean_core	2.5562817316235007	0.9279943951292694	1
layer24_mean	rbf_svm	HPCLAS_TRAIN_P_005792	1	HPCLAS_TRAIN_P_005792	3	A_clean_core	0.03210155313851756	0.5080246991689279	1
layer24_mean	rbf_svm	HPCLAS_TRAIN_P_005800	1	HPCLAS_TRAIN_P_005800	3	A_clean_core	2.236357550296289	0.9034672515570547	1
layer24_mean	rbf_svm	HPCLAS_TRAIN_P_005802	1	HPCLAS_TRAIN_P_005802	3	A_clean_core	0.9469788252192076	0.720507189678708	1
layer24_mean	rbf_svm	HPCLAS_TRAIN_P_005803	1	HPCLAS_TRAIN_P_005803	3	A_clean_core	0.12406474215428845	0.530976463095442	1
layer24_mean	rbf_svm	HPCLAS_TRAIN_P_005806	1	HPCLAS_TRAIN_P_005806	3	A_clean_core	1.7388010405704384	0.8505347113018867	1
layer24_mean	rbf_svm	HPCLAS_TRAIN_P_005808	1	HPCLAS_TRAIN_P_005808	3	A_clean_core	0.8204675160800671	0.6943355717826392	1
layer24_mean	rbf_svm	HPCLAS_TRAIN_P_005826	1	HPCLAS_TRAIN_P_005826	3	D_hard_sample	0.9218975439245615	0.7154285855351903	1
layer24_mean	rbf_svm	HPCLAS_TRAIN_P_005828	1	HPCLAS_TRAIN_P_005828	3	B_ambiguous	0.13405708256939636	0.5334641694239595	1
layer24_mean	rbf_svm	HPCLAS_TRAIN_P_005835	1	HPCLAS_TRAIN_P_005835	3	A_clean_core	2.595246437592108	0.9305550211714783	1
layer24_mean	rbf_svm	HPCLAS_TRAIN_P_005850	1	HPCLAS_TRAIN_P_005850	3	A_clean_core	0.8795900695318933	0.706737266227535	1
layer24_mean	rbf_svm	HPCLAS_TRAIN_P_005851	1	HPCLAS_TRAIN_P_005851	3	A_clean_core	1.4351341619576925	0.8077000174120996	1
layer24_mean	rbf_svm	HPCLAS_TRAIN_P_005853	1	HPCLAS_TRAIN_P_005853	3	A_clean_core	0.5966792239621185	0.6448961980425273	1
layer24_mean	rbf_svm	HPCLAS_TRAIN_P_005861	1	HPCLAS_TRAIN_P_005861	3	A_clean_core	0.9545716842740907	0.7220336506057108	1
layer24_mean	rbf_svm	HPCLAS_TRAIN_P_005864	1	HPCLAS_TRAIN_P_005864	3	D_hard_sample	-0.7696909311630736	0.31654596785159306	0
layer24_mean	rbf_svm	HPCLAS_TRAIN_P_005866	1	HPCLAS_TRAIN_P_005866	3	A_clean_core	1.396055350444218	0.8015571860254046	1
layer24_mean	rbf_svm	HPCLAS_TRAIN_P_005870	1	HPCLAS_TRAIN_P_005870	3	A_clean_core	2.572062064402068	0.9290417540686078	1
layer24_mean	rbf_svm	HPCLAS_TRAIN_P_005875	1	HPCLAS_TRAIN_P_005875	3	A_clean_core	1.0905985149495254	0.7484944091190906	1
layer24_mean	rbf_svm	HPCLAS_TRAIN_P_005879	1	HPCLAS_TRAIN_P_005879	3	A_clean_core	2.9187885641696685	0.9487674458800829	1
layer24_mean	rbf_svm	HPCLAS_TRAIN_P_005881	1	HPCLAS_TRAIN_P_005881	3	A_clean_core	0.8731215372151304	0.7053948095738135	1
layer24_mean	rbf_svm	HPCLAS_TRAIN_P_005885	1	HPCLAS_TRAIN_P_005885	3	A_clean_core	3.9376295286120087	0.9808783928353705	1
layer24_mean	rbf_svm	HPCLAS_TRAIN_P_005886	1	HPCLAS_TRAIN_P_005886	3	A_clean_core	0.0054604509801769174	0.5013651093531445	1
layer24_mean	rbf_svm	HPCLAS_TRAIN_P_005889	1	HPCLAS_TRAIN_P_005889	3	A_clean_core	2.828450353045401	0.9441940047437106	1
layer24_mean	rbf_svm	HPCLAS_TRAIN_P_005900	1	HPCLAS_TRAIN_P_005900	3	A_clean_core	3.60726780406938	0.9735905209283443	1
layer24_mean	rbf_svm	HPCLAS_TRAIN_P_005902	1	HPCLAS_TRAIN_P_005902	3	A_clean_core	2.495556812110558	0.923829748395864	1
layer24_mean	rbf_svm	HPCLAS_TRAIN_P_005911	1	HPCLAS_TRAIN_P_005911	3	A_clean_core	1.224129873799494	0.7727895137866295	1
layer24_mean	rbf_svm	HPCLAS_TRAIN_P_005928	1	HPCLAS_TRAIN_P_005928	3	A_clean_core	0.5347910550881351	0.6305998545831305	1
layer24_mean	rbf_svm	HPCLAS_TRAIN_P_005942	1	HPCLAS_TRAIN_P_005942	3	A_clean_core	-0.036002893095956195	0.4910002488343653	0
layer24_mean	rbf_svm	HPCLAS_TRAIN_P_005944	1	HPCLAS_TRAIN_P_005944	3	A_clean_core	-0.535882045553423	0.3691460423158671	0
layer24_mean	rbf_svm	HPCLAS_TRAIN_P_005946	1	HPCLAS_TRAIN_P_005946	3	A_clean_core	1.28190968710455	0.7827746720734102	1
layer24_mean	rbf_svm	HPCLAS_TRAIN_P_005949	1	HPCLAS_TRAIN_P_005949	3	A_clean_core	2.237091088554578	0.90353120756129	1
layer24_mean	rbf_svm	HPCLAS_TRAIN_P_005952	1	HPCLAS_TRAIN_P_005952	3	A_clean_core	0.8321624982983369	0.696811984466216	1
layer24_mean	rbf_svm	HPCLAS_TRAIN_P_005954	1	HPCLAS_TRAIN_P_005954	3	A_clean_core	3.5653714752371313	0.9724916387869839	1
layer24_mean	rbf_svm	HPCLAS_TRAIN_P_005966	1	HPCLAS_TRAIN_P_005966	3	A_clean_core	1.2962229731647874	0.785198629356192	1
layer24_mean	rbf_svm	HPCLAS_TRAIN_P_005981	1	HPCLAS_TRAIN_P_005981	3	A_clean_core	3.9910851072741975	0.9818556504121373	1
layer24_mean	rbf_svm	HPCLAS_TRAIN_P_005982	1	HPCLAS_TRAIN_P_005982	3	A_clean_core	0.15567397941051134	0.5388400877037895	1
layer24_mean	rbf_svm	HPCLAS_TRAIN_P_005985	1	HPCLAS_TRAIN_N_004166	3	B_ambiguous	-0.7058062494453291	0.3305261670872457	0
layer24_mean	rbf_svm	HPCLAS_TRAIN_P_005995	1	HPCLAS_TRAIN_P_005995	3	A_clean_core	0.4342591264756156	0.6068902485642254	1
layer24_mean	rbf_svm	HPCLAS_TRAIN_P_006004	1	HPCLAS_TRAIN_P_006004	3	A_clean_core	3.2972458896392443	0.9643342076025218	1
layer24_mean	rbf_svm	HPCLAS_TRAIN_P_006010	1	HPCLAS_TRAIN_P_006010	3	D_hard_sample	0.43791457661718136	0.607762004068296	1
layer24_mean	rbf_svm	HPCLAS_TRAIN_P_006019	1	HPCLAS_TRAIN_P_006019	3	D_hard_sample	0.1814568313790099	0.5452401423096616	1
layer24_mean	rbf_svm	HPCLAS_TRAIN_P_006028	1	HPCLAS_TRAIN_P_006028	3	B_ambiguous	0.9497610856921409	0.7210671278874476	1
layer24_mean	rbf_svm	HPCLAS_TRAIN_P_006041	1	HPCLAS_TRAIN_P_006041	3	A_clean_core	1.7530882569166997	0.8523418981944136	1
layer24_mean	rbf_svm	HPCLAS_TRAIN_P_006046	1	HPCLAS_TRAIN_P_006046	3	A_clean_core	1.6672981121819304	0.8412152568268976	1
layer24_mean	rbf_svm	HPCLAS_TRAIN_P_006047	1	HPCLAS_TRAIN_P_006047	3	A_clean_core	-0.6837937430335054	0.3354151051156545	0
layer24_mean	rbf_svm	HPCLAS_TRAIN_P_006048	1	HPCLAS_TRAIN_P_006048	3	A_clean_core	0.08729521548766103	0.5218099554826191	1
layer24_mean	rbf_svm	HPCLAS_TRAIN_P_006050	1	HPCLAS_TRAIN_P_006050	3	A_clean_core	0.4629551830124916	0.6137149931249585	1
layer24_mean	rbf_svm	HPCLAS_TRAIN_P_006057	1	HPCLAS_TRAIN_P_006057	3	A_clean_core	1.1552320871448327	0.7604652810367221	1
layer24_mean	rbf_svm	HPCLAS_TRAIN_P_006078	1	HPCLAS_TRAIN_P_006078	3	A_clean_core	2.8312629346577594	0.9443420193943025	1
layer24_mean	rbf_svm	HPCLAS_TRAIN_P_006084	1	HPCLAS_TRAIN_P_006084	3	A_clean_core	1.9941869094564597	0.8801853884411722	1
layer24_mean	rbf_svm	HPCLAS_TRAIN_P_006096	1	HPCLAS_TRAIN_P_006096	3	A_clean_core	0.9512003898629132	0.7213565220335281	1
layer24_mean	rbf_svm	HPCLAS_TRAIN_P_006097	1	HPCLAS_TRAIN_P_006097	3	A_clean_core	0.49524638648937735	0.6213415658068833	1
layer24_mean	rbf_svm	HPCLAS_TRAIN_P_006100	1	HPCLAS_TRAIN_P_006100	3	A_clean_core	1.2600663542527508	0.7790375300834249	1
layer24_mean	rbf_svm	HPCLAS_TRAIN_P_006104	1	HPCLAS_TRAIN_P_006104	3	A_clean_core	3.3933306509243844	0.9674954502644931	1
layer24_mean	rbf_svm	HPCLAS_TRAIN_P_006111	1	HPCLAS_TRAIN_P_006111	3	A_clean_core	3.1018374361195153	0.9569684739007414	1
layer24_mean	rbf_svm	HPCLAS_TRAIN_P_006118	1	HPCLAS_TRAIN_P_006118	3	A_clean_core	3.5741831848939984	0.9727263876844858	1
layer24_mean	rbf_svm	HPCLAS_TRAIN_P_006125	1	HPCLAS_TRAIN_P_006125	3	A_clean_core	1.9544408482845788	0.8759300643008681	1
layer24_mean	rbf_svm	HPCLAS_TRAIN_P_006137	1	HPCLAS_TRAIN_P_006137	3	A_clean_core	1.6838894146352283	0.8434188671024736	1
layer24_mean	rbf_svm	HPCLAS_TRAIN_P_006141	1	HPCLAS_TRAIN_P_006141	3	A_clean_core	2.248737655214769	0.9045415922000466	1
layer24_mean	rbf_svm	HPCLAS_TRAIN_P_006153	1	HPCLAS_TRAIN_P_006153	3	A_clean_core	0.4155268080311464	0.6024123603850807	1
layer24_mean	rbf_svm	HPCLAS_TRAIN_P_006161	1	HPCLAS_TRAIN_P_006161	3	A_clean_core	1.298350498581761	0.7855572437679924	1
layer24_mean	rbf_svm	HPCLAS_TRAIN_P_006166	1	HPCLAS_TRAIN_P_006166	3	A_clean_core	-0.15058876290684467	0.4624237920121063	0
layer24_mean	rbf_svm	HPCLAS_TRAIN_P_006173	1	HPCLAS_TRAIN_P_006173	3	A_clean_core	1.9208737334110328	0.8722358346266131	1
layer24_mean	rbf_svm	HPCLAS_TRAIN_P_006181	1	HPCLAS_TRAIN_P_006181	3	A_clean_core	1.0351634452482463	0.7379157120966446	1
layer24_mean	rbf_svm	HPCLAS_TRAIN_P_006184	1	HPCLAS_TRAIN_P_006184	3	A_clean_core	1.552882692050352	0.8253296922367618	1
layer24_mean	rbf_svm	HPCLAS_TRAIN_P_006198	1	HPCLAS_TRAIN_P_006198	3	A_clean_core	0.866162221465444	0.7039465091174442	1
layer24_mean	rbf_svm	HPCLAS_TRAIN_P_006200	1	HPCLAS_TRAIN_N_000961	3	B_ambiguous	0.7331466769768255	0.6754954090023421	1
layer24_mean	rbf_svm	HPCLAS_TRAIN_P_006205	1	HPCLAS_TRAIN_P_006205	3	A_clean_core	3.3393843128342335	0.9657554862460929	1
layer24_mean	rbf_svm	HPCLAS_TRAIN_P_006209	1	HPCLAS_TRAIN_P_006209	3	A_clean_core	-0.9234018880072513	0.28426524354515403	0
layer24_mean	rbf_svm	HPCLAS_TRAIN_P_006220	1	HPCLAS_TRAIN_P_006220	3	A_clean_core	1.879742847442103	0.8675815865931725	1
layer24_mean	rbf_svm	HPCLAS_TRAIN_P_006223	1	HPCLAS_TRAIN_P_006223	3	A_clean_core	4.076004661609301	0.9833081941152498	1
layer24_mean	rbf_svm	HPCLAS_TRAIN_P_006224	1	HPCLAS_TRAIN_P_006224	3	A_clean_core	1.321626216951627	0.7894521394081218	1
layer24_mean	rbf_svm	HPCLAS_TRAIN_P_006241	1	HPCLAS_TRAIN_P_006241	3	A_clean_core	1.6953539148379575	0.8449269548664591	1
layer24_mean	rbf_svm	HPCLAS_TRAIN_P_006250	1	HPCLAS_TRAIN_P_006250	3	A_clean_core	2.253725434171136	0.9049713993210776	1
layer24_mean	rbf_svm	HPCLAS_TRAIN_P_006252	1	HPCLAS_TRAIN_P_006252	3	A_clean_core	1.3386631484940568	0.7922700107357049	1
layer24_mean	rbf_svm	HPCLAS_TRAIN_P_006253	1	HPCLAS_TRAIN_P_006253	3	D_hard_sample	1.968245329369631	0.8774225193619554	1
layer24_mean	rbf_svm	HPCLAS_TRAIN_P_006258	1	HPCLAS_TRAIN_P_006258	3	A_clean_core	2.924840102869576	0.9490608001716115	1
layer24_mean	rbf_svm	HPCLAS_TRAIN_P_006261	1	HPCLAS_TRAIN_P_006261	3	A_clean_core	1.2913684350428294	0.7843787209415964	1
layer24_mean	rbf_svm	HPCLAS_TRAIN_P_006262	1	HPCLAS_TRAIN_P_006262	3	A_clean_core	1.7570420517821375	0.8528388108954321	1
layer24_mean	rbf_svm	HPCLAS_TRAIN_P_006264	1	HPCLAS_TRAIN_P_006264	3	A_clean_core	-0.1036940567585489	0.47409968931805635	0
layer24_mean	rbf_svm	HPCLAS_TRAIN_P_006270	1	HPCLAS_TRAIN_P_006270	3	A_clean_core	1.9621911965999412	0.8767698945778359	1
layer24_mean	rbf_svm	HPCLAS_TRAIN_P_006280	1	HPCLAS_TRAIN_P_006280	3	A_clean_core	2.313383665465536	0.9099794193816654	1
layer24_mean	rbf_svm	HPCLAS_TRAIN_P_006281	1	HPCLAS_TRAIN_N_003891	3	B_ambiguous	-0.8618212762141908	0.29695896936026606	0
layer24_mean	rbf_svm	HPCLAS_TRAIN_P_006294	1	HPCLAS_TRAIN_P_006294	3	A_clean_core	1.6989486592240275	0.8453973738819593	1
layer24_mean	rbf_svm	HPCLAS_TRAIN_P_006313	1	HPCLAS_TRAIN_P_006313	3	A_clean_core	-1.1484927779753134	0.24076449098024583	0
layer24_mean	rbf_svm	HPCLAS_TRAIN_P_006316	1	HPCLAS_TRAIN_P_006316	3	A_clean_core	0.8812586875363624	0.7070829841581671	1
layer24_mean	rbf_svm	HPCLAS_TRAIN_P_006321	1	HPCLAS_TRAIN_P_006321	3	B_ambiguous	1.1526015744578901	0.7599857842803085	1
layer24_mean	rbf_svm	HPCLAS_TRAIN_P_006322	1	HPCLAS_TRAIN_P_006322	3	A_clean_core	2.5528953084956396	0.9277677834066911	1
layer24_mean	rbf_svm	HPCLAS_TRAIN_P_006330	1	HPCLAS_TRAIN_P_006330	3	A_clean_core	3.6757932489069467	0.9752964194218484	1
layer24_mean	rbf_svm	HPCLAS_TRAIN_P_006349	1	HPCLAS_TRAIN_P_006349	3	D_hard_sample	0.8879315429930082	0.7084631312875116	1
layer24_mean	rbf_svm	HPCLAS_TRAIN_P_006352	1	HPCLAS_TRAIN_P_006352	3	A_clean_core	1.704342934091171	0.8461010962758452	1
layer24_mean	rbf_svm	HPCLAS_TRAIN_P_006353	1	HPCLAS_TRAIN_P_006353	3	A_clean_core	4.157654719097314	0.9845967663599469	1
layer24_mean	rbf_svm	HPCLAS_TRAIN_P_006355	1	HPCLAS_TRAIN_P_006355	3	A_clean_core	0.46268272764663443	0.6136504004301552	1
layer24_mean	rbf_svm	HPCLAS_TRAIN_P_006357	1	HPCLAS_TRAIN_N_000443	3	B_ambiguous	0.9306337234220038	0.7172038365479274	1
layer24_mean	rbf_svm	HPCLAS_TRAIN_P_006363	1	HPCLAS_TRAIN_P_006363	3	A_clean_core	-0.17640980083382782	0.45601156886239047	0
layer24_mean	rbf_svm	HPCLAS_TRAIN_P_006373	1	HPCLAS_TRAIN_P_006373	3	A_clean_core	2.9612156171849757	0.9507909008598336	1
layer24_mean	rbf_svm	HPCLAS_TRAIN_P_006374	1	HPCLAS_TRAIN_P_006374	3	D_hard_sample	0.25123910346746114	0.5624814629469314	1
layer24_mean	rbf_svm	HPCLAS_TRAIN_P_006375	1	HPCLAS_TRAIN_P_006375	3	A_clean_core	0.6549421291611213	0.6581232944006594	1
layer24_mean	rbf_svm	HPCLAS_TRAIN_P_006379	1	HPCLAS_TRAIN_P_006379	3	A_clean_core	2.3750505661188392	0.9149048918466876	1
layer24_mean	rbf_svm	HPCLAS_TRAIN_P_006403	1	HPCLAS_TRAIN_P_006403	3	A_clean_core	1.065855619356899	0.7438079705997003	1
layer24_mean	rbf_svm	HPCLAS_TRAIN_P_006405	1	HPCLAS_TRAIN_P_006405	3	A_clean_core	0.9316957408631651	0.7174191878771162	1
layer24_mean	rbf_svm	HPCLAS_TRAIN_P_006409	1	HPCLAS_TRAIN_P_006409	3	A_clean_core	0.8534572197145543	0.7012918699562779	1
layer24_mean	rbf_svm	HPCLAS_TRAIN_P_006410	1	HPCLAS_TRAIN_P_006410	3	A_clean_core	4.05628534088581	0.9829814335612672	1
layer24_mean	rbf_svm	HPCLAS_TRAIN_P_006423	1	HPCLAS_TRAIN_P_006423	3	A_clean_core	1.3403147158003672	0.7925416915745086	1
layer24_mean	rbf_svm	HPCLAS_TRAIN_P_006435	1	HPCLAS_TRAIN_P_006435	3	D_hard_sample	1.0564768121955246	0.7420166840516284	1
layer24_mean	rbf_svm	HPCLAS_TRAIN_P_006440	1	HPCLAS_TRAIN_P_006440	3	A_clean_core	1.2353994200117668	0.7747622016459697	1
layer24_mean	rbf_svm	HPCLAS_TRAIN_P_006457	1	HPCLAS_TRAIN_P_006457	3	A_clean_core	-0.7466503397789771	0.3215516126589407	0
layer24_mean	rbf_svm	HPCLAS_TRAIN_P_006459	1	HPCLAS_TRAIN_P_006459	3	A_clean_core	5.068082677520684	0.9937448954911927	1
layer24_mean	rbf_svm	HPCLAS_TRAIN_P_006462	1	HPCLAS_TRAIN_P_006462	3	A_clean_core	1.3171476162713676	0.78870675275417	1
layer24_mean	rbf_svm	HPCLAS_TRAIN_P_006463	1	HPCLAS_TRAIN_P_006463	3	A_clean_core	0.9577412584057959	0.7226693395876954	1
layer24_mean	rbf_svm	HPCLAS_TRAIN_P_006469	1	HPCLAS_TRAIN_P_006469	3	A_clean_core	2.767154331641277	0.940874882349549	1
layer24_mean	rbf_svm	HPCLAS_TRAIN_P_006473	1	HPCLAS_TRAIN_P_006473	3	A_clean_core	2.43352533583925	0.9193483125648011	1
layer24_mean	rbf_svm	HPCLAS_TRAIN_P_006480	1	HPCLAS_TRAIN_P_006480	3	A_clean_core	1.2023086733806199	0.7689352290264273	1
layer24_mean	rbf_svm	HPCLAS_TRAIN_P_006484	1	HPCLAS_TRAIN_P_006484	3	A_clean_core	2.1337919410490755	0.8941444529001407	1
layer24_mean	rbf_svm	HPCLAS_TRAIN_P_006487	1	HPCLAS_TRAIN_P_006487	3	A_clean_core	3.4307791593272663	0.9686527352649287	1
layer24_mean	rbf_svm	HPCLAS_TRAIN_P_006490	1	HPCLAS_TRAIN_P_006490	3	A_clean_core	2.696380727438357	0.936812740847288	1
layer24_mean	rbf_svm	HPCLAS_TRAIN_P_006496	1	HPCLAS_TRAIN_P_006496	3	A_clean_core	0.19479880454429152	0.5485462843717486	1
layer24_mean	rbf_svm	HPCLAS_TRAIN_P_006497	1	HPCLAS_TRAIN_P_006497	3	A_clean_core	1.114901161754606	0.753041709943129	1
layer24_mean	rbf_svm	HPCLAS_TRAIN_P_006502	1	HPCLAS_TRAIN_P_006502	3	A_clean_core	4.6570312010837265	0.9905946915347854	1
layer24_mean	rbf_svm	HPCLAS_TRAIN_P_006513	1	HPCLAS_TRAIN_P_006513	3	A_clean_core	1.3414408019809767	0.7927267809491296	1
layer24_mean	rbf_svm	HPCLAS_TRAIN_P_006516	1	HPCLAS_TRAIN_P_006516	3	D_hard_sample	0.9792284285362906	0.726955092873404	1
layer24_mean	rbf_svm	HPCLAS_TRAIN_P_006518	1	HPCLAS_TRAIN_P_006518	3	A_clean_core	1.8566753248752104	0.8649089592476042	1
layer24_mean	rbf_svm	HPCLAS_TRAIN_P_006520	1	HPCLAS_TRAIN_P_006520	3	A_clean_core	1.0509497725617876	0.7409572398716724	1
layer24_mean	rbf_svm	HPCLAS_TRAIN_P_006526	1	HPCLAS_TRAIN_P_006526	3	A_clean_core	0.14458474014747744	0.5360833474892194	1
layer24_mean	rbf_svm	HPCLAS_TRAIN_P_006531	1	HPCLAS_TRAIN_N_004408	3	B_ambiguous	0.5162976752453493	0.6262816322227588	1
layer24_mean	rbf_svm	HPCLAS_TRAIN_P_006535	1	HPCLAS_TRAIN_P_006535	3	A_clean_core	0.03245297846115938	0.5081125326206732	1
layer24_mean	rbf_svm	HPCLAS_TRAIN_P_006540	1	HPCLAS_TRAIN_P_006540	3	D_hard_sample	1.0733411914590165	0.7452317986094312	1
layer24_mean	rbf_svm	HPCLAS_TRAIN_P_006547	1	HPCLAS_TRAIN_P_006559	3	A_clean_core	3.996549524845115	0.9819527438389082	1
layer24_mean	rbf_svm	HPCLAS_TRAIN_P_006548	1	HPCLAS_TRAIN_P_006548	3	A_clean_core	1.7813921605525636	0.8558686844218993	1
layer24_mean	rbf_svm	HPCLAS_TRAIN_P_006551	1	HPCLAS_TRAIN_P_006551	3	A_clean_core	0.7273010303064485	0.6742127230592533	1
layer24_mean	rbf_svm	HPCLAS_TRAIN_P_006556	1	HPCLAS_TRAIN_P_006556	3	A_clean_core	1.125234034028203	0.7549582848739423	1
layer24_mean	rbf_svm	HPCLAS_TRAIN_P_006559	1	HPCLAS_TRAIN_P_006559	3	A_clean_core	3.8214349255315048	0.978572818553898	1
layer24_mean	rbf_svm	HPCLAS_TRAIN_P_006562	1	HPCLAS_TRAIN_P_006562	3	A_clean_core	1.9793190305071133	0.8786085516458086	1
layer24_mean	rbf_svm	HPCLAS_TRAIN_P_006564	1	HPCLAS_TRAIN_P_006564	3	A_clean_core	-0.8866186742227937	0.29180810692303666	0
layer24_mean	rbf_svm	HPCLAS_TRAIN_P_006565	1	HPCLAS_TRAIN_P_006565	3	A_clean_core	0.6689991121711414	0.6612790074590077	1
layer24_mean	rbf_svm	HPCLAS_TRAIN_P_006567	1	HPCLAS_TRAIN_P_006567	3	A_clean_core	1.350419808340995	0.7941982532504165	1
layer24_mean	rbf_svm	HPCLAS_TRAIN_P_006574	1	HPCLAS_TRAIN_P_006574	3	A_clean_core	0.03762162518965059	0.5094042970971728	1
layer24_mean	rbf_svm	HPCLAS_TRAIN_P_006577	1	HPCLAS_TRAIN_P_006577	3	D_hard_sample	3.3145166226986342	0.9649234725741263	1
layer24_mean	rbf_svm	HPCLAS_TRAIN_P_006588	1	HPCLAS_TRAIN_P_006588	3	A_clean_core	0.8991531238662461	0.7107754382333673	1
layer24_mean	rbf_svm	HPCLAS_TRAIN_P_006595	1	HPCLAS_TRAIN_P_006595	3	A_clean_core	0.14179471464817922	0.5353894043383142	1
layer24_mean	rbf_svm	HPCLAS_TRAIN_P_006596	1	HPCLAS_TRAIN_P_006596	3	A_clean_core	4.0847220821625205	0.9834506735938088	1
layer24_mean	rbf_svm	HPCLAS_TRAIN_P_006602	1	HPCLAS_TRAIN_P_006602	3	A_clean_core	1.63399837986155	0.8367166407571182	1
layer24_mean	rbf_svm	HPCLAS_TRAIN_P_006605	1	HPCLAS_TRAIN_P_006605	3	A_clean_core	1.3225797135193667	0.7896105834435386	1
layer24_mean	rbf_svm	HPCLAS_TRAIN_P_006613	1	HPCLAS_TRAIN_P_006613	3	A_clean_core	1.2812247945388988	0.7826581914249875	1
layer24_mean	rbf_svm	HPCLAS_TRAIN_P_006626	1	HPCLAS_TRAIN_P_006626	3	D_hard_sample	-0.9209575537606433	0.2847628263022859	0
layer24_mean	rbf_svm	HPCLAS_TRAIN_P_006636	1	HPCLAS_TRAIN_P_006636	3	A_clean_core	2.685461955941924	0.9361633172678614	1
layer24_mean	rbf_svm	HPCLAS_TRAIN_P_006643	1	HPCLAS_TRAIN_P_006643	3	B_ambiguous	-0.9055098907742347	0.28791953052134334	0
layer24_mean	rbf_svm	HPCLAS_TRAIN_P_006645	1	HPCLAS_TRAIN_P_006645	3	D_hard_sample	-1.0513136512714798	0.25897292351521806	0
layer24_mean	rbf_svm	HPCLAS_TRAIN_P_006663	1	HPCLAS_TRAIN_P_006663	3	A_clean_core	0.38845517374612826	0.5959107585775164	1
layer24_mean	rbf_svm	HPCLAS_TRAIN_P_006680	1	HPCLAS_TRAIN_P_006680	3	A_clean_core	1.310786488196891	0.7876447340520415	1
layer24_mean	rbf_svm	HPCLAS_TRAIN_P_006700	1	HPCLAS_TRAIN_P_006700	3	A_clean_core	1.7310258043480309	0.8495435848490043	1
layer24_mean	rbf_svm	HPCLAS_TRAIN_P_006704	1	HPCLAS_TRAIN_N_004487	3	B_ambiguous	0.2281059412708686	0.5567804968106128	1
layer24_mean	rbf_svm	HPCLAS_TRAIN_P_006706	1	HPCLAS_TRAIN_P_006706	3	A_clean_core	-0.5977006500586005	0.35486992481481644	0
layer24_mean	rbf_svm	HPCLAS_TRAIN_P_006708	1	HPCLAS_TRAIN_P_006708	3	A_clean_core	0.9894637088424897	0.7289819817911842	1
layer24_mean	rbf_svm	HPCLAS_TRAIN_P_006710	1	HPCLAS_TRAIN_P_006710	3	A_clean_core	-0.7584322862840555	0.31898673055438637	0
layer24_mean	rbf_svm	HPCLAS_TRAIN_P_006711	1	HPCLAS_TRAIN_P_006711	3	A_clean_core	0.618651119714643	0.6499117046838117	1
layer24_mean	rbf_svm	HPCLAS_TRAIN_P_006733	1	HPCLAS_TRAIN_P_006733	3	A_clean_core	3.641901323721048	0.9744665621400801	1
layer24_mean	rbf_svm	HPCLAS_TRAIN_P_006737	1	HPCLAS_TRAIN_P_006737	3	A_clean_core	3.094094167516654	0.9566484768528324	1
layer24_mean	rbf_svm	HPCLAS_TRAIN_P_006742	1	HPCLAS_TRAIN_P_006742	3	A_clean_core	2.181239991053041	0.8985521608180048	1
layer24_mean	rbf_svm	HPCLAS_TRAIN_P_006743	1	HPCLAS_TRAIN_P_006743	3	A_clean_core	0.2720342014144027	0.567592230126713	1
layer24_mean	rbf_svm	HPCLAS_TRAIN_P_006745	1	HPCLAS_TRAIN_P_006745	3	D_hard_sample	3.677801775358785	0.9753447653102624	1
layer24_mean	rbf_svm	HPCLAS_TRAIN_P_006748	1	HPCLAS_TRAIN_P_006748	3	A_clean_core	2.2371206853914463	0.903533787266683	1
layer24_mean	rbf_svm	HPCLAS_TRAIN_P_006770	1	HPCLAS_TRAIN_P_006770	3	A_clean_core	0.07150127067078685	0.5178677060306682	1
layer24_mean	rbf_svm	HPCLAS_TRAIN_P_006777	1	HPCLAS_TRAIN_P_006777	3	A_clean_core	2.1050459744257313	0.8913926542763263	1
layer24_mean	rbf_svm	HPCLAS_TRAIN_P_006808	1	HPCLAS_TRAIN_P_006808	3	A_clean_core	4.324141668965459	0.9869282208478202	1
layer24_mean	rbf_svm	HPCLAS_TRAIN_P_006812	1	HPCLAS_TRAIN_P_006812	3	D_hard_sample	-0.44865083821329155	0.38968158919461654	0
layer24_mean	rbf_svm	HPCLAS_TRAIN_P_006813	1	HPCLAS_TRAIN_N_002503	3	B_ambiguous	0.6005486019091475	0.6457818076652606	1
layer24_mean	rbf_svm	HPCLAS_TRAIN_P_006820	1	HPCLAS_TRAIN_P_006820	3	A_clean_core	0.7618102432918851	0.6817466281081037	1
layer24_mean	rbf_svm	HPCLAS_TRAIN_P_006823	1	HPCLAS_TRAIN_P_006823	3	A_clean_core	1.0651184556032753	0.7436674731451026	1
layer24_mean	rbf_svm	HPCLAS_TRAIN_P_006827	1	HPCLAS_TRAIN_P_006827	3	A_clean_core	1.0465461412430301	0.7401111121524816	1
layer24_mean	rbf_svm	HPCLAS_TRAIN_P_006830	1	HPCLAS_TRAIN_P_006830	3	A_clean_core	0.8658467800778417	0.7038807650669734	1
layer24_mean	rbf_svm	HPCLAS_TRAIN_P_006834	1	HPCLAS_TRAIN_P_006770	3	D_hard_sample	-0.21025295286736692	0.44762954514547315	0
layer24_mean	rbf_svm	HPCLAS_TRAIN_P_006841	1	HPCLAS_TRAIN_P_006841	3	A_clean_core	-0.4317282867863943	0.3937137082466225	0
layer24_mean	rbf_svm	HPCLAS_TRAIN_P_006849	1	HPCLAS_TRAIN_P_006849	3	A_clean_core	1.0744134206086007	0.7454353199649544	1
layer24_mean	rbf_svm	HPCLAS_TRAIN_P_006850	1	HPCLAS_TRAIN_P_002877	3	A_clean_core	2.308218641733406	0.9095554198756922	1
layer24_mean	rbf_svm	HPCLAS_TRAIN_P_006852	1	HPCLAS_TRAIN_P_006852	3	A_clean_core	-0.2550719501077354	0.43657551556131274	0
layer24_mean	rbf_svm	HPCLAS_TRAIN_P_006856	1	HPCLAS_TRAIN_P_006856	3	D_hard_sample	-1.0547071811304873	0.25832221780705955	0
layer24_mean	rbf_svm	HPCLAS_TRAIN_P_006860	1	HPCLAS_TRAIN_P_006860	3	A_clean_core	0.5824165131788124	0.641623256230677	1
layer24_mean	rbf_svm	HPCLAS_TRAIN_P_006865	1	HPCLAS_TRAIN_P_006865	3	D_hard_sample	0.8150090153446387	0.6931758667405951	1
layer24_mean	rbf_svm	HPCLAS_TRAIN_P_006871	1	HPCLAS_TRAIN_P_006871	3	A_clean_core	1.3185945441023967	0.788947780249563	1
layer24_mean	rbf_svm	HPCLAS_TRAIN_P_006881	1	HPCLAS_TRAIN_P_006881	3	A_clean_core	3.652209132197117	0.9747217852031606	1
layer24_mean	rbf_svm	HPCLAS_TRAIN_P_006883	1	HPCLAS_TRAIN_P_006883	3	A_clean_core	0.6885975329774882	0.66565486839493	1
layer24_mean	rbf_svm	HPCLAS_TRAIN_P_006888	1	HPCLAS_TRAIN_N_004209	3	B_ambiguous	0.8944247853282276	0.7098024482298299	1
layer24_mean	rbf_svm	HPCLAS_TRAIN_P_006890	1	HPCLAS_TRAIN_P_006890	3	A_clean_core	1.451007578455392	0.810153452854348	1
layer24_mean	rbf_svm	HPCLAS_TRAIN_P_006892	1	HPCLAS_TRAIN_P_006892	3	A_clean_core	0.6698772782140002	0.6614756791973666	1
layer24_mean	rbf_svm	HPCLAS_TRAIN_P_006893	1	HPCLAS_TRAIN_P_006893	3	A_clean_core	1.1043479110965062	0.7510738864095792	1
layer24_mean	rbf_svm	HPCLAS_TRAIN_P_006895	1	HPCLAS_TRAIN_P_006895	3	A_clean_core	2.013579663005427	0.8822154988974696	1
layer24_mean	rbf_svm	HPCLAS_TRAIN_P_006901	1	HPCLAS_TRAIN_P_006901	3	A_clean_core	2.998371707327233	0.9525005117660401	1
layer24_mean	rbf_svm	HPCLAS_TRAIN_P_006905	1	HPCLAS_TRAIN_N_002546	3	B_ambiguous	-0.6509047299924369	0.3427856874615666	0
layer24_mean	rbf_svm	HPCLAS_TRAIN_P_006912	1	HPCLAS_TRAIN_P_006912	3	D_hard_sample	0.8273608035002818	0.6957965965871491	1
layer24_mean	rbf_svm	HPCLAS_TRAIN_P_006930	1	HPCLAS_TRAIN_P_006930	3	D_hard_sample	0.5442060155583327	0.6327903005668971	1
layer24_mean	rbf_svm	HPCLAS_TRAIN_P_006952	1	HPCLAS_TRAIN_P_006952	3	A_clean_core	-0.3287684447210494	0.41854030966669076	0
layer24_mean	rbf_svm	HPCLAS_TRAIN_P_006955	1	HPCLAS_TRAIN_P_006955	3	D_hard_sample	-0.5094641226300446	0.3753191560958595	0
layer24_mean	rbf_svm	HPCLAS_TRAIN_P_006962	1	HPCLAS_TRAIN_P_006962	3	A_clean_core	0.7061925577763649	0.6695593090900083	1
layer24_mean	rbf_svm	HPCLAS_TRAIN_P_006964	1	HPCLAS_TRAIN_P_006964	3	A_clean_core	1.4090932015167668	0.803622878310422	1
layer24_mean	rbf_svm	HPCLAS_TRAIN_P_006968	1	HPCLAS_TRAIN_P_006968	3	A_clean_core	1.257924581517474	0.7786686291595807	1
layer24_mean	rbf_svm	HPCLAS_TRAIN_P_006974	1	HPCLAS_TRAIN_P_006974	3	A_clean_core	1.4109025210692725	0.8039082558740708	1
layer24_mean	rbf_svm	HPCLAS_TRAIN_P_006975	1	HPCLAS_TRAIN_P_006975	3	A_clean_core	-0.8753338015653817	0.2941456621876239	0
layer24_mean	rbf_svm	HPCLAS_TRAIN_P_006979	1	HPCLAS_TRAIN_P_006979	3	A_clean_core	3.6135433814043685	0.9737514000194707	1
layer24_mean	rbf_svm	HPCLAS_TRAIN_P_006981	1	HPCLAS_TRAIN_P_006981	3	A_clean_core	3.5798062242052584	0.9728751697030115	1
layer24_mean	rbf_svm	HPCLAS_TRAIN_P_007005	1	HPCLAS_TRAIN_P_007005	3	A_clean_core	0.6945568175993438	0.6669798457120989	1
layer24_mean	rbf_svm	HPCLAS_TRAIN_P_007008	1	HPCLAS_TRAIN_P_007008	3	D_hard_sample	-0.5935533640043188	0.3558199635885723	0
layer24_mean	rbf_svm	HPCLAS_TRAIN_P_007009	1	HPCLAS_TRAIN_P_007009	3	A_clean_core	0.7964604343861773	0.6892168250438577	1
layer24_mean	rbf_svm	HPCLAS_TRAIN_P_007014	1	HPCLAS_TRAIN_P_007014	3	A_clean_core	2.4803065926562913	0.9227496554573479	1
layer24_mean	rbf_svm	HPCLAS_TRAIN_P_007017	1	HPCLAS_TRAIN_P_007017	3	A_clean_core	2.8265897225089542	0.9440958839167587	1
layer24_mean	rbf_svm	HPCLAS_TRAIN_P_007026	1	HPCLAS_TRAIN_P_007026	3	D_hard_sample	0.24246614914292666	0.560321303163061	1
layer24_mean	rbf_svm	HPCLAS_TRAIN_P_007027	1	HPCLAS_TRAIN_P_007027	3	D_hard_sample	0.10206610269184915	0.5254943972138377	1
layer24_mean	rbf_svm	HPCLAS_TRAIN_P_007028	1	HPCLAS_TRAIN_P_007028	3	A_clean_core	-0.984510208035078	0.27199777705146255	0
layer24_mean	rbf_svm	HPCLAS_TRAIN_P_007037	1	HPCLAS_TRAIN_P_007037	3	D_hard_sample	0.11430417898164927	0.5285449721133547	1
layer24_mean	rbf_svm	HPCLAS_TRAIN_P_007052	1	HPCLAS_TRAIN_P_007052	3	A_clean_core	0.20377950875748882	0.5507693110887711	1
layer24_mean	rbf_svm	HPCLAS_TRAIN_P_007056	1	HPCLAS_TRAIN_P_007056	3	D_hard_sample	0.4487687462618418	0.6103464524938934	1
layer24_mean	rbf_svm	HPCLAS_TRAIN_P_007058	1	HPCLAS_TRAIN_P_007058	3	A_clean_core	2.051770639085044	0.8861264097193953	1
layer24_mean	rbf_svm	HPCLAS_TRAIN_P_007060	1	HPCLAS_TRAIN_P_007060	3	A_clean_core	2.5366718972445765	0.9266730023807911	1
layer24_mean	rbf_svm	HPCLAS_TRAIN_P_007063	1	HPCLAS_TRAIN_P_007063	3	A_clean_core	3.0325041490704407	0.9540211419378494	1
layer24_mean	rbf_svm	HPCLAS_TRAIN_P_007064	1	HPCLAS_TRAIN_P_007064	3	A_clean_core	2.4779343147145454	0.9225803833319718	1
layer24_mean	rbf_svm	HPCLAS_TRAIN_P_007074	1	HPCLAS_TRAIN_P_007074	3	A_clean_core	1.5082109790340723	0.8187959226814515	1
layer24_mean	rbf_svm	HPCLAS_TRAIN_P_007076	1	HPCLAS_TRAIN_P_007076	3	D_hard_sample	-0.2721331193291424	0.4323834924841666	0
layer24_mean	rbf_svm	HPCLAS_TRAIN_P_007080	1	HPCLAS_TRAIN_P_007080	3	A_clean_core	0.6980085300365534	0.6677460898489957	1
layer24_mean	rbf_svm	HPCLAS_TRAIN_P_007081	1	HPCLAS_TRAIN_P_007081	3	D_hard_sample	-0.9344651008249454	0.2820197210314244	0
layer24_mean	rbf_svm	HPCLAS_TRAIN_P_007086	1	HPCLAS_TRAIN_P_007086	3	D_hard_sample	0.7443957406429274	0.677956334862932	1
layer24_mean	rbf_svm	HPCLAS_TRAIN_P_007099	1	HPCLAS_TRAIN_P_007099	3	A_clean_core	2.7080257839421074	0.9374985692917417	1
layer24_mean	rbf_svm	HPCLAS_TRAIN_P_007102	1	HPCLAS_TRAIN_P_007102	3	A_clean_core	1.1529001980713451	0.7600402512057179	1
layer24_mean	rbf_svm	HPCLAS_TRAIN_P_007104	1	HPCLAS_TRAIN_P_007104	3	D_hard_sample	1.3811924774605113	0.7991824490729348	1
layer24_mean	rbf_svm	HPCLAS_TRAIN_P_007108	1	HPCLAS_TRAIN_P_007108	3	A_clean_core	1.1605546085152074	0.7614334754942634	1
layer24_mean	rbf_svm	HPCLAS_TRAIN_P_007121	1	HPCLAS_TRAIN_N_000856	3	B_ambiguous	-0.04551451401327991	0.4886233353929015	0
layer24_mean	rbf_svm	HPCLAS_TRAIN_P_007126	1	HPCLAS_TRAIN_P_007126	3	A_clean_core	1.618558874982077	0.834596285152863	1
layer24_mean	rbf_svm	HPCLAS_TRAIN_P_007136	1	HPCLAS_TRAIN_P_007136	3	D_hard_sample	-0.4032330442462605	0.4005358147016629	0
layer24_mean	rbf_svm	HPCLAS_TRAIN_P_007142	1	HPCLAS_TRAIN_P_007142	3	A_clean_core	4.04616082089615	0.9828112302936743	1
layer24_mean	rbf_svm	HPCLAS_TRAIN_P_007147	1	HPCLAS_TRAIN_P_007147	3	D_hard_sample	0.952895610891645	0.7216971357511325	1
layer24_mean	rbf_svm	HPCLAS_TRAIN_P_007153	1	HPCLAS_TRAIN_P_007153	3	A_clean_core	1.299389802574882	0.7857322699035242	1
layer24_mean	rbf_svm	HPCLAS_TRAIN_P_007162	1	HPCLAS_TRAIN_P_007162	3	A_clean_core	0.5983933728605149	0.645288649297702	1
layer24_mean	rbf_svm	HPCLAS_TRAIN_P_007164	1	HPCLAS_TRAIN_P_007164	3	D_hard_sample	-0.5818228160326807	0.35851327166053293	0
layer24_mean	rbf_svm	HPCLAS_TRAIN_P_007167	1	HPCLAS_TRAIN_P_007167	3	A_clean_core	0.8901918823695653	0.7089297687640923	1
layer24_mean	rbf_svm	HPCLAS_TRAIN_P_007168	1	HPCLAS_TRAIN_P_007168	3	A_clean_core	0.8492681974380859	0.7004136076575769	1
layer24_mean	rbf_svm	HPCLAS_TRAIN_P_007171	1	HPCLAS_TRAIN_P_007171	3	A_clean_core	1.6899317775430414	0.8442151877488148	1
layer24_mean	rbf_svm	HPCLAS_TRAIN_P_007174	1	HPCLAS_TRAIN_P_007174	3	A_clean_core	3.2584531350864285	0.9629756790030121	1
layer24_mean	rbf_svm	HPCLAS_TRAIN_P_007179	1	HPCLAS_TRAIN_P_007179	3	A_clean_core	0.030701491577439982	0.5076747700624193	1
layer24_mean	rbf_svm	HPCLAS_TRAIN_P_007180	1	HPCLAS_TRAIN_P_007180	3	A_clean_core	1.0209540226952458	0.7351583898598385	1
layer24_mean	rbf_svm	HPCLAS_TRAIN_P_007217	1	HPCLAS_TRAIN_P_007217	3	A_clean_core	-0.4888817514789702	0.38015703378989857	0
layer24_mean	rbf_svm	HPCLAS_TRAIN_P_007224	1	HPCLAS_TRAIN_P_007224	3	A_clean_core	0.9702245406692444	0.7251642512456888	1
layer24_mean	rbf_svm	HPCLAS_TRAIN_P_007234	1	HPCLAS_TRAIN_P_007234	3	B_ambiguous	-1.3406722383408969	0.20739953094683727	0
layer24_mean	rbf_svm	HPCLAS_TRAIN_P_007239	1	HPCLAS_TRAIN_P_007239	3	A_clean_core	0.928151666296355	0.7167001482469817	1
layer24_mean	rbf_svm	HPCLAS_TRAIN_P_007245	1	HPCLAS_TRAIN_P_007245	3	A_clean_core	1.3861617295141613	0.799978778098706	1
layer24_mean	rbf_svm	HPCLAS_TRAIN_P_007262	1	HPCLAS_TRAIN_P_007262	3	B_ambiguous	-0.006450629151895287	0.49838734830397485	0
layer24_mean	rbf_svm	HPCLAS_TRAIN_P_007287	1	HPCLAS_TRAIN_P_007287	3	A_clean_core	1.1653527972347597	0.7623039850089716	1
layer24_mean	rbf_svm	HPCLAS_TRAIN_P_007288	1	HPCLAS_TRAIN_P_007288	3	A_clean_core	-0.16773824895470432	0.4581634848941456	0
layer24_mean	rbf_svm	HPCLAS_TRAIN_P_007292	1	HPCLAS_TRAIN_P_007292	3	A_clean_core	0.2901899216399467	0.572042628257581	1
layer24_mean	rbf_svm	HPCLAS_TRAIN_P_007294	1	HPCLAS_TRAIN_P_007294	3	A_clean_core	2.397936177707864	0.9166697912939973	1
layer24_mean	rbf_svm	HPCLAS_TRAIN_P_007295	1	HPCLAS_TRAIN_P_007295	3	D_hard_sample	-0.4367836125581298	0.39250763629089375	0
layer24_mean	rbf_svm	HPCLAS_TRAIN_P_007300	1	HPCLAS_TRAIN_P_007300	3	A_clean_core	3.8062772474879405	0.9782526752848973	1
layer24_mean	rbf_svm	HPCLAS_TRAIN_P_007310	1	HPCLAS_TRAIN_P_007310	3	D_hard_sample	-0.49600661799300505	0.3784795863021845	0
layer24_mean	rbf_svm	HPCLAS_TRAIN_P_007311	1	HPCLAS_TRAIN_P_007311	3	A_clean_core	1.1642720219258436	0.762108096662966	1
layer24_mean	rbf_svm	HPCLAS_TRAIN_P_007315	1	HPCLAS_TRAIN_P_007315	3	A_clean_core	0.4885351119969471	0.6197612814999449	1
layer24_mean	rbf_svm	HPCLAS_TRAIN_P_007322	1	HPCLAS_TRAIN_P_007322	3	A_clean_core	1.3675686251428627	0.7969870443413843	1
layer24_mean	rbf_svm	HPCLAS_TRAIN_P_007328	1	HPCLAS_TRAIN_P_007328	3	A_clean_core	1.6442676273747925	0.8381147980308921	1
layer24_mean	rbf_svm	HPCLAS_TRAIN_P_007331	1	HPCLAS_TRAIN_P_007331	3	A_clean_core	2.2270443995053184	0.9026519551510365	1
layer24_mean	rbf_svm	HPCLAS_TRAIN_P_007341	1	HPCLAS_TRAIN_P_007341	3	A_clean_core	0.7035573472495481	0.6689760094127583	1
layer24_mean	rbf_svm	HPCLAS_TRAIN_P_007344	1	HPCLAS_TRAIN_P_007344	3	A_clean_core	3.8590127700091217	0.9793467438157419	1
layer24_mean	rbf_svm	HPCLAS_TRAIN_P_007349	1	HPCLAS_TRAIN_P_007349	3	A_clean_core	1.6641989755367237	0.8408008606056596	1
layer24_mean	rbf_svm	HPCLAS_TRAIN_P_007372	1	HPCLAS_TRAIN_P_007372	3	A_clean_core	0.6602907443472072	0.6593256971114588	1
layer24_mean	rbf_svm	HPCLAS_TRAIN_P_007377	1	HPCLAS_TRAIN_P_007377	3	A_clean_core	-0.38871259596684427	0.40402725539252776	0
layer24_mean	rbf_svm	HPCLAS_TRAIN_P_007380	1	HPCLAS_TRAIN_P_007380	3	A_clean_core	1.2502740536270969	0.7773472975642074	1
layer24_mean	rbf_svm	HPCLAS_TRAIN_P_007385	1	HPCLAS_TRAIN_P_007385	3	D_hard_sample	-0.25031965634739384	0.43774482235672424	0
layer24_mean	rbf_svm	HPCLAS_TRAIN_P_007388	1	HPCLAS_TRAIN_P_007388	3	D_hard_sample	-1.131538954837131	0.24387720407460706	0
layer24_mean	rbf_svm	HPCLAS_TRAIN_P_007392	1	HPCLAS_TRAIN_P_007392	3	A_clean_core	3.3451575245985827	0.9659459043618613	1
layer24_mean	rbf_svm	HPCLAS_TRAIN_P_007402	1	HPCLAS_TRAIN_P_007402	3	A_clean_core	2.184260207497919	0.8988271409906662	1
layer24_mean	rbf_svm	HPCLAS_TRAIN_P_007413	1	HPCLAS_TRAIN_P_007413	3	A_clean_core	2.3496002014198716	0.9129024441934595	1
layer24_mean	rbf_svm	HPCLAS_TRAIN_P_007417	1	HPCLAS_TRAIN_P_007417	3	A_clean_core	1.0287772873243533	0.7366787788190048	1
layer24_mean	rbf_svm	HPCLAS_TRAIN_P_007420	1	HPCLAS_TRAIN_P_007420	3	A_clean_core	1.3114094069216844	0.7877489050850928	1
layer24_mean	rbf_svm	HPCLAS_TRAIN_P_007423	1	HPCLAS_TRAIN_P_007423	3	A_clean_core	4.385133413840864	0.9876921454280626	1
layer24_mean	rbf_svm	HPCLAS_TRAIN_P_007424	1	HPCLAS_TRAIN_P_007424	3	A_clean_core	1.4254613838239683	0.806193161621123	1
layer24_mean	rbf_svm	HPCLAS_TRAIN_P_007428	1	HPCLAS_TRAIN_P_007428	3	A_clean_core	0.4219451466082972	0.6039486125442387	1
layer24_mean	rbf_svm	HPCLAS_TRAIN_P_007453	1	HPCLAS_TRAIN_P_007453	3	D_hard_sample	0.974258958451038	0.7259675841433498	1
layer24_mean	rbf_svm	HPCLAS_TRAIN_P_007455	1	HPCLAS_TRAIN_P_007455	3	B_ambiguous	-0.824882553662219	0.30472821331158684	0
layer24_mean	rbf_svm	HPCLAS_TRAIN_P_007457	1	HPCLAS_TRAIN_P_007457	3	D_hard_sample	0.06918805462086508	0.5172901169085098	1
layer24_mean	rbf_svm	HPCLAS_TRAIN_P_007458	1	HPCLAS_TRAIN_P_007458	3	A_clean_core	0.14577142968220155	0.5363784621223112	1
