representation	head	clean_id	label	homology_group	fold	quality_tier	raw_score	probability_uncalibrated	prediction_at_fixed_boundary
layer24_mean	rbf_svm	HPCLAS_TRAIN_N_000012	0	HPCLAS_TRAIN_N_000012	1	A_clean_core	-0.7870678772805136	0.31279859950178895	0
layer24_mean	rbf_svm	HPCLAS_TRAIN_N_000013	0	HPCLAS_TRAIN_N_000013	1	A_clean_core	-0.5714363135348185	0.3609054690974274	0
layer24_mean	rbf_svm	HPCLAS_TRAIN_N_000017	0	HPCLAS_TRAIN_N_000017	1	A_clean_core	-0.4485287431636883	0.3897106274328237	0
layer24_mean	rbf_svm	HPCLAS_TRAIN_N_000018	0	HPCLAS_TRAIN_N_000018	1	A_clean_core	0.22131881360746494	0.5551049574813282	1
layer24_mean	rbf_svm	HPCLAS_TRAIN_N_000019	0	HPCLAS_TRAIN_P_002956	1	B_ambiguous	0.18045758570406847	0.544992364837132	1
layer24_mean	rbf_svm	HPCLAS_TRAIN_N_000021	0	HPCLAS_TRAIN_N_000021	1	D_hard_sample	-0.4620963291719824	0.38648863428522695	0
layer24_mean	rbf_svm	HPCLAS_TRAIN_N_000022	0	HPCLAS_TRAIN_N_000022	1	A_clean_core	-1.085787866765781	0.2524122800696535	0
layer24_mean	rbf_svm	HPCLAS_TRAIN_N_000032	0	HPCLAS_TRAIN_N_000032	1	A_clean_core	-1.5029150680798846	0.18199115417051012	0
layer24_mean	rbf_svm	HPCLAS_TRAIN_N_000034	0	HPCLAS_TRAIN_N_000034	1	D_hard_sample	0.3531145294379183	0.5873726398873241	1
layer24_mean	rbf_svm	HPCLAS_TRAIN_N_000036	0	HPCLAS_TRAIN_N_000036	1	D_hard_sample	-1.116597235382824	0.24664300681367574	0
layer24_mean	rbf_svm	HPCLAS_TRAIN_N_000037	0	HPCLAS_TRAIN_N_000037	1	A_clean_core	-1.8705355039060407	0.13347977242862585	0
layer24_mean	rbf_svm	HPCLAS_TRAIN_N_000055	0	HPCLAS_TRAIN_N_000055	1	A_clean_core	0.3990339382530663	0.5984555312839698	1
layer24_mean	rbf_svm	HPCLAS_TRAIN_N_000056	0	HPCLAS_TRAIN_N_000056	1	A_clean_core	-1.25770335246749	0.22136950064501631	0
layer24_mean	rbf_svm	HPCLAS_TRAIN_N_000067	0	HPCLAS_TRAIN_N_000067	1	A_clean_core	-1.4979474080125295	0.18273186019691154	0
layer24_mean	rbf_svm	HPCLAS_TRAIN_N_000072	0	HPCLAS_TRAIN_N_000072	1	A_clean_core	-1.2265699203113856	0.2267823336954121	0
layer24_mean	rbf_svm	HPCLAS_TRAIN_N_000082	0	HPCLAS_TRAIN_N_000082	1	A_clean_core	-0.21150162969382683	0.4473208208692729	0
layer24_mean	rbf_svm	HPCLAS_TRAIN_N_000096	0	HPCLAS_TRAIN_N_000096	1	A_clean_core	-0.7662744728484251	0.3172855630524464	0
layer24_mean	rbf_svm	HPCLAS_TRAIN_N_000098	0	HPCLAS_TRAIN_N_000098	1	A_clean_core	-0.6596703140768747	0.3408136748061503	0
layer24_mean	rbf_svm	HPCLAS_TRAIN_N_000103	0	HPCLAS_TRAIN_N_000103	1	A_clean_core	-0.3977410954103796	0.4018551867726686	0
layer24_mean	rbf_svm	HPCLAS_TRAIN_N_000116	0	HPCLAS_TRAIN_N_000116	1	A_clean_core	-0.945019778631453	0.2798874867894604	0
layer24_mean	rbf_svm	HPCLAS_TRAIN_N_000117	0	HPCLAS_TRAIN_N_000117	1	A_clean_core	0.2175239547452589	0.5541675711714072	1
layer24_mean	rbf_svm	HPCLAS_TRAIN_N_000123	0	HPCLAS_TRAIN_N_000123	1	A_clean_core	-0.5608689780645243	0.363346418812814	0
layer24_mean	rbf_svm	HPCLAS_TRAIN_N_000134	0	HPCLAS_TRAIN_N_000134	1	D_hard_sample	-1.630942138074261	0.163701338626445	0
layer24_mean	rbf_svm	HPCLAS_TRAIN_N_000145	0	HPCLAS_TRAIN_N_000145	1	A_clean_core	0.048210712318125154	0.5120503441460318	1
layer24_mean	rbf_svm	HPCLAS_TRAIN_N_000156	0	HPCLAS_TRAIN_N_000156	1	D_hard_sample	-1.0564475351567848	0.25798892043084753	0
layer24_mean	rbf_svm	HPCLAS_TRAIN_N_000161	0	HPCLAS_TRAIN_N_000161	1	D_hard_sample	0.6698354032702861	0.6614663022618565	1
layer24_mean	rbf_svm	HPCLAS_TRAIN_N_000162	0	HPCLAS_TRAIN_N_000162	1	A_clean_core	-0.8294875853193174	0.30375342846599546	0
layer24_mean	rbf_svm	HPCLAS_TRAIN_N_000167	0	HPCLAS_TRAIN_N_000167	1	A_clean_core	0.07500487626365718	0.5187424332316327	1
layer24_mean	rbf_svm	HPCLAS_TRAIN_N_000168	0	HPCLAS_TRAIN_N_000168	1	D_hard_sample	0.4820481740434812	0.6182314044630888	1
layer24_mean	rbf_svm	HPCLAS_TRAIN_N_000169	0	HPCLAS_TRAIN_N_000169	1	A_clean_core	-0.560631518369188	0.36340135114878896	0
layer24_mean	rbf_svm	HPCLAS_TRAIN_N_000176	0	HPCLAS_TRAIN_N_000176	1	A_clean_core	-1.0486962425806332	0.2594755366071397	0
layer24_mean	rbf_svm	HPCLAS_TRAIN_N_000184	0	HPCLAS_TRAIN_N_000184	1	A_clean_core	-1.6245015227628976	0.1645849904482622	0
layer24_mean	rbf_svm	HPCLAS_TRAIN_N_000187	0	HPCLAS_TRAIN_N_000187	1	A_clean_core	-0.1637319155406973	0.4591582213846139	0
layer24_mean	rbf_svm	HPCLAS_TRAIN_N_000188	0	HPCLAS_TRAIN_N_000188	1	A_clean_core	-1.0613261253136095	0.2570561119994079	0
layer24_mean	rbf_svm	HPCLAS_TRAIN_N_000197	0	HPCLAS_TRAIN_N_000197	1	A_clean_core	-1.2919470204760155	0.21552343973228322	0
layer24_mean	rbf_svm	HPCLAS_TRAIN_N_000198	0	HPCLAS_TRAIN_N_000198	1	B_ambiguous	0.5178820289997049	0.6266523806368399	1
layer24_mean	rbf_svm	HPCLAS_TRAIN_N_000206	0	HPCLAS_TRAIN_N_000206	1	A_clean_core	-1.1757650613752562	0.23581450366968193	0
layer24_mean	rbf_svm	HPCLAS_TRAIN_N_000218	0	HPCLAS_TRAIN_N_000218	1	A_clean_core	-1.4261254807766766	0.19370309715266049	0
layer24_mean	rbf_svm	HPCLAS_TRAIN_N_000219	0	HPCLAS_TRAIN_N_000219	1	A_clean_core	-0.9284465931344701	0.2832399733266934	0
layer24_mean	rbf_svm	HPCLAS_TRAIN_N_000220	0	HPCLAS_TRAIN_N_000220	1	A_clean_core	0.8151427344708256	0.6932043058021499	1
layer24_mean	rbf_svm	HPCLAS_TRAIN_N_000224	0	HPCLAS_TRAIN_N_000224	1	A_clean_core	0.5544634868835886	0.6351705327324922	1
layer24_mean	rbf_svm	HPCLAS_TRAIN_N_000240	0	HPCLAS_TRAIN_N_000240	1	A_clean_core	-1.2076955860811733	0.23010904439588667	0
layer24_mean	rbf_svm	HPCLAS_TRAIN_N_000248	0	HPCLAS_TRAIN_N_000248	1	A_clean_core	-1.2715183178172307	0.21899745190687134	0
layer24_mean	rbf_svm	HPCLAS_TRAIN_N_000249	0	HPCLAS_TRAIN_N_000249	1	A_clean_core	-0.957257106206458	0.2774277038645637	0
layer24_mean	rbf_svm	HPCLAS_TRAIN_N_000250	0	HPCLAS_TRAIN_N_000250	1	D_hard_sample	0.6249512676875355	0.6513437978805059	1
layer24_mean	rbf_svm	HPCLAS_TRAIN_N_000252	0	HPCLAS_TRAIN_N_000252	1	A_clean_core	-0.5776563074040273	0.3594720554099157	0
layer24_mean	rbf_svm	HPCLAS_TRAIN_N_000257	0	HPCLAS_TRAIN_N_000257	1	D_hard_sample	-0.036346048208815984	0.4909144881158748	0
layer24_mean	rbf_svm	HPCLAS_TRAIN_N_000258	0	HPCLAS_TRAIN_N_000258	1	A_clean_core	-1.1085086087482277	0.24814903452816858	0
layer24_mean	rbf_svm	HPCLAS_TRAIN_N_000260	0	HPCLAS_TRAIN_N_000260	1	A_clean_core	-0.05203416919866313	0.4869943920175776	0
layer24_mean	rbf_svm	HPCLAS_TRAIN_N_000267	0	HPCLAS_TRAIN_N_000267	1	A_clean_core	-0.991169784775814	0.27068108518314016	0
layer24_mean	rbf_svm	HPCLAS_TRAIN_N_000271	0	HPCLAS_TRAIN_N_000271	1	A_clean_core	-0.958807651697523	0.27711698636991894	0
layer24_mean	rbf_svm	HPCLAS_TRAIN_N_000283	0	HPCLAS_TRAIN_N_000283	1	D_hard_sample	0.4524945117024676	0.6112321625067595	1
layer24_mean	rbf_svm	HPCLAS_TRAIN_N_000286	0	HPCLAS_TRAIN_N_000286	1	A_clean_core	-1.0116033983790524	0.2666661803788369	0
layer24_mean	rbf_svm	HPCLAS_TRAIN_N_000288	0	HPCLAS_TRAIN_N_000288	1	D_hard_sample	-0.9561944996912995	0.277640766008657	0
layer24_mean	rbf_svm	HPCLAS_TRAIN_N_000290	0	HPCLAS_TRAIN_N_000290	1	A_clean_core	-0.4919929728021778	0.37942418670585915	0
layer24_mean	rbf_svm	HPCLAS_TRAIN_N_000296	0	HPCLAS_TRAIN_N_000296	1	A_clean_core	0.23618095263705077	0.5587722915478952	1
layer24_mean	rbf_svm	HPCLAS_TRAIN_N_000299	0	HPCLAS_TRAIN_N_000299	1	A_clean_core	-0.9178614204815995	0.2853938449374845	0
layer24_mean	rbf_svm	HPCLAS_TRAIN_N_000317	0	HPCLAS_TRAIN_N_000317	1	D_hard_sample	1.1800873685891393	0.7649635125049665	1
layer24_mean	rbf_svm	HPCLAS_TRAIN_N_000321	0	HPCLAS_TRAIN_N_000321	1	A_clean_core	-1.8897567989295918	0.13127220155552946	0
layer24_mean	rbf_svm	HPCLAS_TRAIN_N_000324	0	HPCLAS_TRAIN_N_000324	1	D_hard_sample	-1.0273583524007321	0.2635965630775141	0
layer24_mean	rbf_svm	HPCLAS_TRAIN_N_000326	0	HPCLAS_TRAIN_N_000326	1	D_hard_sample	-0.4901402745044572	0.3798605231251715	0
layer24_mean	rbf_svm	HPCLAS_TRAIN_N_000340	0	HPCLAS_TRAIN_N_000340	1	A_clean_core	-0.836055137185376	0.3023662676063264	0
layer24_mean	rbf_svm	HPCLAS_TRAIN_N_000345	0	HPCLAS_TRAIN_N_000345	1	A_clean_core	0.12505772865567122	0.5312237492826163	1
layer24_mean	rbf_svm	HPCLAS_TRAIN_N_000365	0	HPCLAS_TRAIN_N_000365	1	A_clean_core	-0.681922928414718	0.3358322601165694	0
layer24_mean	rbf_svm	HPCLAS_TRAIN_N_000390	0	HPCLAS_TRAIN_N_000390	1	D_hard_sample	-0.19738449653860476	0.45081346716226384	0
layer24_mean	rbf_svm	HPCLAS_TRAIN_N_000392	0	HPCLAS_TRAIN_N_000392	1	A_clean_core	-1.607305068766131	0.16696310559413885	0
layer24_mean	rbf_svm	HPCLAS_TRAIN_N_000393	0	HPCLAS_TRAIN_N_000393	1	D_hard_sample	-0.9784653545818948	0.2731963969614784	0
layer24_mean	rbf_svm	HPCLAS_TRAIN_N_000402	0	HPCLAS_TRAIN_N_000402	1	A_clean_core	-1.0311274792984824	0.2628655771828555	0
layer24_mean	rbf_svm	HPCLAS_TRAIN_N_000403	0	HPCLAS_TRAIN_N_000403	1	D_hard_sample	-0.30289238059179635	0.4248505694148424	0
layer24_mean	rbf_svm	HPCLAS_TRAIN_N_000404	0	HPCLAS_TRAIN_N_000404	1	A_clean_core	0.13084740964177446	0.5326652604221362	1
layer24_mean	rbf_svm	HPCLAS_TRAIN_N_000405	0	HPCLAS_TRAIN_N_000405	1	D_hard_sample	0.6169711858856874	0.6495293790560975	1
layer24_mean	rbf_svm	HPCLAS_TRAIN_N_000421	0	HPCLAS_TRAIN_N_000421	1	A_clean_core	-1.9203275753374227	0.12782504186778765	0
layer24_mean	rbf_svm	HPCLAS_TRAIN_N_000435	0	HPCLAS_TRAIN_N_000435	1	A_clean_core	-1.285030623136228	0.21669511704545374	0
layer24_mean	rbf_svm	HPCLAS_TRAIN_N_000441	0	HPCLAS_TRAIN_N_000441	1	A_clean_core	-1.9275550912116226	0.12702144157753364	0
layer24_mean	rbf_svm	HPCLAS_TRAIN_N_000445	0	HPCLAS_TRAIN_N_000445	1	A_clean_core	-0.6319986227104369	0.3470574943999905	0
layer24_mean	rbf_svm	HPCLAS_TRAIN_N_000448	0	HPCLAS_TRAIN_N_000448	1	A_clean_core	-1.6507532024840832	0.16100717809210532	0
layer24_mean	rbf_svm	HPCLAS_TRAIN_N_000450	0	HPCLAS_TRAIN_N_000450	1	A_clean_core	0.7525288354188497	0.6797294698980754	1
layer24_mean	rbf_svm	HPCLAS_TRAIN_N_000453	0	HPCLAS_TRAIN_N_000453	1	A_clean_core	-0.41334445564745936	0.39811045520446603	0
layer24_mean	rbf_svm	HPCLAS_TRAIN_N_000455	0	HPCLAS_TRAIN_N_000455	1	A_clean_core	-0.6134031394201005	0.35128328720162694	0
layer24_mean	rbf_svm	HPCLAS_TRAIN_N_000458	0	HPCLAS_TRAIN_N_000458	1	B_ambiguous	-0.8393812679852163	0.3016651121108175	0
layer24_mean	rbf_svm	HPCLAS_TRAIN_N_000464	0	HPCLAS_TRAIN_N_000464	1	B_ambiguous	-0.6269360693975559	0.34820559896975284	0
layer24_mean	rbf_svm	HPCLAS_TRAIN_N_000469	0	HPCLAS_TRAIN_N_000469	1	A_clean_core	-0.9959147561308455	0.26974538683438004	0
layer24_mean	rbf_svm	HPCLAS_TRAIN_N_000471	0	HPCLAS_TRAIN_N_004080	1	D_hard_sample	-1.1548647315822815	0.23960164206077464	0
layer24_mean	rbf_svm	HPCLAS_TRAIN_N_000473	0	HPCLAS_TRAIN_N_000473	1	A_clean_core	-1.8678491408543452	0.13379079107474445	0
layer24_mean	rbf_svm	HPCLAS_TRAIN_N_000476	0	HPCLAS_TRAIN_N_000476	1	A_clean_core	-1.3208075263538905	0.21068397351004797	0
layer24_mean	rbf_svm	HPCLAS_TRAIN_N_000487	0	HPCLAS_TRAIN_N_000487	1	D_hard_sample	0.6110652693893455	0.648183766116489	1
layer24_mean	rbf_svm	HPCLAS_TRAIN_N_000490	0	HPCLAS_TRAIN_N_000490	1	A_clean_core	-0.2584768131789398	0.4357381780511788	0
layer24_mean	rbf_svm	HPCLAS_TRAIN_N_000496	0	HPCLAS_TRAIN_N_000496	1	A_clean_core	-0.42606160791408476	0.3950671743215435	0
layer24_mean	rbf_svm	HPCLAS_TRAIN_N_000497	0	HPCLAS_TRAIN_N_000497	1	A_clean_core	-0.9551241905207487	0.2778554744104408	0
layer24_mean	rbf_svm	HPCLAS_TRAIN_N_000507	0	HPCLAS_TRAIN_N_000507	1	A_clean_core	-1.1415695370753347	0.24203230865847347	0
layer24_mean	rbf_svm	HPCLAS_TRAIN_N_000513	0	HPCLAS_TRAIN_N_000513	1	A_clean_core	0.7085664471247014	0.6700843196841807	1
layer24_mean	rbf_svm	HPCLAS_TRAIN_N_000514	0	HPCLAS_TRAIN_N_000514	1	A_clean_core	-0.9772445198769576	0.2734388731629358	0
layer24_mean	rbf_svm	HPCLAS_TRAIN_N_000518	0	HPCLAS_TRAIN_N_000518	1	A_clean_core	-0.8394459367213682	0.30165148895798394	0
layer24_mean	rbf_svm	HPCLAS_TRAIN_N_000536	0	HPCLAS_TRAIN_N_000536	1	A_clean_core	-0.6073063776787984	0.3526738941688391	0
layer24_mean	rbf_svm	HPCLAS_TRAIN_N_000538	0	HPCLAS_TRAIN_N_000538	1	A_clean_core	-0.4075310283960424	0.3995042817186663	0
layer24_mean	rbf_svm	HPCLAS_TRAIN_N_000540	0	HPCLAS_TRAIN_N_000540	1	A_clean_core	-0.9079250411465837	0.2874246255988328	0
layer24_mean	rbf_svm	HPCLAS_TRAIN_N_000541	0	HPCLAS_TRAIN_N_000541	1	A_clean_core	-0.02555352496739402	0.49361196636062354	0
layer24_mean	rbf_svm	HPCLAS_TRAIN_N_000544	0	HPCLAS_TRAIN_N_000544	1	D_hard_sample	1.4484596718883362	0.8097612627905689	1
layer24_mean	rbf_svm	HPCLAS_TRAIN_N_000545	0	HPCLAS_TRAIN_N_000545	1	A_clean_core	-1.031763637593387	0.2627423291263628	0
layer24_mean	rbf_svm	HPCLAS_TRAIN_N_000559	0	HPCLAS_TRAIN_N_000559	1	A_clean_core	-0.35878924651676536	0.41125268678209503	0
layer24_mean	rbf_svm	HPCLAS_TRAIN_N_000561	0	HPCLAS_TRAIN_N_000561	1	A_clean_core	-1.483808033344575	0.18485292723609245	0
layer24_mean	rbf_svm	HPCLAS_TRAIN_N_000562	0	HPCLAS_TRAIN_N_000562	1	A_clean_core	0.04419690932762013	0.5110474290836872	1
layer24_mean	rbf_svm	HPCLAS_TRAIN_N_000565	0	HPCLAS_TRAIN_N_000565	1	A_clean_core	-0.5725820791989977	0.36064123727973374	0
layer24_mean	rbf_svm	HPCLAS_TRAIN_N_000570	0	HPCLAS_TRAIN_N_000570	1	D_hard_sample	0.767234934918894	0.6829224513358033	1
layer24_mean	rbf_svm	HPCLAS_TRAIN_N_000576	0	HPCLAS_TRAIN_N_000576	1	A_clean_core	-0.8075267426987405	0.30841778210119875	0
layer24_mean	rbf_svm	HPCLAS_TRAIN_N_000578	0	HPCLAS_TRAIN_N_000578	1	A_clean_core	-0.4526053662983096	0.38874149572802136	0
layer24_mean	rbf_svm	HPCLAS_TRAIN_N_000586	0	HPCLAS_TRAIN_N_000586	1	A_clean_core	0.1965398594072291	0.5489774083225867	1
layer24_mean	rbf_svm	HPCLAS_TRAIN_N_000594	0	HPCLAS_TRAIN_N_000594	1	D_hard_sample	-1.1599375932517302	0.23867862497346026	0
layer24_mean	rbf_svm	HPCLAS_TRAIN_N_000595	0	HPCLAS_TRAIN_N_000595	1	A_clean_core	-1.1010053814517293	0.24955156360455902	0
layer24_mean	rbf_svm	HPCLAS_TRAIN_N_000609	0	HPCLAS_TRAIN_N_000609	1	A_clean_core	-0.1295489858708557	0.4676579737414823	0
layer24_mean	rbf_svm	HPCLAS_TRAIN_N_000612	0	HPCLAS_TRAIN_N_000612	1	A_clean_core	-1.0624238288843948	0.2568465303858164	0
layer24_mean	rbf_svm	HPCLAS_TRAIN_N_000615	0	HPCLAS_TRAIN_N_000615	1	A_clean_core	-1.1009722497726258	0.24955776841048852	0
layer24_mean	rbf_svm	HPCLAS_TRAIN_N_000635	0	HPCLAS_TRAIN_N_000635	1	D_hard_sample	-0.43978587260630253	0.3917919927076488	0
layer24_mean	rbf_svm	HPCLAS_TRAIN_N_000647	0	HPCLAS_TRAIN_N_000647	1	A_clean_core	-1.6450916977196517	0.16177342458784838	0
layer24_mean	rbf_svm	HPCLAS_TRAIN_N_000649	0	HPCLAS_TRAIN_N_000649	1	D_hard_sample	0.09776627194863244	0.5244221183716243	1
layer24_mean	rbf_svm	HPCLAS_TRAIN_N_000652	0	HPCLAS_TRAIN_N_000652	1	A_clean_core	-1.4565120972998622	0.1890013705872153	0
layer24_mean	rbf_svm	HPCLAS_TRAIN_N_000664	0	HPCLAS_TRAIN_P_006891	1	B_ambiguous	0.7928944794646501	0.688452493307825	1
layer24_mean	rbf_svm	HPCLAS_TRAIN_N_000671	0	HPCLAS_TRAIN_N_000671	1	A_clean_core	-1.0191447615251228	0.2651940240948749	0
layer24_mean	rbf_svm	HPCLAS_TRAIN_N_000674	0	HPCLAS_TRAIN_N_000674	1	D_hard_sample	0.5540463467124652	0.6350738638389161	1
layer24_mean	rbf_svm	HPCLAS_TRAIN_N_000698	0	HPCLAS_TRAIN_N_000698	1	D_hard_sample	0.552887372540116	0.6348052236953686	1
layer24_mean	rbf_svm	HPCLAS_TRAIN_N_000699	0	HPCLAS_TRAIN_N_000699	1	A_clean_core	-0.9859835931748699	0.27170612274282446	0
layer24_mean	rbf_svm	HPCLAS_TRAIN_N_000701	0	HPCLAS_TRAIN_N_000701	1	A_clean_core	1.0687195018792044	0.744353324231213	1
layer24_mean	rbf_svm	HPCLAS_TRAIN_N_000717	0	HPCLAS_TRAIN_N_000717	1	A_clean_core	-1.127226612231021	0.24467328287936974	0
layer24_mean	rbf_svm	HPCLAS_TRAIN_N_000722	0	HPCLAS_TRAIN_N_000722	1	A_clean_core	-0.7568131741708232	0.31933856011061806	0
layer24_mean	rbf_svm	HPCLAS_TRAIN_N_000730	0	HPCLAS_TRAIN_N_000730	1	D_hard_sample	-0.8792056002696074	0.2933424250906969	0
layer24_mean	rbf_svm	HPCLAS_TRAIN_N_000737	0	HPCLAS_TRAIN_N_000737	1	A_clean_core	-1.5849642761165907	0.1700935680216549	0
layer24_mean	rbf_svm	HPCLAS_TRAIN_N_000746	0	HPCLAS_TRAIN_N_000746	1	A_clean_core	-1.7638678742557434	0.14630657737882133	0
layer24_mean	rbf_svm	HPCLAS_TRAIN_N_000748	0	HPCLAS_TRAIN_N_000748	1	D_hard_sample	-0.6419871656279117	0.34479747613221506	0
layer24_mean	rbf_svm	HPCLAS_TRAIN_N_000753	0	HPCLAS_TRAIN_N_000753	1	A_clean_core	-0.32775249445779153	0.41878757615275225	0
layer24_mean	rbf_svm	HPCLAS_TRAIN_N_000756	0	HPCLAS_TRAIN_N_000756	1	A_clean_core	0.14745038804588392	0.5367959541946936	1
layer24_mean	rbf_svm	HPCLAS_TRAIN_N_000769	0	HPCLAS_TRAIN_N_000769	1	A_clean_core	-0.4765960689526485	0.38305623549501217	0
layer24_mean	rbf_svm	HPCLAS_TRAIN_N_000771	0	HPCLAS_TRAIN_N_000771	1	A_clean_core	-0.9210088377331889	0.2847523812591422	0
layer24_mean	rbf_svm	HPCLAS_TRAIN_N_000779	0	HPCLAS_TRAIN_N_000779	1	D_hard_sample	-0.6855425896040023	0.3350253788327573	0
layer24_mean	rbf_svm	HPCLAS_TRAIN_N_000796	0	HPCLAS_TRAIN_N_000796	1	A_clean_core	-1.1189091228543848	0.24621368612005246	0
layer24_mean	rbf_svm	HPCLAS_TRAIN_N_000818	0	HPCLAS_TRAIN_N_000818	1	A_clean_core	-1.0675396058508713	0.2558712646238316	0
layer24_mean	rbf_svm	HPCLAS_TRAIN_N_000844	0	HPCLAS_TRAIN_N_000844	1	A_clean_core	-0.36813156378530165	0.4089925786619905	0
layer24_mean	rbf_svm	HPCLAS_TRAIN_N_000846	0	HPCLAS_TRAIN_N_000846	1	D_hard_sample	1.1962478169854172	0.7678566185720186	1
layer24_mean	rbf_svm	HPCLAS_TRAIN_N_000850	0	HPCLAS_TRAIN_N_000850	1	A_clean_core	-0.6548118341653145	0.34190602218956756	0
layer24_mean	rbf_svm	HPCLAS_TRAIN_N_000851	0	HPCLAS_TRAIN_N_000851	1	D_hard_sample	-0.856143681711422	0.29814567022741933	0
layer24_mean	rbf_svm	HPCLAS_TRAIN_N_000859	0	HPCLAS_TRAIN_N_000859	1	A_clean_core	-2.007281635991073	0.1184405143441308	0
layer24_mean	rbf_svm	HPCLAS_TRAIN_N_000860	0	HPCLAS_TRAIN_N_000860	1	D_hard_sample	0.29095213302990675	0.5722292148662058	1
layer24_mean	rbf_svm	HPCLAS_TRAIN_N_000867	0	HPCLAS_TRAIN_N_000867	1	A_clean_core	-1.0474196342171798	0.25972090963845684	0
layer24_mean	rbf_svm	HPCLAS_TRAIN_N_000872	0	HPCLAS_TRAIN_N_000872	1	A_clean_core	-1.2203272761092783	0.22787886118538042	0
layer24_mean	rbf_svm	HPCLAS_TRAIN_N_000874	0	HPCLAS_TRAIN_N_000874	1	A_clean_core	-1.1051318910735688	0.24877956805462859	0
layer24_mean	rbf_svm	HPCLAS_TRAIN_N_000875	0	HPCLAS_TRAIN_N_000875	1	A_clean_core	-0.5527272995601057	0.36523188643238286	0
layer24_mean	rbf_svm	HPCLAS_TRAIN_N_000877	0	HPCLAS_TRAIN_N_000877	1	A_clean_core	0.5563939086503805	0.6356177504631759	1
layer24_mean	rbf_svm	HPCLAS_TRAIN_N_000879	0	HPCLAS_TRAIN_N_000879	1	D_hard_sample	-0.5680664725351048	0.36168309581957664	0
layer24_mean	rbf_svm	HPCLAS_TRAIN_N_000890	0	HPCLAS_TRAIN_N_000890	1	A_clean_core	-1.175468634171054	0.2358679258206088	0
layer24_mean	rbf_svm	HPCLAS_TRAIN_N_000891	0	HPCLAS_TRAIN_N_000891	1	A_clean_core	-0.826861875311171	0.30430901871098553	0
layer24_mean	rbf_svm	HPCLAS_TRAIN_N_000901	0	HPCLAS_TRAIN_N_000901	1	A_clean_core	0.08233608350847979	0.5205724001029489	1
layer24_mean	rbf_svm	HPCLAS_TRAIN_N_000911	0	HPCLAS_TRAIN_N_000911	1	A_clean_core	-0.5743017157034535	0.36024482007923664	0
layer24_mean	rbf_svm	HPCLAS_TRAIN_N_000929	0	HPCLAS_TRAIN_N_000929	1	D_hard_sample	-1.3403645720848512	0.20745011120672835	0
layer24_mean	rbf_svm	HPCLAS_TRAIN_N_000934	0	HPCLAS_TRAIN_N_000934	1	A_clean_core	-0.9642661281222121	0.27602485850778374	0
layer24_mean	rbf_svm	HPCLAS_TRAIN_N_000938	0	HPCLAS_TRAIN_N_000938	1	A_clean_core	-0.6610947860989148	0.3404937259338381	0
layer24_mean	rbf_svm	HPCLAS_TRAIN_N_000942	0	HPCLAS_TRAIN_N_000942	1	A_clean_core	-2.1876563767786315	0.10086443990897116	0
layer24_mean	rbf_svm	HPCLAS_TRAIN_N_000947	0	HPCLAS_TRAIN_N_000947	1	A_clean_core	-0.43718885211987235	0.3924110129950921	0
layer24_mean	rbf_svm	HPCLAS_TRAIN_N_000948	0	HPCLAS_TRAIN_N_000948	1	A_clean_core	0.7626274727219916	0.6819239145344552	1
layer24_mean	rbf_svm	HPCLAS_TRAIN_N_000950	0	HPCLAS_TRAIN_N_000950	1	A_clean_core	-1.4490698210200286	0.19014476274449515	0
layer24_mean	rbf_svm	HPCLAS_TRAIN_N_000951	0	HPCLAS_TRAIN_N_000951	1	B_ambiguous	-0.6980260646318269	0.33225001991523284	0
layer24_mean	rbf_svm	HPCLAS_TRAIN_N_000970	0	HPCLAS_TRAIN_N_000970	1	A_clean_core	-0.040537326386759415	0.4898670559662989	0
layer24_mean	rbf_svm	HPCLAS_TRAIN_N_000972	0	HPCLAS_TRAIN_N_000972	1	B_ambiguous	-0.3165575615553635	0.4215149248040627	0
layer24_mean	rbf_svm	HPCLAS_TRAIN_N_000991	0	HPCLAS_TRAIN_N_000991	1	A_clean_core	-1.238707207621229	0.22466109511958507	0
layer24_mean	rbf_svm	HPCLAS_TRAIN_N_000999	0	HPCLAS_TRAIN_N_000999	1	D_hard_sample	-1.625897331818807	0.16439316105056137	0
layer24_mean	rbf_svm	HPCLAS_TRAIN_N_001003	0	HPCLAS_TRAIN_N_001003	1	D_hard_sample	-0.8522037823182882	0.29897076832482256	0
layer24_mean	rbf_svm	HPCLAS_TRAIN_N_001006	0	HPCLAS_TRAIN_N_001006	1	A_clean_core	-1.168586082776315	0.23711065154004096	0
layer24_mean	rbf_svm	HPCLAS_TRAIN_N_001008	0	HPCLAS_TRAIN_N_001008	1	A_clean_core	-0.5238925398465384	0.3719424790941554	0
layer24_mean	rbf_svm	HPCLAS_TRAIN_N_001041	0	HPCLAS_TRAIN_N_001041	1	D_hard_sample	1.1183300498557025	0.7536788264770202	1
layer24_mean	rbf_svm	HPCLAS_TRAIN_N_001048	0	HPCLAS_TRAIN_N_001048	1	A_clean_core	-1.0337363059897067	0.2623603847887633	0
layer24_mean	rbf_svm	HPCLAS_TRAIN_N_001050	0	HPCLAS_TRAIN_N_001050	1	A_clean_core	-1.6242353208555012	0.1646215956192516	0
layer24_mean	rbf_svm	HPCLAS_TRAIN_N_001057	0	HPCLAS_TRAIN_N_001057	1	D_hard_sample	-0.47499745602701926	0.38343409690523544	0
layer24_mean	rbf_svm	HPCLAS_TRAIN_N_001060	0	HPCLAS_TRAIN_P_006534	1	B_ambiguous	-1.1991685652971424	0.23162315713320653	0
layer24_mean	rbf_svm	HPCLAS_TRAIN_N_001062	0	HPCLAS_TRAIN_N_001062	1	A_clean_core	-0.9915891408172832	0.27059830687968445	0
layer24_mean	rbf_svm	HPCLAS_TRAIN_N_001072	0	HPCLAS_TRAIN_N_001072	1	B_ambiguous	0.46125406164907845	0.6133116322239182	1
layer24_mean	rbf_svm	HPCLAS_TRAIN_N_001073	0	HPCLAS_TRAIN_P_002532	1	B_ambiguous	0.4264133993474607	0.6050168968929326	1
layer24_mean	rbf_svm	HPCLAS_TRAIN_N_001075	0	HPCLAS_TRAIN_N_001075	1	A_clean_core	-0.09331875477669963	0.4766872269108397	0
layer24_mean	rbf_svm	HPCLAS_TRAIN_N_001086	0	HPCLAS_TRAIN_N_001086	1	A_clean_core	-1.9462225086781215	0.12496583966789876	0
layer24_mean	rbf_svm	HPCLAS_TRAIN_N_001092	0	HPCLAS_TRAIN_N_001092	1	A_clean_core	-0.7220963422637866	0.32693152121947217	0
layer24_mean	rbf_svm	HPCLAS_TRAIN_N_001107	0	HPCLAS_TRAIN_N_001107	1	D_hard_sample	-0.22716663937695833	0.44345131267653726	0
layer24_mean	rbf_svm	HPCLAS_TRAIN_N_001110	0	HPCLAS_TRAIN_N_001110	1	A_clean_core	-0.887638649318108	0.2915973675802573	0
layer24_mean	rbf_svm	HPCLAS_TRAIN_N_001114	0	HPCLAS_TRAIN_N_001114	1	A_clean_core	-1.152848242285966	0.23996922457000505	0
layer24_mean	rbf_svm	HPCLAS_TRAIN_N_001116	0	HPCLAS_TRAIN_N_001116	1	D_hard_sample	0.7511840823043716	0.6794366500241268	1
layer24_mean	rbf_svm	HPCLAS_TRAIN_N_001118	0	HPCLAS_TRAIN_N_001118	1	D_hard_sample	0.14811050025187253	0.5369600844997924	1
layer24_mean	rbf_svm	HPCLAS_TRAIN_N_001119	0	HPCLAS_TRAIN_N_001119	1	A_clean_core	-0.39474282715605746	0.4025760848986946	0
layer24_mean	rbf_svm	HPCLAS_TRAIN_N_001124	0	HPCLAS_TRAIN_N_001124	1	A_clean_core	-0.1719647236703343	0.4571144508413621	0
layer24_mean	rbf_svm	HPCLAS_TRAIN_N_001129	0	HPCLAS_TRAIN_N_001129	1	A_clean_core	-0.6218194086311333	0.34936776851558704	0
layer24_mean	rbf_svm	HPCLAS_TRAIN_N_001130	0	HPCLAS_TRAIN_N_001130	1	B_ambiguous	0.5817403827742831	0.6414677699934762	1
layer24_mean	rbf_svm	HPCLAS_TRAIN_N_001133	0	HPCLAS_TRAIN_N_001133	1	A_clean_core	-2.0475664353083283	0.11429851050067591	0
layer24_mean	rbf_svm	HPCLAS_TRAIN_N_001135	0	HPCLAS_TRAIN_N_001135	1	A_clean_core	-1.3137816635062431	0.21185472302240457	0
layer24_mean	rbf_svm	HPCLAS_TRAIN_N_001148	0	HPCLAS_TRAIN_N_001148	1	A_clean_core	-0.9330511385603936	0.2823061148355278	0
layer24_mean	rbf_svm	HPCLAS_TRAIN_N_001158	0	HPCLAS_TRAIN_N_001158	1	B_ambiguous	-0.14672940325124254	0.4633833205804677	0
layer24_mean	rbf_svm	HPCLAS_TRAIN_N_001177	0	HPCLAS_TRAIN_N_001177	1	A_clean_core	-0.37528998586781537	0.407263395597909	0
layer24_mean	rbf_svm	HPCLAS_TRAIN_N_001189	0	HPCLAS_TRAIN_N_001189	1	A_clean_core	-0.9839566240181776	0.27210740881774675	0
layer24_mean	rbf_svm	HPCLAS_TRAIN_N_001191	0	HPCLAS_TRAIN_N_001191	1	A_clean_core	-1.8985498294823957	0.13027269309725414	0
layer24_mean	rbf_svm	HPCLAS_TRAIN_N_001198	0	HPCLAS_TRAIN_N_001198	1	B_ambiguous	0.4651317478317003	0.6142308610680359	1
layer24_mean	rbf_svm	HPCLAS_TRAIN_N_001203	0	HPCLAS_TRAIN_N_001203	1	A_clean_core	-0.37309446572028726	0.40779350171007905	0
layer24_mean	rbf_svm	HPCLAS_TRAIN_N_001215	0	HPCLAS_TRAIN_N_001215	1	D_hard_sample	-0.7734846468674477	0.31572578968148435	0
layer24_mean	rbf_svm	HPCLAS_TRAIN_N_001220	0	HPCLAS_TRAIN_N_001220	1	A_clean_core	-0.7579373947623194	0.3190942475457442	0
layer24_mean	rbf_svm	HPCLAS_TRAIN_N_001223	0	HPCLAS_TRAIN_N_001223	1	A_clean_core	-0.7299061463470508	0.32521532329368436	0
layer24_mean	rbf_svm	HPCLAS_TRAIN_N_001227	0	HPCLAS_TRAIN_N_001227	1	A_clean_core	-0.8576797124419198	0.2978243480692655	0
layer24_mean	rbf_svm	HPCLAS_TRAIN_N_001236	0	HPCLAS_TRAIN_N_001236	1	A_clean_core	-0.9762562545300043	0.27363525584915954	0
layer24_mean	rbf_svm	HPCLAS_TRAIN_N_001241	0	HPCLAS_TRAIN_N_001241	1	A_clean_core	-0.8009524095837409	0.3098218260976138	0
layer24_mean	rbf_svm	HPCLAS_TRAIN_N_001245	0	HPCLAS_TRAIN_N_001245	1	A_clean_core	-1.2477258854271163	0.2230940471774812	0
layer24_mean	rbf_svm	HPCLAS_TRAIN_N_001249	0	HPCLAS_TRAIN_N_001249	1	A_clean_core	-0.8798233876413207	0.2932143786631128	0
layer24_mean	rbf_svm	HPCLAS_TRAIN_N_001263	0	HPCLAS_TRAIN_P_001506	1	B_ambiguous	0.35430423608137096	0.5876609543499421	1
layer24_mean	rbf_svm	HPCLAS_TRAIN_N_001266	0	HPCLAS_TRAIN_N_001266	1	A_clean_core	-0.8983177705794899	0.28939631867641297	0
layer24_mean	rbf_svm	HPCLAS_TRAIN_N_001267	0	HPCLAS_TRAIN_N_001267	1	A_clean_core	-0.9393894730401455	0.281023682679435	0
layer24_mean	rbf_svm	HPCLAS_TRAIN_N_001268	0	HPCLAS_TRAIN_N_001268	1	A_clean_core	-0.8896497469050731	0.2911821126652889	0
layer24_mean	rbf_svm	HPCLAS_TRAIN_N_001271	0	HPCLAS_TRAIN_N_001271	1	B_ambiguous	0.2596065032902767	0.5645395591368462	1
layer24_mean	rbf_svm	HPCLAS_TRAIN_N_001285	0	HPCLAS_TRAIN_N_001285	1	D_hard_sample	0.9194542631309611	0.7149308950037538	1
layer24_mean	rbf_svm	HPCLAS_TRAIN_N_001298	0	HPCLAS_TRAIN_N_001298	1	A_clean_core	-2.7111000205751585	0.06232153789985567	0
layer24_mean	rbf_svm	HPCLAS_TRAIN_N_001303	0	HPCLAS_TRAIN_N_001303	1	A_clean_core	-0.5671240800082124	0.36190069285390236	0
layer24_mean	rbf_svm	HPCLAS_TRAIN_N_001304	0	HPCLAS_TRAIN_N_001304	1	A_clean_core	-1.0111175901741944	0.26676119353037775	0
layer24_mean	rbf_svm	HPCLAS_TRAIN_N_001308	0	HPCLAS_TRAIN_N_001308	1	A_clean_core	-0.8746893480813466	0.2942794839410189	0
layer24_mean	rbf_svm	HPCLAS_TRAIN_N_001311	0	HPCLAS_TRAIN_N_001311	1	A_clean_core	-1.5808902677637726	0.1706694353476454	0
layer24_mean	rbf_svm	HPCLAS_TRAIN_N_001319	0	HPCLAS_TRAIN_N_001319	1	D_hard_sample	0.0008050846020492275	0.500201271139641	1
layer24_mean	rbf_svm	HPCLAS_TRAIN_N_001323	0	HPCLAS_TRAIN_N_001323	1	A_clean_core	-2.166529575978555	0.10279666803618967	0
layer24_mean	rbf_svm	HPCLAS_TRAIN_N_001336	0	HPCLAS_TRAIN_N_001336	1	A_clean_core	-2.2335666429541283	0.09677642936587903	0
layer24_mean	rbf_svm	HPCLAS_TRAIN_N_001346	0	HPCLAS_TRAIN_N_001346	1	A_clean_core	-0.24522223401775975	0.43899981736683247	0
layer24_mean	rbf_svm	HPCLAS_TRAIN_N_001347	0	HPCLAS_TRAIN_N_001347	1	A_clean_core	-0.8616287755611982	0.2969991601277738	0
layer24_mean	rbf_svm	HPCLAS_TRAIN_N_001369	0	HPCLAS_TRAIN_N_001369	1	A_clean_core	-1.606299303278643	0.1671030407826346	0
layer24_mean	rbf_svm	HPCLAS_TRAIN_N_001371	0	HPCLAS_TRAIN_N_001371	1	D_hard_sample	0.3702716367769393	0.5915246138236905	1
layer24_mean	rbf_svm	HPCLAS_TRAIN_N_001372	0	HPCLAS_TRAIN_N_001372	1	A_clean_core	-1.0375555083377819	0.2616219355470784	0
layer24_mean	rbf_svm	HPCLAS_TRAIN_N_001383	0	HPCLAS_TRAIN_N_001383	1	A_clean_core	-1.3615523032332995	0.2039881281624418	0
layer24_mean	rbf_svm	HPCLAS_TRAIN_N_001385	0	HPCLAS_TRAIN_N_001385	1	A_clean_core	-0.14759596980262865	0.4631678476693815	0
layer24_mean	rbf_svm	HPCLAS_TRAIN_N_001393	0	HPCLAS_TRAIN_N_001393	1	A_clean_core	0.4569116231911441	0.6122812720925562	1
layer24_mean	rbf_svm	HPCLAS_TRAIN_N_001399	0	HPCLAS_TRAIN_N_001399	1	A_clean_core	-1.6099693037201717	0.1665928753937952	0
layer24_mean	rbf_svm	HPCLAS_TRAIN_N_001408	0	HPCLAS_TRAIN_N_001408	1	A_clean_core	-0.9965858337521852	0.2696132165044595	0
layer24_mean	rbf_svm	HPCLAS_TRAIN_N_001410	0	HPCLAS_TRAIN_N_001410	1	A_clean_core	0.4268504228037875	0.6051213282280501	1
layer24_mean	rbf_svm	HPCLAS_TRAIN_N_001424	0	HPCLAS_TRAIN_N_001424	1	A_clean_core	-0.48736989072257453	0.38051334961752337	0
layer24_mean	rbf_svm	HPCLAS_TRAIN_N_001427	0	HPCLAS_TRAIN_N_001427	1	D_hard_sample	-0.5032157533760686	0.37678525295023974	0
layer24_mean	rbf_svm	HPCLAS_TRAIN_N_001431	0	HPCLAS_TRAIN_N_001431	1	A_clean_core	-1.0925895715713636	0.2511309588983978	0
layer24_mean	rbf_svm	HPCLAS_TRAIN_N_001435	0	HPCLAS_TRAIN_N_001435	1	A_clean_core	-0.46694677483309177	0.3853391551730865	0
layer24_mean	rbf_svm	HPCLAS_TRAIN_N_001437	0	HPCLAS_TRAIN_P_003824	1	B_ambiguous	0.47066045565047243	0.6155400654687718	1
layer24_mean	rbf_svm	HPCLAS_TRAIN_N_001445	0	HPCLAS_TRAIN_N_001445	1	A_clean_core	-0.8255197771424876	0.30459322225682584	0
layer24_mean	rbf_svm	HPCLAS_TRAIN_N_001448	0	HPCLAS_TRAIN_N_001448	1	A_clean_core	-0.3725947687050003	0.4079141830786456	0
layer24_mean	rbf_svm	HPCLAS_TRAIN_N_001454	0	HPCLAS_TRAIN_N_001454	1	A_clean_core	-0.7234431747775443	0.32663522346913426	0
layer24_mean	rbf_svm	HPCLAS_TRAIN_N_001456	0	HPCLAS_TRAIN_N_001456	1	A_clean_core	-0.6857253475280541	0.33498466463340754	0
layer24_mean	rbf_svm	HPCLAS_TRAIN_N_001465	0	HPCLAS_TRAIN_N_001465	1	A_clean_core	0.8364031266781885	0.6977071325644014	1
layer24_mean	rbf_svm	HPCLAS_TRAIN_N_001476	0	HPCLAS_TRAIN_N_001476	1	D_hard_sample	-1.0175808441205187	0.26549889055423737	0
layer24_mean	rbf_svm	HPCLAS_TRAIN_N_001478	0	HPCLAS_TRAIN_N_001478	1	D_hard_sample	0.77581489879343	0.6847774286589247	1
layer24_mean	rbf_svm	HPCLAS_TRAIN_N_001490	0	HPCLAS_TRAIN_N_001490	1	A_clean_core	-1.7733674677558744	0.14512405111900922	0
layer24_mean	rbf_svm	HPCLAS_TRAIN_N_001505	0	HPCLAS_TRAIN_N_001505	1	A_clean_core	-1.8565451348395627	0.13510625306780427	0
layer24_mean	rbf_svm	HPCLAS_TRAIN_N_001507	0	HPCLAS_TRAIN_N_001507	1	D_hard_sample	0.000594439423812293	0.500148609851577	1
layer24_mean	rbf_svm	HPCLAS_TRAIN_N_001511	0	HPCLAS_TRAIN_N_001511	1	A_clean_core	-1.0637436832391047	0.2565946822124611	0
layer24_mean	rbf_svm	HPCLAS_TRAIN_N_001512	0	HPCLAS_TRAIN_N_001512	1	A_clean_core	0.4995601241787885	0.6223559531839759	1
layer24_mean	rbf_svm	HPCLAS_TRAIN_N_001513	0	HPCLAS_TRAIN_N_001513	1	A_clean_core	0.643218338418698	0.6554806076210213	1
layer24_mean	rbf_svm	HPCLAS_TRAIN_N_001521	0	HPCLAS_TRAIN_N_001521	1	D_hard_sample	0.4549137558546249	0.6118068862819867	1
layer24_mean	rbf_svm	HPCLAS_TRAIN_N_001528	0	HPCLAS_TRAIN_N_001528	1	A_clean_core	-0.4330048960277132	0.3934090188881743	0
layer24_mean	rbf_svm	HPCLAS_TRAIN_N_001530	0	HPCLAS_TRAIN_N_001530	1	A_clean_core	-1.6699422443071337	0.15843187932997302	0
layer24_mean	rbf_svm	HPCLAS_TRAIN_N_001531	0	HPCLAS_TRAIN_N_001531	1	A_clean_core	-1.2354114785775863	0.22523569407214045	0
layer24_mean	rbf_svm	HPCLAS_TRAIN_N_001532	0	HPCLAS_TRAIN_N_001532	1	D_hard_sample	-1.379361459176625	0.20111157178406047	0
layer24_mean	rbf_svm	HPCLAS_TRAIN_N_001535	0	HPCLAS_TRAIN_P_004817	1	B_ambiguous	-1.1479650066553422	0.24086097916728075	0
layer24_mean	rbf_svm	HPCLAS_TRAIN_N_001536	0	HPCLAS_TRAIN_N_001536	1	A_clean_core	0.721416784778578	0.6729189264064934	1
layer24_mean	rbf_svm	HPCLAS_TRAIN_N_001563	0	HPCLAS_TRAIN_N_001563	1	D_hard_sample	-1.4890618620886307	0.1840625785398106	0
layer24_mean	rbf_svm	HPCLAS_TRAIN_N_001565	0	HPCLAS_TRAIN_N_001565	1	A_clean_core	-1.2806133098561783	0.2174458427557036	0
layer24_mean	rbf_svm	HPCLAS_TRAIN_N_001573	0	HPCLAS_TRAIN_N_001573	1	A_clean_core	-0.2376316530425984	0.44087007488922575	0
layer24_mean	rbf_svm	HPCLAS_TRAIN_N_001575	0	HPCLAS_TRAIN_N_001575	1	A_clean_core	-1.781093644382365	0.14416814369250194	0
layer24_mean	rbf_svm	HPCLAS_TRAIN_N_001584	0	HPCLAS_TRAIN_N_001584	1	A_clean_core	-0.8948247015655064	0.29011518276291237	0
layer24_mean	rbf_svm	HPCLAS_TRAIN_N_001585	0	HPCLAS_TRAIN_N_001585	1	A_clean_core	-1.2925649953194265	0.2154189751861552	0
layer24_mean	rbf_svm	HPCLAS_TRAIN_N_001588	0	HPCLAS_TRAIN_N_001588	1	A_clean_core	-0.9072388674400217	0.28756518250579294	0
layer24_mean	rbf_svm	HPCLAS_TRAIN_N_001603	0	HPCLAS_TRAIN_N_001603	1	A_clean_core	-0.6701183828235032	0.3384703334092028	0
layer24_mean	rbf_svm	HPCLAS_TRAIN_N_001610	0	HPCLAS_TRAIN_N_001610	1	D_hard_sample	0.3553426040177369	0.5879125441315037	1
layer24_mean	rbf_svm	HPCLAS_TRAIN_N_001614	0	HPCLAS_TRAIN_N_001614	1	A_clean_core	-1.0004722257998357	0.26884858627369457	0
layer24_mean	rbf_svm	HPCLAS_TRAIN_N_001615	0	HPCLAS_TRAIN_N_001615	1	A_clean_core	0.7381330443374358	0.6765874696081918	1
layer24_mean	rbf_svm	HPCLAS_TRAIN_N_001617	0	HPCLAS_TRAIN_N_001617	1	A_clean_core	-1.1265063572829277	0.24480641642605064	0
layer24_mean	rbf_svm	HPCLAS_TRAIN_N_001622	0	HPCLAS_TRAIN_N_001622	1	A_clean_core	-0.9107790655126476	0.28684044280496235	0
layer24_mean	rbf_svm	HPCLAS_TRAIN_N_001625	0	HPCLAS_TRAIN_N_001625	1	D_hard_sample	-1.000842345860864	0.2687758383592497	0
layer24_mean	rbf_svm	HPCLAS_TRAIN_N_001634	0	HPCLAS_TRAIN_N_001634	1	A_clean_core	-0.939869466251186	0.2809267105466886	0
layer24_mean	rbf_svm	HPCLAS_TRAIN_N_001650	0	HPCLAS_TRAIN_N_001650	1	A_clean_core	-0.7015745188589735	0.33146322922366045	0
layer24_mean	rbf_svm	HPCLAS_TRAIN_N_001659	0	HPCLAS_TRAIN_N_001659	1	A_clean_core	-0.10637394157004568	0.47343156262627567	0
layer24_mean	rbf_svm	HPCLAS_TRAIN_N_001662	0	HPCLAS_TRAIN_N_001662	1	A_clean_core	-0.9809783458072435	0.2726977016046062	0
layer24_mean	rbf_svm	HPCLAS_TRAIN_N_001670	0	HPCLAS_TRAIN_N_001670	1	A_clean_core	-0.1011684122559263	0.47472944703630143	0
layer24_mean	rbf_svm	HPCLAS_TRAIN_N_001674	0	HPCLAS_TRAIN_N_001674	1	A_clean_core	-1.0633238720359952	0.2566747709989004	0
layer24_mean	rbf_svm	HPCLAS_TRAIN_N_001681	0	HPCLAS_TRAIN_N_001681	1	A_clean_core	-0.8683820562836936	0.29559107392263373	0
layer24_mean	rbf_svm	HPCLAS_TRAIN_N_001693	0	HPCLAS_TRAIN_N_001693	1	A_clean_core	-0.7538900201983748	0.31997427634934283	0
layer24_mean	rbf_svm	HPCLAS_TRAIN_N_001694	0	HPCLAS_TRAIN_N_001694	1	D_hard_sample	0.4443263712617882	0.6092894341980318	1
layer24_mean	rbf_svm	HPCLAS_TRAIN_N_001697	0	HPCLAS_TRAIN_N_001697	1	A_clean_core	-0.5809485665538427	0.3587143577325102	0
layer24_mean	rbf_svm	HPCLAS_TRAIN_N_001702	0	HPCLAS_TRAIN_N_001702	1	A_clean_core	-1.7152881481116706	0.1524790759802669	0
layer24_mean	rbf_svm	HPCLAS_TRAIN_N_001713	0	HPCLAS_TRAIN_N_001713	1	A_clean_core	-1.1107991276038742	0.24772193649238858	0
layer24_mean	rbf_svm	HPCLAS_TRAIN_N_001719	0	HPCLAS_TRAIN_N_001719	1	D_hard_sample	-0.30066544672411366	0.4253948172697143	0
layer24_mean	rbf_svm	HPCLAS_TRAIN_N_001731	0	HPCLAS_TRAIN_N_001731	1	D_hard_sample	-1.1215711561934685	0.2457199665216459	0
layer24_mean	rbf_svm	HPCLAS_TRAIN_N_001741	0	HPCLAS_TRAIN_N_001741	1	A_clean_core	-1.8335600516732802	0.13781471566705475	0
layer24_mean	rbf_svm	HPCLAS_TRAIN_N_001745	0	HPCLAS_TRAIN_N_001745	1	A_clean_core	-0.8112539106755222	0.3076233593190088	0
layer24_mean	rbf_svm	HPCLAS_TRAIN_N_001758	0	HPCLAS_TRAIN_N_001758	1	A_clean_core	-1.1039468953112794	0.24900109581353538	0
layer24_mean	rbf_svm	HPCLAS_TRAIN_N_001761	0	HPCLAS_TRAIN_N_001761	1	A_clean_core	-0.5244624409272383	0.37180935919587527	0
layer24_mean	rbf_svm	HPCLAS_TRAIN_N_001776	0	HPCLAS_TRAIN_N_001776	1	A_clean_core	-1.1132432907061927	0.24726673348301675	0
layer24_mean	rbf_svm	HPCLAS_TRAIN_N_001779	0	HPCLAS_TRAIN_N_001779	1	D_hard_sample	-2.0639392222192128	0.11265145981208471	0
layer24_mean	rbf_svm	HPCLAS_TRAIN_N_001782	0	HPCLAS_TRAIN_N_001782	1	A_clean_core	-1.0243109373648156	0.2641885332257419	0
layer24_mean	rbf_svm	HPCLAS_TRAIN_N_001787	0	HPCLAS_TRAIN_N_001787	1	A_clean_core	-1.8620948387331335	0.134459068241103	0
layer24_mean	rbf_svm	HPCLAS_TRAIN_N_001802	0	HPCLAS_TRAIN_N_001802	1	A_clean_core	-0.41124579767521885	0.3986134398924102	0
layer24_mean	rbf_svm	HPCLAS_TRAIN_N_001805	0	HPCLAS_TRAIN_N_001805	1	A_clean_core	-1.0978595605265116	0.25014116308424095	0
layer24_mean	rbf_svm	HPCLAS_TRAIN_N_001808	0	HPCLAS_TRAIN_N_001808	1	A_clean_core	-1.011386575025976	0.2667085834860017	0
layer24_mean	rbf_svm	HPCLAS_TRAIN_N_001811	0	HPCLAS_TRAIN_N_001811	1	D_hard_sample	1.0310738434813835	0.7371240298193467	1
layer24_mean	rbf_svm	HPCLAS_TRAIN_N_001812	0	HPCLAS_TRAIN_N_001812	1	A_clean_core	-0.16082699720066515	0.4598796905072436	0
layer24_mean	rbf_svm	HPCLAS_TRAIN_N_001826	0	HPCLAS_TRAIN_N_001826	1	A_clean_core	-1.327141580305038	0.2096325744237515	0
layer24_mean	rbf_svm	HPCLAS_TRAIN_N_001832	0	HPCLAS_TRAIN_N_001832	1	D_hard_sample	0.704360375811798	0.6691538136294405	1
layer24_mean	rbf_svm	HPCLAS_TRAIN_N_001841	0	HPCLAS_TRAIN_N_001841	1	A_clean_core	-1.0533153715557702	0.25858896686093485	0
layer24_mean	rbf_svm	HPCLAS_TRAIN_N_001842	0	HPCLAS_TRAIN_N_001842	1	B_ambiguous	0.15697079477264012	0.5391623189549396	1
layer24_mean	rbf_svm	HPCLAS_TRAIN_N_001843	0	HPCLAS_TRAIN_N_001843	1	A_clean_core	-1.3631413465157056	0.20373022549170633	0
layer24_mean	rbf_svm	HPCLAS_TRAIN_N_001860	0	HPCLAS_TRAIN_N_001860	1	A_clean_core	0.5694851935643229	0.6386443777666627	1
layer24_mean	rbf_svm	HPCLAS_TRAIN_N_001885	0	HPCLAS_TRAIN_N_001885	1	A_clean_core	-1.0647699948013762	0.25639895824027725	0
layer24_mean	rbf_svm	HPCLAS_TRAIN_N_001893	0	HPCLAS_TRAIN_N_001893	1	A_clean_core	-1.197424967339615	0.23193361720824537	0
layer24_mean	rbf_svm	HPCLAS_TRAIN_N_001900	0	HPCLAS_TRAIN_N_001900	1	D_hard_sample	0.8525310345619622	0.7010978150598094	1
layer24_mean	rbf_svm	HPCLAS_TRAIN_N_001902	0	HPCLAS_TRAIN_N_001902	1	A_clean_core	0.2242423526211014	0.5558268479320123	1
layer24_mean	rbf_svm	HPCLAS_TRAIN_N_001904	0	HPCLAS_TRAIN_N_001904	1	A_clean_core	-1.000350560205026	0.26887250263348694	0
layer24_mean	rbf_svm	HPCLAS_TRAIN_N_001923	0	HPCLAS_TRAIN_N_001923	1	A_clean_core	-1.3844625831838775	0.2002932455359763	0
layer24_mean	rbf_svm	HPCLAS_TRAIN_N_001927	0	HPCLAS_TRAIN_N_001927	1	A_clean_core	0.2093902911058412	0.5521571457823238	1
layer24_mean	rbf_svm	HPCLAS_TRAIN_N_001930	0	HPCLAS_TRAIN_N_001930	1	A_clean_core	-1.3420092568797233	0.20717983118241404	0
layer24_mean	rbf_svm	HPCLAS_TRAIN_N_001936	0	HPCLAS_TRAIN_N_001936	1	A_clean_core	-1.0796177950385644	0.25357835221690733	0
layer24_mean	rbf_svm	HPCLAS_TRAIN_N_001939	0	HPCLAS_TRAIN_N_001939	1	A_clean_core	-0.9801775315386361	0.2728565589414216	0
layer24_mean	rbf_svm	HPCLAS_TRAIN_N_001945	0	HPCLAS_TRAIN_N_001945	1	A_clean_core	-0.9834714694657037	0.2722035115616512	0
layer24_mean	rbf_svm	HPCLAS_TRAIN_N_001948	0	HPCLAS_TRAIN_N_001948	1	A_clean_core	-0.5792519860810607	0.3591047298139557	0
layer24_mean	rbf_svm	HPCLAS_TRAIN_N_001954	0	HPCLAS_TRAIN_N_001954	1	A_clean_core	-0.9654326798427212	0.2757918014053322	0
layer24_mean	rbf_svm	HPCLAS_TRAIN_N_001955	0	HPCLAS_TRAIN_N_001955	1	A_clean_core	-1.3629238384356313	0.20376551284431074	0
layer24_mean	rbf_svm	HPCLAS_TRAIN_N_001963	0	HPCLAS_TRAIN_N_001963	1	D_hard_sample	-0.47449354217856865	0.3835532353781948	0
layer24_mean	rbf_svm	HPCLAS_TRAIN_N_001964	0	HPCLAS_TRAIN_N_001964	1	A_clean_core	-0.05110360995127662	0.48722687722607255	0
layer24_mean	rbf_svm	HPCLAS_TRAIN_N_001980	0	HPCLAS_TRAIN_N_001980	1	A_clean_core	-1.478604895199392	0.1856382341144537	0
layer24_mean	rbf_svm	HPCLAS_TRAIN_N_001983	0	HPCLAS_TRAIN_N_001983	1	A_clean_core	-1.2209947187629213	0.2277614459231343	0
layer24_mean	rbf_svm	HPCLAS_TRAIN_N_001993	0	HPCLAS_TRAIN_N_001993	1	A_clean_core	-0.8580963111862739	0.29773723419297415	0
layer24_mean	rbf_svm	HPCLAS_TRAIN_N_002000	0	HPCLAS_TRAIN_N_002000	1	D_hard_sample	0.18482104505786032	0.5460741825670811	1
layer24_mean	rbf_svm	HPCLAS_TRAIN_N_002004	0	HPCLAS_TRAIN_P_005044	1	B_ambiguous	0.8896361538621197	0.7088150817894249	1
layer24_mean	rbf_svm	HPCLAS_TRAIN_N_002014	0	HPCLAS_TRAIN_N_002014	1	D_hard_sample	-0.6962887190768793	0.33263557957348183	0
layer24_mean	rbf_svm	HPCLAS_TRAIN_N_002034	0	HPCLAS_TRAIN_N_002034	1	D_hard_sample	-0.5466068496870419	0.3666520035082721	0
layer24_mean	rbf_svm	HPCLAS_TRAIN_N_002043	0	HPCLAS_TRAIN_N_002043	1	A_clean_core	-0.861765897804784	0.2969705310811314	0
layer24_mean	rbf_svm	HPCLAS_TRAIN_N_002044	0	HPCLAS_TRAIN_N_002044	1	A_clean_core	-1.733402343440546	0.15015289990403496	0
layer24_mean	rbf_svm	HPCLAS_TRAIN_N_002051	0	HPCLAS_TRAIN_N_002051	1	A_clean_core	-1.100522621385287	0.24964198370696658	0
layer24_mean	rbf_svm	HPCLAS_TRAIN_N_002053	0	HPCLAS_TRAIN_N_002053	1	A_clean_core	-1.125298252194682	0.24502983519911536	0
layer24_mean	rbf_svm	HPCLAS_TRAIN_N_002055	0	HPCLAS_TRAIN_N_002055	1	A_clean_core	-1.164763478247683	0.2378028141052564	0
layer24_mean	rbf_svm	HPCLAS_TRAIN_N_002059	0	HPCLAS_TRAIN_N_002059	1	A_clean_core	-2.056759579852871	0.11337114318629797	0
layer24_mean	rbf_svm	HPCLAS_TRAIN_N_002067	0	HPCLAS_TRAIN_N_002067	1	A_clean_core	-1.1821292297548869	0.23466957105654387	0
layer24_mean	rbf_svm	HPCLAS_TRAIN_N_002073	0	HPCLAS_TRAIN_N_002073	1	D_hard_sample	-0.8985992582201102	0.28933843527574654	0
layer24_mean	rbf_svm	HPCLAS_TRAIN_N_002083	0	HPCLAS_TRAIN_N_002083	1	A_clean_core	-1.3397407380384179	0.207552697327492	0
layer24_mean	rbf_svm	HPCLAS_TRAIN_N_002085	0	HPCLAS_TRAIN_N_002085	1	A_clean_core	-1.0718918436256983	0.25504347433951585	0
layer24_mean	rbf_svm	HPCLAS_TRAIN_N_002086	0	HPCLAS_TRAIN_N_002086	1	A_clean_core	-1.5292643645509836	0.17810134352825277	0
layer24_mean	rbf_svm	HPCLAS_TRAIN_N_002088	0	HPCLAS_TRAIN_N_002088	1	A_clean_core	0.5426673763244407	0.6324326989968159	1
layer24_mean	rbf_svm	HPCLAS_TRAIN_N_002100	0	HPCLAS_TRAIN_N_002100	1	A_clean_core	-0.4223487210642495	0.3959548586413032	0
layer24_mean	rbf_svm	HPCLAS_TRAIN_N_002103	0	HPCLAS_TRAIN_N_002103	1	A_clean_core	-0.7398232018398551	0.3230428058610294	0
layer24_mean	rbf_svm	HPCLAS_TRAIN_N_002106	0	HPCLAS_TRAIN_N_002106	1	A_clean_core	-1.012882766066236	0.26641606790796957	0
layer24_mean	rbf_svm	HPCLAS_TRAIN_N_002112	0	HPCLAS_TRAIN_N_002112	1	D_hard_sample	0.9104734993460807	0.7130970455911694	1
layer24_mean	rbf_svm	HPCLAS_TRAIN_N_002115	0	HPCLAS_TRAIN_N_002115	1	B_ambiguous	0.541330636785158	0.6321219034379051	1
layer24_mean	rbf_svm	HPCLAS_TRAIN_N_002122	0	HPCLAS_TRAIN_N_002122	1	D_hard_sample	-0.4890972075842115	0.380106265527762	0
layer24_mean	rbf_svm	HPCLAS_TRAIN_N_002123	0	HPCLAS_TRAIN_N_002123	1	B_ambiguous	-0.39055059453728713	0.4035847633069824	0
layer24_mean	rbf_svm	HPCLAS_TRAIN_N_002133	0	HPCLAS_TRAIN_N_002133	1	A_clean_core	-0.7887927892936136	0.3124279397237185	0
layer24_mean	rbf_svm	HPCLAS_TRAIN_N_002135	0	HPCLAS_TRAIN_N_002135	1	B_ambiguous	-0.09375785672802148	0.47657769119154664	0
layer24_mean	rbf_svm	HPCLAS_TRAIN_N_002139	0	HPCLAS_TRAIN_N_002139	1	D_hard_sample	0.03631912626115255	0.5090787836178773	1
layer24_mean	rbf_svm	HPCLAS_TRAIN_N_002151	0	HPCLAS_TRAIN_N_002151	1	D_hard_sample	0.42814261345784643	0.605430054567594	1
layer24_mean	rbf_svm	HPCLAS_TRAIN_N_002155	0	HPCLAS_TRAIN_N_002155	1	D_hard_sample	-0.08862683618400533	0.4778577824596963	0
layer24_mean	rbf_svm	HPCLAS_TRAIN_N_002164	0	HPCLAS_TRAIN_N_002164	1	D_hard_sample	-0.8918210458111296	0.2907341705079815	0
layer24_mean	rbf_svm	HPCLAS_TRAIN_N_002176	0	HPCLAS_TRAIN_N_002176	1	A_clean_core	-1.1699995048659049	0.23685507377097142	0
layer24_mean	rbf_svm	HPCLAS_TRAIN_N_002181	0	HPCLAS_TRAIN_N_002181	1	A_clean_core	-0.38655810944137214	0.4045461396389928	0
layer24_mean	rbf_svm	HPCLAS_TRAIN_N_002183	0	HPCLAS_TRAIN_N_002183	1	D_hard_sample	0.0395566992479858	0.5098878855210035	1
layer24_mean	rbf_svm	HPCLAS_TRAIN_N_002186	0	HPCLAS_TRAIN_N_002186	1	A_clean_core	-1.0785387926977517	0.25378263616196395	0
layer24_mean	rbf_svm	HPCLAS_TRAIN_N_002188	0	HPCLAS_TRAIN_N_002188	1	D_hard_sample	0.3963103527567289	0.5978008608165846	1
layer24_mean	rbf_svm	HPCLAS_TRAIN_N_002191	0	HPCLAS_TRAIN_N_002191	1	B_ambiguous	0.9941675027588329	0.7299102958453861	1
layer24_mean	rbf_svm	HPCLAS_TRAIN_N_002196	0	HPCLAS_TRAIN_N_002196	1	A_clean_core	0.8595254087121422	0.70256148908735	1
layer24_mean	rbf_svm	HPCLAS_TRAIN_N_002199	0	HPCLAS_TRAIN_N_002199	1	B_ambiguous	0.8801914893179656	0.7068619008133181	1
layer24_mean	rbf_svm	HPCLAS_TRAIN_N_002202	0	HPCLAS_TRAIN_N_002202	1	A_clean_core	0.10179692924694825	0.525427278345547	1
layer24_mean	rbf_svm	HPCLAS_TRAIN_N_002203	0	HPCLAS_TRAIN_N_002203	1	D_hard_sample	0.0026777101881604315	0.5006694271470501	1
layer24_mean	rbf_svm	HPCLAS_TRAIN_N_002207	0	HPCLAS_TRAIN_N_002207	1	A_clean_core	-0.5795954857309445	0.359025677703639	0
layer24_mean	rbf_svm	HPCLAS_TRAIN_N_002208	0	HPCLAS_TRAIN_N_002208	1	D_hard_sample	0.8423667123514744	0.6989634387255153	1
layer24_mean	rbf_svm	HPCLAS_TRAIN_N_002216	0	HPCLAS_TRAIN_N_002216	1	B_ambiguous	-0.4670176922856968	0.38532235830602846	0
layer24_mean	rbf_svm	HPCLAS_TRAIN_N_002224	0	HPCLAS_TRAIN_N_002224	1	D_hard_sample	0.3197046853780673	0.5792522800269144	1
layer24_mean	rbf_svm	HPCLAS_TRAIN_N_002231	0	HPCLAS_TRAIN_N_002231	1	A_clean_core	0.704918611590711	0.6692773880946934	1
layer24_mean	rbf_svm	HPCLAS_TRAIN_N_002234	0	HPCLAS_TRAIN_N_002234	1	A_clean_core	0.472865039435414	0.6160616482412945	1
layer24_mean	rbf_svm	HPCLAS_TRAIN_N_002237	0	HPCLAS_TRAIN_N_002237	1	A_clean_core	-0.5244257365344042	0.37181793217699105	0
layer24_mean	rbf_svm	HPCLAS_TRAIN_N_002238	0	HPCLAS_TRAIN_N_002238	1	A_clean_core	0.10530908243918316	0.5263029667702431	1
layer24_mean	rbf_svm	HPCLAS_TRAIN_N_002241	0	HPCLAS_TRAIN_N_002241	1	D_hard_sample	-0.809439449874825	0.30800995839348383	0
layer24_mean	rbf_svm	HPCLAS_TRAIN_N_002244	0	HPCLAS_TRAIN_N_002244	1	A_clean_core	0.3434506065217514	0.5850284722517463	1
layer24_mean	rbf_svm	HPCLAS_TRAIN_N_002246	0	HPCLAS_TRAIN_N_002246	1	A_clean_core	1.1576077299483467	0.7608977551856914	1
layer24_mean	rbf_svm	HPCLAS_TRAIN_N_002247	0	HPCLAS_TRAIN_N_002247	1	A_clean_core	0.2558679775813828	0.563620279259506	1
layer24_mean	rbf_svm	HPCLAS_TRAIN_N_002250	0	HPCLAS_TRAIN_N_002250	1	A_clean_core	-0.998316899610765	0.2692724676553859	0
layer24_mean	rbf_svm	HPCLAS_TRAIN_N_002258	0	HPCLAS_TRAIN_N_002258	1	D_hard_sample	-0.6726288545447207	0.33790844643734647	0
layer24_mean	rbf_svm	HPCLAS_TRAIN_N_002265	0	HPCLAS_TRAIN_N_002265	1	B_ambiguous	-0.20382476612608882	0.4492194912467157	0
layer24_mean	rbf_svm	HPCLAS_TRAIN_N_002278	0	HPCLAS_TRAIN_N_002278	1	A_clean_core	-1.8151521041472296	0.1400165994677323	0
layer24_mean	rbf_svm	HPCLAS_TRAIN_N_002279	0	HPCLAS_TRAIN_N_002279	1	A_clean_core	-1.003647872842166	0.26822481084410965	0
layer24_mean	rbf_svm	HPCLAS_TRAIN_N_002286	0	HPCLAS_TRAIN_N_002286	1	A_clean_core	-0.6490345423370469	0.34320713397231223	0
layer24_mean	rbf_svm	HPCLAS_TRAIN_N_002290	0	HPCLAS_TRAIN_N_002290	1	A_clean_core	-1.8166196058664306	0.13983998805343925	0
layer24_mean	rbf_svm	HPCLAS_TRAIN_N_002294	0	HPCLAS_TRAIN_N_002294	1	A_clean_core	-1.130711624095873	0.24402979710994632	0
layer24_mean	rbf_svm	HPCLAS_TRAIN_N_002298	0	HPCLAS_TRAIN_N_002298	1	A_clean_core	-0.2883138207651873	0.4284167216850326	0
layer24_mean	rbf_svm	HPCLAS_TRAIN_N_002303	0	HPCLAS_TRAIN_N_002303	1	A_clean_core	-0.7958099715974395	0.3109225192750038	0
layer24_mean	rbf_svm	HPCLAS_TRAIN_N_002308	0	HPCLAS_TRAIN_N_002308	1	A_clean_core	0.655130412583104	0.6581656563489056	1
layer24_mean	rbf_svm	HPCLAS_TRAIN_N_002314	0	HPCLAS_TRAIN_N_002314	1	A_clean_core	-0.9264491290553686	0.2836456641953917	0
layer24_mean	rbf_svm	HPCLAS_TRAIN_N_002318	0	HPCLAS_TRAIN_N_002318	1	A_clean_core	-1.2525583621145298	0.22225758829795741	0
layer24_mean	rbf_svm	HPCLAS_TRAIN_N_002329	0	HPCLAS_TRAIN_N_002329	1	D_hard_sample	-0.9610926735483166	0.2766594767722912	0
layer24_mean	rbf_svm	HPCLAS_TRAIN_N_002346	0	HPCLAS_TRAIN_N_002346	1	A_clean_core	1.069913568200776	0.7445804785417197	1
layer24_mean	rbf_svm	HPCLAS_TRAIN_N_002349	0	HPCLAS_TRAIN_N_002349	1	A_clean_core	-0.7487944085103969	0.32108404990097617	0
layer24_mean	rbf_svm	HPCLAS_TRAIN_N_002355	0	HPCLAS_TRAIN_N_002355	1	A_clean_core	0.5411192762281825	0.6320727514778564	1
layer24_mean	rbf_svm	HPCLAS_TRAIN_N_002357	0	HPCLAS_TRAIN_N_002357	1	D_hard_sample	0.04162225081252871	0.5104040607367321	1
layer24_mean	rbf_svm	HPCLAS_TRAIN_N_002362	0	HPCLAS_TRAIN_N_002362	1	A_clean_core	-0.48801556840055227	0.3803611603234029	0
layer24_mean	rbf_svm	HPCLAS_TRAIN_N_002368	0	HPCLAS_TRAIN_N_002368	1	A_clean_core	0.16897097536861957	0.5421425232551894	1
layer24_mean	rbf_svm	HPCLAS_TRAIN_N_002371	0	HPCLAS_TRAIN_N_002371	1	A_clean_core	-1.200031786304498	0.23146956194238788	0
layer24_mean	rbf_svm	HPCLAS_TRAIN_N_002380	0	HPCLAS_TRAIN_N_002380	1	A_clean_core	-0.17898545540073127	0.45537271180113	0
layer24_mean	rbf_svm	HPCLAS_TRAIN_N_002391	0	HPCLAS_TRAIN_N_002391	1	A_clean_core	-0.6030927698284213	0.35363643594837474	0
layer24_mean	rbf_svm	HPCLAS_TRAIN_N_002393	0	HPCLAS_TRAIN_N_002393	1	D_hard_sample	-0.6669643302621827	0.33917691093269037	0
layer24_mean	rbf_svm	HPCLAS_TRAIN_N_002398	0	HPCLAS_TRAIN_N_002398	1	D_hard_sample	-0.3185354670382645	0.42103270716199775	0
layer24_mean	rbf_svm	HPCLAS_TRAIN_N_002405	0	HPCLAS_TRAIN_N_002405	1	A_clean_core	-1.6768543624280723	0.1575124525851132	0
layer24_mean	rbf_svm	HPCLAS_TRAIN_N_002410	0	HPCLAS_TRAIN_N_002410	1	A_clean_core	0.6362994494024061	0.6539164677191048	1
layer24_mean	rbf_svm	HPCLAS_TRAIN_N_002411	0	HPCLAS_TRAIN_N_002411	1	A_clean_core	-0.8514913608331784	0.29912010416450735	0
layer24_mean	rbf_svm	HPCLAS_TRAIN_N_002413	0	HPCLAS_TRAIN_N_002413	1	B_ambiguous	0.46851899621825355	0.6150331628114643	1
layer24_mean	rbf_svm	HPCLAS_TRAIN_N_002414	0	HPCLAS_TRAIN_N_002414	1	A_clean_core	-0.9854944241620109	0.2718029312483436	0
layer24_mean	rbf_svm	HPCLAS_TRAIN_N_002423	0	HPCLAS_TRAIN_N_002423	1	A_clean_core	0.00834054133883344	0.5020851232471535	1
layer24_mean	rbf_svm	HPCLAS_TRAIN_N_002438	0	HPCLAS_TRAIN_N_002438	1	D_hard_sample	-0.06684099933121354	0.4832959687808989	0
layer24_mean	rbf_svm	HPCLAS_TRAIN_N_002442	0	HPCLAS_TRAIN_N_002442	1	A_clean_core	-0.04080567824119992	0.48979999573888505	0
layer24_mean	rbf_svm	HPCLAS_TRAIN_N_002450	0	HPCLAS_TRAIN_N_002244	1	D_hard_sample	0.505700181109964	0.6237979568835987	1
layer24_mean	rbf_svm	HPCLAS_TRAIN_N_002454	0	HPCLAS_TRAIN_N_002454	1	A_clean_core	-0.6082033839746258	0.3524691391725046	0
layer24_mean	rbf_svm	HPCLAS_TRAIN_N_002457	0	HPCLAS_TRAIN_N_002457	1	A_clean_core	-0.8469159655477324	0.3000802040412161	0
layer24_mean	rbf_svm	HPCLAS_TRAIN_N_002461	0	HPCLAS_TRAIN_N_002461	1	A_clean_core	-0.6646699839440253	0.33969134598024664	0
layer24_mean	rbf_svm	HPCLAS_TRAIN_N_002464	0	HPCLAS_TRAIN_N_002464	1	A_clean_core	-1.0405790579053305	0.2610382797563705	0
layer24_mean	rbf_svm	HPCLAS_TRAIN_N_002477	0	HPCLAS_TRAIN_N_002477	1	D_hard_sample	0.18431134701021581	0.5459478370932772	1
layer24_mean	rbf_svm	HPCLAS_TRAIN_N_002481	0	HPCLAS_TRAIN_N_002481	1	D_hard_sample	0.1369728699850757	0.534189779716414	1
layer24_mean	rbf_svm	HPCLAS_TRAIN_N_002485	0	HPCLAS_TRAIN_N_002485	1	A_clean_core	-0.5555090243617977	0.3645872202472951	0
layer24_mean	rbf_svm	HPCLAS_TRAIN_N_002494	0	HPCLAS_TRAIN_N_002494	1	D_hard_sample	-0.13273244332459364	0.4668655215554593	0
layer24_mean	rbf_svm	HPCLAS_TRAIN_N_002502	0	HPCLAS_TRAIN_N_002502	1	A_clean_core	-1.3712698820798692	0.2024147553543762	0
layer24_mean	rbf_svm	HPCLAS_TRAIN_N_002504	0	HPCLAS_TRAIN_N_002504	1	D_hard_sample	0.052653925253142	0.5131604409139279	1
layer24_mean	rbf_svm	HPCLAS_TRAIN_N_002510	0	HPCLAS_TRAIN_N_002510	1	A_clean_core	-1.2578760050675406	0.2213397428034817	0
layer24_mean	rbf_svm	HPCLAS_TRAIN_N_002513	0	HPCLAS_TRAIN_N_002513	1	A_clean_core	-1.1669690466576448	0.23740328022765309	0
layer24_mean	rbf_svm	HPCLAS_TRAIN_N_002522	0	HPCLAS_TRAIN_N_002522	1	D_hard_sample	-0.1178149884369398	0.4705802747472741	0
layer24_mean	rbf_svm	HPCLAS_TRAIN_N_002524	0	HPCLAS_TRAIN_N_002524	1	B_ambiguous	0.625420978717097	0.651450459348229	1
layer24_mean	rbf_svm	HPCLAS_TRAIN_N_002526	0	HPCLAS_TRAIN_N_002526	1	D_hard_sample	0.3929274640860402	0.5969872275932312	1
layer24_mean	rbf_svm	HPCLAS_TRAIN_N_002531	0	HPCLAS_TRAIN_N_002531	1	D_hard_sample	0.4327544727665925	0.6065312189198869	1
layer24_mean	rbf_svm	HPCLAS_TRAIN_N_002536	0	HPCLAS_TRAIN_N_002536	1	A_clean_core	0.5071823961016706	0.6241457304237567	1
layer24_mean	rbf_svm	HPCLAS_TRAIN_N_002538	0	HPCLAS_TRAIN_N_002538	1	A_clean_core	0.5691025578539989	0.6385560692798113	1
layer24_mean	rbf_svm	HPCLAS_TRAIN_N_002540	0	HPCLAS_TRAIN_N_002540	1	A_clean_core	-0.841056135339611	0.3013123963225786	0
layer24_mean	rbf_svm	HPCLAS_TRAIN_N_002549	0	HPCLAS_TRAIN_N_002549	1	A_clean_core	-1.020055049507684	0.265016677695426	0
layer24_mean	rbf_svm	HPCLAS_TRAIN_N_002574	0	HPCLAS_TRAIN_N_002574	1	D_hard_sample	-1.3099954680990586	0.2124876024745425	0
layer24_mean	rbf_svm	HPCLAS_TRAIN_N_002585	0	HPCLAS_TRAIN_N_002585	1	D_hard_sample	-0.22664217199353628	0.4435807562407622	0
layer24_mean	rbf_svm	HPCLAS_TRAIN_N_002593	0	HPCLAS_TRAIN_N_002593	1	A_clean_core	-0.086092275282526	0.4784902152001977	0
layer24_mean	rbf_svm	HPCLAS_TRAIN_N_002596	0	HPCLAS_TRAIN_N_002596	1	A_clean_core	-0.894733196658384	0.2901340284107126	0
layer24_mean	rbf_svm	HPCLAS_TRAIN_N_002602	0	HPCLAS_TRAIN_N_002602	1	A_clean_core	-1.1391894284249857	0.2424692139955536	0
layer24_mean	rbf_svm	HPCLAS_TRAIN_N_002608	0	HPCLAS_TRAIN_N_002608	1	D_hard_sample	-0.4064379895798744	0.39976653117895344	0
layer24_mean	rbf_svm	HPCLAS_TRAIN_N_002613	0	HPCLAS_TRAIN_N_002613	1	D_hard_sample	-0.8571308782123296	0.2979391357647601	0
layer24_mean	rbf_svm	HPCLAS_TRAIN_N_002615	0	HPCLAS_TRAIN_N_002615	1	A_clean_core	-0.4721587177014027	0.38410543151190885	0
layer24_mean	rbf_svm	HPCLAS_TRAIN_N_002620	0	HPCLAS_TRAIN_N_002620	1	A_clean_core	-0.4705920860083864	0.38447611436855783	0
layer24_mean	rbf_svm	HPCLAS_TRAIN_N_002623	0	HPCLAS_TRAIN_N_002623	1	A_clean_core	-0.7284608175464905	0.3255325812477278	0
layer24_mean	rbf_svm	HPCLAS_TRAIN_N_002628	0	HPCLAS_TRAIN_N_002628	1	A_clean_core	0.6684125860237574	0.6611476195810461	1
layer24_mean	rbf_svm	HPCLAS_TRAIN_N_002630	0	HPCLAS_TRAIN_N_002630	1	A_clean_core	-0.7864454211297063	0.3129324155479	0
layer24_mean	rbf_svm	HPCLAS_TRAIN_N_002634	0	HPCLAS_TRAIN_N_002634	1	A_clean_core	-0.37505212222653406	0.40732081712878115	0
layer24_mean	rbf_svm	HPCLAS_TRAIN_N_002638	0	HPCLAS_TRAIN_N_002638	1	A_clean_core	-1.2840747160796235	0.21685741506566247	0
layer24_mean	rbf_svm	HPCLAS_TRAIN_N_002653	0	HPCLAS_TRAIN_N_002653	1	A_clean_core	0.09988995896807631	0.5249517458067379	1
layer24_mean	rbf_svm	HPCLAS_TRAIN_N_002657	0	HPCLAS_TRAIN_N_002657	1	D_hard_sample	0.20466331666045665	0.5509879752035991	1
layer24_mean	rbf_svm	HPCLAS_TRAIN_N_002660	0	HPCLAS_TRAIN_N_002660	1	A_clean_core	-0.8048822432729981	0.30898212951340037	0
layer24_mean	rbf_svm	HPCLAS_TRAIN_N_002662	0	HPCLAS_TRAIN_N_002662	1	A_clean_core	-0.1638128107885656	0.4591381325764188	0
layer24_mean	rbf_svm	HPCLAS_TRAIN_N_002663	0	HPCLAS_TRAIN_N_002663	1	A_clean_core	0.9071164876670595	0.712409744721072	1
layer24_mean	rbf_svm	HPCLAS_TRAIN_N_002674	0	HPCLAS_TRAIN_N_002674	1	D_hard_sample	-0.8883790936862054	0.2914444388197125	0
layer24_mean	rbf_svm	HPCLAS_TRAIN_N_002677	0	HPCLAS_TRAIN_N_002677	1	A_clean_core	0.6853986695256598	0.6649425574053102	1
layer24_mean	rbf_svm	HPCLAS_TRAIN_N_002678	0	HPCLAS_TRAIN_N_002678	1	D_hard_sample	-0.6519941509901427	0.3425403007642761	0
layer24_mean	rbf_svm	HPCLAS_TRAIN_N_002689	0	HPCLAS_TRAIN_N_002689	1	A_clean_core	0.24640437308893012	0.5612912976087308	1
layer24_mean	rbf_svm	HPCLAS_TRAIN_N_002702	0	HPCLAS_TRAIN_N_002702	1	B_ambiguous	0.4758567872220091	0.6167690392761851	1
layer24_mean	rbf_svm	HPCLAS_TRAIN_N_002703	0	HPCLAS_TRAIN_N_002703	1	D_hard_sample	-0.3011863526120636	0.42526749507605927	0
layer24_mean	rbf_svm	HPCLAS_TRAIN_N_002705	0	HPCLAS_TRAIN_N_002705	1	A_clean_core	0.7309608647758581	0.6750160923170391	1
layer24_mean	rbf_svm	HPCLAS_TRAIN_N_002709	0	HPCLAS_TRAIN_N_002709	1	A_clean_core	-0.19243435105985926	0.45203932353960263	0
layer24_mean	rbf_svm	HPCLAS_TRAIN_N_002710	0	HPCLAS_TRAIN_N_002710	1	A_clean_core	-1.2394411922455562	0.22453326928669454	0
layer24_mean	rbf_svm	HPCLAS_TRAIN_N_002720	0	HPCLAS_TRAIN_N_002720	1	D_hard_sample	-0.04444063476000645	0.4888916694681357	0
layer24_mean	rbf_svm	HPCLAS_TRAIN_N_002732	0	HPCLAS_TRAIN_N_002732	1	D_hard_sample	-1.2066093379391485	0.23030153930605607	0
layer24_mean	rbf_svm	HPCLAS_TRAIN_N_002736	0	HPCLAS_TRAIN_P_004677	1	B_ambiguous	-0.2386871328467494	0.4406099115239996	0
layer24_mean	rbf_svm	HPCLAS_TRAIN_N_002738	0	HPCLAS_TRAIN_N_002738	1	A_clean_core	-0.5580302363240319	0.3640033474107395	0
layer24_mean	rbf_svm	HPCLAS_TRAIN_N_002740	0	HPCLAS_TRAIN_N_002740	1	A_clean_core	-1.295000040194386	0.21500770458790827	0
layer24_mean	rbf_svm	HPCLAS_TRAIN_N_002745	0	HPCLAS_TRAIN_N_002745	1	A_clean_core	-0.8815575546521752	0.2928551193209496	0
layer24_mean	rbf_svm	HPCLAS_TRAIN_N_002747	0	HPCLAS_TRAIN_N_002747	1	D_hard_sample	-0.5103171276314427	0.37511918635469166	0
layer24_mean	rbf_svm	HPCLAS_TRAIN_N_002753	0	HPCLAS_TRAIN_N_002753	1	A_clean_core	0.7809465286902778	0.6858840766800587	1
layer24_mean	rbf_svm	HPCLAS_TRAIN_N_002764	0	HPCLAS_TRAIN_N_002764	1	A_clean_core	-0.5736385654341325	0.36039766948052143	0
layer24_mean	rbf_svm	HPCLAS_TRAIN_N_002773	0	HPCLAS_TRAIN_N_002773	1	A_clean_core	-1.1831709619855555	0.23448252791056	0
layer24_mean	rbf_svm	HPCLAS_TRAIN_N_002776	0	HPCLAS_TRAIN_N_002776	1	A_clean_core	-0.9870128084607429	0.27150250752090505	0
layer24_mean	rbf_svm	HPCLAS_TRAIN_N_002779	0	HPCLAS_TRAIN_N_002779	1	B_ambiguous	0.7937530467060484	0.6886366138654751	1
layer24_mean	rbf_svm	HPCLAS_TRAIN_N_002785	0	HPCLAS_TRAIN_N_002785	1	A_clean_core	-0.8955733695774365	0.2899610200424687	0
layer24_mean	rbf_svm	HPCLAS_TRAIN_N_002794	0	HPCLAS_TRAIN_N_002794	1	D_hard_sample	0.45816680504014495	0.6125792013444201	1
layer24_mean	rbf_svm	HPCLAS_TRAIN_N_002795	0	HPCLAS_TRAIN_N_002795	1	A_clean_core	-1.6363858560113427	0.16295743986829034	0
layer24_mean	rbf_svm	HPCLAS_TRAIN_N_002799	0	HPCLAS_TRAIN_N_002799	1	D_hard_sample	0.6982226437623051	0.6677935916813995	1
layer24_mean	rbf_svm	HPCLAS_TRAIN_N_002800	0	HPCLAS_TRAIN_N_002800	1	A_clean_core	-0.9015270625138453	0.28873678667662517	0
layer24_mean	rbf_svm	HPCLAS_TRAIN_N_002801	0	HPCLAS_TRAIN_N_002801	1	A_clean_core	-0.3650832970562786	0.4097296024207224	0
layer24_mean	rbf_svm	HPCLAS_TRAIN_N_002802	0	HPCLAS_TRAIN_N_002802	1	A_clean_core	0.5307328737323794	0.6296540269035765	1
layer24_mean	rbf_svm	HPCLAS_TRAIN_N_002807	0	HPCLAS_TRAIN_N_002807	1	A_clean_core	-0.7177144144732048	0.3278964828631975	0
layer24_mean	rbf_svm	HPCLAS_TRAIN_N_002810	0	HPCLAS_TRAIN_N_002810	1	D_hard_sample	0.31043752516688883	0.5769920524681873	1
layer24_mean	rbf_svm	HPCLAS_TRAIN_N_002818	0	HPCLAS_TRAIN_N_002818	1	A_clean_core	-1.6708953670834072	0.15830483967659506	0
layer24_mean	rbf_svm	HPCLAS_TRAIN_N_002824	0	HPCLAS_TRAIN_N_002824	1	A_clean_core	-0.38157941980620813	0.40574601676389327	0
layer24_mean	rbf_svm	HPCLAS_TRAIN_N_002825	0	HPCLAS_TRAIN_N_002825	1	A_clean_core	-0.7802516162750965	0.3142656595273931	0
layer24_mean	rbf_svm	HPCLAS_TRAIN_N_002836	0	HPCLAS_TRAIN_N_002836	1	D_hard_sample	0.1144625048948352	0.5285844244068703	1
layer24_mean	rbf_svm	HPCLAS_TRAIN_N_002848	0	HPCLAS_TRAIN_N_002848	1	D_hard_sample	-0.6136812134105155	0.3512199213929629	0
layer24_mean	rbf_svm	HPCLAS_TRAIN_N_002860	0	HPCLAS_TRAIN_N_002860	1	A_clean_core	-0.5773581659143989	0.359540705929171	0
layer24_mean	rbf_svm	HPCLAS_TRAIN_N_002866	0	HPCLAS_TRAIN_N_002866	1	A_clean_core	-1.492509875885847	0.1835453076070254	0
layer24_mean	rbf_svm	HPCLAS_TRAIN_N_002871	0	HPCLAS_TRAIN_N_002871	1	A_clean_core	-0.5849517511681787	0.3577939934601168	0
layer24_mean	rbf_svm	HPCLAS_TRAIN_N_002875	0	HPCLAS_TRAIN_N_002875	1	A_clean_core	-1.3674914317907998	0.20302544572861406	0
layer24_mean	rbf_svm	HPCLAS_TRAIN_N_002879	0	HPCLAS_TRAIN_N_002879	1	A_clean_core	-0.9917778561348042	0.2705610608322582	0
layer24_mean	rbf_svm	HPCLAS_TRAIN_N_002890	0	HPCLAS_TRAIN_N_002890	1	A_clean_core	-1.0703047573425508	0.25534513207324183	0
layer24_mean	rbf_svm	HPCLAS_TRAIN_N_002892	0	HPCLAS_TRAIN_N_002892	1	D_hard_sample	-0.3959761996630625	0.402279483904647	0
layer24_mean	rbf_svm	HPCLAS_TRAIN_N_002893	0	HPCLAS_TRAIN_N_002893	1	A_clean_core	-1.6585074544747982	0.15996245518067126	0
layer24_mean	rbf_svm	HPCLAS_TRAIN_N_002894	0	HPCLAS_TRAIN_N_002894	1	A_clean_core	0.5536475460543139	0.6349814347942239	1
layer24_mean	rbf_svm	HPCLAS_TRAIN_N_002902	0	HPCLAS_TRAIN_N_002902	1	A_clean_core	-1.2232407836664037	0.22736663574918498	0
layer24_mean	rbf_svm	HPCLAS_TRAIN_N_002910	0	HPCLAS_TRAIN_N_002910	1	A_clean_core	-1.0722840667147024	0.25496896056368057	0
layer24_mean	rbf_svm	HPCLAS_TRAIN_N_002916	0	HPCLAS_TRAIN_N_002916	1	D_hard_sample	0.1313865662645234	0.5327994719203918	1
layer24_mean	rbf_svm	HPCLAS_TRAIN_N_002938	0	HPCLAS_TRAIN_P_001583	1	B_ambiguous	0.5286017687096135	0.6291569377177911	1
layer24_mean	rbf_svm	HPCLAS_TRAIN_N_002944	0	HPCLAS_TRAIN_N_002944	1	A_clean_core	0.4859020411009981	0.6191405839197232	1
layer24_mean	rbf_svm	HPCLAS_TRAIN_N_002945	0	HPCLAS_TRAIN_N_002945	1	D_hard_sample	-0.6865965172751379	0.33479062210902993	0
layer24_mean	rbf_svm	HPCLAS_TRAIN_N_002955	0	HPCLAS_TRAIN_N_002955	1	A_clean_core	-1.3106116881847938	0.2123845045566522	0
layer24_mean	rbf_svm	HPCLAS_TRAIN_N_002977	0	HPCLAS_TRAIN_N_002977	1	A_clean_core	-1.4651360666723434	0.18768303383989243	0
layer24_mean	rbf_svm	HPCLAS_TRAIN_N_002982	0	HPCLAS_TRAIN_N_002982	1	A_clean_core	-1.4806111656367027	0.18533512408182695	0
layer24_mean	rbf_svm	HPCLAS_TRAIN_N_002984	0	HPCLAS_TRAIN_N_002984	1	A_clean_core	-0.3017228036847611	0.42513638361829686	0
layer24_mean	rbf_svm	HPCLAS_TRAIN_N_002986	0	HPCLAS_TRAIN_N_002986	1	A_clean_core	-1.01517543814301	0.2659682314359372	0
layer24_mean	rbf_svm	HPCLAS_TRAIN_N_002990	0	HPCLAS_TRAIN_N_002990	1	D_hard_sample	0.5500817531695644	0.6341545581629928	1
layer24_mean	rbf_svm	HPCLAS_TRAIN_N_002994	0	HPCLAS_TRAIN_N_002994	1	A_clean_core	-1.019425747007489	0.26513927314735386	0
layer24_mean	rbf_svm	HPCLAS_TRAIN_N_002999	0	HPCLAS_TRAIN_N_002999	1	B_ambiguous	0.7718825633056361	0.683927989216611	1
layer24_mean	rbf_svm	HPCLAS_TRAIN_N_003005	0	HPCLAS_TRAIN_N_003005	1	A_clean_core	-1.1489868211001777	0.24067419297004647	0
layer24_mean	rbf_svm	HPCLAS_TRAIN_N_003007	0	HPCLAS_TRAIN_N_003007	1	A_clean_core	-0.03746410375533335	0.4906350693883194	0
layer24_mean	rbf_svm	HPCLAS_TRAIN_N_003009	0	HPCLAS_TRAIN_N_003009	1	A_clean_core	-1.313432115571533	0.211913093723335	0
layer24_mean	rbf_svm	HPCLAS_TRAIN_N_003011	0	HPCLAS_TRAIN_N_003011	1	D_hard_sample	-0.28840320263355135	0.42839483436550374	0
layer24_mean	rbf_svm	HPCLAS_TRAIN_N_003017	0	HPCLAS_TRAIN_N_003017	1	A_clean_core	-2.00708366017317	0.11846118702782214	0
layer24_mean	rbf_svm	HPCLAS_TRAIN_N_003024	0	HPCLAS_TRAIN_N_003024	1	B_ambiguous	-0.04233228893108906	0.4894185079095241	0
layer24_mean	rbf_svm	HPCLAS_TRAIN_N_003029	0	HPCLAS_TRAIN_N_003029	1	D_hard_sample	0.6008707027267336	0.6458554840148182	1
layer24_mean	rbf_svm	HPCLAS_TRAIN_N_003033	0	HPCLAS_TRAIN_N_003033	1	A_clean_core	-0.5570973368636816	0.36421934560508457	0
layer24_mean	rbf_svm	HPCLAS_TRAIN_N_003035	0	HPCLAS_TRAIN_N_003035	1	B_ambiguous	0.3974469288940946	0.5980741030881385	1
layer24_mean	rbf_svm	HPCLAS_TRAIN_N_003038	0	HPCLAS_TRAIN_N_003038	1	A_clean_core	-1.2098935499084327	0.22971988661254553	0
layer24_mean	rbf_svm	HPCLAS_TRAIN_N_003050	0	HPCLAS_TRAIN_N_003050	1	A_clean_core	-0.8326651109602209	0.30308184155326007	0
layer24_mean	rbf_svm	HPCLAS_TRAIN_N_003056	0	HPCLAS_TRAIN_N_003056	1	A_clean_core	-0.047906324929596095	0.4880257087791389	0
layer24_mean	rbf_svm	HPCLAS_TRAIN_N_003061	0	HPCLAS_TRAIN_N_003061	1	A_clean_core	-0.8446461360357366	0.30055715727283216	0
layer24_mean	rbf_svm	HPCLAS_TRAIN_N_003066	0	HPCLAS_TRAIN_N_003066	1	D_hard_sample	-0.9569890425027251	0.27748144354225474	0
layer24_mean	rbf_svm	HPCLAS_TRAIN_N_003079	0	HPCLAS_TRAIN_N_003079	1	A_clean_core	-1.0026677031108073	0.2684172425165165	0
layer24_mean	rbf_svm	HPCLAS_TRAIN_N_003080	0	HPCLAS_TRAIN_N_003080	1	A_clean_core	-1.1265229769561458	0.24480334385647234	0
layer24_mean	rbf_svm	HPCLAS_TRAIN_N_003085	0	HPCLAS_TRAIN_N_003085	1	A_clean_core	-1.360037606299858	0.2042341903430147	0
layer24_mean	rbf_svm	HPCLAS_TRAIN_N_003086	0	HPCLAS_TRAIN_N_003086	1	A_clean_core	0.3802454542598521	0.59393230215269	1
layer24_mean	rbf_svm	HPCLAS_TRAIN_N_003094	0	HPCLAS_TRAIN_N_003094	1	D_hard_sample	-0.4466698872510547	0.3901528212881077	0
layer24_mean	rbf_svm	HPCLAS_TRAIN_N_003106	0	HPCLAS_TRAIN_N_003106	1	A_clean_core	-0.15939462735581209	0.46023549775614203	0
layer24_mean	rbf_svm	HPCLAS_TRAIN_N_003116	0	HPCLAS_TRAIN_N_003116	1	A_clean_core	0.3312586548044082	0.5820655953920357	1
layer24_mean	rbf_svm	HPCLAS_TRAIN_N_003122	0	HPCLAS_TRAIN_N_003122	1	A_clean_core	-0.7998870056117766	0.31004968998651355	0
layer24_mean	rbf_svm	HPCLAS_TRAIN_N_003124	0	HPCLAS_TRAIN_N_003124	1	D_hard_sample	0.08238809008214135	0.5205853797220628	1
layer24_mean	rbf_svm	HPCLAS_TRAIN_N_003135	0	HPCLAS_TRAIN_N_003135	1	A_clean_core	-1.3637354509600104	0.20363386432507027	0
layer24_mean	rbf_svm	HPCLAS_TRAIN_N_003139	0	HPCLAS_TRAIN_N_003139	1	A_clean_core	-1.5375532638847778	0.1768912397513698	0
layer24_mean	rbf_svm	HPCLAS_TRAIN_N_003160	0	HPCLAS_TRAIN_N_003160	1	A_clean_core	-1.1170081464510675	0.2465666632809159	0
layer24_mean	rbf_svm	HPCLAS_TRAIN_N_003162	0	HPCLAS_TRAIN_N_003162	1	A_clean_core	-1.1288210414558164	0.2443787391479091	0
layer24_mean	rbf_svm	HPCLAS_TRAIN_N_003164	0	HPCLAS_TRAIN_N_003164	1	B_ambiguous	0.5486281681070232	0.6338172569992215	1
layer24_mean	rbf_svm	HPCLAS_TRAIN_N_003170	0	HPCLAS_TRAIN_N_003170	1	B_ambiguous	-1.0041984447466392	0.26811675823782405	0
layer24_mean	rbf_svm	HPCLAS_TRAIN_N_003184	0	HPCLAS_TRAIN_N_003184	1	D_hard_sample	0.705322232229549	0.669366721467137	1
layer24_mean	rbf_svm	HPCLAS_TRAIN_N_003191	0	HPCLAS_TRAIN_N_003191	1	A_clean_core	-1.6947544907263423	0.1551516011547184	0
layer24_mean	rbf_svm	HPCLAS_TRAIN_N_003194	0	HPCLAS_TRAIN_N_003194	1	A_clean_core	-1.1549758241675216	0.23958140238877562	0
layer24_mean	rbf_svm	HPCLAS_TRAIN_N_003199	0	HPCLAS_TRAIN_N_003199	1	D_hard_sample	-0.054921976086206886	0.48627295635302675	0
layer24_mean	rbf_svm	HPCLAS_TRAIN_N_003203	0	HPCLAS_TRAIN_N_003203	1	B_ambiguous	1.250673668664982	0.7774164546604145	1
layer24_mean	rbf_svm	HPCLAS_TRAIN_N_003209	0	HPCLAS_TRAIN_N_003209	1	A_clean_core	-1.055565882404663	0.25815773178742085	0
layer24_mean	rbf_svm	HPCLAS_TRAIN_N_003223	0	HPCLAS_TRAIN_N_003223	1	D_hard_sample	0.7224291958900327	0.6731417181030934	1
layer24_mean	rbf_svm	HPCLAS_TRAIN_N_003226	0	HPCLAS_TRAIN_N_003226	1	A_clean_core	-0.8357884912181284	0.3024225171126408	0
layer24_mean	rbf_svm	HPCLAS_TRAIN_N_003228	0	HPCLAS_TRAIN_N_003228	1	D_hard_sample	-1.3371912638525234	0.20797233365913081	0
layer24_mean	rbf_svm	HPCLAS_TRAIN_N_003230	0	HPCLAS_TRAIN_N_003230	1	A_clean_core	-1.0639168605747316	0.2565616493612299	0
layer24_mean	rbf_svm	HPCLAS_TRAIN_N_003237	0	HPCLAS_TRAIN_N_003237	1	A_clean_core	-0.9730422203194292	0.2742745386392553	0
layer24_mean	rbf_svm	HPCLAS_TRAIN_N_003240	0	HPCLAS_TRAIN_N_003240	1	D_hard_sample	-1.501936816727728	0.18213683212285947	0
layer24_mean	rbf_svm	HPCLAS_TRAIN_N_003246	0	HPCLAS_TRAIN_N_003246	1	A_clean_core	-0.667143959227035	0.33913665079003846	0
layer24_mean	rbf_svm	HPCLAS_TRAIN_N_003251	0	HPCLAS_TRAIN_N_003251	1	A_clean_core	-0.4369065888814184	0.3924783135409668	0
layer24_mean	rbf_svm	HPCLAS_TRAIN_N_003255	0	HPCLAS_TRAIN_N_003255	1	D_hard_sample	0.9165036086176194	0.7143291565372293	1
layer24_mean	rbf_svm	HPCLAS_TRAIN_N_003260	0	HPCLAS_TRAIN_N_003260	1	A_clean_core	-1.7046791792199185	0.15385512498563847	0
layer24_mean	rbf_svm	HPCLAS_TRAIN_N_003265	0	HPCLAS_TRAIN_N_003265	1	D_hard_sample	1.0459675168953817	0.7399998002334726	1
layer24_mean	rbf_svm	HPCLAS_TRAIN_N_003267	0	HPCLAS_TRAIN_N_003267	1	A_clean_core	-0.6680044389028076	0.3389438242212784	0
layer24_mean	rbf_svm	HPCLAS_TRAIN_N_003270	0	HPCLAS_TRAIN_N_003270	1	A_clean_core	-0.8861324503627777	0.2919085982375534	0
layer24_mean	rbf_svm	HPCLAS_TRAIN_N_003274	0	HPCLAS_TRAIN_P_003947	1	B_ambiguous	-1.0097305806523778	0.26703257987127216	0
layer24_mean	rbf_svm	HPCLAS_TRAIN_N_003285	0	HPCLAS_TRAIN_N_003285	1	A_clean_core	-1.1095633808272398	0.24795229683112718	0
layer24_mean	rbf_svm	HPCLAS_TRAIN_N_003288	0	HPCLAS_TRAIN_P_000962	1	B_ambiguous	0.9694338946202045	0.7250066466006689	1
layer24_mean	rbf_svm	HPCLAS_TRAIN_N_003293	0	HPCLAS_TRAIN_N_003293	1	A_clean_core	-0.9963093905042056	0.26966765770933665	0
layer24_mean	rbf_svm	HPCLAS_TRAIN_N_003306	0	HPCLAS_TRAIN_N_003306	1	A_clean_core	-1.1759912227901879	0.23577375045554125	0
layer24_mean	rbf_svm	HPCLAS_TRAIN_N_003309	0	HPCLAS_TRAIN_N_003309	1	D_hard_sample	0.7693583345236997	0.6833820722654292	1
layer24_mean	rbf_svm	HPCLAS_TRAIN_N_003310	0	HPCLAS_TRAIN_N_003310	1	A_clean_core	-1.1993174944396943	0.2315966526967274	0
layer24_mean	rbf_svm	HPCLAS_TRAIN_N_003316	0	HPCLAS_TRAIN_N_003316	1	B_ambiguous	-0.2862470992156481	0.42892288655190314	0
layer24_mean	rbf_svm	HPCLAS_TRAIN_N_003317	0	HPCLAS_TRAIN_N_003317	1	A_clean_core	-0.9745103392612559	0.2739824093382285	0
layer24_mean	rbf_svm	HPCLAS_TRAIN_N_003322	0	HPCLAS_TRAIN_N_003322	1	B_ambiguous	0.5277840651999968	0.6289661322326562	1
layer24_mean	rbf_svm	HPCLAS_TRAIN_N_003330	0	HPCLAS_TRAIN_N_003330	1	A_clean_core	-0.939864592349029	0.28092769510957555	0
layer24_mean	rbf_svm	HPCLAS_TRAIN_N_003343	0	HPCLAS_TRAIN_N_003343	1	A_clean_core	-1.1248162688896444	0.2451190083512542	0
layer24_mean	rbf_svm	HPCLAS_TRAIN_N_003345	0	HPCLAS_TRAIN_N_003345	1	A_clean_core	-1.129223061820135	0.24430451059263092	0
layer24_mean	rbf_svm	HPCLAS_TRAIN_N_003364	0	HPCLAS_TRAIN_N_003364	1	A_clean_core	-0.056926056325910274	0.48577232786529795	0
layer24_mean	rbf_svm	HPCLAS_TRAIN_N_003371	0	HPCLAS_TRAIN_N_003371	1	A_clean_core	-0.3181336525852978	0.42113065823396695	0
layer24_mean	rbf_svm	HPCLAS_TRAIN_N_003376	0	HPCLAS_TRAIN_N_003376	1	D_hard_sample	0.1496422878879847	0.5373409172783067	1
layer24_mean	rbf_svm	HPCLAS_TRAIN_N_003378	0	HPCLAS_TRAIN_P_001880	1	B_ambiguous	0.07646299306106566	0.5191064402131461	1
layer24_mean	rbf_svm	HPCLAS_TRAIN_N_003385	0	HPCLAS_TRAIN_N_003385	1	A_clean_core	-0.6009827113958603	0.3541188970889786	0
layer24_mean	rbf_svm	HPCLAS_TRAIN_N_003390	0	HPCLAS_TRAIN_N_003390	1	A_clean_core	-1.5074902472460097	0.1813110362592351	0
layer24_mean	rbf_svm	HPCLAS_TRAIN_N_003400	0	HPCLAS_TRAIN_N_003400	1	A_clean_core	-0.963837276525958	0.2761105663559472	0
layer24_mean	rbf_svm	HPCLAS_TRAIN_N_003405	0	HPCLAS_TRAIN_N_003405	1	A_clean_core	0.12606365847209114	0.531474243144231	1
layer24_mean	rbf_svm	HPCLAS_TRAIN_N_003410	0	HPCLAS_TRAIN_N_003410	1	A_clean_core	0.5783597153810557	0.6406898895963171	1
layer24_mean	rbf_svm	HPCLAS_TRAIN_N_003411	0	HPCLAS_TRAIN_N_003411	1	A_clean_core	-1.5539967304813511	0.1745097655261312	0
layer24_mean	rbf_svm	HPCLAS_TRAIN_N_003416	0	HPCLAS_TRAIN_N_003416	1	A_clean_core	-0.24503886157160945	0.4390449786504485	0
layer24_mean	rbf_svm	HPCLAS_TRAIN_N_003417	0	HPCLAS_TRAIN_N_003417	1	A_clean_core	-0.9595772005724544	0.27696285435003193	0
layer24_mean	rbf_svm	HPCLAS_TRAIN_N_003425	0	HPCLAS_TRAIN_N_003425	1	A_clean_core	0.24141979584516307	0.5600635059141382	1
layer24_mean	rbf_svm	HPCLAS_TRAIN_N_003439	0	HPCLAS_TRAIN_N_003439	1	A_clean_core	-1.1221942422561317	0.24560450101151882	0
layer24_mean	rbf_svm	HPCLAS_TRAIN_N_003458	0	HPCLAS_TRAIN_N_003458	1	A_clean_core	-1.2014991468182812	0.23120863398117011	0
layer24_mean	rbf_svm	HPCLAS_TRAIN_N_003461	0	HPCLAS_TRAIN_N_003461	1	B_ambiguous	0.4190319380201182	0.6032515779450481	1
layer24_mean	rbf_svm	HPCLAS_TRAIN_N_003462	0	HPCLAS_TRAIN_N_003462	1	A_clean_core	-0.9997689096104795	0.2689868589241872	0
layer24_mean	rbf_svm	HPCLAS_TRAIN_N_003469	0	HPCLAS_TRAIN_N_003469	1	A_clean_core	-1.5487925771386046	0.17526072595610712	0
layer24_mean	rbf_svm	HPCLAS_TRAIN_N_003471	0	HPCLAS_TRAIN_N_003471	1	A_clean_core	-1.2267431994369908	0.2267519502741853	0
layer24_mean	rbf_svm	HPCLAS_TRAIN_N_003473	0	HPCLAS_TRAIN_N_003473	1	D_hard_sample	-0.7582453924355429	0.3190273316627867	0
layer24_mean	rbf_svm	HPCLAS_TRAIN_N_003474	0	HPCLAS_TRAIN_N_003474	1	A_clean_core	-0.5457519926386413	0.3668505395886362	0
layer24_mean	rbf_svm	HPCLAS_TRAIN_N_003478	0	HPCLAS_TRAIN_N_003478	1	A_clean_core	-0.055816164125066486	0.48604958059343106	0
layer24_mean	rbf_svm	HPCLAS_TRAIN_N_003483	0	HPCLAS_TRAIN_N_003483	1	A_clean_core	-1.8176419944136621	0.13971705556382066	0
layer24_mean	rbf_svm	HPCLAS_TRAIN_N_003502	0	HPCLAS_TRAIN_N_003502	1	A_clean_core	-0.9855836001406738	0.2717852813540499	0
layer24_mean	rbf_svm	HPCLAS_TRAIN_N_003504	0	HPCLAS_TRAIN_N_003504	1	A_clean_core	-0.9361279411381703	0.2816831435546737	0
layer24_mean	rbf_svm	HPCLAS_TRAIN_N_003506	0	HPCLAS_TRAIN_N_003506	1	A_clean_core	-1.2331444146128723	0.22563155352306855	0
layer24_mean	rbf_svm	HPCLAS_TRAIN_N_003508	0	HPCLAS_TRAIN_N_003508	1	A_clean_core	-1.3595743290821467	0.20430949367122977	0
layer24_mean	rbf_svm	HPCLAS_TRAIN_N_003510	0	HPCLAS_TRAIN_N_003510	1	A_clean_core	-0.0740816689774639	0.4814880482584506	0
layer24_mean	rbf_svm	HPCLAS_TRAIN_N_003511	0	HPCLAS_TRAIN_N_003511	1	A_clean_core	0.8260312392380914	0.6955151028674975	1
layer24_mean	rbf_svm	HPCLAS_TRAIN_N_003515	0	HPCLAS_TRAIN_N_003515	1	D_hard_sample	0.2474368365220108	0.5615455187809948	1
layer24_mean	rbf_svm	HPCLAS_TRAIN_N_003516	0	HPCLAS_TRAIN_N_003516	1	A_clean_core	0.6014173375167677	0.6459805037300906	1
layer24_mean	rbf_svm	HPCLAS_TRAIN_N_003526	0	HPCLAS_TRAIN_N_003526	1	A_clean_core	-0.19361297946183895	0.45174739408730474	0
layer24_mean	rbf_svm	HPCLAS_TRAIN_N_003528	0	HPCLAS_TRAIN_N_003528	1	A_clean_core	-0.8838232625380585	0.2923861319231431	0
layer24_mean	rbf_svm	HPCLAS_TRAIN_N_003533	0	HPCLAS_TRAIN_N_003533	1	A_clean_core	-1.0299981177824935	0.263084469073866	0
layer24_mean	rbf_svm	HPCLAS_TRAIN_N_003536	0	HPCLAS_TRAIN_N_003536	1	A_clean_core	0.4324729073762784	0.6064640210147456	1
layer24_mean	rbf_svm	HPCLAS_TRAIN_N_003542	0	HPCLAS_TRAIN_N_003542	1	A_clean_core	0.36245235818378385	0.5896339509239373	1
layer24_mean	rbf_svm	HPCLAS_TRAIN_N_003543	0	HPCLAS_TRAIN_N_003543	1	D_hard_sample	0.7043581138870877	0.6691533128685517	1
layer24_mean	rbf_svm	HPCLAS_TRAIN_N_003565	0	HPCLAS_TRAIN_N_003565	1	A_clean_core	-0.0016246956141508229	0.4995938261858082	0
layer24_mean	rbf_svm	HPCLAS_TRAIN_N_003566	0	HPCLAS_TRAIN_N_003566	1	A_clean_core	-1.1921964267589398	0.23286633676518478	0
layer24_mean	rbf_svm	HPCLAS_TRAIN_N_003585	0	HPCLAS_TRAIN_N_003585	1	A_clean_core	-0.9692846075573031	0.2750231180607343	0
layer24_mean	rbf_svm	HPCLAS_TRAIN_N_003586	0	HPCLAS_TRAIN_N_003586	1	A_clean_core	0.02622607118643741	0.5065561420209896	1
layer24_mean	rbf_svm	HPCLAS_TRAIN_N_003606	0	HPCLAS_TRAIN_N_003606	1	A_clean_core	-1.1318466204197528	0.24382047466934867	0
layer24_mean	rbf_svm	HPCLAS_TRAIN_N_003613	0	HPCLAS_TRAIN_N_003613	1	A_clean_core	-0.6698634636449233	0.33852741424527266	0
layer24_mean	rbf_svm	HPCLAS_TRAIN_N_003617	0	HPCLAS_TRAIN_N_003617	1	A_clean_core	0.6622737147454016	0.6597709618244311	1
layer24_mean	rbf_svm	HPCLAS_TRAIN_N_003628	0	HPCLAS_TRAIN_N_003628	1	A_clean_core	0.08391224513222137	0.5209657606036978	1
layer24_mean	rbf_svm	HPCLAS_TRAIN_N_003630	0	HPCLAS_TRAIN_N_003630	1	A_clean_core	-0.8932995916292384	0.29042937717035316	0
layer24_mean	rbf_svm	HPCLAS_TRAIN_N_003636	0	HPCLAS_TRAIN_N_003636	1	A_clean_core	-0.6134534796072117	0.35127181559756904	0
layer24_mean	rbf_svm	HPCLAS_TRAIN_N_003662	0	HPCLAS_TRAIN_N_003662	1	A_clean_core	0.3392651452852815	0.5840120069030298	1
layer24_mean	rbf_svm	HPCLAS_TRAIN_N_003663	0	HPCLAS_TRAIN_N_003663	1	A_clean_core	0.12393686206282445	0.5309446156526878	1
layer24_mean	rbf_svm	HPCLAS_TRAIN_N_003666	0	HPCLAS_TRAIN_N_003666	1	D_hard_sample	0.32551704703766837	0.5806682072175343	1
layer24_mean	rbf_svm	HPCLAS_TRAIN_N_003667	0	HPCLAS_TRAIN_N_003667	1	D_hard_sample	0.8132877982845239	0.6928096713184495	1
layer24_mean	rbf_svm	HPCLAS_TRAIN_N_003669	0	HPCLAS_TRAIN_N_003669	1	D_hard_sample	-0.14355390874985072	0.46417302772288704	0
layer24_mean	rbf_svm	HPCLAS_TRAIN_N_003671	0	HPCLAS_TRAIN_N_003671	1	D_hard_sample	0.09504032944479054	0.5237422137639753	1
layer24_mean	rbf_svm	HPCLAS_TRAIN_N_003674	0	HPCLAS_TRAIN_N_003674	1	B_ambiguous	-0.7054908188724961	0.3305959688599252	0
layer24_mean	rbf_svm	HPCLAS_TRAIN_N_003689	0	HPCLAS_TRAIN_N_003689	1	A_clean_core	-1.4414385761831143	0.19132267564562216	0
layer24_mean	rbf_svm	HPCLAS_TRAIN_N_003693	0	HPCLAS_TRAIN_N_003693	1	A_clean_core	-0.479173103088659	0.3824474038973304	0
layer24_mean	rbf_svm	HPCLAS_TRAIN_N_003694	0	HPCLAS_TRAIN_N_003694	1	A_clean_core	-1.401866514424281	0.19752009084194114	0
layer24_mean	rbf_svm	HPCLAS_TRAIN_N_003702	0	HPCLAS_TRAIN_N_003702	1	A_clean_core	-0.5129561032707725	0.3745008019962755	0
layer24_mean	rbf_svm	HPCLAS_TRAIN_N_003728	0	HPCLAS_TRAIN_N_003728	1	A_clean_core	0.23328290497210571	0.5580576687985812	1
layer24_mean	rbf_svm	HPCLAS_TRAIN_N_003733	0	HPCLAS_TRAIN_N_003733	1	A_clean_core	-0.9334378966792474	0.2822277606138117	0
layer24_mean	rbf_svm	HPCLAS_TRAIN_N_003735	0	HPCLAS_TRAIN_N_003735	1	A_clean_core	-1.0775381043166448	0.25397219022307527	0
layer24_mean	rbf_svm	HPCLAS_TRAIN_N_003739	0	HPCLAS_TRAIN_N_003739	1	A_clean_core	-1.54208823489056	0.17623191190243195	0
layer24_mean	rbf_svm	HPCLAS_TRAIN_N_003741	0	HPCLAS_TRAIN_N_003741	1	A_clean_core	-0.8493048015044063	0.2995787116069929	0
layer24_mean	rbf_svm	HPCLAS_TRAIN_N_003747	0	HPCLAS_TRAIN_N_003747	1	A_clean_core	-1.3941661256722822	0.19874349144173153	0
layer24_mean	rbf_svm	HPCLAS_TRAIN_N_003756	0	HPCLAS_TRAIN_N_003756	1	D_hard_sample	-0.2788731754529783	0.4307300537325102	0
layer24_mean	rbf_svm	HPCLAS_TRAIN_N_003759	0	HPCLAS_TRAIN_N_003759	1	A_clean_core	-0.04147338910875539	0.489633138633298	0
layer24_mean	rbf_svm	HPCLAS_TRAIN_N_003760	0	HPCLAS_TRAIN_N_003760	1	D_hard_sample	0.33438002425188684	0.5828247210020137	1
layer24_mean	rbf_svm	HPCLAS_TRAIN_N_003762	0	HPCLAS_TRAIN_N_003762	1	A_clean_core	-0.4190870614998087	0.3967352289253848	0
layer24_mean	rbf_svm	HPCLAS_TRAIN_N_003767	0	HPCLAS_TRAIN_N_003767	1	D_hard_sample	-0.8827550812139172	0.2926071838825235	0
layer24_mean	rbf_svm	HPCLAS_TRAIN_N_003768	0	HPCLAS_TRAIN_N_003768	1	D_hard_sample	0.6010323852727458	0.6458924641734246	1
layer24_mean	rbf_svm	HPCLAS_TRAIN_N_003775	0	HPCLAS_TRAIN_N_003775	1	A_clean_core	-0.36313219467295554	0.4102015619563843	0
layer24_mean	rbf_svm	HPCLAS_TRAIN_N_003777	0	HPCLAS_TRAIN_N_003777	1	D_hard_sample	-0.739422436568452	0.3231304538905403	0
layer24_mean	rbf_svm	HPCLAS_TRAIN_N_003786	0	HPCLAS_TRAIN_N_003786	1	A_clean_core	-2.092738740667689	0.10980458298912608	0
layer24_mean	rbf_svm	HPCLAS_TRAIN_N_003797	0	HPCLAS_TRAIN_N_003797	1	A_clean_core	-1.0511817130563135	0.2589982440487034	0
layer24_mean	rbf_svm	HPCLAS_TRAIN_N_003798	0	HPCLAS_TRAIN_N_003798	1	A_clean_core	-1.1122144200609902	0.2474582827453451	0
layer24_mean	rbf_svm	HPCLAS_TRAIN_N_003808	0	HPCLAS_TRAIN_N_003808	1	A_clean_core	-1.0590850862578844	0.25748433472042886	0
layer24_mean	rbf_svm	HPCLAS_TRAIN_N_003809	0	HPCLAS_TRAIN_N_003809	1	D_hard_sample	-0.157608389273677	0.46067926425132605	0
layer24_mean	rbf_svm	HPCLAS_TRAIN_N_003810	0	HPCLAS_TRAIN_N_003810	1	B_ambiguous	2.00729894116278	0.8815612925177377	1
layer24_mean	rbf_svm	HPCLAS_TRAIN_N_003816	0	HPCLAS_TRAIN_N_003816	1	D_hard_sample	-0.9306746905552062	0.28278785446990573	0
layer24_mean	rbf_svm	HPCLAS_TRAIN_N_003819	0	HPCLAS_TRAIN_N_003819	1	D_hard_sample	-0.0914263841113456	0.4771593117871792	0
layer24_mean	rbf_svm	HPCLAS_TRAIN_N_003823	0	HPCLAS_TRAIN_N_003823	1	A_clean_core	-0.884134138061812	0.2923218170225411	0
layer24_mean	rbf_svm	HPCLAS_TRAIN_N_003844	0	HPCLAS_TRAIN_N_003844	1	B_ambiguous	0.5750098959494399	0.6399183769937429	1
layer24_mean	rbf_svm	HPCLAS_TRAIN_N_003845	0	HPCLAS_TRAIN_N_003845	1	B_ambiguous	0.6430268814645413	0.655437370417941	1
layer24_mean	rbf_svm	HPCLAS_TRAIN_N_003858	0	HPCLAS_TRAIN_N_003858	1	A_clean_core	-1.0241664080328667	0.2642166296667748	0
layer24_mean	rbf_svm	HPCLAS_TRAIN_N_003861	0	HPCLAS_TRAIN_N_003861	1	A_clean_core	0.9995308769519077	0.7309663334433748	1
layer24_mean	rbf_svm	HPCLAS_TRAIN_N_003863	0	HPCLAS_TRAIN_N_003863	1	A_clean_core	-1.0896944685975312	0.251675816314213	0
layer24_mean	rbf_svm	HPCLAS_TRAIN_N_003865	0	HPCLAS_TRAIN_N_003865	1	A_clean_core	-0.9384377519691652	0.2812160173934549	0
layer24_mean	rbf_svm	HPCLAS_TRAIN_N_003877	0	HPCLAS_TRAIN_N_003877	1	A_clean_core	-0.7450365460964244	0.32190377305115425	0
layer24_mean	rbf_svm	HPCLAS_TRAIN_N_003881	0	HPCLAS_TRAIN_N_003881	1	D_hard_sample	-0.3012871691385234	0.4252428541851029	0
layer24_mean	rbf_svm	HPCLAS_TRAIN_N_003885	0	HPCLAS_TRAIN_P_001597	1	B_ambiguous	-0.1913346828256218	0.4523117254514162	0
layer24_mean	rbf_svm	HPCLAS_TRAIN_N_003887	0	HPCLAS_TRAIN_N_003887	1	D_hard_sample	0.3035128319336833	0.5753010323872811	1
layer24_mean	rbf_svm	HPCLAS_TRAIN_N_003895	0	HPCLAS_TRAIN_N_003895	1	A_clean_core	-1.2819606668592602	0.21721665953130528	0
layer24_mean	rbf_svm	HPCLAS_TRAIN_N_003903	0	HPCLAS_TRAIN_P_007088	1	B_ambiguous	-0.8888937389508289	0.2913381736245882	0
layer24_mean	rbf_svm	HPCLAS_TRAIN_N_003911	0	HPCLAS_TRAIN_N_003911	1	D_hard_sample	0.02660506733428117	0.5066508745310391	1
layer24_mean	rbf_svm	HPCLAS_TRAIN_N_003915	0	HPCLAS_TRAIN_N_003915	1	A_clean_core	-0.966264658139007	0.2756256608122497	0
layer24_mean	rbf_svm	HPCLAS_TRAIN_N_003925	0	HPCLAS_TRAIN_N_003925	1	A_clean_core	0.1036439361736102	0.5258878141416855	1
layer24_mean	rbf_svm	HPCLAS_TRAIN_N_003927	0	HPCLAS_TRAIN_N_003927	1	A_clean_core	-1.091810356156494	0.25127752983832047	0
layer24_mean	rbf_svm	HPCLAS_TRAIN_N_003931	0	HPCLAS_TRAIN_N_003931	1	A_clean_core	-0.8167968855154472	0.30644401490078754	0
layer24_mean	rbf_svm	HPCLAS_TRAIN_N_003941	0	HPCLAS_TRAIN_N_003941	1	A_clean_core	-1.3092454421449866	0.21261313634802173	0
layer24_mean	rbf_svm	HPCLAS_TRAIN_N_003946	0	HPCLAS_TRAIN_N_003946	1	A_clean_core	-1.0826843974897105	0.25299835557688977	0
layer24_mean	rbf_svm	HPCLAS_TRAIN_N_003949	0	HPCLAS_TRAIN_N_003949	1	A_clean_core	-1.2687907868339143	0.21946431971100516	0
layer24_mean	rbf_svm	HPCLAS_TRAIN_N_003957	0	HPCLAS_TRAIN_N_003957	1	A_clean_core	-1.6214588421893203	0.1650037762767138	0
layer24_mean	rbf_svm	HPCLAS_TRAIN_N_003965	0	HPCLAS_TRAIN_N_003965	1	A_clean_core	-1.412534388775971	0.19583462444518912	0
layer24_mean	rbf_svm	HPCLAS_TRAIN_N_003970	0	HPCLAS_TRAIN_N_003970	1	A_clean_core	-1.5903043627939837	0.1693410795306876	0
layer24_mean	rbf_svm	HPCLAS_TRAIN_N_003971	0	HPCLAS_TRAIN_N_003971	1	A_clean_core	-1.229188298002272	0.22632352413940773	0
layer24_mean	rbf_svm	HPCLAS_TRAIN_N_003972	0	HPCLAS_TRAIN_N_003972	1	D_hard_sample	0.3925964299054917	0.5969075803720675	1
layer24_mean	rbf_svm	HPCLAS_TRAIN_N_003973	0	HPCLAS_TRAIN_N_003973	1	A_clean_core	-0.3859496804127013	0.40469271173983307	0
layer24_mean	rbf_svm	HPCLAS_TRAIN_N_003984	0	HPCLAS_TRAIN_N_003984	1	A_clean_core	0.013848720747734161	0.5034621248545463	1
layer24_mean	rbf_svm	HPCLAS_TRAIN_N_003989	0	HPCLAS_TRAIN_N_003989	1	A_clean_core	-1.1878027084231666	0.23365214993008346	0
layer24_mean	rbf_svm	HPCLAS_TRAIN_N_004004	0	HPCLAS_TRAIN_N_004004	1	D_hard_sample	-0.5898380386449283	0.35667201662394066	0
layer24_mean	rbf_svm	HPCLAS_TRAIN_N_004006	0	HPCLAS_TRAIN_N_004006	1	A_clean_core	-0.2431056634888866	0.43952115130837205	0
layer24_mean	rbf_svm	HPCLAS_TRAIN_N_004011	0	HPCLAS_TRAIN_N_004011	1	D_hard_sample	0.9519545549241671	0.721508084874842	1
layer24_mean	rbf_svm	HPCLAS_TRAIN_N_004023	0	HPCLAS_TRAIN_N_004023	1	A_clean_core	-1.042760408059217	0.2606177225955374	0
layer24_mean	rbf_svm	HPCLAS_TRAIN_N_004027	0	HPCLAS_TRAIN_N_004027	1	A_clean_core	-1.7282400614450295	0.15081283363743364	0
layer24_mean	rbf_svm	HPCLAS_TRAIN_N_004029	0	HPCLAS_TRAIN_N_004029	1	A_clean_core	-0.2873476922881911	0.42865331954622854	0
layer24_mean	rbf_svm	HPCLAS_TRAIN_N_004032	0	HPCLAS_TRAIN_N_004032	1	A_clean_core	-1.2384620197572915	0.22470380690599615	0
layer24_mean	rbf_svm	HPCLAS_TRAIN_N_004034	0	HPCLAS_TRAIN_N_004034	1	A_clean_core	0.14404099261424677	0.5359481159195887	1
layer24_mean	rbf_svm	HPCLAS_TRAIN_N_004037	0	HPCLAS_TRAIN_N_004037	1	D_hard_sample	0.6717880724467102	0.6619034228429325	1
layer24_mean	rbf_svm	HPCLAS_TRAIN_N_004038	0	HPCLAS_TRAIN_N_004038	1	A_clean_core	-1.148182201775993	0.24082126793328354	0
layer24_mean	rbf_svm	HPCLAS_TRAIN_N_004039	0	HPCLAS_TRAIN_N_004039	1	A_clean_core	-1.805038726060551	0.1412388102801023	0
layer24_mean	rbf_svm	HPCLAS_TRAIN_N_004046	0	HPCLAS_TRAIN_N_004046	1	A_clean_core	-1.0438476502430778	0.2604082697736709	0
layer24_mean	rbf_svm	HPCLAS_TRAIN_N_004048	0	HPCLAS_TRAIN_N_004048	1	A_clean_core	-1.1299979109805134	0.24416148642655533	0
layer24_mean	rbf_svm	HPCLAS_TRAIN_N_004059	0	HPCLAS_TRAIN_N_004059	1	D_hard_sample	-0.16970426849736195	0.457675461418494	0
layer24_mean	rbf_svm	HPCLAS_TRAIN_N_004060	0	HPCLAS_TRAIN_N_004060	1	D_hard_sample	-0.4907424172484369	0.3797186887275449	0
layer24_mean	rbf_svm	HPCLAS_TRAIN_N_004063	0	HPCLAS_TRAIN_N_004063	1	A_clean_core	-1.425942560711968	0.19373166761278904	0
layer24_mean	rbf_svm	HPCLAS_TRAIN_N_004064	0	HPCLAS_TRAIN_N_004064	1	B_ambiguous	-1.0704994513448574	0.25530811394111946	0
layer24_mean	rbf_svm	HPCLAS_TRAIN_N_004068	0	HPCLAS_TRAIN_N_004068	1	D_hard_sample	-1.2134939506335525	0.2290834205709469	0
layer24_mean	rbf_svm	HPCLAS_TRAIN_N_004070	0	HPCLAS_TRAIN_N_004070	1	A_clean_core	-0.8518971993043717	0.29903502817496586	0
layer24_mean	rbf_svm	HPCLAS_TRAIN_N_004071	0	HPCLAS_TRAIN_N_004071	1	A_clean_core	-0.26701343672879096	0.4336404383637223	0
layer24_mean	rbf_svm	HPCLAS_TRAIN_N_004078	0	HPCLAS_TRAIN_N_004078	1	A_clean_core	-2.0822455141345584	0.11083447739201344	0
layer24_mean	rbf_svm	HPCLAS_TRAIN_N_004080	0	HPCLAS_TRAIN_N_004080	1	D_hard_sample	-0.7921173254183514	0.3117142194967837	0
layer24_mean	rbf_svm	HPCLAS_TRAIN_N_004083	0	HPCLAS_TRAIN_N_004083	1	A_clean_core	-1.1441339052437667	0.24156217972980085	0
layer24_mean	rbf_svm	HPCLAS_TRAIN_N_004090	0	HPCLAS_TRAIN_N_004090	1	A_clean_core	-1.6570294706140625	0.16016115830189467	0
layer24_mean	rbf_svm	HPCLAS_TRAIN_N_004091	0	HPCLAS_TRAIN_N_004091	1	A_clean_core	-1.5579024691287087	0.17394783510573955	0
layer24_mean	rbf_svm	HPCLAS_TRAIN_N_004104	0	HPCLAS_TRAIN_N_004104	1	D_hard_sample	0.0704578405327208	0.5176071767827634	1
layer24_mean	rbf_svm	HPCLAS_TRAIN_N_004114	0	HPCLAS_TRAIN_N_004114	1	A_clean_core	-2.2494051893363354	0.09540078439488935	0
layer24_mean	rbf_svm	HPCLAS_TRAIN_N_004125	0	HPCLAS_TRAIN_N_004125	1	A_clean_core	-0.6396992786036885	0.3453145210394274	0
layer24_mean	rbf_svm	HPCLAS_TRAIN_N_004135	0	HPCLAS_TRAIN_N_004135	1	A_clean_core	-0.8858082385542977	0.2919756166805924	0
layer24_mean	rbf_svm	HPCLAS_TRAIN_N_004136	0	HPCLAS_TRAIN_N_004136	1	A_clean_core	-0.242454647938136	0.439681530291133	0
layer24_mean	rbf_svm	HPCLAS_TRAIN_N_004137	0	HPCLAS_TRAIN_N_004137	1	D_hard_sample	0.1659269564334768	0.5413868283164759	1
layer24_mean	rbf_svm	HPCLAS_TRAIN_N_004142	0	HPCLAS_TRAIN_N_004142	1	A_clean_core	-0.7838776759931122	0.31348476044771567	0
layer24_mean	rbf_svm	HPCLAS_TRAIN_N_004150	0	HPCLAS_TRAIN_N_004150	1	A_clean_core	0.8455897012095897	0.699641164070175	1
layer24_mean	rbf_svm	HPCLAS_TRAIN_N_004151	0	HPCLAS_TRAIN_N_004151	1	A_clean_core	-1.2611409698392708	0.22077754314728112	0
layer24_mean	rbf_svm	HPCLAS_TRAIN_N_004154	0	HPCLAS_TRAIN_N_004154	1	A_clean_core	-0.9063929140566321	0.2877385253417512	0
layer24_mean	rbf_svm	HPCLAS_TRAIN_N_004160	0	HPCLAS_TRAIN_N_004160	1	A_clean_core	0.5199752493905353	0.6271419787746927	1
layer24_mean	rbf_svm	HPCLAS_TRAIN_N_004176	0	HPCLAS_TRAIN_N_004176	1	A_clean_core	-0.45199888395460686	0.38888561872015626	0
layer24_mean	rbf_svm	HPCLAS_TRAIN_N_004182	0	HPCLAS_TRAIN_N_004182	1	D_hard_sample	0.08617551457877623	0.5215305560742673	1
layer24_mean	rbf_svm	HPCLAS_TRAIN_N_004194	0	HPCLAS_TRAIN_N_004194	1	D_hard_sample	-0.2519398235549938	0.4373461001522984	0
layer24_mean	rbf_svm	HPCLAS_TRAIN_N_004196	0	HPCLAS_TRAIN_N_004196	1	D_hard_sample	-0.8953788523710315	0.29000106958656324	0
layer24_mean	rbf_svm	HPCLAS_TRAIN_N_004198	0	HPCLAS_TRAIN_N_004198	1	A_clean_core	-2.051976030503502	0.11385286661646238	0
layer24_mean	rbf_svm	HPCLAS_TRAIN_N_004202	0	HPCLAS_TRAIN_N_004202	1	A_clean_core	-1.1097502029858126	0.24791746137835607	0
layer24_mean	rbf_svm	HPCLAS_TRAIN_N_004204	0	HPCLAS_TRAIN_N_004204	1	A_clean_core	-0.3350920059749354	0.417002177930173	0
layer24_mean	rbf_svm	HPCLAS_TRAIN_N_004205	0	HPCLAS_TRAIN_N_004205	1	A_clean_core	-1.2055753007679004	0.23048488668385894	0
layer24_mean	rbf_svm	HPCLAS_TRAIN_N_004206	0	HPCLAS_TRAIN_N_004206	1	B_ambiguous	-0.060785718357010216	0.48480824779431775	0
layer24_mean	rbf_svm	HPCLAS_TRAIN_N_004215	0	HPCLAS_TRAIN_N_004215	1	A_clean_core	-1.2825341683105196	0.21711916083974686	0
layer24_mean	rbf_svm	HPCLAS_TRAIN_N_004219	0	HPCLAS_TRAIN_N_004219	1	A_clean_core	-1.5030642333943707	0.1819689489277252	0
layer24_mean	rbf_svm	HPCLAS_TRAIN_N_004240	0	HPCLAS_TRAIN_N_004240	1	A_clean_core	-1.7432602988401076	0.14889928930036908	0
layer24_mean	rbf_svm	HPCLAS_TRAIN_N_004250	0	HPCLAS_TRAIN_N_004250	1	D_hard_sample	-1.040609476486296	0.2610324121369977	0
layer24_mean	rbf_svm	HPCLAS_TRAIN_N_004251	0	HPCLAS_TRAIN_N_004251	1	A_clean_core	-0.6663019406475906	0.3393253920595448	0
layer24_mean	rbf_svm	HPCLAS_TRAIN_N_004252	0	HPCLAS_TRAIN_N_004252	1	A_clean_core	-1.323776894420222	0.21019060298500272	0
layer24_mean	rbf_svm	HPCLAS_TRAIN_N_004255	0	HPCLAS_TRAIN_N_004255	1	A_clean_core	-1.8096454510115776	0.14068098164556872	0
layer24_mean	rbf_svm	HPCLAS_TRAIN_N_004266	0	HPCLAS_TRAIN_N_004266	1	D_hard_sample	-0.9484520558594375	0.27919623257372245	0
layer24_mean	rbf_svm	HPCLAS_TRAIN_N_004268	0	HPCLAS_TRAIN_N_004268	1	D_hard_sample	0.5139903917861413	0.6257414485717845	1
layer24_mean	rbf_svm	HPCLAS_TRAIN_N_004273	0	HPCLAS_TRAIN_N_004273	1	A_clean_core	-0.5443944427358032	0.3671659163205263	0
layer24_mean	rbf_svm	HPCLAS_TRAIN_N_004274	0	HPCLAS_TRAIN_N_004274	1	D_hard_sample	0.06997561844784059	0.5174867697365103	1
layer24_mean	rbf_svm	HPCLAS_TRAIN_N_004279	0	HPCLAS_TRAIN_N_004279	1	A_clean_core	-1.5912511527272253	0.16920794132009503	0
layer24_mean	rbf_svm	HPCLAS_TRAIN_N_004284	0	HPCLAS_TRAIN_N_004284	1	D_hard_sample	0.8379878230234973	0.698041259111545	1
layer24_mean	rbf_svm	HPCLAS_TRAIN_N_004292	0	HPCLAS_TRAIN_N_004292	1	D_hard_sample	0.7033042125653719	0.6689199510714288	1
layer24_mean	rbf_svm	HPCLAS_TRAIN_N_004306	0	HPCLAS_TRAIN_N_004306	1	A_clean_core	-0.9509695870905817	0.27868987199153233	0
layer24_mean	rbf_svm	HPCLAS_TRAIN_N_004308	0	HPCLAS_TRAIN_N_004308	1	A_clean_core	-1.1832308345670763	0.23447178092476662	0
layer24_mean	rbf_svm	HPCLAS_TRAIN_N_004313	0	HPCLAS_TRAIN_P_007394	1	B_ambiguous	0.857215724827438	0.702078611416842	1
layer24_mean	rbf_svm	HPCLAS_TRAIN_N_004315	0	HPCLAS_TRAIN_N_004315	1	A_clean_core	0.2660674261388536	0.5661272102639525	1
layer24_mean	rbf_svm	HPCLAS_TRAIN_N_004317	0	HPCLAS_TRAIN_N_004317	1	A_clean_core	0.13950277518824633	0.5348192439247549	1
layer24_mean	rbf_svm	HPCLAS_TRAIN_N_004318	0	HPCLAS_TRAIN_N_004318	1	D_hard_sample	0.44229814384872734	0.6088064959745568	1
layer24_mean	rbf_svm	HPCLAS_TRAIN_N_004325	0	HPCLAS_TRAIN_N_004325	1	A_clean_core	-1.4192678615917709	0.1947763854549206	0
layer24_mean	rbf_svm	HPCLAS_TRAIN_N_004331	0	HPCLAS_TRAIN_N_004331	1	A_clean_core	0.3180526017808042	0.5788495831048562	1
layer24_mean	rbf_svm	HPCLAS_TRAIN_N_004332	0	HPCLAS_TRAIN_N_004332	1	A_clean_core	-0.9588054061918443	0.2771174361969424	0
layer24_mean	rbf_svm	HPCLAS_TRAIN_N_004341	0	HPCLAS_TRAIN_N_004341	1	A_clean_core	-1.0442149433518986	0.2603375368878288	0
layer24_mean	rbf_svm	HPCLAS_TRAIN_N_004358	0	HPCLAS_TRAIN_N_004358	1	A_clean_core	-0.8658187937441439	0.29612506823154877	0
layer24_mean	rbf_svm	HPCLAS_TRAIN_N_004359	0	HPCLAS_TRAIN_N_004359	1	D_hard_sample	0.8423452305292859	0.6989589186397279	1
layer24_mean	rbf_svm	HPCLAS_TRAIN_N_004369	0	HPCLAS_TRAIN_N_004369	1	A_clean_core	-1.2053704342939247	0.23052122413645765	0
layer24_mean	rbf_svm	HPCLAS_TRAIN_N_004382	0	HPCLAS_TRAIN_N_004382	1	A_clean_core	-0.48086347557419695	0.38204824878912397	0
layer24_mean	rbf_svm	HPCLAS_TRAIN_N_004388	0	HPCLAS_TRAIN_N_004388	1	A_clean_core	-0.6134956803348509	0.35126219895918803	0
layer24_mean	rbf_svm	HPCLAS_TRAIN_N_004409	0	HPCLAS_TRAIN_N_004409	1	A_clean_core	-0.9375663360463639	0.28139219338110355	0
layer24_mean	rbf_svm	HPCLAS_TRAIN_N_004412	0	HPCLAS_TRAIN_N_004412	1	A_clean_core	-1.1962523140358978	0.23214257981696362	0
layer24_mean	rbf_svm	HPCLAS_TRAIN_N_004427	0	HPCLAS_TRAIN_N_004427	1	D_hard_sample	1.411239952404173	0.8039614430180252	1
layer24_mean	rbf_svm	HPCLAS_TRAIN_N_004430	0	HPCLAS_TRAIN_N_004430	1	D_hard_sample	-0.8359039771834357	0.3023981543868968	0
layer24_mean	rbf_svm	HPCLAS_TRAIN_N_004446	0	HPCLAS_TRAIN_N_004446	1	A_clean_core	0.6919795967732284	0.6664071531318011	1
layer24_mean	rbf_svm	HPCLAS_TRAIN_N_004449	0	HPCLAS_TRAIN_N_004449	1	A_clean_core	-0.7953063436762327	0.3110304316828437	0
layer24_mean	rbf_svm	HPCLAS_TRAIN_N_004464	0	HPCLAS_TRAIN_N_004464	1	A_clean_core	-1.675169396458135	0.15773618046674293	0
layer24_mean	rbf_svm	HPCLAS_TRAIN_N_004466	0	HPCLAS_TRAIN_N_004466	1	A_clean_core	-1.244589094755049	0.22363819764051396	0
layer24_mean	rbf_svm	HPCLAS_TRAIN_N_004472	0	HPCLAS_TRAIN_P_002024	1	B_ambiguous	0.957725394168463	0.7226661600919525	1
layer24_mean	rbf_svm	HPCLAS_TRAIN_N_004476	0	HPCLAS_TRAIN_N_004476	1	D_hard_sample	-0.09881560642987594	0.4753161806035998	0
layer24_mean	rbf_svm	HPCLAS_TRAIN_N_004483	0	HPCLAS_TRAIN_N_004483	1	D_hard_sample	0.6306902908607476	0.652645967069397	1
layer24_mean	rbf_svm	HPCLAS_TRAIN_N_004485	0	HPCLAS_TRAIN_N_004485	1	A_clean_core	-0.7191370181135011	0.3275830457264994	0
layer24_mean	rbf_svm	HPCLAS_TRAIN_N_004509	0	HPCLAS_TRAIN_N_004509	1	A_clean_core	-2.112723644815445	0.10786628721788183	0
layer24_mean	rbf_svm	HPCLAS_TRAIN_N_004521	0	HPCLAS_TRAIN_N_004521	1	A_clean_core	-0.873169380469666	0.2945952480749646	0
layer24_mean	rbf_svm	HPCLAS_TRAIN_N_004526	0	HPCLAS_TRAIN_N_004526	1	A_clean_core	-1.0783468266074618	0.25381899184436907	0
layer24_mean	rbf_svm	HPCLAS_TRAIN_N_004530	0	HPCLAS_TRAIN_N_004530	1	D_hard_sample	-0.9852034721997854	0.27186052205817807	0
layer24_mean	rbf_svm	HPCLAS_TRAIN_N_004531	0	HPCLAS_TRAIN_N_004531	1	A_clean_core	-0.3057531317151785	0.4241516882702698	0
layer24_mean	rbf_svm	HPCLAS_TRAIN_N_004533	0	HPCLAS_TRAIN_P_007210	1	B_ambiguous	0.8929938561192386	0.7095076127718845	1
layer24_mean	rbf_svm	HPCLAS_TRAIN_N_004539	0	HPCLAS_TRAIN_N_004539	1	A_clean_core	-1.081528431862931	0.25321688410872906	0
layer24_mean	rbf_svm	HPCLAS_TRAIN_N_004550	0	HPCLAS_TRAIN_N_004550	1	A_clean_core	-1.0825200543136788	0.25302941608533774	0
layer24_mean	rbf_svm	HPCLAS_TRAIN_N_004552	0	HPCLAS_TRAIN_N_004552	1	A_clean_core	-0.12151837856752337	0.46965773414142326	0
layer24_mean	rbf_svm	HPCLAS_TRAIN_N_004555	0	HPCLAS_TRAIN_N_004555	1	A_clean_core	1.386884913925829	0.8000944717090446	1
layer24_mean	rbf_svm	HPCLAS_TRAIN_N_004558	0	HPCLAS_TRAIN_N_004558	1	A_clean_core	-2.4098801639598926	0.08242238074611709	0
layer24_mean	rbf_svm	HPCLAS_TRAIN_N_004560	0	HPCLAS_TRAIN_N_004560	1	A_clean_core	0.1488236577750853	0.5371373949921678	1
layer24_mean	rbf_svm	HPCLAS_TRAIN_N_004562	0	HPCLAS_TRAIN_N_004562	1	D_hard_sample	0.7813923911884392	0.6859801285045161	1
layer24_mean	rbf_svm	HPCLAS_TRAIN_N_004564	0	HPCLAS_TRAIN_N_004564	1	D_hard_sample	-0.29008261542933544	0.42798364156384205	0
layer24_mean	rbf_svm	HPCLAS_TRAIN_N_004568	0	HPCLAS_TRAIN_N_004568	1	A_clean_core	0.17177312482662513	0.542838001440073	1
layer24_mean	rbf_svm	HPCLAS_TRAIN_N_004570	0	HPCLAS_TRAIN_N_004570	1	D_hard_sample	0.3401096712869147	0.5842171631562088	1
layer24_mean	rbf_svm	HPCLAS_TRAIN_N_004573	0	HPCLAS_TRAIN_N_004573	1	A_clean_core	-0.7835982833824461	0.31354489224165427	0
layer24_mean	rbf_svm	HPCLAS_TRAIN_N_004574	0	HPCLAS_TRAIN_N_004574	1	A_clean_core	-0.9319575882761174	0.282527731107981	0
layer24_mean	rbf_svm	HPCLAS_TRAIN_N_004575	0	HPCLAS_TRAIN_N_004575	1	D_hard_sample	-0.6923784379938182	0.333504186896682	0
layer24_mean	rbf_svm	HPCLAS_TRAIN_N_004578	0	HPCLAS_TRAIN_N_004578	1	A_clean_core	-0.6582478906290553	0.34113330837179245	0
layer24_mean	rbf_svm	HPCLAS_TRAIN_N_004608	0	HPCLAS_TRAIN_N_004608	1	A_clean_core	0.28967209282861006	0.5719158539323437	1
layer24_mean	rbf_svm	HPCLAS_TRAIN_N_004612	0	HPCLAS_TRAIN_N_004612	1	D_hard_sample	0.06682587221073391	0.5167002536588663	1
layer24_mean	rbf_svm	HPCLAS_TRAIN_N_004619	0	HPCLAS_TRAIN_N_004619	1	D_hard_sample	-0.33612147231813083	0.41675192437046044	0
layer24_mean	rbf_svm	HPCLAS_TRAIN_N_004625	0	HPCLAS_TRAIN_N_004625	1	D_hard_sample	-0.2579326648907998	0.4358719726935926	0
layer24_mean	rbf_svm	HPCLAS_TRAIN_N_004628	0	HPCLAS_TRAIN_N_004628	1	A_clean_core	-0.8842593861383176	0.2922959076554415	0
layer24_mean	rbf_svm	HPCLAS_TRAIN_N_004638	0	HPCLAS_TRAIN_N_004638	1	D_hard_sample	-0.3104353925077682	0.42300846805475245	0
layer24_mean	rbf_svm	HPCLAS_TRAIN_N_004642	0	HPCLAS_TRAIN_N_004642	1	A_clean_core	0.32184289280086975	0.5797733134728332	1
layer24_mean	rbf_svm	HPCLAS_TRAIN_N_004649	0	HPCLAS_TRAIN_N_004649	1	D_hard_sample	0.799426802536109	0.68985185528234	1
layer24_mean	rbf_svm	HPCLAS_TRAIN_N_004656	0	HPCLAS_TRAIN_N_004656	1	A_clean_core	-0.764994628141728	0.31756286197714173	0
layer24_mean	rbf_svm	HPCLAS_TRAIN_N_004670	0	HPCLAS_TRAIN_N_004670	1	A_clean_core	-1.503297314876964	0.18193425586400783	0
layer24_mean	rbf_svm	HPCLAS_TRAIN_N_004672	0	HPCLAS_TRAIN_N_004672	1	A_clean_core	-1.9397963875725697	0.12567022717794044	0
layer24_mean	rbf_svm	HPCLAS_TRAIN_N_004676	0	HPCLAS_TRAIN_N_004676	1	A_clean_core	0.07504060315836605	0.5187513523992359	1
layer24_mean	rbf_svm	HPCLAS_TRAIN_N_004686	0	HPCLAS_TRAIN_N_004686	1	A_clean_core	-0.87789380000499	0.2936144253380173	0
layer24_mean	rbf_svm	HPCLAS_TRAIN_N_004696	0	HPCLAS_TRAIN_N_004696	1	A_clean_core	-0.4930657405590234	0.3791716239225571	0
layer24_mean	rbf_svm	HPCLAS_TRAIN_N_004698	0	HPCLAS_TRAIN_N_004698	1	D_hard_sample	-1.3166421242304702	0.211377498984993	0
layer24_mean	rbf_svm	HPCLAS_TRAIN_N_004721	0	HPCLAS_TRAIN_N_004721	1	D_hard_sample	0.12485236510471223	0.5311726082806794	1
layer24_mean	rbf_svm	HPCLAS_TRAIN_N_004728	0	HPCLAS_TRAIN_N_004728	1	A_clean_core	-0.6515464452422574	0.342641134089943	0
layer24_mean	rbf_svm	HPCLAS_TRAIN_N_004731	0	HPCLAS_TRAIN_N_004731	1	A_clean_core	-1.16320468411791	0.23808546511527193	0
layer24_mean	rbf_svm	HPCLAS_TRAIN_N_004739	0	HPCLAS_TRAIN_N_004739	1	D_hard_sample	-0.3032478317433983	0.4247637163358274	0
layer24_mean	rbf_svm	HPCLAS_TRAIN_N_004742	0	HPCLAS_TRAIN_N_004742	1	A_clean_core	-0.6401101161943813	0.34522164790167237	0
layer24_mean	rbf_svm	HPCLAS_TRAIN_N_004749	0	HPCLAS_TRAIN_N_004749	1	A_clean_core	-1.2471487558019765	0.22319409305495824	0
layer24_mean	rbf_svm	HPCLAS_TRAIN_N_004753	0	HPCLAS_TRAIN_N_004753	1	D_hard_sample	-0.19608147120021932	0.45113609169987484	0
layer24_mean	rbf_svm	HPCLAS_TRAIN_N_004761	0	HPCLAS_TRAIN_N_004761	1	A_clean_core	-0.892511784546278	0.2905917553758106	0
layer24_mean	rbf_svm	HPCLAS_TRAIN_N_004764	0	HPCLAS_TRAIN_N_004764	1	A_clean_core	0.08567947840606391	0.521406775656592	1
layer24_mean	rbf_svm	HPCLAS_TRAIN_N_004765	0	HPCLAS_TRAIN_N_004765	1	A_clean_core	-1.2580494507906397	0.2213098511448397	0
layer24_mean	rbf_svm	HPCLAS_TRAIN_N_004768	0	HPCLAS_TRAIN_N_004768	1	A_clean_core	-0.9510025652802171	0.2786832427039766	0
layer24_mean	rbf_svm	HPCLAS_TRAIN_N_004773	0	HPCLAS_TRAIN_N_004773	1	A_clean_core	-1.109761515279247	0.24791535215755697	0
layer24_mean	rbf_svm	HPCLAS_TRAIN_N_004780	0	HPCLAS_TRAIN_N_004780	1	A_clean_core	-0.29299605589631206	0.42727054170992085	0
layer24_mean	rbf_svm	HPCLAS_TRAIN_N_004782	0	HPCLAS_TRAIN_N_004782	1	D_hard_sample	-1.6759724529641002	0.15762951933322286	0
layer24_mean	rbf_svm	HPCLAS_TRAIN_N_004784	0	HPCLAS_TRAIN_N_004784	1	D_hard_sample	-0.22328914016230214	0.44440849687153505	0
layer24_mean	rbf_svm	HPCLAS_TRAIN_N_004806	0	HPCLAS_TRAIN_N_004806	1	A_clean_core	-1.2372446137812876	0.22491596472117625	0
layer24_mean	rbf_svm	HPCLAS_TRAIN_N_004808	0	HPCLAS_TRAIN_N_004808	1	A_clean_core	-0.5190574663163813	0.37307265598488726	0
layer24_mean	rbf_svm	HPCLAS_TRAIN_N_004815	0	HPCLAS_TRAIN_N_004815	1	D_hard_sample	0.8948064332041099	0.7098810548835287	1
layer24_mean	rbf_svm	HPCLAS_TRAIN_N_004831	0	HPCLAS_TRAIN_N_004831	1	A_clean_core	-0.5100339699855753	0.37518556220772153	0
layer24_mean	rbf_svm	HPCLAS_TRAIN_N_004832	0	HPCLAS_TRAIN_N_004832	1	D_hard_sample	-0.9480753333126551	0.27927205267091015	0
layer24_mean	rbf_svm	HPCLAS_TRAIN_N_004835	0	HPCLAS_TRAIN_N_004835	1	A_clean_core	-1.2671775940240806	0.2197407842634593	0
layer24_mean	rbf_svm	HPCLAS_TRAIN_N_004841	0	HPCLAS_TRAIN_N_004841	1	A_clean_core	-0.8200709924029965	0.30574859038306995	0
layer24_mean	rbf_svm	HPCLAS_TRAIN_N_004852	0	HPCLAS_TRAIN_N_004852	1	A_clean_core	-1.0495226165839697	0.25931678207318803	0
layer24_mean	rbf_svm	HPCLAS_TRAIN_N_004853	0	HPCLAS_TRAIN_N_004853	1	D_hard_sample	0.4545815676503715	0.6117279889129275	1
layer24_mean	rbf_svm	HPCLAS_TRAIN_N_004855	0	HPCLAS_TRAIN_N_004855	1	A_clean_core	-0.8404493384857349	0.30144015655917805	0
layer24_mean	rbf_svm	HPCLAS_TRAIN_N_004860	0	HPCLAS_TRAIN_N_004860	1	A_clean_core	1.0571096122705403	0.7421378011038039	1
layer24_mean	rbf_svm	HPCLAS_TRAIN_N_004862	0	HPCLAS_TRAIN_N_004862	1	A_clean_core	-1.095768647907613	0.25053356159742524	0
layer24_mean	rbf_svm	HPCLAS_TRAIN_N_004866	0	HPCLAS_TRAIN_N_004866	1	A_clean_core	-1.0213891388771588	0.26475690145703346	0
layer24_mean	rbf_svm	HPCLAS_TRAIN_N_004871	0	HPCLAS_TRAIN_N_004871	1	A_clean_core	-0.8121649174826497	0.307429356873926	0
layer24_mean	rbf_svm	HPCLAS_TRAIN_N_004886	0	HPCLAS_TRAIN_N_004886	1	A_clean_core	-1.2403198573491825	0.2243803148370459	0
layer24_mean	rbf_svm	HPCLAS_TRAIN_N_004893	0	HPCLAS_TRAIN_N_004893	1	D_hard_sample	-0.6162478336592319	0.35063530334788734	0
layer24_mean	rbf_svm	HPCLAS_TRAIN_N_004894	0	HPCLAS_TRAIN_N_004894	1	A_clean_core	0.4964917101363082	0.6216345165471927	1
layer24_mean	rbf_svm	HPCLAS_TRAIN_N_004908	0	HPCLAS_TRAIN_N_004908	1	A_clean_core	-1.1342656917074987	0.243374741980275	0
layer24_mean	rbf_svm	HPCLAS_TRAIN_N_004916	0	HPCLAS_TRAIN_N_004916	1	A_clean_core	-1.3759962321029988	0.20165279223628205	0
layer24_mean	rbf_svm	HPCLAS_TRAIN_N_004921	0	HPCLAS_TRAIN_N_004921	1	A_clean_core	-0.19374578938584872	0.4517145010403457	0
layer24_mean	rbf_svm	HPCLAS_TRAIN_N_004925	0	HPCLAS_TRAIN_N_004925	1	A_clean_core	-0.731753083013964	0.3248101433708744	0
layer24_mean	rbf_svm	HPCLAS_TRAIN_N_004929	0	HPCLAS_TRAIN_N_004929	1	A_clean_core	-0.3732953828327611	0.40774498153599276	0
layer24_mean	rbf_svm	HPCLAS_TRAIN_N_004946	0	HPCLAS_TRAIN_N_004946	1	D_hard_sample	-1.3556052578432989	0.20495549147507292	0
layer24_mean	rbf_svm	HPCLAS_TRAIN_N_004947	0	HPCLAS_TRAIN_N_004947	1	D_hard_sample	0.36150162168802313	0.5894038856616514	1
layer24_mean	rbf_svm	HPCLAS_TRAIN_N_004950	0	HPCLAS_TRAIN_N_004950	1	A_clean_core	-0.2317064851517965	0.442331158035567	0
layer24_mean	rbf_svm	HPCLAS_TRAIN_N_004953	0	HPCLAS_TRAIN_N_004953	1	A_clean_core	-2.1770432612250006	0.10183103740202858	0
layer24_mean	rbf_svm	HPCLAS_TRAIN_N_004957	0	HPCLAS_TRAIN_N_004957	1	D_hard_sample	0.5667645028447262	0.638016266379152	1
layer24_mean	rbf_svm	HPCLAS_TRAIN_N_004963	0	HPCLAS_TRAIN_N_004963	1	A_clean_core	-0.8619326592236992	0.29693571597188934	0
layer24_mean	rbf_svm	HPCLAS_TRAIN_N_004973	0	HPCLAS_TRAIN_N_004973	1	A_clean_core	-0.7060142429011634	0.33048014420482547	0
layer24_mean	rbf_svm	HPCLAS_TRAIN_N_004976	0	HPCLAS_TRAIN_N_004976	1	A_clean_core	-1.055487616890906	0.25817272088103016	0
layer24_mean	rbf_svm	HPCLAS_TRAIN_N_004977	0	HPCLAS_TRAIN_N_004977	1	A_clean_core	-2.0008955871351106	0.11910892318112325	0
layer24_mean	rbf_svm	HPCLAS_TRAIN_N_004986	0	HPCLAS_TRAIN_N_004986	1	D_hard_sample	0.8083384270515089	0.6917553202028481	1
layer24_mean	rbf_svm	HPCLAS_TRAIN_N_004988	0	HPCLAS_TRAIN_N_004988	1	A_clean_core	-0.49906451097951654	0.3777605373626502	0
layer24_mean	rbf_svm	HPCLAS_TRAIN_N_004994	0	HPCLAS_TRAIN_N_004994	1	A_clean_core	0.44920426837534466	0.6104500249779646	1
layer24_mean	rbf_svm	HPCLAS_TRAIN_N_005000	0	HPCLAS_TRAIN_N_005000	1	A_clean_core	0.13973418662215303	0.5348768157605497	1
layer24_mean	rbf_svm	HPCLAS_TRAIN_N_005001	0	HPCLAS_TRAIN_N_005001	1	D_hard_sample	-0.9338505096478753	0.2821441829489266	0
layer24_mean	rbf_svm	HPCLAS_TRAIN_N_005008	0	HPCLAS_TRAIN_N_005008	1	A_clean_core	-2.2001801624844592	0.09973431163590127	0
layer24_mean	rbf_svm	HPCLAS_TRAIN_N_005024	0	HPCLAS_TRAIN_N_005024	1	D_hard_sample	-1.254096380354114	0.2219918413404438	0
layer24_mean	rbf_svm	HPCLAS_TRAIN_N_005025	0	HPCLAS_TRAIN_N_005025	1	A_clean_core	0.43350756053205786	0.6067109297168406	1
layer24_mean	rbf_svm	HPCLAS_TRAIN_N_005048	0	HPCLAS_TRAIN_N_005048	1	A_clean_core	-0.9896018191303082	0.2709907330017083	0
layer24_mean	rbf_svm	HPCLAS_TRAIN_N_005053	0	HPCLAS_TRAIN_N_005053	1	A_clean_core	-1.6957157941486154	0.1550256356718857	0
layer24_mean	rbf_svm	HPCLAS_TRAIN_N_005063	0	HPCLAS_TRAIN_N_005063	1	D_hard_sample	0.3123871473146951	0.5774678295140705	1
layer24_mean	rbf_svm	HPCLAS_TRAIN_N_005067	0	HPCLAS_TRAIN_N_005067	1	A_clean_core	-0.30408237326373333	0.424559817690849	0
layer24_mean	rbf_svm	HPCLAS_TRAIN_N_005074	0	HPCLAS_TRAIN_N_005074	1	D_hard_sample	0.9674490809864708	0.724610753644704	1
layer24_mean	rbf_svm	HPCLAS_TRAIN_N_005078	0	HPCLAS_TRAIN_N_005078	1	A_clean_core	-1.6865171227079405	0.1562344216937651	0
layer24_mean	rbf_svm	HPCLAS_TRAIN_N_005088	0	HPCLAS_TRAIN_N_005088	1	A_clean_core	-0.7447499148279769	0.3219663426150537	0
layer24_mean	rbf_svm	HPCLAS_TRAIN_N_005096	0	HPCLAS_TRAIN_N_005096	1	B_ambiguous	-0.817745810240397	0.3062423712099714	0
layer24_mean	rbf_svm	HPCLAS_TRAIN_N_005100	0	HPCLAS_TRAIN_N_005100	1	D_hard_sample	-0.4491662307222486	0.3895590204440678	0
layer24_mean	rbf_svm	HPCLAS_TRAIN_N_005102	0	HPCLAS_TRAIN_N_005102	1	D_hard_sample	-0.11883018056199332	0.4703273629606913	0
layer24_mean	rbf_svm	HPCLAS_TRAIN_N_005103	0	HPCLAS_TRAIN_N_005103	1	B_ambiguous	-0.07736190114232919	0.48066916478745747	0
layer24_mean	rbf_svm	HPCLAS_TRAIN_N_005104	0	HPCLAS_TRAIN_N_005104	1	A_clean_core	-0.9057532975643746	0.2878696293812055	0
layer24_mean	rbf_svm	HPCLAS_TRAIN_N_005105	0	HPCLAS_TRAIN_N_005105	1	D_hard_sample	-1.0351945570723846	0.26207827104200676	0
layer24_mean	rbf_svm	HPCLAS_TRAIN_N_005112	0	HPCLAS_TRAIN_N_005112	1	A_clean_core	-1.6328052383597083	0.163446434002447	0
layer24_mean	rbf_svm	HPCLAS_TRAIN_P_000002	1	HPCLAS_TRAIN_P_000002	1	D_hard_sample	1.1149760960142108	0.7530556451951322	1
layer24_mean	rbf_svm	HPCLAS_TRAIN_P_000010	1	HPCLAS_TRAIN_P_000010	1	A_clean_core	2.6627829465234973	0.9347945029678771	1
layer24_mean	rbf_svm	HPCLAS_TRAIN_P_000011	1	HPCLAS_TRAIN_P_000011	1	A_clean_core	-0.4513571952396632	0.38903812921856107	0
layer24_mean	rbf_svm	HPCLAS_TRAIN_P_000012	1	HPCLAS_TRAIN_P_000012	1	A_clean_core	3.7366281224069855	0.97672051673708	1
layer24_mean	rbf_svm	HPCLAS_TRAIN_P_000014	1	HPCLAS_TRAIN_P_000014	1	A_clean_core	1.1231083206499797	0.754564822725733	1
layer24_mean	rbf_svm	HPCLAS_TRAIN_P_000020	1	HPCLAS_TRAIN_P_000020	1	A_clean_core	1.0140168681602324	0.7338055206327213	1
layer24_mean	rbf_svm	HPCLAS_TRAIN_P_000021	1	HPCLAS_TRAIN_P_000021	1	D_hard_sample	-0.031791886625807037	0.4920526977097392	0
layer24_mean	rbf_svm	HPCLAS_TRAIN_P_000024	1	HPCLAS_TRAIN_P_000024	1	D_hard_sample	1.8326410917073137	0.8620760554900927	1
layer24_mean	rbf_svm	HPCLAS_TRAIN_P_000028	1	HPCLAS_TRAIN_P_000028	1	D_hard_sample	-0.14818953620704697	0.4630202645357244	0
layer24_mean	rbf_svm	HPCLAS_TRAIN_P_000034	1	HPCLAS_TRAIN_P_000034	1	A_clean_core	1.16646836079796	0.762506062203271	1
layer24_mean	rbf_svm	HPCLAS_TRAIN_P_000035	1	HPCLAS_TRAIN_P_000035	1	A_clean_core	0.9026948690913764	0.7115029840727158	1
layer24_mean	rbf_svm	HPCLAS_TRAIN_P_000055	1	HPCLAS_TRAIN_P_000055	1	D_hard_sample	-0.10356495425543208	0.47413187844609694	0
layer24_mean	rbf_svm	HPCLAS_TRAIN_P_000060	1	HPCLAS_TRAIN_P_000060	1	A_clean_core	2.62363383590788	0.9323672113426547	1
layer24_mean	rbf_svm	HPCLAS_TRAIN_P_000066	1	HPCLAS_TRAIN_P_000066	1	A_clean_core	2.125878250349541	0.8933930811761603	1
layer24_mean	rbf_svm	HPCLAS_TRAIN_P_000077	1	HPCLAS_TRAIN_P_000077	1	A_clean_core	2.7681278001648675	0.9409290125234456	1
layer24_mean	rbf_svm	HPCLAS_TRAIN_P_000078	1	HPCLAS_TRAIN_P_000078	1	A_clean_core	1.3417107413868266	0.792771131466625	1
layer24_mean	rbf_svm	HPCLAS_TRAIN_P_000082	1	HPCLAS_TRAIN_P_000082	1	A_clean_core	-0.2978915128506264	0.4260730011223681	0
layer24_mean	rbf_svm	HPCLAS_TRAIN_P_000089	1	HPCLAS_TRAIN_P_000089	1	A_clean_core	1.1589127161607196	0.7611350935690229	1
layer24_mean	rbf_svm	HPCLAS_TRAIN_P_000091	1	HPCLAS_TRAIN_P_000091	1	A_clean_core	0.9518269480579468	0.721482443570563	1
layer24_mean	rbf_svm	HPCLAS_TRAIN_P_000097	1	HPCLAS_TRAIN_P_000097	1	A_clean_core	3.8179339248666784	0.9784992862441224	1
layer24_mean	rbf_svm	HPCLAS_TRAIN_P_000110	1	HPCLAS_TRAIN_P_000110	1	A_clean_core	1.0887620645528815	0.7481485386211221	1
layer24_mean	rbf_svm	HPCLAS_TRAIN_P_000117	1	HPCLAS_TRAIN_P_000117	1	A_clean_core	1.2665813539842907	0.7801569704541261	1
layer24_mean	rbf_svm	HPCLAS_TRAIN_P_000119	1	HPCLAS_TRAIN_P_000119	1	A_clean_core	0.014798527521931143	0.5036995643647842	1
layer24_mean	rbf_svm	HPCLAS_TRAIN_P_000121	1	HPCLAS_TRAIN_P_000121	1	A_clean_core	-0.808110453137152	0.30829329277638456	0
layer24_mean	rbf_svm	HPCLAS_TRAIN_P_000122	1	HPCLAS_TRAIN_P_000122	1	A_clean_core	1.4988001299507627	0.8173954516373653	1
layer24_mean	rbf_svm	HPCLAS_TRAIN_P_000125	1	HPCLAS_TRAIN_P_000125	1	A_clean_core	0.6842552528126292	0.6646877630502007	1
layer24_mean	rbf_svm	HPCLAS_TRAIN_P_000139	1	HPCLAS_TRAIN_P_000139	1	A_clean_core	1.3983486009960782	0.8019217057003954	1
layer24_mean	rbf_svm	HPCLAS_TRAIN_P_000141	1	HPCLAS_TRAIN_P_000141	1	A_clean_core	4.023706975786671	0.9824277694185374	1
layer24_mean	rbf_svm	HPCLAS_TRAIN_P_000150	1	HPCLAS_TRAIN_P_000150	1	A_clean_core	-0.9270881420725453	0.2835158405812928	0
layer24_mean	rbf_svm	HPCLAS_TRAIN_P_000154	1	HPCLAS_TRAIN_P_000154	1	A_clean_core	0.3519947306304201	0.5871012121770716	1
layer24_mean	rbf_svm	HPCLAS_TRAIN_P_000155	1	HPCLAS_TRAIN_P_000155	1	A_clean_core	3.06273328363637	0.9553290862628045	1
layer24_mean	rbf_svm	HPCLAS_TRAIN_P_000160	1	HPCLAS_TRAIN_P_000160	1	A_clean_core	-0.5847287332588283	0.3578452395720434	0
layer24_mean	rbf_svm	HPCLAS_TRAIN_P_000166	1	HPCLAS_TRAIN_P_000166	1	A_clean_core	2.4238086688686464	0.9186249089916568	1
layer24_mean	rbf_svm	HPCLAS_TRAIN_P_000172	1	HPCLAS_TRAIN_P_000172	1	A_clean_core	0.6476035680459971	0.6564702291970954	1
layer24_mean	rbf_svm	HPCLAS_TRAIN_P_000176	1	HPCLAS_TRAIN_P_000176	1	A_clean_core	2.433112450605137	0.9193176930652326	1
layer24_mean	rbf_svm	HPCLAS_TRAIN_P_000179	1	HPCLAS_TRAIN_P_000179	1	D_hard_sample	1.0502382557102352	0.7408206481934898	1
layer24_mean	rbf_svm	HPCLAS_TRAIN_P_000183	1	HPCLAS_TRAIN_P_000183	1	A_clean_core	1.1782258286948388	0.7646286531043945	1
layer24_mean	rbf_svm	HPCLAS_TRAIN_P_000187	1	HPCLAS_TRAIN_P_000187	1	A_clean_core	5.309818722707292	0.9950814886712588	1
layer24_mean	rbf_svm	HPCLAS_TRAIN_P_000188	1	HPCLAS_TRAIN_N_002123	1	B_ambiguous	-0.42076491509336833	0.3963337271679534	0
layer24_mean	rbf_svm	HPCLAS_TRAIN_P_000192	1	HPCLAS_TRAIN_P_000192	1	A_clean_core	1.825480487201204	0.8612224434562398	1
layer24_mean	rbf_svm	HPCLAS_TRAIN_P_000196	1	HPCLAS_TRAIN_P_000196	1	A_clean_core	3.0222955035484373	0.9535712604494343	1
layer24_mean	rbf_svm	HPCLAS_TRAIN_P_000199	1	HPCLAS_TRAIN_P_000199	1	A_clean_core	1.0819286926345328	0.746858796963563	1
layer24_mean	rbf_svm	HPCLAS_TRAIN_P_000202	1	HPCLAS_TRAIN_P_000202	1	A_clean_core	4.0446819808343655	0.9827862299356277	1
layer24_mean	rbf_svm	HPCLAS_TRAIN_P_000209	1	HPCLAS_TRAIN_P_000209	1	A_clean_core	0.33048625359892514	0.5818776851270797	1
layer24_mean	rbf_svm	HPCLAS_TRAIN_P_000213	1	HPCLAS_TRAIN_P_000213	1	A_clean_core	0.02051660944763603	0.5051289724511001	1
layer24_mean	rbf_svm	HPCLAS_TRAIN_P_000223	1	HPCLAS_TRAIN_P_000223	1	A_clean_core	3.4488389864370936	0.9691964978687974	1
layer24_mean	rbf_svm	HPCLAS_TRAIN_P_000226	1	HPCLAS_TRAIN_P_000226	1	D_hard_sample	0.9146345977091316	0.7139476078094845	1
layer24_mean	rbf_svm	HPCLAS_TRAIN_P_000231	1	HPCLAS_TRAIN_P_000231	1	A_clean_core	0.535953581047471	0.6308706165167292	1
layer24_mean	rbf_svm	HPCLAS_TRAIN_P_000233	1	HPCLAS_TRAIN_P_000233	1	A_clean_core	0.11176930859812406	0.5279132745989885	1
layer24_mean	rbf_svm	HPCLAS_TRAIN_P_000235	1	HPCLAS_TRAIN_P_000235	1	D_hard_sample	-0.6711445646094779	0.33824060102701464	0
layer24_mean	rbf_svm	HPCLAS_TRAIN_P_000245	1	HPCLAS_TRAIN_P_000245	1	A_clean_core	-0.6061852542186922	0.3529298833250591	0
layer24_mean	rbf_svm	HPCLAS_TRAIN_P_000252	1	HPCLAS_TRAIN_P_000252	1	A_clean_core	1.3272789641837945	0.7903901873576994	1
layer24_mean	rbf_svm	HPCLAS_TRAIN_P_000257	1	HPCLAS_TRAIN_P_000257	1	D_hard_sample	0.15884428767508726	0.5396277845409093	1
layer24_mean	rbf_svm	HPCLAS_TRAIN_P_000274	1	HPCLAS_TRAIN_P_000274	1	A_clean_core	0.9335880906050896	0.7178026639633411	1
layer24_mean	rbf_svm	HPCLAS_TRAIN_P_000279	1	HPCLAS_TRAIN_P_000279	1	D_hard_sample	0.9481619228591388	0.7207453756683057	1
layer24_mean	rbf_svm	HPCLAS_TRAIN_P_000287	1	HPCLAS_TRAIN_P_000287	1	A_clean_core	3.72387395615061	0.9764287482099503	1
layer24_mean	rbf_svm	HPCLAS_TRAIN_P_000290	1	HPCLAS_TRAIN_P_000290	1	A_clean_core	1.3301698339613979	0.7908687259278631	1
layer24_mean	rbf_svm	HPCLAS_TRAIN_P_000304	1	HPCLAS_TRAIN_P_000304	1	A_clean_core	1.1876740046263259	0.7663248037295729	1
layer24_mean	rbf_svm	HPCLAS_TRAIN_P_000316	1	HPCLAS_TRAIN_P_000316	1	A_clean_core	1.9293331713826687	0.873175593666543	1
layer24_mean	rbf_svm	HPCLAS_TRAIN_P_000333	1	HPCLAS_TRAIN_P_000333	1	A_clean_core	3.0313532767387485	0.9539706327636198	1
layer24_mean	rbf_svm	HPCLAS_TRAIN_P_000339	1	HPCLAS_TRAIN_P_000339	1	A_clean_core	1.4304934670727185	0.8069781920081008	1
layer24_mean	rbf_svm	HPCLAS_TRAIN_P_000356	1	HPCLAS_TRAIN_P_000356	1	A_clean_core	2.7566427842831254	0.9402874148494501	1
layer24_mean	rbf_svm	HPCLAS_TRAIN_P_000358	1	HPCLAS_TRAIN_P_000358	1	A_clean_core	0.8111768553413913	0.6923602283274586	1
layer24_mean	rbf_svm	HPCLAS_TRAIN_P_000363	1	HPCLAS_TRAIN_P_000363	1	A_clean_core	3.3387799285500623	0.9657354925260566	1
layer24_mean	rbf_svm	HPCLAS_TRAIN_P_000376	1	HPCLAS_TRAIN_P_000376	1	A_clean_core	2.6050908588866775	0.931188500882718	1
layer24_mean	rbf_svm	HPCLAS_TRAIN_P_000378	1	HPCLAS_TRAIN_P_000378	1	D_hard_sample	-0.33757739957265	0.4163980754352866	0
layer24_mean	rbf_svm	HPCLAS_TRAIN_P_000381	1	HPCLAS_TRAIN_P_000381	1	A_clean_core	3.60285633450627	0.9734768558532164	1
layer24_mean	rbf_svm	HPCLAS_TRAIN_P_000385	1	HPCLAS_TRAIN_P_000385	1	A_clean_core	1.4045277263363949	0.8029013874361818	1
layer24_mean	rbf_svm	HPCLAS_TRAIN_P_000387	1	HPCLAS_TRAIN_P_000387	1	A_clean_core	2.6497787351098983	0.9339973516570346	1
layer24_mean	rbf_svm	HPCLAS_TRAIN_P_000391	1	HPCLAS_TRAIN_P_000391	1	A_clean_core	0.09387624282131649	0.523451840302706	1
layer24_mean	rbf_svm	HPCLAS_TRAIN_P_000408	1	HPCLAS_TRAIN_P_000408	1	D_hard_sample	-0.008663940456902303	0.4978340284346071	0
layer24_mean	rbf_svm	HPCLAS_TRAIN_P_000415	1	HPCLAS_TRAIN_P_000415	1	A_clean_core	-0.16637427470587787	0.4585021103712148	0
layer24_mean	rbf_svm	HPCLAS_TRAIN_P_000422	1	HPCLAS_TRAIN_P_000422	1	A_clean_core	3.3773830952743507	0.9669901751464965	1
layer24_mean	rbf_svm	HPCLAS_TRAIN_P_000427	1	HPCLAS_TRAIN_P_000427	1	D_hard_sample	-0.814478705028895	0.3069369328460062	0
layer24_mean	rbf_svm	HPCLAS_TRAIN_P_000441	1	HPCLAS_TRAIN_P_000441	1	A_clean_core	1.3277529532256978	0.7904687039911215	1
layer24_mean	rbf_svm	HPCLAS_TRAIN_P_000442	1	HPCLAS_TRAIN_P_000442	1	A_clean_core	0.7597928473302588	0.6813087570128389	1
layer24_mean	rbf_svm	HPCLAS_TRAIN_P_000444	1	HPCLAS_TRAIN_P_000444	1	A_clean_core	3.532296478266032	0.9715928641921417	1
layer24_mean	rbf_svm	HPCLAS_TRAIN_P_000448	1	HPCLAS_TRAIN_P_000448	1	A_clean_core	1.4804597802870265	0.8146420177585456	1
layer24_mean	rbf_svm	HPCLAS_TRAIN_P_000449	1	HPCLAS_TRAIN_P_000449	1	A_clean_core	1.2330465075577477	0.774351339505271	1
layer24_mean	rbf_svm	HPCLAS_TRAIN_P_000462	1	HPCLAS_TRAIN_P_000462	1	D_hard_sample	-1.0741469766653997	0.2546152441446912	0
layer24_mean	rbf_svm	HPCLAS_TRAIN_P_000470	1	HPCLAS_TRAIN_P_000470	1	A_clean_core	1.912948161361768	0.8713499962988068	1
layer24_mean	rbf_svm	HPCLAS_TRAIN_P_000472	1	HPCLAS_TRAIN_P_000472	1	A_clean_core	1.124819028637044	0.7548815023001236	1
layer24_mean	rbf_svm	HPCLAS_TRAIN_P_000479	1	HPCLAS_TRAIN_P_000479	1	A_clean_core	3.3415570591072274	0.9658272702636128	1
layer24_mean	rbf_svm	HPCLAS_TRAIN_P_000482	1	HPCLAS_TRAIN_P_000482	1	A_clean_core	3.8609265611655004	0.9793854180034542	1
layer24_mean	rbf_svm	HPCLAS_TRAIN_P_000490	1	HPCLAS_TRAIN_P_000490	1	A_clean_core	-0.5416247180928174	0.3678097124340584	0
layer24_mean	rbf_svm	HPCLAS_TRAIN_P_000494	1	HPCLAS_TRAIN_P_000494	1	D_hard_sample	-0.9138704298049368	0.2862084809783743	0
layer24_mean	rbf_svm	HPCLAS_TRAIN_P_000496	1	HPCLAS_TRAIN_P_000496	1	A_clean_core	3.6556115784264134	0.9748054835753397	1
layer24_mean	rbf_svm	HPCLAS_TRAIN_P_000504	1	HPCLAS_TRAIN_P_000504	1	D_hard_sample	-0.25463606951456785	0.4366827352703447	0
layer24_mean	rbf_svm	HPCLAS_TRAIN_P_000512	1	HPCLAS_TRAIN_P_000512	1	D_hard_sample	0.4329029387504164	0.606566649929698	1
layer24_mean	rbf_svm	HPCLAS_TRAIN_P_000519	1	HPCLAS_TRAIN_P_000519	1	A_clean_core	0.2025078341394976	0.5504546499320212	1
layer24_mean	rbf_svm	HPCLAS_TRAIN_P_000536	1	HPCLAS_TRAIN_P_000536	1	A_clean_core	2.497119176959244	0.9239396166490288	1
layer24_mean	rbf_svm	HPCLAS_TRAIN_P_000541	1	HPCLAS_TRAIN_P_000541	1	A_clean_core	-0.38964222463364984	0.4038034308050589	0
layer24_mean	rbf_svm	HPCLAS_TRAIN_P_000542	1	HPCLAS_TRAIN_P_000542	1	D_hard_sample	0.11463326444698332	0.528626974564723	1
layer24_mean	rbf_svm	HPCLAS_TRAIN_P_000544	1	HPCLAS_TRAIN_P_000544	1	A_clean_core	1.300618287829474	0.7859390214819437	1
layer24_mean	rbf_svm	HPCLAS_TRAIN_P_000548	1	HPCLAS_TRAIN_P_000548	1	A_clean_core	1.9091142044426923	0.87091960062679	1
layer24_mean	rbf_svm	HPCLAS_TRAIN_P_000562	1	HPCLAS_TRAIN_P_000562	1	A_clean_core	1.4396754367696178	0.8084043859314163	1
layer24_mean	rbf_svm	HPCLAS_TRAIN_P_000566	1	HPCLAS_TRAIN_P_000566	1	A_clean_core	1.570528252284102	0.8278589017666597	1
layer24_mean	rbf_svm	HPCLAS_TRAIN_P_000575	1	HPCLAS_TRAIN_P_000575	1	A_clean_core	2.7057179772759268	0.9373632067454699	1
layer24_mean	rbf_svm	HPCLAS_TRAIN_P_000577	1	HPCLAS_TRAIN_P_000577	1	A_clean_core	0.5868561854589193	0.6426434839874091	1
layer24_mean	rbf_svm	HPCLAS_TRAIN_P_000579	1	HPCLAS_TRAIN_P_000579	1	A_clean_core	2.0154482549359796	0.8824095281042714	1
layer24_mean	rbf_svm	HPCLAS_TRAIN_P_000581	1	HPCLAS_TRAIN_P_000581	1	A_clean_core	-0.7266511613193415	0.32593003677399895	0
layer24_mean	rbf_svm	HPCLAS_TRAIN_P_000595	1	HPCLAS_TRAIN_P_000595	1	A_clean_core	1.3189612734088265	0.7890088375751028	1
layer24_mean	rbf_svm	HPCLAS_TRAIN_P_000600	1	HPCLAS_TRAIN_P_000600	1	A_clean_core	-0.751718033536927	0.32044706521267136	0
layer24_mean	rbf_svm	HPCLAS_TRAIN_P_000603	1	HPCLAS_TRAIN_P_006079	1	A_clean_core	1.0677773533265686	0.744174000144037	1
layer24_mean	rbf_svm	HPCLAS_TRAIN_P_000605	1	HPCLAS_TRAIN_P_000605	1	D_hard_sample	-0.6212157872310784	0.3495049901269722	0
layer24_mean	rbf_svm	HPCLAS_TRAIN_P_000615	1	HPCLAS_TRAIN_P_000615	1	D_hard_sample	-0.6218018692885444	0.349371755392871	0
layer24_mean	rbf_svm	HPCLAS_TRAIN_P_000625	1	HPCLAS_TRAIN_P_000625	1	A_clean_core	1.2225120346523608	0.7725053187126945	1
layer24_mean	rbf_svm	HPCLAS_TRAIN_P_000626	1	HPCLAS_TRAIN_P_000626	1	A_clean_core	0.7164352259862287	0.6718215470546682	1
layer24_mean	rbf_svm	HPCLAS_TRAIN_P_000629	1	HPCLAS_TRAIN_P_000629	1	A_clean_core	1.2106400531300612	0.7704121794799917	1
layer24_mean	rbf_svm	HPCLAS_TRAIN_P_000640	1	HPCLAS_TRAIN_P_000640	1	A_clean_core	0.04142775270588364	0.5103554571652176	1
layer24_mean	rbf_svm	HPCLAS_TRAIN_P_000676	1	HPCLAS_TRAIN_P_000676	1	A_clean_core	-0.16708200343327537	0.4583264021189565	0
layer24_mean	rbf_svm	HPCLAS_TRAIN_P_000679	1	HPCLAS_TRAIN_P_000679	1	A_clean_core	0.5087618107945727	0.6245161691895188	1
layer24_mean	rbf_svm	HPCLAS_TRAIN_P_000680	1	HPCLAS_TRAIN_N_001271	1	B_ambiguous	1.3832641440411924	0.7995147244916936	1
layer24_mean	rbf_svm	HPCLAS_TRAIN_P_000693	1	HPCLAS_TRAIN_P_000693	1	D_hard_sample	0.26702814992358903	0.5663631751405507	1
layer24_mean	rbf_svm	HPCLAS_TRAIN_P_000696	1	HPCLAS_TRAIN_P_000696	1	A_clean_core	3.3327814145824677	0.9655364435029736	1
layer24_mean	rbf_svm	HPCLAS_TRAIN_P_000700	1	HPCLAS_TRAIN_P_000700	1	A_clean_core	0.2894931938678077	0.5718720538744976	1
layer24_mean	rbf_svm	HPCLAS_TRAIN_P_000731	1	HPCLAS_TRAIN_P_000731	1	A_clean_core	1.1691507274705348	0.7629914714198465	1
layer24_mean	rbf_svm	HPCLAS_TRAIN_P_000739	1	HPCLAS_TRAIN_P_000739	1	A_clean_core	1.1923249913506613	0.7671566291740494	1
layer24_mean	rbf_svm	HPCLAS_TRAIN_P_000751	1	HPCLAS_TRAIN_P_000751	1	A_clean_core	0.8431052715941708	0.6991188187581119	1
layer24_mean	rbf_svm	HPCLAS_TRAIN_P_000755	1	HPCLAS_TRAIN_P_002784	1	A_clean_core	1.0223049491357843	0.7354213323840562	1
layer24_mean	rbf_svm	HPCLAS_TRAIN_P_000773	1	HPCLAS_TRAIN_P_000773	1	A_clean_core	3.737061250065944	0.9767303629652038	1
layer24_mean	rbf_svm	HPCLAS_TRAIN_P_000775	1	HPCLAS_TRAIN_P_000775	1	A_clean_core	2.215538717742156	0.9016362403684779	1
layer24_mean	rbf_svm	HPCLAS_TRAIN_P_000787	1	HPCLAS_TRAIN_P_000787	1	D_hard_sample	1.0210459709885842	0.7351762918543415	1
layer24_mean	rbf_svm	HPCLAS_TRAIN_P_000788	1	HPCLAS_TRAIN_P_000788	1	A_clean_core	3.0527210077942715	0.9548998549253904	1
layer24_mean	rbf_svm	HPCLAS_TRAIN_P_000789	1	HPCLAS_TRAIN_P_000789	1	D_hard_sample	0.08187441426219735	0.5204571770884193	1
layer24_mean	rbf_svm	HPCLAS_TRAIN_P_000804	1	HPCLAS_TRAIN_P_000804	1	A_clean_core	0.6022104613885949	0.6461618619771999	1
layer24_mean	rbf_svm	HPCLAS_TRAIN_P_000805	1	HPCLAS_TRAIN_P_000805	1	A_clean_core	2.131738173235222	0.893949906054355	1
layer24_mean	rbf_svm	HPCLAS_TRAIN_P_000809	1	HPCLAS_TRAIN_P_000809	1	A_clean_core	1.358663284930541	0.7955423606024794	1
layer24_mean	rbf_svm	HPCLAS_TRAIN_P_000810	1	HPCLAS_TRAIN_P_000810	1	A_clean_core	2.3461126178372975	0.9126247413223147	1
layer24_mean	rbf_svm	HPCLAS_TRAIN_P_000814	1	HPCLAS_TRAIN_P_000814	1	A_clean_core	-0.6600508257758217	0.3407281943355168	0
layer24_mean	rbf_svm	HPCLAS_TRAIN_P_000822	1	HPCLAS_TRAIN_P_000822	1	A_clean_core	3.9680495239576143	0.9814406807090745	1
layer24_mean	rbf_svm	HPCLAS_TRAIN_P_000823	1	HPCLAS_TRAIN_P_000823	1	A_clean_core	2.156677506725272	0.896291118048641	1
layer24_mean	rbf_svm	HPCLAS_TRAIN_P_000834	1	HPCLAS_TRAIN_P_000834	1	D_hard_sample	-0.25411521149106775	0.43681086583957207	0
layer24_mean	rbf_svm	HPCLAS_TRAIN_P_000862	1	HPCLAS_TRAIN_P_000862	1	D_hard_sample	-1.069019073068699	0.2555896741048974	0
layer24_mean	rbf_svm	HPCLAS_TRAIN_P_000863	1	HPCLAS_TRAIN_P_000863	1	A_clean_core	0.9627655732960482	0.7236751771566414	1
layer24_mean	rbf_svm	HPCLAS_TRAIN_P_000865	1	HPCLAS_TRAIN_P_000865	1	A_clean_core	0.6759591340212188	0.6628362220941276	1
layer24_mean	rbf_svm	HPCLAS_TRAIN_P_000873	1	HPCLAS_TRAIN_P_000873	1	A_clean_core	0.9753110518692786	0.7261768364218818	1
layer24_mean	rbf_svm	HPCLAS_TRAIN_P_000877	1	HPCLAS_TRAIN_P_000877	1	A_clean_core	0.17839058201482302	0.5444797506867519	1
layer24_mean	rbf_svm	HPCLAS_TRAIN_P_000878	1	HPCLAS_TRAIN_P_000878	1	A_clean_core	1.0659119731647615	0.7438187091026732	1
layer24_mean	rbf_svm	HPCLAS_TRAIN_P_000883	1	HPCLAS_TRAIN_P_000883	1	A_clean_core	0.909091394682961	0.7128141980231134	1
layer24_mean	rbf_svm	HPCLAS_TRAIN_P_000893	1	HPCLAS_TRAIN_P_000893	1	A_clean_core	0.9322910275227084	0.7175398540638565	1
layer24_mean	rbf_svm	HPCLAS_TRAIN_P_000895	1	HPCLAS_TRAIN_P_000895	1	A_clean_core	1.3524933047199	0.7945369540818317	1
layer24_mean	rbf_svm	HPCLAS_TRAIN_P_000897	1	HPCLAS_TRAIN_P_000897	1	A_clean_core	0.38240018783804475	0.5944518683744295	1
layer24_mean	rbf_svm	HPCLAS_TRAIN_P_000904	1	HPCLAS_TRAIN_P_000904	1	A_clean_core	1.3826123510784734	0.7994102275953032	1
layer24_mean	rbf_svm	HPCLAS_TRAIN_P_000907	1	HPCLAS_TRAIN_P_000907	1	A_clean_core	3.6697484566596965	0.9751503611554699	1
layer24_mean	rbf_svm	HPCLAS_TRAIN_P_000912	1	HPCLAS_TRAIN_P_000912	1	D_hard_sample	-0.3740013352825071	0.4075745128859927	0
layer24_mean	rbf_svm	HPCLAS_TRAIN_P_000913	1	HPCLAS_TRAIN_P_000913	1	D_hard_sample	0.8628585892255581	0.7032575493569679	1
layer24_mean	rbf_svm	HPCLAS_TRAIN_P_000924	1	HPCLAS_TRAIN_P_000924	1	A_clean_core	-0.30369242910326816	0.4246550872739106	0
layer24_mean	rbf_svm	HPCLAS_TRAIN_P_000930	1	HPCLAS_TRAIN_P_000930	1	A_clean_core	3.879328675658079	0.9797536905364628	1
layer24_mean	rbf_svm	HPCLAS_TRAIN_P_000934	1	HPCLAS_TRAIN_P_000934	1	A_clean_core	0.814955020990285	0.6931643829349871	1
layer24_mean	rbf_svm	HPCLAS_TRAIN_P_000943	1	HPCLAS_TRAIN_P_006936	1	D_hard_sample	-0.9691238199183566	0.2750551779285062	0
layer24_mean	rbf_svm	HPCLAS_TRAIN_P_000950	1	HPCLAS_TRAIN_P_000950	1	D_hard_sample	-0.21924755373322583	0.445406626197501	0
layer24_mean	rbf_svm	HPCLAS_TRAIN_P_000955	1	HPCLAS_TRAIN_P_000955	1	A_clean_core	0.38869238956699603	0.5959678791145301	1
layer24_mean	rbf_svm	HPCLAS_TRAIN_P_000960	1	HPCLAS_TRAIN_P_000960	1	A_clean_core	1.018100894650492	0.7346025117304614	1
layer24_mean	rbf_svm	HPCLAS_TRAIN_P_000962	1	HPCLAS_TRAIN_P_000962	1	B_ambiguous	1.0430113013214615	0.7394306206602316	1
layer24_mean	rbf_svm	HPCLAS_TRAIN_P_000968	1	HPCLAS_TRAIN_P_000968	1	A_clean_core	0.06324672733782236	0.5158064131856772	1
layer24_mean	rbf_svm	HPCLAS_TRAIN_P_000969	1	HPCLAS_TRAIN_P_000969	1	A_clean_core	2.428068861390787	0.9189428045309157	1
layer24_mean	rbf_svm	HPCLAS_TRAIN_P_000977	1	HPCLAS_TRAIN_P_000977	1	A_clean_core	1.3528620630798647	0.7945971466018223	1
layer24_mean	rbf_svm	HPCLAS_TRAIN_P_000986	1	HPCLAS_TRAIN_P_000986	1	A_clean_core	0.9855423875000054	0.7282065618440792	1
layer24_mean	rbf_svm	HPCLAS_TRAIN_P_000987	1	HPCLAS_TRAIN_P_000987	1	A_clean_core	0.32247329424352567	0.5799268943678838	1
layer24_mean	rbf_svm	HPCLAS_TRAIN_P_001007	1	HPCLAS_TRAIN_P_001007	1	D_hard_sample	0.05147466658300395	0.5128658259525456	1
layer24_mean	rbf_svm	HPCLAS_TRAIN_P_001010	1	HPCLAS_TRAIN_P_001010	1	A_clean_core	0.44942000184856745	0.610501325346182	1
layer24_mean	rbf_svm	HPCLAS_TRAIN_P_001011	1	HPCLAS_TRAIN_P_001011	1	A_clean_core	1.4694747976765872	0.8129775447408927	1
layer24_mean	rbf_svm	HPCLAS_TRAIN_P_001028	1	HPCLAS_TRAIN_P_001028	1	A_clean_core	2.217786084662359	0.9018353757602802	1
layer24_mean	rbf_svm	HPCLAS_TRAIN_P_001030	1	HPCLAS_TRAIN_P_001030	1	A_clean_core	-0.7273486922605263	0.32577680808293513	0
layer24_mean	rbf_svm	HPCLAS_TRAIN_P_001033	1	HPCLAS_TRAIN_P_001033	1	A_clean_core	2.0079460235905615	0.8816288383486659	1
layer24_mean	rbf_svm	HPCLAS_TRAIN_P_001040	1	HPCLAS_TRAIN_P_001040	1	D_hard_sample	0.34389422304714756	0.5851361650421684	1
layer24_mean	rbf_svm	HPCLAS_TRAIN_P_001046	1	HPCLAS_TRAIN_P_001046	1	A_clean_core	1.5703279749652557	0.8278303586641272	1
layer24_mean	rbf_svm	HPCLAS_TRAIN_P_001057	1	HPCLAS_TRAIN_P_001057	1	A_clean_core	1.3900054166772418	0.8005931078915883	1
layer24_mean	rbf_svm	HPCLAS_TRAIN_P_001058	1	HPCLAS_TRAIN_P_001058	1	A_clean_core	0.9336827367415014	0.7178218352787692	1
layer24_mean	rbf_svm	HPCLAS_TRAIN_P_001067	1	HPCLAS_TRAIN_P_001067	1	A_clean_core	1.5286281832785034	0.8218055123872451	1
layer24_mean	rbf_svm	HPCLAS_TRAIN_P_001074	1	HPCLAS_TRAIN_P_001074	1	A_clean_core	1.195365850366464	0.7676993683858758	1
layer24_mean	rbf_svm	HPCLAS_TRAIN_P_001087	1	HPCLAS_TRAIN_P_001087	1	A_clean_core	1.3598311917536265	0.795732260583113	1
layer24_mean	rbf_svm	HPCLAS_TRAIN_P_001088	1	HPCLAS_TRAIN_P_001088	1	A_clean_core	1.9411761150744136	0.8744812951646979	1
layer24_mean	rbf_svm	HPCLAS_TRAIN_P_001090	1	HPCLAS_TRAIN_P_001090	1	A_clean_core	0.9269267416212653	0.7164513722556557	1
layer24_mean	rbf_svm	HPCLAS_TRAIN_P_001104	1	HPCLAS_TRAIN_P_001104	1	A_clean_core	1.3175693888219389	0.7887770319206535	1
layer24_mean	rbf_svm	HPCLAS_TRAIN_P_001107	1	HPCLAS_TRAIN_N_002135	1	B_ambiguous	0.08394589144214529	0.5209741573855778	1
layer24_mean	rbf_svm	HPCLAS_TRAIN_P_001113	1	HPCLAS_TRAIN_P_001113	1	A_clean_core	2.5474729152052817	0.9274035592851483	1
layer24_mean	rbf_svm	HPCLAS_TRAIN_P_001114	1	HPCLAS_TRAIN_P_001114	1	D_hard_sample	0.0012069283940740194	0.5003017320618913	1
layer24_mean	rbf_svm	HPCLAS_TRAIN_P_001116	1	HPCLAS_TRAIN_P_001116	1	A_clean_core	1.2485589038508174	0.7770503008477007	1
layer24_mean	rbf_svm	HPCLAS_TRAIN_P_001130	1	HPCLAS_TRAIN_P_001130	1	A_clean_core	1.2098877726827206	0.7702790911135082	1
layer24_mean	rbf_svm	HPCLAS_TRAIN_P_001136	1	HPCLAS_TRAIN_P_001136	1	D_hard_sample	1.8505472631399909	0.8641913451479202	1
layer24_mean	rbf_svm	HPCLAS_TRAIN_P_001137	1	HPCLAS_TRAIN_P_001137	1	A_clean_core	1.228304036522153	0.7735216031568485	1
layer24_mean	rbf_svm	HPCLAS_TRAIN_P_001143	1	HPCLAS_TRAIN_P_001143	1	A_clean_core	1.4592064895485977	0.811411279428584	1
layer24_mean	rbf_svm	HPCLAS_TRAIN_P_001145	1	HPCLAS_TRAIN_P_001145	1	A_clean_core	1.1820437790216893	0.7653150816640303	1
layer24_mean	rbf_svm	HPCLAS_TRAIN_P_001149	1	HPCLAS_TRAIN_P_001149	1	A_clean_core	1.6059133861981874	0.8328432405262547	1
layer24_mean	rbf_svm	HPCLAS_TRAIN_P_001154	1	HPCLAS_TRAIN_P_001154	1	A_clean_core	1.5924734450724447	0.8309638149323474	1
layer24_mean	rbf_svm	HPCLAS_TRAIN_P_001159	1	HPCLAS_TRAIN_P_001159	1	A_clean_core	2.363985246398613	0.9140394487451334	1
layer24_mean	rbf_svm	HPCLAS_TRAIN_P_001163	1	HPCLAS_TRAIN_P_001163	1	A_clean_core	0.9227360857514187	0.7155992738614195	1
layer24_mean	rbf_svm	HPCLAS_TRAIN_P_001186	1	HPCLAS_TRAIN_P_001186	1	D_hard_sample	0.4870088487650811	0.6194015408399806	1
layer24_mean	rbf_svm	HPCLAS_TRAIN_P_001187	1	HPCLAS_TRAIN_P_001187	1	A_clean_core	-0.0508586754153105	0.4872880710894856	0
layer24_mean	rbf_svm	HPCLAS_TRAIN_P_001194	1	HPCLAS_TRAIN_N_001072	1	B_ambiguous	0.7236387454335307	0.6734077897926752	1
layer24_mean	rbf_svm	HPCLAS_TRAIN_P_001197	1	HPCLAS_TRAIN_P_001197	1	A_clean_core	0.16921757980375676	0.542203735759941	1
layer24_mean	rbf_svm	HPCLAS_TRAIN_P_001199	1	HPCLAS_TRAIN_P_001199	1	A_clean_core	0.798052206366851	0.6895576750832453	1
layer24_mean	rbf_svm	HPCLAS_TRAIN_P_001203	1	HPCLAS_TRAIN_P_001203	1	A_clean_core	1.1673506793666366	0.7626658047644453	1
layer24_mean	rbf_svm	HPCLAS_TRAIN_P_001204	1	HPCLAS_TRAIN_P_001204	1	A_clean_core	1.4238289327073002	0.8059379705763002	1
layer24_mean	rbf_svm	HPCLAS_TRAIN_P_001206	1	HPCLAS_TRAIN_P_001206	1	A_clean_core	1.8656287543707075	0.8659516772254793	1
layer24_mean	rbf_svm	HPCLAS_TRAIN_P_001211	1	HPCLAS_TRAIN_P_001211	1	D_hard_sample	-0.1755599705413967	0.45622238989748815	0
layer24_mean	rbf_svm	HPCLAS_TRAIN_P_001213	1	HPCLAS_TRAIN_N_003170	1	B_ambiguous	-0.935419389306946	0.281826532512766	0
layer24_mean	rbf_svm	HPCLAS_TRAIN_P_001215	1	HPCLAS_TRAIN_P_001215	1	A_clean_core	2.195824509103129	0.8998739232732084	1
layer24_mean	rbf_svm	HPCLAS_TRAIN_P_001241	1	HPCLAS_TRAIN_P_001241	1	A_clean_core	1.7191905399497625	0.8480245433948197	1
layer24_mean	rbf_svm	HPCLAS_TRAIN_P_001252	1	HPCLAS_TRAIN_P_001252	1	A_clean_core	2.1661945505702653	0.8971724286214176	1
layer24_mean	rbf_svm	HPCLAS_TRAIN_P_001257	1	HPCLAS_TRAIN_P_001257	1	A_clean_core	4.115655397099551	0.9839466700531005	1
layer24_mean	rbf_svm	HPCLAS_TRAIN_P_001259	1	HPCLAS_TRAIN_P_001259	1	A_clean_core	2.9414440158064257	0.9498575473586818	1
layer24_mean	rbf_svm	HPCLAS_TRAIN_P_001263	1	HPCLAS_TRAIN_P_001263	1	A_clean_core	3.1030513169538017	0.9570184335685206	1
layer24_mean	rbf_svm	HPCLAS_TRAIN_P_001265	1	HPCLAS_TRAIN_P_001265	1	A_clean_core	0.4467077909943006	0.6098561972483242	1
layer24_mean	rbf_svm	HPCLAS_TRAIN_P_001269	1	HPCLAS_TRAIN_P_001269	1	A_clean_core	1.0037843799878787	0.7318019819664351	1
layer24_mean	rbf_svm	HPCLAS_TRAIN_P_001270	1	HPCLAS_TRAIN_P_001270	1	A_clean_core	-0.24324301810661783	0.4394873153358378	0
layer24_mean	rbf_svm	HPCLAS_TRAIN_P_001279	1	HPCLAS_TRAIN_N_000458	1	B_ambiguous	-0.7037103398902599	0.33099011168528003	0
layer24_mean	rbf_svm	HPCLAS_TRAIN_P_001280	1	HPCLAS_TRAIN_P_001280	1	A_clean_core	4.2713742675866335	0.9862296874738616	1
layer24_mean	rbf_svm	HPCLAS_TRAIN_P_001285	1	HPCLAS_TRAIN_P_001285	1	A_clean_core	2.1819935298125785	0.8986208299028613	1
layer24_mean	rbf_svm	HPCLAS_TRAIN_P_001286	1	HPCLAS_TRAIN_P_001286	1	A_clean_core	1.5424906376049101	0.8238264989889534	1
layer24_mean	rbf_svm	HPCLAS_TRAIN_P_001299	1	HPCLAS_TRAIN_P_001299	1	A_clean_core	1.8443842671173671	0.8634664023431127	1
layer24_mean	rbf_svm	HPCLAS_TRAIN_P_001313	1	HPCLAS_TRAIN_P_001313	1	D_hard_sample	0.2705803133976883	0.5672353655078632	1
layer24_mean	rbf_svm	HPCLAS_TRAIN_P_001317	1	HPCLAS_TRAIN_P_001317	1	A_clean_core	0.9624889852836728	0.723619864591969	1
layer24_mean	rbf_svm	HPCLAS_TRAIN_P_001321	1	HPCLAS_TRAIN_P_001321	1	A_clean_core	1.2449962956134577	0.7764324943078369	1
layer24_mean	rbf_svm	HPCLAS_TRAIN_P_001322	1	HPCLAS_TRAIN_P_001322	1	A_clean_core	0.6994835479422298	0.6680732581542723	1
layer24_mean	rbf_svm	HPCLAS_TRAIN_P_001329	1	HPCLAS_TRAIN_P_001329	1	A_clean_core	3.354619188182056	0.9662557718421663	1
layer24_mean	rbf_svm	HPCLAS_TRAIN_P_001336	1	HPCLAS_TRAIN_P_001336	1	A_clean_core	4.11444773234507	0.9839275830859247	1
layer24_mean	rbf_svm	HPCLAS_TRAIN_P_001346	1	HPCLAS_TRAIN_P_001346	1	A_clean_core	1.1641253032719137	0.7620814956440869	1
layer24_mean	rbf_svm	HPCLAS_TRAIN_P_001350	1	HPCLAS_TRAIN_P_001350	1	A_clean_core	-0.15273492327036003	0.46189032546423703	0
layer24_mean	rbf_svm	HPCLAS_TRAIN_P_001357	1	HPCLAS_TRAIN_P_001357	1	A_clean_core	1.6713196057195256	0.8417516795594255	1
layer24_mean	rbf_svm	HPCLAS_TRAIN_P_001385	1	HPCLAS_TRAIN_P_001385	1	A_clean_core	0.8707537967866458	0.7049025232184742	1
layer24_mean	rbf_svm	HPCLAS_TRAIN_P_001387	1	HPCLAS_TRAIN_P_001387	1	D_hard_sample	0.6380845385907912	0.6543203396822905	1
layer24_mean	rbf_svm	HPCLAS_TRAIN_P_001402	1	HPCLAS_TRAIN_P_001402	1	A_clean_core	0.7219698700462088	0.6730406483011896	1
layer24_mean	rbf_svm	HPCLAS_TRAIN_P_001412	1	HPCLAS_TRAIN_P_001412	1	A_clean_core	2.7247910062642435	0.9384737519521619	1
layer24_mean	rbf_svm	HPCLAS_TRAIN_P_001419	1	HPCLAS_TRAIN_P_001419	1	A_clean_core	1.0008441997515214	0.7312245259957121	1
layer24_mean	rbf_svm	HPCLAS_TRAIN_P_001420	1	HPCLAS_TRAIN_P_001420	1	A_clean_core	1.0659492423854051	0.7438258107789621	1
layer24_mean	rbf_svm	HPCLAS_TRAIN_P_001427	1	HPCLAS_TRAIN_P_001427	1	D_hard_sample	-0.39674428004000195	0.4020948123098055	0
layer24_mean	rbf_svm	HPCLAS_TRAIN_P_001428	1	HPCLAS_TRAIN_P_001428	1	A_clean_core	1.1372022062556277	0.7571655904446778	1
layer24_mean	rbf_svm	HPCLAS_TRAIN_P_001434	1	HPCLAS_TRAIN_P_001434	1	D_hard_sample	-0.2792317628490807	0.43064212968743204	0
layer24_mean	rbf_svm	HPCLAS_TRAIN_P_001437	1	HPCLAS_TRAIN_P_001437	1	A_clean_core	2.2469606092421923	0.9043880408645145	1
layer24_mean	rbf_svm	HPCLAS_TRAIN_P_001450	1	HPCLAS_TRAIN_P_001450	1	A_clean_core	1.3769532453431326	0.7985012323250855	1
layer24_mean	rbf_svm	HPCLAS_TRAIN_P_001458	1	HPCLAS_TRAIN_P_001458	1	A_clean_core	-0.8846192852351963	0.29222146485014333	0
layer24_mean	rbf_svm	HPCLAS_TRAIN_P_001459	1	HPCLAS_TRAIN_P_001459	1	D_hard_sample	0.5898079405570801	0.6433210771266393	1
layer24_mean	rbf_svm	HPCLAS_TRAIN_P_001472	1	HPCLAS_TRAIN_P_001472	1	A_clean_core	1.6668156914028271	0.8411508082393587	1
layer24_mean	rbf_svm	HPCLAS_TRAIN_P_001479	1	HPCLAS_TRAIN_P_001479	1	A_clean_core	1.4614622675326943	0.8117562229166345	1
layer24_mean	rbf_svm	HPCLAS_TRAIN_P_001494	1	HPCLAS_TRAIN_P_001494	1	A_clean_core	1.6141616661261433	0.8339883775943777	1
layer24_mean	rbf_svm	HPCLAS_TRAIN_P_001498	1	HPCLAS_TRAIN_P_001498	1	A_clean_core	1.2693766151196773	0.7806360160247738	1
layer24_mean	rbf_svm	HPCLAS_TRAIN_P_001499	1	HPCLAS_TRAIN_P_001499	1	A_clean_core	0.3768472669641225	0.5931124775791657	1
layer24_mean	rbf_svm	HPCLAS_TRAIN_P_001501	1	HPCLAS_TRAIN_P_001501	1	A_clean_core	0.40414091385923945	0.5996821513373662	1
layer24_mean	rbf_svm	HPCLAS_TRAIN_P_001502	1	HPCLAS_TRAIN_P_001502	1	A_clean_core	1.0345639120842198	0.7377997481751152	1
layer24_mean	rbf_svm	HPCLAS_TRAIN_P_001506	1	HPCLAS_TRAIN_P_001506	1	B_ambiguous	0.37933491997796087	0.5937126837102767	1
layer24_mean	rbf_svm	HPCLAS_TRAIN_P_001532	1	HPCLAS_TRAIN_P_001532	1	D_hard_sample	1.0245665940157285	0.7358611616291497	1
layer24_mean	rbf_svm	HPCLAS_TRAIN_P_001533	1	HPCLAS_TRAIN_P_001533	1	A_clean_core	0.7145650019476962	0.6714090725772892	1
layer24_mean	rbf_svm	HPCLAS_TRAIN_P_001539	1	HPCLAS_TRAIN_P_001539	1	B_ambiguous	-0.30071949727473524	0.425381605527097	0
layer24_mean	rbf_svm	HPCLAS_TRAIN_P_001541	1	HPCLAS_TRAIN_P_001541	1	A_clean_core	3.0766216461473372	0.9559180441066167	1
layer24_mean	rbf_svm	HPCLAS_TRAIN_P_001542	1	HPCLAS_TRAIN_P_005355	1	A_clean_core	2.1998934211186105	0.9002399396534156	1
layer24_mean	rbf_svm	HPCLAS_TRAIN_P_001553	1	HPCLAS_TRAIN_P_001553	1	A_clean_core	1.4091267603178923	0.8036281742765007	1
layer24_mean	rbf_svm	HPCLAS_TRAIN_P_001554	1	HPCLAS_TRAIN_P_001554	1	A_clean_core	1.0132185118257053	0.7336495446090454	1
layer24_mean	rbf_svm	HPCLAS_TRAIN_P_001556	1	HPCLAS_TRAIN_P_001556	1	A_clean_core	2.7227370980064967	0.9383550508515291	1
layer24_mean	rbf_svm	HPCLAS_TRAIN_P_001567	1	HPCLAS_TRAIN_P_001567	1	A_clean_core	1.3040755205562626	0.7865200874339384	1
layer24_mean	rbf_svm	HPCLAS_TRAIN_P_001570	1	HPCLAS_TRAIN_P_001570	1	A_clean_core	1.2356353337900967	0.7748033672841196	1
layer24_mean	rbf_svm	HPCLAS_TRAIN_P_001583	1	HPCLAS_TRAIN_P_001583	1	B_ambiguous	0.5862269261925	0.6424989598443175	1
layer24_mean	rbf_svm	HPCLAS_TRAIN_P_001586	1	HPCLAS_TRAIN_P_001586	1	A_clean_core	4.30385824459193	0.9866639451843048	1
layer24_mean	rbf_svm	HPCLAS_TRAIN_P_001597	1	HPCLAS_TRAIN_P_001597	1	B_ambiguous	-0.11926706315357091	0.4702185283854013	0
layer24_mean	rbf_svm	HPCLAS_TRAIN_P_001601	1	HPCLAS_TRAIN_P_001601	1	A_clean_core	2.5886397104961176	0.9301268624181815	1
layer24_mean	rbf_svm	HPCLAS_TRAIN_P_001602	1	HPCLAS_TRAIN_P_001602	1	A_clean_core	1.1234981805791018	0.7546370163522197	1
layer24_mean	rbf_svm	HPCLAS_TRAIN_P_001603	1	HPCLAS_TRAIN_P_001603	1	A_clean_core	1.3323883440731517	0.7912354204836796	1
layer24_mean	rbf_svm	HPCLAS_TRAIN_P_001607	1	HPCLAS_TRAIN_P_001607	1	D_hard_sample	-0.9695075010718334	0.27497867857624575	0
layer24_mean	rbf_svm	HPCLAS_TRAIN_P_001608	1	HPCLAS_TRAIN_P_001608	1	D_hard_sample	0.40624126189407195	0.6001862624424373	1
layer24_mean	rbf_svm	HPCLAS_TRAIN_P_001609	1	HPCLAS_TRAIN_P_001609	1	D_hard_sample	0.053995599978840486	0.5134956212524707	1
layer24_mean	rbf_svm	HPCLAS_TRAIN_P_001619	1	HPCLAS_TRAIN_P_001619	1	D_hard_sample	-0.2462065667145341	0.4387574114912416	0
layer24_mean	rbf_svm	HPCLAS_TRAIN_P_001627	1	HPCLAS_TRAIN_P_001627	1	D_hard_sample	0.46192630152699465	0.6134710488028299	1
layer24_mean	rbf_svm	HPCLAS_TRAIN_P_001628	1	HPCLAS_TRAIN_P_001628	1	D_hard_sample	0.4968661039026303	0.6217225718386212	1
layer24_mean	rbf_svm	HPCLAS_TRAIN_P_001638	1	HPCLAS_TRAIN_P_001638	1	A_clean_core	3.261409062475644	0.963080924114295	1
layer24_mean	rbf_svm	HPCLAS_TRAIN_P_001653	1	HPCLAS_TRAIN_P_001653	1	A_clean_core	2.6986032925036274	0.9369441771044142	1
layer24_mean	rbf_svm	HPCLAS_TRAIN_P_001657	1	HPCLAS_TRAIN_P_001657	1	A_clean_core	2.3149308056241455	0.9101060759067593	1
layer24_mean	rbf_svm	HPCLAS_TRAIN_P_001665	1	HPCLAS_TRAIN_P_001665	1	D_hard_sample	-0.9633629815920531	0.27620537542057927	0
layer24_mean	rbf_svm	HPCLAS_TRAIN_P_001667	1	HPCLAS_TRAIN_P_001667	1	A_clean_core	1.0692038362677436	0.7444454780176316	1
layer24_mean	rbf_svm	HPCLAS_TRAIN_P_001668	1	HPCLAS_TRAIN_P_001668	1	A_clean_core	3.705897661644238	0.9760114494595491	1
layer24_mean	rbf_svm	HPCLAS_TRAIN_P_001673	1	HPCLAS_TRAIN_P_001673	1	A_clean_core	1.625694710575956	0.8355790033717364	1
layer24_mean	rbf_svm	HPCLAS_TRAIN_P_001687	1	HPCLAS_TRAIN_P_001687	1	A_clean_core	1.978160249299047	0.8784849069496717	1
layer24_mean	rbf_svm	HPCLAS_TRAIN_P_001694	1	HPCLAS_TRAIN_P_001694	1	A_clean_core	1.0167766762675479	0.7343442597222362	1
layer24_mean	rbf_svm	HPCLAS_TRAIN_P_001695	1	HPCLAS_TRAIN_P_001695	1	A_clean_core	2.1848015559271587	0.8988763589173545	1
layer24_mean	rbf_svm	HPCLAS_TRAIN_P_001720	1	HPCLAS_TRAIN_P_001720	1	D_hard_sample	1.4510837626165842	0.8101651700698728	1
layer24_mean	rbf_svm	HPCLAS_TRAIN_P_001730	1	HPCLAS_TRAIN_P_001730	1	D_hard_sample	0.17175859642587357	0.5428343959986276	1
layer24_mean	rbf_svm	HPCLAS_TRAIN_P_001732	1	HPCLAS_TRAIN_P_001732	1	A_clean_core	2.8641227510664637	0.9460441312397682	1
layer24_mean	rbf_svm	HPCLAS_TRAIN_P_001734	1	HPCLAS_TRAIN_P_001734	1	A_clean_core	-1.465983903598958	0.18755380844805783	0
layer24_mean	rbf_svm	HPCLAS_TRAIN_P_001739	1	HPCLAS_TRAIN_P_001739	1	A_clean_core	1.4761314619547385	0.8139875496769557	1
layer24_mean	rbf_svm	HPCLAS_TRAIN_P_001741	1	HPCLAS_TRAIN_P_001741	1	A_clean_core	0.24128385155889234	0.5600300100050891	1
layer24_mean	rbf_svm	HPCLAS_TRAIN_P_001757	1	HPCLAS_TRAIN_P_001757	1	A_clean_core	1.3386188875489817	0.7922627262529952	1
layer24_mean	rbf_svm	HPCLAS_TRAIN_P_001773	1	HPCLAS_TRAIN_P_001773	1	D_hard_sample	0.990211260763462	0.7291296482861243	1
layer24_mean	rbf_svm	HPCLAS_TRAIN_P_001774	1	HPCLAS_TRAIN_P_001774	1	D_hard_sample	1.7909882199088027	0.8570483924354431	1
layer24_mean	rbf_svm	HPCLAS_TRAIN_P_001776	1	HPCLAS_TRAIN_P_001776	1	A_clean_core	3.5484553614601313	0.9720354696549337	1
layer24_mean	rbf_svm	HPCLAS_TRAIN_P_001777	1	HPCLAS_TRAIN_P_001777	1	A_clean_core	1.0989842754987984	0.7500697410442624	1
layer24_mean	rbf_svm	HPCLAS_TRAIN_P_001778	1	HPCLAS_TRAIN_P_001778	1	A_clean_core	1.1334878638813541	0.7564819975103075	1
layer24_mean	rbf_svm	HPCLAS_TRAIN_P_001784	1	HPCLAS_TRAIN_P_001784	1	A_clean_core	2.1082319814988293	0.8917007129211152	1
layer24_mean	rbf_svm	HPCLAS_TRAIN_P_001788	1	HPCLAS_TRAIN_P_001788	1	D_hard_sample	0.9270295550535751	0.7164722582165911	1
layer24_mean	rbf_svm	HPCLAS_TRAIN_P_001798	1	HPCLAS_TRAIN_P_001798	1	A_clean_core	-0.5021696401784138	0.3770309309356569	0
layer24_mean	rbf_svm	HPCLAS_TRAIN_P_001801	1	HPCLAS_TRAIN_P_001801	1	A_clean_core	1.6512227566696493	0.8390562410069718	1
layer24_mean	rbf_svm	HPCLAS_TRAIN_P_001805	1	HPCLAS_TRAIN_P_001805	1	A_clean_core	1.9874862629644379	0.8794769423838754	1
layer24_mean	rbf_svm	HPCLAS_TRAIN_P_001807	1	HPCLAS_TRAIN_P_001807	1	A_clean_core	-0.0007978480223969908	0.4998005380049816	0
layer24_mean	rbf_svm	HPCLAS_TRAIN_P_001811	1	HPCLAS_TRAIN_P_001811	1	A_clean_core	4.165673867042439	0.984717913117501	1
layer24_mean	rbf_svm	HPCLAS_TRAIN_P_001832	1	HPCLAS_TRAIN_P_001832	1	D_hard_sample	-1.0856178096681257	0.2524443712496504	0
layer24_mean	rbf_svm	HPCLAS_TRAIN_P_001837	1	HPCLAS_TRAIN_P_001837	1	A_clean_core	1.3456474623135166	0.7934171305324572	1
layer24_mean	rbf_svm	HPCLAS_TRAIN_P_001839	1	HPCLAS_TRAIN_P_001839	1	D_hard_sample	-1.0633052141893575	0.25667833079847796	0
layer24_mean	rbf_svm	HPCLAS_TRAIN_P_001843	1	HPCLAS_TRAIN_P_001843	1	D_hard_sample	0.16526174436657623	0.5412216601800935	1
layer24_mean	rbf_svm	HPCLAS_TRAIN_P_001844	1	HPCLAS_TRAIN_P_001844	1	A_clean_core	1.58083346720595	0.8293225248726707	1
layer24_mean	rbf_svm	HPCLAS_TRAIN_P_001861	1	HPCLAS_TRAIN_P_001861	1	A_clean_core	4.514516652732827	0.989169684035766	1
layer24_mean	rbf_svm	HPCLAS_TRAIN_P_001863	1	HPCLAS_TRAIN_P_001863	1	A_clean_core	3.4274142611794582	0.968550400149716	1
layer24_mean	rbf_svm	HPCLAS_TRAIN_P_001871	1	HPCLAS_TRAIN_P_001871	1	A_clean_core	0.21238190787044045	0.5528967957130688	1
layer24_mean	rbf_svm	HPCLAS_TRAIN_P_001873	1	HPCLAS_TRAIN_P_001873	1	A_clean_core	-0.6001701398030806	0.3543047694332997	0
layer24_mean	rbf_svm	HPCLAS_TRAIN_P_001874	1	HPCLAS_TRAIN_P_001874	1	A_clean_core	1.2619254924233667	0.7793573924885123	1
layer24_mean	rbf_svm	HPCLAS_TRAIN_P_001877	1	HPCLAS_TRAIN_P_001877	1	A_clean_core	1.2273960838728493	0.7733625031245033	1
layer24_mean	rbf_svm	HPCLAS_TRAIN_P_001880	1	HPCLAS_TRAIN_P_001880	1	B_ambiguous	0.14256223488113476	0.535580317951601	1
layer24_mean	rbf_svm	HPCLAS_TRAIN_P_001881	1	HPCLAS_TRAIN_P_001881	1	A_clean_core	3.157918942023109	0.9592196187235902	1
layer24_mean	rbf_svm	HPCLAS_TRAIN_P_001886	1	HPCLAS_TRAIN_P_001886	1	D_hard_sample	-0.19816518547185663	0.45062019109290524	0
layer24_mean	rbf_svm	HPCLAS_TRAIN_P_001894	1	HPCLAS_TRAIN_N_005096	1	B_ambiguous	-0.6892307061122648	0.3342042283481808	0
layer24_mean	rbf_svm	HPCLAS_TRAIN_P_001902	1	HPCLAS_TRAIN_P_001902	1	D_hard_sample	1.1368242550007106	0.7570960913582879	1
layer24_mean	rbf_svm	HPCLAS_TRAIN_P_001914	1	HPCLAS_TRAIN_P_001914	1	A_clean_core	0.8657473872146944	0.7038600479309419	1
layer24_mean	rbf_svm	HPCLAS_TRAIN_P_001924	1	HPCLAS_TRAIN_P_001924	1	D_hard_sample	1.0167059363919586	0.7343304593627334	1
layer24_mean	rbf_svm	HPCLAS_TRAIN_P_001925	1	HPCLAS_TRAIN_P_001925	1	A_clean_core	0.9916243848743765	0.7294086493550205	1
layer24_mean	rbf_svm	HPCLAS_TRAIN_P_001929	1	HPCLAS_TRAIN_P_001929	1	A_clean_core	1.3857335100471935	0.7999102487295922	1
layer24_mean	rbf_svm	HPCLAS_TRAIN_P_001931	1	HPCLAS_TRAIN_P_001931	1	A_clean_core	3.7023886169579288	0.9759291544688433	1
layer24_mean	rbf_svm	HPCLAS_TRAIN_P_001933	1	HPCLAS_TRAIN_P_001933	1	A_clean_core	4.785099554939123	0.9917159073505831	1
layer24_mean	rbf_svm	HPCLAS_TRAIN_P_001934	1	HPCLAS_TRAIN_P_001934	1	A_clean_core	1.3939699673512536	0.8012252695754315	1
layer24_mean	rbf_svm	HPCLAS_TRAIN_P_001935	1	HPCLAS_TRAIN_P_001935	1	D_hard_sample	-0.6329997634320215	0.34683066206352586	0
layer24_mean	rbf_svm	HPCLAS_TRAIN_P_001938	1	HPCLAS_TRAIN_P_001938	1	D_hard_sample	0.23260446365152157	0.5578903387012815	1
layer24_mean	rbf_svm	HPCLAS_TRAIN_P_001951	1	HPCLAS_TRAIN_P_001951	1	A_clean_core	1.444988503892151	0.8092259614052496	1
layer24_mean	rbf_svm	HPCLAS_TRAIN_P_001963	1	HPCLAS_TRAIN_P_001963	1	D_hard_sample	0.3832811283725118	0.5946642268172735	1
layer24_mean	rbf_svm	HPCLAS_TRAIN_P_001974	1	HPCLAS_TRAIN_P_001974	1	A_clean_core	1.7019349117582143	0.8457872765890552	1
layer24_mean	rbf_svm	HPCLAS_TRAIN_P_001988	1	HPCLAS_TRAIN_P_001988	1	A_clean_core	2.0099522740242857	0.8818380492488067	1
layer24_mean	rbf_svm	HPCLAS_TRAIN_P_001990	1	HPCLAS_TRAIN_P_001990	1	A_clean_core	-0.16827972971289837	0.4580290655034938	0
layer24_mean	rbf_svm	HPCLAS_TRAIN_P_002001	1	HPCLAS_TRAIN_P_002001	1	A_clean_core	1.2558063926043408	0.7783033569698399	1
layer24_mean	rbf_svm	HPCLAS_TRAIN_P_002006	1	HPCLAS_TRAIN_P_002006	1	D_hard_sample	1.1210725678573288	0.7541876125708907	1
layer24_mean	rbf_svm	HPCLAS_TRAIN_P_002020	1	HPCLAS_TRAIN_P_002020	1	A_clean_core	2.8023951820746533	0.9428051180741286	1
layer24_mean	rbf_svm	HPCLAS_TRAIN_P_002023	1	HPCLAS_TRAIN_P_002023	1	A_clean_core	1.1576257494646747	0.7609010335034349	1
layer24_mean	rbf_svm	HPCLAS_TRAIN_P_002024	1	HPCLAS_TRAIN_P_002024	1	B_ambiguous	1.063040716576216	0.7432712012466781	1
layer24_mean	rbf_svm	HPCLAS_TRAIN_P_002026	1	HPCLAS_TRAIN_P_005775	1	A_clean_core	2.894369420563646	0.9475673943786531	1
layer24_mean	rbf_svm	HPCLAS_TRAIN_P_002030	1	HPCLAS_TRAIN_P_002030	1	A_clean_core	-0.14873608406711855	0.46288437772517904	0
layer24_mean	rbf_svm	HPCLAS_TRAIN_P_002034	1	HPCLAS_TRAIN_P_002034	1	A_clean_core	1.665410809930225	0.8409630034399191	1
layer24_mean	rbf_svm	HPCLAS_TRAIN_P_002043	1	HPCLAS_TRAIN_P_002043	1	A_clean_core	1.1610677761803907	0.7615266811965592	1
layer24_mean	rbf_svm	HPCLAS_TRAIN_P_002053	1	HPCLAS_TRAIN_P_002053	1	A_clean_core	3.268211268728741	0.9633220233669404	1
layer24_mean	rbf_svm	HPCLAS_TRAIN_P_002055	1	HPCLAS_TRAIN_P_002055	1	A_clean_core	3.633073977501393	0.9742460023551401	1
layer24_mean	rbf_svm	HPCLAS_TRAIN_P_002059	1	HPCLAS_TRAIN_P_002059	1	A_clean_core	0.9479388004046588	0.7207004652700706	1
layer24_mean	rbf_svm	HPCLAS_TRAIN_P_002061	1	HPCLAS_TRAIN_P_002061	1	A_clean_core	1.0256574205955897	0.73607313050249	1
layer24_mean	rbf_svm	HPCLAS_TRAIN_P_002074	1	HPCLAS_TRAIN_P_002074	1	A_clean_core	1.0808277007206664	0.7466505860552868	1
layer24_mean	rbf_svm	HPCLAS_TRAIN_P_002088	1	HPCLAS_TRAIN_P_002088	1	A_clean_core	2.5443242686641856	0.9271912873982532	1
layer24_mean	rbf_svm	HPCLAS_TRAIN_P_002102	1	HPCLAS_TRAIN_P_002102	1	A_clean_core	2.5701301660544003	0.9289142915895513	1
layer24_mean	rbf_svm	HPCLAS_TRAIN_P_002108	1	HPCLAS_TRAIN_P_002108	1	A_clean_core	0.7940544938416053	0.6887012453475033	1
layer24_mean	rbf_svm	HPCLAS_TRAIN_P_002109	1	HPCLAS_TRAIN_P_002109	1	A_clean_core	1.943841791209492	0.8747735978360681	1
layer24_mean	rbf_svm	HPCLAS_TRAIN_P_002114	1	HPCLAS_TRAIN_P_002114	1	A_clean_core	2.511505481758534	0.9249444712534879	1
layer24_mean	rbf_svm	HPCLAS_TRAIN_P_002131	1	HPCLAS_TRAIN_P_002131	1	A_clean_core	0.9059128018367745	0.7121630680008162	1
layer24_mean	rbf_svm	HPCLAS_TRAIN_P_002133	1	HPCLAS_TRAIN_P_002133	1	A_clean_core	0.42216068494084	0.6040001670127286	1
layer24_mean	rbf_svm	HPCLAS_TRAIN_P_002134	1	HPCLAS_TRAIN_P_002134	1	A_clean_core	2.1353141548164474	0.8942884442433378	1
layer24_mean	rbf_svm	HPCLAS_TRAIN_P_002152	1	HPCLAS_TRAIN_P_002152	1	D_hard_sample	-0.9693926271822945	0.27500158104772915	0
layer24_mean	rbf_svm	HPCLAS_TRAIN_P_002164	1	HPCLAS_TRAIN_N_000972	1	B_ambiguous	-0.4725578568910179	0.3840110121417992	0
layer24_mean	rbf_svm	HPCLAS_TRAIN_P_002168	1	HPCLAS_TRAIN_P_002168	1	D_hard_sample	0.7626372671381173	0.6819260389756623	1
layer24_mean	rbf_svm	HPCLAS_TRAIN_P_002171	1	HPCLAS_TRAIN_P_002171	1	A_clean_core	0.8373809138817264	0.6979133196356714	1
layer24_mean	rbf_svm	HPCLAS_TRAIN_P_002180	1	HPCLAS_TRAIN_P_002180	1	A_clean_core	2.370495918804782	0.9145496238984118	1
layer24_mean	rbf_svm	HPCLAS_TRAIN_P_002182	1	HPCLAS_TRAIN_P_002182	1	A_clean_core	0.5586413213124973	0.6361381100045207	1
layer24_mean	rbf_svm	HPCLAS_TRAIN_P_002199	1	HPCLAS_TRAIN_P_002199	1	A_clean_core	3.2666414713462433	0.9632665178237955	1
layer24_mean	rbf_svm	HPCLAS_TRAIN_P_002206	1	HPCLAS_TRAIN_P_002206	1	A_clean_core	1.0336243078531686	0.7376179399247108	1
layer24_mean	rbf_svm	HPCLAS_TRAIN_P_002210	1	HPCLAS_TRAIN_P_002210	1	A_clean_core	0.5507944188234476	0.6343198826019874	1
layer24_mean	rbf_svm	HPCLAS_TRAIN_P_002212	1	HPCLAS_TRAIN_P_002212	1	A_clean_core	0.40941677110367436	0.6009480232584139	1
layer24_mean	rbf_svm	HPCLAS_TRAIN_P_002215	1	HPCLAS_TRAIN_P_002215	1	D_hard_sample	0.40744399514415275	0.6004748387684534	1
layer24_mean	rbf_svm	HPCLAS_TRAIN_P_002219	1	HPCLAS_TRAIN_P_002219	1	A_clean_core	1.2105503760995926	0.7703963172685241	1
layer24_mean	rbf_svm	HPCLAS_TRAIN_P_002224	1	HPCLAS_TRAIN_P_002224	1	A_clean_core	0.8203917597122427	0.6943194934927933	1
layer24_mean	rbf_svm	HPCLAS_TRAIN_P_002226	1	HPCLAS_TRAIN_P_002226	1	A_clean_core	1.6275276171026696	0.8358306655463414	1
layer24_mean	rbf_svm	HPCLAS_TRAIN_P_002227	1	HPCLAS_TRAIN_P_002227	1	A_clean_core	1.8744398253871912	0.8669711669325311	1
layer24_mean	rbf_svm	HPCLAS_TRAIN_P_002234	1	HPCLAS_TRAIN_P_002234	1	D_hard_sample	0.7768953008721661	0.6850105947660184	1
layer24_mean	rbf_svm	HPCLAS_TRAIN_P_002241	1	HPCLAS_TRAIN_P_002241	1	A_clean_core	2.6232223898873928	0.9323412615188693	1
layer24_mean	rbf_svm	HPCLAS_TRAIN_P_002245	1	HPCLAS_TRAIN_P_002245	1	A_clean_core	2.7158662115056598	0.9379564063524904	1
layer24_mean	rbf_svm	HPCLAS_TRAIN_P_002264	1	HPCLAS_TRAIN_P_002264	1	D_hard_sample	0.642042170611885	0.6552149500573529	1
layer24_mean	rbf_svm	HPCLAS_TRAIN_P_002272	1	HPCLAS_TRAIN_N_002413	1	B_ambiguous	1.2590390630386037	0.7788606434805644	1
layer24_mean	rbf_svm	HPCLAS_TRAIN_P_002277	1	HPCLAS_TRAIN_P_002277	1	A_clean_core	0.4899710353501302	0.6200996089880382	1
layer24_mean	rbf_svm	HPCLAS_TRAIN_P_002281	1	HPCLAS_TRAIN_P_002281	1	A_clean_core	0.2783653688995592	0.5691454268728618	1
layer24_mean	rbf_svm	HPCLAS_TRAIN_P_002302	1	HPCLAS_TRAIN_P_002302	1	D_hard_sample	-1.1736316385978136	0.23619917596776033	0
layer24_mean	rbf_svm	HPCLAS_TRAIN_P_002311	1	HPCLAS_TRAIN_P_002311	1	D_hard_sample	0.7848915006397288	0.6867333855797164	1
layer24_mean	rbf_svm	HPCLAS_TRAIN_P_002312	1	HPCLAS_TRAIN_P_002312	1	A_clean_core	3.8617330235107885	0.9794016938793229	1
layer24_mean	rbf_svm	HPCLAS_TRAIN_P_002318	1	HPCLAS_TRAIN_P_002318	1	D_hard_sample	-0.8970390023948467	0.28965936315837937	0
layer24_mean	rbf_svm	HPCLAS_TRAIN_P_002323	1	HPCLAS_TRAIN_P_002323	1	A_clean_core	0.3432804302342465	0.5849871579296752	1
layer24_mean	rbf_svm	HPCLAS_TRAIN_P_002329	1	HPCLAS_TRAIN_P_002329	1	A_clean_core	3.3046804736109707	0.9645890299238559	1
layer24_mean	rbf_svm	HPCLAS_TRAIN_P_002333	1	HPCLAS_TRAIN_P_002333	1	A_clean_core	1.0020268661769909	0.731456898028261	1
layer24_mean	rbf_svm	HPCLAS_TRAIN_P_002345	1	HPCLAS_TRAIN_P_002345	1	A_clean_core	3.509024631308524	0.9709434594467795	1
layer24_mean	rbf_svm	HPCLAS_TRAIN_P_002354	1	HPCLAS_TRAIN_P_002354	1	A_clean_core	0.40854095840312743	0.6007379764984442	1
layer24_mean	rbf_svm	HPCLAS_TRAIN_P_002367	1	HPCLAS_TRAIN_P_002367	1	A_clean_core	2.170458703728275	0.8975651483641695	1
layer24_mean	rbf_svm	HPCLAS_TRAIN_P_002386	1	HPCLAS_TRAIN_P_002386	1	A_clean_core	4.326024243740999	0.986952485521239	1
layer24_mean	rbf_svm	HPCLAS_TRAIN_P_002387	1	HPCLAS_TRAIN_P_002387	1	A_clean_core	0.4700434449563031	0.6153940391781408	1
layer24_mean	rbf_svm	HPCLAS_TRAIN_P_002393	1	HPCLAS_TRAIN_P_002393	1	A_clean_core	0.38324203896489795	0.5946548047230337	1
layer24_mean	rbf_svm	HPCLAS_TRAIN_P_002401	1	HPCLAS_TRAIN_P_002401	1	A_clean_core	1.1392531431231367	0.7575424887940071	1
layer24_mean	rbf_svm	HPCLAS_TRAIN_P_002420	1	HPCLAS_TRAIN_P_002420	1	A_clean_core	5.332034619957536	0.9951890331021808	1
layer24_mean	rbf_svm	HPCLAS_TRAIN_P_002421	1	HPCLAS_TRAIN_P_002421	1	A_clean_core	4.87963765686197	0.9924575535850106	1
layer24_mean	rbf_svm	HPCLAS_TRAIN_P_002423	1	HPCLAS_TRAIN_P_002423	1	A_clean_core	1.2159365778168039	0.771347672176534	1
layer24_mean	rbf_svm	HPCLAS_TRAIN_P_002424	1	HPCLAS_TRAIN_P_002424	1	A_clean_core	2.962194938467256	0.9508367006938401	1
layer24_mean	rbf_svm	HPCLAS_TRAIN_P_002427	1	HPCLAS_TRAIN_P_002427	1	A_clean_core	0.895291141093118	0.7099808702892695	1
layer24_mean	rbf_svm	HPCLAS_TRAIN_P_002429	1	HPCLAS_TRAIN_P_002429	1	D_hard_sample	0.007767710977664627	0.5019419179802466	1
layer24_mean	rbf_svm	HPCLAS_TRAIN_P_002436	1	HPCLAS_TRAIN_P_002436	1	A_clean_core	0.9125247449769448	0.7135165257072531	1
layer24_mean	rbf_svm	HPCLAS_TRAIN_P_002444	1	HPCLAS_TRAIN_P_002444	1	A_clean_core	2.1282812864935727	0.8936217346003208	1
layer24_mean	rbf_svm	HPCLAS_TRAIN_P_002450	1	HPCLAS_TRAIN_P_002450	1	A_clean_core	0.2913572126707048	0.5723283685493729	1
layer24_mean	rbf_svm	HPCLAS_TRAIN_P_002454	1	HPCLAS_TRAIN_P_002454	1	A_clean_core	0.48595356041922944	0.6191527323848433	1
layer24_mean	rbf_svm	HPCLAS_TRAIN_P_002466	1	HPCLAS_TRAIN_P_002466	1	A_clean_core	3.8543028457338706	0.9792512622031297	1
layer24_mean	rbf_svm	HPCLAS_TRAIN_P_002485	1	HPCLAS_TRAIN_P_002485	1	A_clean_core	-1.6330032947049151	0.16341935522728954	0
layer24_mean	rbf_svm	HPCLAS_TRAIN_P_002486	1	HPCLAS_TRAIN_P_002486	1	A_clean_core	2.5648175659487022	0.9285626868038777	1
layer24_mean	rbf_svm	HPCLAS_TRAIN_P_002487	1	HPCLAS_TRAIN_P_002487	1	A_clean_core	2.0227342928305965	0.8831634449742028	1
layer24_mean	rbf_svm	HPCLAS_TRAIN_P_002491	1	HPCLAS_TRAIN_P_002491	1	A_clean_core	1.135990654462229	0.7569427580328401	1
layer24_mean	rbf_svm	HPCLAS_TRAIN_P_002492	1	HPCLAS_TRAIN_P_002492	1	A_clean_core	1.8014961589523728	0.8583309639680363	1
layer24_mean	rbf_svm	HPCLAS_TRAIN_P_002493	1	HPCLAS_TRAIN_N_000464	1	B_ambiguous	-0.4828221519389161	0.38158593696470033	0
layer24_mean	rbf_svm	HPCLAS_TRAIN_P_002494	1	HPCLAS_TRAIN_P_002494	1	A_clean_core	0.02845139470602323	0.5071123689051772	1
layer24_mean	rbf_svm	HPCLAS_TRAIN_P_002495	1	HPCLAS_TRAIN_P_002495	1	A_clean_core	2.6889240479702656	0.9363699051288835	1
layer24_mean	rbf_svm	HPCLAS_TRAIN_P_002502	1	HPCLAS_TRAIN_P_002502	1	A_clean_core	1.0927731384927477	0.7489035618907397	1
layer24_mean	rbf_svm	HPCLAS_TRAIN_P_002505	1	HPCLAS_TRAIN_P_002505	1	A_clean_core	1.447858724034731	0.8096686707663573	1
layer24_mean	rbf_svm	HPCLAS_TRAIN_P_002507	1	HPCLAS_TRAIN_P_002507	1	A_clean_core	2.830142572350241	0.9442831036376632	1
layer24_mean	rbf_svm	HPCLAS_TRAIN_P_002514	1	HPCLAS_TRAIN_P_002514	1	A_clean_core	-0.4767063179264305	0.38303018133528033	0
layer24_mean	rbf_svm	HPCLAS_TRAIN_P_002520	1	HPCLAS_TRAIN_P_002520	1	A_clean_core	2.457260184162043	0.9210907555637013	1
layer24_mean	rbf_svm	HPCLAS_TRAIN_P_002532	1	HPCLAS_TRAIN_P_002532	1	B_ambiguous	0.6081808793706747	0.6475257244801463	1
layer24_mean	rbf_svm	HPCLAS_TRAIN_P_002552	1	HPCLAS_TRAIN_P_002552	1	A_clean_core	0.8719538003885158	0.7051520805228546	1
layer24_mean	rbf_svm	HPCLAS_TRAIN_P_002557	1	HPCLAS_TRAIN_P_002557	1	A_clean_core	0.781382827302993	0.6859780683309766	1
layer24_mean	rbf_svm	HPCLAS_TRAIN_P_002566	1	HPCLAS_TRAIN_P_002566	1	A_clean_core	0.5840212325092896	0.6419921660525947	1
layer24_mean	rbf_svm	HPCLAS_TRAIN_P_002581	1	HPCLAS_TRAIN_P_002581	1	A_clean_core	0.2367537880413482	0.558913516962605	1
layer24_mean	rbf_svm	HPCLAS_TRAIN_P_002583	1	HPCLAS_TRAIN_P_002583	1	A_clean_core	2.3867075407240708	0.9158080547332329	1
layer24_mean	rbf_svm	HPCLAS_TRAIN_P_002584	1	HPCLAS_TRAIN_P_002584	1	D_hard_sample	-0.12016373591720508	0.46999516146570186	0
layer24_mean	rbf_svm	HPCLAS_TRAIN_P_002588	1	HPCLAS_TRAIN_P_002588	1	D_hard_sample	-0.62643705870726	0.34831886224446024	0
layer24_mean	rbf_svm	HPCLAS_TRAIN_P_002597	1	HPCLAS_TRAIN_P_002597	1	A_clean_core	1.810901766200275	0.8594708255519535	1
layer24_mean	rbf_svm	HPCLAS_TRAIN_P_002603	1	HPCLAS_TRAIN_P_002603	1	D_hard_sample	-0.5929511020303442	0.3559580213146289	0
layer24_mean	rbf_svm	HPCLAS_TRAIN_P_002612	1	HPCLAS_TRAIN_P_002612	1	A_clean_core	1.4603297000969155	0.8115830963769471	1
layer24_mean	rbf_svm	HPCLAS_TRAIN_P_002616	1	HPCLAS_TRAIN_P_002616	1	D_hard_sample	0.9346857718509737	0.7180249593031752	1
layer24_mean	rbf_svm	HPCLAS_TRAIN_P_002619	1	HPCLAS_TRAIN_P_002619	1	D_hard_sample	0.776941730477902	0.685020612846127	1
layer24_mean	rbf_svm	HPCLAS_TRAIN_P_002635	1	HPCLAS_TRAIN_P_002635	1	A_clean_core	0.9749982064340751	0.7261146245705645	1
layer24_mean	rbf_svm	HPCLAS_TRAIN_P_002641	1	HPCLAS_TRAIN_P_002641	1	A_clean_core	2.2626821887197144	0.9057388748425856	1
layer24_mean	rbf_svm	HPCLAS_TRAIN_P_002654	1	HPCLAS_TRAIN_P_002654	1	A_clean_core	4.218518189300416	0.985493106613011	1
layer24_mean	rbf_svm	HPCLAS_TRAIN_P_002656	1	HPCLAS_TRAIN_P_002656	1	D_hard_sample	0.4570943511447588	0.6123246495241959	1
layer24_mean	rbf_svm	HPCLAS_TRAIN_P_002657	1	HPCLAS_TRAIN_P_002657	1	A_clean_core	1.063919779736261	0.7434389074327332	1
layer24_mean	rbf_svm	HPCLAS_TRAIN_P_002673	1	HPCLAS_TRAIN_P_002673	1	A_clean_core	0.6020704508088116	0.6461298497638064	1
layer24_mean	rbf_svm	HPCLAS_TRAIN_P_002684	1	HPCLAS_TRAIN_P_002684	1	A_clean_core	1.9872810875180837	0.8794551926574101	1
layer24_mean	rbf_svm	HPCLAS_TRAIN_P_002687	1	HPCLAS_TRAIN_P_002687	1	A_clean_core	0.8378742242401561	0.6980173142599838	1
layer24_mean	rbf_svm	HPCLAS_TRAIN_P_002690	1	HPCLAS_TRAIN_P_002690	1	A_clean_core	2.692217916865132	0.9365658762837022	1
layer24_mean	rbf_svm	HPCLAS_TRAIN_P_002702	1	HPCLAS_TRAIN_P_002702	1	D_hard_sample	0.9197461576473357	0.7149903807487344	1
layer24_mean	rbf_svm	HPCLAS_TRAIN_P_002703	1	HPCLAS_TRAIN_P_002703	1	A_clean_core	1.4535538651098288	0.8105447748009673	1
layer24_mean	rbf_svm	HPCLAS_TRAIN_P_002705	1	HPCLAS_TRAIN_P_002705	1	A_clean_core	2.9954179596566948	0.9523666957554087	1
layer24_mean	rbf_svm	HPCLAS_TRAIN_P_002714	1	HPCLAS_TRAIN_P_002714	1	A_clean_core	1.2572617181453243	0.7785543676682662	1
layer24_mean	rbf_svm	HPCLAS_TRAIN_P_002727	1	HPCLAS_TRAIN_P_002727	1	A_clean_core	4.9634916832819815	0.9930600163516909	1
layer24_mean	rbf_svm	HPCLAS_TRAIN_P_002730	1	HPCLAS_TRAIN_P_002730	1	A_clean_core	1.21064111868006	0.7704123679514944	1
layer24_mean	rbf_svm	HPCLAS_TRAIN_P_002740	1	HPCLAS_TRAIN_P_002740	1	A_clean_core	3.765332486081723	0.9773643294982494	1
layer24_mean	rbf_svm	HPCLAS_TRAIN_P_002749	1	HPCLAS_TRAIN_P_002749	1	A_clean_core	1.7240333948464606	0.8486476338953518	1
layer24_mean	rbf_svm	HPCLAS_TRAIN_P_002757	1	HPCLAS_TRAIN_P_002757	1	A_clean_core	0.7314345721807877	0.6751200005941991	1
layer24_mean	rbf_svm	HPCLAS_TRAIN_P_002762	1	HPCLAS_TRAIN_P_002762	1	A_clean_core	3.6808726277298107	0.9754185034900226	1
layer24_mean	rbf_svm	HPCLAS_TRAIN_P_002763	1	HPCLAS_TRAIN_P_002763	1	A_clean_core	0.8840688938669304	0.7076646857428388	1
layer24_mean	rbf_svm	HPCLAS_TRAIN_P_002770	1	HPCLAS_TRAIN_N_003024	1	B_ambiguous	0.12816588423872924	0.5319976822355982	1
layer24_mean	rbf_svm	HPCLAS_TRAIN_P_002780	1	HPCLAS_TRAIN_P_002780	1	A_clean_core	-0.46136552447143886	0.38666193353419	0
layer24_mean	rbf_svm	HPCLAS_TRAIN_P_002782	1	HPCLAS_TRAIN_P_002782	1	A_clean_core	0.9103681428657738	0.7130754902619045	1
layer24_mean	rbf_svm	HPCLAS_TRAIN_P_002783	1	HPCLAS_TRAIN_P_002783	1	A_clean_core	2.8645872396946848	0.9460678359796905	1
layer24_mean	rbf_svm	HPCLAS_TRAIN_P_002784	1	HPCLAS_TRAIN_P_002784	1	A_clean_core	0.8530126494365221	0.7011987323374403	1
layer24_mean	rbf_svm	HPCLAS_TRAIN_P_002793	1	HPCLAS_TRAIN_P_002793	1	A_clean_core	0.8338333562843773	0.6971648622259611	1
layer24_mean	rbf_svm	HPCLAS_TRAIN_P_002794	1	HPCLAS_TRAIN_P_002794	1	A_clean_core	1.8256580565119735	0.8612436648853833	1
layer24_mean	rbf_svm	HPCLAS_TRAIN_P_002799	1	HPCLAS_TRAIN_P_002799	1	A_clean_core	1.3362640656933733	0.7918748970524905	1
layer24_mean	rbf_svm	HPCLAS_TRAIN_P_002800	1	HPCLAS_TRAIN_P_002800	1	D_hard_sample	1.0337561152465822	0.7376434488274322	1
layer24_mean	rbf_svm	HPCLAS_TRAIN_P_002802	1	HPCLAS_TRAIN_P_002802	1	A_clean_core	1.0425208279922336	0.7393361086062481	1
layer24_mean	rbf_svm	HPCLAS_TRAIN_P_002817	1	HPCLAS_TRAIN_P_002817	1	A_clean_core	-0.023555436811038583	0.49411141307248235	0
layer24_mean	rbf_svm	HPCLAS_TRAIN_P_002824	1	HPCLAS_TRAIN_P_002824	1	A_clean_core	1.6403913264418315	0.8375881782401475	1
layer24_mean	rbf_svm	HPCLAS_TRAIN_P_002826	1	HPCLAS_TRAIN_P_002826	1	D_hard_sample	0.07044942803930498	0.5176050762670779	1
layer24_mean	rbf_svm	HPCLAS_TRAIN_P_002832	1	HPCLAS_TRAIN_P_002832	1	A_clean_core	1.0019962193960228	0.7314508781087283	1
layer24_mean	rbf_svm	HPCLAS_TRAIN_P_002846	1	HPCLAS_TRAIN_N_002191	1	B_ambiguous	1.1549029716806791	0.7604053249364406	1
layer24_mean	rbf_svm	HPCLAS_TRAIN_P_002848	1	HPCLAS_TRAIN_P_002848	1	A_clean_core	-0.5691695679563302	0.3614284647837003	0
layer24_mean	rbf_svm	HPCLAS_TRAIN_P_002851	1	HPCLAS_TRAIN_P_002851	1	A_clean_core	0.9999594213415824	0.731050600306721	1
layer24_mean	rbf_svm	HPCLAS_TRAIN_P_002854	1	HPCLAS_TRAIN_P_002854	1	D_hard_sample	0.040997926709181925	0.510248046282208	1
layer24_mean	rbf_svm	HPCLAS_TRAIN_P_002855	1	HPCLAS_TRAIN_P_002855	1	A_clean_core	1.8491235069602316	0.8640241598214548	1
layer24_mean	rbf_svm	HPCLAS_TRAIN_P_002863	1	HPCLAS_TRAIN_P_002863	1	A_clean_core	1.0131875293480392	0.7336434903446215	1
layer24_mean	rbf_svm	HPCLAS_TRAIN_P_002875	1	HPCLAS_TRAIN_P_002875	1	A_clean_core	1.041424414307965	0.7391247542642161	1
layer24_mean	rbf_svm	HPCLAS_TRAIN_P_002879	1	HPCLAS_TRAIN_P_002879	1	A_clean_core	1.8862950911275476	0.8683325217947727	1
layer24_mean	rbf_svm	HPCLAS_TRAIN_P_002883	1	HPCLAS_TRAIN_P_002883	1	A_clean_core	0.6642695125501017	0.6602188220654588	1
layer24_mean	rbf_svm	HPCLAS_TRAIN_P_002894	1	HPCLAS_TRAIN_P_002894	1	A_clean_core	1.9486367714228874	0.8752979195191214	1
layer24_mean	rbf_svm	HPCLAS_TRAIN_P_002895	1	HPCLAS_TRAIN_P_002895	1	A_clean_core	1.0605600897636132	0.7427975646344186	1
layer24_mean	rbf_svm	HPCLAS_TRAIN_P_002897	1	HPCLAS_TRAIN_P_002897	1	A_clean_core	-0.025263985357675184	0.49368433958117297	0
layer24_mean	rbf_svm	HPCLAS_TRAIN_P_002898	1	HPCLAS_TRAIN_P_002898	1	A_clean_core	1.593607833866189	0.831123094715056	1
layer24_mean	rbf_svm	HPCLAS_TRAIN_P_002901	1	HPCLAS_TRAIN_P_002901	1	A_clean_core	0.04100933743375734	0.5102508977646361	1
layer24_mean	rbf_svm	HPCLAS_TRAIN_P_002904	1	HPCLAS_TRAIN_P_002904	1	A_clean_core	5.2963478476722665	0.9950151162579361	1
layer24_mean	rbf_svm	HPCLAS_TRAIN_P_002911	1	HPCLAS_TRAIN_P_002911	1	A_clean_core	2.412842636726997	0.9178013909218805	1
layer24_mean	rbf_svm	HPCLAS_TRAIN_P_002916	1	HPCLAS_TRAIN_P_002916	1	A_clean_core	1.1085044049324302	0.7518501811605005	1
layer24_mean	rbf_svm	HPCLAS_TRAIN_P_002921	1	HPCLAS_TRAIN_P_002921	1	A_clean_core	0.8063839762033888	0.6913384167366234	1
layer24_mean	rbf_svm	HPCLAS_TRAIN_P_002931	1	HPCLAS_TRAIN_P_002931	1	A_clean_core	0.47386460144433595	0.6162980468927238	1
layer24_mean	rbf_svm	HPCLAS_TRAIN_P_002936	1	HPCLAS_TRAIN_P_002936	1	A_clean_core	3.028097028373273	0.9538274371827572	1
layer24_mean	rbf_svm	HPCLAS_TRAIN_P_002956	1	HPCLAS_TRAIN_P_002956	1	B_ambiguous	0.5581254516834651	0.636018695127078	1
layer24_mean	rbf_svm	HPCLAS_TRAIN_P_002958	1	HPCLAS_TRAIN_P_002958	1	A_clean_core	1.3180158357049838	0.7888514038756526	1
layer24_mean	rbf_svm	HPCLAS_TRAIN_P_002964	1	HPCLAS_TRAIN_P_002964	1	A_clean_core	-0.3881175661295768	0.4041705403485302	0
layer24_mean	rbf_svm	HPCLAS_TRAIN_P_002966	1	HPCLAS_TRAIN_P_002966	1	A_clean_core	-0.7704169515433097	0.31638891817426595	0
layer24_mean	rbf_svm	HPCLAS_TRAIN_P_002970	1	HPCLAS_TRAIN_P_002970	1	A_clean_core	0.00541362519532021	0.5013534029934451	1
layer24_mean	rbf_svm	HPCLAS_TRAIN_P_002980	1	HPCLAS_TRAIN_P_002980	1	A_clean_core	1.6684265941132912	0.8413659325485545	1
layer24_mean	rbf_svm	HPCLAS_TRAIN_P_002983	1	HPCLAS_TRAIN_P_002983	1	A_clean_core	2.261030708497271	0.9055977836152943	1
layer24_mean	rbf_svm	HPCLAS_TRAIN_P_002997	1	HPCLAS_TRAIN_P_002997	1	A_clean_core	3.0458416530159274	0.9546026589149873	1
layer24_mean	rbf_svm	HPCLAS_TRAIN_P_003001	1	HPCLAS_TRAIN_P_003001	1	A_clean_core	-0.5019189295434519	0.37708981931582086	0
layer24_mean	rbf_svm	HPCLAS_TRAIN_P_003002	1	HPCLAS_TRAIN_P_003002	1	A_clean_core	3.5061198792682005	0.9708613976320528	1
layer24_mean	rbf_svm	HPCLAS_TRAIN_P_003004	1	HPCLAS_TRAIN_P_003004	1	A_clean_core	0.702092535015215	0.6686515507279559	1
layer24_mean	rbf_svm	HPCLAS_TRAIN_P_003013	1	HPCLAS_TRAIN_P_003013	1	A_clean_core	-1.0450879319406055	0.26016946771775545	0
layer24_mean	rbf_svm	HPCLAS_TRAIN_P_003015	1	HPCLAS_TRAIN_P_003015	1	A_clean_core	1.1035774455948126	0.7509298108493606	1
layer24_mean	rbf_svm	HPCLAS_TRAIN_P_003017	1	HPCLAS_TRAIN_P_003017	1	A_clean_core	1.5953756527052674	0.831371076116574	1
layer24_mean	rbf_svm	HPCLAS_TRAIN_P_003018	1	HPCLAS_TRAIN_P_003018	1	A_clean_core	1.4899017482937098	0.8160635250792754	1
layer24_mean	rbf_svm	HPCLAS_TRAIN_P_003023	1	HPCLAS_TRAIN_P_003023	1	A_clean_core	1.0838861624275307	0.7472286987785545	1
layer24_mean	rbf_svm	HPCLAS_TRAIN_P_003027	1	HPCLAS_TRAIN_N_000951	1	B_ambiguous	-0.46354382546595563	0.38614546740035516	0
layer24_mean	rbf_svm	HPCLAS_TRAIN_P_003028	1	HPCLAS_TRAIN_N_002524	1	B_ambiguous	0.9536487371575485	0.721848376188677	1
layer24_mean	rbf_svm	HPCLAS_TRAIN_P_003030	1	HPCLAS_TRAIN_P_003030	1	A_clean_core	2.112501507457805	0.8921123343863141	1
layer24_mean	rbf_svm	HPCLAS_TRAIN_P_003034	1	HPCLAS_TRAIN_P_003034	1	A_clean_core	1.1988028682107974	0.768311751953413	1
layer24_mean	rbf_svm	HPCLAS_TRAIN_P_003040	1	HPCLAS_TRAIN_P_003040	1	A_clean_core	0.8666273400505909	0.7040434333423262	1
layer24_mean	rbf_svm	HPCLAS_TRAIN_P_003057	1	HPCLAS_TRAIN_P_003057	1	A_clean_core	2.287798914169706	0.9078614966576456	1
layer24_mean	rbf_svm	HPCLAS_TRAIN_P_003071	1	HPCLAS_TRAIN_P_003071	1	A_clean_core	4.207731457367995	0.9853380843797921	1
layer24_mean	rbf_svm	HPCLAS_TRAIN_P_003073	1	HPCLAS_TRAIN_P_003073	1	A_clean_core	3.1529886071235125	0.959026319870606	1
layer24_mean	rbf_svm	HPCLAS_TRAIN_P_003083	1	HPCLAS_TRAIN_P_003083	1	A_clean_core	1.0190322232356337	0.7347840454220281	1
layer24_mean	rbf_svm	HPCLAS_TRAIN_P_003086	1	HPCLAS_TRAIN_P_003086	1	A_clean_core	3.7591263577180665	0.9772266219494926	1
layer24_mean	rbf_svm	HPCLAS_TRAIN_P_003091	1	HPCLAS_TRAIN_P_003091	1	D_hard_sample	1.2504871789279823	0.7773841827861805	1
layer24_mean	rbf_svm	HPCLAS_TRAIN_P_003100	1	HPCLAS_TRAIN_P_003100	1	A_clean_core	1.182886754355659	0.765466452836047	1
layer24_mean	rbf_svm	HPCLAS_TRAIN_P_003119	1	HPCLAS_TRAIN_P_003119	1	A_clean_core	2.465779364442731	0.9217077344787011	1
layer24_mean	rbf_svm	HPCLAS_TRAIN_P_003120	1	HPCLAS_TRAIN_P_003120	1	A_clean_core	1.9522156911489055	0.8756880394636171	1
layer24_mean	rbf_svm	HPCLAS_TRAIN_P_003124	1	HPCLAS_TRAIN_P_003124	1	A_clean_core	2.1580230047004894	0.8964161199215581	1
layer24_mean	rbf_svm	HPCLAS_TRAIN_P_003125	1	HPCLAS_TRAIN_P_003125	1	A_clean_core	-0.3817585355002513	0.4057028297999911	0
layer24_mean	rbf_svm	HPCLAS_TRAIN_P_003131	1	HPCLAS_TRAIN_P_003131	1	A_clean_core	-0.14647890692086205	0.4634456093732981	0
layer24_mean	rbf_svm	HPCLAS_TRAIN_P_003140	1	HPCLAS_TRAIN_P_003140	1	D_hard_sample	0.8632533737779781	0.7033399289001567	1
layer24_mean	rbf_svm	HPCLAS_TRAIN_P_003142	1	HPCLAS_TRAIN_P_003142	1	D_hard_sample	0.5609299651181904	0.6366676889485089	1
layer24_mean	rbf_svm	HPCLAS_TRAIN_P_003147	1	HPCLAS_TRAIN_P_003147	1	D_hard_sample	-1.0424598271569576	0.26067564753821154	0
layer24_mean	rbf_svm	HPCLAS_TRAIN_P_003150	1	HPCLAS_TRAIN_P_003150	1	A_clean_core	0.8493107542630774	0.70042253746665	1
layer24_mean	rbf_svm	HPCLAS_TRAIN_P_003153	1	HPCLAS_TRAIN_P_003153	1	A_clean_core	1.7392991856774667	0.8505980271485901	1
layer24_mean	rbf_svm	HPCLAS_TRAIN_P_003158	1	HPCLAS_TRAIN_N_002779	1	B_ambiguous	0.8525862462010184	0.7011093850641386	1
layer24_mean	rbf_svm	HPCLAS_TRAIN_P_003163	1	HPCLAS_TRAIN_P_003163	1	A_clean_core	-0.6644898716587084	0.33973174653674965	0
layer24_mean	rbf_svm	HPCLAS_TRAIN_P_003169	1	HPCLAS_TRAIN_P_003169	1	D_hard_sample	1.2270219776247484	0.7732969257162058	1
layer24_mean	rbf_svm	HPCLAS_TRAIN_P_003181	1	HPCLAS_TRAIN_P_003181	1	A_clean_core	2.2267413189295167	0.9026253197853455	1
layer24_mean	rbf_svm	HPCLAS_TRAIN_P_003182	1	HPCLAS_TRAIN_P_003182	1	A_clean_core	2.911012021152779	0.9483881235216379	1
layer24_mean	rbf_svm	HPCLAS_TRAIN_P_003184	1	HPCLAS_TRAIN_P_003184	1	A_clean_core	1.5429788964054532	0.8238973519087825	1
layer24_mean	rbf_svm	HPCLAS_TRAIN_P_003187	1	HPCLAS_TRAIN_P_003187	1	A_clean_core	3.9164703417133393	0.9804774672753227	1
layer24_mean	rbf_svm	HPCLAS_TRAIN_P_003193	1	HPCLAS_TRAIN_P_003193	1	A_clean_core	1.7345336536767277	0.8499914060790668	1
layer24_mean	rbf_svm	HPCLAS_TRAIN_P_003195	1	HPCLAS_TRAIN_P_003195	1	A_clean_core	0.9544250315827222	0.7220042162970126	1
layer24_mean	rbf_svm	HPCLAS_TRAIN_P_003200	1	HPCLAS_TRAIN_P_003200	1	A_clean_core	1.212574223864367	0.7707541113417375	1
layer24_mean	rbf_svm	HPCLAS_TRAIN_P_003203	1	HPCLAS_TRAIN_P_003203	1	A_clean_core	4.018943434115422	0.9823453450071866	1
layer24_mean	rbf_svm	HPCLAS_TRAIN_P_003208	1	HPCLAS_TRAIN_P_003208	1	D_hard_sample	0.4858870088700068	0.6191370392303102	1
layer24_mean	rbf_svm	HPCLAS_TRAIN_P_003211	1	HPCLAS_TRAIN_P_003211	1	A_clean_core	0.34993759211643183	0.5866024450863331	1
layer24_mean	rbf_svm	HPCLAS_TRAIN_P_003214	1	HPCLAS_TRAIN_P_003214	1	A_clean_core	1.067564027161861	0.7441333851944012	1
layer24_mean	rbf_svm	HPCLAS_TRAIN_P_003220	1	HPCLAS_TRAIN_P_003220	1	A_clean_core	1.2877568316619765	0.7837672676648099	1
layer24_mean	rbf_svm	HPCLAS_TRAIN_P_003236	1	HPCLAS_TRAIN_P_003236	1	A_clean_core	3.852440245522519	0.9792133836665072	1
layer24_mean	rbf_svm	HPCLAS_TRAIN_P_003240	1	HPCLAS_TRAIN_P_003240	1	A_clean_core	2.084368368738119	0.889374557574246	1
layer24_mean	rbf_svm	HPCLAS_TRAIN_P_003246	1	HPCLAS_TRAIN_P_003246	1	D_hard_sample	0.3345201849532502	0.5828587992884735	1
layer24_mean	rbf_svm	HPCLAS_TRAIN_P_003250	1	HPCLAS_TRAIN_P_003250	1	D_hard_sample	0.8245914528482606	0.6952101079650186	1
layer24_mean	rbf_svm	HPCLAS_TRAIN_P_003257	1	HPCLAS_TRAIN_P_003257	1	D_hard_sample	0.9996131822191222	0.7309825188412039	1
layer24_mean	rbf_svm	HPCLAS_TRAIN_P_003259	1	HPCLAS_TRAIN_P_003259	1	A_clean_core	2.4825703483976773	0.9229108677945865	1
layer24_mean	rbf_svm	HPCLAS_TRAIN_P_003261	1	HPCLAS_TRAIN_P_003261	1	D_hard_sample	0.19441611314977428	0.548451511668343	1
layer24_mean	rbf_svm	HPCLAS_TRAIN_P_003262	1	HPCLAS_TRAIN_P_003262	1	A_clean_core	4.546484734517629	0.9895068573732958	1
layer24_mean	rbf_svm	HPCLAS_TRAIN_P_003263	1	HPCLAS_TRAIN_P_003263	1	A_clean_core	0.6262456864654785	0.6516376963674607	1
layer24_mean	rbf_svm	HPCLAS_TRAIN_P_003264	1	HPCLAS_TRAIN_P_003264	1	A_clean_core	1.5316329262654589	0.8222451052007271	1
layer24_mean	rbf_svm	HPCLAS_TRAIN_P_003292	1	HPCLAS_TRAIN_P_003292	1	A_clean_core	0.2832299013851085	0.570337898774769	1
layer24_mean	rbf_svm	HPCLAS_TRAIN_P_003296	1	HPCLAS_TRAIN_P_003296	1	A_clean_core	1.6014662942377682	0.8322232202187593	1
layer24_mean	rbf_svm	HPCLAS_TRAIN_P_003301	1	HPCLAS_TRAIN_P_003301	1	A_clean_core	2.1602903055530143	0.8966264593220881	1
layer24_mean	rbf_svm	HPCLAS_TRAIN_P_003310	1	HPCLAS_TRAIN_P_003310	1	A_clean_core	0.6612851282064663	0.6595490155634913	1
layer24_mean	rbf_svm	HPCLAS_TRAIN_P_003315	1	HPCLAS_TRAIN_P_003315	1	A_clean_core	-0.48827856763090915	0.3802991768933238	0
layer24_mean	rbf_svm	HPCLAS_TRAIN_P_003318	1	HPCLAS_TRAIN_P_003318	1	D_hard_sample	-0.11187654427670987	0.47206000011416277	0
layer24_mean	rbf_svm	HPCLAS_TRAIN_P_003322	1	HPCLAS_TRAIN_P_003322	1	A_clean_core	0.3860234902796109	0.595325070151407	1
layer24_mean	rbf_svm	HPCLAS_TRAIN_P_003326	1	HPCLAS_TRAIN_P_003326	1	D_hard_sample	-0.2236721929610371	0.4443139194791836	0
layer24_mean	rbf_svm	HPCLAS_TRAIN_P_003328	1	HPCLAS_TRAIN_P_003328	1	A_clean_core	3.3228054894578025	0.9652029403413596	1
layer24_mean	rbf_svm	HPCLAS_TRAIN_P_003338	1	HPCLAS_TRAIN_P_003338	1	A_clean_core	2.5972099521227165	0.930681800920863	1
layer24_mean	rbf_svm	HPCLAS_TRAIN_P_003346	1	HPCLAS_TRAIN_P_003346	1	D_hard_sample	-0.21530989834827793	0.4463795119961451	0
layer24_mean	rbf_svm	HPCLAS_TRAIN_P_003347	1	HPCLAS_TRAIN_P_003347	1	A_clean_core	1.2902161976190083	0.7841837806195014	1
layer24_mean	rbf_svm	HPCLAS_TRAIN_P_003350	1	HPCLAS_TRAIN_P_003350	1	D_hard_sample	1.8577092295319857	0.8650297165981542	1
layer24_mean	rbf_svm	HPCLAS_TRAIN_P_003351	1	HPCLAS_TRAIN_P_003351	1	A_clean_core	0.07212439609280386	0.5180232867130747	1
layer24_mean	rbf_svm	HPCLAS_TRAIN_P_003355	1	HPCLAS_TRAIN_P_003355	1	D_hard_sample	0.6000487825771824	0.6456674668313599	1
layer24_mean	rbf_svm	HPCLAS_TRAIN_P_003357	1	HPCLAS_TRAIN_P_003357	1	A_clean_core	0.50809263074156	0.62435923625838	1
layer24_mean	rbf_svm	HPCLAS_TRAIN_P_003363	1	HPCLAS_TRAIN_P_003363	1	A_clean_core	1.022934162303216	0.7355437445293642	1
layer24_mean	rbf_svm	HPCLAS_TRAIN_P_003372	1	HPCLAS_TRAIN_P_003372	1	D_hard_sample	0.9517078044067365	0.7214585015550002	1
layer24_mean	rbf_svm	HPCLAS_TRAIN_P_003377	1	HPCLAS_TRAIN_P_003377	1	D_hard_sample	-0.47351101584529875	0.3837855706160552	0
layer24_mean	rbf_svm	HPCLAS_TRAIN_P_003384	1	HPCLAS_TRAIN_P_003384	1	A_clean_core	3.0672587361477937	0.9555218144051384	1
layer24_mean	rbf_svm	HPCLAS_TRAIN_P_003405	1	HPCLAS_TRAIN_P_003405	1	A_clean_core	1.0210028854070048	0.7351679033464807	1
layer24_mean	rbf_svm	HPCLAS_TRAIN_P_003412	1	HPCLAS_TRAIN_P_003412	1	A_clean_core	2.368369134094919	0.9143832720282805	1
layer24_mean	rbf_svm	HPCLAS_TRAIN_P_003415	1	HPCLAS_TRAIN_P_003415	1	A_clean_core	2.3475147252112403	0.9127364818528942	1
layer24_mean	rbf_svm	HPCLAS_TRAIN_P_003432	1	HPCLAS_TRAIN_P_003432	1	A_clean_core	-0.28589530332120805	0.4290090604219713	0
layer24_mean	rbf_svm	HPCLAS_TRAIN_P_003438	1	HPCLAS_TRAIN_P_003438	1	A_clean_core	1.3721550452807343	0.7977281104260657	1
layer24_mean	rbf_svm	HPCLAS_TRAIN_P_003442	1	HPCLAS_TRAIN_P_003442	1	A_clean_core	-0.8128186911411988	0.30729017517136437	0
layer24_mean	rbf_svm	HPCLAS_TRAIN_P_003452	1	HPCLAS_TRAIN_P_003452	1	A_clean_core	2.382604595859741	0.9154911624752405	1
layer24_mean	rbf_svm	HPCLAS_TRAIN_P_003453	1	HPCLAS_TRAIN_P_003453	1	A_clean_core	2.5793332083713145	0.9295195981530043	1
layer24_mean	rbf_svm	HPCLAS_TRAIN_P_003469	1	HPCLAS_TRAIN_P_003469	1	D_hard_sample	0.9126284040456748	0.7135377142603703	1
layer24_mean	rbf_svm	HPCLAS_TRAIN_P_003471	1	HPCLAS_TRAIN_P_003471	1	A_clean_core	1.6087961229362424	0.8332441768329004	1
layer24_mean	rbf_svm	HPCLAS_TRAIN_P_003478	1	HPCLAS_TRAIN_P_003478	1	A_clean_core	1.3632150633957967	0.7962817329105419	1
layer24_mean	rbf_svm	HPCLAS_TRAIN_P_003480	1	HPCLAS_TRAIN_P_003480	1	A_clean_core	1.638923731545879	0.8373884361855045	1
layer24_mean	rbf_svm	HPCLAS_TRAIN_P_003481	1	HPCLAS_TRAIN_P_003481	1	D_hard_sample	-0.5575789705553559	0.3641078240621469	0
layer24_mean	rbf_svm	HPCLAS_TRAIN_P_003495	1	HPCLAS_TRAIN_P_003495	1	A_clean_core	3.7511478245734837	0.9770483839708075	1
layer24_mean	rbf_svm	HPCLAS_TRAIN_P_003496	1	HPCLAS_TRAIN_P_003496	1	A_clean_core	1.9825049583709249	0.8789479389183376	1
layer24_mean	rbf_svm	HPCLAS_TRAIN_P_003500	1	HPCLAS_TRAIN_P_003500	1	A_clean_core	2.5009369607335947	0.9242074783107359	1
layer24_mean	rbf_svm	HPCLAS_TRAIN_P_003504	1	HPCLAS_TRAIN_P_003504	1	A_clean_core	0.06841417932946572	0.517096876858257	1
layer24_mean	rbf_svm	HPCLAS_TRAIN_P_003507	1	HPCLAS_TRAIN_P_003507	1	A_clean_core	2.2600937707921824	0.9055176539555766	1
layer24_mean	rbf_svm	HPCLAS_TRAIN_P_003509	1	HPCLAS_TRAIN_P_003509	1	A_clean_core	2.241440473564937	0.9039096463136967	1
layer24_mean	rbf_svm	HPCLAS_TRAIN_P_003510	1	HPCLAS_TRAIN_P_003510	1	A_clean_core	0.27155988340334025	0.5674758139150395	1
layer24_mean	rbf_svm	HPCLAS_TRAIN_P_003512	1	HPCLAS_TRAIN_P_003512	1	A_clean_core	2.1783513134771995	0.8982885366949184	1
layer24_mean	rbf_svm	HPCLAS_TRAIN_P_003517	1	HPCLAS_TRAIN_P_003517	1	A_clean_core	0.8884369827886845	0.7085675154006322	1
layer24_mean	rbf_svm	HPCLAS_TRAIN_P_003522	1	HPCLAS_TRAIN_P_003522	1	A_clean_core	2.193856660795808	0.899696478904776	1
layer24_mean	rbf_svm	HPCLAS_TRAIN_P_003524	1	HPCLAS_TRAIN_P_003524	1	A_clean_core	1.8892309497799096	0.8686678190786792	1
layer24_mean	rbf_svm	HPCLAS_TRAIN_P_003525	1	HPCLAS_TRAIN_P_003525	1	A_clean_core	1.4386627955435638	0.8082474922534931	1
layer24_mean	rbf_svm	HPCLAS_TRAIN_P_003536	1	HPCLAS_TRAIN_P_003536	1	D_hard_sample	0.2463178146441332	0.5612699830519238	1
layer24_mean	rbf_svm	HPCLAS_TRAIN_P_003545	1	HPCLAS_TRAIN_P_003545	1	A_clean_core	1.0064275246234486	0.7323204283111884	1
layer24_mean	rbf_svm	HPCLAS_TRAIN_P_003549	1	HPCLAS_TRAIN_P_003549	1	A_clean_core	3.4938456145253345	0.9705121501938676	1
layer24_mean	rbf_svm	HPCLAS_TRAIN_P_003556	1	HPCLAS_TRAIN_P_003556	1	A_clean_core	0.8113636041107498	0.6924000039274317	1
layer24_mean	rbf_svm	HPCLAS_TRAIN_P_003560	1	HPCLAS_TRAIN_N_001130	1	B_ambiguous	0.8954187300638848	0.710007141179549	1
layer24_mean	rbf_svm	HPCLAS_TRAIN_P_003561	1	HPCLAS_TRAIN_P_003561	1	A_clean_core	1.4182981812105937	0.8050714862714742	1
layer24_mean	rbf_svm	HPCLAS_TRAIN_P_003566	1	HPCLAS_TRAIN_P_003566	1	B_ambiguous	0.19846043889282364	0.5494529012603877	1
layer24_mean	rbf_svm	HPCLAS_TRAIN_P_003569	1	HPCLAS_TRAIN_P_003569	1	A_clean_core	0.8807852119046897	0.7069849098630858	1
layer24_mean	rbf_svm	HPCLAS_TRAIN_P_003581	1	HPCLAS_TRAIN_P_003581	1	A_clean_core	1.4428583329573885	0.8088968904612861	1
layer24_mean	rbf_svm	HPCLAS_TRAIN_P_003589	1	HPCLAS_TRAIN_P_003589	1	A_clean_core	2.5193309609308265	0.9254859298786492	1
layer24_mean	rbf_svm	HPCLAS_TRAIN_P_003593	1	HPCLAS_TRAIN_P_003593	1	A_clean_core	1.2079122979790355	0.7699293457939677	1
layer24_mean	rbf_svm	HPCLAS_TRAIN_P_003603	1	HPCLAS_TRAIN_P_003603	1	A_clean_core	1.5028450163518623	0.8179984169702215	1
layer24_mean	rbf_svm	HPCLAS_TRAIN_P_003606	1	HPCLAS_TRAIN_P_003606	1	A_clean_core	1.0290925504184414	0.7367399299854911	1
layer24_mean	rbf_svm	HPCLAS_TRAIN_P_003608	1	HPCLAS_TRAIN_P_005355	1	A_clean_core	2.0032724679276828	0.8811402381846886	1
layer24_mean	rbf_svm	HPCLAS_TRAIN_P_003613	1	HPCLAS_TRAIN_P_003613	1	D_hard_sample	-0.2307548687613453	0.4425659102121497	0
layer24_mean	rbf_svm	HPCLAS_TRAIN_P_003620	1	HPCLAS_TRAIN_P_003620	1	A_clean_core	0.6892613467224656	0.6658025895133511	1
layer24_mean	rbf_svm	HPCLAS_TRAIN_P_003623	1	HPCLAS_TRAIN_P_003623	1	A_clean_core	2.4302143023747482	0.9191024682661337	1
layer24_mean	rbf_svm	HPCLAS_TRAIN_P_003632	1	HPCLAS_TRAIN_P_003632	1	A_clean_core	-0.7265418521624524	0.3259540524142122	0
layer24_mean	rbf_svm	HPCLAS_TRAIN_P_003644	1	HPCLAS_TRAIN_P_003644	1	D_hard_sample	-0.9179602314777263	0.2853736934354431	0
layer24_mean	rbf_svm	HPCLAS_TRAIN_P_003698	1	HPCLAS_TRAIN_P_003698	1	A_clean_core	2.799464716067709	0.9426468915114747	1
layer24_mean	rbf_svm	HPCLAS_TRAIN_P_003701	1	HPCLAS_TRAIN_P_003701	1	A_clean_core	0.9215859572594057	0.7153651451846936	1
layer24_mean	rbf_svm	HPCLAS_TRAIN_P_003714	1	HPCLAS_TRAIN_P_003714	1	A_clean_core	0.7320742320325163	0.6752602833802414	1
layer24_mean	rbf_svm	HPCLAS_TRAIN_P_003727	1	HPCLAS_TRAIN_P_003727	1	A_clean_core	2.80655769839219	0.9430291627741183	1
layer24_mean	rbf_svm	HPCLAS_TRAIN_P_003728	1	HPCLAS_TRAIN_P_003728	1	A_clean_core	2.6412116699071073	0.933467256098661	1
layer24_mean	rbf_svm	HPCLAS_TRAIN_P_003729	1	HPCLAS_TRAIN_P_003729	1	A_clean_core	3.7816323559337666	0.9777221442881798	1
layer24_mean	rbf_svm	HPCLAS_TRAIN_P_003735	1	HPCLAS_TRAIN_P_003735	1	A_clean_core	1.3483772467249828	0.793864201268162	1
layer24_mean	rbf_svm	HPCLAS_TRAIN_P_003736	1	HPCLAS_TRAIN_P_003736	1	A_clean_core	3.9588488230226813	0.9812723466652263	1
layer24_mean	rbf_svm	HPCLAS_TRAIN_P_003750	1	HPCLAS_TRAIN_P_003750	1	A_clean_core	0.7894330285486166	0.687709577855147	1
layer24_mean	rbf_svm	HPCLAS_TRAIN_P_003752	1	HPCLAS_TRAIN_P_003752	1	A_clean_core	0.8613344446416266	0.7029393826539718	1
layer24_mean	rbf_svm	HPCLAS_TRAIN_P_003759	1	HPCLAS_TRAIN_P_003759	1	A_clean_core	1.2156039784078734	0.7712890061780997	1
layer24_mean	rbf_svm	HPCLAS_TRAIN_P_003776	1	HPCLAS_TRAIN_P_003776	1	A_clean_core	1.1086351676810797	0.7518745769574099	1
layer24_mean	rbf_svm	HPCLAS_TRAIN_P_003777	1	HPCLAS_TRAIN_P_003777	1	A_clean_core	0.7023502015427535	0.6687086359807533	1
layer24_mean	rbf_svm	HPCLAS_TRAIN_P_003784	1	HPCLAS_TRAIN_P_003784	1	D_hard_sample	0.7942296160086496	0.688738788870371	1
layer24_mean	rbf_svm	HPCLAS_TRAIN_P_003791	1	HPCLAS_TRAIN_P_003791	1	A_clean_core	0.08250292633731318	0.5206140400553072	1
layer24_mean	rbf_svm	HPCLAS_TRAIN_P_003792	1	HPCLAS_TRAIN_P_003792	1	A_clean_core	0.5625905270716345	0.637051726122088	1
layer24_mean	rbf_svm	HPCLAS_TRAIN_P_003794	1	HPCLAS_TRAIN_P_003794	1	D_hard_sample	1.307303043251428	0.7870615074843434	1
layer24_mean	rbf_svm	HPCLAS_TRAIN_P_003800	1	HPCLAS_TRAIN_P_003800	1	A_clean_core	0.6524724441845245	0.6575674058311556	1
layer24_mean	rbf_svm	HPCLAS_TRAIN_P_003816	1	HPCLAS_TRAIN_P_003816	1	A_clean_core	0.6914711045582078	0.6662941013455335	1
layer24_mean	rbf_svm	HPCLAS_TRAIN_P_003821	1	HPCLAS_TRAIN_P_003821	1	A_clean_core	1.7733839923123926	0.8548779989560304	1
layer24_mean	rbf_svm	HPCLAS_TRAIN_P_003822	1	HPCLAS_TRAIN_P_003822	1	D_hard_sample	0.9606019422970907	0.723242307812746	1
layer24_mean	rbf_svm	HPCLAS_TRAIN_P_003823	1	HPCLAS_TRAIN_P_003823	1	A_clean_core	0.48465785102467185	0.6188471535718602	1
layer24_mean	rbf_svm	HPCLAS_TRAIN_P_003824	1	HPCLAS_TRAIN_P_003824	1	B_ambiguous	0.4485646353074281	0.6102979089864095	1
layer24_mean	rbf_svm	HPCLAS_TRAIN_P_003829	1	HPCLAS_TRAIN_P_003829	1	A_clean_core	0.8242753850751879	0.6951431312801549	1
layer24_mean	rbf_svm	HPCLAS_TRAIN_P_003830	1	HPCLAS_TRAIN_P_003830	1	D_hard_sample	1.4434381484718333	0.8089865038628671	1
layer24_mean	rbf_svm	HPCLAS_TRAIN_P_003844	1	HPCLAS_TRAIN_P_003844	1	A_clean_core	0.9131574324074719	0.7136458363107553	1
layer24_mean	rbf_svm	HPCLAS_TRAIN_P_003847	1	HPCLAS_TRAIN_P_003847	1	A_clean_core	4.005990670550568	0.9821192965173146	1
layer24_mean	rbf_svm	HPCLAS_TRAIN_P_003849	1	HPCLAS_TRAIN_P_003849	1	A_clean_core	3.0096445522649327	0.9530079385816741	1
layer24_mean	rbf_svm	HPCLAS_TRAIN_P_003850	1	HPCLAS_TRAIN_P_003850	1	A_clean_core	3.661253603093321	0.974943679730929	1
layer24_mean	rbf_svm	HPCLAS_TRAIN_P_003851	1	HPCLAS_TRAIN_P_003851	1	A_clean_core	0.5758298227337328	0.6401072851756867	1
layer24_mean	rbf_svm	HPCLAS_TRAIN_P_003866	1	HPCLAS_TRAIN_P_003866	1	A_clean_core	1.2768336227232329	0.7819103069385214	1
layer24_mean	rbf_svm	HPCLAS_TRAIN_P_003868	1	HPCLAS_TRAIN_P_003868	1	A_clean_core	2.2328105569649224	0.9031574604371854	1
layer24_mean	rbf_svm	HPCLAS_TRAIN_P_003869	1	HPCLAS_TRAIN_P_003869	1	A_clean_core	2.1408937665289205	0.8948147626373095	1
layer24_mean	rbf_svm	HPCLAS_TRAIN_P_003872	1	HPCLAS_TRAIN_P_003872	1	A_clean_core	4.642563928164259	0.990458941012051	1
layer24_mean	rbf_svm	HPCLAS_TRAIN_P_003880	1	HPCLAS_TRAIN_P_003880	1	A_clean_core	1.2965551613082762	0.7852546514790537	1
layer24_mean	rbf_svm	HPCLAS_TRAIN_P_003883	1	HPCLAS_TRAIN_P_003883	1	A_clean_core	0.9910230748962087	0.729289951429186	1
layer24_mean	rbf_svm	HPCLAS_TRAIN_P_003889	1	HPCLAS_TRAIN_P_003889	1	A_clean_core	0.6406030442961621	0.6548897668688185	1
layer24_mean	rbf_svm	HPCLAS_TRAIN_P_003903	1	HPCLAS_TRAIN_P_003903	1	A_clean_core	0.9751926797317744	0.7261532981978327	1
layer24_mean	rbf_svm	HPCLAS_TRAIN_P_003912	1	HPCLAS_TRAIN_P_003912	1	A_clean_core	1.6596206076952287	0.8401870675793718	1
layer24_mean	rbf_svm	HPCLAS_TRAIN_P_003914	1	HPCLAS_TRAIN_P_003914	1	A_clean_core	2.71490595249689	0.9379005013543567	1
layer24_mean	rbf_svm	HPCLAS_TRAIN_P_003931	1	HPCLAS_TRAIN_P_003931	1	A_clean_core	0.01526062459810755	0.5038150821096691	1
layer24_mean	rbf_svm	HPCLAS_TRAIN_P_003935	1	HPCLAS_TRAIN_P_003935	1	D_hard_sample	0.29602707873827394	0.5734710171402269	1
layer24_mean	rbf_svm	HPCLAS_TRAIN_P_003937	1	HPCLAS_TRAIN_P_003937	1	A_clean_core	1.2240681075743498	0.7727786683268276	1
layer24_mean	rbf_svm	HPCLAS_TRAIN_P_003938	1	HPCLAS_TRAIN_P_003938	1	A_clean_core	0.05417512908551894	0.5135404707223981	1
layer24_mean	rbf_svm	HPCLAS_TRAIN_P_003941	1	HPCLAS_TRAIN_P_003941	1	A_clean_core	0.2307455923546137	0.5574318012847961	1
layer24_mean	rbf_svm	HPCLAS_TRAIN_P_003947	1	HPCLAS_TRAIN_P_003947	1	B_ambiguous	-1.0140257934802557	0.26619273594372184	0
layer24_mean	rbf_svm	HPCLAS_TRAIN_P_003948	1	HPCLAS_TRAIN_P_003948	1	A_clean_core	1.0019816892439988	0.731448023934233	1
layer24_mean	rbf_svm	HPCLAS_TRAIN_P_003959	1	HPCLAS_TRAIN_P_003959	1	A_clean_core	0.5098805277603672	0.6247784669689237	1
layer24_mean	rbf_svm	HPCLAS_TRAIN_P_003968	1	HPCLAS_TRAIN_P_003968	1	A_clean_core	0.4994091671304083	0.6223204732414594	1
layer24_mean	rbf_svm	HPCLAS_TRAIN_P_003971	1	HPCLAS_TRAIN_P_003971	1	A_clean_core	1.3312976697640595	0.7910552035696852	1
layer24_mean	rbf_svm	HPCLAS_TRAIN_P_003973	1	HPCLAS_TRAIN_P_003973	1	A_clean_core	3.443721457557913	0.9690433484568368	1
layer24_mean	rbf_svm	HPCLAS_TRAIN_P_003975	1	HPCLAS_TRAIN_P_003975	1	A_clean_core	1.090986028246784	0.7485673516772451	1
layer24_mean	rbf_svm	HPCLAS_TRAIN_P_003983	1	HPCLAS_TRAIN_P_003983	1	A_clean_core	2.0530695166965107	0.8862574090590059	1
layer24_mean	rbf_svm	HPCLAS_TRAIN_P_003989	1	HPCLAS_TRAIN_P_003989	1	A_clean_core	0.9425434675649486	0.7196131395857472	1
layer24_mean	rbf_svm	HPCLAS_TRAIN_P_003990	1	HPCLAS_TRAIN_P_003990	1	A_clean_core	0.9954083638598853	0.730154850961489	1
layer24_mean	rbf_svm	HPCLAS_TRAIN_P_003998	1	HPCLAS_TRAIN_P_003998	1	A_clean_core	1.0586422303184244	0.7424309882636884	1
layer24_mean	rbf_svm	HPCLAS_TRAIN_P_004004	1	HPCLAS_TRAIN_P_004004	1	A_clean_core	-0.3422628366932269	0.41525991190950784	0
layer24_mean	rbf_svm	HPCLAS_TRAIN_P_004010	1	HPCLAS_TRAIN_P_004010	1	A_clean_core	2.604737152352463	0.9311658331573042	1
layer24_mean	rbf_svm	HPCLAS_TRAIN_P_004015	1	HPCLAS_TRAIN_P_004015	1	A_clean_core	2.85846606892464	0.9457546583701532	1
layer24_mean	rbf_svm	HPCLAS_TRAIN_P_004017	1	HPCLAS_TRAIN_P_004017	1	A_clean_core	0.4218440990847283	0.6039244422597145	1
layer24_mean	rbf_svm	HPCLAS_TRAIN_P_004019	1	HPCLAS_TRAIN_N_003322	1	B_ambiguous	1.6100684518617494	0.8334208898483275	1
layer24_mean	rbf_svm	HPCLAS_TRAIN_P_004025	1	HPCLAS_TRAIN_P_004025	1	D_hard_sample	-0.7140249821307577	0.32871007704292027	0
layer24_mean	rbf_svm	HPCLAS_TRAIN_P_004032	1	HPCLAS_TRAIN_P_004032	1	D_hard_sample	-0.12126285901303643	0.46972137927827284	0
layer24_mean	rbf_svm	HPCLAS_TRAIN_P_004047	1	HPCLAS_TRAIN_P_004047	1	A_clean_core	1.2901358708341746	0.7841701858379386	1
layer24_mean	rbf_svm	HPCLAS_TRAIN_P_004051	1	HPCLAS_TRAIN_P_004051	1	D_hard_sample	-0.050168865234726606	0.4874604136704477	0
layer24_mean	rbf_svm	HPCLAS_TRAIN_P_004059	1	HPCLAS_TRAIN_P_004059	1	A_clean_core	1.7203288966408643	0.8481711954566765	1
layer24_mean	rbf_svm	HPCLAS_TRAIN_P_004070	1	HPCLAS_TRAIN_P_004070	1	A_clean_core	-0.49482653091138273	0.3787572212596518	0
layer24_mean	rbf_svm	HPCLAS_TRAIN_P_004075	1	HPCLAS_TRAIN_P_004075	1	A_clean_core	3.0848755468086533	0.9562645471626795	1
layer24_mean	rbf_svm	HPCLAS_TRAIN_P_004089	1	HPCLAS_TRAIN_P_004089	1	D_hard_sample	-0.7413802837814979	0.3227023874703213	0
layer24_mean	rbf_svm	HPCLAS_TRAIN_P_004096	1	HPCLAS_TRAIN_P_004096	1	D_hard_sample	0.9881471884799934	0.7287218020848942	1
layer24_mean	rbf_svm	HPCLAS_TRAIN_P_004101	1	HPCLAS_TRAIN_P_004101	1	A_clean_core	0.10386367302157865	0.5259426007787994	1
layer24_mean	rbf_svm	HPCLAS_TRAIN_P_004107	1	HPCLAS_TRAIN_P_004107	1	A_clean_core	-0.07364346613426784	0.481597449686197	0
layer24_mean	rbf_svm	HPCLAS_TRAIN_P_004108	1	HPCLAS_TRAIN_P_004108	1	A_clean_core	0.8729439747911233	0.7053579084530279	1
layer24_mean	rbf_svm	HPCLAS_TRAIN_P_004109	1	HPCLAS_TRAIN_P_004109	1	A_clean_core	1.582199520846295	0.8295157982444232	1
layer24_mean	rbf_svm	HPCLAS_TRAIN_P_004110	1	HPCLAS_TRAIN_N_002216	1	B_ambiguous	-0.4516908856413886	0.3889588181308504	0
layer24_mean	rbf_svm	HPCLAS_TRAIN_P_004113	1	HPCLAS_TRAIN_P_004113	1	A_clean_core	0.4579221517803871	0.6125211371846654	1
layer24_mean	rbf_svm	HPCLAS_TRAIN_P_004115	1	HPCLAS_TRAIN_P_004115	1	A_clean_core	2.2384714261343386	0.9036514543269929	1
layer24_mean	rbf_svm	HPCLAS_TRAIN_P_004136	1	HPCLAS_TRAIN_P_004136	1	A_clean_core	1.8292249951082786	0.8616693758061191	1
layer24_mean	rbf_svm	HPCLAS_TRAIN_P_004153	1	HPCLAS_TRAIN_P_004153	1	A_clean_core	2.1067921320096894	0.8915615874205111	1
layer24_mean	rbf_svm	HPCLAS_TRAIN_P_004157	1	HPCLAS_TRAIN_P_004157	1	A_clean_core	1.7631812665441264	0.8536076438290432	1
layer24_mean	rbf_svm	HPCLAS_TRAIN_P_004163	1	HPCLAS_TRAIN_P_004163	1	A_clean_core	0.3297664356513147	0.5817025459529176	1
layer24_mean	rbf_svm	HPCLAS_TRAIN_P_004174	1	HPCLAS_TRAIN_N_003164	1	B_ambiguous	0.7892453055687937	0.6876692600873383	1
layer24_mean	rbf_svm	HPCLAS_TRAIN_P_004178	1	HPCLAS_TRAIN_P_004178	1	A_clean_core	0.49597919098259313	0.621513961944158	1
layer24_mean	rbf_svm	HPCLAS_TRAIN_P_004180	1	HPCLAS_TRAIN_P_004180	1	A_clean_core	2.1589377095385283	0.8965010233700624	1
layer24_mean	rbf_svm	HPCLAS_TRAIN_P_004183	1	HPCLAS_TRAIN_P_004183	1	D_hard_sample	0.9732767933689547	0.7257721501885358	1
layer24_mean	rbf_svm	HPCLAS_TRAIN_P_004200	1	HPCLAS_TRAIN_P_004200	1	A_clean_core	4.115854482090588	0.9839498144211158	1
layer24_mean	rbf_svm	HPCLAS_TRAIN_P_004212	1	HPCLAS_TRAIN_P_004212	1	A_clean_core	0.5068848381755922	0.6240759243751535	1
layer24_mean	rbf_svm	HPCLAS_TRAIN_P_004215	1	HPCLAS_TRAIN_P_004215	1	A_clean_core	4.847840940664285	0.9922157718474021	1
layer24_mean	rbf_svm	HPCLAS_TRAIN_P_004228	1	HPCLAS_TRAIN_P_004228	1	A_clean_core	1.2798008219795745	0.7824158700100741	1
layer24_mean	rbf_svm	HPCLAS_TRAIN_P_004230	1	HPCLAS_TRAIN_P_004230	1	A_clean_core	1.396089384638716	0.801562599559893	1
layer24_mean	rbf_svm	HPCLAS_TRAIN_P_004232	1	HPCLAS_TRAIN_P_004232	1	A_clean_core	-0.43791462184784946	0.392237985149285	0
layer24_mean	rbf_svm	HPCLAS_TRAIN_P_004236	1	HPCLAS_TRAIN_P_004236	1	D_hard_sample	0.8530306096083639	0.7012024953223457	1
layer24_mean	rbf_svm	HPCLAS_TRAIN_P_004242	1	HPCLAS_TRAIN_P_004242	1	A_clean_core	1.87824688337607	0.8674096300658071	1
layer24_mean	rbf_svm	HPCLAS_TRAIN_P_004244	1	HPCLAS_TRAIN_P_004244	1	D_hard_sample	0.2462141164849813	0.561244447633929	1
layer24_mean	rbf_svm	HPCLAS_TRAIN_P_004247	1	HPCLAS_TRAIN_P_004247	1	A_clean_core	0.9320643415398123	0.717493907896659	1
layer24_mean	rbf_svm	HPCLAS_TRAIN_P_004251	1	HPCLAS_TRAIN_P_004251	1	A_clean_core	1.3610227003159852	0.7959258630381429	1
layer24_mean	rbf_svm	HPCLAS_TRAIN_P_004258	1	HPCLAS_TRAIN_P_004258	1	A_clean_core	1.5700188119481382	0.8277862900415228	1
layer24_mean	rbf_svm	HPCLAS_TRAIN_P_004262	1	HPCLAS_TRAIN_P_004262	1	A_clean_core	0.9493393345259106	0.7209822934517712	1
layer24_mean	rbf_svm	HPCLAS_TRAIN_P_004269	1	HPCLAS_TRAIN_P_004269	1	A_clean_core	3.3170082654054434	0.9650077075001584	1
layer24_mean	rbf_svm	HPCLAS_TRAIN_P_004270	1	HPCLAS_TRAIN_P_005151	1	A_clean_core	2.65986807070285	0.9346166050475414	1
layer24_mean	rbf_svm	HPCLAS_TRAIN_P_004282	1	HPCLAS_TRAIN_P_004282	1	A_clean_core	1.815162721415902	0.8599846789734202	1
layer24_mean	rbf_svm	HPCLAS_TRAIN_P_004293	1	HPCLAS_TRAIN_P_004293	1	D_hard_sample	-0.764612008518569	0.3176457878232047	0
layer24_mean	rbf_svm	HPCLAS_TRAIN_P_004295	1	HPCLAS_TRAIN_P_004295	1	A_clean_core	1.1089905608144845	0.7519408728800248	1
layer24_mean	rbf_svm	HPCLAS_TRAIN_P_004298	1	HPCLAS_TRAIN_P_004298	1	D_hard_sample	0.2772845375951596	0.5688803668152267	1
layer24_mean	rbf_svm	HPCLAS_TRAIN_P_004304	1	HPCLAS_TRAIN_P_004304	1	A_clean_core	1.707270231473851	0.846481885403507	1
layer24_mean	rbf_svm	HPCLAS_TRAIN_P_004325	1	HPCLAS_TRAIN_P_004325	1	A_clean_core	1.5952898516957714	0.8313590470556363	1
layer24_mean	rbf_svm	HPCLAS_TRAIN_P_004326	1	HPCLAS_TRAIN_P_004326	1	A_clean_core	0.9355624841711706	0.7182024290319168	1
layer24_mean	rbf_svm	HPCLAS_TRAIN_P_004338	1	HPCLAS_TRAIN_P_004338	1	A_clean_core	0.9960544941966664	0.7302821382772503	1
layer24_mean	rbf_svm	HPCLAS_TRAIN_P_004341	1	HPCLAS_TRAIN_P_004341	1	A_clean_core	0.7031331934361708	0.6688820750462969	1
layer24_mean	rbf_svm	HPCLAS_TRAIN_P_004343	1	HPCLAS_TRAIN_P_004343	1	A_clean_core	0.7691768213040316	0.6833427967585226	1
layer24_mean	rbf_svm	HPCLAS_TRAIN_P_004350	1	HPCLAS_TRAIN_P_004350	1	A_clean_core	0.1941491723442378	0.5483854022689298	1
layer24_mean	rbf_svm	HPCLAS_TRAIN_P_004352	1	HPCLAS_TRAIN_P_004352	1	A_clean_core	1.729512071620476	0.8493499982254575	1
layer24_mean	rbf_svm	HPCLAS_TRAIN_P_004353	1	HPCLAS_TRAIN_P_004353	1	D_hard_sample	-0.1715461841213217	0.45721831782591943	0
layer24_mean	rbf_svm	HPCLAS_TRAIN_P_004366	1	HPCLAS_TRAIN_P_004366	1	D_hard_sample	0.6206030830111254	0.6503556979600698	1
layer24_mean	rbf_svm	HPCLAS_TRAIN_P_004370	1	HPCLAS_TRAIN_P_004370	1	D_hard_sample	0.9933772038735754	0.7297544670249873	1
layer24_mean	rbf_svm	HPCLAS_TRAIN_P_004371	1	HPCLAS_TRAIN_P_004371	1	A_clean_core	0.30524802000693185	0.5757249349691792	1
layer24_mean	rbf_svm	HPCLAS_TRAIN_P_004376	1	HPCLAS_TRAIN_P_004376	1	D_hard_sample	0.6962280756067475	0.667350958097451	1
layer24_mean	rbf_svm	HPCLAS_TRAIN_P_004377	1	HPCLAS_TRAIN_P_004377	1	A_clean_core	1.841267109752708	0.8630984973517245	1
layer24_mean	rbf_svm	HPCLAS_TRAIN_P_004381	1	HPCLAS_TRAIN_P_004381	1	A_clean_core	0.35452404476691357	0.5877142163875294	1
layer24_mean	rbf_svm	HPCLAS_TRAIN_P_004384	1	HPCLAS_TRAIN_P_004384	1	A_clean_core	3.3457968302238252	0.9659669276827225	1
layer24_mean	rbf_svm	HPCLAS_TRAIN_P_004389	1	HPCLAS_TRAIN_P_004389	1	A_clean_core	0.7182583077805457	0.6722233693283886	1
layer24_mean	rbf_svm	HPCLAS_TRAIN_P_004390	1	HPCLAS_TRAIN_P_004390	1	A_clean_core	1.0606079474533008	0.7428067077083303	1
layer24_mean	rbf_svm	HPCLAS_TRAIN_P_004391	1	HPCLAS_TRAIN_P_004391	1	A_clean_core	1.3481705881882442	0.7938303808196772	1
layer24_mean	rbf_svm	HPCLAS_TRAIN_P_004393	1	HPCLAS_TRAIN_P_004393	1	A_clean_core	1.6945538787738197	0.8448221008952155	1
layer24_mean	rbf_svm	HPCLAS_TRAIN_P_004395	1	HPCLAS_TRAIN_P_004395	1	A_clean_core	2.550926016709371	0.9276357006384013	1
layer24_mean	rbf_svm	HPCLAS_TRAIN_P_004402	1	HPCLAS_TRAIN_P_004402	1	D_hard_sample	0.49359600693018624	0.6209531930481212	1
layer24_mean	rbf_svm	HPCLAS_TRAIN_P_004416	1	HPCLAS_TRAIN_P_004416	1	A_clean_core	3.494821582410364	0.970540067929542	1
layer24_mean	rbf_svm	HPCLAS_TRAIN_P_004419	1	HPCLAS_TRAIN_P_004419	1	D_hard_sample	-1.4500652426280147	0.18999152531459354	0
layer24_mean	rbf_svm	HPCLAS_TRAIN_P_004420	1	HPCLAS_TRAIN_P_004420	1	A_clean_core	-0.15228015694964545	0.46200335852280816	0
layer24_mean	rbf_svm	HPCLAS_TRAIN_P_004427	1	HPCLAS_TRAIN_P_004427	1	A_clean_core	3.651477233468259	0.9747037455174404	1
layer24_mean	rbf_svm	HPCLAS_TRAIN_P_004435	1	HPCLAS_TRAIN_P_004435	1	A_clean_core	0.25346611978481726	0.5630294464264364	1
layer24_mean	rbf_svm	HPCLAS_TRAIN_P_004436	1	HPCLAS_TRAIN_P_004436	1	A_clean_core	0.1288450490964258	0.5321667744047893	1
layer24_mean	rbf_svm	HPCLAS_TRAIN_P_004437	1	HPCLAS_TRAIN_P_004437	1	A_clean_core	0.7694786021991926	0.6834080941305741	1
layer24_mean	rbf_svm	HPCLAS_TRAIN_P_004441	1	HPCLAS_TRAIN_P_004441	1	A_clean_core	3.8649798925930092	0.9794670944108816	1
layer24_mean	rbf_svm	HPCLAS_TRAIN_P_004450	1	HPCLAS_TRAIN_P_004450	1	A_clean_core	1.0232390041053336	0.7356030378379624	1
layer24_mean	rbf_svm	HPCLAS_TRAIN_P_004457	1	HPCLAS_TRAIN_P_004457	1	A_clean_core	0.9533779044574348	0.7217939942388053	1
layer24_mean	rbf_svm	HPCLAS_TRAIN_P_004458	1	HPCLAS_TRAIN_P_004458	1	A_clean_core	2.2822388811337735	0.9073953495649602	1
layer24_mean	rbf_svm	HPCLAS_TRAIN_P_004469	1	HPCLAS_TRAIN_P_004469	1	A_clean_core	1.3763374740438843	0.7984021383503617	1
layer24_mean	rbf_svm	HPCLAS_TRAIN_P_004485	1	HPCLAS_TRAIN_P_004485	1	A_clean_core	3.5492783154962924	0.9720578309278848	1
layer24_mean	rbf_svm	HPCLAS_TRAIN_P_004486	1	HPCLAS_TRAIN_P_004486	1	A_clean_core	1.4276850089229955	0.8065403570533706	1
layer24_mean	rbf_svm	HPCLAS_TRAIN_P_004491	1	HPCLAS_TRAIN_P_004491	1	A_clean_core	4.251054893644367	0.9859509924492896	1
layer24_mean	rbf_svm	HPCLAS_TRAIN_P_004494	1	HPCLAS_TRAIN_P_004494	1	D_hard_sample	0.07931196063701976	0.5198176028820789	1
layer24_mean	rbf_svm	HPCLAS_TRAIN_P_004496	1	HPCLAS_TRAIN_P_003124	1	A_clean_core	3.109816857606963	0.9572958694583287	1
layer24_mean	rbf_svm	HPCLAS_TRAIN_P_004498	1	HPCLAS_TRAIN_P_004498	1	D_hard_sample	0.0776213103364741	0.5193955902496589	1
layer24_mean	rbf_svm	HPCLAS_TRAIN_P_004500	1	HPCLAS_TRAIN_P_004500	1	A_clean_core	0.21069165438010232	0.5524789245277972	1
layer24_mean	rbf_svm	HPCLAS_TRAIN_P_004513	1	HPCLAS_TRAIN_P_004513	1	A_clean_core	1.2409567241610946	0.7757305020516455	1
layer24_mean	rbf_svm	HPCLAS_TRAIN_P_004514	1	HPCLAS_TRAIN_P_004514	1	A_clean_core	1.1404558874729602	0.7577633306595135	1
layer24_mean	rbf_svm	HPCLAS_TRAIN_P_004517	1	HPCLAS_TRAIN_P_004517	1	A_clean_core	1.2198153579275988	0.7720310542194699	1
layer24_mean	rbf_svm	HPCLAS_TRAIN_P_004520	1	HPCLAS_TRAIN_P_004520	1	A_clean_core	0.9579288036004822	0.7227069255192972	1
layer24_mean	rbf_svm	HPCLAS_TRAIN_P_004527	1	HPCLAS_TRAIN_P_004527	1	A_clean_core	0.06899789758353911	0.5172426343402996	1
layer24_mean	rbf_svm	HPCLAS_TRAIN_P_004533	1	HPCLAS_TRAIN_P_004533	1	A_clean_core	2.2523959151749287	0.9048570015492247	1
layer24_mean	rbf_svm	HPCLAS_TRAIN_P_004539	1	HPCLAS_TRAIN_P_004539	1	D_hard_sample	0.7219544082698591	0.6730372458209879	1
layer24_mean	rbf_svm	HPCLAS_TRAIN_P_004566	1	HPCLAS_TRAIN_P_004566	1	A_clean_core	0.9276082335247552	0.7165897960961713	1
layer24_mean	rbf_svm	HPCLAS_TRAIN_P_004568	1	HPCLAS_TRAIN_P_004568	1	A_clean_core	5.288495196361452	0.9949760150425578	1
layer24_mean	rbf_svm	HPCLAS_TRAIN_P_004580	1	HPCLAS_TRAIN_P_004580	1	A_clean_core	1.3713098494630414	0.7975916970240079	1
layer24_mean	rbf_svm	HPCLAS_TRAIN_P_004596	1	HPCLAS_TRAIN_P_004596	1	A_clean_core	3.020597232014448	0.9534960147414049	1
layer24_mean	rbf_svm	HPCLAS_TRAIN_P_004601	1	HPCLAS_TRAIN_P_004601	1	A_clean_core	3.6095164128960957	0.9736482756715602	1
layer24_mean	rbf_svm	HPCLAS_TRAIN_P_004603	1	HPCLAS_TRAIN_P_004603	1	A_clean_core	-0.866589759001322	0.2959643973410534	0
layer24_mean	rbf_svm	HPCLAS_TRAIN_P_004608	1	HPCLAS_TRAIN_P_004608	1	A_clean_core	0.5909432970263289	0.6435815525522127	1
layer24_mean	rbf_svm	HPCLAS_TRAIN_P_004616	1	HPCLAS_TRAIN_P_004616	1	A_clean_core	3.3503027191102297	0.9661147473675934	1
layer24_mean	rbf_svm	HPCLAS_TRAIN_P_004617	1	HPCLAS_TRAIN_P_004617	1	A_clean_core	2.3535549561213305	0.9132163799114301	1
layer24_mean	rbf_svm	HPCLAS_TRAIN_P_004627	1	HPCLAS_TRAIN_P_004627	1	D_hard_sample	-1.1556085556769076	0.2394661489942098	0
layer24_mean	rbf_svm	HPCLAS_TRAIN_P_004629	1	HPCLAS_TRAIN_P_004629	1	A_clean_core	1.3491887339217703	0.7939969644750905	1
layer24_mean	rbf_svm	HPCLAS_TRAIN_P_004630	1	HPCLAS_TRAIN_P_004630	1	A_clean_core	2.278281637599254	0.9070622897206411	1
layer24_mean	rbf_svm	HPCLAS_TRAIN_P_004640	1	HPCLAS_TRAIN_P_004640	1	A_clean_core	-0.5289587134564805	0.37075978431464035	0
layer24_mean	rbf_svm	HPCLAS_TRAIN_P_004645	1	HPCLAS_TRAIN_P_004645	1	A_clean_core	2.031511776102218	0.8840661147191601	1
layer24_mean	rbf_svm	HPCLAS_TRAIN_P_004646	1	HPCLAS_TRAIN_P_004646	1	D_hard_sample	-0.1364525517651674	0.46593969391760215	0
layer24_mean	rbf_svm	HPCLAS_TRAIN_P_004649	1	HPCLAS_TRAIN_P_004649	1	A_clean_core	5.1809246464148035	0.9944086342551278	1
layer24_mean	rbf_svm	HPCLAS_TRAIN_P_004658	1	HPCLAS_TRAIN_P_004658	1	A_clean_core	3.1256035186512787	0.9579365970310597	1
layer24_mean	rbf_svm	HPCLAS_TRAIN_P_004667	1	HPCLAS_TRAIN_P_004667	1	A_clean_core	2.5062166371897443	0.9245764818617684	1
layer24_mean	rbf_svm	HPCLAS_TRAIN_P_004672	1	HPCLAS_TRAIN_P_004672	1	A_clean_core	3.7250624675517185	0.9764560870862476	1
layer24_mean	rbf_svm	HPCLAS_TRAIN_P_004674	1	HPCLAS_TRAIN_P_004674	1	A_clean_core	1.0849686306733808	0.7474330984631284	1
layer24_mean	rbf_svm	HPCLAS_TRAIN_P_004677	1	HPCLAS_TRAIN_P_004677	1	B_ambiguous	-0.20694170307516263	0.4484484171998894	0
layer24_mean	rbf_svm	HPCLAS_TRAIN_P_004679	1	HPCLAS_TRAIN_P_004679	1	D_hard_sample	-0.8296020471039426	0.3037292217979136	0
layer24_mean	rbf_svm	HPCLAS_TRAIN_P_004680	1	HPCLAS_TRAIN_P_004680	1	A_clean_core	1.8173516903590823	0.8602480473422914	1
layer24_mean	rbf_svm	HPCLAS_TRAIN_P_004694	1	HPCLAS_TRAIN_P_004694	1	A_clean_core	1.415171968456772	0.8045804174225681	1
layer24_mean	rbf_svm	HPCLAS_TRAIN_P_004697	1	HPCLAS_TRAIN_P_004697	1	A_clean_core	4.207395201208497	0.9853332257130579	1
layer24_mean	rbf_svm	HPCLAS_TRAIN_P_004698	1	HPCLAS_TRAIN_P_004698	1	A_clean_core	3.1566257495710133	0.9591690024205444	1
layer24_mean	rbf_svm	HPCLAS_TRAIN_P_004699	1	HPCLAS_TRAIN_P_004699	1	A_clean_core	1.3814720888235688	0.7992273201080818	1
layer24_mean	rbf_svm	HPCLAS_TRAIN_P_004701	1	HPCLAS_TRAIN_P_004701	1	A_clean_core	1.515402689885297	0.8198605054325101	1
layer24_mean	rbf_svm	HPCLAS_TRAIN_P_004704	1	HPCLAS_TRAIN_P_004704	1	A_clean_core	1.6551951130347626	0.839591949224091	1
layer24_mean	rbf_svm	HPCLAS_TRAIN_P_004706	1	HPCLAS_TRAIN_N_004064	1	B_ambiguous	-1.0041733460072413	0.2681216833961909	0
layer24_mean	rbf_svm	HPCLAS_TRAIN_P_004714	1	HPCLAS_TRAIN_P_004714	1	D_hard_sample	0.7484599090223759	0.6788430284989525	1
layer24_mean	rbf_svm	HPCLAS_TRAIN_P_004724	1	HPCLAS_TRAIN_N_002999	1	B_ambiguous	0.8837328151625548	0.7075951544816852	1
layer24_mean	rbf_svm	HPCLAS_TRAIN_P_004728	1	HPCLAS_TRAIN_P_004728	1	A_clean_core	2.0164783333868606	0.8825163699902377	1
layer24_mean	rbf_svm	HPCLAS_TRAIN_P_004743	1	HPCLAS_TRAIN_P_004743	1	A_clean_core	0.8267026013340584	0.6956572611344093	1
layer24_mean	rbf_svm	HPCLAS_TRAIN_P_004747	1	HPCLAS_TRAIN_P_004747	1	A_clean_core	0.9134875958824663	0.7137133022589198	1
layer24_mean	rbf_svm	HPCLAS_TRAIN_P_004755	1	HPCLAS_TRAIN_P_004755	1	A_clean_core	3.449160310398966	0.9692060894359088	1
layer24_mean	rbf_svm	HPCLAS_TRAIN_P_004758	1	HPCLAS_TRAIN_P_004758	1	D_hard_sample	-0.03984057743834943	0.4900411728858621	0
layer24_mean	rbf_svm	HPCLAS_TRAIN_P_004761	1	HPCLAS_TRAIN_P_004761	1	A_clean_core	1.5520346809188226	0.8252074087219305	1
layer24_mean	rbf_svm	HPCLAS_TRAIN_P_004762	1	HPCLAS_TRAIN_P_004762	1	A_clean_core	1.327437735796885	0.7904164903999706	1
layer24_mean	rbf_svm	HPCLAS_TRAIN_P_004778	1	HPCLAS_TRAIN_P_004778	1	A_clean_core	-0.666515382284716	0.33927754357105466	0
layer24_mean	rbf_svm	HPCLAS_TRAIN_P_004780	1	HPCLAS_TRAIN_P_004780	1	A_clean_core	0.8720505383415817	0.7051721931653322	1
layer24_mean	rbf_svm	HPCLAS_TRAIN_P_004792	1	HPCLAS_TRAIN_P_004792	1	A_clean_core	0.3203107387024131	0.5793999796844986	1
layer24_mean	rbf_svm	HPCLAS_TRAIN_P_004796	1	HPCLAS_TRAIN_P_004796	1	A_clean_core	0.9799768796404807	0.7271036287323459	1
layer24_mean	rbf_svm	HPCLAS_TRAIN_P_004802	1	HPCLAS_TRAIN_P_004802	1	D_hard_sample	0.6836331023153429	0.6645490852240227	1
layer24_mean	rbf_svm	HPCLAS_TRAIN_P_004807	1	HPCLAS_TRAIN_P_004807	1	D_hard_sample	1.5095559392776696	0.8189953877483253	1
layer24_mean	rbf_svm	HPCLAS_TRAIN_P_004810	1	HPCLAS_TRAIN_P_004810	1	A_clean_core	1.5877982091890503	0.8303061009881654	1
layer24_mean	rbf_svm	HPCLAS_TRAIN_P_004814	1	HPCLAS_TRAIN_P_004814	1	A_clean_core	1.1273281494633383	0.7553454815541368	1
layer24_mean	rbf_svm	HPCLAS_TRAIN_P_004817	1	HPCLAS_TRAIN_P_004817	1	B_ambiguous	-1.0077225680793056	0.26742578431342884	0
layer24_mean	rbf_svm	HPCLAS_TRAIN_P_004825	1	HPCLAS_TRAIN_P_004825	1	A_clean_core	0.9051389700026088	0.71200441662495	1
layer24_mean	rbf_svm	HPCLAS_TRAIN_P_004847	1	HPCLAS_TRAIN_P_004847	1	A_clean_core	1.5016822131106315	0.8178252382874671	1
layer24_mean	rbf_svm	HPCLAS_TRAIN_P_004851	1	HPCLAS_TRAIN_P_004851	1	A_clean_core	2.4676376805677656	0.9218417303305622	1
layer24_mean	rbf_svm	HPCLAS_TRAIN_P_004861	1	HPCLAS_TRAIN_P_004861	1	A_clean_core	2.3568562174388505	0.9134776555581696	1
layer24_mean	rbf_svm	HPCLAS_TRAIN_P_004866	1	HPCLAS_TRAIN_P_004866	1	A_clean_core	0.7515886244555813	0.6795247539147797	1
layer24_mean	rbf_svm	HPCLAS_TRAIN_P_004868	1	HPCLAS_TRAIN_P_004868	1	D_hard_sample	-0.689623055700247	0.33411693162976164	0
layer24_mean	rbf_svm	HPCLAS_TRAIN_P_004870	1	HPCLAS_TRAIN_P_004870	1	A_clean_core	1.0494780146440537	0.740674651069394	1
layer24_mean	rbf_svm	HPCLAS_TRAIN_P_004891	1	HPCLAS_TRAIN_P_004891	1	A_clean_core	0.5722426262531866	0.6392804882514818	1
layer24_mean	rbf_svm	HPCLAS_TRAIN_P_004906	1	HPCLAS_TRAIN_P_004906	1	A_clean_core	1.044790740823156	0.7397733244678234	1
layer24_mean	rbf_svm	HPCLAS_TRAIN_P_004912	1	HPCLAS_TRAIN_P_004912	1	A_clean_core	1.4195587776503427	0.8052692373450858	1
layer24_mean	rbf_svm	HPCLAS_TRAIN_P_004915	1	HPCLAS_TRAIN_P_004915	1	A_clean_core	2.3695722102490078	0.914477409712015	1
layer24_mean	rbf_svm	HPCLAS_TRAIN_P_004923	1	HPCLAS_TRAIN_P_004923	1	A_clean_core	3.107778286862632	0.9572124539583918	1
layer24_mean	rbf_svm	HPCLAS_TRAIN_P_004927	1	HPCLAS_TRAIN_P_004927	1	A_clean_core	-0.46280579854965087	0.38632042188691273	0
layer24_mean	rbf_svm	HPCLAS_TRAIN_P_004929	1	HPCLAS_TRAIN_P_004929	1	A_clean_core	0.5337590065238855	0.630359413008047	1
layer24_mean	rbf_svm	HPCLAS_TRAIN_P_004935	1	HPCLAS_TRAIN_P_004935	1	A_clean_core	0.7040607254462488	0.6690874715755744	1
layer24_mean	rbf_svm	HPCLAS_TRAIN_P_004937	1	HPCLAS_TRAIN_P_004937	1	A_clean_core	1.1137786895951858	0.7528329046301891	1
layer24_mean	rbf_svm	HPCLAS_TRAIN_P_004940	1	HPCLAS_TRAIN_P_004940	1	A_clean_core	-0.560969590054724	0.3633231449838286	0
layer24_mean	rbf_svm	HPCLAS_TRAIN_P_004942	1	HPCLAS_TRAIN_P_004942	1	A_clean_core	0.6887133852271573	0.6656806517988836	1
layer24_mean	rbf_svm	HPCLAS_TRAIN_P_004952	1	HPCLAS_TRAIN_P_004952	1	D_hard_sample	-0.1814114946665669	0.454771099102193	0
layer24_mean	rbf_svm	HPCLAS_TRAIN_P_004953	1	HPCLAS_TRAIN_P_004953	1	A_clean_core	2.4071857984658647	0.91737361786951	1
layer24_mean	rbf_svm	HPCLAS_TRAIN_P_004954	1	HPCLAS_TRAIN_P_004954	1	A_clean_core	1.2499567321970992	0.7772923712210219	1
layer24_mean	rbf_svm	HPCLAS_TRAIN_P_004956	1	HPCLAS_TRAIN_P_004956	1	A_clean_core	1.797227669287958	0.8578111259140357	1
layer24_mean	rbf_svm	HPCLAS_TRAIN_P_004965	1	HPCLAS_TRAIN_P_004965	1	A_clean_core	1.7442353226918486	0.8512242315111352	1
layer24_mean	rbf_svm	HPCLAS_TRAIN_P_004989	1	HPCLAS_TRAIN_P_004989	1	A_clean_core	1.3329580174093743	0.7913295046127908	1
layer24_mean	rbf_svm	HPCLAS_TRAIN_P_005005	1	HPCLAS_TRAIN_P_005005	1	D_hard_sample	-0.5142097538598923	0.37420718064135916	0
layer24_mean	rbf_svm	HPCLAS_TRAIN_P_005006	1	HPCLAS_TRAIN_P_005006	1	D_hard_sample	0.7636180380093833	0.6821387330703235	1
layer24_mean	rbf_svm	HPCLAS_TRAIN_P_005010	1	HPCLAS_TRAIN_P_005010	1	A_clean_core	3.443144637079102	0.9690260401192133	1
layer24_mean	rbf_svm	HPCLAS_TRAIN_P_005015	1	HPCLAS_TRAIN_P_005015	1	A_clean_core	2.621516323418018	0.9322335616690093	1
layer24_mean	rbf_svm	HPCLAS_TRAIN_P_005017	1	HPCLAS_TRAIN_P_005017	1	D_hard_sample	1.0837414935789371	0.7472013730427448	1
layer24_mean	rbf_svm	HPCLAS_TRAIN_P_005029	1	HPCLAS_TRAIN_P_005029	1	A_clean_core	0.6835025342909352	0.6645199779048409	1
layer24_mean	rbf_svm	HPCLAS_TRAIN_P_005035	1	HPCLAS_TRAIN_P_005035	1	A_clean_core	0.0818664942775709	0.5204552004064251	1
layer24_mean	rbf_svm	HPCLAS_TRAIN_P_005041	1	HPCLAS_TRAIN_P_005041	1	A_clean_core	1.0331995912040524	0.7375357329399598	1
layer24_mean	rbf_svm	HPCLAS_TRAIN_P_005044	1	HPCLAS_TRAIN_P_005044	1	B_ambiguous	0.836887393424674	0.6978092603990174	1
layer24_mean	rbf_svm	HPCLAS_TRAIN_P_005052	1	HPCLAS_TRAIN_P_005052	1	A_clean_core	0.9185246402185513	0.7147413956261177	1
layer24_mean	rbf_svm	HPCLAS_TRAIN_P_005054	1	HPCLAS_TRAIN_P_005054	1	D_hard_sample	0.9858918559382096	0.7282757237377927	1
layer24_mean	rbf_svm	HPCLAS_TRAIN_P_005055	1	HPCLAS_TRAIN_P_005055	1	A_clean_core	1.2472105260240878	0.7768166163897535	1
layer24_mean	rbf_svm	HPCLAS_TRAIN_P_005057	1	HPCLAS_TRAIN_P_005057	1	A_clean_core	1.4248677090739548	0.8061003856038507	1
layer24_mean	rbf_svm	HPCLAS_TRAIN_P_005059	1	HPCLAS_TRAIN_P_005059	1	A_clean_core	2.4278984580177245	0.9189301108012206	1
layer24_mean	rbf_svm	HPCLAS_TRAIN_P_005062	1	HPCLAS_TRAIN_P_005062	1	A_clean_core	4.237199398037206	0.9857577733390462	1
layer24_mean	rbf_svm	HPCLAS_TRAIN_P_005072	1	HPCLAS_TRAIN_P_005072	1	A_clean_core	2.4111048511544544	0.9176701936840012	1
layer24_mean	rbf_svm	HPCLAS_TRAIN_P_005076	1	HPCLAS_TRAIN_P_005076	1	A_clean_core	3.617536041464042	0.9738532580547016	1
layer24_mean	rbf_svm	HPCLAS_TRAIN_P_005077	1	HPCLAS_TRAIN_P_005077	1	D_hard_sample	1.174177281922371	0.763899248897285	1
layer24_mean	rbf_svm	HPCLAS_TRAIN_P_005078	1	HPCLAS_TRAIN_P_005078	1	A_clean_core	1.251223607521398	0.7775116016227809	1
layer24_mean	rbf_svm	HPCLAS_TRAIN_P_005086	1	HPCLAS_TRAIN_P_005086	1	A_clean_core	1.8985244382576032	0.8697244300063336	1
layer24_mean	rbf_svm	HPCLAS_TRAIN_P_005087	1	HPCLAS_TRAIN_P_005087	1	A_clean_core	0.9447489189119974	0.7200579180490482	1
layer24_mean	rbf_svm	HPCLAS_TRAIN_P_005106	1	HPCLAS_TRAIN_P_005106	1	A_clean_core	1.6459839023946587	0.8383475243432398	1
layer24_mean	rbf_svm	HPCLAS_TRAIN_P_005114	1	HPCLAS_TRAIN_P_005114	1	A_clean_core	1.0261326841615612	0.7361654493472831	1
layer24_mean	rbf_svm	HPCLAS_TRAIN_P_005115	1	HPCLAS_TRAIN_P_005115	1	D_hard_sample	0.810108112863594	0.692132542019174	1
layer24_mean	rbf_svm	HPCLAS_TRAIN_P_005130	1	HPCLAS_TRAIN_P_005130	1	D_hard_sample	0.16070148816977595	0.5400891341023529	1
layer24_mean	rbf_svm	HPCLAS_TRAIN_P_005137	1	HPCLAS_TRAIN_P_005137	1	A_clean_core	2.9533897597967425	0.9504234536445031	1
layer24_mean	rbf_svm	HPCLAS_TRAIN_P_005151	1	HPCLAS_TRAIN_P_005151	1	A_clean_core	1.7993438733840743	0.8580690464691638	1
layer24_mean	rbf_svm	HPCLAS_TRAIN_P_005156	1	HPCLAS_TRAIN_P_005156	1	A_clean_core	1.1178808905798436	0.7535954318803689	1
layer24_mean	rbf_svm	HPCLAS_TRAIN_P_005159	1	HPCLAS_TRAIN_P_005159	1	A_clean_core	2.8707652817326257	0.9463821939037312	1
layer24_mean	rbf_svm	HPCLAS_TRAIN_P_005162	1	HPCLAS_TRAIN_P_005162	1	A_clean_core	3.128190343102714	0.958040707337312	1
layer24_mean	rbf_svm	HPCLAS_TRAIN_P_005170	1	HPCLAS_TRAIN_P_005170	1	A_clean_core	5.354743586648046	0.9952965459538582	1
layer24_mean	rbf_svm	HPCLAS_TRAIN_P_005175	1	HPCLAS_TRAIN_P_005175	1	D_hard_sample	1.0142395632513996	0.7338490185085728	1
layer24_mean	rbf_svm	HPCLAS_TRAIN_P_005191	1	HPCLAS_TRAIN_P_005191	1	A_clean_core	0.4869012154504605	0.6193761666841372	1
layer24_mean	rbf_svm	HPCLAS_TRAIN_P_005193	1	HPCLAS_TRAIN_P_005193	1	A_clean_core	1.3334557608870146	0.7914116836413634	1
layer24_mean	rbf_svm	HPCLAS_TRAIN_P_005199	1	HPCLAS_TRAIN_P_005199	1	A_clean_core	1.2449482518931174	0.7764241545242282	1
layer24_mean	rbf_svm	HPCLAS_TRAIN_P_005205	1	HPCLAS_TRAIN_P_005205	1	A_clean_core	1.677283313046805	0.8425444617777668	1
layer24_mean	rbf_svm	HPCLAS_TRAIN_P_005208	1	HPCLAS_TRAIN_P_005208	1	A_clean_core	1.021091954687945	0.7351852444210589	1
layer24_mean	rbf_svm	HPCLAS_TRAIN_P_005209	1	HPCLAS_TRAIN_P_005209	1	A_clean_core	3.472021929270727	0.9698811386847067	1
layer24_mean	rbf_svm	HPCLAS_TRAIN_P_005217	1	HPCLAS_TRAIN_P_005217	1	D_hard_sample	0.38290841769145156	0.5945743859563797	1
layer24_mean	rbf_svm	HPCLAS_TRAIN_P_005219	1	HPCLAS_TRAIN_P_005219	1	D_hard_sample	0.9182601455272584	0.714687465763518	1
layer24_mean	rbf_svm	HPCLAS_TRAIN_P_005220	1	HPCLAS_TRAIN_P_005220	1	D_hard_sample	1.1707784500264207	0.7632856954037226	1
layer24_mean	rbf_svm	HPCLAS_TRAIN_P_005223	1	HPCLAS_TRAIN_P_005223	1	A_clean_core	0.3010157551652123	0.574690807808474	1
layer24_mean	rbf_svm	HPCLAS_TRAIN_P_005226	1	HPCLAS_TRAIN_P_005226	1	A_clean_core	-0.08086746279179788	0.47979414452975794	0
layer24_mean	rbf_svm	HPCLAS_TRAIN_P_005231	1	HPCLAS_TRAIN_P_005231	1	A_clean_core	2.225293649222167	0.9024980057811188	1
layer24_mean	rbf_svm	HPCLAS_TRAIN_P_005235	1	HPCLAS_TRAIN_P_005235	1	A_clean_core	1.0902348880131338	0.7484259499709248	1
layer24_mean	rbf_svm	HPCLAS_TRAIN_P_005236	1	HPCLAS_TRAIN_P_005236	1	D_hard_sample	-0.515687531873823	0.37386118463247525	0
layer24_mean	rbf_svm	HPCLAS_TRAIN_P_005263	1	HPCLAS_TRAIN_P_005263	1	A_clean_core	-0.22833128982907466	0.44316389329096645	0
layer24_mean	rbf_svm	HPCLAS_TRAIN_P_005264	1	HPCLAS_TRAIN_P_005264	1	A_clean_core	0.6113189673341969	0.6482416176193341	1
layer24_mean	rbf_svm	HPCLAS_TRAIN_P_005266	1	HPCLAS_TRAIN_P_005266	1	D_hard_sample	-0.08725342584156834	0.47820047206015176	0
layer24_mean	rbf_svm	HPCLAS_TRAIN_P_005268	1	HPCLAS_TRAIN_N_001842	1	B_ambiguous	0.7434931881210038	0.6777592475364984	1
layer24_mean	rbf_svm	HPCLAS_TRAIN_P_005269	1	HPCLAS_TRAIN_P_005269	1	D_hard_sample	0.5045045897925858	0.6235173411070202	1
layer24_mean	rbf_svm	HPCLAS_TRAIN_P_005272	1	HPCLAS_TRAIN_P_005272	1	A_clean_core	2.4929546638920383	0.9236464374696224	1
layer24_mean	rbf_svm	HPCLAS_TRAIN_P_005275	1	HPCLAS_TRAIN_P_005275	1	A_clean_core	0.4753811804289768	0.6166566162391853	1
layer24_mean	rbf_svm	HPCLAS_TRAIN_P_005282	1	HPCLAS_TRAIN_P_005282	1	A_clean_core	-0.07922348712189495	0.480204480788551	0
layer24_mean	rbf_svm	HPCLAS_TRAIN_P_005285	1	HPCLAS_TRAIN_P_005285	1	A_clean_core	0.6378005643519302	0.6542561060884987	1
layer24_mean	rbf_svm	HPCLAS_TRAIN_P_005306	1	HPCLAS_TRAIN_P_005306	1	A_clean_core	1.6427313042338443	0.8379062438976488	1
layer24_mean	rbf_svm	HPCLAS_TRAIN_P_005316	1	HPCLAS_TRAIN_P_005316	1	A_clean_core	-0.07725814486032509	0.4806950651381126	0
layer24_mean	rbf_svm	HPCLAS_TRAIN_P_005324	1	HPCLAS_TRAIN_P_005324	1	A_clean_core	3.0873623113985293	0.9563684323560729	1
layer24_mean	rbf_svm	HPCLAS_TRAIN_P_005326	1	HPCLAS_TRAIN_P_005326	1	A_clean_core	3.482064133010764	0.9701731085285737	1
layer24_mean	rbf_svm	HPCLAS_TRAIN_P_005355	1	HPCLAS_TRAIN_P_005355	1	A_clean_core	2.184809201303981	0.898877053862024	1
layer24_mean	rbf_svm	HPCLAS_TRAIN_P_005356	1	HPCLAS_TRAIN_P_005356	1	D_hard_sample	-0.23237809283641772	0.44216549609940686	0
layer24_mean	rbf_svm	HPCLAS_TRAIN_P_005357	1	HPCLAS_TRAIN_P_005357	1	A_clean_core	1.1162462365938934	0.753291768219562	1
layer24_mean	rbf_svm	HPCLAS_TRAIN_P_005361	1	HPCLAS_TRAIN_P_005361	1	A_clean_core	0.765813137949141	0.6826144962653988	1
layer24_mean	rbf_svm	HPCLAS_TRAIN_P_005363	1	HPCLAS_TRAIN_P_005363	1	A_clean_core	0.7338859852185323	0.6756574453446141	1
layer24_mean	rbf_svm	HPCLAS_TRAIN_P_005367	1	HPCLAS_TRAIN_P_005367	1	D_hard_sample	0.11786648812022474	0.5294325555800871	1
layer24_mean	rbf_svm	HPCLAS_TRAIN_P_005368	1	HPCLAS_TRAIN_P_005368	1	A_clean_core	1.8166359300492507	0.8601619754855236	1
layer24_mean	rbf_svm	HPCLAS_TRAIN_P_005374	1	HPCLAS_TRAIN_P_005374	1	A_clean_core	-0.6424120381390349	0.3447014985887825	0
layer24_mean	rbf_svm	HPCLAS_TRAIN_P_005380	1	HPCLAS_TRAIN_P_005380	1	A_clean_core	1.4703241067829311	0.8131066436677924	1
layer24_mean	rbf_svm	HPCLAS_TRAIN_P_005388	1	HPCLAS_TRAIN_P_005388	1	A_clean_core	1.701475169031704	0.8457273022789834	1
layer24_mean	rbf_svm	HPCLAS_TRAIN_P_005390	1	HPCLAS_TRAIN_P_005390	1	A_clean_core	0.6639079109542699	0.6601376993061252	1
layer24_mean	rbf_svm	HPCLAS_TRAIN_P_005396	1	HPCLAS_TRAIN_P_005396	1	A_clean_core	1.0744240614312155	0.745437339178181	1
layer24_mean	rbf_svm	HPCLAS_TRAIN_P_005397	1	HPCLAS_TRAIN_P_005397	1	A_clean_core	0.7676518383205578	0.6830127204532642	1
layer24_mean	rbf_svm	HPCLAS_TRAIN_P_005399	1	HPCLAS_TRAIN_P_005399	1	A_clean_core	0.6847258258011428	0.6647926352595492	1
layer24_mean	rbf_svm	HPCLAS_TRAIN_P_005408	1	HPCLAS_TRAIN_P_005408	1	A_clean_core	0.05655533399393034	0.514135066108397	1
layer24_mean	rbf_svm	HPCLAS_TRAIN_P_005409	1	HPCLAS_TRAIN_P_005409	1	A_clean_core	2.9596582286338475	0.9507179832662502	1
layer24_mean	rbf_svm	HPCLAS_TRAIN_P_005418	1	HPCLAS_TRAIN_P_005418	1	A_clean_core	5.04326481620282	0.9935887225272403	1
layer24_mean	rbf_svm	HPCLAS_TRAIN_P_005429	1	HPCLAS_TRAIN_P_005429	1	A_clean_core	3.2359154535399273	0.9621636930942705	1
layer24_mean	rbf_svm	HPCLAS_TRAIN_P_005445	1	HPCLAS_TRAIN_P_005445	1	A_clean_core	2.1200175527457823	0.8928336090025851	1
layer24_mean	rbf_svm	HPCLAS_TRAIN_P_005451	1	HPCLAS_TRAIN_P_005451	1	A_clean_core	1.6977466649188742	0.8452402072087473	1
layer24_mean	rbf_svm	HPCLAS_TRAIN_P_005459	1	HPCLAS_TRAIN_P_005459	1	A_clean_core	1.0705802890820113	0.7447072551008534	1
layer24_mean	rbf_svm	HPCLAS_TRAIN_P_005469	1	HPCLAS_TRAIN_P_005469	1	A_clean_core	2.8071563041942835	0.9430613144395943	1
layer24_mean	rbf_svm	HPCLAS_TRAIN_P_005470	1	HPCLAS_TRAIN_P_005470	1	A_clean_core	0.36780483849667966	0.590928443721638	1
layer24_mean	rbf_svm	HPCLAS_TRAIN_P_005473	1	HPCLAS_TRAIN_P_005473	1	A_clean_core	1.151126759904395	0.7597166640637578	1
layer24_mean	rbf_svm	HPCLAS_TRAIN_P_005487	1	HPCLAS_TRAIN_P_005487	1	D_hard_sample	0.029186364147776617	0.5072960731180447	1
layer24_mean	rbf_svm	HPCLAS_TRAIN_P_005490	1	HPCLAS_TRAIN_P_005490	1	A_clean_core	0.8965005799860931	0.7102298402155917	1
layer24_mean	rbf_svm	HPCLAS_TRAIN_P_005493	1	HPCLAS_TRAIN_P_005493	1	D_hard_sample	-0.0252556574450363	0.493686421227262	0
layer24_mean	rbf_svm	HPCLAS_TRAIN_P_005500	1	HPCLAS_TRAIN_P_005500	1	A_clean_core	-0.39681865202526	0.4020769323308352	0
layer24_mean	rbf_svm	HPCLAS_TRAIN_P_005505	1	HPCLAS_TRAIN_P_005505	1	D_hard_sample	0.2604147318596678	0.5647382393460143	1
layer24_mean	rbf_svm	HPCLAS_TRAIN_P_005513	1	HPCLAS_TRAIN_P_005513	1	A_clean_core	3.176591828669665	0.9599438213642613	1
layer24_mean	rbf_svm	HPCLAS_TRAIN_P_005518	1	HPCLAS_TRAIN_P_005518	1	D_hard_sample	-0.7253772493335192	0.32620997682753883	0
layer24_mean	rbf_svm	HPCLAS_TRAIN_P_005525	1	HPCLAS_TRAIN_P_005525	1	A_clean_core	1.9560393644461493	0.8761036812125503	1
layer24_mean	rbf_svm	HPCLAS_TRAIN_P_005527	1	HPCLAS_TRAIN_P_005527	1	A_clean_core	0.6766838510930081	0.6629981659104489	1
layer24_mean	rbf_svm	HPCLAS_TRAIN_P_005529	1	HPCLAS_TRAIN_N_000198	1	B_ambiguous	1.1191595732854398	0.7538327926488231	1
layer24_mean	rbf_svm	HPCLAS_TRAIN_P_005542	1	HPCLAS_TRAIN_P_005542	1	A_clean_core	2.3772561949621327	0.9150764516534274	1
layer24_mean	rbf_svm	HPCLAS_TRAIN_P_005544	1	HPCLAS_TRAIN_P_005544	1	A_clean_core	1.8982425966714063	0.8696924929429457	1
layer24_mean	rbf_svm	HPCLAS_TRAIN_P_005550	1	HPCLAS_TRAIN_P_005550	1	D_hard_sample	-0.6742774626457455	0.3375397080199638	0
layer24_mean	rbf_svm	HPCLAS_TRAIN_P_005554	1	HPCLAS_TRAIN_P_005554	1	A_clean_core	3.6441754776752453	0.974523085445844	1
layer24_mean	rbf_svm	HPCLAS_TRAIN_P_005561	1	HPCLAS_TRAIN_P_005561	1	A_clean_core	1.2044860876699628	0.7693218720256354	1
layer24_mean	rbf_svm	HPCLAS_TRAIN_P_005564	1	HPCLAS_TRAIN_P_005564	1	A_clean_core	2.4719168073683546	0.9221494835111582	1
layer24_mean	rbf_svm	HPCLAS_TRAIN_P_005579	1	HPCLAS_TRAIN_P_005579	1	A_clean_core	1.9348244022879348	0.8737824473613441	1
layer24_mean	rbf_svm	HPCLAS_TRAIN_P_005582	1	HPCLAS_TRAIN_P_005582	1	A_clean_core	-0.08388945986902362	0.47903992569925646	0
layer24_mean	rbf_svm	HPCLAS_TRAIN_P_005587	1	HPCLAS_TRAIN_P_005587	1	A_clean_core	4.003722482439294	0.9820794213144275	1
layer24_mean	rbf_svm	HPCLAS_TRAIN_P_005589	1	HPCLAS_TRAIN_N_004206	1	B_ambiguous	0.108465440674923	0.527089806637225	1
layer24_mean	rbf_svm	HPCLAS_TRAIN_P_005593	1	HPCLAS_TRAIN_P_005593	1	A_clean_core	0.8994408551327252	0.7108345846311938	1
layer24_mean	rbf_svm	HPCLAS_TRAIN_P_005595	1	HPCLAS_TRAIN_P_005595	1	A_clean_core	1.3308073567479988	0.7909741497012638	1
layer24_mean	rbf_svm	HPCLAS_TRAIN_P_005598	1	HPCLAS_TRAIN_P_005598	1	A_clean_core	1.4419072698998485	0.8087498293628729	1
layer24_mean	rbf_svm	HPCLAS_TRAIN_P_005601	1	HPCLAS_TRAIN_P_005601	1	A_clean_core	1.4266866415712682	0.8063845311148875	1
layer24_mean	rbf_svm	HPCLAS_TRAIN_P_005605	1	HPCLAS_TRAIN_P_005605	1	A_clean_core	1.6615247767550636	0.8404425800212953	1
layer24_mean	rbf_svm	HPCLAS_TRAIN_P_005615	1	HPCLAS_TRAIN_P_005615	1	D_hard_sample	-0.8339239080038277	0.3028160202914988	0
layer24_mean	rbf_svm	HPCLAS_TRAIN_P_005621	1	HPCLAS_TRAIN_P_005621	1	A_clean_core	1.332825854760463	0.7913076801349652	1
layer24_mean	rbf_svm	HPCLAS_TRAIN_P_005627	1	HPCLAS_TRAIN_P_005627	1	D_hard_sample	0.5598201003226322	0.6364109139458011	1
layer24_mean	rbf_svm	HPCLAS_TRAIN_P_005628	1	HPCLAS_TRAIN_P_005628	1	A_clean_core	1.2863725116903308	0.7835325663035229	1
layer24_mean	rbf_svm	HPCLAS_TRAIN_P_005632	1	HPCLAS_TRAIN_P_005632	1	A_clean_core	1.0061669146754848	0.7322693385750128	1
layer24_mean	rbf_svm	HPCLAS_TRAIN_P_005642	1	HPCLAS_TRAIN_P_005642	1	A_clean_core	1.8482061141633959	0.8639163426358902	1
layer24_mean	rbf_svm	HPCLAS_TRAIN_P_005644	1	HPCLAS_TRAIN_P_005644	1	A_clean_core	1.2482767073155452	0.7770014084142143	1
layer24_mean	rbf_svm	HPCLAS_TRAIN_P_005647	1	HPCLAS_TRAIN_P_005647	1	D_hard_sample	0.27347150522891706	0.5679449551284863	1
layer24_mean	rbf_svm	HPCLAS_TRAIN_P_005663	1	HPCLAS_TRAIN_P_005663	1	A_clean_core	0.6970034225103957	0.6675230578524654	1
layer24_mean	rbf_svm	HPCLAS_TRAIN_P_005665	1	HPCLAS_TRAIN_P_005665	1	D_hard_sample	-1.0716140841169135	0.2550962512091701	0
layer24_mean	rbf_svm	HPCLAS_TRAIN_P_005672	1	HPCLAS_TRAIN_P_005672	1	A_clean_core	1.1252174176288292	0.7549552108889651	1
layer24_mean	rbf_svm	HPCLAS_TRAIN_P_005675	1	HPCLAS_TRAIN_P_005675	1	A_clean_core	1.182226194352145	0.7653478433141446	1
layer24_mean	rbf_svm	HPCLAS_TRAIN_P_005677	1	HPCLAS_TRAIN_P_005677	1	A_clean_core	1.600135886155714	0.8320373762414728	1
layer24_mean	rbf_svm	HPCLAS_TRAIN_P_005679	1	HPCLAS_TRAIN_P_005679	1	A_clean_core	0.5441088234658727	0.6327677160661382	1
layer24_mean	rbf_svm	HPCLAS_TRAIN_P_005683	1	HPCLAS_TRAIN_P_005683	1	A_clean_core	0.12228084602080894	0.5305321763510977	1
layer24_mean	rbf_svm	HPCLAS_TRAIN_P_005684	1	HPCLAS_TRAIN_P_005684	1	A_clean_core	2.1577960996547154	0.8963950489262522	1
layer24_mean	rbf_svm	HPCLAS_TRAIN_P_005690	1	HPCLAS_TRAIN_P_005690	1	A_clean_core	-0.0017541198543687686	0.4995614701488518	0
layer24_mean	rbf_svm	HPCLAS_TRAIN_P_005700	1	HPCLAS_TRAIN_P_005700	1	A_clean_core	2.0619963648903155	0.8871541838115563	1
layer24_mean	rbf_svm	HPCLAS_TRAIN_P_005708	1	HPCLAS_TRAIN_P_005708	1	D_hard_sample	0.6798873027243088	0.6637135440759526	1
layer24_mean	rbf_svm	HPCLAS_TRAIN_P_005711	1	HPCLAS_TRAIN_P_005711	1	A_clean_core	1.5304054966740963	0.8220656354696747	1
layer24_mean	rbf_svm	HPCLAS_TRAIN_P_005735	1	HPCLAS_TRAIN_P_005735	1	A_clean_core	2.845660693683988	0.9450939446007351	1
layer24_mean	rbf_svm	HPCLAS_TRAIN_P_005742	1	HPCLAS_TRAIN_P_005742	1	A_clean_core	0.32066778244626337	0.5794869872217919	1
layer24_mean	rbf_svm	HPCLAS_TRAIN_P_005747	1	HPCLAS_TRAIN_P_005747	1	A_clean_core	3.0902901529160043	0.9564904417862591	1
layer24_mean	rbf_svm	HPCLAS_TRAIN_P_005754	1	HPCLAS_TRAIN_P_005754	1	D_hard_sample	-0.7182833005866558	0.32777112380263407	0
layer24_mean	rbf_svm	HPCLAS_TRAIN_P_005755	1	HPCLAS_TRAIN_P_005755	1	A_clean_core	0.899545689906261	0.7108561328144831	1
layer24_mean	rbf_svm	HPCLAS_TRAIN_P_005760	1	HPCLAS_TRAIN_P_005760	1	D_hard_sample	0.8741062781127787	0.7055994101074264	1
layer24_mean	rbf_svm	HPCLAS_TRAIN_P_005765	1	HPCLAS_TRAIN_P_005765	1	A_clean_core	1.9511286501353982	0.8755696574785437	1
layer24_mean	rbf_svm	HPCLAS_TRAIN_P_005769	1	HPCLAS_TRAIN_P_005769	1	A_clean_core	2.6414005167238295	0.9334789836850582	1
layer24_mean	rbf_svm	HPCLAS_TRAIN_P_005770	1	HPCLAS_TRAIN_P_005770	1	A_clean_core	-0.48477034043374945	0.38112631330369307	0
layer24_mean	rbf_svm	HPCLAS_TRAIN_P_005775	1	HPCLAS_TRAIN_P_005775	1	A_clean_core	3.8898202594819	0.9799607615863523	1
layer24_mean	rbf_svm	HPCLAS_TRAIN_P_005786	1	HPCLAS_TRAIN_P_005786	1	D_hard_sample	0.9823456565002816	0.7275733978385268	1
layer24_mean	rbf_svm	HPCLAS_TRAIN_P_005791	1	HPCLAS_TRAIN_P_005791	1	A_clean_core	-0.5011616909266705	0.377267705980306	0
layer24_mean	rbf_svm	HPCLAS_TRAIN_P_005818	1	HPCLAS_TRAIN_P_005818	1	A_clean_core	2.0315086262484234	0.884065791880113	1
layer24_mean	rbf_svm	HPCLAS_TRAIN_P_005820	1	HPCLAS_TRAIN_P_005820	1	A_clean_core	0.3256339464716358	0.580696671100917	1
layer24_mean	rbf_svm	HPCLAS_TRAIN_P_005822	1	HPCLAS_TRAIN_P_005822	1	A_clean_core	0.19823439184868744	0.5493969416923025	1
layer24_mean	rbf_svm	HPCLAS_TRAIN_P_005823	1	HPCLAS_TRAIN_P_005823	1	D_hard_sample	0.7311119845408105	0.6750492424874511	1
layer24_mean	rbf_svm	HPCLAS_TRAIN_P_005844	1	HPCLAS_TRAIN_P_005844	1	A_clean_core	0.9775251109756192	0.7266168683423831	1
layer24_mean	rbf_svm	HPCLAS_TRAIN_P_005848	1	HPCLAS_TRAIN_P_005848	1	A_clean_core	1.9930712596458267	0.8800676831362948	1
layer24_mean	rbf_svm	HPCLAS_TRAIN_P_005854	1	HPCLAS_TRAIN_P_005854	1	A_clean_core	2.181233984541029	0.8985516132860334	1
layer24_mean	rbf_svm	HPCLAS_TRAIN_P_005859	1	HPCLAS_TRAIN_P_005859	1	A_clean_core	1.0772169886602654	0.7459669630852043	1
layer24_mean	rbf_svm	HPCLAS_TRAIN_P_005877	1	HPCLAS_TRAIN_P_005877	1	A_clean_core	0.9808131933051166	0.7272695418647485	1
layer24_mean	rbf_svm	HPCLAS_TRAIN_P_005883	1	HPCLAS_TRAIN_P_005883	1	A_clean_core	-0.014420387090545245	0.4963949656986556	0
layer24_mean	rbf_svm	HPCLAS_TRAIN_P_005891	1	HPCLAS_TRAIN_P_005891	1	A_clean_core	0.7844344336344171	0.6866350480697402	1
layer24_mean	rbf_svm	HPCLAS_TRAIN_P_005892	1	HPCLAS_TRAIN_P_005892	1	A_clean_core	0.44564252174066366	0.6096027063722497	1
layer24_mean	rbf_svm	HPCLAS_TRAIN_P_005897	1	HPCLAS_TRAIN_P_005897	1	A_clean_core	0.25215375692005804	0.5627065426853416	1
layer24_mean	rbf_svm	HPCLAS_TRAIN_P_005905	1	HPCLAS_TRAIN_P_005905	1	A_clean_core	1.0890992847508019	0.7482120731101457	1
layer24_mean	rbf_svm	HPCLAS_TRAIN_P_005918	1	HPCLAS_TRAIN_P_005918	1	D_hard_sample	1.298876514972755	0.7856458416328783	1
layer24_mean	rbf_svm	HPCLAS_TRAIN_P_005924	1	HPCLAS_TRAIN_P_005924	1	A_clean_core	2.5589840999866604	0.928174760818625	1
layer24_mean	rbf_svm	HPCLAS_TRAIN_P_005940	1	HPCLAS_TRAIN_P_005940	1	A_clean_core	2.5585299399798873	0.9281444777293432	1
layer24_mean	rbf_svm	HPCLAS_TRAIN_P_005941	1	HPCLAS_TRAIN_P_005941	1	A_clean_core	0.5531629600935603	0.6348691101093272	1
layer24_mean	rbf_svm	HPCLAS_TRAIN_P_005945	1	HPCLAS_TRAIN_P_005945	1	A_clean_core	0.32515948168631736	0.5805811401755905	1
layer24_mean	rbf_svm	HPCLAS_TRAIN_P_005950	1	HPCLAS_TRAIN_P_005950	1	A_clean_core	4.007541436463008	0.9821465091414897	1
layer24_mean	rbf_svm	HPCLAS_TRAIN_P_005956	1	HPCLAS_TRAIN_P_005956	1	A_clean_core	-1.0341374263481171	0.2622827644033632	0
layer24_mean	rbf_svm	HPCLAS_TRAIN_P_005958	1	HPCLAS_TRAIN_P_005958	1	A_clean_core	3.402051033417064	0.967768573704026	1
layer24_mean	rbf_svm	HPCLAS_TRAIN_P_005961	1	HPCLAS_TRAIN_P_005961	1	A_clean_core	0.00766795450475069	0.5019169792333938	1
layer24_mean	rbf_svm	HPCLAS_TRAIN_P_005972	1	HPCLAS_TRAIN_P_005972	1	D_hard_sample	-0.3981851147847192	0.40174846355580157	0
layer24_mean	rbf_svm	HPCLAS_TRAIN_P_005974	1	HPCLAS_TRAIN_P_005974	1	A_clean_core	0.22007391710388477	0.5547974925014226	1
layer24_mean	rbf_svm	HPCLAS_TRAIN_P_005978	1	HPCLAS_TRAIN_P_005978	1	A_clean_core	2.3005437317241118	0.9089220606008053	1
layer24_mean	rbf_svm	HPCLAS_TRAIN_P_005987	1	HPCLAS_TRAIN_P_005987	1	A_clean_core	1.4709821570367945	0.813206623164345	1
layer24_mean	rbf_svm	HPCLAS_TRAIN_P_005988	1	HPCLAS_TRAIN_P_005988	1	A_clean_core	-0.7423480127231952	0.3224909115562517	0
layer24_mean	rbf_svm	HPCLAS_TRAIN_P_005989	1	HPCLAS_TRAIN_P_005989	1	D_hard_sample	1.0947155506380926	0.7492686500750411	1
layer24_mean	rbf_svm	HPCLAS_TRAIN_P_005996	1	HPCLAS_TRAIN_P_005996	1	A_clean_core	0.05513878815301679	0.513781205647995	1
layer24_mean	rbf_svm	HPCLAS_TRAIN_P_006002	1	HPCLAS_TRAIN_P_006002	1	A_clean_core	0.35857323477616043	0.5886950106072523	1
layer24_mean	rbf_svm	HPCLAS_TRAIN_P_006014	1	HPCLAS_TRAIN_P_006014	1	A_clean_core	1.9792531004238705	0.8786015196600272	1
layer24_mean	rbf_svm	HPCLAS_TRAIN_P_006025	1	HPCLAS_TRAIN_P_006025	1	A_clean_core	1.1551802385079897	0.7604558362736167	1
layer24_mean	rbf_svm	HPCLAS_TRAIN_P_006032	1	HPCLAS_TRAIN_P_006032	1	A_clean_core	4.011619047758381	0.9822178686185171	1
layer24_mean	rbf_svm	HPCLAS_TRAIN_P_006038	1	HPCLAS_TRAIN_P_006038	1	A_clean_core	2.451946185066516	0.9207036551284328	1
layer24_mean	rbf_svm	HPCLAS_TRAIN_P_006043	1	HPCLAS_TRAIN_P_006043	1	A_clean_core	0.9497066182735202	0.7210561727604002	1
layer24_mean	rbf_svm	HPCLAS_TRAIN_P_006044	1	HPCLAS_TRAIN_P_006044	1	A_clean_core	3.118613326237067	0.9576540303432092	1
layer24_mean	rbf_svm	HPCLAS_TRAIN_P_006053	1	HPCLAS_TRAIN_P_006053	1	A_clean_core	0.37733480315098744	0.5932301293763559	1
layer24_mean	rbf_svm	HPCLAS_TRAIN_P_006059	1	HPCLAS_TRAIN_P_006059	1	A_clean_core	1.9642791869604395	0.8769953129240312	1
layer24_mean	rbf_svm	HPCLAS_TRAIN_P_006070	1	HPCLAS_TRAIN_P_006070	1	D_hard_sample	0.6871550723479166	0.665333759898601	1
layer24_mean	rbf_svm	HPCLAS_TRAIN_P_006073	1	HPCLAS_TRAIN_P_006073	1	A_clean_core	3.047498588925879	0.9546744105265131	1
layer24_mean	rbf_svm	HPCLAS_TRAIN_P_006079	1	HPCLAS_TRAIN_P_006079	1	A_clean_core	0.874851967787665	0.7057542876383588	1
layer24_mean	rbf_svm	HPCLAS_TRAIN_P_006080	1	HPCLAS_TRAIN_P_006080	1	D_hard_sample	-0.14690638029912093	0.4633393138912908	0
layer24_mean	rbf_svm	HPCLAS_TRAIN_P_006081	1	HPCLAS_TRAIN_P_006081	1	A_clean_core	-0.17423230145941568	0.45655178181446576	0
layer24_mean	rbf_svm	HPCLAS_TRAIN_P_006086	1	HPCLAS_TRAIN_P_006086	1	A_clean_core	0.8416826168248627	0.6988194761680582	1
layer24_mean	rbf_svm	HPCLAS_TRAIN_P_006087	1	HPCLAS_TRAIN_P_006087	1	A_clean_core	-0.37188751463029923	0.40808501034438965	0
layer24_mean	rbf_svm	HPCLAS_TRAIN_P_006091	1	HPCLAS_TRAIN_P_006091	1	A_clean_core	1.2326056427588767	0.7742742972899478	1
layer24_mean	rbf_svm	HPCLAS_TRAIN_P_006094	1	HPCLAS_TRAIN_P_006094	1	A_clean_core	1.7029845134891748	0.8459241276785284	1
layer24_mean	rbf_svm	HPCLAS_TRAIN_P_006103	1	HPCLAS_TRAIN_P_006103	1	A_clean_core	1.4872359013904088	0.8156630339932223	1
layer24_mean	rbf_svm	HPCLAS_TRAIN_P_006108	1	HPCLAS_TRAIN_P_006108	1	D_hard_sample	1.105052132374249	0.7512055256794089	1
layer24_mean	rbf_svm	HPCLAS_TRAIN_P_006113	1	HPCLAS_TRAIN_P_006113	1	D_hard_sample	0.7347862203500193	0.6758546956829731	1
layer24_mean	rbf_svm	HPCLAS_TRAIN_P_006114	1	HPCLAS_TRAIN_P_006114	1	A_clean_core	0.5941835016420131	0.6443244584674337	1
layer24_mean	rbf_svm	HPCLAS_TRAIN_P_006116	1	HPCLAS_TRAIN_P_006116	1	A_clean_core	3.1717697954938275	0.9597579943027548	1
layer24_mean	rbf_svm	HPCLAS_TRAIN_P_006117	1	HPCLAS_TRAIN_P_006117	1	D_hard_sample	-0.5738686090608097	0.3603446435536838	0
layer24_mean	rbf_svm	HPCLAS_TRAIN_P_006121	1	HPCLAS_TRAIN_P_006121	1	B_ambiguous	-0.8413040990055375	0.30126019678117966	0
layer24_mean	rbf_svm	HPCLAS_TRAIN_P_006124	1	HPCLAS_TRAIN_P_006124	1	A_clean_core	-0.5179424666454544	0.3733334795296917	0
layer24_mean	rbf_svm	HPCLAS_TRAIN_P_006126	1	HPCLAS_TRAIN_P_006126	1	A_clean_core	1.9522313808945264	0.8756897474156763	1
layer24_mean	rbf_svm	HPCLAS_TRAIN_P_006127	1	HPCLAS_TRAIN_P_006127	1	D_hard_sample	0.6431987557132705	0.6554761853278163	1
layer24_mean	rbf_svm	HPCLAS_TRAIN_P_006139	1	HPCLAS_TRAIN_P_006139	1	A_clean_core	1.5776672936649163	0.8288738961297535	1
layer24_mean	rbf_svm	HPCLAS_TRAIN_P_006149	1	HPCLAS_TRAIN_P_006149	1	A_clean_core	0.98885416040912	0.7288615381749715	1
layer24_mean	rbf_svm	HPCLAS_TRAIN_P_006154	1	HPCLAS_TRAIN_P_006154	1	A_clean_core	2.007226063494699	0.8815536830773949	1
layer24_mean	rbf_svm	HPCLAS_TRAIN_P_006155	1	HPCLAS_TRAIN_P_006155	1	A_clean_core	1.7837615319826405	0.8561607177346323	1
layer24_mean	rbf_svm	HPCLAS_TRAIN_P_006157	1	HPCLAS_TRAIN_P_006157	1	A_clean_core	1.4996756129526687	0.8175260900322615	1
layer24_mean	rbf_svm	HPCLAS_TRAIN_P_006162	1	HPCLAS_TRAIN_P_006162	1	A_clean_core	1.7751769390908096	0.8551002933121598	1
layer24_mean	rbf_svm	HPCLAS_TRAIN_P_006170	1	HPCLAS_TRAIN_P_006170	1	A_clean_core	1.1126963020928555	0.7526314436975527	1
layer24_mean	rbf_svm	HPCLAS_TRAIN_P_006180	1	HPCLAS_TRAIN_P_006180	1	A_clean_core	1.0835758040026882	0.7471700744113942	1
layer24_mean	rbf_svm	HPCLAS_TRAIN_P_006182	1	HPCLAS_TRAIN_P_006182	1	A_clean_core	2.146912743004216	0.8953799317837776	1
layer24_mean	rbf_svm	HPCLAS_TRAIN_P_006207	1	HPCLAS_TRAIN_P_006207	1	A_clean_core	3.4444019888543247	0.9690637567491007	1
layer24_mean	rbf_svm	HPCLAS_TRAIN_P_006216	1	HPCLAS_TRAIN_P_006216	1	A_clean_core	3.617792583989331	0.9738597896260318	1
layer24_mean	rbf_svm	HPCLAS_TRAIN_P_006221	1	HPCLAS_TRAIN_P_006221	1	A_clean_core	1.7139324788431425	0.8473456494055727	1
layer24_mean	rbf_svm	HPCLAS_TRAIN_P_006229	1	HPCLAS_TRAIN_P_006229	1	A_clean_core	1.4244879713727867	0.8060410247320662	1
layer24_mean	rbf_svm	HPCLAS_TRAIN_P_006230	1	HPCLAS_TRAIN_P_006230	1	A_clean_core	0.9016624488580157	0.7112910165311582	1
layer24_mean	rbf_svm	HPCLAS_TRAIN_P_006234	1	HPCLAS_TRAIN_P_001694	1	A_clean_core	1.0237055741360606	0.7356937716315302	1
layer24_mean	rbf_svm	HPCLAS_TRAIN_P_006240	1	HPCLAS_TRAIN_P_006240	1	A_clean_core	1.0964345321114388	0.7495914483755968	1
layer24_mean	rbf_svm	HPCLAS_TRAIN_P_006243	1	HPCLAS_TRAIN_N_002702	1	B_ambiguous	0.460343761098263	0.6130957226581487	1
layer24_mean	rbf_svm	HPCLAS_TRAIN_P_006244	1	HPCLAS_TRAIN_P_006244	1	A_clean_core	0.7160666585556014	0.6717402811365938	1
layer24_mean	rbf_svm	HPCLAS_TRAIN_P_006247	1	HPCLAS_TRAIN_N_003461	1	B_ambiguous	0.656459068010742	0.658464519214296	1
layer24_mean	rbf_svm	HPCLAS_TRAIN_P_006256	1	HPCLAS_TRAIN_P_006256	1	A_clean_core	0.7438407600935089	0.677835153138232	1
layer24_mean	rbf_svm	HPCLAS_TRAIN_P_006259	1	HPCLAS_TRAIN_P_006259	1	A_clean_core	-0.014533211249243866	0.4963667611367761	0
layer24_mean	rbf_svm	HPCLAS_TRAIN_P_006260	1	HPCLAS_TRAIN_P_006260	1	A_clean_core	0.09940206233062746	0.5248300739279529	1
layer24_mean	rbf_svm	HPCLAS_TRAIN_P_006271	1	HPCLAS_TRAIN_P_006271	1	A_clean_core	1.6088578172523298	0.8332527489781486	1
layer24_mean	rbf_svm	HPCLAS_TRAIN_P_006272	1	HPCLAS_TRAIN_P_006272	1	A_clean_core	3.9191803310691786	0.980529272787819	1
layer24_mean	rbf_svm	HPCLAS_TRAIN_P_006276	1	HPCLAS_TRAIN_P_006276	1	A_clean_core	2.6754293398718905	0.9355611224051115	1
layer24_mean	rbf_svm	HPCLAS_TRAIN_P_006282	1	HPCLAS_TRAIN_P_006282	1	A_clean_core	0.8554663585193333	0.7017125772483949	1
layer24_mean	rbf_svm	HPCLAS_TRAIN_P_006284	1	HPCLAS_TRAIN_P_006284	1	A_clean_core	1.6699829454324715	0.8415735473252373	1
layer24_mean	rbf_svm	HPCLAS_TRAIN_P_006289	1	HPCLAS_TRAIN_P_006289	1	A_clean_core	1.0290043269374736	0.7367228183129454	1
layer24_mean	rbf_svm	HPCLAS_TRAIN_P_006297	1	HPCLAS_TRAIN_P_006297	1	A_clean_core	0.5481440085024697	0.6337048796937264	1
layer24_mean	rbf_svm	HPCLAS_TRAIN_P_006298	1	HPCLAS_TRAIN_P_006298	1	A_clean_core	3.9719853758637087	0.9815122360625315	1
layer24_mean	rbf_svm	HPCLAS_TRAIN_P_006302	1	HPCLAS_TRAIN_N_003844	1	B_ambiguous	1.1897428865433732	0.7666950765376118	1
layer24_mean	rbf_svm	HPCLAS_TRAIN_P_006304	1	HPCLAS_TRAIN_P_006304	1	D_hard_sample	0.23294548159865594	0.5579744486762962	1
layer24_mean	rbf_svm	HPCLAS_TRAIN_P_006306	1	HPCLAS_TRAIN_P_006306	1	A_clean_core	0.37611464880990075	0.5929356627376008	1
layer24_mean	rbf_svm	HPCLAS_TRAIN_P_006311	1	HPCLAS_TRAIN_P_006311	1	A_clean_core	1.003234637299659	0.731694071407346	1
layer24_mean	rbf_svm	HPCLAS_TRAIN_P_006314	1	HPCLAS_TRAIN_P_006314	1	D_hard_sample	-0.9784023845102827	0.27320890048537894	0
layer24_mean	rbf_svm	HPCLAS_TRAIN_P_006318	1	HPCLAS_TRAIN_P_006318	1	A_clean_core	3.0041358254961255	0.95276062026536	1
layer24_mean	rbf_svm	HPCLAS_TRAIN_P_006327	1	HPCLAS_TRAIN_P_006327	1	A_clean_core	3.91726324794297	0.9804926388325975	1
layer24_mean	rbf_svm	HPCLAS_TRAIN_P_006339	1	HPCLAS_TRAIN_P_006339	1	D_hard_sample	0.7457371953128231	0.6782491467866405	1
layer24_mean	rbf_svm	HPCLAS_TRAIN_P_006345	1	HPCLAS_TRAIN_P_006345	1	A_clean_core	1.9309048496914185	0.8733495392282288	1
layer24_mean	rbf_svm	HPCLAS_TRAIN_P_006347	1	HPCLAS_TRAIN_P_006347	1	A_clean_core	3.96677838045542	0.9814175128190422	1
layer24_mean	rbf_svm	HPCLAS_TRAIN_P_006383	1	HPCLAS_TRAIN_P_001694	1	D_hard_sample	1.0128206654488239	0.7335717950615638	1
layer24_mean	rbf_svm	HPCLAS_TRAIN_P_006388	1	HPCLAS_TRAIN_P_006388	1	A_clean_core	0.39907698400107594	0.5984658754135327	1
layer24_mean	rbf_svm	HPCLAS_TRAIN_P_006397	1	HPCLAS_TRAIN_P_006397	1	A_clean_core	2.631434121079949	0.9328574305698875	1
layer24_mean	rbf_svm	HPCLAS_TRAIN_P_006398	1	HPCLAS_TRAIN_P_006398	1	A_clean_core	2.7491123172691503	0.9398631972574585	1
layer24_mean	rbf_svm	HPCLAS_TRAIN_P_006400	1	HPCLAS_TRAIN_P_006400	1	D_hard_sample	-1.4200640425497357	0.19465154393655335	0
layer24_mean	rbf_svm	HPCLAS_TRAIN_P_006401	1	HPCLAS_TRAIN_P_006401	1	A_clean_core	0.854793434826766	0.7015717071041108	1
layer24_mean	rbf_svm	HPCLAS_TRAIN_P_006408	1	HPCLAS_TRAIN_P_006408	1	A_clean_core	2.097234720068005	0.8906341175656068	1
layer24_mean	rbf_svm	HPCLAS_TRAIN_P_006415	1	HPCLAS_TRAIN_P_006415	1	A_clean_core	1.6348753019557152	0.8368364121500551	1
layer24_mean	rbf_svm	HPCLAS_TRAIN_P_006426	1	HPCLAS_TRAIN_P_006426	1	D_hard_sample	-0.9901564683850211	0.27088117332279305	0
layer24_mean	rbf_svm	HPCLAS_TRAIN_P_006433	1	HPCLAS_TRAIN_P_006433	1	D_hard_sample	0.9479341544678678	0.7206995300824338	1
layer24_mean	rbf_svm	HPCLAS_TRAIN_P_006434	1	HPCLAS_TRAIN_P_006434	1	D_hard_sample	1.5899147423171387	0.8306041075693384	1
layer24_mean	rbf_svm	HPCLAS_TRAIN_P_006439	1	HPCLAS_TRAIN_P_006439	1	A_clean_core	2.3256373101203214	0.9109781697064633	1
layer24_mean	rbf_svm	HPCLAS_TRAIN_P_006444	1	HPCLAS_TRAIN_P_006444	1	A_clean_core	1.3962078636314792	0.8015814441549922	1
layer24_mean	rbf_svm	HPCLAS_TRAIN_P_006445	1	HPCLAS_TRAIN_P_006445	1	A_clean_core	2.3682759685403982	0.9143759781411521	1
layer24_mean	rbf_svm	HPCLAS_TRAIN_P_006448	1	HPCLAS_TRAIN_P_006448	1	A_clean_core	2.805506503962118	0.9429726608759081	1
layer24_mean	rbf_svm	HPCLAS_TRAIN_P_006451	1	HPCLAS_TRAIN_P_006451	1	D_hard_sample	-1.013635688890382	0.2662689436472582	0
layer24_mean	rbf_svm	HPCLAS_TRAIN_P_006453	1	HPCLAS_TRAIN_P_006453	1	D_hard_sample	2.347042821466042	0.9126988880603673	1
layer24_mean	rbf_svm	HPCLAS_TRAIN_P_006466	1	HPCLAS_TRAIN_P_006466	1	A_clean_core	3.2899591843267713	0.964082740811134	1
layer24_mean	rbf_svm	HPCLAS_TRAIN_P_006475	1	HPCLAS_TRAIN_P_006475	1	A_clean_core	-0.23423972813281538	0.441706363694497	0
layer24_mean	rbf_svm	HPCLAS_TRAIN_P_006477	1	HPCLAS_TRAIN_P_006477	1	A_clean_core	4.410770707602744	0.987999936684561	1
layer24_mean	rbf_svm	HPCLAS_TRAIN_P_006478	1	HPCLAS_TRAIN_P_006478	1	A_clean_core	0.5260079128772018	0.628551540726199	1
layer24_mean	rbf_svm	HPCLAS_TRAIN_P_006482	1	HPCLAS_TRAIN_P_006482	1	A_clean_core	1.6064115519413893	0.8329125813592069	1
layer24_mean	rbf_svm	HPCLAS_TRAIN_P_006488	1	HPCLAS_TRAIN_P_006488	1	D_hard_sample	0.41833581182148116	0.603084955749639	1
layer24_mean	rbf_svm	HPCLAS_TRAIN_P_006494	1	HPCLAS_TRAIN_P_006494	1	A_clean_core	1.4789849723853452	0.8144192178275699	1
layer24_mean	rbf_svm	HPCLAS_TRAIN_P_006503	1	HPCLAS_TRAIN_P_006503	1	A_clean_core	1.724698031907627	0.8487329833072822	1
layer24_mean	rbf_svm	HPCLAS_TRAIN_P_006509	1	HPCLAS_TRAIN_P_006509	1	A_clean_core	1.5054002566540658	0.8183785244302425	1
layer24_mean	rbf_svm	HPCLAS_TRAIN_P_006514	1	HPCLAS_TRAIN_P_006514	1	A_clean_core	-0.4620470418690732	0.3865003211178094	0
layer24_mean	rbf_svm	HPCLAS_TRAIN_P_006517	1	HPCLAS_TRAIN_P_006517	1	A_clean_core	0.9446345195739915	0.7200348574777231	1
layer24_mean	rbf_svm	HPCLAS_TRAIN_P_006521	1	HPCLAS_TRAIN_P_006521	1	A_clean_core	2.3608762271350017	0.9137948542926073	1
layer24_mean	rbf_svm	HPCLAS_TRAIN_P_006523	1	HPCLAS_TRAIN_P_006523	1	A_clean_core	1.0715819972786733	0.7448976515328051	1
layer24_mean	rbf_svm	HPCLAS_TRAIN_P_006534	1	HPCLAS_TRAIN_P_006534	1	B_ambiguous	-1.0452145932055836	0.2601450885314184	0
layer24_mean	rbf_svm	HPCLAS_TRAIN_P_006537	1	HPCLAS_TRAIN_P_006537	1	A_clean_core	2.5973873828763137	0.9306932466694642	1
layer24_mean	rbf_svm	HPCLAS_TRAIN_P_006538	1	HPCLAS_TRAIN_P_006538	1	A_clean_core	2.408926746866129	0.9175054846242466	1
layer24_mean	rbf_svm	HPCLAS_TRAIN_P_006552	1	HPCLAS_TRAIN_P_006552	1	A_clean_core	5.5057415747746985	0.9959530700231967	1
layer24_mean	rbf_svm	HPCLAS_TRAIN_P_006553	1	HPCLAS_TRAIN_P_006553	1	A_clean_core	0.1695182411263592	0.5422783646185495	1
layer24_mean	rbf_svm	HPCLAS_TRAIN_P_006554	1	HPCLAS_TRAIN_P_006554	1	D_hard_sample	0.06300234254579287	0.5157453778099591	1
layer24_mean	rbf_svm	HPCLAS_TRAIN_P_006555	1	HPCLAS_TRAIN_P_006555	1	D_hard_sample	-0.4198074871771428	0.3965628176805514	0
layer24_mean	rbf_svm	HPCLAS_TRAIN_P_006561	1	HPCLAS_TRAIN_P_006561	1	A_clean_core	4.347693358941217	0.9872286003955012	1
layer24_mean	rbf_svm	HPCLAS_TRAIN_P_006563	1	HPCLAS_TRAIN_P_006563	1	A_clean_core	2.3679635428460437	0.9143515143703271	1
layer24_mean	rbf_svm	HPCLAS_TRAIN_P_006571	1	HPCLAS_TRAIN_P_006571	1	A_clean_core	-0.23264315207083655	0.4421001188714267	0
layer24_mean	rbf_svm	HPCLAS_TRAIN_P_006578	1	HPCLAS_TRAIN_P_006578	1	A_clean_core	4.192308994245821	0.9851136010886642	1
layer24_mean	rbf_svm	HPCLAS_TRAIN_P_006581	1	HPCLAS_TRAIN_P_006581	1	A_clean_core	0.08766563206528419	0.5219023826816764	1
layer24_mean	rbf_svm	HPCLAS_TRAIN_P_006587	1	HPCLAS_TRAIN_P_006587	1	A_clean_core	0.6376299560823089	0.6542175126201165	1
layer24_mean	rbf_svm	HPCLAS_TRAIN_P_006604	1	HPCLAS_TRAIN_P_006604	1	A_clean_core	0.7947453881378505	0.6888493481324854	1
layer24_mean	rbf_svm	HPCLAS_TRAIN_P_006611	1	HPCLAS_TRAIN_P_006611	1	A_clean_core	1.362064535567298	0.7960950339613463	1
layer24_mean	rbf_svm	HPCLAS_TRAIN_P_006614	1	HPCLAS_TRAIN_N_003316	1	B_ambiguous	-0.346405059357784	0.41425445542297706	0
layer24_mean	rbf_svm	HPCLAS_TRAIN_P_006622	1	HPCLAS_TRAIN_P_006622	1	A_clean_core	3.312246366410297	0.9648465519496641	1
layer24_mean	rbf_svm	HPCLAS_TRAIN_P_006631	1	HPCLAS_TRAIN_P_006631	1	D_hard_sample	-0.4610213587130404	0.3867435571696766	0
layer24_mean	rbf_svm	HPCLAS_TRAIN_P_006633	1	HPCLAS_TRAIN_P_006633	1	A_clean_core	2.077235913969274	0.8886708621922794	1
layer24_mean	rbf_svm	HPCLAS_TRAIN_P_006641	1	HPCLAS_TRAIN_P_006641	1	A_clean_core	0.10896359292444599	0.5272139774485457	1
layer24_mean	rbf_svm	HPCLAS_TRAIN_P_006647	1	HPCLAS_TRAIN_P_006647	1	A_clean_core	1.788640270715073	0.856760488819707	1
layer24_mean	rbf_svm	HPCLAS_TRAIN_P_006648	1	HPCLAS_TRAIN_P_006648	1	A_clean_core	0.5358993286818505	0.6308579825223075	1
layer24_mean	rbf_svm	HPCLAS_TRAIN_P_006651	1	HPCLAS_TRAIN_N_001198	1	B_ambiguous	0.44430480005785844	0.6092842990352952	1
layer24_mean	rbf_svm	HPCLAS_TRAIN_P_006656	1	HPCLAS_TRAIN_P_006656	1	A_clean_core	0.7605041365035385	0.6814631772719233	1
layer24_mean	rbf_svm	HPCLAS_TRAIN_P_006657	1	HPCLAS_TRAIN_P_006657	1	A_clean_core	1.1508960050269892	0.7596745378699731	1
layer24_mean	rbf_svm	HPCLAS_TRAIN_P_006661	1	HPCLAS_TRAIN_P_006661	1	A_clean_core	0.2677457779538902	0.5665394132625775	1
layer24_mean	rbf_svm	HPCLAS_TRAIN_P_006664	1	HPCLAS_TRAIN_P_006664	1	D_hard_sample	0.010806292225353259	0.5027015467667483	1
layer24_mean	rbf_svm	HPCLAS_TRAIN_P_006668	1	HPCLAS_TRAIN_P_006668	1	A_clean_core	0.8446489831900544	0.6994434412628759	1
layer24_mean	rbf_svm	HPCLAS_TRAIN_P_006671	1	HPCLAS_TRAIN_P_006671	1	D_hard_sample	-0.126374333391823	0.46844839664617505	0
layer24_mean	rbf_svm	HPCLAS_TRAIN_P_006676	1	HPCLAS_TRAIN_P_006676	1	A_clean_core	2.0993640039152037	0.8908413479828158	1
layer24_mean	rbf_svm	HPCLAS_TRAIN_P_006683	1	HPCLAS_TRAIN_P_006683	1	A_clean_core	1.348017453892549	0.7938053171654249	1
layer24_mean	rbf_svm	HPCLAS_TRAIN_P_006684	1	HPCLAS_TRAIN_P_006684	1	D_hard_sample	0.022947979352835907	0.5057367430883452	1
layer24_mean	rbf_svm	HPCLAS_TRAIN_P_006689	1	HPCLAS_TRAIN_P_006689	1	A_clean_core	1.0140596437221587	0.7338138761126256	1
layer24_mean	rbf_svm	HPCLAS_TRAIN_P_006694	1	HPCLAS_TRAIN_P_006694	1	D_hard_sample	-1.022070714932424	0.26462424666999845	0
layer24_mean	rbf_svm	HPCLAS_TRAIN_P_006713	1	HPCLAS_TRAIN_P_006713	1	D_hard_sample	-0.6138333156458833	0.35118526347931317	0
layer24_mean	rbf_svm	HPCLAS_TRAIN_P_006718	1	HPCLAS_TRAIN_P_006718	1	A_clean_core	3.0058543619938027	0.9528379076927177	1
layer24_mean	rbf_svm	HPCLAS_TRAIN_P_006719	1	HPCLAS_TRAIN_P_006719	1	A_clean_core	2.350554266793679	0.9129782735530594	1
layer24_mean	rbf_svm	HPCLAS_TRAIN_P_006720	1	HPCLAS_TRAIN_P_006720	1	A_clean_core	1.9475100488531703	0.8751748840792106	1
layer24_mean	rbf_svm	HPCLAS_TRAIN_P_006740	1	HPCLAS_TRAIN_P_006740	1	A_clean_core	0.17318679642702786	0.543188803816766	1
layer24_mean	rbf_svm	HPCLAS_TRAIN_P_006741	1	HPCLAS_TRAIN_P_006741	1	A_clean_core	-0.401032111719303	0.40106438923362364	0
layer24_mean	rbf_svm	HPCLAS_TRAIN_P_006750	1	HPCLAS_TRAIN_P_006750	1	A_clean_core	3.6405998488464593	0.9744341595129283	1
layer24_mean	rbf_svm	HPCLAS_TRAIN_P_006752	1	HPCLAS_TRAIN_P_006752	1	A_clean_core	1.6000509228726956	0.8320255021873766	1
layer24_mean	rbf_svm	HPCLAS_TRAIN_P_006755	1	HPCLAS_TRAIN_P_006755	1	A_clean_core	4.0867423222907355	0.9834835218097503	1
layer24_mean	rbf_svm	HPCLAS_TRAIN_P_006756	1	HPCLAS_TRAIN_P_006756	1	A_clean_core	1.5091305306380667	0.8189323157870656	1
layer24_mean	rbf_svm	HPCLAS_TRAIN_P_006758	1	HPCLAS_TRAIN_N_003035	1	B_ambiguous	0.6450419393920631	0.6558923068893574	1
layer24_mean	rbf_svm	HPCLAS_TRAIN_P_006760	1	HPCLAS_TRAIN_P_006760	1	A_clean_core	1.2454084780793093	0.7765040348801445	1
layer24_mean	rbf_svm	HPCLAS_TRAIN_P_006762	1	HPCLAS_TRAIN_P_006762	1	A_clean_core	2.5987131113266053	0.9307787117540017	1
layer24_mean	rbf_svm	HPCLAS_TRAIN_P_006764	1	HPCLAS_TRAIN_P_006764	1	A_clean_core	0.819283706101036	0.6940842696434958	1
layer24_mean	rbf_svm	HPCLAS_TRAIN_P_006782	1	HPCLAS_TRAIN_P_006782	1	A_clean_core	0.6188554761287341	0.6499581997549806	1
layer24_mean	rbf_svm	HPCLAS_TRAIN_P_006783	1	HPCLAS_TRAIN_P_006783	1	A_clean_core	0.9347239697786301	0.7180326929866641	1
layer24_mean	rbf_svm	HPCLAS_TRAIN_P_006785	1	HPCLAS_TRAIN_P_006785	1	A_clean_core	4.399177022218828	0.9878617006823219	1
layer24_mean	rbf_svm	HPCLAS_TRAIN_P_006797	1	HPCLAS_TRAIN_P_006797	1	A_clean_core	3.2914704815048146	0.9641350361272493	1
layer24_mean	rbf_svm	HPCLAS_TRAIN_P_006802	1	HPCLAS_TRAIN_P_006802	1	A_clean_core	4.109824094643802	0.9838543006037481	1
layer24_mean	rbf_svm	HPCLAS_TRAIN_P_006811	1	HPCLAS_TRAIN_P_006811	1	A_clean_core	1.126183894431247	0.7551339629503433	1
layer24_mean	rbf_svm	HPCLAS_TRAIN_P_006814	1	HPCLAS_TRAIN_P_006814	1	A_clean_core	0.47537012663055356	0.6166540032147675	1
layer24_mean	rbf_svm	HPCLAS_TRAIN_P_006815	1	HPCLAS_TRAIN_P_006815	1	A_clean_core	1.6024237537016934	0.832356865590637	1
layer24_mean	rbf_svm	HPCLAS_TRAIN_P_006819	1	HPCLAS_TRAIN_P_006819	1	A_clean_core	4.4090963790341675	0.9879800695133126	1
layer24_mean	rbf_svm	HPCLAS_TRAIN_P_006824	1	HPCLAS_TRAIN_P_006824	1	A_clean_core	-0.20394922572672644	0.44918869748021883	0
layer24_mean	rbf_svm	HPCLAS_TRAIN_P_006835	1	HPCLAS_TRAIN_P_006835	1	A_clean_core	1.475133590489076	0.8138364128020169	1
layer24_mean	rbf_svm	HPCLAS_TRAIN_P_006844	1	HPCLAS_TRAIN_P_006844	1	A_clean_core	0.9060366729222497	0.7121884592749382	1
layer24_mean	rbf_svm	HPCLAS_TRAIN_P_006847	1	HPCLAS_TRAIN_P_006847	1	A_clean_core	1.1595473300071704	0.7612504526158187	1
layer24_mean	rbf_svm	HPCLAS_TRAIN_P_006859	1	HPCLAS_TRAIN_P_006859	1	A_clean_core	0.7084541677043451	0.670059497450039	1
layer24_mean	rbf_svm	HPCLAS_TRAIN_P_006886	1	HPCLAS_TRAIN_P_006886	1	A_clean_core	3.134727488984921	0.9583027067393003	1
layer24_mean	rbf_svm	HPCLAS_TRAIN_P_006889	1	HPCLAS_TRAIN_P_006889	1	A_clean_core	2.904692858542147	0.9480779347087168	1
layer24_mean	rbf_svm	HPCLAS_TRAIN_P_006891	1	HPCLAS_TRAIN_P_006891	1	B_ambiguous	0.8078346147508088	0.6916478819805817	1
layer24_mean	rbf_svm	HPCLAS_TRAIN_P_006902	1	HPCLAS_TRAIN_P_006902	1	A_clean_core	1.9318050044548172	0.8734490719990948	1
layer24_mean	rbf_svm	HPCLAS_TRAIN_P_006909	1	HPCLAS_TRAIN_P_006909	1	A_clean_core	3.8238382431784075	0.9786231535384886	1
layer24_mean	rbf_svm	HPCLAS_TRAIN_P_006919	1	HPCLAS_TRAIN_P_006919	1	A_clean_core	1.006516165484537	0.7323378039748111	1
layer24_mean	rbf_svm	HPCLAS_TRAIN_P_006920	1	HPCLAS_TRAIN_P_006920	1	A_clean_core	1.1524609355453905	0.7599601297650773	1
layer24_mean	rbf_svm	HPCLAS_TRAIN_P_006922	1	HPCLAS_TRAIN_P_006922	1	A_clean_core	1.320530782068657	0.7892700012719703	1
layer24_mean	rbf_svm	HPCLAS_TRAIN_P_006925	1	HPCLAS_TRAIN_P_006925	1	A_clean_core	1.0360035647704708	0.7380781554691346	1
layer24_mean	rbf_svm	HPCLAS_TRAIN_P_006931	1	HPCLAS_TRAIN_P_006931	1	A_clean_core	1.907950377017598	0.8707887082292843	1
layer24_mean	rbf_svm	HPCLAS_TRAIN_P_006935	1	HPCLAS_TRAIN_P_006935	1	A_clean_core	0.8083533489715534	0.6917585019932206	1
layer24_mean	rbf_svm	HPCLAS_TRAIN_P_006936	1	HPCLAS_TRAIN_P_006936	1	D_hard_sample	-0.7777273979401226	0.3148098903971976	0
layer24_mean	rbf_svm	HPCLAS_TRAIN_P_006940	1	HPCLAS_TRAIN_P_006940	1	A_clean_core	3.0384923597451627	0.9542831006281314	1
layer24_mean	rbf_svm	HPCLAS_TRAIN_P_006945	1	HPCLAS_TRAIN_P_006945	1	A_clean_core	1.776366348375925	0.8552476033853743	1
layer24_mean	rbf_svm	HPCLAS_TRAIN_P_006947	1	HPCLAS_TRAIN_P_006947	1	A_clean_core	3.5139047274593653	0.9710808220124325	1
layer24_mean	rbf_svm	HPCLAS_TRAIN_P_006965	1	HPCLAS_TRAIN_P_006965	1	A_clean_core	1.7029118085542851	0.8459146513336059	1
layer24_mean	rbf_svm	HPCLAS_TRAIN_P_006972	1	HPCLAS_TRAIN_P_006972	1	D_hard_sample	-0.07041256113620484	0.48240412903819035	0
layer24_mean	rbf_svm	HPCLAS_TRAIN_P_006978	1	HPCLAS_TRAIN_P_006978	1	A_clean_core	1.4636346002189526	0.8120879480671995	1
layer24_mean	rbf_svm	HPCLAS_TRAIN_P_006984	1	HPCLAS_TRAIN_P_006984	1	A_clean_core	4.5711791273998585	0.9897601850408548	1
layer24_mean	rbf_svm	HPCLAS_TRAIN_P_006997	1	HPCLAS_TRAIN_P_006997	1	D_hard_sample	0.09080779987890428	0.522686362692745	1
layer24_mean	rbf_svm	HPCLAS_TRAIN_P_007002	1	HPCLAS_TRAIN_P_007002	1	D_hard_sample	0.8785733439013326	0.7065264956907913	1
layer24_mean	rbf_svm	HPCLAS_TRAIN_P_007010	1	HPCLAS_TRAIN_P_007010	1	D_hard_sample	0.003083130706343501	0.5007707820660177	1
layer24_mean	rbf_svm	HPCLAS_TRAIN_P_007015	1	HPCLAS_TRAIN_P_007015	1	A_clean_core	0.09240678861296131	0.5230852723675083	1
layer24_mean	rbf_svm	HPCLAS_TRAIN_P_007018	1	HPCLAS_TRAIN_P_007018	1	A_clean_core	0.03863202322045142	0.5096568048236274	1
layer24_mean	rbf_svm	HPCLAS_TRAIN_P_007024	1	HPCLAS_TRAIN_P_007024	1	D_hard_sample	-0.31437271543018863	0.4220477690453553	0
layer24_mean	rbf_svm	HPCLAS_TRAIN_P_007031	1	HPCLAS_TRAIN_P_007031	1	A_clean_core	2.414095186867622	0.9178958363694893	1
layer24_mean	rbf_svm	HPCLAS_TRAIN_P_007039	1	HPCLAS_TRAIN_P_007039	1	A_clean_core	2.1020712860674893	0.8911043339006466	1
layer24_mean	rbf_svm	HPCLAS_TRAIN_P_007059	1	HPCLAS_TRAIN_P_007059	1	A_clean_core	3.746926214375789	0.9769535241418263	1
layer24_mean	rbf_svm	HPCLAS_TRAIN_P_007062	1	HPCLAS_TRAIN_P_007062	1	A_clean_core	1.8067332619179153	0.8589665957442847	1
layer24_mean	rbf_svm	HPCLAS_TRAIN_P_007066	1	HPCLAS_TRAIN_P_007066	1	A_clean_core	4.416189752786775	0.9880640156060208	1
layer24_mean	rbf_svm	HPCLAS_TRAIN_P_007069	1	HPCLAS_TRAIN_P_007069	1	A_clean_core	2.762265783111635	0.9406023487985229	1
layer24_mean	rbf_svm	HPCLAS_TRAIN_P_007070	1	HPCLAS_TRAIN_P_007070	1	A_clean_core	0.6714895527332508	0.6618366146992993	1
layer24_mean	rbf_svm	HPCLAS_TRAIN_P_007072	1	HPCLAS_TRAIN_P_007072	1	D_hard_sample	-1.1949141600840827	0.23238119446583416	0
layer24_mean	rbf_svm	HPCLAS_TRAIN_P_007078	1	HPCLAS_TRAIN_P_007078	1	A_clean_core	1.5647726583575299	0.8270371320467211	1
layer24_mean	rbf_svm	HPCLAS_TRAIN_P_007079	1	HPCLAS_TRAIN_P_007079	1	A_clean_core	1.122126181623594	0.7543828882967197	1
layer24_mean	rbf_svm	HPCLAS_TRAIN_P_007082	1	HPCLAS_TRAIN_P_007082	1	A_clean_core	4.700945227540968	0.9909951402583337	1
layer24_mean	rbf_svm	HPCLAS_TRAIN_P_007087	1	HPCLAS_TRAIN_P_007087	1	A_clean_core	2.4711988467333423	0.9220979256267243	1
layer24_mean	rbf_svm	HPCLAS_TRAIN_P_007088	1	HPCLAS_TRAIN_P_007088	1	B_ambiguous	-0.8666288851534252	0.2959562447104496	0
layer24_mean	rbf_svm	HPCLAS_TRAIN_P_007095	1	HPCLAS_TRAIN_P_007095	1	A_clean_core	3.0581956134712036	0.9551350386729408	1
layer24_mean	rbf_svm	HPCLAS_TRAIN_P_007107	1	HPCLAS_TRAIN_P_007107	1	A_clean_core	0.9432652540775038	0.719758751412326	1
layer24_mean	rbf_svm	HPCLAS_TRAIN_P_007132	1	HPCLAS_TRAIN_P_007132	1	A_clean_core	1.8588580870794404	0.8651637932728437	1
layer24_mean	rbf_svm	HPCLAS_TRAIN_P_007135	1	HPCLAS_TRAIN_P_007135	1	A_clean_core	0.8746923909105343	0.7057211479905192	1
layer24_mean	rbf_svm	HPCLAS_TRAIN_P_007137	1	HPCLAS_TRAIN_P_007137	1	A_clean_core	1.2345266352427569	0.7746098591771857	1
layer24_mean	rbf_svm	HPCLAS_TRAIN_P_007141	1	HPCLAS_TRAIN_P_007141	1	A_clean_core	0.982241597525291	0.7275527717843913	1
layer24_mean	rbf_svm	HPCLAS_TRAIN_P_007149	1	HPCLAS_TRAIN_P_007149	1	A_clean_core	1.2606869668518965	0.7791443426296644	1
layer24_mean	rbf_svm	HPCLAS_TRAIN_P_007155	1	HPCLAS_TRAIN_P_007155	1	A_clean_core	2.547033952418326	0.9273740000445936	1
layer24_mean	rbf_svm	HPCLAS_TRAIN_P_007172	1	HPCLAS_TRAIN_P_007172	1	A_clean_core	3.6292218066455684	0.9741491718014366	1
layer24_mean	rbf_svm	HPCLAS_TRAIN_P_007181	1	HPCLAS_TRAIN_P_007181	1	A_clean_core	3.0391258341550094	0.9543107291785862	1
layer24_mean	rbf_svm	HPCLAS_TRAIN_P_007188	1	HPCLAS_TRAIN_N_002265	1	B_ambiguous	-0.20449696153243593	0.44905318144173373	0
layer24_mean	rbf_svm	HPCLAS_TRAIN_P_007199	1	HPCLAS_TRAIN_P_007199	1	A_clean_core	0.8324310448115165	0.6968687159580286	1
layer24_mean	rbf_svm	HPCLAS_TRAIN_P_007208	1	HPCLAS_TRAIN_P_007208	1	A_clean_core	1.3459558386488086	0.7934676708101371	1
layer24_mean	rbf_svm	HPCLAS_TRAIN_P_007210	1	HPCLAS_TRAIN_P_007210	1	B_ambiguous	0.886561127112154	0.7081800004709802	1
layer24_mean	rbf_svm	HPCLAS_TRAIN_P_007214	1	HPCLAS_TRAIN_P_007214	1	A_clean_core	2.901367699587819	0.9479140057956632	1
layer24_mean	rbf_svm	HPCLAS_TRAIN_P_007222	1	HPCLAS_TRAIN_P_007222	1	A_clean_core	1.9167326429984701	0.8717736377105592	1
layer24_mean	rbf_svm	HPCLAS_TRAIN_P_007231	1	HPCLAS_TRAIN_P_007231	1	D_hard_sample	0.7252294359541012	0.6737575333964352	1
layer24_mean	rbf_svm	HPCLAS_TRAIN_P_007235	1	HPCLAS_TRAIN_P_007235	1	A_clean_core	3.02729661766473	0.9537921737615783	1
layer24_mean	rbf_svm	HPCLAS_TRAIN_P_007246	1	HPCLAS_TRAIN_P_007246	1	A_clean_core	0.9492663475026667	0.7209676106471574	1
layer24_mean	rbf_svm	HPCLAS_TRAIN_P_007247	1	HPCLAS_TRAIN_P_007247	1	A_clean_core	1.0208934916056662	0.7351466042567569	1
layer24_mean	rbf_svm	HPCLAS_TRAIN_P_007252	1	HPCLAS_TRAIN_P_007252	1	A_clean_core	1.4650554478784026	0.8123046748614682	1
layer24_mean	rbf_svm	HPCLAS_TRAIN_P_007253	1	HPCLAS_TRAIN_N_001158	1	B_ambiguous	-0.2469757678603098	0.43856800514451794	0
layer24_mean	rbf_svm	HPCLAS_TRAIN_P_007256	1	HPCLAS_TRAIN_P_007256	1	D_hard_sample	-0.7220222030588876	0.32694783556078133	0
layer24_mean	rbf_svm	HPCLAS_TRAIN_P_007257	1	HPCLAS_TRAIN_P_007257	1	A_clean_core	0.9993791959912414	0.7309365036469084	1
layer24_mean	rbf_svm	HPCLAS_TRAIN_P_007258	1	HPCLAS_TRAIN_P_007258	1	A_clean_core	0.36870771055628293	0.59114667887549	1
layer24_mean	rbf_svm	HPCLAS_TRAIN_P_007260	1	HPCLAS_TRAIN_P_007260	1	A_clean_core	2.058011502827497	0.8867546368686672	1
layer24_mean	rbf_svm	HPCLAS_TRAIN_P_007261	1	HPCLAS_TRAIN_P_007261	1	A_clean_core	4.214999197807291	0.9854427115048728	1
layer24_mean	rbf_svm	HPCLAS_TRAIN_P_007263	1	HPCLAS_TRAIN_P_007263	1	A_clean_core	-0.7141236537226449	0.3286883045609135	0
layer24_mean	rbf_svm	HPCLAS_TRAIN_P_007264	1	HPCLAS_TRAIN_P_007264	1	A_clean_core	1.401956240380367	0.8024941308658995	1
layer24_mean	rbf_svm	HPCLAS_TRAIN_P_007270	1	HPCLAS_TRAIN_P_007270	1	A_clean_core	0.9841154046138038	0.7279240389176679	1
layer24_mean	rbf_svm	HPCLAS_TRAIN_P_007278	1	HPCLAS_TRAIN_P_007278	1	A_clean_core	-0.4603979118084216	0.386891432365354	0
layer24_mean	rbf_svm	HPCLAS_TRAIN_P_007282	1	HPCLAS_TRAIN_P_007282	1	D_hard_sample	-0.8404685826169049	0.3014361042612054	0
layer24_mean	rbf_svm	HPCLAS_TRAIN_P_007293	1	HPCLAS_TRAIN_P_007293	1	A_clean_core	2.3469491561790767	0.9126914245566642	1
layer24_mean	rbf_svm	HPCLAS_TRAIN_P_007304	1	HPCLAS_TRAIN_P_007304	1	D_hard_sample	-0.6575354107577194	0.34129346444801106	0
layer24_mean	rbf_svm	HPCLAS_TRAIN_P_007321	1	HPCLAS_TRAIN_P_007321	1	A_clean_core	1.2605130491773653	0.7791144136953235	1
layer24_mean	rbf_svm	HPCLAS_TRAIN_P_007325	1	HPCLAS_TRAIN_P_007325	1	A_clean_core	1.0010284295462726	0.731260732096266	1
layer24_mean	rbf_svm	HPCLAS_TRAIN_P_007327	1	HPCLAS_TRAIN_P_007327	1	A_clean_core	1.0884802869750938	0.748095441728717	1
layer24_mean	rbf_svm	HPCLAS_TRAIN_P_007333	1	HPCLAS_TRAIN_P_007333	1	A_clean_core	-0.7568762625318199	0.3193248472896618	0
layer24_mean	rbf_svm	HPCLAS_TRAIN_P_007336	1	HPCLAS_TRAIN_P_007336	1	A_clean_core	2.4876870465560965	0.9232741156106167	1
layer24_mean	rbf_svm	HPCLAS_TRAIN_P_007338	1	HPCLAS_TRAIN_P_007338	1	A_clean_core	2.007479950911166	0.8815801906176921	1
layer24_mean	rbf_svm	HPCLAS_TRAIN_P_007346	1	HPCLAS_TRAIN_P_007346	1	A_clean_core	0.9241972635800569	0.7158965546161414	1
layer24_mean	rbf_svm	HPCLAS_TRAIN_P_007352	1	HPCLAS_TRAIN_P_007352	1	A_clean_core	0.5704635531144635	0.638870130729087	1
layer24_mean	rbf_svm	HPCLAS_TRAIN_P_007354	1	HPCLAS_TRAIN_P_007354	1	A_clean_core	1.406965994819447	0.8032869602933311	1
layer24_mean	rbf_svm	HPCLAS_TRAIN_P_007356	1	HPCLAS_TRAIN_P_007356	1	A_clean_core	0.8886872592282317	0.7086191946852612	1
layer24_mean	rbf_svm	HPCLAS_TRAIN_P_007360	1	HPCLAS_TRAIN_P_007360	1	D_hard_sample	0.58080504565159	0.6412526262840408	1
layer24_mean	rbf_svm	HPCLAS_TRAIN_P_007370	1	HPCLAS_TRAIN_P_007370	1	A_clean_core	2.689922197203797	0.9364293502667026	1
layer24_mean	rbf_svm	HPCLAS_TRAIN_P_007371	1	HPCLAS_TRAIN_P_007371	1	A_clean_core	3.572378423352411	0.9726784669186258	1
layer24_mean	rbf_svm	HPCLAS_TRAIN_P_007381	1	HPCLAS_TRAIN_P_007381	1	A_clean_core	1.2029939259222238	0.7690569580406109	1
layer24_mean	rbf_svm	HPCLAS_TRAIN_P_007383	1	HPCLAS_TRAIN_P_007383	1	A_clean_core	0.8638826379328165	0.703471209871811	1
layer24_mean	rbf_svm	HPCLAS_TRAIN_P_007389	1	HPCLAS_TRAIN_P_007389	1	A_clean_core	0.020405675246368188	0.5051012418033083	1
layer24_mean	rbf_svm	HPCLAS_TRAIN_P_007394	1	HPCLAS_TRAIN_P_007394	1	B_ambiguous	1.0190857017228896	0.7347944669890292	1
layer24_mean	rbf_svm	HPCLAS_TRAIN_P_007398	1	HPCLAS_TRAIN_P_007398	1	A_clean_core	2.053813932593855	0.8863324284885405	1
layer24_mean	rbf_svm	HPCLAS_TRAIN_P_007399	1	HPCLAS_TRAIN_P_007399	1	A_clean_core	3.7088790690449582	0.9760811544732365	1
layer24_mean	rbf_svm	HPCLAS_TRAIN_P_007407	1	HPCLAS_TRAIN_P_007407	1	A_clean_core	1.2530236608297907	0.7778228324492541	1
layer24_mean	rbf_svm	HPCLAS_TRAIN_P_007412	1	HPCLAS_TRAIN_P_007412	1	A_clean_core	4.2196257138309035	0.9855089317640794	1
layer24_mean	rbf_svm	HPCLAS_TRAIN_P_007418	1	HPCLAS_TRAIN_P_007418	1	A_clean_core	-0.8692831338876817	0.2954034888190027	0
layer24_mean	rbf_svm	HPCLAS_TRAIN_P_007426	1	HPCLAS_TRAIN_P_007426	1	D_hard_sample	-0.5892769154718746	0.35680078066632664	0
layer24_mean	rbf_svm	HPCLAS_TRAIN_P_007432	1	HPCLAS_TRAIN_P_007432	1	A_clean_core	0.9080226374091073	0.7125953628438964	1
layer24_mean	rbf_svm	HPCLAS_TRAIN_P_007437	1	HPCLAS_TRAIN_P_007437	1	A_clean_core	3.7827241736661583	0.9777459133738561	1
layer24_mean	rbf_svm	HPCLAS_TRAIN_P_007443	1	HPCLAS_TRAIN_P_007443	1	A_clean_core	2.440223595012399	0.9198435753419744	1
layer24_mean	rbf_svm	HPCLAS_TRAIN_P_007444	1	HPCLAS_TRAIN_P_007444	1	D_hard_sample	1.0323037059481202	0.7373622734594282	1
layer24_mean	rbf_svm	HPCLAS_TRAIN_P_007461	1	HPCLAS_TRAIN_P_007461	1	D_hard_sample	1.0334113876029904	0.7375767297412749	1
