representation	head	clean_id	label	homology_group	fold	quality_tier	raw_score	probability_uncalibrated	prediction_at_fixed_boundary
layer36_mean_max_std	catboost	HPCLAS_TRAIN_N_000016	0	HPCLAS_TRAIN_N_000016	0	A_clean_core	-5.2678377405192816	0.00512830930276322	0
layer36_mean_max_std	catboost	HPCLAS_TRAIN_N_000026	0	HPCLAS_TRAIN_N_000026	0	A_clean_core	-5.4522173084190495	0.004268490891835398	0
layer36_mean_max_std	catboost	HPCLAS_TRAIN_N_000028	0	HPCLAS_TRAIN_N_000028	0	A_clean_core	-0.8050637812886119	0.308943370281337	0
layer36_mean_max_std	catboost	HPCLAS_TRAIN_N_000031	0	HPCLAS_TRAIN_N_000031	0	A_clean_core	-4.520150372233393	0.010770127841624037	0
layer36_mean_max_std	catboost	HPCLAS_TRAIN_N_000042	0	HPCLAS_TRAIN_N_000042	0	A_clean_core	-5.240560119207662	0.005269375487256281	0
layer36_mean_max_std	catboost	HPCLAS_TRAIN_N_000049	0	HPCLAS_TRAIN_P_001569	0	B_ambiguous	1.46012140772297	0.8115512430785216	1
layer36_mean_max_std	catboost	HPCLAS_TRAIN_N_000054	0	HPCLAS_TRAIN_N_000054	0	A_clean_core	-5.128999344454802	0.005887614573497791	0
layer36_mean_max_std	catboost	HPCLAS_TRAIN_N_000061	0	HPCLAS_TRAIN_N_000061	0	A_clean_core	-4.443595537760146	0.011617059639739701	0
layer36_mean_max_std	catboost	HPCLAS_TRAIN_N_000069	0	HPCLAS_TRAIN_N_000069	0	D_hard_sample	1.5386976314197547	0.8232753193917426	1
layer36_mean_max_std	catboost	HPCLAS_TRAIN_N_000079	0	HPCLAS_TRAIN_N_000079	0	A_clean_core	-6.018360302084744	0.002427748480628843	0
layer36_mean_max_std	catboost	HPCLAS_TRAIN_N_000086	0	HPCLAS_TRAIN_N_000086	0	A_clean_core	-5.9105543571259105	0.0027033558410847628	0
layer36_mean_max_std	catboost	HPCLAS_TRAIN_N_000088	0	HPCLAS_TRAIN_N_000088	0	D_hard_sample	2.5206792357692915	0.9255788559120901	1
layer36_mean_max_std	catboost	HPCLAS_TRAIN_N_000101	0	HPCLAS_TRAIN_N_000101	0	D_hard_sample	-2.5249259828214496	0.07412914512667294	0
layer36_mean_max_std	catboost	HPCLAS_TRAIN_N_000102	0	HPCLAS_TRAIN_N_000102	0	D_hard_sample	-2.4297327186812083	0.08093334621239705	0
layer36_mean_max_std	catboost	HPCLAS_TRAIN_N_000107	0	HPCLAS_TRAIN_N_000107	0	D_hard_sample	-1.1332139201220002	0.2435684711287812	0
layer36_mean_max_std	catboost	HPCLAS_TRAIN_N_000114	0	HPCLAS_TRAIN_N_000114	0	A_clean_core	-3.70315178158577	0.02405292420526327	0
layer36_mean_max_std	catboost	HPCLAS_TRAIN_N_000124	0	HPCLAS_TRAIN_N_000124	0	A_clean_core	-4.7281883847605535	0.008764971653070134	0
layer36_mean_max_std	catboost	HPCLAS_TRAIN_N_000125	0	HPCLAS_TRAIN_N_000125	0	A_clean_core	-1.7556475787296537	0.14733628825385478	0
layer36_mean_max_std	catboost	HPCLAS_TRAIN_N_000128	0	HPCLAS_TRAIN_N_000128	0	D_hard_sample	-0.7399520071676955	0.32301463856165574	0
layer36_mean_max_std	catboost	HPCLAS_TRAIN_N_000136	0	HPCLAS_TRAIN_N_000136	0	A_clean_core	-6.437778890805195	0.001597400643476916	0
layer36_mean_max_std	catboost	HPCLAS_TRAIN_N_000139	0	HPCLAS_TRAIN_N_000139	0	A_clean_core	-3.097164366456437	0.043224373702748745	0
layer36_mean_max_std	catboost	HPCLAS_TRAIN_N_000140	0	HPCLAS_TRAIN_N_000140	0	A_clean_core	-2.1546263606187024	0.1038996978908271	0
layer36_mean_max_std	catboost	HPCLAS_TRAIN_N_000143	0	HPCLAS_TRAIN_P_000687	0	B_ambiguous	-2.0442849998294235	0.11463112520138781	0
layer36_mean_max_std	catboost	HPCLAS_TRAIN_N_000147	0	HPCLAS_TRAIN_N_000147	0	A_clean_core	-2.8105952643645087	0.05675430596075471	0
layer36_mean_max_std	catboost	HPCLAS_TRAIN_N_000150	0	HPCLAS_TRAIN_N_000150	0	A_clean_core	-4.691037347077226	0.009093706900170796	0
layer36_mean_max_std	catboost	HPCLAS_TRAIN_N_000164	0	HPCLAS_TRAIN_N_000164	0	D_hard_sample	-1.643315213339799	0.16201446558203805	0
layer36_mean_max_std	catboost	HPCLAS_TRAIN_N_000165	0	HPCLAS_TRAIN_N_000165	0	A_clean_core	-4.143423820071101	0.01562055411335572	0
layer36_mean_max_std	catboost	HPCLAS_TRAIN_N_000166	0	HPCLAS_TRAIN_N_000166	0	A_clean_core	-6.511433412383907	0.0014841416957128344	0
layer36_mean_max_std	catboost	HPCLAS_TRAIN_N_000171	0	HPCLAS_TRAIN_N_000171	0	D_hard_sample	-0.7263229194699335	0.326002155512745	0
layer36_mean_max_std	catboost	HPCLAS_TRAIN_N_000172	0	HPCLAS_TRAIN_N_000172	0	D_hard_sample	-2.8455388955566576	0.05491237601487475	0
layer36_mean_max_std	catboost	HPCLAS_TRAIN_N_000173	0	HPCLAS_TRAIN_N_000173	0	D_hard_sample	-1.5160019602803496	0.18005100573251134	0
layer36_mean_max_std	catboost	HPCLAS_TRAIN_N_000175	0	HPCLAS_TRAIN_N_000175	0	A_clean_core	-4.498845668874474	0.010999492940821752	0
layer36_mean_max_std	catboost	HPCLAS_TRAIN_N_000177	0	HPCLAS_TRAIN_N_000177	0	A_clean_core	-5.567470435872648	0.00380559362051626	0
layer36_mean_max_std	catboost	HPCLAS_TRAIN_N_000196	0	HPCLAS_TRAIN_N_000196	0	A_clean_core	-2.4209329236144916	0.08159032108523426	0
layer36_mean_max_std	catboost	HPCLAS_TRAIN_N_000199	0	HPCLAS_TRAIN_N_000199	0	D_hard_sample	-2.8613358228311676	0.05409830345654346	0
layer36_mean_max_std	catboost	HPCLAS_TRAIN_N_000203	0	HPCLAS_TRAIN_N_000203	0	A_clean_core	-4.471821264710577	0.011297396684327677	0
layer36_mean_max_std	catboost	HPCLAS_TRAIN_N_000205	0	HPCLAS_TRAIN_N_000205	0	A_clean_core	-5.959052954621063	0.0025757050346186263	0
layer36_mean_max_std	catboost	HPCLAS_TRAIN_N_000208	0	HPCLAS_TRAIN_N_000208	0	A_clean_core	-2.065169441728204	0.11252854429403643	0
layer36_mean_max_std	catboost	HPCLAS_TRAIN_N_000212	0	HPCLAS_TRAIN_N_000212	0	D_hard_sample	-3.8631781283155644	0.02056917274161845	0
layer36_mean_max_std	catboost	HPCLAS_TRAIN_N_000217	0	HPCLAS_TRAIN_N_000217	0	A_clean_core	-2.6021057045189933	0.06900302367292137	0
layer36_mean_max_std	catboost	HPCLAS_TRAIN_N_000225	0	HPCLAS_TRAIN_N_000225	0	A_clean_core	-5.756291544935153	0.0031528471640024005	0
layer36_mean_max_std	catboost	HPCLAS_TRAIN_N_000226	0	HPCLAS_TRAIN_N_000226	0	A_clean_core	-4.868213578918697	0.00762844489334123	0
layer36_mean_max_std	catboost	HPCLAS_TRAIN_N_000232	0	HPCLAS_TRAIN_N_000232	0	A_clean_core	-2.465504174662299	0.0783121262323864	0
layer36_mean_max_std	catboost	HPCLAS_TRAIN_N_000234	0	HPCLAS_TRAIN_N_000234	0	A_clean_core	-4.066177289485722	0.016853872862718666	0
layer36_mean_max_std	catboost	HPCLAS_TRAIN_N_000235	0	HPCLAS_TRAIN_N_000235	0	A_clean_core	-4.2499913672213285	0.014063746744487841	0
layer36_mean_max_std	catboost	HPCLAS_TRAIN_N_000237	0	HPCLAS_TRAIN_N_000237	0	B_ambiguous	-1.7565165108850318	0.14722715922723992	0
layer36_mean_max_std	catboost	HPCLAS_TRAIN_N_000238	0	HPCLAS_TRAIN_N_000238	0	A_clean_core	-1.659687785485535	0.15980391247951303	0
layer36_mean_max_std	catboost	HPCLAS_TRAIN_N_000247	0	HPCLAS_TRAIN_N_000247	0	A_clean_core	-5.372058157868973	0.004623089994878279	0
layer36_mean_max_std	catboost	HPCLAS_TRAIN_N_000254	0	HPCLAS_TRAIN_N_000254	0	A_clean_core	-4.440163406250268	0.011656533856900934	0
layer36_mean_max_std	catboost	HPCLAS_TRAIN_N_000256	0	HPCLAS_TRAIN_N_000256	0	D_hard_sample	-2.5999013289718578	0.0691447709128761	0
layer36_mean_max_std	catboost	HPCLAS_TRAIN_N_000261	0	HPCLAS_TRAIN_N_000261	0	A_clean_core	-4.769777833553271	0.00841092077114272	0
layer36_mean_max_std	catboost	HPCLAS_TRAIN_N_000262	0	HPCLAS_TRAIN_N_000262	0	A_clean_core	-1.7374271534620958	0.14964002879502725	0
layer36_mean_max_std	catboost	HPCLAS_TRAIN_N_000273	0	HPCLAS_TRAIN_N_000273	0	D_hard_sample	1.488449480056842	0.815845433960968	1
layer36_mean_max_std	catboost	HPCLAS_TRAIN_N_000274	0	HPCLAS_TRAIN_N_000274	0	A_clean_core	-6.165832265844312	0.002095569271471831	0
layer36_mean_max_std	catboost	HPCLAS_TRAIN_N_000276	0	HPCLAS_TRAIN_N_000276	0	A_clean_core	-2.874678212564161	0.05341959894765258	0
layer36_mean_max_std	catboost	HPCLAS_TRAIN_N_000279	0	HPCLAS_TRAIN_N_000279	0	A_clean_core	-3.033087640125876	0.04595327012155577	0
layer36_mean_max_std	catboost	HPCLAS_TRAIN_N_000289	0	HPCLAS_TRAIN_N_000289	0	A_clean_core	-4.753326523527579	0.008549243144330738	0
layer36_mean_max_std	catboost	HPCLAS_TRAIN_N_000292	0	HPCLAS_TRAIN_N_000292	0	A_clean_core	-4.711211011160339	0.008913710460625019	0
layer36_mean_max_std	catboost	HPCLAS_TRAIN_N_000300	0	HPCLAS_TRAIN_N_000300	0	A_clean_core	-2.423520791028022	0.08139661338755962	0
layer36_mean_max_std	catboost	HPCLAS_TRAIN_N_000309	0	HPCLAS_TRAIN_N_000309	0	A_clean_core	-2.408341526702196	0.08253882102846141	0
layer36_mean_max_std	catboost	HPCLAS_TRAIN_N_000319	0	HPCLAS_TRAIN_P_006923	0	B_ambiguous	-2.51758528428158	0.0746345444447302	0
layer36_mean_max_std	catboost	HPCLAS_TRAIN_N_000322	0	HPCLAS_TRAIN_N_000322	0	A_clean_core	-2.7958981020296556	0.05754623764292155	0
layer36_mean_max_std	catboost	HPCLAS_TRAIN_N_000328	0	HPCLAS_TRAIN_N_000328	0	A_clean_core	-5.0703372549240395	0.006241105694086597	0
layer36_mean_max_std	catboost	HPCLAS_TRAIN_N_000336	0	HPCLAS_TRAIN_N_000336	0	D_hard_sample	2.0491798931203014	0.885864725250761	1
layer36_mean_max_std	catboost	HPCLAS_TRAIN_N_000342	0	HPCLAS_TRAIN_N_000342	0	A_clean_core	-5.796740512200591	0.0030282410256177407	0
layer36_mean_max_std	catboost	HPCLAS_TRAIN_N_000351	0	HPCLAS_TRAIN_N_000351	0	B_ambiguous	-5.345606694372004	0.004746421015234405	0
layer36_mean_max_std	catboost	HPCLAS_TRAIN_N_000355	0	HPCLAS_TRAIN_N_000355	0	A_clean_core	-5.484635436276036	0.0041328960444252	0
layer36_mean_max_std	catboost	HPCLAS_TRAIN_N_000363	0	HPCLAS_TRAIN_N_000363	0	A_clean_core	-2.031803765367255	0.11590396171693598	0
layer36_mean_max_std	catboost	HPCLAS_TRAIN_N_000366	0	HPCLAS_TRAIN_N_000366	0	A_clean_core	-5.0646359723905	0.006276565653858643	0
layer36_mean_max_std	catboost	HPCLAS_TRAIN_N_000368	0	HPCLAS_TRAIN_N_000368	0	A_clean_core	-1.786409184543329	0.14351353243119494	0
layer36_mean_max_std	catboost	HPCLAS_TRAIN_N_000374	0	HPCLAS_TRAIN_N_000374	0	A_clean_core	-2.437217974066698	0.08037831304663881	0
layer36_mean_max_std	catboost	HPCLAS_TRAIN_N_000377	0	HPCLAS_TRAIN_N_000377	0	A_clean_core	-2.442093956010954	0.08001862862076596	0
layer36_mean_max_std	catboost	HPCLAS_TRAIN_N_000381	0	HPCLAS_TRAIN_N_000381	0	A_clean_core	-0.1447140791093119	0.4638844863208446	0
layer36_mean_max_std	catboost	HPCLAS_TRAIN_N_000384	0	HPCLAS_TRAIN_N_000384	0	D_hard_sample	0.022876762171513847	0.5057189411295223	1
layer36_mean_max_std	catboost	HPCLAS_TRAIN_N_000391	0	HPCLAS_TRAIN_N_000391	0	D_hard_sample	-0.6384569681875619	0.34559542708482616	0
layer36_mean_max_std	catboost	HPCLAS_TRAIN_N_000395	0	HPCLAS_TRAIN_N_000395	0	B_ambiguous	4.447225045068721	0.9884245409526282	1
layer36_mean_max_std	catboost	HPCLAS_TRAIN_N_000400	0	HPCLAS_TRAIN_N_000400	0	D_hard_sample	-1.6606438070052563	0.15967559244337884	0
layer36_mean_max_std	catboost	HPCLAS_TRAIN_N_000401	0	HPCLAS_TRAIN_N_000401	0	D_hard_sample	-1.7291078762765388	0.15070172772279605	0
layer36_mean_max_std	catboost	HPCLAS_TRAIN_N_000407	0	HPCLAS_TRAIN_N_000407	0	A_clean_core	-5.671490457366953	0.0034309184809586213	0
layer36_mean_max_std	catboost	HPCLAS_TRAIN_N_000408	0	HPCLAS_TRAIN_N_000408	0	A_clean_core	-5.722104565301347	0.003262139413330601	0
layer36_mean_max_std	catboost	HPCLAS_TRAIN_N_000415	0	HPCLAS_TRAIN_N_000415	0	A_clean_core	-7.14430334947373	0.0007887253583121011	0
layer36_mean_max_std	catboost	HPCLAS_TRAIN_N_000416	0	HPCLAS_TRAIN_N_000416	0	D_hard_sample	0.5184337093391194	0.6267814422926042	1
layer36_mean_max_std	catboost	HPCLAS_TRAIN_N_000417	0	HPCLAS_TRAIN_P_001196	0	B_ambiguous	-1.4684721887491343	0.1871749448276673	0
layer36_mean_max_std	catboost	HPCLAS_TRAIN_N_000430	0	HPCLAS_TRAIN_N_000430	0	A_clean_core	-3.379820771766995	0.03293210230563502	0
layer36_mean_max_std	catboost	HPCLAS_TRAIN_N_000433	0	HPCLAS_TRAIN_N_000433	0	A_clean_core	-7.381303148573991	0.0006224011462178018	0
layer36_mean_max_std	catboost	HPCLAS_TRAIN_N_000434	0	HPCLAS_TRAIN_P_004166	0	B_ambiguous	-0.9189169424280189	0.28517862613209943	0
layer36_mean_max_std	catboost	HPCLAS_TRAIN_N_000454	0	HPCLAS_TRAIN_N_000454	0	A_clean_core	-5.423421497332354	0.004392644603296355	0
layer36_mean_max_std	catboost	HPCLAS_TRAIN_N_000461	0	HPCLAS_TRAIN_N_000461	0	A_clean_core	-5.774214318465771	0.003097016220966653	0
layer36_mean_max_std	catboost	HPCLAS_TRAIN_N_000465	0	HPCLAS_TRAIN_N_000465	0	A_clean_core	-4.357307347977971	0.012650749712244324	0
layer36_mean_max_std	catboost	HPCLAS_TRAIN_N_000479	0	HPCLAS_TRAIN_N_000479	0	D_hard_sample	-0.08255679319037863	0.47937251613646553	0
layer36_mean_max_std	catboost	HPCLAS_TRAIN_N_000484	0	HPCLAS_TRAIN_N_000484	0	A_clean_core	-3.9999868053396685	0.017986443016982805	0
layer36_mean_max_std	catboost	HPCLAS_TRAIN_N_000486	0	HPCLAS_TRAIN_N_000486	0	A_clean_core	-4.351625942762741	0.01272191133010933	0
layer36_mean_max_std	catboost	HPCLAS_TRAIN_N_000498	0	HPCLAS_TRAIN_N_000498	0	D_hard_sample	-0.47871392062347057	0.3825558601012666	0
layer36_mean_max_std	catboost	HPCLAS_TRAIN_N_000517	0	HPCLAS_TRAIN_N_000517	0	A_clean_core	-2.648267156347986	0.06609589273145301	0
layer36_mean_max_std	catboost	HPCLAS_TRAIN_N_000526	0	HPCLAS_TRAIN_N_000526	0	A_clean_core	-1.4512591213900645	0.1898078616442447	0
layer36_mean_max_std	catboost	HPCLAS_TRAIN_N_000531	0	HPCLAS_TRAIN_N_000531	0	A_clean_core	-1.1216711894453895	0.24570142666382586	0
layer36_mean_max_std	catboost	HPCLAS_TRAIN_N_000537	0	HPCLAS_TRAIN_N_000537	0	A_clean_core	-6.703923343968859	0.0012245906121490574	0
layer36_mean_max_std	catboost	HPCLAS_TRAIN_N_000539	0	HPCLAS_TRAIN_N_000539	0	A_clean_core	-4.630404814400234	0.009656650856827093	0
layer36_mean_max_std	catboost	HPCLAS_TRAIN_N_000548	0	HPCLAS_TRAIN_N_000548	0	A_clean_core	-2.778036278937709	0.05852265841477553	0
layer36_mean_max_std	catboost	HPCLAS_TRAIN_N_000549	0	HPCLAS_TRAIN_N_000549	0	A_clean_core	-5.200849756175758	0.0054816644080604715	0
layer36_mean_max_std	catboost	HPCLAS_TRAIN_N_000550	0	HPCLAS_TRAIN_P_000348	0	B_ambiguous	-4.810323543115709	0.008079415293310889	0
layer36_mean_max_std	catboost	HPCLAS_TRAIN_N_000551	0	HPCLAS_TRAIN_N_000551	0	A_clean_core	-4.602402887578409	0.009928154640575174	0
layer36_mean_max_std	catboost	HPCLAS_TRAIN_N_000560	0	HPCLAS_TRAIN_N_000560	0	A_clean_core	-2.99459446502273	0.04767067548145597	0
layer36_mean_max_std	catboost	HPCLAS_TRAIN_N_000564	0	HPCLAS_TRAIN_N_000564	0	D_hard_sample	-0.45374707008008547	0.38847023679713294	0
layer36_mean_max_std	catboost	HPCLAS_TRAIN_N_000569	0	HPCLAS_TRAIN_N_000569	0	A_clean_core	-2.8227868320740694	0.05610516755450667	0
layer36_mean_max_std	catboost	HPCLAS_TRAIN_N_000572	0	HPCLAS_TRAIN_N_000572	0	D_hard_sample	-4.433707443992706	0.011731145768913655	0
layer36_mean_max_std	catboost	HPCLAS_TRAIN_N_000574	0	HPCLAS_TRAIN_N_000574	0	A_clean_core	-5.2575820410232295	0.005180900434011293	0
layer36_mean_max_std	catboost	HPCLAS_TRAIN_N_000579	0	HPCLAS_TRAIN_N_000579	0	B_ambiguous	-0.8850396488801142	0.29213452943886403	0
layer36_mean_max_std	catboost	HPCLAS_TRAIN_N_000580	0	HPCLAS_TRAIN_N_000580	0	A_clean_core	-7.667457826032603	0.0004675868167482262	0
layer36_mean_max_std	catboost	HPCLAS_TRAIN_N_000585	0	HPCLAS_TRAIN_N_000585	0	B_ambiguous	2.6551404980961792	0.9343271163504662	1
layer36_mean_max_std	catboost	HPCLAS_TRAIN_N_000592	0	HPCLAS_TRAIN_N_000592	0	A_clean_core	-5.280349323813871	0.005064868710997771	0
layer36_mean_max_std	catboost	HPCLAS_TRAIN_N_000606	0	HPCLAS_TRAIN_N_000606	0	A_clean_core	-5.182853433441751	0.005580651711864146	0
layer36_mean_max_std	catboost	HPCLAS_TRAIN_N_000610	0	HPCLAS_TRAIN_N_000610	0	A_clean_core	-1.1840712578033963	0.23432096301837876	0
layer36_mean_max_std	catboost	HPCLAS_TRAIN_N_000613	0	HPCLAS_TRAIN_N_000613	0	D_hard_sample	-4.09181068836807	0.016434350679524114	0
layer36_mean_max_std	catboost	HPCLAS_TRAIN_N_000618	0	HPCLAS_TRAIN_N_000618	0	D_hard_sample	-1.8155827222982026	0.13996475593323732	0
layer36_mean_max_std	catboost	HPCLAS_TRAIN_N_000620	0	HPCLAS_TRAIN_N_000620	0	A_clean_core	-4.650558211024463	0.009465808246574977	0
layer36_mean_max_std	catboost	HPCLAS_TRAIN_N_000621	0	HPCLAS_TRAIN_N_000621	0	B_ambiguous	-2.36851298219698	0.08560546727797148	0
layer36_mean_max_std	catboost	HPCLAS_TRAIN_N_000625	0	HPCLAS_TRAIN_N_000625	0	A_clean_core	-3.63535561733028	0.025696811541189052	0
layer36_mean_max_std	catboost	HPCLAS_TRAIN_N_000631	0	HPCLAS_TRAIN_N_000631	0	A_clean_core	-5.996250865088691	0.002481887703009148	0
layer36_mean_max_std	catboost	HPCLAS_TRAIN_N_000642	0	HPCLAS_TRAIN_N_000642	0	A_clean_core	-1.6579512501475617	0.16003720897759083	0
layer36_mean_max_std	catboost	HPCLAS_TRAIN_N_000648	0	HPCLAS_TRAIN_N_000648	0	D_hard_sample	-0.35066340853453126	0.4132215554909042	0
layer36_mean_max_std	catboost	HPCLAS_TRAIN_N_000651	0	HPCLAS_TRAIN_N_000651	0	A_clean_core	-5.180010038491076	0.005596453358773888	0
layer36_mean_max_std	catboost	HPCLAS_TRAIN_N_000653	0	HPCLAS_TRAIN_N_000653	0	A_clean_core	-0.9672766726599801	0.27542365177071515	0
layer36_mean_max_std	catboost	HPCLAS_TRAIN_N_000654	0	HPCLAS_TRAIN_N_000654	0	A_clean_core	-4.875522781286188	0.007573311055037607	0
layer36_mean_max_std	catboost	HPCLAS_TRAIN_N_000663	0	HPCLAS_TRAIN_N_000663	0	D_hard_sample	0.8152169853010679	0.6932200966553272	1
layer36_mean_max_std	catboost	HPCLAS_TRAIN_N_000667	0	HPCLAS_TRAIN_N_000667	0	A_clean_core	-3.4063785775728213	0.03209671201983516	0
layer36_mean_max_std	catboost	HPCLAS_TRAIN_N_000672	0	HPCLAS_TRAIN_N_000672	0	A_clean_core	-2.9009190961601883	0.05210814757187629	0
layer36_mean_max_std	catboost	HPCLAS_TRAIN_N_000692	0	HPCLAS_TRAIN_N_000692	0	A_clean_core	-0.5187362128254456	0.37314779685026783	0
layer36_mean_max_std	catboost	HPCLAS_TRAIN_N_000702	0	HPCLAS_TRAIN_N_000702	0	B_ambiguous	0.8572753925275622	0.7020910916151968	1
layer36_mean_max_std	catboost	HPCLAS_TRAIN_N_000708	0	HPCLAS_TRAIN_N_000708	0	D_hard_sample	-1.1141916679381123	0.24709025823294167	0
layer36_mean_max_std	catboost	HPCLAS_TRAIN_N_000709	0	HPCLAS_TRAIN_N_000709	0	A_clean_core	-4.410516152446518	0.012003081712039416	0
layer36_mean_max_std	catboost	HPCLAS_TRAIN_N_000710	0	HPCLAS_TRAIN_N_000710	0	A_clean_core	-5.194620368029368	0.005515729467522007	0
layer36_mean_max_std	catboost	HPCLAS_TRAIN_N_000713	0	HPCLAS_TRAIN_N_000713	0	A_clean_core	-1.7409238696017968	0.14919562393966576	0
layer36_mean_max_std	catboost	HPCLAS_TRAIN_N_000718	0	HPCLAS_TRAIN_N_000718	0	A_clean_core	-4.042449036754129	0.0172515865497812	0
layer36_mean_max_std	catboost	HPCLAS_TRAIN_N_000724	0	HPCLAS_TRAIN_N_000724	0	A_clean_core	-4.731706062063622	0.008734462307628149	0
layer36_mean_max_std	catboost	HPCLAS_TRAIN_N_000726	0	HPCLAS_TRAIN_N_000726	0	A_clean_core	-3.7678042313347913	0.022581051821245857	0
layer36_mean_max_std	catboost	HPCLAS_TRAIN_N_000732	0	HPCLAS_TRAIN_N_000732	0	A_clean_core	-2.1379509986097447	0.10546253649365532	0
layer36_mean_max_std	catboost	HPCLAS_TRAIN_N_000736	0	HPCLAS_TRAIN_P_006659	0	B_ambiguous	3.9250811343910508	0.9806416098121254	1
layer36_mean_max_std	catboost	HPCLAS_TRAIN_N_000738	0	HPCLAS_TRAIN_N_000738	0	A_clean_core	-5.772544800837459	0.003102175009420821	0
layer36_mean_max_std	catboost	HPCLAS_TRAIN_N_000749	0	HPCLAS_TRAIN_N_000749	0	D_hard_sample	-4.408150894759425	0.012031163721504673	0
layer36_mean_max_std	catboost	HPCLAS_TRAIN_N_000761	0	HPCLAS_TRAIN_N_000761	0	A_clean_core	-5.132572364938655	0.005866738739172042	0
layer36_mean_max_std	catboost	HPCLAS_TRAIN_N_000764	0	HPCLAS_TRAIN_N_000764	0	B_ambiguous	-3.423589258409205	0.031566320478474144	0
layer36_mean_max_std	catboost	HPCLAS_TRAIN_N_000777	0	HPCLAS_TRAIN_N_000777	0	A_clean_core	-3.452598820993417	0.030691451400875022	0
layer36_mean_max_std	catboost	HPCLAS_TRAIN_N_000780	0	HPCLAS_TRAIN_N_000780	0	A_clean_core	-6.346344953176442	0.0017500751283625448	0
layer36_mean_max_std	catboost	HPCLAS_TRAIN_N_000799	0	HPCLAS_TRAIN_N_000799	0	A_clean_core	-1.8557429936091931	0.13520001275688887	0
layer36_mean_max_std	catboost	HPCLAS_TRAIN_N_000810	0	HPCLAS_TRAIN_N_000810	0	A_clean_core	-6.246740039648486	0.0019330138298820911	0
layer36_mean_max_std	catboost	HPCLAS_TRAIN_N_000819	0	HPCLAS_TRAIN_N_000819	0	A_clean_core	-4.2438585605565375	0.014149037896088979	0
layer36_mean_max_std	catboost	HPCLAS_TRAIN_N_000822	0	HPCLAS_TRAIN_N_000822	0	A_clean_core	-2.2147816802820546	0.0984309204372084	0
layer36_mean_max_std	catboost	HPCLAS_TRAIN_N_000836	0	HPCLAS_TRAIN_N_000836	0	A_clean_core	-5.832117576239482	0.0029232912744431992	0
layer36_mean_max_std	catboost	HPCLAS_TRAIN_N_000842	0	HPCLAS_TRAIN_N_000842	0	A_clean_core	-4.798477589784899	0.008174905733859412	0
layer36_mean_max_std	catboost	HPCLAS_TRAIN_N_000843	0	HPCLAS_TRAIN_N_000843	0	A_clean_core	-4.902496231931919	0.0073732492267674045	0
layer36_mean_max_std	catboost	HPCLAS_TRAIN_N_000848	0	HPCLAS_TRAIN_N_000848	0	D_hard_sample	-0.599910625334135	0.35436414155542584	0
layer36_mean_max_std	catboost	HPCLAS_TRAIN_N_000849	0	HPCLAS_TRAIN_N_000849	0	D_hard_sample	-0.5222458851478576	0.37232722076742686	0
layer36_mean_max_std	catboost	HPCLAS_TRAIN_N_000852	0	HPCLAS_TRAIN_N_000852	0	A_clean_core	-1.4924742018634323	0.18355065364893683	0
layer36_mean_max_std	catboost	HPCLAS_TRAIN_N_000863	0	HPCLAS_TRAIN_N_000863	0	A_clean_core	-2.95670358415543	0.04942063607670626	0
layer36_mean_max_std	catboost	HPCLAS_TRAIN_N_000871	0	HPCLAS_TRAIN_N_000871	0	A_clean_core	-3.1783362387644503	0.039989156925479025	0
layer36_mean_max_std	catboost	HPCLAS_TRAIN_N_000878	0	HPCLAS_TRAIN_N_000878	0	D_hard_sample	0.01401988057953368	0.503504912735462	1
layer36_mean_max_std	catboost	HPCLAS_TRAIN_N_000888	0	HPCLAS_TRAIN_N_000888	0	A_clean_core	-4.155571695308521	0.015434856634402116	0
layer36_mean_max_std	catboost	HPCLAS_TRAIN_N_000889	0	HPCLAS_TRAIN_N_000889	0	A_clean_core	-3.3156385792479846	0.03503857330153577	0
layer36_mean_max_std	catboost	HPCLAS_TRAIN_N_000897	0	HPCLAS_TRAIN_N_000897	0	A_clean_core	-4.461553282220462	0.011412665043736421	0
layer36_mean_max_std	catboost	HPCLAS_TRAIN_N_000904	0	HPCLAS_TRAIN_N_000904	0	A_clean_core	-5.649106561415079	0.00350830929719527	0
layer36_mean_max_std	catboost	HPCLAS_TRAIN_N_000905	0	HPCLAS_TRAIN_N_000905	0	A_clean_core	-4.5106913954145185	0.010871372798714146	0
layer36_mean_max_std	catboost	HPCLAS_TRAIN_N_000910	0	HPCLAS_TRAIN_N_000910	0	A_clean_core	-4.887445383623339	0.007484225378255621	0
layer36_mean_max_std	catboost	HPCLAS_TRAIN_N_000913	0	HPCLAS_TRAIN_N_000913	0	A_clean_core	-2.37925313578408	0.0847684915769076	0
layer36_mean_max_std	catboost	HPCLAS_TRAIN_N_000916	0	HPCLAS_TRAIN_N_000916	0	A_clean_core	-3.7730507628454406	0.022465544435319274	0
layer36_mean_max_std	catboost	HPCLAS_TRAIN_N_000917	0	HPCLAS_TRAIN_N_000917	0	A_clean_core	-4.841147290563676	0.00783609815921543	0
layer36_mean_max_std	catboost	HPCLAS_TRAIN_N_000918	0	HPCLAS_TRAIN_N_000918	0	D_hard_sample	-1.6534738127293782	0.16064000639734005	0
layer36_mean_max_std	catboost	HPCLAS_TRAIN_N_000921	0	HPCLAS_TRAIN_N_000921	0	D_hard_sample	-2.243645852595439	0.0958989716408041	0
layer36_mean_max_std	catboost	HPCLAS_TRAIN_N_000922	0	HPCLAS_TRAIN_N_000922	0	D_hard_sample	-2.246463563317955	0.09565494749158415	0
layer36_mean_max_std	catboost	HPCLAS_TRAIN_N_000925	0	HPCLAS_TRAIN_N_000925	0	A_clean_core	-3.4946795871165777	0.02946399227748669	0
layer36_mean_max_std	catboost	HPCLAS_TRAIN_N_000926	0	HPCLAS_TRAIN_N_000926	0	A_clean_core	-4.281229448682996	0.013637111717327505	0
layer36_mean_max_std	catboost	HPCLAS_TRAIN_N_000930	0	HPCLAS_TRAIN_N_000930	0	A_clean_core	-6.0049515092665935	0.0024604402506416033	0
layer36_mean_max_std	catboost	HPCLAS_TRAIN_N_000931	0	HPCLAS_TRAIN_N_000931	0	B_ambiguous	-2.972120045680003	0.04870140814253301	0
layer36_mean_max_std	catboost	HPCLAS_TRAIN_N_000933	0	HPCLAS_TRAIN_N_000933	0	A_clean_core	-2.217052841876598	0.09822955612841544	0
layer36_mean_max_std	catboost	HPCLAS_TRAIN_N_000945	0	HPCLAS_TRAIN_N_000945	0	A_clean_core	-4.431663165875119	0.011754869832482313	0
layer36_mean_max_std	catboost	HPCLAS_TRAIN_N_000946	0	HPCLAS_TRAIN_N_000946	0	D_hard_sample	0.622208971963411	0.6507207779014361	1
layer36_mean_max_std	catboost	HPCLAS_TRAIN_N_000952	0	HPCLAS_TRAIN_N_000952	0	D_hard_sample	-1.1885569948233714	0.23351711543041564	0
layer36_mean_max_std	catboost	HPCLAS_TRAIN_N_000957	0	HPCLAS_TRAIN_N_000957	0	A_clean_core	-4.8150518459627625	0.008041610023754269	0
layer36_mean_max_std	catboost	HPCLAS_TRAIN_N_000958	0	HPCLAS_TRAIN_N_000958	0	A_clean_core	-3.064878807783409	0.044579441981863324	0
layer36_mean_max_std	catboost	HPCLAS_TRAIN_N_000965	0	HPCLAS_TRAIN_N_000965	0	D_hard_sample	-3.779910648605233	0.022315388031976666	0
layer36_mean_max_std	catboost	HPCLAS_TRAIN_N_000967	0	HPCLAS_TRAIN_N_000967	0	A_clean_core	-4.502028238933618	0.01096492516565622	0
layer36_mean_max_std	catboost	HPCLAS_TRAIN_N_000969	0	HPCLAS_TRAIN_N_000969	0	A_clean_core	-4.409974855221052	0.012009502655971048	0
layer36_mean_max_std	catboost	HPCLAS_TRAIN_N_000994	0	HPCLAS_TRAIN_N_000994	0	D_hard_sample	1.0423211692279508	0.7392976288845202	1
layer36_mean_max_std	catboost	HPCLAS_TRAIN_N_000995	0	HPCLAS_TRAIN_N_000995	0	B_ambiguous	0.5916464706642577	0.6437428332814906	1
layer36_mean_max_std	catboost	HPCLAS_TRAIN_N_001000	0	HPCLAS_TRAIN_N_001000	0	A_clean_core	-3.975827740400496	0.018418169364929647	0
layer36_mean_max_std	catboost	HPCLAS_TRAIN_N_001004	0	HPCLAS_TRAIN_N_001004	0	A_clean_core	-3.7536509719882067	0.022895550329130262	0
layer36_mean_max_std	catboost	HPCLAS_TRAIN_N_001012	0	HPCLAS_TRAIN_N_001012	0	D_hard_sample	-0.6946301677906113	0.3330038621093931	0
layer36_mean_max_std	catboost	HPCLAS_TRAIN_N_001019	0	HPCLAS_TRAIN_N_001019	0	A_clean_core	-6.068015448456038	0.0023104140326092944	0
layer36_mean_max_std	catboost	HPCLAS_TRAIN_N_001022	0	HPCLAS_TRAIN_N_001022	0	A_clean_core	-0.5479420896452089	0.3663419915834665	0
layer36_mean_max_std	catboost	HPCLAS_TRAIN_N_001023	0	HPCLAS_TRAIN_N_001023	0	A_clean_core	-3.4195406312764556	0.03169032155634535	0
layer36_mean_max_std	catboost	HPCLAS_TRAIN_N_001025	0	HPCLAS_TRAIN_N_001025	0	A_clean_core	-5.594078962629801	0.0037060380462488178	0
layer36_mean_max_std	catboost	HPCLAS_TRAIN_N_001026	0	HPCLAS_TRAIN_N_001026	0	A_clean_core	-2.580640965127849	0.07039477499943897	0
layer36_mean_max_std	catboost	HPCLAS_TRAIN_N_001029	0	HPCLAS_TRAIN_N_001029	0	A_clean_core	-5.326183548738332	0.004839062104887916	0
layer36_mean_max_std	catboost	HPCLAS_TRAIN_N_001031	0	HPCLAS_TRAIN_N_001031	0	A_clean_core	-4.883922000945261	0.007510443280227593	0
layer36_mean_max_std	catboost	HPCLAS_TRAIN_N_001037	0	HPCLAS_TRAIN_N_001037	0	A_clean_core	-6.09687420513932	0.0022448387932979684	0
layer36_mean_max_std	catboost	HPCLAS_TRAIN_N_001040	0	HPCLAS_TRAIN_N_001040	0	A_clean_core	-2.2609076423187937	0.0944127378913692	0
layer36_mean_max_std	catboost	HPCLAS_TRAIN_N_001046	0	HPCLAS_TRAIN_N_001046	0	D_hard_sample	-3.6393458235280924	0.025597099645697386	0
layer36_mean_max_std	catboost	HPCLAS_TRAIN_N_001058	0	HPCLAS_TRAIN_N_001058	0	A_clean_core	-4.3583166961639375	0.0126381484382374	0
layer36_mean_max_std	catboost	HPCLAS_TRAIN_N_001065	0	HPCLAS_TRAIN_N_001065	0	D_hard_sample	-0.5885241222389328	0.35697356080160414	0
layer36_mean_max_std	catboost	HPCLAS_TRAIN_N_001066	0	HPCLAS_TRAIN_N_001066	0	A_clean_core	-7.221645490176546	0.0007300658498221819	0
layer36_mean_max_std	catboost	HPCLAS_TRAIN_N_001076	0	HPCLAS_TRAIN_N_001076	0	A_clean_core	-0.9838561064737175	0.2721273182779148	0
layer36_mean_max_std	catboost	HPCLAS_TRAIN_N_001079	0	HPCLAS_TRAIN_N_001079	0	A_clean_core	-4.337458542613925	0.012901088734716747	0
layer36_mean_max_std	catboost	HPCLAS_TRAIN_N_001093	0	HPCLAS_TRAIN_N_001093	0	A_clean_core	-5.779096769278424	0.003081978534544623	0
layer36_mean_max_std	catboost	HPCLAS_TRAIN_N_001095	0	HPCLAS_TRAIN_N_001095	0	A_clean_core	-1.9232889980571075	0.1274952490130981	0
layer36_mean_max_std	catboost	HPCLAS_TRAIN_N_001102	0	HPCLAS_TRAIN_N_001102	0	A_clean_core	-6.582817384435215	0.0013820320368967754	0
layer36_mean_max_std	catboost	HPCLAS_TRAIN_N_001105	0	HPCLAS_TRAIN_N_001105	0	A_clean_core	-2.9835882132444786	0.048172834207958835	0
layer36_mean_max_std	catboost	HPCLAS_TRAIN_N_001106	0	HPCLAS_TRAIN_N_001106	0	A_clean_core	-3.9660172188020786	0.018596373709645012	0
layer36_mean_max_std	catboost	HPCLAS_TRAIN_N_001113	0	HPCLAS_TRAIN_N_001113	0	D_hard_sample	1.8556341892082198	0.8647872652221366	1
layer36_mean_max_std	catboost	HPCLAS_TRAIN_N_001120	0	HPCLAS_TRAIN_N_001120	0	A_clean_core	-5.115528954491027	0.005966983168324491	0
layer36_mean_max_std	catboost	HPCLAS_TRAIN_N_001122	0	HPCLAS_TRAIN_N_001122	0	A_clean_core	-5.503219710258814	0.004057107207252822	0
layer36_mean_max_std	catboost	HPCLAS_TRAIN_N_001134	0	HPCLAS_TRAIN_N_001134	0	A_clean_core	-2.2753678975219733	0.0931836309255494	0
layer36_mean_max_std	catboost	HPCLAS_TRAIN_N_001136	0	HPCLAS_TRAIN_N_001136	0	A_clean_core	-2.3108689833012592	0.09022678800911187	0
layer36_mean_max_std	catboost	HPCLAS_TRAIN_N_001140	0	HPCLAS_TRAIN_N_001140	0	D_hard_sample	1.0969361299090643	0.7496855885554166	1
layer36_mean_max_std	catboost	HPCLAS_TRAIN_N_001141	0	HPCLAS_TRAIN_N_001141	0	A_clean_core	-3.510027295169347	0.02902826649500938	0
layer36_mean_max_std	catboost	HPCLAS_TRAIN_N_001142	0	HPCLAS_TRAIN_P_004373	0	B_ambiguous	-2.2291703421845095	0.097161395128273	0
layer36_mean_max_std	catboost	HPCLAS_TRAIN_N_001149	0	HPCLAS_TRAIN_N_001149	0	A_clean_core	-3.186341619993149	0.03968295937272115	0
layer36_mean_max_std	catboost	HPCLAS_TRAIN_N_001153	0	HPCLAS_TRAIN_N_001153	0	A_clean_core	-5.730391123311868	0.0032353062929939146	0
layer36_mean_max_std	catboost	HPCLAS_TRAIN_N_001157	0	HPCLAS_TRAIN_N_001157	0	D_hard_sample	0.11384616326656483	0.5284308398926821	1
layer36_mean_max_std	catboost	HPCLAS_TRAIN_N_001164	0	HPCLAS_TRAIN_N_001164	0	A_clean_core	-0.5875116311379552	0.3572060051306559	0
layer36_mean_max_std	catboost	HPCLAS_TRAIN_N_001173	0	HPCLAS_TRAIN_N_001173	0	A_clean_core	-6.370400486980544	0.0017085495278522857	0
layer36_mean_max_std	catboost	HPCLAS_TRAIN_N_001176	0	HPCLAS_TRAIN_N_001176	0	D_hard_sample	-0.49588330354839055	0.37850859433757694	0
layer36_mean_max_std	catboost	HPCLAS_TRAIN_N_001178	0	HPCLAS_TRAIN_N_001178	0	A_clean_core	-5.02878559140129	0.006504174934503147	0
layer36_mean_max_std	catboost	HPCLAS_TRAIN_N_001180	0	HPCLAS_TRAIN_N_001180	0	A_clean_core	-0.057107091847749925	0.4857271057478559	0
layer36_mean_max_std	catboost	HPCLAS_TRAIN_N_001182	0	HPCLAS_TRAIN_N_001182	0	A_clean_core	-5.790426582807708	0.003047363164139442	0
layer36_mean_max_std	catboost	HPCLAS_TRAIN_N_001183	0	HPCLAS_TRAIN_N_001183	0	A_clean_core	-3.3589520933053696	0.03360323643853415	0
layer36_mean_max_std	catboost	HPCLAS_TRAIN_N_001190	0	HPCLAS_TRAIN_N_001190	0	A_clean_core	-3.718446006754927	0.023696503158465432	0
layer36_mean_max_std	catboost	HPCLAS_TRAIN_N_001194	0	HPCLAS_TRAIN_N_001194	0	A_clean_core	-7.607575850409671	0.000496427850366375	0
layer36_mean_max_std	catboost	HPCLAS_TRAIN_N_001195	0	HPCLAS_TRAIN_N_001195	0	A_clean_core	-5.956792723795349	0.0025815182608839426	0
layer36_mean_max_std	catboost	HPCLAS_TRAIN_N_001202	0	HPCLAS_TRAIN_N_001202	0	A_clean_core	-5.245930237474504	0.005241302077940465	0
layer36_mean_max_std	catboost	HPCLAS_TRAIN_N_001204	0	HPCLAS_TRAIN_N_001204	0	B_ambiguous	-2.3110260548253385	0.09021389547921652	0
layer36_mean_max_std	catboost	HPCLAS_TRAIN_N_001205	0	HPCLAS_TRAIN_N_001205	0	A_clean_core	-3.408547267463563	0.03202940671051607	0
layer36_mean_max_std	catboost	HPCLAS_TRAIN_N_001210	0	HPCLAS_TRAIN_N_001210	0	A_clean_core	-4.372318128043079	0.012464619566550199	0
layer36_mean_max_std	catboost	HPCLAS_TRAIN_N_001212	0	HPCLAS_TRAIN_N_001212	0	D_hard_sample	-0.5522296836062032	0.36534726023365116	0
layer36_mean_max_std	catboost	HPCLAS_TRAIN_N_001217	0	HPCLAS_TRAIN_N_001217	0	A_clean_core	-6.492277950648701	0.0015128017288327552	0
layer36_mean_max_std	catboost	HPCLAS_TRAIN_N_001228	0	HPCLAS_TRAIN_N_001228	0	B_ambiguous	2.8348401040870717	0.9445297374513876	1
layer36_mean_max_std	catboost	HPCLAS_TRAIN_N_001234	0	HPCLAS_TRAIN_N_001234	0	A_clean_core	-5.124604659881568	0.005913392379262031	0
layer36_mean_max_std	catboost	HPCLAS_TRAIN_N_001238	0	HPCLAS_TRAIN_N_001238	0	D_hard_sample	-0.4657093043962895	0.38563229517920716	0
layer36_mean_max_std	catboost	HPCLAS_TRAIN_N_001242	0	HPCLAS_TRAIN_N_001242	0	D_hard_sample	-2.6797368262183343	0.0641796809806196	0
layer36_mean_max_std	catboost	HPCLAS_TRAIN_N_001244	0	HPCLAS_TRAIN_N_001244	0	D_hard_sample	2.6788326442721697	0.9357659918598945	1
layer36_mean_max_std	catboost	HPCLAS_TRAIN_N_001250	0	HPCLAS_TRAIN_N_001250	0	A_clean_core	-5.06983452081609	0.0062442245027072765	0
layer36_mean_max_std	catboost	HPCLAS_TRAIN_N_001262	0	HPCLAS_TRAIN_N_001262	0	A_clean_core	-3.431747587838077	0.03131787211974847	0
layer36_mean_max_std	catboost	HPCLAS_TRAIN_N_001274	0	HPCLAS_TRAIN_N_001274	0	A_clean_core	-4.505380287810602	0.010928632743053113	0
layer36_mean_max_std	catboost	HPCLAS_TRAIN_N_001276	0	HPCLAS_TRAIN_N_001276	0	D_hard_sample	1.5605463584538604	0.8264317378833416	1
layer36_mean_max_std	catboost	HPCLAS_TRAIN_N_001279	0	HPCLAS_TRAIN_N_001279	0	A_clean_core	-4.637436085201562	0.009589639316229713	0
layer36_mean_max_std	catboost	HPCLAS_TRAIN_N_001281	0	HPCLAS_TRAIN_N_001281	0	A_clean_core	-5.457950624948757	0.004244191872443844	0
layer36_mean_max_std	catboost	HPCLAS_TRAIN_N_001284	0	HPCLAS_TRAIN_N_001284	0	A_clean_core	-4.008160318095685	0.017842642165191987	0
layer36_mean_max_std	catboost	HPCLAS_TRAIN_N_001296	0	HPCLAS_TRAIN_N_001296	0	A_clean_core	-4.881601629991161	0.0075277591901973615	0
layer36_mean_max_std	catboost	HPCLAS_TRAIN_N_001302	0	HPCLAS_TRAIN_N_001302	0	A_clean_core	-5.0061140422210215	0.0066523267762623834	0
layer36_mean_max_std	catboost	HPCLAS_TRAIN_N_001306	0	HPCLAS_TRAIN_N_001306	0	A_clean_core	-5.0549509754930435	0.006337262389354814	0
layer36_mean_max_std	catboost	HPCLAS_TRAIN_N_001316	0	HPCLAS_TRAIN_N_001316	0	A_clean_core	-2.0456499849119507	0.1144926645868987	0
layer36_mean_max_std	catboost	HPCLAS_TRAIN_N_001325	0	HPCLAS_TRAIN_N_001325	0	A_clean_core	-3.0981453746606165	0.04318382127557359	0
layer36_mean_max_std	catboost	HPCLAS_TRAIN_N_001326	0	HPCLAS_TRAIN_N_001326	0	A_clean_core	-6.75943720230902	0.0011585380019221133	0
layer36_mean_max_std	catboost	HPCLAS_TRAIN_N_001331	0	HPCLAS_TRAIN_N_001331	0	D_hard_sample	0.21844177123968675	0.5543943210170008	1
layer36_mean_max_std	catboost	HPCLAS_TRAIN_N_001339	0	HPCLAS_TRAIN_N_001339	0	A_clean_core	-4.79327521616702	0.008217195086522733	0
layer36_mean_max_std	catboost	HPCLAS_TRAIN_N_001343	0	HPCLAS_TRAIN_N_001343	0	D_hard_sample	1.8944578699482177	0.8692629790173438	1
layer36_mean_max_std	catboost	HPCLAS_TRAIN_N_001345	0	HPCLAS_TRAIN_N_001345	0	A_clean_core	-4.158287999122143	0.01539363227847964	0
layer36_mean_max_std	catboost	HPCLAS_TRAIN_N_001349	0	HPCLAS_TRAIN_N_001349	0	A_clean_core	-4.93995085944957	0.007104120336325875	0
layer36_mean_max_std	catboost	HPCLAS_TRAIN_N_001361	0	HPCLAS_TRAIN_N_001361	0	D_hard_sample	-2.887595973669699	0.052770155696423515	0
layer36_mean_max_std	catboost	HPCLAS_TRAIN_N_001366	0	HPCLAS_TRAIN_N_001366	0	D_hard_sample	1.9981106442730305	0.8805985649826715	1
layer36_mean_max_std	catboost	HPCLAS_TRAIN_N_001377	0	HPCLAS_TRAIN_N_001377	0	A_clean_core	-6.88909257226728	0.0010178009692126452	0
layer36_mean_max_std	catboost	HPCLAS_TRAIN_N_001387	0	HPCLAS_TRAIN_N_001387	0	A_clean_core	-4.109435125810292	0.016151879335325827	0
layer36_mean_max_std	catboost	HPCLAS_TRAIN_N_001391	0	HPCLAS_TRAIN_N_001391	0	A_clean_core	-1.7703070652648667	0.14550414653063448	0
layer36_mean_max_std	catboost	HPCLAS_TRAIN_N_001395	0	HPCLAS_TRAIN_N_001395	0	A_clean_core	-6.073005477522003	0.002298940155288806	0
layer36_mean_max_std	catboost	HPCLAS_TRAIN_N_001398	0	HPCLAS_TRAIN_N_001398	0	A_clean_core	-3.6131800213745855	0.026257888920453547	0
layer36_mean_max_std	catboost	HPCLAS_TRAIN_N_001401	0	HPCLAS_TRAIN_N_001401	0	A_clean_core	-5.471089758817154	0.0041890236929140075	0
layer36_mean_max_std	catboost	HPCLAS_TRAIN_N_001403	0	HPCLAS_TRAIN_N_001403	0	A_clean_core	-4.537145558495299	0.010590556260239551	0
layer36_mean_max_std	catboost	HPCLAS_TRAIN_N_001404	0	HPCLAS_TRAIN_N_001404	0	A_clean_core	-7.768031474687053	0.0004228663313255105	0
layer36_mean_max_std	catboost	HPCLAS_TRAIN_N_001405	0	HPCLAS_TRAIN_N_001405	0	A_clean_core	-4.051195065976037	0.017103931001151502	0
layer36_mean_max_std	catboost	HPCLAS_TRAIN_N_001413	0	HPCLAS_TRAIN_N_001413	0	A_clean_core	-3.8297855266612064	0.021252783534918055	0
layer36_mean_max_std	catboost	HPCLAS_TRAIN_N_001414	0	HPCLAS_TRAIN_N_001414	0	A_clean_core	-1.0396996044352615	0.26120795960118426	0
layer36_mean_max_std	catboost	HPCLAS_TRAIN_N_001416	0	HPCLAS_TRAIN_N_001416	0	A_clean_core	-4.552216198876165	0.010433799278208197	0
layer36_mean_max_std	catboost	HPCLAS_TRAIN_N_001417	0	HPCLAS_TRAIN_N_001417	0	A_clean_core	-5.1571208151371515	0.005725287258298362	0
layer36_mean_max_std	catboost	HPCLAS_TRAIN_N_001419	0	HPCLAS_TRAIN_N_001419	0	A_clean_core	-4.830182549240875	0.007921807331322327	0
layer36_mean_max_std	catboost	HPCLAS_TRAIN_N_001422	0	HPCLAS_TRAIN_N_001422	0	D_hard_sample	-1.5870153331200065	0.16980423311551346	0
layer36_mean_max_std	catboost	HPCLAS_TRAIN_N_001425	0	HPCLAS_TRAIN_N_001425	0	A_clean_core	-0.25956460935664133	0.4354707398713147	0
layer36_mean_max_std	catboost	HPCLAS_TRAIN_N_001429	0	HPCLAS_TRAIN_N_001429	0	A_clean_core	-2.918500179830568	0.05124657365656496	0
layer36_mean_max_std	catboost	HPCLAS_TRAIN_N_001439	0	HPCLAS_TRAIN_N_001439	0	A_clean_core	-4.199559157440172	0.01478044986442685	0
layer36_mean_max_std	catboost	HPCLAS_TRAIN_N_001440	0	HPCLAS_TRAIN_N_001440	0	D_hard_sample	0.13700584157103166	0.5341979840618136	1
layer36_mean_max_std	catboost	HPCLAS_TRAIN_N_001466	0	HPCLAS_TRAIN_N_001466	0	B_ambiguous	-4.37052180563221	0.012486750328784784	0
layer36_mean_max_std	catboost	HPCLAS_TRAIN_N_001468	0	HPCLAS_TRAIN_N_001468	0	D_hard_sample	-4.068122853069817	0.016821665509456	0
layer36_mean_max_std	catboost	HPCLAS_TRAIN_N_001469	0	HPCLAS_TRAIN_N_001469	0	A_clean_core	-6.269690158121277	0.0018892389858810971	0
layer36_mean_max_std	catboost	HPCLAS_TRAIN_N_001489	0	HPCLAS_TRAIN_N_001489	0	D_hard_sample	0.710115344861569	0.6704266463058507	1
layer36_mean_max_std	catboost	HPCLAS_TRAIN_N_001501	0	HPCLAS_TRAIN_N_001501	0	A_clean_core	-6.4767744681707855	0.0015364018590252662	0
layer36_mean_max_std	catboost	HPCLAS_TRAIN_N_001515	0	HPCLAS_TRAIN_N_001515	0	A_clean_core	-2.978009939820026	0.04842925600956873	0
layer36_mean_max_std	catboost	HPCLAS_TRAIN_N_001517	0	HPCLAS_TRAIN_P_004877	0	B_ambiguous	-1.182891846832066	0.23453263292531287	0
layer36_mean_max_std	catboost	HPCLAS_TRAIN_N_001527	0	HPCLAS_TRAIN_N_001527	0	A_clean_core	-2.183213811520344	0.10126805474731221	0
layer36_mean_max_std	catboost	HPCLAS_TRAIN_N_001533	0	HPCLAS_TRAIN_N_001533	0	A_clean_core	-4.8316383438896695	0.007910374357238877	0
layer36_mean_max_std	catboost	HPCLAS_TRAIN_N_001534	0	HPCLAS_TRAIN_N_001534	0	D_hard_sample	-2.1422480954752317	0.10505783430034268	0
layer36_mean_max_std	catboost	HPCLAS_TRAIN_N_001540	0	HPCLAS_TRAIN_N_001540	0	A_clean_core	-2.795877245774966	0.05754736878541209	0
layer36_mean_max_std	catboost	HPCLAS_TRAIN_N_001541	0	HPCLAS_TRAIN_N_001541	0	A_clean_core	-4.495538407067434	0.01103552924890528	0
layer36_mean_max_std	catboost	HPCLAS_TRAIN_N_001544	0	HPCLAS_TRAIN_N_001544	0	A_clean_core	-6.247063602290422	0.0019323896884154551	0
layer36_mean_max_std	catboost	HPCLAS_TRAIN_N_001549	0	HPCLAS_TRAIN_N_001549	0	A_clean_core	-3.561353908084175	0.02761604203056381	0
layer36_mean_max_std	catboost	HPCLAS_TRAIN_N_001552	0	HPCLAS_TRAIN_N_001552	0	A_clean_core	-2.2128252165676097	0.0986046779349699	0
layer36_mean_max_std	catboost	HPCLAS_TRAIN_N_001556	0	HPCLAS_TRAIN_N_001556	0	A_clean_core	-4.665907121344823	0.009322971932902727	0
layer36_mean_max_std	catboost	HPCLAS_TRAIN_N_001557	0	HPCLAS_TRAIN_N_001557	0	A_clean_core	-3.5461798804848024	0.02802645012348769	0
layer36_mean_max_std	catboost	HPCLAS_TRAIN_N_001571	0	HPCLAS_TRAIN_N_001571	0	D_hard_sample	-3.935513658736432	0.01916133276432681	0
layer36_mean_max_std	catboost	HPCLAS_TRAIN_N_001574	0	HPCLAS_TRAIN_N_001574	0	A_clean_core	-6.788085410924895	0.0011258557105188285	0
layer36_mean_max_std	catboost	HPCLAS_TRAIN_N_001576	0	HPCLAS_TRAIN_N_001576	0	A_clean_core	-4.895382368461726	0.007425497654500346	0
layer36_mean_max_std	catboost	HPCLAS_TRAIN_N_001589	0	HPCLAS_TRAIN_N_001589	0	A_clean_core	-6.288942406862558	0.0018532815362408916	0
layer36_mean_max_std	catboost	HPCLAS_TRAIN_N_001593	0	HPCLAS_TRAIN_N_001593	0	D_hard_sample	-0.23374085502897296	0.4418293903010016	0
layer36_mean_max_std	catboost	HPCLAS_TRAIN_N_001595	0	HPCLAS_TRAIN_N_001595	0	D_hard_sample	0.4799182088208087	0.6177285607873301	1
layer36_mean_max_std	catboost	HPCLAS_TRAIN_N_001599	0	HPCLAS_TRAIN_N_001599	0	B_ambiguous	-3.4650812992830495	0.03032227158341372	0
layer36_mean_max_std	catboost	HPCLAS_TRAIN_N_001607	0	HPCLAS_TRAIN_N_001607	0	A_clean_core	-3.8099241319779806	0.021669874682752867	0
layer36_mean_max_std	catboost	HPCLAS_TRAIN_N_001611	0	HPCLAS_TRAIN_N_001611	0	A_clean_core	-5.476622415917753	0.004166007543366544	0
layer36_mean_max_std	catboost	HPCLAS_TRAIN_N_001618	0	HPCLAS_TRAIN_N_001618	0	A_clean_core	-2.3080447887690987	0.09045888304517835	0
layer36_mean_max_std	catboost	HPCLAS_TRAIN_N_001623	0	HPCLAS_TRAIN_N_001623	0	A_clean_core	-7.081820055072449	0.0008395370535874665	0
layer36_mean_max_std	catboost	HPCLAS_TRAIN_N_001626	0	HPCLAS_TRAIN_N_001626	0	A_clean_core	-4.435453644372849	0.011710918400729011	0
layer36_mean_max_std	catboost	HPCLAS_TRAIN_N_001628	0	HPCLAS_TRAIN_N_001628	0	A_clean_core	-2.0949842095756823	0.10958528616879067	0
layer36_mean_max_std	catboost	HPCLAS_TRAIN_N_001636	0	HPCLAS_TRAIN_N_001636	0	A_clean_core	-3.662577459206903	0.025024000774397502	0
layer36_mean_max_std	catboost	HPCLAS_TRAIN_N_001639	0	HPCLAS_TRAIN_N_001639	0	A_clean_core	-6.391620701089348	0.0016727357196401063	0
layer36_mean_max_std	catboost	HPCLAS_TRAIN_N_001651	0	HPCLAS_TRAIN_N_001651	0	A_clean_core	-6.959331282474275	0.0009488303302922014	0
layer36_mean_max_std	catboost	HPCLAS_TRAIN_N_001656	0	HPCLAS_TRAIN_N_001656	0	A_clean_core	-5.084065145762678	0.006156537749288069	0
layer36_mean_max_std	catboost	HPCLAS_TRAIN_N_001657	0	HPCLAS_TRAIN_N_001657	0	A_clean_core	-1.680235613124058	0.15706427234492487	0
layer36_mean_max_std	catboost	HPCLAS_TRAIN_N_001660	0	HPCLAS_TRAIN_N_001660	0	A_clean_core	-4.896239543102572	0.007419182635852621	0
layer36_mean_max_std	catboost	HPCLAS_TRAIN_N_001664	0	HPCLAS_TRAIN_N_001664	0	A_clean_core	-2.912610022550785	0.05153371338345097	0
layer36_mean_max_std	catboost	HPCLAS_TRAIN_N_001675	0	HPCLAS_TRAIN_N_001675	0	A_clean_core	-4.3795267928560975	0.012376197429491302	0
layer36_mean_max_std	catboost	HPCLAS_TRAIN_N_001676	0	HPCLAS_TRAIN_N_001676	0	A_clean_core	-3.891742088858156	0.02000153295889559	0
layer36_mean_max_std	catboost	HPCLAS_TRAIN_N_001686	0	HPCLAS_TRAIN_N_001686	0	A_clean_core	-2.5358730259300253	0.07338129955039169	0
layer36_mean_max_std	catboost	HPCLAS_TRAIN_N_001687	0	HPCLAS_TRAIN_N_001687	0	A_clean_core	-3.3097583339820953	0.035237934014816855	0
layer36_mean_max_std	catboost	HPCLAS_TRAIN_N_001692	0	HPCLAS_TRAIN_N_001692	0	A_clean_core	-4.618231172884986	0.009773769927776892	0
layer36_mean_max_std	catboost	HPCLAS_TRAIN_N_001700	0	HPCLAS_TRAIN_N_001700	0	D_hard_sample	-2.8278388077873404	0.055838227361770784	0
layer36_mean_max_std	catboost	HPCLAS_TRAIN_N_001703	0	HPCLAS_TRAIN_N_001703	0	A_clean_core	-4.3032407291017805	0.01334418265311026	0
layer36_mean_max_std	catboost	HPCLAS_TRAIN_N_001705	0	HPCLAS_TRAIN_N_001705	0	A_clean_core	-2.4093328851611537	0.08246378031718399	0
layer36_mean_max_std	catboost	HPCLAS_TRAIN_N_001710	0	HPCLAS_TRAIN_N_001710	0	D_hard_sample	-4.343579557804353	0.012823371703753368	0
layer36_mean_max_std	catboost	HPCLAS_TRAIN_N_001711	0	HPCLAS_TRAIN_N_001711	0	A_clean_core	-1.8932133398637625	0.13087852042938547	0
layer36_mean_max_std	catboost	HPCLAS_TRAIN_N_001716	0	HPCLAS_TRAIN_N_001716	0	A_clean_core	-3.519820924690042	0.028753496492891717	0
layer36_mean_max_std	catboost	HPCLAS_TRAIN_N_001717	0	HPCLAS_TRAIN_N_001717	0	D_hard_sample	-3.507036835328423	0.02911267329586615	0
layer36_mean_max_std	catboost	HPCLAS_TRAIN_N_001718	0	HPCLAS_TRAIN_N_001718	0	A_clean_core	-1.8424823061675673	0.13675797901576853	0
layer36_mean_max_std	catboost	HPCLAS_TRAIN_N_001720	0	HPCLAS_TRAIN_N_001720	0	A_clean_core	-3.127237322966083	0.0419976195708253	0
layer36_mean_max_std	catboost	HPCLAS_TRAIN_N_001725	0	HPCLAS_TRAIN_N_001725	0	A_clean_core	-6.424486937039817	0.001618740358013673	0
layer36_mean_max_std	catboost	HPCLAS_TRAIN_N_001726	0	HPCLAS_TRAIN_N_001726	0	A_clean_core	-4.815164405024808	0.008040712196302462	0
layer36_mean_max_std	catboost	HPCLAS_TRAIN_N_001727	0	HPCLAS_TRAIN_N_001727	0	A_clean_core	-5.960321131922644	0.0025724490517542165	0
layer36_mean_max_std	catboost	HPCLAS_TRAIN_N_001737	0	HPCLAS_TRAIN_P_005574	0	B_ambiguous	-2.6750170824261064	0.06446373562019687	0
layer36_mean_max_std	catboost	HPCLAS_TRAIN_N_001739	0	HPCLAS_TRAIN_N_001739	0	A_clean_core	-5.711358060269415	0.003297268841126985	0
layer36_mean_max_std	catboost	HPCLAS_TRAIN_N_001744	0	HPCLAS_TRAIN_N_001744	0	A_clean_core	-0.903456482691706	0.28834070736483197	0
layer36_mean_max_std	catboost	HPCLAS_TRAIN_N_001748	0	HPCLAS_TRAIN_N_001748	0	A_clean_core	-4.41623020931188	0.01193550727869676	0
layer36_mean_max_std	catboost	HPCLAS_TRAIN_N_001750	0	HPCLAS_TRAIN_N_001750	0	A_clean_core	-6.226810871025524	0.0019718468963738204	0
layer36_mean_max_std	catboost	HPCLAS_TRAIN_N_001753	0	HPCLAS_TRAIN_N_001753	0	A_clean_core	-4.340779217744214	0.01285886942544158	0
layer36_mean_max_std	catboost	HPCLAS_TRAIN_N_001768	0	HPCLAS_TRAIN_N_001768	0	A_clean_core	-3.6116106928211056	0.026298044005108805	0
layer36_mean_max_std	catboost	HPCLAS_TRAIN_N_001769	0	HPCLAS_TRAIN_N_001769	0	D_hard_sample	0.2768580893277674	0.5687757749635999	1
layer36_mean_max_std	catboost	HPCLAS_TRAIN_N_001786	0	HPCLAS_TRAIN_N_001786	0	A_clean_core	-6.369457759518975	0.001710158228029443	0
layer36_mean_max_std	catboost	HPCLAS_TRAIN_N_001792	0	HPCLAS_TRAIN_N_001792	0	A_clean_core	-4.088836716644289	0.0164824919369879	0
layer36_mean_max_std	catboost	HPCLAS_TRAIN_N_001835	0	HPCLAS_TRAIN_N_001835	0	A_clean_core	-4.624927744871982	0.009709171182923247	0
layer36_mean_max_std	catboost	HPCLAS_TRAIN_N_001844	0	HPCLAS_TRAIN_N_001844	0	A_clean_core	-2.1977761095361306	0.09995037305161	0
layer36_mean_max_std	catboost	HPCLAS_TRAIN_N_001850	0	HPCLAS_TRAIN_N_001850	0	A_clean_core	-0.7612093441290858	0.3183837621156751	0
layer36_mean_max_std	catboost	HPCLAS_TRAIN_N_001854	0	HPCLAS_TRAIN_N_001854	0	A_clean_core	0.14203284504311556	0.5354486382007139	1
layer36_mean_max_std	catboost	HPCLAS_TRAIN_N_001858	0	HPCLAS_TRAIN_N_001858	0	A_clean_core	-5.5008571148655765	0.004066664815772074	0
layer36_mean_max_std	catboost	HPCLAS_TRAIN_N_001859	0	HPCLAS_TRAIN_N_001859	0	A_clean_core	-4.523803787155766	0.010731273366245188	0
layer36_mean_max_std	catboost	HPCLAS_TRAIN_N_001876	0	HPCLAS_TRAIN_N_001876	0	A_clean_core	-3.282350243270117	0.03618166798518699	0
layer36_mean_max_std	catboost	HPCLAS_TRAIN_N_001882	0	HPCLAS_TRAIN_N_001882	0	A_clean_core	-2.6184267717544545	0.06796187896305986	0
layer36_mean_max_std	catboost	HPCLAS_TRAIN_N_001884	0	HPCLAS_TRAIN_N_001884	0	A_clean_core	-2.837186765458832	0.055347441364582826	0
layer36_mean_max_std	catboost	HPCLAS_TRAIN_N_001886	0	HPCLAS_TRAIN_N_001886	0	A_clean_core	-3.0273255880237273	0.04620654945433695	0
layer36_mean_max_std	catboost	HPCLAS_TRAIN_N_001891	0	HPCLAS_TRAIN_N_001891	0	D_hard_sample	-1.2305730880323449	0.2260811376614463	0
layer36_mean_max_std	catboost	HPCLAS_TRAIN_N_001895	0	HPCLAS_TRAIN_N_001895	0	A_clean_core	-4.989350987599776	0.006764019354071768	0
layer36_mean_max_std	catboost	HPCLAS_TRAIN_N_001896	0	HPCLAS_TRAIN_N_001896	0	D_hard_sample	-2.0171722088500856	0.11741170724310004	0
layer36_mean_max_std	catboost	HPCLAS_TRAIN_N_001898	0	HPCLAS_TRAIN_N_001898	0	D_hard_sample	-3.501898318846843	0.02925826607435478	0
layer36_mean_max_std	catboost	HPCLAS_TRAIN_N_001901	0	HPCLAS_TRAIN_N_001901	0	D_hard_sample	-0.2876276540282441	0.428584755584094	0
layer36_mean_max_std	catboost	HPCLAS_TRAIN_N_001908	0	HPCLAS_TRAIN_N_001908	0	A_clean_core	-1.2288033192354468	0.22639094148051303	0
layer36_mean_max_std	catboost	HPCLAS_TRAIN_N_001916	0	HPCLAS_TRAIN_N_001916	0	D_hard_sample	-2.8095422716550633	0.05681070240463734	0
layer36_mean_max_std	catboost	HPCLAS_TRAIN_N_001918	0	HPCLAS_TRAIN_N_001918	0	D_hard_sample	0.10397837264133564	0.5259711984036419	1
layer36_mean_max_std	catboost	HPCLAS_TRAIN_N_001919	0	HPCLAS_TRAIN_N_001919	0	A_clean_core	-3.598173785561514	0.026644314423735556	0
layer36_mean_max_std	catboost	HPCLAS_TRAIN_N_001920	0	HPCLAS_TRAIN_N_001920	0	A_clean_core	-4.281300575202394	0.013636155017589068	0
layer36_mean_max_std	catboost	HPCLAS_TRAIN_N_001931	0	HPCLAS_TRAIN_N_001931	0	D_hard_sample	-0.7710079788356802	0.31626110054602147	0
layer36_mean_max_std	catboost	HPCLAS_TRAIN_N_001937	0	HPCLAS_TRAIN_N_001937	0	D_hard_sample	-0.6627613882668669	0.3401195770512113	0
layer36_mean_max_std	catboost	HPCLAS_TRAIN_N_001941	0	HPCLAS_TRAIN_N_001941	0	A_clean_core	-4.127196010293414	0.01587205324983428	0
layer36_mean_max_std	catboost	HPCLAS_TRAIN_N_001944	0	HPCLAS_TRAIN_N_001944	0	D_hard_sample	-1.6895782506876902	0.15583131231341632	0
layer36_mean_max_std	catboost	HPCLAS_TRAIN_N_001960	0	HPCLAS_TRAIN_N_001960	0	A_clean_core	-2.5200892920798155	0.07446179116914349	0
layer36_mean_max_std	catboost	HPCLAS_TRAIN_N_001965	0	HPCLAS_TRAIN_N_001965	0	A_clean_core	-3.6820850218879495	0.02455244338596796	0
layer36_mean_max_std	catboost	HPCLAS_TRAIN_N_001969	0	HPCLAS_TRAIN_N_001969	0	A_clean_core	-4.059180194540327	0.01697020626964297	0
layer36_mean_max_std	catboost	HPCLAS_TRAIN_N_001970	0	HPCLAS_TRAIN_N_001970	0	A_clean_core	-7.479070735909339	0.0005644632047697818	0
layer36_mean_max_std	catboost	HPCLAS_TRAIN_N_001976	0	HPCLAS_TRAIN_N_001976	0	A_clean_core	-5.116440871052086	0.005961576682328795	0
layer36_mean_max_std	catboost	HPCLAS_TRAIN_N_001977	0	HPCLAS_TRAIN_N_001977	0	B_ambiguous	-0.7133716853770782	0.32885424947751624	0
layer36_mean_max_std	catboost	HPCLAS_TRAIN_N_001988	0	HPCLAS_TRAIN_N_001988	0	A_clean_core	-4.625644776704869	0.009702279414399571	0
layer36_mean_max_std	catboost	HPCLAS_TRAIN_N_002010	0	HPCLAS_TRAIN_N_002010	0	A_clean_core	-6.487908042587513	0.0015194169321223613	0
layer36_mean_max_std	catboost	HPCLAS_TRAIN_N_002013	0	HPCLAS_TRAIN_N_002013	0	A_clean_core	-2.9555037866371427	0.04947703092915805	0
layer36_mean_max_std	catboost	HPCLAS_TRAIN_N_002022	0	HPCLAS_TRAIN_N_002022	0	A_clean_core	-4.3308519139765	0.012985493155661986	0
layer36_mean_max_std	catboost	HPCLAS_TRAIN_N_002025	0	HPCLAS_TRAIN_N_002025	0	D_hard_sample	0.34158228221482956	0.5845748269283837	1
layer36_mean_max_std	catboost	HPCLAS_TRAIN_N_002040	0	HPCLAS_TRAIN_N_002040	0	A_clean_core	-7.401908413161357	0.0006097153710758856	0
layer36_mean_max_std	catboost	HPCLAS_TRAIN_N_002049	0	HPCLAS_TRAIN_N_002049	0	D_hard_sample	0.9319194935668046	0.7174645468090518	1
layer36_mean_max_std	catboost	HPCLAS_TRAIN_N_002056	0	HPCLAS_TRAIN_N_002056	0	A_clean_core	-1.8714595101689968	0.13337293535337597	0
layer36_mean_max_std	catboost	HPCLAS_TRAIN_N_002060	0	HPCLAS_TRAIN_N_002060	0	D_hard_sample	2.441859416972836	0.9199641039352343	1
layer36_mean_max_std	catboost	HPCLAS_TRAIN_N_002069	0	HPCLAS_TRAIN_N_002069	0	A_clean_core	-2.469222542682204	0.07804415737497927	0
layer36_mean_max_std	catboost	HPCLAS_TRAIN_N_002071	0	HPCLAS_TRAIN_N_002071	0	A_clean_core	-5.571397630733395	0.00379073416358558	0
layer36_mean_max_std	catboost	HPCLAS_TRAIN_N_002075	0	HPCLAS_TRAIN_N_002075	0	D_hard_sample	-0.5921026480742436	0.35615255476607854	0
layer36_mean_max_std	catboost	HPCLAS_TRAIN_N_002079	0	HPCLAS_TRAIN_N_002079	0	A_clean_core	-3.341526110469687	0.03417375120948046	0
layer36_mean_max_std	catboost	HPCLAS_TRAIN_N_002080	0	HPCLAS_TRAIN_N_002080	0	D_hard_sample	-2.8613696402110107	0.054096572990598724	0
layer36_mean_max_std	catboost	HPCLAS_TRAIN_N_002081	0	HPCLAS_TRAIN_N_002081	0	A_clean_core	-5.5798083204391	0.0037591045251315937	0
layer36_mean_max_std	catboost	HPCLAS_TRAIN_N_002084	0	HPCLAS_TRAIN_N_002084	0	D_hard_sample	-0.3735585493095004	0.4076814312669145	0
layer36_mean_max_std	catboost	HPCLAS_TRAIN_N_002090	0	HPCLAS_TRAIN_N_002090	0	A_clean_core	-4.8255564280645435	0.007958247146687653	0
layer36_mean_max_std	catboost	HPCLAS_TRAIN_N_002099	0	HPCLAS_TRAIN_N_002099	0	A_clean_core	-5.69550496664409	0.003349780791991183	0
layer36_mean_max_std	catboost	HPCLAS_TRAIN_N_002108	0	HPCLAS_TRAIN_N_002108	0	D_hard_sample	-0.23572259681197028	0.44134071720613954	0
layer36_mean_max_std	catboost	HPCLAS_TRAIN_N_002109	0	HPCLAS_TRAIN_N_002109	0	A_clean_core	-2.067910080104036	0.11225513856141418	0
layer36_mean_max_std	catboost	HPCLAS_TRAIN_N_002114	0	HPCLAS_TRAIN_N_002114	0	A_clean_core	-3.4035393194410095	0.0321850351475575	0
layer36_mean_max_std	catboost	HPCLAS_TRAIN_N_002118	0	HPCLAS_TRAIN_N_002118	0	A_clean_core	-5.8703713345639805	0.002813885006277817	0
layer36_mean_max_std	catboost	HPCLAS_TRAIN_N_002120	0	HPCLAS_TRAIN_N_002120	0	A_clean_core	-5.0040365323542435	0.006666069193932312	0
layer36_mean_max_std	catboost	HPCLAS_TRAIN_N_002124	0	HPCLAS_TRAIN_N_002124	0	D_hard_sample	-3.8477752634011115	0.020881782438955984	0
layer36_mean_max_std	catboost	HPCLAS_TRAIN_N_002126	0	HPCLAS_TRAIN_N_002126	0	A_clean_core	-2.5712114510981	0.07101434152824035	0
layer36_mean_max_std	catboost	HPCLAS_TRAIN_N_002144	0	HPCLAS_TRAIN_N_002144	0	A_clean_core	-3.5569500516541046	0.027734546867731167	0
layer36_mean_max_std	catboost	HPCLAS_TRAIN_N_002148	0	HPCLAS_TRAIN_N_002148	0	D_hard_sample	-1.7863827714848315	0.14351677908620028	0
layer36_mean_max_std	catboost	HPCLAS_TRAIN_N_002150	0	HPCLAS_TRAIN_N_002150	0	D_hard_sample	-4.001636646689909	0.017957325145715505	0
layer36_mean_max_std	catboost	HPCLAS_TRAIN_N_002152	0	HPCLAS_TRAIN_N_002152	0	D_hard_sample	4.395082660572786	0.9878125071570037	1
layer36_mean_max_std	catboost	HPCLAS_TRAIN_N_002154	0	HPCLAS_TRAIN_N_002154	0	A_clean_core	-3.8168183279422325	0.0215241967001486	0
layer36_mean_max_std	catboost	HPCLAS_TRAIN_N_002160	0	HPCLAS_TRAIN_N_002160	0	A_clean_core	-6.2071095629682125	0.0020110011649336723	0
layer36_mean_max_std	catboost	HPCLAS_TRAIN_N_002165	0	HPCLAS_TRAIN_N_002165	0	D_hard_sample	-1.1581832962805987	0.23899754639719442	0
layer36_mean_max_std	catboost	HPCLAS_TRAIN_N_002168	0	HPCLAS_TRAIN_N_002168	0	A_clean_core	-5.1360675802414635	0.005846388691979859	0
layer36_mean_max_std	catboost	HPCLAS_TRAIN_N_002170	0	HPCLAS_TRAIN_N_002170	0	A_clean_core	-6.234070849858108	0.001957611092302883	0
layer36_mean_max_std	catboost	HPCLAS_TRAIN_N_002175	0	HPCLAS_TRAIN_N_002175	0	A_clean_core	-0.9691843577848979	0.2750431068527733	0
layer36_mean_max_std	catboost	HPCLAS_TRAIN_N_002193	0	HPCLAS_TRAIN_N_002193	0	A_clean_core	-4.202849247993167	0.014732616010619108	0
layer36_mean_max_std	catboost	HPCLAS_TRAIN_N_002204	0	HPCLAS_TRAIN_N_002204	0	D_hard_sample	-5.610841103286642	0.003644659183280741	0
layer36_mean_max_std	catboost	HPCLAS_TRAIN_N_002211	0	HPCLAS_TRAIN_N_002211	0	A_clean_core	-1.2110335722550982	0.22951822334499247	0
layer36_mean_max_std	catboost	HPCLAS_TRAIN_N_002213	0	HPCLAS_TRAIN_N_002213	0	A_clean_core	-2.563519510245067	0.07152346636840612	0
layer36_mean_max_std	catboost	HPCLAS_TRAIN_N_002227	0	HPCLAS_TRAIN_P_005090	0	B_ambiguous	1.3328768737586325	0.7913161052787119	1
layer36_mean_max_std	catboost	HPCLAS_TRAIN_N_002256	0	HPCLAS_TRAIN_P_004233	0	B_ambiguous	-2.4675593215937375	0.07816391558523511	0
layer36_mean_max_std	catboost	HPCLAS_TRAIN_N_002266	0	HPCLAS_TRAIN_N_002266	0	A_clean_core	-3.7221998743955664	0.023609812612605807	0
layer36_mean_max_std	catboost	HPCLAS_TRAIN_N_002273	0	HPCLAS_TRAIN_N_002273	0	A_clean_core	-4.957187533248334	0.0069835660412022275	0
layer36_mean_max_std	catboost	HPCLAS_TRAIN_N_002280	0	HPCLAS_TRAIN_N_002280	0	D_hard_sample	-1.6859510534374318	0.15630905842589646	0
layer36_mean_max_std	catboost	HPCLAS_TRAIN_N_002288	0	HPCLAS_TRAIN_N_002288	0	A_clean_core	-2.315503125455952	0.08984711187577807	0
layer36_mean_max_std	catboost	HPCLAS_TRAIN_N_002292	0	HPCLAS_TRAIN_N_002292	0	A_clean_core	-5.394827301321421	0.004519485898069949	0
layer36_mean_max_std	catboost	HPCLAS_TRAIN_N_002293	0	HPCLAS_TRAIN_N_002293	0	A_clean_core	-4.638789022614462	0.00957679807419906	0
layer36_mean_max_std	catboost	HPCLAS_TRAIN_N_002297	0	HPCLAS_TRAIN_N_002297	0	D_hard_sample	-5.7648601322894075	0.003126031220240246	0
layer36_mean_max_std	catboost	HPCLAS_TRAIN_N_002301	0	HPCLAS_TRAIN_N_002301	0	D_hard_sample	-0.6715664871316449	0.33814616691123484	0
layer36_mean_max_std	catboost	HPCLAS_TRAIN_N_002306	0	HPCLAS_TRAIN_N_002306	0	A_clean_core	-1.6016484629499328	0.16775134551649876	0
layer36_mean_max_std	catboost	HPCLAS_TRAIN_N_002307	0	HPCLAS_TRAIN_N_002307	0	A_clean_core	-4.952194990116805	0.007018273666031916	0
layer36_mean_max_std	catboost	HPCLAS_TRAIN_N_002316	0	HPCLAS_TRAIN_N_002316	0	B_ambiguous	-2.2091531770866664	0.09893153679981022	0
layer36_mean_max_std	catboost	HPCLAS_TRAIN_N_002324	0	HPCLAS_TRAIN_N_002324	0	D_hard_sample	-1.349408597641085	0.20596707566765682	0
layer36_mean_max_std	catboost	HPCLAS_TRAIN_N_002325	0	HPCLAS_TRAIN_N_002325	0	D_hard_sample	-0.6355308101143206	0.34625750339700856	0
layer36_mean_max_std	catboost	HPCLAS_TRAIN_N_002331	0	HPCLAS_TRAIN_N_002331	0	A_clean_core	-3.387356866803492	0.0326929388796353	0
layer36_mean_max_std	catboost	HPCLAS_TRAIN_N_002341	0	HPCLAS_TRAIN_N_002341	0	A_clean_core	-3.4620558276684084	0.03041135553533718	0
layer36_mean_max_std	catboost	HPCLAS_TRAIN_N_002348	0	HPCLAS_TRAIN_N_002348	0	A_clean_core	-4.491623388025128	0.011078338669278393	0
layer36_mean_max_std	catboost	HPCLAS_TRAIN_N_002366	0	HPCLAS_TRAIN_N_002366	0	A_clean_core	-1.4649712363644989	0.1877081648512037	0
layer36_mean_max_std	catboost	HPCLAS_TRAIN_N_002367	0	HPCLAS_TRAIN_N_002367	0	D_hard_sample	1.6259970375302695	0.835620534870258	1
layer36_mean_max_std	catboost	HPCLAS_TRAIN_N_002370	0	HPCLAS_TRAIN_N_002370	0	A_clean_core	-3.1663672218347663	0.0404511861362279	0
layer36_mean_max_std	catboost	HPCLAS_TRAIN_N_002376	0	HPCLAS_TRAIN_P_003810	0	B_ambiguous	-4.733161992009931	0.008721865628473538	0
layer36_mean_max_std	catboost	HPCLAS_TRAIN_N_002382	0	HPCLAS_TRAIN_N_002382	0	A_clean_core	-2.9916507183567083	0.0478044943177849	0
layer36_mean_max_std	catboost	HPCLAS_TRAIN_N_002384	0	HPCLAS_TRAIN_N_002384	0	A_clean_core	-2.9125876825453876	0.051534805328946096	0
layer36_mean_max_std	catboost	HPCLAS_TRAIN_N_002395	0	HPCLAS_TRAIN_N_002395	0	A_clean_core	-6.281020707633121	0.0018679934456127425	0
layer36_mean_max_std	catboost	HPCLAS_TRAIN_N_002416	0	HPCLAS_TRAIN_N_002416	0	A_clean_core	-2.6720171114242244	0.06464489492478945	0
layer36_mean_max_std	catboost	HPCLAS_TRAIN_N_002419	0	HPCLAS_TRAIN_N_002419	0	A_clean_core	-5.525841934373356	0.003966716758496562	0
layer36_mean_max_std	catboost	HPCLAS_TRAIN_N_002422	0	HPCLAS_TRAIN_N_002422	0	A_clean_core	-4.530045093138308	0.010665216885313434	0
layer36_mean_max_std	catboost	HPCLAS_TRAIN_N_002426	0	HPCLAS_TRAIN_N_002426	0	D_hard_sample	-2.112151013528843	0.10792140456084659	0
layer36_mean_max_std	catboost	HPCLAS_TRAIN_N_002432	0	HPCLAS_TRAIN_N_002432	0	A_clean_core	-3.2566450382910914	0.03708884000501759	0
layer36_mean_max_std	catboost	HPCLAS_TRAIN_N_002433	0	HPCLAS_TRAIN_N_002433	0	A_clean_core	-4.840620019687843	0.007840198592767713	0
layer36_mean_max_std	catboost	HPCLAS_TRAIN_N_002435	0	HPCLAS_TRAIN_N_002435	0	D_hard_sample	-4.4260096176889565	0.01182072697657878	0
layer36_mean_max_std	catboost	HPCLAS_TRAIN_N_002448	0	HPCLAS_TRAIN_N_002448	0	A_clean_core	-6.599501256119378	0.0013591967517736403	0
layer36_mean_max_std	catboost	HPCLAS_TRAIN_N_002463	0	HPCLAS_TRAIN_N_002463	0	A_clean_core	-1.8615475244925102	0.13452277732227091	0
layer36_mean_max_std	catboost	HPCLAS_TRAIN_N_002465	0	HPCLAS_TRAIN_N_002465	0	D_hard_sample	-0.13075441811535454	0.46735788830602076	0
layer36_mean_max_std	catboost	HPCLAS_TRAIN_N_002466	0	HPCLAS_TRAIN_N_002466	0	A_clean_core	-1.7975339683426264	0.14215151851762556	0
layer36_mean_max_std	catboost	HPCLAS_TRAIN_N_002467	0	HPCLAS_TRAIN_P_002428	0	B_ambiguous	-4.498581759892184	0.011002364246296512	0
layer36_mean_max_std	catboost	HPCLAS_TRAIN_N_002478	0	HPCLAS_TRAIN_N_002478	0	A_clean_core	-5.793766840719142	0.0030372320308609583	0
layer36_mean_max_std	catboost	HPCLAS_TRAIN_N_002484	0	HPCLAS_TRAIN_N_002484	0	D_hard_sample	-0.4471351607263873	0.3900421227560659	0
layer36_mean_max_std	catboost	HPCLAS_TRAIN_N_002487	0	HPCLAS_TRAIN_N_002487	0	A_clean_core	-4.054783054504589	0.01704371633314856	0
layer36_mean_max_std	catboost	HPCLAS_TRAIN_N_002506	0	HPCLAS_TRAIN_N_002506	0	B_ambiguous	-3.193975371016153	0.03939307075382804	0
layer36_mean_max_std	catboost	HPCLAS_TRAIN_N_002527	0	HPCLAS_TRAIN_N_002527	0	A_clean_core	-2.077969435260393	0.11125658759467635	0
layer36_mean_max_std	catboost	HPCLAS_TRAIN_N_002530	0	HPCLAS_TRAIN_N_002530	0	A_clean_core	-3.7892342382676745	0.022112874846905817	0
layer36_mean_max_std	catboost	HPCLAS_TRAIN_N_002533	0	HPCLAS_TRAIN_N_002533	0	A_clean_core	-5.973145740530538	0.0025397522972627536	0
layer36_mean_max_std	catboost	HPCLAS_TRAIN_N_002559	0	HPCLAS_TRAIN_N_002559	0	A_clean_core	-3.044995356476216	0.04543403066276641	0
layer36_mean_max_std	catboost	HPCLAS_TRAIN_N_002561	0	HPCLAS_TRAIN_N_002561	0	A_clean_core	-1.787269330859323	0.14340783789944087	0
layer36_mean_max_std	catboost	HPCLAS_TRAIN_N_002568	0	HPCLAS_TRAIN_N_002568	0	A_clean_core	-4.051742447772132	0.017094731186192553	0
layer36_mean_max_std	catboost	HPCLAS_TRAIN_N_002570	0	HPCLAS_TRAIN_N_002570	0	D_hard_sample	-1.2731320501957546	0.21872156820839656	0
layer36_mean_max_std	catboost	HPCLAS_TRAIN_N_002575	0	HPCLAS_TRAIN_N_002575	0	A_clean_core	-4.377903398896297	0.012396055933704757	0
layer36_mean_max_std	catboost	HPCLAS_TRAIN_N_002577	0	HPCLAS_TRAIN_N_002577	0	A_clean_core	-6.697929748643897	0.0012319432830783321	0
layer36_mean_max_std	catboost	HPCLAS_TRAIN_N_002586	0	HPCLAS_TRAIN_N_002586	0	A_clean_core	-3.72158067221159	0.023624090913827445	0
layer36_mean_max_std	catboost	HPCLAS_TRAIN_N_002589	0	HPCLAS_TRAIN_N_002589	0	A_clean_core	-2.282814466934958	0.09255629585901894	0
layer36_mean_max_std	catboost	HPCLAS_TRAIN_N_002590	0	HPCLAS_TRAIN_N_002590	0	D_hard_sample	-0.904296406343039	0.2881683853879042	0
layer36_mean_max_std	catboost	HPCLAS_TRAIN_N_002599	0	HPCLAS_TRAIN_N_002599	0	A_clean_core	-3.0575456626502526	0.0448928213228406	0
layer36_mean_max_std	catboost	HPCLAS_TRAIN_N_002607	0	HPCLAS_TRAIN_N_002607	0	A_clean_core	-7.4250381124651925	0.0005957829869854594	0
layer36_mean_max_std	catboost	HPCLAS_TRAIN_N_002621	0	HPCLAS_TRAIN_N_002621	0	A_clean_core	-6.500190876867371	0.001500896173142952	0
layer36_mean_max_std	catboost	HPCLAS_TRAIN_N_002622	0	HPCLAS_TRAIN_N_002622	0	A_clean_core	-3.6160213751715857	0.026185337723118828	0
layer36_mean_max_std	catboost	HPCLAS_TRAIN_N_002645	0	HPCLAS_TRAIN_N_002645	0	A_clean_core	-2.693966971809192	0.06333029126049917	0
layer36_mean_max_std	catboost	HPCLAS_TRAIN_N_002649	0	HPCLAS_TRAIN_N_002649	0	D_hard_sample	-2.3036602876574386	0.09082027092223827	0
layer36_mean_max_std	catboost	HPCLAS_TRAIN_N_002656	0	HPCLAS_TRAIN_N_002656	0	A_clean_core	-3.3842906294638557	0.03279004497322335	0
layer36_mean_max_std	catboost	HPCLAS_TRAIN_N_002661	0	HPCLAS_TRAIN_N_002661	0	A_clean_core	-4.541109696921392	0.010549098931617335	0
layer36_mean_max_std	catboost	HPCLAS_TRAIN_N_002665	0	HPCLAS_TRAIN_N_002665	0	A_clean_core	-6.124177600793245	0.002184508325004767	0
layer36_mean_max_std	catboost	HPCLAS_TRAIN_N_002667	0	HPCLAS_TRAIN_N_002667	0	A_clean_core	-5.33464862295653	0.004798467704465096	0
layer36_mean_max_std	catboost	HPCLAS_TRAIN_N_002676	0	HPCLAS_TRAIN_N_002676	0	D_hard_sample	-1.5439975596487343	0.17595489848801465	0
layer36_mean_max_std	catboost	HPCLAS_TRAIN_N_002682	0	HPCLAS_TRAIN_N_002682	0	A_clean_core	-2.4603791010457083	0.07868285104080243	0
layer36_mean_max_std	catboost	HPCLAS_TRAIN_N_002686	0	HPCLAS_TRAIN_N_002686	0	D_hard_sample	1.4464310613321987	0.8094485630840523	1
layer36_mean_max_std	catboost	HPCLAS_TRAIN_N_002687	0	HPCLAS_TRAIN_N_002687	0	A_clean_core	-5.966935892206269	0.0025555324146485183	0
layer36_mean_max_std	catboost	HPCLAS_TRAIN_N_002692	0	HPCLAS_TRAIN_N_002692	0	A_clean_core	-2.843316144920647	0.05502784430754833	0
layer36_mean_max_std	catboost	HPCLAS_TRAIN_N_002701	0	HPCLAS_TRAIN_N_002701	0	A_clean_core	-4.569180806612778	0.010260087696825662	0
layer36_mean_max_std	catboost	HPCLAS_TRAIN_N_002712	0	HPCLAS_TRAIN_N_002712	0	A_clean_core	-0.1692260897508917	0.4577941519115715	0
layer36_mean_max_std	catboost	HPCLAS_TRAIN_N_002715	0	HPCLAS_TRAIN_N_002715	0	D_hard_sample	0.5322429061058446	0.6300060821081439	1
layer36_mean_max_std	catboost	HPCLAS_TRAIN_N_002717	0	HPCLAS_TRAIN_N_002717	0	D_hard_sample	-1.500964730944038	0.18228168168948064	0
layer36_mean_max_std	catboost	HPCLAS_TRAIN_N_002723	0	HPCLAS_TRAIN_N_002723	0	D_hard_sample	-1.2857202456969559	0.21657808452418192	0
layer36_mean_max_std	catboost	HPCLAS_TRAIN_N_002725	0	HPCLAS_TRAIN_N_002725	0	A_clean_core	-3.201514978500381	0.039108751261669815	0
layer36_mean_max_std	catboost	HPCLAS_TRAIN_N_002741	0	HPCLAS_TRAIN_N_002741	0	A_clean_core	-2.6993512560983945	0.06301164780568931	0
layer36_mean_max_std	catboost	HPCLAS_TRAIN_N_002750	0	HPCLAS_TRAIN_N_002750	0	A_clean_core	-5.747362527999751	0.003181035095760071	0
layer36_mean_max_std	catboost	HPCLAS_TRAIN_N_002757	0	HPCLAS_TRAIN_N_002757	0	A_clean_core	-2.453752678065267	0.07916455584094917	0
layer36_mean_max_std	catboost	HPCLAS_TRAIN_N_002760	0	HPCLAS_TRAIN_N_002760	0	A_clean_core	-1.1739409823835312	0.23614337208030994	0
layer36_mean_max_std	catboost	HPCLAS_TRAIN_N_002763	0	HPCLAS_TRAIN_N_002763	0	A_clean_core	-1.634459886080897	0.16322031718221683	0
layer36_mean_max_std	catboost	HPCLAS_TRAIN_N_002765	0	HPCLAS_TRAIN_N_002765	0	A_clean_core	-6.264064244653162	0.001899877385015808	0
layer36_mean_max_std	catboost	HPCLAS_TRAIN_N_002772	0	HPCLAS_TRAIN_N_002772	0	D_hard_sample	-2.902484235785906	0.05203089497567823	0
layer36_mean_max_std	catboost	HPCLAS_TRAIN_N_002780	0	HPCLAS_TRAIN_N_002780	0	A_clean_core	-0.7082459090950889	0.329986545945362	0
layer36_mean_max_std	catboost	HPCLAS_TRAIN_N_002783	0	HPCLAS_TRAIN_N_002783	0	A_clean_core	-7.359865862045049	0.000635879203984068	0
layer36_mean_max_std	catboost	HPCLAS_TRAIN_N_002791	0	HPCLAS_TRAIN_N_002791	0	A_clean_core	-5.713182780091186	0.003291277519492313	0
layer36_mean_max_std	catboost	HPCLAS_TRAIN_N_002805	0	HPCLAS_TRAIN_N_002805	0	A_clean_core	-1.5898944223777023	0.16939875148412367	0
layer36_mean_max_std	catboost	HPCLAS_TRAIN_N_002814	0	HPCLAS_TRAIN_N_002814	0	A_clean_core	-1.8628738241494687	0.13436843586519948	0
layer36_mean_max_std	catboost	HPCLAS_TRAIN_N_002819	0	HPCLAS_TRAIN_N_002819	0	A_clean_core	-3.8937035136045917	0.019963122322551683	0
layer36_mean_max_std	catboost	HPCLAS_TRAIN_N_002827	0	HPCLAS_TRAIN_N_002827	0	A_clean_core	-3.756949995855358	0.02282186278047364	0
layer36_mean_max_std	catboost	HPCLAS_TRAIN_N_002838	0	HPCLAS_TRAIN_N_002838	0	A_clean_core	-2.5049701612430373	0.07551048691759073	0
layer36_mean_max_std	catboost	HPCLAS_TRAIN_N_002840	0	HPCLAS_TRAIN_N_002840	0	A_clean_core	-4.695337653136004	0.00905503848371967	0
layer36_mean_max_std	catboost	HPCLAS_TRAIN_N_002842	0	HPCLAS_TRAIN_N_002842	0	A_clean_core	-3.778872658614463	0.02233804551899602	0
layer36_mean_max_std	catboost	HPCLAS_TRAIN_N_002846	0	HPCLAS_TRAIN_N_002846	0	A_clean_core	-5.846370850529691	0.0028820395707986443	0
layer36_mean_max_std	catboost	HPCLAS_TRAIN_N_002850	0	HPCLAS_TRAIN_N_002850	0	A_clean_core	-0.9323351462249164	0.282451204201703	0
layer36_mean_max_std	catboost	HPCLAS_TRAIN_N_002853	0	HPCLAS_TRAIN_N_002853	0	A_clean_core	-2.527470807565146	0.07395467276860812	0
layer36_mean_max_std	catboost	HPCLAS_TRAIN_N_002854	0	HPCLAS_TRAIN_N_002854	0	B_ambiguous	-2.7086755707966566	0.062463367268347496	0
layer36_mean_max_std	catboost	HPCLAS_TRAIN_N_002865	0	HPCLAS_TRAIN_N_002865	0	D_hard_sample	1.0593197955846911	0.7425605358983514	1
layer36_mean_max_std	catboost	HPCLAS_TRAIN_N_002874	0	HPCLAS_TRAIN_N_002874	0	A_clean_core	-5.045988956270039	0.006393947541897417	0
layer36_mean_max_std	catboost	HPCLAS_TRAIN_N_002888	0	HPCLAS_TRAIN_N_002888	0	A_clean_core	-5.520133750780012	0.0039893336658604565	0
layer36_mean_max_std	catboost	HPCLAS_TRAIN_N_002898	0	HPCLAS_TRAIN_N_002898	0	A_clean_core	-4.76808469457026	0.008425053610046605	0
layer36_mean_max_std	catboost	HPCLAS_TRAIN_N_002907	0	HPCLAS_TRAIN_N_002907	0	D_hard_sample	-0.7626605908998803	0.31806890205385774	0
layer36_mean_max_std	catboost	HPCLAS_TRAIN_N_002912	0	HPCLAS_TRAIN_N_002912	0	D_hard_sample	-2.263990212940483	0.09414951057833283	0
layer36_mean_max_std	catboost	HPCLAS_TRAIN_N_002917	0	HPCLAS_TRAIN_N_002917	0	A_clean_core	-6.2839623433457055	0.0018625167829529183	0
layer36_mean_max_std	catboost	HPCLAS_TRAIN_N_002925	0	HPCLAS_TRAIN_N_002925	0	A_clean_core	-5.750460342808507	0.0031712272874541915	0
layer36_mean_max_std	catboost	HPCLAS_TRAIN_N_002926	0	HPCLAS_TRAIN_P_007044	0	B_ambiguous	-2.679264960010179	0.06420802740045614	0
layer36_mean_max_std	catboost	HPCLAS_TRAIN_N_002936	0	HPCLAS_TRAIN_N_002936	0	A_clean_core	-4.4026889753534935	0.01209625969626699	0
layer36_mean_max_std	catboost	HPCLAS_TRAIN_N_002942	0	HPCLAS_TRAIN_P_002419	0	B_ambiguous	-4.94811521944854	0.007046762918779984	0
layer36_mean_max_std	catboost	HPCLAS_TRAIN_N_002950	0	HPCLAS_TRAIN_N_002950	0	A_clean_core	-5.220155118501404	0.00537741745875519	0
layer36_mean_max_std	catboost	HPCLAS_TRAIN_N_002952	0	HPCLAS_TRAIN_N_002952	0	A_clean_core	-5.209602451985553	0.005434154019397088	0
layer36_mean_max_std	catboost	HPCLAS_TRAIN_N_002960	0	HPCLAS_TRAIN_N_002960	0	D_hard_sample	-0.03541060312193697	0.491148274139751	0
layer36_mean_max_std	catboost	HPCLAS_TRAIN_N_002962	0	HPCLAS_TRAIN_N_002962	0	D_hard_sample	-1.4066440492968637	0.1967639175460268	0
layer36_mean_max_std	catboost	HPCLAS_TRAIN_N_002964	0	HPCLAS_TRAIN_N_002964	0	A_clean_core	-3.5804195318525522	0.027108650369150594	0
layer36_mean_max_std	catboost	HPCLAS_TRAIN_N_002975	0	HPCLAS_TRAIN_N_002975	0	A_clean_core	-3.3710132581210672	0.03321375711638677	0
layer36_mean_max_std	catboost	HPCLAS_TRAIN_N_002985	0	HPCLAS_TRAIN_P_000260	0	B_ambiguous	-1.3923797834139982	0.19902810974101862	0
layer36_mean_max_std	catboost	HPCLAS_TRAIN_N_002988	0	HPCLAS_TRAIN_N_002988	0	A_clean_core	-5.139181847936241	0.005828315746571011	0
layer36_mean_max_std	catboost	HPCLAS_TRAIN_N_002992	0	HPCLAS_TRAIN_N_002992	0	A_clean_core	-5.653064604147031	0.003494499132468558	0
layer36_mean_max_std	catboost	HPCLAS_TRAIN_N_002996	0	HPCLAS_TRAIN_N_002996	0	A_clean_core	-4.869559058866411	0.007618266016248246	0
layer36_mean_max_std	catboost	HPCLAS_TRAIN_N_003002	0	HPCLAS_TRAIN_N_003002	0	A_clean_core	-3.221881172470692	0.03835054798620985	0
layer36_mean_max_std	catboost	HPCLAS_TRAIN_N_003006	0	HPCLAS_TRAIN_N_003006	0	A_clean_core	-7.90628570454436	0.00036828478118400043	0
layer36_mean_max_std	catboost	HPCLAS_TRAIN_N_003010	0	HPCLAS_TRAIN_N_003010	0	A_clean_core	-2.601799005700218	0.06902272910235216	0
layer36_mean_max_std	catboost	HPCLAS_TRAIN_N_003014	0	HPCLAS_TRAIN_N_003014	0	D_hard_sample	0.6652272184712299	0.6604336311895311	1
layer36_mean_max_std	catboost	HPCLAS_TRAIN_N_003021	0	HPCLAS_TRAIN_N_003021	0	A_clean_core	-1.5850710500308562	0.17007849616040172	0
layer36_mean_max_std	catboost	HPCLAS_TRAIN_N_003028	0	HPCLAS_TRAIN_N_003028	0	A_clean_core	-5.29375459132965	0.0049977629092305695	0
layer36_mean_max_std	catboost	HPCLAS_TRAIN_N_003031	0	HPCLAS_TRAIN_N_003031	0	D_hard_sample	-3.3281403116786894	0.03461832712078105	0
layer36_mean_max_std	catboost	HPCLAS_TRAIN_N_003037	0	HPCLAS_TRAIN_N_003037	0	D_hard_sample	-1.937241076608903	0.12595126631503029	0
layer36_mean_max_std	catboost	HPCLAS_TRAIN_N_003040	0	HPCLAS_TRAIN_N_003040	0	A_clean_core	-4.963996153554958	0.006936507794490525	0
layer36_mean_max_std	catboost	HPCLAS_TRAIN_N_003041	0	HPCLAS_TRAIN_N_003041	0	A_clean_core	-3.786138691028171	0.02217991175292777	0
layer36_mean_max_std	catboost	HPCLAS_TRAIN_N_003046	0	HPCLAS_TRAIN_N_003046	0	A_clean_core	-3.8222700785501655	0.021409676906976306	0
layer36_mean_max_std	catboost	HPCLAS_TRAIN_N_003053	0	HPCLAS_TRAIN_N_003053	0	A_clean_core	-2.9477125525571877	0.04984473412600069	0
layer36_mean_max_std	catboost	HPCLAS_TRAIN_N_003067	0	HPCLAS_TRAIN_N_003067	0	A_clean_core	-4.355576656169372	0.012672385522038379	0
layer36_mean_max_std	catboost	HPCLAS_TRAIN_N_003068	0	HPCLAS_TRAIN_N_003068	0	A_clean_core	-4.616582103000669	0.00978974293665423	0
layer36_mean_max_std	catboost	HPCLAS_TRAIN_N_003074	0	HPCLAS_TRAIN_N_003074	0	A_clean_core	-3.7365316033117675	0.02328167797155194	0
layer36_mean_max_std	catboost	HPCLAS_TRAIN_N_003078	0	HPCLAS_TRAIN_N_003078	0	A_clean_core	-4.224597637956548	0.014420234935145325	0
layer36_mean_max_std	catboost	HPCLAS_TRAIN_N_003119	0	HPCLAS_TRAIN_N_003119	0	D_hard_sample	3.581853840802127	0.9729291521204039	1
layer36_mean_max_std	catboost	HPCLAS_TRAIN_N_003121	0	HPCLAS_TRAIN_N_003121	0	A_clean_core	-4.355868411169352	0.012668735661911849	0
layer36_mean_max_std	catboost	HPCLAS_TRAIN_N_003129	0	HPCLAS_TRAIN_N_003129	0	D_hard_sample	-0.2350234748672628	0.44151309913796677	0
layer36_mean_max_std	catboost	HPCLAS_TRAIN_N_003140	0	HPCLAS_TRAIN_N_003140	0	A_clean_core	-3.0267444315142376	0.04623216865161231	0
layer36_mean_max_std	catboost	HPCLAS_TRAIN_N_003146	0	HPCLAS_TRAIN_N_003146	0	A_clean_core	-3.249624920780052	0.03734036762654379	0
layer36_mean_max_std	catboost	HPCLAS_TRAIN_N_003147	0	HPCLAS_TRAIN_N_003147	0	A_clean_core	-4.098749516780683	0.016322565164847657	0
layer36_mean_max_std	catboost	HPCLAS_TRAIN_N_003148	0	HPCLAS_TRAIN_N_003148	0	A_clean_core	-3.073741178566307	0.044203494687038845	0
layer36_mean_max_std	catboost	HPCLAS_TRAIN_N_003149	0	HPCLAS_TRAIN_N_003149	0	D_hard_sample	-1.8423582298542307	0.13677262753418304	0
layer36_mean_max_std	catboost	HPCLAS_TRAIN_N_003154	0	HPCLAS_TRAIN_N_003154	0	A_clean_core	-3.7963111503933584	0.021960360871320063	0
layer36_mean_max_std	catboost	HPCLAS_TRAIN_N_003158	0	HPCLAS_TRAIN_N_003158	0	A_clean_core	-3.386993783930041	0.032704423000990496	0
layer36_mean_max_std	catboost	HPCLAS_TRAIN_N_003159	0	HPCLAS_TRAIN_N_003159	0	A_clean_core	-8.130699779385017	0.0002942755165874412	0
layer36_mean_max_std	catboost	HPCLAS_TRAIN_N_003176	0	HPCLAS_TRAIN_N_003176	0	A_clean_core	-3.990935304193635	0.018147018542191067	0
layer36_mean_max_std	catboost	HPCLAS_TRAIN_N_003182	0	HPCLAS_TRAIN_N_003182	0	D_hard_sample	-0.2204740442538578	0.44510367936718	0
layer36_mean_max_std	catboost	HPCLAS_TRAIN_N_003183	0	HPCLAS_TRAIN_N_003183	0	A_clean_core	-5.659454632006634	0.003472317667890794	0
layer36_mean_max_std	catboost	HPCLAS_TRAIN_N_003185	0	HPCLAS_TRAIN_N_003185	0	A_clean_core	-4.044529861649512	0.017216343723024184	0
layer36_mean_max_std	catboost	HPCLAS_TRAIN_N_003188	0	HPCLAS_TRAIN_N_003188	0	A_clean_core	-5.316248987462281	0.004887139538428257	0
layer36_mean_max_std	catboost	HPCLAS_TRAIN_N_003190	0	HPCLAS_TRAIN_N_003190	0	A_clean_core	-2.9989731619937756	0.04747228385267832	0
layer36_mean_max_std	catboost	HPCLAS_TRAIN_N_003208	0	HPCLAS_TRAIN_N_003208	0	A_clean_core	-3.9531699887346607	0.018832298586656165	0
layer36_mean_max_std	catboost	HPCLAS_TRAIN_N_003222	0	HPCLAS_TRAIN_N_003222	0	A_clean_core	-5.142918312583242	0.005806705303641308	0
layer36_mean_max_std	catboost	HPCLAS_TRAIN_N_003224	0	HPCLAS_TRAIN_N_003224	0	A_clean_core	-0.6895842040278686	0.3341255755146207	0
layer36_mean_max_std	catboost	HPCLAS_TRAIN_N_003225	0	HPCLAS_TRAIN_N_003225	0	A_clean_core	-4.471573039570835	0.0113001696373008	0
layer36_mean_max_std	catboost	HPCLAS_TRAIN_N_003238	0	HPCLAS_TRAIN_N_003238	0	A_clean_core	-5.196392490348703	0.005506017347126509	0
layer36_mean_max_std	catboost	HPCLAS_TRAIN_N_003242	0	HPCLAS_TRAIN_N_003242	0	D_hard_sample	5.440443102599719	0.9956811723175538	1
layer36_mean_max_std	catboost	HPCLAS_TRAIN_N_003244	0	HPCLAS_TRAIN_N_003244	0	A_clean_core	-5.0368703302078295	0.006452140288623225	0
layer36_mean_max_std	catboost	HPCLAS_TRAIN_N_003247	0	HPCLAS_TRAIN_N_003247	0	A_clean_core	-5.501536388660628	0.004063914597182622	0
layer36_mean_max_std	catboost	HPCLAS_TRAIN_N_003253	0	HPCLAS_TRAIN_N_003253	0	D_hard_sample	-1.6908152722466592	0.15566865397881224	0
layer36_mean_max_std	catboost	HPCLAS_TRAIN_N_003257	0	HPCLAS_TRAIN_N_003257	0	A_clean_core	-4.214674583187818	0.01456194594708844	0
layer36_mean_max_std	catboost	HPCLAS_TRAIN_N_003259	0	HPCLAS_TRAIN_N_003259	0	A_clean_core	-1.8837489398161338	0.13195885572662638	0
layer36_mean_max_std	catboost	HPCLAS_TRAIN_N_003279	0	HPCLAS_TRAIN_N_003279	0	A_clean_core	-3.8343652153283574	0.021157729533782536	0
layer36_mean_max_std	catboost	HPCLAS_TRAIN_N_003291	0	HPCLAS_TRAIN_N_003291	0	A_clean_core	-4.87267313232772	0.0075947589733984305	0
layer36_mean_max_std	catboost	HPCLAS_TRAIN_N_003314	0	HPCLAS_TRAIN_N_003314	0	A_clean_core	-6.215084447205433	0.001995059310919345	0
layer36_mean_max_std	catboost	HPCLAS_TRAIN_N_003315	0	HPCLAS_TRAIN_N_003315	0	A_clean_core	-1.864315618131658	0.13420082406351785	0
layer36_mean_max_std	catboost	HPCLAS_TRAIN_N_003329	0	HPCLAS_TRAIN_N_003329	0	A_clean_core	-2.098011053915258	0.10929028657590455	0
layer36_mean_max_std	catboost	HPCLAS_TRAIN_N_003333	0	HPCLAS_TRAIN_N_003333	0	D_hard_sample	-2.072739502448522	0.11177476814918014	0
layer36_mean_max_std	catboost	HPCLAS_TRAIN_N_003336	0	HPCLAS_TRAIN_N_003336	0	A_clean_core	-5.544330806864094	0.003894333453809171	0
layer36_mean_max_std	catboost	HPCLAS_TRAIN_N_003339	0	HPCLAS_TRAIN_N_003339	0	A_clean_core	-5.2828911199894	0.005052076151746015	0
layer36_mean_max_std	catboost	HPCLAS_TRAIN_N_003340	0	HPCLAS_TRAIN_N_003340	0	A_clean_core	-2.86315626172776	0.05400522412691486	0
layer36_mean_max_std	catboost	HPCLAS_TRAIN_N_003359	0	HPCLAS_TRAIN_N_003359	0	A_clean_core	-1.929319457302474	0.12682592503814505	0
layer36_mean_max_std	catboost	HPCLAS_TRAIN_N_003361	0	HPCLAS_TRAIN_N_003361	0	D_hard_sample	0.9188269893368683	0.7148030364160556	1
layer36_mean_max_std	catboost	HPCLAS_TRAIN_N_003363	0	HPCLAS_TRAIN_N_003363	0	A_clean_core	-4.261439857910879	0.013905882416892034	0
layer36_mean_max_std	catboost	HPCLAS_TRAIN_N_003369	0	HPCLAS_TRAIN_N_003369	0	D_hard_sample	-1.9976786059467975	0.11944686904165173	0
layer36_mean_max_std	catboost	HPCLAS_TRAIN_N_003370	0	HPCLAS_TRAIN_N_003370	0	D_hard_sample	-1.52206405330584	0.17915777813322295	0
layer36_mean_max_std	catboost	HPCLAS_TRAIN_N_003382	0	HPCLAS_TRAIN_N_003382	0	D_hard_sample	0.9226661498414866	0.7155850405035106	1
layer36_mean_max_std	catboost	HPCLAS_TRAIN_N_003383	0	HPCLAS_TRAIN_N_003383	0	A_clean_core	-3.3967054017553058	0.03239858783254889	0
layer36_mean_max_std	catboost	HPCLAS_TRAIN_N_003402	0	HPCLAS_TRAIN_N_003402	0	A_clean_core	-1.2701850114734292	0.21922558281956536	0
layer36_mean_max_std	catboost	HPCLAS_TRAIN_N_003404	0	HPCLAS_TRAIN_N_003404	0	A_clean_core	-2.7022364936194934	0.06284151460228055	0
layer36_mean_max_std	catboost	HPCLAS_TRAIN_N_003413	0	HPCLAS_TRAIN_N_003413	0	A_clean_core	-4.26381488227769	0.013873352444908529	0
layer36_mean_max_std	catboost	HPCLAS_TRAIN_N_003414	0	HPCLAS_TRAIN_N_003414	0	A_clean_core	-4.9197482474301	0.00724805086093234	0
layer36_mean_max_std	catboost	HPCLAS_TRAIN_N_003418	0	HPCLAS_TRAIN_N_003418	0	A_clean_core	-5.795091563657887	0.0030332233998152346	0
layer36_mean_max_std	catboost	HPCLAS_TRAIN_N_003432	0	HPCLAS_TRAIN_N_003432	0	D_hard_sample	-0.2692571278002048	0.43308947815841703	0
layer36_mean_max_std	catboost	HPCLAS_TRAIN_N_003437	0	HPCLAS_TRAIN_N_003437	0	A_clean_core	-4.641603067311543	0.009550143429585208	0
layer36_mean_max_std	catboost	HPCLAS_TRAIN_N_003445	0	HPCLAS_TRAIN_N_003445	0	A_clean_core	-6.101436942825153	0.002234642350844245	0
layer36_mean_max_std	catboost	HPCLAS_TRAIN_N_003450	0	HPCLAS_TRAIN_N_003450	0	A_clean_core	-6.270479742101015	0.0018877506766757414	0
layer36_mean_max_std	catboost	HPCLAS_TRAIN_N_003453	0	HPCLAS_TRAIN_N_003453	0	B_ambiguous	0.7966206256753838	0.6892511364962459	1
layer36_mean_max_std	catboost	HPCLAS_TRAIN_N_003460	0	HPCLAS_TRAIN_N_003460	0	A_clean_core	-0.7828668064483479	0.3137023527771984	0
layer36_mean_max_std	catboost	HPCLAS_TRAIN_N_003466	0	HPCLAS_TRAIN_N_003466	0	A_clean_core	-2.873555078105995	0.05347641979698764	0
layer36_mean_max_std	catboost	HPCLAS_TRAIN_N_003467	0	HPCLAS_TRAIN_N_003467	0	B_ambiguous	-0.5887546348136423	0.35692064989744915	0
layer36_mean_max_std	catboost	HPCLAS_TRAIN_N_003468	0	HPCLAS_TRAIN_N_003468	0	A_clean_core	-4.803978588475419	0.008130423674507522	0
layer36_mean_max_std	catboost	HPCLAS_TRAIN_N_003475	0	HPCLAS_TRAIN_N_003475	0	D_hard_sample	1.7990820401234948	0.8580371557078816	1
layer36_mean_max_std	catboost	HPCLAS_TRAIN_N_003476	0	HPCLAS_TRAIN_N_003476	0	A_clean_core	-2.846627489150714	0.0548559086306579	0
layer36_mean_max_std	catboost	HPCLAS_TRAIN_N_003507	0	HPCLAS_TRAIN_N_004280	0	A_clean_core	-5.390982535251291	0.00453681672585753	0
layer36_mean_max_std	catboost	HPCLAS_TRAIN_N_003509	0	HPCLAS_TRAIN_N_003509	0	D_hard_sample	-1.452922129015224	0.1895522548533628	0
layer36_mean_max_std	catboost	HPCLAS_TRAIN_N_003513	0	HPCLAS_TRAIN_N_003513	0	A_clean_core	-1.308918552962954	0.21266786561162596	0
layer36_mean_max_std	catboost	HPCLAS_TRAIN_N_003518	0	HPCLAS_TRAIN_N_003518	0	A_clean_core	-6.872253071337948	0.0010350674608216983	0
layer36_mean_max_std	catboost	HPCLAS_TRAIN_N_003529	0	HPCLAS_TRAIN_N_003529	0	D_hard_sample	-1.0469281143717692	0.25981542333312	0
layer36_mean_max_std	catboost	HPCLAS_TRAIN_N_003535	0	HPCLAS_TRAIN_N_003535	0	A_clean_core	-4.109484305361541	0.016151097841863436	0
layer36_mean_max_std	catboost	HPCLAS_TRAIN_N_003544	0	HPCLAS_TRAIN_N_003544	0	D_hard_sample	-4.0096495057225345	0.017816563950414102	0
layer36_mean_max_std	catboost	HPCLAS_TRAIN_N_003551	0	HPCLAS_TRAIN_N_003551	0	A_clean_core	-1.9153178100407122	0.128384601696541	0
layer36_mean_max_std	catboost	HPCLAS_TRAIN_N_003571	0	HPCLAS_TRAIN_N_003571	0	A_clean_core	-3.679078197124528	0.024624558740068914	0
layer36_mean_max_std	catboost	HPCLAS_TRAIN_N_003576	0	HPCLAS_TRAIN_N_003576	0	A_clean_core	-4.685500930022819	0.00914373144937651	0
layer36_mean_max_std	catboost	HPCLAS_TRAIN_N_003587	0	HPCLAS_TRAIN_N_003587	0	A_clean_core	-5.567028622836835	0.003807268950057739	0
layer36_mean_max_std	catboost	HPCLAS_TRAIN_N_003589	0	HPCLAS_TRAIN_N_003589	0	A_clean_core	-5.162915030427159	0.005692397924313386	0
layer36_mean_max_std	catboost	HPCLAS_TRAIN_N_003594	0	HPCLAS_TRAIN_N_003594	0	A_clean_core	-2.9843000491485268	0.04814020545265749	0
layer36_mean_max_std	catboost	HPCLAS_TRAIN_N_003601	0	HPCLAS_TRAIN_N_003601	0	D_hard_sample	-0.009242185197710993	0.49768947014728293	0
layer36_mean_max_std	catboost	HPCLAS_TRAIN_N_003603	0	HPCLAS_TRAIN_N_003603	0	A_clean_core	-3.9703434733641676	0.01851758141213967	0
layer36_mean_max_std	catboost	HPCLAS_TRAIN_N_003610	0	HPCLAS_TRAIN_N_003610	0	B_ambiguous	-3.857950060546542	0.020674762242185257	0
layer36_mean_max_std	catboost	HPCLAS_TRAIN_N_003614	0	HPCLAS_TRAIN_N_003614	0	A_clean_core	-2.594203880991411	0.06951238156031825	0
layer36_mean_max_std	catboost	HPCLAS_TRAIN_N_003634	0	HPCLAS_TRAIN_N_003634	0	A_clean_core	-5.7878205663049584	0.00305529070447295	0
layer36_mean_max_std	catboost	HPCLAS_TRAIN_N_003640	0	HPCLAS_TRAIN_N_003640	0	D_hard_sample	-0.25335041115694523	0.4369990212611639	0
layer36_mean_max_std	catboost	HPCLAS_TRAIN_N_003642	0	HPCLAS_TRAIN_P_001674	0	B_ambiguous	-4.1677720602180575	0.015250544220163352	0
layer36_mean_max_std	catboost	HPCLAS_TRAIN_N_003651	0	HPCLAS_TRAIN_N_003651	0	A_clean_core	-5.412515305433391	0.004440599921970183	0
layer36_mean_max_std	catboost	HPCLAS_TRAIN_N_003657	0	HPCLAS_TRAIN_N_003657	0	A_clean_core	-4.060696104212823	0.016944936041905355	0
layer36_mean_max_std	catboost	HPCLAS_TRAIN_N_003658	0	HPCLAS_TRAIN_N_003658	0	A_clean_core	-0.35584467298923894	0.41196582429476253	0
layer36_mean_max_std	catboost	HPCLAS_TRAIN_N_003668	0	HPCLAS_TRAIN_N_003668	0	A_clean_core	-1.5630820918170734	0.17320483166092424	0
layer36_mean_max_std	catboost	HPCLAS_TRAIN_N_003687	0	HPCLAS_TRAIN_N_003687	0	A_clean_core	-1.609417682332893	0.1666694764218926	0
layer36_mean_max_std	catboost	HPCLAS_TRAIN_N_003697	0	HPCLAS_TRAIN_N_003697	0	D_hard_sample	1.201850945922264	0.7688538928190541	1
layer36_mean_max_std	catboost	HPCLAS_TRAIN_N_003698	0	HPCLAS_TRAIN_N_003698	0	A_clean_core	-4.057708855086937	0.016994768927968626	0
layer36_mean_max_std	catboost	HPCLAS_TRAIN_N_003704	0	HPCLAS_TRAIN_N_003704	0	D_hard_sample	0.12746600998964355	0.5318234263455093	1
layer36_mean_max_std	catboost	HPCLAS_TRAIN_N_003705	0	HPCLAS_TRAIN_N_003705	0	A_clean_core	-2.6465687964637596	0.06620080506267538	0
layer36_mean_max_std	catboost	HPCLAS_TRAIN_N_003708	0	HPCLAS_TRAIN_N_003708	0	D_hard_sample	0.4980215377023579	0.6219942726942372	1
layer36_mean_max_std	catboost	HPCLAS_TRAIN_N_003710	0	HPCLAS_TRAIN_N_003710	0	D_hard_sample	-1.885824532246318	0.13172128707012998	0
layer36_mean_max_std	catboost	HPCLAS_TRAIN_N_003720	0	HPCLAS_TRAIN_N_003720	0	A_clean_core	-2.2174001850842195	0.09819879258322027	0
layer36_mean_max_std	catboost	HPCLAS_TRAIN_N_003725	0	HPCLAS_TRAIN_N_003725	0	A_clean_core	-4.1338258771939635	0.015768825567576222	0
layer36_mean_max_std	catboost	HPCLAS_TRAIN_N_003732	0	HPCLAS_TRAIN_N_003732	0	D_hard_sample	-3.3398351451546917	0.03422960703571441	0
layer36_mean_max_std	catboost	HPCLAS_TRAIN_N_003737	0	HPCLAS_TRAIN_N_003737	0	D_hard_sample	0.5248046995961387	0.6282705776813123	1
layer36_mean_max_std	catboost	HPCLAS_TRAIN_N_003740	0	HPCLAS_TRAIN_N_003740	0	B_ambiguous	-1.7998049806781764	0.14187480613203052	0
layer36_mean_max_std	catboost	HPCLAS_TRAIN_N_003743	0	HPCLAS_TRAIN_N_003743	0	A_clean_core	-4.77118855158731	0.008399163288472341	0
layer36_mean_max_std	catboost	HPCLAS_TRAIN_N_003746	0	HPCLAS_TRAIN_N_003746	0	A_clean_core	-3.0437042091796767	0.045490060313015016	0
layer36_mean_max_std	catboost	HPCLAS_TRAIN_N_003764	0	HPCLAS_TRAIN_N_003764	0	D_hard_sample	-1.0660021072302346	0.25616411600893924	0
layer36_mean_max_std	catboost	HPCLAS_TRAIN_N_003766	0	HPCLAS_TRAIN_N_003766	0	A_clean_core	-7.157401963813272	0.000778469506912037	0
layer36_mean_max_std	catboost	HPCLAS_TRAIN_N_003780	0	HPCLAS_TRAIN_N_003780	0	A_clean_core	-4.058132803408322	0.01698768791996264	0
layer36_mean_max_std	catboost	HPCLAS_TRAIN_N_003781	0	HPCLAS_TRAIN_N_003781	0	A_clean_core	-4.704928291969325	0.008969385205098818	0
layer36_mean_max_std	catboost	HPCLAS_TRAIN_N_003784	0	HPCLAS_TRAIN_N_003784	0	A_clean_core	-1.6531624525984168	0.16068199301278888	0
layer36_mean_max_std	catboost	HPCLAS_TRAIN_N_003793	0	HPCLAS_TRAIN_P_001611	0	B_ambiguous	0.0003018790327620792	0.5000754697576174	1
layer36_mean_max_std	catboost	HPCLAS_TRAIN_N_003794	0	HPCLAS_TRAIN_N_003794	0	A_clean_core	-4.506447066291276	0.010917107737565431	0
layer36_mean_max_std	catboost	HPCLAS_TRAIN_N_003811	0	HPCLAS_TRAIN_N_003811	0	A_clean_core	-2.3914949000826784	0.08382355635760026	0
layer36_mean_max_std	catboost	HPCLAS_TRAIN_N_003812	0	HPCLAS_TRAIN_N_003812	0	A_clean_core	-5.18739141398132	0.005555524572395754	0
layer36_mean_max_std	catboost	HPCLAS_TRAIN_N_003813	0	HPCLAS_TRAIN_N_003813	0	A_clean_core	-4.591533379623748	0.01003556852701342	0
layer36_mean_max_std	catboost	HPCLAS_TRAIN_N_003818	0	HPCLAS_TRAIN_N_003818	0	A_clean_core	-3.0859731972250968	0.04368956915788299	0
layer36_mean_max_std	catboost	HPCLAS_TRAIN_N_003822	0	HPCLAS_TRAIN_N_003822	0	A_clean_core	-3.863212850504887	0.020568473237194143	0
layer36_mean_max_std	catboost	HPCLAS_TRAIN_N_003828	0	HPCLAS_TRAIN_N_003828	0	A_clean_core	-3.9615917403566567	0.018677313424284393	0
layer36_mean_max_std	catboost	HPCLAS_TRAIN_N_003829	0	HPCLAS_TRAIN_N_003829	0	A_clean_core	-4.561839572651137	0.010334905248959704	0
layer36_mean_max_std	catboost	HPCLAS_TRAIN_N_003831	0	HPCLAS_TRAIN_N_003831	0	D_hard_sample	-2.644871547868674	0.06630580329634417	0
layer36_mean_max_std	catboost	HPCLAS_TRAIN_N_003835	0	HPCLAS_TRAIN_N_003835	0	A_clean_core	-4.288711480021962	0.013536835231718341	0
layer36_mean_max_std	catboost	HPCLAS_TRAIN_N_003843	0	HPCLAS_TRAIN_N_003843	0	D_hard_sample	-2.5747758015268736	0.07077955592831604	0
layer36_mean_max_std	catboost	HPCLAS_TRAIN_N_003854	0	HPCLAS_TRAIN_N_003854	0	A_clean_core	-3.5717354995833652	0.027338624016837648	0
layer36_mean_max_std	catboost	HPCLAS_TRAIN_N_003856	0	HPCLAS_TRAIN_N_003856	0	A_clean_core	-3.3703336517275795	0.033235586611943924	0
layer36_mean_max_std	catboost	HPCLAS_TRAIN_N_003860	0	HPCLAS_TRAIN_N_003860	0	A_clean_core	-3.283882265388289	0.03612828040636782	0
layer36_mean_max_std	catboost	HPCLAS_TRAIN_N_003868	0	HPCLAS_TRAIN_N_003868	0	D_hard_sample	-1.9420564767060988	0.12542210488603578	0
layer36_mean_max_std	catboost	HPCLAS_TRAIN_N_003874	0	HPCLAS_TRAIN_N_003874	0	A_clean_core	-4.184686293216699	0.01499859860922605	0
layer36_mean_max_std	catboost	HPCLAS_TRAIN_N_003878	0	HPCLAS_TRAIN_N_003878	0	A_clean_core	-5.428101882031923	0.0043722230540366855	0
layer36_mean_max_std	catboost	HPCLAS_TRAIN_N_003882	0	HPCLAS_TRAIN_N_003882	0	D_hard_sample	-3.141659376466729	0.04142118282221585	0
layer36_mean_max_std	catboost	HPCLAS_TRAIN_N_003886	0	HPCLAS_TRAIN_N_003886	0	A_clean_core	-5.39039237725497	0.004539482796963572	0
layer36_mean_max_std	catboost	HPCLAS_TRAIN_N_003894	0	HPCLAS_TRAIN_N_003894	0	A_clean_core	-5.6206481998098825	0.0036092187330840327	0
layer36_mean_max_std	catboost	HPCLAS_TRAIN_N_003896	0	HPCLAS_TRAIN_N_003896	0	D_hard_sample	-2.916280633686653	0.05135459634369909	0
layer36_mean_max_std	catboost	HPCLAS_TRAIN_N_003899	0	HPCLAS_TRAIN_P_001639	0	B_ambiguous	-2.652427101080153	0.06583957391357644	0
layer36_mean_max_std	catboost	HPCLAS_TRAIN_N_003900	0	HPCLAS_TRAIN_N_003900	0	A_clean_core	-4.8262817979095765	0.007952522458005103	0
layer36_mean_max_std	catboost	HPCLAS_TRAIN_N_003905	0	HPCLAS_TRAIN_N_003905	0	A_clean_core	-3.8026269018543997	0.021825119276462177	0
layer36_mean_max_std	catboost	HPCLAS_TRAIN_N_003907	0	HPCLAS_TRAIN_N_003907	0	A_clean_core	-5.864766411305828	0.0028296561442848855	0
layer36_mean_max_std	catboost	HPCLAS_TRAIN_N_003908	0	HPCLAS_TRAIN_N_003908	0	A_clean_core	-1.8710418795874433	0.13342121440672997	0
layer36_mean_max_std	catboost	HPCLAS_TRAIN_N_003910	0	HPCLAS_TRAIN_N_003910	0	A_clean_core	-1.289354903201618	0.2159620201629957	0
layer36_mean_max_std	catboost	HPCLAS_TRAIN_N_003916	0	HPCLAS_TRAIN_N_003916	0	A_clean_core	-1.596112403001607	0.16852566170934208	0
layer36_mean_max_std	catboost	HPCLAS_TRAIN_N_003918	0	HPCLAS_TRAIN_N_003918	0	A_clean_core	-6.088364974208632	0.0022639787163305906	0
layer36_mean_max_std	catboost	HPCLAS_TRAIN_N_003921	0	HPCLAS_TRAIN_N_003921	0	D_hard_sample	-2.3707792943512973	0.08542823329804594	0
layer36_mean_max_std	catboost	HPCLAS_TRAIN_N_003933	0	HPCLAS_TRAIN_N_003933	0	A_clean_core	-6.561170944604666	0.0014122315384500364	0
layer36_mean_max_std	catboost	HPCLAS_TRAIN_N_003936	0	HPCLAS_TRAIN_N_003936	0	D_hard_sample	-1.4096213576150545	0.19629378507901413	0
layer36_mean_max_std	catboost	HPCLAS_TRAIN_N_003937	0	HPCLAS_TRAIN_N_003937	0	A_clean_core	-5.324974861976222	0.0048448861969327415	0
layer36_mean_max_std	catboost	HPCLAS_TRAIN_N_003959	0	HPCLAS_TRAIN_N_003959	0	A_clean_core	-3.700742330099766	0.02410954949641815	0
layer36_mean_max_std	catboost	HPCLAS_TRAIN_N_003963	0	HPCLAS_TRAIN_N_003963	0	A_clean_core	-3.0880583911968364	0.043602530952991034	0
layer36_mean_max_std	catboost	HPCLAS_TRAIN_N_003968	0	HPCLAS_TRAIN_N_003968	0	A_clean_core	-5.669619919974158	0.0034373200680503386	0
layer36_mean_max_std	catboost	HPCLAS_TRAIN_N_003979	0	HPCLAS_TRAIN_N_003979	0	D_hard_sample	-1.9421844606470835	0.12540806682131203	0
layer36_mean_max_std	catboost	HPCLAS_TRAIN_N_003981	0	HPCLAS_TRAIN_N_003981	0	A_clean_core	-1.3183657703658278	0.2110903151958671	0
layer36_mean_max_std	catboost	HPCLAS_TRAIN_N_003983	0	HPCLAS_TRAIN_N_003983	0	D_hard_sample	1.7149727354744195	0.8474801590266127	1
layer36_mean_max_std	catboost	HPCLAS_TRAIN_N_003985	0	HPCLAS_TRAIN_N_003985	0	A_clean_core	-2.290525775983383	0.09191065762681912	0
layer36_mean_max_std	catboost	HPCLAS_TRAIN_N_003997	0	HPCLAS_TRAIN_N_003997	0	A_clean_core	-2.533862589599692	0.07351811945596272	0
layer36_mean_max_std	catboost	HPCLAS_TRAIN_N_003998	0	HPCLAS_TRAIN_N_003998	0	A_clean_core	-3.1288479565383955	0.041932865411820654	0
layer36_mean_max_std	catboost	HPCLAS_TRAIN_N_003999	0	HPCLAS_TRAIN_N_003999	0	D_hard_sample	0.28250337145792515	0.5701598516508314	1
layer36_mean_max_std	catboost	HPCLAS_TRAIN_N_004000	0	HPCLAS_TRAIN_P_005085	0	B_ambiguous	-4.558874449512243	0.01036527688491057	0
layer36_mean_max_std	catboost	HPCLAS_TRAIN_N_004005	0	HPCLAS_TRAIN_N_004005	0	A_clean_core	-4.533299079560408	0.010630937158559561	0
layer36_mean_max_std	catboost	HPCLAS_TRAIN_N_004018	0	HPCLAS_TRAIN_P_004986	0	B_ambiguous	-5.685985274993044	0.003381713587194385	0
layer36_mean_max_std	catboost	HPCLAS_TRAIN_N_004019	0	HPCLAS_TRAIN_N_004019	0	A_clean_core	-5.802112744273714	0.0030120651028852593	0
layer36_mean_max_std	catboost	HPCLAS_TRAIN_N_004031	0	HPCLAS_TRAIN_N_004031	0	A_clean_core	-3.168097805728096	0.040384067112484136	0
layer36_mean_max_std	catboost	HPCLAS_TRAIN_N_004040	0	HPCLAS_TRAIN_N_004040	0	A_clean_core	-5.247780358319477	0.005231664685304175	0
layer36_mean_max_std	catboost	HPCLAS_TRAIN_N_004043	0	HPCLAS_TRAIN_N_004043	0	D_hard_sample	-0.4253887699762955	0.39522798660387964	0
layer36_mean_max_std	catboost	HPCLAS_TRAIN_N_004044	0	HPCLAS_TRAIN_N_004044	0	A_clean_core	-7.291700260061865	0.0006807052280924648	0
layer36_mean_max_std	catboost	HPCLAS_TRAIN_N_004045	0	HPCLAS_TRAIN_N_004045	0	A_clean_core	-4.235987682474282	0.014259248419957541	0
layer36_mean_max_std	catboost	HPCLAS_TRAIN_N_004054	0	HPCLAS_TRAIN_N_004054	0	B_ambiguous	-2.0637174982619246	0.11267362548821337	0
layer36_mean_max_std	catboost	HPCLAS_TRAIN_N_004066	0	HPCLAS_TRAIN_N_004066	0	D_hard_sample	-0.7387115611400463	0.3232859540927924	0
layer36_mean_max_std	catboost	HPCLAS_TRAIN_N_004073	0	HPCLAS_TRAIN_N_004073	0	D_hard_sample	2.7923329086274293	0.942260099991604	1
layer36_mean_max_std	catboost	HPCLAS_TRAIN_N_004097	0	HPCLAS_TRAIN_N_004097	0	D_hard_sample	-0.29917298726148367	0.42575966576197377	0
layer36_mean_max_std	catboost	HPCLAS_TRAIN_N_004103	0	HPCLAS_TRAIN_N_004103	0	A_clean_core	-2.0434679993016	0.11471406937341665	0
layer36_mean_max_std	catboost	HPCLAS_TRAIN_N_004111	0	HPCLAS_TRAIN_P_001674	0	B_ambiguous	5.4336481118639535	0.9956518540299278	1
layer36_mean_max_std	catboost	HPCLAS_TRAIN_N_004130	0	HPCLAS_TRAIN_N_004130	0	A_clean_core	-2.994586971521525	0.04767101567394192	0
layer36_mean_max_std	catboost	HPCLAS_TRAIN_N_004132	0	HPCLAS_TRAIN_N_004132	0	A_clean_core	-4.417414399500059	0.011921550131799517	0
layer36_mean_max_std	catboost	HPCLAS_TRAIN_N_004141	0	HPCLAS_TRAIN_N_004141	0	A_clean_core	-1.2459750946635475	0.22339764675718526	0
layer36_mean_max_std	catboost	HPCLAS_TRAIN_N_004147	0	HPCLAS_TRAIN_N_004147	0	A_clean_core	-4.222489494120174	0.014450227181533704	0
layer36_mean_max_std	catboost	HPCLAS_TRAIN_N_004156	0	HPCLAS_TRAIN_N_004156	0	A_clean_core	-3.3106674927500706	0.03520703910802771	0
layer36_mean_max_std	catboost	HPCLAS_TRAIN_N_004171	0	HPCLAS_TRAIN_N_004171	0	D_hard_sample	-1.5935485795635194	0.1688852222336826	0
layer36_mean_max_std	catboost	HPCLAS_TRAIN_N_004172	0	HPCLAS_TRAIN_N_004172	0	A_clean_core	-5.34392572700621	0.0047543683386870724	0
layer36_mean_max_std	catboost	HPCLAS_TRAIN_N_004175	0	HPCLAS_TRAIN_N_004175	0	A_clean_core	-5.609272356384902	0.0036503603306321554	0
layer36_mean_max_std	catboost	HPCLAS_TRAIN_N_004189	0	HPCLAS_TRAIN_N_004189	0	D_hard_sample	0.24352845216104785	0.5605829967646945	1
layer36_mean_max_std	catboost	HPCLAS_TRAIN_N_004191	0	HPCLAS_TRAIN_N_004191	0	B_ambiguous	-2.867653741679163	0.053775914251625964	0
layer36_mean_max_std	catboost	HPCLAS_TRAIN_N_004197	0	HPCLAS_TRAIN_N_004197	0	A_clean_core	-4.64821523442097	0.009487801746842927	0
layer36_mean_max_std	catboost	HPCLAS_TRAIN_N_004201	0	HPCLAS_TRAIN_N_004201	0	A_clean_core	-3.55242131843227	0.02785692724048156	0
layer36_mean_max_std	catboost	HPCLAS_TRAIN_N_004207	0	HPCLAS_TRAIN_N_004207	0	A_clean_core	-1.4480366686620407	0.19030390853197432	0
layer36_mean_max_std	catboost	HPCLAS_TRAIN_N_004210	0	HPCLAS_TRAIN_N_004210	0	B_ambiguous	2.983712565281811	0.9518328672877014	1
layer36_mean_max_std	catboost	HPCLAS_TRAIN_N_004214	0	HPCLAS_TRAIN_N_004214	0	B_ambiguous	-3.1744295172744734	0.04013940588468489	0
layer36_mean_max_std	catboost	HPCLAS_TRAIN_N_004224	0	HPCLAS_TRAIN_N_004224	0	A_clean_core	-3.6036771375555947	0.026501959519598463	0
layer36_mean_max_std	catboost	HPCLAS_TRAIN_N_004232	0	HPCLAS_TRAIN_N_004232	0	A_clean_core	-5.009060063821767	0.006632887516838398	0
layer36_mean_max_std	catboost	HPCLAS_TRAIN_N_004236	0	HPCLAS_TRAIN_N_004236	0	A_clean_core	-3.9210643888229066	0.019434790047427472	0
layer36_mean_max_std	catboost	HPCLAS_TRAIN_N_004237	0	HPCLAS_TRAIN_N_004237	0	A_clean_core	-5.7916268909386694	0.003043718710264449	0
layer36_mean_max_std	catboost	HPCLAS_TRAIN_N_004259	0	HPCLAS_TRAIN_N_004259	0	B_ambiguous	8.023465636973958	0.9996724249162222	1
layer36_mean_max_std	catboost	HPCLAS_TRAIN_N_004262	0	HPCLAS_TRAIN_N_004262	0	A_clean_core	-2.441346522116342	0.08007366872601072	0
layer36_mean_max_std	catboost	HPCLAS_TRAIN_N_004269	0	HPCLAS_TRAIN_N_004269	0	D_hard_sample	-0.5082638404219729	0.3756006099718617	0
layer36_mean_max_std	catboost	HPCLAS_TRAIN_N_004280	0	HPCLAS_TRAIN_N_004280	0	A_clean_core	-4.656819031396066	0.009407285423852869	0
layer36_mean_max_std	catboost	HPCLAS_TRAIN_N_004282	0	HPCLAS_TRAIN_N_004282	0	A_clean_core	-3.147424563260797	0.04119287760392573	0
layer36_mean_max_std	catboost	HPCLAS_TRAIN_N_004307	0	HPCLAS_TRAIN_N_004307	0	A_clean_core	-3.0250749341204197	0.04630584052461823	0
layer36_mean_max_std	catboost	HPCLAS_TRAIN_N_004320	0	HPCLAS_TRAIN_N_004320	0	A_clean_core	-2.8000747060346085	0.05732013905909999	0
layer36_mean_max_std	catboost	HPCLAS_TRAIN_N_004322	0	HPCLAS_TRAIN_N_004322	0	A_clean_core	-4.4016087746048305	0.012109174836076736	0
layer36_mean_max_std	catboost	HPCLAS_TRAIN_N_004327	0	HPCLAS_TRAIN_N_004327	0	A_clean_core	-4.532106334406475	0.010643489682393877	0
layer36_mean_max_std	catboost	HPCLAS_TRAIN_N_004328	0	HPCLAS_TRAIN_N_004328	0	B_ambiguous	-0.6577047781167786	0.34125538961691915	0
layer36_mean_max_std	catboost	HPCLAS_TRAIN_N_004338	0	HPCLAS_TRAIN_N_004338	0	A_clean_core	-4.62973020916076	0.009663104511089135	0
layer36_mean_max_std	catboost	HPCLAS_TRAIN_N_004340	0	HPCLAS_TRAIN_N_004340	0	D_hard_sample	-3.6751435481092103	0.024719238858005824	0
layer36_mean_max_std	catboost	HPCLAS_TRAIN_N_004345	0	HPCLAS_TRAIN_N_004345	0	D_hard_sample	-0.873870014814307	0.29444967098747094	0
layer36_mean_max_std	catboost	HPCLAS_TRAIN_N_004349	0	HPCLAS_TRAIN_N_004349	0	A_clean_core	-2.7554517602196693	0.05977949264740734	0
layer36_mean_max_std	catboost	HPCLAS_TRAIN_N_004361	0	HPCLAS_TRAIN_N_004361	0	A_clean_core	-6.157913676995581	0.0021121939082559328	0
layer36_mean_max_std	catboost	HPCLAS_TRAIN_N_004370	0	HPCLAS_TRAIN_N_004370	0	D_hard_sample	-0.2654104543507321	0.4340341668766458	0
layer36_mean_max_std	catboost	HPCLAS_TRAIN_N_004383	0	HPCLAS_TRAIN_N_004383	0	A_clean_core	-1.994713440453253	0.11975909520387353	0
layer36_mean_max_std	catboost	HPCLAS_TRAIN_N_004385	0	HPCLAS_TRAIN_N_004385	0	D_hard_sample	-4.682115285484314	0.009174456839540561	0
layer36_mean_max_std	catboost	HPCLAS_TRAIN_N_004387	0	HPCLAS_TRAIN_N_004387	0	A_clean_core	-3.2019990551587254	0.039090564078634836	0
layer36_mean_max_std	catboost	HPCLAS_TRAIN_N_004391	0	HPCLAS_TRAIN_N_004391	0	A_clean_core	-6.766373664622537	0.001150538867561753	0
layer36_mean_max_std	catboost	HPCLAS_TRAIN_N_004394	0	HPCLAS_TRAIN_P_000438	0	B_ambiguous	-0.08603267856864749	0.4785050868240653	0
layer36_mean_max_std	catboost	HPCLAS_TRAIN_N_004395	0	HPCLAS_TRAIN_N_004395	0	A_clean_core	-1.6723241566154243	0.15811455437944302	0
layer36_mean_max_std	catboost	HPCLAS_TRAIN_N_004396	0	HPCLAS_TRAIN_N_004396	0	A_clean_core	-6.732167115763935	0.0011905280235193748	0
layer36_mean_max_std	catboost	HPCLAS_TRAIN_N_004398	0	HPCLAS_TRAIN_N_004398	0	A_clean_core	-2.9842858185995396	0.048140857539398625	0
layer36_mean_max_std	catboost	HPCLAS_TRAIN_N_004401	0	HPCLAS_TRAIN_N_004401	0	A_clean_core	-3.580629260893145	0.027103119571928246	0
layer36_mean_max_std	catboost	HPCLAS_TRAIN_N_004424	0	HPCLAS_TRAIN_N_004424	0	A_clean_core	-1.9570662130760679	0.12378490149384642	0
layer36_mean_max_std	catboost	HPCLAS_TRAIN_N_004425	0	HPCLAS_TRAIN_N_004425	0	A_clean_core	-4.655435301988495	0.009420188862820807	0
layer36_mean_max_std	catboost	HPCLAS_TRAIN_N_004426	0	HPCLAS_TRAIN_N_004426	0	A_clean_core	-6.14643127852766	0.002136534620310184	0
layer36_mean_max_std	catboost	HPCLAS_TRAIN_N_004429	0	HPCLAS_TRAIN_N_004429	0	A_clean_core	-5.885018277174308	0.00277308402049152	0
layer36_mean_max_std	catboost	HPCLAS_TRAIN_N_004436	0	HPCLAS_TRAIN_N_004436	0	A_clean_core	-4.134026424619887	0.015765713339734398	0
layer36_mean_max_std	catboost	HPCLAS_TRAIN_N_004441	0	HPCLAS_TRAIN_N_004441	0	A_clean_core	-3.759430262490353	0.022766615706185125	0
layer36_mean_max_std	catboost	HPCLAS_TRAIN_N_004443	0	HPCLAS_TRAIN_N_004443	0	D_hard_sample	0.16422483851963862	0.5409641846727734	1
layer36_mean_max_std	catboost	HPCLAS_TRAIN_N_004445	0	HPCLAS_TRAIN_N_004445	0	D_hard_sample	-2.276827001923123	0.09306040912373195	0
layer36_mean_max_std	catboost	HPCLAS_TRAIN_N_004447	0	HPCLAS_TRAIN_N_004447	0	D_hard_sample	0.9766515648297359	0.7264433086004257	1
layer36_mean_max_std	catboost	HPCLAS_TRAIN_N_004448	0	HPCLAS_TRAIN_N_004448	0	A_clean_core	-2.324371452496811	0.08912454089880832	0
layer36_mean_max_std	catboost	HPCLAS_TRAIN_N_004451	0	HPCLAS_TRAIN_N_004451	0	A_clean_core	-5.414724633759886	0.004430843430258286	0
layer36_mean_max_std	catboost	HPCLAS_TRAIN_N_004454	0	HPCLAS_TRAIN_N_004454	0	A_clean_core	-0.8237758021103528	0.30496275024146796	0
layer36_mean_max_std	catboost	HPCLAS_TRAIN_N_004461	0	HPCLAS_TRAIN_N_004461	0	A_clean_core	-2.7086564419126065	0.062464487497597095	0
layer36_mean_max_std	catboost	HPCLAS_TRAIN_N_004463	0	HPCLAS_TRAIN_N_004463	0	A_clean_core	-2.4983263414685095	0.07597559302492268	0
layer36_mean_max_std	catboost	HPCLAS_TRAIN_N_004474	0	HPCLAS_TRAIN_N_004474	0	D_hard_sample	-1.6744334485143195	0.15783397981258487	0
layer36_mean_max_std	catboost	HPCLAS_TRAIN_N_004478	0	HPCLAS_TRAIN_N_004478	0	A_clean_core	-6.042922883997977	0.002368982651112454	0
layer36_mean_max_std	catboost	HPCLAS_TRAIN_N_004490	0	HPCLAS_TRAIN_N_004490	0	A_clean_core	-6.539491216029953	0.0014431379615395105	0
layer36_mean_max_std	catboost	HPCLAS_TRAIN_N_004493	0	HPCLAS_TRAIN_N_004493	0	D_hard_sample	-0.5674758273708019	0.3618194682808682	0
layer36_mean_max_std	catboost	HPCLAS_TRAIN_N_004498	0	HPCLAS_TRAIN_N_004498	0	A_clean_core	-6.997634165872488	0.0009132071714215704	0
layer36_mean_max_std	catboost	HPCLAS_TRAIN_N_004503	0	HPCLAS_TRAIN_N_004503	0	A_clean_core	-4.342659479085618	0.01283502414073931	0
layer36_mean_max_std	catboost	HPCLAS_TRAIN_N_004505	0	HPCLAS_TRAIN_N_004505	0	A_clean_core	-3.2391926212457474	0.03771718306058417	0
layer36_mean_max_std	catboost	HPCLAS_TRAIN_N_004511	0	HPCLAS_TRAIN_N_004511	0	A_clean_core	-4.433025959222461	0.01173904920985443	0
layer36_mean_max_std	catboost	HPCLAS_TRAIN_N_004542	0	HPCLAS_TRAIN_N_004542	0	D_hard_sample	-0.7466094865048515	0.3215605251178531	0
layer36_mean_max_std	catboost	HPCLAS_TRAIN_N_004546	0	HPCLAS_TRAIN_N_004546	0	D_hard_sample	0.0259882855754537	0.5064967057466037	1
layer36_mean_max_std	catboost	HPCLAS_TRAIN_N_004571	0	HPCLAS_TRAIN_P_007237	0	B_ambiguous	-2.2694439813000753	0.09368541226236236	0
layer36_mean_max_std	catboost	HPCLAS_TRAIN_N_004572	0	HPCLAS_TRAIN_N_004572	0	A_clean_core	-0.2750489926139679	0.4316679970874053	0
layer36_mean_max_std	catboost	HPCLAS_TRAIN_N_004603	0	HPCLAS_TRAIN_N_004603	0	A_clean_core	-7.707892776053477	0.00044906543658232586	0
layer36_mean_max_std	catboost	HPCLAS_TRAIN_N_004605	0	HPCLAS_TRAIN_N_004605	0	A_clean_core	-5.25960819682254	0.005170467971030681	0
layer36_mean_max_std	catboost	HPCLAS_TRAIN_N_004614	0	HPCLAS_TRAIN_N_004614	0	A_clean_core	-3.5984969215858493	0.02663593536818228	0
layer36_mean_max_std	catboost	HPCLAS_TRAIN_N_004621	0	HPCLAS_TRAIN_N_004621	0	A_clean_core	-2.715317512485824	0.06207553241468595	0
layer36_mean_max_std	catboost	HPCLAS_TRAIN_N_004622	0	HPCLAS_TRAIN_N_004622	0	A_clean_core	-4.911006732105565	0.007311222281963658	0
layer36_mean_max_std	catboost	HPCLAS_TRAIN_N_004637	0	HPCLAS_TRAIN_N_004637	0	A_clean_core	-2.398374719513706	0.08329671624714458	0
layer36_mean_max_std	catboost	HPCLAS_TRAIN_N_004645	0	HPCLAS_TRAIN_N_003314	0	A_clean_core	-6.195846875921812	0.0020337321448170545	0
layer36_mean_max_std	catboost	HPCLAS_TRAIN_N_004648	0	HPCLAS_TRAIN_N_004648	0	A_clean_core	-5.514740510302575	0.004010820697391207	0
layer36_mean_max_std	catboost	HPCLAS_TRAIN_N_004663	0	HPCLAS_TRAIN_N_004663	0	A_clean_core	-3.9796827643669728	0.018348603851579375	0
layer36_mean_max_std	catboost	HPCLAS_TRAIN_N_004664	0	HPCLAS_TRAIN_N_004664	0	D_hard_sample	-1.6539385018854447	0.16057736001063186	0
layer36_mean_max_std	catboost	HPCLAS_TRAIN_N_004667	0	HPCLAS_TRAIN_N_004667	0	D_hard_sample	-0.11122837146143658	0.47222154024585306	0
layer36_mean_max_std	catboost	HPCLAS_TRAIN_N_004671	0	HPCLAS_TRAIN_N_004671	0	A_clean_core	-3.7201764121583274	0.023656503243811758	0
layer36_mean_max_std	catboost	HPCLAS_TRAIN_N_004677	0	HPCLAS_TRAIN_N_004677	0	A_clean_core	-2.726056601079819	0.061453212169691726	0
layer36_mean_max_std	catboost	HPCLAS_TRAIN_N_004688	0	HPCLAS_TRAIN_N_004688	0	D_hard_sample	1.7964898739899413	0.8577211123788179	1
layer36_mean_max_std	catboost	HPCLAS_TRAIN_N_004693	0	HPCLAS_TRAIN_N_004693	0	A_clean_core	-5.055157569293436	0.006335961579896695	0
layer36_mean_max_std	catboost	HPCLAS_TRAIN_N_004694	0	HPCLAS_TRAIN_N_004694	0	A_clean_core	-4.952484013595809	0.007016259743312961	0
layer36_mean_max_std	catboost	HPCLAS_TRAIN_N_004704	0	HPCLAS_TRAIN_N_004704	0	A_clean_core	-6.329507087668098	0.0017797392529084522	0
layer36_mean_max_std	catboost	HPCLAS_TRAIN_N_004705	0	HPCLAS_TRAIN_N_004705	0	D_hard_sample	-2.709719286659859	0.06240227340319157	0
layer36_mean_max_std	catboost	HPCLAS_TRAIN_N_004709	0	HPCLAS_TRAIN_N_004709	0	A_clean_core	-3.5424215915821176	0.028129011355757533	0
layer36_mean_max_std	catboost	HPCLAS_TRAIN_N_004714	0	HPCLAS_TRAIN_N_004714	0	B_ambiguous	-3.8473370834690184	0.020890743230201955	0
layer36_mean_max_std	catboost	HPCLAS_TRAIN_N_004722	0	HPCLAS_TRAIN_N_004722	0	D_hard_sample	0.10624540008189404	0.5265363926273984	1
layer36_mean_max_std	catboost	HPCLAS_TRAIN_N_004757	0	HPCLAS_TRAIN_N_004757	0	A_clean_core	-3.5811691645697046	0.027088886734233097	0
layer36_mean_max_std	catboost	HPCLAS_TRAIN_N_004766	0	HPCLAS_TRAIN_N_004766	0	A_clean_core	-5.032137638336794	0.006482550233104036	0
layer36_mean_max_std	catboost	HPCLAS_TRAIN_N_004772	0	HPCLAS_TRAIN_N_004772	0	A_clean_core	-2.313791603957385	0.08998716916002035	0
layer36_mean_max_std	catboost	HPCLAS_TRAIN_N_004776	0	HPCLAS_TRAIN_N_004776	0	A_clean_core	-5.834458699159822	0.002916475431442453	0
layer36_mean_max_std	catboost	HPCLAS_TRAIN_N_004785	0	HPCLAS_TRAIN_N_004785	0	A_clean_core	-5.2516921388214035	0.005211345979305532	0
layer36_mean_max_std	catboost	HPCLAS_TRAIN_N_004795	0	HPCLAS_TRAIN_N_004795	0	D_hard_sample	-1.2546484636334125	0.22189650486419396	0
layer36_mean_max_std	catboost	HPCLAS_TRAIN_N_004799	0	HPCLAS_TRAIN_N_004799	0	A_clean_core	-4.800346597746201	0.008159765595650606	0
layer36_mean_max_std	catboost	HPCLAS_TRAIN_N_004801	0	HPCLAS_TRAIN_N_004801	0	A_clean_core	-4.736818921465424	0.008690305302701032	0
layer36_mean_max_std	catboost	HPCLAS_TRAIN_N_004802	0	HPCLAS_TRAIN_N_004802	0	A_clean_core	-5.220802195982561	0.005373957671760684	0
layer36_mean_max_std	catboost	HPCLAS_TRAIN_N_004809	0	HPCLAS_TRAIN_N_004809	0	A_clean_core	-5.7643944060473356	0.003127482879801359	0
layer36_mean_max_std	catboost	HPCLAS_TRAIN_N_004812	0	HPCLAS_TRAIN_N_004812	0	B_ambiguous	0.5075082426490327	0.6242221669679751	1
layer36_mean_max_std	catboost	HPCLAS_TRAIN_N_004814	0	HPCLAS_TRAIN_N_004814	0	A_clean_core	-1.2197295628159648	0.22798404599585106	0
layer36_mean_max_std	catboost	HPCLAS_TRAIN_N_004816	0	HPCLAS_TRAIN_N_004816	0	B_ambiguous	-5.9410350465233	0.0026224116624789617	0
layer36_mean_max_std	catboost	HPCLAS_TRAIN_N_004818	0	HPCLAS_TRAIN_N_004818	0	A_clean_core	-2.47645871799979	0.07752507811502948	0
layer36_mean_max_std	catboost	HPCLAS_TRAIN_N_004821	0	HPCLAS_TRAIN_N_004821	0	A_clean_core	-5.45799448204229	0.0042440065285588215	0
layer36_mean_max_std	catboost	HPCLAS_TRAIN_N_004833	0	HPCLAS_TRAIN_N_004833	0	A_clean_core	-1.6143730833350933	0.16598235338700154	0
layer36_mean_max_std	catboost	HPCLAS_TRAIN_N_004834	0	HPCLAS_TRAIN_N_004834	0	A_clean_core	-4.885438828225642	0.007499145236331078	0
layer36_mean_max_std	catboost	HPCLAS_TRAIN_N_004837	0	HPCLAS_TRAIN_N_004837	0	A_clean_core	-6.134817704981304	0.002161438120331498	0
layer36_mean_max_std	catboost	HPCLAS_TRAIN_N_004856	0	HPCLAS_TRAIN_N_004856	0	A_clean_core	-7.016135733618651	0.0008964817541391285	0
layer36_mean_max_std	catboost	HPCLAS_TRAIN_N_004863	0	HPCLAS_TRAIN_N_004863	0	D_hard_sample	2.557768351635005	0.9280936690815437	1
layer36_mean_max_std	catboost	HPCLAS_TRAIN_N_004879	0	HPCLAS_TRAIN_N_004879	0	A_clean_core	-3.9587697814278844	0.01872910593175349	0
layer36_mean_max_std	catboost	HPCLAS_TRAIN_N_004882	0	HPCLAS_TRAIN_N_004882	0	A_clean_core	-5.244088206330762	0.005250914874717719	0
layer36_mean_max_std	catboost	HPCLAS_TRAIN_N_004884	0	HPCLAS_TRAIN_N_004884	0	A_clean_core	-5.380413241503846	0.004584800962007174	0
layer36_mean_max_std	catboost	HPCLAS_TRAIN_N_004897	0	HPCLAS_TRAIN_N_004897	0	D_hard_sample	-1.5946827010751954	0.1687260933053159	0
layer36_mean_max_std	catboost	HPCLAS_TRAIN_N_004900	0	HPCLAS_TRAIN_N_004900	0	D_hard_sample	-0.3260655649325485	0.4191982386248122	0
layer36_mean_max_std	catboost	HPCLAS_TRAIN_N_004904	0	HPCLAS_TRAIN_N_004904	0	A_clean_core	-3.443201358107401	0.03097225746859383	0
layer36_mean_max_std	catboost	HPCLAS_TRAIN_N_004915	0	HPCLAS_TRAIN_N_004915	0	D_hard_sample	1.0242304914926488	0.7357958283670272	1
layer36_mean_max_std	catboost	HPCLAS_TRAIN_N_004919	0	HPCLAS_TRAIN_N_004919	0	D_hard_sample	1.287956489189083	0.7838011029342943	1
layer36_mean_max_std	catboost	HPCLAS_TRAIN_N_004920	0	HPCLAS_TRAIN_N_004920	0	A_clean_core	-2.6399733591321235	0.06660969189440522	0
layer36_mean_max_std	catboost	HPCLAS_TRAIN_N_004924	0	HPCLAS_TRAIN_N_004924	0	A_clean_core	-2.830130107910657	0.05571755215159298	0
layer36_mean_max_std	catboost	HPCLAS_TRAIN_N_004926	0	HPCLAS_TRAIN_N_004926	0	D_hard_sample	1.0388196432954835	0.7386221912608771	1
layer36_mean_max_std	catboost	HPCLAS_TRAIN_N_004931	0	HPCLAS_TRAIN_N_004931	0	A_clean_core	-3.7646829838367197	0.02265004408878276	0
layer36_mean_max_std	catboost	HPCLAS_TRAIN_N_004935	0	HPCLAS_TRAIN_N_004935	0	A_clean_core	-2.0140007351247347	0.11774075398731673	0
layer36_mean_max_std	catboost	HPCLAS_TRAIN_N_004937	0	HPCLAS_TRAIN_N_004937	0	A_clean_core	-5.341938223655015	0.004763781998920025	0
layer36_mean_max_std	catboost	HPCLAS_TRAIN_N_004938	0	HPCLAS_TRAIN_N_004938	0	D_hard_sample	-0.4167465007075545	0.39729554546038176	0
layer36_mean_max_std	catboost	HPCLAS_TRAIN_N_004939	0	HPCLAS_TRAIN_N_004939	0	A_clean_core	-4.51433054736584	0.01083230989630961	0
layer36_mean_max_std	catboost	HPCLAS_TRAIN_N_004948	0	HPCLAS_TRAIN_N_004948	0	D_hard_sample	-0.7805089598325805	0.31421020393278	0
layer36_mean_max_std	catboost	HPCLAS_TRAIN_N_004949	0	HPCLAS_TRAIN_N_004949	0	A_clean_core	-6.292743227547315	0.0018462638953546848	0
layer36_mean_max_std	catboost	HPCLAS_TRAIN_N_004954	0	HPCLAS_TRAIN_N_004954	0	D_hard_sample	-1.6626365617123107	0.15940838731886942	0
layer36_mean_max_std	catboost	HPCLAS_TRAIN_N_004956	0	HPCLAS_TRAIN_N_004956	0	D_hard_sample	0.37490003892485113	0.5926424678373887	1
layer36_mean_max_std	catboost	HPCLAS_TRAIN_N_004962	0	HPCLAS_TRAIN_N_004962	0	A_clean_core	-6.415538757699772	0.0016332663733100172	0
layer36_mean_max_std	catboost	HPCLAS_TRAIN_N_004983	0	HPCLAS_TRAIN_N_004983	0	A_clean_core	-2.6611613927580313	0.06530440651277619	0
layer36_mean_max_std	catboost	HPCLAS_TRAIN_N_004992	0	HPCLAS_TRAIN_N_004992	0	D_hard_sample	-6.125155556555413	0.0021823776768384773	0
layer36_mean_max_std	catboost	HPCLAS_TRAIN_N_004993	0	HPCLAS_TRAIN_N_004993	0	D_hard_sample	-1.0550724887609688	0.25825223402188313	0
layer36_mean_max_std	catboost	HPCLAS_TRAIN_N_004999	0	HPCLAS_TRAIN_N_004999	0	A_clean_core	-2.5764762055214416	0.0706678022701337	0
layer36_mean_max_std	catboost	HPCLAS_TRAIN_N_005002	0	HPCLAS_TRAIN_P_001569	0	B_ambiguous	-1.7122829630127099	0.15286783938679924	0
layer36_mean_max_std	catboost	HPCLAS_TRAIN_N_005013	0	HPCLAS_TRAIN_N_005013	0	D_hard_sample	-2.6569361699388323	0.06556278719906629	0
layer36_mean_max_std	catboost	HPCLAS_TRAIN_N_005014	0	HPCLAS_TRAIN_N_005014	0	D_hard_sample	0.4990806056801415	0.6222432458102205	1
layer36_mean_max_std	catboost	HPCLAS_TRAIN_N_005020	0	HPCLAS_TRAIN_N_005020	0	A_clean_core	-4.287051614028642	0.013559018307459859	0
layer36_mean_max_std	catboost	HPCLAS_TRAIN_N_005026	0	HPCLAS_TRAIN_N_005026	0	A_clean_core	-2.5434881718154094	0.07286517566050264	0
layer36_mean_max_std	catboost	HPCLAS_TRAIN_N_005042	0	HPCLAS_TRAIN_N_005042	0	D_hard_sample	-0.04332357786280629	0.48917079928778734	0
layer36_mean_max_std	catboost	HPCLAS_TRAIN_N_005043	0	HPCLAS_TRAIN_N_005043	0	A_clean_core	-5.14393133762905	0.005800860049548323	0
layer36_mean_max_std	catboost	HPCLAS_TRAIN_N_005047	0	HPCLAS_TRAIN_N_005047	0	A_clean_core	-5.163004645871778	0.005691890723855123	0
layer36_mean_max_std	catboost	HPCLAS_TRAIN_N_005052	0	HPCLAS_TRAIN_N_005052	0	A_clean_core	-4.345253978326881	0.012802192608362321	0
layer36_mean_max_std	catboost	HPCLAS_TRAIN_N_005058	0	HPCLAS_TRAIN_N_005058	0	A_clean_core	-5.103390684966888	0.00603941328936977	0
layer36_mean_max_std	catboost	HPCLAS_TRAIN_N_005060	0	HPCLAS_TRAIN_N_005060	0	A_clean_core	-1.828581301497358	0.1384073672863405	0
layer36_mean_max_std	catboost	HPCLAS_TRAIN_N_005066	0	HPCLAS_TRAIN_N_005066	0	A_clean_core	-4.17863048127472	0.015088328267414866	0
layer36_mean_max_std	catboost	HPCLAS_TRAIN_N_005068	0	HPCLAS_TRAIN_N_005068	0	A_clean_core	-4.264645915624706	0.013861987767145102	0
layer36_mean_max_std	catboost	HPCLAS_TRAIN_N_005076	0	HPCLAS_TRAIN_N_005076	0	A_clean_core	-5.590741670985108	0.0037183807708196215	0
layer36_mean_max_std	catboost	HPCLAS_TRAIN_N_005079	0	HPCLAS_TRAIN_N_005079	0	A_clean_core	-4.451521828353515	0.011526400572058953	0
layer36_mean_max_std	catboost	HPCLAS_TRAIN_N_005090	0	HPCLAS_TRAIN_N_005090	0	A_clean_core	-5.6194849235064055	0.003613404514902515	0
layer36_mean_max_std	catboost	HPCLAS_TRAIN_N_005092	0	HPCLAS_TRAIN_N_005092	0	D_hard_sample	1.000559058171007	0.7311684819381582	1
layer36_mean_max_std	catboost	HPCLAS_TRAIN_N_005094	0	HPCLAS_TRAIN_N_005094	0	D_hard_sample	1.2538159012867922	0.7779597129320359	1
layer36_mean_max_std	catboost	HPCLAS_TRAIN_N_005110	0	HPCLAS_TRAIN_N_005110	0	B_ambiguous	-3.2449646848281906	0.03750824642915943	0
layer36_mean_max_std	catboost	HPCLAS_TRAIN_P_000004	1	HPCLAS_TRAIN_P_000004	0	D_hard_sample	2.5007014941448635	0.9241909826958992	1
layer36_mean_max_std	catboost	HPCLAS_TRAIN_P_000006	1	HPCLAS_TRAIN_P_000006	0	A_clean_core	6.430144862450131	0.9983903777928909	1
layer36_mean_max_std	catboost	HPCLAS_TRAIN_P_000017	1	HPCLAS_TRAIN_P_000017	0	A_clean_core	-1.0283534964655308	0.26340343771440516	0
layer36_mean_max_std	catboost	HPCLAS_TRAIN_P_000029	1	HPCLAS_TRAIN_P_000029	0	A_clean_core	2.236156430380077	0.9034497096257138	1
layer36_mean_max_std	catboost	HPCLAS_TRAIN_P_000031	1	HPCLAS_TRAIN_P_000031	0	A_clean_core	2.885626355555975	0.9471313052551698	1
layer36_mean_max_std	catboost	HPCLAS_TRAIN_P_000036	1	HPCLAS_TRAIN_P_000036	0	A_clean_core	7.893251276580268	0.9996268852186974	1
layer36_mean_max_std	catboost	HPCLAS_TRAIN_P_000037	1	HPCLAS_TRAIN_P_000037	0	A_clean_core	8.422435093605545	0.9997801697604773	1
layer36_mean_max_std	catboost	HPCLAS_TRAIN_P_000040	1	HPCLAS_TRAIN_P_000040	0	A_clean_core	7.163160301467289	0.9992259968420317	1
layer36_mean_max_std	catboost	HPCLAS_TRAIN_P_000043	1	HPCLAS_TRAIN_P_000043	0	A_clean_core	4.027335107657119	0.9824902939758163	1
layer36_mean_max_std	catboost	HPCLAS_TRAIN_P_000051	1	HPCLAS_TRAIN_P_000051	0	D_hard_sample	-0.5228172699168007	0.37219369808452113	0
layer36_mean_max_std	catboost	HPCLAS_TRAIN_P_000062	1	HPCLAS_TRAIN_P_000062	0	A_clean_core	6.595255569619828	0.9986350281508505	1
layer36_mean_max_std	catboost	HPCLAS_TRAIN_P_000068	1	HPCLAS_TRAIN_P_000068	0	A_clean_core	6.423481604554146	0.9983796340896838	1
layer36_mean_max_std	catboost	HPCLAS_TRAIN_P_000081	1	HPCLAS_TRAIN_P_000081	0	A_clean_core	6.68497281080812	0.9987520106958939	1
layer36_mean_max_std	catboost	HPCLAS_TRAIN_P_000094	1	HPCLAS_TRAIN_P_000094	0	A_clean_core	7.625952067939095	0.999512606903035	1
layer36_mean_max_std	catboost	HPCLAS_TRAIN_P_000105	1	HPCLAS_TRAIN_P_000105	0	A_clean_core	6.797806755293983	0.998885023949188	1
layer36_mean_max_std	catboost	HPCLAS_TRAIN_P_000107	1	HPCLAS_TRAIN_P_000107	0	D_hard_sample	-0.9918032326190978	0.2705560526149865	0
layer36_mean_max_std	catboost	HPCLAS_TRAIN_P_000111	1	HPCLAS_TRAIN_P_000111	0	A_clean_core	0.0718102715509147	0.5179448571740735	1
layer36_mean_max_std	catboost	HPCLAS_TRAIN_P_000118	1	HPCLAS_TRAIN_P_000118	0	A_clean_core	7.157285267865785	0.9992214397142822	1
layer36_mean_max_std	catboost	HPCLAS_TRAIN_P_000127	1	HPCLAS_TRAIN_P_000127	0	A_clean_core	2.6916549040957323	0.9365324193398192	1
layer36_mean_max_std	catboost	HPCLAS_TRAIN_P_000151	1	HPCLAS_TRAIN_P_000151	0	A_clean_core	1.0186206602869476	0.7347038337452124	1
layer36_mean_max_std	catboost	HPCLAS_TRAIN_P_000162	1	HPCLAS_TRAIN_P_000162	0	A_clean_core	8.564851362690806	0.9998093444262239	1
layer36_mean_max_std	catboost	HPCLAS_TRAIN_P_000163	1	HPCLAS_TRAIN_P_000163	0	A_clean_core	5.072564449930567	0.9937726925334085	1
layer36_mean_max_std	catboost	HPCLAS_TRAIN_P_000170	1	HPCLAS_TRAIN_P_000170	0	A_clean_core	-0.19023238388741737	0.45258480769649584	0
layer36_mean_max_std	catboost	HPCLAS_TRAIN_P_000173	1	HPCLAS_TRAIN_P_000173	0	D_hard_sample	0.6626815820323726	0.6598625111486158	1
layer36_mean_max_std	catboost	HPCLAS_TRAIN_P_000174	1	HPCLAS_TRAIN_P_000174	0	A_clean_core	8.52322206016658	0.9998012416590492	1
layer36_mean_max_std	catboost	HPCLAS_TRAIN_P_000180	1	HPCLAS_TRAIN_N_004259	0	B_ambiguous	8.259309073226122	0.999741229212255	1
layer36_mean_max_std	catboost	HPCLAS_TRAIN_P_000184	1	HPCLAS_TRAIN_P_000184	0	A_clean_core	3.6832571052469274	0.9754756119287207	1
layer36_mean_max_std	catboost	HPCLAS_TRAIN_P_000190	1	HPCLAS_TRAIN_P_000190	0	A_clean_core	8.048238483749898	0.9996804376316806	1
layer36_mean_max_std	catboost	HPCLAS_TRAIN_P_000201	1	HPCLAS_TRAIN_P_000201	0	A_clean_core	7.703061250430667	0.9995487606238019	1
layer36_mean_max_std	catboost	HPCLAS_TRAIN_P_000203	1	HPCLAS_TRAIN_P_000203	0	D_hard_sample	-0.13956873953026327	0.4651643450012726	0
layer36_mean_max_std	catboost	HPCLAS_TRAIN_P_000206	1	HPCLAS_TRAIN_P_000206	0	A_clean_core	8.07879851856666	0.9996900527740462	1
layer36_mean_max_std	catboost	HPCLAS_TRAIN_P_000208	1	HPCLAS_TRAIN_P_000208	0	A_clean_core	8.411397293093138	0.9997777304197591	1
layer36_mean_max_std	catboost	HPCLAS_TRAIN_P_000212	1	HPCLAS_TRAIN_P_000212	0	A_clean_core	9.072344297961152	0.9998852160725276	1
layer36_mean_max_std	catboost	HPCLAS_TRAIN_P_000224	1	HPCLAS_TRAIN_P_000224	0	D_hard_sample	-0.2740753228734954	0.4319068840777464	0
layer36_mean_max_std	catboost	HPCLAS_TRAIN_P_000232	1	HPCLAS_TRAIN_P_000232	0	A_clean_core	9.980685489349938	0.9999537168120298	1
layer36_mean_max_std	catboost	HPCLAS_TRAIN_P_000237	1	HPCLAS_TRAIN_P_000237	0	D_hard_sample	1.811252270604333	0.8595131543944908	1
layer36_mean_max_std	catboost	HPCLAS_TRAIN_P_000255	1	HPCLAS_TRAIN_P_000255	0	A_clean_core	8.359554207945639	0.9997659061206428	1
layer36_mean_max_std	catboost	HPCLAS_TRAIN_P_000260	1	HPCLAS_TRAIN_P_000260	0	B_ambiguous	4.8475912734322195	0.9922138432721007	1
layer36_mean_max_std	catboost	HPCLAS_TRAIN_P_000261	1	HPCLAS_TRAIN_P_000261	0	A_clean_core	1.0220919470613612	0.7353798850445887	1
layer36_mean_max_std	catboost	HPCLAS_TRAIN_P_000269	1	HPCLAS_TRAIN_P_000269	0	A_clean_core	7.964852968854482	0.9996526578953393	1
layer36_mean_max_std	catboost	HPCLAS_TRAIN_P_000273	1	HPCLAS_TRAIN_P_000273	0	A_clean_core	7.05675189303207	0.9991391696352329	1
layer36_mean_max_std	catboost	HPCLAS_TRAIN_P_000280	1	HPCLAS_TRAIN_P_000280	0	A_clean_core	7.292008943215814	0.9993195047187517	1
layer36_mean_max_std	catboost	HPCLAS_TRAIN_P_000288	1	HPCLAS_TRAIN_P_000288	0	D_hard_sample	0.6719895800386328	0.6619485162078518	1
layer36_mean_max_std	catboost	HPCLAS_TRAIN_P_000293	1	HPCLAS_TRAIN_P_000293	0	A_clean_core	1.2874117930585045	0.7837087861295151	1
layer36_mean_max_std	catboost	HPCLAS_TRAIN_P_000303	1	HPCLAS_TRAIN_P_000303	0	A_clean_core	4.125357709924872	0.9840992066874948	1
layer36_mean_max_std	catboost	HPCLAS_TRAIN_P_000310	1	HPCLAS_TRAIN_P_000310	0	A_clean_core	7.00195913358979	0.9990907303079969	1
layer36_mean_max_std	catboost	HPCLAS_TRAIN_P_000311	1	HPCLAS_TRAIN_P_000311	0	A_clean_core	8.56818111328589	0.9998099780855523	1
layer36_mean_max_std	catboost	HPCLAS_TRAIN_P_000312	1	HPCLAS_TRAIN_P_000312	0	A_clean_core	7.2712304125818	0.9993052270295716	1
layer36_mean_max_std	catboost	HPCLAS_TRAIN_P_000322	1	HPCLAS_TRAIN_P_000322	0	A_clean_core	7.530142480170119	0.9994636260638203	1
layer36_mean_max_std	catboost	HPCLAS_TRAIN_P_000324	1	HPCLAS_TRAIN_P_000324	0	D_hard_sample	-1.4126650092787276	0.19581405469839952	0
layer36_mean_max_std	catboost	HPCLAS_TRAIN_P_000328	1	HPCLAS_TRAIN_P_000328	0	A_clean_core	7.88830249187613	0.9996250348716264	1
layer36_mean_max_std	catboost	HPCLAS_TRAIN_P_000340	1	HPCLAS_TRAIN_P_000340	0	A_clean_core	8.377020532084076	0.9997699584469906	1
layer36_mean_max_std	catboost	HPCLAS_TRAIN_P_000341	1	HPCLAS_TRAIN_P_000341	0	A_clean_core	6.060430437863735	0.9976720357738647	1
layer36_mean_max_std	catboost	HPCLAS_TRAIN_P_000342	1	HPCLAS_TRAIN_P_000342	0	A_clean_core	8.739624499530677	0.9998399116328839	1
layer36_mean_max_std	catboost	HPCLAS_TRAIN_P_000343	1	HPCLAS_TRAIN_P_000343	0	D_hard_sample	-0.8070995113949718	0.3085089163957409	0
layer36_mean_max_std	catboost	HPCLAS_TRAIN_P_000344	1	HPCLAS_TRAIN_P_000344	0	A_clean_core	4.500089396871678	0.9890140287338858	1
layer36_mean_max_std	catboost	HPCLAS_TRAIN_P_000348	1	HPCLAS_TRAIN_P_000348	0	B_ambiguous	4.831481298564919	0.9920883930871591	1
layer36_mean_max_std	catboost	HPCLAS_TRAIN_P_000350	1	HPCLAS_TRAIN_P_000350	0	A_clean_core	3.4295141048878843	0.9686142995932533	1
layer36_mean_max_std	catboost	HPCLAS_TRAIN_P_000371	1	HPCLAS_TRAIN_P_000371	0	A_clean_core	2.864496772224421	0.9460632198277348	1
layer36_mean_max_std	catboost	HPCLAS_TRAIN_P_000386	1	HPCLAS_TRAIN_P_000386	0	A_clean_core	5.189628402776987	0.9944568203722519	1
layer36_mean_max_std	catboost	HPCLAS_TRAIN_P_000395	1	HPCLAS_TRAIN_P_000395	0	A_clean_core	6.88045196244984	0.9989733755731776	1
layer36_mean_max_std	catboost	HPCLAS_TRAIN_P_000400	1	HPCLAS_TRAIN_P_000400	0	A_clean_core	4.164599690242954	0.984701739900517	1
layer36_mean_max_std	catboost	HPCLAS_TRAIN_P_000402	1	HPCLAS_TRAIN_P_000402	0	D_hard_sample	-1.2256192679122044	0.22694907589269311	0
layer36_mean_max_std	catboost	HPCLAS_TRAIN_P_000403	1	HPCLAS_TRAIN_P_000403	0	A_clean_core	6.894069323340784	0.9989872466720661	1
layer36_mean_max_std	catboost	HPCLAS_TRAIN_P_000421	1	HPCLAS_TRAIN_P_000421	0	D_hard_sample	3.0785461802664744	0.9559990704239052	1
layer36_mean_max_std	catboost	HPCLAS_TRAIN_P_000437	1	HPCLAS_TRAIN_P_000437	0	A_clean_core	8.492146278563322	0.999794969401745	1
layer36_mean_max_std	catboost	HPCLAS_TRAIN_P_000438	1	HPCLAS_TRAIN_P_000438	0	B_ambiguous	-0.011247010705513642	0.4971882769626931	0
layer36_mean_max_std	catboost	HPCLAS_TRAIN_P_000452	1	HPCLAS_TRAIN_P_000452	0	A_clean_core	2.5282179138725445	0.9260964768067672	1
layer36_mean_max_std	catboost	HPCLAS_TRAIN_P_000454	1	HPCLAS_TRAIN_P_000454	0	A_clean_core	2.580314634178962	0.9295838671211221	1
layer36_mean_max_std	catboost	HPCLAS_TRAIN_P_000465	1	HPCLAS_TRAIN_P_000465	0	A_clean_core	3.2038132658242806	0.9609775252406898	1
layer36_mean_max_std	catboost	HPCLAS_TRAIN_P_000466	1	HPCLAS_TRAIN_P_000466	0	D_hard_sample	2.874321262556995	0.9465623486602922	1
layer36_mean_max_std	catboost	HPCLAS_TRAIN_P_000467	1	HPCLAS_TRAIN_P_000467	0	A_clean_core	2.461940438379828	0.9214302587779495	1
layer36_mean_max_std	catboost	HPCLAS_TRAIN_P_000478	1	HPCLAS_TRAIN_P_000478	0	A_clean_core	9.058365916184135	0.9998836005004947	1
layer36_mean_max_std	catboost	HPCLAS_TRAIN_P_000484	1	HPCLAS_TRAIN_P_000484	0	A_clean_core	3.701146353355436	0.9758999546480132	1
layer36_mean_max_std	catboost	HPCLAS_TRAIN_P_000485	1	HPCLAS_TRAIN_P_000485	0	A_clean_core	6.27563381007269	0.9981219356623519	1
layer36_mean_max_std	catboost	HPCLAS_TRAIN_P_000500	1	HPCLAS_TRAIN_P_000500	0	A_clean_core	4.239134467444891	0.9857849150037464	1
layer36_mean_max_std	catboost	HPCLAS_TRAIN_P_000503	1	HPCLAS_TRAIN_P_000503	0	A_clean_core	5.073184105601505	0.993776526116865	1
layer36_mean_max_std	catboost	HPCLAS_TRAIN_P_000514	1	HPCLAS_TRAIN_P_000514	0	A_clean_core	5.447345675493919	0.995710753263848	1
layer36_mean_max_std	catboost	HPCLAS_TRAIN_P_000518	1	HPCLAS_TRAIN_P_000518	0	A_clean_core	9.85886422814924	0.9999477210371869	1
layer36_mean_max_std	catboost	HPCLAS_TRAIN_P_000521	1	HPCLAS_TRAIN_P_000521	0	A_clean_core	7.628430885130019	0.9995138129785937	1
layer36_mean_max_std	catboost	HPCLAS_TRAIN_P_000526	1	HPCLAS_TRAIN_P_000526	0	A_clean_core	7.914112017967251	0.9996345852322415	1
layer36_mean_max_std	catboost	HPCLAS_TRAIN_P_000531	1	HPCLAS_TRAIN_P_000531	0	D_hard_sample	-1.2513788005185558	0.22246155311418217	0
layer36_mean_max_std	catboost	HPCLAS_TRAIN_P_000533	1	HPCLAS_TRAIN_P_000533	0	A_clean_core	4.64989103461062	0.9905279341217287	1
layer36_mean_max_std	catboost	HPCLAS_TRAIN_P_000534	1	HPCLAS_TRAIN_P_000534	0	A_clean_core	3.3358478744596116	0.9656383369314916	1
layer36_mean_max_std	catboost	HPCLAS_TRAIN_P_000546	1	HPCLAS_TRAIN_P_000546	0	A_clean_core	6.212127923604052	0.9979990453410791	1
layer36_mean_max_std	catboost	HPCLAS_TRAIN_P_000552	1	HPCLAS_TRAIN_P_000552	0	A_clean_core	6.852726107413826	0.9989445437288763	1
layer36_mean_max_std	catboost	HPCLAS_TRAIN_P_000556	1	HPCLAS_TRAIN_P_000556	0	D_hard_sample	3.100054213732583	0.956894981266836	1
layer36_mean_max_std	catboost	HPCLAS_TRAIN_P_000568	1	HPCLAS_TRAIN_P_000568	0	A_clean_core	7.597288525509535	0.9994984414511309	1
layer36_mean_max_std	catboost	HPCLAS_TRAIN_P_000586	1	HPCLAS_TRAIN_P_000586	0	A_clean_core	6.152123118830701	0.9978755658889512	1
layer36_mean_max_std	catboost	HPCLAS_TRAIN_P_000590	1	HPCLAS_TRAIN_P_000590	0	A_clean_core	2.158822477907709	0.8964903308913024	1
layer36_mean_max_std	catboost	HPCLAS_TRAIN_P_000593	1	HPCLAS_TRAIN_P_000593	0	A_clean_core	3.698455706792894	0.975836591607352	1
layer36_mean_max_std	catboost	HPCLAS_TRAIN_P_000609	1	HPCLAS_TRAIN_P_000609	0	A_clean_core	1.8223228656595343	0.860844619117263	1
layer36_mean_max_std	catboost	HPCLAS_TRAIN_P_000611	1	HPCLAS_TRAIN_P_000611	0	A_clean_core	9.18388523724918	0.9998973297244479	1
layer36_mean_max_std	catboost	HPCLAS_TRAIN_P_000614	1	HPCLAS_TRAIN_P_000614	0	A_clean_core	7.985419900051832	0.9996597262889331	1
layer36_mean_max_std	catboost	HPCLAS_TRAIN_P_000619	1	HPCLAS_TRAIN_P_000619	0	A_clean_core	2.388934899788566	0.9159796332937677	1
layer36_mean_max_std	catboost	HPCLAS_TRAIN_P_000636	1	HPCLAS_TRAIN_P_000636	0	A_clean_core	9.271251279827654	0.9999059181458807	1
layer36_mean_max_std	catboost	HPCLAS_TRAIN_P_000663	1	HPCLAS_TRAIN_P_000663	0	A_clean_core	8.708644535538665	0.999834875310227	1
layer36_mean_max_std	catboost	HPCLAS_TRAIN_P_000666	1	HPCLAS_TRAIN_P_000666	0	A_clean_core	3.649715511267999	0.9746602715253485	1
layer36_mean_max_std	catboost	HPCLAS_TRAIN_P_000681	1	HPCLAS_TRAIN_N_000621	0	B_ambiguous	6.42390516763804	0.9983803191601394	1
layer36_mean_max_std	catboost	HPCLAS_TRAIN_P_000687	1	HPCLAS_TRAIN_P_000687	0	B_ambiguous	5.242628136795591	0.9947414531699105	1
layer36_mean_max_std	catboost	HPCLAS_TRAIN_P_000688	1	HPCLAS_TRAIN_P_000688	0	A_clean_core	8.070667676497361	0.9996875231595733	1
layer36_mean_max_std	catboost	HPCLAS_TRAIN_P_000689	1	HPCLAS_TRAIN_P_000689	0	A_clean_core	6.642997376318819	0.9986985804431351	1
layer36_mean_max_std	catboost	HPCLAS_TRAIN_P_000690	1	HPCLAS_TRAIN_P_000690	0	A_clean_core	7.0311128158072105	0.9991168331109682	1
layer36_mean_max_std	catboost	HPCLAS_TRAIN_P_000715	1	HPCLAS_TRAIN_P_000715	0	A_clean_core	6.290646770763061	0.9981498686007071	1
layer36_mean_max_std	catboost	HPCLAS_TRAIN_P_000718	1	HPCLAS_TRAIN_P_000718	0	A_clean_core	9.91156985149449	0.9999504049460411	1
layer36_mean_max_std	catboost	HPCLAS_TRAIN_P_000724	1	HPCLAS_TRAIN_P_000724	0	D_hard_sample	1.6380402512571213	0.837268097657758	1
layer36_mean_max_std	catboost	HPCLAS_TRAIN_P_000733	1	HPCLAS_TRAIN_P_000733	0	D_hard_sample	-2.439017040025959	0.08024543068934926	0
layer36_mean_max_std	catboost	HPCLAS_TRAIN_P_000741	1	HPCLAS_TRAIN_P_000741	0	A_clean_core	6.069935213089013	0.997694006945442	1
layer36_mean_max_std	catboost	HPCLAS_TRAIN_P_000745	1	HPCLAS_TRAIN_P_000745	0	D_hard_sample	-2.3841278301978046	0.08439106387127447	0
layer36_mean_max_std	catboost	HPCLAS_TRAIN_P_000746	1	HPCLAS_TRAIN_P_000746	0	A_clean_core	5.150845416453998	0.9942388789517252	1
layer36_mean_max_std	catboost	HPCLAS_TRAIN_P_000750	1	HPCLAS_TRAIN_P_000750	0	A_clean_core	8.651924814756416	0.999825240460612	1
layer36_mean_max_std	catboost	HPCLAS_TRAIN_P_000756	1	HPCLAS_TRAIN_P_000756	0	A_clean_core	8.525107877496357	0.9998016160534837	1
layer36_mean_max_std	catboost	HPCLAS_TRAIN_P_000758	1	HPCLAS_TRAIN_P_000758	0	A_clean_core	9.781474645138337	0.9999435147565601	1
layer36_mean_max_std	catboost	HPCLAS_TRAIN_P_000765	1	HPCLAS_TRAIN_P_000765	0	D_hard_sample	0.7259721531755485	0.673920767747471	1
layer36_mean_max_std	catboost	HPCLAS_TRAIN_P_000772	1	HPCLAS_TRAIN_P_000772	0	A_clean_core	9.772656510246492	0.9999430144879718	1
layer36_mean_max_std	catboost	HPCLAS_TRAIN_P_000774	1	HPCLAS_TRAIN_P_000774	0	A_clean_core	2.1483904109573557	0.8955182710515474	1
layer36_mean_max_std	catboost	HPCLAS_TRAIN_P_000780	1	HPCLAS_TRAIN_P_000780	0	A_clean_core	2.199230586038169	0.9001803959723256	1
layer36_mean_max_std	catboost	HPCLAS_TRAIN_P_000785	1	HPCLAS_TRAIN_P_000785	0	A_clean_core	4.501074287857946	0.9890247246976136	1
layer36_mean_max_std	catboost	HPCLAS_TRAIN_P_000786	1	HPCLAS_TRAIN_P_000786	0	A_clean_core	7.753260498748357	0.9995708438619098	1
layer36_mean_max_std	catboost	HPCLAS_TRAIN_P_000790	1	HPCLAS_TRAIN_P_000790	0	A_clean_core	7.892253916523383	0.9996265130423374	1
layer36_mean_max_std	catboost	HPCLAS_TRAIN_P_000818	1	HPCLAS_TRAIN_P_000818	0	A_clean_core	6.801478324748436	0.9988891056158703	1
layer36_mean_max_std	catboost	HPCLAS_TRAIN_P_000821	1	HPCLAS_TRAIN_P_000821	0	A_clean_core	4.82938481142312	0.9920719207437387	1
layer36_mean_max_std	catboost	HPCLAS_TRAIN_P_000825	1	HPCLAS_TRAIN_P_000825	0	A_clean_core	6.65172262498275	0.9987098716716859	1
layer36_mean_max_std	catboost	HPCLAS_TRAIN_P_000828	1	HPCLAS_TRAIN_P_000828	0	A_clean_core	6.505942212056569	0.9985076983633303	1
layer36_mean_max_std	catboost	HPCLAS_TRAIN_P_000829	1	HPCLAS_TRAIN_P_000829	0	A_clean_core	1.393786446698561	0.8011960398481126	1
layer36_mean_max_std	catboost	HPCLAS_TRAIN_P_000833	1	HPCLAS_TRAIN_P_000833	0	A_clean_core	7.083145454372062	0.9991615739988436	1
layer36_mean_max_std	catboost	HPCLAS_TRAIN_P_000851	1	HPCLAS_TRAIN_P_000851	0	A_clean_core	8.59237546188429	0.9998145195290875	1
layer36_mean_max_std	catboost	HPCLAS_TRAIN_P_000855	1	HPCLAS_TRAIN_P_000855	0	D_hard_sample	-1.7876596431369725	0.14335989781996752	0
layer36_mean_max_std	catboost	HPCLAS_TRAIN_P_000858	1	HPCLAS_TRAIN_P_000858	0	A_clean_core	7.521415712653147	0.9994589273132037	1
layer36_mean_max_std	catboost	HPCLAS_TRAIN_P_000866	1	HPCLAS_TRAIN_P_000866	0	A_clean_core	5.241834420664617	0.9947372996937675	1
layer36_mean_max_std	catboost	HPCLAS_TRAIN_P_000867	1	HPCLAS_TRAIN_P_000867	0	A_clean_core	6.6766425551502335	0.9987415843417046	1
layer36_mean_max_std	catboost	HPCLAS_TRAIN_P_000868	1	HPCLAS_TRAIN_P_000868	0	D_hard_sample	-1.75402995683828	0.14753962330603002	0
layer36_mean_max_std	catboost	HPCLAS_TRAIN_P_000887	1	HPCLAS_TRAIN_P_000887	0	A_clean_core	9.13789713079593	0.999892498379726	1
layer36_mean_max_std	catboost	HPCLAS_TRAIN_P_000892	1	HPCLAS_TRAIN_P_000892	0	A_clean_core	7.479087731043478	0.9994355463828617	1
layer36_mean_max_std	catboost	HPCLAS_TRAIN_P_000900	1	HPCLAS_TRAIN_P_000900	0	A_clean_core	7.543440554910296	0.9994707078378674	1
layer36_mean_max_std	catboost	HPCLAS_TRAIN_P_000909	1	HPCLAS_TRAIN_P_000909	0	A_clean_core	1.4408214891964557	0.8085818315125123	1
layer36_mean_max_std	catboost	HPCLAS_TRAIN_P_000918	1	HPCLAS_TRAIN_P_000918	0	D_hard_sample	-0.7739431442087267	0.31562674290343795	0
layer36_mean_max_std	catboost	HPCLAS_TRAIN_P_000919	1	HPCLAS_TRAIN_P_000919	0	A_clean_core	4.028216532230269	0.9825054507783385	1
layer36_mean_max_std	catboost	HPCLAS_TRAIN_P_000920	1	HPCLAS_TRAIN_P_000920	0	A_clean_core	8.465947448272269	0.999789528002548	1
layer36_mean_max_std	catboost	HPCLAS_TRAIN_P_000925	1	HPCLAS_TRAIN_P_000925	0	A_clean_core	7.027918015963987	0.9991140095614519	1
layer36_mean_max_std	catboost	HPCLAS_TRAIN_P_000946	1	HPCLAS_TRAIN_P_000946	0	A_clean_core	8.514171351852525	0.9997994349524232	1
layer36_mean_max_std	catboost	HPCLAS_TRAIN_P_000949	1	HPCLAS_TRAIN_P_000949	0	A_clean_core	5.842491914399786	0.9971067918786283	1
layer36_mean_max_std	catboost	HPCLAS_TRAIN_P_000970	1	HPCLAS_TRAIN_P_000970	0	A_clean_core	0.6004644206157609	0.6457625511546927	1
layer36_mean_max_std	catboost	HPCLAS_TRAIN_P_000974	1	HPCLAS_TRAIN_P_000974	0	A_clean_core	5.840426486800501	0.9971008273337971	1
layer36_mean_max_std	catboost	HPCLAS_TRAIN_P_000980	1	HPCLAS_TRAIN_P_000980	0	A_clean_core	2.2433997506799583	0.904079688620469	1
layer36_mean_max_std	catboost	HPCLAS_TRAIN_P_000981	1	HPCLAS_TRAIN_P_000981	0	A_clean_core	5.287951292164948	0.9949732954723348	1
layer36_mean_max_std	catboost	HPCLAS_TRAIN_P_000985	1	HPCLAS_TRAIN_P_000985	0	D_hard_sample	-0.8608620434856106	0.29715927153617816	0
layer36_mean_max_std	catboost	HPCLAS_TRAIN_P_000990	1	HPCLAS_TRAIN_P_000990	0	A_clean_core	6.836338270766156	0.9989271232892943	1
layer36_mean_max_std	catboost	HPCLAS_TRAIN_P_000998	1	HPCLAS_TRAIN_P_000998	0	A_clean_core	6.890154047538994	0.9989832777303032	1
layer36_mean_max_std	catboost	HPCLAS_TRAIN_P_001003	1	HPCLAS_TRAIN_P_001003	0	A_clean_core	3.392881655783832	0.9674813272993069	1
layer36_mean_max_std	catboost	HPCLAS_TRAIN_P_001013	1	HPCLAS_TRAIN_P_001013	0	A_clean_core	7.877789550811962	0.9996210735931941	1
layer36_mean_max_std	catboost	HPCLAS_TRAIN_P_001024	1	HPCLAS_TRAIN_P_001024	0	A_clean_core	4.225563154785572	0.9855934808402205	1
layer36_mean_max_std	catboost	HPCLAS_TRAIN_P_001034	1	HPCLAS_TRAIN_P_001034	0	A_clean_core	3.868000618404174	0.9795277572436788	1
layer36_mean_max_std	catboost	HPCLAS_TRAIN_P_001035	1	HPCLAS_TRAIN_P_001035	0	D_hard_sample	2.838015885103624	0.9446958924332166	1
layer36_mean_max_std	catboost	HPCLAS_TRAIN_P_001043	1	HPCLAS_TRAIN_P_001043	0	D_hard_sample	0.3918683878110936	0.5967323945972806	1
layer36_mean_max_std	catboost	HPCLAS_TRAIN_P_001044	1	HPCLAS_TRAIN_P_001044	0	A_clean_core	3.4295233903629665	0.9686145818763936	1
layer36_mean_max_std	catboost	HPCLAS_TRAIN_P_001051	1	HPCLAS_TRAIN_P_001051	0	A_clean_core	3.088033291998903	0.956396422364575	1
layer36_mean_max_std	catboost	HPCLAS_TRAIN_P_001060	1	HPCLAS_TRAIN_P_001060	0	A_clean_core	5.556593352182206	0.9961529467922392	1
layer36_mean_max_std	catboost	HPCLAS_TRAIN_P_001062	1	HPCLAS_TRAIN_P_001062	0	A_clean_core	6.503299224876085	0.9985037549216891	1
layer36_mean_max_std	catboost	HPCLAS_TRAIN_P_001068	1	HPCLAS_TRAIN_P_001068	0	A_clean_core	2.1887060234800035	0.8992307135216042	1
layer36_mean_max_std	catboost	HPCLAS_TRAIN_P_001072	1	HPCLAS_TRAIN_P_001072	0	D_hard_sample	-0.6007486203469805	0.3541724399184669	0
layer36_mean_max_std	catboost	HPCLAS_TRAIN_P_001075	1	HPCLAS_TRAIN_P_001075	0	A_clean_core	3.4599663122620385	0.969526971466316	1
layer36_mean_max_std	catboost	HPCLAS_TRAIN_P_001084	1	HPCLAS_TRAIN_P_001084	0	A_clean_core	9.017907684609225	0.9998787952018909	1
layer36_mean_max_std	catboost	HPCLAS_TRAIN_P_001086	1	HPCLAS_TRAIN_P_001086	0	A_clean_core	5.475392902579196	0.9958288885228641	1
layer36_mean_max_std	catboost	HPCLAS_TRAIN_P_001097	1	HPCLAS_TRAIN_P_001097	0	D_hard_sample	0.616909771822864	0.6495153985712029	1
layer36_mean_max_std	catboost	HPCLAS_TRAIN_P_001098	1	HPCLAS_TRAIN_P_001098	0	A_clean_core	3.0832879397575588	0.9561981010904953	1
layer36_mean_max_std	catboost	HPCLAS_TRAIN_P_001100	1	HPCLAS_TRAIN_P_001100	0	D_hard_sample	-3.650400379146797	0.02532281936095468	0
layer36_mean_max_std	catboost	HPCLAS_TRAIN_P_001105	1	HPCLAS_TRAIN_P_001105	0	A_clean_core	7.379561818993119	0.9993765147804012	1
layer36_mean_max_std	catboost	HPCLAS_TRAIN_P_001111	1	HPCLAS_TRAIN_P_001111	0	A_clean_core	7.286417352809141	0.9993156916209883	1
layer36_mean_max_std	catboost	HPCLAS_TRAIN_P_001115	1	HPCLAS_TRAIN_P_001115	0	A_clean_core	1.5138833331604618	0.8196360037059456	1
layer36_mean_max_std	catboost	HPCLAS_TRAIN_P_001118	1	HPCLAS_TRAIN_P_001118	0	D_hard_sample	0.2209201209948849	0.5550064928188048	1
layer36_mean_max_std	catboost	HPCLAS_TRAIN_P_001119	1	HPCLAS_TRAIN_P_001119	0	A_clean_core	6.639182524648336	0.9986936127369083	1
layer36_mean_max_std	catboost	HPCLAS_TRAIN_P_001135	1	HPCLAS_TRAIN_P_001135	0	D_hard_sample	0.9433721677884842	0.7197803160523746	1
layer36_mean_max_std	catboost	HPCLAS_TRAIN_P_001139	1	HPCLAS_TRAIN_P_001139	0	A_clean_core	-0.47788469446367554	0.3827517480861797	0
layer36_mean_max_std	catboost	HPCLAS_TRAIN_P_001151	1	HPCLAS_TRAIN_P_001151	0	A_clean_core	8.373171857149083	0.9997690715907692	1
layer36_mean_max_std	catboost	HPCLAS_TRAIN_P_001152	1	HPCLAS_TRAIN_P_001152	0	A_clean_core	7.887058721026295	0.9996245683859799	1
layer36_mean_max_std	catboost	HPCLAS_TRAIN_P_001158	1	HPCLAS_TRAIN_P_001158	0	A_clean_core	3.297275807853607	0.9643352365876222	1
layer36_mean_max_std	catboost	HPCLAS_TRAIN_P_001165	1	HPCLAS_TRAIN_P_001165	0	D_hard_sample	0.8053157393313133	0.6911104195070479	1
layer36_mean_max_std	catboost	HPCLAS_TRAIN_P_001166	1	HPCLAS_TRAIN_P_001166	0	A_clean_core	4.931247119898599	0.9928342223926725	1
layer36_mean_max_std	catboost	HPCLAS_TRAIN_P_001170	1	HPCLAS_TRAIN_P_001170	0	D_hard_sample	3.2362990837627623	0.9621776565695227	1
layer36_mean_max_std	catboost	HPCLAS_TRAIN_P_001171	1	HPCLAS_TRAIN_P_001171	0	A_clean_core	4.718281214034069	0.9911485331490764	1
layer36_mean_max_std	catboost	HPCLAS_TRAIN_P_001178	1	HPCLAS_TRAIN_P_001178	0	A_clean_core	8.24425999935542	0.9997373065322328	1
layer36_mean_max_std	catboost	HPCLAS_TRAIN_P_001179	1	HPCLAS_TRAIN_P_001179	0	A_clean_core	7.393409356268004	0.9993850837397763	1
layer36_mean_max_std	catboost	HPCLAS_TRAIN_P_001184	1	HPCLAS_TRAIN_P_001184	0	A_clean_core	5.631533977360842	0.9964297178339157	1
layer36_mean_max_std	catboost	HPCLAS_TRAIN_P_001185	1	HPCLAS_TRAIN_P_001185	0	A_clean_core	2.983531746321973	0.9518245765926668	1
layer36_mean_max_std	catboost	HPCLAS_TRAIN_P_001188	1	HPCLAS_TRAIN_P_001188	0	A_clean_core	5.6590622653028895	0.9965263243764922	1
layer36_mean_max_std	catboost	HPCLAS_TRAIN_P_001192	1	HPCLAS_TRAIN_P_001192	0	A_clean_core	8.649576594719095	0.9998248296765283	1
layer36_mean_max_std	catboost	HPCLAS_TRAIN_P_001193	1	HPCLAS_TRAIN_P_001193	0	A_clean_core	8.831461771205648	0.9998539567613712	1
layer36_mean_max_std	catboost	HPCLAS_TRAIN_P_001196	1	HPCLAS_TRAIN_P_001196	0	B_ambiguous	2.875719950023738	0.9466330529923728	1
layer36_mean_max_std	catboost	HPCLAS_TRAIN_P_001198	1	HPCLAS_TRAIN_P_001198	0	A_clean_core	1.1919415944411789	0.7670881369910625	1
layer36_mean_max_std	catboost	HPCLAS_TRAIN_P_001209	1	HPCLAS_TRAIN_P_001209	0	A_clean_core	4.731774307260427	0.9912661285511786	1
layer36_mean_max_std	catboost	HPCLAS_TRAIN_P_001214	1	HPCLAS_TRAIN_P_001214	0	A_clean_core	7.6149199233283404	0.9995072028070994	1
layer36_mean_max_std	catboost	HPCLAS_TRAIN_P_001222	1	HPCLAS_TRAIN_P_001222	0	A_clean_core	7.256774235948223	0.9992951174515986	1
layer36_mean_max_std	catboost	HPCLAS_TRAIN_P_001233	1	HPCLAS_TRAIN_P_001233	0	A_clean_core	3.9949419762611567	0.981924233499349	1
layer36_mean_max_std	catboost	HPCLAS_TRAIN_P_001240	1	HPCLAS_TRAIN_P_001240	0	A_clean_core	8.112575150646451	0.999700343833337	1
layer36_mean_max_std	catboost	HPCLAS_TRAIN_P_001243	1	HPCLAS_TRAIN_P_001243	0	D_hard_sample	4.097106080720686	0.9836510266115174	1
layer36_mean_max_std	catboost	HPCLAS_TRAIN_P_001245	1	HPCLAS_TRAIN_P_001245	0	A_clean_core	3.6333086558010774	0.9742518899495299	1
layer36_mean_max_std	catboost	HPCLAS_TRAIN_P_001246	1	HPCLAS_TRAIN_P_001246	0	D_hard_sample	0.16549543069107286	0.5412796841163053	1
layer36_mean_max_std	catboost	HPCLAS_TRAIN_P_001248	1	HPCLAS_TRAIN_P_001248	0	A_clean_core	3.2533795713999454	0.9627943630846811	1
layer36_mean_max_std	catboost	HPCLAS_TRAIN_P_001250	1	HPCLAS_TRAIN_P_001250	0	A_clean_core	7.791310076529138	0.9995868596954353	1
layer36_mean_max_std	catboost	HPCLAS_TRAIN_P_001266	1	HPCLAS_TRAIN_P_001266	0	A_clean_core	8.634681586588838	0.9998222014519196	1
layer36_mean_max_std	catboost	HPCLAS_TRAIN_P_001276	1	HPCLAS_TRAIN_P_001276	0	D_hard_sample	1.0489187174282357	0.7405672091984544	1
layer36_mean_max_std	catboost	HPCLAS_TRAIN_P_001278	1	HPCLAS_TRAIN_P_001278	0	A_clean_core	3.5805262158826787	0.9728941631491322	1
layer36_mean_max_std	catboost	HPCLAS_TRAIN_P_001287	1	HPCLAS_TRAIN_P_001287	0	A_clean_core	7.516352527381542	0.9994561823083917	1
layer36_mean_max_std	catboost	HPCLAS_TRAIN_P_001288	1	HPCLAS_TRAIN_P_001288	0	A_clean_core	5.142438009723998	0.9941905212557096	1
layer36_mean_max_std	catboost	HPCLAS_TRAIN_P_001301	1	HPCLAS_TRAIN_P_001301	0	B_ambiguous	-2.93458049857009	0.05047036068758768	0
layer36_mean_max_std	catboost	HPCLAS_TRAIN_P_001303	1	HPCLAS_TRAIN_P_001303	0	A_clean_core	7.0212120386079135	0.9991080534807221	1
layer36_mean_max_std	catboost	HPCLAS_TRAIN_P_001304	1	HPCLAS_TRAIN_P_001304	0	A_clean_core	7.9402586014937695	0.9996440123976131	1
layer36_mean_max_std	catboost	HPCLAS_TRAIN_P_001312	1	HPCLAS_TRAIN_P_001312	0	A_clean_core	3.1852548058680594	0.9602756033470847	1
layer36_mean_max_std	catboost	HPCLAS_TRAIN_P_001331	1	HPCLAS_TRAIN_P_001331	0	A_clean_core	6.065040372629968	0.9976827180273999	1
layer36_mean_max_std	catboost	HPCLAS_TRAIN_P_001345	1	HPCLAS_TRAIN_P_001345	0	A_clean_core	-1.1869732100459907	0.23380071174698738	0
layer36_mean_max_std	catboost	HPCLAS_TRAIN_P_001351	1	HPCLAS_TRAIN_P_001351	0	A_clean_core	5.1449215229061265	0.9942048477633776	1
layer36_mean_max_std	catboost	HPCLAS_TRAIN_P_001359	1	HPCLAS_TRAIN_P_001359	0	D_hard_sample	0.0644248589970179	0.5161006462396328	1
layer36_mean_max_std	catboost	HPCLAS_TRAIN_P_001360	1	HPCLAS_TRAIN_P_001360	0	A_clean_core	6.035641509144369	0.9976137462574108	1
layer36_mean_max_std	catboost	HPCLAS_TRAIN_P_001364	1	HPCLAS_TRAIN_P_001364	0	A_clean_core	5.399812200916879	0.9955028861614899	1
layer36_mean_max_std	catboost	HPCLAS_TRAIN_P_001368	1	HPCLAS_TRAIN_P_001368	0	A_clean_core	5.764211435629386	0.9968719466211458	1
layer36_mean_max_std	catboost	HPCLAS_TRAIN_P_001382	1	HPCLAS_TRAIN_P_001382	0	A_clean_core	4.225577987936386	0.9855936914541871	1
layer36_mean_max_std	catboost	HPCLAS_TRAIN_P_001383	1	HPCLAS_TRAIN_P_001383	0	A_clean_core	8.857970041802004	0.9998577767106548	1
layer36_mean_max_std	catboost	HPCLAS_TRAIN_P_001386	1	HPCLAS_TRAIN_P_001386	0	D_hard_sample	-1.9876360448818529	0.12050718204712682	0
layer36_mean_max_std	catboost	HPCLAS_TRAIN_P_001390	1	HPCLAS_TRAIN_P_001390	0	A_clean_core	7.358755650345991	0.9993634148931101	1
layer36_mean_max_std	catboost	HPCLAS_TRAIN_P_001393	1	HPCLAS_TRAIN_P_001393	0	A_clean_core	3.2325936046483483	0.9620425762811267	1
layer36_mean_max_std	catboost	HPCLAS_TRAIN_P_001397	1	HPCLAS_TRAIN_P_001397	0	A_clean_core	7.533639455315309	0.9994654974735407	1
layer36_mean_max_std	catboost	HPCLAS_TRAIN_P_001401	1	HPCLAS_TRAIN_P_001401	0	D_hard_sample	-2.4889957406941554	0.07663322911351646	0
layer36_mean_max_std	catboost	HPCLAS_TRAIN_P_001415	1	HPCLAS_TRAIN_P_001415	0	A_clean_core	0.5984371539801365	0.6452986703473323	1
layer36_mean_max_std	catboost	HPCLAS_TRAIN_P_001422	1	HPCLAS_TRAIN_P_001422	0	A_clean_core	7.004444419341975	0.9990929852500914	1
layer36_mean_max_std	catboost	HPCLAS_TRAIN_P_001435	1	HPCLAS_TRAIN_P_004508	0	A_clean_core	8.286687415276035	0.9997482160629583	1
layer36_mean_max_std	catboost	HPCLAS_TRAIN_P_001436	1	HPCLAS_TRAIN_P_001436	0	A_clean_core	6.020659503953251	0.9975778134863575	1
layer36_mean_max_std	catboost	HPCLAS_TRAIN_P_001441	1	HPCLAS_TRAIN_P_001441	0	A_clean_core	2.164358945282279	0.897002963075898	1
layer36_mean_max_std	catboost	HPCLAS_TRAIN_P_001446	1	HPCLAS_TRAIN_P_001446	0	A_clean_core	8.570131491868652	0.9998103482688208	1
layer36_mean_max_std	catboost	HPCLAS_TRAIN_P_001448	1	HPCLAS_TRAIN_P_001448	0	D_hard_sample	-1.6992116314341514	0.15456825859995996	0
layer36_mean_max_std	catboost	HPCLAS_TRAIN_P_001449	1	HPCLAS_TRAIN_P_001449	0	A_clean_core	1.552374801993399	0.825256462407495	1
layer36_mean_max_std	catboost	HPCLAS_TRAIN_P_001451	1	HPCLAS_TRAIN_P_001451	0	A_clean_core	9.124311180702321	0.9998910280620171	1
layer36_mean_max_std	catboost	HPCLAS_TRAIN_P_001452	1	HPCLAS_TRAIN_N_004054	0	B_ambiguous	3.906265786211494	0.9802811770422927	1
layer36_mean_max_std	catboost	HPCLAS_TRAIN_P_001454	1	HPCLAS_TRAIN_N_004714	0	B_ambiguous	6.130048524265311	0.9978282514109768	1
layer36_mean_max_std	catboost	HPCLAS_TRAIN_P_001467	1	HPCLAS_TRAIN_P_001467	0	A_clean_core	8.44088546925943	0.9997841876558339	1
layer36_mean_max_std	catboost	HPCLAS_TRAIN_P_001473	1	HPCLAS_TRAIN_P_001473	0	D_hard_sample	0.7584280694694183	0.6810123534085758	1
layer36_mean_max_std	catboost	HPCLAS_TRAIN_P_001477	1	HPCLAS_TRAIN_N_004191	0	B_ambiguous	-0.6739041537806487	0.3376231874278997	0
layer36_mean_max_std	catboost	HPCLAS_TRAIN_P_001478	1	HPCLAS_TRAIN_P_001478	0	A_clean_core	1.8845543134155822	0.8681333690276865	1
layer36_mean_max_std	catboost	HPCLAS_TRAIN_P_001480	1	HPCLAS_TRAIN_P_001480	0	D_hard_sample	0.9320979671290444	0.7175007236326986	1
layer36_mean_max_std	catboost	HPCLAS_TRAIN_P_001489	1	HPCLAS_TRAIN_P_001489	0	A_clean_core	1.5354760973730472	0.8228061202819531	1
layer36_mean_max_std	catboost	HPCLAS_TRAIN_P_001505	1	HPCLAS_TRAIN_P_000790	0	A_clean_core	8.123456925727305	0.9997035859856214	1
layer36_mean_max_std	catboost	HPCLAS_TRAIN_P_001509	1	HPCLAS_TRAIN_P_001509	0	D_hard_sample	1.314041444608151	0.7881886499785933	1
layer36_mean_max_std	catboost	HPCLAS_TRAIN_P_001510	1	HPCLAS_TRAIN_P_001510	0	A_clean_core	5.250423499364994	0.994782073025372	1
layer36_mean_max_std	catboost	HPCLAS_TRAIN_P_001512	1	HPCLAS_TRAIN_P_001512	0	A_clean_core	8.706426910734283	0.9998345087799563	1
layer36_mean_max_std	catboost	HPCLAS_TRAIN_P_001515	1	HPCLAS_TRAIN_P_001515	0	A_clean_core	9.04114693535916	0.9998815791038422	1
layer36_mean_max_std	catboost	HPCLAS_TRAIN_P_001521	1	HPCLAS_TRAIN_P_001521	0	A_clean_core	8.82918139069344	0.9998536233960088	1
layer36_mean_max_std	catboost	HPCLAS_TRAIN_P_001529	1	HPCLAS_TRAIN_P_001529	0	A_clean_core	2.5425074173362803	0.9270685408832441	1
layer36_mean_max_std	catboost	HPCLAS_TRAIN_P_001536	1	HPCLAS_TRAIN_P_001536	0	A_clean_core	2.2240953272846617	0.9023925081451871	1
layer36_mean_max_std	catboost	HPCLAS_TRAIN_P_001540	1	HPCLAS_TRAIN_P_001540	0	A_clean_core	8.029550882152709	0.9996744115910693	1
layer36_mean_max_std	catboost	HPCLAS_TRAIN_P_001543	1	HPCLAS_TRAIN_P_001543	0	A_clean_core	3.3379316875887226	0.9657074127586933	1
layer36_mean_max_std	catboost	HPCLAS_TRAIN_P_001555	1	HPCLAS_TRAIN_P_001555	0	A_clean_core	7.11403916784476	0.9991870593392772	1
layer36_mean_max_std	catboost	HPCLAS_TRAIN_P_001564	1	HPCLAS_TRAIN_P_001564	0	A_clean_core	4.476684218657273	0.988756792481539	1
layer36_mean_max_std	catboost	HPCLAS_TRAIN_P_001569	1	HPCLAS_TRAIN_P_001569	0	B_ambiguous	2.506081784371413	0.9245670773875205	1
layer36_mean_max_std	catboost	HPCLAS_TRAIN_P_001576	1	HPCLAS_TRAIN_P_001576	0	A_clean_core	7.951939525086776	0.9996481450151071	1
layer36_mean_max_std	catboost	HPCLAS_TRAIN_P_001582	1	HPCLAS_TRAIN_P_001582	0	A_clean_core	7.834149658117651	0.999604177847971	1
layer36_mean_max_std	catboost	HPCLAS_TRAIN_P_001584	1	HPCLAS_TRAIN_P_001584	0	D_hard_sample	-0.5130510013974945	0.37447857237947574	0
layer36_mean_max_std	catboost	HPCLAS_TRAIN_P_001589	1	HPCLAS_TRAIN_P_001589	0	A_clean_core	8.93180766659616	0.9998678984716489	1
layer36_mean_max_std	catboost	HPCLAS_TRAIN_P_001591	1	HPCLAS_TRAIN_P_001591	0	A_clean_core	7.660985225918414	0.9995293782938888	1
layer36_mean_max_std	catboost	HPCLAS_TRAIN_P_001593	1	HPCLAS_TRAIN_P_001593	0	A_clean_core	7.260768077224927	0.9992979250538511	1
layer36_mean_max_std	catboost	HPCLAS_TRAIN_P_001598	1	HPCLAS_TRAIN_P_001598	0	A_clean_core	9.321648264528072	0.9999105416788703	1
layer36_mean_max_std	catboost	HPCLAS_TRAIN_P_001611	1	HPCLAS_TRAIN_P_001611	0	B_ambiguous	2.838667534110767	0.9447299283383173	1
layer36_mean_max_std	catboost	HPCLAS_TRAIN_P_001614	1	HPCLAS_TRAIN_P_001614	0	D_hard_sample	3.89165076245423	0.9799966768307126	1
layer36_mean_max_std	catboost	HPCLAS_TRAIN_P_001618	1	HPCLAS_TRAIN_P_001618	0	A_clean_core	2.0879782473093393	0.8897292254313391	1
layer36_mean_max_std	catboost	HPCLAS_TRAIN_P_001622	1	HPCLAS_TRAIN_P_001622	0	D_hard_sample	-0.443182021078023	0.3909830190675825	0
layer36_mean_max_std	catboost	HPCLAS_TRAIN_P_001624	1	HPCLAS_TRAIN_P_001624	0	D_hard_sample	-0.9847657647333564	0.27194717594402146	0
layer36_mean_max_std	catboost	HPCLAS_TRAIN_P_001633	1	HPCLAS_TRAIN_P_001633	0	D_hard_sample	-1.7828833430490743	0.14394746466127722	0
layer36_mean_max_std	catboost	HPCLAS_TRAIN_P_001639	1	HPCLAS_TRAIN_P_001639	0	B_ambiguous	-0.9979209819874086	0.269350377425635	0
layer36_mean_max_std	catboost	HPCLAS_TRAIN_P_001648	1	HPCLAS_TRAIN_P_001648	0	D_hard_sample	0.1169171387520959	0.5291960340449219	1
layer36_mean_max_std	catboost	HPCLAS_TRAIN_P_001652	1	HPCLAS_TRAIN_P_001652	0	D_hard_sample	1.2153131409983897	0.7712376977494506	1
layer36_mean_max_std	catboost	HPCLAS_TRAIN_P_001661	1	HPCLAS_TRAIN_P_001661	0	A_clean_core	6.931528480483213	0.9990244454809658	1
layer36_mean_max_std	catboost	HPCLAS_TRAIN_P_001663	1	HPCLAS_TRAIN_P_001663	0	A_clean_core	2.574332130807252	0.9291912583751509	1
layer36_mean_max_std	catboost	HPCLAS_TRAIN_P_001664	1	HPCLAS_TRAIN_P_001664	0	D_hard_sample	-0.7061322970765651	0.3304540237043982	0
layer36_mean_max_std	catboost	HPCLAS_TRAIN_P_001674	1	HPCLAS_TRAIN_P_001674	0	B_ambiguous	4.980637071533486	0.9931771858989428	1
layer36_mean_max_std	catboost	HPCLAS_TRAIN_P_001689	1	HPCLAS_TRAIN_P_001689	0	A_clean_core	6.466323909862897	0.9984474827506344	1
layer36_mean_max_std	catboost	HPCLAS_TRAIN_P_001706	1	HPCLAS_TRAIN_P_001706	0	A_clean_core	4.001748278989554	0.9820446433682869	1
layer36_mean_max_std	catboost	HPCLAS_TRAIN_P_001713	1	HPCLAS_TRAIN_P_001713	0	A_clean_core	0.1527669103037634	0.5381176248281403	1
layer36_mean_max_std	catboost	HPCLAS_TRAIN_P_001714	1	HPCLAS_TRAIN_P_001714	0	A_clean_core	0.9087216461036333	0.7127385007925522	1
layer36_mean_max_std	catboost	HPCLAS_TRAIN_P_001716	1	HPCLAS_TRAIN_P_001716	0	A_clean_core	2.335560060014311	0.9117795995655168	1
layer36_mean_max_std	catboost	HPCLAS_TRAIN_P_001719	1	HPCLAS_TRAIN_P_001719	0	A_clean_core	8.862634391175408	0.9998584384513617	1
layer36_mean_max_std	catboost	HPCLAS_TRAIN_P_001728	1	HPCLAS_TRAIN_P_001728	0	A_clean_core	4.647490080599317	0.990505380990055	1
layer36_mean_max_std	catboost	HPCLAS_TRAIN_P_001729	1	HPCLAS_TRAIN_P_001729	0	A_clean_core	7.676228776281758	0.9995364945381937	1
layer36_mean_max_std	catboost	HPCLAS_TRAIN_P_001736	1	HPCLAS_TRAIN_P_001736	0	A_clean_core	3.264936612052937	0.9632061451870841	1
layer36_mean_max_std	catboost	HPCLAS_TRAIN_P_001740	1	HPCLAS_TRAIN_P_001740	0	D_hard_sample	4.8257114022613266	0.9920429762678904	1
layer36_mean_max_std	catboost	HPCLAS_TRAIN_P_001742	1	HPCLAS_TRAIN_P_001742	0	D_hard_sample	-2.104214661256536	0.1086878528297326	0
layer36_mean_max_std	catboost	HPCLAS_TRAIN_P_001745	1	HPCLAS_TRAIN_P_001745	0	A_clean_core	6.4427317910085495	0.9984104790168832	1
layer36_mean_max_std	catboost	HPCLAS_TRAIN_P_001747	1	HPCLAS_TRAIN_P_001747	0	A_clean_core	6.181473397745276	0.9979368857031291	1
layer36_mean_max_std	catboost	HPCLAS_TRAIN_P_001748	1	HPCLAS_TRAIN_P_001748	0	A_clean_core	5.826369396023715	0.9970599062791818	1
layer36_mean_max_std	catboost	HPCLAS_TRAIN_P_001752	1	HPCLAS_TRAIN_P_001752	0	A_clean_core	1.2710259415342944	0.7809183215993805	1
layer36_mean_max_std	catboost	HPCLAS_TRAIN_P_001762	1	HPCLAS_TRAIN_P_001762	0	A_clean_core	7.2985483470524235	0.9993239372349004	1
layer36_mean_max_std	catboost	HPCLAS_TRAIN_P_001767	1	HPCLAS_TRAIN_P_001767	0	A_clean_core	3.7635968129689608	0.9773258988546133	1
layer36_mean_max_std	catboost	HPCLAS_TRAIN_P_001769	1	HPCLAS_TRAIN_P_001769	0	A_clean_core	4.390523975160574	0.9877575031135812	1
layer36_mean_max_std	catboost	HPCLAS_TRAIN_P_001779	1	HPCLAS_TRAIN_P_001779	0	A_clean_core	6.873083539883786	0.9989657908846867	1
layer36_mean_max_std	catboost	HPCLAS_TRAIN_P_001792	1	HPCLAS_TRAIN_P_001792	0	A_clean_core	7.787356864697246	0.9995852239105487	1
layer36_mean_max_std	catboost	HPCLAS_TRAIN_P_001795	1	HPCLAS_TRAIN_P_001795	0	A_clean_core	2.500763057362936	0.9241952958260746	1
layer36_mean_max_std	catboost	HPCLAS_TRAIN_P_001803	1	HPCLAS_TRAIN_P_001803	0	A_clean_core	1.8370091592921034	0.8625946018451669	1
layer36_mean_max_std	catboost	HPCLAS_TRAIN_P_001804	1	HPCLAS_TRAIN_P_001804	0	A_clean_core	8.802467406971916	0.9998496609914991	1
layer36_mean_max_std	catboost	HPCLAS_TRAIN_P_001814	1	HPCLAS_TRAIN_P_001814	0	A_clean_core	1.492774618779313	0.8164943624934803	1
layer36_mean_max_std	catboost	HPCLAS_TRAIN_P_001815	1	HPCLAS_TRAIN_P_001815	0	A_clean_core	4.5513577680477155	0.9895573337533146	1
layer36_mean_max_std	catboost	HPCLAS_TRAIN_P_001825	1	HPCLAS_TRAIN_P_001825	0	A_clean_core	7.931651730373029	0.9996409363397204	1
layer36_mean_max_std	catboost	HPCLAS_TRAIN_P_001826	1	HPCLAS_TRAIN_P_001826	0	A_clean_core	8.322520191197134	0.9997570762972577	1
layer36_mean_max_std	catboost	HPCLAS_TRAIN_P_001830	1	HPCLAS_TRAIN_P_001830	0	A_clean_core	-0.4266025884826052	0.39493789320322686	0
layer36_mean_max_std	catboost	HPCLAS_TRAIN_P_001840	1	HPCLAS_TRAIN_P_001840	0	A_clean_core	3.2625228797209544	0.9631205066442933	1
layer36_mean_max_std	catboost	HPCLAS_TRAIN_P_001841	1	HPCLAS_TRAIN_P_001841	0	A_clean_core	7.790300958039381	0.999586442749992	1
layer36_mean_max_std	catboost	HPCLAS_TRAIN_P_001847	1	HPCLAS_TRAIN_P_001847	0	A_clean_core	1.9966593080331945	0.8804458803095858	1
layer36_mean_max_std	catboost	HPCLAS_TRAIN_P_001848	1	HPCLAS_TRAIN_P_001848	0	A_clean_core	7.511084675813938	0.9994533115689628	1
layer36_mean_max_std	catboost	HPCLAS_TRAIN_P_001849	1	HPCLAS_TRAIN_P_001849	0	A_clean_core	4.7697650003766485	0.9915889721972152	1
layer36_mean_max_std	catboost	HPCLAS_TRAIN_P_001855	1	HPCLAS_TRAIN_P_001855	0	A_clean_core	8.953225668842164	0.9998706973761712	1
layer36_mean_max_std	catboost	HPCLAS_TRAIN_P_001867	1	HPCLAS_TRAIN_P_001867	0	A_clean_core	6.982040135867669	0.9990724539474379	1
layer36_mean_max_std	catboost	HPCLAS_TRAIN_P_001878	1	HPCLAS_TRAIN_P_001878	0	D_hard_sample	1.6800025011849542	0.8429048623123769	1
layer36_mean_max_std	catboost	HPCLAS_TRAIN_P_001884	1	HPCLAS_TRAIN_P_001884	0	A_clean_core	6.757182813880269	0.9988388502933044	1
layer36_mean_max_std	catboost	HPCLAS_TRAIN_P_001887	1	HPCLAS_TRAIN_P_001887	0	A_clean_core	2.7126241778540447	0.9377674707443114	1
layer36_mean_max_std	catboost	HPCLAS_TRAIN_P_001893	1	HPCLAS_TRAIN_P_001893	0	A_clean_core	4.83635576629193	0.992126561221318	1
layer36_mean_max_std	catboost	HPCLAS_TRAIN_P_001898	1	HPCLAS_TRAIN_P_001898	0	A_clean_core	8.593367279489204	0.9998147033666145	1
layer36_mean_max_std	catboost	HPCLAS_TRAIN_P_001903	1	HPCLAS_TRAIN_P_001903	0	A_clean_core	7.701287165569238	0.9995479597385216	1
layer36_mean_max_std	catboost	HPCLAS_TRAIN_P_001904	1	HPCLAS_TRAIN_P_001904	0	A_clean_core	9.87614928310564	0.9999486168709281	1
layer36_mean_max_std	catboost	HPCLAS_TRAIN_P_001911	1	HPCLAS_TRAIN_P_001911	0	A_clean_core	7.387905830054932	0.9993816923006242	1
layer36_mean_max_std	catboost	HPCLAS_TRAIN_P_001917	1	HPCLAS_TRAIN_P_001917	0	A_clean_core	7.509693361094728	0.9994525508406167	1
layer36_mean_max_std	catboost	HPCLAS_TRAIN_P_001918	1	HPCLAS_TRAIN_P_001918	0	A_clean_core	8.49571839321424	0.9997957003386487	1
layer36_mean_max_std	catboost	HPCLAS_TRAIN_P_001922	1	HPCLAS_TRAIN_P_001922	0	A_clean_core	4.562707429923899	0.9896739675065395	1
layer36_mean_max_std	catboost	HPCLAS_TRAIN_P_001927	1	HPCLAS_TRAIN_P_001927	0	A_clean_core	8.326802191676935	0.9997581140217059	1
layer36_mean_max_std	catboost	HPCLAS_TRAIN_P_001928	1	HPCLAS_TRAIN_P_001928	0	A_clean_core	5.095623321933407	0.9939137803559379	1
layer36_mean_max_std	catboost	HPCLAS_TRAIN_P_001936	1	HPCLAS_TRAIN_P_001936	0	D_hard_sample	-0.11944650367163187	0.4701738276471515	0
layer36_mean_max_std	catboost	HPCLAS_TRAIN_P_001941	1	HPCLAS_TRAIN_P_001941	0	A_clean_core	1.671350642325212	0.8417558137711388	1
layer36_mean_max_std	catboost	HPCLAS_TRAIN_P_001955	1	HPCLAS_TRAIN_P_001955	0	A_clean_core	4.388998263153653	0.9877390395242591	1
layer36_mean_max_std	catboost	HPCLAS_TRAIN_P_001969	1	HPCLAS_TRAIN_P_001969	0	A_clean_core	4.719080906880564	0.9911555461942175	1
layer36_mean_max_std	catboost	HPCLAS_TRAIN_P_001984	1	HPCLAS_TRAIN_P_001984	0	D_hard_sample	-0.21210059240332363	0.44717274704744636	0
layer36_mean_max_std	catboost	HPCLAS_TRAIN_P_001985	1	HPCLAS_TRAIN_P_001985	0	A_clean_core	8.93438366797638	0.999868238282666	1
layer36_mean_max_std	catboost	HPCLAS_TRAIN_P_001989	1	HPCLAS_TRAIN_P_001989	0	A_clean_core	8.60546568991366	0.9998169312468533	1
layer36_mean_max_std	catboost	HPCLAS_TRAIN_P_001994	1	HPCLAS_TRAIN_P_001994	0	A_clean_core	6.309688405763517	0.9981847014853892	1
layer36_mean_max_std	catboost	HPCLAS_TRAIN_P_002005	1	HPCLAS_TRAIN_P_002005	0	A_clean_core	9.873537655105553	0.9999484825088474	1
layer36_mean_max_std	catboost	HPCLAS_TRAIN_P_002007	1	HPCLAS_TRAIN_P_002007	0	A_clean_core	6.619574570111852	0.9986677788331576	1
layer36_mean_max_std	catboost	HPCLAS_TRAIN_P_002008	1	HPCLAS_TRAIN_P_002008	0	A_clean_core	8.637487008148371	0.9998226994644679	1
layer36_mean_max_std	catboost	HPCLAS_TRAIN_P_002013	1	HPCLAS_TRAIN_P_002013	0	D_hard_sample	-1.4307154156292108	0.192987238665934	0
layer36_mean_max_std	catboost	HPCLAS_TRAIN_P_002025	1	HPCLAS_TRAIN_P_002025	0	A_clean_core	4.842029912741986	0.9921707609778772	1
layer36_mean_max_std	catboost	HPCLAS_TRAIN_P_002031	1	HPCLAS_TRAIN_P_002031	0	A_clean_core	7.372862417826425	0.999372326410452	1
layer36_mean_max_std	catboost	HPCLAS_TRAIN_P_002035	1	HPCLAS_TRAIN_P_002035	0	D_hard_sample	1.5967937848243967	0.8315697951934806	1
layer36_mean_max_std	catboost	HPCLAS_TRAIN_P_002038	1	HPCLAS_TRAIN_P_002038	0	A_clean_core	7.872383738043202	0.9996190204238616	1
layer36_mean_max_std	catboost	HPCLAS_TRAIN_P_002046	1	HPCLAS_TRAIN_P_002046	0	A_clean_core	4.266593104781025	0.9861646048025628	1
layer36_mean_max_std	catboost	HPCLAS_TRAIN_P_002047	1	HPCLAS_TRAIN_P_002047	0	A_clean_core	7.334444882880581	0.9993477595894036	1
layer36_mean_max_std	catboost	HPCLAS_TRAIN_P_002052	1	HPCLAS_TRAIN_P_002052	0	A_clean_core	6.985610874286068	0.9990757570099517	1
layer36_mean_max_std	catboost	HPCLAS_TRAIN_P_002054	1	HPCLAS_TRAIN_P_002054	0	A_clean_core	8.54570014022984	0.9998056586677746	1
layer36_mean_max_std	catboost	HPCLAS_TRAIN_P_002056	1	HPCLAS_TRAIN_P_002056	0	A_clean_core	8.094985647980177	0.999695028023672	1
layer36_mean_max_std	catboost	HPCLAS_TRAIN_P_002062	1	HPCLAS_TRAIN_P_002062	0	A_clean_core	3.541049710063261	0.9718334601744988	1
layer36_mean_max_std	catboost	HPCLAS_TRAIN_P_002068	1	HPCLAS_TRAIN_P_002068	0	D_hard_sample	-1.11664344357469	0.24663442095924984	0
layer36_mean_max_std	catboost	HPCLAS_TRAIN_P_002072	1	HPCLAS_TRAIN_P_002072	0	A_clean_core	7.598747562112556	0.9994991723435812	1
layer36_mean_max_std	catboost	HPCLAS_TRAIN_P_002077	1	HPCLAS_TRAIN_P_002077	0	D_hard_sample	-1.1310350072074233	0.2439701445727174	0
layer36_mean_max_std	catboost	HPCLAS_TRAIN_P_002078	1	HPCLAS_TRAIN_P_002078	0	A_clean_core	-0.3863979728526202	0.4045847153009192	0
layer36_mean_max_std	catboost	HPCLAS_TRAIN_P_002085	1	HPCLAS_TRAIN_P_002085	0	A_clean_core	2.6680610185380327	0.9351154838414641	1
layer36_mean_max_std	catboost	HPCLAS_TRAIN_P_002086	1	HPCLAS_TRAIN_P_002086	0	D_hard_sample	0.6345615426013602	0.6535230573806103	1
layer36_mean_max_std	catboost	HPCLAS_TRAIN_P_002103	1	HPCLAS_TRAIN_P_002103	0	A_clean_core	8.27621860498567	0.9997455670133364	1
layer36_mean_max_std	catboost	HPCLAS_TRAIN_P_002104	1	HPCLAS_TRAIN_P_002104	0	D_hard_sample	0.7691026546419577	0.6833267479560601	1
layer36_mean_max_std	catboost	HPCLAS_TRAIN_P_002105	1	HPCLAS_TRAIN_P_002105	0	A_clean_core	5.461993626801606	0.9957728603741464	1
layer36_mean_max_std	catboost	HPCLAS_TRAIN_P_002107	1	HPCLAS_TRAIN_P_002107	0	A_clean_core	4.74832022647214	0.991408218141716	1
layer36_mean_max_std	catboost	HPCLAS_TRAIN_P_002111	1	HPCLAS_TRAIN_P_002111	0	A_clean_core	8.74242562868256	0.9998403593621222	1
layer36_mean_max_std	catboost	HPCLAS_TRAIN_P_002115	1	HPCLAS_TRAIN_P_002115	0	A_clean_core	7.93937966000499	0.9996436994793253	1
layer36_mean_max_std	catboost	HPCLAS_TRAIN_P_002117	1	HPCLAS_TRAIN_P_002117	0	A_clean_core	6.9813880610371655	0.9990718494823188	1
layer36_mean_max_std	catboost	HPCLAS_TRAIN_P_002123	1	HPCLAS_TRAIN_P_002123	0	A_clean_core	2.3096836591867804	0.9096758663059228	1
layer36_mean_max_std	catboost	HPCLAS_TRAIN_P_002137	1	HPCLAS_TRAIN_P_002137	0	A_clean_core	5.083235741922082	0.9938383853523316	1
layer36_mean_max_std	catboost	HPCLAS_TRAIN_P_002141	1	HPCLAS_TRAIN_P_002141	0	A_clean_core	4.9526797217170735	0.9929851036298559	1
layer36_mean_max_std	catboost	HPCLAS_TRAIN_P_002154	1	HPCLAS_TRAIN_P_002154	0	A_clean_core	4.332491922780739	0.9870355098442096	1
layer36_mean_max_std	catboost	HPCLAS_TRAIN_P_002156	1	HPCLAS_TRAIN_P_002156	0	A_clean_core	7.570751163782054	0.999484960178136	1
layer36_mean_max_std	catboost	HPCLAS_TRAIN_P_002159	1	HPCLAS_TRAIN_P_002159	0	A_clean_core	0.3870213508057072	0.5955654449703821	1
layer36_mean_max_std	catboost	HPCLAS_TRAIN_P_002162	1	HPCLAS_TRAIN_P_002162	0	A_clean_core	6.546506003684041	0.9985669354646849	1
layer36_mean_max_std	catboost	HPCLAS_TRAIN_P_002166	1	HPCLAS_TRAIN_P_002166	0	A_clean_core	4.184187262301217	0.9849940271027049	1
layer36_mean_max_std	catboost	HPCLAS_TRAIN_P_002175	1	HPCLAS_TRAIN_P_002175	0	A_clean_core	-1.7752613703530298	0.14488924564880284	0
layer36_mean_max_std	catboost	HPCLAS_TRAIN_P_002177	1	HPCLAS_TRAIN_P_002177	0	A_clean_core	8.792619890118488	0.9998481734380203	1
layer36_mean_max_std	catboost	HPCLAS_TRAIN_P_002183	1	HPCLAS_TRAIN_P_002183	0	A_clean_core	5.416520770266992	0.9955770726586445	1
layer36_mean_max_std	catboost	HPCLAS_TRAIN_P_002186	1	HPCLAS_TRAIN_P_002186	0	A_clean_core	7.015222456752432	0.9991026998708211	1
layer36_mean_max_std	catboost	HPCLAS_TRAIN_P_002188	1	HPCLAS_TRAIN_P_002188	0	A_clean_core	7.430805119315101	0.9994076409797947	1
layer36_mean_max_std	catboost	HPCLAS_TRAIN_P_002189	1	HPCLAS_TRAIN_P_002189	0	A_clean_core	9.836928277354788	0.9999465616399632	1
layer36_mean_max_std	catboost	HPCLAS_TRAIN_P_002192	1	HPCLAS_TRAIN_P_002192	0	A_clean_core	7.4928732963947775	0.9994432700034432	1
layer36_mean_max_std	catboost	HPCLAS_TRAIN_P_002196	1	HPCLAS_TRAIN_P_002196	0	A_clean_core	6.902043647894478	0.9989952824989445	1
layer36_mean_max_std	catboost	HPCLAS_TRAIN_P_002201	1	HPCLAS_TRAIN_P_002201	0	A_clean_core	6.715122648368752	0.9987890309247285	1
layer36_mean_max_std	catboost	HPCLAS_TRAIN_P_002202	1	HPCLAS_TRAIN_P_002202	0	A_clean_core	3.4299495985621324	0.9686275361773774	1
layer36_mean_max_std	catboost	HPCLAS_TRAIN_P_002203	1	HPCLAS_TRAIN_P_002203	0	A_clean_core	2.293201162633239	0.9083123947453815	1
layer36_mean_max_std	catboost	HPCLAS_TRAIN_P_002211	1	HPCLAS_TRAIN_P_002211	0	A_clean_core	3.2472914118845777	0.9625756612932351	1
layer36_mean_max_std	catboost	HPCLAS_TRAIN_P_002214	1	HPCLAS_TRAIN_P_002214	0	A_clean_core	1.6948135710470973	0.8448561429112417	1
layer36_mean_max_std	catboost	HPCLAS_TRAIN_P_002228	1	HPCLAS_TRAIN_P_002228	0	D_hard_sample	0.5997046368626111	0.6455887288879616	1
layer36_mean_max_std	catboost	HPCLAS_TRAIN_P_002231	1	HPCLAS_TRAIN_P_002231	0	A_clean_core	7.228367865139166	0.999274821920437	1
layer36_mean_max_std	catboost	HPCLAS_TRAIN_P_002235	1	HPCLAS_TRAIN_P_002235	0	A_clean_core	7.789383066659485	0.9995860631322906	1
layer36_mean_max_std	catboost	HPCLAS_TRAIN_P_002238	1	HPCLAS_TRAIN_P_002238	0	A_clean_core	-0.09924956039533603	0.47520795767739776	0
layer36_mean_max_std	catboost	HPCLAS_TRAIN_P_002253	1	HPCLAS_TRAIN_P_002253	0	A_clean_core	1.1130637130377634	0.7526998409456079	1
layer36_mean_max_std	catboost	HPCLAS_TRAIN_P_002258	1	HPCLAS_TRAIN_P_002258	0	A_clean_core	1.3153628027662971	0.7884091631545074	1
layer36_mean_max_std	catboost	HPCLAS_TRAIN_P_002260	1	HPCLAS_TRAIN_P_002260	0	D_hard_sample	2.756572819014553	0.9402834863890386	1
layer36_mean_max_std	catboost	HPCLAS_TRAIN_P_002267	1	HPCLAS_TRAIN_P_002267	0	A_clean_core	7.66978983412868	0.9995335018209676	1
layer36_mean_max_std	catboost	HPCLAS_TRAIN_P_002270	1	HPCLAS_TRAIN_P_002270	0	A_clean_core	3.9309775364848494	0.9807532283473773	1
layer36_mean_max_std	catboost	HPCLAS_TRAIN_P_002271	1	HPCLAS_TRAIN_P_002271	0	D_hard_sample	1.5915754549614312	0.8308376430993333	1
layer36_mean_max_std	catboost	HPCLAS_TRAIN_P_002284	1	HPCLAS_TRAIN_P_002284	0	A_clean_core	5.810482388214764	0.9970129646156238	1
layer36_mean_max_std	catboost	HPCLAS_TRAIN_P_002291	1	HPCLAS_TRAIN_N_001466	0	B_ambiguous	5.8501821369932445	0.9971288923250328	1
layer36_mean_max_std	catboost	HPCLAS_TRAIN_P_002294	1	HPCLAS_TRAIN_P_002294	0	A_clean_core	4.961428937082825	0.9930457858073746	1
layer36_mean_max_std	catboost	HPCLAS_TRAIN_P_002301	1	HPCLAS_TRAIN_P_002301	0	A_clean_core	7.69103273217196	0.9995433026014084	1
layer36_mean_max_std	catboost	HPCLAS_TRAIN_P_002307	1	HPCLAS_TRAIN_P_002307	0	A_clean_core	1.3659003176051472	0.7967169806134176	1
layer36_mean_max_std	catboost	HPCLAS_TRAIN_P_002309	1	HPCLAS_TRAIN_P_002309	0	A_clean_core	7.061502404998727	0.9991432458269199	1
layer36_mean_max_std	catboost	HPCLAS_TRAIN_P_002319	1	HPCLAS_TRAIN_P_002319	0	D_hard_sample	1.884588002944217	0.8681372256837379	1
layer36_mean_max_std	catboost	HPCLAS_TRAIN_P_002321	1	HPCLAS_TRAIN_P_002321	0	A_clean_core	6.811683082765911	0.9989003719754042	1
layer36_mean_max_std	catboost	HPCLAS_TRAIN_P_002322	1	HPCLAS_TRAIN_P_002322	0	A_clean_core	8.40061646899532	0.9997753217484957	1
layer36_mean_max_std	catboost	HPCLAS_TRAIN_P_002330	1	HPCLAS_TRAIN_P_002330	0	D_hard_sample	-0.6548475058459573	0.34189799588216396	0
layer36_mean_max_std	catboost	HPCLAS_TRAIN_P_002334	1	HPCLAS_TRAIN_P_002334	0	A_clean_core	2.1213144678519433	0.8929576369107447	1
layer36_mean_max_std	catboost	HPCLAS_TRAIN_P_002335	1	HPCLAS_TRAIN_P_002335	0	A_clean_core	4.274057694166105	0.9862660827521065	1
layer36_mean_max_std	catboost	HPCLAS_TRAIN_P_002341	1	HPCLAS_TRAIN_P_002341	0	A_clean_core	3.6505519343943056	0.9746809209920417	1
layer36_mean_max_std	catboost	HPCLAS_TRAIN_P_002347	1	HPCLAS_TRAIN_P_002347	0	D_hard_sample	-0.2983340299931026	0.4259647938236063	0
layer36_mean_max_std	catboost	HPCLAS_TRAIN_P_002350	1	HPCLAS_TRAIN_P_002350	0	A_clean_core	8.887663506295024	0.999861937155104	1
layer36_mean_max_std	catboost	HPCLAS_TRAIN_P_002351	1	HPCLAS_TRAIN_P_001664	0	A_clean_core	2.449600870874939	0.9205322583751799	1
layer36_mean_max_std	catboost	HPCLAS_TRAIN_P_002355	1	HPCLAS_TRAIN_P_002355	0	A_clean_core	6.035780226434941	0.9976140764593862	1
layer36_mean_max_std	catboost	HPCLAS_TRAIN_P_002361	1	HPCLAS_TRAIN_P_002361	0	A_clean_core	8.127418504878344	0.9997047575842847	1
layer36_mean_max_std	catboost	HPCLAS_TRAIN_P_002364	1	HPCLAS_TRAIN_P_002364	0	A_clean_core	4.668659442399098	0.9907024143531069	1
layer36_mean_max_std	catboost	HPCLAS_TRAIN_P_002365	1	HPCLAS_TRAIN_P_002365	0	A_clean_core	7.301963121950354	0.9993262403470744	1
layer36_mean_max_std	catboost	HPCLAS_TRAIN_P_002369	1	HPCLAS_TRAIN_P_002369	0	A_clean_core	6.836735352264719	0.9989275487674208	1
layer36_mean_max_std	catboost	HPCLAS_TRAIN_P_002377	1	HPCLAS_TRAIN_P_002377	0	A_clean_core	1.3237419181656704	0.7898035905301658	1
layer36_mean_max_std	catboost	HPCLAS_TRAIN_P_002388	1	HPCLAS_TRAIN_P_002388	0	A_clean_core	2.370798729026977	0.9145732851257945	1
layer36_mean_max_std	catboost	HPCLAS_TRAIN_P_002390	1	HPCLAS_TRAIN_P_002390	0	A_clean_core	8.41723832830923	0.9997790246338611	1
layer36_mean_max_std	catboost	HPCLAS_TRAIN_P_002394	1	HPCLAS_TRAIN_P_002394	0	A_clean_core	5.664210605597684	0.9965441004386565	1
layer36_mean_max_std	catboost	HPCLAS_TRAIN_P_002408	1	HPCLAS_TRAIN_P_002408	0	A_clean_core	4.875857266054843	0.9924292025037416	1
layer36_mean_max_std	catboost	HPCLAS_TRAIN_P_002409	1	HPCLAS_TRAIN_P_002409	0	D_hard_sample	2.5417247927756694	0.9270156080210809	1
layer36_mean_max_std	catboost	HPCLAS_TRAIN_P_002417	1	HPCLAS_TRAIN_P_002417	0	A_clean_core	5.243294945352732	0.9947449400246997	1
layer36_mean_max_std	catboost	HPCLAS_TRAIN_P_002419	1	HPCLAS_TRAIN_P_002419	0	B_ambiguous	4.0346768194113585	0.9826161479180642	1
layer36_mean_max_std	catboost	HPCLAS_TRAIN_P_002428	1	HPCLAS_TRAIN_P_002428	0	B_ambiguous	1.2204770581804052	0.7721474919087158	1
layer36_mean_max_std	catboost	HPCLAS_TRAIN_P_002430	1	HPCLAS_TRAIN_P_002430	0	A_clean_core	4.35230927022826	0.9872866684496496	1
layer36_mean_max_std	catboost	HPCLAS_TRAIN_P_002431	1	HPCLAS_TRAIN_P_002431	0	A_clean_core	6.002587407204992	0.9975337504988766	1
layer36_mean_max_std	catboost	HPCLAS_TRAIN_P_002445	1	HPCLAS_TRAIN_P_002445	0	A_clean_core	8.052996896172832	0.999681954146637	1
layer36_mean_max_std	catboost	HPCLAS_TRAIN_P_002468	1	HPCLAS_TRAIN_P_002468	0	A_clean_core	5.328163494783494	0.9951704632718243	1
layer36_mean_max_std	catboost	HPCLAS_TRAIN_P_002473	1	HPCLAS_TRAIN_P_002473	0	A_clean_core	4.424325269439813	0.9881595819693308	1
layer36_mean_max_std	catboost	HPCLAS_TRAIN_P_002480	1	HPCLAS_TRAIN_P_002480	0	B_ambiguous	-3.0039771269051774	0.04724652292561346	0
layer36_mean_max_std	catboost	HPCLAS_TRAIN_P_002484	1	HPCLAS_TRAIN_P_002484	0	A_clean_core	8.24893874949667	0.9997385324179258	1
layer36_mean_max_std	catboost	HPCLAS_TRAIN_P_002488	1	HPCLAS_TRAIN_P_002488	0	A_clean_core	8.512998128783545	0.999799199554072	1
layer36_mean_max_std	catboost	HPCLAS_TRAIN_P_002490	1	HPCLAS_TRAIN_P_002490	0	A_clean_core	10.440717752820298	0.9999707826243929	1
layer36_mean_max_std	catboost	HPCLAS_TRAIN_P_002498	1	HPCLAS_TRAIN_P_002498	0	A_clean_core	8.07096280201772	0.9996876153370529	1
layer36_mean_max_std	catboost	HPCLAS_TRAIN_P_002499	1	HPCLAS_TRAIN_P_002499	0	A_clean_core	7.496453846838991	0.9994452587349572	1
layer36_mean_max_std	catboost	HPCLAS_TRAIN_P_002517	1	HPCLAS_TRAIN_P_002517	0	A_clean_core	8.466919518485335	0.9997897324537013	1
layer36_mean_max_std	catboost	HPCLAS_TRAIN_P_002518	1	HPCLAS_TRAIN_P_002518	0	A_clean_core	6.0889715133182145	0.9977373909528874	1
layer36_mean_max_std	catboost	HPCLAS_TRAIN_P_002519	1	HPCLAS_TRAIN_N_004812	0	B_ambiguous	1.3318185055115015	0.7911412778292586	1
layer36_mean_max_std	catboost	HPCLAS_TRAIN_P_002524	1	HPCLAS_TRAIN_P_002524	0	A_clean_core	7.567971891315605	0.9994835274914464	1
layer36_mean_max_std	catboost	HPCLAS_TRAIN_P_002525	1	HPCLAS_TRAIN_P_002525	0	D_hard_sample	0.3317365383949093	0.582181843296241	1
layer36_mean_max_std	catboost	HPCLAS_TRAIN_P_002526	1	HPCLAS_TRAIN_P_002526	0	A_clean_core	8.200947194368815	0.9997256817283375	1
layer36_mean_max_std	catboost	HPCLAS_TRAIN_P_002528	1	HPCLAS_TRAIN_P_002528	0	A_clean_core	7.898063101016304	0.9996286756038935	1
layer36_mean_max_std	catboost	HPCLAS_TRAIN_P_002535	1	HPCLAS_TRAIN_P_002535	0	A_clean_core	6.177289998010375	0.9979282547113547	1
layer36_mean_max_std	catboost	HPCLAS_TRAIN_P_002538	1	HPCLAS_TRAIN_P_002538	0	A_clean_core	9.74485696109426	0.9999414081854525	1
layer36_mean_max_std	catboost	HPCLAS_TRAIN_P_002541	1	HPCLAS_TRAIN_P_002541	0	A_clean_core	3.510257197773185	0.9709782127522678	1
layer36_mean_max_std	catboost	HPCLAS_TRAIN_P_002543	1	HPCLAS_TRAIN_P_002543	0	A_clean_core	4.48080640600996	0.9888025257990183	1
layer36_mean_max_std	catboost	HPCLAS_TRAIN_P_002551	1	HPCLAS_TRAIN_P_002551	0	A_clean_core	9.073282746373804	0.9998853237284467	1
layer36_mean_max_std	catboost	HPCLAS_TRAIN_P_002556	1	HPCLAS_TRAIN_P_002556	0	A_clean_core	7.799973371902457	0.9995904219333414	1
layer36_mean_max_std	catboost	HPCLAS_TRAIN_P_002568	1	HPCLAS_TRAIN_P_002568	0	A_clean_core	7.825249484446756	0.9996006406514903	1
layer36_mean_max_std	catboost	HPCLAS_TRAIN_P_002572	1	HPCLAS_TRAIN_P_002572	0	A_clean_core	0.12228843590948321	0.5305340667474293	1
layer36_mean_max_std	catboost	HPCLAS_TRAIN_P_002573	1	HPCLAS_TRAIN_P_002573	0	D_hard_sample	1.5680016331412716	0.8274985386361852	1
layer36_mean_max_std	catboost	HPCLAS_TRAIN_P_002589	1	HPCLAS_TRAIN_P_002589	0	D_hard_sample	2.6263805141736665	0.9325402074594066	1
layer36_mean_max_std	catboost	HPCLAS_TRAIN_P_002595	1	HPCLAS_TRAIN_P_002595	0	A_clean_core	8.273818481361815	0.9997449557652204	1
layer36_mean_max_std	catboost	HPCLAS_TRAIN_P_002598	1	HPCLAS_TRAIN_P_002598	0	A_clean_core	5.223777989685097	0.9946419247892422	1
layer36_mean_max_std	catboost	HPCLAS_TRAIN_P_002610	1	HPCLAS_TRAIN_P_002610	0	D_hard_sample	1.785170107578275	0.8563340961666807	1
layer36_mean_max_std	catboost	HPCLAS_TRAIN_P_002613	1	HPCLAS_TRAIN_P_002613	0	A_clean_core	6.007503748097571	0.9975458159820408	1
layer36_mean_max_std	catboost	HPCLAS_TRAIN_P_002624	1	HPCLAS_TRAIN_N_001228	0	B_ambiguous	0.7686265140744922	0.6832237062855359	1
layer36_mean_max_std	catboost	HPCLAS_TRAIN_P_002636	1	HPCLAS_TRAIN_P_002636	0	A_clean_core	6.265669454824981	0.9981031640909453	1
layer36_mean_max_std	catboost	HPCLAS_TRAIN_P_002637	1	HPCLAS_TRAIN_P_002637	0	A_clean_core	2.2911616404236357	0.908142399813685	1
layer36_mean_max_std	catboost	HPCLAS_TRAIN_P_002638	1	HPCLAS_TRAIN_P_002638	0	A_clean_core	6.960997873846026	0.9990527481685268	1
layer36_mean_max_std	catboost	HPCLAS_TRAIN_P_002639	1	HPCLAS_TRAIN_P_002639	0	A_clean_core	7.182803512248288	0.9992410409688536	1
layer36_mean_max_std	catboost	HPCLAS_TRAIN_P_002644	1	HPCLAS_TRAIN_P_002644	0	A_clean_core	6.61374937987567	0.9986600061737372	1
layer36_mean_max_std	catboost	HPCLAS_TRAIN_P_002651	1	HPCLAS_TRAIN_P_002651	0	A_clean_core	3.7889320155728474	0.9778805889771301	1
layer36_mean_max_std	catboost	HPCLAS_TRAIN_P_002658	1	HPCLAS_TRAIN_P_002658	0	D_hard_sample	0.6117586751163151	0.6483418751958505	1
layer36_mean_max_std	catboost	HPCLAS_TRAIN_P_002670	1	HPCLAS_TRAIN_P_002670	0	A_clean_core	4.395266702145628	0.9878147226268377	1
layer36_mean_max_std	catboost	HPCLAS_TRAIN_P_002682	1	HPCLAS_TRAIN_N_003467	0	B_ambiguous	2.75777511348306	0.9403509600410848	1
layer36_mean_max_std	catboost	HPCLAS_TRAIN_P_002689	1	HPCLAS_TRAIN_P_002689	0	A_clean_core	3.60872078863497	0.9736278543978912	1
layer36_mean_max_std	catboost	HPCLAS_TRAIN_P_002692	1	HPCLAS_TRAIN_P_002692	0	D_hard_sample	0.26488299533004694	0.5658362590960079	1
layer36_mean_max_std	catboost	HPCLAS_TRAIN_P_002698	1	HPCLAS_TRAIN_P_002698	0	A_clean_core	8.425761434202967	0.9997808996159678	1
layer36_mean_max_std	catboost	HPCLAS_TRAIN_P_002720	1	HPCLAS_TRAIN_P_002720	0	A_clean_core	9.512259106772076	0.999926065651713	1
layer36_mean_max_std	catboost	HPCLAS_TRAIN_P_002721	1	HPCLAS_TRAIN_P_002721	0	D_hard_sample	0.36689319844761714	0.5907080528789597	1
layer36_mean_max_std	catboost	HPCLAS_TRAIN_P_002722	1	HPCLAS_TRAIN_P_002722	0	A_clean_core	7.239421661880553	0.9992827880333703	1
layer36_mean_max_std	catboost	HPCLAS_TRAIN_P_002724	1	HPCLAS_TRAIN_P_002724	0	A_clean_core	7.258704065475688	0.9992964754869375	1
layer36_mean_max_std	catboost	HPCLAS_TRAIN_P_002736	1	HPCLAS_TRAIN_P_002736	0	A_clean_core	7.762965569269114	0.9995749869453412	1
layer36_mean_max_std	catboost	HPCLAS_TRAIN_P_002737	1	HPCLAS_TRAIN_P_002737	0	D_hard_sample	0.733515626888993	0.6755762780882736	1
layer36_mean_max_std	catboost	HPCLAS_TRAIN_P_002764	1	HPCLAS_TRAIN_P_002764	0	A_clean_core	9.688459407853843	0.9999380090034732	1
layer36_mean_max_std	catboost	HPCLAS_TRAIN_P_002772	1	HPCLAS_TRAIN_P_002772	0	A_clean_core	8.054554204093165	0.9996824488993408	1
layer36_mean_max_std	catboost	HPCLAS_TRAIN_P_002773	1	HPCLAS_TRAIN_P_002773	0	A_clean_core	8.292249507705879	0.9997496122713146	1
layer36_mean_max_std	catboost	HPCLAS_TRAIN_P_002786	1	HPCLAS_TRAIN_P_002786	0	D_hard_sample	2.053076492590025	0.8862581122635492	1
layer36_mean_max_std	catboost	HPCLAS_TRAIN_P_002788	1	HPCLAS_TRAIN_P_002788	0	A_clean_core	8.236676220841865	0.9997353072791152	1
layer36_mean_max_std	catboost	HPCLAS_TRAIN_P_002789	1	HPCLAS_TRAIN_P_002789	0	A_clean_core	8.41729420241571	0.9997790369775892	1
layer36_mean_max_std	catboost	HPCLAS_TRAIN_P_002792	1	HPCLAS_TRAIN_P_002792	0	A_clean_core	2.0636024454784265	0.8873148712198201	1
layer36_mean_max_std	catboost	HPCLAS_TRAIN_P_002803	1	HPCLAS_TRAIN_P_002803	0	A_clean_core	2.324892409458466	0.9109177420427803	1
layer36_mean_max_std	catboost	HPCLAS_TRAIN_P_002815	1	HPCLAS_TRAIN_P_002815	0	D_hard_sample	4.816187699559369	0.9919674455539462	1
layer36_mean_max_std	catboost	HPCLAS_TRAIN_P_002834	1	HPCLAS_TRAIN_P_002834	0	D_hard_sample	-0.5433842045011599	0.36740068181700836	0
layer36_mean_max_std	catboost	HPCLAS_TRAIN_P_002837	1	HPCLAS_TRAIN_P_002837	0	A_clean_core	5.355974184593852	0.9953023032809869	1
layer36_mean_max_std	catboost	HPCLAS_TRAIN_P_002843	1	HPCLAS_TRAIN_P_002843	0	D_hard_sample	-0.005951031999532426	0.4985122463908201	0
layer36_mean_max_std	catboost	HPCLAS_TRAIN_P_002847	1	HPCLAS_TRAIN_P_002847	0	D_hard_sample	1.5331568845406651	0.8224677346610197	1
layer36_mean_max_std	catboost	HPCLAS_TRAIN_P_002849	1	HPCLAS_TRAIN_P_002849	0	A_clean_core	2.7593385837585656	0.9404385963490103	1
layer36_mean_max_std	catboost	HPCLAS_TRAIN_P_002850	1	HPCLAS_TRAIN_P_002850	0	A_clean_core	8.210747914726802	0.9997283563864913	1
layer36_mean_max_std	catboost	HPCLAS_TRAIN_P_002852	1	HPCLAS_TRAIN_P_002852	0	A_clean_core	6.305444791588686	0.9981769957637693	1
layer36_mean_max_std	catboost	HPCLAS_TRAIN_P_002853	1	HPCLAS_TRAIN_N_000764	0	B_ambiguous	5.257291815179385	0.9948176035101148	1
layer36_mean_max_std	catboost	HPCLAS_TRAIN_P_002857	1	HPCLAS_TRAIN_P_002857	0	A_clean_core	6.490935457638463	0.9984851690601336	1
layer36_mean_max_std	catboost	HPCLAS_TRAIN_P_002858	1	HPCLAS_TRAIN_P_002858	0	A_clean_core	3.8919629686861508	0.9800027961517898	1
layer36_mean_max_std	catboost	HPCLAS_TRAIN_P_002859	1	HPCLAS_TRAIN_P_002859	0	A_clean_core	7.890332038362464	0.9996257948245708	1
layer36_mean_max_std	catboost	HPCLAS_TRAIN_P_002867	1	HPCLAS_TRAIN_P_002867	0	A_clean_core	6.348521259547066	0.9982537227860313	1
layer36_mean_max_std	catboost	HPCLAS_TRAIN_P_002869	1	HPCLAS_TRAIN_P_002869	0	A_clean_core	9.463826881450947	0.9999223970012208	1
layer36_mean_max_std	catboost	HPCLAS_TRAIN_P_002873	1	HPCLAS_TRAIN_P_002873	0	A_clean_core	0.0080511797610161	0.5020127840676263	1
layer36_mean_max_std	catboost	HPCLAS_TRAIN_P_002885	1	HPCLAS_TRAIN_P_002885	0	A_clean_core	8.498477275735894	0.9997962630859459	1
layer36_mean_max_std	catboost	HPCLAS_TRAIN_P_002889	1	HPCLAS_TRAIN_P_002889	0	A_clean_core	2.8452834261836335	0.9450743643816636	1
layer36_mean_max_std	catboost	HPCLAS_TRAIN_P_002902	1	HPCLAS_TRAIN_P_002902	0	D_hard_sample	0.018013099648701028	0.5045031531506651	1
layer36_mean_max_std	catboost	HPCLAS_TRAIN_P_002907	1	HPCLAS_TRAIN_P_002907	0	A_clean_core	6.155062787948559	0.997881788642888	1
layer36_mean_max_std	catboost	HPCLAS_TRAIN_P_002910	1	HPCLAS_TRAIN_P_002910	0	A_clean_core	7.830193384046557	0.9996026093887789	1
layer36_mean_max_std	catboost	HPCLAS_TRAIN_P_002924	1	HPCLAS_TRAIN_P_002924	0	D_hard_sample	2.3623635447513136	0.913911943896934	1
layer36_mean_max_std	catboost	HPCLAS_TRAIN_P_002927	1	HPCLAS_TRAIN_P_002927	0	A_clean_core	1.7396043505207692	0.8506368036601629	1
layer36_mean_max_std	catboost	HPCLAS_TRAIN_P_002939	1	HPCLAS_TRAIN_P_002939	0	A_clean_core	7.998107625651808	0.9996640148741327	1
layer36_mean_max_std	catboost	HPCLAS_TRAIN_P_002947	1	HPCLAS_TRAIN_P_002947	0	D_hard_sample	0.3794881078271828	0.5937496348360839	1
layer36_mean_max_std	catboost	HPCLAS_TRAIN_P_002952	1	HPCLAS_TRAIN_P_002952	0	A_clean_core	4.187479581115112	0.9850426125648405	1
layer36_mean_max_std	catboost	HPCLAS_TRAIN_P_002955	1	HPCLAS_TRAIN_P_002955	0	A_clean_core	4.568073176713422	0.9897286584192806	1
layer36_mean_max_std	catboost	HPCLAS_TRAIN_P_002960	1	HPCLAS_TRAIN_P_002960	0	A_clean_core	4.262461028485459	0.9861081134450981	1
layer36_mean_max_std	catboost	HPCLAS_TRAIN_P_002961	1	HPCLAS_TRAIN_P_002961	0	A_clean_core	5.378072164177479	0.9954045024737498	1
layer36_mean_max_std	catboost	HPCLAS_TRAIN_P_002965	1	HPCLAS_TRAIN_P_002965	0	A_clean_core	2.879361429792336	0.9468167176866523	1
layer36_mean_max_std	catboost	HPCLAS_TRAIN_P_002971	1	HPCLAS_TRAIN_P_002971	0	A_clean_core	8.387394014455097	0.9997723319039031	1
layer36_mean_max_std	catboost	HPCLAS_TRAIN_P_002972	1	HPCLAS_TRAIN_P_002972	0	D_hard_sample	1.2894926944755243	0.7840613100766503	1
layer36_mean_max_std	catboost	HPCLAS_TRAIN_P_002990	1	HPCLAS_TRAIN_P_002990	0	A_clean_core	6.870904791536889	0.9989635374848239	1
layer36_mean_max_std	catboost	HPCLAS_TRAIN_P_002995	1	HPCLAS_TRAIN_P_002995	0	A_clean_core	7.216237763001373	0.9992659783648934	1
layer36_mean_max_std	catboost	HPCLAS_TRAIN_P_003021	1	HPCLAS_TRAIN_P_003021	0	A_clean_core	7.478483170787827	0.9994352052262583	1
layer36_mean_max_std	catboost	HPCLAS_TRAIN_P_003031	1	HPCLAS_TRAIN_P_003031	0	A_clean_core	7.5970843014523055	0.9994983390617396	1
layer36_mean_max_std	catboost	HPCLAS_TRAIN_P_003046	1	HPCLAS_TRAIN_P_003046	0	A_clean_core	1.872697156684416	0.8667700526187241	1
layer36_mean_max_std	catboost	HPCLAS_TRAIN_P_003048	1	HPCLAS_TRAIN_P_003048	0	A_clean_core	6.2301640975346215	0.9980347411068158	1
layer36_mean_max_std	catboost	HPCLAS_TRAIN_P_003052	1	HPCLAS_TRAIN_P_003052	0	A_clean_core	8.579555344141664	0.9998121267895217	1
layer36_mean_max_std	catboost	HPCLAS_TRAIN_P_003066	1	HPCLAS_TRAIN_P_003066	0	A_clean_core	3.214631171397171	0.9613811768131446	1
layer36_mean_max_std	catboost	HPCLAS_TRAIN_P_003077	1	HPCLAS_TRAIN_P_003077	0	A_clean_core	7.9171823682147435	0.9996357050548392	1
layer36_mean_max_std	catboost	HPCLAS_TRAIN_P_003079	1	HPCLAS_TRAIN_P_003079	0	A_clean_core	5.230157251073629	0.994675815155237	1
layer36_mean_max_std	catboost	HPCLAS_TRAIN_P_003089	1	HPCLAS_TRAIN_P_003089	0	A_clean_core	8.496985466275476	0.9997959589845313	1
layer36_mean_max_std	catboost	HPCLAS_TRAIN_P_003102	1	HPCLAS_TRAIN_P_003102	0	A_clean_core	7.978855376366317	0.9996574859739275	1
layer36_mean_max_std	catboost	HPCLAS_TRAIN_P_003112	1	HPCLAS_TRAIN_P_003112	0	D_hard_sample	1.8905591627540745	0.8688192727951445	1
layer36_mean_max_std	catboost	HPCLAS_TRAIN_P_003117	1	HPCLAS_TRAIN_P_003117	0	D_hard_sample	2.726304925518998	0.9385611088085303	1
layer36_mean_max_std	catboost	HPCLAS_TRAIN_P_003121	1	HPCLAS_TRAIN_P_003121	0	A_clean_core	3.790692754681034	0.9779186419867504	1
layer36_mean_max_std	catboost	HPCLAS_TRAIN_P_003123	1	HPCLAS_TRAIN_P_003123	0	A_clean_core	8.435275824415852	0.9997829738867449	1
layer36_mean_max_std	catboost	HPCLAS_TRAIN_P_003128	1	HPCLAS_TRAIN_P_003128	0	A_clean_core	6.67853455045883	0.9987439600196057	1
layer36_mean_max_std	catboost	HPCLAS_TRAIN_P_003136	1	HPCLAS_TRAIN_P_003136	0	A_clean_core	3.182416656520078	0.9601671967127154	1
layer36_mean_max_std	catboost	HPCLAS_TRAIN_P_003143	1	HPCLAS_TRAIN_P_003143	0	A_clean_core	8.942512090735827	0.9998693048171376	1
layer36_mean_max_std	catboost	HPCLAS_TRAIN_P_003162	1	HPCLAS_TRAIN_P_003162	0	A_clean_core	7.813369755031976	0.9995958700069196	1
layer36_mean_max_std	catboost	HPCLAS_TRAIN_P_003165	1	HPCLAS_TRAIN_P_003165	0	D_hard_sample	-1.0094442682842562	0.26708862243544074	0
layer36_mean_max_std	catboost	HPCLAS_TRAIN_P_003172	1	HPCLAS_TRAIN_P_003172	0	A_clean_core	7.807816613015945	0.9995936204874987	1
layer36_mean_max_std	catboost	HPCLAS_TRAIN_P_003206	1	HPCLAS_TRAIN_P_003206	0	A_clean_core	7.300362189302152	0.9993251615678631	1
layer36_mean_max_std	catboost	HPCLAS_TRAIN_P_003237	1	HPCLAS_TRAIN_P_003237	0	A_clean_core	3.6830185021309676	0.9754699031924777	1
layer36_mean_max_std	catboost	HPCLAS_TRAIN_P_003238	1	HPCLAS_TRAIN_P_003238	0	A_clean_core	6.212664219907754	0.9980001160124577	1
layer36_mean_max_std	catboost	HPCLAS_TRAIN_P_003255	1	HPCLAS_TRAIN_P_003255	0	A_clean_core	6.443471488018614	0.9984116524792233	1
layer36_mean_max_std	catboost	HPCLAS_TRAIN_P_003256	1	HPCLAS_TRAIN_P_003256	0	A_clean_core	8.974107458724506	0.9998733691120837	1
layer36_mean_max_std	catboost	HPCLAS_TRAIN_P_003260	1	HPCLAS_TRAIN_P_003260	0	D_hard_sample	-0.5148972762245002	0.37404619321896426	0
layer36_mean_max_std	catboost	HPCLAS_TRAIN_P_003265	1	HPCLAS_TRAIN_P_003265	0	A_clean_core	5.144155046866497	0.9942004299859915	1
layer36_mean_max_std	catboost	HPCLAS_TRAIN_P_003285	1	HPCLAS_TRAIN_P_003285	0	D_hard_sample	-0.3379759864928283	0.41630121777038015	0
layer36_mean_max_std	catboost	HPCLAS_TRAIN_P_003295	1	HPCLAS_TRAIN_P_003295	0	A_clean_core	3.068686019872361	0.9555824343644119	1
layer36_mean_max_std	catboost	HPCLAS_TRAIN_P_003299	1	HPCLAS_TRAIN_P_003299	0	B_ambiguous	-1.8506701685279348	0.1357942307481619	0
layer36_mean_max_std	catboost	HPCLAS_TRAIN_P_003305	1	HPCLAS_TRAIN_P_003305	0	D_hard_sample	0.04078000032702735	0.510193587452424	1
layer36_mean_max_std	catboost	HPCLAS_TRAIN_P_003309	1	HPCLAS_TRAIN_P_003309	0	A_clean_core	7.371661016942605	0.999371572343859	1
layer36_mean_max_std	catboost	HPCLAS_TRAIN_P_003311	1	HPCLAS_TRAIN_P_003311	0	A_clean_core	6.626122470057204	0.9986764620789728	1
layer36_mean_max_std	catboost	HPCLAS_TRAIN_P_003317	1	HPCLAS_TRAIN_P_003317	0	A_clean_core	4.510293408669401	0.9891243467425629	1
layer36_mean_max_std	catboost	HPCLAS_TRAIN_P_003319	1	HPCLAS_TRAIN_P_003319	0	A_clean_core	5.2690642257133185	0.9948779444401399	1
layer36_mean_max_std	catboost	HPCLAS_TRAIN_P_003320	1	HPCLAS_TRAIN_P_003320	0	A_clean_core	2.474004943915029	0.9222992583627382	1
layer36_mean_max_std	catboost	HPCLAS_TRAIN_P_003348	1	HPCLAS_TRAIN_P_003348	0	A_clean_core	5.716568669183936	0.9967198110441454	1
layer36_mean_max_std	catboost	HPCLAS_TRAIN_P_003366	1	HPCLAS_TRAIN_P_003366	0	A_clean_core	3.5613277123142826	0.9723832545153422	1
layer36_mean_max_std	catboost	HPCLAS_TRAIN_P_003376	1	HPCLAS_TRAIN_P_003376	0	A_clean_core	1.7291850726311215	0.8493081524275569	1
layer36_mean_max_std	catboost	HPCLAS_TRAIN_P_003379	1	HPCLAS_TRAIN_P_003379	0	A_clean_core	0.8281683819506762	0.6959675045907048	1
layer36_mean_max_std	catboost	HPCLAS_TRAIN_P_003380	1	HPCLAS_TRAIN_P_003380	0	A_clean_core	-1.5991101668714855	0.16810601806389577	0
layer36_mean_max_std	catboost	HPCLAS_TRAIN_P_003382	1	HPCLAS_TRAIN_P_003382	0	A_clean_core	4.361015353243538	0.9873954823011486	1
layer36_mean_max_std	catboost	HPCLAS_TRAIN_P_003383	1	HPCLAS_TRAIN_P_003383	0	A_clean_core	3.6699539418893714	0.9751553400150155	1
layer36_mean_max_std	catboost	HPCLAS_TRAIN_P_003386	1	HPCLAS_TRAIN_P_003386	0	D_hard_sample	0.6903993550474046	0.6660557593816105	1
layer36_mean_max_std	catboost	HPCLAS_TRAIN_P_003398	1	HPCLAS_TRAIN_P_003398	0	D_hard_sample	5.154566460431854	0.9942601536825613	1
layer36_mean_max_std	catboost	HPCLAS_TRAIN_P_003411	1	HPCLAS_TRAIN_P_003411	0	A_clean_core	9.352386758121444	0.9999132494251337	1
layer36_mean_max_std	catboost	HPCLAS_TRAIN_P_003414	1	HPCLAS_TRAIN_P_003414	0	A_clean_core	4.679637581678334	0.9908029927112679	1
layer36_mean_max_std	catboost	HPCLAS_TRAIN_P_003417	1	HPCLAS_TRAIN_P_003417	0	A_clean_core	4.1617620286890356	0.9846589338856094	1
layer36_mean_max_std	catboost	HPCLAS_TRAIN_P_003422	1	HPCLAS_TRAIN_N_003740	0	B_ambiguous	7.269361257731908	0.9993039280816606	1
layer36_mean_max_std	catboost	HPCLAS_TRAIN_P_003424	1	HPCLAS_TRAIN_P_003424	0	A_clean_core	2.6624634413738555	0.9347750252283328	1
layer36_mean_max_std	catboost	HPCLAS_TRAIN_P_003431	1	HPCLAS_TRAIN_P_003431	0	A_clean_core	8.308826011433032	0.9997537275991583	1
layer36_mean_max_std	catboost	HPCLAS_TRAIN_P_003433	1	HPCLAS_TRAIN_P_003433	0	A_clean_core	7.259286416623643	0.9992968847779929	1
layer36_mean_max_std	catboost	HPCLAS_TRAIN_P_003440	1	HPCLAS_TRAIN_P_003440	0	A_clean_core	4.4751947702993595	0.988740222525806	1
layer36_mean_max_std	catboost	HPCLAS_TRAIN_P_003445	1	HPCLAS_TRAIN_P_003445	0	A_clean_core	8.650391919406394	0.9998249724140233	1
layer36_mean_max_std	catboost	HPCLAS_TRAIN_P_003448	1	HPCLAS_TRAIN_P_003448	0	A_clean_core	6.4589423272187085	0.9984359983052205	1
layer36_mean_max_std	catboost	HPCLAS_TRAIN_P_003449	1	HPCLAS_TRAIN_P_003449	0	A_clean_core	2.0089427927305743	0.8817328210445056	1
layer36_mean_max_std	catboost	HPCLAS_TRAIN_P_003467	1	HPCLAS_TRAIN_N_004816	0	B_ambiguous	-1.0043048398106225	0.26809588083225344	0
layer36_mean_max_std	catboost	HPCLAS_TRAIN_P_003473	1	HPCLAS_TRAIN_P_003473	0	A_clean_core	5.736316652897172	0.9967837464471416	1
layer36_mean_max_std	catboost	HPCLAS_TRAIN_P_003476	1	HPCLAS_TRAIN_P_003476	0	A_clean_core	7.915970793077435	0.9996352635777378	1
layer36_mean_max_std	catboost	HPCLAS_TRAIN_P_003477	1	HPCLAS_TRAIN_P_003477	0	D_hard_sample	0.8539227986651918	0.7013893910307414	1
layer36_mean_max_std	catboost	HPCLAS_TRAIN_P_003490	1	HPCLAS_TRAIN_P_003490	0	A_clean_core	2.169880889031345	0.8975120107473324	1
layer36_mean_max_std	catboost	HPCLAS_TRAIN_P_003492	1	HPCLAS_TRAIN_P_003492	0	A_clean_core	2.2288574874049725	0.9028111574603599	1
layer36_mean_max_std	catboost	HPCLAS_TRAIN_P_003498	1	HPCLAS_TRAIN_P_003498	0	A_clean_core	4.760555898283523	0.991511816941235	1
layer36_mean_max_std	catboost	HPCLAS_TRAIN_P_003502	1	HPCLAS_TRAIN_P_003502	0	A_clean_core	7.141314924303465	0.9992089159369459	1
layer36_mean_max_std	catboost	HPCLAS_TRAIN_P_003503	1	HPCLAS_TRAIN_P_003503	0	A_clean_core	4.925864755021211	0.9927958281863113	1
layer36_mean_max_std	catboost	HPCLAS_TRAIN_P_003508	1	HPCLAS_TRAIN_P_003508	0	A_clean_core	8.35027451519198	0.9997637242065446	1
layer36_mean_max_std	catboost	HPCLAS_TRAIN_P_003513	1	HPCLAS_TRAIN_P_003513	0	A_clean_core	8.437611047553846	0.9997834799902505	1
layer36_mean_max_std	catboost	HPCLAS_TRAIN_P_003518	1	HPCLAS_TRAIN_P_003518	0	A_clean_core	3.133669244541269	0.9582604002276367	1
layer36_mean_max_std	catboost	HPCLAS_TRAIN_P_003528	1	HPCLAS_TRAIN_P_003528	0	A_clean_core	4.9972396447660135	0.9932887730666901	1
layer36_mean_max_std	catboost	HPCLAS_TRAIN_P_003532	1	HPCLAS_TRAIN_P_003532	0	A_clean_core	6.461001073956124	0.9984392098560253	1
layer36_mean_max_std	catboost	HPCLAS_TRAIN_P_003534	1	HPCLAS_TRAIN_P_003534	0	A_clean_core	1.5451012332981215	0.8242050711935446	1
layer36_mean_max_std	catboost	HPCLAS_TRAIN_P_003540	1	HPCLAS_TRAIN_P_003540	0	D_hard_sample	2.2504855480239865	0.9046924092472273	1
layer36_mean_max_std	catboost	HPCLAS_TRAIN_P_003543	1	HPCLAS_TRAIN_P_003543	0	A_clean_core	9.368638983132875	0.9999146478005235	1
layer36_mean_max_std	catboost	HPCLAS_TRAIN_P_003546	1	HPCLAS_TRAIN_P_003546	0	A_clean_core	6.523825129898123	0.9985341090967641	1
layer36_mean_max_std	catboost	HPCLAS_TRAIN_P_003553	1	HPCLAS_TRAIN_P_003553	0	A_clean_core	4.846545108012739	0.9922057569239382	1
layer36_mean_max_std	catboost	HPCLAS_TRAIN_P_003563	1	HPCLAS_TRAIN_P_003563	0	A_clean_core	7.144897274495836	0.9992117425771864	1
layer36_mean_max_std	catboost	HPCLAS_TRAIN_P_003564	1	HPCLAS_TRAIN_P_003564	0	A_clean_core	4.518335487015503	0.9892105189530361	1
layer36_mean_max_std	catboost	HPCLAS_TRAIN_P_003568	1	HPCLAS_TRAIN_P_003568	0	A_clean_core	8.522004355819947	0.9998009995309272	1
layer36_mean_max_std	catboost	HPCLAS_TRAIN_P_003580	1	HPCLAS_TRAIN_P_003580	0	A_clean_core	8.510157033882457	0.999798628364813	1
layer36_mean_max_std	catboost	HPCLAS_TRAIN_P_003583	1	HPCLAS_TRAIN_P_003583	0	D_hard_sample	1.1319560073039314	0.7561996926496556	1
layer36_mean_max_std	catboost	HPCLAS_TRAIN_P_003586	1	HPCLAS_TRAIN_P_003586	0	D_hard_sample	0.1430389172492912	0.5356988830701238	1
layer36_mean_max_std	catboost	HPCLAS_TRAIN_P_003596	1	HPCLAS_TRAIN_P_003596	0	A_clean_core	6.240590831001867	0.9980550862328881	1
layer36_mean_max_std	catboost	HPCLAS_TRAIN_P_003604	1	HPCLAS_TRAIN_P_003604	0	A_clean_core	1.904213649818753	0.8703676847729493	1
layer36_mean_max_std	catboost	HPCLAS_TRAIN_P_003610	1	HPCLAS_TRAIN_P_003610	0	A_clean_core	8.676505994601877	0.9998294831648065	1
layer36_mean_max_std	catboost	HPCLAS_TRAIN_P_003611	1	HPCLAS_TRAIN_P_003611	0	A_clean_core	8.93788658262065	0.999868698964777	1
layer36_mean_max_std	catboost	HPCLAS_TRAIN_P_003615	1	HPCLAS_TRAIN_P_003615	0	A_clean_core	6.5071553722993665	0.9985095049698791	1
layer36_mean_max_std	catboost	HPCLAS_TRAIN_P_003618	1	HPCLAS_TRAIN_P_003618	0	A_clean_core	6.323000033116494	0.9982086629390474	1
layer36_mean_max_std	catboost	HPCLAS_TRAIN_P_003621	1	HPCLAS_TRAIN_P_003621	0	A_clean_core	3.0317046592471972	0.9539860597420613	1
layer36_mean_max_std	catboost	HPCLAS_TRAIN_P_003630	1	HPCLAS_TRAIN_P_003630	0	D_hard_sample	1.0531597559303822	0.7413811972796063	1
layer36_mean_max_std	catboost	HPCLAS_TRAIN_P_003633	1	HPCLAS_TRAIN_P_003633	0	A_clean_core	7.3967355725450235	0.9993871244349303	1
layer36_mean_max_std	catboost	HPCLAS_TRAIN_P_003634	1	HPCLAS_TRAIN_P_003634	0	D_hard_sample	1.1046750184484058	0.7511350379999497	1
layer36_mean_max_std	catboost	HPCLAS_TRAIN_P_003636	1	HPCLAS_TRAIN_P_003636	0	A_clean_core	5.193236885401596	0.9944766765127112	1
layer36_mean_max_std	catboost	HPCLAS_TRAIN_P_003638	1	HPCLAS_TRAIN_P_003638	0	A_clean_core	0.14671889223218917	0.5366140657567399	1
layer36_mean_max_std	catboost	HPCLAS_TRAIN_P_003646	1	HPCLAS_TRAIN_P_003646	0	A_clean_core	9.408330780367152	0.9999179689574598	1
layer36_mean_max_std	catboost	HPCLAS_TRAIN_P_003656	1	HPCLAS_TRAIN_P_003656	0	A_clean_core	2.5371654812127638	0.9267065344224992	1
layer36_mean_max_std	catboost	HPCLAS_TRAIN_P_003657	1	HPCLAS_TRAIN_P_003657	0	D_hard_sample	-1.5297324094985687	0.17803284084352006	0
layer36_mean_max_std	catboost	HPCLAS_TRAIN_P_003659	1	HPCLAS_TRAIN_P_003659	0	A_clean_core	9.395847253434878	0.9999169385878462	1
layer36_mean_max_std	catboost	HPCLAS_TRAIN_P_003664	1	HPCLAS_TRAIN_P_003664	0	A_clean_core	4.055011768791229	0.9829601149462416	1
layer36_mean_max_std	catboost	HPCLAS_TRAIN_P_003688	1	HPCLAS_TRAIN_P_003688	0	A_clean_core	9.22477921530587	0.9999014432247081	1
layer36_mean_max_std	catboost	HPCLAS_TRAIN_P_003693	1	HPCLAS_TRAIN_P_003693	0	A_clean_core	2.3224988962823687	0.9107233254411756	1
layer36_mean_max_std	catboost	HPCLAS_TRAIN_P_003695	1	HPCLAS_TRAIN_P_003695	0	D_hard_sample	1.8847959927308302	0.8681610334880179	1
layer36_mean_max_std	catboost	HPCLAS_TRAIN_P_003705	1	HPCLAS_TRAIN_P_003705	0	A_clean_core	4.617660132435642	0.990220701856379	1
layer36_mean_max_std	catboost	HPCLAS_TRAIN_P_003710	1	HPCLAS_TRAIN_P_003710	0	A_clean_core	7.156664654781837	0.9992209567561546	1
layer36_mean_max_std	catboost	HPCLAS_TRAIN_P_003715	1	HPCLAS_TRAIN_P_003715	0	A_clean_core	4.267772568392323	0.9861806881527176	1
layer36_mean_max_std	catboost	HPCLAS_TRAIN_P_003717	1	HPCLAS_TRAIN_P_003717	0	A_clean_core	6.527230603777386	0.9985390853788728	1
layer36_mean_max_std	catboost	HPCLAS_TRAIN_P_003719	1	HPCLAS_TRAIN_P_003719	0	A_clean_core	7.954746811131699	0.9996491310414459	1
layer36_mean_max_std	catboost	HPCLAS_TRAIN_P_003720	1	HPCLAS_TRAIN_P_003720	0	D_hard_sample	0.8219020291761414	0.6946399388812565	1
layer36_mean_max_std	catboost	HPCLAS_TRAIN_P_003721	1	HPCLAS_TRAIN_N_004214	0	B_ambiguous	0.005209256207015489	0.5013023111067577	1
layer36_mean_max_std	catboost	HPCLAS_TRAIN_P_003722	1	HPCLAS_TRAIN_P_003722	0	A_clean_core	5.278502485677153	0.9949258161610687	1
layer36_mean_max_std	catboost	HPCLAS_TRAIN_P_003723	1	HPCLAS_TRAIN_P_003723	0	A_clean_core	7.805843849578327	0.9995928183323173	1
layer36_mean_max_std	catboost	HPCLAS_TRAIN_P_003740	1	HPCLAS_TRAIN_P_003740	0	A_clean_core	5.0256608383668615	0.9934756021472488	1
layer36_mean_max_std	catboost	HPCLAS_TRAIN_P_003741	1	HPCLAS_TRAIN_P_003741	0	D_hard_sample	5.034221571531022	0.9935308576001943	1
layer36_mean_max_std	catboost	HPCLAS_TRAIN_P_003753	1	HPCLAS_TRAIN_N_001599	0	B_ambiguous	6.418827279725791	0.9983720871082145	1
layer36_mean_max_std	catboost	HPCLAS_TRAIN_P_003755	1	HPCLAS_TRAIN_P_003755	0	A_clean_core	8.83642292616418	0.9998546794051615	1
layer36_mean_max_std	catboost	HPCLAS_TRAIN_P_003758	1	HPCLAS_TRAIN_P_003758	0	D_hard_sample	0.009196747425373105	0.5022991706510137	1
layer36_mean_max_std	catboost	HPCLAS_TRAIN_P_003763	1	HPCLAS_TRAIN_P_003763	0	A_clean_core	7.944880309494034	0.999645653290582	1
layer36_mean_max_std	catboost	HPCLAS_TRAIN_P_003766	1	HPCLAS_TRAIN_P_003766	0	A_clean_core	5.474474441332065	0.9958250717602767	1
layer36_mean_max_std	catboost	HPCLAS_TRAIN_P_003767	1	HPCLAS_TRAIN_P_003767	0	D_hard_sample	3.6442456587545022	0.9745248278325209	1
layer36_mean_max_std	catboost	HPCLAS_TRAIN_P_003770	1	HPCLAS_TRAIN_P_003770	0	D_hard_sample	0.2212348975230293	0.5550842331803163	1
layer36_mean_max_std	catboost	HPCLAS_TRAIN_P_003775	1	HPCLAS_TRAIN_P_003775	0	D_hard_sample	-1.6789725289303306	0.15723157093052056	0
layer36_mean_max_std	catboost	HPCLAS_TRAIN_P_003793	1	HPCLAS_TRAIN_P_003793	0	D_hard_sample	1.8579455646946539	0.865057307129374	1
layer36_mean_max_std	catboost	HPCLAS_TRAIN_P_003804	1	HPCLAS_TRAIN_P_003804	0	A_clean_core	3.9900739400188048	0.9818376275539792	1
layer36_mean_max_std	catboost	HPCLAS_TRAIN_P_003805	1	HPCLAS_TRAIN_P_003805	0	D_hard_sample	0.6727739900067223	0.66212402342275	1
layer36_mean_max_std	catboost	HPCLAS_TRAIN_P_003806	1	HPCLAS_TRAIN_P_003806	0	A_clean_core	8.364374550511418	0.9997670315557787	1
layer36_mean_max_std	catboost	HPCLAS_TRAIN_P_003809	1	HPCLAS_TRAIN_P_003809	0	A_clean_core	6.911226447311158	0.9990044572438392	1
layer36_mean_max_std	catboost	HPCLAS_TRAIN_P_003810	1	HPCLAS_TRAIN_P_003810	0	B_ambiguous	2.124986799971762	0.8933081479833394	1
layer36_mean_max_std	catboost	HPCLAS_TRAIN_P_003813	1	HPCLAS_TRAIN_P_003813	0	A_clean_core	8.609088607071744	0.9998175931690317	1
layer36_mean_max_std	catboost	HPCLAS_TRAIN_P_003833	1	HPCLAS_TRAIN_P_003833	0	A_clean_core	6.51703564241883	0.9985241373242658	1
layer36_mean_max_std	catboost	HPCLAS_TRAIN_P_003834	1	HPCLAS_TRAIN_P_003834	0	A_clean_core	0.7603526494038936	0.6814302928943439	1
layer36_mean_max_std	catboost	HPCLAS_TRAIN_P_003836	1	HPCLAS_TRAIN_P_003836	0	A_clean_core	4.311348301742195	0.9867621424856219	1
layer36_mean_max_std	catboost	HPCLAS_TRAIN_P_003839	1	HPCLAS_TRAIN_P_003839	0	A_clean_core	8.183758840927007	0.9997209272207559	1
layer36_mean_max_std	catboost	HPCLAS_TRAIN_P_003840	1	HPCLAS_TRAIN_P_003840	0	A_clean_core	8.77398146246195	0.9998453175352576	1
layer36_mean_max_std	catboost	HPCLAS_TRAIN_P_003845	1	HPCLAS_TRAIN_P_003845	0	A_clean_core	8.40772273395931	0.9997769123571588	1
layer36_mean_max_std	catboost	HPCLAS_TRAIN_P_003859	1	HPCLAS_TRAIN_P_003859	0	A_clean_core	5.1715409988964725	0.994356217418521	1
layer36_mean_max_std	catboost	HPCLAS_TRAIN_P_003862	1	HPCLAS_TRAIN_P_003862	0	D_hard_sample	1.6218655844306968	0.8350522560291139	1
layer36_mean_max_std	catboost	HPCLAS_TRAIN_P_003863	1	HPCLAS_TRAIN_P_003863	0	D_hard_sample	-2.6153117738703	0.0681594582090333	0
layer36_mean_max_std	catboost	HPCLAS_TRAIN_P_003864	1	HPCLAS_TRAIN_P_003864	0	A_clean_core	8.436000172905127	0.9997831309982811	1
layer36_mean_max_std	catboost	HPCLAS_TRAIN_P_003865	1	HPCLAS_TRAIN_P_003865	0	A_clean_core	5.169306140167941	0.9943436616805488	1
layer36_mean_max_std	catboost	HPCLAS_TRAIN_P_003874	1	HPCLAS_TRAIN_P_003874	0	A_clean_core	2.9347747600225333	0.9495389481111484	1
layer36_mean_max_std	catboost	HPCLAS_TRAIN_P_003877	1	HPCLAS_TRAIN_P_003877	0	A_clean_core	8.555088954133037	0.9998074744138982	1
layer36_mean_max_std	catboost	HPCLAS_TRAIN_P_003887	1	HPCLAS_TRAIN_P_003887	0	A_clean_core	3.8413401911214122	0.9789862413390826	1
layer36_mean_max_std	catboost	HPCLAS_TRAIN_P_003897	1	HPCLAS_TRAIN_N_004210	0	B_ambiguous	3.8245994492260618	0.9786390720749162	1
layer36_mean_max_std	catboost	HPCLAS_TRAIN_P_003898	1	HPCLAS_TRAIN_P_003898	0	A_clean_core	3.2298670674013383	0.9619428867289849	1
layer36_mean_max_std	catboost	HPCLAS_TRAIN_P_003899	1	HPCLAS_TRAIN_P_003899	0	A_clean_core	3.5861873485226665	0.9730430545061421	1
layer36_mean_max_std	catboost	HPCLAS_TRAIN_P_003900	1	HPCLAS_TRAIN_P_003900	0	A_clean_core	7.129162702450732	0.9991992516032141	1
layer36_mean_max_std	catboost	HPCLAS_TRAIN_P_003902	1	HPCLAS_TRAIN_P_003902	0	A_clean_core	2.268864012352572	0.9062653318641399	1
layer36_mean_max_std	catboost	HPCLAS_TRAIN_P_003939	1	HPCLAS_TRAIN_P_003939	0	A_clean_core	6.291366599321621	0.9981511974376072	1
layer36_mean_max_std	catboost	HPCLAS_TRAIN_P_003946	1	HPCLAS_TRAIN_N_002854	0	B_ambiguous	5.38936080173333	0.9954558532579282	1
layer36_mean_max_std	catboost	HPCLAS_TRAIN_P_003954	1	HPCLAS_TRAIN_P_003954	0	A_clean_core	1.852273313033242	0.8643937951010751	1
layer36_mean_max_std	catboost	HPCLAS_TRAIN_P_003960	1	HPCLAS_TRAIN_P_003960	0	A_clean_core	2.1602025718772104	0.8966183272282724	1
layer36_mean_max_std	catboost	HPCLAS_TRAIN_P_003962	1	HPCLAS_TRAIN_P_003962	0	A_clean_core	4.457905635881232	0.9885461072623762	1
layer36_mean_max_std	catboost	HPCLAS_TRAIN_P_003966	1	HPCLAS_TRAIN_P_003966	0	D_hard_sample	-0.882749760072637	0.2926082852973	0
layer36_mean_max_std	catboost	HPCLAS_TRAIN_P_003967	1	HPCLAS_TRAIN_P_003967	0	A_clean_core	5.096391378738505	0.993918424705859	1
layer36_mean_max_std	catboost	HPCLAS_TRAIN_P_003972	1	HPCLAS_TRAIN_P_003972	0	A_clean_core	8.590610436322596	0.9998141919231132	1
layer36_mean_max_std	catboost	HPCLAS_TRAIN_P_003981	1	HPCLAS_TRAIN_P_003981	0	A_clean_core	3.4768101545387857	0.9700206967012621	1
layer36_mean_max_std	catboost	HPCLAS_TRAIN_P_003982	1	HPCLAS_TRAIN_P_003982	0	A_clean_core	-1.1538286403532296	0.23979046124010459	0
layer36_mean_max_std	catboost	HPCLAS_TRAIN_P_003985	1	HPCLAS_TRAIN_P_003985	0	A_clean_core	2.3712042964313995	0.9146049663707532	1
layer36_mean_max_std	catboost	HPCLAS_TRAIN_P_003986	1	HPCLAS_TRAIN_P_003986	0	A_clean_core	3.665254701440859	0.9750412350520796	1
layer36_mean_max_std	catboost	HPCLAS_TRAIN_P_003992	1	HPCLAS_TRAIN_P_003992	0	A_clean_core	7.182864144103097	0.9992410869496304	1
layer36_mean_max_std	catboost	HPCLAS_TRAIN_P_003995	1	HPCLAS_TRAIN_P_003995	0	A_clean_core	6.549265785124825	0.9985708793129167	1
layer36_mean_max_std	catboost	HPCLAS_TRAIN_P_003996	1	HPCLAS_TRAIN_P_003996	0	A_clean_core	8.223832456223436	0.999731886619554	1
layer36_mean_max_std	catboost	HPCLAS_TRAIN_P_004001	1	HPCLAS_TRAIN_P_004001	0	A_clean_core	5.492853466982609	0.9959007903878724	1
layer36_mean_max_std	catboost	HPCLAS_TRAIN_P_004013	1	HPCLAS_TRAIN_P_004013	0	A_clean_core	4.447637064121828	0.9884292541068125	1
layer36_mean_max_std	catboost	HPCLAS_TRAIN_P_004023	1	HPCLAS_TRAIN_P_004023	0	A_clean_core	7.875448369468631	0.9996201857558179	1
layer36_mean_max_std	catboost	HPCLAS_TRAIN_P_004024	1	HPCLAS_TRAIN_P_004024	0	A_clean_core	3.363027660490347	0.9665288624898091	1
layer36_mean_max_std	catboost	HPCLAS_TRAIN_P_004026	1	HPCLAS_TRAIN_P_004026	0	A_clean_core	1.2746624170217344	0.7815398320415963	1
layer36_mean_max_std	catboost	HPCLAS_TRAIN_P_004028	1	HPCLAS_TRAIN_P_004028	0	A_clean_core	7.8228294961103675	0.9995996734235504	1
layer36_mean_max_std	catboost	HPCLAS_TRAIN_P_004030	1	HPCLAS_TRAIN_P_004030	0	D_hard_sample	0.8860198208539525	0.7080681209261641	1
layer36_mean_max_std	catboost	HPCLAS_TRAIN_P_004041	1	HPCLAS_TRAIN_P_004041	0	A_clean_core	3.8237175991112835	0.9786206295337152	1
layer36_mean_max_std	catboost	HPCLAS_TRAIN_P_004045	1	HPCLAS_TRAIN_P_004045	0	A_clean_core	3.4739087312342	0.969936206568867	1
layer36_mean_max_std	catboost	HPCLAS_TRAIN_P_004046	1	HPCLAS_TRAIN_P_004046	0	A_clean_core	7.061762994243913	0.9991434688675509	1
layer36_mean_max_std	catboost	HPCLAS_TRAIN_P_004053	1	HPCLAS_TRAIN_P_004053	0	D_hard_sample	1.2061497372372112	0.7696169805157478	1
layer36_mean_max_std	catboost	HPCLAS_TRAIN_P_004060	1	HPCLAS_TRAIN_P_004060	0	A_clean_core	3.20475473219874	0.9610128146492449	1
layer36_mean_max_std	catboost	HPCLAS_TRAIN_P_004065	1	HPCLAS_TRAIN_P_004065	0	A_clean_core	3.0460929005838553	0.9546135458422066	1
layer36_mean_max_std	catboost	HPCLAS_TRAIN_P_004071	1	HPCLAS_TRAIN_P_004071	0	A_clean_core	7.789966095886044	0.9995863042994315	1
layer36_mean_max_std	catboost	HPCLAS_TRAIN_P_004072	1	HPCLAS_TRAIN_P_004072	0	A_clean_core	8.193994820443228	0.9997237684487461	1
layer36_mean_max_std	catboost	HPCLAS_TRAIN_P_004077	1	HPCLAS_TRAIN_P_004077	0	A_clean_core	4.14359339796976	0.9843820531959186	1
layer36_mean_max_std	catboost	HPCLAS_TRAIN_P_004095	1	HPCLAS_TRAIN_P_004095	0	D_hard_sample	-1.0820824712696122	0.253112130638452	0
layer36_mean_max_std	catboost	HPCLAS_TRAIN_P_004098	1	HPCLAS_TRAIN_P_004098	0	D_hard_sample	3.8892166620577964	0.9799489049063753	1
layer36_mean_max_std	catboost	HPCLAS_TRAIN_P_004106	1	HPCLAS_TRAIN_P_004106	0	A_clean_core	7.316263794151387	0.9993358006410634	1
layer36_mean_max_std	catboost	HPCLAS_TRAIN_P_004111	1	HPCLAS_TRAIN_P_004111	0	A_clean_core	3.926648066487258	0.9806713334995507	1
layer36_mean_max_std	catboost	HPCLAS_TRAIN_P_004118	1	HPCLAS_TRAIN_P_004118	0	A_clean_core	3.5053378317068495	0.9708392657143429	1
layer36_mean_max_std	catboost	HPCLAS_TRAIN_P_004121	1	HPCLAS_TRAIN_P_004121	0	A_clean_core	7.9885818033090965	0.999660800137941	1
layer36_mean_max_std	catboost	HPCLAS_TRAIN_P_004126	1	HPCLAS_TRAIN_P_004126	0	A_clean_core	7.794952401392879	0.99958836113119	1
layer36_mean_max_std	catboost	HPCLAS_TRAIN_P_004128	1	HPCLAS_TRAIN_P_004128	0	D_hard_sample	0.22157299286924104	0.5551677295875658	1
layer36_mean_max_std	catboost	HPCLAS_TRAIN_P_004133	1	HPCLAS_TRAIN_P_004133	0	A_clean_core	8.453545053309663	0.9997869019509659	1
layer36_mean_max_std	catboost	HPCLAS_TRAIN_P_004135	1	HPCLAS_TRAIN_P_004135	0	A_clean_core	7.539958038059307	0.9994688623363935	1
layer36_mean_max_std	catboost	HPCLAS_TRAIN_P_004147	1	HPCLAS_TRAIN_P_004147	0	A_clean_core	3.1115429124485687	0.9573663757528079	1
layer36_mean_max_std	catboost	HPCLAS_TRAIN_P_004151	1	HPCLAS_TRAIN_P_004151	0	A_clean_core	2.4668307445606765	0.9217835711565144	1
layer36_mean_max_std	catboost	HPCLAS_TRAIN_P_004160	1	HPCLAS_TRAIN_P_004160	0	A_clean_core	4.318504573851464	0.986855297231761	1
layer36_mean_max_std	catboost	HPCLAS_TRAIN_P_004166	1	HPCLAS_TRAIN_P_004166	0	B_ambiguous	1.093245161672371	0.7489923140125858	1
layer36_mean_max_std	catboost	HPCLAS_TRAIN_P_004170	1	HPCLAS_TRAIN_P_004170	0	A_clean_core	5.746931790320613	0.9968175987788654	1
layer36_mean_max_std	catboost	HPCLAS_TRAIN_P_004188	1	HPCLAS_TRAIN_P_004188	0	A_clean_core	0.45692246628947847	0.6122838461641538	1
layer36_mean_max_std	catboost	HPCLAS_TRAIN_P_004192	1	HPCLAS_TRAIN_P_004192	0	A_clean_core	6.403355155047733	0.9983467459426355	1
layer36_mean_max_std	catboost	HPCLAS_TRAIN_P_004194	1	HPCLAS_TRAIN_P_004194	0	A_clean_core	8.377351531394707	0.9997700345604782	1
layer36_mean_max_std	catboost	HPCLAS_TRAIN_P_004195	1	HPCLAS_TRAIN_P_004195	0	A_clean_core	2.2645414689178236	0.9058974929801228	1
layer36_mean_max_std	catboost	HPCLAS_TRAIN_P_004196	1	HPCLAS_TRAIN_P_004196	0	A_clean_core	6.6687762546744	0.998731658834087	1
layer36_mean_max_std	catboost	HPCLAS_TRAIN_P_004206	1	HPCLAS_TRAIN_P_004206	0	A_clean_core	4.925134937132028	0.9927906064526889	1
layer36_mean_max_std	catboost	HPCLAS_TRAIN_P_004210	1	HPCLAS_TRAIN_P_004210	0	A_clean_core	3.997026763190257	0.9819611992984254	1
layer36_mean_max_std	catboost	HPCLAS_TRAIN_P_004220	1	HPCLAS_TRAIN_P_004220	0	A_clean_core	6.906720872991674	0.9989999661276757	1
layer36_mean_max_std	catboost	HPCLAS_TRAIN_P_004227	1	HPCLAS_TRAIN_P_004227	0	A_clean_core	8.034160890125527	0.9996759086164798	1
layer36_mean_max_std	catboost	HPCLAS_TRAIN_P_004233	1	HPCLAS_TRAIN_P_004233	0	B_ambiguous	3.8797244585212063	0.9797615399516947	1
layer36_mean_max_std	catboost	HPCLAS_TRAIN_P_004235	1	HPCLAS_TRAIN_P_004235	0	A_clean_core	9.245386976982969	0.999903453280643	1
layer36_mean_max_std	catboost	HPCLAS_TRAIN_P_004246	1	HPCLAS_TRAIN_P_004246	0	A_clean_core	7.084753225849654	0.9991629197857237	1
layer36_mean_max_std	catboost	HPCLAS_TRAIN_P_004254	1	HPCLAS_TRAIN_P_004254	0	D_hard_sample	-1.261454037961028	0.2207236892375499	0
layer36_mean_max_std	catboost	HPCLAS_TRAIN_P_004260	1	HPCLAS_TRAIN_P_004260	0	A_clean_core	1.037055153767628	0.738281396481404	1
layer36_mean_max_std	catboost	HPCLAS_TRAIN_P_004261	1	HPCLAS_TRAIN_P_004261	0	A_clean_core	8.611265910224017	0.9998179898197423	1
layer36_mean_max_std	catboost	HPCLAS_TRAIN_P_004265	1	HPCLAS_TRAIN_P_004265	0	A_clean_core	8.501376162297449	0.9997968527211116	1
layer36_mean_max_std	catboost	HPCLAS_TRAIN_P_004271	1	HPCLAS_TRAIN_P_004271	0	A_clean_core	2.0849932190250176	0.8894360200471823	1
layer36_mean_max_std	catboost	HPCLAS_TRAIN_P_004272	1	HPCLAS_TRAIN_P_004272	0	A_clean_core	7.067107677411553	0.9991480306533481	1
layer36_mean_max_std	catboost	HPCLAS_TRAIN_P_004274	1	HPCLAS_TRAIN_P_004274	0	D_hard_sample	0.022706363514549535	0.5056763469969838	1
layer36_mean_max_std	catboost	HPCLAS_TRAIN_P_004275	1	HPCLAS_TRAIN_P_004275	0	A_clean_core	4.28424377535588	0.9864033750289537	1
layer36_mean_max_std	catboost	HPCLAS_TRAIN_P_004283	1	HPCLAS_TRAIN_P_004283	0	A_clean_core	8.720989014266356	0.9998369008282855	1
layer36_mean_max_std	catboost	HPCLAS_TRAIN_P_004285	1	HPCLAS_TRAIN_P_004285	0	A_clean_core	1.1040215834949434	0.7510128705813777	1
layer36_mean_max_std	catboost	HPCLAS_TRAIN_P_004290	1	HPCLAS_TRAIN_P_004290	0	D_hard_sample	0.6463782431283656	0.6561938445593087	1
layer36_mean_max_std	catboost	HPCLAS_TRAIN_P_004291	1	HPCLAS_TRAIN_P_004291	0	A_clean_core	1.961728854294408	0.8767199323569607	1
layer36_mean_max_std	catboost	HPCLAS_TRAIN_P_004294	1	HPCLAS_TRAIN_P_004294	0	A_clean_core	0.8940452190981756	0.7097242578389347	1
layer36_mean_max_std	catboost	HPCLAS_TRAIN_P_004303	1	HPCLAS_TRAIN_P_004303	0	D_hard_sample	1.3655105835712085	0.7966538523665956	1
layer36_mean_max_std	catboost	HPCLAS_TRAIN_P_004305	1	HPCLAS_TRAIN_P_004305	0	A_clean_core	6.555827516486368	0.9985802128493176	1
layer36_mean_max_std	catboost	HPCLAS_TRAIN_P_004306	1	HPCLAS_TRAIN_P_004306	0	A_clean_core	2.454633373240193	0.9208996208712336	1
layer36_mean_max_std	catboost	HPCLAS_TRAIN_P_004311	1	HPCLAS_TRAIN_P_004311	0	D_hard_sample	2.192376720319027	0.8995628460206135	1
layer36_mean_max_std	catboost	HPCLAS_TRAIN_P_004312	1	HPCLAS_TRAIN_P_004312	0	A_clean_core	8.58093287215167	0.9998123853634394	1
layer36_mean_max_std	catboost	HPCLAS_TRAIN_P_004316	1	HPCLAS_TRAIN_P_004316	0	A_clean_core	6.700836805571154	0.9987716284528385	1
layer36_mean_max_std	catboost	HPCLAS_TRAIN_P_004318	1	HPCLAS_TRAIN_P_004318	0	A_clean_core	1.4750182837301045	0.8138189424225963	1
layer36_mean_max_std	catboost	HPCLAS_TRAIN_P_004323	1	HPCLAS_TRAIN_P_004323	0	A_clean_core	6.654606196595613	0.9987135817117523	1
layer36_mean_max_std	catboost	HPCLAS_TRAIN_P_004328	1	HPCLAS_TRAIN_P_004328	0	A_clean_core	6.609037192146292	0.9986536854918846	1
layer36_mean_max_std	catboost	HPCLAS_TRAIN_P_004330	1	HPCLAS_TRAIN_P_004330	0	A_clean_core	8.62501686026462	0.9998204750569734	1
layer36_mean_max_std	catboost	HPCLAS_TRAIN_P_004335	1	HPCLAS_TRAIN_P_004335	0	D_hard_sample	-0.6646846880663307	0.3396880478366922	0
layer36_mean_max_std	catboost	HPCLAS_TRAIN_P_004339	1	HPCLAS_TRAIN_P_004339	0	D_hard_sample	-2.432875188461543	0.08069990705291105	0
layer36_mean_max_std	catboost	HPCLAS_TRAIN_P_004342	1	HPCLAS_TRAIN_P_004342	0	A_clean_core	3.6411352909496615	0.9744474951808324	1
layer36_mean_max_std	catboost	HPCLAS_TRAIN_P_004346	1	HPCLAS_TRAIN_P_004346	0	A_clean_core	3.8467969936611768	0.9790982067409386	1
layer36_mean_max_std	catboost	HPCLAS_TRAIN_P_004357	1	HPCLAS_TRAIN_P_004357	0	A_clean_core	9.45306933360111	0.9999215577426446	1
layer36_mean_max_std	catboost	HPCLAS_TRAIN_P_004358	1	HPCLAS_TRAIN_P_004358	0	A_clean_core	7.784882751549941	0.9995841968642805	1
layer36_mean_max_std	catboost	HPCLAS_TRAIN_P_004365	1	HPCLAS_TRAIN_P_004365	0	A_clean_core	1.6351674545438173	0.8368762990987421	1
layer36_mean_max_std	catboost	HPCLAS_TRAIN_P_004372	1	HPCLAS_TRAIN_P_004372	0	A_clean_core	6.153300255001094	0.9978780598625857	1
layer36_mean_max_std	catboost	HPCLAS_TRAIN_P_004373	1	HPCLAS_TRAIN_P_004373	0	B_ambiguous	1.2235443893849012	0.7726866945710511	1
layer36_mean_max_std	catboost	HPCLAS_TRAIN_P_004380	1	HPCLAS_TRAIN_P_004380	0	A_clean_core	2.519837213602736	0.925520834416117	1
layer36_mean_max_std	catboost	HPCLAS_TRAIN_P_004388	1	HPCLAS_TRAIN_P_004388	0	A_clean_core	8.731175494012694	0.999838553534546	1
layer36_mean_max_std	catboost	HPCLAS_TRAIN_P_004399	1	HPCLAS_TRAIN_P_004399	0	A_clean_core	8.648050560710873	0.9998245622035202	1
layer36_mean_max_std	catboost	HPCLAS_TRAIN_P_004412	1	HPCLAS_TRAIN_P_004412	0	A_clean_core	-0.018273661291705472	0.4954317117991486	0
layer36_mean_max_std	catboost	HPCLAS_TRAIN_P_004431	1	HPCLAS_TRAIN_P_004431	0	A_clean_core	7.620483915170254	0.9995099357727937	1
layer36_mean_max_std	catboost	HPCLAS_TRAIN_P_004438	1	HPCLAS_TRAIN_P_004438	0	D_hard_sample	-2.802822408593344	0.057171848679994766	0
layer36_mean_max_std	catboost	HPCLAS_TRAIN_P_004443	1	HPCLAS_TRAIN_P_004443	0	A_clean_core	3.196217061275432	0.9606916700891508	1
layer36_mean_max_std	catboost	HPCLAS_TRAIN_P_004446	1	HPCLAS_TRAIN_P_004446	0	A_clean_core	8.609217054319224	0.9998176165929095	1
layer36_mean_max_std	catboost	HPCLAS_TRAIN_P_004447	1	HPCLAS_TRAIN_P_004447	0	D_hard_sample	1.403560134951376	0.802748220495355	1
layer36_mean_max_std	catboost	HPCLAS_TRAIN_P_004451	1	HPCLAS_TRAIN_P_004451	0	A_clean_core	7.727594832432983	0.9995596916309463	1
layer36_mean_max_std	catboost	HPCLAS_TRAIN_P_004456	1	HPCLAS_TRAIN_P_004456	0	D_hard_sample	0.05974763969993709	0.5149324680532091	1
layer36_mean_max_std	catboost	HPCLAS_TRAIN_P_004462	1	HPCLAS_TRAIN_P_004462	0	A_clean_core	-0.24546253105037905	0.43894063812703377	0
layer36_mean_max_std	catboost	HPCLAS_TRAIN_P_004470	1	HPCLAS_TRAIN_P_004470	0	A_clean_core	3.1312854340373675	0.9581649497666268	1
layer36_mean_max_std	catboost	HPCLAS_TRAIN_P_004475	1	HPCLAS_TRAIN_N_000931	0	B_ambiguous	0.7774901814241606	0.6851389386558774	1
layer36_mean_max_std	catboost	HPCLAS_TRAIN_P_004477	1	HPCLAS_TRAIN_P_004477	0	A_clean_core	8.405445648851089	0.9997764039025164	1
layer36_mean_max_std	catboost	HPCLAS_TRAIN_P_004480	1	HPCLAS_TRAIN_P_004480	0	A_clean_core	3.3588246457137534	0.9663926245748434	1
layer36_mean_max_std	catboost	HPCLAS_TRAIN_P_004505	1	HPCLAS_TRAIN_P_004505	0	A_clean_core	8.142338277569069	0.9997091285646438	1
layer36_mean_max_std	catboost	HPCLAS_TRAIN_P_004508	1	HPCLAS_TRAIN_P_004508	0	A_clean_core	7.7289242758935215	0.9995602763498678	1
layer36_mean_max_std	catboost	HPCLAS_TRAIN_P_004519	1	HPCLAS_TRAIN_P_004519	0	D_hard_sample	-0.15704395657896814	0.4608195028528982	0
layer36_mean_max_std	catboost	HPCLAS_TRAIN_P_004521	1	HPCLAS_TRAIN_P_004521	0	A_clean_core	7.070499041620157	0.9991509126486865	1
layer36_mean_max_std	catboost	HPCLAS_TRAIN_P_004524	1	HPCLAS_TRAIN_P_004524	0	A_clean_core	7.800485237598001	0.9995906314428545	1
layer36_mean_max_std	catboost	HPCLAS_TRAIN_P_004536	1	HPCLAS_TRAIN_N_003610	0	B_ambiguous	4.736716072665591	0.9913088086323417	1
layer36_mean_max_std	catboost	HPCLAS_TRAIN_P_004538	1	HPCLAS_TRAIN_P_004538	0	A_clean_core	4.721945682746787	0.9911806241736265	1
layer36_mean_max_std	catboost	HPCLAS_TRAIN_P_004542	1	HPCLAS_TRAIN_P_004542	0	A_clean_core	4.477852352654404	0.988769770979658	1
layer36_mean_max_std	catboost	HPCLAS_TRAIN_P_004543	1	HPCLAS_TRAIN_P_004543	0	A_clean_core	4.152108905199216	0.9845124322600218	1
layer36_mean_max_std	catboost	HPCLAS_TRAIN_P_004545	1	HPCLAS_TRAIN_P_006015	0	A_clean_core	8.04587951359755	0.9996796831455035	1
layer36_mean_max_std	catboost	HPCLAS_TRAIN_P_004546	1	HPCLAS_TRAIN_P_004546	0	A_clean_core	6.482832354885701	0.9984728631841657	1
layer36_mean_max_std	catboost	HPCLAS_TRAIN_P_004553	1	HPCLAS_TRAIN_P_004553	0	A_clean_core	6.831222972604566	0.9989216270778342	1
layer36_mean_max_std	catboost	HPCLAS_TRAIN_P_004555	1	HPCLAS_TRAIN_P_004555	0	A_clean_core	3.2213767533616027	0.9616308448137088	1
layer36_mean_max_std	catboost	HPCLAS_TRAIN_P_004556	1	HPCLAS_TRAIN_P_004556	0	A_clean_core	7.606777560121994	0.9995031758948483	1
layer36_mean_max_std	catboost	HPCLAS_TRAIN_P_004563	1	HPCLAS_TRAIN_P_004563	0	A_clean_core	7.9650109614150075	0.9996527127494163	1
layer36_mean_max_std	catboost	HPCLAS_TRAIN_P_004572	1	HPCLAS_TRAIN_P_004572	0	A_clean_core	8.945891183404145	0.999869745645528	1
layer36_mean_max_std	catboost	HPCLAS_TRAIN_P_004573	1	HPCLAS_TRAIN_P_004573	0	A_clean_core	6.8555231799342256	0.9989474886888445	1
layer36_mean_max_std	catboost	HPCLAS_TRAIN_P_004583	1	HPCLAS_TRAIN_P_004583	0	A_clean_core	6.236977536714502	0.9980480597176449	1
layer36_mean_max_std	catboost	HPCLAS_TRAIN_P_004585	1	HPCLAS_TRAIN_P_004585	0	A_clean_core	7.094141588651904	0.9991707353364155	1
layer36_mean_max_std	catboost	HPCLAS_TRAIN_P_004586	1	HPCLAS_TRAIN_P_004586	0	A_clean_core	6.012827966599579	0.9975588160576622	1
layer36_mean_max_std	catboost	HPCLAS_TRAIN_P_004590	1	HPCLAS_TRAIN_P_004590	0	A_clean_core	0.3899124092190366	0.5962616134216464	1
layer36_mean_max_std	catboost	HPCLAS_TRAIN_P_004593	1	HPCLAS_TRAIN_P_004593	0	A_clean_core	7.8919818531331485	0.9996264114543522	1
layer36_mean_max_std	catboost	HPCLAS_TRAIN_P_004595	1	HPCLAS_TRAIN_P_004595	0	D_hard_sample	-2.1561827463293763	0.10375488060546262	0
layer36_mean_max_std	catboost	HPCLAS_TRAIN_P_004600	1	HPCLAS_TRAIN_P_004600	0	A_clean_core	6.524724748630754	0.9985354253161467	1
layer36_mean_max_std	catboost	HPCLAS_TRAIN_P_004604	1	HPCLAS_TRAIN_P_004604	0	A_clean_core	5.297602191349427	0.9950213339845504	1
layer36_mean_max_std	catboost	HPCLAS_TRAIN_P_004612	1	HPCLAS_TRAIN_P_004612	0	A_clean_core	2.0274416808031583	0.8836483050108062	1
layer36_mean_max_std	catboost	HPCLAS_TRAIN_P_004615	1	HPCLAS_TRAIN_P_004615	0	A_clean_core	9.059812151883436	0.9998837687003821	1
layer36_mean_max_std	catboost	HPCLAS_TRAIN_P_004618	1	HPCLAS_TRAIN_P_004618	0	A_clean_core	1.973093915865064	0.8779430421508772	1
layer36_mean_max_std	catboost	HPCLAS_TRAIN_P_004626	1	HPCLAS_TRAIN_P_004626	0	A_clean_core	7.42395226428908	0.9994035701178416	1
layer36_mean_max_std	catboost	HPCLAS_TRAIN_P_004635	1	HPCLAS_TRAIN_P_004635	0	A_clean_core	5.355773288076089	0.9953013638700576	1
layer36_mean_max_std	catboost	HPCLAS_TRAIN_P_004641	1	HPCLAS_TRAIN_P_004641	0	D_hard_sample	-1.1692684886002092	0.23698723384856776	0
layer36_mean_max_std	catboost	HPCLAS_TRAIN_P_004653	1	HPCLAS_TRAIN_P_004653	0	D_hard_sample	6.496618009409802	0.9984937398243589	1
layer36_mean_max_std	catboost	HPCLAS_TRAIN_P_004657	1	HPCLAS_TRAIN_P_004657	0	D_hard_sample	-0.18479649064183143	0.45393190391895333	0
layer36_mean_max_std	catboost	HPCLAS_TRAIN_P_004669	1	HPCLAS_TRAIN_P_004669	0	A_clean_core	4.3323669235634	0.9870339102053235	1
layer36_mean_max_std	catboost	HPCLAS_TRAIN_P_004673	1	HPCLAS_TRAIN_P_004673	0	A_clean_core	6.63924652476726	0.9986936962339579	1
layer36_mean_max_std	catboost	HPCLAS_TRAIN_P_004686	1	HPCLAS_TRAIN_P_004686	0	A_clean_core	7.7452229033319835	0.9995673820771905	1
layer36_mean_max_std	catboost	HPCLAS_TRAIN_P_004692	1	HPCLAS_TRAIN_P_004692	0	A_clean_core	2.169810340149033	0.8975055211827487	1
layer36_mean_max_std	catboost	HPCLAS_TRAIN_P_004695	1	HPCLAS_TRAIN_P_004695	0	A_clean_core	5.980906235977007	0.9974798316780595	1
layer36_mean_max_std	catboost	HPCLAS_TRAIN_P_004696	1	HPCLAS_TRAIN_P_004696	0	A_clean_core	9.915724072026439	0.9999506105373257	1
layer36_mean_max_std	catboost	HPCLAS_TRAIN_P_004715	1	HPCLAS_TRAIN_P_004715	0	A_clean_core	3.901003220073978	0.9801791941587866	1
layer36_mean_max_std	catboost	HPCLAS_TRAIN_P_004717	1	HPCLAS_TRAIN_P_004717	0	A_clean_core	3.5768917701578156	0.9727981538732198	1
layer36_mean_max_std	catboost	HPCLAS_TRAIN_P_004723	1	HPCLAS_TRAIN_P_004723	0	A_clean_core	2.4854623083816265	0.923116368850814	1
layer36_mean_max_std	catboost	HPCLAS_TRAIN_P_004726	1	HPCLAS_TRAIN_P_004726	0	A_clean_core	4.88727574073727	0.9925145143731721	1
layer36_mean_max_std	catboost	HPCLAS_TRAIN_P_004739	1	HPCLAS_TRAIN_P_004739	0	D_hard_sample	1.400105487765234	0.8022006273402023	1
layer36_mean_max_std	catboost	HPCLAS_TRAIN_P_004745	1	HPCLAS_TRAIN_P_004745	0	A_clean_core	5.872840165469292	0.9971930339555912	1
layer36_mean_max_std	catboost	HPCLAS_TRAIN_P_004750	1	HPCLAS_TRAIN_P_004750	0	A_clean_core	7.721562001972432	0.9995570284767715	1
layer36_mean_max_std	catboost	HPCLAS_TRAIN_P_004751	1	HPCLAS_TRAIN_P_004751	0	A_clean_core	9.018386624562028	0.9998788532307812	1
layer36_mean_max_std	catboost	HPCLAS_TRAIN_P_004756	1	HPCLAS_TRAIN_P_004756	0	A_clean_core	1.2864246028459974	0.7835414013166391	1
layer36_mean_max_std	catboost	HPCLAS_TRAIN_P_004766	1	HPCLAS_TRAIN_P_004766	0	A_clean_core	6.899721955297951	0.9989929494956421	1
layer36_mean_max_std	catboost	HPCLAS_TRAIN_P_004779	1	HPCLAS_TRAIN_P_004779	0	A_clean_core	4.672593239965792	0.9907385792587603	1
layer36_mean_max_std	catboost	HPCLAS_TRAIN_P_004785	1	HPCLAS_TRAIN_P_004785	0	A_clean_core	4.066842991036475	0.9831571541450033	1
layer36_mean_max_std	catboost	HPCLAS_TRAIN_P_004789	1	HPCLAS_TRAIN_P_004789	0	A_clean_core	8.05993245381659	0.9996841516460295	1
layer36_mean_max_std	catboost	HPCLAS_TRAIN_P_004793	1	HPCLAS_TRAIN_P_004793	0	A_clean_core	7.921641638309883	0.9996373253399037	1
layer36_mean_max_std	catboost	HPCLAS_TRAIN_P_004797	1	HPCLAS_TRAIN_P_004797	0	A_clean_core	4.56052193012035	0.9896516090790302	1
layer36_mean_max_std	catboost	HPCLAS_TRAIN_P_004803	1	HPCLAS_TRAIN_P_004803	0	A_clean_core	5.994407764420108	0.997513545094454	1
layer36_mean_max_std	catboost	HPCLAS_TRAIN_P_004805	1	HPCLAS_TRAIN_P_004805	0	A_clean_core	4.043907205979913	0.9827731178120325	1
layer36_mean_max_std	catboost	HPCLAS_TRAIN_P_004812	1	HPCLAS_TRAIN_P_004812	0	A_clean_core	5.551354931618339	0.9961328195714944	1
layer36_mean_max_std	catboost	HPCLAS_TRAIN_P_004823	1	HPCLAS_TRAIN_P_004823	0	A_clean_core	8.737141606051006	0.9998395137205288	1
layer36_mean_max_std	catboost	HPCLAS_TRAIN_P_004829	1	HPCLAS_TRAIN_P_004829	0	D_hard_sample	-1.7293033890429361	0.15067670561254176	0
layer36_mean_max_std	catboost	HPCLAS_TRAIN_P_004843	1	HPCLAS_TRAIN_P_004843	0	D_hard_sample	1.338109891914667	0.7921789420176276	1
layer36_mean_max_std	catboost	HPCLAS_TRAIN_P_004869	1	HPCLAS_TRAIN_P_004869	0	A_clean_core	5.391851659848973	0.9954671067544448	1
layer36_mean_max_std	catboost	HPCLAS_TRAIN_P_004876	1	HPCLAS_TRAIN_P_004876	0	A_clean_core	7.645128789891711	0.9995218600300657	1
layer36_mean_max_std	catboost	HPCLAS_TRAIN_P_004877	1	HPCLAS_TRAIN_P_004877	0	B_ambiguous	0.22737532667463936	0.5566001912092502	1
layer36_mean_max_std	catboost	HPCLAS_TRAIN_P_004896	1	HPCLAS_TRAIN_P_004896	0	A_clean_core	7.247652709583266	0.9992886630281196	1
layer36_mean_max_std	catboost	HPCLAS_TRAIN_P_004900	1	HPCLAS_TRAIN_P_004900	0	A_clean_core	8.689992049946014	0.99983176694322	1
layer36_mean_max_std	catboost	HPCLAS_TRAIN_P_004903	1	HPCLAS_TRAIN_P_004903	0	A_clean_core	9.23158512782192	0.9999021116506339	1
layer36_mean_max_std	catboost	HPCLAS_TRAIN_P_004908	1	HPCLAS_TRAIN_P_004908	0	A_clean_core	6.735460289868503	0.99881338149936	1
layer36_mean_max_std	catboost	HPCLAS_TRAIN_P_004918	1	HPCLAS_TRAIN_P_004918	0	A_clean_core	5.674247918240336	0.9965784967858781	1
layer36_mean_max_std	catboost	HPCLAS_TRAIN_P_004921	1	HPCLAS_TRAIN_P_004921	0	D_hard_sample	-1.0838942320080303	0.2527697770584988	0
layer36_mean_max_std	catboost	HPCLAS_TRAIN_P_004925	1	HPCLAS_TRAIN_P_004925	0	A_clean_core	6.538181399791526	0.9985549732876914	1
layer36_mean_max_std	catboost	HPCLAS_TRAIN_P_004930	1	HPCLAS_TRAIN_P_004930	0	A_clean_core	3.414869393460846	0.9681660226312772	1
layer36_mean_max_std	catboost	HPCLAS_TRAIN_P_004932	1	HPCLAS_TRAIN_P_004932	0	A_clean_core	7.723372020182773	0.9995578291839027	1
layer36_mean_max_std	catboost	HPCLAS_TRAIN_P_004945	1	HPCLAS_TRAIN_P_004945	0	A_clean_core	7.6431284174553475	0.9995209030734694	1
layer36_mean_max_std	catboost	HPCLAS_TRAIN_P_004947	1	HPCLAS_TRAIN_P_004947	0	A_clean_core	8.13657955531048	0.9997074491759457	1
layer36_mean_max_std	catboost	HPCLAS_TRAIN_P_004949	1	HPCLAS_TRAIN_P_004949	0	D_hard_sample	1.9039128645914751	0.8703337440632999	1
layer36_mean_max_std	catboost	HPCLAS_TRAIN_P_004971	1	HPCLAS_TRAIN_P_004971	0	A_clean_core	6.586875476246889	0.9986235573076295	1
layer36_mean_max_std	catboost	HPCLAS_TRAIN_P_004976	1	HPCLAS_TRAIN_P_004976	0	A_clean_core	7.853035504716384	0.9996115802603748	1
layer36_mean_max_std	catboost	HPCLAS_TRAIN_P_004981	1	HPCLAS_TRAIN_P_004981	0	A_clean_core	2.5574654480577186	0.9280734519443884	1
layer36_mean_max_std	catboost	HPCLAS_TRAIN_P_004984	1	HPCLAS_TRAIN_P_004984	0	A_clean_core	6.605932196626983	0.9986495043489912	1
layer36_mean_max_std	catboost	HPCLAS_TRAIN_P_004986	1	HPCLAS_TRAIN_P_004986	0	B_ambiguous	1.2947379952243556	0.7849480643185295	1
layer36_mean_max_std	catboost	HPCLAS_TRAIN_P_004991	1	HPCLAS_TRAIN_P_004991	0	A_clean_core	-0.16495555200440642	0.45885436857967277	0
layer36_mean_max_std	catboost	HPCLAS_TRAIN_P_004992	1	HPCLAS_TRAIN_P_004992	0	D_hard_sample	-0.199579728056881	0.45027002913567094	0
layer36_mean_max_std	catboost	HPCLAS_TRAIN_P_005009	1	HPCLAS_TRAIN_P_005009	0	A_clean_core	7.0890388091909164	0.9991664965030198	1
layer36_mean_max_std	catboost	HPCLAS_TRAIN_P_005011	1	HPCLAS_TRAIN_P_005011	0	A_clean_core	7.060788151920177	0.9991426341938657	1
layer36_mean_max_std	catboost	HPCLAS_TRAIN_P_005026	1	HPCLAS_TRAIN_P_005026	0	A_clean_core	2.9071232995928837	0.9481974457898863	1
layer36_mean_max_std	catboost	HPCLAS_TRAIN_P_005034	1	HPCLAS_TRAIN_P_005034	0	A_clean_core	4.477301172784197	0.9887636489680959	1
layer36_mean_max_std	catboost	HPCLAS_TRAIN_P_005037	1	HPCLAS_TRAIN_P_005037	0	A_clean_core	7.013980863634038	0.9991015860987794	1
layer36_mean_max_std	catboost	HPCLAS_TRAIN_P_005038	1	HPCLAS_TRAIN_P_005038	0	A_clean_core	8.130014836166769	0.9997055229117238	1
layer36_mean_max_std	catboost	HPCLAS_TRAIN_P_005045	1	HPCLAS_TRAIN_P_005045	0	A_clean_core	6.8313097426894185	0.998921720543394	1
layer36_mean_max_std	catboost	HPCLAS_TRAIN_P_005046	1	HPCLAS_TRAIN_P_005046	0	A_clean_core	6.7425359626965555	0.9988217381315468	1
layer36_mean_max_std	catboost	HPCLAS_TRAIN_P_005047	1	HPCLAS_TRAIN_P_005047	0	A_clean_core	5.28737550886227	0.9949704149076801	1
layer36_mean_max_std	catboost	HPCLAS_TRAIN_P_005049	1	HPCLAS_TRAIN_N_000579	0	B_ambiguous	1.471971177751994	0.8133568104690608	1
layer36_mean_max_std	catboost	HPCLAS_TRAIN_P_005058	1	HPCLAS_TRAIN_P_005058	0	A_clean_core	6.7873253161259495	0.9988732891716579	1
layer36_mean_max_std	catboost	HPCLAS_TRAIN_P_005067	1	HPCLAS_TRAIN_P_005067	0	A_clean_core	8.61689382478204	0.9998190110955696	1
layer36_mean_max_std	catboost	HPCLAS_TRAIN_P_005068	1	HPCLAS_TRAIN_P_005068	0	A_clean_core	6.9808857948715195	0.9990713836196345	1
layer36_mean_max_std	catboost	HPCLAS_TRAIN_P_005073	1	HPCLAS_TRAIN_P_005073	0	D_hard_sample	1.421180022886394	0.8055233401183761	1
layer36_mean_max_std	catboost	HPCLAS_TRAIN_P_005079	1	HPCLAS_TRAIN_P_005079	0	A_clean_core	8.222266142095027	0.9997314664535787	1
layer36_mean_max_std	catboost	HPCLAS_TRAIN_P_005085	1	HPCLAS_TRAIN_P_005085	0	B_ambiguous	6.043739579812909	0.9976329467195142	1
layer36_mean_max_std	catboost	HPCLAS_TRAIN_P_005090	1	HPCLAS_TRAIN_P_005090	0	B_ambiguous	0.3275537578462405	0.581164049672698	1
layer36_mean_max_std	catboost	HPCLAS_TRAIN_P_005091	1	HPCLAS_TRAIN_P_005091	0	A_clean_core	7.757529426953555	0.9995726712125804	1
layer36_mean_max_std	catboost	HPCLAS_TRAIN_P_005094	1	HPCLAS_TRAIN_P_005094	0	A_clean_core	1.702296291752181	0.8458344059108124	1
layer36_mean_max_std	catboost	HPCLAS_TRAIN_P_005097	1	HPCLAS_TRAIN_P_005097	0	A_clean_core	3.330602923960877	0.9654638788777438	1
layer36_mean_max_std	catboost	HPCLAS_TRAIN_P_005099	1	HPCLAS_TRAIN_P_005099	0	A_clean_core	8.650912372863223	0.9998250634681032	1
layer36_mean_max_std	catboost	HPCLAS_TRAIN_P_005102	1	HPCLAS_TRAIN_P_005102	0	A_clean_core	5.2885326605986345	0.9949762023132357	1
layer36_mean_max_std	catboost	HPCLAS_TRAIN_P_005126	1	HPCLAS_TRAIN_P_005126	0	A_clean_core	6.24915043668978	0.9980716309159351	1
layer36_mean_max_std	catboost	HPCLAS_TRAIN_P_005134	1	HPCLAS_TRAIN_P_005134	0	A_clean_core	7.838404989705134	0.9996058579613476	1
layer36_mean_max_std	catboost	HPCLAS_TRAIN_P_005139	1	HPCLAS_TRAIN_P_005139	0	A_clean_core	7.6132237757466585	0.9995063666540203	1
layer36_mean_max_std	catboost	HPCLAS_TRAIN_P_005141	1	HPCLAS_TRAIN_P_005141	0	A_clean_core	8.507463506982662	0.9997980853434222	1
layer36_mean_max_std	catboost	HPCLAS_TRAIN_P_005144	1	HPCLAS_TRAIN_P_005144	0	A_clean_core	7.721691483109344	0.9995570858041125	1
layer36_mean_max_std	catboost	HPCLAS_TRAIN_P_005149	1	HPCLAS_TRAIN_P_005149	0	D_hard_sample	0.492762832416329	0.6207570687388319	1
layer36_mean_max_std	catboost	HPCLAS_TRAIN_P_005155	1	HPCLAS_TRAIN_P_005155	0	A_clean_core	7.858578465962435	0.9996137264706183	1
layer36_mean_max_std	catboost	HPCLAS_TRAIN_P_005168	1	HPCLAS_TRAIN_P_005168	0	A_clean_core	8.051291214012936	0.9996814113715592	1
layer36_mean_max_std	catboost	HPCLAS_TRAIN_P_005171	1	HPCLAS_TRAIN_P_005171	0	A_clean_core	9.101368059351799	0.9998884992863106	1
layer36_mean_max_std	catboost	HPCLAS_TRAIN_P_005188	1	HPCLAS_TRAIN_P_005188	0	A_clean_core	5.953663913437216	0.9974104129580859	1
layer36_mean_max_std	catboost	HPCLAS_TRAIN_P_005192	1	HPCLAS_TRAIN_P_005192	0	A_clean_core	4.968419086377014	0.9930938927567937	1
layer36_mean_max_std	catboost	HPCLAS_TRAIN_P_005196	1	HPCLAS_TRAIN_P_005196	0	A_clean_core	5.643131400429954	0.996470739441599	1
layer36_mean_max_std	catboost	HPCLAS_TRAIN_P_005198	1	HPCLAS_TRAIN_P_004585	0	A_clean_core	6.543859392614342	0.9985631431336828	1
layer36_mean_max_std	catboost	HPCLAS_TRAIN_P_005200	1	HPCLAS_TRAIN_P_005200	0	A_clean_core	7.7649800786451495	0.9995758419135038	1
layer36_mean_max_std	catboost	HPCLAS_TRAIN_P_005213	1	HPCLAS_TRAIN_P_005213	0	A_clean_core	8.800824085529245	0.9998494137703097	1
layer36_mean_max_std	catboost	HPCLAS_TRAIN_P_005215	1	HPCLAS_TRAIN_P_005215	0	A_clean_core	8.773037730999492	0.9998451715102572	1
layer36_mean_max_std	catboost	HPCLAS_TRAIN_P_005218	1	HPCLAS_TRAIN_P_005218	0	A_clean_core	8.290018155592193	0.9997490530846929	1
layer36_mean_max_std	catboost	HPCLAS_TRAIN_P_005224	1	HPCLAS_TRAIN_P_005224	0	D_hard_sample	-0.19676196306432933	0.45096759914083645	0
layer36_mean_max_std	catboost	HPCLAS_TRAIN_P_005237	1	HPCLAS_TRAIN_P_005237	0	A_clean_core	4.003859010065558	0.9820818239649005	1
layer36_mean_max_std	catboost	HPCLAS_TRAIN_P_005238	1	HPCLAS_TRAIN_P_005238	0	A_clean_core	8.515448747993855	0.9997996909385891	1
layer36_mean_max_std	catboost	HPCLAS_TRAIN_P_005247	1	HPCLAS_TRAIN_P_005247	0	A_clean_core	8.56105918266285	0.9998086201919871	1
layer36_mean_max_std	catboost	HPCLAS_TRAIN_P_005256	1	HPCLAS_TRAIN_P_005256	0	A_clean_core	0.8812881435598545	0.7070890849534976	1
layer36_mean_max_std	catboost	HPCLAS_TRAIN_P_005257	1	HPCLAS_TRAIN_P_005257	0	A_clean_core	8.284769659210738	0.9997477328614124	1
layer36_mean_max_std	catboost	HPCLAS_TRAIN_P_005259	1	HPCLAS_TRAIN_P_005259	0	A_clean_core	5.43646098195921	0.9956640146561093	1
layer36_mean_max_std	catboost	HPCLAS_TRAIN_P_005261	1	HPCLAS_TRAIN_P_005261	0	A_clean_core	7.39737428729385	0.9993875155229243	1
layer36_mean_max_std	catboost	HPCLAS_TRAIN_P_005265	1	HPCLAS_TRAIN_P_005265	0	A_clean_core	3.495809263987986	0.9705682946446501	1
layer36_mean_max_std	catboost	HPCLAS_TRAIN_P_005280	1	HPCLAS_TRAIN_P_005280	0	A_clean_core	3.311555302622064	0.9648231051359759	1
layer36_mean_max_std	catboost	HPCLAS_TRAIN_P_005283	1	HPCLAS_TRAIN_P_005283	0	A_clean_core	3.394316613698816	0.9675264425378738	1
layer36_mean_max_std	catboost	HPCLAS_TRAIN_P_005291	1	HPCLAS_TRAIN_P_005291	0	D_hard_sample	2.5111693648872575	0.9249211339489822	1
layer36_mean_max_std	catboost	HPCLAS_TRAIN_P_005293	1	HPCLAS_TRAIN_P_005293	0	A_clean_core	2.5990459344534345	0.930800152374509	1
layer36_mean_max_std	catboost	HPCLAS_TRAIN_P_005294	1	HPCLAS_TRAIN_P_005294	0	A_clean_core	7.5553732463531125	0.999476982900954	1
layer36_mean_max_std	catboost	HPCLAS_TRAIN_P_005312	1	HPCLAS_TRAIN_P_005312	0	A_clean_core	8.671020672886213	0.9998285454158997	1
layer36_mean_max_std	catboost	HPCLAS_TRAIN_P_005315	1	HPCLAS_TRAIN_P_005315	0	A_clean_core	1.0907557642703638	0.7485240102301247	1
layer36_mean_max_std	catboost	HPCLAS_TRAIN_P_005318	1	HPCLAS_TRAIN_P_005318	0	A_clean_core	7.213465013501463	0.9992639417826791	1
layer36_mean_max_std	catboost	HPCLAS_TRAIN_P_005323	1	HPCLAS_TRAIN_P_005323	0	A_clean_core	7.719115704344072	0.999555943991836	1
layer36_mean_max_std	catboost	HPCLAS_TRAIN_P_005333	1	HPCLAS_TRAIN_P_005333	0	A_clean_core	9.355014116369162	0.9999134770311192	1
layer36_mean_max_std	catboost	HPCLAS_TRAIN_P_005344	1	HPCLAS_TRAIN_P_005344	0	A_clean_core	4.149758045420796	0.9844765461899074	1
layer36_mean_max_std	catboost	HPCLAS_TRAIN_P_005347	1	HPCLAS_TRAIN_P_005347	0	A_clean_core	7.909088372503183	0.9996327455751516	1
layer36_mean_max_std	catboost	HPCLAS_TRAIN_P_005349	1	HPCLAS_TRAIN_P_005349	0	D_hard_sample	1.9868472668093082	0.879409194122959	1
layer36_mean_max_std	catboost	HPCLAS_TRAIN_P_005350	1	HPCLAS_TRAIN_P_005350	0	A_clean_core	6.93552062701915	0.9990283284973875	1
layer36_mean_max_std	catboost	HPCLAS_TRAIN_P_005360	1	HPCLAS_TRAIN_P_005360	0	D_hard_sample	-0.9638954605853335	0.27609893705460037	0
layer36_mean_max_std	catboost	HPCLAS_TRAIN_P_005370	1	HPCLAS_TRAIN_P_005370	0	D_hard_sample	1.9455463165203681	0.8749602003867815	1
layer36_mean_max_std	catboost	HPCLAS_TRAIN_P_005373	1	HPCLAS_TRAIN_P_005373	0	D_hard_sample	1.6504981570127075	0.8389583664006506	1
layer36_mean_max_std	catboost	HPCLAS_TRAIN_P_005381	1	HPCLAS_TRAIN_P_005381	0	A_clean_core	2.2315519702065507	0.9030473234568835	1
layer36_mean_max_std	catboost	HPCLAS_TRAIN_P_005383	1	HPCLAS_TRAIN_P_005383	0	A_clean_core	8.897891577517704	0.9998633418826647	1
layer36_mean_max_std	catboost	HPCLAS_TRAIN_P_005387	1	HPCLAS_TRAIN_P_005387	0	D_hard_sample	-0.04140986580002107	0.48964901264396465	0
layer36_mean_max_std	catboost	HPCLAS_TRAIN_P_005402	1	HPCLAS_TRAIN_P_005402	0	D_hard_sample	1.5590017412454555	0.8262100626794379	1
layer36_mean_max_std	catboost	HPCLAS_TRAIN_P_005405	1	HPCLAS_TRAIN_P_005405	0	A_clean_core	7.136942726410088	0.9992054523427923	1
layer36_mean_max_std	catboost	HPCLAS_TRAIN_P_005406	1	HPCLAS_TRAIN_P_005406	0	A_clean_core	8.019436004912636	0.9996711026810375	1
layer36_mean_max_std	catboost	HPCLAS_TRAIN_P_005416	1	HPCLAS_TRAIN_P_005416	0	A_clean_core	8.621371468191224	0.9998198195420076	1
layer36_mean_max_std	catboost	HPCLAS_TRAIN_P_005419	1	HPCLAS_TRAIN_P_005419	0	A_clean_core	5.195579206027681	0.9944895275595724	1
layer36_mean_max_std	catboost	HPCLAS_TRAIN_P_005424	1	HPCLAS_TRAIN_P_005424	0	A_clean_core	5.697227714408421	0.9966559657861616	1
layer36_mean_max_std	catboost	HPCLAS_TRAIN_P_005432	1	HPCLAS_TRAIN_P_005432	0	A_clean_core	5.99384945353832	0.997512159946644	1
layer36_mean_max_std	catboost	HPCLAS_TRAIN_P_005433	1	HPCLAS_TRAIN_P_005433	0	A_clean_core	3.9325233183887267	0.9807823853684666	1
layer36_mean_max_std	catboost	HPCLAS_TRAIN_P_005443	1	HPCLAS_TRAIN_P_005443	0	A_clean_core	8.812439568700595	0.9998511525239913	1
layer36_mean_max_std	catboost	HPCLAS_TRAIN_P_005450	1	HPCLAS_TRAIN_P_005450	0	A_clean_core	8.329709413901739	0.9997588160474266	1
layer36_mean_max_std	catboost	HPCLAS_TRAIN_P_005453	1	HPCLAS_TRAIN_P_005453	0	A_clean_core	8.145267084901556	0.9997099789780093	1
layer36_mean_max_std	catboost	HPCLAS_TRAIN_P_005471	1	HPCLAS_TRAIN_P_005471	0	A_clean_core	8.003331457119424	0.9996657648424307	1
layer36_mean_max_std	catboost	HPCLAS_TRAIN_P_005474	1	HPCLAS_TRAIN_P_005474	0	A_clean_core	0.36191168042509825	0.5895031190846036	1
layer36_mean_max_std	catboost	HPCLAS_TRAIN_P_005485	1	HPCLAS_TRAIN_P_005485	0	D_hard_sample	4.619555993814429	0.9902390436877423	1
layer36_mean_max_std	catboost	HPCLAS_TRAIN_P_005489	1	HPCLAS_TRAIN_P_005489	0	D_hard_sample	1.5872957483940568	0.8302352935774199	1
layer36_mean_max_std	catboost	HPCLAS_TRAIN_P_005496	1	HPCLAS_TRAIN_P_005496	0	A_clean_core	1.9365802237767533	0.8739759640338187	1
layer36_mean_max_std	catboost	HPCLAS_TRAIN_P_005497	1	HPCLAS_TRAIN_P_005497	0	D_hard_sample	-1.3365450679894806	0.2080787950259594	0
layer36_mean_max_std	catboost	HPCLAS_TRAIN_P_005509	1	HPCLAS_TRAIN_P_005509	0	A_clean_core	4.979511659262106	0.9931695555748254	1
layer36_mean_max_std	catboost	HPCLAS_TRAIN_P_005511	1	HPCLAS_TRAIN_P_005511	0	A_clean_core	8.783627624053416	0.9998468022264249	1
layer36_mean_max_std	catboost	HPCLAS_TRAIN_P_005524	1	HPCLAS_TRAIN_P_005524	0	A_clean_core	6.228311349365362	0.9980311037775189	1
layer36_mean_max_std	catboost	HPCLAS_TRAIN_P_005532	1	HPCLAS_TRAIN_P_005532	0	A_clean_core	6.877123191868509	0.99896995600774	1
layer36_mean_max_std	catboost	HPCLAS_TRAIN_P_005537	1	HPCLAS_TRAIN_P_005537	0	A_clean_core	6.324933660220659	0.9982121171834257	1
layer36_mean_max_std	catboost	HPCLAS_TRAIN_P_005539	1	HPCLAS_TRAIN_P_005539	0	A_clean_core	3.054203014241981	0.9549636361851197	1
layer36_mean_max_std	catboost	HPCLAS_TRAIN_P_005540	1	HPCLAS_TRAIN_P_005540	0	D_hard_sample	2.2056287993586534	0.9007538413648999	1
layer36_mean_max_std	catboost	HPCLAS_TRAIN_P_005545	1	HPCLAS_TRAIN_P_005545	0	A_clean_core	3.8686750912382846	0.9795412781615629	1
layer36_mean_max_std	catboost	HPCLAS_TRAIN_P_005557	1	HPCLAS_TRAIN_P_005557	0	A_clean_core	8.809249059528065	0.9998506769373889	1
layer36_mean_max_std	catboost	HPCLAS_TRAIN_P_005559	1	HPCLAS_TRAIN_P_005559	0	A_clean_core	0.1864529989028974	0.5464786761632446	1
layer36_mean_max_std	catboost	HPCLAS_TRAIN_P_005569	1	HPCLAS_TRAIN_P_005569	0	A_clean_core	7.889892692300381	0.9996256304444417	1
layer36_mean_max_std	catboost	HPCLAS_TRAIN_P_005573	1	HPCLAS_TRAIN_P_005573	0	A_clean_core	3.108508597684847	0.9572423551466354	1
layer36_mean_max_std	catboost	HPCLAS_TRAIN_P_005574	1	HPCLAS_TRAIN_P_005574	0	B_ambiguous	-0.8125118409376724	0.3073554960648484	0
layer36_mean_max_std	catboost	HPCLAS_TRAIN_P_005580	1	HPCLAS_TRAIN_P_005580	0	A_clean_core	7.5435543968649466	0.9994707680582047	1
layer36_mean_max_std	catboost	HPCLAS_TRAIN_P_005581	1	HPCLAS_TRAIN_P_005581	0	A_clean_core	4.598776757041418	0.9900361385819436	1
layer36_mean_max_std	catboost	HPCLAS_TRAIN_P_005586	1	HPCLAS_TRAIN_P_005586	0	A_clean_core	8.666771824949707	0.9998278155073406	1
layer36_mean_max_std	catboost	HPCLAS_TRAIN_P_005599	1	HPCLAS_TRAIN_P_005599	0	A_clean_core	8.93757327227018	0.9998686578257625	1
layer36_mean_max_std	catboost	HPCLAS_TRAIN_P_005604	1	HPCLAS_TRAIN_P_005604	0	A_clean_core	7.4934341816835275	0.9994435820038539	1
layer36_mean_max_std	catboost	HPCLAS_TRAIN_P_005611	1	HPCLAS_TRAIN_P_005611	0	D_hard_sample	2.4969111798252093	0.9239249983195709	1
layer36_mean_max_std	catboost	HPCLAS_TRAIN_P_005618	1	HPCLAS_TRAIN_P_005618	0	A_clean_core	1.5438579639439811	0.8240248599489761	1
layer36_mean_max_std	catboost	HPCLAS_TRAIN_P_005625	1	HPCLAS_TRAIN_P_005625	0	D_hard_sample	-1.7309222113006744	0.1504696568194319	0
layer36_mean_max_std	catboost	HPCLAS_TRAIN_P_005630	1	HPCLAS_TRAIN_P_005630	0	A_clean_core	5.464538628217445	0.9957835594693089	1
layer36_mean_max_std	catboost	HPCLAS_TRAIN_P_005633	1	HPCLAS_TRAIN_P_005633	0	A_clean_core	5.51419063697378	0.9959869821057297	1
layer36_mean_max_std	catboost	HPCLAS_TRAIN_P_005634	1	HPCLAS_TRAIN_P_005634	0	A_clean_core	8.590202343953244	0.9998141160948785	1
layer36_mean_max_std	catboost	HPCLAS_TRAIN_P_005638	1	HPCLAS_TRAIN_P_005638	0	D_hard_sample	-1.1055698836121555	0.248697721383173	0
layer36_mean_max_std	catboost	HPCLAS_TRAIN_P_005641	1	HPCLAS_TRAIN_P_005641	0	A_clean_core	6.206565267972103	0.9979879061622472	1
layer36_mean_max_std	catboost	HPCLAS_TRAIN_P_005657	1	HPCLAS_TRAIN_P_005657	0	D_hard_sample	-1.6129969499181998	0.16617294215415868	0
layer36_mean_max_std	catboost	HPCLAS_TRAIN_P_005660	1	HPCLAS_TRAIN_P_005660	0	D_hard_sample	2.5847078512977437	0.9298708948579584	1
layer36_mean_max_std	catboost	HPCLAS_TRAIN_P_005678	1	HPCLAS_TRAIN_P_005678	0	A_clean_core	7.45846687331554	0.9994237928039482	1
layer36_mean_max_std	catboost	HPCLAS_TRAIN_P_005685	1	HPCLAS_TRAIN_P_005685	0	D_hard_sample	1.7614698770601969	0.8533936563578185	1
layer36_mean_max_std	catboost	HPCLAS_TRAIN_P_005691	1	HPCLAS_TRAIN_P_005691	0	A_clean_core	5.510197085152762	0.9959709885662745	1
layer36_mean_max_std	catboost	HPCLAS_TRAIN_P_005696	1	HPCLAS_TRAIN_P_005696	0	A_clean_core	6.794000360157156	0.9988807765813467	1
layer36_mean_max_std	catboost	HPCLAS_TRAIN_P_005713	1	HPCLAS_TRAIN_P_005713	0	A_clean_core	6.588246785261904	0.9986254409495604	1
layer36_mean_max_std	catboost	HPCLAS_TRAIN_P_005714	1	HPCLAS_TRAIN_P_005714	0	A_clean_core	6.7331330725175045	0.9988106200526947	1
layer36_mean_max_std	catboost	HPCLAS_TRAIN_P_005715	1	HPCLAS_TRAIN_P_005715	0	A_clean_core	8.781368972181033	0.999846455868112	1
layer36_mean_max_std	catboost	HPCLAS_TRAIN_P_005716	1	HPCLAS_TRAIN_P_005716	0	A_clean_core	0.27729344615578105	0.5688825516873315	1
layer36_mean_max_std	catboost	HPCLAS_TRAIN_P_005718	1	HPCLAS_TRAIN_P_005718	0	A_clean_core	6.899911176993116	0.9989931398415732	1
layer36_mean_max_std	catboost	HPCLAS_TRAIN_P_005720	1	HPCLAS_TRAIN_P_005720	0	A_clean_core	8.211286524783562	0.9997285026173663	1
layer36_mean_max_std	catboost	HPCLAS_TRAIN_P_005723	1	HPCLAS_TRAIN_P_005723	0	A_clean_core	2.0965874742763577	0.8905710566563229	1
layer36_mean_max_std	catboost	HPCLAS_TRAIN_P_005730	1	HPCLAS_TRAIN_P_005730	0	A_clean_core	5.685646419744745	0.9966171441843472	1
layer36_mean_max_std	catboost	HPCLAS_TRAIN_P_005732	1	HPCLAS_TRAIN_P_005732	0	A_clean_core	4.929565211522315	0.9928222466506502	1
layer36_mean_max_std	catboost	HPCLAS_TRAIN_P_005736	1	HPCLAS_TRAIN_P_005736	0	A_clean_core	9.487936543494914	0.9999242454690539	1
layer36_mean_max_std	catboost	HPCLAS_TRAIN_P_005737	1	HPCLAS_TRAIN_N_000995	0	B_ambiguous	4.148815096049885	0.9844621290033623	1
layer36_mean_max_std	catboost	HPCLAS_TRAIN_P_005738	1	HPCLAS_TRAIN_P_005738	0	A_clean_core	8.433152519461775	0.9997825126848816	1
layer36_mean_max_std	catboost	HPCLAS_TRAIN_P_005743	1	HPCLAS_TRAIN_P_005743	0	A_clean_core	9.687511042610957	0.9999379501891301	1
layer36_mean_max_std	catboost	HPCLAS_TRAIN_P_005744	1	HPCLAS_TRAIN_P_005744	0	A_clean_core	6.051252363363236	0.997650621622101	1
layer36_mean_max_std	catboost	HPCLAS_TRAIN_P_005750	1	HPCLAS_TRAIN_P_005750	0	A_clean_core	4.741630728191407	0.991351049526177	1
layer36_mean_max_std	catboost	HPCLAS_TRAIN_P_005756	1	HPCLAS_TRAIN_P_005756	0	A_clean_core	2.5628198193447687	0.9284300547236217	1
layer36_mean_max_std	catboost	HPCLAS_TRAIN_P_005761	1	HPCLAS_TRAIN_N_001204	0	B_ambiguous	0.8951862224524072	0.7099592662222816	1
layer36_mean_max_std	catboost	HPCLAS_TRAIN_P_005763	1	HPCLAS_TRAIN_P_005763	0	D_hard_sample	1.521052233595091	0.8206933750801702	1
layer36_mean_max_std	catboost	HPCLAS_TRAIN_P_005780	1	HPCLAS_TRAIN_P_005780	0	A_clean_core	-0.12788682566797496	0.46807179731245496	0
layer36_mean_max_std	catboost	HPCLAS_TRAIN_P_005785	1	HPCLAS_TRAIN_P_003763	0	A_clean_core	7.336927194631582	0.999349375593494	1
layer36_mean_max_std	catboost	HPCLAS_TRAIN_P_005788	1	HPCLAS_TRAIN_P_005788	0	A_clean_core	5.503326635162159	0.9959433248156365	1
layer36_mean_max_std	catboost	HPCLAS_TRAIN_P_005789	1	HPCLAS_TRAIN_P_005789	0	A_clean_core	7.504617570497969	0.999449766572071	1
layer36_mean_max_std	catboost	HPCLAS_TRAIN_P_005799	1	HPCLAS_TRAIN_P_005799	0	A_clean_core	2.218838883579854	0.9019285388696703	1
layer36_mean_max_std	catboost	HPCLAS_TRAIN_P_005804	1	HPCLAS_TRAIN_P_005804	0	A_clean_core	2.9266515226685765	0.9491483009704973	1
layer36_mean_max_std	catboost	HPCLAS_TRAIN_P_005816	1	HPCLAS_TRAIN_P_005816	0	A_clean_core	8.169249078086883	0.999716849576181	1
layer36_mean_max_std	catboost	HPCLAS_TRAIN_P_005817	1	HPCLAS_TRAIN_P_005817	0	A_clean_core	2.0576128914332243	0.8867146018018234	1
layer36_mean_max_std	catboost	HPCLAS_TRAIN_P_005819	1	HPCLAS_TRAIN_P_005819	0	D_hard_sample	0.29388605531806905	0.5729472363166579	1
layer36_mean_max_std	catboost	HPCLAS_TRAIN_P_005824	1	HPCLAS_TRAIN_P_000825	0	A_clean_core	7.802547385352929	0.9995914744069802	1
layer36_mean_max_std	catboost	HPCLAS_TRAIN_P_005827	1	HPCLAS_TRAIN_P_005827	0	A_clean_core	9.843107800453788	0.999946890827846	1
layer36_mean_max_std	catboost	HPCLAS_TRAIN_P_005833	1	HPCLAS_TRAIN_P_005833	0	A_clean_core	8.306328098089114	0.999753111815152	1
layer36_mean_max_std	catboost	HPCLAS_TRAIN_P_005836	1	HPCLAS_TRAIN_P_005836	0	A_clean_core	7.85888687103159	0.9996138455349698	1
layer36_mean_max_std	catboost	HPCLAS_TRAIN_P_005837	1	HPCLAS_TRAIN_P_005837	0	A_clean_core	8.929558705401158	0.9998676010854928	1
layer36_mean_max_std	catboost	HPCLAS_TRAIN_P_005849	1	HPCLAS_TRAIN_P_005849	0	A_clean_core	8.367676687385782	0.9997677994023735	1
layer36_mean_max_std	catboost	HPCLAS_TRAIN_P_005855	1	HPCLAS_TRAIN_P_005855	0	A_clean_core	6.388582777119784	0.9983221834488063	1
layer36_mean_max_std	catboost	HPCLAS_TRAIN_P_005857	1	HPCLAS_TRAIN_P_005857	0	A_clean_core	6.173138560154448	0.9979196540417922	1
layer36_mean_max_std	catboost	HPCLAS_TRAIN_P_005896	1	HPCLAS_TRAIN_P_005896	0	A_clean_core	8.075052274796526	0.9996888898204299	1
layer36_mean_max_std	catboost	HPCLAS_TRAIN_P_005903	1	HPCLAS_TRAIN_P_005903	0	A_clean_core	2.2423132941263013	0.9039854301654144	1
layer36_mean_max_std	catboost	HPCLAS_TRAIN_P_005909	1	HPCLAS_TRAIN_P_005909	0	D_hard_sample	-1.4239153873271115	0.19404850810951307	0
layer36_mean_max_std	catboost	HPCLAS_TRAIN_P_005923	1	HPCLAS_TRAIN_P_005923	0	A_clean_core	4.266161352100198	0.9861587127422311	1
layer36_mean_max_std	catboost	HPCLAS_TRAIN_P_005926	1	HPCLAS_TRAIN_P_005926	0	A_clean_core	1.98607555968398	0.8793273316490917	1
layer36_mean_max_std	catboost	HPCLAS_TRAIN_P_005931	1	HPCLAS_TRAIN_P_005931	0	D_hard_sample	1.3850392066765684	0.7997990996671598	1
layer36_mean_max_std	catboost	HPCLAS_TRAIN_P_005934	1	HPCLAS_TRAIN_P_005934	0	A_clean_core	9.505818209971318	0.9999255879468687	1
layer36_mean_max_std	catboost	HPCLAS_TRAIN_P_005937	1	HPCLAS_TRAIN_P_005937	0	A_clean_core	3.236839831245457	0.9621973304338093	1
layer36_mean_max_std	catboost	HPCLAS_TRAIN_P_005938	1	HPCLAS_TRAIN_P_005938	0	A_clean_core	8.021373504408306	0.9996717390935232	1
layer36_mean_max_std	catboost	HPCLAS_TRAIN_P_005939	1	HPCLAS_TRAIN_P_005939	0	A_clean_core	7.715276218734523	0.9995542365293947	1
layer36_mean_max_std	catboost	HPCLAS_TRAIN_P_005947	1	HPCLAS_TRAIN_P_005947	0	A_clean_core	6.437175794538508	0.998401637219898	1
layer36_mean_max_std	catboost	HPCLAS_TRAIN_P_005948	1	HPCLAS_TRAIN_P_005948	0	A_clean_core	2.9308986619788078	0.9493529019594227	1
layer36_mean_max_std	catboost	HPCLAS_TRAIN_P_005957	1	HPCLAS_TRAIN_P_005957	0	A_clean_core	6.995395792228512	0.9990847483132383	1
layer36_mean_max_std	catboost	HPCLAS_TRAIN_P_005964	1	HPCLAS_TRAIN_P_005964	0	A_clean_core	5.319658090451849	0.9951294118471534	1
layer36_mean_max_std	catboost	HPCLAS_TRAIN_P_005984	1	HPCLAS_TRAIN_P_005984	0	A_clean_core	-0.3717384860142609	0.4081210089432481	0
layer36_mean_max_std	catboost	HPCLAS_TRAIN_P_005993	1	HPCLAS_TRAIN_P_005993	0	D_hard_sample	0.11844625352045395	0.5295769922249728	1
layer36_mean_max_std	catboost	HPCLAS_TRAIN_P_005998	1	HPCLAS_TRAIN_P_005998	0	A_clean_core	8.846671292726164	0.9998561608853247	1
layer36_mean_max_std	catboost	HPCLAS_TRAIN_P_005999	1	HPCLAS_TRAIN_P_005999	0	A_clean_core	7.605680698634121	0.9995026309198345	1
layer36_mean_max_std	catboost	HPCLAS_TRAIN_P_006001	1	HPCLAS_TRAIN_P_006001	0	A_clean_core	0.9884352305857304	0.7287787403221807	1
layer36_mean_max_std	catboost	HPCLAS_TRAIN_P_006015	1	HPCLAS_TRAIN_P_006015	0	A_clean_core	8.790802595444482	0.9998478973155631	1
layer36_mean_max_std	catboost	HPCLAS_TRAIN_P_006018	1	HPCLAS_TRAIN_P_006018	0	A_clean_core	8.638647647397285	0.9998229050906335	1
layer36_mean_max_std	catboost	HPCLAS_TRAIN_P_006024	1	HPCLAS_TRAIN_P_006024	0	A_clean_core	4.177158483927841	0.9848897812436324	1
layer36_mean_max_std	catboost	HPCLAS_TRAIN_P_006026	1	HPCLAS_TRAIN_P_006026	0	A_clean_core	7.946011045267188	0.9996460535949039	1
layer36_mean_max_std	catboost	HPCLAS_TRAIN_P_006035	1	HPCLAS_TRAIN_P_004508	0	A_clean_core	8.574324451089952	0.9998111416561327	1
layer36_mean_max_std	catboost	HPCLAS_TRAIN_P_006055	1	HPCLAS_TRAIN_P_006055	0	A_clean_core	2.7687392882423945	0.940962990850401	1
layer36_mean_max_std	catboost	HPCLAS_TRAIN_P_006058	1	HPCLAS_TRAIN_P_006058	0	A_clean_core	2.575945318550912	0.9292973243834147	1
layer36_mean_max_std	catboost	HPCLAS_TRAIN_P_006061	1	HPCLAS_TRAIN_P_006061	0	D_hard_sample	3.8779507406688754	0.9797263391949735	1
layer36_mean_max_std	catboost	HPCLAS_TRAIN_P_006065	1	HPCLAS_TRAIN_N_004328	0	B_ambiguous	8.050296962275562	0.9996810945578073	1
layer36_mean_max_std	catboost	HPCLAS_TRAIN_P_006067	1	HPCLAS_TRAIN_P_006067	0	A_clean_core	5.77401076795064	0.9969023552685745	1
layer36_mean_max_std	catboost	HPCLAS_TRAIN_P_006082	1	HPCLAS_TRAIN_P_006082	0	A_clean_core	1.8311985072887507	0.8619044412523708	1
layer36_mean_max_std	catboost	HPCLAS_TRAIN_P_006107	1	HPCLAS_TRAIN_P_006107	0	D_hard_sample	0.23652710200142996	0.5588576314889913	1
layer36_mean_max_std	catboost	HPCLAS_TRAIN_P_006134	1	HPCLAS_TRAIN_P_006134	0	D_hard_sample	1.0070348497534938	0.7324394637683589	1
layer36_mean_max_std	catboost	HPCLAS_TRAIN_P_006136	1	HPCLAS_TRAIN_P_006136	0	D_hard_sample	2.1873047390398725	0.8991036653054078	1
layer36_mean_max_std	catboost	HPCLAS_TRAIN_P_006142	1	HPCLAS_TRAIN_P_006142	0	A_clean_core	7.322971484469976	0.9993402380462652	1
layer36_mean_max_std	catboost	HPCLAS_TRAIN_P_006147	1	HPCLAS_TRAIN_P_006147	0	A_clean_core	6.1264456296092975	0.99782042980206	1
layer36_mean_max_std	catboost	HPCLAS_TRAIN_P_006150	1	HPCLAS_TRAIN_P_006150	0	A_clean_core	5.850082603943848	0.9971286073613073	1
layer36_mean_max_std	catboost	HPCLAS_TRAIN_P_006152	1	HPCLAS_TRAIN_P_006152	0	A_clean_core	4.0768406090586105	0.9833219091372031	1
layer36_mean_max_std	catboost	HPCLAS_TRAIN_P_006168	1	HPCLAS_TRAIN_P_006168	0	D_hard_sample	0.8452795441034832	0.6995759825640995	1
layer36_mean_max_std	catboost	HPCLAS_TRAIN_P_006171	1	HPCLAS_TRAIN_N_002506	0	B_ambiguous	1.8986344607286703	0.8697368954683536	1
layer36_mean_max_std	catboost	HPCLAS_TRAIN_P_006172	1	HPCLAS_TRAIN_P_006172	0	A_clean_core	3.2968047271857963	0.9643190312656117	1
layer36_mean_max_std	catboost	HPCLAS_TRAIN_P_006189	1	HPCLAS_TRAIN_P_006189	0	D_hard_sample	0.09754074874102182	0.5243658717711992	1
layer36_mean_max_std	catboost	HPCLAS_TRAIN_P_006193	1	HPCLAS_TRAIN_P_006193	0	A_clean_core	4.733668825404741	0.9912825152580816	1
layer36_mean_max_std	catboost	HPCLAS_TRAIN_P_006196	1	HPCLAS_TRAIN_P_006196	0	A_clean_core	5.556854857893747	0.9961539488183732	1
layer36_mean_max_std	catboost	HPCLAS_TRAIN_P_006201	1	HPCLAS_TRAIN_P_006201	0	A_clean_core	2.712227012538057	0.9377442882884935	1
layer36_mean_max_std	catboost	HPCLAS_TRAIN_P_006203	1	HPCLAS_TRAIN_P_006203	0	A_clean_core	5.62572034701831	0.9964089758348237	1
layer36_mean_max_std	catboost	HPCLAS_TRAIN_P_006204	1	HPCLAS_TRAIN_P_006204	0	A_clean_core	4.418414735098873	0.9880902274968183	1
layer36_mean_max_std	catboost	HPCLAS_TRAIN_P_006213	1	HPCLAS_TRAIN_P_006213	0	A_clean_core	6.260732254712682	0.9980937937716786	1
layer36_mean_max_std	catboost	HPCLAS_TRAIN_P_006219	1	HPCLAS_TRAIN_P_006219	0	A_clean_core	10.568137090422267	0.9999742779720057	1
layer36_mean_max_std	catboost	HPCLAS_TRAIN_P_006222	1	HPCLAS_TRAIN_P_006222	0	A_clean_core	3.98203541162109	0.9816937238887165	1
layer36_mean_max_std	catboost	HPCLAS_TRAIN_P_006231	1	HPCLAS_TRAIN_P_006231	0	D_hard_sample	1.6883085187939715	0.844001584101954	1
layer36_mean_max_std	catboost	HPCLAS_TRAIN_P_006233	1	HPCLAS_TRAIN_P_006233	0	D_hard_sample	-1.5614610313113828	0.17343709849122527	0
layer36_mean_max_std	catboost	HPCLAS_TRAIN_P_006242	1	HPCLAS_TRAIN_P_006242	0	A_clean_core	6.607203656424751	0.9986512180442456	1
layer36_mean_max_std	catboost	HPCLAS_TRAIN_P_006248	1	HPCLAS_TRAIN_P_006248	0	A_clean_core	7.739764726215578	0.9995650153459322	1
layer36_mean_max_std	catboost	HPCLAS_TRAIN_P_006268	1	HPCLAS_TRAIN_P_006268	0	A_clean_core	4.783245474244843	0.9917006613176775	1
layer36_mean_max_std	catboost	HPCLAS_TRAIN_P_006273	1	HPCLAS_TRAIN_P_006273	0	A_clean_core	6.193167858331824	0.9979608232714413	1
layer36_mean_max_std	catboost	HPCLAS_TRAIN_P_006274	1	HPCLAS_TRAIN_P_006274	0	A_clean_core	1.359281014681186	0.7956428189144402	1
layer36_mean_max_std	catboost	HPCLAS_TRAIN_P_006283	1	HPCLAS_TRAIN_P_006283	0	A_clean_core	5.395895102864001	0.9954853156644512	1
layer36_mean_max_std	catboost	HPCLAS_TRAIN_P_006286	1	HPCLAS_TRAIN_P_006286	0	A_clean_core	7.185884720039806	0.9992433741136584	1
layer36_mean_max_std	catboost	HPCLAS_TRAIN_P_006288	1	HPCLAS_TRAIN_P_006288	0	A_clean_core	2.796170877641966	0.9424685544665384	1
layer36_mean_max_std	catboost	HPCLAS_TRAIN_P_006291	1	HPCLAS_TRAIN_P_006291	0	A_clean_core	7.358584502365602	0.9993633060029048	1
layer36_mean_max_std	catboost	HPCLAS_TRAIN_P_006292	1	HPCLAS_TRAIN_P_006292	0	A_clean_core	7.542628838686072	0.9994702782560935	1
layer36_mean_max_std	catboost	HPCLAS_TRAIN_P_006299	1	HPCLAS_TRAIN_P_006299	0	A_clean_core	2.671002348500418	0.9352937193749281	1
layer36_mean_max_std	catboost	HPCLAS_TRAIN_P_006303	1	HPCLAS_TRAIN_P_006303	0	D_hard_sample	4.102448559736066	0.9837367210439845	1
layer36_mean_max_std	catboost	HPCLAS_TRAIN_P_006308	1	HPCLAS_TRAIN_P_006308	0	D_hard_sample	3.816309536829339	0.9784650850891684	1
layer36_mean_max_std	catboost	HPCLAS_TRAIN_P_006317	1	HPCLAS_TRAIN_P_006317	0	A_clean_core	2.760228242841083	0.9404884100507487	1
layer36_mean_max_std	catboost	HPCLAS_TRAIN_P_006323	1	HPCLAS_TRAIN_P_006323	0	A_clean_core	9.305548756826049	0.9999090899199271	1
layer36_mean_max_std	catboost	HPCLAS_TRAIN_P_006326	1	HPCLAS_TRAIN_P_006326	0	A_clean_core	2.694695017669638	0.9367128823761057	1
layer36_mean_max_std	catboost	HPCLAS_TRAIN_P_006329	1	HPCLAS_TRAIN_P_006329	0	A_clean_core	7.9009836677689735	0.9996297580985416	1
layer36_mean_max_std	catboost	HPCLAS_TRAIN_P_006331	1	HPCLAS_TRAIN_P_006331	0	D_hard_sample	1.9648184865391345	0.8770534777876805	1
layer36_mean_max_std	catboost	HPCLAS_TRAIN_P_006332	1	HPCLAS_TRAIN_P_006332	0	D_hard_sample	-0.004975950440729645	0.4987560149565809	0
layer36_mean_max_std	catboost	HPCLAS_TRAIN_P_006334	1	HPCLAS_TRAIN_P_006334	0	A_clean_core	5.67185436748474	0.9965703255565113	1
layer36_mean_max_std	catboost	HPCLAS_TRAIN_P_006340	1	HPCLAS_TRAIN_P_006340	0	A_clean_core	5.53054938366098	0.9960518389257672	1
layer36_mean_max_std	catboost	HPCLAS_TRAIN_P_006343	1	HPCLAS_TRAIN_P_006343	0	A_clean_core	8.657003998766728	0.9998261256921033	1
layer36_mean_max_std	catboost	HPCLAS_TRAIN_P_006346	1	HPCLAS_TRAIN_P_006346	0	A_clean_core	7.422331785968649	0.99940260341048	1
layer36_mean_max_std	catboost	HPCLAS_TRAIN_P_006351	1	HPCLAS_TRAIN_P_006351	0	D_hard_sample	1.855487599230047	0.8647701235025671	1
layer36_mean_max_std	catboost	HPCLAS_TRAIN_P_006359	1	HPCLAS_TRAIN_P_006359	0	A_clean_core	5.072641488180052	0.9937731692686458	1
layer36_mean_max_std	catboost	HPCLAS_TRAIN_P_006365	1	HPCLAS_TRAIN_P_006365	0	A_clean_core	8.84193100427088	0.9998554775265918	1
layer36_mean_max_std	catboost	HPCLAS_TRAIN_P_006370	1	HPCLAS_TRAIN_P_006370	0	A_clean_core	9.371952284370325	0.9999149301060744	1
layer36_mean_max_std	catboost	HPCLAS_TRAIN_P_006380	1	HPCLAS_TRAIN_P_006380	0	D_hard_sample	0.5890391896256368	0.6431446608251875	1
layer36_mean_max_std	catboost	HPCLAS_TRAIN_P_006385	1	HPCLAS_TRAIN_P_006385	0	D_hard_sample	0.4909125650112643	0.6203213857641914	1
layer36_mean_max_std	catboost	HPCLAS_TRAIN_P_006390	1	HPCLAS_TRAIN_P_006390	0	A_clean_core	4.935254273125476	0.9928626747731492	1
layer36_mean_max_std	catboost	HPCLAS_TRAIN_P_006399	1	HPCLAS_TRAIN_P_006399	0	A_clean_core	5.176183275623941	0.9943822098542298	1
layer36_mean_max_std	catboost	HPCLAS_TRAIN_P_006402	1	HPCLAS_TRAIN_P_006402	0	A_clean_core	7.872884197755223	0.9996192109685036	1
layer36_mean_max_std	catboost	HPCLAS_TRAIN_P_006411	1	HPCLAS_TRAIN_P_006411	0	D_hard_sample	1.5834391092790892	0.8296910284232054	1
layer36_mean_max_std	catboost	HPCLAS_TRAIN_P_006413	1	HPCLAS_TRAIN_P_006413	0	D_hard_sample	5.754893358779146	0.9968427554132273	1
layer36_mean_max_std	catboost	HPCLAS_TRAIN_P_006418	1	HPCLAS_TRAIN_P_006418	0	A_clean_core	1.1123682963144441	0.7525703713895613	1
layer36_mean_max_std	catboost	HPCLAS_TRAIN_P_006421	1	HPCLAS_TRAIN_P_006421	0	A_clean_core	3.893233195565661	0.9800276740172515	1
layer36_mean_max_std	catboost	HPCLAS_TRAIN_P_006425	1	HPCLAS_TRAIN_P_006425	0	A_clean_core	1.5022326269542388	0.8179072285146185	1
layer36_mean_max_std	catboost	HPCLAS_TRAIN_P_006428	1	HPCLAS_TRAIN_P_006428	0	D_hard_sample	-0.014457476758123353	0.4963856937650292	0
layer36_mean_max_std	catboost	HPCLAS_TRAIN_P_006430	1	HPCLAS_TRAIN_P_006430	0	A_clean_core	4.104132938476608	0.9837636471112167	1
layer36_mean_max_std	catboost	HPCLAS_TRAIN_P_006436	1	HPCLAS_TRAIN_P_006436	0	D_hard_sample	-0.8478637171203836	0.2998811835358218	0
layer36_mean_max_std	catboost	HPCLAS_TRAIN_P_006460	1	HPCLAS_TRAIN_P_006460	0	D_hard_sample	-0.988332954263571	0.27124147611813026	0
layer36_mean_max_std	catboost	HPCLAS_TRAIN_P_006471	1	HPCLAS_TRAIN_P_006471	0	A_clean_core	6.467713151217824	0.9984496347327837	1
layer36_mean_max_std	catboost	HPCLAS_TRAIN_P_006472	1	HPCLAS_TRAIN_P_006472	0	A_clean_core	7.144430809014864	0.9992113750865779	1
layer36_mean_max_std	catboost	HPCLAS_TRAIN_P_006481	1	HPCLAS_TRAIN_P_006481	0	A_clean_core	7.7482641003711885	0.999568695188352	1
layer36_mean_max_std	catboost	HPCLAS_TRAIN_P_006486	1	HPCLAS_TRAIN_P_006486	0	A_clean_core	8.134500699569168	0.9997068405508739	1
layer36_mean_max_std	catboost	HPCLAS_TRAIN_P_006489	1	HPCLAS_TRAIN_P_006489	0	A_clean_core	3.8617779537044763	0.9794026002822414	1
layer36_mean_max_std	catboost	HPCLAS_TRAIN_P_006493	1	HPCLAS_TRAIN_P_006493	0	A_clean_core	7.654058166240722	0.9995261085021968	1
layer36_mean_max_std	catboost	HPCLAS_TRAIN_P_006498	1	HPCLAS_TRAIN_N_000237	0	B_ambiguous	3.9762512106585377	0.9815894849675224	1
layer36_mean_max_std	catboost	HPCLAS_TRAIN_P_006499	1	HPCLAS_TRAIN_P_006499	0	D_hard_sample	-3.2736441506314056	0.03648650068141442	0
layer36_mean_max_std	catboost	HPCLAS_TRAIN_P_006506	1	HPCLAS_TRAIN_P_006506	0	A_clean_core	9.141662419035882	0.9998929023499528	1
layer36_mean_max_std	catboost	HPCLAS_TRAIN_P_006510	1	HPCLAS_TRAIN_P_006510	0	A_clean_core	2.210692746215417	0.9012056219669421	1
layer36_mean_max_std	catboost	HPCLAS_TRAIN_P_006515	1	HPCLAS_TRAIN_P_006515	0	A_clean_core	4.3489921468584365	0.9872449655331845	1
layer36_mean_max_std	catboost	HPCLAS_TRAIN_P_006519	1	HPCLAS_TRAIN_P_006519	0	D_hard_sample	1.6349913098353996	0.8368522513898582	1
layer36_mean_max_std	catboost	HPCLAS_TRAIN_P_006527	1	HPCLAS_TRAIN_P_006527	0	A_clean_core	7.492574756288843	0.9994431038649725	1
layer36_mean_max_std	catboost	HPCLAS_TRAIN_P_006528	1	HPCLAS_TRAIN_P_006528	0	A_clean_core	4.8008631518838145	0.9918444139099916	1
layer36_mean_max_std	catboost	HPCLAS_TRAIN_P_006541	1	HPCLAS_TRAIN_P_006541	0	A_clean_core	8.441284972815042	0.9997842738378172	1
layer36_mean_max_std	catboost	HPCLAS_TRAIN_P_006542	1	HPCLAS_TRAIN_P_006542	0	D_hard_sample	0.35704777332152554	0.5883255958407657	1
layer36_mean_max_std	catboost	HPCLAS_TRAIN_P_006544	1	HPCLAS_TRAIN_P_006544	0	A_clean_core	8.996194783632438	0.9998761350447336	1
layer36_mean_max_std	catboost	HPCLAS_TRAIN_P_006550	1	HPCLAS_TRAIN_P_006550	0	A_clean_core	5.453525396708937	0.9957370652340073	1
layer36_mean_max_std	catboost	HPCLAS_TRAIN_P_006557	1	HPCLAS_TRAIN_P_006557	0	D_hard_sample	0.2615571174973559	0.5650190271754606	1
layer36_mean_max_std	catboost	HPCLAS_TRAIN_P_006568	1	HPCLAS_TRAIN_P_006568	0	D_hard_sample	1.5843627553235946	0.8298215034017269	1
layer36_mean_max_std	catboost	HPCLAS_TRAIN_P_006570	1	HPCLAS_TRAIN_P_006570	0	A_clean_core	6.560692231270148	0.9985870932010672	1
layer36_mean_max_std	catboost	HPCLAS_TRAIN_P_006585	1	HPCLAS_TRAIN_P_006585	0	A_clean_core	2.44226708233832	0.9199941152593188	1
layer36_mean_max_std	catboost	HPCLAS_TRAIN_P_006586	1	HPCLAS_TRAIN_P_006586	0	A_clean_core	8.488158790105725	0.9997941503810622	1
layer36_mean_max_std	catboost	HPCLAS_TRAIN_P_006589	1	HPCLAS_TRAIN_P_006589	0	A_clean_core	2.1851319998254772	0.8989063915325067	1
layer36_mean_max_std	catboost	HPCLAS_TRAIN_P_006592	1	HPCLAS_TRAIN_P_006592	0	D_hard_sample	1.999220238990923	0.8807151837610228	1
layer36_mean_max_std	catboost	HPCLAS_TRAIN_P_006598	1	HPCLAS_TRAIN_P_006598	0	A_clean_core	3.8298773494209972	0.9787491263957795	1
layer36_mean_max_std	catboost	HPCLAS_TRAIN_P_006609	1	HPCLAS_TRAIN_P_006609	0	A_clean_core	2.9774294562357873	0.9515439860510704	1
layer36_mean_max_std	catboost	HPCLAS_TRAIN_P_006615	1	HPCLAS_TRAIN_P_006615	0	A_clean_core	8.16907623392357	0.9997168006449144	1
layer36_mean_max_std	catboost	HPCLAS_TRAIN_P_006617	1	HPCLAS_TRAIN_P_006617	0	A_clean_core	4.253265291475145	0.9859815772037732	1
layer36_mean_max_std	catboost	HPCLAS_TRAIN_P_006623	1	HPCLAS_TRAIN_P_006623	0	A_clean_core	1.9638133269488531	0.8769450496656782	1
layer36_mean_max_std	catboost	HPCLAS_TRAIN_P_006629	1	HPCLAS_TRAIN_P_006629	0	A_clean_core	7.4655732964617565	0.999427870726481	1
layer36_mean_max_std	catboost	HPCLAS_TRAIN_P_006632	1	HPCLAS_TRAIN_P_006632	0	D_hard_sample	1.6832816017536563	0.843338580460987	1
layer36_mean_max_std	catboost	HPCLAS_TRAIN_P_006650	1	HPCLAS_TRAIN_P_006650	0	A_clean_core	7.831204959334347	0.9996030110165424	1
layer36_mean_max_std	catboost	HPCLAS_TRAIN_P_006659	1	HPCLAS_TRAIN_P_006659	0	B_ambiguous	0.8374389532128085	0.6979255559457357	1
layer36_mean_max_std	catboost	HPCLAS_TRAIN_P_006666	1	HPCLAS_TRAIN_P_006666	0	A_clean_core	3.1119260273457416	0.9573820102300864	1
layer36_mean_max_std	catboost	HPCLAS_TRAIN_P_006672	1	HPCLAS_TRAIN_P_006672	0	A_clean_core	7.769582869228344	0.9995777889158035	1
layer36_mean_max_std	catboost	HPCLAS_TRAIN_P_006677	1	HPCLAS_TRAIN_P_006677	0	A_clean_core	1.6709068819203374	0.8416966946051064	1
layer36_mean_max_std	catboost	HPCLAS_TRAIN_P_006688	1	HPCLAS_TRAIN_N_002316	0	B_ambiguous	2.7921460798682998	0.942249934545486	1
layer36_mean_max_std	catboost	HPCLAS_TRAIN_P_006691	1	HPCLAS_TRAIN_P_006691	0	A_clean_core	2.193563489637195	0.899670019240264	1
layer36_mean_max_std	catboost	HPCLAS_TRAIN_P_006693	1	HPCLAS_TRAIN_P_006693	0	A_clean_core	8.762132429921586	0.999843474084601	1
layer36_mean_max_std	catboost	HPCLAS_TRAIN_P_006695	1	HPCLAS_TRAIN_P_006695	0	A_clean_core	9.148009856163517	0.999893579920516	1
layer36_mean_max_std	catboost	HPCLAS_TRAIN_P_006696	1	HPCLAS_TRAIN_P_006696	0	A_clean_core	0.577568603051518	0.6405077502476818	1
layer36_mean_max_std	catboost	HPCLAS_TRAIN_P_006701	1	HPCLAS_TRAIN_P_006701	0	A_clean_core	8.464150616432029	0.9997891495596042	1
layer36_mean_max_std	catboost	HPCLAS_TRAIN_P_006705	1	HPCLAS_TRAIN_P_006705	0	A_clean_core	7.234441575150286	0.9992792099278318	1
layer36_mean_max_std	catboost	HPCLAS_TRAIN_P_006709	1	HPCLAS_TRAIN_P_006709	0	D_hard_sample	0.5244145875234707	0.6281794637519672	1
layer36_mean_max_std	catboost	HPCLAS_TRAIN_P_006715	1	HPCLAS_TRAIN_P_006715	0	A_clean_core	7.168030973979965	0.9992297546951129	1
layer36_mean_max_std	catboost	HPCLAS_TRAIN_P_006724	1	HPCLAS_TRAIN_P_006724	0	D_hard_sample	1.390813271480065	0.8007220455711507	1
layer36_mean_max_std	catboost	HPCLAS_TRAIN_P_006728	1	HPCLAS_TRAIN_P_006728	0	A_clean_core	8.329916592517955	0.9997588659983606	1
layer36_mean_max_std	catboost	HPCLAS_TRAIN_P_006735	1	HPCLAS_TRAIN_P_006735	0	A_clean_core	8.932878824883938	0.9998680398788751	1
layer36_mean_max_std	catboost	HPCLAS_TRAIN_P_006744	1	HPCLAS_TRAIN_P_006744	0	A_clean_core	8.450910693521575	0.9997863399540523	1
layer36_mean_max_std	catboost	HPCLAS_TRAIN_P_006746	1	HPCLAS_TRAIN_P_006746	0	A_clean_core	7.171313138227952	0.999232276684799	1
layer36_mean_max_std	catboost	HPCLAS_TRAIN_P_006771	1	HPCLAS_TRAIN_P_006771	0	D_hard_sample	-2.450697926614297	0.07938752613881167	0
layer36_mean_max_std	catboost	HPCLAS_TRAIN_P_006774	1	HPCLAS_TRAIN_P_003376	0	A_clean_core	2.6434148963400723	0.9336039593727598	1
layer36_mean_max_std	catboost	HPCLAS_TRAIN_P_006780	1	HPCLAS_TRAIN_P_006780	0	A_clean_core	8.853845377014462	0.999857188959733	1
layer36_mean_max_std	catboost	HPCLAS_TRAIN_P_006781	1	HPCLAS_TRAIN_P_006781	0	A_clean_core	7.0414856862506	0.9991259387718692	1
layer36_mean_max_std	catboost	HPCLAS_TRAIN_P_006792	1	HPCLAS_TRAIN_P_006792	0	D_hard_sample	1.9866301377821476	0.879386165982855	1
layer36_mean_max_std	catboost	HPCLAS_TRAIN_P_006795	1	HPCLAS_TRAIN_P_006795	0	A_clean_core	8.51107949763896	0.999798813999842	1
layer36_mean_max_std	catboost	HPCLAS_TRAIN_P_006803	1	HPCLAS_TRAIN_P_006803	0	A_clean_core	7.878833088176918	0.9996214686612077	1
layer36_mean_max_std	catboost	HPCLAS_TRAIN_P_006806	1	HPCLAS_TRAIN_P_006806	0	A_clean_core	8.285773734812842	0.9997479859657683	1
layer36_mean_max_std	catboost	HPCLAS_TRAIN_P_006825	1	HPCLAS_TRAIN_P_006825	0	A_clean_core	3.5372309117195906	0.9717287389343527	1
layer36_mean_max_std	catboost	HPCLAS_TRAIN_P_006832	1	HPCLAS_TRAIN_P_006832	0	A_clean_core	7.880283891156949	0.9996220172299948	1
layer36_mean_max_std	catboost	HPCLAS_TRAIN_P_006836	1	HPCLAS_TRAIN_P_006836	0	A_clean_core	8.111024623568287	0.9996998789874952	1
layer36_mean_max_std	catboost	HPCLAS_TRAIN_P_006837	1	HPCLAS_TRAIN_P_006837	0	A_clean_core	7.5957544642420585	0.9994976718259146	1
layer36_mean_max_std	catboost	HPCLAS_TRAIN_P_006845	1	HPCLAS_TRAIN_P_006845	0	A_clean_core	7.039553389682984	0.9991242496740596	1
layer36_mean_max_std	catboost	HPCLAS_TRAIN_P_006846	1	HPCLAS_TRAIN_P_006846	0	A_clean_core	3.912203854629738	0.9803956330928595	1
layer36_mean_max_std	catboost	HPCLAS_TRAIN_P_006851	1	HPCLAS_TRAIN_P_006851	0	A_clean_core	9.8582060801538	0.9999476866203677	1
layer36_mean_max_std	catboost	HPCLAS_TRAIN_P_006853	1	HPCLAS_TRAIN_P_006853	0	A_clean_core	10.010914132435696	0.9999550948934721	1
layer36_mean_max_std	catboost	HPCLAS_TRAIN_P_006862	1	HPCLAS_TRAIN_P_006862	0	A_clean_core	6.590802881872939	0.9986289451576267	1
layer36_mean_max_std	catboost	HPCLAS_TRAIN_P_006864	1	HPCLAS_TRAIN_P_006864	0	A_clean_core	8.829135619378736	0.9998536166969867	1
layer36_mean_max_std	catboost	HPCLAS_TRAIN_P_006866	1	HPCLAS_TRAIN_P_006866	0	A_clean_core	3.597812967447082	0.9733463263783804	1
layer36_mean_max_std	catboost	HPCLAS_TRAIN_P_006867	1	HPCLAS_TRAIN_P_006867	0	A_clean_core	7.963478113157406	0.9996521801878534	1
layer36_mean_max_std	catboost	HPCLAS_TRAIN_P_006872	1	HPCLAS_TRAIN_P_006872	0	A_clean_core	5.279315641922774	0.9949299196770428	1
layer36_mean_max_std	catboost	HPCLAS_TRAIN_P_006874	1	HPCLAS_TRAIN_P_006874	0	A_clean_core	9.821477259870074	0.9999457295963305	1
layer36_mean_max_std	catboost	HPCLAS_TRAIN_P_006907	1	HPCLAS_TRAIN_P_006907	0	A_clean_core	2.900864714294453	0.9478891662852652	1
layer36_mean_max_std	catboost	HPCLAS_TRAIN_P_006910	1	HPCLAS_TRAIN_P_006910	0	D_hard_sample	-0.09079188955564979	0.47731760670091833	0
layer36_mean_max_std	catboost	HPCLAS_TRAIN_P_006918	1	HPCLAS_TRAIN_P_006918	0	A_clean_core	8.824082251628049	0.999852875205219	1
layer36_mean_max_std	catboost	HPCLAS_TRAIN_P_006923	1	HPCLAS_TRAIN_P_006923	0	B_ambiguous	-0.5069747079694662	0.37590299194213855	0
layer36_mean_max_std	catboost	HPCLAS_TRAIN_P_006926	1	HPCLAS_TRAIN_P_006926	0	A_clean_core	6.949870286764141	0.9990421588299034	1
layer36_mean_max_std	catboost	HPCLAS_TRAIN_P_006932	1	HPCLAS_TRAIN_P_006932	0	A_clean_core	5.455883381559361	0.9957470626278673	1
layer36_mean_max_std	catboost	HPCLAS_TRAIN_P_006937	1	HPCLAS_TRAIN_P_006937	0	A_clean_core	7.905313300268042	0.9996313570550273	1
layer36_mean_max_std	catboost	HPCLAS_TRAIN_P_006939	1	HPCLAS_TRAIN_P_006939	0	A_clean_core	8.293516080862435	0.9997499291256825	1
layer36_mean_max_std	catboost	HPCLAS_TRAIN_P_006950	1	HPCLAS_TRAIN_P_006950	0	D_hard_sample	-0.888300739092185	0.2914606196664848	0
layer36_mean_max_std	catboost	HPCLAS_TRAIN_P_006959	1	HPCLAS_TRAIN_P_006959	0	A_clean_core	8.026156570134402	0.9996733049263465	1
layer36_mean_max_std	catboost	HPCLAS_TRAIN_P_006963	1	HPCLAS_TRAIN_P_006963	0	D_hard_sample	1.7311281699901777	0.8495566686837472	1
layer36_mean_max_std	catboost	HPCLAS_TRAIN_P_006971	1	HPCLAS_TRAIN_P_006971	0	A_clean_core	4.485671692338318	0.9888562667799922	1
layer36_mean_max_std	catboost	HPCLAS_TRAIN_P_006973	1	HPCLAS_TRAIN_P_006973	0	A_clean_core	4.658895606577811	0.9906120460399457	1
layer36_mean_max_std	catboost	HPCLAS_TRAIN_P_006983	1	HPCLAS_TRAIN_P_006983	0	A_clean_core	8.757035662474372	0.9998426743977434	1
layer36_mean_max_std	catboost	HPCLAS_TRAIN_P_006987	1	HPCLAS_TRAIN_P_006987	0	A_clean_core	8.527139698161866	0.999802018645148	1
layer36_mean_max_std	catboost	HPCLAS_TRAIN_P_006988	1	HPCLAS_TRAIN_P_006988	0	D_hard_sample	-0.13437824076721985	0.46645590153550437	0
layer36_mean_max_std	catboost	HPCLAS_TRAIN_P_006989	1	HPCLAS_TRAIN_P_006989	0	A_clean_core	8.367049486411934	0.9997676537540999	1
layer36_mean_max_std	catboost	HPCLAS_TRAIN_P_006990	1	HPCLAS_TRAIN_P_006990	0	D_hard_sample	2.5667167414537855	0.9286885642649392	1
layer36_mean_max_std	catboost	HPCLAS_TRAIN_P_006994	1	HPCLAS_TRAIN_P_006994	0	D_hard_sample	0.44239686757938995	0.6088300078788528	1
layer36_mean_max_std	catboost	HPCLAS_TRAIN_P_006995	1	HPCLAS_TRAIN_P_006995	0	D_hard_sample	-1.353498419415845	0.20529901154679925	0
layer36_mean_max_std	catboost	HPCLAS_TRAIN_P_007000	1	HPCLAS_TRAIN_P_007000	0	A_clean_core	6.700417432639378	0.9987711138322156	1
layer36_mean_max_std	catboost	HPCLAS_TRAIN_P_007003	1	HPCLAS_TRAIN_P_007003	0	A_clean_core	5.410246973090806	0.9955493607698722	1
layer36_mean_max_std	catboost	HPCLAS_TRAIN_P_007004	1	HPCLAS_TRAIN_P_007004	0	A_clean_core	2.047834393441048	0.8857286132662103	1
layer36_mean_max_std	catboost	HPCLAS_TRAIN_P_007007	1	HPCLAS_TRAIN_P_007007	0	A_clean_core	7.903123974186456	0.9996305493897903	1
layer36_mean_max_std	catboost	HPCLAS_TRAIN_P_007011	1	HPCLAS_TRAIN_N_000351	0	B_ambiguous	7.357732120963684	0.9993627634114005	1
layer36_mean_max_std	catboost	HPCLAS_TRAIN_P_007016	1	HPCLAS_TRAIN_P_007016	0	A_clean_core	2.2919854892798703	0.9082111020004056	1
layer36_mean_max_std	catboost	HPCLAS_TRAIN_P_007023	1	HPCLAS_TRAIN_P_007023	0	D_hard_sample	0.4180262658723523	0.6030108562910059	1
layer36_mean_max_std	catboost	HPCLAS_TRAIN_P_007030	1	HPCLAS_TRAIN_P_007030	0	A_clean_core	8.996015672205361	0.9998761128598666	1
layer36_mean_max_std	catboost	HPCLAS_TRAIN_P_007035	1	HPCLAS_TRAIN_P_007035	0	A_clean_core	5.027350925299727	0.993486547872055	1
layer36_mean_max_std	catboost	HPCLAS_TRAIN_P_007044	1	HPCLAS_TRAIN_P_007044	0	B_ambiguous	0.29542672689027855	0.5733241633986341	1
layer36_mean_max_std	catboost	HPCLAS_TRAIN_P_007049	1	HPCLAS_TRAIN_P_007049	0	A_clean_core	2.4343427350906053	0.919408899490108	1
layer36_mean_max_std	catboost	HPCLAS_TRAIN_P_007051	1	HPCLAS_TRAIN_P_007051	0	A_clean_core	1.1624246360015507	0.7617730046424859	1
layer36_mean_max_std	catboost	HPCLAS_TRAIN_P_007061	1	HPCLAS_TRAIN_P_007061	0	A_clean_core	1.7308857549318473	0.8495256829568137	1
layer36_mean_max_std	catboost	HPCLAS_TRAIN_P_007067	1	HPCLAS_TRAIN_P_007067	0	D_hard_sample	6.438405336331338	0.9984035981306437	1
layer36_mean_max_std	catboost	HPCLAS_TRAIN_P_007071	1	HPCLAS_TRAIN_P_007071	0	A_clean_core	4.1880230955963995	0.9850506184138244	1
layer36_mean_max_std	catboost	HPCLAS_TRAIN_P_007092	1	HPCLAS_TRAIN_P_007092	0	D_hard_sample	3.963921753282305	0.9813653442915371	1
layer36_mean_max_std	catboost	HPCLAS_TRAIN_P_007103	1	HPCLAS_TRAIN_P_007103	0	A_clean_core	6.660486264381052	0.9987211140975324	1
layer36_mean_max_std	catboost	HPCLAS_TRAIN_P_007114	1	HPCLAS_TRAIN_P_007114	0	D_hard_sample	2.9529533255598404	0.9504028853822231	1
layer36_mean_max_std	catboost	HPCLAS_TRAIN_P_007115	1	HPCLAS_TRAIN_P_007115	0	A_clean_core	8.417725062800184	0.9997791321402719	1
layer36_mean_max_std	catboost	HPCLAS_TRAIN_P_007116	1	HPCLAS_TRAIN_P_007116	0	A_clean_core	4.012479306841297	0.9822328876097307	1
layer36_mean_max_std	catboost	HPCLAS_TRAIN_P_007120	1	HPCLAS_TRAIN_N_005110	0	B_ambiguous	-0.08736307130792367	0.4781731128646396	0
layer36_mean_max_std	catboost	HPCLAS_TRAIN_P_007122	1	HPCLAS_TRAIN_P_007122	0	A_clean_core	7.679166966153429	0.9995378537780351	1
layer36_mean_max_std	catboost	HPCLAS_TRAIN_P_007123	1	HPCLAS_TRAIN_P_007123	0	A_clean_core	7.005208049061588	0.9990936769816232	1
layer36_mean_max_std	catboost	HPCLAS_TRAIN_P_007124	1	HPCLAS_TRAIN_N_001977	0	B_ambiguous	2.5553793692160967	0.9279340752615529	1
layer36_mean_max_std	catboost	HPCLAS_TRAIN_P_007127	1	HPCLAS_TRAIN_P_007127	0	A_clean_core	0.7968489849922576	0.6893000452959293	1
layer36_mean_max_std	catboost	HPCLAS_TRAIN_P_007130	1	HPCLAS_TRAIN_P_007130	0	A_clean_core	3.2070460934444136	0.9610985748742477	1
layer36_mean_max_std	catboost	HPCLAS_TRAIN_P_007131	1	HPCLAS_TRAIN_P_007131	0	A_clean_core	6.84961649500786	0.9989412600409574	1
layer36_mean_max_std	catboost	HPCLAS_TRAIN_P_007144	1	HPCLAS_TRAIN_P_007144	0	A_clean_core	7.118794151918975	0.999190912563359	1
layer36_mean_max_std	catboost	HPCLAS_TRAIN_P_007146	1	HPCLAS_TRAIN_P_007146	0	A_clean_core	3.7029391395870523	0.9759420836502154	1
layer36_mean_max_std	catboost	HPCLAS_TRAIN_P_007148	1	HPCLAS_TRAIN_P_007148	0	A_clean_core	2.453182735124061	0.9207938867604923	1
layer36_mean_max_std	catboost	HPCLAS_TRAIN_P_007150	1	HPCLAS_TRAIN_P_007150	0	A_clean_core	8.533260823905369	0.9998032265747362	1
layer36_mean_max_std	catboost	HPCLAS_TRAIN_P_007156	1	HPCLAS_TRAIN_P_007156	0	A_clean_core	0.9376646074899141	0.7186276777221966	1
layer36_mean_max_std	catboost	HPCLAS_TRAIN_P_007158	1	HPCLAS_TRAIN_P_007158	0	A_clean_core	4.627568942483471	0.9903161908189909	1
layer36_mean_max_std	catboost	HPCLAS_TRAIN_P_007159	1	HPCLAS_TRAIN_P_007159	0	A_clean_core	6.600101724132092	0.9986416180490943	1
layer36_mean_max_std	catboost	HPCLAS_TRAIN_P_007185	1	HPCLAS_TRAIN_P_007185	0	A_clean_core	3.0361317509942305	0.9541800041588581	1
layer36_mean_max_std	catboost	HPCLAS_TRAIN_P_007187	1	HPCLAS_TRAIN_P_007187	0	D_hard_sample	1.0607977126443349	0.7428429597103203	1
layer36_mean_max_std	catboost	HPCLAS_TRAIN_P_007191	1	HPCLAS_TRAIN_P_007191	0	A_clean_core	5.479769348731581	0.9958470276352278	1
layer36_mean_max_std	catboost	HPCLAS_TRAIN_P_007204	1	HPCLAS_TRAIN_P_007204	0	A_clean_core	4.122200312407765	0.9840497242710408	1
layer36_mean_max_std	catboost	HPCLAS_TRAIN_P_007212	1	HPCLAS_TRAIN_P_007212	0	A_clean_core	2.641091009252907	0.9334597619394794	1
layer36_mean_max_std	catboost	HPCLAS_TRAIN_P_007213	1	HPCLAS_TRAIN_P_007213	0	A_clean_core	5.863058738001413	0.9971655213075249	1
layer36_mean_max_std	catboost	HPCLAS_TRAIN_P_007219	1	HPCLAS_TRAIN_P_007219	0	A_clean_core	9.41773472905574	0.999918736694947	1
layer36_mean_max_std	catboost	HPCLAS_TRAIN_P_007223	1	HPCLAS_TRAIN_P_007223	0	A_clean_core	3.602097722515155	0.9734572617072574	1
layer36_mean_max_std	catboost	HPCLAS_TRAIN_P_007233	1	HPCLAS_TRAIN_P_007233	0	D_hard_sample	0.23654049091770912	0.5588609323332978	1
layer36_mean_max_std	catboost	HPCLAS_TRAIN_P_007237	1	HPCLAS_TRAIN_P_007237	0	B_ambiguous	1.5226153761324857	0.8209232852086296	1
layer36_mean_max_std	catboost	HPCLAS_TRAIN_P_007240	1	HPCLAS_TRAIN_P_007240	0	A_clean_core	2.3372391138670894	0.9119145652158873	1
layer36_mean_max_std	catboost	HPCLAS_TRAIN_P_007243	1	HPCLAS_TRAIN_P_007243	0	A_clean_core	2.654369280044876	0.9342797785908169	1
layer36_mean_max_std	catboost	HPCLAS_TRAIN_P_007244	1	HPCLAS_TRAIN_P_007244	0	A_clean_core	6.137133409517824	0.9978435505597723	1
layer36_mean_max_std	catboost	HPCLAS_TRAIN_P_007269	1	HPCLAS_TRAIN_P_007269	0	A_clean_core	1.197153863552175	0.7680180847410025	1
layer36_mean_max_std	catboost	HPCLAS_TRAIN_P_007276	1	HPCLAS_TRAIN_P_007276	0	A_clean_core	7.471105318311249	0.9994310252238805	1
layer36_mean_max_std	catboost	HPCLAS_TRAIN_P_007283	1	HPCLAS_TRAIN_P_007283	0	D_hard_sample	0.7263550854180876	0.6740049121026186	1
layer36_mean_max_std	catboost	HPCLAS_TRAIN_P_007298	1	HPCLAS_TRAIN_P_007298	0	A_clean_core	0.5631446756194483	0.6371798448560272	1
layer36_mean_max_std	catboost	HPCLAS_TRAIN_P_007301	1	HPCLAS_TRAIN_P_007301	0	A_clean_core	7.448957595582155	0.9994182905573245	1
layer36_mean_max_std	catboost	HPCLAS_TRAIN_P_007305	1	HPCLAS_TRAIN_P_007305	0	A_clean_core	7.054387763267838	0.9991371338711198	1
layer36_mean_max_std	catboost	HPCLAS_TRAIN_P_007307	1	HPCLAS_TRAIN_P_007307	0	A_clean_core	8.346509898329167	0.9997628332536694	1
layer36_mean_max_std	catboost	HPCLAS_TRAIN_P_007312	1	HPCLAS_TRAIN_P_007312	0	A_clean_core	6.549751707991365	0.9985715725949225	1
layer36_mean_max_std	catboost	HPCLAS_TRAIN_P_007313	1	HPCLAS_TRAIN_P_007313	0	A_clean_core	4.378348014759771	0.9876093860488627	1
layer36_mean_max_std	catboost	HPCLAS_TRAIN_P_007323	1	HPCLAS_TRAIN_P_007323	0	A_clean_core	1.4511030849896447	0.8101681417860335	1
layer36_mean_max_std	catboost	HPCLAS_TRAIN_P_007326	1	HPCLAS_TRAIN_P_004508	0	A_clean_core	8.357479132763231	0.9997654199679664	1
layer36_mean_max_std	catboost	HPCLAS_TRAIN_P_007340	1	HPCLAS_TRAIN_P_007340	0	D_hard_sample	3.0300295170118887	0.9539124706503436	1
layer36_mean_max_std	catboost	HPCLAS_TRAIN_P_007363	1	HPCLAS_TRAIN_P_007363	0	A_clean_core	2.2136437783618077	0.9014680534057938	1
layer36_mean_max_std	catboost	HPCLAS_TRAIN_P_007369	1	HPCLAS_TRAIN_P_007369	0	A_clean_core	4.307490795356391	0.9867116586281713	1
layer36_mean_max_std	catboost	HPCLAS_TRAIN_P_007379	1	HPCLAS_TRAIN_P_007379	0	A_clean_core	0.7375693640757178	0.6764641145847813	1
layer36_mean_max_std	catboost	HPCLAS_TRAIN_P_007382	1	HPCLAS_TRAIN_P_007382	0	A_clean_core	6.610477355741266	0.9986556204047614	1
layer36_mean_max_std	catboost	HPCLAS_TRAIN_P_007384	1	HPCLAS_TRAIN_P_007384	0	A_clean_core	7.562015610575983	0.9994804436595118	1
layer36_mean_max_std	catboost	HPCLAS_TRAIN_P_007391	1	HPCLAS_TRAIN_P_007391	0	A_clean_core	2.21738842009586	0.9018001655540194	1
layer36_mean_max_std	catboost	HPCLAS_TRAIN_P_007403	1	HPCLAS_TRAIN_P_007403	0	A_clean_core	3.1558146128874585	0.9591372233692933	1
layer36_mean_max_std	catboost	HPCLAS_TRAIN_P_007408	1	HPCLAS_TRAIN_P_007408	0	A_clean_core	8.13376620537166	0.9997066252110569	1
layer36_mean_max_std	catboost	HPCLAS_TRAIN_P_007415	1	HPCLAS_TRAIN_P_007415	0	D_hard_sample	1.8806228748290392	0.8676826547631784	1
layer36_mean_max_std	catboost	HPCLAS_TRAIN_P_007419	1	HPCLAS_TRAIN_P_007419	0	A_clean_core	3.706909264005894	0.9760351228052392	1
layer36_mean_max_std	catboost	HPCLAS_TRAIN_P_007421	1	HPCLAS_TRAIN_P_007421	0	A_clean_core	8.633484662270071	0.9998219885510086	1
layer36_mean_max_std	catboost	HPCLAS_TRAIN_P_007429	1	HPCLAS_TRAIN_P_007429	0	A_clean_core	8.008913988308704	0.9996676249036953	1
layer36_mean_max_std	catboost	HPCLAS_TRAIN_P_007431	1	HPCLAS_TRAIN_P_007431	0	A_clean_core	4.504816037388772	0.9890652664791674	1
layer36_mean_max_std	catboost	HPCLAS_TRAIN_P_007441	1	HPCLAS_TRAIN_P_007441	0	A_clean_core	4.591123628751713	0.9899603598397437	1
layer36_mean_max_std	catboost	HPCLAS_TRAIN_P_007448	1	HPCLAS_TRAIN_P_007448	0	A_clean_core	3.0722644289699907	0.9557340713005191	1
