representation	head	clean_id	label	homology_group	fold	quality_tier	raw_score	probability_uncalibrated	prediction_at_fixed_boundary
layer24_mean	catboost	HPCLAS_TRAIN_N_000003	0	HPCLAS_TRAIN_N_000003	2	A_clean_core	0.1403746944283896	0.5350361600383404	1
layer24_mean	catboost	HPCLAS_TRAIN_N_000004	0	HPCLAS_TRAIN_N_000004	2	A_clean_core	-2.50746908209526	0.07533622555938976	0
layer24_mean	catboost	HPCLAS_TRAIN_N_000006	0	HPCLAS_TRAIN_N_000006	2	D_hard_sample	1.1827921340551928	0.765449465457464	1
layer24_mean	catboost	HPCLAS_TRAIN_N_000007	0	HPCLAS_TRAIN_N_000007	2	A_clean_core	-4.165547406245935	0.015283990050105868	0
layer24_mean	catboost	HPCLAS_TRAIN_N_000010	0	HPCLAS_TRAIN_N_000010	2	A_clean_core	-2.4188152205616538	0.08174914832164978	0
layer24_mean	catboost	HPCLAS_TRAIN_N_000015	0	HPCLAS_TRAIN_N_000015	2	D_hard_sample	-1.1573060821516974	0.23915712862914373	0
layer24_mean	catboost	HPCLAS_TRAIN_N_000020	0	HPCLAS_TRAIN_N_000020	2	A_clean_core	-0.3167351115758086	0.421471631593976	0
layer24_mean	catboost	HPCLAS_TRAIN_N_000023	0	HPCLAS_TRAIN_N_000023	2	D_hard_sample	0.05487021494972474	0.5137141131071085	1
layer24_mean	catboost	HPCLAS_TRAIN_N_000024	0	HPCLAS_TRAIN_N_000024	2	A_clean_core	-2.940095523776425	0.050206717847424615	0
layer24_mean	catboost	HPCLAS_TRAIN_N_000025	0	HPCLAS_TRAIN_N_000025	2	A_clean_core	-3.2234101318947546	0.038294200077508216	0
layer24_mean	catboost	HPCLAS_TRAIN_N_000027	0	HPCLAS_TRAIN_N_000027	2	A_clean_core	-1.1849762375763697	0.2341586354299546	0
layer24_mean	catboost	HPCLAS_TRAIN_N_000033	0	HPCLAS_TRAIN_N_000033	2	A_clean_core	0.02474497142109477	0.5061859272145426	1
layer24_mean	catboost	HPCLAS_TRAIN_N_000040	0	HPCLAS_TRAIN_N_000040	2	A_clean_core	-0.6507585781397389	0.34281861384234463	0
layer24_mean	catboost	HPCLAS_TRAIN_N_000053	0	HPCLAS_TRAIN_N_000053	2	A_clean_core	-3.2376093504219523	0.037774689315234686	0
layer24_mean	catboost	HPCLAS_TRAIN_N_000059	0	HPCLAS_TRAIN_N_000059	2	A_clean_core	1.4157039454033145	0.8046640470146799	1
layer24_mean	catboost	HPCLAS_TRAIN_N_000065	0	HPCLAS_TRAIN_N_000065	2	A_clean_core	-2.495090414114871	0.07620307774717071	0
layer24_mean	catboost	HPCLAS_TRAIN_N_000071	0	HPCLAS_TRAIN_N_000071	2	A_clean_core	-2.832822997426008	0.05557604025948371	0
layer24_mean	catboost	HPCLAS_TRAIN_N_000076	0	HPCLAS_TRAIN_N_000076	2	D_hard_sample	-1.17485057102437	0.23597934015156713	0
layer24_mean	catboost	HPCLAS_TRAIN_N_000078	0	HPCLAS_TRAIN_N_000078	2	D_hard_sample	0.42117044247382746	0.6037632925176443	1
layer24_mean	catboost	HPCLAS_TRAIN_N_000093	0	HPCLAS_TRAIN_N_000093	2	B_ambiguous	-0.6025994086306686	0.35374921546127075	0
layer24_mean	catboost	HPCLAS_TRAIN_N_000095	0	HPCLAS_TRAIN_N_000095	2	D_hard_sample	-2.470013280832137	0.07798728016226925	0
layer24_mean	catboost	HPCLAS_TRAIN_N_000111	0	HPCLAS_TRAIN_N_000111	2	A_clean_core	-4.611721779114251	0.00983697088059862	0
layer24_mean	catboost	HPCLAS_TRAIN_N_000115	0	HPCLAS_TRAIN_N_000115	2	D_hard_sample	-0.5672218698765988	0.36187811068330766	0
layer24_mean	catboost	HPCLAS_TRAIN_N_000118	0	HPCLAS_TRAIN_N_000118	2	A_clean_core	-1.1795929964226342	0.23512538445381592	0
layer24_mean	catboost	HPCLAS_TRAIN_N_000119	0	HPCLAS_TRAIN_N_000119	2	A_clean_core	-0.04091761322996324	0.489772023669386	0
layer24_mean	catboost	HPCLAS_TRAIN_N_000129	0	HPCLAS_TRAIN_N_000129	2	A_clean_core	-0.31528600590234435	0.42182501195705424	0
layer24_mean	catboost	HPCLAS_TRAIN_N_000131	0	HPCLAS_TRAIN_N_000131	2	A_clean_core	-3.9833621005040643	0.018282449208179247	0
layer24_mean	catboost	HPCLAS_TRAIN_N_000132	0	HPCLAS_TRAIN_N_000132	2	D_hard_sample	-2.689601042735259	0.06358977055308805	0
layer24_mean	catboost	HPCLAS_TRAIN_N_000151	0	HPCLAS_TRAIN_N_000151	2	A_clean_core	0.4133470497345545	0.6018901663866818	1
layer24_mean	catboost	HPCLAS_TRAIN_N_000154	0	HPCLAS_TRAIN_N_000154	2	D_hard_sample	-0.2887988217817608	0.42829796078194404	0
layer24_mean	catboost	HPCLAS_TRAIN_N_000178	0	HPCLAS_TRAIN_N_000178	2	A_clean_core	-1.7828683169408528	0.14394931628729188	0
layer24_mean	catboost	HPCLAS_TRAIN_N_000182	0	HPCLAS_TRAIN_N_000182	2	D_hard_sample	0.6258227619375316	0.6515416838022666	1
layer24_mean	catboost	HPCLAS_TRAIN_N_000190	0	HPCLAS_TRAIN_N_000190	2	A_clean_core	-0.9479657942379689	0.2792941011383767	0
layer24_mean	catboost	HPCLAS_TRAIN_N_000222	0	HPCLAS_TRAIN_N_000222	2	A_clean_core	-0.3876333808491243	0.4042871456651739	0
layer24_mean	catboost	HPCLAS_TRAIN_N_000228	0	HPCLAS_TRAIN_N_000228	2	A_clean_core	0.9934170776387762	0.7297623305732132	1
layer24_mean	catboost	HPCLAS_TRAIN_N_000236	0	HPCLAS_TRAIN_N_000236	2	B_ambiguous	1.5718916012710862	0.8280531038053381	1
layer24_mean	catboost	HPCLAS_TRAIN_N_000239	0	HPCLAS_TRAIN_N_000239	2	A_clean_core	-2.5144092823887343	0.07485418911432282	0
layer24_mean	catboost	HPCLAS_TRAIN_N_000242	0	HPCLAS_TRAIN_N_000242	2	D_hard_sample	1.0938637354229812	0.7491085897142526	1
layer24_mean	catboost	HPCLAS_TRAIN_N_000265	0	HPCLAS_TRAIN_N_000265	2	D_hard_sample	-0.299987329091223	0.4255605807002299	0
layer24_mean	catboost	HPCLAS_TRAIN_N_000269	0	HPCLAS_TRAIN_N_000269	2	A_clean_core	-1.080730912727181	0.2533677231362737	0
layer24_mean	catboost	HPCLAS_TRAIN_N_000275	0	HPCLAS_TRAIN_N_000275	2	B_ambiguous	0.28524127087669654	0.5708307201697059	1
layer24_mean	catboost	HPCLAS_TRAIN_N_000291	0	HPCLAS_TRAIN_N_000291	2	A_clean_core	-2.863519947918019	0.0539866469003033	0
layer24_mean	catboost	HPCLAS_TRAIN_N_000294	0	HPCLAS_TRAIN_N_000294	2	A_clean_core	-1.726855127055473	0.15099028564962128	0
layer24_mean	catboost	HPCLAS_TRAIN_N_000295	0	HPCLAS_TRAIN_N_000295	2	A_clean_core	-2.1470299455788506	0.10460908980783282	0
layer24_mean	catboost	HPCLAS_TRAIN_N_000298	0	HPCLAS_TRAIN_N_000298	2	A_clean_core	-3.8470359076274705	0.020896904466260552	0
layer24_mean	catboost	HPCLAS_TRAIN_N_000302	0	HPCLAS_TRAIN_N_000302	2	D_hard_sample	-1.7786798524276632	0.14446622212690838	0
layer24_mean	catboost	HPCLAS_TRAIN_N_000303	0	HPCLAS_TRAIN_N_000303	2	A_clean_core	-0.7600763291788262	0.3186296945495248	0
layer24_mean	catboost	HPCLAS_TRAIN_N_000304	0	HPCLAS_TRAIN_N_000304	2	A_clean_core	-2.337093069167581	0.08809716673349259	0
layer24_mean	catboost	HPCLAS_TRAIN_N_000312	0	HPCLAS_TRAIN_N_000312	2	A_clean_core	-0.4843060679512967	0.3812358268535587	0
layer24_mean	catboost	HPCLAS_TRAIN_N_000320	0	HPCLAS_TRAIN_N_000320	2	A_clean_core	-3.230677964296953	0.038027438451015076	0
layer24_mean	catboost	HPCLAS_TRAIN_N_000325	0	HPCLAS_TRAIN_N_000325	2	B_ambiguous	0.8652169169211033	0.7037494641734607	1
layer24_mean	catboost	HPCLAS_TRAIN_N_000327	0	HPCLAS_TRAIN_N_000327	2	A_clean_core	-2.624398465323976	0.06758458813848353	0
layer24_mean	catboost	HPCLAS_TRAIN_N_000330	0	HPCLAS_TRAIN_N_000330	2	D_hard_sample	0.623619576972097	0.6510413165861241	1
layer24_mean	catboost	HPCLAS_TRAIN_N_000332	0	HPCLAS_TRAIN_N_000332	2	D_hard_sample	-2.5133975792648355	0.07492428074923418	0
layer24_mean	catboost	HPCLAS_TRAIN_N_000334	0	HPCLAS_TRAIN_N_000334	2	A_clean_core	1.8848596468159293	0.86816831900176	1
layer24_mean	catboost	HPCLAS_TRAIN_N_000349	0	HPCLAS_TRAIN_N_000349	2	A_clean_core	-0.211345698446469	0.4473593712735326	0
layer24_mean	catboost	HPCLAS_TRAIN_N_000354	0	HPCLAS_TRAIN_N_000354	2	A_clean_core	-2.0604550457919197	0.11300021226991891	0
layer24_mean	catboost	HPCLAS_TRAIN_N_000359	0	HPCLAS_TRAIN_N_000359	2	D_hard_sample	0.4121467571356281	0.6016025190576425	1
layer24_mean	catboost	HPCLAS_TRAIN_N_000362	0	HPCLAS_TRAIN_N_000362	2	A_clean_core	-2.7359909192600713	0.06088272345154094	0
layer24_mean	catboost	HPCLAS_TRAIN_N_000367	0	HPCLAS_TRAIN_N_000367	2	A_clean_core	-0.5690759509470781	0.36145007167589654	0
layer24_mean	catboost	HPCLAS_TRAIN_N_000369	0	HPCLAS_TRAIN_N_000369	2	A_clean_core	0.6049324228242214	0.6467839544032005	1
layer24_mean	catboost	HPCLAS_TRAIN_N_000375	0	HPCLAS_TRAIN_N_000375	2	A_clean_core	-2.0588445626993574	0.11316173349963086	0
layer24_mean	catboost	HPCLAS_TRAIN_N_000382	0	HPCLAS_TRAIN_N_000382	2	A_clean_core	-2.2451869442640575	0.09576543854294918	0
layer24_mean	catboost	HPCLAS_TRAIN_N_000396	0	HPCLAS_TRAIN_N_000396	2	D_hard_sample	-0.31521471606590334	0.42184239883742825	0
layer24_mean	catboost	HPCLAS_TRAIN_N_000397	0	HPCLAS_TRAIN_N_000397	2	A_clean_core	0.18424369325695447	0.5459310664336924	1
layer24_mean	catboost	HPCLAS_TRAIN_N_000406	0	HPCLAS_TRAIN_N_000406	2	A_clean_core	0.7800149081826531	0.6856833269840485	1
layer24_mean	catboost	HPCLAS_TRAIN_N_000409	0	HPCLAS_TRAIN_N_000409	2	D_hard_sample	0.21368646213153378	0.553219261744838	1
layer24_mean	catboost	HPCLAS_TRAIN_N_000412	0	HPCLAS_TRAIN_N_000412	2	D_hard_sample	0.07779117831308971	0.5194379932015554	1
layer24_mean	catboost	HPCLAS_TRAIN_N_000420	0	HPCLAS_TRAIN_N_000420	2	A_clean_core	0.00610558464557758	0.5015263914196416	1
layer24_mean	catboost	HPCLAS_TRAIN_N_000428	0	HPCLAS_TRAIN_N_000428	2	A_clean_core	0.8865616462927904	0.7081801077654034	1
layer24_mean	catboost	HPCLAS_TRAIN_N_000431	0	HPCLAS_TRAIN_N_000431	2	A_clean_core	-2.737827920575481	0.06077777571884738	0
layer24_mean	catboost	HPCLAS_TRAIN_N_000432	0	HPCLAS_TRAIN_P_003339	2	B_ambiguous	0.5647339398568392	0.6375471734880714	1
layer24_mean	catboost	HPCLAS_TRAIN_N_000436	0	HPCLAS_TRAIN_N_000436	2	A_clean_core	-1.035735747895528	0.26197362186665996	0
layer24_mean	catboost	HPCLAS_TRAIN_N_000437	0	HPCLAS_TRAIN_N_000437	2	A_clean_core	-0.5706653060814376	0.36108332312188995	0
layer24_mean	catboost	HPCLAS_TRAIN_N_000440	0	HPCLAS_TRAIN_N_000440	2	D_hard_sample	-0.548248601608421	0.366270842179745	0
layer24_mean	catboost	HPCLAS_TRAIN_N_000456	0	HPCLAS_TRAIN_N_000456	2	D_hard_sample	-1.1698570020161063	0.2368808328035394	0
layer24_mean	catboost	HPCLAS_TRAIN_N_000460	0	HPCLAS_TRAIN_N_000460	2	D_hard_sample	-3.5786604372143955	0.0271550829425429	0
layer24_mean	catboost	HPCLAS_TRAIN_N_000467	0	HPCLAS_TRAIN_N_000467	2	A_clean_core	-0.7602242600298426	0.318597578911611	0
layer24_mean	catboost	HPCLAS_TRAIN_N_000474	0	HPCLAS_TRAIN_N_000474	2	A_clean_core	0.3160403388611551	0.5783589504489653	1
layer24_mean	catboost	HPCLAS_TRAIN_N_000480	0	HPCLAS_TRAIN_N_000480	2	A_clean_core	0.005201622169995847	0.5013004026104313	1
layer24_mean	catboost	HPCLAS_TRAIN_N_000482	0	HPCLAS_TRAIN_N_000482	2	A_clean_core	-1.7698003034741174	0.14556716490678784	0
layer24_mean	catboost	HPCLAS_TRAIN_N_000489	0	HPCLAS_TRAIN_N_000489	2	A_clean_core	-2.680048372568539	0.06416097184491232	0
layer24_mean	catboost	HPCLAS_TRAIN_N_000493	0	HPCLAS_TRAIN_N_000493	2	D_hard_sample	0.9030559475650126	0.7115770957221429	1
layer24_mean	catboost	HPCLAS_TRAIN_N_000503	0	HPCLAS_TRAIN_N_000503	2	A_clean_core	-3.622272512966828	0.02602640704964065	0
layer24_mean	catboost	HPCLAS_TRAIN_N_000508	0	HPCLAS_TRAIN_N_000508	2	A_clean_core	-0.6252693789981492	0.34858396409241343	0
layer24_mean	catboost	HPCLAS_TRAIN_N_000515	0	HPCLAS_TRAIN_N_000515	2	A_clean_core	-0.6793733547282449	0.3364011776750705	0
layer24_mean	catboost	HPCLAS_TRAIN_N_000516	0	HPCLAS_TRAIN_P_007046	2	B_ambiguous	-1.7851333656409056	0.14367042410652447	0
layer24_mean	catboost	HPCLAS_TRAIN_N_000522	0	HPCLAS_TRAIN_N_000522	2	D_hard_sample	0.034114219199296886	0.5085277277826463	1
layer24_mean	catboost	HPCLAS_TRAIN_N_000523	0	HPCLAS_TRAIN_N_000523	2	A_clean_core	-0.9718528511218555	0.27451134376580777	0
layer24_mean	catboost	HPCLAS_TRAIN_N_000525	0	HPCLAS_TRAIN_N_000525	2	A_clean_core	-0.7013464021813133	0.3315137807635483	0
layer24_mean	catboost	HPCLAS_TRAIN_N_000530	0	HPCLAS_TRAIN_N_000530	2	A_clean_core	-1.6074226143194292	0.16694675724313285	0
layer24_mean	catboost	HPCLAS_TRAIN_N_000535	0	HPCLAS_TRAIN_N_000535	2	B_ambiguous	1.3120075231016473	0.787848893238217	1
layer24_mean	catboost	HPCLAS_TRAIN_N_000542	0	HPCLAS_TRAIN_N_000542	2	A_clean_core	1.0005225148609531	0.7311612988830528	1
layer24_mean	catboost	HPCLAS_TRAIN_N_000552	0	HPCLAS_TRAIN_N_000552	2	A_clean_core	-0.548280808607745	0.36626336643558743	0
layer24_mean	catboost	HPCLAS_TRAIN_N_000555	0	HPCLAS_TRAIN_N_000555	2	A_clean_core	-0.4899898878184079	0.3798959498313685	0
layer24_mean	catboost	HPCLAS_TRAIN_N_000558	0	HPCLAS_TRAIN_N_000558	2	A_clean_core	-3.040758503436326	0.04561813634407089	0
layer24_mean	catboost	HPCLAS_TRAIN_N_000563	0	HPCLAS_TRAIN_N_000563	2	D_hard_sample	0.6096036272749545	0.6478503788022629	1
layer24_mean	catboost	HPCLAS_TRAIN_N_000567	0	HPCLAS_TRAIN_N_000567	2	A_clean_core	-2.4266891088947298	0.081160028416864	0
layer24_mean	catboost	HPCLAS_TRAIN_N_000571	0	HPCLAS_TRAIN_N_000571	2	A_clean_core	0.2787801477310124	0.5692471355673083	1
layer24_mean	catboost	HPCLAS_TRAIN_N_000573	0	HPCLAS_TRAIN_N_000573	2	D_hard_sample	0.4658927185554626	0.6144111583969044	1
layer24_mean	catboost	HPCLAS_TRAIN_N_000581	0	HPCLAS_TRAIN_N_000581	2	A_clean_core	-2.0221192694482344	0.11690003164635104	0
layer24_mean	catboost	HPCLAS_TRAIN_N_000593	0	HPCLAS_TRAIN_N_000593	2	A_clean_core	-2.904057231201808	0.051953363700317584	0
layer24_mean	catboost	HPCLAS_TRAIN_N_000607	0	HPCLAS_TRAIN_N_000607	2	A_clean_core	-0.5770695606861324	0.3596071660912277	0
layer24_mean	catboost	HPCLAS_TRAIN_N_000614	0	HPCLAS_TRAIN_N_000614	2	A_clean_core	-2.1956934120762126	0.1001378892989826	0
layer24_mean	catboost	HPCLAS_TRAIN_N_000616	0	HPCLAS_TRAIN_N_000616	2	A_clean_core	-1.3437195002036888	0.2068990535386973	0
layer24_mean	catboost	HPCLAS_TRAIN_N_000617	0	HPCLAS_TRAIN_N_000617	2	A_clean_core	-1.3796164739200467	0.2010706027828096	0
layer24_mean	catboost	HPCLAS_TRAIN_N_000619	0	HPCLAS_TRAIN_N_000619	2	D_hard_sample	-2.575619025256081	0.0707241173316421	0
layer24_mean	catboost	HPCLAS_TRAIN_N_000627	0	HPCLAS_TRAIN_N_000627	2	A_clean_core	-1.0903750711323643	0.25154765663311696	0
layer24_mean	catboost	HPCLAS_TRAIN_N_000630	0	HPCLAS_TRAIN_N_000630	2	A_clean_core	0.8830914582908103	0.7074624373522256	1
layer24_mean	catboost	HPCLAS_TRAIN_N_000634	0	HPCLAS_TRAIN_N_000634	2	A_clean_core	-1.65489014255021	0.1604491276336226	0
layer24_mean	catboost	HPCLAS_TRAIN_N_000638	0	HPCLAS_TRAIN_N_000638	2	A_clean_core	-3.2916430147682396	0.03585899837999829	0
layer24_mean	catboost	HPCLAS_TRAIN_N_000660	0	HPCLAS_TRAIN_P_004322	2	B_ambiguous	1.2775153327091293	0.7820265342689845	1
layer24_mean	catboost	HPCLAS_TRAIN_N_000666	0	HPCLAS_TRAIN_N_000666	2	D_hard_sample	-1.3825484954787446	0.20060001207037353	0
layer24_mean	catboost	HPCLAS_TRAIN_N_000673	0	HPCLAS_TRAIN_N_000673	2	A_clean_core	1.7831721852008542	0.8560881247123706	1
layer24_mean	catboost	HPCLAS_TRAIN_N_000683	0	HPCLAS_TRAIN_N_000683	2	A_clean_core	0.9573557182900541	0.7225920636349508	1
layer24_mean	catboost	HPCLAS_TRAIN_N_000690	0	HPCLAS_TRAIN_N_000690	2	D_hard_sample	-0.906906840182211	0.2876332102086323	0
layer24_mean	catboost	HPCLAS_TRAIN_N_000691	0	HPCLAS_TRAIN_N_000691	2	A_clean_core	-0.3132304472703814	0.4223264198167874	0
layer24_mean	catboost	HPCLAS_TRAIN_N_000697	0	HPCLAS_TRAIN_N_000697	2	A_clean_core	-0.10197868208549192	0.4745274011660483	0
layer24_mean	catboost	HPCLAS_TRAIN_N_000704	0	HPCLAS_TRAIN_N_000704	2	A_clean_core	-4.553378223568169	0.01042180827155532	0
layer24_mean	catboost	HPCLAS_TRAIN_N_000714	0	HPCLAS_TRAIN_N_000714	2	A_clean_core	-0.39698472491459114	0.40203700721871366	0
layer24_mean	catboost	HPCLAS_TRAIN_N_000715	0	HPCLAS_TRAIN_N_000715	2	A_clean_core	1.2452162893185286	0.7764706796095387	1
layer24_mean	catboost	HPCLAS_TRAIN_N_000716	0	HPCLAS_TRAIN_N_000716	2	A_clean_core	-0.14688373620930373	0.4633449444846286	0
layer24_mean	catboost	HPCLAS_TRAIN_N_000719	0	HPCLAS_TRAIN_N_000719	2	A_clean_core	-0.7935033044360916	0.3114169374525515	0
layer24_mean	catboost	HPCLAS_TRAIN_N_000721	0	HPCLAS_TRAIN_N_000721	2	A_clean_core	-2.192253033419522	0.1004483295851731	0
layer24_mean	catboost	HPCLAS_TRAIN_N_000723	0	HPCLAS_TRAIN_N_000723	2	A_clean_core	-2.154047871642154	0.10395357018983348	0
layer24_mean	catboost	HPCLAS_TRAIN_N_000725	0	HPCLAS_TRAIN_N_000725	2	A_clean_core	-1.480795506747232	0.1853072927664413	0
layer24_mean	catboost	HPCLAS_TRAIN_N_000729	0	HPCLAS_TRAIN_N_000729	2	A_clean_core	-3.0833524354122823	0.043799197698607	0
layer24_mean	catboost	HPCLAS_TRAIN_N_000739	0	HPCLAS_TRAIN_N_000739	2	A_clean_core	-0.943317120367397	0.2802307869603205	0
layer24_mean	catboost	HPCLAS_TRAIN_N_000741	0	HPCLAS_TRAIN_N_000741	2	A_clean_core	-0.12039125631615685	0.4699384865875278	0
layer24_mean	catboost	HPCLAS_TRAIN_N_000757	0	HPCLAS_TRAIN_N_000757	2	A_clean_core	-1.335007344711442	0.20833229790464827	0
layer24_mean	catboost	HPCLAS_TRAIN_N_000763	0	HPCLAS_TRAIN_N_000763	2	A_clean_core	-1.4662611375512806	0.18751156792465482	0
layer24_mean	catboost	HPCLAS_TRAIN_N_000766	0	HPCLAS_TRAIN_N_000766	2	A_clean_core	-2.4429428350184983	0.07995616011741921	0
layer24_mean	catboost	HPCLAS_TRAIN_N_000768	0	HPCLAS_TRAIN_N_000768	2	A_clean_core	-0.6056099500925511	0.353061276861	0
layer24_mean	catboost	HPCLAS_TRAIN_N_000784	0	HPCLAS_TRAIN_N_000784	2	A_clean_core	0.2221423028472701	0.5553083199800634	1
layer24_mean	catboost	HPCLAS_TRAIN_N_000787	0	HPCLAS_TRAIN_N_000787	2	A_clean_core	-1.3454284177992162	0.2066187745701138	0
layer24_mean	catboost	HPCLAS_TRAIN_N_000789	0	HPCLAS_TRAIN_N_000789	2	D_hard_sample	-0.1265312631065604	0.46840932063515883	0
layer24_mean	catboost	HPCLAS_TRAIN_N_000793	0	HPCLAS_TRAIN_N_000793	2	A_clean_core	-1.1402264381998075	0.24227878909609596	0
layer24_mean	catboost	HPCLAS_TRAIN_N_000798	0	HPCLAS_TRAIN_N_000798	2	A_clean_core	-1.6930161838653868	0.15537959430473258	0
layer24_mean	catboost	HPCLAS_TRAIN_N_000805	0	HPCLAS_TRAIN_N_000805	2	A_clean_core	-0.5432836077778699	0.36742406255983545	0
layer24_mean	catboost	HPCLAS_TRAIN_N_000807	0	HPCLAS_TRAIN_N_000807	2	A_clean_core	-0.13272525050271722	0.46686731186440156	0
layer24_mean	catboost	HPCLAS_TRAIN_N_000811	0	HPCLAS_TRAIN_N_000811	2	D_hard_sample	-2.1140166732416206	0.10774192067990936	0
layer24_mean	catboost	HPCLAS_TRAIN_N_000812	0	HPCLAS_TRAIN_N_000812	2	A_clean_core	-2.2150609032236206	0.0984061443365644	0
layer24_mean	catboost	HPCLAS_TRAIN_N_000817	0	HPCLAS_TRAIN_N_000817	2	A_clean_core	-0.01520120548375099	0.4961997718074465	0
layer24_mean	catboost	HPCLAS_TRAIN_N_000827	0	HPCLAS_TRAIN_N_000827	2	A_clean_core	-1.967777111894625	0.12262784737684757	0
layer24_mean	catboost	HPCLAS_TRAIN_N_000834	0	HPCLAS_TRAIN_N_000834	2	A_clean_core	-0.7474074996784804	0.3213864558757518	0
layer24_mean	catboost	HPCLAS_TRAIN_N_000835	0	HPCLAS_TRAIN_N_000835	2	A_clean_core	-2.8195027202397065	0.05627933925643271	0
layer24_mean	catboost	HPCLAS_TRAIN_N_000853	0	HPCLAS_TRAIN_N_000853	2	A_clean_core	-1.6834257342747903	0.1566423778916765	0
layer24_mean	catboost	HPCLAS_TRAIN_N_000857	0	HPCLAS_TRAIN_N_000857	2	A_clean_core	-3.1243026177786755	0.042115852802344915	0
layer24_mean	catboost	HPCLAS_TRAIN_N_000861	0	HPCLAS_TRAIN_N_000861	2	A_clean_core	-0.27299990327870016	0.4321707719067752	0
layer24_mean	catboost	HPCLAS_TRAIN_N_000869	0	HPCLAS_TRAIN_N_000869	2	D_hard_sample	1.5845714779758107	0.8298509767213653	1
layer24_mean	catboost	HPCLAS_TRAIN_N_000876	0	HPCLAS_TRAIN_N_000876	2	D_hard_sample	-1.981338277508196	0.12117624901909446	0
layer24_mean	catboost	HPCLAS_TRAIN_N_000882	0	HPCLAS_TRAIN_N_000882	2	A_clean_core	-2.944822562043272	0.049981782958059266	0
layer24_mean	catboost	HPCLAS_TRAIN_N_000884	0	HPCLAS_TRAIN_N_000884	2	A_clean_core	-0.8328946377050742	0.3030333623621785	0
layer24_mean	catboost	HPCLAS_TRAIN_N_000887	0	HPCLAS_TRAIN_N_000887	2	A_clean_core	-1.4563870824165832	0.18902053359510745	0
layer24_mean	catboost	HPCLAS_TRAIN_N_000894	0	HPCLAS_TRAIN_N_000894	2	A_clean_core	1.076995137115408	0.7459249198672615	1
layer24_mean	catboost	HPCLAS_TRAIN_N_000898	0	HPCLAS_TRAIN_N_000898	2	A_clean_core	0.5774243133092833	0.6404745257684233	1
layer24_mean	catboost	HPCLAS_TRAIN_N_000906	0	HPCLAS_TRAIN_N_000906	2	A_clean_core	-1.0669392381227794	0.25598559208922644	0
layer24_mean	catboost	HPCLAS_TRAIN_N_000908	0	HPCLAS_TRAIN_N_000908	2	D_hard_sample	-0.6890367004410776	0.33424739828037375	0
layer24_mean	catboost	HPCLAS_TRAIN_N_000915	0	HPCLAS_TRAIN_N_000915	2	D_hard_sample	1.3168942240234527	0.7886645222495259	1
layer24_mean	catboost	HPCLAS_TRAIN_N_000923	0	HPCLAS_TRAIN_N_000923	2	A_clean_core	-2.517943472137304	0.07460981024534394	0
layer24_mean	catboost	HPCLAS_TRAIN_N_000940	0	HPCLAS_TRAIN_N_000940	2	A_clean_core	-2.059443991275076	0.11310159109996776	0
layer24_mean	catboost	HPCLAS_TRAIN_N_000941	0	HPCLAS_TRAIN_N_000941	2	A_clean_core	-0.5700798629865963	0.3612183970880152	0
layer24_mean	catboost	HPCLAS_TRAIN_N_000943	0	HPCLAS_TRAIN_N_000943	2	A_clean_core	-0.7644736441382707	0.31767577863607954	0
layer24_mean	catboost	HPCLAS_TRAIN_N_000953	0	HPCLAS_TRAIN_N_000953	2	A_clean_core	-0.7961817492855703	0.3108428716142522	0
layer24_mean	catboost	HPCLAS_TRAIN_N_000954	0	HPCLAS_TRAIN_N_000954	2	A_clean_core	-4.029343129947624	0.017475195230771498	0
layer24_mean	catboost	HPCLAS_TRAIN_N_000960	0	HPCLAS_TRAIN_N_000960	2	D_hard_sample	0.25824661688651596	0.5642052226531118	1
layer24_mean	catboost	HPCLAS_TRAIN_N_000962	0	HPCLAS_TRAIN_N_000962	2	D_hard_sample	-1.5496873139170475	0.1751314343369289	0
layer24_mean	catboost	HPCLAS_TRAIN_N_000963	0	HPCLAS_TRAIN_N_000963	2	A_clean_core	0.5751283042301504	0.6399456605149334	1
layer24_mean	catboost	HPCLAS_TRAIN_N_000979	0	HPCLAS_TRAIN_N_000979	2	A_clean_core	-2.1253964760889863	0.10665281260913285	0
layer24_mean	catboost	HPCLAS_TRAIN_N_000980	0	HPCLAS_TRAIN_N_000980	2	A_clean_core	-3.1545243390699356	0.040913376314367596	0
layer24_mean	catboost	HPCLAS_TRAIN_N_000989	0	HPCLAS_TRAIN_N_000989	2	A_clean_core	-0.6782474112655014	0.3366525744243606	0
layer24_mean	catboost	HPCLAS_TRAIN_N_000992	0	HPCLAS_TRAIN_N_000992	2	A_clean_core	-2.239936626772358	0.09622105266789074	0
layer24_mean	catboost	HPCLAS_TRAIN_N_000996	0	HPCLAS_TRAIN_N_000996	2	A_clean_core	-0.571007409291442	0.3610044029248253	0
layer24_mean	catboost	HPCLAS_TRAIN_N_001001	0	HPCLAS_TRAIN_N_001001	2	A_clean_core	-3.566922848747819	0.027466889817166412	0
layer24_mean	catboost	HPCLAS_TRAIN_N_001011	0	HPCLAS_TRAIN_N_001011	2	D_hard_sample	0.9225809917218479	0.7155677085416527	1
layer24_mean	catboost	HPCLAS_TRAIN_N_001014	0	HPCLAS_TRAIN_N_001014	2	A_clean_core	-0.3488348013214088	0.41366500721542254	0
layer24_mean	catboost	HPCLAS_TRAIN_N_001016	0	HPCLAS_TRAIN_N_001016	2	D_hard_sample	0.25634062490080145	0.5637365245328068	1
layer24_mean	catboost	HPCLAS_TRAIN_N_001018	0	HPCLAS_TRAIN_N_001018	2	D_hard_sample	-0.6001432335453832	0.3543109248800253	0
layer24_mean	catboost	HPCLAS_TRAIN_N_001024	0	HPCLAS_TRAIN_N_001024	2	A_clean_core	-2.8746159849594677	0.05342274563275781	0
layer24_mean	catboost	HPCLAS_TRAIN_N_001028	0	HPCLAS_TRAIN_N_001028	2	A_clean_core	0.13971953432438328	0.5348731705071863	1
layer24_mean	catboost	HPCLAS_TRAIN_N_001043	0	HPCLAS_TRAIN_N_001043	2	A_clean_core	-2.831245995990295	0.055658870911636585	0
layer24_mean	catboost	HPCLAS_TRAIN_N_001044	0	HPCLAS_TRAIN_N_001044	2	A_clean_core	-1.142744808680759	0.241816767317307	0
layer24_mean	catboost	HPCLAS_TRAIN_N_001045	0	HPCLAS_TRAIN_N_001045	2	A_clean_core	-0.7939063676265219	0.31133051259192834	0
layer24_mean	catboost	HPCLAS_TRAIN_N_001049	0	HPCLAS_TRAIN_N_001049	2	A_clean_core	-1.1632607821307341	0.23807528904170874	0
layer24_mean	catboost	HPCLAS_TRAIN_N_001067	0	HPCLAS_TRAIN_N_001067	2	A_clean_core	0.40578040408951305	0.6000756686490948	1
layer24_mean	catboost	HPCLAS_TRAIN_N_001068	0	HPCLAS_TRAIN_N_001068	2	A_clean_core	-1.2639921619748078	0.22028742934252304	0
layer24_mean	catboost	HPCLAS_TRAIN_N_001077	0	HPCLAS_TRAIN_N_001077	2	D_hard_sample	0.495376729303327	0.6213722318869699	1
layer24_mean	catboost	HPCLAS_TRAIN_N_001083	0	HPCLAS_TRAIN_N_001083	2	A_clean_core	-0.3452064386557735	0.4145453278413835	0
layer24_mean	catboost	HPCLAS_TRAIN_N_001085	0	HPCLAS_TRAIN_N_001085	2	B_ambiguous	-0.0509187481138883	0.4872730626336425	0
layer24_mean	catboost	HPCLAS_TRAIN_N_001097	0	HPCLAS_TRAIN_N_001097	2	B_ambiguous	0.36778259166495714	0.5909230659392305	1
layer24_mean	catboost	HPCLAS_TRAIN_N_001101	0	HPCLAS_TRAIN_N_001101	2	A_clean_core	0.738202367752727	0.6766026385549381	1
layer24_mean	catboost	HPCLAS_TRAIN_N_001117	0	HPCLAS_TRAIN_N_001117	2	A_clean_core	-0.01836070072607816	0.49540995376566893	0
layer24_mean	catboost	HPCLAS_TRAIN_N_001121	0	HPCLAS_TRAIN_N_001121	2	A_clean_core	-1.5002766897396222	0.18238426013945255	0
layer24_mean	catboost	HPCLAS_TRAIN_N_001123	0	HPCLAS_TRAIN_N_001123	2	A_clean_core	-1.454887705674681	0.18925048288859567	0
layer24_mean	catboost	HPCLAS_TRAIN_N_001131	0	HPCLAS_TRAIN_N_001131	2	A_clean_core	-2.571105389179863	0.07102133888974542	0
layer24_mean	catboost	HPCLAS_TRAIN_N_001143	0	HPCLAS_TRAIN_N_001143	2	A_clean_core	-2.2154846907660084	0.09836855129780846	0
layer24_mean	catboost	HPCLAS_TRAIN_N_001146	0	HPCLAS_TRAIN_N_001146	2	A_clean_core	0.790104139162776	0.6878536908430769	1
layer24_mean	catboost	HPCLAS_TRAIN_N_001147	0	HPCLAS_TRAIN_N_001147	2	A_clean_core	-0.5244941977784435	0.3718019418685371	0
layer24_mean	catboost	HPCLAS_TRAIN_N_001156	0	HPCLAS_TRAIN_N_001156	2	D_hard_sample	0.36385158106802995	0.589972472433437	1
layer24_mean	catboost	HPCLAS_TRAIN_N_001159	0	HPCLAS_TRAIN_N_001159	2	A_clean_core	0.043521390044320964	0.5108786304537957	1
layer24_mean	catboost	HPCLAS_TRAIN_N_001175	0	HPCLAS_TRAIN_N_001175	2	A_clean_core	-2.6665250892339856	0.06497777022922142	0
layer24_mean	catboost	HPCLAS_TRAIN_N_001179	0	HPCLAS_TRAIN_P_005014	2	B_ambiguous	-0.6499296442494	0.3430053920092423	0
layer24_mean	catboost	HPCLAS_TRAIN_N_001188	0	HPCLAS_TRAIN_N_001188	2	A_clean_core	-2.0905378686089353	0.11001989762999995	0
layer24_mean	catboost	HPCLAS_TRAIN_N_001192	0	HPCLAS_TRAIN_N_001192	2	D_hard_sample	-0.6696090915535841	0.33858437726324986	0
layer24_mean	catboost	HPCLAS_TRAIN_N_001196	0	HPCLAS_TRAIN_N_001196	2	A_clean_core	-2.496874510693814	0.07607757910558056	0
layer24_mean	catboost	HPCLAS_TRAIN_N_001201	0	HPCLAS_TRAIN_N_001201	2	A_clean_core	-1.2144840382936337	0.22890861382778296	0
layer24_mean	catboost	HPCLAS_TRAIN_N_001209	0	HPCLAS_TRAIN_N_001209	2	D_hard_sample	-1.0018837730202401	0.2685712103629276	0
layer24_mean	catboost	HPCLAS_TRAIN_N_001221	0	HPCLAS_TRAIN_N_001221	2	A_clean_core	-3.0443309942214847	0.04546285261034224	0
layer24_mean	catboost	HPCLAS_TRAIN_N_001224	0	HPCLAS_TRAIN_N_001224	2	A_clean_core	-0.8533989360762803	0.29872033953577454	0
layer24_mean	catboost	HPCLAS_TRAIN_N_001232	0	HPCLAS_TRAIN_N_001232	2	D_hard_sample	0.4796212381402768	0.6176584316836607	1
layer24_mean	catboost	HPCLAS_TRAIN_N_001237	0	HPCLAS_TRAIN_P_001132	2	B_ambiguous	0.8593047227136447	0.7025153705281202	1
layer24_mean	catboost	HPCLAS_TRAIN_N_001239	0	HPCLAS_TRAIN_N_001239	2	A_clean_core	-3.7080253249912696	0.023938785765920484	0
layer24_mean	catboost	HPCLAS_TRAIN_N_001240	0	HPCLAS_TRAIN_N_001240	2	A_clean_core	-0.07106995138889766	0.48223998691728787	0
layer24_mean	catboost	HPCLAS_TRAIN_N_001246	0	HPCLAS_TRAIN_N_001246	2	A_clean_core	-0.8392559549149393	0.30169151162835506	0
layer24_mean	catboost	HPCLAS_TRAIN_N_001248	0	HPCLAS_TRAIN_N_001248	2	D_hard_sample	-0.30731853932915476	0.4237693875741473	0
layer24_mean	catboost	HPCLAS_TRAIN_N_001258	0	HPCLAS_TRAIN_N_001258	2	A_clean_core	-3.56510882654262	0.027515388371325143	0
layer24_mean	catboost	HPCLAS_TRAIN_N_001270	0	HPCLAS_TRAIN_N_001270	2	D_hard_sample	0.3657292399584784	0.5904266105669039	1
layer24_mean	catboost	HPCLAS_TRAIN_N_001275	0	HPCLAS_TRAIN_N_001275	2	B_ambiguous	1.4811823428836732	0.8147511001956615	1
layer24_mean	catboost	HPCLAS_TRAIN_N_001277	0	HPCLAS_TRAIN_N_001277	2	D_hard_sample	0.22207679339139444	0.5552921429515849	1
layer24_mean	catboost	HPCLAS_TRAIN_N_001278	0	HPCLAS_TRAIN_N_001278	2	D_hard_sample	-0.04318074977206656	0.4892064896159372	0
layer24_mean	catboost	HPCLAS_TRAIN_N_001283	0	HPCLAS_TRAIN_N_001283	2	A_clean_core	2.269692518316724	0.9063356885009757	1
layer24_mean	catboost	HPCLAS_TRAIN_N_001290	0	HPCLAS_TRAIN_N_001290	2	A_clean_core	-1.4391930875994787	0.1916703346704336	0
layer24_mean	catboost	HPCLAS_TRAIN_N_001291	0	HPCLAS_TRAIN_N_001291	2	A_clean_core	-3.9630285736397832	0.018650996671245573	0
layer24_mean	catboost	HPCLAS_TRAIN_N_001294	0	HPCLAS_TRAIN_N_001294	2	D_hard_sample	-1.228820287867702	0.22638796964058472	0
layer24_mean	catboost	HPCLAS_TRAIN_N_001295	0	HPCLAS_TRAIN_N_001295	2	A_clean_core	-3.5091588460792313	0.02905275429080733	0
layer24_mean	catboost	HPCLAS_TRAIN_N_001307	0	HPCLAS_TRAIN_N_001307	2	A_clean_core	-3.0468209919295126	0.04535491893023693	0
layer24_mean	catboost	HPCLAS_TRAIN_N_001310	0	HPCLAS_TRAIN_N_001310	2	D_hard_sample	-2.1979140567641924	0.09993796396296853	0
layer24_mean	catboost	HPCLAS_TRAIN_N_001312	0	HPCLAS_TRAIN_N_001312	2	A_clean_core	-1.0346723103921935	0.26217928257402945	0
layer24_mean	catboost	HPCLAS_TRAIN_N_001320	0	HPCLAS_TRAIN_N_001320	2	A_clean_core	1.3202637440038258	0.7892255833047485	1
layer24_mean	catboost	HPCLAS_TRAIN_N_001322	0	HPCLAS_TRAIN_N_001322	2	A_clean_core	-2.453100721085521	0.07921209493520352	0
layer24_mean	catboost	HPCLAS_TRAIN_N_001334	0	HPCLAS_TRAIN_N_001334	2	A_clean_core	-0.055769673537600935	0.4860611942000989	0
layer24_mean	catboost	HPCLAS_TRAIN_N_001337	0	HPCLAS_TRAIN_N_001337	2	A_clean_core	-2.7951681444214933	0.05758583944011543	0
layer24_mean	catboost	HPCLAS_TRAIN_N_001338	0	HPCLAS_TRAIN_N_001338	2	A_clean_core	0.6341566386138718	0.6534313690008031	1
layer24_mean	catboost	HPCLAS_TRAIN_N_001342	0	HPCLAS_TRAIN_N_001342	2	A_clean_core	-2.4368071548710786	0.08040868506734361	0
layer24_mean	catboost	HPCLAS_TRAIN_N_001358	0	HPCLAS_TRAIN_N_001358	2	A_clean_core	-1.50893679004333	0.1810964142654227	0
layer24_mean	catboost	HPCLAS_TRAIN_N_001360	0	HPCLAS_TRAIN_N_001360	2	D_hard_sample	1.9887696390338272	0.8796129104814953	1
layer24_mean	catboost	HPCLAS_TRAIN_N_001362	0	HPCLAS_TRAIN_N_001362	2	D_hard_sample	0.36372431472440964	0.5899416857219311	1
layer24_mean	catboost	HPCLAS_TRAIN_N_001365	0	HPCLAS_TRAIN_N_001365	2	A_clean_core	-1.4123289668069647	0.19586697702164546	0
layer24_mean	catboost	HPCLAS_TRAIN_N_001370	0	HPCLAS_TRAIN_N_001370	2	A_clean_core	-0.9750558755356644	0.27387390679923457	0
layer24_mean	catboost	HPCLAS_TRAIN_N_001373	0	HPCLAS_TRAIN_N_001373	2	A_clean_core	-1.5825375288957264	0.17043640620462377	0
layer24_mean	catboost	HPCLAS_TRAIN_N_001375	0	HPCLAS_TRAIN_N_001375	2	A_clean_core	-0.9309907221530687	0.2827237616942107	0
layer24_mean	catboost	HPCLAS_TRAIN_N_001376	0	HPCLAS_TRAIN_N_001376	2	D_hard_sample	1.401270642507644	0.8023854429171806	1
layer24_mean	catboost	HPCLAS_TRAIN_N_001381	0	HPCLAS_TRAIN_N_001381	2	A_clean_core	-0.4977042139536274	0.3780803385274065	0
layer24_mean	catboost	HPCLAS_TRAIN_N_001407	0	HPCLAS_TRAIN_N_001407	2	A_clean_core	-3.06717311146795	0.044481824775129054	0
layer24_mean	catboost	HPCLAS_TRAIN_N_001412	0	HPCLAS_TRAIN_N_001412	2	B_ambiguous	1.0933392791025225	0.7490100079409155	1
layer24_mean	catboost	HPCLAS_TRAIN_N_001421	0	HPCLAS_TRAIN_N_001421	2	A_clean_core	0.6776255915189692	0.6632085481689997	1
layer24_mean	catboost	HPCLAS_TRAIN_N_001428	0	HPCLAS_TRAIN_N_001428	2	A_clean_core	-1.310910686387371	0.21233449323778456	0
layer24_mean	catboost	HPCLAS_TRAIN_N_001433	0	HPCLAS_TRAIN_N_001433	2	A_clean_core	-1.4662806998549065	0.18750858760674868	0
layer24_mean	catboost	HPCLAS_TRAIN_N_001438	0	HPCLAS_TRAIN_N_001438	2	A_clean_core	0.23248260272587098	0.5578602816493282	1
layer24_mean	catboost	HPCLAS_TRAIN_N_001446	0	HPCLAS_TRAIN_N_001446	2	A_clean_core	-0.752040889982937	0.3203767638288786	0
layer24_mean	catboost	HPCLAS_TRAIN_N_001450	0	HPCLAS_TRAIN_N_001450	2	A_clean_core	0.955113539297924	0.7221423883973666	1
layer24_mean	catboost	HPCLAS_TRAIN_N_001471	0	HPCLAS_TRAIN_N_001471	2	B_ambiguous	0.6715802948329056	0.6618569232914736	1
layer24_mean	catboost	HPCLAS_TRAIN_N_001480	0	HPCLAS_TRAIN_N_005038	2	A_clean_core	-0.5817949163867592	0.35851968808843854	0
layer24_mean	catboost	HPCLAS_TRAIN_N_001491	0	HPCLAS_TRAIN_N_001491	2	D_hard_sample	-0.08242122524063401	0.4794063505352394	0
layer24_mean	catboost	HPCLAS_TRAIN_N_001494	0	HPCLAS_TRAIN_N_001494	2	A_clean_core	-1.2102285727502011	0.22966061013756223	0
layer24_mean	catboost	HPCLAS_TRAIN_N_001495	0	HPCLAS_TRAIN_N_001495	2	A_clean_core	0.15570892467285666	0.5388487712908291	1
layer24_mean	catboost	HPCLAS_TRAIN_N_001506	0	HPCLAS_TRAIN_N_001506	2	A_clean_core	0.9031018092355196	0.7115865080568369	1
layer24_mean	catboost	HPCLAS_TRAIN_N_001508	0	HPCLAS_TRAIN_N_001508	2	A_clean_core	-2.3446012376792535	0.08749585255847425	0
layer24_mean	catboost	HPCLAS_TRAIN_N_001509	0	HPCLAS_TRAIN_N_001509	2	D_hard_sample	1.1202376649928836	0.7540327982035955	1
layer24_mean	catboost	HPCLAS_TRAIN_N_001510	0	HPCLAS_TRAIN_N_001510	2	D_hard_sample	-1.0239219279539338	0.26426416085011867	0
layer24_mean	catboost	HPCLAS_TRAIN_N_001518	0	HPCLAS_TRAIN_N_001518	2	A_clean_core	-3.091884893185798	0.04344323903602221	0
layer24_mean	catboost	HPCLAS_TRAIN_N_001520	0	HPCLAS_TRAIN_N_001520	2	A_clean_core	-2.3624988291668534	0.08607741294025685	0
layer24_mean	catboost	HPCLAS_TRAIN_N_001529	0	HPCLAS_TRAIN_N_001529	2	A_clean_core	-2.060902163253825	0.11295540492009237	0
layer24_mean	catboost	HPCLAS_TRAIN_N_001538	0	HPCLAS_TRAIN_N_001538	2	A_clean_core	0.07163120625609112	0.5179001483690542	1
layer24_mean	catboost	HPCLAS_TRAIN_N_001545	0	HPCLAS_TRAIN_N_001545	2	A_clean_core	-2.0610752871273528	0.11293805967940516	0
layer24_mean	catboost	HPCLAS_TRAIN_N_001550	0	HPCLAS_TRAIN_N_001550	2	A_clean_core	-1.4108394958503532	0.1961016795973703	0
layer24_mean	catboost	HPCLAS_TRAIN_N_001559	0	HPCLAS_TRAIN_N_001559	2	D_hard_sample	-0.792658849916416	0.31159804809487307	0
layer24_mean	catboost	HPCLAS_TRAIN_N_001561	0	HPCLAS_TRAIN_N_001561	2	A_clean_core	-1.2821401775903363	0.21718613822805352	0
layer24_mean	catboost	HPCLAS_TRAIN_N_001566	0	HPCLAS_TRAIN_N_001566	2	B_ambiguous	-0.10167285079152176	0.4746036611433942	0
layer24_mean	catboost	HPCLAS_TRAIN_N_001570	0	HPCLAS_TRAIN_N_001570	2	A_clean_core	-2.649103474752373	0.06604428784604346	0
layer24_mean	catboost	HPCLAS_TRAIN_N_001577	0	HPCLAS_TRAIN_N_001577	2	A_clean_core	-3.470647620798867	0.030159033158506238	0
layer24_mean	catboost	HPCLAS_TRAIN_N_001590	0	HPCLAS_TRAIN_N_001590	2	A_clean_core	-1.9999362991602556	0.119209610363913	0
layer24_mean	catboost	HPCLAS_TRAIN_N_001600	0	HPCLAS_TRAIN_N_001600	2	A_clean_core	-2.7200426138962133	0.06180099539418573	0
layer24_mean	catboost	HPCLAS_TRAIN_N_001621	0	HPCLAS_TRAIN_N_001621	2	A_clean_core	-3.4067702403254545	0.03208454665338483	0
layer24_mean	catboost	HPCLAS_TRAIN_N_001624	0	HPCLAS_TRAIN_N_001624	2	D_hard_sample	0.7925191969819247	0.6883719949055322	1
layer24_mean	catboost	HPCLAS_TRAIN_N_001643	0	HPCLAS_TRAIN_N_001643	2	A_clean_core	0.4249213536171065	0.6046602847478398	1
layer24_mean	catboost	HPCLAS_TRAIN_N_001644	0	HPCLAS_TRAIN_N_001644	2	A_clean_core	-2.052139928447685	0.11383633193522333	0
layer24_mean	catboost	HPCLAS_TRAIN_N_001648	0	HPCLAS_TRAIN_N_001648	2	A_clean_core	-0.6539749785609651	0.3420943448723113	0
layer24_mean	catboost	HPCLAS_TRAIN_N_001652	0	HPCLAS_TRAIN_N_001652	2	A_clean_core	-2.2971520723071537	0.09135909996612573	0
layer24_mean	catboost	HPCLAS_TRAIN_N_001665	0	HPCLAS_TRAIN_N_001665	2	D_hard_sample	-1.242607946958935	0.22398236107253547	0
layer24_mean	catboost	HPCLAS_TRAIN_N_001666	0	HPCLAS_TRAIN_N_001666	2	A_clean_core	0.34086053340805045	0.5843995416325859	1
layer24_mean	catboost	HPCLAS_TRAIN_N_001667	0	HPCLAS_TRAIN_N_001667	2	A_clean_core	-4.038557558817005	0.017317686639833154	0
layer24_mean	catboost	HPCLAS_TRAIN_N_001671	0	HPCLAS_TRAIN_N_001671	2	A_clean_core	-1.3939338480532648	0.1987804829670825	0
layer24_mean	catboost	HPCLAS_TRAIN_N_001673	0	HPCLAS_TRAIN_N_001673	2	A_clean_core	-2.0955549338680033	0.10952960938215722	0
layer24_mean	catboost	HPCLAS_TRAIN_N_001678	0	HPCLAS_TRAIN_N_001678	2	A_clean_core	0.03305493144512081	0.5082629805109856	1
layer24_mean	catboost	HPCLAS_TRAIN_N_001682	0	HPCLAS_TRAIN_N_001682	2	A_clean_core	-0.35068715111450655	0.41321579865123303	0
layer24_mean	catboost	HPCLAS_TRAIN_N_001685	0	HPCLAS_TRAIN_N_001685	2	A_clean_core	-0.8970683029351051	0.28965333440965046	0
layer24_mean	catboost	HPCLAS_TRAIN_N_001695	0	HPCLAS_TRAIN_N_001695	2	A_clean_core	-3.5027599548342065	0.029233803623212658	0
layer24_mean	catboost	HPCLAS_TRAIN_N_001706	0	HPCLAS_TRAIN_N_001706	2	A_clean_core	-3.684275915097379	0.02450002694495361	0
layer24_mean	catboost	HPCLAS_TRAIN_N_001712	0	HPCLAS_TRAIN_N_001712	2	B_ambiguous	1.0119426784146843	0.7334001623873306	1
layer24_mean	catboost	HPCLAS_TRAIN_N_001715	0	HPCLAS_TRAIN_N_001715	2	A_clean_core	-2.557248374594103	0.07194103973307957	0
layer24_mean	catboost	HPCLAS_TRAIN_N_001724	0	HPCLAS_TRAIN_N_001724	2	A_clean_core	-1.5799327550318687	0.17080500576048022	0
layer24_mean	catboost	HPCLAS_TRAIN_N_001729	0	HPCLAS_TRAIN_N_001729	2	A_clean_core	-1.6307901460106116	0.16372214789152748	0
layer24_mean	catboost	HPCLAS_TRAIN_N_001746	0	HPCLAS_TRAIN_N_001746	2	D_hard_sample	-0.4000499907518056	0.40130032913149616	0
layer24_mean	catboost	HPCLAS_TRAIN_N_001752	0	HPCLAS_TRAIN_N_001752	2	A_clean_core	-1.5357636709045577	0.17715195647947177	0
layer24_mean	catboost	HPCLAS_TRAIN_N_001755	0	HPCLAS_TRAIN_N_001755	2	A_clean_core	0.2449746744112917	0.56093921298596	1
layer24_mean	catboost	HPCLAS_TRAIN_N_001759	0	HPCLAS_TRAIN_P_003772	2	B_ambiguous	-1.2382007893186642	0.22474931965758002	0
layer24_mean	catboost	HPCLAS_TRAIN_N_001764	0	HPCLAS_TRAIN_N_001764	2	D_hard_sample	-0.18511554710364334	0.4538528180903905	0
layer24_mean	catboost	HPCLAS_TRAIN_N_001770	0	HPCLAS_TRAIN_N_001770	2	D_hard_sample	1.9924148544610571	0.8799983832303957	1
layer24_mean	catboost	HPCLAS_TRAIN_N_001772	0	HPCLAS_TRAIN_N_001772	2	A_clean_core	-2.2690260323098896	0.09372090569265273	0
layer24_mean	catboost	HPCLAS_TRAIN_N_001774	0	HPCLAS_TRAIN_N_001774	2	A_clean_core	-1.1945224898765066	0.23245106798910592	0
layer24_mean	catboost	HPCLAS_TRAIN_N_001783	0	HPCLAS_TRAIN_N_001783	2	A_clean_core	1.742294661276634	0.8509782956079234	1
layer24_mean	catboost	HPCLAS_TRAIN_N_001798	0	HPCLAS_TRAIN_N_001798	2	D_hard_sample	-1.319351867018948	0.21092614612669844	0
layer24_mean	catboost	HPCLAS_TRAIN_N_001801	0	HPCLAS_TRAIN_N_001801	2	A_clean_core	-2.357583183608036	0.08646490504558532	0
layer24_mean	catboost	HPCLAS_TRAIN_N_001806	0	HPCLAS_TRAIN_N_001806	2	A_clean_core	-1.5444622849140395	0.1758875259010241	0
layer24_mean	catboost	HPCLAS_TRAIN_N_001807	0	HPCLAS_TRAIN_N_001807	2	A_clean_core	-4.030931955763394	0.01744793629271187	0
layer24_mean	catboost	HPCLAS_TRAIN_N_001825	0	HPCLAS_TRAIN_N_001825	2	A_clean_core	-0.7577677392571076	0.31913111025606383	0
layer24_mean	catboost	HPCLAS_TRAIN_N_001831	0	HPCLAS_TRAIN_N_001831	2	A_clean_core	-0.9661715087926065	0.2756442590413735	0
layer24_mean	catboost	HPCLAS_TRAIN_N_001837	0	HPCLAS_TRAIN_N_001837	2	A_clean_core	-2.6179340323234412	0.06799309723255684	0
layer24_mean	catboost	HPCLAS_TRAIN_N_001856	0	HPCLAS_TRAIN_N_001856	2	A_clean_core	-1.0290575407746176	0.2632668603384421	0
layer24_mean	catboost	HPCLAS_TRAIN_N_001861	0	HPCLAS_TRAIN_N_001861	2	D_hard_sample	-0.8635382385141916	0.2966006366972288	0
layer24_mean	catboost	HPCLAS_TRAIN_N_001877	0	HPCLAS_TRAIN_N_001877	2	A_clean_core	0.22600780436914022	0.5562626655296627	1
layer24_mean	catboost	HPCLAS_TRAIN_N_001881	0	HPCLAS_TRAIN_N_001881	2	D_hard_sample	-0.11619126763704678	0.47098481881999577	0
layer24_mean	catboost	HPCLAS_TRAIN_N_001888	0	HPCLAS_TRAIN_N_001888	2	A_clean_core	-4.885452448565719	0.0074990438620722005	0
layer24_mean	catboost	HPCLAS_TRAIN_N_001892	0	HPCLAS_TRAIN_N_001892	2	A_clean_core	-0.204821894749806	0.4489727928584912	0
layer24_mean	catboost	HPCLAS_TRAIN_N_001894	0	HPCLAS_TRAIN_N_001894	2	D_hard_sample	1.084710603021517	0.7473843857029804	1
layer24_mean	catboost	HPCLAS_TRAIN_N_001897	0	HPCLAS_TRAIN_N_001897	2	A_clean_core	-1.3911540818525745	0.19922357816880656	0
layer24_mean	catboost	HPCLAS_TRAIN_N_001910	0	HPCLAS_TRAIN_N_001910	2	A_clean_core	1.7653610595102684	0.8538798244181215	1
layer24_mean	catboost	HPCLAS_TRAIN_N_001913	0	HPCLAS_TRAIN_N_001913	2	A_clean_core	-1.513117515300572	0.18047723702568777	0
layer24_mean	catboost	HPCLAS_TRAIN_N_001914	0	HPCLAS_TRAIN_N_001914	2	A_clean_core	-1.3871172126633387	0.19986837625251616	0
layer24_mean	catboost	HPCLAS_TRAIN_N_001917	0	HPCLAS_TRAIN_N_001917	2	A_clean_core	-1.9646486815389375	0.1229648335724413	0
layer24_mean	catboost	HPCLAS_TRAIN_N_001922	0	HPCLAS_TRAIN_N_001922	2	A_clean_core	-4.409854431550447	0.012010931599850333	0
layer24_mean	catboost	HPCLAS_TRAIN_N_001928	0	HPCLAS_TRAIN_N_001928	2	A_clean_core	-3.7054083722627182	0.02400000899018973	0
layer24_mean	catboost	HPCLAS_TRAIN_N_001932	0	HPCLAS_TRAIN_N_001932	2	B_ambiguous	-1.0976295446492577	0.2501843097710324	0
layer24_mean	catboost	HPCLAS_TRAIN_N_001934	0	HPCLAS_TRAIN_N_001934	2	A_clean_core	-1.8186153593283052	0.13960010182328172	0
layer24_mean	catboost	HPCLAS_TRAIN_N_001935	0	HPCLAS_TRAIN_N_001935	2	A_clean_core	0.30519349679243973	0.5757116167611744	1
layer24_mean	catboost	HPCLAS_TRAIN_N_001942	0	HPCLAS_TRAIN_N_001942	2	A_clean_core	1.1286933741561622	0.755597685323764	1
layer24_mean	catboost	HPCLAS_TRAIN_N_001947	0	HPCLAS_TRAIN_N_001947	2	A_clean_core	-0.19890343731462762	0.4504374349306846	0
layer24_mean	catboost	HPCLAS_TRAIN_N_001953	0	HPCLAS_TRAIN_N_001953	2	A_clean_core	-0.40890126400664195	0.3991756066699115	0
layer24_mean	catboost	HPCLAS_TRAIN_N_001957	0	HPCLAS_TRAIN_N_001957	2	A_clean_core	-0.8482712183132456	0.29979563463579567	0
layer24_mean	catboost	HPCLAS_TRAIN_N_001958	0	HPCLAS_TRAIN_N_001958	2	A_clean_core	-0.1599075478789006	0.4601080812649063	0
layer24_mean	catboost	HPCLAS_TRAIN_N_001961	0	HPCLAS_TRAIN_N_001961	2	A_clean_core	-0.4712423769821745	0.3843222318233946	0
layer24_mean	catboost	HPCLAS_TRAIN_N_001967	0	HPCLAS_TRAIN_N_001967	2	A_clean_core	-2.341971939594086	0.08770600438975075	0
layer24_mean	catboost	HPCLAS_TRAIN_N_001968	0	HPCLAS_TRAIN_N_001968	2	D_hard_sample	-0.9151550972676217	0.2859461042670784	0
layer24_mean	catboost	HPCLAS_TRAIN_N_001972	0	HPCLAS_TRAIN_N_001972	2	D_hard_sample	-0.5997903901503386	0.35439165066844774	0
layer24_mean	catboost	HPCLAS_TRAIN_N_001975	0	HPCLAS_TRAIN_N_001975	2	D_hard_sample	0.5112308464330757	0.6250949692508369	1
layer24_mean	catboost	HPCLAS_TRAIN_N_001978	0	HPCLAS_TRAIN_N_001978	2	D_hard_sample	0.4451277643471008	0.609480193768099	1
layer24_mean	catboost	HPCLAS_TRAIN_N_001979	0	HPCLAS_TRAIN_N_001979	2	A_clean_core	-2.4738551010459706	0.07771148055671528	0
layer24_mean	catboost	HPCLAS_TRAIN_N_001985	0	HPCLAS_TRAIN_N_001985	2	A_clean_core	-3.2421389001762724	0.03761039457834191	0
layer24_mean	catboost	HPCLAS_TRAIN_N_001989	0	HPCLAS_TRAIN_N_001989	2	A_clean_core	-0.48885147639380727	0.38016416776611045	0
layer24_mean	catboost	HPCLAS_TRAIN_N_001992	0	HPCLAS_TRAIN_N_001992	2	D_hard_sample	-1.2283598377922247	0.2264686213948172	0
layer24_mean	catboost	HPCLAS_TRAIN_N_001994	0	HPCLAS_TRAIN_N_001994	2	A_clean_core	-3.4353406704695426	0.03120905191735005	0
layer24_mean	catboost	HPCLAS_TRAIN_N_001999	0	HPCLAS_TRAIN_N_001999	2	A_clean_core	-1.127700428371667	0.24458572833309672	0
layer24_mean	catboost	HPCLAS_TRAIN_N_002019	0	HPCLAS_TRAIN_N_002019	2	A_clean_core	0.7281414571384862	0.6743972957169546	1
layer24_mean	catboost	HPCLAS_TRAIN_N_002024	0	HPCLAS_TRAIN_N_002024	2	D_hard_sample	-0.28131026663777187	0.4301325760531986	0
layer24_mean	catboost	HPCLAS_TRAIN_N_002026	0	HPCLAS_TRAIN_N_002026	2	A_clean_core	-0.6802820922824845	0.33619834542933535	0
layer24_mean	catboost	HPCLAS_TRAIN_N_002027	0	HPCLAS_TRAIN_P_000023	2	B_ambiguous	-0.17510655312690937	0.45633487751698987	0
layer24_mean	catboost	HPCLAS_TRAIN_N_002032	0	HPCLAS_TRAIN_N_002032	2	A_clean_core	-3.0488760040897125	0.04526602440698514	0
layer24_mean	catboost	HPCLAS_TRAIN_N_002042	0	HPCLAS_TRAIN_N_002042	2	A_clean_core	1.1468528946964858	0.7589356159344774	1
layer24_mean	catboost	HPCLAS_TRAIN_N_002048	0	HPCLAS_TRAIN_N_002048	2	A_clean_core	-2.570736591025852	0.07104567504912122	0
layer24_mean	catboost	HPCLAS_TRAIN_N_002072	0	HPCLAS_TRAIN_N_002072	2	D_hard_sample	-0.5911475725156118	0.3563715912244211	0
layer24_mean	catboost	HPCLAS_TRAIN_N_002076	0	HPCLAS_TRAIN_N_002076	2	A_clean_core	-1.4073263634091733	0.19665610155979737	0
layer24_mean	catboost	HPCLAS_TRAIN_N_002095	0	HPCLAS_TRAIN_N_002095	2	A_clean_core	0.8426784323226802	0.6990290247630436	1
layer24_mean	catboost	HPCLAS_TRAIN_N_002096	0	HPCLAS_TRAIN_N_002096	2	A_clean_core	-0.7703057108611191	0.3164129785758373	0
layer24_mean	catboost	HPCLAS_TRAIN_N_002102	0	HPCLAS_TRAIN_N_002102	2	A_clean_core	-1.9428027655745086	0.12534026629611722	0
layer24_mean	catboost	HPCLAS_TRAIN_N_002121	0	HPCLAS_TRAIN_N_002121	2	B_ambiguous	0.6366660882784165	0.6539994369777987	1
layer24_mean	catboost	HPCLAS_TRAIN_N_002127	0	HPCLAS_TRAIN_N_002127	2	A_clean_core	-4.062719178034084	0.016911268985134894	0
layer24_mean	catboost	HPCLAS_TRAIN_N_002128	0	HPCLAS_TRAIN_N_002128	2	A_clean_core	-1.308311796741386	0.21276947873391744	0
layer24_mean	catboost	HPCLAS_TRAIN_N_002130	0	HPCLAS_TRAIN_N_002130	2	D_hard_sample	-2.8162888530434693	0.05645027771258606	0
layer24_mean	catboost	HPCLAS_TRAIN_N_002131	0	HPCLAS_TRAIN_N_002131	2	A_clean_core	-1.8920617641647977	0.13100956708710426	0
layer24_mean	catboost	HPCLAS_TRAIN_N_002134	0	HPCLAS_TRAIN_N_002134	2	A_clean_core	-0.6031007994443599	0.3536346005593315	0
layer24_mean	catboost	HPCLAS_TRAIN_N_002142	0	HPCLAS_TRAIN_N_002142	2	B_ambiguous	0.932120687240421	0.7175053288273646	1
layer24_mean	catboost	HPCLAS_TRAIN_N_002143	0	HPCLAS_TRAIN_N_002143	2	D_hard_sample	-1.4208710294598959	0.19452506996759406	0
layer24_mean	catboost	HPCLAS_TRAIN_N_002153	0	HPCLAS_TRAIN_N_002153	2	A_clean_core	-1.4080281289572263	0.19654525849905258	0
layer24_mean	catboost	HPCLAS_TRAIN_N_002162	0	HPCLAS_TRAIN_N_002162	2	D_hard_sample	-0.42040909210503713	0.3964188621329689	0
layer24_mean	catboost	HPCLAS_TRAIN_N_002177	0	HPCLAS_TRAIN_N_002177	2	D_hard_sample	-0.21189188896363878	0.4472243410434336	0
layer24_mean	catboost	HPCLAS_TRAIN_N_002178	0	HPCLAS_TRAIN_N_002178	2	D_hard_sample	-0.08177771317788579	0.47956695776135794	0
layer24_mean	catboost	HPCLAS_TRAIN_N_002182	0	HPCLAS_TRAIN_N_002182	2	D_hard_sample	-1.330534298369827	0.20907099973167775	0
layer24_mean	catboost	HPCLAS_TRAIN_N_002184	0	HPCLAS_TRAIN_N_002184	2	A_clean_core	1.2038760107311712	0.7692135864880749	1
layer24_mean	catboost	HPCLAS_TRAIN_N_002187	0	HPCLAS_TRAIN_N_002187	2	A_clean_core	-2.6767381980172487	0.06436001607622961	0
layer24_mean	catboost	HPCLAS_TRAIN_N_002192	0	HPCLAS_TRAIN_N_002192	2	A_clean_core	-1.3453979021887204	0.20662377696131248	0
layer24_mean	catboost	HPCLAS_TRAIN_N_002200	0	HPCLAS_TRAIN_N_002200	2	D_hard_sample	0.26619912168754833	0.5661595579900335	1
layer24_mean	catboost	HPCLAS_TRAIN_N_002210	0	HPCLAS_TRAIN_N_002210	2	A_clean_core	-0.7915550624662712	0.3118348649190845	0
layer24_mean	catboost	HPCLAS_TRAIN_N_002220	0	HPCLAS_TRAIN_N_002220	2	D_hard_sample	-0.1266642621169923	0.4683762037508998	0
layer24_mean	catboost	HPCLAS_TRAIN_N_002222	0	HPCLAS_TRAIN_N_002222	2	A_clean_core	-1.0843116088214166	0.252690952222537	0
layer24_mean	catboost	HPCLAS_TRAIN_N_002225	0	HPCLAS_TRAIN_N_002225	2	A_clean_core	-2.53631753213011	0.07335108042257159	0
layer24_mean	catboost	HPCLAS_TRAIN_N_002226	0	HPCLAS_TRAIN_N_002226	2	A_clean_core	-0.9455899220266241	0.27977258853597226	0
layer24_mean	catboost	HPCLAS_TRAIN_N_002228	0	HPCLAS_TRAIN_N_002228	2	D_hard_sample	-0.178935493514846	0.45538510279639177	0
layer24_mean	catboost	HPCLAS_TRAIN_N_002230	0	HPCLAS_TRAIN_N_002230	2	D_hard_sample	-2.081996970874503	0.11085897374828056	0
layer24_mean	catboost	HPCLAS_TRAIN_N_002242	0	HPCLAS_TRAIN_N_002242	2	A_clean_core	-0.6010665536407821	0.35409972103394877	0
layer24_mean	catboost	HPCLAS_TRAIN_N_002243	0	HPCLAS_TRAIN_N_002243	2	A_clean_core	-3.200668604778714	0.03914056976719774	0
layer24_mean	catboost	HPCLAS_TRAIN_N_002252	0	HPCLAS_TRAIN_N_002252	2	A_clean_core	-0.4814207214449319	0.38191669871898576	0
layer24_mean	catboost	HPCLAS_TRAIN_N_002257	0	HPCLAS_TRAIN_N_002257	2	A_clean_core	0.2777556745902824	0.5689959120003901	1
layer24_mean	catboost	HPCLAS_TRAIN_N_002269	0	HPCLAS_TRAIN_N_002269	2	D_hard_sample	-1.595391047359148	0.1686267656684928	0
layer24_mean	catboost	HPCLAS_TRAIN_N_002272	0	HPCLAS_TRAIN_N_002272	2	A_clean_core	-2.4881751331685216	0.07669131595292608	0
layer24_mean	catboost	HPCLAS_TRAIN_N_002284	0	HPCLAS_TRAIN_N_002284	2	A_clean_core	-1.257765125540336	0.22135885330980984	0
layer24_mean	catboost	HPCLAS_TRAIN_N_002285	0	HPCLAS_TRAIN_N_002285	2	A_clean_core	-2.502095823328147	0.0757113855599115	0
layer24_mean	catboost	HPCLAS_TRAIN_N_002289	0	HPCLAS_TRAIN_N_002289	2	A_clean_core	-2.153561502120125	0.10399888288880789	0
layer24_mean	catboost	HPCLAS_TRAIN_N_002300	0	HPCLAS_TRAIN_N_002300	2	A_clean_core	-0.9802280425640968	0.27284653737309983	0
layer24_mean	catboost	HPCLAS_TRAIN_N_002305	0	HPCLAS_TRAIN_N_002305	2	A_clean_core	-1.5165283272950094	0.17997330986656748	0
layer24_mean	catboost	HPCLAS_TRAIN_N_002313	0	HPCLAS_TRAIN_N_002313	2	A_clean_core	-0.5923746207566057	0.3560901917182166	0
layer24_mean	catboost	HPCLAS_TRAIN_N_002323	0	HPCLAS_TRAIN_N_002323	2	A_clean_core	-0.44284585950340205	0.3910630672138515	0
layer24_mean	catboost	HPCLAS_TRAIN_N_002326	0	HPCLAS_TRAIN_N_002326	2	A_clean_core	-4.318256437588427	0.01314792196076511	0
layer24_mean	catboost	HPCLAS_TRAIN_N_002330	0	HPCLAS_TRAIN_N_002330	2	A_clean_core	-0.28332010654935924	0.4296399963572693	0
layer24_mean	catboost	HPCLAS_TRAIN_N_002332	0	HPCLAS_TRAIN_N_002332	2	A_clean_core	-1.1681448402811307	0.23719047679606528	0
layer24_mean	catboost	HPCLAS_TRAIN_N_002335	0	HPCLAS_TRAIN_N_002335	2	A_clean_core	-1.4462040746588412	0.1905864501598344	0
layer24_mean	catboost	HPCLAS_TRAIN_N_002342	0	HPCLAS_TRAIN_N_002342	2	A_clean_core	-1.5799702348231222	0.17079969753856122	0
layer24_mean	catboost	HPCLAS_TRAIN_N_002350	0	HPCLAS_TRAIN_N_002350	2	A_clean_core	-1.8104633681937599	0.1405821328222954	0
layer24_mean	catboost	HPCLAS_TRAIN_N_002354	0	HPCLAS_TRAIN_N_002354	2	D_hard_sample	1.013530987379149	0.7337106003395536	1
layer24_mean	catboost	HPCLAS_TRAIN_N_002361	0	HPCLAS_TRAIN_N_002361	2	A_clean_core	-0.4763888216466144	0.3831052142265692	0
layer24_mean	catboost	HPCLAS_TRAIN_N_002363	0	HPCLAS_TRAIN_N_002363	2	A_clean_core	-1.9055952377989127	0.12947651347287856	0
layer24_mean	catboost	HPCLAS_TRAIN_N_002364	0	HPCLAS_TRAIN_N_002364	2	A_clean_core	-0.4529744525035843	0.38865379649587695	0
layer24_mean	catboost	HPCLAS_TRAIN_N_002372	0	HPCLAS_TRAIN_N_002372	2	A_clean_core	-0.174592917778483	0.4564623098901406	0
layer24_mean	catboost	HPCLAS_TRAIN_N_002381	0	HPCLAS_TRAIN_N_002381	2	D_hard_sample	1.3044964106314543	0.7865907489813416	1
layer24_mean	catboost	HPCLAS_TRAIN_N_002389	0	HPCLAS_TRAIN_N_002389	2	D_hard_sample	0.06730284932261708	0.5168193639576015	1
layer24_mean	catboost	HPCLAS_TRAIN_N_002394	0	HPCLAS_TRAIN_N_002394	2	D_hard_sample	0.003178287271601776	0.5007945711490365	1
layer24_mean	catboost	HPCLAS_TRAIN_N_002397	0	HPCLAS_TRAIN_N_002397	2	A_clean_core	0.262816992810665	0.5653286445102634	1
layer24_mean	catboost	HPCLAS_TRAIN_N_002401	0	HPCLAS_TRAIN_P_000053	2	B_ambiguous	-0.5499147640879182	0.3658841845983654	0
layer24_mean	catboost	HPCLAS_TRAIN_N_002417	0	HPCLAS_TRAIN_N_002417	2	A_clean_core	-0.38371259251620965	0.4052317778824871	0
layer24_mean	catboost	HPCLAS_TRAIN_N_002427	0	HPCLAS_TRAIN_N_002427	2	D_hard_sample	-0.7056911855992911	0.33055162875278626	0
layer24_mean	catboost	HPCLAS_TRAIN_N_002443	0	HPCLAS_TRAIN_N_002443	2	A_clean_core	-1.8557104836085407	0.13520381390275724	0
layer24_mean	catboost	HPCLAS_TRAIN_N_002444	0	HPCLAS_TRAIN_N_002444	2	A_clean_core	-3.168521122634402	0.04036766542160102	0
layer24_mean	catboost	HPCLAS_TRAIN_N_002453	0	HPCLAS_TRAIN_N_002453	2	A_clean_core	-3.0444228706575913	0.04545886570870836	0
layer24_mean	catboost	HPCLAS_TRAIN_N_002458	0	HPCLAS_TRAIN_N_002458	2	A_clean_core	-1.1924012049447588	0.23282975727190072	0
layer24_mean	catboost	HPCLAS_TRAIN_N_002459	0	HPCLAS_TRAIN_N_002459	2	A_clean_core	-4.358017034263519	0.01264188829313415	0
layer24_mean	catboost	HPCLAS_TRAIN_N_002468	0	HPCLAS_TRAIN_N_002468	2	A_clean_core	-2.9025083844639568	0.052029703886871934	0
layer24_mean	catboost	HPCLAS_TRAIN_N_002474	0	HPCLAS_TRAIN_N_002474	2	A_clean_core	-1.2033423622474024	0.23088116255920527	0
layer24_mean	catboost	HPCLAS_TRAIN_N_002475	0	HPCLAS_TRAIN_N_002475	2	A_clean_core	1.4855478888739386	0.8154090945006014	1
layer24_mean	catboost	HPCLAS_TRAIN_N_002482	0	HPCLAS_TRAIN_N_002482	2	D_hard_sample	-0.9588868369109282	0.2771011240175309	0
layer24_mean	catboost	HPCLAS_TRAIN_N_002489	0	HPCLAS_TRAIN_N_002489	2	A_clean_core	-0.9991457863265432	0.2691094031166483	0
layer24_mean	catboost	HPCLAS_TRAIN_N_002490	0	HPCLAS_TRAIN_N_002490	2	A_clean_core	-2.8744303955274435	0.05343213143730881	0
layer24_mean	catboost	HPCLAS_TRAIN_N_002495	0	HPCLAS_TRAIN_N_002495	2	D_hard_sample	1.1237770909760971	0.7546886557307009	1
layer24_mean	catboost	HPCLAS_TRAIN_N_002509	0	HPCLAS_TRAIN_N_002509	2	A_clean_core	0.6253041209453148	0.6514239248306499	1
layer24_mean	catboost	HPCLAS_TRAIN_N_002514	0	HPCLAS_TRAIN_N_002514	2	A_clean_core	-0.6989372676870343	0.3320478913664686	0
layer24_mean	catboost	HPCLAS_TRAIN_N_002518	0	HPCLAS_TRAIN_N_002518	2	A_clean_core	-0.6769903919177718	0.3369333466058035	0
layer24_mean	catboost	HPCLAS_TRAIN_N_002520	0	HPCLAS_TRAIN_N_002520	2	A_clean_core	-0.41473336472460043	0.3977776940103664	0
layer24_mean	catboost	HPCLAS_TRAIN_N_002535	0	HPCLAS_TRAIN_N_002535	2	D_hard_sample	0.7817379356675865	0.6860545579377946	1
layer24_mean	catboost	HPCLAS_TRAIN_N_002544	0	HPCLAS_TRAIN_N_002544	2	A_clean_core	-1.129400097989393	0.24427182768706773	0
layer24_mean	catboost	HPCLAS_TRAIN_N_002550	0	HPCLAS_TRAIN_N_002550	2	A_clean_core	-0.5805658647562648	0.3588023985885018	0
layer24_mean	catboost	HPCLAS_TRAIN_N_002557	0	HPCLAS_TRAIN_N_002557	2	A_clean_core	-1.729093696903567	0.15070354255989762	0
layer24_mean	catboost	HPCLAS_TRAIN_N_002560	0	HPCLAS_TRAIN_N_002560	2	D_hard_sample	0.39743552377010405	0.5980713615045979	1
layer24_mean	catboost	HPCLAS_TRAIN_N_002564	0	HPCLAS_TRAIN_N_002564	2	A_clean_core	-3.0028734893886706	0.04729622721471102	0
layer24_mean	catboost	HPCLAS_TRAIN_N_002565	0	HPCLAS_TRAIN_N_002565	2	A_clean_core	-0.6507408067852095	0.34282261763328625	0
layer24_mean	catboost	HPCLAS_TRAIN_N_002566	0	HPCLAS_TRAIN_N_002566	2	A_clean_core	-3.3237258333613338	0.034766162012771225	0
layer24_mean	catboost	HPCLAS_TRAIN_N_002571	0	HPCLAS_TRAIN_N_002571	2	D_hard_sample	1.6363657449875024	0.8370398169229537	1
layer24_mean	catboost	HPCLAS_TRAIN_N_002582	0	HPCLAS_TRAIN_N_002582	2	A_clean_core	-1.0923745993529423	0.25117138963964547	0
layer24_mean	catboost	HPCLAS_TRAIN_N_002592	0	HPCLAS_TRAIN_N_002592	2	D_hard_sample	-1.884923531805621	0.13182436939969602	0
layer24_mean	catboost	HPCLAS_TRAIN_N_002594	0	HPCLAS_TRAIN_N_002594	2	A_clean_core	-3.110814573060638	0.04266336205131583	0
layer24_mean	catboost	HPCLAS_TRAIN_N_002600	0	HPCLAS_TRAIN_N_002600	2	D_hard_sample	1.2396853374233154	0.7755092379439771	1
layer24_mean	catboost	HPCLAS_TRAIN_N_002606	0	HPCLAS_TRAIN_N_002606	2	A_clean_core	-1.8280198032615669	0.13847433997811964	0
layer24_mean	catboost	HPCLAS_TRAIN_N_002612	0	HPCLAS_TRAIN_N_002612	2	D_hard_sample	-0.7996609532849952	0.31009804892328247	0
layer24_mean	catboost	HPCLAS_TRAIN_N_002617	0	HPCLAS_TRAIN_N_002617	2	A_clean_core	-0.2963743775376743	0.4264440350439101	0
layer24_mean	catboost	HPCLAS_TRAIN_N_002618	0	HPCLAS_TRAIN_N_002618	2	D_hard_sample	0.5216088424373106	0.6275238904622565	1
layer24_mean	catboost	HPCLAS_TRAIN_N_002627	0	HPCLAS_TRAIN_N_002627	2	D_hard_sample	-0.13102671091498447	0.4672901058390052	0
layer24_mean	catboost	HPCLAS_TRAIN_N_002635	0	HPCLAS_TRAIN_N_002635	2	A_clean_core	-2.4657013718167575	0.07829789385604476	0
layer24_mean	catboost	HPCLAS_TRAIN_N_002648	0	HPCLAS_TRAIN_N_002648	2	D_hard_sample	-0.560381702733066	0.3634591456720907	0
layer24_mean	catboost	HPCLAS_TRAIN_N_002666	0	HPCLAS_TRAIN_N_002666	2	A_clean_core	-2.5370547587125722	0.0733009863748247	0
layer24_mean	catboost	HPCLAS_TRAIN_N_002675	0	HPCLAS_TRAIN_N_002675	2	A_clean_core	-0.7365680775683497	0.32375506610599397	0
layer24_mean	catboost	HPCLAS_TRAIN_N_002684	0	HPCLAS_TRAIN_N_002684	2	A_clean_core	-2.9641897524922878	0.04907013301116681	0
layer24_mean	catboost	HPCLAS_TRAIN_N_002688	0	HPCLAS_TRAIN_N_002688	2	A_clean_core	-2.1939960459638743	0.1002909432986194	0
layer24_mean	catboost	HPCLAS_TRAIN_N_002690	0	HPCLAS_TRAIN_N_002690	2	A_clean_core	1.2389245137605953	0.7753767548433271	1
layer24_mean	catboost	HPCLAS_TRAIN_N_002699	0	HPCLAS_TRAIN_N_002699	2	A_clean_core	-1.2811652652275545	0.2173519349400232	0
layer24_mean	catboost	HPCLAS_TRAIN_N_002708	0	HPCLAS_TRAIN_N_002708	2	A_clean_core	-0.32231954561759457	0.42011056105515654	0
layer24_mean	catboost	HPCLAS_TRAIN_N_002713	0	HPCLAS_TRAIN_N_002713	2	A_clean_core	0.16541390234538048	0.5412594408870711	1
layer24_mean	catboost	HPCLAS_TRAIN_N_002729	0	HPCLAS_TRAIN_N_002729	2	A_clean_core	-1.9913937406733953	0.12010948948783756	0
layer24_mean	catboost	HPCLAS_TRAIN_N_002739	0	HPCLAS_TRAIN_N_002739	2	A_clean_core	-1.1753963523404782	0.23588095373066512	0
layer24_mean	catboost	HPCLAS_TRAIN_N_002742	0	HPCLAS_TRAIN_N_002742	2	D_hard_sample	-0.5606099176999476	0.3634063482798332	0
layer24_mean	catboost	HPCLAS_TRAIN_N_002744	0	HPCLAS_TRAIN_N_002744	2	D_hard_sample	0.6130958494053588	0.6486466833239324	1
layer24_mean	catboost	HPCLAS_TRAIN_N_002756	0	HPCLAS_TRAIN_N_002756	2	A_clean_core	1.184201462588254	0.7657023968193223	1
layer24_mean	catboost	HPCLAS_TRAIN_N_002766	0	HPCLAS_TRAIN_N_002766	2	D_hard_sample	-0.07555196431441752	0.4811209883399622	0
layer24_mean	catboost	HPCLAS_TRAIN_N_002775	0	HPCLAS_TRAIN_N_002775	2	D_hard_sample	1.1242137626354682	0.7547694893745018	1
layer24_mean	catboost	HPCLAS_TRAIN_N_002777	0	HPCLAS_TRAIN_N_002777	2	D_hard_sample	-0.7171600882696805	0.32801865713471456	0
layer24_mean	catboost	HPCLAS_TRAIN_N_002778	0	HPCLAS_TRAIN_N_002778	2	D_hard_sample	2.2466123688637265	0.9043579241693399	1
layer24_mean	catboost	HPCLAS_TRAIN_N_002786	0	HPCLAS_TRAIN_N_002786	2	A_clean_core	-1.2062646275880715	0.23036264928815614	0
layer24_mean	catboost	HPCLAS_TRAIN_N_002787	0	HPCLAS_TRAIN_N_002787	2	A_clean_core	-2.592587897598176	0.06961697676937356	0
layer24_mean	catboost	HPCLAS_TRAIN_N_002793	0	HPCLAS_TRAIN_N_002793	2	A_clean_core	-2.3965386654784377	0.0834370216533985	0
layer24_mean	catboost	HPCLAS_TRAIN_N_002796	0	HPCLAS_TRAIN_N_002796	2	A_clean_core	-1.3726112431968374	0.20219828840124607	0
layer24_mean	catboost	HPCLAS_TRAIN_N_002809	0	HPCLAS_TRAIN_N_002809	2	A_clean_core	-3.5636029001898955	0.027555713072555728	0
layer24_mean	catboost	HPCLAS_TRAIN_N_002812	0	HPCLAS_TRAIN_N_002812	2	D_hard_sample	-0.9359828140419436	0.2817125091751759	0
layer24_mean	catboost	HPCLAS_TRAIN_N_002816	0	HPCLAS_TRAIN_N_002816	2	D_hard_sample	1.3120655045943586	0.7878585842779582	1
layer24_mean	catboost	HPCLAS_TRAIN_N_002817	0	HPCLAS_TRAIN_N_002817	2	A_clean_core	0.10618652394691677	0.5265217150301311	1
layer24_mean	catboost	HPCLAS_TRAIN_N_002820	0	HPCLAS_TRAIN_N_002820	2	D_hard_sample	-0.3828535920147585	0.40543883015322335	0
layer24_mean	catboost	HPCLAS_TRAIN_N_002822	0	HPCLAS_TRAIN_N_002822	2	A_clean_core	-0.9150684594625476	0.28596379438272246	0
layer24_mean	catboost	HPCLAS_TRAIN_N_002832	0	HPCLAS_TRAIN_N_002832	2	A_clean_core	-1.3980949306790167	0.19811859121179226	0
layer24_mean	catboost	HPCLAS_TRAIN_N_002837	0	HPCLAS_TRAIN_N_002837	2	D_hard_sample	-1.3719841748814514	0.20229946227771908	0
layer24_mean	catboost	HPCLAS_TRAIN_N_002856	0	HPCLAS_TRAIN_N_002856	2	D_hard_sample	0.4999927324222788	0.6224576232925914	1
layer24_mean	catboost	HPCLAS_TRAIN_N_002857	0	HPCLAS_TRAIN_N_002857	2	D_hard_sample	-0.39223241969236905	0.403180006821198	0
layer24_mean	catboost	HPCLAS_TRAIN_N_002861	0	HPCLAS_TRAIN_N_002861	2	A_clean_core	-0.6428792560179241	0.3445959699633325	0
layer24_mean	catboost	HPCLAS_TRAIN_N_002867	0	HPCLAS_TRAIN_N_002867	2	A_clean_core	-0.7261226573738122	0.3260461595849549	0
layer24_mean	catboost	HPCLAS_TRAIN_N_002868	0	HPCLAS_TRAIN_N_002868	2	A_clean_core	-0.9226771430717605	0.2844127221255942	0
layer24_mean	catboost	HPCLAS_TRAIN_N_002870	0	HPCLAS_TRAIN_N_002870	2	D_hard_sample	-0.4176735719293425	0.3970735777426237	0
layer24_mean	catboost	HPCLAS_TRAIN_N_002880	0	HPCLAS_TRAIN_N_002880	2	A_clean_core	-2.2480247891226317	0.09551997876043171	0
layer24_mean	catboost	HPCLAS_TRAIN_N_002882	0	HPCLAS_TRAIN_N_002882	2	A_clean_core	0.6706137028723702	0.6616405639198851	1
layer24_mean	catboost	HPCLAS_TRAIN_N_002883	0	HPCLAS_TRAIN_N_002883	2	D_hard_sample	-3.1262490806322725	0.0420373983358485	0
layer24_mean	catboost	HPCLAS_TRAIN_N_002886	0	HPCLAS_TRAIN_N_002886	2	A_clean_core	-1.4356303502270553	0.1922229260452796	0
layer24_mean	catboost	HPCLAS_TRAIN_N_002887	0	HPCLAS_TRAIN_N_002887	2	A_clean_core	0.0064105532796955265	0.5016026328315522	1
layer24_mean	catboost	HPCLAS_TRAIN_N_002889	0	HPCLAS_TRAIN_N_002889	2	B_ambiguous	0.2500892545428876	0.5621984693489126	1
layer24_mean	catboost	HPCLAS_TRAIN_N_002896	0	HPCLAS_TRAIN_N_002896	2	A_clean_core	-2.5364927425912707	0.07333917213519509	0
layer24_mean	catboost	HPCLAS_TRAIN_N_002899	0	HPCLAS_TRAIN_N_002899	2	A_clean_core	0.38446130026802183	0.594948662087912	1
layer24_mean	catboost	HPCLAS_TRAIN_N_002900	0	HPCLAS_TRAIN_N_002900	2	A_clean_core	-3.2612640557242756	0.03692423210035679	0
layer24_mean	catboost	HPCLAS_TRAIN_N_002901	0	HPCLAS_TRAIN_N_002901	2	A_clean_core	-3.1860947277893765	0.03969236906501067	0
layer24_mean	catboost	HPCLAS_TRAIN_N_002905	0	HPCLAS_TRAIN_N_002905	2	A_clean_core	-1.0385982303540113	0.2614205568581717	0
layer24_mean	catboost	HPCLAS_TRAIN_N_002906	0	HPCLAS_TRAIN_N_002906	2	A_clean_core	1.4243212434408743	0.8060149573420186	1
layer24_mean	catboost	HPCLAS_TRAIN_N_002920	0	HPCLAS_TRAIN_N_002920	2	A_clean_core	-1.253168987667457	0.2221520539837773	0
layer24_mean	catboost	HPCLAS_TRAIN_N_002930	0	HPCLAS_TRAIN_N_002930	2	A_clean_core	-2.018155393187147	0.11730986190589425	0
layer24_mean	catboost	HPCLAS_TRAIN_N_002931	0	HPCLAS_TRAIN_N_002931	2	D_hard_sample	1.4094667984055356	0.8036818301236934	1
layer24_mean	catboost	HPCLAS_TRAIN_N_002946	0	HPCLAS_TRAIN_N_002946	2	A_clean_core	-2.2217092047831426	0.09781786405824248	0
layer24_mean	catboost	HPCLAS_TRAIN_N_002953	0	HPCLAS_TRAIN_N_002953	2	A_clean_core	0.08051841844684283	0.5201187362770956	1
layer24_mean	catboost	HPCLAS_TRAIN_N_002961	0	HPCLAS_TRAIN_N_002961	2	D_hard_sample	1.1736696138795122	0.763807675050958	1
layer24_mean	catboost	HPCLAS_TRAIN_N_002965	0	HPCLAS_TRAIN_N_002965	2	A_clean_core	-0.5245524926781795	0.3717883263070035	0
layer24_mean	catboost	HPCLAS_TRAIN_N_002966	0	HPCLAS_TRAIN_N_002966	2	A_clean_core	-3.1360586827957473	0.04164413302145808	0
layer24_mean	catboost	HPCLAS_TRAIN_N_002969	0	HPCLAS_TRAIN_N_002969	2	D_hard_sample	-2.036629732820804	0.11541035962181649	0
layer24_mean	catboost	HPCLAS_TRAIN_N_002983	0	HPCLAS_TRAIN_N_002983	2	A_clean_core	1.8028633650485406	0.8584971333188159	1
layer24_mean	catboost	HPCLAS_TRAIN_N_003004	0	HPCLAS_TRAIN_N_003004	2	A_clean_core	-0.27017883902799034	0.4328631908408188	0
layer24_mean	catboost	HPCLAS_TRAIN_N_003012	0	HPCLAS_TRAIN_N_003012	2	A_clean_core	-0.971858656662754	0.27451018756560214	0
layer24_mean	catboost	HPCLAS_TRAIN_N_003020	0	HPCLAS_TRAIN_N_003020	2	A_clean_core	-0.70904655541428	0.3298095508089404	0
layer24_mean	catboost	HPCLAS_TRAIN_N_003022	0	HPCLAS_TRAIN_N_003022	2	A_clean_core	-1.4837389720805958	0.18486333377423406	0
layer24_mean	catboost	HPCLAS_TRAIN_N_003023	0	HPCLAS_TRAIN_N_003023	2	A_clean_core	-1.8347477475629177	0.13767365217735963	0
layer24_mean	catboost	HPCLAS_TRAIN_N_003032	0	HPCLAS_TRAIN_N_003032	2	A_clean_core	-1.2825112150315836	0.21712306242741594	0
layer24_mean	catboost	HPCLAS_TRAIN_N_003036	0	HPCLAS_TRAIN_P_004248	2	B_ambiguous	-0.5643320875968886	0.3625456919753825	0
layer24_mean	catboost	HPCLAS_TRAIN_N_003045	0	HPCLAS_TRAIN_N_003045	2	D_hard_sample	1.6181956309654852	0.8345461349194759	1
layer24_mean	catboost	HPCLAS_TRAIN_N_003054	0	HPCLAS_TRAIN_N_003054	2	A_clean_core	-3.3975658682815517	0.03237162398753501	0
layer24_mean	catboost	HPCLAS_TRAIN_N_003064	0	HPCLAS_TRAIN_P_006358	2	B_ambiguous	-0.9370726891942688	0.2814920247918106	0
layer24_mean	catboost	HPCLAS_TRAIN_N_003065	0	HPCLAS_TRAIN_N_003065	2	A_clean_core	-2.5971564689815194	0.06932164952646958	0
layer24_mean	catboost	HPCLAS_TRAIN_N_003069	0	HPCLAS_TRAIN_N_003069	2	A_clean_core	-2.836281695297054	0.05539478119362067	0
layer24_mean	catboost	HPCLAS_TRAIN_N_003076	0	HPCLAS_TRAIN_N_003076	2	D_hard_sample	-0.9789379100651462	0.2731025763425332	0
layer24_mean	catboost	HPCLAS_TRAIN_N_003083	0	HPCLAS_TRAIN_N_003083	2	D_hard_sample	0.10957602296831025	0.5273666288445132	1
layer24_mean	catboost	HPCLAS_TRAIN_N_003084	0	HPCLAS_TRAIN_N_003084	2	D_hard_sample	-0.889619096161411	0.2911884388687733	0
layer24_mean	catboost	HPCLAS_TRAIN_N_003089	0	HPCLAS_TRAIN_N_003089	2	A_clean_core	-1.450047905841791	0.1899941933692389	0
layer24_mean	catboost	HPCLAS_TRAIN_N_003098	0	HPCLAS_TRAIN_N_003098	2	A_clean_core	-1.8077217284115765	0.1409137009595819	0
layer24_mean	catboost	HPCLAS_TRAIN_N_003101	0	HPCLAS_TRAIN_N_003101	2	A_clean_core	0.045786240568366623	0.511444560866402	1
layer24_mean	catboost	HPCLAS_TRAIN_N_003110	0	HPCLAS_TRAIN_N_003110	2	A_clean_core	-2.678574017675318	0.06424955541977892	0
layer24_mean	catboost	HPCLAS_TRAIN_N_003113	0	HPCLAS_TRAIN_N_003113	2	D_hard_sample	1.6356041359128235	0.8369359036067417	1
layer24_mean	catboost	HPCLAS_TRAIN_N_003114	0	HPCLAS_TRAIN_N_003114	2	A_clean_core	0.027395944068355618	0.5068485576806901	1
layer24_mean	catboost	HPCLAS_TRAIN_N_003118	0	HPCLAS_TRAIN_N_003118	2	B_ambiguous	-0.43857743023186496	0.3920799913068682	0
layer24_mean	catboost	HPCLAS_TRAIN_N_003126	0	HPCLAS_TRAIN_N_003126	2	A_clean_core	-1.1427666892114752	0.24181275573243338	0
layer24_mean	catboost	HPCLAS_TRAIN_N_003145	0	HPCLAS_TRAIN_N_003145	2	A_clean_core	0.4871354873334301	0.6194313945789967	1
layer24_mean	catboost	HPCLAS_TRAIN_N_003152	0	HPCLAS_TRAIN_N_003152	2	D_hard_sample	-0.40495471547002876	0.4001225004828277	0
layer24_mean	catboost	HPCLAS_TRAIN_N_003153	0	HPCLAS_TRAIN_N_003153	2	A_clean_core	-0.36918278610217853	0.4087385040051779	0
layer24_mean	catboost	HPCLAS_TRAIN_N_003155	0	HPCLAS_TRAIN_N_003155	2	D_hard_sample	-0.02501824354294308	0.493745765327838	0
layer24_mean	catboost	HPCLAS_TRAIN_N_003156	0	HPCLAS_TRAIN_N_003156	2	A_clean_core	0.23954217096099772	0.559600821414972	1
layer24_mean	catboost	HPCLAS_TRAIN_N_003161	0	HPCLAS_TRAIN_N_003161	2	D_hard_sample	1.988500985401703	0.8795844587620536	1
layer24_mean	catboost	HPCLAS_TRAIN_N_003165	0	HPCLAS_TRAIN_N_003165	2	D_hard_sample	0.7904089892904435	0.6879191417673456	1
layer24_mean	catboost	HPCLAS_TRAIN_N_003166	0	HPCLAS_TRAIN_N_003166	2	D_hard_sample	2.8546734415841457	0.9455597567634683	1
layer24_mean	catboost	HPCLAS_TRAIN_N_003177	0	HPCLAS_TRAIN_N_003177	2	A_clean_core	1.3404832075359312	0.792569393512097	1
layer24_mean	catboost	HPCLAS_TRAIN_N_003180	0	HPCLAS_TRAIN_N_003180	2	A_clean_core	-1.5889557400116685	0.16953086772480133	0
layer24_mean	catboost	HPCLAS_TRAIN_N_003187	0	HPCLAS_TRAIN_N_003187	2	A_clean_core	-0.24402460119630034	0.43929479066804317	0
layer24_mean	catboost	HPCLAS_TRAIN_N_003189	0	HPCLAS_TRAIN_N_003189	2	A_clean_core	-2.9030857662141045	0.052001233274505274	0
layer24_mean	catboost	HPCLAS_TRAIN_N_003196	0	HPCLAS_TRAIN_P_003842	2	B_ambiguous	0.3124122541315505	0.5774739555337176	1
layer24_mean	catboost	HPCLAS_TRAIN_N_003201	0	HPCLAS_TRAIN_N_003201	2	B_ambiguous	-1.390270819468346	0.19936452558286746	0
layer24_mean	catboost	HPCLAS_TRAIN_N_003202	0	HPCLAS_TRAIN_N_003202	2	A_clean_core	1.8998216814822546	0.8698713421697145	1
layer24_mean	catboost	HPCLAS_TRAIN_N_003205	0	HPCLAS_TRAIN_N_003205	2	D_hard_sample	1.2795286866023814	0.7823695377755221	1
layer24_mean	catboost	HPCLAS_TRAIN_N_003210	0	HPCLAS_TRAIN_N_003210	2	A_clean_core	-1.050897147886344	0.2590528610160125	0
layer24_mean	catboost	HPCLAS_TRAIN_N_003216	0	HPCLAS_TRAIN_N_003216	2	A_clean_core	-4.509335654310826	0.010885961006710684	0
layer24_mean	catboost	HPCLAS_TRAIN_N_003217	0	HPCLAS_TRAIN_N_003217	2	A_clean_core	-1.1421718270472083	0.24192183412280188	0
layer24_mean	catboost	HPCLAS_TRAIN_N_003233	0	HPCLAS_TRAIN_N_003233	2	A_clean_core	0.680481383749759	0.6638461287997279	1
layer24_mean	catboost	HPCLAS_TRAIN_N_003235	0	HPCLAS_TRAIN_N_003235	2	A_clean_core	-0.37077202933917663	0.40835448524118795	0
layer24_mean	catboost	HPCLAS_TRAIN_N_003269	0	HPCLAS_TRAIN_N_003269	2	A_clean_core	-1.4475231862330806	0.19038304276487839	0
layer24_mean	catboost	HPCLAS_TRAIN_N_003273	0	HPCLAS_TRAIN_N_003273	2	A_clean_core	-1.8847119851196683	0.13184858210661243	0
layer24_mean	catboost	HPCLAS_TRAIN_N_003295	0	HPCLAS_TRAIN_N_003295	2	A_clean_core	-3.00997796710575	0.04697713208730784	0
layer24_mean	catboost	HPCLAS_TRAIN_N_003296	0	HPCLAS_TRAIN_N_003296	2	A_clean_core	0.17884717934826544	0.5445929943640592	1
layer24_mean	catboost	HPCLAS_TRAIN_N_003299	0	HPCLAS_TRAIN_N_003299	2	A_clean_core	0.007861134788604214	0.5019652735764217	1
layer24_mean	catboost	HPCLAS_TRAIN_N_003301	0	HPCLAS_TRAIN_N_003301	2	A_clean_core	-1.043207107812682	0.2605316544887543	0
layer24_mean	catboost	HPCLAS_TRAIN_N_003311	0	HPCLAS_TRAIN_N_003311	2	A_clean_core	0.5124663809387686	0.6253844735226557	1
layer24_mean	catboost	HPCLAS_TRAIN_N_003325	0	HPCLAS_TRAIN_N_003325	2	A_clean_core	-2.3641070581533095	0.08595098082539075	0
layer24_mean	catboost	HPCLAS_TRAIN_N_003331	0	HPCLAS_TRAIN_N_003331	2	D_hard_sample	0.087008488548781	0.5217384096895727	1
layer24_mean	catboost	HPCLAS_TRAIN_N_003332	0	HPCLAS_TRAIN_N_003332	2	A_clean_core	1.7477486824098147	0.8516686199712948	1
layer24_mean	catboost	HPCLAS_TRAIN_N_003337	0	HPCLAS_TRAIN_N_003337	2	D_hard_sample	-0.8561070073685608	0.298153344567595	0
layer24_mean	catboost	HPCLAS_TRAIN_N_003338	0	HPCLAS_TRAIN_N_003338	2	A_clean_core	-1.1956544403290348	0.2322491693081646	0
layer24_mean	catboost	HPCLAS_TRAIN_N_003357	0	HPCLAS_TRAIN_N_003357	2	A_clean_core	-0.7982963674353476	0.3103900602917371	0
layer24_mean	catboost	HPCLAS_TRAIN_N_003358	0	HPCLAS_TRAIN_N_003358	2	A_clean_core	-1.656990639071731	0.16016638158456098	0
layer24_mean	catboost	HPCLAS_TRAIN_N_003360	0	HPCLAS_TRAIN_N_003360	2	A_clean_core	-0.08114322080142948	0.4797253179968239	0
layer24_mean	catboost	HPCLAS_TRAIN_N_003389	0	HPCLAS_TRAIN_N_003389	2	A_clean_core	0.08781688579011869	0.5219401234291999	1
layer24_mean	catboost	HPCLAS_TRAIN_N_003393	0	HPCLAS_TRAIN_N_003393	2	A_clean_core	-1.7833442803792638	0.14389067424624546	0
layer24_mean	catboost	HPCLAS_TRAIN_N_003422	0	HPCLAS_TRAIN_N_003422	2	A_clean_core	-2.1322651412308344	0.10600014592059669	0
layer24_mean	catboost	HPCLAS_TRAIN_N_003436	0	HPCLAS_TRAIN_N_003436	2	A_clean_core	-2.747065861969529	0.06025257332023704	0
layer24_mean	catboost	HPCLAS_TRAIN_N_003440	0	HPCLAS_TRAIN_N_003440	2	A_clean_core	-2.236841620164425	0.09649053893243281	0
layer24_mean	catboost	HPCLAS_TRAIN_N_003441	0	HPCLAS_TRAIN_N_003441	2	D_hard_sample	1.2976873904839592	0.7854455173751289	1
layer24_mean	catboost	HPCLAS_TRAIN_N_003443	0	HPCLAS_TRAIN_N_003443	2	A_clean_core	-2.832264915108222	0.055605339784341144	0
layer24_mean	catboost	HPCLAS_TRAIN_N_003452	0	HPCLAS_TRAIN_N_003452	2	A_clean_core	-2.5308359453857117	0.0737245401876328	0
layer24_mean	catboost	HPCLAS_TRAIN_N_003459	0	HPCLAS_TRAIN_N_003459	2	A_clean_core	0.2511741297883955	0.562465473115161	1
layer24_mean	catboost	HPCLAS_TRAIN_N_003482	0	HPCLAS_TRAIN_N_003482	2	A_clean_core	-3.773783986362554	0.02244944786499331	0
layer24_mean	catboost	HPCLAS_TRAIN_N_003485	0	HPCLAS_TRAIN_N_003485	2	D_hard_sample	-0.1557084393703645	0.46115134930236457	0
layer24_mean	catboost	HPCLAS_TRAIN_N_003489	0	HPCLAS_TRAIN_N_003489	2	A_clean_core	-3.162237998950962	0.040611765943436864	0
layer24_mean	catboost	HPCLAS_TRAIN_N_003490	0	HPCLAS_TRAIN_P_003387	2	B_ambiguous	0.22745345174799217	0.5566194721122696	1
layer24_mean	catboost	HPCLAS_TRAIN_N_003524	0	HPCLAS_TRAIN_N_003524	2	A_clean_core	-0.6961751614584437	0.33266078861184584	0
layer24_mean	catboost	HPCLAS_TRAIN_N_003534	0	HPCLAS_TRAIN_N_003534	2	A_clean_core	-2.0579609296027517	0.11325044183692795	0
layer24_mean	catboost	HPCLAS_TRAIN_N_003538	0	HPCLAS_TRAIN_N_003538	2	B_ambiguous	1.2068208770441335	0.769735956556029	1
layer24_mean	catboost	HPCLAS_TRAIN_N_003546	0	HPCLAS_TRAIN_N_003546	2	A_clean_core	0.1354752756699223	0.5338171127252769	1
layer24_mean	catboost	HPCLAS_TRAIN_N_003547	0	HPCLAS_TRAIN_N_003547	2	A_clean_core	-1.2832027797347854	0.217005532814549	0
layer24_mean	catboost	HPCLAS_TRAIN_N_003552	0	HPCLAS_TRAIN_N_003552	2	A_clean_core	-2.2731579747976074	0.09337053833202945	0
layer24_mean	catboost	HPCLAS_TRAIN_N_003553	0	HPCLAS_TRAIN_N_003553	2	A_clean_core	-0.6762237147236735	0.3371046508033897	0
layer24_mean	catboost	HPCLAS_TRAIN_N_003559	0	HPCLAS_TRAIN_N_003559	2	A_clean_core	-2.3272510062948273	0.0888910512254593	0
layer24_mean	catboost	HPCLAS_TRAIN_N_003561	0	HPCLAS_TRAIN_N_003561	2	A_clean_core	-1.701480550786781	0.15427199555057097	0
layer24_mean	catboost	HPCLAS_TRAIN_N_003564	0	HPCLAS_TRAIN_N_003564	2	D_hard_sample	0.7631026512138775	0.6820269735914145	1
layer24_mean	catboost	HPCLAS_TRAIN_N_003567	0	HPCLAS_TRAIN_N_003567	2	A_clean_core	-0.33100070642238244	0.41799715581053587	0
layer24_mean	catboost	HPCLAS_TRAIN_N_003568	0	HPCLAS_TRAIN_N_003568	2	A_clean_core	-0.5744872652394413	0.36020205786692705	0
layer24_mean	catboost	HPCLAS_TRAIN_N_003578	0	HPCLAS_TRAIN_N_003578	2	A_clean_core	0.1500937813765045	0.5374531592189394	1
layer24_mean	catboost	HPCLAS_TRAIN_N_003580	0	HPCLAS_TRAIN_N_003580	2	A_clean_core	-0.6595370638200257	0.3408436114056867	0
layer24_mean	catboost	HPCLAS_TRAIN_N_003581	0	HPCLAS_TRAIN_N_003581	2	A_clean_core	0.1491531378898729	0.5372193096034171	1
layer24_mean	catboost	HPCLAS_TRAIN_N_003582	0	HPCLAS_TRAIN_N_003582	2	D_hard_sample	-0.5440018978470246	0.3672571308849126	0
layer24_mean	catboost	HPCLAS_TRAIN_N_003591	0	HPCLAS_TRAIN_N_003591	2	B_ambiguous	-0.5455285369946927	0.36690244344801787	0
layer24_mean	catboost	HPCLAS_TRAIN_N_003595	0	HPCLAS_TRAIN_N_003595	2	B_ambiguous	2.2414262711538746	0.9039084127278367	1
layer24_mean	catboost	HPCLAS_TRAIN_N_003609	0	HPCLAS_TRAIN_N_003609	2	A_clean_core	-3.2463713461203665	0.03745749704266119	0
layer24_mean	catboost	HPCLAS_TRAIN_N_003616	0	HPCLAS_TRAIN_N_003616	2	D_hard_sample	0.09654987230734592	0.5241187349953224	1
layer24_mean	catboost	HPCLAS_TRAIN_N_003619	0	HPCLAS_TRAIN_N_003619	2	A_clean_core	-1.7881294498379379	0.1433022115414781	0
layer24_mean	catboost	HPCLAS_TRAIN_N_003620	0	HPCLAS_TRAIN_N_003620	2	A_clean_core	-2.561768610533687	0.0716398271379204	0
layer24_mean	catboost	HPCLAS_TRAIN_N_003629	0	HPCLAS_TRAIN_N_003629	2	A_clean_core	-1.1322158321724984	0.24375240878006577	0
layer24_mean	catboost	HPCLAS_TRAIN_N_003637	0	HPCLAS_TRAIN_N_003637	2	A_clean_core	-3.2479948974891832	0.0373990047569842	0
layer24_mean	catboost	HPCLAS_TRAIN_N_003645	0	HPCLAS_TRAIN_N_003645	2	A_clean_core	-2.1892906687317053	0.1007163213080084	0
layer24_mean	catboost	HPCLAS_TRAIN_N_003648	0	HPCLAS_TRAIN_N_003648	2	B_ambiguous	-1.172570163095835	0.236390729454996	0
layer24_mean	catboost	HPCLAS_TRAIN_N_003650	0	HPCLAS_TRAIN_N_003650	2	D_hard_sample	0.5619982410937084	0.636914768525788	1
layer24_mean	catboost	HPCLAS_TRAIN_N_003673	0	HPCLAS_TRAIN_N_003673	2	D_hard_sample	-0.8544429538907882	0.2985016778689936	0
layer24_mean	catboost	HPCLAS_TRAIN_N_003677	0	HPCLAS_TRAIN_N_003677	2	A_clean_core	-1.6329970966521945	0.16342020258634923	0
layer24_mean	catboost	HPCLAS_TRAIN_N_003682	0	HPCLAS_TRAIN_N_003682	2	A_clean_core	-1.068820425554885	0.2556274713295237	0
layer24_mean	catboost	HPCLAS_TRAIN_N_003690	0	HPCLAS_TRAIN_N_003690	2	A_clean_core	-1.840453548019764	0.13699766108077122	0
layer24_mean	catboost	HPCLAS_TRAIN_N_003701	0	HPCLAS_TRAIN_N_003701	2	A_clean_core	-1.2189525478277685	0.2281208352270739	0
layer24_mean	catboost	HPCLAS_TRAIN_N_003715	0	HPCLAS_TRAIN_N_003715	2	A_clean_core	-1.073925964746494	0.2546571914585648	0
layer24_mean	catboost	HPCLAS_TRAIN_N_003716	0	HPCLAS_TRAIN_N_003716	2	A_clean_core	-1.3686942875097108	0.2028308858425582	0
layer24_mean	catboost	HPCLAS_TRAIN_N_003723	0	HPCLAS_TRAIN_N_003723	2	A_clean_core	-2.3898599119759028	0.08394920428184509	0
layer24_mean	catboost	HPCLAS_TRAIN_N_003730	0	HPCLAS_TRAIN_N_003730	2	A_clean_core	-2.2994369718564003	0.09116960149775258	0
layer24_mean	catboost	HPCLAS_TRAIN_N_003734	0	HPCLAS_TRAIN_N_003734	2	A_clean_core	1.404793763850574	0.8029434846796168	1
layer24_mean	catboost	HPCLAS_TRAIN_N_003736	0	HPCLAS_TRAIN_N_003736	2	A_clean_core	-1.5773435831855143	0.17117202448756594	0
layer24_mean	catboost	HPCLAS_TRAIN_N_003750	0	HPCLAS_TRAIN_N_003750	2	A_clean_core	-2.497862609154718	0.07600815496692467	0
layer24_mean	catboost	HPCLAS_TRAIN_N_003751	0	HPCLAS_TRAIN_N_003751	2	A_clean_core	-1.160123264249717	0.23864488812194753	0
layer24_mean	catboost	HPCLAS_TRAIN_N_003770	0	HPCLAS_TRAIN_N_003770	2	D_hard_sample	1.487187097253129	0.8156556958438765	1
layer24_mean	catboost	HPCLAS_TRAIN_N_003774	0	HPCLAS_TRAIN_N_003774	2	A_clean_core	-2.6885135776447235	0.06365455561013281	0
layer24_mean	catboost	HPCLAS_TRAIN_N_003778	0	HPCLAS_TRAIN_N_003778	2	A_clean_core	-1.6821445369292212	0.15681170562875082	0
layer24_mean	catboost	HPCLAS_TRAIN_N_003785	0	HPCLAS_TRAIN_N_003785	2	D_hard_sample	-0.29701041989020854	0.4262884730333596	0
layer24_mean	catboost	HPCLAS_TRAIN_N_003787	0	HPCLAS_TRAIN_N_003787	2	A_clean_core	-0.5324339841061954	0.36994937901868136	0
layer24_mean	catboost	HPCLAS_TRAIN_N_003799	0	HPCLAS_TRAIN_N_003799	2	D_hard_sample	-0.22904685623767013	0.4429873204025302	0
layer24_mean	catboost	HPCLAS_TRAIN_N_003806	0	HPCLAS_TRAIN_N_003806	2	A_clean_core	-1.6663570909411867	0.15891047776496353	0
layer24_mean	catboost	HPCLAS_TRAIN_N_003821	0	HPCLAS_TRAIN_N_003821	2	A_clean_core	0.1902445578879453	0.5474182084323015	1
layer24_mean	catboost	HPCLAS_TRAIN_N_003825	0	HPCLAS_TRAIN_N_003825	2	D_hard_sample	-1.7254952410029403	0.1511646952109202	0
layer24_mean	catboost	HPCLAS_TRAIN_N_003830	0	HPCLAS_TRAIN_N_003830	2	A_clean_core	-3.731186230150053	0.02340354008404467	0
layer24_mean	catboost	HPCLAS_TRAIN_N_003840	0	HPCLAS_TRAIN_N_003840	2	D_hard_sample	-2.30509023155733	0.09070226673185557	0
layer24_mean	catboost	HPCLAS_TRAIN_N_003841	0	HPCLAS_TRAIN_N_003841	2	A_clean_core	-3.0503045101435533	0.045204328731911936	0
layer24_mean	catboost	HPCLAS_TRAIN_N_003872	0	HPCLAS_TRAIN_N_003872	2	D_hard_sample	-0.7612874725058796	0.3183668072842161	0
layer24_mean	catboost	HPCLAS_TRAIN_N_003875	0	HPCLAS_TRAIN_P_005417	2	B_ambiguous	-1.3281381821794942	0.20946749847345292	0
layer24_mean	catboost	HPCLAS_TRAIN_N_003876	0	HPCLAS_TRAIN_N_003876	2	A_clean_core	-3.479815674342439	0.029892024506478182	0
layer24_mean	catboost	HPCLAS_TRAIN_N_003879	0	HPCLAS_TRAIN_P_001121	2	B_ambiguous	-0.4708186031646239	0.38442250952791623	0
layer24_mean	catboost	HPCLAS_TRAIN_N_003880	0	HPCLAS_TRAIN_N_003880	2	A_clean_core	-1.399757558643242	0.19785458604179687	0
layer24_mean	catboost	HPCLAS_TRAIN_N_003888	0	HPCLAS_TRAIN_N_003888	2	A_clean_core	0.430447458574937	0.6059805123443571	1
layer24_mean	catboost	HPCLAS_TRAIN_N_003889	0	HPCLAS_TRAIN_N_003889	2	A_clean_core	-2.6217017999104275	0.06775472195090379	0
layer24_mean	catboost	HPCLAS_TRAIN_N_003901	0	HPCLAS_TRAIN_N_003901	2	D_hard_sample	-0.06430418505303939	0.4839294910224756	0
layer24_mean	catboost	HPCLAS_TRAIN_N_003902	0	HPCLAS_TRAIN_N_003902	2	D_hard_sample	1.1217969325615489	0.7543218768438126	1
layer24_mean	catboost	HPCLAS_TRAIN_N_003904	0	HPCLAS_TRAIN_N_003904	2	A_clean_core	-0.9271095626264143	0.2835114893456418	0
layer24_mean	catboost	HPCLAS_TRAIN_N_003906	0	HPCLAS_TRAIN_N_003906	2	A_clean_core	0.7265483357574821	0.6740473720819298	1
layer24_mean	catboost	HPCLAS_TRAIN_N_003912	0	HPCLAS_TRAIN_N_003912	2	A_clean_core	-3.650950317666762	0.02530924955522781	0
layer24_mean	catboost	HPCLAS_TRAIN_N_003923	0	HPCLAS_TRAIN_N_003923	2	A_clean_core	-1.7816846783106783	0.14409523508092742	0
layer24_mean	catboost	HPCLAS_TRAIN_N_003928	0	HPCLAS_TRAIN_N_003928	2	A_clean_core	-0.73519224020903	0.32405636181701386	0
layer24_mean	catboost	HPCLAS_TRAIN_N_003930	0	HPCLAS_TRAIN_N_003930	2	A_clean_core	-0.3426193924438105	0.4151733359735936	0
layer24_mean	catboost	HPCLAS_TRAIN_N_003934	0	HPCLAS_TRAIN_N_003934	2	A_clean_core	-2.981610908628417	0.04826357904076458	0
layer24_mean	catboost	HPCLAS_TRAIN_N_003935	0	HPCLAS_TRAIN_N_003935	2	A_clean_core	-1.6623307538623895	0.15944936902955384	0
layer24_mean	catboost	HPCLAS_TRAIN_N_003938	0	HPCLAS_TRAIN_P_006511	2	B_ambiguous	-1.6731376127880315	0.1580063018081862	0
layer24_mean	catboost	HPCLAS_TRAIN_N_003944	0	HPCLAS_TRAIN_N_003944	2	A_clean_core	0.6592643344884004	0.6590951120421408	1
layer24_mean	catboost	HPCLAS_TRAIN_N_003947	0	HPCLAS_TRAIN_N_003947	2	B_ambiguous	1.785512830552491	0.8563762548583923	1
layer24_mean	catboost	HPCLAS_TRAIN_N_003948	0	HPCLAS_TRAIN_N_003948	2	A_clean_core	-1.3212007165664312	0.21061859489541657	0
layer24_mean	catboost	HPCLAS_TRAIN_N_003951	0	HPCLAS_TRAIN_N_003951	2	A_clean_core	0.9464465107458973	0.7203999814294773	1
layer24_mean	catboost	HPCLAS_TRAIN_N_003960	0	HPCLAS_TRAIN_N_003960	2	D_hard_sample	-0.12482702197677525	0.4688337028795745	0
layer24_mean	catboost	HPCLAS_TRAIN_N_003961	0	HPCLAS_TRAIN_P_002172	2	B_ambiguous	-0.3336187255643575	0.41736039287410126	0
layer24_mean	catboost	HPCLAS_TRAIN_N_003967	0	HPCLAS_TRAIN_N_003967	2	A_clean_core	-0.5968025433189741	0.355075561701483	0
layer24_mean	catboost	HPCLAS_TRAIN_N_003976	0	HPCLAS_TRAIN_N_003976	2	A_clean_core	-0.08992567131855426	0.4775337198313916	0
layer24_mean	catboost	HPCLAS_TRAIN_N_003977	0	HPCLAS_TRAIN_N_003977	2	A_clean_core	-0.3105596124053637	0.4229781497081426	0
layer24_mean	catboost	HPCLAS_TRAIN_N_003980	0	HPCLAS_TRAIN_N_003980	2	A_clean_core	-0.2006910578856844	0.4499949603053067	0
layer24_mean	catboost	HPCLAS_TRAIN_N_003988	0	HPCLAS_TRAIN_N_003988	2	D_hard_sample	0.14458893209843587	0.5360843900188477	1
layer24_mean	catboost	HPCLAS_TRAIN_N_003992	0	HPCLAS_TRAIN_N_005038	2	A_clean_core	-0.6349928633483202	0.3463792848414884	0
layer24_mean	catboost	HPCLAS_TRAIN_N_003996	0	HPCLAS_TRAIN_N_003996	2	A_clean_core	-3.534704770810433	0.028340741960967124	0
layer24_mean	catboost	HPCLAS_TRAIN_N_004002	0	HPCLAS_TRAIN_N_004002	2	A_clean_core	-1.4814747180470884	0.1852047751716527	0
layer24_mean	catboost	HPCLAS_TRAIN_N_004007	0	HPCLAS_TRAIN_N_004007	2	A_clean_core	-1.0730020720326934	0.25483259242205747	0
layer24_mean	catboost	HPCLAS_TRAIN_N_004016	0	HPCLAS_TRAIN_N_004016	2	D_hard_sample	0.4544114255772787	0.6116875765344422	1
layer24_mean	catboost	HPCLAS_TRAIN_N_004024	0	HPCLAS_TRAIN_N_004024	2	B_ambiguous	-0.3461383938549088	0.4143191626735142	0
layer24_mean	catboost	HPCLAS_TRAIN_N_004026	0	HPCLAS_TRAIN_N_004026	2	A_clean_core	-0.6516462134770544	0.3426186628263896	0
layer24_mean	catboost	HPCLAS_TRAIN_N_004035	0	HPCLAS_TRAIN_N_004035	2	A_clean_core	-4.102157865717681	0.01626793036107816	0
layer24_mean	catboost	HPCLAS_TRAIN_N_004041	0	HPCLAS_TRAIN_N_004041	2	A_clean_core	-1.5636170900072868	0.17312823068333671	0
layer24_mean	catboost	HPCLAS_TRAIN_N_004051	0	HPCLAS_TRAIN_N_004051	2	D_hard_sample	-1.2214144721971345	0.22768762553614894	0
layer24_mean	catboost	HPCLAS_TRAIN_N_004055	0	HPCLAS_TRAIN_N_004055	2	A_clean_core	-1.0110171776668135	0.2667808346425767	0
layer24_mean	catboost	HPCLAS_TRAIN_N_004058	0	HPCLAS_TRAIN_N_004058	2	A_clean_core	0.2723574997746984	0.5676715759258814	1
layer24_mean	catboost	HPCLAS_TRAIN_N_004065	0	HPCLAS_TRAIN_N_004065	2	A_clean_core	-1.450521797532367	0.18992127385804788	0
layer24_mean	catboost	HPCLAS_TRAIN_N_004072	0	HPCLAS_TRAIN_N_004072	2	A_clean_core	-0.5709925082095285	0.36100784031685823	0
layer24_mean	catboost	HPCLAS_TRAIN_N_004076	0	HPCLAS_TRAIN_N_004076	2	A_clean_core	-3.528797498071162	0.028503867775772684	0
layer24_mean	catboost	HPCLAS_TRAIN_N_004087	0	HPCLAS_TRAIN_N_004087	2	A_clean_core	-3.135000452781252	0.041686387366028615	0
layer24_mean	catboost	HPCLAS_TRAIN_N_004089	0	HPCLAS_TRAIN_N_004089	2	B_ambiguous	0.34280491876192165	0.5848717099305943	1
layer24_mean	catboost	HPCLAS_TRAIN_N_004100	0	HPCLAS_TRAIN_N_004100	2	A_clean_core	-1.8210691490318578	0.13930563300686294	0
layer24_mean	catboost	HPCLAS_TRAIN_N_004102	0	HPCLAS_TRAIN_N_004102	2	A_clean_core	-1.2763469583617086	0.21817269365578001	0
layer24_mean	catboost	HPCLAS_TRAIN_N_004109	0	HPCLAS_TRAIN_N_004109	2	A_clean_core	-3.25254654400254	0.037235488610897524	0
layer24_mean	catboost	HPCLAS_TRAIN_N_004113	0	HPCLAS_TRAIN_N_004113	2	D_hard_sample	-0.9937958116293796	0.2701629860721757	0
layer24_mean	catboost	HPCLAS_TRAIN_N_004121	0	HPCLAS_TRAIN_N_004121	2	A_clean_core	-0.426735178459606	0.39490620968468326	0
layer24_mean	catboost	HPCLAS_TRAIN_N_004126	0	HPCLAS_TRAIN_N_004126	2	D_hard_sample	1.2891268388721084	0.7839993609299212	1
layer24_mean	catboost	HPCLAS_TRAIN_N_004127	0	HPCLAS_TRAIN_N_004127	2	A_clean_core	-1.0699551574881907	0.255411612071855	0
layer24_mean	catboost	HPCLAS_TRAIN_N_004129	0	HPCLAS_TRAIN_N_004129	2	A_clean_core	0.9347094256076591	0.718029748339095	1
layer24_mean	catboost	HPCLAS_TRAIN_N_004131	0	HPCLAS_TRAIN_N_004131	2	A_clean_core	-3.9944531981639373	0.018084443883128805	0
layer24_mean	catboost	HPCLAS_TRAIN_N_004140	0	HPCLAS_TRAIN_N_004140	2	A_clean_core	-2.4220527750594063	0.08150644618441252	0
layer24_mean	catboost	HPCLAS_TRAIN_N_004143	0	HPCLAS_TRAIN_N_004143	2	A_clean_core	-1.1741379595852812	0.23610784324239162	0
layer24_mean	catboost	HPCLAS_TRAIN_N_004144	0	HPCLAS_TRAIN_N_004144	2	A_clean_core	-2.227564860613759	0.09730232078433244	0
layer24_mean	catboost	HPCLAS_TRAIN_N_004152	0	HPCLAS_TRAIN_N_004152	2	B_ambiguous	0.9078741918822217	0.7125649597637983	1
layer24_mean	catboost	HPCLAS_TRAIN_N_004159	0	HPCLAS_TRAIN_N_004159	2	B_ambiguous	-0.3344230704414233	0.4171648127819558	0
layer24_mean	catboost	HPCLAS_TRAIN_N_004164	0	HPCLAS_TRAIN_N_004164	2	A_clean_core	-2.144810913009315	0.10481712021238561	0
layer24_mean	catboost	HPCLAS_TRAIN_N_004167	0	HPCLAS_TRAIN_N_004167	2	A_clean_core	-0.4648158406517467	0.3858439962529172	0
layer24_mean	catboost	HPCLAS_TRAIN_N_004181	0	HPCLAS_TRAIN_N_004181	2	A_clean_core	-3.6004658462203616	0.02658493566696786	0
layer24_mean	catboost	HPCLAS_TRAIN_N_004185	0	HPCLAS_TRAIN_N_004185	2	A_clean_core	-2.0260041229150185	0.11649957756860518	0
layer24_mean	catboost	HPCLAS_TRAIN_N_004187	0	HPCLAS_TRAIN_N_004187	2	A_clean_core	-1.7062087782855946	0.15365610149509962	0
layer24_mean	catboost	HPCLAS_TRAIN_N_004195	0	HPCLAS_TRAIN_N_004195	2	A_clean_core	-2.9040146194645735	0.05195546254791522	0
layer24_mean	catboost	HPCLAS_TRAIN_N_004200	0	HPCLAS_TRAIN_N_004200	2	A_clean_core	0.6562536751663497	0.6584183271204305	1
layer24_mean	catboost	HPCLAS_TRAIN_N_004203	0	HPCLAS_TRAIN_N_004203	2	A_clean_core	-3.1465457350337847	0.041227601824067095	0
layer24_mean	catboost	HPCLAS_TRAIN_N_004217	0	HPCLAS_TRAIN_N_004217	2	A_clean_core	-1.1435433292118569	0.24167039561498765	0
layer24_mean	catboost	HPCLAS_TRAIN_N_004221	0	HPCLAS_TRAIN_N_004221	2	A_clean_core	-0.6375040977636178	0.3458109592185657	0
layer24_mean	catboost	HPCLAS_TRAIN_N_004222	0	HPCLAS_TRAIN_N_004222	2	D_hard_sample	0.6098608674396271	0.647909063409447	1
layer24_mean	catboost	HPCLAS_TRAIN_N_004226	0	HPCLAS_TRAIN_N_004226	2	A_clean_core	-1.2132435401621202	0.22912764711378925	0
layer24_mean	catboost	HPCLAS_TRAIN_N_004231	0	HPCLAS_TRAIN_N_004231	2	B_ambiguous	-0.6621852470161971	0.3402488970940419	0
layer24_mean	catboost	HPCLAS_TRAIN_N_004234	0	HPCLAS_TRAIN_N_004234	2	A_clean_core	0.902687246055505	0.7115014193163939	1
layer24_mean	catboost	HPCLAS_TRAIN_N_004241	0	HPCLAS_TRAIN_N_004241	2	A_clean_core	0.5698421530226994	0.6387267519848844	1
layer24_mean	catboost	HPCLAS_TRAIN_N_004242	0	HPCLAS_TRAIN_N_004242	2	A_clean_core	0.009756295622606765	0.5024390545588365	1
layer24_mean	catboost	HPCLAS_TRAIN_N_004244	0	HPCLAS_TRAIN_N_004244	2	A_clean_core	-2.6371187006934678	0.06678739384802322	0
layer24_mean	catboost	HPCLAS_TRAIN_N_004249	0	HPCLAS_TRAIN_N_004249	2	D_hard_sample	-0.3235656984535351	0.41980700645489255	0
layer24_mean	catboost	HPCLAS_TRAIN_N_004271	0	HPCLAS_TRAIN_N_004271	2	B_ambiguous	0.2784899014163447	0.5691759643378872	1
layer24_mean	catboost	HPCLAS_TRAIN_N_004285	0	HPCLAS_TRAIN_N_004285	2	D_hard_sample	-1.6427280831511544	0.1620941935882501	0
layer24_mean	catboost	HPCLAS_TRAIN_N_004286	0	HPCLAS_TRAIN_N_004286	2	D_hard_sample	-0.6453553988145965	0.3440369495323651	0
layer24_mean	catboost	HPCLAS_TRAIN_N_004289	0	HPCLAS_TRAIN_N_004289	2	A_clean_core	-3.157789804662429	0.04078543308626162	0
layer24_mean	catboost	HPCLAS_TRAIN_N_004291	0	HPCLAS_TRAIN_N_004291	2	D_hard_sample	-1.1587093394343244	0.2389018840047012	0
layer24_mean	catboost	HPCLAS_TRAIN_N_004295	0	HPCLAS_TRAIN_N_004295	2	A_clean_core	-2.9620517801552935	0.04916999185509713	0
layer24_mean	catboost	HPCLAS_TRAIN_N_004298	0	HPCLAS_TRAIN_N_004298	2	A_clean_core	-1.8970492082471224	0.1304428104147508	0
layer24_mean	catboost	HPCLAS_TRAIN_N_004299	0	HPCLAS_TRAIN_N_004299	2	A_clean_core	0.9830286483325025	0.7277087528440851	1
layer24_mean	catboost	HPCLAS_TRAIN_N_004303	0	HPCLAS_TRAIN_N_005070	2	B_ambiguous	0.07433185475131629	0.5185744121586533	1
layer24_mean	catboost	HPCLAS_TRAIN_N_004305	0	HPCLAS_TRAIN_N_004305	2	A_clean_core	1.3103801267803912	0.7875767578908607	1
layer24_mean	catboost	HPCLAS_TRAIN_N_004311	0	HPCLAS_TRAIN_N_004311	2	A_clean_core	0.2880751879313641	0.5715248419027612	1
layer24_mean	catboost	HPCLAS_TRAIN_N_004316	0	HPCLAS_TRAIN_N_004316	2	A_clean_core	0.1142734503116296	0.5285373149773285	1
layer24_mean	catboost	HPCLAS_TRAIN_N_004326	0	HPCLAS_TRAIN_N_004326	2	A_clean_core	-1.7366444367227645	0.14973965516474017	0
layer24_mean	catboost	HPCLAS_TRAIN_N_004335	0	HPCLAS_TRAIN_N_004335	2	A_clean_core	-1.196786735623741	0.2320473315219528	0
layer24_mean	catboost	HPCLAS_TRAIN_N_004336	0	HPCLAS_TRAIN_N_004336	2	A_clean_core	0.553038833919828	0.6348403358992185	1
layer24_mean	catboost	HPCLAS_TRAIN_N_004339	0	HPCLAS_TRAIN_N_004339	2	B_ambiguous	-1.1441213548877316	0.24156447908664572	0
layer24_mean	catboost	HPCLAS_TRAIN_N_004347	0	HPCLAS_TRAIN_N_004347	2	A_clean_core	-0.29022531688655206	0.4279487066591596	0
layer24_mean	catboost	HPCLAS_TRAIN_N_004350	0	HPCLAS_TRAIN_N_004350	2	D_hard_sample	1.1200468335231664	0.7539974034832695	1
layer24_mean	catboost	HPCLAS_TRAIN_N_004353	0	HPCLAS_TRAIN_N_004353	2	A_clean_core	-0.8388195375797862	0.3017834612583992	0
layer24_mean	catboost	HPCLAS_TRAIN_N_004356	0	HPCLAS_TRAIN_N_004356	2	A_clean_core	-2.335562564130535	0.08822019900968849	0
layer24_mean	catboost	HPCLAS_TRAIN_N_004362	0	HPCLAS_TRAIN_N_004362	2	A_clean_core	-2.708365087879453	0.06248155214447962	0
layer24_mean	catboost	HPCLAS_TRAIN_N_004372	0	HPCLAS_TRAIN_N_004372	2	A_clean_core	-1.665659792677194	0.15900369938113273	0
layer24_mean	catboost	HPCLAS_TRAIN_N_004374	0	HPCLAS_TRAIN_N_004374	2	A_clean_core	-2.2957932573214963	0.09147196140204936	0
layer24_mean	catboost	HPCLAS_TRAIN_N_004377	0	HPCLAS_TRAIN_N_004377	2	A_clean_core	-0.8096816376969055	0.3079583409240724	0
layer24_mean	catboost	HPCLAS_TRAIN_N_004379	0	HPCLAS_TRAIN_N_004379	2	D_hard_sample	1.7088365530171847	0.8466853189174205	1
layer24_mean	catboost	HPCLAS_TRAIN_N_004384	0	HPCLAS_TRAIN_N_004384	2	A_clean_core	-0.7431670752175015	0.32231198018809554	0
layer24_mean	catboost	HPCLAS_TRAIN_N_004393	0	HPCLAS_TRAIN_N_004393	2	D_hard_sample	-0.855295921838009	0.2983230984268284	0
layer24_mean	catboost	HPCLAS_TRAIN_N_004399	0	HPCLAS_TRAIN_N_004399	2	A_clean_core	-0.03292470173498713	0.4917695680598529	0
layer24_mean	catboost	HPCLAS_TRAIN_N_004413	0	HPCLAS_TRAIN_N_004413	2	D_hard_sample	-1.2860384951828847	0.21652409136231002	0
layer24_mean	catboost	HPCLAS_TRAIN_N_004415	0	HPCLAS_TRAIN_N_004415	2	A_clean_core	0.7308116794948785	0.6749833647818712	1
layer24_mean	catboost	HPCLAS_TRAIN_N_004423	0	HPCLAS_TRAIN_N_004423	2	A_clean_core	0.18692490064233194	0.5465956295968358	1
layer24_mean	catboost	HPCLAS_TRAIN_N_004428	0	HPCLAS_TRAIN_N_004428	2	A_clean_core	-1.1133571481441553	0.24724554227517195	0
layer24_mean	catboost	HPCLAS_TRAIN_N_004439	0	HPCLAS_TRAIN_N_004439	2	A_clean_core	-0.43225243293387766	0.393588599843871	0
layer24_mean	catboost	HPCLAS_TRAIN_N_004450	0	HPCLAS_TRAIN_N_004450	2	D_hard_sample	0.45142192014008325	0.6109772549683332	1
layer24_mean	catboost	HPCLAS_TRAIN_N_004452	0	HPCLAS_TRAIN_N_004452	2	A_clean_core	-2.765955604578081	0.05919183729614138	0
layer24_mean	catboost	HPCLAS_TRAIN_N_004453	0	HPCLAS_TRAIN_N_004453	2	A_clean_core	-3.7096108611656415	0.023901766521476915	0
layer24_mean	catboost	HPCLAS_TRAIN_N_004479	0	HPCLAS_TRAIN_N_004479	2	D_hard_sample	-0.026335522596941767	0.49341649985059294	0
layer24_mean	catboost	HPCLAS_TRAIN_N_004481	0	HPCLAS_TRAIN_N_004481	2	A_clean_core	-0.3729311580581865	0.4078329407713888	0
layer24_mean	catboost	HPCLAS_TRAIN_N_004482	0	HPCLAS_TRAIN_N_004482	2	A_clean_core	-1.0600402459593	0.2573017637173249	0
layer24_mean	catboost	HPCLAS_TRAIN_N_004484	0	HPCLAS_TRAIN_N_004484	2	A_clean_core	-0.5941769380206603	0.3556770457220548	0
layer24_mean	catboost	HPCLAS_TRAIN_N_004491	0	HPCLAS_TRAIN_N_004491	2	A_clean_core	-1.0544304611306967	0.2583752386491797	0
layer24_mean	catboost	HPCLAS_TRAIN_N_004507	0	HPCLAS_TRAIN_N_002444	2	A_clean_core	-2.725341819888982	0.061494451325915994	0
layer24_mean	catboost	HPCLAS_TRAIN_N_004510	0	HPCLAS_TRAIN_N_004510	2	A_clean_core	-2.1343437570778803	0.10580332898833869	0
layer24_mean	catboost	HPCLAS_TRAIN_N_004516	0	HPCLAS_TRAIN_N_004516	2	A_clean_core	-2.411902422740539	0.08226956856883662	0
layer24_mean	catboost	HPCLAS_TRAIN_N_004518	0	HPCLAS_TRAIN_N_004518	2	D_hard_sample	-0.2445633244315632	0.43916209946296103	0
layer24_mean	catboost	HPCLAS_TRAIN_N_004519	0	HPCLAS_TRAIN_N_004519	2	A_clean_core	-2.7754734533413465	0.05866402422443857	0
layer24_mean	catboost	HPCLAS_TRAIN_N_004523	0	HPCLAS_TRAIN_N_004523	2	A_clean_core	-1.610937956137852	0.16645843142306957	0
layer24_mean	catboost	HPCLAS_TRAIN_N_004524	0	HPCLAS_TRAIN_N_004524	2	A_clean_core	-0.10787947149855462	0.47305625795333933	0
layer24_mean	catboost	HPCLAS_TRAIN_N_004529	0	HPCLAS_TRAIN_N_004529	2	A_clean_core	-3.4135964071066605	0.03187323493143628	0
layer24_mean	catboost	HPCLAS_TRAIN_N_004534	0	HPCLAS_TRAIN_N_004534	2	A_clean_core	-0.6710891792444176	0.3382529982601692	0
layer24_mean	catboost	HPCLAS_TRAIN_N_004537	0	HPCLAS_TRAIN_N_004537	2	A_clean_core	-0.2832349059797729	0.42966087483682835	0
layer24_mean	catboost	HPCLAS_TRAIN_N_004538	0	HPCLAS_TRAIN_N_004538	2	A_clean_core	1.1481362694346715	0.7591703343228342	1
layer24_mean	catboost	HPCLAS_TRAIN_N_004541	0	HPCLAS_TRAIN_N_004541	2	A_clean_core	-4.1059011561757845	0.016208133764267125	0
layer24_mean	catboost	HPCLAS_TRAIN_N_004544	0	HPCLAS_TRAIN_N_004544	2	D_hard_sample	-0.4078932348819817	0.39941739132530135	0
layer24_mean	catboost	HPCLAS_TRAIN_N_004545	0	HPCLAS_TRAIN_N_004545	2	A_clean_core	-3.6342232529322027	0.02572517719763966	0
layer24_mean	catboost	HPCLAS_TRAIN_N_004551	0	HPCLAS_TRAIN_N_004551	2	D_hard_sample	-1.6212483607020534	0.16503277794097423	0
layer24_mean	catboost	HPCLAS_TRAIN_N_004565	0	HPCLAS_TRAIN_N_004565	2	A_clean_core	1.1596292523277898	0.7612653415315493	1
layer24_mean	catboost	HPCLAS_TRAIN_N_004566	0	HPCLAS_TRAIN_N_004566	2	D_hard_sample	-0.5388304709824983	0.36845968643674776	0
layer24_mean	catboost	HPCLAS_TRAIN_N_004569	0	HPCLAS_TRAIN_N_004569	2	A_clean_core	-3.121844396167955	0.04221513434281695	0
layer24_mean	catboost	HPCLAS_TRAIN_N_004590	0	HPCLAS_TRAIN_N_004590	2	A_clean_core	-1.1400709157702966	0.24230734101343818	0
layer24_mean	catboost	HPCLAS_TRAIN_N_004591	0	HPCLAS_TRAIN_N_004591	2	A_clean_core	-1.8272356988090397	0.13856790952951425	0
layer24_mean	catboost	HPCLAS_TRAIN_N_004594	0	HPCLAS_TRAIN_N_004594	2	A_clean_core	-3.1866503931666035	0.03967119424835851	0
layer24_mean	catboost	HPCLAS_TRAIN_N_004595	0	HPCLAS_TRAIN_N_004595	2	A_clean_core	1.6653781151269507	0.8409586306498746	1
layer24_mean	catboost	HPCLAS_TRAIN_N_004598	0	HPCLAS_TRAIN_N_004598	2	A_clean_core	-3.1232087695213844	0.04216000305510428	0
layer24_mean	catboost	HPCLAS_TRAIN_N_004602	0	HPCLAS_TRAIN_N_004602	2	A_clean_core	-0.4077750311842945	0.39944574673641525	0
layer24_mean	catboost	HPCLAS_TRAIN_N_004609	0	HPCLAS_TRAIN_N_004609	2	D_hard_sample	0.20045435398474346	0.5499464549053492	1
layer24_mean	catboost	HPCLAS_TRAIN_N_004610	0	HPCLAS_TRAIN_N_004610	2	D_hard_sample	-3.1359408089468763	0.04164883760906039	0
layer24_mean	catboost	HPCLAS_TRAIN_N_004611	0	HPCLAS_TRAIN_N_004611	2	A_clean_core	-2.605563365424819	0.06878122873093011	0
layer24_mean	catboost	HPCLAS_TRAIN_N_004624	0	HPCLAS_TRAIN_N_004624	2	A_clean_core	-2.8492817507986827	0.054718456307215564	0
layer24_mean	catboost	HPCLAS_TRAIN_N_004626	0	HPCLAS_TRAIN_N_004626	2	D_hard_sample	-0.6611768083804606	0.3404753074359454	0
layer24_mean	catboost	HPCLAS_TRAIN_N_004627	0	HPCLAS_TRAIN_N_004627	2	A_clean_core	2.174445408304654	0.8979311132383663	1
layer24_mean	catboost	HPCLAS_TRAIN_N_004631	0	HPCLAS_TRAIN_N_004631	2	A_clean_core	-2.942654720176825	0.050084820383193084	0
layer24_mean	catboost	HPCLAS_TRAIN_N_004633	0	HPCLAS_TRAIN_N_004633	2	A_clean_core	-0.24811495048682225	0.4382875282965391	0
layer24_mean	catboost	HPCLAS_TRAIN_N_004636	0	HPCLAS_TRAIN_N_004636	2	A_clean_core	0.3857901417702439	0.5952688521811458	1
layer24_mean	catboost	HPCLAS_TRAIN_N_004646	0	HPCLAS_TRAIN_N_004646	2	D_hard_sample	0.13306535257575247	0.5332173393435885	1
layer24_mean	catboost	HPCLAS_TRAIN_N_004650	0	HPCLAS_TRAIN_N_004650	2	D_hard_sample	-0.002694014101705545	0.49932649688191455	0
layer24_mean	catboost	HPCLAS_TRAIN_N_004653	0	HPCLAS_TRAIN_N_004653	2	D_hard_sample	1.0303043008181163	0.7369748866408894	1
layer24_mean	catboost	HPCLAS_TRAIN_N_004655	0	HPCLAS_TRAIN_N_004655	2	A_clean_core	1.0366912009733362	0.7382110667048416	1
layer24_mean	catboost	HPCLAS_TRAIN_N_004660	0	HPCLAS_TRAIN_N_004660	2	A_clean_core	-0.35757907531538696	0.41154572960733515	0
layer24_mean	catboost	HPCLAS_TRAIN_N_004662	0	HPCLAS_TRAIN_N_004662	2	A_clean_core	2.5663889395758064	0.928666852169218	1
layer24_mean	catboost	HPCLAS_TRAIN_N_004674	0	HPCLAS_TRAIN_N_004674	2	A_clean_core	-2.527873031527197	0.07392713102814542	0
layer24_mean	catboost	HPCLAS_TRAIN_N_004678	0	HPCLAS_TRAIN_N_004678	2	D_hard_sample	1.796584253455344	0.8577326296452004	1
layer24_mean	catboost	HPCLAS_TRAIN_N_004681	0	HPCLAS_TRAIN_N_004681	2	D_hard_sample	0.17661556592223612	0.5440394737957724	1
layer24_mean	catboost	HPCLAS_TRAIN_N_004682	0	HPCLAS_TRAIN_N_004682	2	D_hard_sample	-0.06693280379834884	0.48327304331499765	0
layer24_mean	catboost	HPCLAS_TRAIN_N_004690	0	HPCLAS_TRAIN_N_004690	2	A_clean_core	-1.7396598638012184	0.14935614330212282	0
layer24_mean	catboost	HPCLAS_TRAIN_N_004712	0	HPCLAS_TRAIN_N_004712	2	A_clean_core	-0.7526634525339593	0.3202412250261262	0
layer24_mean	catboost	HPCLAS_TRAIN_N_004713	0	HPCLAS_TRAIN_N_004713	2	A_clean_core	-2.5943369096436246	0.06950377770523337	0
layer24_mean	catboost	HPCLAS_TRAIN_N_004719	0	HPCLAS_TRAIN_N_004719	2	D_hard_sample	-0.48084889128748926	0.38205169196114896	0
layer24_mean	catboost	HPCLAS_TRAIN_N_004734	0	HPCLAS_TRAIN_N_004734	2	D_hard_sample	-0.13454091950945007	0.46641541511815193	0
layer24_mean	catboost	HPCLAS_TRAIN_N_004744	0	HPCLAS_TRAIN_N_004744	2	B_ambiguous	0.6790934025185921	0.6635363242123384	1
layer24_mean	catboost	HPCLAS_TRAIN_N_004748	0	HPCLAS_TRAIN_N_004748	2	A_clean_core	-4.153247089868487	0.01547022260529906	0
layer24_mean	catboost	HPCLAS_TRAIN_N_004755	0	HPCLAS_TRAIN_N_004755	2	A_clean_core	-3.8872770858187766	0.020089241419922934	0
layer24_mean	catboost	HPCLAS_TRAIN_N_004756	0	HPCLAS_TRAIN_N_004756	2	A_clean_core	0.5678499301753908	0.6382669098877305	1
layer24_mean	catboost	HPCLAS_TRAIN_N_004759	0	HPCLAS_TRAIN_P_007218	2	B_ambiguous	-3.0695751323846765	0.044379842852822475	0
layer24_mean	catboost	HPCLAS_TRAIN_N_004770	0	HPCLAS_TRAIN_N_004770	2	B_ambiguous	0.8798624275195517	0.7067937118844906	1
layer24_mean	catboost	HPCLAS_TRAIN_N_004774	0	HPCLAS_TRAIN_N_004774	2	A_clean_core	-0.07364238123067374	0.4815977205446942	0
layer24_mean	catboost	HPCLAS_TRAIN_N_004777	0	HPCLAS_TRAIN_N_004777	2	A_clean_core	-0.06262608537236797	0.4843485937584848	0
layer24_mean	catboost	HPCLAS_TRAIN_N_004789	0	HPCLAS_TRAIN_N_004789	2	A_clean_core	-1.3074581728052637	0.21291249462868203	0
layer24_mean	catboost	HPCLAS_TRAIN_N_004796	0	HPCLAS_TRAIN_N_004796	2	D_hard_sample	-0.36954773093377424	0.40865031023724635	0
layer24_mean	catboost	HPCLAS_TRAIN_N_004803	0	HPCLAS_TRAIN_N_004803	2	A_clean_core	-0.408939885251435	0.3991663440012981	0
layer24_mean	catboost	HPCLAS_TRAIN_N_004807	0	HPCLAS_TRAIN_N_004807	2	A_clean_core	-2.0968744588610693	0.10940097861099736	0
layer24_mean	catboost	HPCLAS_TRAIN_N_004819	0	HPCLAS_TRAIN_N_004819	2	D_hard_sample	-1.6059955412978673	0.16714532253329842	0
layer24_mean	catboost	HPCLAS_TRAIN_N_004820	0	HPCLAS_TRAIN_N_004820	2	A_clean_core	-0.6432851679084705	0.3445043007140986	0
layer24_mean	catboost	HPCLAS_TRAIN_N_004826	0	HPCLAS_TRAIN_N_004826	2	B_ambiguous	-0.9455626556315626	0.2797780827444939	0
layer24_mean	catboost	HPCLAS_TRAIN_N_004828	0	HPCLAS_TRAIN_N_004828	2	A_clean_core	2.3862614760267715	0.9157736551319775	1
layer24_mean	catboost	HPCLAS_TRAIN_N_004829	0	HPCLAS_TRAIN_N_004829	2	B_ambiguous	-0.4456592822088717	0.39039330485739465	0
layer24_mean	catboost	HPCLAS_TRAIN_N_004840	0	HPCLAS_TRAIN_N_004840	2	D_hard_sample	-3.4206499234630976	0.031656299444016635	0
layer24_mean	catboost	HPCLAS_TRAIN_N_004843	0	HPCLAS_TRAIN_N_004843	2	D_hard_sample	-2.3165377633146638	0.0897625406662419	0
layer24_mean	catboost	HPCLAS_TRAIN_N_004849	0	HPCLAS_TRAIN_N_004849	2	A_clean_core	-1.4281970579964687	0.1933797589293217	0
layer24_mean	catboost	HPCLAS_TRAIN_N_004864	0	HPCLAS_TRAIN_N_004864	2	A_clean_core	-2.5699568112451625	0.07109715631834505	0
layer24_mean	catboost	HPCLAS_TRAIN_N_004867	0	HPCLAS_TRAIN_N_004867	2	A_clean_core	-2.138478638450835	0.10541276921224631	0
layer24_mean	catboost	HPCLAS_TRAIN_N_004868	0	HPCLAS_TRAIN_N_004868	2	A_clean_core	-1.948793356704951	0.12468498997128777	0
layer24_mean	catboost	HPCLAS_TRAIN_N_004872	0	HPCLAS_TRAIN_N_004872	2	A_clean_core	0.46288103298571615	0.6136974143114348	1
layer24_mean	catboost	HPCLAS_TRAIN_N_004873	0	HPCLAS_TRAIN_N_004873	2	A_clean_core	0.11736825532837537	0.5293084271712158	1
layer24_mean	catboost	HPCLAS_TRAIN_N_004874	0	HPCLAS_TRAIN_N_004874	2	A_clean_core	0.6343927440122598	0.6534848352124247	1
layer24_mean	catboost	HPCLAS_TRAIN_N_004890	0	HPCLAS_TRAIN_N_004890	2	A_clean_core	1.4265697702404003	0.8063662835136931	1
layer24_mean	catboost	HPCLAS_TRAIN_N_004907	0	HPCLAS_TRAIN_N_004907	2	A_clean_core	0.010254404328093249	0.5025635786181051	1
layer24_mean	catboost	HPCLAS_TRAIN_N_004911	0	HPCLAS_TRAIN_N_004911	2	A_clean_core	1.2200891211785705	0.7720792327185154	1
layer24_mean	catboost	HPCLAS_TRAIN_N_004912	0	HPCLAS_TRAIN_N_004912	2	D_hard_sample	0.03032500300331948	0.5075806698240676	1
layer24_mean	catboost	HPCLAS_TRAIN_N_004914	0	HPCLAS_TRAIN_N_004914	2	A_clean_core	-2.5141136057690265	0.0748746676017023	0
layer24_mean	catboost	HPCLAS_TRAIN_N_004917	0	HPCLAS_TRAIN_N_004917	2	A_clean_core	-1.2171072822578344	0.22844591575921674	0
layer24_mean	catboost	HPCLAS_TRAIN_N_004918	0	HPCLAS_TRAIN_N_004918	2	A_clean_core	-0.6063852156183243	0.352884219407136	0
layer24_mean	catboost	HPCLAS_TRAIN_N_004932	0	HPCLAS_TRAIN_N_004932	2	A_clean_core	0.01429233778789549	0.5035730236251125	1
layer24_mean	catboost	HPCLAS_TRAIN_N_004944	0	HPCLAS_TRAIN_N_004944	2	A_clean_core	-0.8216617919175381	0.30541102149817834	0
layer24_mean	catboost	HPCLAS_TRAIN_N_004951	0	HPCLAS_TRAIN_N_004951	2	B_ambiguous	-0.06665699225586291	0.4833419193483319	0
layer24_mean	catboost	HPCLAS_TRAIN_N_004965	0	HPCLAS_TRAIN_N_004965	2	D_hard_sample	1.6080453856712593	0.8331398370535128	1
layer24_mean	catboost	HPCLAS_TRAIN_N_004967	0	HPCLAS_TRAIN_N_004967	2	A_clean_core	-0.24627490855416861	0.4387405824284148	0
layer24_mean	catboost	HPCLAS_TRAIN_N_004970	0	HPCLAS_TRAIN_N_004970	2	A_clean_core	-2.0214361028047345	0.11697057641493826	0
layer24_mean	catboost	HPCLAS_TRAIN_N_004972	0	HPCLAS_TRAIN_N_004972	2	A_clean_core	-1.0758379749587015	0.25429444898763787	0
layer24_mean	catboost	HPCLAS_TRAIN_N_004980	0	HPCLAS_TRAIN_N_004980	2	A_clean_core	-2.0504731889502894	0.11400457690059636	0
layer24_mean	catboost	HPCLAS_TRAIN_N_004981	0	HPCLAS_TRAIN_N_004981	2	A_clean_core	-0.2882543703141208	0.42843127972578476	0
layer24_mean	catboost	HPCLAS_TRAIN_N_004990	0	HPCLAS_TRAIN_N_004990	2	A_clean_core	-1.7660691104255142	0.14603185486152803	0
layer24_mean	catboost	HPCLAS_TRAIN_N_004996	0	HPCLAS_TRAIN_P_003786	2	B_ambiguous	0.3253081738605965	0.5806173472793762	1
layer24_mean	catboost	HPCLAS_TRAIN_N_005004	0	HPCLAS_TRAIN_N_005004	2	A_clean_core	1.4287040002976907	0.8066993036815796	1
layer24_mean	catboost	HPCLAS_TRAIN_N_005006	0	HPCLAS_TRAIN_N_005006	2	A_clean_core	-0.052434394012229026	0.4868944040323368	0
layer24_mean	catboost	HPCLAS_TRAIN_N_005007	0	HPCLAS_TRAIN_N_005007	2	B_ambiguous	0.38469940366507877	0.5950060400784496	1
layer24_mean	catboost	HPCLAS_TRAIN_N_005009	0	HPCLAS_TRAIN_N_005009	2	A_clean_core	-1.719682459500587	0.15191206939929586	0
layer24_mean	catboost	HPCLAS_TRAIN_N_005011	0	HPCLAS_TRAIN_N_005011	2	A_clean_core	-1.2679736727328865	0.21960432322276158	0
layer24_mean	catboost	HPCLAS_TRAIN_N_005030	0	HPCLAS_TRAIN_N_005030	2	A_clean_core	-1.2159520247209368	0.2286496034575942	0
layer24_mean	catboost	HPCLAS_TRAIN_N_005035	0	HPCLAS_TRAIN_N_005035	2	A_clean_core	-0.957908225582558	0.27729719836783995	0
layer24_mean	catboost	HPCLAS_TRAIN_N_005038	0	HPCLAS_TRAIN_N_005038	2	A_clean_core	-0.03424721504413453	0.4914390329656341	0
layer24_mean	catboost	HPCLAS_TRAIN_N_005039	0	HPCLAS_TRAIN_N_005039	2	A_clean_core	0.04875561870813628	0.5121864907198957	1
layer24_mean	catboost	HPCLAS_TRAIN_N_005046	0	HPCLAS_TRAIN_N_005046	2	B_ambiguous	-0.10288014866225699	0.47430262461810996	0
layer24_mean	catboost	HPCLAS_TRAIN_N_005049	0	HPCLAS_TRAIN_N_005049	2	A_clean_core	-1.0659476305912055	0.2561744963468896	0
layer24_mean	catboost	HPCLAS_TRAIN_N_005051	0	HPCLAS_TRAIN_N_005051	2	A_clean_core	-1.1349819883662613	0.24324286487027	0
layer24_mean	catboost	HPCLAS_TRAIN_N_005062	0	HPCLAS_TRAIN_N_005062	2	A_clean_core	-0.7381731365440499	0.32340375760293333	0
layer24_mean	catboost	HPCLAS_TRAIN_N_005065	0	HPCLAS_TRAIN_N_005065	2	A_clean_core	-0.1380392500612474	0.46554488149918605	0
layer24_mean	catboost	HPCLAS_TRAIN_N_005069	0	HPCLAS_TRAIN_N_005069	2	D_hard_sample	-1.2064336229709376	0.2303326884989146	0
layer24_mean	catboost	HPCLAS_TRAIN_N_005070	0	HPCLAS_TRAIN_N_005070	2	B_ambiguous	-1.3327484256260989	0.20870510678795773	0
layer24_mean	catboost	HPCLAS_TRAIN_N_005073	0	HPCLAS_TRAIN_N_005073	2	D_hard_sample	-0.621360443296649	0.3494721031053632	0
layer24_mean	catboost	HPCLAS_TRAIN_N_005081	0	HPCLAS_TRAIN_N_005081	2	D_hard_sample	-0.18634417363599853	0.45354829519820644	0
layer24_mean	catboost	HPCLAS_TRAIN_N_005082	0	HPCLAS_TRAIN_N_005082	2	D_hard_sample	-0.8390430352937408	0.30173637009592885	0
layer24_mean	catboost	HPCLAS_TRAIN_N_005086	0	HPCLAS_TRAIN_N_005086	2	A_clean_core	-2.267207526863994	0.09387547878998223	0
layer24_mean	catboost	HPCLAS_TRAIN_N_005111	0	HPCLAS_TRAIN_N_005111	2	A_clean_core	-0.6678142921150876	0.3389864299878786	0
layer24_mean	catboost	HPCLAS_TRAIN_P_000001	1	HPCLAS_TRAIN_P_000001	2	B_ambiguous	-1.515955126547506	0.18005792002378734	0
layer24_mean	catboost	HPCLAS_TRAIN_P_000009	1	HPCLAS_TRAIN_P_000009	2	D_hard_sample	1.1390381171415813	0.7575029923835432	1
layer24_mean	catboost	HPCLAS_TRAIN_P_000013	1	HPCLAS_TRAIN_P_000013	2	D_hard_sample	1.1639061772487278	0.7620417629023294	1
layer24_mean	catboost	HPCLAS_TRAIN_P_000015	1	HPCLAS_TRAIN_P_000015	2	A_clean_core	1.1102271026176052	0.7521714479631615	1
layer24_mean	catboost	HPCLAS_TRAIN_P_000016	1	HPCLAS_TRAIN_P_000016	2	A_clean_core	-0.04869707844983546	0.48782813566126343	0
layer24_mean	catboost	HPCLAS_TRAIN_P_000023	1	HPCLAS_TRAIN_P_000023	2	B_ambiguous	0.27618705113484987	0.5686111819079868	1
layer24_mean	catboost	HPCLAS_TRAIN_P_000032	1	HPCLAS_TRAIN_P_000032	2	A_clean_core	2.7656730217164465	0.9407924242228464	1
layer24_mean	catboost	HPCLAS_TRAIN_P_000033	1	HPCLAS_TRAIN_P_000033	2	A_clean_core	3.4772706227113805	0.9700340844687801	1
layer24_mean	catboost	HPCLAS_TRAIN_P_000039	1	HPCLAS_TRAIN_P_000039	2	A_clean_core	2.7127248921763494	0.9377733481369248	1
layer24_mean	catboost	HPCLAS_TRAIN_P_000041	1	HPCLAS_TRAIN_P_000041	2	A_clean_core	-1.1546016242645043	0.2396495815763125	0
layer24_mean	catboost	HPCLAS_TRAIN_P_000046	1	HPCLAS_TRAIN_P_000046	2	D_hard_sample	1.1732832894053726	0.763737972884095	1
layer24_mean	catboost	HPCLAS_TRAIN_P_000048	1	HPCLAS_TRAIN_P_000048	2	D_hard_sample	0.0816223607667483	0.5203942688739197	1
layer24_mean	catboost	HPCLAS_TRAIN_P_000050	1	HPCLAS_TRAIN_P_000050	2	D_hard_sample	2.232779224771049	0.9031547199616179	1
layer24_mean	catboost	HPCLAS_TRAIN_P_000052	1	HPCLAS_TRAIN_P_000052	2	A_clean_core	5.663847766858419	0.9965428506127256	1
layer24_mean	catboost	HPCLAS_TRAIN_P_000053	1	HPCLAS_TRAIN_P_000053	2	B_ambiguous	-0.29988908688114924	0.4255845970459615	0
layer24_mean	catboost	HPCLAS_TRAIN_P_000056	1	HPCLAS_TRAIN_P_000056	2	A_clean_core	1.4003494956567724	0.8022393423839004	1
layer24_mean	catboost	HPCLAS_TRAIN_P_000057	1	HPCLAS_TRAIN_P_000057	2	A_clean_core	1.599996854463057	0.8320179455012945	1
layer24_mean	catboost	HPCLAS_TRAIN_P_000079	1	HPCLAS_TRAIN_P_000079	2	A_clean_core	-1.9521391837005808	0.12432028926160507	0
layer24_mean	catboost	HPCLAS_TRAIN_P_000083	1	HPCLAS_TRAIN_P_000083	2	A_clean_core	2.8878253787264683	0.9472413100459268	1
layer24_mean	catboost	HPCLAS_TRAIN_P_000098	1	HPCLAS_TRAIN_P_000098	2	D_hard_sample	1.52472755618461	0.8212335826414583	1
layer24_mean	catboost	HPCLAS_TRAIN_P_000100	1	HPCLAS_TRAIN_P_000100	2	A_clean_core	5.347192376018521	0.9952610636949877	1
layer24_mean	catboost	HPCLAS_TRAIN_P_000116	1	HPCLAS_TRAIN_P_000116	2	A_clean_core	2.0628959659898154	0.887244212989312	1
layer24_mean	catboost	HPCLAS_TRAIN_P_000123	1	HPCLAS_TRAIN_P_000123	2	A_clean_core	1.5244224028489617	0.8211887789983136	1
layer24_mean	catboost	HPCLAS_TRAIN_P_000124	1	HPCLAS_TRAIN_P_000124	2	A_clean_core	1.6751917258630953	0.8422667860943507	1
layer24_mean	catboost	HPCLAS_TRAIN_P_000128	1	HPCLAS_TRAIN_P_000128	2	A_clean_core	-1.0740993364802596	0.25462428570588475	0
layer24_mean	catboost	HPCLAS_TRAIN_P_000129	1	HPCLAS_TRAIN_P_000129	2	A_clean_core	2.68054361726083	0.9358687583787496	1
layer24_mean	catboost	HPCLAS_TRAIN_P_000130	1	HPCLAS_TRAIN_P_001819	2	A_clean_core	4.570035914213828	0.989748592130018	1
layer24_mean	catboost	HPCLAS_TRAIN_P_000137	1	HPCLAS_TRAIN_P_000137	2	A_clean_core	2.2012788535651633	0.9003642935828837	1
layer24_mean	catboost	HPCLAS_TRAIN_P_000153	1	HPCLAS_TRAIN_P_000153	2	A_clean_core	-0.6493966993013784	0.34312550263528374	0
layer24_mean	catboost	HPCLAS_TRAIN_P_000157	1	HPCLAS_TRAIN_P_000157	2	A_clean_core	-0.19253871654175578	0.4520134723627942	0
layer24_mean	catboost	HPCLAS_TRAIN_P_000165	1	HPCLAS_TRAIN_P_000165	2	A_clean_core	2.0171908569084605	0.8825902251705071	1
layer24_mean	catboost	HPCLAS_TRAIN_P_000168	1	HPCLAS_TRAIN_P_000168	2	D_hard_sample	0.597554491036424	0.6450966132291978	1
layer24_mean	catboost	HPCLAS_TRAIN_P_000171	1	HPCLAS_TRAIN_P_000171	2	A_clean_core	3.5451740243252807	0.971946136368931	1
layer24_mean	catboost	HPCLAS_TRAIN_P_000177	1	HPCLAS_TRAIN_P_000177	2	A_clean_core	-0.017719152064771822	0.4955703278812711	0
layer24_mean	catboost	HPCLAS_TRAIN_P_000182	1	HPCLAS_TRAIN_P_000182	2	A_clean_core	4.159896715294648	0.9846307314999261	1
layer24_mean	catboost	HPCLAS_TRAIN_P_000189	1	HPCLAS_TRAIN_P_000189	2	A_clean_core	6.466310088964477	0.9984474613266163	1
layer24_mean	catboost	HPCLAS_TRAIN_P_000197	1	HPCLAS_TRAIN_P_000197	2	A_clean_core	1.4445868304318834	0.8091639436334388	1
layer24_mean	catboost	HPCLAS_TRAIN_P_000200	1	HPCLAS_TRAIN_P_000200	2	A_clean_core	1.4680824675745785	0.812765755575144	1
layer24_mean	catboost	HPCLAS_TRAIN_P_000207	1	HPCLAS_TRAIN_P_000207	2	A_clean_core	5.5028431191465845	0.9959413708367318	1
layer24_mean	catboost	HPCLAS_TRAIN_P_000211	1	HPCLAS_TRAIN_P_000211	2	A_clean_core	-0.46815525740315306	0.3850529622743813	0
layer24_mean	catboost	HPCLAS_TRAIN_P_000214	1	HPCLAS_TRAIN_P_000214	2	A_clean_core	2.6070777928874342	0.9313157075876192	1
layer24_mean	catboost	HPCLAS_TRAIN_P_000218	1	HPCLAS_TRAIN_P_000218	2	A_clean_core	-0.3737310693515442	0.4076397722596923	0
layer24_mean	catboost	HPCLAS_TRAIN_P_000219	1	HPCLAS_TRAIN_P_000219	2	A_clean_core	0.42829124433563137	0.605465559624617	1
layer24_mean	catboost	HPCLAS_TRAIN_P_000221	1	HPCLAS_TRAIN_P_000221	2	A_clean_core	0.6068619638546578	0.6472246417273728	1
layer24_mean	catboost	HPCLAS_TRAIN_P_000222	1	HPCLAS_TRAIN_P_000222	2	A_clean_core	0.6671321178278967	0.6608606952752099	1
layer24_mean	catboost	HPCLAS_TRAIN_P_000234	1	HPCLAS_TRAIN_P_000234	2	A_clean_core	4.759619144106692	0.9915039294617165	1
layer24_mean	catboost	HPCLAS_TRAIN_P_000240	1	HPCLAS_TRAIN_P_000240	2	A_clean_core	3.4732932966562995	0.9699182553289113	1
layer24_mean	catboost	HPCLAS_TRAIN_P_000241	1	HPCLAS_TRAIN_P_000241	2	D_hard_sample	1.8136846433184488	0.8598066073490445	1
layer24_mean	catboost	HPCLAS_TRAIN_P_000242	1	HPCLAS_TRAIN_P_000242	2	A_clean_core	0.9701609628914686	0.725151579945797	1
layer24_mean	catboost	HPCLAS_TRAIN_P_000259	1	HPCLAS_TRAIN_P_000259	2	A_clean_core	2.9744701950357664	0.9514073578829926	1
layer24_mean	catboost	HPCLAS_TRAIN_P_000265	1	HPCLAS_TRAIN_P_000265	2	A_clean_core	0.19956146201829134	0.5497254495237668	1
layer24_mean	catboost	HPCLAS_TRAIN_P_000268	1	HPCLAS_TRAIN_P_000268	2	D_hard_sample	0.29829353316766233	0.5740253039120218	1
layer24_mean	catboost	HPCLAS_TRAIN_P_000271	1	HPCLAS_TRAIN_P_000271	2	A_clean_core	2.1902204608125895	0.8993678610672443	1
layer24_mean	catboost	HPCLAS_TRAIN_P_000276	1	HPCLAS_TRAIN_P_000276	2	D_hard_sample	-1.0956769868659288	0.250550772863599	0
layer24_mean	catboost	HPCLAS_TRAIN_P_000278	1	HPCLAS_TRAIN_P_000278	2	A_clean_core	0.9866546215995874	0.7284266412972469	1
layer24_mean	catboost	HPCLAS_TRAIN_P_000282	1	HPCLAS_TRAIN_P_000282	2	A_clean_core	1.2726697271477345	0.7811994186257453	1
layer24_mean	catboost	HPCLAS_TRAIN_P_000286	1	HPCLAS_TRAIN_P_000286	2	A_clean_core	4.088006461303696	0.9835040435391674	1
layer24_mean	catboost	HPCLAS_TRAIN_P_000294	1	HPCLAS_TRAIN_P_000294	2	A_clean_core	3.2222344749123533	0.9616624796063725	1
layer24_mean	catboost	HPCLAS_TRAIN_P_000296	1	HPCLAS_TRAIN_P_000296	2	A_clean_core	2.812296388969914	0.9433366921400669	1
layer24_mean	catboost	HPCLAS_TRAIN_P_000302	1	HPCLAS_TRAIN_P_000302	2	A_clean_core	5.658137041988797	0.9965231201431659	1
layer24_mean	catboost	HPCLAS_TRAIN_P_000314	1	HPCLAS_TRAIN_P_000314	2	A_clean_core	3.274015412543154	0.963526548872911	1
layer24_mean	catboost	HPCLAS_TRAIN_P_000315	1	HPCLAS_TRAIN_P_000315	2	A_clean_core	2.1816116342933034	0.8985860333767249	1
layer24_mean	catboost	HPCLAS_TRAIN_P_000318	1	HPCLAS_TRAIN_P_000318	2	D_hard_sample	-1.1876952562312852	0.23367139074371207	0
layer24_mean	catboost	HPCLAS_TRAIN_P_000321	1	HPCLAS_TRAIN_P_000321	2	D_hard_sample	-0.20219004969031232	0.4496239884655991	0
layer24_mean	catboost	HPCLAS_TRAIN_P_000325	1	HPCLAS_TRAIN_P_000325	2	A_clean_core	1.330882341908653	0.7909865470306302	1
layer24_mean	catboost	HPCLAS_TRAIN_P_000332	1	HPCLAS_TRAIN_P_000332	2	A_clean_core	5.037591909560494	0.9935524837561787	1
layer24_mean	catboost	HPCLAS_TRAIN_P_000334	1	HPCLAS_TRAIN_P_000334	2	A_clean_core	1.005868751717676	0.7322108793944746	1
layer24_mean	catboost	HPCLAS_TRAIN_P_000338	1	HPCLAS_TRAIN_P_000338	2	D_hard_sample	3.3634939133665953	0.9665439428723349	1
layer24_mean	catboost	HPCLAS_TRAIN_P_000352	1	HPCLAS_TRAIN_P_000352	2	A_clean_core	1.4472420856007655	0.8095736253604022	1
layer24_mean	catboost	HPCLAS_TRAIN_P_000354	1	HPCLAS_TRAIN_P_000354	2	D_hard_sample	2.374329533255799	0.9148487398081058	1
layer24_mean	catboost	HPCLAS_TRAIN_P_000367	1	HPCLAS_TRAIN_P_000367	2	D_hard_sample	1.792315750542193	0.8572109596903207	1
layer24_mean	catboost	HPCLAS_TRAIN_P_000369	1	HPCLAS_TRAIN_P_000369	2	A_clean_core	6.370013819180309	0.9982907908327115	1
layer24_mean	catboost	HPCLAS_TRAIN_P_000372	1	HPCLAS_TRAIN_P_000372	2	D_hard_sample	-1.0289688991896169	0.2632840533924002	0
layer24_mean	catboost	HPCLAS_TRAIN_P_000383	1	HPCLAS_TRAIN_P_000383	2	A_clean_core	0.9523345292436759	0.7215844282721786	1
layer24_mean	catboost	HPCLAS_TRAIN_P_000389	1	HPCLAS_TRAIN_P_000389	2	A_clean_core	0.43007802379892035	0.6058922996405813	1
layer24_mean	catboost	HPCLAS_TRAIN_P_000393	1	HPCLAS_TRAIN_P_000393	2	A_clean_core	4.575439388984978	0.9898032726587392	1
layer24_mean	catboost	HPCLAS_TRAIN_P_000396	1	HPCLAS_TRAIN_P_000396	2	A_clean_core	2.783528957380004	0.9417792430088956	1
layer24_mean	catboost	HPCLAS_TRAIN_P_000399	1	HPCLAS_TRAIN_P_000399	2	A_clean_core	-0.4241716498768837	0.3955189431555568	0
layer24_mean	catboost	HPCLAS_TRAIN_P_000405	1	HPCLAS_TRAIN_P_000405	2	A_clean_core	2.8129553767960997	0.943371906448596	1
layer24_mean	catboost	HPCLAS_TRAIN_P_000409	1	HPCLAS_TRAIN_P_000409	2	A_clean_core	-1.1584863553165077	0.23894243107095373	0
layer24_mean	catboost	HPCLAS_TRAIN_P_000410	1	HPCLAS_TRAIN_P_000410	2	A_clean_core	0.653871131864109	0.6578822824041155	1
layer24_mean	catboost	HPCLAS_TRAIN_P_000413	1	HPCLAS_TRAIN_P_000413	2	A_clean_core	1.0453337519641632	0.7398778452542438	1
layer24_mean	catboost	HPCLAS_TRAIN_P_000416	1	HPCLAS_TRAIN_P_000416	2	D_hard_sample	0.7120928088067014	0.6708634290301633	1
layer24_mean	catboost	HPCLAS_TRAIN_P_000419	1	HPCLAS_TRAIN_P_000419	2	A_clean_core	1.074271059087307	0.7454083042847058	1
layer24_mean	catboost	HPCLAS_TRAIN_P_000424	1	HPCLAS_TRAIN_P_000424	2	A_clean_core	2.355945882761257	0.9134056790515068	1
layer24_mean	catboost	HPCLAS_TRAIN_P_000425	1	HPCLAS_TRAIN_P_000425	2	A_clean_core	-1.8768074397072476	0.13275600815796765	0
layer24_mean	catboost	HPCLAS_TRAIN_P_000435	1	HPCLAS_TRAIN_P_000435	2	B_ambiguous	-0.0781537907506422	0.4804714913359234	0
layer24_mean	catboost	HPCLAS_TRAIN_P_000439	1	HPCLAS_TRAIN_P_000439	2	A_clean_core	4.027277510495191	0.9824893030976094	1
layer24_mean	catboost	HPCLAS_TRAIN_P_000440	1	HPCLAS_TRAIN_P_000440	2	A_clean_core	7.184029029881059	0.9992419698121983	1
layer24_mean	catboost	HPCLAS_TRAIN_P_000443	1	HPCLAS_TRAIN_P_000443	2	A_clean_core	4.768330800961652	0.9915770021317734	1
layer24_mean	catboost	HPCLAS_TRAIN_P_000446	1	HPCLAS_TRAIN_P_000446	2	A_clean_core	3.5328407451298727	0.9716078821952729	1
layer24_mean	catboost	HPCLAS_TRAIN_P_000451	1	HPCLAS_TRAIN_P_000451	2	D_hard_sample	0.7260013997058281	0.6739271946856243	1
layer24_mean	catboost	HPCLAS_TRAIN_P_000458	1	HPCLAS_TRAIN_P_000458	2	A_clean_core	0.7447611705325984	0.6780361145455536	1
layer24_mean	catboost	HPCLAS_TRAIN_P_000468	1	HPCLAS_TRAIN_P_000468	2	A_clean_core	1.760401995427196	0.8532600001377763	1
layer24_mean	catboost	HPCLAS_TRAIN_P_000476	1	HPCLAS_TRAIN_P_000476	2	A_clean_core	1.9433655986485534	0.8747214241306912	1
layer24_mean	catboost	HPCLAS_TRAIN_P_000477	1	HPCLAS_TRAIN_P_000477	2	A_clean_core	3.8071427053744613	0.978271079744729	1
layer24_mean	catboost	HPCLAS_TRAIN_P_000483	1	HPCLAS_TRAIN_P_000483	2	A_clean_core	2.5513681845978113	0.9276653767432574	1
layer24_mean	catboost	HPCLAS_TRAIN_P_000491	1	HPCLAS_TRAIN_P_000491	2	A_clean_core	6.05470105989669	0.9976586910227423	1
layer24_mean	catboost	HPCLAS_TRAIN_P_000493	1	HPCLAS_TRAIN_P_000493	2	A_clean_core	5.1348826725831325	0.9941467203437029	1
layer24_mean	catboost	HPCLAS_TRAIN_P_000495	1	HPCLAS_TRAIN_P_000495	2	A_clean_core	0.713281101941741	0.6711257576211541	1
layer24_mean	catboost	HPCLAS_TRAIN_P_000497	1	HPCLAS_TRAIN_P_000497	2	A_clean_core	3.0473831004756113	0.9546694129425302	1
layer24_mean	catboost	HPCLAS_TRAIN_P_000502	1	HPCLAS_TRAIN_P_000502	2	A_clean_core	4.427527976933948	0.9881969958336891	1
layer24_mean	catboost	HPCLAS_TRAIN_P_000506	1	HPCLAS_TRAIN_P_000506	2	A_clean_core	3.9116022818879554	0.9803840675012577	1
layer24_mean	catboost	HPCLAS_TRAIN_P_000510	1	HPCLAS_TRAIN_P_000510	2	A_clean_core	2.635687789397363	0.9331233666722881	1
layer24_mean	catboost	HPCLAS_TRAIN_P_000524	1	HPCLAS_TRAIN_P_000524	2	A_clean_core	3.242368470169271	0.9623979140213306	1
layer24_mean	catboost	HPCLAS_TRAIN_P_000532	1	HPCLAS_TRAIN_P_000532	2	A_clean_core	5.097526051445802	0.9939252794944552	1
layer24_mean	catboost	HPCLAS_TRAIN_P_000537	1	HPCLAS_TRAIN_P_000537	2	A_clean_core	2.1806109063298873	0.898494801481406	1
layer24_mean	catboost	HPCLAS_TRAIN_P_000547	1	HPCLAS_TRAIN_P_000547	2	A_clean_core	0.5191606118512976	0.6269514683516193	1
layer24_mean	catboost	HPCLAS_TRAIN_P_000551	1	HPCLAS_TRAIN_N_004744	2	B_ambiguous	0.2965055560241107	0.5735880495294955	1
layer24_mean	catboost	HPCLAS_TRAIN_P_000557	1	HPCLAS_TRAIN_P_000557	2	A_clean_core	3.1030129456040076	0.9570168551679304	1
layer24_mean	catboost	HPCLAS_TRAIN_P_000559	1	HPCLAS_TRAIN_P_000559	2	D_hard_sample	0.750227490413955	0.6792282661770866	1
layer24_mean	catboost	HPCLAS_TRAIN_P_000563	1	HPCLAS_TRAIN_P_000563	2	A_clean_core	1.1195736920409107	0.753909632138056	1
layer24_mean	catboost	HPCLAS_TRAIN_P_000564	1	HPCLAS_TRAIN_P_000564	2	A_clean_core	-0.11223032449527061	0.4719718321082105	0
layer24_mean	catboost	HPCLAS_TRAIN_P_000567	1	HPCLAS_TRAIN_P_000567	2	A_clean_core	1.6360787326467978	0.8370006634579658	1
layer24_mean	catboost	HPCLAS_TRAIN_P_000569	1	HPCLAS_TRAIN_P_000569	2	A_clean_core	1.3469719981384713	0.7936341460416924	1
layer24_mean	catboost	HPCLAS_TRAIN_P_000585	1	HPCLAS_TRAIN_P_000585	2	A_clean_core	4.000685643972685	0.9820258963644726	1
layer24_mean	catboost	HPCLAS_TRAIN_P_000591	1	HPCLAS_TRAIN_P_000591	2	D_hard_sample	0.5630954503577077	0.6371684647999751	1
layer24_mean	catboost	HPCLAS_TRAIN_P_000604	1	HPCLAS_TRAIN_P_000604	2	A_clean_core	6.638880546975936	0.998693218693155	1
layer24_mean	catboost	HPCLAS_TRAIN_P_000606	1	HPCLAS_TRAIN_P_000606	2	A_clean_core	5.336271500215589	0.9952092760274677	1
layer24_mean	catboost	HPCLAS_TRAIN_P_000610	1	HPCLAS_TRAIN_P_000610	2	D_hard_sample	0.9158518150144535	0.7141961309921931	1
layer24_mean	catboost	HPCLAS_TRAIN_P_000612	1	HPCLAS_TRAIN_P_000612	2	A_clean_core	1.9253170454865878	0.8727301810298076	1
layer24_mean	catboost	HPCLAS_TRAIN_P_000621	1	HPCLAS_TRAIN_P_000621	2	A_clean_core	2.6203717605104373	0.93216121910099	1
layer24_mean	catboost	HPCLAS_TRAIN_P_000624	1	HPCLAS_TRAIN_P_000624	2	A_clean_core	3.3878333330237265	0.9673221255863443	1
layer24_mean	catboost	HPCLAS_TRAIN_P_000628	1	HPCLAS_TRAIN_P_000628	2	D_hard_sample	2.297301883453018	0.9086533354875127	1
layer24_mean	catboost	HPCLAS_TRAIN_P_000630	1	HPCLAS_TRAIN_P_000630	2	A_clean_core	-0.36382788749819117	0.41003325917070804	0
layer24_mean	catboost	HPCLAS_TRAIN_P_000632	1	HPCLAS_TRAIN_P_000632	2	A_clean_core	0.556642096936315	0.6356752308774468	1
layer24_mean	catboost	HPCLAS_TRAIN_P_000633	1	HPCLAS_TRAIN_P_000633	2	D_hard_sample	1.0455791469644773	0.7399250708570374	1
layer24_mean	catboost	HPCLAS_TRAIN_P_000639	1	HPCLAS_TRAIN_P_000639	2	A_clean_core	3.197279590856883	0.9607317749553744	1
layer24_mean	catboost	HPCLAS_TRAIN_P_000647	1	HPCLAS_TRAIN_P_000647	2	A_clean_core	3.0415670104824635	0.9544170507971691	1
layer24_mean	catboost	HPCLAS_TRAIN_P_000650	1	HPCLAS_TRAIN_P_000650	2	A_clean_core	4.995005026829527	0.9932738602547028	1
layer24_mean	catboost	HPCLAS_TRAIN_P_000652	1	HPCLAS_TRAIN_P_000652	2	A_clean_core	1.7835705466024379	0.8561371963724267	1
layer24_mean	catboost	HPCLAS_TRAIN_P_000659	1	HPCLAS_TRAIN_P_000659	2	D_hard_sample	-0.6546889106416587	0.34193368129357044	0
layer24_mean	catboost	HPCLAS_TRAIN_P_000667	1	HPCLAS_TRAIN_P_000667	2	A_clean_core	1.8237633274829035	0.8610170840371135	1
layer24_mean	catboost	HPCLAS_TRAIN_P_000675	1	HPCLAS_TRAIN_P_000675	2	A_clean_core	6.903082883698801	0.9989963250475488	1
layer24_mean	catboost	HPCLAS_TRAIN_P_000677	1	HPCLAS_TRAIN_P_000677	2	A_clean_core	6.421626987579629	0.9983766310261365	1
layer24_mean	catboost	HPCLAS_TRAIN_P_000711	1	HPCLAS_TRAIN_P_000711	2	D_hard_sample	0.15668081851453214	0.5390902688055885	1
layer24_mean	catboost	HPCLAS_TRAIN_P_000712	1	HPCLAS_TRAIN_P_000712	2	A_clean_core	2.3090925917815213	0.9096272890865771	1
layer24_mean	catboost	HPCLAS_TRAIN_P_000721	1	HPCLAS_TRAIN_P_000721	2	A_clean_core	0.4508330853182328	0.6108372891814162	1
layer24_mean	catboost	HPCLAS_TRAIN_P_000722	1	HPCLAS_TRAIN_P_000722	2	D_hard_sample	-2.854165915865349	0.05446637479444325	0
layer24_mean	catboost	HPCLAS_TRAIN_P_000726	1	HPCLAS_TRAIN_P_000726	2	A_clean_core	4.267522135410435	0.9861772747516938	1
layer24_mean	catboost	HPCLAS_TRAIN_P_000729	1	HPCLAS_TRAIN_P_000729	2	D_hard_sample	1.3509788186228577	0.7942896069943298	1
layer24_mean	catboost	HPCLAS_TRAIN_P_000730	1	HPCLAS_TRAIN_P_000730	2	A_clean_core	2.2942133422949835	0.9083966552371125	1
layer24_mean	catboost	HPCLAS_TRAIN_P_000740	1	HPCLAS_TRAIN_P_000740	2	D_hard_sample	0.35352122723687607	0.5874712061110956	1
layer24_mean	catboost	HPCLAS_TRAIN_P_000743	1	HPCLAS_TRAIN_P_000743	2	A_clean_core	5.547860475423217	0.9961193347737098	1
layer24_mean	catboost	HPCLAS_TRAIN_P_000749	1	HPCLAS_TRAIN_P_000749	2	A_clean_core	6.03378100615893	0.9976093131163121	1
layer24_mean	catboost	HPCLAS_TRAIN_P_000752	1	HPCLAS_TRAIN_P_000752	2	A_clean_core	-0.4689361491425612	0.3848680737278904	0
layer24_mean	catboost	HPCLAS_TRAIN_P_000757	1	HPCLAS_TRAIN_P_000757	2	D_hard_sample	0.07806456548126259	0.5195062363351236	1
layer24_mean	catboost	HPCLAS_TRAIN_P_000760	1	HPCLAS_TRAIN_P_000760	2	D_hard_sample	-0.28952614959833456	0.42811987744784513	0
layer24_mean	catboost	HPCLAS_TRAIN_P_000763	1	HPCLAS_TRAIN_P_000763	2	D_hard_sample	0.9417380377841899	0.719450599221538	1
layer24_mean	catboost	HPCLAS_TRAIN_P_000764	1	HPCLAS_TRAIN_P_000764	2	A_clean_core	2.706307444370233	0.9373978074562753	1
layer24_mean	catboost	HPCLAS_TRAIN_P_000768	1	HPCLAS_TRAIN_P_000768	2	A_clean_core	5.558157438163645	0.996158936116951	1
layer24_mean	catboost	HPCLAS_TRAIN_P_000769	1	HPCLAS_TRAIN_P_000769	2	A_clean_core	5.609154531589913	0.9963492111113784	1
layer24_mean	catboost	HPCLAS_TRAIN_P_000778	1	HPCLAS_TRAIN_P_000778	2	A_clean_core	5.283073157462828	0.994948838786766	1
layer24_mean	catboost	HPCLAS_TRAIN_P_000782	1	HPCLAS_TRAIN_N_000535	2	B_ambiguous	1.741315475279513	0.8508540782035376	1
layer24_mean	catboost	HPCLAS_TRAIN_P_000784	1	HPCLAS_TRAIN_P_000784	2	A_clean_core	1.1941572902494166	0.7674837676148276	1
layer24_mean	catboost	HPCLAS_TRAIN_P_000797	1	HPCLAS_TRAIN_P_000797	2	A_clean_core	0.14171854820566654	0.5353704580682356	1
layer24_mean	catboost	HPCLAS_TRAIN_P_000799	1	HPCLAS_TRAIN_P_000799	2	A_clean_core	5.57396274031397	0.9962189403058974	1
layer24_mean	catboost	HPCLAS_TRAIN_P_000800	1	HPCLAS_TRAIN_P_000800	2	A_clean_core	6.696085157236708	0.998765784995042	1
layer24_mean	catboost	HPCLAS_TRAIN_P_000803	1	HPCLAS_TRAIN_P_000803	2	A_clean_core	4.650879788376889	0.9905372064535792	1
layer24_mean	catboost	HPCLAS_TRAIN_P_000807	1	HPCLAS_TRAIN_P_000807	2	A_clean_core	4.088248816833435	0.9835079750157671	1
layer24_mean	catboost	HPCLAS_TRAIN_P_000813	1	HPCLAS_TRAIN_N_001275	2	B_ambiguous	1.6578963073879829	0.839955405187476	1
layer24_mean	catboost	HPCLAS_TRAIN_P_000815	1	HPCLAS_TRAIN_P_000815	2	A_clean_core	2.8815506135288342	0.9469268458739938	1
layer24_mean	catboost	HPCLAS_TRAIN_P_000831	1	HPCLAS_TRAIN_P_000831	2	A_clean_core	1.5672995024348326	0.8273982901463856	1
layer24_mean	catboost	HPCLAS_TRAIN_P_000832	1	HPCLAS_TRAIN_P_000832	2	A_clean_core	2.872112821930157	0.9464505309347416	1
layer24_mean	catboost	HPCLAS_TRAIN_P_000835	1	HPCLAS_TRAIN_P_000835	2	D_hard_sample	1.7404894289418351	0.8507492213699372	1
layer24_mean	catboost	HPCLAS_TRAIN_P_000839	1	HPCLAS_TRAIN_P_000839	2	A_clean_core	1.8278737976814876	0.861508240753957	1
layer24_mean	catboost	HPCLAS_TRAIN_P_000845	1	HPCLAS_TRAIN_N_000275	2	B_ambiguous	1.3630311172411977	0.7962518920661573	1
layer24_mean	catboost	HPCLAS_TRAIN_P_000856	1	HPCLAS_TRAIN_P_000856	2	A_clean_core	3.399465490542007	0.9676878263852945	1
layer24_mean	catboost	HPCLAS_TRAIN_P_000860	1	HPCLAS_TRAIN_P_000860	2	D_hard_sample	1.0194777281482539	0.7348708547572845	1
layer24_mean	catboost	HPCLAS_TRAIN_P_000861	1	HPCLAS_TRAIN_P_000861	2	A_clean_core	1.9394850195039912	0.8742955565761449	1
layer24_mean	catboost	HPCLAS_TRAIN_P_000869	1	HPCLAS_TRAIN_P_000869	2	A_clean_core	5.6797474385854185	0.9965971979124117	1
layer24_mean	catboost	HPCLAS_TRAIN_P_000876	1	HPCLAS_TRAIN_P_000876	2	A_clean_core	1.2304984434024286	0.7739058016158039	1
layer24_mean	catboost	HPCLAS_TRAIN_P_000881	1	HPCLAS_TRAIN_P_000881	2	A_clean_core	3.809122197016368	0.9783131175394302	1
layer24_mean	catboost	HPCLAS_TRAIN_P_000901	1	HPCLAS_TRAIN_P_000901	2	A_clean_core	1.515281116816401	0.8198425496980737	1
layer24_mean	catboost	HPCLAS_TRAIN_P_000926	1	HPCLAS_TRAIN_P_000926	2	A_clean_core	7.10407025013502	0.9991789213588294	1
layer24_mean	catboost	HPCLAS_TRAIN_P_000938	1	HPCLAS_TRAIN_P_000938	2	A_clean_core	2.250636061755611	0.9047053863608518	1
layer24_mean	catboost	HPCLAS_TRAIN_P_000947	1	HPCLAS_TRAIN_P_000947	2	D_hard_sample	-0.6725577277520886	0.3379243595569597	0
layer24_mean	catboost	HPCLAS_TRAIN_P_000953	1	HPCLAS_TRAIN_P_000953	2	A_clean_core	2.5802579005614117	0.929580153378432	1
layer24_mean	catboost	HPCLAS_TRAIN_P_000956	1	HPCLAS_TRAIN_P_000956	2	A_clean_core	0.43248976610291384	0.606468044602466	1
layer24_mean	catboost	HPCLAS_TRAIN_P_000965	1	HPCLAS_TRAIN_P_000965	2	A_clean_core	2.2685291420784455	0.9062368812729852	1
layer24_mean	catboost	HPCLAS_TRAIN_P_000978	1	HPCLAS_TRAIN_P_000978	2	A_clean_core	6.5856957874042426	0.998621934814379	1
layer24_mean	catboost	HPCLAS_TRAIN_P_000983	1	HPCLAS_TRAIN_P_000983	2	A_clean_core	1.6117854463080168	0.833659124619733	1
layer24_mean	catboost	HPCLAS_TRAIN_P_000992	1	HPCLAS_TRAIN_P_000992	2	D_hard_sample	1.4507389508258963	0.8101121331836013	1
layer24_mean	catboost	HPCLAS_TRAIN_P_000995	1	HPCLAS_TRAIN_P_000995	2	D_hard_sample	2.7979249703473617	0.9425635903568689	1
layer24_mean	catboost	HPCLAS_TRAIN_P_001001	1	HPCLAS_TRAIN_P_001001	2	A_clean_core	0.5913870330790993	0.6436833321665362	1
layer24_mean	catboost	HPCLAS_TRAIN_P_001008	1	HPCLAS_TRAIN_P_001008	2	A_clean_core	3.6959780617188502	0.9757781009530812	1
layer24_mean	catboost	HPCLAS_TRAIN_P_001020	1	HPCLAS_TRAIN_P_001020	2	D_hard_sample	0.5276046848061479	0.6289242696677925	1
layer24_mean	catboost	HPCLAS_TRAIN_P_001022	1	HPCLAS_TRAIN_P_001022	2	A_clean_core	-0.6156440798576919	0.35077278455791083	0
layer24_mean	catboost	HPCLAS_TRAIN_P_001049	1	HPCLAS_TRAIN_P_001049	2	A_clean_core	1.492762863859747	0.8164926012318301	1
layer24_mean	catboost	HPCLAS_TRAIN_P_001056	1	HPCLAS_TRAIN_P_001056	2	D_hard_sample	1.3510325576152091	0.7942983874643492	1
layer24_mean	catboost	HPCLAS_TRAIN_P_001063	1	HPCLAS_TRAIN_P_001063	2	A_clean_core	1.2906697197174624	0.7842605246160753	1
layer24_mean	catboost	HPCLAS_TRAIN_P_001078	1	HPCLAS_TRAIN_P_001078	2	A_clean_core	3.3802329822197685	0.9670810230720827	1
layer24_mean	catboost	HPCLAS_TRAIN_P_001079	1	HPCLAS_TRAIN_P_001079	2	A_clean_core	0.899344115339711	0.7108146994793992	1
layer24_mean	catboost	HPCLAS_TRAIN_P_001082	1	HPCLAS_TRAIN_P_001082	2	A_clean_core	4.047358242623234	0.98283144702689	1
layer24_mean	catboost	HPCLAS_TRAIN_P_001089	1	HPCLAS_TRAIN_P_001089	2	A_clean_core	1.738986648528633	0.8505583052556789	1
layer24_mean	catboost	HPCLAS_TRAIN_P_001092	1	HPCLAS_TRAIN_P_001092	2	A_clean_core	0.8607784151112527	0.702823261909988	1
layer24_mean	catboost	HPCLAS_TRAIN_P_001121	1	HPCLAS_TRAIN_P_001121	2	B_ambiguous	-1.367329233911646	0.20305169160132822	0
layer24_mean	catboost	HPCLAS_TRAIN_P_001122	1	HPCLAS_TRAIN_P_001122	2	A_clean_core	4.649013401818902	0.9905196963214786	1
layer24_mean	catboost	HPCLAS_TRAIN_P_001123	1	HPCLAS_TRAIN_P_001123	2	A_clean_core	6.361914777960982	0.9982769156176691	1
layer24_mean	catboost	HPCLAS_TRAIN_P_001132	1	HPCLAS_TRAIN_P_001132	2	B_ambiguous	0.8318818808049765	0.6967526965254612	1
layer24_mean	catboost	HPCLAS_TRAIN_P_001144	1	HPCLAS_TRAIN_P_001819	2	A_clean_core	4.530109543390274	0.9893354631381421	1
layer24_mean	catboost	HPCLAS_TRAIN_P_001146	1	HPCLAS_TRAIN_P_001146	2	A_clean_core	1.6125094388199868	0.8337594975603269	1
layer24_mean	catboost	HPCLAS_TRAIN_P_001153	1	HPCLAS_TRAIN_P_001153	2	A_clean_core	2.3952512928689176	0.9164644733474503	1
layer24_mean	catboost	HPCLAS_TRAIN_P_001162	1	HPCLAS_TRAIN_P_001162	2	A_clean_core	3.4546570462900252	0.9693697206339299	1
layer24_mean	catboost	HPCLAS_TRAIN_P_001164	1	HPCLAS_TRAIN_P_001164	2	A_clean_core	4.111243901659993	0.9838768387735632	1
layer24_mean	catboost	HPCLAS_TRAIN_P_001169	1	HPCLAS_TRAIN_P_001169	2	D_hard_sample	0.7979367526403112	0.6895329596069902	1
layer24_mean	catboost	HPCLAS_TRAIN_P_001205	1	HPCLAS_TRAIN_P_001205	2	A_clean_core	6.920316955749406	0.9990134573357793	1
layer24_mean	catboost	HPCLAS_TRAIN_P_001210	1	HPCLAS_TRAIN_P_001210	2	A_clean_core	-1.1551345331713694	0.23955248963563974	0
layer24_mean	catboost	HPCLAS_TRAIN_P_001220	1	HPCLAS_TRAIN_P_001220	2	A_clean_core	1.2790159485340942	0.782282222535395	1
layer24_mean	catboost	HPCLAS_TRAIN_P_001224	1	HPCLAS_TRAIN_P_001224	2	A_clean_core	2.05013862962241	0.8859616257227136	1
layer24_mean	catboost	HPCLAS_TRAIN_P_001228	1	HPCLAS_TRAIN_P_001228	2	A_clean_core	6.3118219466891405	0.9981885633621425	1
layer24_mean	catboost	HPCLAS_TRAIN_P_001229	1	HPCLAS_TRAIN_P_001229	2	A_clean_core	4.379672795351909	0.9876255870359344	1
layer24_mean	catboost	HPCLAS_TRAIN_P_001239	1	HPCLAS_TRAIN_P_001239	2	A_clean_core	1.2734802276437784	0.781337923377903	1
layer24_mean	catboost	HPCLAS_TRAIN_P_001244	1	HPCLAS_TRAIN_P_001244	2	A_clean_core	3.6203370056149873	0.973924484674678	1
layer24_mean	catboost	HPCLAS_TRAIN_P_001249	1	HPCLAS_TRAIN_P_001249	2	A_clean_core	7.190612635750697	0.9992469402463503	1
layer24_mean	catboost	HPCLAS_TRAIN_P_001258	1	HPCLAS_TRAIN_P_001258	2	A_clean_core	1.9308983956384385	0.873348825342924	1
layer24_mean	catboost	HPCLAS_TRAIN_P_001261	1	HPCLAS_TRAIN_N_001932	2	B_ambiguous	-0.08843457436166077	0.4779057538576509	0
layer24_mean	catboost	HPCLAS_TRAIN_P_001267	1	HPCLAS_TRAIN_P_001267	2	D_hard_sample	3.8848456552312522	0.9798628383619379	1
layer24_mean	catboost	HPCLAS_TRAIN_P_001268	1	HPCLAS_TRAIN_P_001268	2	A_clean_core	3.6918556287404884	0.9756804750891701	1
layer24_mean	catboost	HPCLAS_TRAIN_P_001281	1	HPCLAS_TRAIN_P_001281	2	A_clean_core	0.27973182650604433	0.5694804764085539	1
layer24_mean	catboost	HPCLAS_TRAIN_P_001282	1	HPCLAS_TRAIN_P_001282	2	A_clean_core	1.3405968403206616	0.7925880744787698	1
layer24_mean	catboost	HPCLAS_TRAIN_P_001297	1	HPCLAS_TRAIN_P_001297	2	A_clean_core	5.003532494226289	0.9933305924206605	1
layer24_mean	catboost	HPCLAS_TRAIN_P_001309	1	HPCLAS_TRAIN_P_001309	2	A_clean_core	2.7045138802539417	0.9372924728429243	1
layer24_mean	catboost	HPCLAS_TRAIN_P_001311	1	HPCLAS_TRAIN_P_001311	2	A_clean_core	3.8815879287819035	0.979798457435819	1
layer24_mean	catboost	HPCLAS_TRAIN_P_001315	1	HPCLAS_TRAIN_P_001315	2	A_clean_core	-0.46283671011214694	0.3863130934936003	0
layer24_mean	catboost	HPCLAS_TRAIN_P_001320	1	HPCLAS_TRAIN_P_001320	2	A_clean_core	1.1185808813217222	0.7537253896363983	1
layer24_mean	catboost	HPCLAS_TRAIN_P_001327	1	HPCLAS_TRAIN_P_001327	2	A_clean_core	0.6130083567591432	0.6486267431262617	1
layer24_mean	catboost	HPCLAS_TRAIN_P_001334	1	HPCLAS_TRAIN_P_001334	2	A_clean_core	6.803672806666447	0.9988915380812821	1
layer24_mean	catboost	HPCLAS_TRAIN_P_001337	1	HPCLAS_TRAIN_P_001337	2	A_clean_core	0.3185991589566695	0.5789828185673223	1
layer24_mean	catboost	HPCLAS_TRAIN_P_001342	1	HPCLAS_TRAIN_P_001342	2	A_clean_core	3.4807360873001123	0.970134654535008	1
layer24_mean	catboost	HPCLAS_TRAIN_P_001348	1	HPCLAS_TRAIN_P_001348	2	A_clean_core	4.699149399473468	0.9909791005590927	1
layer24_mean	catboost	HPCLAS_TRAIN_P_001352	1	HPCLAS_TRAIN_P_001352	2	A_clean_core	-1.4252503536711747	0.19383981307347375	0
layer24_mean	catboost	HPCLAS_TRAIN_P_001356	1	HPCLAS_TRAIN_P_001356	2	A_clean_core	2.4886352824256295	0.923341260758583	1
layer24_mean	catboost	HPCLAS_TRAIN_P_001358	1	HPCLAS_TRAIN_P_001358	2	D_hard_sample	1.3722979951725633	0.7977511755490508	1
layer24_mean	catboost	HPCLAS_TRAIN_P_001361	1	HPCLAS_TRAIN_P_001361	2	D_hard_sample	0.42509834712858613	0.604702593594725	1
layer24_mean	catboost	HPCLAS_TRAIN_P_001365	1	HPCLAS_TRAIN_P_001365	2	A_clean_core	-2.773840589972904	0.05875426012170609	0
layer24_mean	catboost	HPCLAS_TRAIN_P_001374	1	HPCLAS_TRAIN_P_001374	2	A_clean_core	2.0234863405110497	0.8832410232381328	1
layer24_mean	catboost	HPCLAS_TRAIN_P_001379	1	HPCLAS_TRAIN_P_001379	2	D_hard_sample	3.481733928253078	0.9701635518279811	1
layer24_mean	catboost	HPCLAS_TRAIN_P_001389	1	HPCLAS_TRAIN_P_001389	2	A_clean_core	6.496215940417382	0.9984931349948527	1
layer24_mean	catboost	HPCLAS_TRAIN_P_001392	1	HPCLAS_TRAIN_P_001392	2	A_clean_core	-0.7277299224348823	0.3256930778558471	0
layer24_mean	catboost	HPCLAS_TRAIN_P_001394	1	HPCLAS_TRAIN_P_001394	2	A_clean_core	3.897032892556917	0.9801019116328672	1
layer24_mean	catboost	HPCLAS_TRAIN_P_001404	1	HPCLAS_TRAIN_P_001404	2	A_clean_core	2.359214614393445	0.9136638726835155	1
layer24_mean	catboost	HPCLAS_TRAIN_P_001405	1	HPCLAS_TRAIN_P_001405	2	D_hard_sample	0.377269613558067	0.593214398501146	1
layer24_mean	catboost	HPCLAS_TRAIN_P_001406	1	HPCLAS_TRAIN_P_001406	2	A_clean_core	4.375141142694785	0.9875700818512435	1
layer24_mean	catboost	HPCLAS_TRAIN_P_001417	1	HPCLAS_TRAIN_P_001417	2	A_clean_core	3.3992907185081145	0.9676823611496694	1
layer24_mean	catboost	HPCLAS_TRAIN_P_001442	1	HPCLAS_TRAIN_P_001442	2	A_clean_core	3.3758141311014955	0.9669400568225079	1
layer24_mean	catboost	HPCLAS_TRAIN_P_001443	1	HPCLAS_TRAIN_P_001443	2	A_clean_core	4.43660084892562	0.988302351649204	1
layer24_mean	catboost	HPCLAS_TRAIN_P_001444	1	HPCLAS_TRAIN_N_005046	2	B_ambiguous	3.0408493272792603	0.9543858177014767	1
layer24_mean	catboost	HPCLAS_TRAIN_P_001445	1	HPCLAS_TRAIN_P_001445	2	A_clean_core	2.510815707583114	0.9248965715769948	1
layer24_mean	catboost	HPCLAS_TRAIN_P_001464	1	HPCLAS_TRAIN_N_003118	2	B_ambiguous	0.27289074176329114	0.5678024397468059	1
layer24_mean	catboost	HPCLAS_TRAIN_P_001466	1	HPCLAS_TRAIN_P_001466	2	A_clean_core	-0.8369517960326663	0.30217715909966925	0
layer24_mean	catboost	HPCLAS_TRAIN_P_001468	1	HPCLAS_TRAIN_P_001468	2	A_clean_core	3.632259643889746	0.9742255622382404	1
layer24_mean	catboost	HPCLAS_TRAIN_P_001481	1	HPCLAS_TRAIN_P_001481	2	D_hard_sample	-0.05330772439159564	0.48667622394884236	0
layer24_mean	catboost	HPCLAS_TRAIN_P_001482	1	HPCLAS_TRAIN_P_001482	2	D_hard_sample	-0.19477163460739116	0.45146044408882696	0
layer24_mean	catboost	HPCLAS_TRAIN_P_001485	1	HPCLAS_TRAIN_P_001485	2	A_clean_core	3.7035889914864466	0.9759573368911583	1
layer24_mean	catboost	HPCLAS_TRAIN_P_001493	1	HPCLAS_TRAIN_P_001493	2	D_hard_sample	-0.14439909701342502	0.46396282189459326	0
layer24_mean	catboost	HPCLAS_TRAIN_P_001500	1	HPCLAS_TRAIN_P_001500	2	A_clean_core	-1.1585699332130162	0.23892723285020284	0
layer24_mean	catboost	HPCLAS_TRAIN_P_001504	1	HPCLAS_TRAIN_P_001504	2	A_clean_core	-3.6227773539052155	0.026013612881616504	0
layer24_mean	catboost	HPCLAS_TRAIN_P_001517	1	HPCLAS_TRAIN_N_002889	2	B_ambiguous	0.20210806677539297	0.5503557237734251	1
layer24_mean	catboost	HPCLAS_TRAIN_P_001527	1	HPCLAS_TRAIN_P_001527	2	D_hard_sample	1.0015013704079976	0.7313536635467142	1
layer24_mean	catboost	HPCLAS_TRAIN_P_001530	1	HPCLAS_TRAIN_P_001530	2	A_clean_core	4.80752212116299	0.9918981027564479	1
layer24_mean	catboost	HPCLAS_TRAIN_P_001545	1	HPCLAS_TRAIN_P_001545	2	A_clean_core	3.075093452012381	0.9558536030502316	1
layer24_mean	catboost	HPCLAS_TRAIN_P_001546	1	HPCLAS_TRAIN_P_001546	2	A_clean_core	0.6920939391646771	0.6664325719518734	1
layer24_mean	catboost	HPCLAS_TRAIN_P_001559	1	HPCLAS_TRAIN_P_001559	2	D_hard_sample	-0.42579916742162205	0.395129896466112	0
layer24_mean	catboost	HPCLAS_TRAIN_P_001568	1	HPCLAS_TRAIN_P_001568	2	A_clean_core	0.6148406283589579	0.649044222507043	1
layer24_mean	catboost	HPCLAS_TRAIN_P_001573	1	HPCLAS_TRAIN_P_001573	2	A_clean_core	1.4166224357221437	0.8048083747587275	1
layer24_mean	catboost	HPCLAS_TRAIN_P_001587	1	HPCLAS_TRAIN_P_001587	2	A_clean_core	0.21656465244951326	0.5539305480127794	1
layer24_mean	catboost	HPCLAS_TRAIN_P_001606	1	HPCLAS_TRAIN_P_001606	2	A_clean_core	-1.0430154892653403	0.26056857243695913	0
layer24_mean	catboost	HPCLAS_TRAIN_P_001625	1	HPCLAS_TRAIN_P_001625	2	A_clean_core	5.699783336799709	0.9966644724945645	1
layer24_mean	catboost	HPCLAS_TRAIN_P_001630	1	HPCLAS_TRAIN_P_001630	2	A_clean_core	1.8489121414932412	0.8639993253405891	1
layer24_mean	catboost	HPCLAS_TRAIN_P_001632	1	HPCLAS_TRAIN_P_001632	2	D_hard_sample	0.18872256387650677	0.547041104969568	1
layer24_mean	catboost	HPCLAS_TRAIN_P_001636	1	HPCLAS_TRAIN_P_001636	2	A_clean_core	4.774248165494823	0.9916262807744983	1
layer24_mean	catboost	HPCLAS_TRAIN_P_001641	1	HPCLAS_TRAIN_P_001641	2	A_clean_core	6.911309165663142	0.9990045395081172	1
layer24_mean	catboost	HPCLAS_TRAIN_P_001642	1	HPCLAS_TRAIN_P_001642	2	A_clean_core	-1.249705526343579	0.22275111778732495	0
layer24_mean	catboost	HPCLAS_TRAIN_P_001644	1	HPCLAS_TRAIN_P_001644	2	A_clean_core	4.342173342720344	0.9871588149133669	1
layer24_mean	catboost	HPCLAS_TRAIN_P_001654	1	HPCLAS_TRAIN_P_001654	2	A_clean_core	1.041028582298984	0.7390484229687768	1
layer24_mean	catboost	HPCLAS_TRAIN_P_001656	1	HPCLAS_TRAIN_P_001656	2	A_clean_core	6.252148832004667	0.9980773931691511	1
layer24_mean	catboost	HPCLAS_TRAIN_P_001660	1	HPCLAS_TRAIN_P_001660	2	A_clean_core	0.6327696406704675	0.6531172042834109	1
layer24_mean	catboost	HPCLAS_TRAIN_P_001683	1	HPCLAS_TRAIN_P_001683	2	D_hard_sample	-1.5099246025277042	0.18094996732229138	0
layer24_mean	catboost	HPCLAS_TRAIN_P_001696	1	HPCLAS_TRAIN_P_001696	2	A_clean_core	0.3346264744649073	0.5828846416995574	1
layer24_mean	catboost	HPCLAS_TRAIN_P_001700	1	HPCLAS_TRAIN_P_001700	2	A_clean_core	1.7706942830791572	0.8545439906935239	1
layer24_mean	catboost	HPCLAS_TRAIN_P_001712	1	HPCLAS_TRAIN_P_001712	2	A_clean_core	6.473237962316765	0.9984581634200694	1
layer24_mean	catboost	HPCLAS_TRAIN_P_001717	1	HPCLAS_TRAIN_P_001717	2	A_clean_core	1.1053516530375551	0.7512615006165199	1
layer24_mean	catboost	HPCLAS_TRAIN_P_001722	1	HPCLAS_TRAIN_P_001722	2	A_clean_core	3.446763401804695	0.9691344716411388	1
layer24_mean	catboost	HPCLAS_TRAIN_P_001723	1	HPCLAS_TRAIN_P_001723	2	D_hard_sample	2.3987423184615646	0.9167313487112467	1
layer24_mean	catboost	HPCLAS_TRAIN_P_001733	1	HPCLAS_TRAIN_P_001733	2	A_clean_core	4.458841495797688	0.9885566988810873	1
layer24_mean	catboost	HPCLAS_TRAIN_P_001743	1	HPCLAS_TRAIN_P_001743	2	A_clean_core	3.3460952128580117	0.9659767355950705	1
layer24_mean	catboost	HPCLAS_TRAIN_P_001780	1	HPCLAS_TRAIN_P_001780	2	A_clean_core	-0.9263779029838504	0.28366013690096187	0
layer24_mean	catboost	HPCLAS_TRAIN_P_001797	1	HPCLAS_TRAIN_P_001797	2	A_clean_core	5.526028349355934	0.996034019695628	1
layer24_mean	catboost	HPCLAS_TRAIN_P_001800	1	HPCLAS_TRAIN_P_001800	2	A_clean_core	5.134717181681361	0.9941457572702838	1
layer24_mean	catboost	HPCLAS_TRAIN_P_001806	1	HPCLAS_TRAIN_P_001806	2	A_clean_core	0.3357395331785601	0.5831552348245405	1
layer24_mean	catboost	HPCLAS_TRAIN_P_001810	1	HPCLAS_TRAIN_P_001810	2	A_clean_core	4.209636679653634	0.9853655835829784	1
layer24_mean	catboost	HPCLAS_TRAIN_P_001813	1	HPCLAS_TRAIN_P_001813	2	A_clean_core	5.417840355383549	0.9955828794753877	1
layer24_mean	catboost	HPCLAS_TRAIN_P_001816	1	HPCLAS_TRAIN_P_001816	2	A_clean_core	1.9055062034713453	0.8705134509281319	1
layer24_mean	catboost	HPCLAS_TRAIN_P_001818	1	HPCLAS_TRAIN_P_001818	2	A_clean_core	0.292278260003492	0.5725537969886004	1
layer24_mean	catboost	HPCLAS_TRAIN_P_001819	1	HPCLAS_TRAIN_P_001819	2	A_clean_core	4.096304008544	0.983638122934918	1
layer24_mean	catboost	HPCLAS_TRAIN_P_001820	1	HPCLAS_TRAIN_P_001820	2	D_hard_sample	1.1618232865872542	0.7616638576429364	1
layer24_mean	catboost	HPCLAS_TRAIN_P_001836	1	HPCLAS_TRAIN_P_001836	2	A_clean_core	0.3289082416166931	0.5814937115221127	1
layer24_mean	catboost	HPCLAS_TRAIN_P_001845	1	HPCLAS_TRAIN_P_001845	2	A_clean_core	3.298748996985935	0.9643858690247681	1
layer24_mean	catboost	HPCLAS_TRAIN_P_001851	1	HPCLAS_TRAIN_P_001851	2	A_clean_core	0.44206364510902596	0.6087506460611185	1
layer24_mean	catboost	HPCLAS_TRAIN_P_001853	1	HPCLAS_TRAIN_P_001853	2	D_hard_sample	-0.352545076182153	0.41276538309642946	0
layer24_mean	catboost	HPCLAS_TRAIN_P_001858	1	HPCLAS_TRAIN_P_001858	2	A_clean_core	2.7584866107545296	0.940390856155825	1
layer24_mean	catboost	HPCLAS_TRAIN_P_001862	1	HPCLAS_TRAIN_P_001862	2	A_clean_core	2.6762658024576913	0.9356115314455309	1
layer24_mean	catboost	HPCLAS_TRAIN_P_001882	1	HPCLAS_TRAIN_P_001882	2	A_clean_core	1.6760737161559947	0.8423839261757325	1
layer24_mean	catboost	HPCLAS_TRAIN_P_001883	1	HPCLAS_TRAIN_P_001883	2	A_clean_core	-1.118602788078389	0.2462705439789647	0
layer24_mean	catboost	HPCLAS_TRAIN_P_001885	1	HPCLAS_TRAIN_P_001885	2	A_clean_core	1.0596842840883605	0.7426302069590878	1
layer24_mean	catboost	HPCLAS_TRAIN_P_001891	1	HPCLAS_TRAIN_P_001891	2	A_clean_core	2.17046322218862	0.8975655637994909	1
layer24_mean	catboost	HPCLAS_TRAIN_P_001897	1	HPCLAS_TRAIN_P_001897	2	A_clean_core	1.6515159200652614	0.8390958261106304	1
layer24_mean	catboost	HPCLAS_TRAIN_P_001900	1	HPCLAS_TRAIN_P_001900	2	A_clean_core	6.43477678477631	0.9983978042797931	1
layer24_mean	catboost	HPCLAS_TRAIN_P_001901	1	HPCLAS_TRAIN_P_001901	2	D_hard_sample	0.7233016129435957	0.673333639998146	1
layer24_mean	catboost	HPCLAS_TRAIN_P_001905	1	HPCLAS_TRAIN_P_001905	2	A_clean_core	0.707756599298781	0.6699052608987026	1
layer24_mean	catboost	HPCLAS_TRAIN_P_001907	1	HPCLAS_TRAIN_P_001907	2	A_clean_core	-0.05887756013126981	0.4852848606397502	0
layer24_mean	catboost	HPCLAS_TRAIN_P_001915	1	HPCLAS_TRAIN_P_001915	2	D_hard_sample	-0.9207115493992178	0.2848129333914005	0
layer24_mean	catboost	HPCLAS_TRAIN_P_001916	1	HPCLAS_TRAIN_P_001916	2	A_clean_core	1.4076268171233195	0.8033913605367815	1
layer24_mean	catboost	HPCLAS_TRAIN_P_001947	1	HPCLAS_TRAIN_P_001947	2	D_hard_sample	5.108763239412969	0.9939927523864333	1
layer24_mean	catboost	HPCLAS_TRAIN_P_001956	1	HPCLAS_TRAIN_P_001956	2	A_clean_core	6.510571782777522	0.9985145808731298	1
layer24_mean	catboost	HPCLAS_TRAIN_P_001964	1	HPCLAS_TRAIN_P_001964	2	A_clean_core	1.768754462020169	0.8543027078647638	1
layer24_mean	catboost	HPCLAS_TRAIN_P_001965	1	HPCLAS_TRAIN_P_001965	2	A_clean_core	0.5669792499657066	0.6380658610809486	1
layer24_mean	catboost	HPCLAS_TRAIN_P_001972	1	HPCLAS_TRAIN_P_001972	2	A_clean_core	3.9726138931856543	0.9815236376658713	1
layer24_mean	catboost	HPCLAS_TRAIN_P_001979	1	HPCLAS_TRAIN_P_001979	2	A_clean_core	2.446357219496268	0.920294652879712	1
layer24_mean	catboost	HPCLAS_TRAIN_P_001993	1	HPCLAS_TRAIN_P_001993	2	D_hard_sample	0.6862832513329598	0.665139608119125	1
layer24_mean	catboost	HPCLAS_TRAIN_P_001995	1	HPCLAS_TRAIN_P_001995	2	A_clean_core	1.1363240976825069	0.7570040998001765	1
layer24_mean	catboost	HPCLAS_TRAIN_P_001998	1	HPCLAS_TRAIN_P_001998	2	A_clean_core	0.3716609037720231	0.59186025029243	1
layer24_mean	catboost	HPCLAS_TRAIN_P_002010	1	HPCLAS_TRAIN_P_002010	2	A_clean_core	5.495366824700204	0.9959110381567631	1
layer24_mean	catboost	HPCLAS_TRAIN_P_002017	1	HPCLAS_TRAIN_P_002017	2	A_clean_core	4.540944090779652	0.9894491723619206	1
layer24_mean	catboost	HPCLAS_TRAIN_P_002022	1	HPCLAS_TRAIN_P_002022	2	D_hard_sample	0.4591164835871515	0.6128045605715394	1
layer24_mean	catboost	HPCLAS_TRAIN_P_002040	1	HPCLAS_TRAIN_P_002040	2	A_clean_core	0.8428858134831663	0.6990726533550959	1
layer24_mean	catboost	HPCLAS_TRAIN_P_002048	1	HPCLAS_TRAIN_P_002048	2	A_clean_core	1.446553622495102	0.8094674663953415	1
layer24_mean	catboost	HPCLAS_TRAIN_P_002057	1	HPCLAS_TRAIN_P_002057	2	A_clean_core	7.041839086841722	0.9991262473411997	1
layer24_mean	catboost	HPCLAS_TRAIN_P_002067	1	HPCLAS_TRAIN_P_002067	2	A_clean_core	6.633743928015846	0.9986864978258292	1
layer24_mean	catboost	HPCLAS_TRAIN_P_002075	1	HPCLAS_TRAIN_P_002075	2	D_hard_sample	1.5847986939228724	0.829883056829898	1
layer24_mean	catboost	HPCLAS_TRAIN_P_002079	1	HPCLAS_TRAIN_P_002079	2	A_clean_core	3.9656949395476864	0.9813977436045351	1
layer24_mean	catboost	HPCLAS_TRAIN_P_002080	1	HPCLAS_TRAIN_P_002080	2	A_clean_core	-1.0367046241010476	0.2617863392103608	0
layer24_mean	catboost	HPCLAS_TRAIN_P_002082	1	HPCLAS_TRAIN_P_002082	2	A_clean_core	0.7014734570988388	0.668514375578104	1
layer24_mean	catboost	HPCLAS_TRAIN_P_002089	1	HPCLAS_TRAIN_P_002089	2	A_clean_core	1.9850576350441875	0.8792192771628142	1
layer24_mean	catboost	HPCLAS_TRAIN_P_002091	1	HPCLAS_TRAIN_P_002091	2	D_hard_sample	0.9836279176597009	0.727827481091453	1
layer24_mean	catboost	HPCLAS_TRAIN_P_002093	1	HPCLAS_TRAIN_P_002093	2	D_hard_sample	0.18096685839655174	0.5451186491866441	1
layer24_mean	catboost	HPCLAS_TRAIN_P_002106	1	HPCLAS_TRAIN_P_002106	2	A_clean_core	0.528229402509679	0.6290700536224217	1
layer24_mean	catboost	HPCLAS_TRAIN_P_002112	1	HPCLAS_TRAIN_P_002112	2	A_clean_core	2.199413078599498	0.9001967927626657	1
layer24_mean	catboost	HPCLAS_TRAIN_P_002113	1	HPCLAS_TRAIN_P_002113	2	A_clean_core	2.344137822622401	0.9124671411577449	1
layer24_mean	catboost	HPCLAS_TRAIN_P_002119	1	HPCLAS_TRAIN_P_002119	2	D_hard_sample	0.29480870469241616	0.573172973757578	1
layer24_mean	catboost	HPCLAS_TRAIN_P_002122	1	HPCLAS_TRAIN_P_002122	2	A_clean_core	2.772497467523667	0.9411714182206194	1
layer24_mean	catboost	HPCLAS_TRAIN_P_002127	1	HPCLAS_TRAIN_P_002326	2	D_hard_sample	0.47074082149524016	0.6155590839089728	1
layer24_mean	catboost	HPCLAS_TRAIN_P_002136	1	HPCLAS_TRAIN_P_002136	2	A_clean_core	3.567358239279734	0.9725447381424277	1
layer24_mean	catboost	HPCLAS_TRAIN_P_002142	1	HPCLAS_TRAIN_P_002142	2	A_clean_core	3.5120252250728052	0.9710279934529479	1
layer24_mean	catboost	HPCLAS_TRAIN_P_002150	1	HPCLAS_TRAIN_P_002150	2	A_clean_core	2.4581424104777656	0.9211548542279304	1
layer24_mean	catboost	HPCLAS_TRAIN_P_002157	1	HPCLAS_TRAIN_P_002157	2	A_clean_core	3.885871875348599	0.9798830774162469	1
layer24_mean	catboost	HPCLAS_TRAIN_P_002167	1	HPCLAS_TRAIN_N_004152	2	B_ambiguous	1.3726652792886422	0.7978104282441923	1
layer24_mean	catboost	HPCLAS_TRAIN_P_002172	1	HPCLAS_TRAIN_P_002172	2	B_ambiguous	1.2287683431990206	0.7736029328248922	1
layer24_mean	catboost	HPCLAS_TRAIN_P_002179	1	HPCLAS_TRAIN_P_002179	2	D_hard_sample	1.216568551828402	0.7714591145971599	1
layer24_mean	catboost	HPCLAS_TRAIN_P_002184	1	HPCLAS_TRAIN_P_002184	2	A_clean_core	5.49558888794865	0.995911942352525	1
layer24_mean	catboost	HPCLAS_TRAIN_P_002205	1	HPCLAS_TRAIN_P_002205	2	D_hard_sample	-2.271736871719404	0.09349090776993146	0
layer24_mean	catboost	HPCLAS_TRAIN_P_002220	1	HPCLAS_TRAIN_P_002220	2	A_clean_core	2.3116782584937994	0.9098396200595186	1
layer24_mean	catboost	HPCLAS_TRAIN_P_002229	1	HPCLAS_TRAIN_P_002229	2	A_clean_core	-0.8776121998048132	0.29367283402022887	0
layer24_mean	catboost	HPCLAS_TRAIN_P_002232	1	HPCLAS_TRAIN_P_002232	2	A_clean_core	4.205306527506478	0.9853030102923556	1
layer24_mean	catboost	HPCLAS_TRAIN_P_002233	1	HPCLAS_TRAIN_P_002233	2	A_clean_core	1.095239540969376	0.7493670767338461	1
layer24_mean	catboost	HPCLAS_TRAIN_P_002242	1	HPCLAS_TRAIN_P_002242	2	A_clean_core	1.0860355895598341	0.7476344624339857	1
layer24_mean	catboost	HPCLAS_TRAIN_P_002249	1	HPCLAS_TRAIN_P_002249	2	A_clean_core	2.8567815964331693	0.9456681753245209	1
layer24_mean	catboost	HPCLAS_TRAIN_P_002251	1	HPCLAS_TRAIN_P_002251	2	A_clean_core	-0.5059798476982937	0.37613641489364763	0
layer24_mean	catboost	HPCLAS_TRAIN_P_002252	1	HPCLAS_TRAIN_P_002252	2	A_clean_core	1.7549962616210029	0.8525818690848135	1
layer24_mean	catboost	HPCLAS_TRAIN_P_002257	1	HPCLAS_TRAIN_P_002257	2	D_hard_sample	-0.6038355466148166	0.3534666721973889	0
layer24_mean	catboost	HPCLAS_TRAIN_P_002259	1	HPCLAS_TRAIN_P_002259	2	A_clean_core	-0.13944053357898864	0.46519624105064716	0
layer24_mean	catboost	HPCLAS_TRAIN_P_002261	1	HPCLAS_TRAIN_P_002261	2	D_hard_sample	0.7337439000014111	0.6756263073790657	1
layer24_mean	catboost	HPCLAS_TRAIN_P_002262	1	HPCLAS_TRAIN_P_002262	2	A_clean_core	5.389518926412135	0.9954565684784786	1
layer24_mean	catboost	HPCLAS_TRAIN_P_002265	1	HPCLAS_TRAIN_P_002265	2	A_clean_core	0.47913302908909067	0.6175431313252775	1
layer24_mean	catboost	HPCLAS_TRAIN_P_002274	1	HPCLAS_TRAIN_P_002274	2	D_hard_sample	1.0254398870634625	0.736030868206798	1
layer24_mean	catboost	HPCLAS_TRAIN_P_002283	1	HPCLAS_TRAIN_P_002283	2	A_clean_core	5.582397351306916	0.9962505788807846	1
layer24_mean	catboost	HPCLAS_TRAIN_P_002285	1	HPCLAS_TRAIN_P_002285	2	A_clean_core	1.92970385082022	0.8732166370207327	1
layer24_mean	catboost	HPCLAS_TRAIN_P_002287	1	HPCLAS_TRAIN_P_002287	2	A_clean_core	2.057385097261132	0.8866917174475767	1
layer24_mean	catboost	HPCLAS_TRAIN_P_002306	1	HPCLAS_TRAIN_N_000093	2	B_ambiguous	-0.524644841284783	0.3717667574586843	0
layer24_mean	catboost	HPCLAS_TRAIN_P_002308	1	HPCLAS_TRAIN_P_002308	2	A_clean_core	0.7588172696938581	0.6810968951785569	1
layer24_mean	catboost	HPCLAS_TRAIN_P_002310	1	HPCLAS_TRAIN_P_002310	2	A_clean_core	6.75683624600765	0.9988384482738896	1
layer24_mean	catboost	HPCLAS_TRAIN_P_002313	1	HPCLAS_TRAIN_N_001085	2	B_ambiguous	0.7511185056228656	0.6794223670916387	1
layer24_mean	catboost	HPCLAS_TRAIN_P_002325	1	HPCLAS_TRAIN_P_002325	2	A_clean_core	2.8221746124301825	0.943862402086261	1
layer24_mean	catboost	HPCLAS_TRAIN_P_002326	1	HPCLAS_TRAIN_P_002326	2	D_hard_sample	0.26830490149905295	0.5666767135213349	1
layer24_mean	catboost	HPCLAS_TRAIN_P_002332	1	HPCLAS_TRAIN_P_002332	2	A_clean_core	3.8133793886148455	0.9784032568230687	1
layer24_mean	catboost	HPCLAS_TRAIN_P_002336	1	HPCLAS_TRAIN_P_002336	2	A_clean_core	0.25857810705387646	0.5642867269540809	1
layer24_mean	catboost	HPCLAS_TRAIN_P_002337	1	HPCLAS_TRAIN_P_002337	2	A_clean_core	0.9315518831031971	0.7173900228399928	1
layer24_mean	catboost	HPCLAS_TRAIN_P_002339	1	HPCLAS_TRAIN_P_002339	2	D_hard_sample	-2.216438540228477	0.09828398471367675	0
layer24_mean	catboost	HPCLAS_TRAIN_P_002349	1	HPCLAS_TRAIN_P_002349	2	A_clean_core	5.1481539588168825	0.9942234419440044	1
layer24_mean	catboost	HPCLAS_TRAIN_P_002360	1	HPCLAS_TRAIN_P_002360	2	A_clean_core	0.5438627414919016	0.632710531457132	1
layer24_mean	catboost	HPCLAS_TRAIN_P_002366	1	HPCLAS_TRAIN_P_002366	2	D_hard_sample	-1.7284382593174044	0.15078745252498962	0
layer24_mean	catboost	HPCLAS_TRAIN_P_002368	1	HPCLAS_TRAIN_P_002368	2	D_hard_sample	3.4345283773545723	0.9687663790076984	1
layer24_mean	catboost	HPCLAS_TRAIN_P_002373	1	HPCLAS_TRAIN_P_002373	2	A_clean_core	1.1465592768639923	0.758881893778952	1
layer24_mean	catboost	HPCLAS_TRAIN_P_002376	1	HPCLAS_TRAIN_P_002376	2	D_hard_sample	0.5764285709438489	0.640245207195841	1
layer24_mean	catboost	HPCLAS_TRAIN_P_002397	1	HPCLAS_TRAIN_P_002397	2	A_clean_core	2.3968225280895767	0.9165846842539127	1
layer24_mean	catboost	HPCLAS_TRAIN_P_002405	1	HPCLAS_TRAIN_P_002405	2	A_clean_core	6.694470541350301	0.998763793067714	1
layer24_mean	catboost	HPCLAS_TRAIN_P_002407	1	HPCLAS_TRAIN_P_002407	2	A_clean_core	2.2491280219275875	0.9045752935208126	1
layer24_mean	catboost	HPCLAS_TRAIN_P_002411	1	HPCLAS_TRAIN_P_002411	2	A_clean_core	2.4886737535858416	0.9233439837867036	1
layer24_mean	catboost	HPCLAS_TRAIN_P_002415	1	HPCLAS_TRAIN_P_002415	2	A_clean_core	3.2477570317272906	0.9625924310573245	1
layer24_mean	catboost	HPCLAS_TRAIN_P_002416	1	HPCLAS_TRAIN_P_002416	2	A_clean_core	3.3421654601785002	0.9658473448232069	1
layer24_mean	catboost	HPCLAS_TRAIN_P_002433	1	HPCLAS_TRAIN_P_002433	2	A_clean_core	-0.040172893999305036	0.48995812697979724	0
layer24_mean	catboost	HPCLAS_TRAIN_P_002440	1	HPCLAS_TRAIN_P_002440	2	A_clean_core	2.9426412875377936	0.9499145405372619	1
layer24_mean	catboost	HPCLAS_TRAIN_P_002453	1	HPCLAS_TRAIN_P_002453	2	A_clean_core	5.635211633347201	0.9964427773672497	1
layer24_mean	catboost	HPCLAS_TRAIN_P_002478	1	HPCLAS_TRAIN_P_002478	2	A_clean_core	2.3147585884936626	0.9100919853103969	1
layer24_mean	catboost	HPCLAS_TRAIN_P_002481	1	HPCLAS_TRAIN_P_002481	2	D_hard_sample	3.5785469031783155	0.9728419175901016	1
layer24_mean	catboost	HPCLAS_TRAIN_P_002497	1	HPCLAS_TRAIN_P_002497	2	A_clean_core	3.685743291266671	0.9755350185574059	1
layer24_mean	catboost	HPCLAS_TRAIN_P_002500	1	HPCLAS_TRAIN_P_002500	2	A_clean_core	5.016860920757407	0.993418314170634	1
layer24_mean	catboost	HPCLAS_TRAIN_P_002503	1	HPCLAS_TRAIN_P_002503	2	A_clean_core	2.8213269880039697	0.9438174728150134	1
layer24_mean	catboost	HPCLAS_TRAIN_P_002504	1	HPCLAS_TRAIN_P_002504	2	A_clean_core	3.028589078643141	0.9538491025616028	1
layer24_mean	catboost	HPCLAS_TRAIN_P_002510	1	HPCLAS_TRAIN_P_002510	2	A_clean_core	2.5054582435870887	0.9245235783950122	1
layer24_mean	catboost	HPCLAS_TRAIN_P_002511	1	HPCLAS_TRAIN_P_002511	2	A_clean_core	6.0137130103022125	0.9975609703890015	1
layer24_mean	catboost	HPCLAS_TRAIN_P_002512	1	HPCLAS_TRAIN_P_002512	2	A_clean_core	1.4588759224837506	0.8113606898522995	1
layer24_mean	catboost	HPCLAS_TRAIN_P_002516	1	HPCLAS_TRAIN_P_002516	2	A_clean_core	5.0377661369429	0.9935535997513758	1
layer24_mean	catboost	HPCLAS_TRAIN_P_002536	1	HPCLAS_TRAIN_P_002536	2	A_clean_core	3.276242194012639	0.9636047242397264	1
layer24_mean	catboost	HPCLAS_TRAIN_P_002542	1	HPCLAS_TRAIN_P_002542	2	A_clean_core	5.7461556643234575	0.9968151357452931	1
layer24_mean	catboost	HPCLAS_TRAIN_P_002546	1	HPCLAS_TRAIN_P_002546	2	A_clean_core	3.3528010494036375	0.96619644013763	1
layer24_mean	catboost	HPCLAS_TRAIN_P_002549	1	HPCLAS_TRAIN_N_004159	2	B_ambiguous	-0.013017922366897102	0.4967455653678962	0
layer24_mean	catboost	HPCLAS_TRAIN_P_002562	1	HPCLAS_TRAIN_P_002562	2	A_clean_core	4.121716588300125	0.984042130025006	1
layer24_mean	catboost	HPCLAS_TRAIN_P_002563	1	HPCLAS_TRAIN_P_002563	2	D_hard_sample	0.8731585899524348	0.7054025095546799	1
layer24_mean	catboost	HPCLAS_TRAIN_P_002565	1	HPCLAS_TRAIN_P_002565	2	A_clean_core	5.451700132326884	0.9957293104060264	1
layer24_mean	catboost	HPCLAS_TRAIN_P_002567	1	HPCLAS_TRAIN_P_002567	2	A_clean_core	0.07679055082916819	0.5191882095657426	1
layer24_mean	catboost	HPCLAS_TRAIN_P_002570	1	HPCLAS_TRAIN_P_002570	2	A_clean_core	0.3006774478287246	0.5746081162064642	1
layer24_mean	catboost	HPCLAS_TRAIN_P_002576	1	HPCLAS_TRAIN_P_002576	2	A_clean_core	4.630270250072906	0.9903420621657751	1
layer24_mean	catboost	HPCLAS_TRAIN_P_002577	1	HPCLAS_TRAIN_P_002577	2	A_clean_core	6.042643392614586	0.9976303567152978	1
layer24_mean	catboost	HPCLAS_TRAIN_P_002578	1	HPCLAS_TRAIN_P_002578	2	D_hard_sample	1.3152957209185876	0.7883979723337962	1
layer24_mean	catboost	HPCLAS_TRAIN_P_002582	1	HPCLAS_TRAIN_P_002582	2	D_hard_sample	0.6883946925651118	0.6656097230274001	1
layer24_mean	catboost	HPCLAS_TRAIN_P_002590	1	HPCLAS_TRAIN_P_002590	2	A_clean_core	2.897994130284712	0.9477471905008064	1
layer24_mean	catboost	HPCLAS_TRAIN_P_002591	1	HPCLAS_TRAIN_P_002591	2	A_clean_core	1.7028868639195571	0.8459113999456797	1
layer24_mean	catboost	HPCLAS_TRAIN_P_002594	1	HPCLAS_TRAIN_P_002594	2	A_clean_core	1.7393904936073425	0.8506096302823075	1
layer24_mean	catboost	HPCLAS_TRAIN_P_002599	1	HPCLAS_TRAIN_P_002599	2	A_clean_core	2.9740605284028385	0.9513884149193543	1
layer24_mean	catboost	HPCLAS_TRAIN_P_002605	1	HPCLAS_TRAIN_P_002605	2	A_clean_core	0.6912877190627303	0.6662533250209036	1
layer24_mean	catboost	HPCLAS_TRAIN_P_002607	1	HPCLAS_TRAIN_P_002607	2	A_clean_core	1.1990717709683383	0.768359615557975	1
layer24_mean	catboost	HPCLAS_TRAIN_P_002611	1	HPCLAS_TRAIN_P_002611	2	A_clean_core	7.170549382572702	0.9992316905584758	1
layer24_mean	catboost	HPCLAS_TRAIN_P_002620	1	HPCLAS_TRAIN_P_002620	2	A_clean_core	1.5277265423913762	0.8216734366895544	1
layer24_mean	catboost	HPCLAS_TRAIN_P_002631	1	HPCLAS_TRAIN_P_002631	2	A_clean_core	5.921443406016242	0.9973258431506141	1
layer24_mean	catboost	HPCLAS_TRAIN_P_002634	1	HPCLAS_TRAIN_P_002634	2	A_clean_core	5.380177995361798	0.9954141253010893	1
layer24_mean	catboost	HPCLAS_TRAIN_P_002660	1	HPCLAS_TRAIN_P_002660	2	A_clean_core	6.426061418958599	0.998383802198115	1
layer24_mean	catboost	HPCLAS_TRAIN_P_002661	1	HPCLAS_TRAIN_P_002661	2	D_hard_sample	-1.088876672404116	0.2518298673177855	0
layer24_mean	catboost	HPCLAS_TRAIN_P_002663	1	HPCLAS_TRAIN_P_002663	2	A_clean_core	2.060398998573421	0.8869941699302653	1
layer24_mean	catboost	HPCLAS_TRAIN_P_002664	1	HPCLAS_TRAIN_P_002664	2	D_hard_sample	3.8753637972974233	0.9796748918526846	1
layer24_mean	catboost	HPCLAS_TRAIN_P_002675	1	HPCLAS_TRAIN_P_002675	2	A_clean_core	3.8415754679083496	0.9789910809502171	1
layer24_mean	catboost	HPCLAS_TRAIN_P_002678	1	HPCLAS_TRAIN_P_002678	2	A_clean_core	2.1111436416571454	0.8919815730291804	1
layer24_mean	catboost	HPCLAS_TRAIN_P_002679	1	HPCLAS_TRAIN_P_002679	2	A_clean_core	0.8498340753475191	0.7005323348332041	1
layer24_mean	catboost	HPCLAS_TRAIN_P_002691	1	HPCLAS_TRAIN_P_002691	2	A_clean_core	3.664032347487514	0.975011470780713	1
layer24_mean	catboost	HPCLAS_TRAIN_P_002693	1	HPCLAS_TRAIN_P_002693	2	A_clean_core	5.932689931921355	0.9973556705550257	1
layer24_mean	catboost	HPCLAS_TRAIN_P_002696	1	HPCLAS_TRAIN_P_002696	2	A_clean_core	3.5162716649079737	0.9711472183192452	1
layer24_mean	catboost	HPCLAS_TRAIN_P_002697	1	HPCLAS_TRAIN_P_002697	2	A_clean_core	3.4716835961070385	0.9698712538212164	1
layer24_mean	catboost	HPCLAS_TRAIN_P_002699	1	HPCLAS_TRAIN_P_002699	2	A_clean_core	5.823376456477279	0.9970511195626585	1
layer24_mean	catboost	HPCLAS_TRAIN_P_002706	1	HPCLAS_TRAIN_P_002706	2	A_clean_core	1.4543463837136066	0.8106664455464422	1
layer24_mean	catboost	HPCLAS_TRAIN_P_002713	1	HPCLAS_TRAIN_P_002713	2	A_clean_core	1.0638547057520977	0.7434264951871616	1
layer24_mean	catboost	HPCLAS_TRAIN_P_002718	1	HPCLAS_TRAIN_P_002718	2	D_hard_sample	1.889785237014325	0.8687310414842625	1
layer24_mean	catboost	HPCLAS_TRAIN_P_002726	1	HPCLAS_TRAIN_P_002726	2	A_clean_core	-0.5871971500391503	0.3572782163385738	0
layer24_mean	catboost	HPCLAS_TRAIN_P_002729	1	HPCLAS_TRAIN_P_002729	2	A_clean_core	-0.46427304770718775	0.38597262899953844	0
layer24_mean	catboost	HPCLAS_TRAIN_P_002738	1	HPCLAS_TRAIN_P_002738	2	A_clean_core	-0.17237295752344983	0.4570131449646748	0
layer24_mean	catboost	HPCLAS_TRAIN_P_002741	1	HPCLAS_TRAIN_P_002741	2	A_clean_core	1.4314325064020645	0.8071244187333433	1
layer24_mean	catboost	HPCLAS_TRAIN_P_002745	1	HPCLAS_TRAIN_P_002745	2	A_clean_core	2.7051030539966736	0.9373270927818707	1
layer24_mean	catboost	HPCLAS_TRAIN_P_002753	1	HPCLAS_TRAIN_P_002753	2	A_clean_core	-0.606132336388982	0.35294196828403007	0
layer24_mean	catboost	HPCLAS_TRAIN_P_002765	1	HPCLAS_TRAIN_P_002765	2	A_clean_core	2.8058904526240767	0.942993304289073	1
layer24_mean	catboost	HPCLAS_TRAIN_P_002769	1	HPCLAS_TRAIN_P_002769	2	A_clean_core	0.4539622927305123	0.6115808905075694	1
layer24_mean	catboost	HPCLAS_TRAIN_P_002776	1	HPCLAS_TRAIN_P_002776	2	A_clean_core	6.546452249631785	0.9985668585399906	1
layer24_mean	catboost	HPCLAS_TRAIN_P_002778	1	HPCLAS_TRAIN_P_002778	2	A_clean_core	0.897048905850956	0.7103426745409772	1
layer24_mean	catboost	HPCLAS_TRAIN_P_002790	1	HPCLAS_TRAIN_P_002790	2	A_clean_core	0.6691080111697184	0.6613033992172833	1
layer24_mean	catboost	HPCLAS_TRAIN_P_002791	1	HPCLAS_TRAIN_P_002791	2	A_clean_core	2.5536983422211836	0.9278215800070865	1
layer24_mean	catboost	HPCLAS_TRAIN_P_002805	1	HPCLAS_TRAIN_P_002805	2	A_clean_core	6.583607882734171	0.9986190585173099	1
layer24_mean	catboost	HPCLAS_TRAIN_P_002811	1	HPCLAS_TRAIN_P_003911	2	D_hard_sample	3.7381688441423013	0.9767555232539222	1
layer24_mean	catboost	HPCLAS_TRAIN_P_002812	1	HPCLAS_TRAIN_P_002812	2	A_clean_core	1.6759205930307788	0.842363594455303	1
layer24_mean	catboost	HPCLAS_TRAIN_P_002818	1	HPCLAS_TRAIN_P_002818	2	A_clean_core	0.8071131655699179	0.6914939964576899	1
layer24_mean	catboost	HPCLAS_TRAIN_P_002819	1	HPCLAS_TRAIN_P_002819	2	A_clean_core	1.1550991607287906	0.7604410666099123	1
layer24_mean	catboost	HPCLAS_TRAIN_P_002828	1	HPCLAS_TRAIN_P_002828	2	A_clean_core	3.9075868584160127	0.9803066971602166	1
layer24_mean	catboost	HPCLAS_TRAIN_P_002829	1	HPCLAS_TRAIN_P_002829	2	A_clean_core	3.449313221550504	0.9692106528405325	1
layer24_mean	catboost	HPCLAS_TRAIN_P_002830	1	HPCLAS_TRAIN_P_002830	2	A_clean_core	0.7368606035204288	0.6763089755577509	1
layer24_mean	catboost	HPCLAS_TRAIN_P_002831	1	HPCLAS_TRAIN_P_002831	2	A_clean_core	2.560095187835914	0.9282487977870028	1
layer24_mean	catboost	HPCLAS_TRAIN_P_002839	1	HPCLAS_TRAIN_P_002839	2	A_clean_core	5.857554264904477	0.9971499205661062	1
layer24_mean	catboost	HPCLAS_TRAIN_P_002842	1	HPCLAS_TRAIN_P_002842	2	A_clean_core	3.180956302623569	0.9601113062481261	1
layer24_mean	catboost	HPCLAS_TRAIN_P_002844	1	HPCLAS_TRAIN_P_002844	2	A_clean_core	3.663869321017633	0.9750074984794659	1
layer24_mean	catboost	HPCLAS_TRAIN_P_002845	1	HPCLAS_TRAIN_P_002845	2	D_hard_sample	1.4577092770759303	0.8111820646335373	1
layer24_mean	catboost	HPCLAS_TRAIN_P_002860	1	HPCLAS_TRAIN_P_002860	2	A_clean_core	3.7162174239250314	0.976251883859917	1
layer24_mean	catboost	HPCLAS_TRAIN_P_002861	1	HPCLAS_TRAIN_P_002861	2	A_clean_core	1.6491156729387426	0.8387714952737437	1
layer24_mean	catboost	HPCLAS_TRAIN_P_002865	1	HPCLAS_TRAIN_P_002865	2	A_clean_core	1.7315782201552439	0.8496141806076379	1
layer24_mean	catboost	HPCLAS_TRAIN_P_002870	1	HPCLAS_TRAIN_P_002870	2	D_hard_sample	-0.7965245985099416	0.31076943136063057	0
layer24_mean	catboost	HPCLAS_TRAIN_P_002871	1	HPCLAS_TRAIN_P_002871	2	A_clean_core	4.016948799279252	0.9823107188162761	1
layer24_mean	catboost	HPCLAS_TRAIN_P_002893	1	HPCLAS_TRAIN_P_002893	2	A_clean_core	6.4129673961246505	0.9983625353899067	1
layer24_mean	catboost	HPCLAS_TRAIN_P_002906	1	HPCLAS_TRAIN_P_002906	2	A_clean_core	0.22357007486588773	0.5556608675157173	1
layer24_mean	catboost	HPCLAS_TRAIN_P_002912	1	HPCLAS_TRAIN_P_002912	2	A_clean_core	-0.6546870381625532	0.34193410262965385	0
layer24_mean	catboost	HPCLAS_TRAIN_P_002915	1	HPCLAS_TRAIN_P_002915	2	A_clean_core	5.534173236319418	0.9960660644036904	1
layer24_mean	catboost	HPCLAS_TRAIN_P_002917	1	HPCLAS_TRAIN_P_002917	2	A_clean_core	4.184680504245314	0.9850013158663508	1
layer24_mean	catboost	HPCLAS_TRAIN_P_002920	1	HPCLAS_TRAIN_P_002920	2	A_clean_core	-1.257016669629434	0.22148788340879627	0
layer24_mean	catboost	HPCLAS_TRAIN_P_002925	1	HPCLAS_TRAIN_P_002925	2	D_hard_sample	-1.2817483211556433	0.217252767600064	0
layer24_mean	catboost	HPCLAS_TRAIN_P_002926	1	HPCLAS_TRAIN_P_002926	2	A_clean_core	0.45011061521832263	0.6106655333865912	1
layer24_mean	catboost	HPCLAS_TRAIN_P_002932	1	HPCLAS_TRAIN_P_002932	2	A_clean_core	3.6381533028754234	0.9743731398045191	1
layer24_mean	catboost	HPCLAS_TRAIN_P_002940	1	HPCLAS_TRAIN_P_002940	2	A_clean_core	2.2352139017527928	0.9033674631566869	1
layer24_mean	catboost	HPCLAS_TRAIN_P_002942	1	HPCLAS_TRAIN_P_002942	2	D_hard_sample	-0.2098178492650585	0.44773713015262456	0
layer24_mean	catboost	HPCLAS_TRAIN_P_002953	1	HPCLAS_TRAIN_P_002953	2	A_clean_core	5.197431676947258	0.9944996700050152	1
layer24_mean	catboost	HPCLAS_TRAIN_P_002954	1	HPCLAS_TRAIN_N_003538	2	B_ambiguous	1.3314432427016054	0.7910792638451961	1
layer24_mean	catboost	HPCLAS_TRAIN_P_002959	1	HPCLAS_TRAIN_P_002959	2	A_clean_core	1.3793987142870987	0.7988944137679704	1
layer24_mean	catboost	HPCLAS_TRAIN_P_002973	1	HPCLAS_TRAIN_P_002973	2	A_clean_core	-0.07818936590983915	0.48046261111933136	0
layer24_mean	catboost	HPCLAS_TRAIN_P_002974	1	HPCLAS_TRAIN_P_002974	2	A_clean_core	5.358918942432875	0.9953160518114755	1
layer24_mean	catboost	HPCLAS_TRAIN_P_002976	1	HPCLAS_TRAIN_P_002976	2	A_clean_core	-0.9216815769483664	0.28461538534036973	0
layer24_mean	catboost	HPCLAS_TRAIN_P_002979	1	HPCLAS_TRAIN_P_002979	2	A_clean_core	2.207314634504593	0.9009044471025547	1
layer24_mean	catboost	HPCLAS_TRAIN_P_002981	1	HPCLAS_TRAIN_P_002981	2	D_hard_sample	-1.0296603968467015	0.2631499486184312	0
layer24_mean	catboost	HPCLAS_TRAIN_P_002985	1	HPCLAS_TRAIN_P_002985	2	A_clean_core	0.04524688464740269	0.5113097917012851	1
layer24_mean	catboost	HPCLAS_TRAIN_P_002988	1	HPCLAS_TRAIN_N_004770	2	B_ambiguous	1.0776787918623887	0.7460544649681277	1
layer24_mean	catboost	HPCLAS_TRAIN_P_003003	1	HPCLAS_TRAIN_P_003003	2	D_hard_sample	1.6505692215489796	0.8389679675017278	1
layer24_mean	catboost	HPCLAS_TRAIN_P_003010	1	HPCLAS_TRAIN_P_003010	2	A_clean_core	3.925234321346931	0.9806445176444918	1
layer24_mean	catboost	HPCLAS_TRAIN_P_003012	1	HPCLAS_TRAIN_P_003012	2	D_hard_sample	0.7389614211598976	0.6767687059062152	1
layer24_mean	catboost	HPCLAS_TRAIN_P_003014	1	HPCLAS_TRAIN_P_003014	2	A_clean_core	1.5278730681529051	0.8216949055406727	1
layer24_mean	catboost	HPCLAS_TRAIN_P_003029	1	HPCLAS_TRAIN_P_003029	2	D_hard_sample	0.16423946716893867	0.5409678172851056	1
layer24_mean	catboost	HPCLAS_TRAIN_P_003032	1	HPCLAS_TRAIN_P_003032	2	A_clean_core	0.9475723943542267	0.7206267049542795	1
layer24_mean	catboost	HPCLAS_TRAIN_P_003035	1	HPCLAS_TRAIN_P_003035	2	A_clean_core	0.6247936756151186	0.6513080086466576	1
layer24_mean	catboost	HPCLAS_TRAIN_P_003043	1	HPCLAS_TRAIN_P_003043	2	A_clean_core	5.370804866260305	0.9953711391296752	1
layer24_mean	catboost	HPCLAS_TRAIN_P_003045	1	HPCLAS_TRAIN_P_003045	2	D_hard_sample	3.0835824294295042	0.9562104336306697	1
layer24_mean	catboost	HPCLAS_TRAIN_P_003049	1	HPCLAS_TRAIN_P_003049	2	A_clean_core	6.45154375382031	0.9984244023117194	1
layer24_mean	catboost	HPCLAS_TRAIN_P_003053	1	HPCLAS_TRAIN_P_003053	2	A_clean_core	0.7345457354426576	0.6758020091937115	1
layer24_mean	catboost	HPCLAS_TRAIN_P_003054	1	HPCLAS_TRAIN_P_003054	2	A_clean_core	3.426611160653422	0.9685259280807026	1
layer24_mean	catboost	HPCLAS_TRAIN_P_003065	1	HPCLAS_TRAIN_P_003065	2	A_clean_core	1.6727163392955169	0.8419376437605133	1
layer24_mean	catboost	HPCLAS_TRAIN_P_003067	1	HPCLAS_TRAIN_P_003067	2	A_clean_core	6.964309473270491	0.9990558769420279	1
layer24_mean	catboost	HPCLAS_TRAIN_P_003078	1	HPCLAS_TRAIN_P_003078	2	A_clean_core	4.265796694021207	0.9861537343841366	1
layer24_mean	catboost	HPCLAS_TRAIN_P_003080	1	HPCLAS_TRAIN_P_003080	2	A_clean_core	0.8521876470177029	0.7010258499109627	1
layer24_mean	catboost	HPCLAS_TRAIN_P_003082	1	HPCLAS_TRAIN_P_003082	2	A_clean_core	4.426760129999578	0.9881880365445328	1
layer24_mean	catboost	HPCLAS_TRAIN_P_003088	1	HPCLAS_TRAIN_P_003088	2	A_clean_core	2.2696921066077693	0.9063356535504581	1
layer24_mean	catboost	HPCLAS_TRAIN_P_003104	1	HPCLAS_TRAIN_P_003104	2	A_clean_core	0.44906043160512155	0.6104158199367407	1
layer24_mean	catboost	HPCLAS_TRAIN_P_003105	1	HPCLAS_TRAIN_P_003105	2	A_clean_core	-0.8924960286413196	0.2905950034377703	0
layer24_mean	catboost	HPCLAS_TRAIN_P_003107	1	HPCLAS_TRAIN_P_003107	2	D_hard_sample	3.6813010657874057	0.9754287741627928	1
layer24_mean	catboost	HPCLAS_TRAIN_P_003108	1	HPCLAS_TRAIN_P_003108	2	A_clean_core	0.5473940947490231	0.633530790012362	1
layer24_mean	catboost	HPCLAS_TRAIN_P_003113	1	HPCLAS_TRAIN_P_003113	2	A_clean_core	0.6376284925685807	0.6542171815484171	1
layer24_mean	catboost	HPCLAS_TRAIN_P_003127	1	HPCLAS_TRAIN_P_003127	2	A_clean_core	2.3323410440496892	0.9115203263219643	1
layer24_mean	catboost	HPCLAS_TRAIN_P_003134	1	HPCLAS_TRAIN_N_002142	2	B_ambiguous	1.5619375773224118	0.8266312069275294	1
layer24_mean	catboost	HPCLAS_TRAIN_P_003135	1	HPCLAS_TRAIN_P_003135	2	A_clean_core	6.276910462487549	0.9981243272735916	1
layer24_mean	catboost	HPCLAS_TRAIN_P_003145	1	HPCLAS_TRAIN_P_003145	2	A_clean_core	6.546438636756786	0.9985668390586423	1
layer24_mean	catboost	HPCLAS_TRAIN_P_003146	1	HPCLAS_TRAIN_P_003146	2	D_hard_sample	-0.6340874490458336	0.34658429975311655	0
layer24_mean	catboost	HPCLAS_TRAIN_P_003155	1	HPCLAS_TRAIN_P_003155	2	A_clean_core	0.7413104022254536	0.6772823386392517	1
layer24_mean	catboost	HPCLAS_TRAIN_P_003161	1	HPCLAS_TRAIN_P_003161	2	D_hard_sample	-1.6206393974124078	0.16511670834888892	0
layer24_mean	catboost	HPCLAS_TRAIN_P_003168	1	HPCLAS_TRAIN_P_003168	2	A_clean_core	3.273114011516376	0.9634948575725737	1
layer24_mean	catboost	HPCLAS_TRAIN_P_003170	1	HPCLAS_TRAIN_P_003170	2	A_clean_core	-0.000435316616328965	0.4998911708476363	0
layer24_mean	catboost	HPCLAS_TRAIN_P_003174	1	HPCLAS_TRAIN_P_003174	2	A_clean_core	-0.5603272609415474	0.3634717412332339	0
layer24_mean	catboost	HPCLAS_TRAIN_P_003180	1	HPCLAS_TRAIN_P_003180	2	D_hard_sample	-0.0031347908250004297	0.49921630293552677	0
layer24_mean	catboost	HPCLAS_TRAIN_P_003188	1	HPCLAS_TRAIN_P_003188	2	A_clean_core	6.434885311825955	0.9983979778733856	1
layer24_mean	catboost	HPCLAS_TRAIN_P_003190	1	HPCLAS_TRAIN_P_003190	2	A_clean_core	2.356222139520107	0.9134275272901876	1
layer24_mean	catboost	HPCLAS_TRAIN_P_003198	1	HPCLAS_TRAIN_P_003198	2	A_clean_core	1.1449134419854754	0.7585806103393076	1
layer24_mean	catboost	HPCLAS_TRAIN_P_003202	1	HPCLAS_TRAIN_P_003202	2	D_hard_sample	0.2787106475518798	0.5692300937053959	1
layer24_mean	catboost	HPCLAS_TRAIN_P_003215	1	HPCLAS_TRAIN_P_003215	2	A_clean_core	3.8428645235322185	0.9790175772952215	1
layer24_mean	catboost	HPCLAS_TRAIN_P_003221	1	HPCLAS_TRAIN_P_003221	2	A_clean_core	1.6931109817547905	0.8446328462582087	1
layer24_mean	catboost	HPCLAS_TRAIN_P_003226	1	HPCLAS_TRAIN_P_003226	2	A_clean_core	1.3724260784493068	0.7977718402595511	1
layer24_mean	catboost	HPCLAS_TRAIN_P_003227	1	HPCLAS_TRAIN_P_003227	2	D_hard_sample	-1.0048497716024696	0.2679889675682362	0
layer24_mean	catboost	HPCLAS_TRAIN_P_003253	1	HPCLAS_TRAIN_P_003253	2	D_hard_sample	-0.27836713742736274	0.4308541394507311	0
layer24_mean	catboost	HPCLAS_TRAIN_P_003254	1	HPCLAS_TRAIN_P_003254	2	A_clean_core	0.520322009993616	0.6272230599361089	1
layer24_mean	catboost	HPCLAS_TRAIN_P_003258	1	HPCLAS_TRAIN_P_003258	2	A_clean_core	2.407164871492525	0.9173720316064969	1
layer24_mean	catboost	HPCLAS_TRAIN_P_003266	1	HPCLAS_TRAIN_P_003266	2	A_clean_core	3.5725877497054688	0.9726840292300865	1
layer24_mean	catboost	HPCLAS_TRAIN_P_003268	1	HPCLAS_TRAIN_P_003268	2	A_clean_core	3.5883688321395444	0.9731002163972597	1
layer24_mean	catboost	HPCLAS_TRAIN_P_003270	1	HPCLAS_TRAIN_P_003270	2	A_clean_core	3.5375137735222846	0.9717365086761094	1
layer24_mean	catboost	HPCLAS_TRAIN_P_003274	1	HPCLAS_TRAIN_P_003274	2	A_clean_core	1.4494612881661684	0.8099155118644362	1
layer24_mean	catboost	HPCLAS_TRAIN_P_003279	1	HPCLAS_TRAIN_P_003279	2	A_clean_core	5.852557662702346	0.9971356851079737	1
layer24_mean	catboost	HPCLAS_TRAIN_P_003286	1	HPCLAS_TRAIN_P_003286	2	A_clean_core	0.7136699546328839	0.6712115779102457	1
layer24_mean	catboost	HPCLAS_TRAIN_P_003290	1	HPCLAS_TRAIN_P_003290	2	A_clean_core	1.7541739488413064	0.8524784858914093	1
layer24_mean	catboost	HPCLAS_TRAIN_P_003294	1	HPCLAS_TRAIN_P_003294	2	A_clean_core	2.3039286986892162	0.9092018898658565	1
layer24_mean	catboost	HPCLAS_TRAIN_P_003297	1	HPCLAS_TRAIN_P_003297	2	A_clean_core	0.06452390524624706	0.516125382086634	1
layer24_mean	catboost	HPCLAS_TRAIN_P_003304	1	HPCLAS_TRAIN_P_003304	2	D_hard_sample	-0.34833479006712714	0.4137862883126094	0
layer24_mean	catboost	HPCLAS_TRAIN_P_003314	1	HPCLAS_TRAIN_P_003314	2	D_hard_sample	-0.8985166507989748	0.28935542145012555	0
layer24_mean	catboost	HPCLAS_TRAIN_P_003325	1	HPCLAS_TRAIN_P_003325	2	A_clean_core	0.9594658934921306	0.723014855360511	1
layer24_mean	catboost	HPCLAS_TRAIN_P_003331	1	HPCLAS_TRAIN_P_003331	2	A_clean_core	0.8201429331601634	0.6942666800083337	1
layer24_mean	catboost	HPCLAS_TRAIN_P_003333	1	HPCLAS_TRAIN_P_003333	2	A_clean_core	1.261999960683	0.7793701977428804	1
layer24_mean	catboost	HPCLAS_TRAIN_P_003335	1	HPCLAS_TRAIN_P_003335	2	D_hard_sample	-0.9204507441297992	0.28486606097854916	0
layer24_mean	catboost	HPCLAS_TRAIN_P_003339	1	HPCLAS_TRAIN_P_003339	2	B_ambiguous	0.6028560337494339	0.6463094495867099	1
layer24_mean	catboost	HPCLAS_TRAIN_P_003344	1	HPCLAS_TRAIN_P_003344	2	A_clean_core	4.110831246830737	0.9838702914382139	1
layer24_mean	catboost	HPCLAS_TRAIN_P_003352	1	HPCLAS_TRAIN_P_003352	2	A_clean_core	1.323053295636187	0.7896892468184208	1
layer24_mean	catboost	HPCLAS_TRAIN_P_003353	1	HPCLAS_TRAIN_P_003353	2	A_clean_core	2.790881976467351	0.942181109897515	1
layer24_mean	catboost	HPCLAS_TRAIN_P_003368	1	HPCLAS_TRAIN_P_003368	2	A_clean_core	3.651173747086764	0.974696261571661	1
layer24_mean	catboost	HPCLAS_TRAIN_P_003370	1	HPCLAS_TRAIN_P_003370	2	A_clean_core	4.31027348059933	0.9867480951611146	1
layer24_mean	catboost	HPCLAS_TRAIN_P_003375	1	HPCLAS_TRAIN_P_003375	2	A_clean_core	1.9928930019795665	0.8800488670222417	1
layer24_mean	catboost	HPCLAS_TRAIN_P_003387	1	HPCLAS_TRAIN_P_003387	2	B_ambiguous	0.11788633145088348	0.5294374992200765	1
layer24_mean	catboost	HPCLAS_TRAIN_P_003389	1	HPCLAS_TRAIN_P_003483	2	A_clean_core	5.373904371655645	0.9953853979932674	1
layer24_mean	catboost	HPCLAS_TRAIN_P_003390	1	HPCLAS_TRAIN_P_003390	2	A_clean_core	1.2040424993707946	0.7692431409000757	1
layer24_mean	catboost	HPCLAS_TRAIN_P_003392	1	HPCLAS_TRAIN_P_003392	2	A_clean_core	2.248609438627645	0.904530520623514	1
layer24_mean	catboost	HPCLAS_TRAIN_P_003399	1	HPCLAS_TRAIN_P_003399	2	A_clean_core	2.088739137546146	0.8898038550985521	1
layer24_mean	catboost	HPCLAS_TRAIN_P_003402	1	HPCLAS_TRAIN_P_003402	2	A_clean_core	2.8890625787468602	0.9473031051766917	1
layer24_mean	catboost	HPCLAS_TRAIN_P_003406	1	HPCLAS_TRAIN_P_003406	2	D_hard_sample	0.7679706352453961	0.6830817379826521	1
layer24_mean	catboost	HPCLAS_TRAIN_P_003407	1	HPCLAS_TRAIN_P_003407	2	A_clean_core	0.03912818799659208	0.5097807991517262	1
layer24_mean	catboost	HPCLAS_TRAIN_P_003413	1	HPCLAS_TRAIN_P_003413	2	A_clean_core	3.952128919616342	0.9811484552705062	1
layer24_mean	catboost	HPCLAS_TRAIN_P_003420	1	HPCLAS_TRAIN_P_003420	2	A_clean_core	1.5926203863610169	0.8309844537359395	1
layer24_mean	catboost	HPCLAS_TRAIN_P_003421	1	HPCLAS_TRAIN_P_003421	2	A_clean_core	1.6877440688217715	0.8439272525448782	1
layer24_mean	catboost	HPCLAS_TRAIN_P_003423	1	HPCLAS_TRAIN_P_003423	2	A_clean_core	3.3199049744065476	0.9651053914351756	1
layer24_mean	catboost	HPCLAS_TRAIN_P_003429	1	HPCLAS_TRAIN_P_003429	2	A_clean_core	-3.454418138630271	0.03063737382342714	0
layer24_mean	catboost	HPCLAS_TRAIN_P_003434	1	HPCLAS_TRAIN_P_003434	2	A_clean_core	3.889050886820644	0.9799456473214928	1
layer24_mean	catboost	HPCLAS_TRAIN_P_003439	1	HPCLAS_TRAIN_P_003439	2	A_clean_core	3.788211745130612	0.977865004060992	1
layer24_mean	catboost	HPCLAS_TRAIN_P_003443	1	HPCLAS_TRAIN_P_003443	2	A_clean_core	0.5571220009704472	0.6357863656854846	1
layer24_mean	catboost	HPCLAS_TRAIN_P_003456	1	HPCLAS_TRAIN_P_003456	2	D_hard_sample	2.740891669118741	0.939396879641266	1
layer24_mean	catboost	HPCLAS_TRAIN_P_003460	1	HPCLAS_TRAIN_P_003460	2	A_clean_core	0.3312550807190567	0.5820647259410567	1
layer24_mean	catboost	HPCLAS_TRAIN_P_003463	1	HPCLAS_TRAIN_P_003463	2	A_clean_core	3.5726795923084516	0.9726864693645269	1
layer24_mean	catboost	HPCLAS_TRAIN_P_003468	1	HPCLAS_TRAIN_P_003468	2	A_clean_core	2.924745878528807	0.9490562447598565	1
layer24_mean	catboost	HPCLAS_TRAIN_P_003472	1	HPCLAS_TRAIN_P_003472	2	D_hard_sample	0.33889282875793364	0.5839215527594098	1
layer24_mean	catboost	HPCLAS_TRAIN_P_003479	1	HPCLAS_TRAIN_P_003479	2	A_clean_core	1.0265748167635231	0.7362513139741345	1
layer24_mean	catboost	HPCLAS_TRAIN_P_003483	1	HPCLAS_TRAIN_P_003483	2	A_clean_core	5.699507954337713	0.9966635568873984	1
layer24_mean	catboost	HPCLAS_TRAIN_P_003488	1	HPCLAS_TRAIN_P_003488	2	A_clean_core	2.936539098401781	0.949623418896536	1
layer24_mean	catboost	HPCLAS_TRAIN_P_003489	1	HPCLAS_TRAIN_P_003489	2	D_hard_sample	0.34369402610925215	0.5850875660402938	1
layer24_mean	catboost	HPCLAS_TRAIN_P_003491	1	HPCLAS_TRAIN_P_003491	2	A_clean_core	1.8670466972244508	0.8661161857477476	1
layer24_mean	catboost	HPCLAS_TRAIN_P_003501	1	HPCLAS_TRAIN_P_003501	2	A_clean_core	5.834636406737324	0.9970840412911447	1
layer24_mean	catboost	HPCLAS_TRAIN_P_003505	1	HPCLAS_TRAIN_P_003505	2	A_clean_core	5.7885208537545925	0.9969468415980809	1
layer24_mean	catboost	HPCLAS_TRAIN_P_003511	1	HPCLAS_TRAIN_P_003511	2	A_clean_core	2.8590310190304296	0.9457836345858808	1
layer24_mean	catboost	HPCLAS_TRAIN_P_003533	1	HPCLAS_TRAIN_P_003533	2	A_clean_core	4.505719550651124	0.9890750338076694	1
layer24_mean	catboost	HPCLAS_TRAIN_P_003535	1	HPCLAS_TRAIN_P_003535	2	A_clean_core	3.855234100329067	0.9792701752036873	1
layer24_mean	catboost	HPCLAS_TRAIN_P_003537	1	HPCLAS_TRAIN_P_003537	2	A_clean_core	2.2731220774501484	0.9066264228240928	1
layer24_mean	catboost	HPCLAS_TRAIN_P_003551	1	HPCLAS_TRAIN_P_003551	2	D_hard_sample	0.6528223195916808	0.657646183811937	1
layer24_mean	catboost	HPCLAS_TRAIN_P_003558	1	HPCLAS_TRAIN_P_003558	2	D_hard_sample	-2.0793930167482015	0.11111590378739229	0
layer24_mean	catboost	HPCLAS_TRAIN_P_003562	1	HPCLAS_TRAIN_P_003562	2	A_clean_core	3.7792951095974043	0.9776711785507513	1
layer24_mean	catboost	HPCLAS_TRAIN_P_003571	1	HPCLAS_TRAIN_P_003571	2	A_clean_core	0.9936870877175586	0.7298155757605778	1
layer24_mean	catboost	HPCLAS_TRAIN_P_003575	1	HPCLAS_TRAIN_P_003575	2	A_clean_core	5.5562288856506505	0.9961515498115363	1
layer24_mean	catboost	HPCLAS_TRAIN_P_003582	1	HPCLAS_TRAIN_P_003582	2	D_hard_sample	-0.20949694571043556	0.4478164808530204	0
layer24_mean	catboost	HPCLAS_TRAIN_P_003585	1	HPCLAS_TRAIN_P_003585	2	A_clean_core	3.7618626419048677	0.9772874378205714	1
layer24_mean	catboost	HPCLAS_TRAIN_P_003588	1	HPCLAS_TRAIN_P_003588	2	A_clean_core	1.9322706702914456	0.873500535789902	1
layer24_mean	catboost	HPCLAS_TRAIN_P_003595	1	HPCLAS_TRAIN_P_003595	2	A_clean_core	3.711304571801224	0.9761377166995878	1
layer24_mean	catboost	HPCLAS_TRAIN_P_003597	1	HPCLAS_TRAIN_P_003597	2	A_clean_core	6.753465972176787	0.9988345314924131	1
layer24_mean	catboost	HPCLAS_TRAIN_P_003598	1	HPCLAS_TRAIN_P_003598	2	A_clean_core	1.0014734601681867	0.7313481798334758	1
layer24_mean	catboost	HPCLAS_TRAIN_P_003599	1	HPCLAS_TRAIN_N_000535	2	B_ambiguous	1.5630677121711336	0.8267931090933821	1
layer24_mean	catboost	HPCLAS_TRAIN_P_003612	1	HPCLAS_TRAIN_P_003612	2	A_clean_core	2.220149424384393	0.9020443996791884	1
layer24_mean	catboost	HPCLAS_TRAIN_P_003616	1	HPCLAS_TRAIN_P_003616	2	A_clean_core	3.490491501238348	0.9704160094837464	1
layer24_mean	catboost	HPCLAS_TRAIN_P_003652	1	HPCLAS_TRAIN_P_003652	2	D_hard_sample	3.439934911005471	0.968929556391329	1
layer24_mean	catboost	HPCLAS_TRAIN_P_003660	1	HPCLAS_TRAIN_P_003660	2	A_clean_core	0.06266492613770218	0.5156611069122633	1
layer24_mean	catboost	HPCLAS_TRAIN_P_003669	1	HPCLAS_TRAIN_P_003669	2	D_hard_sample	0.5777752268143314	0.6405553255522626	1
layer24_mean	catboost	HPCLAS_TRAIN_P_003674	1	HPCLAS_TRAIN_P_003674	2	A_clean_core	4.023204579815277	0.9824190942297435	1
layer24_mean	catboost	HPCLAS_TRAIN_P_003676	1	HPCLAS_TRAIN_N_004271	2	B_ambiguous	0.5924379078558276	0.6439243192465152	1
layer24_mean	catboost	HPCLAS_TRAIN_P_003681	1	HPCLAS_TRAIN_P_003681	2	D_hard_sample	1.9389753291325267	0.8742395294713231	1
layer24_mean	catboost	HPCLAS_TRAIN_P_003684	1	HPCLAS_TRAIN_P_003684	2	A_clean_core	2.914169337951272	0.9485424495425437	1
layer24_mean	catboost	HPCLAS_TRAIN_P_003689	1	HPCLAS_TRAIN_P_003689	2	A_clean_core	7.043268062144767	0.9991274939318985	1
layer24_mean	catboost	HPCLAS_TRAIN_P_003690	1	HPCLAS_TRAIN_P_003690	2	A_clean_core	1.0507860270565021	0.7409258093834449	1
layer24_mean	catboost	HPCLAS_TRAIN_P_003696	1	HPCLAS_TRAIN_P_003696	2	D_hard_sample	-1.9245566362479545	0.1273543032475607	0
layer24_mean	catboost	HPCLAS_TRAIN_P_003703	1	HPCLAS_TRAIN_P_003703	2	A_clean_core	2.8405824335300682	0.9448298302601152	1
layer24_mean	catboost	HPCLAS_TRAIN_P_003706	1	HPCLAS_TRAIN_P_003706	2	A_clean_core	2.5049472305294733	0.9244879123045948	1
layer24_mean	catboost	HPCLAS_TRAIN_P_003707	1	HPCLAS_TRAIN_P_003707	2	D_hard_sample	0.11033642684164453	0.5275561563686272	1
layer24_mean	catboost	HPCLAS_TRAIN_P_003711	1	HPCLAS_TRAIN_P_003711	2	A_clean_core	5.279382126219857	0.9949302550377076	1
layer24_mean	catboost	HPCLAS_TRAIN_P_003712	1	HPCLAS_TRAIN_P_003712	2	A_clean_core	2.222115229341346	0.902217961567329	1
layer24_mean	catboost	HPCLAS_TRAIN_P_003713	1	HPCLAS_TRAIN_P_003713	2	A_clean_core	0.6035143148911725	0.6464599139094148	1
layer24_mean	catboost	HPCLAS_TRAIN_P_003725	1	HPCLAS_TRAIN_P_003725	2	A_clean_core	0.4838360588188611	0.6186532941214382	1
layer24_mean	catboost	HPCLAS_TRAIN_P_003731	1	HPCLAS_TRAIN_P_003731	2	A_clean_core	3.5466857799118157	0.9719873277766656	1
layer24_mean	catboost	HPCLAS_TRAIN_P_003734	1	HPCLAS_TRAIN_P_003734	2	D_hard_sample	1.9451221120042477	0.8749137829736723	1
layer24_mean	catboost	HPCLAS_TRAIN_P_003738	1	HPCLAS_TRAIN_P_003738	2	A_clean_core	5.221698116010537	0.9946308289693971	1
layer24_mean	catboost	HPCLAS_TRAIN_P_003742	1	HPCLAS_TRAIN_P_003742	2	A_clean_core	1.8353668102758103	0.8623998262274774	1
layer24_mean	catboost	HPCLAS_TRAIN_P_003743	1	HPCLAS_TRAIN_P_003743	2	A_clean_core	2.07060853538379	0.8880134918574274	1
layer24_mean	catboost	HPCLAS_TRAIN_P_003747	1	HPCLAS_TRAIN_P_003747	2	A_clean_core	-1.3176733213519454	0.21120565262619853	0
layer24_mean	catboost	HPCLAS_TRAIN_P_003748	1	HPCLAS_TRAIN_P_003748	2	D_hard_sample	-0.1048321865987226	0.47381592874050854	0
layer24_mean	catboost	HPCLAS_TRAIN_P_003751	1	HPCLAS_TRAIN_P_003751	2	D_hard_sample	2.3559002706523717	0.913402071259766	1
layer24_mean	catboost	HPCLAS_TRAIN_P_003757	1	HPCLAS_TRAIN_P_003757	2	A_clean_core	2.3620320467410494	0.913885859081351	1
layer24_mean	catboost	HPCLAS_TRAIN_P_003761	1	HPCLAS_TRAIN_P_003761	2	A_clean_core	0.4116574570553444	0.6014852392893499	1
layer24_mean	catboost	HPCLAS_TRAIN_P_003765	1	HPCLAS_TRAIN_P_003765	2	A_clean_core	1.887084785235661	0.8684227821742481	1
layer24_mean	catboost	HPCLAS_TRAIN_P_003768	1	HPCLAS_TRAIN_P_003768	2	A_clean_core	6.841690185991903	0.9989328437854854	1
layer24_mean	catboost	HPCLAS_TRAIN_P_003772	1	HPCLAS_TRAIN_P_003772	2	B_ambiguous	-1.006718082019677	0.26762261837547546	0
layer24_mean	catboost	HPCLAS_TRAIN_P_003774	1	HPCLAS_TRAIN_P_003774	2	A_clean_core	3.7664910728380905	0.9773899470859378	1
layer24_mean	catboost	HPCLAS_TRAIN_P_003779	1	HPCLAS_TRAIN_P_003779	2	A_clean_core	1.3658456740964684	0.7967081304600783	1
layer24_mean	catboost	HPCLAS_TRAIN_P_003786	1	HPCLAS_TRAIN_P_003786	2	B_ambiguous	0.558951508261158	0.6362099048331616	1
layer24_mean	catboost	HPCLAS_TRAIN_P_003808	1	HPCLAS_TRAIN_N_004826	2	B_ambiguous	-0.6840062863232371	0.3353677283632163	0
layer24_mean	catboost	HPCLAS_TRAIN_P_003814	1	HPCLAS_TRAIN_P_003814	2	A_clean_core	-0.4579105982688901	0.3874816049176917	0
layer24_mean	catboost	HPCLAS_TRAIN_P_003825	1	HPCLAS_TRAIN_P_003825	2	A_clean_core	-0.8801255981228013	0.29315175256569204	0
layer24_mean	catboost	HPCLAS_TRAIN_P_003831	1	HPCLAS_TRAIN_P_003831	2	A_clean_core	2.551901783126018	0.9277011742754981	1
layer24_mean	catboost	HPCLAS_TRAIN_P_003832	1	HPCLAS_TRAIN_P_003832	2	A_clean_core	1.8293133188166277	0.8616799032374352	1
layer24_mean	catboost	HPCLAS_TRAIN_P_003837	1	HPCLAS_TRAIN_P_003837	2	A_clean_core	2.4368772795824523	0.9195965000206291	1
layer24_mean	catboost	HPCLAS_TRAIN_P_003838	1	HPCLAS_TRAIN_P_003838	2	D_hard_sample	0.5455341227493891	0.633098854038273	1
layer24_mean	catboost	HPCLAS_TRAIN_P_003842	1	HPCLAS_TRAIN_P_003842	2	B_ambiguous	0.010004676473377473	0.5025011482559782	1
layer24_mean	catboost	HPCLAS_TRAIN_P_003873	1	HPCLAS_TRAIN_P_003873	2	A_clean_core	4.855774313407124	0.9922768076536665	1
layer24_mean	catboost	HPCLAS_TRAIN_P_003876	1	HPCLAS_TRAIN_P_003876	2	A_clean_core	3.395014720098178	0.9675483692032708	1
layer24_mean	catboost	HPCLAS_TRAIN_P_003882	1	HPCLAS_TRAIN_P_003882	2	A_clean_core	0.1572078010653354	0.539221206487737	1
layer24_mean	catboost	HPCLAS_TRAIN_P_003891	1	HPCLAS_TRAIN_P_003891	2	D_hard_sample	-1.0112711152579565	0.2667311651516373	0
layer24_mean	catboost	HPCLAS_TRAIN_P_003892	1	HPCLAS_TRAIN_P_003892	2	A_clean_core	0.527825557307568	0.6289758151000774	1
layer24_mean	catboost	HPCLAS_TRAIN_P_003905	1	HPCLAS_TRAIN_P_003905	2	A_clean_core	0.8479447080695162	0.7001358204375228	1
layer24_mean	catboost	HPCLAS_TRAIN_P_003909	1	HPCLAS_TRAIN_P_003909	2	D_hard_sample	-0.38827619837328137	0.4041323396335554	0
layer24_mean	catboost	HPCLAS_TRAIN_P_003911	1	HPCLAS_TRAIN_P_003911	2	A_clean_core	3.3757565008970287	0.9669382145091465	1
layer24_mean	catboost	HPCLAS_TRAIN_P_003918	1	HPCLAS_TRAIN_P_003918	2	A_clean_core	5.967426733469288	0.9974457184351095	1
layer24_mean	catboost	HPCLAS_TRAIN_P_003921	1	HPCLAS_TRAIN_P_003921	2	A_clean_core	0.23186090724315436	0.5577069335871492	1
layer24_mean	catboost	HPCLAS_TRAIN_P_003922	1	HPCLAS_TRAIN_P_003922	2	A_clean_core	4.098837936961283	0.9836788544611514	1
layer24_mean	catboost	HPCLAS_TRAIN_P_003923	1	HPCLAS_TRAIN_N_004339	2	B_ambiguous	-1.0298856576328752	0.2631062724199378	0
layer24_mean	catboost	HPCLAS_TRAIN_P_003924	1	HPCLAS_TRAIN_P_003924	2	A_clean_core	0.8306855511666137	0.6964998664972691	1
layer24_mean	catboost	HPCLAS_TRAIN_P_003926	1	HPCLAS_TRAIN_P_003926	2	A_clean_core	2.0799214653294578	0.8889362799096918	1
layer24_mean	catboost	HPCLAS_TRAIN_P_003932	1	HPCLAS_TRAIN_P_003932	2	A_clean_core	2.2478041074586996	0.9044609535439286	1
layer24_mean	catboost	HPCLAS_TRAIN_P_003936	1	HPCLAS_TRAIN_P_003936	2	A_clean_core	2.1075387010881217	0.8916337442662906	1
layer24_mean	catboost	HPCLAS_TRAIN_P_003942	1	HPCLAS_TRAIN_P_006786	2	A_clean_core	7.025907857301434	0.9991122283715645	1
layer24_mean	catboost	HPCLAS_TRAIN_P_003943	1	HPCLAS_TRAIN_P_003943	2	A_clean_core	3.3181576940360045	0.9650465004741607	1
layer24_mean	catboost	HPCLAS_TRAIN_P_003944	1	HPCLAS_TRAIN_P_003944	2	A_clean_core	5.0277381819491715	0.993489053341475	1
layer24_mean	catboost	HPCLAS_TRAIN_P_003951	1	HPCLAS_TRAIN_P_003951	2	A_clean_core	0.74742677902591	0.6786177488814967	1
layer24_mean	catboost	HPCLAS_TRAIN_P_003955	1	HPCLAS_TRAIN_P_003955	2	A_clean_core	2.5246554353374386	0.9258522839736654	1
layer24_mean	catboost	HPCLAS_TRAIN_P_003961	1	HPCLAS_TRAIN_P_003961	2	A_clean_core	5.809794603709759	0.9970109156153005	1
layer24_mean	catboost	HPCLAS_TRAIN_P_003980	1	HPCLAS_TRAIN_P_003980	2	A_clean_core	2.1306904467413306	0.8938505369398445	1
layer24_mean	catboost	HPCLAS_TRAIN_P_003984	1	HPCLAS_TRAIN_P_003984	2	D_hard_sample	-0.33971865796339495	0.41587782002730994	0
layer24_mean	catboost	HPCLAS_TRAIN_P_003988	1	HPCLAS_TRAIN_P_003988	2	D_hard_sample	-1.1681456401041375	0.2371903320831957	0
layer24_mean	catboost	HPCLAS_TRAIN_P_004002	1	HPCLAS_TRAIN_P_004002	2	A_clean_core	5.199171352335887	0.9945091779804275	1
layer24_mean	catboost	HPCLAS_TRAIN_P_004007	1	HPCLAS_TRAIN_P_004007	2	A_clean_core	2.386043847407569	0.9157568674241057	1
layer24_mean	catboost	HPCLAS_TRAIN_P_004009	1	HPCLAS_TRAIN_P_004009	2	A_clean_core	-0.20383997798887937	0.44921572751014865	0
layer24_mean	catboost	HPCLAS_TRAIN_P_004016	1	HPCLAS_TRAIN_P_004016	2	A_clean_core	0.6916759995501542	0.666339657430731	1
layer24_mean	catboost	HPCLAS_TRAIN_P_004018	1	HPCLAS_TRAIN_P_004018	2	A_clean_core	2.532072788417831	0.9263598783543405	1
layer24_mean	catboost	HPCLAS_TRAIN_P_004027	1	HPCLAS_TRAIN_N_001566	2	B_ambiguous	0.2097842824253593	0.5522545698076105	1
layer24_mean	catboost	HPCLAS_TRAIN_P_004033	1	HPCLAS_TRAIN_P_004033	2	A_clean_core	-0.24387048253601	0.43933275274207295	0
layer24_mean	catboost	HPCLAS_TRAIN_P_004048	1	HPCLAS_TRAIN_P_004048	2	A_clean_core	6.626582229146864	0.998677069642871	1
layer24_mean	catboost	HPCLAS_TRAIN_P_004056	1	HPCLAS_TRAIN_P_004056	2	A_clean_core	-0.04282868507103434	0.4892944651091042	0
layer24_mean	catboost	HPCLAS_TRAIN_P_004062	1	HPCLAS_TRAIN_P_004062	2	A_clean_core	-1.023432845689894	0.2643592633997949	0
layer24_mean	catboost	HPCLAS_TRAIN_P_004067	1	HPCLAS_TRAIN_P_004067	2	D_hard_sample	0.4368943003689392	0.6075187563934664	1
layer24_mean	catboost	HPCLAS_TRAIN_P_004073	1	HPCLAS_TRAIN_P_004073	2	A_clean_core	0.39331147040508935	0.5970796135670522	1
layer24_mean	catboost	HPCLAS_TRAIN_P_004076	1	HPCLAS_TRAIN_P_004076	2	A_clean_core	0.527549950407656	0.6289114957440476	1
layer24_mean	catboost	HPCLAS_TRAIN_P_004084	1	HPCLAS_TRAIN_P_004084	2	A_clean_core	1.277006128565524	0.7819397223390591	1
layer24_mean	catboost	HPCLAS_TRAIN_P_004093	1	HPCLAS_TRAIN_P_004093	2	A_clean_core	1.6122862937082894	0.83372856631834	1
layer24_mean	catboost	HPCLAS_TRAIN_P_004094	1	HPCLAS_TRAIN_P_004094	2	D_hard_sample	0.3501455966437894	0.5866528852788541	1
layer24_mean	catboost	HPCLAS_TRAIN_P_004100	1	HPCLAS_TRAIN_P_004100	2	A_clean_core	1.293596318521045	0.7847552813436246	1
layer24_mean	catboost	HPCLAS_TRAIN_P_004103	1	HPCLAS_TRAIN_P_004103	2	D_hard_sample	-1.4567678905088846	0.18896216576087513	0
layer24_mean	catboost	HPCLAS_TRAIN_P_004112	1	HPCLAS_TRAIN_P_004112	2	A_clean_core	0.46196276356493465	0.613479694803049	1
layer24_mean	catboost	HPCLAS_TRAIN_P_004114	1	HPCLAS_TRAIN_P_004114	2	A_clean_core	3.395583617147753	0.9675662269796408	1
layer24_mean	catboost	HPCLAS_TRAIN_P_004120	1	HPCLAS_TRAIN_P_004120	2	A_clean_core	4.058927850524043	0.9830255835592192	1
layer24_mean	catboost	HPCLAS_TRAIN_P_004125	1	HPCLAS_TRAIN_P_004125	2	A_clean_core	-0.42754931907350285	0.3947116831285803	0
layer24_mean	catboost	HPCLAS_TRAIN_P_004134	1	HPCLAS_TRAIN_P_004134	2	A_clean_core	3.2332910467939238	0.9620680363317431	1
layer24_mean	catboost	HPCLAS_TRAIN_P_004140	1	HPCLAS_TRAIN_P_004140	2	A_clean_core	5.847913800640538	0.9971223910572027	1
layer24_mean	catboost	HPCLAS_TRAIN_P_004143	1	HPCLAS_TRAIN_P_004143	2	A_clean_core	2.2070396878124736	0.90087989835918	1
layer24_mean	catboost	HPCLAS_TRAIN_P_004144	1	HPCLAS_TRAIN_P_004144	2	A_clean_core	-0.7428130561498104	0.32238931236329804	0
layer24_mean	catboost	HPCLAS_TRAIN_P_004145	1	HPCLAS_TRAIN_P_004145	2	A_clean_core	6.407065485774824	0.998352858611179	1
layer24_mean	catboost	HPCLAS_TRAIN_P_004149	1	HPCLAS_TRAIN_P_004149	2	A_clean_core	3.338630351749254	0.9657305426174411	1
layer24_mean	catboost	HPCLAS_TRAIN_P_004155	1	HPCLAS_TRAIN_P_004155	2	A_clean_core	3.0624505077401807	0.9553170171278689	1
layer24_mean	catboost	HPCLAS_TRAIN_P_004162	1	HPCLAS_TRAIN_P_004162	2	A_clean_core	4.702385452698174	0.9910079834154389	1
layer24_mean	catboost	HPCLAS_TRAIN_P_004165	1	HPCLAS_TRAIN_N_003947	2	B_ambiguous	1.8508493642831028	0.8642267972463091	1
layer24_mean	catboost	HPCLAS_TRAIN_P_004176	1	HPCLAS_TRAIN_N_005007	2	B_ambiguous	0.27986669527980573	0.5695135422081512	1
layer24_mean	catboost	HPCLAS_TRAIN_P_004177	1	HPCLAS_TRAIN_P_004177	2	A_clean_core	1.868428379750067	0.8662763231548107	1
layer24_mean	catboost	HPCLAS_TRAIN_P_004190	1	HPCLAS_TRAIN_P_004190	2	A_clean_core	3.4541300851972676	0.9693540702001162	1
layer24_mean	catboost	HPCLAS_TRAIN_P_004197	1	HPCLAS_TRAIN_P_004197	2	A_clean_core	0.617250366690692	0.6495929293905341	1
layer24_mean	catboost	HPCLAS_TRAIN_P_004199	1	HPCLAS_TRAIN_P_004199	2	D_hard_sample	-0.5002400761417427	0.3774842516725347	0
layer24_mean	catboost	HPCLAS_TRAIN_P_004203	1	HPCLAS_TRAIN_P_004203	2	A_clean_core	0.6593477879294897	0.6591138628421462	1
layer24_mean	catboost	HPCLAS_TRAIN_P_004204	1	HPCLAS_TRAIN_P_004204	2	A_clean_core	5.729406600366708	0.9967615172256464	1
layer24_mean	catboost	HPCLAS_TRAIN_P_004205	1	HPCLAS_TRAIN_P_004205	2	D_hard_sample	0.31767615062249416	0.5787578080857104	1
layer24_mean	catboost	HPCLAS_TRAIN_P_004208	1	HPCLAS_TRAIN_P_004208	2	A_clean_core	-0.005023630686308489	0.4987440949696807	0
layer24_mean	catboost	HPCLAS_TRAIN_P_004217	1	HPCLAS_TRAIN_P_004217	2	A_clean_core	0.6854877043427511	0.6649623935328237	1
layer24_mean	catboost	HPCLAS_TRAIN_P_004219	1	HPCLAS_TRAIN_P_004219	2	A_clean_core	-0.14213882903785774	0.4645249990797882	0
layer24_mean	catboost	HPCLAS_TRAIN_P_004222	1	HPCLAS_TRAIN_P_004222	2	A_clean_core	2.7038704635737862	0.9372546451969722	1
layer24_mean	catboost	HPCLAS_TRAIN_P_004225	1	HPCLAS_TRAIN_P_004225	2	D_hard_sample	-1.8991717643070456	0.13020224301481317	0
layer24_mean	catboost	HPCLAS_TRAIN_P_004248	1	HPCLAS_TRAIN_P_004248	2	B_ambiguous	-0.9359171330774756	0.28172579994641217	0
layer24_mean	catboost	HPCLAS_TRAIN_P_004249	1	HPCLAS_TRAIN_P_004249	2	A_clean_core	4.350992434412165	0.9872701293075243	1
layer24_mean	catboost	HPCLAS_TRAIN_P_004250	1	HPCLAS_TRAIN_P_004250	2	A_clean_core	2.332149262157881	0.9115048576958064	1
layer24_mean	catboost	HPCLAS_TRAIN_P_004266	1	HPCLAS_TRAIN_P_004266	2	A_clean_core	3.9668094806687137	0.981418079990687	1
layer24_mean	catboost	HPCLAS_TRAIN_P_004279	1	HPCLAS_TRAIN_P_004279	2	A_clean_core	2.3734106472898993	0.9147771308184977	1
layer24_mean	catboost	HPCLAS_TRAIN_P_004284	1	HPCLAS_TRAIN_P_004284	2	A_clean_core	2.1922345592855597	0.8995500011081612	1
layer24_mean	catboost	HPCLAS_TRAIN_P_004289	1	HPCLAS_TRAIN_P_004289	2	A_clean_core	1.6636834979029866	0.8407318493417567	1
layer24_mean	catboost	HPCLAS_TRAIN_P_004299	1	HPCLAS_TRAIN_P_004299	2	A_clean_core	2.4719397891304746	0.92215113335157	1
layer24_mean	catboost	HPCLAS_TRAIN_P_004300	1	HPCLAS_TRAIN_P_004300	2	A_clean_core	-0.5931171857986528	0.3559199472047295	0
layer24_mean	catboost	HPCLAS_TRAIN_P_004309	1	HPCLAS_TRAIN_P_004309	2	A_clean_core	0.16937360279935884	0.5422424633525638	1
layer24_mean	catboost	HPCLAS_TRAIN_P_004322	1	HPCLAS_TRAIN_P_004322	2	B_ambiguous	1.9942786553238172	0.8801950635375799	1
layer24_mean	catboost	HPCLAS_TRAIN_P_004329	1	HPCLAS_TRAIN_P_004329	2	A_clean_core	5.315803614069706	0.9951106940193263	1
layer24_mean	catboost	HPCLAS_TRAIN_P_004351	1	HPCLAS_TRAIN_P_004351	2	A_clean_core	-0.3231296664460628	0.41991321408350285	0
layer24_mean	catboost	HPCLAS_TRAIN_P_004355	1	HPCLAS_TRAIN_P_004355	2	A_clean_core	4.474123417749365	0.9887282889158936	1
layer24_mean	catboost	HPCLAS_TRAIN_P_004356	1	HPCLAS_TRAIN_P_004356	2	A_clean_core	0.9495791773891323	0.7210305393219878	1
layer24_mean	catboost	HPCLAS_TRAIN_P_004364	1	HPCLAS_TRAIN_P_004364	2	D_hard_sample	0.02470694616952704	0.5061764223544787	1
layer24_mean	catboost	HPCLAS_TRAIN_P_004374	1	HPCLAS_TRAIN_P_004374	2	A_clean_core	2.333309999040595	0.9115984423768344	1
layer24_mean	catboost	HPCLAS_TRAIN_P_004387	1	HPCLAS_TRAIN_P_004387	2	A_clean_core	0.5165860194067208	0.6263491175663769	1
layer24_mean	catboost	HPCLAS_TRAIN_P_004397	1	HPCLAS_TRAIN_P_004397	2	D_hard_sample	3.6883951430907436	0.9755982290875168	1
layer24_mean	catboost	HPCLAS_TRAIN_P_004401	1	HPCLAS_TRAIN_P_004401	2	D_hard_sample	0.36665749872528963	0.5906510660560035	1
layer24_mean	catboost	HPCLAS_TRAIN_P_004410	1	HPCLAS_TRAIN_P_004410	2	A_clean_core	7.189402914724284	0.9992460293901637	1
layer24_mean	catboost	HPCLAS_TRAIN_P_004411	1	HPCLAS_TRAIN_P_004411	2	D_hard_sample	0.0992436935941899	0.524790579228105	1
layer24_mean	catboost	HPCLAS_TRAIN_P_004413	1	HPCLAS_TRAIN_P_004413	2	A_clean_core	1.3089782021905343	0.7873421218984469	1
layer24_mean	catboost	HPCLAS_TRAIN_P_004417	1	HPCLAS_TRAIN_P_004417	2	A_clean_core	5.136893713170409	0.9941584110051102	1
layer24_mean	catboost	HPCLAS_TRAIN_P_004430	1	HPCLAS_TRAIN_P_004430	2	A_clean_core	4.272679124472311	0.9862473970934894	1
layer24_mean	catboost	HPCLAS_TRAIN_P_004432	1	HPCLAS_TRAIN_P_004432	2	A_clean_core	3.4380138050359563	0.9688716692288234	1
layer24_mean	catboost	HPCLAS_TRAIN_P_004434	1	HPCLAS_TRAIN_P_004434	2	A_clean_core	4.033951148849637	0.9826037479225923	1
layer24_mean	catboost	HPCLAS_TRAIN_P_004454	1	HPCLAS_TRAIN_P_004454	2	A_clean_core	6.3882968699545115	0.9983217044856442	1
layer24_mean	catboost	HPCLAS_TRAIN_P_004459	1	HPCLAS_TRAIN_P_004459	2	A_clean_core	-0.5896103248889276	0.3567242688647291	0
layer24_mean	catboost	HPCLAS_TRAIN_P_004502	1	HPCLAS_TRAIN_P_004502	2	A_clean_core	5.415364132818174	0.9955719766412364	1
layer24_mean	catboost	HPCLAS_TRAIN_P_004504	1	HPCLAS_TRAIN_P_004504	2	D_hard_sample	-1.7109074021885424	0.15304605857164286	0
layer24_mean	catboost	HPCLAS_TRAIN_P_004509	1	HPCLAS_TRAIN_P_004509	2	A_clean_core	1.5639242599513437	0.8269157377678246	1
layer24_mean	catboost	HPCLAS_TRAIN_P_004515	1	HPCLAS_TRAIN_P_004515	2	A_clean_core	5.6543495364621	0.9965099725179889	1
layer24_mean	catboost	HPCLAS_TRAIN_P_004535	1	HPCLAS_TRAIN_P_004535	2	A_clean_core	6.262667887499852	0.9980974729052955	1
layer24_mean	catboost	HPCLAS_TRAIN_P_004560	1	HPCLAS_TRAIN_P_004560	2	A_clean_core	2.547458608381368	0.9274025960552058	1
layer24_mean	catboost	HPCLAS_TRAIN_P_004565	1	HPCLAS_TRAIN_P_004565	2	D_hard_sample	0.44776920801537606	0.6101087124475234	1
layer24_mean	catboost	HPCLAS_TRAIN_P_004569	1	HPCLAS_TRAIN_P_004569	2	A_clean_core	1.1778783313742618	0.7645661076783129	1
layer24_mean	catboost	HPCLAS_TRAIN_P_004576	1	HPCLAS_TRAIN_P_004576	2	A_clean_core	0.25947976253329125	0.5645084016129864	1
layer24_mean	catboost	HPCLAS_TRAIN_P_004581	1	HPCLAS_TRAIN_P_004581	2	D_hard_sample	0.1969035945608954	0.5490674679826294	1
layer24_mean	catboost	HPCLAS_TRAIN_P_004587	1	HPCLAS_TRAIN_P_004587	2	D_hard_sample	-0.5487827216829532	0.3661468729486196	0
layer24_mean	catboost	HPCLAS_TRAIN_P_004602	1	HPCLAS_TRAIN_P_004602	2	A_clean_core	1.4811134484311037	0.8147407016102345	1
layer24_mean	catboost	HPCLAS_TRAIN_P_004609	1	HPCLAS_TRAIN_P_004609	2	A_clean_core	0.4740741110194799	0.6163475894128101	1
layer24_mean	catboost	HPCLAS_TRAIN_P_004610	1	HPCLAS_TRAIN_P_004610	2	A_clean_core	4.511035674559419	0.9891323286756318	1
layer24_mean	catboost	HPCLAS_TRAIN_P_004611	1	HPCLAS_TRAIN_P_004611	2	A_clean_core	0.31721978571138937	0.578646543597536	1
layer24_mean	catboost	HPCLAS_TRAIN_P_004620	1	HPCLAS_TRAIN_P_004620	2	A_clean_core	0.4570464737947494	0.612313284185812	1
layer24_mean	catboost	HPCLAS_TRAIN_P_004624	1	HPCLAS_TRAIN_P_004624	2	D_hard_sample	-0.8458416520037823	0.30030589279519415	0
layer24_mean	catboost	HPCLAS_TRAIN_P_004632	1	HPCLAS_TRAIN_P_004632	2	A_clean_core	2.373757669123514	0.9148041807232159	1
layer24_mean	catboost	HPCLAS_TRAIN_P_004633	1	HPCLAS_TRAIN_P_004633	2	A_clean_core	-0.013657033203446838	0.4965857947655544	0
layer24_mean	catboost	HPCLAS_TRAIN_P_004639	1	HPCLAS_TRAIN_P_004639	2	A_clean_core	3.0802074941815993	0.956068900424539	1
layer24_mean	catboost	HPCLAS_TRAIN_P_004647	1	HPCLAS_TRAIN_P_004647	2	A_clean_core	3.4245240539687165	0.9684622436069806	1
layer24_mean	catboost	HPCLAS_TRAIN_P_004654	1	HPCLAS_TRAIN_P_004654	2	A_clean_core	6.884469525320993	0.9989774876182455	1
layer24_mean	catboost	HPCLAS_TRAIN_P_004655	1	HPCLAS_TRAIN_P_004655	2	A_clean_core	3.9234837671642495	0.9806112626701802	1
layer24_mean	catboost	HPCLAS_TRAIN_P_004671	1	HPCLAS_TRAIN_P_004671	2	A_clean_core	3.6034522431198357	0.9734922376747442	1
layer24_mean	catboost	HPCLAS_TRAIN_P_004687	1	HPCLAS_TRAIN_P_004687	2	D_hard_sample	1.064986864362044	0.7436423876074448	1
layer24_mean	catboost	HPCLAS_TRAIN_P_004689	1	HPCLAS_TRAIN_P_004689	2	A_clean_core	3.030538765721515	0.9539348538157469	1
layer24_mean	catboost	HPCLAS_TRAIN_P_004691	1	HPCLAS_TRAIN_P_004691	2	A_clean_core	2.728249266852718	0.9386731320474099	1
layer24_mean	catboost	HPCLAS_TRAIN_P_004703	1	HPCLAS_TRAIN_P_004703	2	A_clean_core	0.9227842074019944	0.7156090673315143	1
layer24_mean	catboost	HPCLAS_TRAIN_P_004710	1	HPCLAS_TRAIN_P_004710	2	A_clean_core	0.945867903084235	0.7202834211865685	1
layer24_mean	catboost	HPCLAS_TRAIN_P_004716	1	HPCLAS_TRAIN_P_004716	2	D_hard_sample	0.6909518775827201	0.666178643196717	1
layer24_mean	catboost	HPCLAS_TRAIN_P_004720	1	HPCLAS_TRAIN_P_004720	2	A_clean_core	1.4607309936416846	0.8116444528976117	1
layer24_mean	catboost	HPCLAS_TRAIN_P_004732	1	HPCLAS_TRAIN_N_003648	2	B_ambiguous	-0.7113889336616077	0.32929200929356056	0
layer24_mean	catboost	HPCLAS_TRAIN_P_004736	1	HPCLAS_TRAIN_P_004736	2	A_clean_core	3.177684184468097	0.9599858031843901	1
layer24_mean	catboost	HPCLAS_TRAIN_P_004737	1	HPCLAS_TRAIN_P_004737	2	A_clean_core	4.329010099277028	0.9869908793575927	1
layer24_mean	catboost	HPCLAS_TRAIN_P_004748	1	HPCLAS_TRAIN_P_004748	2	A_clean_core	-0.3078319043316735	0.4236440344504412	0
layer24_mean	catboost	HPCLAS_TRAIN_P_004760	1	HPCLAS_TRAIN_P_004760	2	A_clean_core	5.30223101544777	0.9950442121554564	1
layer24_mean	catboost	HPCLAS_TRAIN_P_004763	1	HPCLAS_TRAIN_P_004763	2	A_clean_core	0.6422526018320321	0.6552624866678005	1
layer24_mean	catboost	HPCLAS_TRAIN_P_004768	1	HPCLAS_TRAIN_P_004768	2	A_clean_core	4.334785990166323	0.9870648329006927	1
layer24_mean	catboost	HPCLAS_TRAIN_P_004772	1	HPCLAS_TRAIN_P_004772	2	A_clean_core	4.161043995950956	0.9846480837102878	1
layer24_mean	catboost	HPCLAS_TRAIN_P_004800	1	HPCLAS_TRAIN_P_004800	2	A_clean_core	3.514123172608858	0.971086955945555	1
layer24_mean	catboost	HPCLAS_TRAIN_P_004806	1	HPCLAS_TRAIN_P_004806	2	A_clean_core	3.8053671220842786	0.9782333045023204	1
layer24_mean	catboost	HPCLAS_TRAIN_P_004813	1	HPCLAS_TRAIN_P_004813	2	A_clean_core	4.351679137280903	0.9872787567791413	1
layer24_mean	catboost	HPCLAS_TRAIN_P_004815	1	HPCLAS_TRAIN_P_004815	2	A_clean_core	3.053636890091712	0.9549392819946971	1
layer24_mean	catboost	HPCLAS_TRAIN_P_004818	1	HPCLAS_TRAIN_P_004818	2	A_clean_core	3.0849552837722163	0.9562678818535139	1
layer24_mean	catboost	HPCLAS_TRAIN_P_004820	1	HPCLAS_TRAIN_P_004820	2	A_clean_core	1.1199843681148842	0.7539858168832565	1
layer24_mean	catboost	HPCLAS_TRAIN_P_004827	1	HPCLAS_TRAIN_P_004827	2	A_clean_core	3.070354194297663	0.9556531856497786	1
layer24_mean	catboost	HPCLAS_TRAIN_P_004828	1	HPCLAS_TRAIN_N_004024	2	B_ambiguous	-0.2942027042128223	0.42697528823341796	0
layer24_mean	catboost	HPCLAS_TRAIN_P_004830	1	HPCLAS_TRAIN_P_004830	2	A_clean_core	0.3488118272131758	0.5863294204892892	1
layer24_mean	catboost	HPCLAS_TRAIN_P_004839	1	HPCLAS_TRAIN_P_004839	2	D_hard_sample	0.7153811257808926	0.6715890997498056	1
layer24_mean	catboost	HPCLAS_TRAIN_P_004841	1	HPCLAS_TRAIN_P_004841	2	A_clean_core	1.3838388452334742	0.7996068280237177	1
layer24_mean	catboost	HPCLAS_TRAIN_P_004842	1	HPCLAS_TRAIN_P_004842	2	A_clean_core	5.16599076841447	0.9943249842949254	1
layer24_mean	catboost	HPCLAS_TRAIN_P_004848	1	HPCLAS_TRAIN_P_004848	2	A_clean_core	2.432290601612245	0.9192567133180636	1
layer24_mean	catboost	HPCLAS_TRAIN_P_004850	1	HPCLAS_TRAIN_P_004850	2	A_clean_core	3.4356721698383375	0.9688009694241972	1
layer24_mean	catboost	HPCLAS_TRAIN_P_004854	1	HPCLAS_TRAIN_P_004854	2	A_clean_core	3.6541325242166582	0.974769132848474	1
layer24_mean	catboost	HPCLAS_TRAIN_P_004855	1	HPCLAS_TRAIN_P_004855	2	D_hard_sample	1.5076672389484858	0.8187152344371844	1
layer24_mean	catboost	HPCLAS_TRAIN_P_004871	1	HPCLAS_TRAIN_P_004871	2	A_clean_core	1.07063852436815	0.7447183265401298	1
layer24_mean	catboost	HPCLAS_TRAIN_P_004872	1	HPCLAS_TRAIN_P_004872	2	D_hard_sample	0.6745157895976815	0.6625135814086568	1
layer24_mean	catboost	HPCLAS_TRAIN_P_004880	1	HPCLAS_TRAIN_P_004880	2	D_hard_sample	-0.20347277353192797	0.4493065832818241	0
layer24_mean	catboost	HPCLAS_TRAIN_P_004892	1	HPCLAS_TRAIN_P_004892	2	A_clean_core	0.013294943822873594	0.5033236869991908	1
layer24_mean	catboost	HPCLAS_TRAIN_P_004899	1	HPCLAS_TRAIN_P_004899	2	D_hard_sample	1.9074314171677562	0.8707303058442046	1
layer24_mean	catboost	HPCLAS_TRAIN_P_004904	1	HPCLAS_TRAIN_P_004904	2	A_clean_core	4.617832879455509	0.9902223745387314	1
layer24_mean	catboost	HPCLAS_TRAIN_P_004905	1	HPCLAS_TRAIN_P_004905	2	A_clean_core	-0.4022154255000841	0.4007801766720117	0
layer24_mean	catboost	HPCLAS_TRAIN_P_004909	1	HPCLAS_TRAIN_P_004909	2	D_hard_sample	1.2547158577531987	0.7781151310817058	1
layer24_mean	catboost	HPCLAS_TRAIN_P_004910	1	HPCLAS_TRAIN_P_004910	2	A_clean_core	3.3144794102548856	0.9649222130538373	1
layer24_mean	catboost	HPCLAS_TRAIN_P_004916	1	HPCLAS_TRAIN_P_004916	2	A_clean_core	0.9243009823047255	0.7159176493580218	1
layer24_mean	catboost	HPCLAS_TRAIN_P_004924	1	HPCLAS_TRAIN_P_004924	2	A_clean_core	2.1763331266187786	0.8981039942705632	1
layer24_mean	catboost	HPCLAS_TRAIN_P_004931	1	HPCLAS_TRAIN_P_004931	2	A_clean_core	1.0800239822847355	0.7464985217355722	1
layer24_mean	catboost	HPCLAS_TRAIN_P_004959	1	HPCLAS_TRAIN_P_004959	2	A_clean_core	1.2525621349783118	0.777743063875396	1
layer24_mean	catboost	HPCLAS_TRAIN_P_004961	1	HPCLAS_TRAIN_P_004961	2	D_hard_sample	0.36462295400961553	0.590159058410792	1
layer24_mean	catboost	HPCLAS_TRAIN_P_004962	1	HPCLAS_TRAIN_P_004962	2	A_clean_core	1.8687349342356392	0.8663118309465739	1
layer24_mean	catboost	HPCLAS_TRAIN_P_004966	1	HPCLAS_TRAIN_P_004966	2	A_clean_core	4.944596283640603	0.9929285719537606	1
layer24_mean	catboost	HPCLAS_TRAIN_P_004969	1	HPCLAS_TRAIN_P_004969	2	A_clean_core	3.1067849299927826	0.9571717507845908	1
layer24_mean	catboost	HPCLAS_TRAIN_P_004974	1	HPCLAS_TRAIN_P_004974	2	D_hard_sample	-0.8968576997962339	0.2896966688264527	0
layer24_mean	catboost	HPCLAS_TRAIN_P_004983	1	HPCLAS_TRAIN_P_004983	2	A_clean_core	0.4125648587421784	0.601702724108155	1
layer24_mean	catboost	HPCLAS_TRAIN_P_004985	1	HPCLAS_TRAIN_P_004985	2	A_clean_core	0.29578789847584336	0.5734125121395511	1
layer24_mean	catboost	HPCLAS_TRAIN_P_004987	1	HPCLAS_TRAIN_P_004987	2	A_clean_core	-0.5120332885433722	0.3747169963238933	0
layer24_mean	catboost	HPCLAS_TRAIN_P_004990	1	HPCLAS_TRAIN_P_004990	2	D_hard_sample	2.800146320716477	0.942683730484668	1
layer24_mean	catboost	HPCLAS_TRAIN_P_004997	1	HPCLAS_TRAIN_P_004997	2	A_clean_core	2.515293601100087	0.9252070278562847	1
layer24_mean	catboost	HPCLAS_TRAIN_P_004999	1	HPCLAS_TRAIN_P_004999	2	A_clean_core	1.5072898148498832	0.8186592101877279	1
layer24_mean	catboost	HPCLAS_TRAIN_P_005012	1	HPCLAS_TRAIN_P_005012	2	D_hard_sample	3.7830091331803035	0.9777521129189362	1
layer24_mean	catboost	HPCLAS_TRAIN_P_005014	1	HPCLAS_TRAIN_P_005014	2	B_ambiguous	-0.5848534995949943	0.3578165697716462	0
layer24_mean	catboost	HPCLAS_TRAIN_P_005019	1	HPCLAS_TRAIN_P_005019	2	A_clean_core	-0.6556419328239034	0.341719269285574	0
layer24_mean	catboost	HPCLAS_TRAIN_P_005025	1	HPCLAS_TRAIN_P_005025	2	A_clean_core	2.355391882158517	0.9133618499244318	1
layer24_mean	catboost	HPCLAS_TRAIN_P_005027	1	HPCLAS_TRAIN_P_005027	2	A_clean_core	2.7894343691212757	0.942102199736659	1
layer24_mean	catboost	HPCLAS_TRAIN_P_005056	1	HPCLAS_TRAIN_P_005056	2	A_clean_core	2.339265772746367	0.9120772235648313	1
layer24_mean	catboost	HPCLAS_TRAIN_P_005061	1	HPCLAS_TRAIN_P_005061	2	A_clean_core	-0.9703700560010612	0.27480674834468477	0
layer24_mean	catboost	HPCLAS_TRAIN_P_005063	1	HPCLAS_TRAIN_P_005063	2	D_hard_sample	-0.35217249889799074	0.41285569508389064	0
layer24_mean	catboost	HPCLAS_TRAIN_P_005070	1	HPCLAS_TRAIN_P_005070	2	D_hard_sample	3.4016728288189904	0.9677567744465658	1
layer24_mean	catboost	HPCLAS_TRAIN_P_005095	1	HPCLAS_TRAIN_P_005095	2	A_clean_core	3.0507670672992675	0.9548156314506661	1
layer24_mean	catboost	HPCLAS_TRAIN_P_005104	1	HPCLAS_TRAIN_P_005104	2	A_clean_core	2.7006930211664404	0.9370675251534624	1
layer24_mean	catboost	HPCLAS_TRAIN_P_005108	1	HPCLAS_TRAIN_P_005108	2	A_clean_core	2.7894803011788296	0.9421047050794882	1
layer24_mean	catboost	HPCLAS_TRAIN_P_005110	1	HPCLAS_TRAIN_P_005110	2	A_clean_core	0.04119844409369477	0.5102981544663728	1
layer24_mean	catboost	HPCLAS_TRAIN_P_005121	1	HPCLAS_TRAIN_P_005121	2	A_clean_core	5.808210054154242	0.9970061896994729	1
layer24_mean	catboost	HPCLAS_TRAIN_P_005122	1	HPCLAS_TRAIN_P_005122	2	A_clean_core	0.06284035226874671	0.5157049202977262	1
layer24_mean	catboost	HPCLAS_TRAIN_P_005127	1	HPCLAS_TRAIN_P_005127	2	A_clean_core	5.325453658828616	0.9951574217333621	1
layer24_mean	catboost	HPCLAS_TRAIN_P_005128	1	HPCLAS_TRAIN_P_005128	2	A_clean_core	-0.010631818568233064	0.4973420703946093	0
layer24_mean	catboost	HPCLAS_TRAIN_P_005136	1	HPCLAS_TRAIN_P_005136	2	A_clean_core	4.931791358195417	0.9928380932991769	1
layer24_mean	catboost	HPCLAS_TRAIN_P_005164	1	HPCLAS_TRAIN_P_005164	2	D_hard_sample	-0.2514157746416871	0.4374750594520251	0
layer24_mean	catboost	HPCLAS_TRAIN_P_005177	1	HPCLAS_TRAIN_P_005177	2	A_clean_core	3.3811705458185375	0.967110857640003	1
layer24_mean	catboost	HPCLAS_TRAIN_P_005179	1	HPCLAS_TRAIN_P_005179	2	A_clean_core	5.999485575813603	0.9975261076865297	1
layer24_mean	catboost	HPCLAS_TRAIN_P_005180	1	HPCLAS_TRAIN_N_001712	2	B_ambiguous	0.42119286423659635	0.6037686565347532	1
layer24_mean	catboost	HPCLAS_TRAIN_P_005183	1	HPCLAS_TRAIN_P_005183	2	A_clean_core	3.496298622748655	0.9705822701940552	1
layer24_mean	catboost	HPCLAS_TRAIN_P_005203	1	HPCLAS_TRAIN_P_005203	2	A_clean_core	3.208883454572576	0.9611672121545216	1
layer24_mean	catboost	HPCLAS_TRAIN_P_005206	1	HPCLAS_TRAIN_P_005206	2	D_hard_sample	-0.06938301683158143	0.48266120098665954	0
layer24_mean	catboost	HPCLAS_TRAIN_P_005211	1	HPCLAS_TRAIN_P_005211	2	A_clean_core	-0.3418894706677236	0.41535057518576246	0
layer24_mean	catboost	HPCLAS_TRAIN_P_005216	1	HPCLAS_TRAIN_P_005216	2	D_hard_sample	0.10177994506773673	0.5254230432799767	1
layer24_mean	catboost	HPCLAS_TRAIN_P_005221	1	HPCLAS_TRAIN_P_005221	2	A_clean_core	3.9635031510844003	0.9813576876007624	1
layer24_mean	catboost	HPCLAS_TRAIN_P_005230	1	HPCLAS_TRAIN_P_005230	2	A_clean_core	4.440173299903074	0.9883435801239493	1
layer24_mean	catboost	HPCLAS_TRAIN_P_005234	1	HPCLAS_TRAIN_P_005234	2	D_hard_sample	-1.139050213246159	0.2424947856632086	0
layer24_mean	catboost	HPCLAS_TRAIN_P_005240	1	HPCLAS_TRAIN_P_005240	2	A_clean_core	-0.8561466854318256	0.2981450416847994	0
layer24_mean	catboost	HPCLAS_TRAIN_P_005241	1	HPCLAS_TRAIN_P_005241	2	D_hard_sample	2.70542901375785	0.9373462385631575	1
layer24_mean	catboost	HPCLAS_TRAIN_P_005242	1	HPCLAS_TRAIN_P_005242	2	A_clean_core	5.352646378168475	0.9952867180205356	1
layer24_mean	catboost	HPCLAS_TRAIN_P_005243	1	HPCLAS_TRAIN_P_005243	2	A_clean_core	3.7252550412395573	0.9764605138715549	1
layer24_mean	catboost	HPCLAS_TRAIN_P_005244	1	HPCLAS_TRAIN_P_005244	2	A_clean_core	2.8736198342699417	0.946526857851064	1
layer24_mean	catboost	HPCLAS_TRAIN_P_005245	1	HPCLAS_TRAIN_P_005245	2	A_clean_core	2.7012153193343833	0.9370983190794459	1
layer24_mean	catboost	HPCLAS_TRAIN_P_005246	1	HPCLAS_TRAIN_P_005246	2	D_hard_sample	1.3564190330689503	0.7951770803331584	1
layer24_mean	catboost	HPCLAS_TRAIN_P_005251	1	HPCLAS_TRAIN_P_005251	2	A_clean_core	3.0404593358595795	0.9543688369899478	1
layer24_mean	catboost	HPCLAS_TRAIN_P_005252	1	HPCLAS_TRAIN_P_005252	2	D_hard_sample	1.1569950983016581	0.7607862798494913	1
layer24_mean	catboost	HPCLAS_TRAIN_P_005253	1	HPCLAS_TRAIN_P_005253	2	A_clean_core	-1.0743931064192214	0.2545685349053885	0
layer24_mean	catboost	HPCLAS_TRAIN_P_005267	1	HPCLAS_TRAIN_P_005267	2	D_hard_sample	1.7150963479706973	0.8474961361873958	1
layer24_mean	catboost	HPCLAS_TRAIN_P_005271	1	HPCLAS_TRAIN_P_005271	2	A_clean_core	5.8188162732293645	0.9970376813459985	1
layer24_mean	catboost	HPCLAS_TRAIN_P_005273	1	HPCLAS_TRAIN_P_001700	2	A_clean_core	0.9084599751130565	0.7126849226819214	1
layer24_mean	catboost	HPCLAS_TRAIN_P_005276	1	HPCLAS_TRAIN_P_005276	2	A_clean_core	3.1569181535364925	0.9591804525415184	1
layer24_mean	catboost	HPCLAS_TRAIN_P_005287	1	HPCLAS_TRAIN_P_005287	2	A_clean_core	5.310978915021634	0.995087163762863	1
layer24_mean	catboost	HPCLAS_TRAIN_P_005288	1	HPCLAS_TRAIN_P_005288	2	A_clean_core	0.6890261684104592	0.6657502580640994	1
layer24_mean	catboost	HPCLAS_TRAIN_P_005301	1	HPCLAS_TRAIN_P_005301	2	A_clean_core	-2.4813129714411133	0.07717863763014443	0
layer24_mean	catboost	HPCLAS_TRAIN_P_005314	1	HPCLAS_TRAIN_P_005314	2	A_clean_core	1.7038628460502443	0.8460385716889044	1
layer24_mean	catboost	HPCLAS_TRAIN_P_005319	1	HPCLAS_TRAIN_P_005319	2	D_hard_sample	-0.08192474148998269	0.4795302621793172	0
layer24_mean	catboost	HPCLAS_TRAIN_P_005321	1	HPCLAS_TRAIN_P_005321	2	A_clean_core	3.478319530295907	0.970064559044461	1
layer24_mean	catboost	HPCLAS_TRAIN_P_005322	1	HPCLAS_TRAIN_P_005322	2	A_clean_core	-0.1203785218644215	0.4699416586936208	0
layer24_mean	catboost	HPCLAS_TRAIN_P_005330	1	HPCLAS_TRAIN_P_005330	2	A_clean_core	2.854693124510633	0.9455607699628098	1
layer24_mean	catboost	HPCLAS_TRAIN_P_005337	1	HPCLAS_TRAIN_P_005337	2	A_clean_core	-0.3565978043527028	0.41178339033831424	0
layer24_mean	catboost	HPCLAS_TRAIN_P_005341	1	HPCLAS_TRAIN_P_005341	2	A_clean_core	4.068604495868972	0.9831862983813938	1
layer24_mean	catboost	HPCLAS_TRAIN_P_005343	1	HPCLAS_TRAIN_P_005343	2	A_clean_core	3.7974338429007726	0.9780637394974698	1
layer24_mean	catboost	HPCLAS_TRAIN_P_005346	1	HPCLAS_TRAIN_P_005346	2	A_clean_core	1.1505159242778358	0.7596051400080591	1
layer24_mean	catboost	HPCLAS_TRAIN_P_005351	1	HPCLAS_TRAIN_P_005351	2	D_hard_sample	2.914573403935628	0.9485621682961758	1
layer24_mean	catboost	HPCLAS_TRAIN_P_005364	1	HPCLAS_TRAIN_P_005364	2	A_clean_core	4.299361337773355	0.9866046442859185	1
layer24_mean	catboost	HPCLAS_TRAIN_P_005366	1	HPCLAS_TRAIN_P_005366	2	A_clean_core	1.781932783408363	0.8559353614650527	1
layer24_mean	catboost	HPCLAS_TRAIN_P_005371	1	HPCLAS_TRAIN_P_005371	2	D_hard_sample	-0.18056166936746568	0.45498182506581175	0
layer24_mean	catboost	HPCLAS_TRAIN_P_005375	1	HPCLAS_TRAIN_P_005375	2	A_clean_core	0.6810371343822522	0.6639701357293153	1
layer24_mean	catboost	HPCLAS_TRAIN_P_005389	1	HPCLAS_TRAIN_P_005389	2	A_clean_core	2.387911227694604	0.915900816967152	1
layer24_mean	catboost	HPCLAS_TRAIN_P_005393	1	HPCLAS_TRAIN_P_005393	2	A_clean_core	1.229206283944384	0.7736796252048953	1
layer24_mean	catboost	HPCLAS_TRAIN_P_005395	1	HPCLAS_TRAIN_P_005395	2	A_clean_core	3.567799937931715	0.9725565296845827	1
layer24_mean	catboost	HPCLAS_TRAIN_P_005398	1	HPCLAS_TRAIN_P_005398	2	A_clean_core	0.6769002387672598	0.6630465120488795	1
layer24_mean	catboost	HPCLAS_TRAIN_P_005400	1	HPCLAS_TRAIN_P_005400	2	A_clean_core	0.8613922659230303	0.7029514564982634	1
layer24_mean	catboost	HPCLAS_TRAIN_P_005410	1	HPCLAS_TRAIN_P_005410	2	A_clean_core	3.3794451600931623	0.9670559332730791	1
layer24_mean	catboost	HPCLAS_TRAIN_P_005411	1	HPCLAS_TRAIN_P_005411	2	A_clean_core	4.88272898258548	0.9924806586903736	1
layer24_mean	catboost	HPCLAS_TRAIN_P_005417	1	HPCLAS_TRAIN_P_005417	2	B_ambiguous	-1.416563419655187	0.19520089635145801	0
layer24_mean	catboost	HPCLAS_TRAIN_P_005427	1	HPCLAS_TRAIN_P_005427	2	D_hard_sample	1.1593952389603983	0.7612228092433541	1
layer24_mean	catboost	HPCLAS_TRAIN_P_005428	1	HPCLAS_TRAIN_P_005428	2	A_clean_core	5.81481961785428	0.9970258535712119	1
layer24_mean	catboost	HPCLAS_TRAIN_P_005431	1	HPCLAS_TRAIN_P_005431	2	A_clean_core	2.9886196952140653	0.9520573466017532	1
layer24_mean	catboost	HPCLAS_TRAIN_P_005439	1	HPCLAS_TRAIN_P_005439	2	A_clean_core	3.7668453307875036	0.9773977744512818	1
layer24_mean	catboost	HPCLAS_TRAIN_P_005440	1	HPCLAS_TRAIN_P_005440	2	D_hard_sample	0.4436882743976834	0.6091375209372228	1
layer24_mean	catboost	HPCLAS_TRAIN_P_005447	1	HPCLAS_TRAIN_P_005447	2	A_clean_core	4.556345389738449	0.9896087482786425	1
layer24_mean	catboost	HPCLAS_TRAIN_P_005461	1	HPCLAS_TRAIN_P_005461	2	A_clean_core	2.980287482945398	0.951675594095485	1
layer24_mean	catboost	HPCLAS_TRAIN_P_005464	1	HPCLAS_TRAIN_P_005464	2	D_hard_sample	2.4185478793856454	0.9182307811413803	1
layer24_mean	catboost	HPCLAS_TRAIN_P_005465	1	HPCLAS_TRAIN_P_005465	2	A_clean_core	2.516177971537655	0.9252682023834797	1
layer24_mean	catboost	HPCLAS_TRAIN_P_005467	1	HPCLAS_TRAIN_P_005467	2	A_clean_core	1.6754775595028348	0.842304756363756	1
layer24_mean	catboost	HPCLAS_TRAIN_P_005480	1	HPCLAS_TRAIN_P_005480	2	A_clean_core	6.388215569097565	0.9983215682622599	1
layer24_mean	catboost	HPCLAS_TRAIN_P_005488	1	HPCLAS_TRAIN_P_005488	2	A_clean_core	3.1608525900002755	0.9593342207614106	1
layer24_mean	catboost	HPCLAS_TRAIN_P_005504	1	HPCLAS_TRAIN_P_005504	2	A_clean_core	1.2107651793293532	0.7704343107095711	1
layer24_mean	catboost	HPCLAS_TRAIN_P_005507	1	HPCLAS_TRAIN_P_005507	2	D_hard_sample	2.2555575226162374	0.9051288387116571	1
layer24_mean	catboost	HPCLAS_TRAIN_P_005520	1	HPCLAS_TRAIN_P_005520	2	A_clean_core	2.729978671526527	0.938772611260863	1
layer24_mean	catboost	HPCLAS_TRAIN_P_005523	1	HPCLAS_TRAIN_P_005523	2	A_clean_core	3.940537340131035	0.9809328554710972	1
layer24_mean	catboost	HPCLAS_TRAIN_P_005538	1	HPCLAS_TRAIN_P_005538	2	D_hard_sample	-0.5988971236853688	0.3545960550081187	0
layer24_mean	catboost	HPCLAS_TRAIN_P_005556	1	HPCLAS_TRAIN_P_005556	2	A_clean_core	5.2309887972910305	0.9946802170782448	1
layer24_mean	catboost	HPCLAS_TRAIN_P_005566	1	HPCLAS_TRAIN_P_005566	2	A_clean_core	3.5394848331212283	0.9717905928643018	1
layer24_mean	catboost	HPCLAS_TRAIN_P_005583	1	HPCLAS_TRAIN_P_005583	2	A_clean_core	-1.8886939547941577	0.13139345560755955	0
layer24_mean	catboost	HPCLAS_TRAIN_P_005597	1	HPCLAS_TRAIN_P_005597	2	A_clean_core	4.304573370232513	0.986673351679592	1
layer24_mean	catboost	HPCLAS_TRAIN_P_005600	1	HPCLAS_TRAIN_P_005600	2	A_clean_core	0.9639839087994838	0.7239187405907459	1
layer24_mean	catboost	HPCLAS_TRAIN_P_005602	1	HPCLAS_TRAIN_P_005602	2	D_hard_sample	1.1041553368636634	0.7510378806236482	1
layer24_mean	catboost	HPCLAS_TRAIN_P_005609	1	HPCLAS_TRAIN_P_005609	2	D_hard_sample	-0.42015114237123674	0.3964805836590586	0
layer24_mean	catboost	HPCLAS_TRAIN_P_005613	1	HPCLAS_TRAIN_P_005613	2	A_clean_core	2.0340028641972276	0.8843211901846854	1
layer24_mean	catboost	HPCLAS_TRAIN_P_005622	1	HPCLAS_TRAIN_P_005622	2	A_clean_core	1.0229578108304505	0.7355483445950246	1
layer24_mean	catboost	HPCLAS_TRAIN_P_005629	1	HPCLAS_TRAIN_P_005629	2	D_hard_sample	4.202018850534293	0.9852553254417531	1
layer24_mean	catboost	HPCLAS_TRAIN_P_005635	1	HPCLAS_TRAIN_P_005635	2	A_clean_core	-0.7413391831392969	0.32271137072052036	0
layer24_mean	catboost	HPCLAS_TRAIN_P_005637	1	HPCLAS_TRAIN_P_005637	2	A_clean_core	0.25849903993920015	0.5642672868438567	1
layer24_mean	catboost	HPCLAS_TRAIN_P_005643	1	HPCLAS_TRAIN_P_005643	2	D_hard_sample	0.4734411480723501	0.6161979059262703	1
layer24_mean	catboost	HPCLAS_TRAIN_P_005646	1	HPCLAS_TRAIN_P_005646	2	A_clean_core	5.292684686249292	0.9949969138638379	1
layer24_mean	catboost	HPCLAS_TRAIN_P_005652	1	HPCLAS_TRAIN_P_005652	2	A_clean_core	-0.18156392946686467	0.4547333024915581	0
layer24_mean	catboost	HPCLAS_TRAIN_P_005656	1	HPCLAS_TRAIN_P_005656	2	A_clean_core	0.9303717637840451	0.7171507022180224	1
layer24_mean	catboost	HPCLAS_TRAIN_P_005666	1	HPCLAS_TRAIN_P_005666	2	A_clean_core	1.100895998356865	0.7504279510516587	1
layer24_mean	catboost	HPCLAS_TRAIN_P_005668	1	HPCLAS_TRAIN_P_005668	2	A_clean_core	1.1784824163811718	0.764674828484751	1
layer24_mean	catboost	HPCLAS_TRAIN_P_005680	1	HPCLAS_TRAIN_P_005680	2	A_clean_core	6.300505435927726	0.998167985559805	1
layer24_mean	catboost	HPCLAS_TRAIN_P_005688	1	HPCLAS_TRAIN_P_005688	2	A_clean_core	3.409720205309224	0.9680069385418256	1
layer24_mean	catboost	HPCLAS_TRAIN_P_005702	1	HPCLAS_TRAIN_P_005702	2	A_clean_core	1.0116254921521366	0.7333381401539456	1
layer24_mean	catboost	HPCLAS_TRAIN_P_005706	1	HPCLAS_TRAIN_P_005706	2	A_clean_core	2.790861030176528	0.9421799688196132	1
layer24_mean	catboost	HPCLAS_TRAIN_P_005709	1	HPCLAS_TRAIN_P_005709	2	A_clean_core	4.302055575557358	0.9866402044754254	1
layer24_mean	catboost	HPCLAS_TRAIN_P_005710	1	HPCLAS_TRAIN_P_005710	2	D_hard_sample	0.5962534210392829	0.6447986809900397	1
layer24_mean	catboost	HPCLAS_TRAIN_P_005717	1	HPCLAS_TRAIN_P_005717	2	A_clean_core	0.5155343641186919	0.6261029597883336	1
layer24_mean	catboost	HPCLAS_TRAIN_P_005725	1	HPCLAS_TRAIN_P_005725	2	A_clean_core	1.0993953863963162	0.7501468020764435	1
layer24_mean	catboost	HPCLAS_TRAIN_P_005728	1	HPCLAS_TRAIN_P_005728	2	D_hard_sample	2.346277371334279	0.9126378780086517	1
layer24_mean	catboost	HPCLAS_TRAIN_P_005731	1	HPCLAS_TRAIN_P_005731	2	A_clean_core	-0.33751944060720096	0.41641216015335036	0
layer24_mean	catboost	HPCLAS_TRAIN_P_005749	1	HPCLAS_TRAIN_P_005749	2	A_clean_core	-1.3177259917789577	0.21119687798109288	0
layer24_mean	catboost	HPCLAS_TRAIN_P_005768	1	HPCLAS_TRAIN_P_005768	2	A_clean_core	3.428504831407955	0.9685836025194464	1
layer24_mean	catboost	HPCLAS_TRAIN_P_005772	1	HPCLAS_TRAIN_P_005772	2	A_clean_core	1.0154606349833857	0.7340874435790467	1
layer24_mean	catboost	HPCLAS_TRAIN_P_005773	1	HPCLAS_TRAIN_P_005773	2	A_clean_core	3.8888543543133496	0.9799417846658126	1
layer24_mean	catboost	HPCLAS_TRAIN_P_005781	1	HPCLAS_TRAIN_P_005781	2	A_clean_core	1.009430796807301	0.7329087404838186	1
layer24_mean	catboost	HPCLAS_TRAIN_P_005793	1	HPCLAS_TRAIN_P_005793	2	A_clean_core	1.2377753506230635	0.7751765444732623	1
layer24_mean	catboost	HPCLAS_TRAIN_P_005794	1	HPCLAS_TRAIN_P_005794	2	A_clean_core	-2.0097763022755566	0.11818028818744353	0
layer24_mean	catboost	HPCLAS_TRAIN_P_005798	1	HPCLAS_TRAIN_P_005798	2	A_clean_core	1.552504061124349	0.8252751018547815	1
layer24_mean	catboost	HPCLAS_TRAIN_P_005801	1	HPCLAS_TRAIN_P_005801	2	A_clean_core	2.896909268282655	0.9476934393688521	1
layer24_mean	catboost	HPCLAS_TRAIN_P_005810	1	HPCLAS_TRAIN_P_005810	2	A_clean_core	2.076384436794472	0.8885865934481229	1
layer24_mean	catboost	HPCLAS_TRAIN_P_005812	1	HPCLAS_TRAIN_P_005812	2	A_clean_core	2.140709820891636	0.8947974481768054	1
layer24_mean	catboost	HPCLAS_TRAIN_P_005821	1	HPCLAS_TRAIN_P_005821	2	A_clean_core	2.5490991594645034	0.9275129720545092	1
layer24_mean	catboost	HPCLAS_TRAIN_P_005829	1	HPCLAS_TRAIN_P_005829	2	A_clean_core	-0.0468845444200936	0.48828101050132483	0
layer24_mean	catboost	HPCLAS_TRAIN_P_005830	1	HPCLAS_TRAIN_N_002121	2	B_ambiguous	1.1773931439082654	0.764478760407279	1
layer24_mean	catboost	HPCLAS_TRAIN_P_005839	1	HPCLAS_TRAIN_P_005839	2	A_clean_core	-0.002095060041899909	0.49947623518110407	0
layer24_mean	catboost	HPCLAS_TRAIN_P_005845	1	HPCLAS_TRAIN_P_005845	2	D_hard_sample	-0.16327158159552102	0.45927253915771876	0
layer24_mean	catboost	HPCLAS_TRAIN_P_005846	1	HPCLAS_TRAIN_P_005846	2	D_hard_sample	0.8867219039486431	0.7082132256747019	1
layer24_mean	catboost	HPCLAS_TRAIN_P_005852	1	HPCLAS_TRAIN_P_005852	2	A_clean_core	5.114815471266946	0.9940287834007386	1
layer24_mean	catboost	HPCLAS_TRAIN_P_005860	1	HPCLAS_TRAIN_P_005860	2	A_clean_core	1.4155174449571508	0.8046347312427733	1
layer24_mean	catboost	HPCLAS_TRAIN_P_005862	1	HPCLAS_TRAIN_P_005862	2	A_clean_core	1.4989835372892268	0.8174228254464696	1
layer24_mean	catboost	HPCLAS_TRAIN_P_005874	1	HPCLAS_TRAIN_P_005874	2	A_clean_core	0.15018503948512518	0.5374758456572184	1
layer24_mean	catboost	HPCLAS_TRAIN_P_005880	1	HPCLAS_TRAIN_P_005880	2	A_clean_core	6.193905085275332	0.9979623229912701	1
layer24_mean	catboost	HPCLAS_TRAIN_P_005882	1	HPCLAS_TRAIN_P_005882	2	A_clean_core	2.090599566993174	0.8899861434540036	1
layer24_mean	catboost	HPCLAS_TRAIN_P_005884	1	HPCLAS_TRAIN_P_005884	2	A_clean_core	2.5443187885794565	0.9271909174499975	1
layer24_mean	catboost	HPCLAS_TRAIN_P_005893	1	HPCLAS_TRAIN_P_005893	2	A_clean_core	2.7096495864898675	0.9375936484388692	1
layer24_mean	catboost	HPCLAS_TRAIN_P_005894	1	HPCLAS_TRAIN_P_005894	2	A_clean_core	6.114692304053945	0.9977947182952189	1
layer24_mean	catboost	HPCLAS_TRAIN_P_005906	1	HPCLAS_TRAIN_P_005906	2	A_clean_core	2.4216724934047935	0.9184650802036779	1
layer24_mean	catboost	HPCLAS_TRAIN_P_005910	1	HPCLAS_TRAIN_P_005910	2	D_hard_sample	-0.37370271588267695	0.4076466187780763	0
layer24_mean	catboost	HPCLAS_TRAIN_P_005915	1	HPCLAS_TRAIN_P_005915	2	D_hard_sample	3.015583776863122	0.9532732051894822	1
layer24_mean	catboost	HPCLAS_TRAIN_P_005921	1	HPCLAS_TRAIN_P_005921	2	D_hard_sample	-1.1821724972286745	0.23466180031769607	0
layer24_mean	catboost	HPCLAS_TRAIN_P_005927	1	HPCLAS_TRAIN_P_005927	2	D_hard_sample	0.8013691727786466	0.6902672842550318	1
layer24_mean	catboost	HPCLAS_TRAIN_P_005935	1	HPCLAS_TRAIN_P_005935	2	A_clean_core	5.848133041258216	0.9971230200619562	1
layer24_mean	catboost	HPCLAS_TRAIN_P_005951	1	HPCLAS_TRAIN_P_005951	2	D_hard_sample	1.537926056532435	0.823163032592042	1
layer24_mean	catboost	HPCLAS_TRAIN_P_005959	1	HPCLAS_TRAIN_P_005959	2	D_hard_sample	1.3777711562885309	0.7986327996250115	1
layer24_mean	catboost	HPCLAS_TRAIN_P_005963	1	HPCLAS_TRAIN_P_005963	2	D_hard_sample	1.2100503059053125	0.7703078499758961	1
layer24_mean	catboost	HPCLAS_TRAIN_P_005965	1	HPCLAS_TRAIN_P_005965	2	A_clean_core	3.6116190515953823	0.9737021700326369	1
layer24_mean	catboost	HPCLAS_TRAIN_P_005973	1	HPCLAS_TRAIN_P_005973	2	D_hard_sample	2.009029669858969	0.8817418802956428	1
layer24_mean	catboost	HPCLAS_TRAIN_P_005983	1	HPCLAS_TRAIN_P_005983	2	D_hard_sample	0.033965655887025645	0.5084905977114487	1
layer24_mean	catboost	HPCLAS_TRAIN_P_005990	1	HPCLAS_TRAIN_P_005990	2	D_hard_sample	0.5815875741400577	0.6414326252543008	1
layer24_mean	catboost	HPCLAS_TRAIN_P_005992	1	HPCLAS_TRAIN_P_005992	2	A_clean_core	-0.6845283391586268	0.3352513747649626	0
layer24_mean	catboost	HPCLAS_TRAIN_P_005994	1	HPCLAS_TRAIN_N_001412	2	B_ambiguous	0.20809045539612972	0.5518357011388664	1
layer24_mean	catboost	HPCLAS_TRAIN_P_006000	1	HPCLAS_TRAIN_P_006000	2	D_hard_sample	-0.006460480303058346	0.49838488554184257	0
layer24_mean	catboost	HPCLAS_TRAIN_P_006012	1	HPCLAS_TRAIN_P_006012	2	A_clean_core	3.7289098621810006	0.9765443751874635	1
layer24_mean	catboost	HPCLAS_TRAIN_P_006020	1	HPCLAS_TRAIN_P_006020	2	A_clean_core	0.696796087885435	0.667477041231793	1
layer24_mean	catboost	HPCLAS_TRAIN_P_006021	1	HPCLAS_TRAIN_P_006021	2	A_clean_core	3.5854505611873817	0.9730237216391979	1
layer24_mean	catboost	HPCLAS_TRAIN_P_006023	1	HPCLAS_TRAIN_P_006023	2	A_clean_core	2.3094894511578756	0.9096599078006335	1
layer24_mean	catboost	HPCLAS_TRAIN_P_006027	1	HPCLAS_TRAIN_P_006027	2	A_clean_core	-0.12305550052195303	0.4692748867401972	0
layer24_mean	catboost	HPCLAS_TRAIN_P_006029	1	HPCLAS_TRAIN_P_006029	2	D_hard_sample	-0.7708742443532285	0.31629002000332956	0
layer24_mean	catboost	HPCLAS_TRAIN_P_006030	1	HPCLAS_TRAIN_P_006030	2	D_hard_sample	-0.9359652850760908	0.28171605618500334	0
layer24_mean	catboost	HPCLAS_TRAIN_P_006036	1	HPCLAS_TRAIN_P_006036	2	A_clean_core	1.908538284451557	0.8708548426471424	1
layer24_mean	catboost	HPCLAS_TRAIN_P_006051	1	HPCLAS_TRAIN_P_006051	2	A_clean_core	-0.17250772776851248	0.4569797016350618	0
layer24_mean	catboost	HPCLAS_TRAIN_P_006052	1	HPCLAS_TRAIN_P_006052	2	A_clean_core	-0.14630977869004264	0.4634876656977986	0
layer24_mean	catboost	HPCLAS_TRAIN_P_006063	1	HPCLAS_TRAIN_P_006063	2	A_clean_core	3.6924243550129177	0.9756939662247088	1
layer24_mean	catboost	HPCLAS_TRAIN_P_006069	1	HPCLAS_TRAIN_P_006069	2	D_hard_sample	-0.8488226322106937	0.29967989559632047	0
layer24_mean	catboost	HPCLAS_TRAIN_P_006072	1	HPCLAS_TRAIN_P_006072	2	A_clean_core	2.6855851022739716	0.936170676289579	1
layer24_mean	catboost	HPCLAS_TRAIN_P_006077	1	HPCLAS_TRAIN_P_006077	2	A_clean_core	5.698024272607988	0.9966586195464616	1
layer24_mean	catboost	HPCLAS_TRAIN_P_006083	1	HPCLAS_TRAIN_P_006083	2	A_clean_core	3.7888027797287616	0.9778777934147354	1
layer24_mean	catboost	HPCLAS_TRAIN_P_006090	1	HPCLAS_TRAIN_P_006090	2	A_clean_core	-1.011798627285531	0.2666280040650603	0
layer24_mean	catboost	HPCLAS_TRAIN_P_006099	1	HPCLAS_TRAIN_P_006099	2	A_clean_core	0.4539187853967751	0.6115705553031088	1
layer24_mean	catboost	HPCLAS_TRAIN_P_006109	1	HPCLAS_TRAIN_P_006109	2	D_hard_sample	1.3022387981929795	0.7862115279938366	1
layer24_mean	catboost	HPCLAS_TRAIN_P_006110	1	HPCLAS_TRAIN_P_006110	2	A_clean_core	-0.748608040668906	0.32112467741037964	0
layer24_mean	catboost	HPCLAS_TRAIN_P_006112	1	HPCLAS_TRAIN_P_006112	2	A_clean_core	1.6319878481674241	0.8364417721014928	1
layer24_mean	catboost	HPCLAS_TRAIN_P_006115	1	HPCLAS_TRAIN_P_006115	2	A_clean_core	0.981619194575835	0.7274293817643458	1
layer24_mean	catboost	HPCLAS_TRAIN_P_006119	1	HPCLAS_TRAIN_P_006119	2	A_clean_core	3.7073377439336315	0.9760451431474754	1
layer24_mean	catboost	HPCLAS_TRAIN_P_006123	1	HPCLAS_TRAIN_P_006123	2	A_clean_core	5.766156144718925	0.9968780048907123	1
layer24_mean	catboost	HPCLAS_TRAIN_P_006131	1	HPCLAS_TRAIN_P_006131	2	A_clean_core	5.2395829099780595	0.9947254998867655	1
layer24_mean	catboost	HPCLAS_TRAIN_P_006135	1	HPCLAS_TRAIN_P_006135	2	A_clean_core	4.66562194395048	0.99067439378465	1
layer24_mean	catboost	HPCLAS_TRAIN_P_006144	1	HPCLAS_TRAIN_P_006144	2	A_clean_core	2.9056455045544602	0.948124809805327	1
layer24_mean	catboost	HPCLAS_TRAIN_P_006148	1	HPCLAS_TRAIN_P_006148	2	A_clean_core	2.827272903692023	0.944131930493274	1
layer24_mean	catboost	HPCLAS_TRAIN_P_006151	1	HPCLAS_TRAIN_P_006151	2	A_clean_core	0.42735010348409025	0.6052407204061332	1
layer24_mean	catboost	HPCLAS_TRAIN_P_006163	1	HPCLAS_TRAIN_P_006163	2	A_clean_core	5.098208805320184	0.9939294004484094	1
layer24_mean	catboost	HPCLAS_TRAIN_P_006164	1	HPCLAS_TRAIN_P_006164	2	A_clean_core	4.05565835609286	0.9829709415966692	1
layer24_mean	catboost	HPCLAS_TRAIN_P_006167	1	HPCLAS_TRAIN_P_006167	2	A_clean_core	0.21870713150514953	0.5544598750041648	1
layer24_mean	catboost	HPCLAS_TRAIN_P_006175	1	HPCLAS_TRAIN_P_006175	2	A_clean_core	1.5917537597032256	0.8308627017202351	1
layer24_mean	catboost	HPCLAS_TRAIN_P_006178	1	HPCLAS_TRAIN_P_006178	2	A_clean_core	5.178684589311869	0.9943961655043397	1
layer24_mean	catboost	HPCLAS_TRAIN_P_006187	1	HPCLAS_TRAIN_P_006187	2	D_hard_sample	2.6271492866654356	0.9325885540653693	1
layer24_mean	catboost	HPCLAS_TRAIN_P_006188	1	HPCLAS_TRAIN_P_006188	2	D_hard_sample	0.6464808407954998	0.6562169905794157	1
layer24_mean	catboost	HPCLAS_TRAIN_P_006190	1	HPCLAS_TRAIN_P_006190	2	A_clean_core	5.386853850061813	0.9954444989713488	1
layer24_mean	catboost	HPCLAS_TRAIN_P_006191	1	HPCLAS_TRAIN_P_006191	2	D_hard_sample	1.8172541281645196	0.8602363178718582	1
layer24_mean	catboost	HPCLAS_TRAIN_P_006192	1	HPCLAS_TRAIN_P_006192	2	B_ambiguous	-1.519914956062513	0.17947404290073518	0
layer24_mean	catboost	HPCLAS_TRAIN_P_006199	1	HPCLAS_TRAIN_P_006199	2	A_clean_core	-0.13954394838005957	0.46517051270952237	0
layer24_mean	catboost	HPCLAS_TRAIN_P_006202	1	HPCLAS_TRAIN_P_006202	2	A_clean_core	3.2413902693781225	0.9623624987095192	1
layer24_mean	catboost	HPCLAS_TRAIN_P_006206	1	HPCLAS_TRAIN_P_006206	2	A_clean_core	3.1354638183158556	0.9583321195228359	1
layer24_mean	catboost	HPCLAS_TRAIN_P_006208	1	HPCLAS_TRAIN_P_006208	2	D_hard_sample	0.9827779078446076	0.7276590660997397	1
layer24_mean	catboost	HPCLAS_TRAIN_P_006210	1	HPCLAS_TRAIN_P_006210	2	D_hard_sample	-1.5326135522656934	0.17761161366253964	0
layer24_mean	catboost	HPCLAS_TRAIN_P_006212	1	HPCLAS_TRAIN_P_006212	2	D_hard_sample	3.5156434167621797	0.9711296094069487	1
layer24_mean	catboost	HPCLAS_TRAIN_P_006214	1	HPCLAS_TRAIN_P_006214	2	A_clean_core	0.08969327800608735	0.5224082988347781	1
layer24_mean	catboost	HPCLAS_TRAIN_P_006217	1	HPCLAS_TRAIN_P_006217	2	D_hard_sample	-1.842821837577848	0.1367179004989642	0
layer24_mean	catboost	HPCLAS_TRAIN_P_006218	1	HPCLAS_TRAIN_P_006218	2	A_clean_core	6.067618882222075	0.997688671671635	1
layer24_mean	catboost	HPCLAS_TRAIN_P_006232	1	HPCLAS_TRAIN_P_006232	2	A_clean_core	1.1841409813775654	0.7656915461805027	1
layer24_mean	catboost	HPCLAS_TRAIN_P_006249	1	HPCLAS_TRAIN_P_006249	2	A_clean_core	1.7701206901874464	0.8544726794236411	1
layer24_mean	catboost	HPCLAS_TRAIN_P_006251	1	HPCLAS_TRAIN_P_006251	2	A_clean_core	-0.7952410677455061	0.31104441986736553	0
layer24_mean	catboost	HPCLAS_TRAIN_P_006265	1	HPCLAS_TRAIN_P_006265	2	D_hard_sample	4.935966961631756	0.9928677233838692	1
layer24_mean	catboost	HPCLAS_TRAIN_P_006275	1	HPCLAS_TRAIN_P_006275	2	D_hard_sample	-1.2195333041006582	0.2280185908105908	0
layer24_mean	catboost	HPCLAS_TRAIN_P_006285	1	HPCLAS_TRAIN_P_006285	2	D_hard_sample	1.3249611565678294	0.7900059295071792	1
layer24_mean	catboost	HPCLAS_TRAIN_P_006293	1	HPCLAS_TRAIN_N_004951	2	B_ambiguous	-0.009519583892568956	0.4976201219993673	0
layer24_mean	catboost	HPCLAS_TRAIN_P_006295	1	HPCLAS_TRAIN_P_006295	2	A_clean_core	4.127474542625918	0.9841322968751139	1
layer24_mean	catboost	HPCLAS_TRAIN_P_006307	1	HPCLAS_TRAIN_P_006307	2	A_clean_core	2.572290754203267	0.929056828546861	1
layer24_mean	catboost	HPCLAS_TRAIN_P_006315	1	HPCLAS_TRAIN_P_006315	2	D_hard_sample	2.5853903867609658	0.9299153906305562	1
layer24_mean	catboost	HPCLAS_TRAIN_P_006320	1	HPCLAS_TRAIN_P_006320	2	D_hard_sample	-0.050659945504850465	0.4873377215789768	0
layer24_mean	catboost	HPCLAS_TRAIN_P_006325	1	HPCLAS_TRAIN_P_006325	2	A_clean_core	0.23999779613923689	0.5597131061602809	1
layer24_mean	catboost	HPCLAS_TRAIN_P_006328	1	HPCLAS_TRAIN_P_006328	2	A_clean_core	5.507917298518556	0.9959618299357125	1
layer24_mean	catboost	HPCLAS_TRAIN_P_006333	1	HPCLAS_TRAIN_P_006333	2	A_clean_core	1.5212034108466341	0.8207156206048519	1
layer24_mean	catboost	HPCLAS_TRAIN_P_006336	1	HPCLAS_TRAIN_P_006336	2	A_clean_core	-1.0898332940556	0.2516496715090639	0
layer24_mean	catboost	HPCLAS_TRAIN_P_006350	1	HPCLAS_TRAIN_P_006350	2	A_clean_core	3.664865128556243	0.9750317527198241	1
layer24_mean	catboost	HPCLAS_TRAIN_P_006356	1	HPCLAS_TRAIN_P_006356	2	A_clean_core	-0.13186764437573636	0.46708077799007386	0
layer24_mean	catboost	HPCLAS_TRAIN_P_006358	1	HPCLAS_TRAIN_P_006358	2	B_ambiguous	0.33743826846955954	0.5835681138222066	1
layer24_mean	catboost	HPCLAS_TRAIN_P_006361	1	HPCLAS_TRAIN_P_006361	2	A_clean_core	0.6007561265776122	0.6458292770122335	1
layer24_mean	catboost	HPCLAS_TRAIN_P_006369	1	HPCLAS_TRAIN_P_006369	2	A_clean_core	2.3384386261653174	0.9120108701142509	1
layer24_mean	catboost	HPCLAS_TRAIN_P_006371	1	HPCLAS_TRAIN_P_006371	2	A_clean_core	-0.5977549761035427	0.35485748765693326	0
layer24_mean	catboost	HPCLAS_TRAIN_P_006372	1	HPCLAS_TRAIN_P_006372	2	A_clean_core	-0.12692043803785433	0.4683124164802314	0
layer24_mean	catboost	HPCLAS_TRAIN_P_006376	1	HPCLAS_TRAIN_P_006376	2	A_clean_core	5.2120954635170476	0.9945793031714064	1
layer24_mean	catboost	HPCLAS_TRAIN_P_006378	1	HPCLAS_TRAIN_P_006378	2	A_clean_core	5.635260073234737	0.996442949061635	1
layer24_mean	catboost	HPCLAS_TRAIN_P_006386	1	HPCLAS_TRAIN_P_006386	2	A_clean_core	0.6914096795595928	0.666280443586588	1
layer24_mean	catboost	HPCLAS_TRAIN_P_006387	1	HPCLAS_TRAIN_P_006387	2	A_clean_core	2.761452690517101	0.9405569053870849	1
layer24_mean	catboost	HPCLAS_TRAIN_P_006391	1	HPCLAS_TRAIN_N_004231	2	B_ambiguous	-1.1885480581000543	0.2335187149903795	0
layer24_mean	catboost	HPCLAS_TRAIN_P_006395	1	HPCLAS_TRAIN_P_006395	2	A_clean_core	0.397014759573611	0.5979702131897437	1
layer24_mean	catboost	HPCLAS_TRAIN_P_006414	1	HPCLAS_TRAIN_P_006414	2	D_hard_sample	1.1204969170140158	0.7540808778189586	1
layer24_mean	catboost	HPCLAS_TRAIN_P_006416	1	HPCLAS_TRAIN_P_006416	2	A_clean_core	3.377896244565357	0.9670065510377351	1
layer24_mean	catboost	HPCLAS_TRAIN_P_006429	1	HPCLAS_TRAIN_P_006429	2	D_hard_sample	1.5344025059869366	0.8226495404786061	1
layer24_mean	catboost	HPCLAS_TRAIN_P_006431	1	HPCLAS_TRAIN_P_006431	2	D_hard_sample	-0.3920930564716018	0.40321354167251433	0
layer24_mean	catboost	HPCLAS_TRAIN_P_006441	1	HPCLAS_TRAIN_P_006441	2	A_clean_core	1.878141425959645	0.8673975009211314	1
layer24_mean	catboost	HPCLAS_TRAIN_P_006443	1	HPCLAS_TRAIN_P_006443	2	A_clean_core	2.0061184144615596	0.881437977035575	1
layer24_mean	catboost	HPCLAS_TRAIN_P_006458	1	HPCLAS_TRAIN_P_006458	2	D_hard_sample	0.8275102185266023	0.6958282213981334	1
layer24_mean	catboost	HPCLAS_TRAIN_P_006464	1	HPCLAS_TRAIN_P_006464	2	A_clean_core	2.4741983238077925	0.9223131154793702	1
layer24_mean	catboost	HPCLAS_TRAIN_P_006465	1	HPCLAS_TRAIN_P_006465	2	A_clean_core	-0.32582269580458384	0.41925737139271485	0
layer24_mean	catboost	HPCLAS_TRAIN_P_006476	1	HPCLAS_TRAIN_P_006476	2	A_clean_core	2.2186204016966453	0.9019092116962947	1
layer24_mean	catboost	HPCLAS_TRAIN_P_006485	1	HPCLAS_TRAIN_P_006485	2	D_hard_sample	3.5917928678704856	0.973189699548578	1
layer24_mean	catboost	HPCLAS_TRAIN_P_006491	1	HPCLAS_TRAIN_P_006491	2	A_clean_core	2.647869230020148	0.933879540138816	1
layer24_mean	catboost	HPCLAS_TRAIN_P_006495	1	HPCLAS_TRAIN_P_006495	2	A_clean_core	1.643235673940247	0.8379747353991523	1
layer24_mean	catboost	HPCLAS_TRAIN_P_006501	1	HPCLAS_TRAIN_P_006501	2	A_clean_core	4.009178577707464	0.9821751933455973	1
layer24_mean	catboost	HPCLAS_TRAIN_P_006507	1	HPCLAS_TRAIN_P_006507	2	A_clean_core	5.0199582816318555	0.9934385349340601	1
layer24_mean	catboost	HPCLAS_TRAIN_P_006508	1	HPCLAS_TRAIN_P_006508	2	A_clean_core	2.1416002693625837	0.8948812410586248	1
layer24_mean	catboost	HPCLAS_TRAIN_P_006511	1	HPCLAS_TRAIN_P_006511	2	B_ambiguous	-0.9843533943418045	0.27202882962297853	0
layer24_mean	catboost	HPCLAS_TRAIN_P_006522	1	HPCLAS_TRAIN_P_006522	2	D_hard_sample	0.7719077231755019	0.6839334280129596	1
layer24_mean	catboost	HPCLAS_TRAIN_P_006529	1	HPCLAS_TRAIN_P_006529	2	A_clean_core	-2.5194681338292004	0.07450461099396291	0
layer24_mean	catboost	HPCLAS_TRAIN_P_006530	1	HPCLAS_TRAIN_P_006530	2	A_clean_core	-0.5620368954923075	0.36307629252384704	0
layer24_mean	catboost	HPCLAS_TRAIN_P_006532	1	HPCLAS_TRAIN_P_006532	2	D_hard_sample	1.9839223974723585	0.8790986712663412	1
layer24_mean	catboost	HPCLAS_TRAIN_P_006558	1	HPCLAS_TRAIN_P_006558	2	A_clean_core	-0.5908951384813765	0.35642949434011256	0
layer24_mean	catboost	HPCLAS_TRAIN_P_006560	1	HPCLAS_TRAIN_P_006560	2	A_clean_core	5.241877395793189	0.9947375246639668	1
layer24_mean	catboost	HPCLAS_TRAIN_P_006576	1	HPCLAS_TRAIN_P_006576	2	D_hard_sample	0.6950521362567031	0.6670898556674778	1
layer24_mean	catboost	HPCLAS_TRAIN_P_006579	1	HPCLAS_TRAIN_P_006579	2	D_hard_sample	-0.39562057808176826	0.4023649963338514	0
layer24_mean	catboost	HPCLAS_TRAIN_P_006582	1	HPCLAS_TRAIN_P_006582	2	A_clean_core	4.5649632102414754	0.9896969947947926	1
layer24_mean	catboost	HPCLAS_TRAIN_P_006591	1	HPCLAS_TRAIN_P_006591	2	A_clean_core	3.539710317310192	0.9717967735483557	1
layer24_mean	catboost	HPCLAS_TRAIN_P_006593	1	HPCLAS_TRAIN_P_006593	2	D_hard_sample	-0.8695832846978201	0.29534101918577355	0
layer24_mean	catboost	HPCLAS_TRAIN_P_006594	1	HPCLAS_TRAIN_P_006594	2	A_clean_core	3.636627610590779	0.9743350154936548	1
layer24_mean	catboost	HPCLAS_TRAIN_P_006599	1	HPCLAS_TRAIN_P_006599	2	A_clean_core	2.8359150874116774	0.9445860324819888	1
layer24_mean	catboost	HPCLAS_TRAIN_P_006608	1	HPCLAS_TRAIN_P_006608	2	A_clean_core	0.9825790465483238	0.7276196557041873	1
layer24_mean	catboost	HPCLAS_TRAIN_P_006616	1	HPCLAS_TRAIN_P_006616	2	A_clean_core	3.8384380952479855	0.9789264558349166	1
layer24_mean	catboost	HPCLAS_TRAIN_P_006624	1	HPCLAS_TRAIN_N_004089	2	B_ambiguous	0.2658569600710551	0.566075513355392	1
layer24_mean	catboost	HPCLAS_TRAIN_P_006625	1	HPCLAS_TRAIN_P_006625	2	A_clean_core	4.738964570058609	0.9913281595239496	1
layer24_mean	catboost	HPCLAS_TRAIN_P_006638	1	HPCLAS_TRAIN_P_006638	2	A_clean_core	1.676699873184719	0.8424670452553374	1
layer24_mean	catboost	HPCLAS_TRAIN_P_006639	1	HPCLAS_TRAIN_P_006639	2	A_clean_core	4.32773168689429	0.986974454468141	1
layer24_mean	catboost	HPCLAS_TRAIN_P_006640	1	HPCLAS_TRAIN_P_006640	2	D_hard_sample	0.18709167167733928	0.5466369599489393	1
layer24_mean	catboost	HPCLAS_TRAIN_P_006652	1	HPCLAS_TRAIN_P_006652	2	A_clean_core	1.6914419363811104	0.8444136944289863	1
layer24_mean	catboost	HPCLAS_TRAIN_P_006667	1	HPCLAS_TRAIN_P_006667	2	A_clean_core	2.435232658574317	0.9194748148096143	1
layer24_mean	catboost	HPCLAS_TRAIN_P_006682	1	HPCLAS_TRAIN_P_006682	2	A_clean_core	2.2303577715762404	0.9029427176209992	1
layer24_mean	catboost	HPCLAS_TRAIN_P_006687	1	HPCLAS_TRAIN_P_006687	2	A_clean_core	1.7355958377841265	0.8501267905998668	1
layer24_mean	catboost	HPCLAS_TRAIN_P_006692	1	HPCLAS_TRAIN_P_006692	2	D_hard_sample	0.09134824637364852	0.5228211945078419	1
layer24_mean	catboost	HPCLAS_TRAIN_P_006698	1	HPCLAS_TRAIN_P_006698	2	A_clean_core	5.840979257658381	0.9971024248268039	1
layer24_mean	catboost	HPCLAS_TRAIN_P_006699	1	HPCLAS_TRAIN_P_006699	2	D_hard_sample	3.132774744514048	0.9582246078778573	1
layer24_mean	catboost	HPCLAS_TRAIN_P_006702	1	HPCLAS_TRAIN_P_006702	2	A_clean_core	4.331869058661403	0.9870275369998648	1
layer24_mean	catboost	HPCLAS_TRAIN_P_006703	1	HPCLAS_TRAIN_P_006703	2	A_clean_core	6.620430034926049	0.9986689164978114	1
layer24_mean	catboost	HPCLAS_TRAIN_P_006721	1	HPCLAS_TRAIN_N_004829	2	B_ambiguous	-0.2119974503515421	0.44719824485885146	0
layer24_mean	catboost	HPCLAS_TRAIN_P_006732	1	HPCLAS_TRAIN_P_006732	2	D_hard_sample	0.01205277684412323	0.503013157734477	1
layer24_mean	catboost	HPCLAS_TRAIN_P_006734	1	HPCLAS_TRAIN_P_006734	2	A_clean_core	0.5819758971334722	0.6415219333989487	1
layer24_mean	catboost	HPCLAS_TRAIN_P_006736	1	HPCLAS_TRAIN_P_006736	2	A_clean_core	1.7417073380118817	0.8509037993024546	1
layer24_mean	catboost	HPCLAS_TRAIN_P_006738	1	HPCLAS_TRAIN_P_006738	2	A_clean_core	3.0391433960093157	0.9543114949002571	1
layer24_mean	catboost	HPCLAS_TRAIN_P_006747	1	HPCLAS_TRAIN_P_006747	2	A_clean_core	3.018769169911204	0.9534148887407546	1
layer24_mean	catboost	HPCLAS_TRAIN_P_006751	1	HPCLAS_TRAIN_P_006751	2	D_hard_sample	1.7716997455019803	0.8546689236767533	1
layer24_mean	catboost	HPCLAS_TRAIN_P_006753	1	HPCLAS_TRAIN_P_006753	2	A_clean_core	6.441000483648076	0.9984077290695392	1
layer24_mean	catboost	HPCLAS_TRAIN_P_006754	1	HPCLAS_TRAIN_P_006754	2	B_ambiguous	-0.5747114226484081	0.3601504009460539	0
layer24_mean	catboost	HPCLAS_TRAIN_P_006759	1	HPCLAS_TRAIN_P_006759	2	A_clean_core	4.4588888288448025	0.9885572343167945	1
layer24_mean	catboost	HPCLAS_TRAIN_P_006761	1	HPCLAS_TRAIN_P_006761	2	D_hard_sample	2.9809856077303167	0.9517076901442919	1
layer24_mean	catboost	HPCLAS_TRAIN_P_006763	1	HPCLAS_TRAIN_P_006763	2	A_clean_core	6.311363914895466	0.9981877349805002	1
layer24_mean	catboost	HPCLAS_TRAIN_P_006772	1	HPCLAS_TRAIN_P_006772	2	D_hard_sample	-0.6185276073969258	0.3501163981594888	0
layer24_mean	catboost	HPCLAS_TRAIN_P_006773	1	HPCLAS_TRAIN_P_006773	2	A_clean_core	0.04806310643547928	0.512013464043806	1
layer24_mean	catboost	HPCLAS_TRAIN_P_006775	1	HPCLAS_TRAIN_P_006775	2	D_hard_sample	1.6464131702282385	0.8384056906799692	1
layer24_mean	catboost	HPCLAS_TRAIN_P_006776	1	HPCLAS_TRAIN_P_006776	2	D_hard_sample	0.6395049014259714	0.6546415343238363	1
layer24_mean	catboost	HPCLAS_TRAIN_P_006778	1	HPCLAS_TRAIN_P_006778	2	A_clean_core	5.013207695209339	0.9933943849329124	1
layer24_mean	catboost	HPCLAS_TRAIN_P_006784	1	HPCLAS_TRAIN_P_006784	2	D_hard_sample	-1.9725788129756145	0.12211216653573911	0
layer24_mean	catboost	HPCLAS_TRAIN_P_006786	1	HPCLAS_TRAIN_P_006786	2	A_clean_core	6.848777960546529	0.9989403728198117	1
layer24_mean	catboost	HPCLAS_TRAIN_P_006789	1	HPCLAS_TRAIN_P_006789	2	A_clean_core	2.8164559408043175	0.9435586213308568	1
layer24_mean	catboost	HPCLAS_TRAIN_P_006791	1	HPCLAS_TRAIN_P_006791	2	D_hard_sample	2.431083307178082	0.9191670579577432	1
layer24_mean	catboost	HPCLAS_TRAIN_P_006793	1	HPCLAS_TRAIN_P_006793	2	D_hard_sample	3.140423305780127	0.9585297105830276	1
layer24_mean	catboost	HPCLAS_TRAIN_P_006794	1	HPCLAS_TRAIN_P_006794	2	A_clean_core	2.9799090595188007	0.9516581877458764	1
layer24_mean	catboost	HPCLAS_TRAIN_P_006799	1	HPCLAS_TRAIN_P_006799	2	A_clean_core	0.37301021355587605	0.5921861514058944	1
layer24_mean	catboost	HPCLAS_TRAIN_P_006800	1	HPCLAS_TRAIN_P_006800	2	A_clean_core	2.128043117706423	0.8935990916931071	1
layer24_mean	catboost	HPCLAS_TRAIN_P_006804	1	HPCLAS_TRAIN_P_006804	2	A_clean_core	2.823276871655572	0.9439207780123572	1
layer24_mean	catboost	HPCLAS_TRAIN_P_006805	1	HPCLAS_TRAIN_P_006805	2	A_clean_core	3.6069060425526787	0.9735812177157507	1
layer24_mean	catboost	HPCLAS_TRAIN_P_006810	1	HPCLAS_TRAIN_P_006810	2	A_clean_core	1.0239117396448925	0.7357338582463163	1
layer24_mean	catboost	HPCLAS_TRAIN_P_006821	1	HPCLAS_TRAIN_P_006821	2	D_hard_sample	1.2677404233161194	0.7803557002826436	1
layer24_mean	catboost	HPCLAS_TRAIN_P_006822	1	HPCLAS_TRAIN_P_006822	2	A_clean_core	1.1301800888866178	0.755872132329626	1
layer24_mean	catboost	HPCLAS_TRAIN_P_006831	1	HPCLAS_TRAIN_P_006831	2	A_clean_core	3.6514312306219963	0.9747026112302083	1
layer24_mean	catboost	HPCLAS_TRAIN_P_006838	1	HPCLAS_TRAIN_P_006838	2	D_hard_sample	0.35520021592580636	0.5878780471395588	1
layer24_mean	catboost	HPCLAS_TRAIN_P_006842	1	HPCLAS_TRAIN_P_006842	2	A_clean_core	3.152445045230799	0.9590049553641551	1
layer24_mean	catboost	HPCLAS_TRAIN_P_006848	1	HPCLAS_TRAIN_P_006848	2	A_clean_core	4.075198503400828	0.9832949573311696	1
layer24_mean	catboost	HPCLAS_TRAIN_P_006857	1	HPCLAS_TRAIN_P_006857	2	A_clean_core	3.781785755496648	0.9777254853240214	1
layer24_mean	catboost	HPCLAS_TRAIN_P_006869	1	HPCLAS_TRAIN_P_006869	2	A_clean_core	5.418282058488139	0.9955848214880489	1
layer24_mean	catboost	HPCLAS_TRAIN_P_006873	1	HPCLAS_TRAIN_P_006873	2	A_clean_core	-0.7994746590491231	0.3101379056095254	0
layer24_mean	catboost	HPCLAS_TRAIN_P_006875	1	HPCLAS_TRAIN_P_006875	2	A_clean_core	4.973728182138212	0.9931302095693287	1
layer24_mean	catboost	HPCLAS_TRAIN_P_006880	1	HPCLAS_TRAIN_P_006880	2	A_clean_core	7.009611463135269	0.9990976555299504	1
layer24_mean	catboost	HPCLAS_TRAIN_P_006882	1	HPCLAS_TRAIN_P_006882	2	A_clean_core	3.3500046995010933	0.9661049897316729	1
layer24_mean	catboost	HPCLAS_TRAIN_P_006885	1	HPCLAS_TRAIN_P_006885	2	A_clean_core	6.01440617417713	0.9975626563311449	1
layer24_mean	catboost	HPCLAS_TRAIN_P_006897	1	HPCLAS_TRAIN_P_006897	2	D_hard_sample	0.9102152296114681	0.7130442033688181	1
layer24_mean	catboost	HPCLAS_TRAIN_P_006899	1	HPCLAS_TRAIN_P_006899	2	A_clean_core	4.20279249204133	0.9852665601219234	1
layer24_mean	catboost	HPCLAS_TRAIN_P_006904	1	HPCLAS_TRAIN_P_006904	2	A_clean_core	3.506169909905158	0.970862812942628	1
layer24_mean	catboost	HPCLAS_TRAIN_P_006906	1	HPCLAS_TRAIN_P_006906	2	A_clean_core	2.237812128328487	0.903594036953417	1
layer24_mean	catboost	HPCLAS_TRAIN_P_006911	1	HPCLAS_TRAIN_P_006911	2	A_clean_core	6.72187602042651	0.9987971716928062	1
layer24_mean	catboost	HPCLAS_TRAIN_P_006913	1	HPCLAS_TRAIN_P_006913	2	D_hard_sample	0.24155079273179317	0.5600957822941853	1
layer24_mean	catboost	HPCLAS_TRAIN_P_006915	1	HPCLAS_TRAIN_P_006915	2	A_clean_core	5.332976467095907	0.9951935403956547	1
layer24_mean	catboost	HPCLAS_TRAIN_P_006916	1	HPCLAS_TRAIN_P_006916	2	A_clean_core	0.5221612019955136	0.6276529885945813	1
layer24_mean	catboost	HPCLAS_TRAIN_P_006917	1	HPCLAS_TRAIN_N_003201	2	B_ambiguous	-0.7638636199525759	0.3178080208884562	0
layer24_mean	catboost	HPCLAS_TRAIN_P_006924	1	HPCLAS_TRAIN_P_006924	2	A_clean_core	2.4999932396909896	0.924141346054611	1
layer24_mean	catboost	HPCLAS_TRAIN_P_006928	1	HPCLAS_TRAIN_P_006928	2	A_clean_core	2.7602227635698595	0.9404881033754139	1
layer24_mean	catboost	HPCLAS_TRAIN_P_006933	1	HPCLAS_TRAIN_P_006933	2	A_clean_core	4.325868472587651	0.9869504794608109	1
layer24_mean	catboost	HPCLAS_TRAIN_P_006942	1	HPCLAS_TRAIN_P_006942	2	A_clean_core	2.8840035523019822	0.9470499866734517	1
layer24_mean	catboost	HPCLAS_TRAIN_P_006943	1	HPCLAS_TRAIN_P_006943	2	A_clean_core	0.811396597955418	0.692407030985717	1
layer24_mean	catboost	HPCLAS_TRAIN_P_006944	1	HPCLAS_TRAIN_P_006944	2	A_clean_core	3.472808481420872	0.9699041067324957	1
layer24_mean	catboost	HPCLAS_TRAIN_P_006946	1	HPCLAS_TRAIN_P_006946	2	A_clean_core	0.9834577588135578	0.7277937722295721	1
layer24_mean	catboost	HPCLAS_TRAIN_P_006951	1	HPCLAS_TRAIN_P_006951	2	A_clean_core	0.3270375386790878	0.5810383902656806	1
layer24_mean	catboost	HPCLAS_TRAIN_P_006953	1	HPCLAS_TRAIN_P_006953	2	D_hard_sample	2.220398351598835	0.9020663927615289	1
layer24_mean	catboost	HPCLAS_TRAIN_P_006956	1	HPCLAS_TRAIN_P_006956	2	A_clean_core	4.632736642652208	0.990365623870426	1
layer24_mean	catboost	HPCLAS_TRAIN_P_006970	1	HPCLAS_TRAIN_P_006970	2	A_clean_core	2.615612014226816	0.9318596087085665	1
layer24_mean	catboost	HPCLAS_TRAIN_P_006982	1	HPCLAS_TRAIN_P_006982	2	D_hard_sample	-0.8547024516221678	0.2984473422938687	0
layer24_mean	catboost	HPCLAS_TRAIN_P_006991	1	HPCLAS_TRAIN_P_006991	2	A_clean_core	0.015341433794292592	0.5038352832263107	1
layer24_mean	catboost	HPCLAS_TRAIN_P_007006	1	HPCLAS_TRAIN_P_007006	2	A_clean_core	5.210835204794161	0.994572504485622	1
layer24_mean	catboost	HPCLAS_TRAIN_P_007012	1	HPCLAS_TRAIN_P_007012	2	A_clean_core	3.8872441704946605	0.979910110609837	1
layer24_mean	catboost	HPCLAS_TRAIN_P_007033	1	HPCLAS_TRAIN_P_007033	2	A_clean_core	1.362898280840528	0.7962303405289904	1
layer24_mean	catboost	HPCLAS_TRAIN_P_007034	1	HPCLAS_TRAIN_P_007034	2	D_hard_sample	-0.16990620702752726	0.4576253389604487	0
layer24_mean	catboost	HPCLAS_TRAIN_P_007042	1	HPCLAS_TRAIN_P_007042	2	D_hard_sample	-0.051503318925340116	0.4871270157073169	0
layer24_mean	catboost	HPCLAS_TRAIN_P_007043	1	HPCLAS_TRAIN_N_001097	2	B_ambiguous	0.3909706846067377	0.5965163499991122	1
layer24_mean	catboost	HPCLAS_TRAIN_P_007045	1	HPCLAS_TRAIN_P_007045	2	A_clean_core	1.9654621423479695	0.8771228667853468	1
layer24_mean	catboost	HPCLAS_TRAIN_P_007046	1	HPCLAS_TRAIN_P_007046	2	B_ambiguous	-1.6812035938305703	0.15693615899325702	0
layer24_mean	catboost	HPCLAS_TRAIN_P_007068	1	HPCLAS_TRAIN_P_007068	2	A_clean_core	1.9383147468432798	0.8741668839439442	1
layer24_mean	catboost	HPCLAS_TRAIN_P_007075	1	HPCLAS_TRAIN_P_007075	2	A_clean_core	0.6326638784688535	0.6530932429269393	1
layer24_mean	catboost	HPCLAS_TRAIN_P_007084	1	HPCLAS_TRAIN_P_007084	2	A_clean_core	6.050387834434703	0.9976485944163196	1
layer24_mean	catboost	HPCLAS_TRAIN_P_007094	1	HPCLAS_TRAIN_P_007094	2	D_hard_sample	-2.2093453064755995	0.0989144109204114	0
layer24_mean	catboost	HPCLAS_TRAIN_P_007101	1	HPCLAS_TRAIN_P_007101	2	A_clean_core	-0.40570052403750345	0.3999435015072841	0
layer24_mean	catboost	HPCLAS_TRAIN_P_007112	1	HPCLAS_TRAIN_P_007112	2	A_clean_core	2.0133202922061892	0.8821885446653508	1
layer24_mean	catboost	HPCLAS_TRAIN_P_007117	1	HPCLAS_TRAIN_P_007117	2	A_clean_core	1.2669927186951682	0.7802275163368234	1
layer24_mean	catboost	HPCLAS_TRAIN_P_007118	1	HPCLAS_TRAIN_P_007118	2	B_ambiguous	0.5812492819872296	0.6413548154153396	1
layer24_mean	catboost	HPCLAS_TRAIN_P_007129	1	HPCLAS_TRAIN_P_007129	2	A_clean_core	3.0992689785299894	0.9568625810666513	1
layer24_mean	catboost	HPCLAS_TRAIN_P_007138	1	HPCLAS_TRAIN_P_007138	2	A_clean_core	2.0065073025305016	0.8814786117821802	1
layer24_mean	catboost	HPCLAS_TRAIN_P_007139	1	HPCLAS_TRAIN_P_007139	2	D_hard_sample	2.8652282753798497	0.9461005345036962	1
layer24_mean	catboost	HPCLAS_TRAIN_P_007143	1	HPCLAS_TRAIN_P_007143	2	A_clean_core	3.1830854203126386	0.9601927664838803	1
layer24_mean	catboost	HPCLAS_TRAIN_P_007145	1	HPCLAS_TRAIN_P_007145	2	A_clean_core	5.744114135141377	0.9968086478817983	1
layer24_mean	catboost	HPCLAS_TRAIN_P_007152	1	HPCLAS_TRAIN_N_005070	2	B_ambiguous	-0.5204472366461113	0.3727476607491786	0
layer24_mean	catboost	HPCLAS_TRAIN_P_007160	1	HPCLAS_TRAIN_P_007160	2	A_clean_core	3.3114176230594436	0.9648184320640322	1
layer24_mean	catboost	HPCLAS_TRAIN_P_007163	1	HPCLAS_TRAIN_P_007163	2	A_clean_core	2.824568466348254	0.9439891085407597	1
layer24_mean	catboost	HPCLAS_TRAIN_P_007175	1	HPCLAS_TRAIN_N_003591	2	B_ambiguous	-0.35361211889125377	0.4125067665817585	0
layer24_mean	catboost	HPCLAS_TRAIN_P_007176	1	HPCLAS_TRAIN_P_007176	2	A_clean_core	0.5321936830793657	0.6299946082250898	1
layer24_mean	catboost	HPCLAS_TRAIN_P_007177	1	HPCLAS_TRAIN_P_007177	2	A_clean_core	3.087391256771024	0.9563696401683939	1
layer24_mean	catboost	HPCLAS_TRAIN_P_007182	1	HPCLAS_TRAIN_P_007182	2	A_clean_core	3.8686327444307578	0.9795404295074235	1
layer24_mean	catboost	HPCLAS_TRAIN_P_007183	1	HPCLAS_TRAIN_P_007183	2	D_hard_sample	-0.48823182686851146	0.38031019243049147	0
layer24_mean	catboost	HPCLAS_TRAIN_P_007189	1	HPCLAS_TRAIN_P_007189	2	A_clean_core	3.542840938868867	0.9718824503957552	1
layer24_mean	catboost	HPCLAS_TRAIN_P_007194	1	HPCLAS_TRAIN_P_007194	2	A_clean_core	-0.25924275029773186	0.4355498660494558	0
layer24_mean	catboost	HPCLAS_TRAIN_P_007196	1	HPCLAS_TRAIN_P_006899	2	A_clean_core	4.195930885774491	0.9851666221644423	1
layer24_mean	catboost	HPCLAS_TRAIN_P_007200	1	HPCLAS_TRAIN_P_007200	2	A_clean_core	-0.08049979152849113	0.479885912914737	0
layer24_mean	catboost	HPCLAS_TRAIN_P_007202	1	HPCLAS_TRAIN_P_007202	2	A_clean_core	2.6144477872745235	0.9317856462870314	1
layer24_mean	catboost	HPCLAS_TRAIN_P_007216	1	HPCLAS_TRAIN_P_007216	2	A_clean_core	-0.13745202734822498	0.46569099300500005	0
layer24_mean	catboost	HPCLAS_TRAIN_P_007218	1	HPCLAS_TRAIN_P_007218	2	B_ambiguous	-3.2822033980552225	0.0361867892017976	0
layer24_mean	catboost	HPCLAS_TRAIN_P_007226	1	HPCLAS_TRAIN_P_007226	2	A_clean_core	-1.3258280181926885	0.20985029728339408	0
layer24_mean	catboost	HPCLAS_TRAIN_P_007227	1	HPCLAS_TRAIN_P_007227	2	D_hard_sample	0.20358247437757576	0.5507205598669134	1
layer24_mean	catboost	HPCLAS_TRAIN_P_007229	1	HPCLAS_TRAIN_P_007229	2	A_clean_core	4.345723591581949	0.9872037411454632	1
layer24_mean	catboost	HPCLAS_TRAIN_P_007232	1	HPCLAS_TRAIN_P_007232	2	D_hard_sample	0.9762378581317065	0.7263610876858367	1
layer24_mean	catboost	HPCLAS_TRAIN_P_007241	1	HPCLAS_TRAIN_P_007241	2	A_clean_core	6.7312783374984795	0.9988084146520898	1
layer24_mean	catboost	HPCLAS_TRAIN_P_007250	1	HPCLAS_TRAIN_P_007250	2	A_clean_core	6.062701254953141	0.9976773038924257	1
layer24_mean	catboost	HPCLAS_TRAIN_P_007265	1	HPCLAS_TRAIN_P_007265	2	A_clean_core	2.3232054130410145	0.9107807530730851	1
layer24_mean	catboost	HPCLAS_TRAIN_P_007267	1	HPCLAS_TRAIN_P_007267	2	A_clean_core	3.541016123570202	0.9718325407906123	1
layer24_mean	catboost	HPCLAS_TRAIN_P_007268	1	HPCLAS_TRAIN_P_007268	2	A_clean_core	0.24387025303021584	0.5606671907261772	1
layer24_mean	catboost	HPCLAS_TRAIN_P_007271	1	HPCLAS_TRAIN_P_007271	2	A_clean_core	0.9417673707492743	0.7194565197911769	1
layer24_mean	catboost	HPCLAS_TRAIN_P_007273	1	HPCLAS_TRAIN_P_007273	2	A_clean_core	0.7445770282369258	0.6779959143860408	1
layer24_mean	catboost	HPCLAS_TRAIN_P_007274	1	HPCLAS_TRAIN_P_007274	2	D_hard_sample	-0.9806218701816809	0.272768408450425	0
layer24_mean	catboost	HPCLAS_TRAIN_P_007279	1	HPCLAS_TRAIN_P_007279	2	A_clean_core	5.259850007242293	0.9948307756886869	1
layer24_mean	catboost	HPCLAS_TRAIN_P_007290	1	HPCLAS_TRAIN_P_007290	2	A_clean_core	5.5190905453857075	0.9960065190965526	1
layer24_mean	catboost	HPCLAS_TRAIN_P_007291	1	HPCLAS_TRAIN_P_007291	2	A_clean_core	-0.3982813847068185	0.4017253256227887	0
layer24_mean	catboost	HPCLAS_TRAIN_P_007299	1	HPCLAS_TRAIN_P_007299	2	A_clean_core	1.9467625242307558	0.875093198739062	1
layer24_mean	catboost	HPCLAS_TRAIN_P_007308	1	HPCLAS_TRAIN_P_007308	2	A_clean_core	2.4048150997723083	0.9171937427592334	1
layer24_mean	catboost	HPCLAS_TRAIN_P_007309	1	HPCLAS_TRAIN_P_007309	2	A_clean_core	3.648702160000328	0.9746352321123344	1
layer24_mean	catboost	HPCLAS_TRAIN_P_007314	1	HPCLAS_TRAIN_P_007314	2	A_clean_core	5.23509205637589	0.9947018853904795	1
layer24_mean	catboost	HPCLAS_TRAIN_P_007317	1	HPCLAS_TRAIN_P_001530	2	A_clean_core	5.2333653462867735	0.9946927777737894	1
layer24_mean	catboost	HPCLAS_TRAIN_P_007319	1	HPCLAS_TRAIN_P_007319	2	A_clean_core	2.6014329795717686	0.9309537468633808	1
layer24_mean	catboost	HPCLAS_TRAIN_P_007320	1	HPCLAS_TRAIN_P_007320	2	A_clean_core	2.0646772274321386	0.8874222909208964	1
layer24_mean	catboost	HPCLAS_TRAIN_P_007330	1	HPCLAS_TRAIN_P_007330	2	A_clean_core	0.4452557242045542	0.6095106495900663	1
layer24_mean	catboost	HPCLAS_TRAIN_P_007332	1	HPCLAS_TRAIN_P_007332	2	A_clean_core	2.5401005351940755	0.92690563828781	1
layer24_mean	catboost	HPCLAS_TRAIN_P_007334	1	HPCLAS_TRAIN_P_007334	2	A_clean_core	4.164233871305954	0.984696228145104	1
layer24_mean	catboost	HPCLAS_TRAIN_P_007337	1	HPCLAS_TRAIN_P_007337	2	A_clean_core	5.88318416216806	0.9972218393004654	1
layer24_mean	catboost	HPCLAS_TRAIN_P_007351	1	HPCLAS_TRAIN_P_007351	2	D_hard_sample	3.0540419309339817	0.9549567077920057	1
layer24_mean	catboost	HPCLAS_TRAIN_P_007355	1	HPCLAS_TRAIN_P_007355	2	D_hard_sample	-1.422286156151076	0.1943034365929319	0
layer24_mean	catboost	HPCLAS_TRAIN_P_007358	1	HPCLAS_TRAIN_P_007358	2	A_clean_core	2.631096402836491	0.9328362746827614	1
layer24_mean	catboost	HPCLAS_TRAIN_P_007362	1	HPCLAS_TRAIN_P_007362	2	A_clean_core	0.9668069761941631	0.7244826031494691	1
layer24_mean	catboost	HPCLAS_TRAIN_P_007364	1	HPCLAS_TRAIN_P_007364	2	A_clean_core	3.868392585456426	0.9795356159327336	1
layer24_mean	catboost	HPCLAS_TRAIN_P_007367	1	HPCLAS_TRAIN_P_007367	2	A_clean_core	3.1131341861593365	0.95743127792875	1
layer24_mean	catboost	HPCLAS_TRAIN_P_007373	1	HPCLAS_TRAIN_P_007373	2	D_hard_sample	0.03719898157293672	0.5092986731536879	1
layer24_mean	catboost	HPCLAS_TRAIN_P_007374	1	HPCLAS_TRAIN_P_007374	2	A_clean_core	6.088936565569691	0.9977373120573346	1
layer24_mean	catboost	HPCLAS_TRAIN_P_007375	1	HPCLAS_TRAIN_P_007375	2	A_clean_core	6.3526404785747275	0.9982608888050792	1
layer24_mean	catboost	HPCLAS_TRAIN_P_007376	1	HPCLAS_TRAIN_P_007376	2	A_clean_core	5.355611192818215	0.9953006057611651	1
layer24_mean	catboost	HPCLAS_TRAIN_P_007378	1	HPCLAS_TRAIN_P_007378	2	A_clean_core	6.2753353128530955	0.9981213760350004	1
layer24_mean	catboost	HPCLAS_TRAIN_P_007387	1	HPCLAS_TRAIN_P_007387	2	A_clean_core	1.4053491855225473	0.8030313516229215	1
layer24_mean	catboost	HPCLAS_TRAIN_P_007390	1	HPCLAS_TRAIN_P_007390	2	A_clean_core	5.028195220359481	0.9934920090525254	1
layer24_mean	catboost	HPCLAS_TRAIN_P_007395	1	HPCLAS_TRAIN_P_007395	2	D_hard_sample	1.1701108126262334	0.7631650450458727	1
layer24_mean	catboost	HPCLAS_TRAIN_P_007396	1	HPCLAS_TRAIN_P_007396	2	A_clean_core	2.4640739509805325	0.9215845788899766	1
layer24_mean	catboost	HPCLAS_TRAIN_P_007397	1	HPCLAS_TRAIN_P_007397	2	A_clean_core	1.475694430206484	0.8139213688246952	1
layer24_mean	catboost	HPCLAS_TRAIN_P_007406	1	HPCLAS_TRAIN_P_007406	2	D_hard_sample	-0.6579735701882468	0.34119496769781493	0
layer24_mean	catboost	HPCLAS_TRAIN_P_007409	1	HPCLAS_TRAIN_P_007409	2	B_ambiguous	-1.525238152834537	0.17869146947706496	0
layer24_mean	catboost	HPCLAS_TRAIN_P_007410	1	HPCLAS_TRAIN_P_007410	2	A_clean_core	0.7476459198383966	0.6786655406794686	1
layer24_mean	catboost	HPCLAS_TRAIN_P_007414	1	HPCLAS_TRAIN_P_007414	2	A_clean_core	3.8284157879995586	0.9787187056987502	1
layer24_mean	catboost	HPCLAS_TRAIN_P_007434	1	HPCLAS_TRAIN_P_007434	2	D_hard_sample	-1.3918669708215614	0.1991098728505872	0
layer24_mean	catboost	HPCLAS_TRAIN_P_007436	1	HPCLAS_TRAIN_P_007436	2	A_clean_core	-0.1743590507849562	0.45652033392705027	0
layer24_mean	catboost	HPCLAS_TRAIN_P_007439	1	HPCLAS_TRAIN_P_007439	2	A_clean_core	2.569983378718893	0.9289045982400788	1
layer24_mean	catboost	HPCLAS_TRAIN_P_007442	1	HPCLAS_TRAIN_P_007442	2	D_hard_sample	2.156024282633305	0.8962303829610071	1
layer24_mean	catboost	HPCLAS_TRAIN_P_007445	1	HPCLAS_TRAIN_P_007445	2	D_hard_sample	0.3454273221226915	0.5855082790115339	1
layer24_mean	catboost	HPCLAS_TRAIN_P_007446	1	HPCLAS_TRAIN_P_007446	2	D_hard_sample	3.7229418421187566	0.9764072854718641	1
layer24_mean	catboost	HPCLAS_TRAIN_P_007459	1	HPCLAS_TRAIN_P_007459	2	A_clean_core	2.3617077772931183	0.9138603361383885	1
layer24_mean	catboost	HPCLAS_TRAIN_P_007462	1	HPCLAS_TRAIN_P_007462	2	D_hard_sample	-1.4474409276617501	0.1903957222051595	0
