clean_id	label	homology_group	fold	quality_tier	raw_score	probability_uncalibrated	prediction_at_fixed_boundary
HPCLAS_TRAIN_N_000016	0	HPCLAS_TRAIN_N_000016	0	A_clean_core	-5.355764712012743	0.004698676236578458	0
HPCLAS_TRAIN_N_000026	0	HPCLAS_TRAIN_N_000026	0	A_clean_core	-5.324714641152571	0.004846140990738926	0
HPCLAS_TRAIN_N_000028	0	HPCLAS_TRAIN_N_000028	0	A_clean_core	-0.7389223767826943	0.32323983522053157	0
HPCLAS_TRAIN_N_000031	0	HPCLAS_TRAIN_N_000031	0	A_clean_core	-5.015227018274843	0.006592377501052422	0
HPCLAS_TRAIN_N_000042	0	HPCLAS_TRAIN_N_000042	0	A_clean_core	-5.619350831537732	0.003613887324765776	0
HPCLAS_TRAIN_N_000049	0	HPCLAS_TRAIN_P_001569	0	B_ambiguous	2.0819818293308163	0.8891395337521433	1
HPCLAS_TRAIN_N_000054	0	HPCLAS_TRAIN_N_000054	0	A_clean_core	-5.04153945475039	0.006422277688952569	0
HPCLAS_TRAIN_N_000061	0	HPCLAS_TRAIN_N_000061	0	A_clean_core	-4.7198025563751225	0.008838129902468399	0
HPCLAS_TRAIN_N_000069	0	HPCLAS_TRAIN_N_000069	0	D_hard_sample	0.4006796179459211	0.5988509346698649	1
HPCLAS_TRAIN_N_000079	0	HPCLAS_TRAIN_N_000079	0	A_clean_core	-5.723774796914079	0.0032567131620610435	0
HPCLAS_TRAIN_N_000086	0	HPCLAS_TRAIN_N_000086	0	A_clean_core	-6.0276244280598785	0.00240541522177359	0
HPCLAS_TRAIN_N_000088	0	HPCLAS_TRAIN_N_000088	0	D_hard_sample	2.2476154025775013	0.9044446460582346	1
HPCLAS_TRAIN_N_000101	0	HPCLAS_TRAIN_N_000101	0	D_hard_sample	-3.8845357178785656	0.020143278125038567	0
HPCLAS_TRAIN_N_000102	0	HPCLAS_TRAIN_N_000102	0	D_hard_sample	-3.2508001181392094	0.03729814686736409	0
HPCLAS_TRAIN_N_000107	0	HPCLAS_TRAIN_N_000107	0	D_hard_sample	-0.2076333038808222	0.44827736107854815	0
HPCLAS_TRAIN_N_000114	0	HPCLAS_TRAIN_N_000114	0	A_clean_core	-3.4812155613425833	0.02985145659966032	0
HPCLAS_TRAIN_N_000124	0	HPCLAS_TRAIN_N_000124	0	A_clean_core	-4.976999313415807	0.006847508784410248	0
HPCLAS_TRAIN_N_000125	0	HPCLAS_TRAIN_N_000125	0	A_clean_core	-2.231143429858389	0.09698845130721709	0
HPCLAS_TRAIN_N_000128	0	HPCLAS_TRAIN_N_000128	0	D_hard_sample	-0.7178734990703661	0.32786142469925217	0
HPCLAS_TRAIN_N_000136	0	HPCLAS_TRAIN_N_000136	0	A_clean_core	-6.421047438491751	0.0016243085399224402	0
HPCLAS_TRAIN_N_000139	0	HPCLAS_TRAIN_N_000139	0	A_clean_core	-3.7531467133482557	0.022906833987111085	0
HPCLAS_TRAIN_N_000140	0	HPCLAS_TRAIN_N_000140	0	A_clean_core	-2.1670445015768194	0.10274918641146452	0
HPCLAS_TRAIN_N_000143	0	HPCLAS_TRAIN_P_000687	0	B_ambiguous	-1.5462791880914724	0.17562431884938612	0
HPCLAS_TRAIN_N_000147	0	HPCLAS_TRAIN_N_000147	0	A_clean_core	-3.1492702123364236	0.04112004349930198	0
HPCLAS_TRAIN_N_000150	0	HPCLAS_TRAIN_N_000150	0	A_clean_core	-4.944041299014069	0.00707532589425958	0
HPCLAS_TRAIN_N_000164	0	HPCLAS_TRAIN_N_000164	0	D_hard_sample	-2.2414514374382906	0.09608940140139854	0
HPCLAS_TRAIN_N_000165	0	HPCLAS_TRAIN_N_000165	0	A_clean_core	-4.116676589532897	0.01603720754785324	0
HPCLAS_TRAIN_N_000166	0	HPCLAS_TRAIN_N_000166	0	A_clean_core	-7.1961533312497075	0.0007489019328828563	0
HPCLAS_TRAIN_N_000171	0	HPCLAS_TRAIN_N_000171	0	D_hard_sample	-1.215384048478308	0.2287497922765809	0
HPCLAS_TRAIN_N_000172	0	HPCLAS_TRAIN_N_000172	0	D_hard_sample	-3.4239690791262882	0.031554711467358935	0
HPCLAS_TRAIN_N_000173	0	HPCLAS_TRAIN_N_000173	0	D_hard_sample	-0.7125398205284103	0.32903787577858395	0
HPCLAS_TRAIN_N_000175	0	HPCLAS_TRAIN_N_000175	0	A_clean_core	-5.077410436820779	0.006197389587037975	0
HPCLAS_TRAIN_N_000177	0	HPCLAS_TRAIN_N_000177	0	A_clean_core	-6.256654438581183	0.0019139803491014773	0
HPCLAS_TRAIN_N_000196	0	HPCLAS_TRAIN_N_000196	0	A_clean_core	-2.7886201151002066	0.057942230265717036	0
HPCLAS_TRAIN_N_000199	0	HPCLAS_TRAIN_N_000199	0	D_hard_sample	-3.8442719349498633	0.020953530916232622	0
HPCLAS_TRAIN_N_000203	0	HPCLAS_TRAIN_N_000203	0	A_clean_core	-4.128421371205633	0.015852924301935387	0
HPCLAS_TRAIN_N_000205	0	HPCLAS_TRAIN_N_000205	0	A_clean_core	-6.203109486684837	0.002019045159050276	0
HPCLAS_TRAIN_N_000208	0	HPCLAS_TRAIN_N_000208	0	A_clean_core	-2.425840508741671	0.08122333363907047	0
HPCLAS_TRAIN_N_000212	0	HPCLAS_TRAIN_N_000212	0	D_hard_sample	-3.5957756595739614	0.026706579021044015	0
HPCLAS_TRAIN_N_000217	0	HPCLAS_TRAIN_N_000217	0	A_clean_core	-2.9021096226254866	0.05204937537675472	0
HPCLAS_TRAIN_N_000225	0	HPCLAS_TRAIN_N_000225	0	A_clean_core	-5.6618219543758475	0.003464135736584038	0
HPCLAS_TRAIN_N_000226	0	HPCLAS_TRAIN_N_000226	0	A_clean_core	-5.215828252901229	0.005400609301250352	0
HPCLAS_TRAIN_N_000232	0	HPCLAS_TRAIN_N_000232	0	A_clean_core	-2.4260265795128544	0.0812094489843639	0
HPCLAS_TRAIN_N_000234	0	HPCLAS_TRAIN_N_000234	0	A_clean_core	-4.074753902319463	0.016712347248616383	0
HPCLAS_TRAIN_N_000235	0	HPCLAS_TRAIN_N_000235	0	A_clean_core	-5.047097751440129	0.006386907148121142	0
HPCLAS_TRAIN_N_000237	0	HPCLAS_TRAIN_N_000237	0	B_ambiguous	-1.661184054563137	0.15960311573281033	0
HPCLAS_TRAIN_N_000238	0	HPCLAS_TRAIN_N_000238	0	A_clean_core	-1.3104127232463685	0.2124177887842685	0
HPCLAS_TRAIN_N_000247	0	HPCLAS_TRAIN_N_000247	0	A_clean_core	-6.653962161445081	0.001287245986867009	0
HPCLAS_TRAIN_N_000254	0	HPCLAS_TRAIN_N_000254	0	A_clean_core	-3.7603944227034214	0.022745174650812505	0
HPCLAS_TRAIN_N_000256	0	HPCLAS_TRAIN_N_000256	0	D_hard_sample	-2.7084419469025636	0.062477050078163315	0
HPCLAS_TRAIN_N_000261	0	HPCLAS_TRAIN_N_000261	0	A_clean_core	-5.197480382994408	0.005500063575604369	0
HPCLAS_TRAIN_N_000262	0	HPCLAS_TRAIN_N_000262	0	A_clean_core	-2.327070348398016	0.08890568369266594	0
HPCLAS_TRAIN_N_000273	0	HPCLAS_TRAIN_N_000273	0	D_hard_sample	1.371469272518925	0.797617432930677	1
HPCLAS_TRAIN_N_000274	0	HPCLAS_TRAIN_N_000274	0	A_clean_core	-6.7469553320997315	0.0011730722781994462	0
HPCLAS_TRAIN_N_000276	0	HPCLAS_TRAIN_N_000276	0	A_clean_core	-3.241447682398957	0.03763542179326062	0
HPCLAS_TRAIN_N_000279	0	HPCLAS_TRAIN_N_000279	0	A_clean_core	-3.975765083780762	0.01841930216440467	0
HPCLAS_TRAIN_N_000289	0	HPCLAS_TRAIN_N_000289	0	A_clean_core	-5.418622469002256	0.004413682427066182	0
HPCLAS_TRAIN_N_000292	0	HPCLAS_TRAIN_N_000292	0	A_clean_core	-5.36512443718576	0.004655106858870849	0
HPCLAS_TRAIN_N_000300	0	HPCLAS_TRAIN_N_000300	0	A_clean_core	-3.1480930350387606	0.04116648372222291	0
HPCLAS_TRAIN_N_000309	0	HPCLAS_TRAIN_N_000309	0	A_clean_core	-2.276701653634978	0.09307098908014362	0
HPCLAS_TRAIN_N_000319	0	HPCLAS_TRAIN_P_006923	0	B_ambiguous	-2.0629632412629726	0.11274905683856289	0
HPCLAS_TRAIN_N_000322	0	HPCLAS_TRAIN_N_000322	0	A_clean_core	-3.1090028150778846	0.04273742138828588	0
HPCLAS_TRAIN_N_000328	0	HPCLAS_TRAIN_N_000328	0	A_clean_core	-5.54842596971413	0.003878479861524543	0
HPCLAS_TRAIN_N_000336	0	HPCLAS_TRAIN_N_000336	0	D_hard_sample	1.796018671651289	0.8576635992226883	1
HPCLAS_TRAIN_N_000342	0	HPCLAS_TRAIN_N_000342	0	A_clean_core	-6.023744366409487	0.0024147439302173532	0
HPCLAS_TRAIN_N_000351	0	HPCLAS_TRAIN_N_000351	0	B_ambiguous	-5.650405000232564	0.003503772878812354	0
HPCLAS_TRAIN_N_000355	0	HPCLAS_TRAIN_N_000355	0	A_clean_core	-5.916855935151336	0.0026864196160914784	0
HPCLAS_TRAIN_N_000363	0	HPCLAS_TRAIN_N_000363	0	A_clean_core	-2.225135344834109	0.09751592515737187	0
HPCLAS_TRAIN_N_000366	0	HPCLAS_TRAIN_N_000366	0	A_clean_core	-4.5841127092883625	0.010109560502673247	0
HPCLAS_TRAIN_N_000368	0	HPCLAS_TRAIN_N_000368	0	A_clean_core	-1.5891403074496193	0.16950488403196382	0
HPCLAS_TRAIN_N_000374	0	HPCLAS_TRAIN_N_000374	0	A_clean_core	-2.504187152658243	0.07556516586374042	0
HPCLAS_TRAIN_N_000377	0	HPCLAS_TRAIN_N_000377	0	A_clean_core	-2.491002152099013	0.07649137482960355	0
HPCLAS_TRAIN_N_000381	0	HPCLAS_TRAIN_N_000381	0	A_clean_core	-0.5429041798937849	0.36751225499777823	0
HPCLAS_TRAIN_N_000384	0	HPCLAS_TRAIN_N_000384	0	D_hard_sample	-0.2724467169019497	0.43230652848919066	0
HPCLAS_TRAIN_N_000391	0	HPCLAS_TRAIN_N_000391	0	D_hard_sample	-0.8610844838210323	0.29711281571408815	0
HPCLAS_TRAIN_N_000395	0	HPCLAS_TRAIN_N_000395	0	B_ambiguous	4.90303491618244	0.9926306922949444	1
HPCLAS_TRAIN_N_000400	0	HPCLAS_TRAIN_N_000400	0	D_hard_sample	-1.6532314769093468	0.16067268438514043	0
HPCLAS_TRAIN_N_000401	0	HPCLAS_TRAIN_N_000401	0	D_hard_sample	-2.447901662275663	0.07959213204119858	0
HPCLAS_TRAIN_N_000407	0	HPCLAS_TRAIN_N_000407	0	A_clean_core	-5.434131066661648	0.004346055643456328	0
HPCLAS_TRAIN_N_000408	0	HPCLAS_TRAIN_N_000408	0	A_clean_core	-6.616789308245384	0.0013359319599336177	0
HPCLAS_TRAIN_N_000415	0	HPCLAS_TRAIN_N_000415	0	A_clean_core	-7.349411384153293	0.0006425575660471459	0
HPCLAS_TRAIN_N_000416	0	HPCLAS_TRAIN_N_000416	0	D_hard_sample	0.7399617164756086	0.6769874846290784	1
HPCLAS_TRAIN_N_000417	0	HPCLAS_TRAIN_P_001196	0	B_ambiguous	-0.9136079264985064	0.28626211162478055	0
HPCLAS_TRAIN_N_000430	0	HPCLAS_TRAIN_N_000430	0	A_clean_core	-3.095667248726507	0.04328633090200597	0
HPCLAS_TRAIN_N_000433	0	HPCLAS_TRAIN_N_000433	0	A_clean_core	-7.58084340817252	0.0005098706923053349	0
HPCLAS_TRAIN_N_000434	0	HPCLAS_TRAIN_P_004166	0	B_ambiguous	0.2528253418552965	0.5628717912076948	1
HPCLAS_TRAIN_N_000454	0	HPCLAS_TRAIN_N_000454	0	A_clean_core	-5.321500875002905	0.004861664568491806	0
HPCLAS_TRAIN_N_000461	0	HPCLAS_TRAIN_N_000461	0	A_clean_core	-5.7237059962090076	0.00325693650414302	0
HPCLAS_TRAIN_N_000465	0	HPCLAS_TRAIN_N_000465	0	A_clean_core	-4.598217508929637	0.009969379679553197	0
HPCLAS_TRAIN_N_000479	0	HPCLAS_TRAIN_N_000479	0	D_hard_sample	0.7285616415007888	0.6744895553831669	1
HPCLAS_TRAIN_N_000484	0	HPCLAS_TRAIN_N_000484	0	A_clean_core	-5.029991258478105	0.0064963887035001085	0
HPCLAS_TRAIN_N_000486	0	HPCLAS_TRAIN_N_000486	0	A_clean_core	-4.631612995867469	0.009645103376648602	0
HPCLAS_TRAIN_N_000498	0	HPCLAS_TRAIN_N_000498	0	D_hard_sample	-1.1245415197163084	0.24516985031145658	0
HPCLAS_TRAIN_N_000517	0	HPCLAS_TRAIN_N_000517	0	A_clean_core	-2.667727478157931	0.06490475649683604	0
HPCLAS_TRAIN_N_000526	0	HPCLAS_TRAIN_N_000526	0	A_clean_core	-0.899299550729212	0.2891944611815439	0
HPCLAS_TRAIN_N_000531	0	HPCLAS_TRAIN_N_000531	0	A_clean_core	-0.8663757092667249	0.2960090007192418	0
HPCLAS_TRAIN_N_000537	0	HPCLAS_TRAIN_N_000537	0	A_clean_core	-6.360807047820062	0.0017249908580603333	0
HPCLAS_TRAIN_N_000539	0	HPCLAS_TRAIN_N_000539	0	A_clean_core	-6.157231172467403	0.002113632934202714	0
HPCLAS_TRAIN_N_000548	0	HPCLAS_TRAIN_N_000548	0	A_clean_core	-3.328785839785181	0.03459676011679462	0
HPCLAS_TRAIN_N_000549	0	HPCLAS_TRAIN_N_000549	0	A_clean_core	-5.139947836783708	0.005823879021437832	0
HPCLAS_TRAIN_N_000550	0	HPCLAS_TRAIN_P_000348	0	B_ambiguous	-4.170303029285956	0.015212580812013795	0
HPCLAS_TRAIN_N_000551	0	HPCLAS_TRAIN_N_000551	0	A_clean_core	-4.933521573376799	0.0071496142938870764	0
HPCLAS_TRAIN_N_000560	0	HPCLAS_TRAIN_N_000560	0	A_clean_core	-2.924638403413723	0.05094895175035835	0
HPCLAS_TRAIN_N_000564	0	HPCLAS_TRAIN_N_000564	0	D_hard_sample	0.6710703579190049	0.6617427888009102	1
HPCLAS_TRAIN_N_000569	0	HPCLAS_TRAIN_N_000569	0	A_clean_core	-3.349910192415286	0.03389810514678048	0
HPCLAS_TRAIN_N_000572	0	HPCLAS_TRAIN_N_000572	0	D_hard_sample	-4.3533251777835265	0.012700586491081361	0
HPCLAS_TRAIN_N_000574	0	HPCLAS_TRAIN_N_000574	0	A_clean_core	-5.389731083735494	0.004542472079620929	0
HPCLAS_TRAIN_N_000579	0	HPCLAS_TRAIN_N_000579	0	B_ambiguous	-0.46189091453278375	0.3865373423478405	0
HPCLAS_TRAIN_N_000580	0	HPCLAS_TRAIN_N_000580	0	A_clean_core	-7.8939319548564875	0.00037286099125681305	0
HPCLAS_TRAIN_N_000585	0	HPCLAS_TRAIN_N_000585	0	B_ambiguous	2.5933621203944974	0.9304331532856535	1
HPCLAS_TRAIN_N_000592	0	HPCLAS_TRAIN_N_000592	0	A_clean_core	-5.230633142723626	0.0053216651929304535	0
HPCLAS_TRAIN_N_000606	0	HPCLAS_TRAIN_N_000606	0	A_clean_core	-5.741818608644792	0.00319866290652129	0
HPCLAS_TRAIN_N_000610	0	HPCLAS_TRAIN_N_000610	0	A_clean_core	-0.6215173008082869	0.3494364437485974	0
HPCLAS_TRAIN_N_000613	0	HPCLAS_TRAIN_N_000613	0	D_hard_sample	-3.8544176500909995	0.020746405304140583	0
HPCLAS_TRAIN_N_000618	0	HPCLAS_TRAIN_N_000618	0	D_hard_sample	-1.18673829982422	0.23384279571139005	0
HPCLAS_TRAIN_N_000620	0	HPCLAS_TRAIN_N_000620	0	A_clean_core	-3.4792356598663314	0.029908848638217113	0
HPCLAS_TRAIN_N_000621	0	HPCLAS_TRAIN_N_000621	0	B_ambiguous	-2.406838922573633	0.08265267887440653	0
HPCLAS_TRAIN_N_000625	0	HPCLAS_TRAIN_N_000625	0	A_clean_core	-4.006100330505335	0.0178787778477912	0
HPCLAS_TRAIN_N_000631	0	HPCLAS_TRAIN_N_000631	0	A_clean_core	-6.60761860073284	0.0013482231568614105	0
HPCLAS_TRAIN_N_000642	0	HPCLAS_TRAIN_N_000642	0	A_clean_core	-2.3895393394083375	0.08397386015685998	0
HPCLAS_TRAIN_N_000648	0	HPCLAS_TRAIN_N_000648	0	D_hard_sample	-0.3532917433392621	0.41258441014953395	0
HPCLAS_TRAIN_N_000651	0	HPCLAS_TRAIN_N_000651	0	A_clean_core	-6.648081482743797	0.0012948283380643706	0
HPCLAS_TRAIN_N_000653	0	HPCLAS_TRAIN_N_000653	0	A_clean_core	-2.655876351245846	0.06562774616066813	0
HPCLAS_TRAIN_N_000654	0	HPCLAS_TRAIN_N_000654	0	A_clean_core	-5.55210664844479	0.003864285725615051	0
HPCLAS_TRAIN_N_000663	0	HPCLAS_TRAIN_N_000663	0	D_hard_sample	0.231474360689199	0.5576115820577817	1
HPCLAS_TRAIN_N_000667	0	HPCLAS_TRAIN_N_000667	0	A_clean_core	-4.882864459591813	0.0075183303391663115	0
HPCLAS_TRAIN_N_000672	0	HPCLAS_TRAIN_N_000672	0	A_clean_core	-3.3178873445973633	0.03496262003278478	0
HPCLAS_TRAIN_N_000692	0	HPCLAS_TRAIN_N_000692	0	A_clean_core	-0.5882628737202528	0.35703353092514273	0
HPCLAS_TRAIN_N_000702	0	HPCLAS_TRAIN_N_000702	0	B_ambiguous	0.878124781909087	0.706433479178663	1
HPCLAS_TRAIN_N_000708	0	HPCLAS_TRAIN_N_000708	0	D_hard_sample	-2.1340341318842158	0.10583262588905354	0
HPCLAS_TRAIN_N_000709	0	HPCLAS_TRAIN_N_000709	0	A_clean_core	-4.226972457715084	0.01438652219603624	0
HPCLAS_TRAIN_N_000710	0	HPCLAS_TRAIN_N_000710	0	A_clean_core	-5.002564075160808	0.006675826350619934	0
HPCLAS_TRAIN_N_000713	0	HPCLAS_TRAIN_N_000713	0	A_clean_core	-1.7907977036356548	0.14297495052894546	0
HPCLAS_TRAIN_N_000718	0	HPCLAS_TRAIN_N_000718	0	A_clean_core	-4.574162783085975	0.010209619870436544	0
HPCLAS_TRAIN_N_000724	0	HPCLAS_TRAIN_N_000724	0	A_clean_core	-4.777320561408078	0.008348245775571913	0
HPCLAS_TRAIN_N_000726	0	HPCLAS_TRAIN_N_000726	0	A_clean_core	-3.605516222780397	0.02645455314101137	0
HPCLAS_TRAIN_N_000732	0	HPCLAS_TRAIN_N_000732	0	A_clean_core	-1.8450856456708444	0.1364509316913831	0
HPCLAS_TRAIN_N_000736	0	HPCLAS_TRAIN_P_006659	0	B_ambiguous	4.034657929782487	0.9826158252490225	1
HPCLAS_TRAIN_N_000738	0	HPCLAS_TRAIN_N_000738	0	A_clean_core	-5.638858614556566	0.003544319033435844	0
HPCLAS_TRAIN_N_000749	0	HPCLAS_TRAIN_N_000749	0	D_hard_sample	-4.310691458361692	0.01324644035150377	0
HPCLAS_TRAIN_N_000761	0	HPCLAS_TRAIN_N_000761	0	A_clean_core	-5.914900151371798	0.0026916646572563824	0
HPCLAS_TRAIN_N_000764	0	HPCLAS_TRAIN_N_000764	0	B_ambiguous	-4.0991458983889535	0.016316202026665328	0
HPCLAS_TRAIN_N_000777	0	HPCLAS_TRAIN_N_000777	0	A_clean_core	-4.085860217911585	0.016530812927753085	0
HPCLAS_TRAIN_N_000780	0	HPCLAS_TRAIN_N_000780	0	A_clean_core	-6.62593215413549	0.001323789501855863	0
HPCLAS_TRAIN_N_000799	0	HPCLAS_TRAIN_N_000799	0	A_clean_core	-2.2419412400419296	0.09604686741024018	0
HPCLAS_TRAIN_N_000810	0	HPCLAS_TRAIN_N_000810	0	A_clean_core	-7.547083556639496	0.0005273684728780898	0
HPCLAS_TRAIN_N_000819	0	HPCLAS_TRAIN_N_000819	0	A_clean_core	-4.325969247875211	0.013048222694716208	0
HPCLAS_TRAIN_N_000822	0	HPCLAS_TRAIN_N_000822	0	A_clean_core	-3.245193491880714	0.03749998705334945	0
HPCLAS_TRAIN_N_000836	0	HPCLAS_TRAIN_N_000836	0	A_clean_core	-4.786775594097697	0.008270334547682095	0
HPCLAS_TRAIN_N_000842	0	HPCLAS_TRAIN_N_000842	0	A_clean_core	-4.064900317449205	0.016875045118939384	0
HPCLAS_TRAIN_N_000843	0	HPCLAS_TRAIN_N_000843	0	A_clean_core	-5.393294521516959	0.004526387206533692	0
HPCLAS_TRAIN_N_000848	0	HPCLAS_TRAIN_N_000848	0	D_hard_sample	0.04107649097484877	0.5102676790817957	1
HPCLAS_TRAIN_N_000849	0	HPCLAS_TRAIN_N_000849	0	D_hard_sample	-0.7605860653888632	0.31851903859797254	0
HPCLAS_TRAIN_N_000852	0	HPCLAS_TRAIN_N_000852	0	A_clean_core	-1.4283530353695115	0.19335543011402898	0
HPCLAS_TRAIN_N_000863	0	HPCLAS_TRAIN_N_000863	0	A_clean_core	-3.7498416323115262	0.022980925439850385	0
HPCLAS_TRAIN_N_000871	0	HPCLAS_TRAIN_N_000871	0	A_clean_core	-2.7597627857426805	0.059537646906662446	0
HPCLAS_TRAIN_N_000878	0	HPCLAS_TRAIN_N_000878	0	D_hard_sample	0.22646857870579615	0.556376397587962	1
HPCLAS_TRAIN_N_000888	0	HPCLAS_TRAIN_N_000888	0	A_clean_core	-5.271877926372821	0.0051077373940752804	0
HPCLAS_TRAIN_N_000889	0	HPCLAS_TRAIN_N_000889	0	A_clean_core	-4.450411287054188	0.01153906043802836	0
HPCLAS_TRAIN_N_000897	0	HPCLAS_TRAIN_N_000897	0	A_clean_core	-4.400877143614083	0.012117930127923292	0
HPCLAS_TRAIN_N_000904	0	HPCLAS_TRAIN_N_000904	0	A_clean_core	-6.478892646439082	0.0015331559144156582	0
HPCLAS_TRAIN_N_000905	0	HPCLAS_TRAIN_N_000905	0	A_clean_core	-5.638427987571509	0.003545840228422623	0
HPCLAS_TRAIN_N_000910	0	HPCLAS_TRAIN_N_000910	0	A_clean_core	-4.77318314674592	0.008382567347202559	0
HPCLAS_TRAIN_N_000913	0	HPCLAS_TRAIN_N_000913	0	A_clean_core	-3.0668043308191453	0.044497501763207124	0
HPCLAS_TRAIN_N_000916	0	HPCLAS_TRAIN_N_000916	0	A_clean_core	-4.370848016842368	0.012482728512987389	0
HPCLAS_TRAIN_N_000917	0	HPCLAS_TRAIN_N_000917	0	A_clean_core	-5.843389922018064	0.002890618671467039	0
HPCLAS_TRAIN_N_000918	0	HPCLAS_TRAIN_N_000918	0	D_hard_sample	-0.8133711918538986	0.3071725807780092	0
HPCLAS_TRAIN_N_000921	0	HPCLAS_TRAIN_N_000921	0	D_hard_sample	-2.499943302216596	0.07586215484216506	0
HPCLAS_TRAIN_N_000922	0	HPCLAS_TRAIN_N_000922	0	D_hard_sample	-1.7666775652569287	0.14595599289832303	0
HPCLAS_TRAIN_N_000925	0	HPCLAS_TRAIN_N_000925	0	A_clean_core	-3.319839712739695	0.03489680644705093	0
HPCLAS_TRAIN_N_000926	0	HPCLAS_TRAIN_N_000926	0	A_clean_core	-3.699489865910165	0.02413903539425295	0
HPCLAS_TRAIN_N_000930	0	HPCLAS_TRAIN_N_000930	0	A_clean_core	-5.460336512262685	0.004234120603529104	0
HPCLAS_TRAIN_N_000931	0	HPCLAS_TRAIN_N_000931	0	B_ambiguous	-3.415538005748495	0.031813376802584635	0
HPCLAS_TRAIN_N_000933	0	HPCLAS_TRAIN_N_000933	0	A_clean_core	-2.435117116813098	0.08053374041866854	0
HPCLAS_TRAIN_N_000945	0	HPCLAS_TRAIN_N_000945	0	A_clean_core	-3.9392538332171587	0.01909116553849999	0
HPCLAS_TRAIN_N_000946	0	HPCLAS_TRAIN_N_000946	0	D_hard_sample	0.7056612380850924	0.6694417442105391	1
HPCLAS_TRAIN_N_000952	0	HPCLAS_TRAIN_N_000952	0	D_hard_sample	-1.2406508369005915	0.22432271846630755	0
HPCLAS_TRAIN_N_000957	0	HPCLAS_TRAIN_N_000957	0	A_clean_core	-5.679696001024592	0.003402976528284816	0
HPCLAS_TRAIN_N_000958	0	HPCLAS_TRAIN_N_000958	0	A_clean_core	-3.501687439601184	0.029264256107677293	0
HPCLAS_TRAIN_N_000965	0	HPCLAS_TRAIN_N_000965	0	D_hard_sample	-4.598988983942272	0.009961768105912682	0
HPCLAS_TRAIN_N_000967	0	HPCLAS_TRAIN_N_000967	0	A_clean_core	-4.485698840622908	0.011143434062087119	0
HPCLAS_TRAIN_N_000969	0	HPCLAS_TRAIN_N_000969	0	A_clean_core	-4.638684922430399	0.009577785523498052	0
HPCLAS_TRAIN_N_000994	0	HPCLAS_TRAIN_N_000994	0	D_hard_sample	0.6231534562596357	0.6509354127891622	1
HPCLAS_TRAIN_N_000995	0	HPCLAS_TRAIN_N_000995	0	B_ambiguous	0.7125588619687363	0.6709663280236823	1
HPCLAS_TRAIN_N_001000	0	HPCLAS_TRAIN_N_001000	0	A_clean_core	-4.458831433815883	0.011443414944152056	0
HPCLAS_TRAIN_N_001004	0	HPCLAS_TRAIN_N_001004	0	A_clean_core	-3.895041683548874	0.019936958378980067	0
HPCLAS_TRAIN_N_001012	0	HPCLAS_TRAIN_N_001012	0	D_hard_sample	-1.2386092662537758	0.2246781558383054	0
HPCLAS_TRAIN_N_001019	0	HPCLAS_TRAIN_N_001019	0	A_clean_core	-6.75412053768869	0.0011647067699537023	0
HPCLAS_TRAIN_N_001022	0	HPCLAS_TRAIN_N_001022	0	A_clean_core	-1.1097189857593388	0.24792328201319588	0
HPCLAS_TRAIN_N_001023	0	HPCLAS_TRAIN_N_001023	0	A_clean_core	-3.1975991752324826	0.03925617010557719	0
HPCLAS_TRAIN_N_001025	0	HPCLAS_TRAIN_N_001025	0	A_clean_core	-6.686849023663563	0.0012456529196812624	0
HPCLAS_TRAIN_N_001026	0	HPCLAS_TRAIN_N_001026	0	A_clean_core	-2.4860432786896975	0.07684240834614936	0
HPCLAS_TRAIN_N_001029	0	HPCLAS_TRAIN_N_001029	0	A_clean_core	-5.97293405884258	0.0025402886073699884	0
HPCLAS_TRAIN_N_001031	0	HPCLAS_TRAIN_N_001031	0	A_clean_core	-5.121312186743518	0.005932778452043768	0
HPCLAS_TRAIN_N_001037	0	HPCLAS_TRAIN_N_001037	0	A_clean_core	-6.376160959829184	0.0016987524389221686	0
HPCLAS_TRAIN_N_001040	0	HPCLAS_TRAIN_N_001040	0	A_clean_core	-1.6196864460813076	0.16524811764756703	0
HPCLAS_TRAIN_N_001046	0	HPCLAS_TRAIN_N_001046	0	D_hard_sample	-2.709641347476041	0.06240683364238852	0
HPCLAS_TRAIN_N_001058	0	HPCLAS_TRAIN_N_001058	0	A_clean_core	-5.297124067187897	0.004981035145329549	0
HPCLAS_TRAIN_N_001065	0	HPCLAS_TRAIN_N_001065	0	D_hard_sample	-1.0786155866378357	0.25376809343020545	0
HPCLAS_TRAIN_N_001066	0	HPCLAS_TRAIN_N_001066	0	A_clean_core	-7.661189475213165	0.00047052563699979125	0
HPCLAS_TRAIN_N_001076	0	HPCLAS_TRAIN_N_001076	0	A_clean_core	-1.6088281162676332	0.1667513777948914	0
HPCLAS_TRAIN_N_001079	0	HPCLAS_TRAIN_N_001079	0	A_clean_core	-4.4172682757888415	0.011923271508120992	0
HPCLAS_TRAIN_N_001093	0	HPCLAS_TRAIN_N_001093	0	A_clean_core	-6.12783524969569	0.002176550114563022	0
HPCLAS_TRAIN_N_001095	0	HPCLAS_TRAIN_N_001095	0	A_clean_core	-1.5487461943999608	0.17526743042239884	0
HPCLAS_TRAIN_N_001102	0	HPCLAS_TRAIN_N_001102	0	A_clean_core	-7.031180618550645	0.0008831070628035618	0
HPCLAS_TRAIN_N_001105	0	HPCLAS_TRAIN_N_001105	0	A_clean_core	-2.831222930503362	0.055660083268221076	0
HPCLAS_TRAIN_N_001106	0	HPCLAS_TRAIN_N_001106	0	A_clean_core	-3.525446158187034	0.028596817847464984	0
HPCLAS_TRAIN_N_001113	0	HPCLAS_TRAIN_N_001113	0	D_hard_sample	1.5900430013601172	0.8306221529700012	1
HPCLAS_TRAIN_N_001120	0	HPCLAS_TRAIN_N_001120	0	A_clean_core	-4.354572283371595	0.01268495818249995	0
HPCLAS_TRAIN_N_001122	0	HPCLAS_TRAIN_N_001122	0	A_clean_core	-6.090083343982955	0.00226010048939082	0
HPCLAS_TRAIN_N_001134	0	HPCLAS_TRAIN_N_001134	0	A_clean_core	-2.253182358110006	0.09507531449666713	0
HPCLAS_TRAIN_N_001136	0	HPCLAS_TRAIN_N_001136	0	A_clean_core	-2.808718304288639	0.05685486937724783	0
HPCLAS_TRAIN_N_001140	0	HPCLAS_TRAIN_N_001140	0	D_hard_sample	1.4673461221634923	0.8126536745032519	1
HPCLAS_TRAIN_N_001141	0	HPCLAS_TRAIN_N_001141	0	A_clean_core	-4.157935942452058	0.015398969195143747	0
HPCLAS_TRAIN_N_001142	0	HPCLAS_TRAIN_P_004373	0	B_ambiguous	-3.568360034633461	0.027428525107763516	0
HPCLAS_TRAIN_N_001149	0	HPCLAS_TRAIN_N_001149	0	A_clean_core	-2.430404492196777	0.08088339165413291	0
HPCLAS_TRAIN_N_001153	0	HPCLAS_TRAIN_N_001153	0	A_clean_core	-5.985032294319409	0.0025098174272828225	0
HPCLAS_TRAIN_N_001157	0	HPCLAS_TRAIN_N_001157	0	D_hard_sample	0.8153713548964957	0.693252924839579	1
HPCLAS_TRAIN_N_001164	0	HPCLAS_TRAIN_N_001164	0	A_clean_core	-1.2509220919002313	0.22254056111801304	0
HPCLAS_TRAIN_N_001173	0	HPCLAS_TRAIN_N_001173	0	A_clean_core	-7.105326238919398	0.0008200488681215435	0
HPCLAS_TRAIN_N_001176	0	HPCLAS_TRAIN_N_001176	0	D_hard_sample	-0.4891543592748613	0.3800927992247857	0
HPCLAS_TRAIN_N_001178	0	HPCLAS_TRAIN_N_001178	0	A_clean_core	-5.671723420084017	0.0034301220392560193	0
HPCLAS_TRAIN_N_001180	0	HPCLAS_TRAIN_N_001180	0	A_clean_core	0.45691122497488434	0.6122811775588329	1
HPCLAS_TRAIN_N_001182	0	HPCLAS_TRAIN_N_001182	0	A_clean_core	-5.034326745629345	0.006468466450189099	0
HPCLAS_TRAIN_N_001183	0	HPCLAS_TRAIN_N_001183	0	A_clean_core	-4.225304063770427	0.014410198448566034	0
HPCLAS_TRAIN_N_001190	0	HPCLAS_TRAIN_N_001190	0	A_clean_core	-4.02358048342097	0.01757441440901274	0
HPCLAS_TRAIN_N_001194	0	HPCLAS_TRAIN_N_001194	0	A_clean_core	-8.105127663225398	0.00030189550683750843	0
HPCLAS_TRAIN_N_001195	0	HPCLAS_TRAIN_N_001195	0	A_clean_core	-5.6750949145330365	0.003418616343493125	0
HPCLAS_TRAIN_N_001202	0	HPCLAS_TRAIN_N_001202	0	A_clean_core	-5.471094134659961	0.004189005439231353	0
HPCLAS_TRAIN_N_001204	0	HPCLAS_TRAIN_N_001204	0	B_ambiguous	-2.600820064397093	0.06908566103816112	0
HPCLAS_TRAIN_N_001205	0	HPCLAS_TRAIN_N_001205	0	A_clean_core	-2.230583581527221	0.09703749483529345	0
HPCLAS_TRAIN_N_001210	0	HPCLAS_TRAIN_N_001210	0	A_clean_core	-5.616375952131208	0.0036246151850801646	0
HPCLAS_TRAIN_N_001212	0	HPCLAS_TRAIN_N_001212	0	D_hard_sample	-0.4213736704076967	0.39618808964304986	0
HPCLAS_TRAIN_N_001217	0	HPCLAS_TRAIN_N_001217	0	A_clean_core	-6.892283126754573	0.0010145620840680994	0
HPCLAS_TRAIN_N_001228	0	HPCLAS_TRAIN_N_001228	0	B_ambiguous	2.3949238661078205	0.916439403006369	1
HPCLAS_TRAIN_N_001234	0	HPCLAS_TRAIN_N_001234	0	A_clean_core	-5.869458110159498	0.0028164486476968276	0
HPCLAS_TRAIN_N_001238	0	HPCLAS_TRAIN_N_001238	0	D_hard_sample	-1.698209557027842	0.15469925192115905	0
HPCLAS_TRAIN_N_001242	0	HPCLAS_TRAIN_N_001242	0	D_hard_sample	-2.5799372859610847	0.07044083723008676	0
HPCLAS_TRAIN_N_001244	0	HPCLAS_TRAIN_N_001244	0	D_hard_sample	2.737375664307607	0.9391964026289609	1
HPCLAS_TRAIN_N_001250	0	HPCLAS_TRAIN_N_001250	0	A_clean_core	-4.666224582277983	0.00932004030322766	0
HPCLAS_TRAIN_N_001262	0	HPCLAS_TRAIN_N_001262	0	A_clean_core	-4.234555560331432	0.01427939222685302	0
HPCLAS_TRAIN_N_001274	0	HPCLAS_TRAIN_N_001274	0	A_clean_core	-4.675851085005759	0.009231575646984142	0
HPCLAS_TRAIN_N_001276	0	HPCLAS_TRAIN_N_001276	0	D_hard_sample	1.4586226770950328	0.8113219264443676	1
HPCLAS_TRAIN_N_001279	0	HPCLAS_TRAIN_N_001279	0	A_clean_core	-4.703313940121361	0.008983746455271136	0
HPCLAS_TRAIN_N_001281	0	HPCLAS_TRAIN_N_001281	0	A_clean_core	-6.182191939109357	0.0020616354515154717	0
HPCLAS_TRAIN_N_001284	0	HPCLAS_TRAIN_N_001284	0	A_clean_core	-5.028832282550305	0.006503873229289951	0
HPCLAS_TRAIN_N_001296	0	HPCLAS_TRAIN_N_001296	0	A_clean_core	-4.536369197737984	0.010598694367719893	0
HPCLAS_TRAIN_N_001302	0	HPCLAS_TRAIN_N_001302	0	A_clean_core	-5.5938050998204645	0.0037070493682602014	0
HPCLAS_TRAIN_N_001306	0	HPCLAS_TRAIN_N_001306	0	A_clean_core	-4.777873291635724	0.00834367121258395	0
HPCLAS_TRAIN_N_001316	0	HPCLAS_TRAIN_N_001316	0	A_clean_core	-2.126663739369593	0.10653213048384481	0
HPCLAS_TRAIN_N_001325	0	HPCLAS_TRAIN_N_001325	0	A_clean_core	-2.889330188268628	0.052683537373153226	0
HPCLAS_TRAIN_N_001326	0	HPCLAS_TRAIN_N_001326	0	A_clean_core	-6.831579319127136	0.0010779891303540523	0
HPCLAS_TRAIN_N_001331	0	HPCLAS_TRAIN_N_001331	0	D_hard_sample	0.5602635453224085	0.6365135173906903	1
HPCLAS_TRAIN_N_001339	0	HPCLAS_TRAIN_N_001339	0	A_clean_core	-5.143633875501258	0.005802575828344153	0
HPCLAS_TRAIN_N_001343	0	HPCLAS_TRAIN_N_001343	0	D_hard_sample	1.6989812980643706	0.8454016397516506	1
HPCLAS_TRAIN_N_001345	0	HPCLAS_TRAIN_N_001345	0	A_clean_core	-4.599278496980358	0.009958913179573332	0
HPCLAS_TRAIN_N_001349	0	HPCLAS_TRAIN_N_001349	0	A_clean_core	-4.777912346463931	0.008343348077016963	0
HPCLAS_TRAIN_N_001361	0	HPCLAS_TRAIN_N_001361	0	D_hard_sample	-2.667800045152944	0.06490035239046292	0
HPCLAS_TRAIN_N_001366	0	HPCLAS_TRAIN_N_001366	0	D_hard_sample	2.284585414170891	0.9075923380531312	1
HPCLAS_TRAIN_N_001377	0	HPCLAS_TRAIN_N_001377	0	A_clean_core	-6.97108362435228	0.0009377550166627317	0
HPCLAS_TRAIN_N_001387	0	HPCLAS_TRAIN_N_001387	0	A_clean_core	-4.251199435407065	0.014047005551893588	0
HPCLAS_TRAIN_N_001391	0	HPCLAS_TRAIN_N_001391	0	A_clean_core	-2.0593721888149044	0.11310879377763729	0
HPCLAS_TRAIN_N_001395	0	HPCLAS_TRAIN_N_001395	0	A_clean_core	-7.133001037898182	0.000797683193943504	0
HPCLAS_TRAIN_N_001398	0	HPCLAS_TRAIN_N_001398	0	A_clean_core	-3.860954741764904	0.020614013048610255	0
HPCLAS_TRAIN_N_001401	0	HPCLAS_TRAIN_N_001401	0	A_clean_core	-5.357071018559584	0.004692571116083089	0
HPCLAS_TRAIN_N_001403	0	HPCLAS_TRAIN_N_001403	0	A_clean_core	-5.078649691550334	0.006189761708363372	0
HPCLAS_TRAIN_N_001404	0	HPCLAS_TRAIN_N_001404	0	A_clean_core	-7.679745676984808	0.00046187897380680455	0
HPCLAS_TRAIN_N_001405	0	HPCLAS_TRAIN_N_001405	0	A_clean_core	-6.339433468512472	0.0017621912529556325	0
HPCLAS_TRAIN_N_001413	0	HPCLAS_TRAIN_N_001413	0	A_clean_core	-3.0742250042396493	0.044183057779389814	0
HPCLAS_TRAIN_N_001414	0	HPCLAS_TRAIN_N_001414	0	A_clean_core	-1.6481912941910086	0.1613535511951404	0
HPCLAS_TRAIN_N_001416	0	HPCLAS_TRAIN_N_001416	0	A_clean_core	-5.19163402920404	0.005532134663705164	0
HPCLAS_TRAIN_N_001417	0	HPCLAS_TRAIN_N_001417	0	A_clean_core	-5.41372511533278	0.004435254701665403	0
HPCLAS_TRAIN_N_001419	0	HPCLAS_TRAIN_N_001419	0	A_clean_core	-4.842739513775357	0.007823728807070858	0
HPCLAS_TRAIN_N_001422	0	HPCLAS_TRAIN_N_001422	0	D_hard_sample	-1.3813041733727587	0.2007996254645461	0
HPCLAS_TRAIN_N_001425	0	HPCLAS_TRAIN_N_001425	0	A_clean_core	-0.22799761884919464	0.4432462347250187	0
HPCLAS_TRAIN_N_001429	0	HPCLAS_TRAIN_N_001429	0	A_clean_core	-3.578651777664658	0.027155311708731738	0
HPCLAS_TRAIN_N_001439	0	HPCLAS_TRAIN_N_001439	0	A_clean_core	-5.0240850107665835	0.006534620046494425	0
HPCLAS_TRAIN_N_001440	0	HPCLAS_TRAIN_N_001440	0	D_hard_sample	-0.2610889723047613	0.43509603355126397	0
HPCLAS_TRAIN_N_001466	0	HPCLAS_TRAIN_N_001466	0	B_ambiguous	-4.523745672498664	0.010731890335562513	0
HPCLAS_TRAIN_N_001468	0	HPCLAS_TRAIN_N_001468	0	D_hard_sample	-4.409807018325158	0.012011494249924851	0
HPCLAS_TRAIN_N_001469	0	HPCLAS_TRAIN_N_001469	0	A_clean_core	-5.648634330715499	0.0035099606033552892	0
HPCLAS_TRAIN_N_001489	0	HPCLAS_TRAIN_N_001489	0	D_hard_sample	1.243158767687543	0.7761133648702208	1
HPCLAS_TRAIN_N_001501	0	HPCLAS_TRAIN_N_001501	0	A_clean_core	-6.5762818977749635	0.0013910812625787554	0
HPCLAS_TRAIN_N_001515	0	HPCLAS_TRAIN_N_001515	0	A_clean_core	-3.340624737812017	0.03420351432564706	0
HPCLAS_TRAIN_N_001517	0	HPCLAS_TRAIN_P_004877	0	B_ambiguous	-1.822888106403462	0.1390876838474259	0
HPCLAS_TRAIN_N_001527	0	HPCLAS_TRAIN_N_001527	0	A_clean_core	-2.2707598934180346	0.09357373992091338	0
HPCLAS_TRAIN_N_001533	0	HPCLAS_TRAIN_N_001533	0	A_clean_core	-5.03606675562786	0.006457293655204779	0
HPCLAS_TRAIN_N_001534	0	HPCLAS_TRAIN_N_001534	0	D_hard_sample	-1.9976202006743196	0.1194530122047133	0
HPCLAS_TRAIN_N_001540	0	HPCLAS_TRAIN_N_001540	0	A_clean_core	-2.4802102431666455	0.07725721287694735	0
HPCLAS_TRAIN_N_001541	0	HPCLAS_TRAIN_N_001541	0	A_clean_core	-4.381810543158027	0.012348314150753813	0
HPCLAS_TRAIN_N_001544	0	HPCLAS_TRAIN_N_001544	0	A_clean_core	-6.499763879182251	0.0015015362266721285	0
HPCLAS_TRAIN_N_001549	0	HPCLAS_TRAIN_N_001549	0	A_clean_core	-4.322684326505933	0.01309059354055714	0
HPCLAS_TRAIN_N_001552	0	HPCLAS_TRAIN_N_001552	0	A_clean_core	-2.707354126432634	0.06254079804786153	0
HPCLAS_TRAIN_N_001556	0	HPCLAS_TRAIN_N_001556	0	A_clean_core	-4.570915321604069	0.010242488966106664	0
HPCLAS_TRAIN_N_001557	0	HPCLAS_TRAIN_N_001557	0	A_clean_core	-4.489399694076608	0.011102727096239684	0
HPCLAS_TRAIN_N_001571	0	HPCLAS_TRAIN_N_001571	0	D_hard_sample	-4.721196302868668	0.008825929013142782	0
HPCLAS_TRAIN_N_001574	0	HPCLAS_TRAIN_N_001574	0	A_clean_core	-6.3432991378122106	0.0017554042887594457	0
HPCLAS_TRAIN_N_001576	0	HPCLAS_TRAIN_N_001576	0	A_clean_core	-5.723414925955366	0.0032578815505451266	0
HPCLAS_TRAIN_N_001589	0	HPCLAS_TRAIN_N_001589	0	A_clean_core	-6.31856579744277	0.0017992835849226032	0
HPCLAS_TRAIN_N_001593	0	HPCLAS_TRAIN_N_001593	0	D_hard_sample	-0.41395209938779415	0.39796486152887256	0
HPCLAS_TRAIN_N_001595	0	HPCLAS_TRAIN_N_001595	0	D_hard_sample	0.4140819391013137	0.6020662462040788	1
HPCLAS_TRAIN_N_001599	0	HPCLAS_TRAIN_N_001599	0	B_ambiguous	-4.578733237545945	0.010163536915093384	0
HPCLAS_TRAIN_N_001607	0	HPCLAS_TRAIN_N_001607	0	A_clean_core	-3.750068826863461	0.022975824838250832	0
HPCLAS_TRAIN_N_001611	0	HPCLAS_TRAIN_N_001611	0	A_clean_core	-5.202121581036687	0.005474735266553591	0
HPCLAS_TRAIN_N_001618	0	HPCLAS_TRAIN_N_001618	0	A_clean_core	-2.5279223557930983	0.0739237542656422	0
HPCLAS_TRAIN_N_001623	0	HPCLAS_TRAIN_N_001623	0	A_clean_core	-8.098581003538493	0.0003038777949986688	0
HPCLAS_TRAIN_N_001626	0	HPCLAS_TRAIN_N_001626	0	A_clean_core	-5.32091134798796	0.0048645175498555895	0
HPCLAS_TRAIN_N_001628	0	HPCLAS_TRAIN_N_001628	0	A_clean_core	-2.6475559570146534	0.06613980664286054	0
HPCLAS_TRAIN_N_001636	0	HPCLAS_TRAIN_N_001636	0	A_clean_core	-3.9541091892957723	0.018814952214198922	0
HPCLAS_TRAIN_N_001639	0	HPCLAS_TRAIN_N_001639	0	A_clean_core	-6.6398243531246655	0.0013055501498885852	0
HPCLAS_TRAIN_N_001651	0	HPCLAS_TRAIN_N_001651	0	A_clean_core	-6.825960959167365	0.0010840561230167484	0
HPCLAS_TRAIN_N_001656	0	HPCLAS_TRAIN_N_001656	0	A_clean_core	-5.153431902138676	0.005746324760910755	0
HPCLAS_TRAIN_N_001657	0	HPCLAS_TRAIN_N_001657	0	A_clean_core	-1.3264851544913	0.20974135621921755	0
HPCLAS_TRAIN_N_001660	0	HPCLAS_TRAIN_N_001660	0	A_clean_core	-4.355634266690487	0.01267166473117765	0
HPCLAS_TRAIN_N_001664	0	HPCLAS_TRAIN_N_001664	0	A_clean_core	-3.7376858119354734	0.02325544611782712	0
HPCLAS_TRAIN_N_001675	0	HPCLAS_TRAIN_N_001675	0	A_clean_core	-3.7727542965811818	0.022472056006439405	0
HPCLAS_TRAIN_N_001676	0	HPCLAS_TRAIN_N_001676	0	A_clean_core	-4.220048341252334	0.014485033899369556	0
HPCLAS_TRAIN_N_001686	0	HPCLAS_TRAIN_N_001686	0	A_clean_core	-3.352035082692656	0.03382858594395474	0
HPCLAS_TRAIN_N_001687	0	HPCLAS_TRAIN_N_001687	0	A_clean_core	-3.422701202066224	0.03159347955758881	0
HPCLAS_TRAIN_N_001692	0	HPCLAS_TRAIN_N_001692	0	A_clean_core	-4.331204184186215	0.012980978928646443	0
HPCLAS_TRAIN_N_001700	0	HPCLAS_TRAIN_N_001700	0	D_hard_sample	-2.777727014487884	0.05853970051891754	0
HPCLAS_TRAIN_N_001703	0	HPCLAS_TRAIN_N_001703	0	A_clean_core	-5.209336721212827	0.005435590383066532	0
HPCLAS_TRAIN_N_001705	0	HPCLAS_TRAIN_N_001705	0	A_clean_core	-2.559848075561149	0.07176766236554726	0
HPCLAS_TRAIN_N_001710	0	HPCLAS_TRAIN_N_001710	0	D_hard_sample	-4.854117522872095	0.007735899595688412	0
HPCLAS_TRAIN_N_001711	0	HPCLAS_TRAIN_N_001711	0	A_clean_core	-3.0596983846440264	0.04480060845877967	0
HPCLAS_TRAIN_N_001716	0	HPCLAS_TRAIN_N_001716	0	A_clean_core	-4.870849962476635	0.00760851269131545	0
HPCLAS_TRAIN_N_001717	0	HPCLAS_TRAIN_N_001717	0	D_hard_sample	-2.2311633035631644	0.09698671074847488	0
HPCLAS_TRAIN_N_001718	0	HPCLAS_TRAIN_N_001718	0	A_clean_core	-2.7360869374000605	0.060877233748162514	0
HPCLAS_TRAIN_N_001720	0	HPCLAS_TRAIN_N_001720	0	A_clean_core	-4.001622052612459	0.017957582512033176	0
HPCLAS_TRAIN_N_001725	0	HPCLAS_TRAIN_N_001725	0	A_clean_core	-6.037575637428359	0.0023816538636414588	0
HPCLAS_TRAIN_N_001726	0	HPCLAS_TRAIN_N_001726	0	A_clean_core	-4.495570009582857	0.011035184352397693	0
HPCLAS_TRAIN_N_001727	0	HPCLAS_TRAIN_N_001727	0	A_clean_core	-6.135056695502437	0.0021609227349505006	0
HPCLAS_TRAIN_N_001737	0	HPCLAS_TRAIN_P_005574	0	B_ambiguous	-2.6089421772107624	0.06856512964495431	0
HPCLAS_TRAIN_N_001739	0	HPCLAS_TRAIN_N_001739	0	A_clean_core	-6.333821608806519	0.0017720906495688152	0
HPCLAS_TRAIN_N_001744	0	HPCLAS_TRAIN_N_001744	0	A_clean_core	-0.9601818294968997	0.276841791058045	0
HPCLAS_TRAIN_N_001748	0	HPCLAS_TRAIN_N_001748	0	A_clean_core	-4.0697214942633835	0.01679524647946353	0
HPCLAS_TRAIN_N_001750	0	HPCLAS_TRAIN_N_001750	0	A_clean_core	-6.023719003387051	0.002414805028301418	0
HPCLAS_TRAIN_N_001753	0	HPCLAS_TRAIN_N_001753	0	A_clean_core	-4.601378798721928	0.009938226064193728	0
HPCLAS_TRAIN_N_001768	0	HPCLAS_TRAIN_N_001768	0	A_clean_core	-3.307702609482128	0.035307887692032525	0
HPCLAS_TRAIN_N_001769	0	HPCLAS_TRAIN_N_001769	0	D_hard_sample	-0.33579439173165543	0.41683142993356476	0
HPCLAS_TRAIN_N_001786	0	HPCLAS_TRAIN_N_001786	0	A_clean_core	-6.793072402384396	0.0011202613287233643	0
HPCLAS_TRAIN_N_001792	0	HPCLAS_TRAIN_N_001792	0	A_clean_core	-4.238057589705976	0.014230183198499141	0
HPCLAS_TRAIN_N_001835	0	HPCLAS_TRAIN_N_001835	0	A_clean_core	-4.189182777982896	0.014932313824739139	0
HPCLAS_TRAIN_N_001844	0	HPCLAS_TRAIN_N_001844	0	A_clean_core	-2.6231233121339064	0.06766498867595071	0
HPCLAS_TRAIN_N_001850	0	HPCLAS_TRAIN_N_001850	0	A_clean_core	-0.936100186703307	0.2816887593586091	0
HPCLAS_TRAIN_N_001854	0	HPCLAS_TRAIN_N_001854	0	A_clean_core	-0.37773251371657157	0.40667390338521736	0
HPCLAS_TRAIN_N_001858	0	HPCLAS_TRAIN_N_001858	0	A_clean_core	-5.3147331292485145	0.0048945170796665894	0
HPCLAS_TRAIN_N_001859	0	HPCLAS_TRAIN_N_001859	0	A_clean_core	-4.727851396408698	0.008767899942105733	0
HPCLAS_TRAIN_N_001876	0	HPCLAS_TRAIN_N_001876	0	A_clean_core	-5.211695692790426	0.005422852543854569	0
HPCLAS_TRAIN_N_001882	0	HPCLAS_TRAIN_N_001882	0	A_clean_core	-2.1525305605826164	0.10409498845988192	0
HPCLAS_TRAIN_N_001884	0	HPCLAS_TRAIN_N_001884	0	A_clean_core	-3.465668614545269	0.03030500761450581	0
HPCLAS_TRAIN_N_001886	0	HPCLAS_TRAIN_N_001886	0	A_clean_core	-3.97820368904174	0.01837526384431424	0
HPCLAS_TRAIN_N_001891	0	HPCLAS_TRAIN_N_001891	0	D_hard_sample	-1.3545318006248406	0.20513046537462776	0
HPCLAS_TRAIN_N_001895	0	HPCLAS_TRAIN_N_001895	0	A_clean_core	-4.664426606964324	0.00933665598219541	0
HPCLAS_TRAIN_N_001896	0	HPCLAS_TRAIN_N_001896	0	D_hard_sample	-1.7783233462209243	0.14451029035795643	0
HPCLAS_TRAIN_N_001898	0	HPCLAS_TRAIN_N_001898	0	D_hard_sample	-3.2510287522166323	0.03728993817309332	0
HPCLAS_TRAIN_N_001901	0	HPCLAS_TRAIN_N_001901	0	D_hard_sample	0.41910401420567706	0.6032688284668855	1
HPCLAS_TRAIN_N_001908	0	HPCLAS_TRAIN_N_001908	0	A_clean_core	-2.304249980564069	0.09077159057695229	0
HPCLAS_TRAIN_N_001916	0	HPCLAS_TRAIN_N_001916	0	D_hard_sample	-3.2240231958560726	0.038271628698212545	0
HPCLAS_TRAIN_N_001918	0	HPCLAS_TRAIN_N_001918	0	D_hard_sample	0.33094356748779485	0.5819889436195381	1
HPCLAS_TRAIN_N_001919	0	HPCLAS_TRAIN_N_001919	0	A_clean_core	-4.031321883736061	0.017441252817897206	0
HPCLAS_TRAIN_N_001920	0	HPCLAS_TRAIN_N_001920	0	A_clean_core	-4.696388563748049	0.009045613479354462	0
HPCLAS_TRAIN_N_001931	0	HPCLAS_TRAIN_N_001931	0	D_hard_sample	-0.8642895899080508	0.296443907192895	0
HPCLAS_TRAIN_N_001937	0	HPCLAS_TRAIN_N_001937	0	D_hard_sample	-0.46775860923017415	0.38514688775728845	0
HPCLAS_TRAIN_N_001941	0	HPCLAS_TRAIN_N_001941	0	A_clean_core	-4.50537172952042	0.010928725251691113	0
HPCLAS_TRAIN_N_001944	0	HPCLAS_TRAIN_N_001944	0	D_hard_sample	-2.011967476792036	0.11795212874407525	0
HPCLAS_TRAIN_N_001960	0	HPCLAS_TRAIN_N_001960	0	A_clean_core	-2.9485269625798036	0.04980617761200709	0
HPCLAS_TRAIN_N_001965	0	HPCLAS_TRAIN_N_001965	0	A_clean_core	-4.116673013002113	0.01603726398566222	0
HPCLAS_TRAIN_N_001969	0	HPCLAS_TRAIN_N_001969	0	A_clean_core	-3.558451885030079	0.02769407812808216	0
HPCLAS_TRAIN_N_001970	0	HPCLAS_TRAIN_N_001970	0	A_clean_core	-6.791655624427042	0.0011218478333236174	0
HPCLAS_TRAIN_N_001976	0	HPCLAS_TRAIN_N_001976	0	A_clean_core	-5.774798621829756	0.003095212751995927	0
HPCLAS_TRAIN_N_001977	0	HPCLAS_TRAIN_N_001977	0	B_ambiguous	-0.5660388794353811	0.3621513342205666	0
HPCLAS_TRAIN_N_001988	0	HPCLAS_TRAIN_N_001988	0	A_clean_core	-3.9736979420362437	0.018456713381582012	0
HPCLAS_TRAIN_N_002010	0	HPCLAS_TRAIN_N_002010	0	A_clean_core	-6.8414155478976095	0.0010674490236202033	0
HPCLAS_TRAIN_N_002013	0	HPCLAS_TRAIN_N_002013	0	A_clean_core	-2.844442156235917	0.054969321294904616	0
HPCLAS_TRAIN_N_002022	0	HPCLAS_TRAIN_N_002022	0	A_clean_core	-4.815981896406945	0.00803419445830691	0
HPCLAS_TRAIN_N_002025	0	HPCLAS_TRAIN_N_002025	0	D_hard_sample	-0.1252137101238545	0.46873740760944116	0
HPCLAS_TRAIN_N_002040	0	HPCLAS_TRAIN_N_002040	0	A_clean_core	-7.857850490821544	0.0003865547205481086	0
HPCLAS_TRAIN_N_002049	0	HPCLAS_TRAIN_N_002049	0	D_hard_sample	1.1909176094979093	0.7669051377865921	1
HPCLAS_TRAIN_N_002056	0	HPCLAS_TRAIN_N_002056	0	A_clean_core	-2.429942827949641	0.08091771900136459	0
HPCLAS_TRAIN_N_002060	0	HPCLAS_TRAIN_N_002060	0	D_hard_sample	1.1872534402463681	0.7662494843687231	1
HPCLAS_TRAIN_N_002069	0	HPCLAS_TRAIN_N_002069	0	A_clean_core	-2.812933530904728	0.056629260599772975	0
HPCLAS_TRAIN_N_002071	0	HPCLAS_TRAIN_N_002071	0	A_clean_core	-5.672797353309477	0.003426452909883349	0
HPCLAS_TRAIN_N_002075	0	HPCLAS_TRAIN_N_002075	0	D_hard_sample	-0.31080764203827166	0.4229176148590836	0
HPCLAS_TRAIN_N_002079	0	HPCLAS_TRAIN_N_002079	0	A_clean_core	-3.440707818584465	0.031047183602514874	0
HPCLAS_TRAIN_N_002080	0	HPCLAS_TRAIN_N_002080	0	D_hard_sample	-3.469604652188486	0.030189554386818723	0
HPCLAS_TRAIN_N_002081	0	HPCLAS_TRAIN_N_002081	0	A_clean_core	-5.973666504316007	0.0025384333870523924	0
HPCLAS_TRAIN_N_002084	0	HPCLAS_TRAIN_N_002084	0	D_hard_sample	-0.06198486736329629	0.48450874278557277	0
HPCLAS_TRAIN_N_002090	0	HPCLAS_TRAIN_N_002090	0	A_clean_core	-5.227916150954268	0.005336066514974714	0
HPCLAS_TRAIN_N_002099	0	HPCLAS_TRAIN_N_002099	0	A_clean_core	-6.310742024667121	0.0018133903555428823	0
HPCLAS_TRAIN_N_002108	0	HPCLAS_TRAIN_N_002108	0	D_hard_sample	-0.693527667738665	0.33324878598950125	0
HPCLAS_TRAIN_N_002109	0	HPCLAS_TRAIN_N_002109	0	A_clean_core	-2.759863932697654	0.059531983646069944	0
HPCLAS_TRAIN_N_002114	0	HPCLAS_TRAIN_N_002114	0	A_clean_core	-3.6654396024996507	0.024954265623325075	0
HPCLAS_TRAIN_N_002118	0	HPCLAS_TRAIN_N_002118	0	A_clean_core	-6.516587592225037	0.0014765231078679051	0
HPCLAS_TRAIN_N_002120	0	HPCLAS_TRAIN_N_002120	0	A_clean_core	-4.806567716142133	0.00810957068897903	0
HPCLAS_TRAIN_N_002124	0	HPCLAS_TRAIN_N_002124	0	D_hard_sample	-3.667603448546751	0.02490166997943886	0
HPCLAS_TRAIN_N_002126	0	HPCLAS_TRAIN_N_002126	0	A_clean_core	-3.4732134623169766	0.030084074071687138	0
HPCLAS_TRAIN_N_002144	0	HPCLAS_TRAIN_N_002144	0	A_clean_core	-4.4876096487329615	0.011122398031040212	0
HPCLAS_TRAIN_N_002148	0	HPCLAS_TRAIN_N_002148	0	D_hard_sample	-2.2146696976106663	0.09844085848104525	0
HPCLAS_TRAIN_N_002150	0	HPCLAS_TRAIN_N_002150	0	D_hard_sample	-3.9854587007801725	0.018244856985219625	0
HPCLAS_TRAIN_N_002152	0	HPCLAS_TRAIN_N_002152	0	D_hard_sample	4.626992602521945	0.990310662137538	1
HPCLAS_TRAIN_N_002154	0	HPCLAS_TRAIN_N_002154	0	A_clean_core	-4.268786747985076	0.013805497077420972	0
HPCLAS_TRAIN_N_002160	0	HPCLAS_TRAIN_N_002160	0	A_clean_core	-6.0595808831100255	0.0023299381895906376	0
HPCLAS_TRAIN_N_002165	0	HPCLAS_TRAIN_N_002165	0	D_hard_sample	-1.259279393593786	0.22109796554189395	0
HPCLAS_TRAIN_N_002168	0	HPCLAS_TRAIN_N_002168	0	A_clean_core	-5.418500407876087	0.004414218820737477	0
HPCLAS_TRAIN_N_002170	0	HPCLAS_TRAIN_N_002170	0	A_clean_core	-6.330223997732655	0.0017784660655286515	0
HPCLAS_TRAIN_N_002175	0	HPCLAS_TRAIN_N_002175	0	A_clean_core	-0.5946317914910951	0.355572813393961	0
HPCLAS_TRAIN_N_002193	0	HPCLAS_TRAIN_N_002193	0	A_clean_core	-4.535525435988787	0.010607546013558728	0
HPCLAS_TRAIN_N_002204	0	HPCLAS_TRAIN_N_002204	0	D_hard_sample	-5.50188458007476	0.004062505570859111	0
HPCLAS_TRAIN_N_002211	0	HPCLAS_TRAIN_N_002211	0	A_clean_core	-1.5659292106984468	0.17279748951147988	0
HPCLAS_TRAIN_N_002213	0	HPCLAS_TRAIN_N_002213	0	A_clean_core	-3.475437896589715	0.030019235056631722	0
HPCLAS_TRAIN_N_002227	0	HPCLAS_TRAIN_P_005090	0	B_ambiguous	1.2118049469294596	0.7706181577887234	1
HPCLAS_TRAIN_N_002256	0	HPCLAS_TRAIN_P_004233	0	B_ambiguous	-3.1516476772033224	0.0410264041978599	0
HPCLAS_TRAIN_N_002266	0	HPCLAS_TRAIN_N_002266	0	A_clean_core	-3.821818572997213	0.02141913858083693	0
HPCLAS_TRAIN_N_002273	0	HPCLAS_TRAIN_N_002273	0	A_clean_core	-5.149523405691621	0.005768698383930025	0
HPCLAS_TRAIN_N_002280	0	HPCLAS_TRAIN_N_002280	0	D_hard_sample	-0.7805313193941575	0.31420538586635616	0
HPCLAS_TRAIN_N_002288	0	HPCLAS_TRAIN_N_002288	0	A_clean_core	-2.1483048640933275	0.10448973343704512	0
HPCLAS_TRAIN_N_002292	0	HPCLAS_TRAIN_N_002292	0	A_clean_core	-5.404818503852661	0.004474756678638358	0
HPCLAS_TRAIN_N_002293	0	HPCLAS_TRAIN_N_002293	0	A_clean_core	-4.957171492029543	0.006983677284659448	0
HPCLAS_TRAIN_N_002297	0	HPCLAS_TRAIN_N_002297	0	D_hard_sample	-5.3735928274047815	0.004616033246140759	0
HPCLAS_TRAIN_N_002301	0	HPCLAS_TRAIN_N_002301	0	D_hard_sample	-0.8417239052540656	0.3011718338938969	0
HPCLAS_TRAIN_N_002306	0	HPCLAS_TRAIN_N_002306	0	A_clean_core	-1.9284020668001078	0.12692755266519523	0
HPCLAS_TRAIN_N_002307	0	HPCLAS_TRAIN_N_002307	0	A_clean_core	-5.023702320003838	0.006537104913070252	0
HPCLAS_TRAIN_N_002316	0	HPCLAS_TRAIN_N_002316	0	B_ambiguous	-1.6805647652321645	0.15702069914188557	0
HPCLAS_TRAIN_N_002324	0	HPCLAS_TRAIN_N_002324	0	D_hard_sample	0.11150072923348725	0.52784633852027	1
HPCLAS_TRAIN_N_002325	0	HPCLAS_TRAIN_N_002325	0	D_hard_sample	-0.08185132960891177	0.47954858441678544	0
HPCLAS_TRAIN_N_002331	0	HPCLAS_TRAIN_N_002331	0	A_clean_core	-3.548856882378259	0.02795361806490491	0
HPCLAS_TRAIN_N_002341	0	HPCLAS_TRAIN_N_002341	0	A_clean_core	-3.3715786192739756	0.03319560781873114	0
HPCLAS_TRAIN_N_002348	0	HPCLAS_TRAIN_N_002348	0	A_clean_core	-4.824113321128038	0.007969648444777235	0
HPCLAS_TRAIN_N_002366	0	HPCLAS_TRAIN_N_002366	0	A_clean_core	-1.6029704521218946	0.1675668625659954	0
HPCLAS_TRAIN_N_002367	0	HPCLAS_TRAIN_N_002367	0	D_hard_sample	1.7635882998946808	0.8536585000612679	1
HPCLAS_TRAIN_N_002370	0	HPCLAS_TRAIN_N_002370	0	A_clean_core	-3.6877496637237224	0.024417142122001367	0
HPCLAS_TRAIN_N_002376	0	HPCLAS_TRAIN_P_003810	0	B_ambiguous	-4.920914778937221	0.007239661887108506	0
HPCLAS_TRAIN_N_002382	0	HPCLAS_TRAIN_N_002382	0	A_clean_core	-3.153884981872595	0.0409384717183371	0
HPCLAS_TRAIN_N_002384	0	HPCLAS_TRAIN_N_002384	0	A_clean_core	-2.9144015153942	0.05144621913297433	0
HPCLAS_TRAIN_N_002395	0	HPCLAS_TRAIN_N_002395	0	A_clean_core	-7.192316981245794	0.0007517783368376554	0
HPCLAS_TRAIN_N_002416	0	HPCLAS_TRAIN_N_002416	0	A_clean_core	-2.1834099295709684	0.10125020688310044	0
HPCLAS_TRAIN_N_002419	0	HPCLAS_TRAIN_N_002419	0	A_clean_core	-5.888961929618031	0.00276219962479573	0
HPCLAS_TRAIN_N_002422	0	HPCLAS_TRAIN_N_002422	0	A_clean_core	-5.258719259277432	0.005175042441394264	0
HPCLAS_TRAIN_N_002426	0	HPCLAS_TRAIN_N_002426	0	D_hard_sample	-3.005672421964539	0.04717026897091787	0
HPCLAS_TRAIN_N_002432	0	HPCLAS_TRAIN_N_002432	0	A_clean_core	-2.123661569277724	0.10681822388183473	0
HPCLAS_TRAIN_N_002433	0	HPCLAS_TRAIN_N_002433	0	A_clean_core	-4.948301121084934	0.007045462264511813	0
HPCLAS_TRAIN_N_002435	0	HPCLAS_TRAIN_N_002435	0	D_hard_sample	-5.316457085637395	0.004886127608118186	0
HPCLAS_TRAIN_N_002448	0	HPCLAS_TRAIN_N_002448	0	A_clean_core	-6.882498324109842	0.001024527880208331	0
HPCLAS_TRAIN_N_002463	0	HPCLAS_TRAIN_N_002463	0	A_clean_core	-2.8085859592142493	0.056861966453085035	0
HPCLAS_TRAIN_N_002465	0	HPCLAS_TRAIN_N_002465	0	D_hard_sample	0.04261952200827081	0.5106532679802195	1
HPCLAS_TRAIN_N_002466	0	HPCLAS_TRAIN_N_002466	0	A_clean_core	-2.0006443335660156	0.11913528772793905	0
HPCLAS_TRAIN_N_002467	0	HPCLAS_TRAIN_P_002428	0	B_ambiguous	-5.205416644838681	0.005456823629677118	0
HPCLAS_TRAIN_N_002478	0	HPCLAS_TRAIN_N_002478	0	A_clean_core	-5.204058977250285	0.005464196704425908	0
HPCLAS_TRAIN_N_002484	0	HPCLAS_TRAIN_N_002484	0	D_hard_sample	-0.7077990794393191	0.3300853454420665	0
HPCLAS_TRAIN_N_002487	0	HPCLAS_TRAIN_N_002487	0	A_clean_core	-3.6343505459744874	0.025721986994766858	0
HPCLAS_TRAIN_N_002506	0	HPCLAS_TRAIN_N_002506	0	B_ambiguous	-2.8045339365547144	0.05707966168958304	0
HPCLAS_TRAIN_N_002527	0	HPCLAS_TRAIN_N_002527	0	A_clean_core	-2.16797446398644	0.1026634831786411	0
HPCLAS_TRAIN_N_002530	0	HPCLAS_TRAIN_N_002530	0	A_clean_core	-3.8019233907307894	0.02184014343661937	0
HPCLAS_TRAIN_N_002533	0	HPCLAS_TRAIN_N_002533	0	A_clean_core	-5.861392195511485	0.0028391929871271868	0
HPCLAS_TRAIN_N_002559	0	HPCLAS_TRAIN_N_002559	0	A_clean_core	-3.012250198109708	0.04687550831887431	0
HPCLAS_TRAIN_N_002561	0	HPCLAS_TRAIN_N_002561	0	A_clean_core	-1.813414852971764	0.14022591612187715	0
HPCLAS_TRAIN_N_002568	0	HPCLAS_TRAIN_N_002568	0	A_clean_core	-3.9104984664557323	0.019637171396225322	0
HPCLAS_TRAIN_N_002570	0	HPCLAS_TRAIN_N_002570	0	D_hard_sample	-1.3325902309262425	0.20873123341706504	0
HPCLAS_TRAIN_N_002575	0	HPCLAS_TRAIN_N_002575	0	A_clean_core	-5.551768488108261	0.0038655876425428477	0
HPCLAS_TRAIN_N_002577	0	HPCLAS_TRAIN_N_002577	0	A_clean_core	-6.7305158055507315	0.001192493232382372	0
HPCLAS_TRAIN_N_002586	0	HPCLAS_TRAIN_N_002586	0	A_clean_core	-3.870438579583345	0.020423411115575756	0
HPCLAS_TRAIN_N_002589	0	HPCLAS_TRAIN_N_002589	0	A_clean_core	-2.412908272198649	0.08219365754280089	0
HPCLAS_TRAIN_N_002590	0	HPCLAS_TRAIN_N_002590	0	D_hard_sample	-0.17293211203107836	0.45687439292114324	0
HPCLAS_TRAIN_N_002599	0	HPCLAS_TRAIN_N_002599	0	A_clean_core	-3.861221589889619	0.02060862632078915	0
HPCLAS_TRAIN_N_002607	0	HPCLAS_TRAIN_N_002607	0	A_clean_core	-7.299676348148037	0.0006753011101986656	0
HPCLAS_TRAIN_N_002621	0	HPCLAS_TRAIN_N_002621	0	A_clean_core	-5.991312436893156	0.0024941439959365003	0
HPCLAS_TRAIN_N_002622	0	HPCLAS_TRAIN_N_002622	0	A_clean_core	-3.942910957330073	0.019022800011813557	0
HPCLAS_TRAIN_N_002645	0	HPCLAS_TRAIN_N_002645	0	A_clean_core	-2.6052041321235446	0.06880424132185216	0
HPCLAS_TRAIN_N_002649	0	HPCLAS_TRAIN_N_002649	0	D_hard_sample	-3.1900183258356796	0.03954308354032158	0
HPCLAS_TRAIN_N_002656	0	HPCLAS_TRAIN_N_002656	0	A_clean_core	-5.229592632298104	0.0053271758095804886	0
HPCLAS_TRAIN_N_002661	0	HPCLAS_TRAIN_N_002661	0	A_clean_core	-4.78071591000657	0.008320184074884718	0
HPCLAS_TRAIN_N_002665	0	HPCLAS_TRAIN_N_002665	0	A_clean_core	-5.675440681102789	0.003417438543440561	0
HPCLAS_TRAIN_N_002667	0	HPCLAS_TRAIN_N_002667	0	A_clean_core	-6.029202268878238	0.002401631959992353	0
HPCLAS_TRAIN_N_002676	0	HPCLAS_TRAIN_N_002676	0	D_hard_sample	0.2954000631698608	0.5733176408114825	1
HPCLAS_TRAIN_N_002682	0	HPCLAS_TRAIN_N_002682	0	A_clean_core	-2.008748334184854	0.1182874586083334	0
HPCLAS_TRAIN_N_002686	0	HPCLAS_TRAIN_N_002686	0	D_hard_sample	0.15406058003852693	0.5384391467204861	1
HPCLAS_TRAIN_N_002687	0	HPCLAS_TRAIN_N_002687	0	A_clean_core	-5.580106075216046	0.003757989606081853	0
HPCLAS_TRAIN_N_002692	0	HPCLAS_TRAIN_N_002692	0	A_clean_core	-3.422027468252622	0.031614099173416274	0
HPCLAS_TRAIN_N_002701	0	HPCLAS_TRAIN_N_002701	0	A_clean_core	-5.174851991738362	0.005625231901311646	0
HPCLAS_TRAIN_N_002712	0	HPCLAS_TRAIN_N_002712	0	A_clean_core	-0.5495718989523604	0.365963737406601	0
HPCLAS_TRAIN_N_002715	0	HPCLAS_TRAIN_N_002715	0	D_hard_sample	0.25330307765497595	0.5629893332011249	1
HPCLAS_TRAIN_N_002717	0	HPCLAS_TRAIN_N_002717	0	D_hard_sample	-1.7100467597560867	0.15315765090836464	0
HPCLAS_TRAIN_N_002723	0	HPCLAS_TRAIN_N_002723	0	D_hard_sample	-1.7750207003708858	0.14491906633012674	0
HPCLAS_TRAIN_N_002725	0	HPCLAS_TRAIN_N_002725	0	A_clean_core	-2.9741143879492244	0.04860909421803259	0
HPCLAS_TRAIN_N_002741	0	HPCLAS_TRAIN_N_002741	0	A_clean_core	-2.538701933230856	0.07318917579468183	0
HPCLAS_TRAIN_N_002750	0	HPCLAS_TRAIN_N_002750	0	A_clean_core	-6.290802975114925	0.0018498429578472622	0
HPCLAS_TRAIN_N_002757	0	HPCLAS_TRAIN_N_002757	0	A_clean_core	-2.042547053246947	0.11480762901221575	0
HPCLAS_TRAIN_N_002760	0	HPCLAS_TRAIN_N_002760	0	A_clean_core	-0.946850273370263	0.2795186983866984	0
HPCLAS_TRAIN_N_002763	0	HPCLAS_TRAIN_N_002763	0	A_clean_core	-2.2099117434796103	0.09886393566066885	0
HPCLAS_TRAIN_N_002765	0	HPCLAS_TRAIN_N_002765	0	A_clean_core	-6.123919834677894	0.0021850702592542746	0
HPCLAS_TRAIN_N_002772	0	HPCLAS_TRAIN_N_002772	0	D_hard_sample	-3.388700915728312	0.03265046121366655	0
HPCLAS_TRAIN_N_002780	0	HPCLAS_TRAIN_N_002780	0	A_clean_core	-0.4727200981528524	0.383972635252551	0
HPCLAS_TRAIN_N_002783	0	HPCLAS_TRAIN_N_002783	0	A_clean_core	-8.046080509199507	0.0003202524993037894	0
HPCLAS_TRAIN_N_002791	0	HPCLAS_TRAIN_N_002791	0	A_clean_core	-6.108906460791856	0.002218049719305243	0
HPCLAS_TRAIN_N_002805	0	HPCLAS_TRAIN_N_002805	0	A_clean_core	-1.1248467075433408	0.24511337615796255	0
HPCLAS_TRAIN_N_002814	0	HPCLAS_TRAIN_N_002814	0	A_clean_core	-1.6861639432411377	0.15628098531005738	0
HPCLAS_TRAIN_N_002819	0	HPCLAS_TRAIN_N_002819	0	A_clean_core	-3.6868764128652396	0.024437952424189377	0
HPCLAS_TRAIN_N_002827	0	HPCLAS_TRAIN_N_002827	0	A_clean_core	-3.357395205182834	0.03365383164354144	0
HPCLAS_TRAIN_N_002838	0	HPCLAS_TRAIN_N_002838	0	A_clean_core	-2.9743376718869348	0.048598769213871566	0
HPCLAS_TRAIN_N_002840	0	HPCLAS_TRAIN_N_002840	0	A_clean_core	-4.479191411168363	0.011215369693519757	0
HPCLAS_TRAIN_N_002842	0	HPCLAS_TRAIN_N_002842	0	A_clean_core	-4.011041639172186	0.017792219166334937	0
HPCLAS_TRAIN_N_002846	0	HPCLAS_TRAIN_N_002846	0	A_clean_core	-6.5864784839027575	0.0013769884854743677	0
HPCLAS_TRAIN_N_002850	0	HPCLAS_TRAIN_N_002850	0	A_clean_core	-0.9682094394025488	0.2752375427422219	0
HPCLAS_TRAIN_N_002853	0	HPCLAS_TRAIN_N_002853	0	A_clean_core	-2.366034352390942	0.08579968679714937	0
HPCLAS_TRAIN_N_002854	0	HPCLAS_TRAIN_N_002854	0	B_ambiguous	-3.7228055911931373	0.023595853421602295	0
HPCLAS_TRAIN_N_002865	0	HPCLAS_TRAIN_N_002865	0	D_hard_sample	0.8562618925994294	0.7018790653815473	1
HPCLAS_TRAIN_N_002874	0	HPCLAS_TRAIN_N_002874	0	A_clean_core	-5.2436500643929636	0.005253203936403765	0
HPCLAS_TRAIN_N_002888	0	HPCLAS_TRAIN_N_002888	0	A_clean_core	-5.698511060256788	0.0033397597375697595	0
HPCLAS_TRAIN_N_002898	0	HPCLAS_TRAIN_N_002898	0	A_clean_core	-4.634912659590601	0.00961363568358642	0
HPCLAS_TRAIN_N_002907	0	HPCLAS_TRAIN_N_002907	0	D_hard_sample	-0.9207451417743112	0.2848060908579293	0
HPCLAS_TRAIN_N_002912	0	HPCLAS_TRAIN_N_002912	0	D_hard_sample	-1.245147455615074	0.22354126766820057	0
HPCLAS_TRAIN_N_002917	0	HPCLAS_TRAIN_N_002917	0	A_clean_core	-7.089612776016312	0.0008330256292995701	0
HPCLAS_TRAIN_N_002925	0	HPCLAS_TRAIN_N_002925	0	A_clean_core	-5.742395289640492	0.0031968247253732715	0
HPCLAS_TRAIN_N_002926	0	HPCLAS_TRAIN_P_007044	0	B_ambiguous	-2.726704126491304	0.06141587563492097	0
HPCLAS_TRAIN_N_002936	0	HPCLAS_TRAIN_N_002936	0	A_clean_core	-4.680290446743605	0.009191060012408592	0
HPCLAS_TRAIN_N_002942	0	HPCLAS_TRAIN_P_002419	0	B_ambiguous	-4.7544177429	0.008539998759835346	0
HPCLAS_TRAIN_N_002950	0	HPCLAS_TRAIN_N_002950	0	A_clean_core	-4.8855169080090235	0.007498564118029079	0
HPCLAS_TRAIN_N_002952	0	HPCLAS_TRAIN_N_002952	0	A_clean_core	-5.293014908468146	0.0050014425403820915	0
HPCLAS_TRAIN_N_002960	0	HPCLAS_TRAIN_N_002960	0	D_hard_sample	-0.22282292893149885	0.444523611874347	0
HPCLAS_TRAIN_N_002962	0	HPCLAS_TRAIN_N_002962	0	D_hard_sample	-1.7435850068146765	0.14885814430480032	0
HPCLAS_TRAIN_N_002964	0	HPCLAS_TRAIN_N_002964	0	A_clean_core	-4.164868167458715	0.015294216225003033	0
HPCLAS_TRAIN_N_002975	0	HPCLAS_TRAIN_N_002975	0	A_clean_core	-3.398146344363438	0.03235344626255902	0
HPCLAS_TRAIN_N_002985	0	HPCLAS_TRAIN_P_000260	0	B_ambiguous	-0.9958625700681608	0.2697556667153347	0
HPCLAS_TRAIN_N_002988	0	HPCLAS_TRAIN_N_002988	0	A_clean_core	-5.713173287360828	0.003291308660019096	0
HPCLAS_TRAIN_N_002992	0	HPCLAS_TRAIN_N_002992	0	A_clean_core	-5.711036402988755	0.0032983261035115547	0
HPCLAS_TRAIN_N_002996	0	HPCLAS_TRAIN_N_002996	0	A_clean_core	-4.946997417938932	0.007054588605812379	0
HPCLAS_TRAIN_N_003002	0	HPCLAS_TRAIN_N_003002	0	A_clean_core	-3.625025147705333	0.02595672138153784	0
HPCLAS_TRAIN_N_003006	0	HPCLAS_TRAIN_N_003006	0	A_clean_core	-7.856503127208805	0.00038707569960766094	0
HPCLAS_TRAIN_N_003010	0	HPCLAS_TRAIN_N_003010	0	A_clean_core	-2.2298429791305625	0.09710240668940448	0
HPCLAS_TRAIN_N_003014	0	HPCLAS_TRAIN_N_003014	0	D_hard_sample	1.011123226613675	0.7332399089538142	1
HPCLAS_TRAIN_N_003021	0	HPCLAS_TRAIN_N_003021	0	A_clean_core	-1.76073586093646	0.14669820236914652	0
HPCLAS_TRAIN_N_003028	0	HPCLAS_TRAIN_N_003028	0	A_clean_core	-5.220627196867557	0.005374893136694816	0
HPCLAS_TRAIN_N_003031	0	HPCLAS_TRAIN_N_003031	0	D_hard_sample	-2.4436376562616537	0.07990506177778026	0
HPCLAS_TRAIN_N_003037	0	HPCLAS_TRAIN_N_003037	0	D_hard_sample	-1.0604676333900072	0.25722009949149366	0
HPCLAS_TRAIN_N_003040	0	HPCLAS_TRAIN_N_003040	0	A_clean_core	-5.1250965142778915	0.005910501753025064	0
HPCLAS_TRAIN_N_003041	0	HPCLAS_TRAIN_N_003041	0	A_clean_core	-4.109210906537374	0.016155442789501227	0
HPCLAS_TRAIN_N_003046	0	HPCLAS_TRAIN_N_003046	0	A_clean_core	-4.049630618087855	0.017130251418134863	0
HPCLAS_TRAIN_N_003053	0	HPCLAS_TRAIN_N_003053	0	A_clean_core	-2.860123505073017	0.05416037333510303	0
HPCLAS_TRAIN_N_003067	0	HPCLAS_TRAIN_N_003067	0	A_clean_core	-4.885380694237751	0.007499577934646414	0
HPCLAS_TRAIN_N_003068	0	HPCLAS_TRAIN_N_003068	0	A_clean_core	-3.9894964690324053	0.018172673063606728	0
HPCLAS_TRAIN_N_003074	0	HPCLAS_TRAIN_N_003074	0	A_clean_core	-3.760455298277404	0.022743821558112578	0
HPCLAS_TRAIN_N_003078	0	HPCLAS_TRAIN_N_003078	0	A_clean_core	-4.790101888469041	0.008243097069508879	0
HPCLAS_TRAIN_N_003119	0	HPCLAS_TRAIN_N_003119	0	D_hard_sample	3.717369974181059	0.9762785900878878	1
HPCLAS_TRAIN_N_003121	0	HPCLAS_TRAIN_N_003121	0	A_clean_core	-4.376605576356907	0.012411954446944415	0
HPCLAS_TRAIN_N_003129	0	HPCLAS_TRAIN_N_003129	0	D_hard_sample	-0.5255623134623296	0.3715525013330689	0
HPCLAS_TRAIN_N_003140	0	HPCLAS_TRAIN_N_003140	0	A_clean_core	-2.9311674599373787	0.050634175266288495	0
HPCLAS_TRAIN_N_003146	0	HPCLAS_TRAIN_N_003146	0	A_clean_core	-2.1340188337499613	0.10583407359206598	0
HPCLAS_TRAIN_N_003147	0	HPCLAS_TRAIN_N_003147	0	A_clean_core	-5.397852743612995	0.004505894635551987	0
HPCLAS_TRAIN_N_003148	0	HPCLAS_TRAIN_N_003148	0	A_clean_core	-3.930941857398886	0.019247445154498295	0
HPCLAS_TRAIN_N_003149	0	HPCLAS_TRAIN_N_003149	0	D_hard_sample	-1.2276648691133578	0.2265903895571891	0
HPCLAS_TRAIN_N_003154	0	HPCLAS_TRAIN_N_003154	0	A_clean_core	-4.381829957613355	0.012348077377534905	0
HPCLAS_TRAIN_N_003158	0	HPCLAS_TRAIN_N_003158	0	A_clean_core	-3.3488323099359514	0.03393342248566953	0
HPCLAS_TRAIN_N_003159	0	HPCLAS_TRAIN_N_003159	0	A_clean_core	-7.181804079883232	0.0007597173619859303	0
HPCLAS_TRAIN_N_003176	0	HPCLAS_TRAIN_N_003176	0	A_clean_core	-3.833530982099285	0.021175013474053997	0
HPCLAS_TRAIN_N_003182	0	HPCLAS_TRAIN_N_003182	0	D_hard_sample	-0.5392247026625476	0.3683679546081324	0
HPCLAS_TRAIN_N_003183	0	HPCLAS_TRAIN_N_003183	0	A_clean_core	-5.100676200026245	0.006055730044557005	0
HPCLAS_TRAIN_N_003185	0	HPCLAS_TRAIN_N_003185	0	A_clean_core	-4.466630578460871	0.011355522750578927	0
HPCLAS_TRAIN_N_003188	0	HPCLAS_TRAIN_N_003188	0	A_clean_core	-5.804378905933983	0.003005267495013493	0
HPCLAS_TRAIN_N_003190	0	HPCLAS_TRAIN_N_003190	0	A_clean_core	-3.214157236329893	0.038636423016393355	0
HPCLAS_TRAIN_N_003208	0	HPCLAS_TRAIN_N_003208	0	A_clean_core	-4.560923575486075	0.01034427835845028	0
HPCLAS_TRAIN_N_003222	0	HPCLAS_TRAIN_N_003222	0	A_clean_core	-5.345147420554676	0.004748591068932568	0
HPCLAS_TRAIN_N_003224	0	HPCLAS_TRAIN_N_003224	0	A_clean_core	-0.6223460441369111	0.3492480685335522	0
HPCLAS_TRAIN_N_003225	0	HPCLAS_TRAIN_N_003225	0	A_clean_core	-4.311783321757586	0.013232176217796467	0
HPCLAS_TRAIN_N_003238	0	HPCLAS_TRAIN_N_003238	0	A_clean_core	-5.778481913395099	0.0030838682442229618	0
HPCLAS_TRAIN_N_003242	0	HPCLAS_TRAIN_N_003242	0	D_hard_sample	5.296248153324373	0.9950146217461097	1
HPCLAS_TRAIN_N_003244	0	HPCLAS_TRAIN_N_003244	0	A_clean_core	-4.954651168749736	0.007001177223996003	0
HPCLAS_TRAIN_N_003247	0	HPCLAS_TRAIN_N_003247	0	A_clean_core	-6.576326991181619	0.0013910186226546663	0
HPCLAS_TRAIN_N_003253	0	HPCLAS_TRAIN_N_003253	0	D_hard_sample	-0.9221475260248719	0.28452052321880944	0
HPCLAS_TRAIN_N_003257	0	HPCLAS_TRAIN_N_003257	0	A_clean_core	-4.964810965240899	0.006930897306004623	0
HPCLAS_TRAIN_N_003259	0	HPCLAS_TRAIN_N_003259	0	A_clean_core	-1.563171315113223	0.17319205481867228	0
HPCLAS_TRAIN_N_003279	0	HPCLAS_TRAIN_N_003279	0	A_clean_core	-4.534712539944816	0.01061608077353269	0
HPCLAS_TRAIN_N_003291	0	HPCLAS_TRAIN_N_003291	0	A_clean_core	-5.243643173102865	0.005253239947705729	0
HPCLAS_TRAIN_N_003314	0	HPCLAS_TRAIN_N_003314	0	A_clean_core	-6.835636470033442	0.0010736291119700322	0
HPCLAS_TRAIN_N_003315	0	HPCLAS_TRAIN_N_003315	0	A_clean_core	-1.908956771051753	0.12909809885599105	0
HPCLAS_TRAIN_N_003329	0	HPCLAS_TRAIN_N_003329	0	A_clean_core	-2.5151170179036577	0.07480519243892644	0
HPCLAS_TRAIN_N_003333	0	HPCLAS_TRAIN_N_003333	0	D_hard_sample	-2.622569646642987	0.06769992582158345	0
HPCLAS_TRAIN_N_003336	0	HPCLAS_TRAIN_N_003336	0	A_clean_core	-6.165679724607575	0.0020958882865578527	0
HPCLAS_TRAIN_N_003339	0	HPCLAS_TRAIN_N_003339	0	A_clean_core	-5.315832029728184	0.004889167729055088	0
HPCLAS_TRAIN_N_003340	0	HPCLAS_TRAIN_N_003340	0	A_clean_core	-3.020991118696811	0.04648652290505289	0
HPCLAS_TRAIN_N_003359	0	HPCLAS_TRAIN_N_003359	0	A_clean_core	-2.3407027487381242	0.08780761015147746	0
HPCLAS_TRAIN_N_003361	0	HPCLAS_TRAIN_N_003361	0	D_hard_sample	1.4611740406193634	0.8117121755642595	1
HPCLAS_TRAIN_N_003363	0	HPCLAS_TRAIN_N_003363	0	A_clean_core	-4.658708799974	0.009389691387126338	0
HPCLAS_TRAIN_N_003369	0	HPCLAS_TRAIN_N_003369	0	D_hard_sample	-1.9434166355809923	0.12527298315250038	0
HPCLAS_TRAIN_N_003370	0	HPCLAS_TRAIN_N_003370	0	D_hard_sample	-1.1944277455871384	0.23246797246338408	0
HPCLAS_TRAIN_N_003382	0	HPCLAS_TRAIN_N_003382	0	D_hard_sample	1.0191422304344193	0.7348054826809219	1
HPCLAS_TRAIN_N_003383	0	HPCLAS_TRAIN_N_003383	0	A_clean_core	-3.3166162986739556	0.035005530779305676	0
HPCLAS_TRAIN_N_003402	0	HPCLAS_TRAIN_N_003402	0	A_clean_core	-1.189777164688261	0.23329879205859663	0
HPCLAS_TRAIN_N_003404	0	HPCLAS_TRAIN_N_003404	0	A_clean_core	-2.200361901134871	0.09971799498584813	0
HPCLAS_TRAIN_N_003413	0	HPCLAS_TRAIN_N_003413	0	A_clean_core	-4.398394339443942	0.01214768802082491	0
HPCLAS_TRAIN_N_003414	0	HPCLAS_TRAIN_N_003414	0	A_clean_core	-4.913030802227568	0.007296546690021773	0
HPCLAS_TRAIN_N_003418	0	HPCLAS_TRAIN_N_003418	0	A_clean_core	-4.954312661507382	0.007003530973536892	0
HPCLAS_TRAIN_N_003432	0	HPCLAS_TRAIN_N_003432	0	D_hard_sample	-0.7919030700052317	0.31176018952106876	0
HPCLAS_TRAIN_N_003437	0	HPCLAS_TRAIN_N_003437	0	A_clean_core	-4.8062292820614525	0.008112293440153438	0
HPCLAS_TRAIN_N_003445	0	HPCLAS_TRAIN_N_003445	0	A_clean_core	-5.782407117792678	0.003071824267886241	0
HPCLAS_TRAIN_N_003450	0	HPCLAS_TRAIN_N_003450	0	A_clean_core	-6.78266148361088	0.0011319719295741547	0
HPCLAS_TRAIN_N_003453	0	HPCLAS_TRAIN_N_003453	0	B_ambiguous	0.5012801356110431	0.6227601206283754	1
HPCLAS_TRAIN_N_003460	0	HPCLAS_TRAIN_N_003460	0	A_clean_core	-1.3729618294838437	0.20214173978021152	0
HPCLAS_TRAIN_N_003466	0	HPCLAS_TRAIN_N_003466	0	A_clean_core	-2.9105480554220193	0.051634591440164634	0
HPCLAS_TRAIN_N_003467	0	HPCLAS_TRAIN_N_003467	0	B_ambiguous	0.26387163541432807	0.5655877862454812	1
HPCLAS_TRAIN_N_003468	0	HPCLAS_TRAIN_N_003468	0	A_clean_core	-5.498583973462382	0.004075881713750019	0
HPCLAS_TRAIN_N_003475	0	HPCLAS_TRAIN_N_003475	0	D_hard_sample	1.8249165496323432	0.8611550288395322	1
HPCLAS_TRAIN_N_003476	0	HPCLAS_TRAIN_N_003476	0	A_clean_core	-2.1770559570528327	0.1018298762287303	0
HPCLAS_TRAIN_N_003507	0	HPCLAS_TRAIN_N_004280	0	A_clean_core	-5.062199012254331	0.006291783692004604	0
HPCLAS_TRAIN_N_003509	0	HPCLAS_TRAIN_N_003509	0	D_hard_sample	-2.309193727413836	0.09036439735423572	0
HPCLAS_TRAIN_N_003513	0	HPCLAS_TRAIN_N_003513	0	A_clean_core	-1.612742113207682	0.16620825520412927	0
HPCLAS_TRAIN_N_003518	0	HPCLAS_TRAIN_N_003518	0	A_clean_core	-6.529210206628931	0.0014580296635211998	0
HPCLAS_TRAIN_N_003529	0	HPCLAS_TRAIN_N_003529	0	D_hard_sample	-1.9008419915169332	0.13001320722096854	0
HPCLAS_TRAIN_N_003535	0	HPCLAS_TRAIN_N_003535	0	A_clean_core	-4.767836718835714	0.008427125469753823	0
HPCLAS_TRAIN_N_003544	0	HPCLAS_TRAIN_N_003544	0	D_hard_sample	-4.525826901827888	0.010709816997829136	0
HPCLAS_TRAIN_N_003551	0	HPCLAS_TRAIN_N_003551	0	A_clean_core	-2.7879237096031275	0.05798025521428459	0
HPCLAS_TRAIN_N_003571	0	HPCLAS_TRAIN_N_003571	0	A_clean_core	-4.160516980848167	0.015359884808940948	0
HPCLAS_TRAIN_N_003576	0	HPCLAS_TRAIN_N_003576	0	A_clean_core	-4.8297871692831205	0.007924915247717722	0
HPCLAS_TRAIN_N_003587	0	HPCLAS_TRAIN_N_003587	0	A_clean_core	-5.37675316527362	0.004601535071329056	0
HPCLAS_TRAIN_N_003589	0	HPCLAS_TRAIN_N_003589	0	A_clean_core	-6.249899285145436	0.0019269283499602815	0
HPCLAS_TRAIN_N_003594	0	HPCLAS_TRAIN_N_003594	0	A_clean_core	-2.6607493051764677	0.06532956473832904	0
HPCLAS_TRAIN_N_003601	0	HPCLAS_TRAIN_N_003601	0	D_hard_sample	-0.5143914598907223	0.3741646303923131	0
HPCLAS_TRAIN_N_003603	0	HPCLAS_TRAIN_N_003603	0	A_clean_core	-4.489146785636843	0.011105504236832726	0
HPCLAS_TRAIN_N_003610	0	HPCLAS_TRAIN_N_003610	0	B_ambiguous	-4.851827382099881	0.00775349867595459	0
HPCLAS_TRAIN_N_003614	0	HPCLAS_TRAIN_N_003614	0	A_clean_core	-2.403951342090613	0.08287188274638045	0
HPCLAS_TRAIN_N_003634	0	HPCLAS_TRAIN_N_003634	0	A_clean_core	-5.537251399286412	0.003921892337858665	0
HPCLAS_TRAIN_N_003640	0	HPCLAS_TRAIN_N_003640	0	D_hard_sample	0.09885318978984975	0.5246931923284965	1
HPCLAS_TRAIN_N_003642	0	HPCLAS_TRAIN_P_001674	0	B_ambiguous	-4.497629750861934	0.011012728177737812	0
HPCLAS_TRAIN_N_003651	0	HPCLAS_TRAIN_N_003651	0	A_clean_core	-6.035680450306283	0.0023861610426310804	0
HPCLAS_TRAIN_N_003657	0	HPCLAS_TRAIN_N_003657	0	A_clean_core	-5.037706965476138	0.0064467792437164755	0
HPCLAS_TRAIN_N_003658	0	HPCLAS_TRAIN_N_003658	0	A_clean_core	0.9282567244254545	0.7167214788737435	1
HPCLAS_TRAIN_N_003668	0	HPCLAS_TRAIN_N_003668	0	A_clean_core	-2.2793299351197467	0.09284937619419854	0
HPCLAS_TRAIN_N_003687	0	HPCLAS_TRAIN_N_003687	0	A_clean_core	-1.4092174803945754	0.1963575095887366	0
HPCLAS_TRAIN_N_003697	0	HPCLAS_TRAIN_N_003697	0	D_hard_sample	-0.2613327186889283	0.43503612469098646	0
HPCLAS_TRAIN_N_003698	0	HPCLAS_TRAIN_N_003698	0	A_clean_core	-4.0096035905133105	0.017817367444601783	0
HPCLAS_TRAIN_N_003704	0	HPCLAS_TRAIN_N_003704	0	D_hard_sample	0.39179751337162105	0.5967153390536875	1
HPCLAS_TRAIN_N_003705	0	HPCLAS_TRAIN_N_003705	0	A_clean_core	-4.420566842699649	0.01188447323665423	0
HPCLAS_TRAIN_N_003708	0	HPCLAS_TRAIN_N_003708	0	D_hard_sample	-0.064347268233399	0.4839187313615535	0
HPCLAS_TRAIN_N_003710	0	HPCLAS_TRAIN_N_003710	0	D_hard_sample	-1.693051537337964	0.15537495468549933	0
HPCLAS_TRAIN_N_003720	0	HPCLAS_TRAIN_N_003720	0	A_clean_core	-2.7268721043544653	0.061406193438046194	0
HPCLAS_TRAIN_N_003725	0	HPCLAS_TRAIN_N_003725	0	A_clean_core	-4.211994716137178	0.014600451829315374	0
HPCLAS_TRAIN_N_003732	0	HPCLAS_TRAIN_N_003732	0	D_hard_sample	-4.121243979757674	0.01596529314719504	0
HPCLAS_TRAIN_N_003737	0	HPCLAS_TRAIN_N_003737	0	D_hard_sample	0.6341720834754697	0.65343486661757	1
HPCLAS_TRAIN_N_003740	0	HPCLAS_TRAIN_N_003740	0	B_ambiguous	-2.4792136990181874	0.07732828498579371	0
HPCLAS_TRAIN_N_003743	0	HPCLAS_TRAIN_N_003743	0	A_clean_core	-4.964813250409465	0.006930881577527098	0
HPCLAS_TRAIN_N_003746	0	HPCLAS_TRAIN_N_003746	0	A_clean_core	-2.968608934276479	0.048864334461748773	0
HPCLAS_TRAIN_N_003764	0	HPCLAS_TRAIN_N_003764	0	D_hard_sample	-0.5401948253088975	0.3681422620956108	0
HPCLAS_TRAIN_N_003766	0	HPCLAS_TRAIN_N_003766	0	A_clean_core	-7.299157439219576	0.0006756513840848046	0
HPCLAS_TRAIN_N_003780	0	HPCLAS_TRAIN_N_003780	0	A_clean_core	-4.283546062085963	0.013605985708085426	0
HPCLAS_TRAIN_N_003781	0	HPCLAS_TRAIN_N_003781	0	A_clean_core	-6.07898781042862	0.002285259521034361	0
HPCLAS_TRAIN_N_003784	0	HPCLAS_TRAIN_N_003784	0	A_clean_core	-1.5718691535154536	0.17195009235570904	0
HPCLAS_TRAIN_N_003793	0	HPCLAS_TRAIN_P_001611	0	B_ambiguous	0.5461012004864426	0.6332305675725719	1
HPCLAS_TRAIN_N_003794	0	HPCLAS_TRAIN_N_003794	0	A_clean_core	-4.791477870727784	0.00823185581847243	0
HPCLAS_TRAIN_N_003811	0	HPCLAS_TRAIN_N_003811	0	A_clean_core	-3.615785443053942	0.02619135458585866	0
HPCLAS_TRAIN_N_003812	0	HPCLAS_TRAIN_N_003812	0	A_clean_core	-5.1775636783041445	0.005610084158253953	0
HPCLAS_TRAIN_N_003813	0	HPCLAS_TRAIN_N_003813	0	A_clean_core	-4.823696435035629	0.007972945077891206	0
HPCLAS_TRAIN_N_003818	0	HPCLAS_TRAIN_N_003818	0	A_clean_core	-3.3332010537703893	0.03444959538665063	0
HPCLAS_TRAIN_N_003822	0	HPCLAS_TRAIN_N_003822	0	A_clean_core	-4.3902578300640105	0.012245715695274035	0
HPCLAS_TRAIN_N_003828	0	HPCLAS_TRAIN_N_003828	0	A_clean_core	-4.138220210673963	0.015700769690010326	0
HPCLAS_TRAIN_N_003829	0	HPCLAS_TRAIN_N_003829	0	A_clean_core	-5.7209974545161435	0.003265741162070884	0
HPCLAS_TRAIN_N_003831	0	HPCLAS_TRAIN_N_003831	0	D_hard_sample	-3.065149986488987	0.04456789333349207	0
HPCLAS_TRAIN_N_003835	0	HPCLAS_TRAIN_N_003835	0	A_clean_core	-5.110952557522401	0.005994188971785554	0
HPCLAS_TRAIN_N_003843	0	HPCLAS_TRAIN_N_003843	0	D_hard_sample	-3.140753724397013	0.04145715710000495	0
HPCLAS_TRAIN_N_003854	0	HPCLAS_TRAIN_N_003854	0	A_clean_core	-4.396762053893541	0.012167291252053734	0
HPCLAS_TRAIN_N_003856	0	HPCLAS_TRAIN_N_003856	0	A_clean_core	-4.128671058632642	0.01584902924717939	0
HPCLAS_TRAIN_N_003860	0	HPCLAS_TRAIN_N_003860	0	A_clean_core	-4.438451872972394	0.011676268337870796	0
HPCLAS_TRAIN_N_003868	0	HPCLAS_TRAIN_N_003868	0	D_hard_sample	-1.4736793916067032	0.1863840086377362	0
HPCLAS_TRAIN_N_003874	0	HPCLAS_TRAIN_N_003874	0	A_clean_core	-3.9673609363758593	0.018571865983780196	0
HPCLAS_TRAIN_N_003878	0	HPCLAS_TRAIN_N_003878	0	A_clean_core	-6.307989864855873	0.0018183788820074597	0
HPCLAS_TRAIN_N_003882	0	HPCLAS_TRAIN_N_003882	0	D_hard_sample	-3.1649531940288096	0.04050610714602136	0
HPCLAS_TRAIN_N_003886	0	HPCLAS_TRAIN_N_003886	0	A_clean_core	-5.785939457356675	0.0030610258389319623	0
HPCLAS_TRAIN_N_003894	0	HPCLAS_TRAIN_N_003894	0	A_clean_core	-5.56138061906058	0.0038287506954254005	0
HPCLAS_TRAIN_N_003896	0	HPCLAS_TRAIN_N_003896	0	D_hard_sample	-2.361702248540429	0.08614009908393018	0
HPCLAS_TRAIN_N_003899	0	HPCLAS_TRAIN_P_001639	0	B_ambiguous	-1.9116961812445648	0.128790414908052	0
HPCLAS_TRAIN_N_003900	0	HPCLAS_TRAIN_N_003900	0	A_clean_core	-4.9715015406321905	0.006884998599670909	0
HPCLAS_TRAIN_N_003905	0	HPCLAS_TRAIN_N_003905	0	A_clean_core	-3.792435112386698	0.022043765252034848	0
HPCLAS_TRAIN_N_003907	0	HPCLAS_TRAIN_N_003907	0	A_clean_core	-6.178426396911359	0.002069397166072635	0
HPCLAS_TRAIN_N_003908	0	HPCLAS_TRAIN_N_003908	0	A_clean_core	-3.056993716395021	0.044916493319746856	0
HPCLAS_TRAIN_N_003910	0	HPCLAS_TRAIN_N_003910	0	A_clean_core	-1.1091248739437019	0.2480340751043298	0
HPCLAS_TRAIN_N_003916	0	HPCLAS_TRAIN_N_003916	0	A_clean_core	-1.9623002911508887	0.12321831884626809	0
HPCLAS_TRAIN_N_003918	0	HPCLAS_TRAIN_N_003918	0	A_clean_core	-6.173941355802738	0.0020786800059129393	0
HPCLAS_TRAIN_N_003921	0	HPCLAS_TRAIN_N_003921	0	D_hard_sample	-2.399111588381395	0.08324046741313429	0
HPCLAS_TRAIN_N_003933	0	HPCLAS_TRAIN_N_003933	0	A_clean_core	-6.6727472630459195	0.0012633209096957411	0
HPCLAS_TRAIN_N_003936	0	HPCLAS_TRAIN_N_003936	0	D_hard_sample	-1.1305069400968752	0.24406755903996863	0
HPCLAS_TRAIN_N_003937	0	HPCLAS_TRAIN_N_003937	0	A_clean_core	-5.4429830680098235	0.00430791912552758	0
HPCLAS_TRAIN_N_003959	0	HPCLAS_TRAIN_N_003959	0	A_clean_core	-4.157263306228697	0.015409170923547622	0
HPCLAS_TRAIN_N_003963	0	HPCLAS_TRAIN_N_003963	0	A_clean_core	-3.8202057790188992	0.021452969426833987	0
HPCLAS_TRAIN_N_003968	0	HPCLAS_TRAIN_N_003968	0	A_clean_core	-7.1224102905497135	0.0008061693023426547	0
HPCLAS_TRAIN_N_003979	0	HPCLAS_TRAIN_N_003979	0	D_hard_sample	-1.8823105348475486	0.13212370609590468	0
HPCLAS_TRAIN_N_003981	0	HPCLAS_TRAIN_N_003981	0	A_clean_core	-1.2802397931819671	0.21750940823678006	0
HPCLAS_TRAIN_N_003983	0	HPCLAS_TRAIN_N_003983	0	D_hard_sample	0.08087689110263496	0.5202082086981443	1
HPCLAS_TRAIN_N_003985	0	HPCLAS_TRAIN_N_003985	0	A_clean_core	-1.941688128763171	0.125462515062901	0
HPCLAS_TRAIN_N_003997	0	HPCLAS_TRAIN_N_003997	0	A_clean_core	-2.332624429307381	0.08845682103286058	0
HPCLAS_TRAIN_N_003998	0	HPCLAS_TRAIN_N_003998	0	A_clean_core	-2.630037380813906	0.06723010639089418	0
HPCLAS_TRAIN_N_003999	0	HPCLAS_TRAIN_N_003999	0	D_hard_sample	0.1045701192049606	0.5261187336379483	1
HPCLAS_TRAIN_N_004000	0	HPCLAS_TRAIN_P_005085	0	B_ambiguous	-4.818769857063293	0.00801200584617629	0
HPCLAS_TRAIN_N_004005	0	HPCLAS_TRAIN_N_004005	0	A_clean_core	-5.8024559486688	0.0030110346384127937	0
HPCLAS_TRAIN_N_004018	0	HPCLAS_TRAIN_P_004986	0	B_ambiguous	-5.697194373461891	0.0033441453361072173	0
HPCLAS_TRAIN_N_004019	0	HPCLAS_TRAIN_N_004019	0	A_clean_core	-5.699531537975493	0.003336364690583918	0
HPCLAS_TRAIN_N_004031	0	HPCLAS_TRAIN_N_004031	0	A_clean_core	-4.014715836782853	0.017728123784039197	0
HPCLAS_TRAIN_N_004040	0	HPCLAS_TRAIN_N_004040	0	A_clean_core	-4.571707012591489	0.01023446624620215	0
HPCLAS_TRAIN_N_004043	0	HPCLAS_TRAIN_N_004043	0	D_hard_sample	0.2825676139766538	0.570175595981863	1
HPCLAS_TRAIN_N_004044	0	HPCLAS_TRAIN_N_004044	0	A_clean_core	-7.197889158164889	0.0007476040673702265	0
HPCLAS_TRAIN_N_004045	0	HPCLAS_TRAIN_N_004045	0	A_clean_core	-4.746859322563068	0.00860423472163493	0
HPCLAS_TRAIN_N_004054	0	HPCLAS_TRAIN_N_004054	0	B_ambiguous	-2.498816400971954	0.0759411963776776	0
HPCLAS_TRAIN_N_004066	0	HPCLAS_TRAIN_N_004066	0	D_hard_sample	-0.9611287309857083	0.2766522610517021	0
HPCLAS_TRAIN_N_004073	0	HPCLAS_TRAIN_N_004073	0	D_hard_sample	2.5598686341601082	0.9282337071759187	1
HPCLAS_TRAIN_N_004097	0	HPCLAS_TRAIN_N_004097	0	D_hard_sample	-0.3987462927705497	0.4016135937547436	0
HPCLAS_TRAIN_N_004103	0	HPCLAS_TRAIN_N_004103	0	A_clean_core	-2.433709752830532	0.08063801452731591	0
HPCLAS_TRAIN_N_004111	0	HPCLAS_TRAIN_P_001674	0	B_ambiguous	5.5705388360530455	0.9962060213322527	1
HPCLAS_TRAIN_N_004130	0	HPCLAS_TRAIN_N_004130	0	A_clean_core	-2.5316229200399456	0.0736708163180179	0
HPCLAS_TRAIN_N_004132	0	HPCLAS_TRAIN_N_004132	0	A_clean_core	-4.285366756784566	0.013581572041101081	0
HPCLAS_TRAIN_N_004141	0	HPCLAS_TRAIN_N_004141	0	A_clean_core	-2.2607438600405207	0.09442674203816312	0
HPCLAS_TRAIN_N_004147	0	HPCLAS_TRAIN_N_004147	0	A_clean_core	-4.322775103974066	0.013089420817412115	0
HPCLAS_TRAIN_N_004156	0	HPCLAS_TRAIN_N_004156	0	A_clean_core	-3.524467494891229	0.02862401672005799	0
HPCLAS_TRAIN_N_004171	0	HPCLAS_TRAIN_N_004171	0	D_hard_sample	-1.3774404087301206	0.20142039593875102	0
HPCLAS_TRAIN_N_004172	0	HPCLAS_TRAIN_N_004172	0	A_clean_core	-6.102495535386418	0.0022322833045645696	0
HPCLAS_TRAIN_N_004175	0	HPCLAS_TRAIN_N_004175	0	A_clean_core	-4.973118692661954	0.0068739499814401165	0
HPCLAS_TRAIN_N_004189	0	HPCLAS_TRAIN_N_004189	0	D_hard_sample	0.625851261717551	0.6515481542252427	1
HPCLAS_TRAIN_N_004191	0	HPCLAS_TRAIN_N_004191	0	B_ambiguous	-3.222982491456001	0.038309952224451015	0
HPCLAS_TRAIN_N_004197	0	HPCLAS_TRAIN_N_004197	0	A_clean_core	-5.4650710805992055	0.00421420553307376	0
HPCLAS_TRAIN_N_004201	0	HPCLAS_TRAIN_N_004201	0	A_clean_core	-3.1759199073408118	0.04008202312662574	0
HPCLAS_TRAIN_N_004207	0	HPCLAS_TRAIN_N_004207	0	A_clean_core	-1.5711911366785658	0.1720466520754264	0
HPCLAS_TRAIN_N_004210	0	HPCLAS_TRAIN_N_004210	0	B_ambiguous	2.9568645554346613	0.9505869255217069	1
HPCLAS_TRAIN_N_004214	0	HPCLAS_TRAIN_N_004214	0	B_ambiguous	-2.873323583771982	0.05348813848574815	0
HPCLAS_TRAIN_N_004224	0	HPCLAS_TRAIN_N_004224	0	A_clean_core	-3.9637340619801957	0.018638088405506167	0
HPCLAS_TRAIN_N_004232	0	HPCLAS_TRAIN_N_004232	0	A_clean_core	-5.4043498381191375	0.004476844944387495	0
HPCLAS_TRAIN_N_004236	0	HPCLAS_TRAIN_N_004236	0	A_clean_core	-4.161164213095871	0.015350099164977203	0
HPCLAS_TRAIN_N_004237	0	HPCLAS_TRAIN_N_004237	0	A_clean_core	-6.544701474195195	0.0014356491612449258	0
HPCLAS_TRAIN_N_004259	0	HPCLAS_TRAIN_N_004259	0	B_ambiguous	8.470885636172778	0.9997905645736446	1
HPCLAS_TRAIN_N_004262	0	HPCLAS_TRAIN_N_004262	0	A_clean_core	-2.6976573852807295	0.06311172999469915	0
HPCLAS_TRAIN_N_004269	0	HPCLAS_TRAIN_N_004269	0	D_hard_sample	-0.05141911327207665	0.48714805318939214	0
HPCLAS_TRAIN_N_004280	0	HPCLAS_TRAIN_N_004280	0	A_clean_core	-4.288784104661634	0.013535865466366858	0
HPCLAS_TRAIN_N_004282	0	HPCLAS_TRAIN_N_004282	0	A_clean_core	-3.8308883343730256	0.021229856025688262	0
HPCLAS_TRAIN_N_004307	0	HPCLAS_TRAIN_N_004307	0	A_clean_core	-3.798279690501462	0.021918120127167623	0
HPCLAS_TRAIN_N_004320	0	HPCLAS_TRAIN_N_004320	0	A_clean_core	-3.3766091988140103	0.03303453669464486	0
HPCLAS_TRAIN_N_004322	0	HPCLAS_TRAIN_N_004322	0	A_clean_core	-4.09171954971344	0.016435823933616065	0
HPCLAS_TRAIN_N_004327	0	HPCLAS_TRAIN_N_004327	0	A_clean_core	-4.749412208716623	0.008582485383269481	0
HPCLAS_TRAIN_N_004328	0	HPCLAS_TRAIN_N_004328	0	B_ambiguous	-1.3284335146292305	0.2094185983136429	0
HPCLAS_TRAIN_N_004338	0	HPCLAS_TRAIN_N_004338	0	A_clean_core	-4.699274283510881	0.00901978310565577	0
HPCLAS_TRAIN_N_004340	0	HPCLAS_TRAIN_N_004340	0	D_hard_sample	-3.3784191605133023	0.032976769464621865	0
HPCLAS_TRAIN_N_004345	0	HPCLAS_TRAIN_N_004345	0	D_hard_sample	-0.3249556755804031	0.41946848878747445	0
HPCLAS_TRAIN_N_004349	0	HPCLAS_TRAIN_N_004349	0	A_clean_core	-3.203047009444106	0.03905121931189696	0
HPCLAS_TRAIN_N_004361	0	HPCLAS_TRAIN_N_004361	0	A_clean_core	-6.881852204562872	0.0010251893827379515	0
HPCLAS_TRAIN_N_004370	0	HPCLAS_TRAIN_N_004370	0	D_hard_sample	0.6311926978575869	0.6527598536016452	1
HPCLAS_TRAIN_N_004383	0	HPCLAS_TRAIN_N_004383	0	A_clean_core	-2.544072007746261	0.07282574396716356	0
HPCLAS_TRAIN_N_004385	0	HPCLAS_TRAIN_N_004385	0	D_hard_sample	-4.626520980552811	0.009693864336276012	0
HPCLAS_TRAIN_N_004387	0	HPCLAS_TRAIN_N_004387	0	A_clean_core	-3.7224054827997715	0.023605073311846563	0
HPCLAS_TRAIN_N_004391	0	HPCLAS_TRAIN_N_004391	0	A_clean_core	-6.164163557999115	0.0020990617373033826	0
HPCLAS_TRAIN_N_004394	0	HPCLAS_TRAIN_P_000438	0	B_ambiguous	0.7643358790080877	0.6822943589365629	1
HPCLAS_TRAIN_N_004395	0	HPCLAS_TRAIN_N_004395	0	A_clean_core	-1.8271294475698727	0.1385805928916646	0
HPCLAS_TRAIN_N_004396	0	HPCLAS_TRAIN_N_004396	0	A_clean_core	-6.8950260970690955	0.0010117857954810865	0
HPCLAS_TRAIN_N_004398	0	HPCLAS_TRAIN_N_004398	0	A_clean_core	-3.7462626432765704	0.023061421113819505	0
HPCLAS_TRAIN_N_004401	0	HPCLAS_TRAIN_N_004401	0	A_clean_core	-3.9510929887295387	0.018870715030523483	0
HPCLAS_TRAIN_N_004424	0	HPCLAS_TRAIN_N_004424	0	A_clean_core	-2.7524835984540035	0.05994653901312688	0
HPCLAS_TRAIN_N_004425	0	HPCLAS_TRAIN_N_004425	0	A_clean_core	-5.520474108917254	0.003987981508696974	0
HPCLAS_TRAIN_N_004426	0	HPCLAS_TRAIN_N_004426	0	A_clean_core	-6.758319154313465	0.0011598325242147805	0
HPCLAS_TRAIN_N_004429	0	HPCLAS_TRAIN_N_004429	0	A_clean_core	-5.4836112426867425	0.004137113577547007	0
HPCLAS_TRAIN_N_004436	0	HPCLAS_TRAIN_N_004436	0	A_clean_core	-4.727399212835102	0.008771830753411392	0
HPCLAS_TRAIN_N_004441	0	HPCLAS_TRAIN_N_004441	0	A_clean_core	-3.625636973021435	0.025941257106039808	0
HPCLAS_TRAIN_N_004443	0	HPCLAS_TRAIN_N_004443	0	D_hard_sample	0.8966639265226695	0.7102634563360675	1
HPCLAS_TRAIN_N_004445	0	HPCLAS_TRAIN_N_004445	0	D_hard_sample	-1.5875682829114626	0.16972629759722452	0
HPCLAS_TRAIN_N_004447	0	HPCLAS_TRAIN_N_004447	0	D_hard_sample	1.009542642481791	0.7329306340977931	1
HPCLAS_TRAIN_N_004448	0	HPCLAS_TRAIN_N_004448	0	A_clean_core	-2.744855144433248	0.06037787077013679	0
HPCLAS_TRAIN_N_004451	0	HPCLAS_TRAIN_N_004451	0	A_clean_core	-5.370975372481731	0.0046280753404255364	0
HPCLAS_TRAIN_N_004454	0	HPCLAS_TRAIN_N_004454	0	A_clean_core	-0.8744721045710157	0.29432460288730344	0
HPCLAS_TRAIN_N_004461	0	HPCLAS_TRAIN_N_004461	0	A_clean_core	-2.8553100210179267	0.0544074836461475	0
HPCLAS_TRAIN_N_004463	0	HPCLAS_TRAIN_N_004463	0	A_clean_core	-3.0968171457404585	0.043238735649819025	0
HPCLAS_TRAIN_N_004474	0	HPCLAS_TRAIN_N_004474	0	D_hard_sample	-1.6820833595268443	0.15681979478451474	0
HPCLAS_TRAIN_N_004478	0	HPCLAS_TRAIN_N_004478	0	A_clean_core	-6.248494249454898	0.001929632427990482	0
HPCLAS_TRAIN_N_004490	0	HPCLAS_TRAIN_N_004490	0	A_clean_core	-6.922807889340873	0.0009840907253518452	0
HPCLAS_TRAIN_N_004493	0	HPCLAS_TRAIN_N_004493	0	D_hard_sample	-0.9116268358859574	0.28666705169534845	0
HPCLAS_TRAIN_N_004498	0	HPCLAS_TRAIN_N_004498	0	A_clean_core	-7.29820563308031	0.000676294344240807	0
HPCLAS_TRAIN_N_004503	0	HPCLAS_TRAIN_N_004503	0	A_clean_core	-4.297550483489193	0.01341930892002462	0
HPCLAS_TRAIN_N_004505	0	HPCLAS_TRAIN_N_004505	0	A_clean_core	-3.5358729279595433	0.0283085914993815	0
HPCLAS_TRAIN_N_004511	0	HPCLAS_TRAIN_N_004511	0	A_clean_core	-3.8351722102791825	0.02114102306045657	0
HPCLAS_TRAIN_N_004542	0	HPCLAS_TRAIN_N_004542	0	D_hard_sample	-1.6699418143208282	0.1584319366605797	0
HPCLAS_TRAIN_N_004546	0	HPCLAS_TRAIN_N_004546	0	D_hard_sample	-0.7808440095520637	0.31413801119289503	0
HPCLAS_TRAIN_N_004571	0	HPCLAS_TRAIN_P_007237	0	B_ambiguous	-1.8689415994223144	0.13366423580397266	0
HPCLAS_TRAIN_N_004572	0	HPCLAS_TRAIN_N_004572	0	A_clean_core	-1.1741397482132907	0.2361075206439334	0
HPCLAS_TRAIN_N_004603	0	HPCLAS_TRAIN_N_004603	0	A_clean_core	-8.486548289742377	0.0002061813385160078	0
HPCLAS_TRAIN_N_004605	0	HPCLAS_TRAIN_N_004605	0	A_clean_core	-5.308430687360628	0.004925309487848735	0
HPCLAS_TRAIN_N_004614	0	HPCLAS_TRAIN_N_004614	0	A_clean_core	-3.705559820925873	0.02399646171113637	0
HPCLAS_TRAIN_N_004621	0	HPCLAS_TRAIN_N_004621	0	A_clean_core	-2.842751902204027	0.055057192172708026	0
HPCLAS_TRAIN_N_004622	0	HPCLAS_TRAIN_N_004622	0	A_clean_core	-4.935419342606741	0.007136155576311808	0
HPCLAS_TRAIN_N_004637	0	HPCLAS_TRAIN_N_004637	0	A_clean_core	-3.3343735721704206	0.0344106153995991	0
HPCLAS_TRAIN_N_004645	0	HPCLAS_TRAIN_N_003314	0	A_clean_core	-7.111063474995921	0.0008153613498515697	0
HPCLAS_TRAIN_N_004648	0	HPCLAS_TRAIN_N_004648	0	A_clean_core	-5.906738439940761	0.002713663283202795	0
HPCLAS_TRAIN_N_004663	0	HPCLAS_TRAIN_N_004663	0	A_clean_core	-3.2310618444940635	0.03801339808437523	0
HPCLAS_TRAIN_N_004664	0	HPCLAS_TRAIN_N_004664	0	D_hard_sample	-1.9862558599501765	0.12065353785828603	0
HPCLAS_TRAIN_N_004667	0	HPCLAS_TRAIN_N_004667	0	D_hard_sample	-0.006370688395522056	0.49840733328773634	0
HPCLAS_TRAIN_N_004671	0	HPCLAS_TRAIN_N_004671	0	A_clean_core	-4.267647223029846	0.013821020200413184	0
HPCLAS_TRAIN_N_004677	0	HPCLAS_TRAIN_N_004677	0	A_clean_core	-2.195404026960954	0.1001639688939382	0
HPCLAS_TRAIN_N_004688	0	HPCLAS_TRAIN_N_004688	0	D_hard_sample	1.7553866419718478	0.852630927686481	1
HPCLAS_TRAIN_N_004693	0	HPCLAS_TRAIN_N_004693	0	A_clean_core	-5.3274943227756415	0.004832753976841539	0
HPCLAS_TRAIN_N_004694	0	HPCLAS_TRAIN_N_004694	0	A_clean_core	-5.368819993267817	0.004638015040484328	0
HPCLAS_TRAIN_N_004704	0	HPCLAS_TRAIN_N_004704	0	A_clean_core	-6.931447381958195	0.000975633561083612	0
HPCLAS_TRAIN_N_004705	0	HPCLAS_TRAIN_N_004705	0	D_hard_sample	-3.709859345822542	0.023895969942910208	0
HPCLAS_TRAIN_N_004709	0	HPCLAS_TRAIN_N_004709	0	A_clean_core	-4.33633608483069	0.012915390660496288	0
HPCLAS_TRAIN_N_004714	0	HPCLAS_TRAIN_N_004714	0	B_ambiguous	-4.129121770202001	0.015842000655197752	0
HPCLAS_TRAIN_N_004722	0	HPCLAS_TRAIN_N_004722	0	D_hard_sample	0.6914784072836504	0.666295725077338	1
HPCLAS_TRAIN_N_004757	0	HPCLAS_TRAIN_N_004757	0	A_clean_core	-3.5518080559029857	0.02787353976286416	0
HPCLAS_TRAIN_N_004766	0	HPCLAS_TRAIN_N_004766	0	A_clean_core	-4.876456975170025	0.007566292923902618	0
HPCLAS_TRAIN_N_004772	0	HPCLAS_TRAIN_N_004772	0	A_clean_core	-1.9924681856152684	0.11999598504832173	0
HPCLAS_TRAIN_N_004776	0	HPCLAS_TRAIN_N_004776	0	A_clean_core	-5.586107262040028	0.003735588737982461	0
HPCLAS_TRAIN_N_004785	0	HPCLAS_TRAIN_N_004785	0	A_clean_core	-5.86264140963836	0.0028356584926686724	0
HPCLAS_TRAIN_N_004795	0	HPCLAS_TRAIN_N_004795	0	D_hard_sample	-1.588865118210652	0.16954362676409182	0
HPCLAS_TRAIN_N_004799	0	HPCLAS_TRAIN_N_004799	0	A_clean_core	-4.952796847338749	0.007014080556760652	0
HPCLAS_TRAIN_N_004801	0	HPCLAS_TRAIN_N_004801	0	A_clean_core	-4.945122716765051	0.0070677326956233456	0
HPCLAS_TRAIN_N_004802	0	HPCLAS_TRAIN_N_004802	0	A_clean_core	-5.564200160807117	0.003818011736256513	0
HPCLAS_TRAIN_N_004809	0	HPCLAS_TRAIN_N_004809	0	A_clean_core	-6.641187293665188	0.001303774293049485	0
HPCLAS_TRAIN_N_004812	0	HPCLAS_TRAIN_N_004812	0	B_ambiguous	0.36630292352526633	0.5905653332639772	1
HPCLAS_TRAIN_N_004814	0	HPCLAS_TRAIN_N_004814	0	A_clean_core	-1.193024366591721	0.23271846663266546	0
HPCLAS_TRAIN_N_004816	0	HPCLAS_TRAIN_N_004816	0	B_ambiguous	-6.096393272052695	0.0022459162448881776	0
HPCLAS_TRAIN_N_004818	0	HPCLAS_TRAIN_N_004818	0	A_clean_core	-2.691681073640338	0.06346602517469438	0
HPCLAS_TRAIN_N_004821	0	HPCLAS_TRAIN_N_004821	0	A_clean_core	-5.795453035657053	0.0030321304965325235	0
HPCLAS_TRAIN_N_004833	0	HPCLAS_TRAIN_N_004833	0	A_clean_core	-1.0379994900054494	0.26153617806715274	0
HPCLAS_TRAIN_N_004834	0	HPCLAS_TRAIN_N_004834	0	A_clean_core	-5.880179459377515	0.0027864975048604726	0
HPCLAS_TRAIN_N_004837	0	HPCLAS_TRAIN_N_004837	0	A_clean_core	-5.92348208682998	0.0026687251849490134	0
HPCLAS_TRAIN_N_004856	0	HPCLAS_TRAIN_N_004856	0	A_clean_core	-7.73843723075819	0.00043556222598622834	0
HPCLAS_TRAIN_N_004863	0	HPCLAS_TRAIN_N_004863	0	D_hard_sample	0.7964299712273066	0.6892102998892152	1
HPCLAS_TRAIN_N_004879	0	HPCLAS_TRAIN_N_004879	0	A_clean_core	-5.272377159608496	0.005105201092983734	0
HPCLAS_TRAIN_N_004882	0	HPCLAS_TRAIN_N_004882	0	A_clean_core	-5.733554359923291	0.0032251213768401243	0
HPCLAS_TRAIN_N_004884	0	HPCLAS_TRAIN_N_004884	0	A_clean_core	-5.288695111224685	0.005022985732992311	0
HPCLAS_TRAIN_N_004897	0	HPCLAS_TRAIN_N_004897	0	D_hard_sample	-1.4954255492498603	0.18310877829792963	0
HPCLAS_TRAIN_N_004900	0	HPCLAS_TRAIN_N_004900	0	D_hard_sample	-0.13799365924562246	0.46555622509753586	0
HPCLAS_TRAIN_N_004904	0	HPCLAS_TRAIN_N_004904	0	A_clean_core	-4.171705767655417	0.015191580450909077	0
HPCLAS_TRAIN_N_004915	0	HPCLAS_TRAIN_N_004915	0	D_hard_sample	0.6959951882304561	0.6672992565623819	1
HPCLAS_TRAIN_N_004919	0	HPCLAS_TRAIN_N_004919	0	D_hard_sample	1.9588898454412287	0.8764127580192148	1
HPCLAS_TRAIN_N_004920	0	HPCLAS_TRAIN_N_004920	0	A_clean_core	-3.7152273635162154	0.023771080668614043	0
HPCLAS_TRAIN_N_004924	0	HPCLAS_TRAIN_N_004924	0	A_clean_core	-1.8057657714295203	0.14115064964943952	0
HPCLAS_TRAIN_N_004926	0	HPCLAS_TRAIN_N_004926	0	D_hard_sample	0.27573854589990093	0.5685011635513861	1
HPCLAS_TRAIN_N_004931	0	HPCLAS_TRAIN_N_004931	0	A_clean_core	-3.7634951288287093	0.02267635457391134	0
HPCLAS_TRAIN_N_004935	0	HPCLAS_TRAIN_N_004935	0	A_clean_core	-1.3099222383338098	0.21249985675403743	0
HPCLAS_TRAIN_N_004937	0	HPCLAS_TRAIN_N_004937	0	A_clean_core	-5.456950891124019	0.004248419020970967	0
HPCLAS_TRAIN_N_004938	0	HPCLAS_TRAIN_N_004938	0	D_hard_sample	-0.24893287540879852	0.438086172250079	0
HPCLAS_TRAIN_N_004939	0	HPCLAS_TRAIN_N_004939	0	A_clean_core	-5.418253381335821	0.004415304569462555	0
HPCLAS_TRAIN_N_004948	0	HPCLAS_TRAIN_N_004948	0	D_hard_sample	-1.1017820078472829	0.24940614873654768	0
HPCLAS_TRAIN_N_004949	0	HPCLAS_TRAIN_N_004949	0	A_clean_core	-5.822174953363621	0.002952415188781082	0
HPCLAS_TRAIN_N_004954	0	HPCLAS_TRAIN_N_004954	0	D_hard_sample	-0.6794916051961029	0.33637478049228337	0
HPCLAS_TRAIN_N_004956	0	HPCLAS_TRAIN_N_004956	0	D_hard_sample	0.1354252884728676	0.5338046730702017	1
HPCLAS_TRAIN_N_004962	0	HPCLAS_TRAIN_N_004962	0	A_clean_core	-6.481176775493599	0.0015296633354831733	0
HPCLAS_TRAIN_N_004983	0	HPCLAS_TRAIN_N_004983	0	A_clean_core	-3.13213976711065	0.041800817797200795	0
HPCLAS_TRAIN_N_004992	0	HPCLAS_TRAIN_N_004992	0	D_hard_sample	-6.204996806874226	0.0020152458400167776	0
HPCLAS_TRAIN_N_004993	0	HPCLAS_TRAIN_N_004993	0	D_hard_sample	-0.8242100538854256	0.3048707138270967	0
HPCLAS_TRAIN_N_004999	0	HPCLAS_TRAIN_N_004999	0	A_clean_core	-3.000704747770084	0.047394045180237966	0
HPCLAS_TRAIN_N_005002	0	HPCLAS_TRAIN_P_001569	0	B_ambiguous	-0.9302414259760113	0.28287573697753987	0
HPCLAS_TRAIN_N_005013	0	HPCLAS_TRAIN_N_005013	0	D_hard_sample	-2.777038976647715	0.05857763173331848	0
HPCLAS_TRAIN_N_005014	0	HPCLAS_TRAIN_N_005014	0	D_hard_sample	2.2554321197893765	0.9051180697455619	1
HPCLAS_TRAIN_N_005020	0	HPCLAS_TRAIN_N_005020	0	A_clean_core	-4.338152643646126	0.012892252588379135	0
HPCLAS_TRAIN_N_005026	0	HPCLAS_TRAIN_N_005026	0	A_clean_core	-2.6066322879637904	0.06871279539555339	0
HPCLAS_TRAIN_N_005042	0	HPCLAS_TRAIN_N_005042	0	D_hard_sample	0.26378864737093755	0.5655673961181168	1
HPCLAS_TRAIN_N_005043	0	HPCLAS_TRAIN_N_005043	0	A_clean_core	-5.3685100556838075	0.004639446088235488	0
HPCLAS_TRAIN_N_005047	0	HPCLAS_TRAIN_N_005047	0	A_clean_core	-5.269782914127289	0.0051183945552313445	0
HPCLAS_TRAIN_N_005052	0	HPCLAS_TRAIN_N_005052	0	A_clean_core	-5.052135622017053	0.006355015618271199	0
HPCLAS_TRAIN_N_005058	0	HPCLAS_TRAIN_N_005058	0	A_clean_core	-5.2498649282180745	0.0052208271514484345	0
HPCLAS_TRAIN_N_005060	0	HPCLAS_TRAIN_N_005060	0	A_clean_core	-2.0260221733904813	0.11649771969248875	0
HPCLAS_TRAIN_N_005066	0	HPCLAS_TRAIN_N_005066	0	A_clean_core	-4.243366327217464	0.014155905623761794	0
HPCLAS_TRAIN_N_005068	0	HPCLAS_TRAIN_N_005068	0	A_clean_core	-4.506810822538794	0.010913180623773874	0
HPCLAS_TRAIN_N_005076	0	HPCLAS_TRAIN_N_005076	0	A_clean_core	-5.413234419297898	0.004437421937808787	0
HPCLAS_TRAIN_N_005079	0	HPCLAS_TRAIN_N_005079	0	A_clean_core	-4.887672343501252	0.007482539660662991	0
HPCLAS_TRAIN_N_005090	0	HPCLAS_TRAIN_N_005090	0	A_clean_core	-5.730868054886736	0.0032337686297464244	0
HPCLAS_TRAIN_N_005092	0	HPCLAS_TRAIN_N_005092	0	D_hard_sample	1.8716291226457762	0.8666466680170657	1
HPCLAS_TRAIN_N_005094	0	HPCLAS_TRAIN_N_005094	0	D_hard_sample	1.0477270029969612	0.7403381825499961	1
HPCLAS_TRAIN_N_005110	0	HPCLAS_TRAIN_N_005110	0	B_ambiguous	-2.8327068281501546	0.05558213799103798	0
HPCLAS_TRAIN_P_000004	1	HPCLAS_TRAIN_P_000004	0	D_hard_sample	2.1953593313224165	0.8998320025648465	1
HPCLAS_TRAIN_P_000006	1	HPCLAS_TRAIN_P_000006	0	A_clean_core	6.0473637733013295	0.9976414896557662	1
HPCLAS_TRAIN_P_000017	1	HPCLAS_TRAIN_P_000017	0	A_clean_core	-0.5155674951503122	0.37388928433438806	0
HPCLAS_TRAIN_P_000029	1	HPCLAS_TRAIN_P_000029	0	A_clean_core	1.946991117389664	0.8751181829930341	1
HPCLAS_TRAIN_P_000031	1	HPCLAS_TRAIN_P_000031	0	A_clean_core	2.5906601650043894	0.9302580594775056	1
HPCLAS_TRAIN_P_000036	1	HPCLAS_TRAIN_P_000036	0	A_clean_core	8.15195391642061	0.9997119112733569	1
HPCLAS_TRAIN_P_000037	1	HPCLAS_TRAIN_P_000037	0	A_clean_core	8.77244687921177	0.9998450800167127	1
HPCLAS_TRAIN_P_000040	1	HPCLAS_TRAIN_P_000040	0	A_clean_core	7.683571501050486	0.9995398839064453	1
HPCLAS_TRAIN_P_000043	1	HPCLAS_TRAIN_P_000043	0	A_clean_core	3.6587272498086074	0.9748818906005744	1
HPCLAS_TRAIN_P_000051	1	HPCLAS_TRAIN_P_000051	0	D_hard_sample	-1.5140880577307676	0.18033373326288962	0
HPCLAS_TRAIN_P_000062	1	HPCLAS_TRAIN_P_000062	0	A_clean_core	7.829828136041008	0.9996024642738516	1
HPCLAS_TRAIN_P_000068	1	HPCLAS_TRAIN_P_000068	0	A_clean_core	5.99119202272983	0.9975055564049203	1
HPCLAS_TRAIN_P_000081	1	HPCLAS_TRAIN_P_000081	0	A_clean_core	6.211179974175414	0.9979971514387445	1
HPCLAS_TRAIN_P_000094	1	HPCLAS_TRAIN_P_000094	0	A_clean_core	8.540959201509194	0.9998047353002518	1
HPCLAS_TRAIN_P_000105	1	HPCLAS_TRAIN_P_000105	0	A_clean_core	6.305539307787324	0.998177167744992	1
HPCLAS_TRAIN_P_000107	1	HPCLAS_TRAIN_P_000107	0	D_hard_sample	-0.5596675866839023	0.3636243772337803	0
HPCLAS_TRAIN_P_000111	1	HPCLAS_TRAIN_P_000111	0	A_clean_core	0.49359744794586674	0.6209535322203913	1
HPCLAS_TRAIN_P_000118	1	HPCLAS_TRAIN_P_000118	0	A_clean_core	8.32612525344623	0.9997579502640529	1
HPCLAS_TRAIN_P_000127	1	HPCLAS_TRAIN_P_000127	0	A_clean_core	0.9090010882217658	0.7127957110215857	1
HPCLAS_TRAIN_P_000151	1	HPCLAS_TRAIN_P_000151	0	A_clean_core	1.0864445432823058	0.7477116148518551	1
HPCLAS_TRAIN_P_000162	1	HPCLAS_TRAIN_P_000162	0	A_clean_core	8.459672276018605	0.9997882033824764	1
HPCLAS_TRAIN_P_000163	1	HPCLAS_TRAIN_P_000163	0	A_clean_core	5.507649783009215	0.9959607538821559	1
HPCLAS_TRAIN_P_000170	1	HPCLAS_TRAIN_P_000170	0	A_clean_core	0.7293741901893359	0.6746679279066957	1
HPCLAS_TRAIN_P_000173	1	HPCLAS_TRAIN_P_000173	0	D_hard_sample	1.0597812327471607	0.7426487363768575	1
HPCLAS_TRAIN_P_000174	1	HPCLAS_TRAIN_P_000174	0	A_clean_core	8.707583909590975	0.9998347001107519	1
HPCLAS_TRAIN_P_000180	1	HPCLAS_TRAIN_N_004259	0	B_ambiguous	8.50024148909238	0.9997966221314201	1
HPCLAS_TRAIN_P_000184	1	HPCLAS_TRAIN_P_000184	0	A_clean_core	4.001053042372562	0.9820323801782462	1
HPCLAS_TRAIN_P_000190	1	HPCLAS_TRAIN_P_000190	0	A_clean_core	8.24547860046822	0.9997376263718761	1
HPCLAS_TRAIN_P_000201	1	HPCLAS_TRAIN_P_000201	0	A_clean_core	7.959293213837648	0.9996507220564254	1
HPCLAS_TRAIN_P_000203	1	HPCLAS_TRAIN_P_000203	0	D_hard_sample	0.21262196466851202	0.5529561374628019	1
HPCLAS_TRAIN_P_000206	1	HPCLAS_TRAIN_P_000206	0	A_clean_core	8.90905043358081	0.9998648581492077	1
HPCLAS_TRAIN_P_000208	1	HPCLAS_TRAIN_P_000208	0	A_clean_core	9.035776077551937	0.999880941446922	1
HPCLAS_TRAIN_P_000212	1	HPCLAS_TRAIN_P_000212	0	A_clean_core	9.165286518970854	0.9998954025224598	1
HPCLAS_TRAIN_P_000224	1	HPCLAS_TRAIN_P_000224	0	D_hard_sample	1.21295536717019	0.7708214494453782	1
HPCLAS_TRAIN_P_000232	1	HPCLAS_TRAIN_P_000232	0	A_clean_core	9.677721191150217	0.9999373397857582	1
HPCLAS_TRAIN_P_000237	1	HPCLAS_TRAIN_P_000237	0	D_hard_sample	2.8500392533992978	0.9453207118066826	1
HPCLAS_TRAIN_P_000255	1	HPCLAS_TRAIN_P_000255	0	A_clean_core	9.40724823088566	0.9999178801140095	1
HPCLAS_TRAIN_P_000260	1	HPCLAS_TRAIN_P_000260	0	B_ambiguous	5.533195616146431	0.9960622317800145	1
HPCLAS_TRAIN_P_000261	1	HPCLAS_TRAIN_P_000261	0	A_clean_core	2.1177171774049537	0.8926133060685015	1
HPCLAS_TRAIN_P_000269	1	HPCLAS_TRAIN_P_000269	0	A_clean_core	8.755513476507986	0.9998424347743236	1
HPCLAS_TRAIN_P_000273	1	HPCLAS_TRAIN_P_000273	0	A_clean_core	7.012694288169186	0.9991004305180772	1
HPCLAS_TRAIN_P_000280	1	HPCLAS_TRAIN_P_000280	0	A_clean_core	8.189749564396331	0.9997225936084053	1
HPCLAS_TRAIN_P_000288	1	HPCLAS_TRAIN_P_000288	0	D_hard_sample	1.2291057758761166	0.773662025812048	1
HPCLAS_TRAIN_P_000293	1	HPCLAS_TRAIN_P_000293	0	A_clean_core	1.3485295395155876	0.7938891219285502	1
HPCLAS_TRAIN_P_000303	1	HPCLAS_TRAIN_P_000303	0	A_clean_core	3.421416209937693	0.9683671820097882	1
HPCLAS_TRAIN_P_000310	1	HPCLAS_TRAIN_P_000310	0	A_clean_core	7.424443112224663	0.9994038626279002	1
HPCLAS_TRAIN_P_000311	1	HPCLAS_TRAIN_P_000311	0	A_clean_core	8.198251452334148	0.9997249414430844	1
HPCLAS_TRAIN_P_000312	1	HPCLAS_TRAIN_P_000312	0	A_clean_core	7.110715747163046	0.9991843553083078	1
HPCLAS_TRAIN_P_000322	1	HPCLAS_TRAIN_P_000322	0	A_clean_core	7.9050680742342925	0.9996312666764325	1
HPCLAS_TRAIN_P_000324	1	HPCLAS_TRAIN_P_000324	0	D_hard_sample	-1.9245864365089114	0.1273509914268332	0
HPCLAS_TRAIN_P_000328	1	HPCLAS_TRAIN_P_000328	0	A_clean_core	7.696306626031102	0.9995457037435586	1
HPCLAS_TRAIN_P_000340	1	HPCLAS_TRAIN_P_000340	0	A_clean_core	9.117179455455082	0.999890248211857	1
HPCLAS_TRAIN_P_000341	1	HPCLAS_TRAIN_P_000341	0	A_clean_core	5.386856374472103	0.9954445104189001	1
HPCLAS_TRAIN_P_000342	1	HPCLAS_TRAIN_P_000342	0	A_clean_core	8.058102740700814	0.9996835733881586	1
HPCLAS_TRAIN_P_000343	1	HPCLAS_TRAIN_P_000343	0	D_hard_sample	-0.7700882517675004	0.3164600159433407	0
HPCLAS_TRAIN_P_000344	1	HPCLAS_TRAIN_P_000344	0	A_clean_core	4.885474648135176	0.9925011213632591	1
HPCLAS_TRAIN_P_000348	1	HPCLAS_TRAIN_P_000348	0	B_ambiguous	4.409470880275793	0.9879845160720839	1
HPCLAS_TRAIN_P_000350	1	HPCLAS_TRAIN_P_000350	0	A_clean_core	3.7208250454433283	0.9763584735289269	1
HPCLAS_TRAIN_P_000371	1	HPCLAS_TRAIN_P_000371	0	A_clean_core	4.1409051279912354	0.9843406697994612	1
HPCLAS_TRAIN_P_000386	1	HPCLAS_TRAIN_P_000386	0	A_clean_core	5.854838502418826	0.997142192057482	1
HPCLAS_TRAIN_P_000395	1	HPCLAS_TRAIN_P_000395	0	A_clean_core	7.656615208919985	0.999527318142994	1
HPCLAS_TRAIN_P_000400	1	HPCLAS_TRAIN_P_000400	0	A_clean_core	3.8925851178210236	0.9800149849644113	1
HPCLAS_TRAIN_P_000402	1	HPCLAS_TRAIN_P_000402	0	D_hard_sample	-1.2967540669798783	0.21471180900364706	0
HPCLAS_TRAIN_P_000403	1	HPCLAS_TRAIN_P_000403	0	A_clean_core	7.552756396560264	0.9994756131700643	1
HPCLAS_TRAIN_P_000421	1	HPCLAS_TRAIN_P_000421	0	D_hard_sample	3.0620572713215415	0.9553002282695545	1
HPCLAS_TRAIN_P_000437	1	HPCLAS_TRAIN_P_000437	0	A_clean_core	8.993967374140327	0.9998758588735479	1
HPCLAS_TRAIN_P_000438	1	HPCLAS_TRAIN_P_000438	0	B_ambiguous	0.4797971723436055	0.6176999788280585	1
HPCLAS_TRAIN_P_000452	1	HPCLAS_TRAIN_P_000452	0	A_clean_core	2.2343419330815246	0.9032913181449421	1
HPCLAS_TRAIN_P_000454	1	HPCLAS_TRAIN_P_000454	0	A_clean_core	2.0138574737602966	0.8822443635124739	1
HPCLAS_TRAIN_P_000465	1	HPCLAS_TRAIN_P_000465	0	A_clean_core	3.967519134468723	0.9814310172656325	1
HPCLAS_TRAIN_P_000466	1	HPCLAS_TRAIN_P_000466	0	D_hard_sample	3.6130277216117355	0.9737382167354609	1
HPCLAS_TRAIN_P_000467	1	HPCLAS_TRAIN_P_000467	0	A_clean_core	2.2771721869743726	0.9069687204609537	1
HPCLAS_TRAIN_P_000478	1	HPCLAS_TRAIN_P_000478	0	A_clean_core	9.012129032200308	0.9998780928595342	1
HPCLAS_TRAIN_P_000484	1	HPCLAS_TRAIN_P_000484	0	A_clean_core	4.755496098808936	0.9914691269148835	1
HPCLAS_TRAIN_P_000485	1	HPCLAS_TRAIN_P_000485	0	A_clean_core	6.035534990452404	0.997613492669882	1
HPCLAS_TRAIN_P_000500	1	HPCLAS_TRAIN_P_000500	0	A_clean_core	4.901912851136161	0.9926224798493187	1
HPCLAS_TRAIN_P_000503	1	HPCLAS_TRAIN_P_000503	0	A_clean_core	5.57671592704539	0.9962292967532368	1
HPCLAS_TRAIN_P_000514	1	HPCLAS_TRAIN_P_000514	0	A_clean_core	5.329439399463608	0.9951765916679031	1
HPCLAS_TRAIN_P_000518	1	HPCLAS_TRAIN_P_000518	0	A_clean_core	9.629534046216488	0.9999342466410645	1
HPCLAS_TRAIN_P_000521	1	HPCLAS_TRAIN_P_000521	0	A_clean_core	8.251156269082731	0.9997391114339176	1
HPCLAS_TRAIN_P_000526	1	HPCLAS_TRAIN_P_000526	0	A_clean_core	8.062413717844674	0.9996849341310929	1
HPCLAS_TRAIN_P_000531	1	HPCLAS_TRAIN_P_000531	0	D_hard_sample	-1.5576972844096442	0.17397732006756939	0
HPCLAS_TRAIN_P_000533	1	HPCLAS_TRAIN_P_000533	0	A_clean_core	5.020045581846313	0.9934391039683339	1
HPCLAS_TRAIN_P_000534	1	HPCLAS_TRAIN_P_000534	0	A_clean_core	3.8060032518968705	0.9782468454350608	1
HPCLAS_TRAIN_P_000546	1	HPCLAS_TRAIN_P_000546	0	A_clean_core	6.2100631391767624	0.9979949178253884	1
HPCLAS_TRAIN_P_000552	1	HPCLAS_TRAIN_P_000552	0	A_clean_core	7.073238970461039	0.9991532339361258	1
HPCLAS_TRAIN_P_000556	1	HPCLAS_TRAIN_P_000556	0	D_hard_sample	3.919889018070442	0.9805427981627616	1
HPCLAS_TRAIN_P_000568	1	HPCLAS_TRAIN_P_000568	0	A_clean_core	8.03313919966437	0.9996755774336734	1
HPCLAS_TRAIN_P_000586	1	HPCLAS_TRAIN_P_000586	0	A_clean_core	6.260769949078441	0.9980938654865998	1
HPCLAS_TRAIN_P_000590	1	HPCLAS_TRAIN_P_000590	0	A_clean_core	3.359640370743261	0.9664191075500166	1
HPCLAS_TRAIN_P_000593	1	HPCLAS_TRAIN_P_000593	0	A_clean_core	2.981435661016473	0.9517283704620282	1
HPCLAS_TRAIN_P_000609	1	HPCLAS_TRAIN_P_000609	0	A_clean_core	1.2843059412101334	0.7831818513912707	1
HPCLAS_TRAIN_P_000611	1	HPCLAS_TRAIN_P_000611	0	A_clean_core	9.801042416817666	0.9999446092424363	1
HPCLAS_TRAIN_P_000614	1	HPCLAS_TRAIN_P_000614	0	A_clean_core	7.983505079146793	0.9996590743238534	1
HPCLAS_TRAIN_P_000619	1	HPCLAS_TRAIN_P_000619	0	A_clean_core	2.525056344528132	0.9258798016239431	1
HPCLAS_TRAIN_P_000636	1	HPCLAS_TRAIN_P_000636	0	A_clean_core	9.258583971167402	0.9999047189160765	1
HPCLAS_TRAIN_P_000663	1	HPCLAS_TRAIN_P_000663	0	A_clean_core	8.82815519035836	0.9998534731292101	1
HPCLAS_TRAIN_P_000666	1	HPCLAS_TRAIN_P_000666	0	A_clean_core	4.431607681395282	0.9882444856038956	1
HPCLAS_TRAIN_P_000681	1	HPCLAS_TRAIN_N_000621	0	B_ambiguous	5.520286514112702	0.9960112732808594	1
HPCLAS_TRAIN_P_000687	1	HPCLAS_TRAIN_P_000687	0	B_ambiguous	5.265675273742762	0.994860645955511	1
HPCLAS_TRAIN_P_000688	1	HPCLAS_TRAIN_P_000688	0	A_clean_core	8.364770257212742	0.9997671237032522	1
HPCLAS_TRAIN_P_000689	1	HPCLAS_TRAIN_P_000689	0	A_clean_core	5.805513258131886	0.9969981293763139	1
HPCLAS_TRAIN_P_000690	1	HPCLAS_TRAIN_P_000690	0	A_clean_core	6.798987187097143	0.9988863378609838	1
HPCLAS_TRAIN_P_000715	1	HPCLAS_TRAIN_P_000715	0	A_clean_core	6.739129702028124	0.9988177225743841	1
HPCLAS_TRAIN_P_000718	1	HPCLAS_TRAIN_P_000718	0	A_clean_core	9.913686151458702	0.9999505097878801	1
HPCLAS_TRAIN_P_000724	1	HPCLAS_TRAIN_P_000724	0	D_hard_sample	1.1481189921105712	0.7591671754827772	1
HPCLAS_TRAIN_P_000733	1	HPCLAS_TRAIN_P_000733	0	D_hard_sample	-3.015713096932151	0.046721034792411326	0
HPCLAS_TRAIN_P_000741	1	HPCLAS_TRAIN_P_000741	0	A_clean_core	6.154001976307439	0.9978795451946055	1
HPCLAS_TRAIN_P_000745	1	HPCLAS_TRAIN_P_000745	0	D_hard_sample	-2.050864444277951	0.11396506313302318	0
HPCLAS_TRAIN_P_000746	1	HPCLAS_TRAIN_P_000746	0	A_clean_core	5.557193384570695	0.9961552455839565	1
HPCLAS_TRAIN_P_000750	1	HPCLAS_TRAIN_P_000750	0	A_clean_core	9.245028185893199	0.9999034186376716	1
HPCLAS_TRAIN_P_000756	1	HPCLAS_TRAIN_P_000756	0	A_clean_core	8.385944494125452	0.9997720017303723	1
HPCLAS_TRAIN_P_000758	1	HPCLAS_TRAIN_P_000758	0	A_clean_core	9.948741345997002	0.9999522145392239	1
HPCLAS_TRAIN_P_000765	1	HPCLAS_TRAIN_P_000765	0	D_hard_sample	1.5499076425856713	0.8249003921557856	1
HPCLAS_TRAIN_P_000772	1	HPCLAS_TRAIN_P_000772	0	A_clean_core	9.5011848163631	0.9999252423923856	1
HPCLAS_TRAIN_P_000774	1	HPCLAS_TRAIN_P_000774	0	A_clean_core	1.527414866963677	0.8216277634947402	1
HPCLAS_TRAIN_P_000780	1	HPCLAS_TRAIN_P_000780	0	A_clean_core	2.9311990670362076	0.9493673440766109	1
HPCLAS_TRAIN_P_000785	1	HPCLAS_TRAIN_P_000785	0	A_clean_core	4.861959207448474	0.9923240618407776	1
HPCLAS_TRAIN_P_000786	1	HPCLAS_TRAIN_P_000786	0	A_clean_core	6.970041521167704	0.9990612681543222	1
HPCLAS_TRAIN_P_000790	1	HPCLAS_TRAIN_P_000790	0	A_clean_core	8.531499737219173	0.9998028798027279	1
HPCLAS_TRAIN_P_000818	1	HPCLAS_TRAIN_P_000818	0	A_clean_core	7.476717747032106	0.9994342078081265	1
HPCLAS_TRAIN_P_000821	1	HPCLAS_TRAIN_P_000821	0	A_clean_core	4.81075071534173	0.9919240074047243	1
HPCLAS_TRAIN_P_000825	1	HPCLAS_TRAIN_P_000825	0	A_clean_core	6.479101686910405	0.9984671640525141	1
HPCLAS_TRAIN_P_000828	1	HPCLAS_TRAIN_P_000828	0	A_clean_core	6.653999465892127	0.9987128019704269	1
HPCLAS_TRAIN_P_000829	1	HPCLAS_TRAIN_P_000829	0	A_clean_core	2.023919923175882	0.883285729592546	1
HPCLAS_TRAIN_P_000833	1	HPCLAS_TRAIN_P_000833	0	A_clean_core	6.595880399189681	0.9986358795961684	1
HPCLAS_TRAIN_P_000851	1	HPCLAS_TRAIN_P_000851	0	A_clean_core	8.497627075953039	0.999796089830546	1
HPCLAS_TRAIN_P_000855	1	HPCLAS_TRAIN_P_000855	0	D_hard_sample	-0.521885017029426	0.37241155940935183	0
HPCLAS_TRAIN_P_000858	1	HPCLAS_TRAIN_P_000858	0	A_clean_core	7.9454563588855205	0.9996458572807404	1
HPCLAS_TRAIN_P_000866	1	HPCLAS_TRAIN_P_000866	0	A_clean_core	5.495437400191706	0.9959113255472019	1
HPCLAS_TRAIN_P_000867	1	HPCLAS_TRAIN_P_000867	0	A_clean_core	6.232023757039477	0.9980383852605654	1
HPCLAS_TRAIN_P_000868	1	HPCLAS_TRAIN_P_000868	0	D_hard_sample	-1.9742761007812515	0.12193033261915297	0
HPCLAS_TRAIN_P_000887	1	HPCLAS_TRAIN_P_000887	0	A_clean_core	9.413800948717386	0.9999184164195019	1
HPCLAS_TRAIN_P_000892	1	HPCLAS_TRAIN_P_000892	0	A_clean_core	8.024503020367511	0.9996727644498291	1
HPCLAS_TRAIN_P_000900	1	HPCLAS_TRAIN_P_000900	0	A_clean_core	7.715893441108732	0.9995545114571583	1
HPCLAS_TRAIN_P_000909	1	HPCLAS_TRAIN_P_000909	0	A_clean_core	0.679363409443073	0.663596602181352	1
HPCLAS_TRAIN_P_000918	1	HPCLAS_TRAIN_P_000918	0	D_hard_sample	-2.0643116997937274	0.1126142319124981	0
HPCLAS_TRAIN_P_000919	1	HPCLAS_TRAIN_P_000919	0	A_clean_core	4.094372506408897	0.9836070079625234	1
HPCLAS_TRAIN_P_000920	1	HPCLAS_TRAIN_P_000920	0	A_clean_core	8.78185329538517	0.9998465302036825	1
HPCLAS_TRAIN_P_000925	1	HPCLAS_TRAIN_P_000925	0	A_clean_core	7.82977479406696	0.9996024430763761	1
HPCLAS_TRAIN_P_000946	1	HPCLAS_TRAIN_P_000946	0	A_clean_core	8.160844016957572	0.9997144603323103	1
HPCLAS_TRAIN_P_000949	1	HPCLAS_TRAIN_P_000949	0	A_clean_core	6.360694388278473	0.9982748151295987	1
HPCLAS_TRAIN_P_000970	1	HPCLAS_TRAIN_P_000970	0	A_clean_core	2.118016616785037	0.8926420053937469	1
HPCLAS_TRAIN_P_000974	1	HPCLAS_TRAIN_P_000974	0	A_clean_core	6.364678824580725	0.9982816635545532	1
HPCLAS_TRAIN_P_000980	1	HPCLAS_TRAIN_P_000980	0	A_clean_core	2.1211424103001177	0.8929411897988815	1
HPCLAS_TRAIN_P_000981	1	HPCLAS_TRAIN_P_000981	0	A_clean_core	5.957779494764432	0.9974210212836057	1
HPCLAS_TRAIN_P_000985	1	HPCLAS_TRAIN_P_000985	0	D_hard_sample	-0.29996954436003603	0.4255649283395471	0
HPCLAS_TRAIN_P_000990	1	HPCLAS_TRAIN_P_000990	0	A_clean_core	6.4940770316763805	0.99848991337105	1
HPCLAS_TRAIN_P_000998	1	HPCLAS_TRAIN_P_000998	0	A_clean_core	7.05695527694488	0.9991393445458103	1
HPCLAS_TRAIN_P_001003	1	HPCLAS_TRAIN_P_001003	0	A_clean_core	3.343504857807733	0.9658914989732277	1
HPCLAS_TRAIN_P_001013	1	HPCLAS_TRAIN_P_001013	0	A_clean_core	7.5994707701120126	0.999499534234002	1
HPCLAS_TRAIN_P_001024	1	HPCLAS_TRAIN_P_001024	0	A_clean_core	4.79933745854798	0.9918320632003539	1
HPCLAS_TRAIN_P_001034	1	HPCLAS_TRAIN_P_001034	0	A_clean_core	3.6348038781161778	0.9742893712325201	1
HPCLAS_TRAIN_P_001035	1	HPCLAS_TRAIN_P_001035	0	D_hard_sample	2.593851355367512	0.9304648134770646	1
HPCLAS_TRAIN_P_001043	1	HPCLAS_TRAIN_P_001043	0	D_hard_sample	0.16267893489063381	0.5405802786563694	1
HPCLAS_TRAIN_P_001044	1	HPCLAS_TRAIN_P_001044	0	A_clean_core	3.841542516595089	0.9789904032119225	1
HPCLAS_TRAIN_P_001051	1	HPCLAS_TRAIN_P_001051	0	A_clean_core	2.419644600866415	0.918313088534127	1
HPCLAS_TRAIN_P_001060	1	HPCLAS_TRAIN_P_001060	0	A_clean_core	6.056319515035869	0.997662468411081	1
HPCLAS_TRAIN_P_001062	1	HPCLAS_TRAIN_P_001062	0	A_clean_core	6.491364105864599	0.9984858172675887	1
HPCLAS_TRAIN_P_001068	1	HPCLAS_TRAIN_P_001068	0	A_clean_core	2.3924679648921567	0.916251142007571	1
HPCLAS_TRAIN_P_001072	1	HPCLAS_TRAIN_P_001072	0	D_hard_sample	-0.6841071249091346	0.3353452521972324	0
HPCLAS_TRAIN_P_001075	1	HPCLAS_TRAIN_P_001075	0	A_clean_core	4.042167494345544	0.9827436395400534	1
HPCLAS_TRAIN_P_001084	1	HPCLAS_TRAIN_P_001084	0	A_clean_core	9.533975462643875	0.9999276538132191	1
HPCLAS_TRAIN_P_001086	1	HPCLAS_TRAIN_P_001086	0	A_clean_core	5.972781485025681	0.9974593247663263	1
HPCLAS_TRAIN_P_001097	1	HPCLAS_TRAIN_P_001097	0	D_hard_sample	0.6281722170114682	0.6520749025197073	1
HPCLAS_TRAIN_P_001098	1	HPCLAS_TRAIN_P_001098	0	A_clean_core	3.3022356316496992	0.9645054264565501	1
HPCLAS_TRAIN_P_001100	1	HPCLAS_TRAIN_P_001100	0	D_hard_sample	-2.532110190445447	0.07363757022272376	0
HPCLAS_TRAIN_P_001105	1	HPCLAS_TRAIN_P_001105	0	A_clean_core	7.60195139681289	0.9995007735452004	1
HPCLAS_TRAIN_P_001111	1	HPCLAS_TRAIN_P_001111	0	A_clean_core	7.032536383859425	0.9991180883566785	1
HPCLAS_TRAIN_P_001115	1	HPCLAS_TRAIN_P_001115	0	A_clean_core	2.4101240845211325	0.917596064826518	1
HPCLAS_TRAIN_P_001118	1	HPCLAS_TRAIN_P_001118	0	D_hard_sample	0.16234837597710017	0.5404981821783482	1
HPCLAS_TRAIN_P_001119	1	HPCLAS_TRAIN_P_001119	0	A_clean_core	6.517075065584259	0.998524195420432	1
HPCLAS_TRAIN_P_001135	1	HPCLAS_TRAIN_P_001135	0	D_hard_sample	0.014298201608947165	0.5035744895054842	1
HPCLAS_TRAIN_P_001139	1	HPCLAS_TRAIN_P_001139	0	A_clean_core	-0.03954593185727409	0.49011480527423007	0
HPCLAS_TRAIN_P_001151	1	HPCLAS_TRAIN_P_001151	0	A_clean_core	8.438466557169248	0.9997836651059325	1
HPCLAS_TRAIN_P_001152	1	HPCLAS_TRAIN_P_001152	0	A_clean_core	7.606704000973525	0.9995031393657049	1
HPCLAS_TRAIN_P_001158	1	HPCLAS_TRAIN_P_001158	0	A_clean_core	3.6592029536711226	0.9748935366203377	1
HPCLAS_TRAIN_P_001165	1	HPCLAS_TRAIN_P_001165	0	D_hard_sample	1.1857460968837905	0.7659793939279473	1
HPCLAS_TRAIN_P_001166	1	HPCLAS_TRAIN_P_001166	0	A_clean_core	4.447724729164868	0.9884302566770349	1
HPCLAS_TRAIN_P_001170	1	HPCLAS_TRAIN_P_001170	0	D_hard_sample	3.797621134310384	0.9780677574863125	1
HPCLAS_TRAIN_P_001171	1	HPCLAS_TRAIN_P_001171	0	A_clean_core	4.993250355943626	0.9932621273238735	1
HPCLAS_TRAIN_P_001178	1	HPCLAS_TRAIN_P_001178	0	A_clean_core	8.863937647700853	0.9998586227961405	1
HPCLAS_TRAIN_P_001179	1	HPCLAS_TRAIN_P_001179	0	A_clean_core	8.54447073125206	0.9998054196423861	1
HPCLAS_TRAIN_P_001184	1	HPCLAS_TRAIN_P_001184	0	A_clean_core	6.560339354787931	0.9985865952363291	1
HPCLAS_TRAIN_P_001185	1	HPCLAS_TRAIN_P_001185	0	A_clean_core	2.7984014715031713	0.9425893814838032	1
HPCLAS_TRAIN_P_001188	1	HPCLAS_TRAIN_P_001188	0	A_clean_core	6.25489093108458	0.9980826478316388	1
HPCLAS_TRAIN_P_001192	1	HPCLAS_TRAIN_P_001192	0	A_clean_core	8.78092909900108	0.9998463883236869	1
HPCLAS_TRAIN_P_001193	1	HPCLAS_TRAIN_P_001193	0	A_clean_core	8.974845757735725	0.9998734625572134	1
HPCLAS_TRAIN_P_001196	1	HPCLAS_TRAIN_P_001196	0	B_ambiguous	2.7509774800965663	0.9399685304986176	1
HPCLAS_TRAIN_P_001198	1	HPCLAS_TRAIN_P_001198	0	A_clean_core	1.8720098995597279	0.8666906683456556	1
HPCLAS_TRAIN_P_001209	1	HPCLAS_TRAIN_P_001209	0	A_clean_core	4.607235966790669	0.9901192401795079	1
HPCLAS_TRAIN_P_001214	1	HPCLAS_TRAIN_P_001214	0	A_clean_core	7.1029646939381985	0.9991780138548503	1
HPCLAS_TRAIN_P_001222	1	HPCLAS_TRAIN_P_001222	0	A_clean_core	6.903308139452691	0.9989965508788076	1
HPCLAS_TRAIN_P_001233	1	HPCLAS_TRAIN_P_001233	0	A_clean_core	3.9051966673062757	0.9802605003684584	1
HPCLAS_TRAIN_P_001240	1	HPCLAS_TRAIN_P_001240	0	A_clean_core	7.93081333473421	0.9996406352843116	1
HPCLAS_TRAIN_P_001243	1	HPCLAS_TRAIN_P_001243	0	D_hard_sample	4.266929561676165	0.9861691946618918	1
HPCLAS_TRAIN_P_001245	1	HPCLAS_TRAIN_P_001245	0	A_clean_core	3.620272919710769	0.9739228571263581	1
HPCLAS_TRAIN_P_001246	1	HPCLAS_TRAIN_P_001246	0	D_hard_sample	0.666621566756024	0.6607462592142692	1
HPCLAS_TRAIN_P_001248	1	HPCLAS_TRAIN_P_001248	0	A_clean_core	3.9774171636418942	0.9816105437389985	1
HPCLAS_TRAIN_P_001250	1	HPCLAS_TRAIN_P_001250	0	A_clean_core	7.748300787466592	0.9995687110045581	1
HPCLAS_TRAIN_P_001266	1	HPCLAS_TRAIN_P_001266	0	A_clean_core	8.365050005468252	0.9997671888257138	1
HPCLAS_TRAIN_P_001276	1	HPCLAS_TRAIN_P_001276	0	D_hard_sample	0.37528222294257874	0.5927347304311937	1
HPCLAS_TRAIN_P_001278	1	HPCLAS_TRAIN_P_001278	0	A_clean_core	3.0530193878442327	0.9549127032529832	1
HPCLAS_TRAIN_P_001287	1	HPCLAS_TRAIN_P_001287	0	A_clean_core	8.436931925441073	0.9997833329286527	1
HPCLAS_TRAIN_P_001288	1	HPCLAS_TRAIN_P_001288	0	A_clean_core	5.729115844029152	0.9967605785300659	1
HPCLAS_TRAIN_P_001301	1	HPCLAS_TRAIN_P_001301	0	B_ambiguous	-3.7501110547670975	0.02297487692805403	0
HPCLAS_TRAIN_P_001303	1	HPCLAS_TRAIN_P_001303	0	A_clean_core	7.7537272027734705	0.9995710440181811	1
HPCLAS_TRAIN_P_001304	1	HPCLAS_TRAIN_P_001304	0	A_clean_core	8.398287763460154	0.9997747980472995	1
HPCLAS_TRAIN_P_001312	1	HPCLAS_TRAIN_P_001312	0	A_clean_core	3.2160596857795394	0.9614341789097101	1
HPCLAS_TRAIN_P_001331	1	HPCLAS_TRAIN_P_001331	0	A_clean_core	6.888035605138804	0.9989811237765542	1
HPCLAS_TRAIN_P_001345	1	HPCLAS_TRAIN_P_001345	0	A_clean_core	-0.38288238543555675	0.40543188928235996	0
HPCLAS_TRAIN_P_001351	1	HPCLAS_TRAIN_P_001351	0	A_clean_core	5.702244785379728	0.9966726453430117	1
HPCLAS_TRAIN_P_001359	1	HPCLAS_TRAIN_P_001359	0	D_hard_sample	1.177166267622953	0.7644379086574773	1
HPCLAS_TRAIN_P_001360	1	HPCLAS_TRAIN_P_001360	0	A_clean_core	5.8799159310692275	0.9972127701243915	1
HPCLAS_TRAIN_P_001364	1	HPCLAS_TRAIN_P_001364	0	A_clean_core	6.093673685166812	0.9977479812516127	1
HPCLAS_TRAIN_P_001368	1	HPCLAS_TRAIN_P_001368	0	A_clean_core	5.815535189603662	0.9970279747022642	1
HPCLAS_TRAIN_P_001382	1	HPCLAS_TRAIN_P_001382	0	A_clean_core	4.364454125526885	0.9874382083833929	1
HPCLAS_TRAIN_P_001383	1	HPCLAS_TRAIN_P_001383	0	A_clean_core	8.89366773748829	0.9998627635192568	1
HPCLAS_TRAIN_P_001386	1	HPCLAS_TRAIN_P_001386	0	D_hard_sample	-2.3271810545786615	0.08889671673816084	0
HPCLAS_TRAIN_P_001390	1	HPCLAS_TRAIN_P_001390	0	A_clean_core	7.834893988363465	0.9996044722442616	1
HPCLAS_TRAIN_P_001393	1	HPCLAS_TRAIN_P_001393	0	A_clean_core	2.8911071758815865	0.9474050780315557	1
HPCLAS_TRAIN_P_001397	1	HPCLAS_TRAIN_P_001397	0	A_clean_core	8.069176585353635	0.9996870570264969	1
HPCLAS_TRAIN_P_001401	1	HPCLAS_TRAIN_P_001401	0	D_hard_sample	-3.0449872684574544	0.04543438143964651	0
HPCLAS_TRAIN_P_001415	1	HPCLAS_TRAIN_P_001415	0	A_clean_core	1.3128464200128958	0.7879890751382312	1
HPCLAS_TRAIN_P_001422	1	HPCLAS_TRAIN_P_001422	0	A_clean_core	7.184223708576965	0.9992421172583316	1
HPCLAS_TRAIN_P_001435	1	HPCLAS_TRAIN_P_004508	0	A_clean_core	8.086580761243379	0.9996924547582159	1
HPCLAS_TRAIN_P_001436	1	HPCLAS_TRAIN_P_001436	0	A_clean_core	6.527359591949335	0.9985392735321839	1
HPCLAS_TRAIN_P_001441	1	HPCLAS_TRAIN_P_001441	0	A_clean_core	3.4456604957437635	0.9691014635048762	1
HPCLAS_TRAIN_P_001446	1	HPCLAS_TRAIN_P_001446	0	A_clean_core	8.107847736142027	0.9996989243082338	1
HPCLAS_TRAIN_P_001448	1	HPCLAS_TRAIN_P_001448	0	D_hard_sample	-1.3592870473605974	0.204356200201848	0
HPCLAS_TRAIN_P_001449	1	HPCLAS_TRAIN_P_001449	0	A_clean_core	2.0949984782152646	0.8904161061052408	1
HPCLAS_TRAIN_P_001451	1	HPCLAS_TRAIN_P_001451	0	A_clean_core	9.426136544851643	0.9999194165392854	1
HPCLAS_TRAIN_P_001452	1	HPCLAS_TRAIN_N_004054	0	B_ambiguous	3.5577178016984337	0.9722861482699169	1
HPCLAS_TRAIN_P_001454	1	HPCLAS_TRAIN_N_004714	0	B_ambiguous	6.786223331341418	0.9988720482703521	1
HPCLAS_TRAIN_P_001467	1	HPCLAS_TRAIN_P_001467	0	A_clean_core	8.640909680773852	0.9998233051617885	1
HPCLAS_TRAIN_P_001473	1	HPCLAS_TRAIN_P_001473	0	D_hard_sample	0.6913279569860262	0.6662622722589091	1
HPCLAS_TRAIN_P_001477	1	HPCLAS_TRAIN_N_004191	0	B_ambiguous	-0.021465179023912227	0.4946339112796366	0
HPCLAS_TRAIN_P_001478	1	HPCLAS_TRAIN_P_001478	0	A_clean_core	1.9604680132464294	0.8765835932772899	1
HPCLAS_TRAIN_P_001480	1	HPCLAS_TRAIN_P_001480	0	D_hard_sample	2.685451551841763	0.9361626954997769	1
HPCLAS_TRAIN_P_001489	1	HPCLAS_TRAIN_P_001489	0	A_clean_core	1.5296371462540994	0.8219532181773525	1
HPCLAS_TRAIN_P_001505	1	HPCLAS_TRAIN_P_000790	0	A_clean_core	8.356052018984983	0.9997650850352768	1
HPCLAS_TRAIN_P_001509	1	HPCLAS_TRAIN_P_001509	0	D_hard_sample	1.850127481580015	0.8641420700936435	1
HPCLAS_TRAIN_P_001510	1	HPCLAS_TRAIN_P_001510	0	A_clean_core	5.916944768457835	0.9973138183758349	1
HPCLAS_TRAIN_P_001512	1	HPCLAS_TRAIN_P_001512	0	A_clean_core	9.189011714040776	0.9998978546607833	1
HPCLAS_TRAIN_P_001515	1	HPCLAS_TRAIN_P_001515	0	A_clean_core	8.826055751234914	0.999853165227037	1
HPCLAS_TRAIN_P_001521	1	HPCLAS_TRAIN_P_001521	0	A_clean_core	8.676048476361132	0.9998294051457066	1
HPCLAS_TRAIN_P_001529	1	HPCLAS_TRAIN_P_001529	0	A_clean_core	1.755710148759828	0.852671572139617	1
HPCLAS_TRAIN_P_001536	1	HPCLAS_TRAIN_P_001536	0	A_clean_core	3.0851778674904726	0.9562771892747475	1
HPCLAS_TRAIN_P_001540	1	HPCLAS_TRAIN_P_001540	0	A_clean_core	8.382002543419787	0.9997711014048032	1
HPCLAS_TRAIN_P_001543	1	HPCLAS_TRAIN_P_001543	0	A_clean_core	3.033403039538702	0.9540605555029327	1
HPCLAS_TRAIN_P_001555	1	HPCLAS_TRAIN_P_001555	0	A_clean_core	7.715054595752972	0.9995541377710695	1
HPCLAS_TRAIN_P_001564	1	HPCLAS_TRAIN_P_001564	0	A_clean_core	4.112311202640321	0.9838937608468229	1
HPCLAS_TRAIN_P_001569	1	HPCLAS_TRAIN_P_001569	0	B_ambiguous	2.6102610117838747	0.9315190484349756	1
HPCLAS_TRAIN_P_001576	1	HPCLAS_TRAIN_P_001576	0	A_clean_core	8.656005927149486	0.9998259520966797	1
HPCLAS_TRAIN_P_001582	1	HPCLAS_TRAIN_P_001582	0	A_clean_core	8.04749652072201	0.9996802005160891	1
HPCLAS_TRAIN_P_001584	1	HPCLAS_TRAIN_P_001584	0	D_hard_sample	0.41464613452091587	0.6022014097556733	1
HPCLAS_TRAIN_P_001589	1	HPCLAS_TRAIN_P_001589	0	A_clean_core	9.401247429517325	0.999917385888204	1
HPCLAS_TRAIN_P_001591	1	HPCLAS_TRAIN_P_001591	0	A_clean_core	6.999426798170142	0.999088426915866	1
HPCLAS_TRAIN_P_001593	1	HPCLAS_TRAIN_P_001593	0	A_clean_core	7.4621339258680095	0.9994259007057005	1
HPCLAS_TRAIN_P_001598	1	HPCLAS_TRAIN_P_001598	0	A_clean_core	8.848091133394341	0.9998563649397183	1
HPCLAS_TRAIN_P_001611	1	HPCLAS_TRAIN_P_001611	0	B_ambiguous	3.9696774943289803	0.9814703107495978	1
HPCLAS_TRAIN_P_001614	1	HPCLAS_TRAIN_P_001614	0	D_hard_sample	4.447337183449075	0.9884258239100252	1
HPCLAS_TRAIN_P_001618	1	HPCLAS_TRAIN_P_001618	0	A_clean_core	1.9861288782192177	0.8793329892057858	1
HPCLAS_TRAIN_P_001622	1	HPCLAS_TRAIN_P_001622	0	D_hard_sample	-0.4441482673254317	0.3907529653056957	0
HPCLAS_TRAIN_P_001624	1	HPCLAS_TRAIN_P_001624	0	D_hard_sample	-0.048188510009512575	0.4879552032085904	0
HPCLAS_TRAIN_P_001633	1	HPCLAS_TRAIN_P_001633	0	D_hard_sample	-1.5285528486758566	0.17820551997074016	0
HPCLAS_TRAIN_P_001639	1	HPCLAS_TRAIN_P_001639	0	B_ambiguous	-0.0906478465336449	0.47735354346493797	0
HPCLAS_TRAIN_P_001648	1	HPCLAS_TRAIN_P_001648	0	D_hard_sample	0.37530840968158585	0.5927410519017029	1
HPCLAS_TRAIN_P_001652	1	HPCLAS_TRAIN_P_001652	0	D_hard_sample	0.9121749576210247	0.7134450200916442	1
HPCLAS_TRAIN_P_001661	1	HPCLAS_TRAIN_P_001661	0	A_clean_core	6.488701761067342	0.9984817867484713	1
HPCLAS_TRAIN_P_001663	1	HPCLAS_TRAIN_P_001663	0	A_clean_core	4.214177546226537	0.985430919903184	1
HPCLAS_TRAIN_P_001664	1	HPCLAS_TRAIN_P_001664	0	D_hard_sample	0.26346264126146746	0.5654872944067193	1
HPCLAS_TRAIN_P_001674	1	HPCLAS_TRAIN_P_001674	0	B_ambiguous	5.026048593871801	0.99347811503168	1
HPCLAS_TRAIN_P_001689	1	HPCLAS_TRAIN_P_001689	0	A_clean_core	6.669935478177874	0.9987331264115148	1
HPCLAS_TRAIN_P_001706	1	HPCLAS_TRAIN_P_001706	0	A_clean_core	3.250742233577026	0.9626997746162759	1
HPCLAS_TRAIN_P_001713	1	HPCLAS_TRAIN_P_001713	0	A_clean_core	1.4732951118309185	0.8135577102287285	1
HPCLAS_TRAIN_P_001714	1	HPCLAS_TRAIN_P_001714	0	A_clean_core	1.036753653501647	0.7382231358191037	1
HPCLAS_TRAIN_P_001716	1	HPCLAS_TRAIN_P_001716	0	A_clean_core	2.317915982629686	0.910350003405775	1
HPCLAS_TRAIN_P_001719	1	HPCLAS_TRAIN_P_001719	0	A_clean_core	9.572129059176111	0.9999303618981266	1
HPCLAS_TRAIN_P_001728	1	HPCLAS_TRAIN_P_001728	0	A_clean_core	5.233395857445106	0.99469293884146	1
HPCLAS_TRAIN_P_001729	1	HPCLAS_TRAIN_P_001729	0	A_clean_core	7.629678103611253	0.9995144186877802	1
HPCLAS_TRAIN_P_001736	1	HPCLAS_TRAIN_P_001736	0	A_clean_core	3.0154954034880883	0.9532692685810727	1
HPCLAS_TRAIN_P_001740	1	HPCLAS_TRAIN_P_001740	0	D_hard_sample	4.342121524798936	0.9871581580378352	1
HPCLAS_TRAIN_P_001742	1	HPCLAS_TRAIN_P_001742	0	D_hard_sample	-1.916650162037007	0.12823558265385043	0
HPCLAS_TRAIN_P_001745	1	HPCLAS_TRAIN_P_001745	0	A_clean_core	7.038758417902084	0.9991235538108831	1
HPCLAS_TRAIN_P_001747	1	HPCLAS_TRAIN_P_001747	0	A_clean_core	6.97219165996328	0.9990632825010693	1
HPCLAS_TRAIN_P_001748	1	HPCLAS_TRAIN_P_001748	0	A_clean_core	5.6350082446980885	0.9964420563693925	1
HPCLAS_TRAIN_P_001752	1	HPCLAS_TRAIN_P_001752	0	A_clean_core	0.7994985190693146	0.6898671992755775	1
HPCLAS_TRAIN_P_001762	1	HPCLAS_TRAIN_P_001762	0	A_clean_core	7.660890901554954	0.9995293339215968	1
HPCLAS_TRAIN_P_001767	1	HPCLAS_TRAIN_P_001767	0	A_clean_core	3.7837370365617664	0.97776794143676	1
HPCLAS_TRAIN_P_001769	1	HPCLAS_TRAIN_P_001769	0	A_clean_core	5.44059378025763	0.9956818202095221	1
HPCLAS_TRAIN_P_001779	1	HPCLAS_TRAIN_P_001779	0	A_clean_core	6.7819145335017055	0.9988671831861923	1
HPCLAS_TRAIN_P_001792	1	HPCLAS_TRAIN_P_001792	0	A_clean_core	8.313424040935852	0.9997548570906235	1
HPCLAS_TRAIN_P_001795	1	HPCLAS_TRAIN_P_001795	0	A_clean_core	2.3081541731810615	0.9095501162715875	1
HPCLAS_TRAIN_P_001803	1	HPCLAS_TRAIN_P_001803	0	A_clean_core	1.394926611998594	0.8013775840908496	1
HPCLAS_TRAIN_P_001804	1	HPCLAS_TRAIN_P_001804	0	A_clean_core	9.17133572647639	0.9998960332788115	1
HPCLAS_TRAIN_P_001814	1	HPCLAS_TRAIN_P_001814	0	A_clean_core	2.3490719845104353	0.9128604356756883	1
HPCLAS_TRAIN_P_001815	1	HPCLAS_TRAIN_P_001815	0	A_clean_core	4.51990459872687	0.9892272533400763	1
HPCLAS_TRAIN_P_001825	1	HPCLAS_TRAIN_P_001825	0	A_clean_core	8.241594944374405	0.9997366056906226	1
HPCLAS_TRAIN_P_001826	1	HPCLAS_TRAIN_P_001826	0	A_clean_core	9.110019119750483	0.999889459619154	1
HPCLAS_TRAIN_P_001830	1	HPCLAS_TRAIN_P_001830	0	A_clean_core	0.8410811326881212	0.6986928661739875	1
HPCLAS_TRAIN_P_001840	1	HPCLAS_TRAIN_P_001840	0	A_clean_core	4.0461373531813525	0.982810833841663	1
HPCLAS_TRAIN_P_001841	1	HPCLAS_TRAIN_P_001841	0	A_clean_core	8.470483884507045	0.9997904804333416	1
HPCLAS_TRAIN_P_001847	1	HPCLAS_TRAIN_P_001847	0	A_clean_core	2.2535728214238007	0.904958274093576	1
HPCLAS_TRAIN_P_001848	1	HPCLAS_TRAIN_P_001848	0	A_clean_core	7.7352040510401325	0.9995630278604014	1
HPCLAS_TRAIN_P_001849	1	HPCLAS_TRAIN_P_001849	0	A_clean_core	4.841452025712745	0.9921662707079355	1
HPCLAS_TRAIN_P_001855	1	HPCLAS_TRAIN_P_001855	0	A_clean_core	9.843335304139647	0.9999469029083627	1
HPCLAS_TRAIN_P_001867	1	HPCLAS_TRAIN_P_001867	0	A_clean_core	6.268005576588515	0.9981075817826938	1
HPCLAS_TRAIN_P_001878	1	HPCLAS_TRAIN_P_001878	0	D_hard_sample	0.6314995896998428	0.6528294118037735	1
HPCLAS_TRAIN_P_001884	1	HPCLAS_TRAIN_P_001884	0	A_clean_core	6.91509010147781	0.9990082924484975	1
HPCLAS_TRAIN_P_001887	1	HPCLAS_TRAIN_P_001887	0	A_clean_core	2.2343754193932184	0.9032942433394563	1
HPCLAS_TRAIN_P_001893	1	HPCLAS_TRAIN_P_001893	0	A_clean_core	5.742626312228825	0.9968039113678837	1
HPCLAS_TRAIN_P_001898	1	HPCLAS_TRAIN_P_001898	0	A_clean_core	8.563253110868352	0.9998090395252051	1
HPCLAS_TRAIN_P_001903	1	HPCLAS_TRAIN_P_001903	0	A_clean_core	7.745321624783126	0.9995674247652777	1
HPCLAS_TRAIN_P_001904	1	HPCLAS_TRAIN_P_001904	0	A_clean_core	10.7340970572239	0.9999782112950972	1
HPCLAS_TRAIN_P_001911	1	HPCLAS_TRAIN_P_001911	0	A_clean_core	7.850420560804792	0.9996105636314558	1
HPCLAS_TRAIN_P_001917	1	HPCLAS_TRAIN_P_001917	0	A_clean_core	7.713068489843672	0.9995532517575035	1
HPCLAS_TRAIN_P_001918	1	HPCLAS_TRAIN_P_001918	0	A_clean_core	9.056544861914732	0.9998833883623084	1
HPCLAS_TRAIN_P_001922	1	HPCLAS_TRAIN_P_001922	0	A_clean_core	5.143417427497775	0.9941961753699055	1
HPCLAS_TRAIN_P_001927	1	HPCLAS_TRAIN_P_001927	0	A_clean_core	8.762104382211614	0.9998434696950331	1
HPCLAS_TRAIN_P_001928	1	HPCLAS_TRAIN_P_001928	0	A_clean_core	6.178784417373932	0.9979313420554811	1
HPCLAS_TRAIN_P_001936	1	HPCLAS_TRAIN_P_001936	0	D_hard_sample	0.447057684463913	0.6099394447662365	1
HPCLAS_TRAIN_P_001941	1	HPCLAS_TRAIN_P_001941	0	A_clean_core	2.4899734404060876	0.9234359248524313	1
HPCLAS_TRAIN_P_001955	1	HPCLAS_TRAIN_P_001955	0	A_clean_core	4.6710502733865855	0.9907244108169264	1
HPCLAS_TRAIN_P_001969	1	HPCLAS_TRAIN_P_001969	0	A_clean_core	5.217019144633757	0.9946057837391291	1
HPCLAS_TRAIN_P_001984	1	HPCLAS_TRAIN_P_001984	0	D_hard_sample	0.4085655011737604	0.6007438631130779	1
HPCLAS_TRAIN_P_001985	1	HPCLAS_TRAIN_P_001985	0	A_clean_core	8.984444680152393	0.9998746712178818	1
HPCLAS_TRAIN_P_001989	1	HPCLAS_TRAIN_P_001989	0	A_clean_core	8.937314913371642	0.9998686238924177	1
HPCLAS_TRAIN_P_001994	1	HPCLAS_TRAIN_P_001994	0	A_clean_core	6.850268167507673	0.9989419490381443	1
HPCLAS_TRAIN_P_002005	1	HPCLAS_TRAIN_P_002005	0	A_clean_core	10.046386202492025	0.9999566597825102	1
HPCLAS_TRAIN_P_002007	1	HPCLAS_TRAIN_P_002007	0	A_clean_core	7.19187794739664	0.9992478917828543	1
HPCLAS_TRAIN_P_002008	1	HPCLAS_TRAIN_P_002008	0	A_clean_core	8.788712010305721	0.999847579047852	1
HPCLAS_TRAIN_P_002013	1	HPCLAS_TRAIN_P_002013	0	D_hard_sample	-1.3626735042854714	0.20380613135266062	0
HPCLAS_TRAIN_P_002025	1	HPCLAS_TRAIN_P_002025	0	A_clean_core	5.244836786742165	0.9947529937695743	1
HPCLAS_TRAIN_P_002031	1	HPCLAS_TRAIN_P_002031	0	A_clean_core	8.137742785005333	0.9997077891825198	1
HPCLAS_TRAIN_P_002035	1	HPCLAS_TRAIN_P_002035	0	D_hard_sample	1.7160240098474753	0.8476159945321637	1
HPCLAS_TRAIN_P_002038	1	HPCLAS_TRAIN_P_002038	0	A_clean_core	8.718525153935015	0.9998364985450284	1
HPCLAS_TRAIN_P_002046	1	HPCLAS_TRAIN_P_002046	0	A_clean_core	4.584396499619169	0.9898932790937651	1
HPCLAS_TRAIN_P_002047	1	HPCLAS_TRAIN_P_002047	0	A_clean_core	6.9145728868031355	0.9990077798991965	1
HPCLAS_TRAIN_P_002052	1	HPCLAS_TRAIN_P_002052	0	A_clean_core	7.414498888172478	0.9993979085181437	1
HPCLAS_TRAIN_P_002054	1	HPCLAS_TRAIN_P_002054	0	A_clean_core	8.562912470616864	0.9998089744777285	1
HPCLAS_TRAIN_P_002056	1	HPCLAS_TRAIN_P_002056	0	A_clean_core	8.440147431816087	0.9997840283538645	1
HPCLAS_TRAIN_P_002062	1	HPCLAS_TRAIN_P_002062	0	A_clean_core	3.6092358617146574	0.9736410765260659	1
HPCLAS_TRAIN_P_002068	1	HPCLAS_TRAIN_P_002068	0	D_hard_sample	-0.22277755684671638	0.44453481528526767	0
HPCLAS_TRAIN_P_002072	1	HPCLAS_TRAIN_P_002072	0	A_clean_core	7.8574668049109135	0.99961329699276	1
HPCLAS_TRAIN_P_002077	1	HPCLAS_TRAIN_P_002077	0	D_hard_sample	-1.6067633850562286	0.16703846003804293	0
HPCLAS_TRAIN_P_002078	1	HPCLAS_TRAIN_P_002078	0	A_clean_core	-1.1447087160434766	0.24145688434948773	0
HPCLAS_TRAIN_P_002085	1	HPCLAS_TRAIN_P_002085	0	A_clean_core	2.389256426764172	0.916004375004168	1
HPCLAS_TRAIN_P_002086	1	HPCLAS_TRAIN_P_002086	0	D_hard_sample	0.8726490716177375	0.7052966155666427	1
HPCLAS_TRAIN_P_002103	1	HPCLAS_TRAIN_P_002103	0	A_clean_core	8.718277887757655	0.9998364581182625	1
HPCLAS_TRAIN_P_002104	1	HPCLAS_TRAIN_P_002104	0	D_hard_sample	0.8083181618213138	0.6917509990331057	1
HPCLAS_TRAIN_P_002105	1	HPCLAS_TRAIN_P_002105	0	A_clean_core	5.929421737030078	0.997347037198374	1
HPCLAS_TRAIN_P_002107	1	HPCLAS_TRAIN_P_002107	0	A_clean_core	5.773509691529465	0.9969008075345367	1
HPCLAS_TRAIN_P_002111	1	HPCLAS_TRAIN_P_002111	0	A_clean_core	9.57253774890835	0.999930390350708	1
HPCLAS_TRAIN_P_002115	1	HPCLAS_TRAIN_P_002115	0	A_clean_core	8.465777021540069	0.9997894921369879	1
HPCLAS_TRAIN_P_002117	1	HPCLAS_TRAIN_P_002117	0	A_clean_core	6.9293808280576625	0.9990223501280223	1
HPCLAS_TRAIN_P_002123	1	HPCLAS_TRAIN_P_002123	0	A_clean_core	3.106293830499935	0.9571516141361408	1
HPCLAS_TRAIN_P_002137	1	HPCLAS_TRAIN_P_002137	0	A_clean_core	5.507310947962995	0.9959593905431825	1
HPCLAS_TRAIN_P_002141	1	HPCLAS_TRAIN_P_002141	0	A_clean_core	5.8005390048995045	0.9969832052712684	1
HPCLAS_TRAIN_P_002154	1	HPCLAS_TRAIN_P_002154	0	A_clean_core	5.146308955184405	0.9942128360707448	1
HPCLAS_TRAIN_P_002156	1	HPCLAS_TRAIN_P_002156	0	A_clean_core	8.13294179924799	0.999706383322405	1
HPCLAS_TRAIN_P_002159	1	HPCLAS_TRAIN_P_002159	0	A_clean_core	2.2517936191118975	0.9048051367489833	1
HPCLAS_TRAIN_P_002162	1	HPCLAS_TRAIN_P_002162	0	A_clean_core	7.226297602211619	0.9992733201481189	1
HPCLAS_TRAIN_P_002166	1	HPCLAS_TRAIN_P_002166	0	A_clean_core	4.1536544459167155	0.9845359805673809	1
HPCLAS_TRAIN_P_002175	1	HPCLAS_TRAIN_P_002175	0	A_clean_core	-1.003586509867934	0.2682368553560484	0
HPCLAS_TRAIN_P_002177	1	HPCLAS_TRAIN_P_002177	0	A_clean_core	9.488382034279093	0.9999242792069284	1
HPCLAS_TRAIN_P_002183	1	HPCLAS_TRAIN_P_002183	0	A_clean_core	4.619804835729097	0.990241448620676	1
HPCLAS_TRAIN_P_002186	1	HPCLAS_TRAIN_P_002186	0	A_clean_core	7.34572049151643	0.9993550679732471	1
HPCLAS_TRAIN_P_002188	1	HPCLAS_TRAIN_P_002188	0	A_clean_core	7.905513598541845	0.9996314308589666	1
HPCLAS_TRAIN_P_002189	1	HPCLAS_TRAIN_P_002189	0	A_clean_core	9.666713184673549	0.9999366462552218	1
HPCLAS_TRAIN_P_002192	1	HPCLAS_TRAIN_P_002192	0	A_clean_core	7.531127263929761	0.9994641537332584	1
HPCLAS_TRAIN_P_002196	1	HPCLAS_TRAIN_P_002196	0	A_clean_core	6.6049003213171735	0.9986481119715309	1
HPCLAS_TRAIN_P_002201	1	HPCLAS_TRAIN_P_002201	0	A_clean_core	7.407776438466407	0.9993938498149201	1
HPCLAS_TRAIN_P_002202	1	HPCLAS_TRAIN_P_002202	0	A_clean_core	3.182757806258067	0.9601802423290271	1
HPCLAS_TRAIN_P_002203	1	HPCLAS_TRAIN_P_002203	0	A_clean_core	1.414496783255703	0.8044742357019239	1
HPCLAS_TRAIN_P_002211	1	HPCLAS_TRAIN_P_002211	0	A_clean_core	3.041214959702496	0.9544017323268524	1
HPCLAS_TRAIN_P_002214	1	HPCLAS_TRAIN_P_002214	0	A_clean_core	2.718632004248566	0.9381171645817986	1
HPCLAS_TRAIN_P_002228	1	HPCLAS_TRAIN_P_002228	0	D_hard_sample	1.7936482614602205	0.8573739818461545	1
HPCLAS_TRAIN_P_002231	1	HPCLAS_TRAIN_P_002231	0	A_clean_core	7.687704466163583	0.9995417807563308	1
HPCLAS_TRAIN_P_002235	1	HPCLAS_TRAIN_P_002235	0	A_clean_core	7.841861988919643	0.9996072176233511	1
HPCLAS_TRAIN_P_002238	1	HPCLAS_TRAIN_P_002238	0	A_clean_core	1.0433785835703635	0.7395013798015974	1
HPCLAS_TRAIN_P_002253	1	HPCLAS_TRAIN_P_002253	0	A_clean_core	0.9237200128152504	0.7157994772134518	1
HPCLAS_TRAIN_P_002258	1	HPCLAS_TRAIN_P_002258	0	A_clean_core	2.3989994699747244	0.9167509762641749	1
HPCLAS_TRAIN_P_002260	1	HPCLAS_TRAIN_P_002260	0	D_hard_sample	2.7048941449609942	0.9373148192963814	1
HPCLAS_TRAIN_P_002267	1	HPCLAS_TRAIN_P_002267	0	A_clean_core	7.129309544778215	0.9991993690842055	1
HPCLAS_TRAIN_P_002270	1	HPCLAS_TRAIN_P_002270	0	A_clean_core	4.328372358456563	0.9869826882961512	1
HPCLAS_TRAIN_P_002271	1	HPCLAS_TRAIN_P_002271	0	D_hard_sample	1.505013544678155	0.8183210383741488	1
HPCLAS_TRAIN_P_002284	1	HPCLAS_TRAIN_P_002284	0	A_clean_core	5.238996381011659	0.9947224216639858	1
HPCLAS_TRAIN_P_002291	1	HPCLAS_TRAIN_N_001466	0	B_ambiguous	6.462527611444347	0.998441586932799	1
HPCLAS_TRAIN_P_002294	1	HPCLAS_TRAIN_P_002294	0	A_clean_core	5.726419875494965	0.9967518617741641	1
HPCLAS_TRAIN_P_002301	1	HPCLAS_TRAIN_P_002301	0	A_clean_core	7.864767728030427	0.9996161089205259	1
HPCLAS_TRAIN_P_002307	1	HPCLAS_TRAIN_P_002307	0	A_clean_core	1.2708067229708404	0.7808808143044782	1
HPCLAS_TRAIN_P_002309	1	HPCLAS_TRAIN_P_002309	0	A_clean_core	7.998771759124019	0.9996642378641236	1
HPCLAS_TRAIN_P_002319	1	HPCLAS_TRAIN_P_002319	0	D_hard_sample	1.4729100507134258	0.8134992965047385	1
HPCLAS_TRAIN_P_002321	1	HPCLAS_TRAIN_P_002321	0	A_clean_core	8.001315675306957	0.999665090643632	1
HPCLAS_TRAIN_P_002322	1	HPCLAS_TRAIN_P_002322	0	A_clean_core	9.028059899124758	0.9998800193270612	1
HPCLAS_TRAIN_P_002330	1	HPCLAS_TRAIN_P_002330	0	D_hard_sample	-1.8214846517285042	0.13925582187658225	0
HPCLAS_TRAIN_P_002334	1	HPCLAS_TRAIN_P_002334	0	A_clean_core	2.6096416736679173	0.9314795294842856	1
HPCLAS_TRAIN_P_002335	1	HPCLAS_TRAIN_P_002335	0	A_clean_core	3.8582798913504424	0.9793319148907855	1
HPCLAS_TRAIN_P_002341	1	HPCLAS_TRAIN_P_002341	0	A_clean_core	3.8771954378058235	0.9797113314493313	1
HPCLAS_TRAIN_P_002347	1	HPCLAS_TRAIN_P_002347	0	D_hard_sample	0.542306258782495	0.6323487490284723	1
HPCLAS_TRAIN_P_002350	1	HPCLAS_TRAIN_P_002350	0	A_clean_core	9.762749646156744	0.9999424471671955	1
HPCLAS_TRAIN_P_002351	1	HPCLAS_TRAIN_P_001664	0	A_clean_core	3.6399667924591	0.9744183839301197	1
HPCLAS_TRAIN_P_002355	1	HPCLAS_TRAIN_P_002355	0	A_clean_core	5.63138542751868	0.9964291893236417	1
HPCLAS_TRAIN_P_002361	1	HPCLAS_TRAIN_P_002361	0	A_clean_core	8.951779715079327	0.9998705102995464	1
HPCLAS_TRAIN_P_002364	1	HPCLAS_TRAIN_P_002364	0	A_clean_core	4.102624445045757	0.9837395347557844	1
HPCLAS_TRAIN_P_002365	1	HPCLAS_TRAIN_P_002365	0	A_clean_core	8.080597123553288	0.9996906095733147	1
HPCLAS_TRAIN_P_002369	1	HPCLAS_TRAIN_P_002369	0	A_clean_core	6.177631927621274	0.9979289615144648	1
HPCLAS_TRAIN_P_002377	1	HPCLAS_TRAIN_P_002377	0	A_clean_core	1.7393253029301834	0.8506013461254016	1
HPCLAS_TRAIN_P_002388	1	HPCLAS_TRAIN_P_002388	0	A_clean_core	4.123803584755295	0.9840748694967778	1
HPCLAS_TRAIN_P_002390	1	HPCLAS_TRAIN_P_002390	0	A_clean_core	8.617881669176032	0.9998191897638546	1
HPCLAS_TRAIN_P_002394	1	HPCLAS_TRAIN_P_002394	0	A_clean_core	7.017872112384918	0.9991050721352092	1
HPCLAS_TRAIN_P_002408	1	HPCLAS_TRAIN_P_002408	0	A_clean_core	4.133510810487524	0.9842262837975707	1
HPCLAS_TRAIN_P_002409	1	HPCLAS_TRAIN_P_002409	0	D_hard_sample	2.87699070628562	0.9466972137973385	1
HPCLAS_TRAIN_P_002417	1	HPCLAS_TRAIN_P_002417	0	A_clean_core	4.877004930422827	0.9924378205862167	1
HPCLAS_TRAIN_P_002419	1	HPCLAS_TRAIN_P_002419	0	B_ambiguous	4.210288207797265	0.9853749758114393	1
HPCLAS_TRAIN_P_002428	1	HPCLAS_TRAIN_P_002428	0	B_ambiguous	1.8890300148845598	0.8686448939160278	1
HPCLAS_TRAIN_P_002430	1	HPCLAS_TRAIN_P_002430	0	A_clean_core	4.219881107149154	0.9855125786035556	1
HPCLAS_TRAIN_P_002431	1	HPCLAS_TRAIN_P_002431	0	A_clean_core	6.707979810633023	0.9987803607908851	1
HPCLAS_TRAIN_P_002445	1	HPCLAS_TRAIN_P_002445	0	A_clean_core	8.973341825246575	0.9998732721344031	1
HPCLAS_TRAIN_P_002468	1	HPCLAS_TRAIN_P_002468	0	A_clean_core	5.436681474292397	0.9956649664581827	1
HPCLAS_TRAIN_P_002473	1	HPCLAS_TRAIN_P_002473	0	A_clean_core	5.281194217400567	0.9949393871102277	1
HPCLAS_TRAIN_P_002480	1	HPCLAS_TRAIN_P_002480	0	B_ambiguous	-2.5540444968090905	0.07215524190438784	0
HPCLAS_TRAIN_P_002484	1	HPCLAS_TRAIN_P_002484	0	A_clean_core	9.037182104737223	0.9998811087089668	1
HPCLAS_TRAIN_P_002488	1	HPCLAS_TRAIN_P_002488	0	A_clean_core	8.520731026430514	0.999800746026908	1
HPCLAS_TRAIN_P_002490	1	HPCLAS_TRAIN_P_002490	0	A_clean_core	9.736661027438975	0.9999409260260215	1
HPCLAS_TRAIN_P_002498	1	HPCLAS_TRAIN_P_002498	0	A_clean_core	7.965952799548771	0.9996530395703752	1
HPCLAS_TRAIN_P_002499	1	HPCLAS_TRAIN_P_002499	0	A_clean_core	7.564881250890535	0.9994819296196413	1
HPCLAS_TRAIN_P_002517	1	HPCLAS_TRAIN_P_002517	0	A_clean_core	9.138021632390979	0.9998925117615776	1
HPCLAS_TRAIN_P_002518	1	HPCLAS_TRAIN_P_002518	0	A_clean_core	6.80239436800731	0.9988901216483037	1
HPCLAS_TRAIN_P_002519	1	HPCLAS_TRAIN_N_004812	0	B_ambiguous	1.8864680833798309	0.868352298938281	1
HPCLAS_TRAIN_P_002524	1	HPCLAS_TRAIN_P_002524	0	A_clean_core	7.0331022461792605	0.9991185868163429	1
HPCLAS_TRAIN_P_002525	1	HPCLAS_TRAIN_P_002525	0	D_hard_sample	-0.8643744241576866	0.29642621405019914	0
HPCLAS_TRAIN_P_002526	1	HPCLAS_TRAIN_P_002526	0	A_clean_core	8.026979565227045	0.9996735735964509	1
HPCLAS_TRAIN_P_002528	1	HPCLAS_TRAIN_P_002528	0	A_clean_core	8.588613751629229	0.9998138206214799	1
HPCLAS_TRAIN_P_002535	1	HPCLAS_TRAIN_P_002535	0	A_clean_core	6.421482256521124	0.9983763964387196	1
HPCLAS_TRAIN_P_002538	1	HPCLAS_TRAIN_P_002538	0	A_clean_core	9.93944890499116	0.9999517684476358	1
HPCLAS_TRAIN_P_002541	1	HPCLAS_TRAIN_P_002541	0	A_clean_core	3.2967008283214763	0.9643154561579346	1
HPCLAS_TRAIN_P_002543	1	HPCLAS_TRAIN_P_002543	0	A_clean_core	4.382355640723026	0.9876583320014451	1
HPCLAS_TRAIN_P_002551	1	HPCLAS_TRAIN_P_002551	0	A_clean_core	9.328287630966967	0.9999111336054803	1
HPCLAS_TRAIN_P_002556	1	HPCLAS_TRAIN_P_002556	0	A_clean_core	7.947302348568764	0.999646510190637	1
HPCLAS_TRAIN_P_002568	1	HPCLAS_TRAIN_P_002568	0	A_clean_core	8.063447202982598	0.9996852594763528	1
HPCLAS_TRAIN_P_002572	1	HPCLAS_TRAIN_P_002572	0	A_clean_core	0.34350814179083	0.5850424400298272	1
HPCLAS_TRAIN_P_002573	1	HPCLAS_TRAIN_P_002573	0	D_hard_sample	1.472720778994464	0.8134705788379915	1
HPCLAS_TRAIN_P_002589	1	HPCLAS_TRAIN_P_002589	0	D_hard_sample	3.7638283813575955	0.9773310298397597	1
HPCLAS_TRAIN_P_002595	1	HPCLAS_TRAIN_P_002595	0	A_clean_core	8.74589451358344	0.9998409120897929	1
HPCLAS_TRAIN_P_002598	1	HPCLAS_TRAIN_P_002598	0	A_clean_core	4.727160185223719	0.9912260906847704	1
HPCLAS_TRAIN_P_002610	1	HPCLAS_TRAIN_P_002610	0	D_hard_sample	2.321482167486859	0.9106406244055841	1
HPCLAS_TRAIN_P_002613	1	HPCLAS_TRAIN_P_002613	0	A_clean_core	5.864510236452787	0.9971696209280786	1
HPCLAS_TRAIN_P_002624	1	HPCLAS_TRAIN_N_001228	0	B_ambiguous	0.2736513151619134	0.5679890769769725	1
HPCLAS_TRAIN_P_002636	1	HPCLAS_TRAIN_P_002636	0	A_clean_core	6.757983523227131	0.9988397785863232	1
HPCLAS_TRAIN_P_002637	1	HPCLAS_TRAIN_P_002637	0	A_clean_core	2.5421788657705546	0.9270463235859938	1
HPCLAS_TRAIN_P_002638	1	HPCLAS_TRAIN_P_002638	0	A_clean_core	7.292018296894856	0.9993195110795252	1
HPCLAS_TRAIN_P_002639	1	HPCLAS_TRAIN_P_002639	0	A_clean_core	6.734037766775453	0.9988116943132448	1
HPCLAS_TRAIN_P_002644	1	HPCLAS_TRAIN_P_002644	0	A_clean_core	6.836985788776526	0.9989278170268063	1
HPCLAS_TRAIN_P_002651	1	HPCLAS_TRAIN_P_002651	0	A_clean_core	4.664875668431416	0.9906674966890763	1
HPCLAS_TRAIN_P_002658	1	HPCLAS_TRAIN_P_002658	0	D_hard_sample	-0.2844629151993775	0.42935997424989897	0
HPCLAS_TRAIN_P_002670	1	HPCLAS_TRAIN_P_002670	0	A_clean_core	4.902030682815112	0.9926233426914992	1
HPCLAS_TRAIN_P_002682	1	HPCLAS_TRAIN_N_003467	0	B_ambiguous	3.6964338960163645	0.975788872351012	1
HPCLAS_TRAIN_P_002689	1	HPCLAS_TRAIN_P_002689	0	A_clean_core	3.628419272857986	0.9741289542517556	1
HPCLAS_TRAIN_P_002692	1	HPCLAS_TRAIN_P_002692	0	D_hard_sample	0.16205818835412097	0.5404261103636374	1
HPCLAS_TRAIN_P_002698	1	HPCLAS_TRAIN_P_002698	0	A_clean_core	8.470288186051432	0.9997904394352671	1
HPCLAS_TRAIN_P_002720	1	HPCLAS_TRAIN_P_002720	0	A_clean_core	9.199152868922502	0.9998988851935189	1
HPCLAS_TRAIN_P_002721	1	HPCLAS_TRAIN_P_002721	0	D_hard_sample	0.41117005523274913	0.6013684029318803	1
HPCLAS_TRAIN_P_002722	1	HPCLAS_TRAIN_P_002722	0	A_clean_core	6.673896001991984	0.9987381276528033	1
HPCLAS_TRAIN_P_002724	1	HPCLAS_TRAIN_P_002724	0	A_clean_core	7.4782082019810545	0.9994350499917092	1
HPCLAS_TRAIN_P_002736	1	HPCLAS_TRAIN_P_002736	0	A_clean_core	7.576080139817201	0.9994876961105831	1
HPCLAS_TRAIN_P_002737	1	HPCLAS_TRAIN_P_002737	0	D_hard_sample	1.545021100923852	0.8241934604263161	1
HPCLAS_TRAIN_P_002764	1	HPCLAS_TRAIN_P_002764	0	A_clean_core	8.585978563662115	0.9998133294485236	1
HPCLAS_TRAIN_P_002772	1	HPCLAS_TRAIN_P_002772	0	A_clean_core	7.514633583866043	0.9994552472222777	1
HPCLAS_TRAIN_P_002773	1	HPCLAS_TRAIN_P_002773	0	A_clean_core	8.200243498892656	0.9997254886768848	1
HPCLAS_TRAIN_P_002786	1	HPCLAS_TRAIN_P_002786	0	D_hard_sample	2.143207230853818	0.8950323101117968	1
HPCLAS_TRAIN_P_002788	1	HPCLAS_TRAIN_P_002788	0	A_clean_core	8.085059130202266	0.9996919865758607	1
HPCLAS_TRAIN_P_002789	1	HPCLAS_TRAIN_P_002789	0	A_clean_core	8.626020445915634	0.9998206551029569	1
HPCLAS_TRAIN_P_002792	1	HPCLAS_TRAIN_P_002792	0	A_clean_core	3.017719469526089	0.9533682441663378	1
HPCLAS_TRAIN_P_002803	1	HPCLAS_TRAIN_P_002803	0	A_clean_core	3.612778384660848	0.9737318399123193	1
HPCLAS_TRAIN_P_002815	1	HPCLAS_TRAIN_P_002815	0	D_hard_sample	4.980887684163775	0.9931788839062375	1
HPCLAS_TRAIN_P_002834	1	HPCLAS_TRAIN_P_002834	0	D_hard_sample	-0.623738347263356	0.3489317008887214	0
HPCLAS_TRAIN_P_002837	1	HPCLAS_TRAIN_P_002837	0	A_clean_core	4.837531054032472	0.99213573661207	1
HPCLAS_TRAIN_P_002843	1	HPCLAS_TRAIN_P_002843	0	D_hard_sample	-0.3783151514041619	0.40653332624582694	0
HPCLAS_TRAIN_P_002847	1	HPCLAS_TRAIN_P_002847	0	D_hard_sample	2.2889474920394584	0.9079575290493913	1
HPCLAS_TRAIN_P_002849	1	HPCLAS_TRAIN_P_002849	0	A_clean_core	3.599254279733276	0.9733836932113817	1
HPCLAS_TRAIN_P_002850	1	HPCLAS_TRAIN_P_002850	0	A_clean_core	8.117434596524934	0.9997017960307324	1
HPCLAS_TRAIN_P_002852	1	HPCLAS_TRAIN_P_002852	0	A_clean_core	6.215060291220663	0.998004892592027	1
HPCLAS_TRAIN_P_002853	1	HPCLAS_TRAIN_N_000764	0	B_ambiguous	4.597977438869349	0.9900282505523047	1
HPCLAS_TRAIN_P_002857	1	HPCLAS_TRAIN_P_002857	0	A_clean_core	5.953917446588744	0.9974110677214906	1
HPCLAS_TRAIN_P_002858	1	HPCLAS_TRAIN_P_002858	0	A_clean_core	3.1502144055311088	0.958917169143404	1
HPCLAS_TRAIN_P_002859	1	HPCLAS_TRAIN_P_002859	0	A_clean_core	8.862691389868605	0.9998584465188127	1
HPCLAS_TRAIN_P_002867	1	HPCLAS_TRAIN_P_002867	0	A_clean_core	7.566770154950534	0.9994829067756987	1
HPCLAS_TRAIN_P_002869	1	HPCLAS_TRAIN_P_002869	0	A_clean_core	9.759680266074161	0.9999422702545075	1
HPCLAS_TRAIN_P_002873	1	HPCLAS_TRAIN_P_002873	0	A_clean_core	0.25236679043627136	0.5627589626926139	1
HPCLAS_TRAIN_P_002885	1	HPCLAS_TRAIN_P_002885	0	A_clean_core	8.279095945683446	0.9997462978660305	1
HPCLAS_TRAIN_P_002889	1	HPCLAS_TRAIN_P_002889	0	A_clean_core	2.364306471708516	0.914064684489961	1
HPCLAS_TRAIN_P_002902	1	HPCLAS_TRAIN_P_002902	0	D_hard_sample	0.10067116738974614	0.5251465577326201	1
HPCLAS_TRAIN_P_002907	1	HPCLAS_TRAIN_P_002907	0	A_clean_core	6.150867921609849	0.9978729033065573	1
HPCLAS_TRAIN_P_002910	1	HPCLAS_TRAIN_P_002910	0	A_clean_core	8.294721281149373	0.9997502302543982	1
HPCLAS_TRAIN_P_002924	1	HPCLAS_TRAIN_P_002924	0	D_hard_sample	2.7702974419244892	0.9410494893942832	1
HPCLAS_TRAIN_P_002927	1	HPCLAS_TRAIN_P_002927	0	A_clean_core	1.6011534773193745	0.832179537762584	1
HPCLAS_TRAIN_P_002939	1	HPCLAS_TRAIN_P_002939	0	A_clean_core	7.700573327139691	0.9995476370856342	1
HPCLAS_TRAIN_P_002947	1	HPCLAS_TRAIN_P_002947	0	D_hard_sample	0.4678027516241787	0.6148635654954159	1
HPCLAS_TRAIN_P_002952	1	HPCLAS_TRAIN_P_002952	0	A_clean_core	4.4361905147035605	0.9882976069012167	1
HPCLAS_TRAIN_P_002955	1	HPCLAS_TRAIN_P_002955	0	A_clean_core	4.326455469399578	0.9869580373675287	1
HPCLAS_TRAIN_P_002960	1	HPCLAS_TRAIN_P_002960	0	A_clean_core	4.34932755676498	0.9872491884397865	1
HPCLAS_TRAIN_P_002961	1	HPCLAS_TRAIN_P_002961	0	A_clean_core	5.86386106722695	0.9971677881421497	1
HPCLAS_TRAIN_P_002965	1	HPCLAS_TRAIN_P_002965	0	A_clean_core	3.1055690084528815	0.9571218775911827	1
HPCLAS_TRAIN_P_002971	1	HPCLAS_TRAIN_P_002971	0	A_clean_core	9.001160936576735	0.9998767485765228	1
HPCLAS_TRAIN_P_002972	1	HPCLAS_TRAIN_P_002972	0	D_hard_sample	0.7114441232763968	0.6707201797026965	1
HPCLAS_TRAIN_P_002990	1	HPCLAS_TRAIN_P_002990	0	A_clean_core	6.984767696071926	0.9990749781009355	1
HPCLAS_TRAIN_P_002995	1	HPCLAS_TRAIN_P_002995	0	A_clean_core	7.351977041018334	0.9993590878479007	1
HPCLAS_TRAIN_P_003021	1	HPCLAS_TRAIN_P_003021	0	A_clean_core	8.801488434749286	0.99984951376388	1
HPCLAS_TRAIN_P_003031	1	HPCLAS_TRAIN_P_003031	0	A_clean_core	7.77400283509005	0.9995796501735648	1
HPCLAS_TRAIN_P_003046	1	HPCLAS_TRAIN_P_003046	0	A_clean_core	2.5934910461761578	0.9304414978403883	1
HPCLAS_TRAIN_P_003048	1	HPCLAS_TRAIN_P_003048	0	A_clean_core	6.186330447392323	0.9979468615317585	1
HPCLAS_TRAIN_P_003052	1	HPCLAS_TRAIN_P_003052	0	A_clean_core	8.6995554506277	0.9998333678878198	1
HPCLAS_TRAIN_P_003066	1	HPCLAS_TRAIN_P_003066	0	A_clean_core	4.069296969370132	0.9831977418322092	1
HPCLAS_TRAIN_P_003077	1	HPCLAS_TRAIN_P_003077	0	A_clean_core	8.292940745689648	0.9997497852457267	1
HPCLAS_TRAIN_P_003079	1	HPCLAS_TRAIN_P_003079	0	A_clean_core	5.975719187922168	0.997466758683176	1
HPCLAS_TRAIN_P_003089	1	HPCLAS_TRAIN_P_003089	0	A_clean_core	8.802043474426302	0.9998495972539772	1
HPCLAS_TRAIN_P_003102	1	HPCLAS_TRAIN_P_003102	0	A_clean_core	7.880746530384538	0.9996221919931553	1
HPCLAS_TRAIN_P_003112	1	HPCLAS_TRAIN_P_003112	0	D_hard_sample	1.9596047936757655	0.8764901756811728	1
HPCLAS_TRAIN_P_003117	1	HPCLAS_TRAIN_P_003117	0	D_hard_sample	3.1694241242182875	0.9596673006444185	1
HPCLAS_TRAIN_P_003121	1	HPCLAS_TRAIN_P_003121	0	A_clean_core	4.0232287450311155	0.9824195116020763	1
HPCLAS_TRAIN_P_003123	1	HPCLAS_TRAIN_P_003123	0	A_clean_core	9.315408167875876	0.9999099817553794	1
HPCLAS_TRAIN_P_003128	1	HPCLAS_TRAIN_P_003128	0	A_clean_core	6.251322107580606	0.9980758061056254	1
HPCLAS_TRAIN_P_003136	1	HPCLAS_TRAIN_P_003136	0	A_clean_core	3.5745390842603495	0.9727358280217383	1
HPCLAS_TRAIN_P_003143	1	HPCLAS_TRAIN_P_003143	0	A_clean_core	8.9233990485518	0.9998667831457267	1
HPCLAS_TRAIN_P_003162	1	HPCLAS_TRAIN_P_003162	0	A_clean_core	8.117531856796477	0.9997018250240735	1
HPCLAS_TRAIN_P_003165	1	HPCLAS_TRAIN_P_003165	0	D_hard_sample	-0.28048505494862047	0.4303348623915921	0
HPCLAS_TRAIN_P_003172	1	HPCLAS_TRAIN_P_003172	0	A_clean_core	9.16650340030394	0.9998955297144759	1
HPCLAS_TRAIN_P_003206	1	HPCLAS_TRAIN_P_003206	0	A_clean_core	7.285013379733563	0.9993147308545342	1
HPCLAS_TRAIN_P_003237	1	HPCLAS_TRAIN_P_003237	0	A_clean_core	4.67411926785839	0.9907525710708369	1
HPCLAS_TRAIN_P_003238	1	HPCLAS_TRAIN_P_003238	0	A_clean_core	6.128410240755181	0.9978246983009619	1
HPCLAS_TRAIN_P_003255	1	HPCLAS_TRAIN_P_003255	0	A_clean_core	6.678725655761439	0.9987441997311634	1
HPCLAS_TRAIN_P_003256	1	HPCLAS_TRAIN_P_003256	0	A_clean_core	9.254602078098271	0.9999043387969879	1
HPCLAS_TRAIN_P_003260	1	HPCLAS_TRAIN_P_003260	0	D_hard_sample	-1.3814140626754512	0.20078199110402428	0
HPCLAS_TRAIN_P_003265	1	HPCLAS_TRAIN_P_003265	0	A_clean_core	4.347513390428752	0.9872263311011543	1
HPCLAS_TRAIN_P_003285	1	HPCLAS_TRAIN_P_003285	0	D_hard_sample	-0.6263447926143452	0.3483398062793275	0
HPCLAS_TRAIN_P_003295	1	HPCLAS_TRAIN_P_003295	0	A_clean_core	3.3836187873997425	0.9671886409616681	1
HPCLAS_TRAIN_P_003299	1	HPCLAS_TRAIN_P_003299	0	B_ambiguous	-2.485406253677605	0.07688760958817836	0
HPCLAS_TRAIN_P_003305	1	HPCLAS_TRAIN_P_003305	0	D_hard_sample	-0.3314439155592684	0.4178893377916352	0
HPCLAS_TRAIN_P_003309	1	HPCLAS_TRAIN_P_003309	0	A_clean_core	8.035159103312676	0.9996762318626685	1
HPCLAS_TRAIN_P_003311	1	HPCLAS_TRAIN_P_003311	0	A_clean_core	5.652726277893803	0.9965043225202839	1
HPCLAS_TRAIN_P_003317	1	HPCLAS_TRAIN_P_003317	0	A_clean_core	4.685855707499064	0.990859482318723	1
HPCLAS_TRAIN_P_003319	1	HPCLAS_TRAIN_P_003319	0	A_clean_core	5.756231487294154	0.9968469640748017	1
HPCLAS_TRAIN_P_003320	1	HPCLAS_TRAIN_P_003320	0	A_clean_core	3.4779309450335876	0.9700532727350216	1
HPCLAS_TRAIN_P_003348	1	HPCLAS_TRAIN_P_003348	0	A_clean_core	5.263918363952448	0.9948516551647522	1
HPCLAS_TRAIN_P_003366	1	HPCLAS_TRAIN_P_003366	0	A_clean_core	3.0820022470493025	0.9561442204514314	1
HPCLAS_TRAIN_P_003376	1	HPCLAS_TRAIN_P_003376	0	A_clean_core	2.1404211192269487	0.8947702681550884	1
HPCLAS_TRAIN_P_003379	1	HPCLAS_TRAIN_P_003379	0	A_clean_core	1.483784839977634	0.8151435779079648	1
HPCLAS_TRAIN_P_003380	1	HPCLAS_TRAIN_P_003380	0	A_clean_core	-1.8670249389208338	0.13388633734214297	0
HPCLAS_TRAIN_P_003382	1	HPCLAS_TRAIN_P_003382	0	A_clean_core	4.002836446642532	0.9820638209255522	1
HPCLAS_TRAIN_P_003383	1	HPCLAS_TRAIN_P_003383	0	A_clean_core	5.311216335470505	0.9950883243038572	1
HPCLAS_TRAIN_P_003386	1	HPCLAS_TRAIN_P_003386	0	D_hard_sample	-0.21157731083033304	0.4473021106821621	0
HPCLAS_TRAIN_P_003398	1	HPCLAS_TRAIN_P_003398	0	D_hard_sample	5.7349236489985325	0.9967792775111574	1
HPCLAS_TRAIN_P_003411	1	HPCLAS_TRAIN_P_003411	0	A_clean_core	9.363490711977764	0.9999142072889923	1
HPCLAS_TRAIN_P_003414	1	HPCLAS_TRAIN_P_003414	0	A_clean_core	4.899260251621008	0.9926030292127812	1
HPCLAS_TRAIN_P_003417	1	HPCLAS_TRAIN_P_003417	0	A_clean_core	4.586631629788186	0.9899156161535696	1
HPCLAS_TRAIN_P_003422	1	HPCLAS_TRAIN_N_003740	0	B_ambiguous	6.956303476189582	0.9990482951798959	1
HPCLAS_TRAIN_P_003424	1	HPCLAS_TRAIN_P_003424	0	A_clean_core	3.3548280264272017	0.9662625804661069	1
HPCLAS_TRAIN_P_003431	1	HPCLAS_TRAIN_P_003431	0	A_clean_core	8.755034685034413	0.9998423593272694	1
HPCLAS_TRAIN_P_003433	1	HPCLAS_TRAIN_P_003433	0	A_clean_core	7.268647407694718	0.9993034313595429	1
HPCLAS_TRAIN_P_003440	1	HPCLAS_TRAIN_P_003440	0	A_clean_core	5.146595837187169	0.9942144864618764	1
HPCLAS_TRAIN_P_003445	1	HPCLAS_TRAIN_P_003445	0	A_clean_core	9.600712029813208	0.999932324051568	1
HPCLAS_TRAIN_P_003448	1	HPCLAS_TRAIN_P_003448	0	A_clean_core	6.5357313087556035	0.9985514336348039	1
HPCLAS_TRAIN_P_003449	1	HPCLAS_TRAIN_P_003449	0	A_clean_core	2.9727912737194093	0.9513296801527135	1
HPCLAS_TRAIN_P_003467	1	HPCLAS_TRAIN_N_004816	0	B_ambiguous	-0.7688181403627469	0.31673482167067774	0
HPCLAS_TRAIN_P_003473	1	HPCLAS_TRAIN_P_003473	0	A_clean_core	6.0515814956254035	0.9976513929353071	1
HPCLAS_TRAIN_P_003476	1	HPCLAS_TRAIN_P_003476	0	A_clean_core	7.538812266367948	0.9994682537489106	1
HPCLAS_TRAIN_P_003477	1	HPCLAS_TRAIN_P_003477	0	D_hard_sample	0.4682349073355872	0.6149658976357066	1
HPCLAS_TRAIN_P_003490	1	HPCLAS_TRAIN_P_003490	0	A_clean_core	2.110254793720481	0.8918959022906219	1
HPCLAS_TRAIN_P_003492	1	HPCLAS_TRAIN_P_003492	0	A_clean_core	2.545938521638353	0.927300186628751	1
HPCLAS_TRAIN_P_003498	1	HPCLAS_TRAIN_P_003498	0	A_clean_core	4.422086087072963	0.9881333543794988	1
HPCLAS_TRAIN_P_003502	1	HPCLAS_TRAIN_P_003502	0	A_clean_core	7.889940858423448	0.9996256484691876	1
HPCLAS_TRAIN_P_003503	1	HPCLAS_TRAIN_P_003503	0	A_clean_core	5.331862816223105	0.9951882104665841	1
HPCLAS_TRAIN_P_003508	1	HPCLAS_TRAIN_P_003508	0	A_clean_core	8.772715626921192	0.9998451216390617	1
HPCLAS_TRAIN_P_003513	1	HPCLAS_TRAIN_P_003513	0	A_clean_core	8.612471740055586	0.9998182091209026	1
HPCLAS_TRAIN_P_003518	1	HPCLAS_TRAIN_P_003518	0	A_clean_core	2.9878977900715498	0.9520243850959464	1
HPCLAS_TRAIN_P_003528	1	HPCLAS_TRAIN_P_003528	0	A_clean_core	5.470801160278838	0.9958097722529949	1
HPCLAS_TRAIN_P_003532	1	HPCLAS_TRAIN_P_003532	0	A_clean_core	6.871132463922359	0.9989637731873622	1
HPCLAS_TRAIN_P_003534	1	HPCLAS_TRAIN_P_003534	0	A_clean_core	1.6224716265108223	0.8351357153071399	1
HPCLAS_TRAIN_P_003540	1	HPCLAS_TRAIN_P_003540	0	D_hard_sample	3.1507795213270384	0.9589394261254444	1
HPCLAS_TRAIN_P_003543	1	HPCLAS_TRAIN_P_003543	0	A_clean_core	9.897592846456037	0.9999497069238182	1
HPCLAS_TRAIN_P_003546	1	HPCLAS_TRAIN_P_003546	0	A_clean_core	7.002609708283934	0.9990913211261151	1
HPCLAS_TRAIN_P_003553	1	HPCLAS_TRAIN_P_003553	0	A_clean_core	5.11548727860291	0.9940327696311282	1
HPCLAS_TRAIN_P_003563	1	HPCLAS_TRAIN_P_003563	0	A_clean_core	7.404356331946235	0.9993917744306364	1
HPCLAS_TRAIN_P_003564	1	HPCLAS_TRAIN_P_003564	0	A_clean_core	5.307413834067485	0.9950697043527965	1
HPCLAS_TRAIN_P_003568	1	HPCLAS_TRAIN_P_003568	0	A_clean_core	9.06353002427272	0.9998841999812603	1
HPCLAS_TRAIN_P_003580	1	HPCLAS_TRAIN_P_003580	0	A_clean_core	9.158872226904169	0.999894729518202	1
HPCLAS_TRAIN_P_003583	1	HPCLAS_TRAIN_P_003583	0	D_hard_sample	1.5036825627737394	0.8181230751660142	1
HPCLAS_TRAIN_P_003586	1	HPCLAS_TRAIN_P_003586	0	D_hard_sample	-0.3376476279247106	0.41638100929322	0
HPCLAS_TRAIN_P_003596	1	HPCLAS_TRAIN_P_003596	0	A_clean_core	6.524742722726124	0.998535451601762	1
HPCLAS_TRAIN_P_003604	1	HPCLAS_TRAIN_P_003604	0	A_clean_core	2.2986713896845847	0.9087669442626523	1
HPCLAS_TRAIN_P_003610	1	HPCLAS_TRAIN_P_003610	0	A_clean_core	9.197783957165177	0.9998987466955126	1
HPCLAS_TRAIN_P_003611	1	HPCLAS_TRAIN_P_003611	0	A_clean_core	8.690830340221599	0.9998319078885651	1
HPCLAS_TRAIN_P_003615	1	HPCLAS_TRAIN_P_003615	0	A_clean_core	6.601476357618825	0.9986434815123327	1
HPCLAS_TRAIN_P_003618	1	HPCLAS_TRAIN_P_003618	0	A_clean_core	7.121512256319818	0.9991931069892844	1
HPCLAS_TRAIN_P_003621	1	HPCLAS_TRAIN_P_003621	0	A_clean_core	3.215570874583442	0.9614160504358998	1
HPCLAS_TRAIN_P_003630	1	HPCLAS_TRAIN_P_003630	0	D_hard_sample	1.2725207780210057	0.7811739581488474	1
HPCLAS_TRAIN_P_003633	1	HPCLAS_TRAIN_P_003633	0	A_clean_core	8.157671139303686	0.9997135531710001	1
HPCLAS_TRAIN_P_003634	1	HPCLAS_TRAIN_P_003634	0	D_hard_sample	0.5774258338546492	0.6404748758996277	1
HPCLAS_TRAIN_P_003636	1	HPCLAS_TRAIN_P_003636	0	A_clean_core	4.59975663525828	0.9900458000318629	1
HPCLAS_TRAIN_P_003638	1	HPCLAS_TRAIN_P_003638	0	A_clean_core	-1.1551404895806574	0.23955140457555033	0
HPCLAS_TRAIN_P_003646	1	HPCLAS_TRAIN_P_003646	0	A_clean_core	9.559626490060811	0.9999294858392566	1
HPCLAS_TRAIN_P_003656	1	HPCLAS_TRAIN_P_003656	0	A_clean_core	3.3497614102126527	0.966097022043443	1
HPCLAS_TRAIN_P_003657	1	HPCLAS_TRAIN_P_003657	0	D_hard_sample	-1.6119564980226628	0.16631715672102346	0
HPCLAS_TRAIN_P_003659	1	HPCLAS_TRAIN_P_003659	0	A_clean_core	9.593334562721333	0.9999318229624132	1
HPCLAS_TRAIN_P_003664	1	HPCLAS_TRAIN_P_003664	0	A_clean_core	3.5429278386274055	0.9718848250039974	1
HPCLAS_TRAIN_P_003688	1	HPCLAS_TRAIN_P_003688	0	A_clean_core	9.188106102923337	0.9998977621243912	1
HPCLAS_TRAIN_P_003693	1	HPCLAS_TRAIN_P_003693	0	A_clean_core	2.7507206885157993	0.9399540387051397	1
HPCLAS_TRAIN_P_003695	1	HPCLAS_TRAIN_P_003695	0	D_hard_sample	2.232961436261292	0.9031706561506362	1
HPCLAS_TRAIN_P_003705	1	HPCLAS_TRAIN_P_003705	0	A_clean_core	4.726386320146266	0.9912193578769494	1
HPCLAS_TRAIN_P_003710	1	HPCLAS_TRAIN_P_003710	0	A_clean_core	7.500551382533282	0.9994475259032048	1
HPCLAS_TRAIN_P_003715	1	HPCLAS_TRAIN_P_003715	0	A_clean_core	4.521604259525459	0.9892453510531382	1
HPCLAS_TRAIN_P_003717	1	HPCLAS_TRAIN_P_003717	0	A_clean_core	5.886140810502391	0.997230018494461	1
HPCLAS_TRAIN_P_003719	1	HPCLAS_TRAIN_P_003719	0	A_clean_core	8.34338650748028	0.99976209150768	1
HPCLAS_TRAIN_P_003720	1	HPCLAS_TRAIN_P_003720	0	D_hard_sample	2.077845926409059	0.8887311994416729	1
HPCLAS_TRAIN_P_003721	1	HPCLAS_TRAIN_N_004214	0	B_ambiguous	0.3538912366156422	0.5875608745324693	1
HPCLAS_TRAIN_P_003722	1	HPCLAS_TRAIN_P_003722	0	A_clean_core	5.716589977349142	0.996719880708948	1
HPCLAS_TRAIN_P_003723	1	HPCLAS_TRAIN_P_003723	0	A_clean_core	7.930524613760226	0.9996405315505036	1
HPCLAS_TRAIN_P_003740	1	HPCLAS_TRAIN_P_003740	0	A_clean_core	5.321198384326759	0.9951368717536987	1
HPCLAS_TRAIN_P_003741	1	HPCLAS_TRAIN_P_003741	0	D_hard_sample	5.23200796106292	0.9946856072478709	1
HPCLAS_TRAIN_P_003753	1	HPCLAS_TRAIN_N_001599	0	B_ambiguous	7.000012877831733	0.9990889605271992	1
HPCLAS_TRAIN_P_003755	1	HPCLAS_TRAIN_P_003755	0	A_clean_core	9.065436746713415	0.9998844205438923	1
HPCLAS_TRAIN_P_003758	1	HPCLAS_TRAIN_P_003758	0	D_hard_sample	-0.5493981882953471	0.3660040451722888	0
HPCLAS_TRAIN_P_003763	1	HPCLAS_TRAIN_P_003763	0	A_clean_core	8.48079935267667	0.9997926301707392	1
HPCLAS_TRAIN_P_003766	1	HPCLAS_TRAIN_P_003766	0	A_clean_core	6.703374097341628	0.9987747374251821	1
HPCLAS_TRAIN_P_003767	1	HPCLAS_TRAIN_P_003767	0	D_hard_sample	4.4737861463230635	0.9887245295210093	1
HPCLAS_TRAIN_P_003770	1	HPCLAS_TRAIN_P_003770	0	D_hard_sample	-0.484748303653247	0.38113151111171645	0
HPCLAS_TRAIN_P_003775	1	HPCLAS_TRAIN_P_003775	0	D_hard_sample	-1.3447360201736438	0.2067323006085482	0
HPCLAS_TRAIN_P_003793	1	HPCLAS_TRAIN_P_003793	0	D_hard_sample	2.4906328903152	0.9234825362742556	1
HPCLAS_TRAIN_P_003804	1	HPCLAS_TRAIN_P_003804	0	A_clean_core	4.219186181651346	0.9855026534314262	1
HPCLAS_TRAIN_P_003805	1	HPCLAS_TRAIN_P_003805	0	D_hard_sample	1.0491160413670613	0.7406051187376264	1
HPCLAS_TRAIN_P_003806	1	HPCLAS_TRAIN_P_003806	0	A_clean_core	7.734618010741978	0.9995627718140657	1
HPCLAS_TRAIN_P_003809	1	HPCLAS_TRAIN_P_003809	0	A_clean_core	7.129472031583882	0.9991994990614669	1
HPCLAS_TRAIN_P_003810	1	HPCLAS_TRAIN_P_003810	0	B_ambiguous	2.8362047895811595	0.9446011944849533	1
HPCLAS_TRAIN_P_003813	1	HPCLAS_TRAIN_P_003813	0	A_clean_core	8.918860582454057	0.9998661772525866	1
HPCLAS_TRAIN_P_003833	1	HPCLAS_TRAIN_P_003833	0	A_clean_core	5.867284234272761	0.9971774393830146	1
HPCLAS_TRAIN_P_003834	1	HPCLAS_TRAIN_P_003834	0	A_clean_core	0.7988992377753131	0.6897389681882728	1
HPCLAS_TRAIN_P_003836	1	HPCLAS_TRAIN_P_003836	0	A_clean_core	4.9845107243023286	0.9932033847071825	1
HPCLAS_TRAIN_P_003839	1	HPCLAS_TRAIN_P_003839	0	A_clean_core	8.855184818560593	0.9998573800914587	1
HPCLAS_TRAIN_P_003840	1	HPCLAS_TRAIN_P_003840	0	A_clean_core	9.010142811615019	0.999877850514043	1
HPCLAS_TRAIN_P_003845	1	HPCLAS_TRAIN_P_003845	0	A_clean_core	8.578943778824758	0.9998120118792475	1
HPCLAS_TRAIN_P_003859	1	HPCLAS_TRAIN_P_003859	0	A_clean_core	4.200121179147028	0.9852277320575599	1
HPCLAS_TRAIN_P_003862	1	HPCLAS_TRAIN_P_003862	0	D_hard_sample	2.6162656644364315	0.9319011020034633	1
HPCLAS_TRAIN_P_003863	1	HPCLAS_TRAIN_P_003863	0	D_hard_sample	-3.229273666420961	0.03807884290650048	0
HPCLAS_TRAIN_P_003864	1	HPCLAS_TRAIN_P_003864	0	A_clean_core	8.525482471177883	0.9998016903382053	1
HPCLAS_TRAIN_P_003865	1	HPCLAS_TRAIN_P_003865	0	A_clean_core	5.113217988870801	0.994019293959185	1
HPCLAS_TRAIN_P_003874	1	HPCLAS_TRAIN_P_003874	0	A_clean_core	4.350640292549801	0.9872657028921269	1
HPCLAS_TRAIN_P_003877	1	HPCLAS_TRAIN_P_003877	0	A_clean_core	8.43747864378896	0.9997834513264965	1
HPCLAS_TRAIN_P_003887	1	HPCLAS_TRAIN_P_003887	0	A_clean_core	4.364326739202868	0.9874366281862034	1
HPCLAS_TRAIN_P_003897	1	HPCLAS_TRAIN_N_004210	0	B_ambiguous	4.005309106916441	0.9821073236555324	1
HPCLAS_TRAIN_P_003898	1	HPCLAS_TRAIN_P_003898	0	A_clean_core	3.63046826081498	0.974180542167823	1
HPCLAS_TRAIN_P_003899	1	HPCLAS_TRAIN_P_003899	0	A_clean_core	4.197471983680922	0.9851891259353058	1
HPCLAS_TRAIN_P_003900	1	HPCLAS_TRAIN_P_003900	0	A_clean_core	7.622936291842963	0.9995111355356081	1
HPCLAS_TRAIN_P_003902	1	HPCLAS_TRAIN_P_003902	0	A_clean_core	2.456046866552362	0.9210025234463852	1
HPCLAS_TRAIN_P_003939	1	HPCLAS_TRAIN_P_003939	0	A_clean_core	6.375989853883964	0.9983009573634646	1
HPCLAS_TRAIN_P_003946	1	HPCLAS_TRAIN_N_002854	0	B_ambiguous	5.65115499633262	0.9964988447550602	1
HPCLAS_TRAIN_P_003954	1	HPCLAS_TRAIN_P_003954	0	A_clean_core	2.0404472591290737	0.8849788028918599	1
HPCLAS_TRAIN_P_003960	1	HPCLAS_TRAIN_P_003960	0	A_clean_core	2.132882845553525	0.8940583760381989	1
HPCLAS_TRAIN_P_003962	1	HPCLAS_TRAIN_P_003962	0	A_clean_core	4.6350995803174575	0.9903881438654729	1
HPCLAS_TRAIN_P_003966	1	HPCLAS_TRAIN_P_003966	0	D_hard_sample	-0.7166880998320374	0.32812270241102626	0
HPCLAS_TRAIN_P_003967	1	HPCLAS_TRAIN_P_003967	0	A_clean_core	5.190771954824221	0.9944631205858611	1
HPCLAS_TRAIN_P_003972	1	HPCLAS_TRAIN_P_003972	0	A_clean_core	8.432609196685743	0.9997823945126834	1
HPCLAS_TRAIN_P_003981	1	HPCLAS_TRAIN_P_003981	0	A_clean_core	4.3082296530959505	0.9867213428715303	1
HPCLAS_TRAIN_P_003982	1	HPCLAS_TRAIN_P_003982	0	A_clean_core	-0.6014675153203776	0.354008021207487	0
HPCLAS_TRAIN_P_003985	1	HPCLAS_TRAIN_P_003985	0	A_clean_core	2.6198347785069007	0.9321272542603282	1
HPCLAS_TRAIN_P_003986	1	HPCLAS_TRAIN_P_003986	0	A_clean_core	3.6801594810049214	0.9754013983965414	1
HPCLAS_TRAIN_P_003992	1	HPCLAS_TRAIN_P_003992	0	A_clean_core	7.177254069279596	0.999236820684069	1
HPCLAS_TRAIN_P_003995	1	HPCLAS_TRAIN_P_003995	0	A_clean_core	7.067310032976234	0.9991482028898088	1
HPCLAS_TRAIN_P_003996	1	HPCLAS_TRAIN_P_003996	0	A_clean_core	8.563960168939595	0.9998091744718715	1
HPCLAS_TRAIN_P_004001	1	HPCLAS_TRAIN_P_004001	0	A_clean_core	5.947337697749936	0.9973940215707428	1
HPCLAS_TRAIN_P_004013	1	HPCLAS_TRAIN_P_004013	0	A_clean_core	3.6011108750090064	0.9734317514058571	1
HPCLAS_TRAIN_P_004023	1	HPCLAS_TRAIN_P_004023	0	A_clean_core	8.685961502975694	0.9998310876184118	1
HPCLAS_TRAIN_P_004024	1	HPCLAS_TRAIN_P_004024	0	A_clean_core	3.984234867231732	0.9817332088006568	1
HPCLAS_TRAIN_P_004026	1	HPCLAS_TRAIN_P_004026	0	A_clean_core	0.42982579226213297	0.6058320684653692	1
HPCLAS_TRAIN_P_004028	1	HPCLAS_TRAIN_P_004028	0	A_clean_core	8.564770598532341	0.9998093290304014	1
HPCLAS_TRAIN_P_004030	1	HPCLAS_TRAIN_P_004030	0	D_hard_sample	0.8604254985324277	0.7027495455160071	1
HPCLAS_TRAIN_P_004041	1	HPCLAS_TRAIN_P_004041	0	A_clean_core	3.4377609427735285	0.9688640421611538	1
HPCLAS_TRAIN_P_004045	1	HPCLAS_TRAIN_P_004045	0	A_clean_core	3.395513687256224	0.9675640323803797	1
HPCLAS_TRAIN_P_004046	1	HPCLAS_TRAIN_P_004046	0	A_clean_core	6.8458042790923574	0.9989372204902401	1
HPCLAS_TRAIN_P_004053	1	HPCLAS_TRAIN_P_004053	0	D_hard_sample	1.5394847883204423	0.8233898161224088	1
HPCLAS_TRAIN_P_004060	1	HPCLAS_TRAIN_P_004060	0	A_clean_core	3.352268382602021	0.9661790384506632	1
HPCLAS_TRAIN_P_004065	1	HPCLAS_TRAIN_P_004065	0	A_clean_core	2.4651988165917964	0.9216658303862391	1
HPCLAS_TRAIN_P_004071	1	HPCLAS_TRAIN_P_004071	0	A_clean_core	8.036818408915408	0.9996767684739788	1
HPCLAS_TRAIN_P_004072	1	HPCLAS_TRAIN_P_004072	0	A_clean_core	8.405774480562146	0.9997764773994845	1
HPCLAS_TRAIN_P_004077	1	HPCLAS_TRAIN_P_004077	0	A_clean_core	3.971063963120888	0.9814955087174843	1
HPCLAS_TRAIN_P_004095	1	HPCLAS_TRAIN_P_004095	0	D_hard_sample	-1.025848582102305	0.26388973432752005	0
HPCLAS_TRAIN_P_004098	1	HPCLAS_TRAIN_P_004098	0	D_hard_sample	3.3521725114789174	0.9661759055199745	1
HPCLAS_TRAIN_P_004106	1	HPCLAS_TRAIN_P_004106	0	A_clean_core	7.267487653191417	0.9993026236059926	1
HPCLAS_TRAIN_P_004111	1	HPCLAS_TRAIN_P_004111	0	A_clean_core	4.195013144030001	0.9851532049110859	1
HPCLAS_TRAIN_P_004118	1	HPCLAS_TRAIN_P_004118	0	A_clean_core	3.849336772884673	0.9791501198938232	1
HPCLAS_TRAIN_P_004121	1	HPCLAS_TRAIN_P_004121	0	A_clean_core	8.303890688035299	0.9997525094625479	1
HPCLAS_TRAIN_P_004126	1	HPCLAS_TRAIN_P_004126	0	A_clean_core	7.558502382330198	0.9994786160827263	1
HPCLAS_TRAIN_P_004128	1	HPCLAS_TRAIN_P_004128	0	D_hard_sample	0.8836322769116376	0.7075743522559473	1
HPCLAS_TRAIN_P_004133	1	HPCLAS_TRAIN_P_004133	0	A_clean_core	8.278837495522792	0.9997462323048409	1
HPCLAS_TRAIN_P_004135	1	HPCLAS_TRAIN_P_004135	0	A_clean_core	7.32831843693402	0.9993437540387209	1
HPCLAS_TRAIN_P_004147	1	HPCLAS_TRAIN_P_004147	0	A_clean_core	3.2115304480201483	0.961265890147503	1
HPCLAS_TRAIN_P_004151	1	HPCLAS_TRAIN_P_004151	0	A_clean_core	1.9126274022388572	0.8713140351809106	1
HPCLAS_TRAIN_P_004160	1	HPCLAS_TRAIN_P_004160	0	A_clean_core	4.810357920055642	0.9919208602035827	1
HPCLAS_TRAIN_P_004166	1	HPCLAS_TRAIN_P_004166	0	B_ambiguous	2.611806650572904	0.9316175810212599	1
HPCLAS_TRAIN_P_004170	1	HPCLAS_TRAIN_P_004170	0	A_clean_core	5.33564447325402	0.9952062855768244	1
HPCLAS_TRAIN_P_004188	1	HPCLAS_TRAIN_P_004188	0	A_clean_core	1.7402863903823456	0.850723438716115	1
HPCLAS_TRAIN_P_004192	1	HPCLAS_TRAIN_P_004192	0	A_clean_core	6.9611894399834835	0.9990529294406814	1
HPCLAS_TRAIN_P_004194	1	HPCLAS_TRAIN_P_004194	0	A_clean_core	8.021548976582153	0.9996717966702215	1
HPCLAS_TRAIN_P_004195	1	HPCLAS_TRAIN_P_004195	0	A_clean_core	1.6262157409965554	0.8356505735233176	1
HPCLAS_TRAIN_P_004196	1	HPCLAS_TRAIN_P_004196	0	A_clean_core	6.606814206595805	0.9986506933679505	1
HPCLAS_TRAIN_P_004206	1	HPCLAS_TRAIN_P_004206	0	A_clean_core	5.208331661222252	0.9945589735160095	1
HPCLAS_TRAIN_P_004210	1	HPCLAS_TRAIN_P_004210	0	A_clean_core	4.2995451120105015	0.986607072814385	1
HPCLAS_TRAIN_P_004220	1	HPCLAS_TRAIN_P_004220	0	A_clean_core	8.163158814294285	0.9997151203462826	1
HPCLAS_TRAIN_P_004227	1	HPCLAS_TRAIN_P_004227	0	A_clean_core	8.551468476715149	0.999806776250966	1
HPCLAS_TRAIN_P_004233	1	HPCLAS_TRAIN_P_004233	0	B_ambiguous	3.4258215325590813	0.9685018485812159	1
HPCLAS_TRAIN_P_004235	1	HPCLAS_TRAIN_P_004235	0	A_clean_core	9.527788910122426	0.9999272048850892	1
HPCLAS_TRAIN_P_004246	1	HPCLAS_TRAIN_P_004246	0	A_clean_core	7.375333630673592	0.999373874640507	1
HPCLAS_TRAIN_P_004254	1	HPCLAS_TRAIN_P_004254	0	D_hard_sample	-1.172450108067481	0.2364124012923065	0
HPCLAS_TRAIN_P_004260	1	HPCLAS_TRAIN_P_004260	0	A_clean_core	1.8861871410674882	0.8683201792491515	1
HPCLAS_TRAIN_P_004261	1	HPCLAS_TRAIN_P_004261	0	A_clean_core	8.67397687077792	0.9998290514346198	1
HPCLAS_TRAIN_P_004265	1	HPCLAS_TRAIN_P_004265	0	A_clean_core	8.823623046629146	0.9998528076392101	1
HPCLAS_TRAIN_P_004271	1	HPCLAS_TRAIN_P_004271	0	A_clean_core	2.223013436585628	0.9022971734268007	1
HPCLAS_TRAIN_P_004272	1	HPCLAS_TRAIN_P_004272	0	A_clean_core	7.710946082406912	0.9995523029937339	1
HPCLAS_TRAIN_P_004274	1	HPCLAS_TRAIN_P_004274	0	D_hard_sample	0.5128306599690409	0.6254698124538237	1
HPCLAS_TRAIN_P_004275	1	HPCLAS_TRAIN_P_004275	0	A_clean_core	4.452116492441627	0.9884803727908879	1
HPCLAS_TRAIN_P_004283	1	HPCLAS_TRAIN_P_004283	0	A_clean_core	9.07084686257306	0.9998850440820313	1
HPCLAS_TRAIN_P_004285	1	HPCLAS_TRAIN_P_004285	0	A_clean_core	1.01314523012136	0.733635224540616	1
HPCLAS_TRAIN_P_004290	1	HPCLAS_TRAIN_P_004290	0	D_hard_sample	-0.14193506517809118	0.46457568397906734	0
HPCLAS_TRAIN_P_004291	1	HPCLAS_TRAIN_P_004291	0	A_clean_core	2.638053976904739	0.9332708753473832	1
HPCLAS_TRAIN_P_004294	1	HPCLAS_TRAIN_P_004294	0	A_clean_core	2.088097350676496	0.8897409102549777	1
HPCLAS_TRAIN_P_004303	1	HPCLAS_TRAIN_P_004303	0	D_hard_sample	1.417146157107211	0.8048906339891368	1
HPCLAS_TRAIN_P_004305	1	HPCLAS_TRAIN_P_004305	0	A_clean_core	7.222880109524836	0.9992708342905859	1
HPCLAS_TRAIN_P_004306	1	HPCLAS_TRAIN_P_004306	0	A_clean_core	4.341694508185574	0.9871527436522782	1
HPCLAS_TRAIN_P_004311	1	HPCLAS_TRAIN_P_004311	0	D_hard_sample	2.5649769299002503	0.9285732573340189	1
HPCLAS_TRAIN_P_004312	1	HPCLAS_TRAIN_P_004312	0	A_clean_core	8.373360022852319	0.9997691150294561	1
HPCLAS_TRAIN_P_004316	1	HPCLAS_TRAIN_P_004316	0	A_clean_core	7.356375192424065	0.9993618986920948	1
HPCLAS_TRAIN_P_004318	1	HPCLAS_TRAIN_P_004318	0	A_clean_core	2.0700258268229343	0.8879555309924368	1
HPCLAS_TRAIN_P_004323	1	HPCLAS_TRAIN_P_004323	0	A_clean_core	7.489346922926144	0.9994413043987154	1
HPCLAS_TRAIN_P_004328	1	HPCLAS_TRAIN_P_004328	0	A_clean_core	6.774320872824966	0.9988585580719924	1
HPCLAS_TRAIN_P_004330	1	HPCLAS_TRAIN_P_004330	0	A_clean_core	9.401614754541768	0.9999174162263562	1
HPCLAS_TRAIN_P_004335	1	HPCLAS_TRAIN_P_004335	0	D_hard_sample	-0.19739498377740086	0.4508108707258384	0
HPCLAS_TRAIN_P_004339	1	HPCLAS_TRAIN_P_004339	0	D_hard_sample	-2.606100574187272	0.06874682828007322	0
HPCLAS_TRAIN_P_004342	1	HPCLAS_TRAIN_P_004342	0	A_clean_core	3.065619348753961	0.9554520885891993	1
HPCLAS_TRAIN_P_004346	1	HPCLAS_TRAIN_P_004346	0	A_clean_core	4.133943567856164	0.9842330009073822	1
HPCLAS_TRAIN_P_004357	1	HPCLAS_TRAIN_P_004357	0	A_clean_core	9.645740268923124	0.9999353035979291	1
HPCLAS_TRAIN_P_004358	1	HPCLAS_TRAIN_P_004358	0	A_clean_core	7.553970057417362	0.9994762488786586	1
HPCLAS_TRAIN_P_004365	1	HPCLAS_TRAIN_P_004365	0	A_clean_core	2.083232770061927	0.8892627794985667	1
HPCLAS_TRAIN_P_004372	1	HPCLAS_TRAIN_P_004372	0	A_clean_core	7.022777063350571	0.9991094470651731	1
HPCLAS_TRAIN_P_004373	1	HPCLAS_TRAIN_P_004373	0	B_ambiguous	1.3504491273898627	0.7942030453310313	1
HPCLAS_TRAIN_P_004380	1	HPCLAS_TRAIN_P_004380	0	A_clean_core	2.85553215656285	0.9456039434988263	1
HPCLAS_TRAIN_P_004388	1	HPCLAS_TRAIN_P_004388	0	A_clean_core	8.67697269752264	0.9998295627133836	1
HPCLAS_TRAIN_P_004399	1	HPCLAS_TRAIN_P_004399	0	A_clean_core	8.776558361031578	0.9998457155617246	1
HPCLAS_TRAIN_P_004412	1	HPCLAS_TRAIN_P_004412	0	A_clean_core	0.2777632874274216	0.5689977789682712	1
HPCLAS_TRAIN_P_004431	1	HPCLAS_TRAIN_P_004431	0	A_clean_core	8.975348090057972	0.9998735260970613	1
HPCLAS_TRAIN_P_004438	1	HPCLAS_TRAIN_P_004438	0	D_hard_sample	-3.445184733621021	0.03091278580893618	0
HPCLAS_TRAIN_P_004443	1	HPCLAS_TRAIN_P_004443	0	A_clean_core	4.103999283963458	0.983761512145228	1
HPCLAS_TRAIN_P_004446	1	HPCLAS_TRAIN_P_004446	0	A_clean_core	8.680423097564836	0.9998301496771075	1
HPCLAS_TRAIN_P_004447	1	HPCLAS_TRAIN_P_004447	0	D_hard_sample	0.2766159598204465	0.5687163868966226	1
HPCLAS_TRAIN_P_004451	1	HPCLAS_TRAIN_P_004451	0	A_clean_core	8.089435838936565	0.9996933313026037	1
HPCLAS_TRAIN_P_004456	1	HPCLAS_TRAIN_P_004456	0	D_hard_sample	0.04445896508868932	0.5111129108512312	1
HPCLAS_TRAIN_P_004462	1	HPCLAS_TRAIN_P_004462	0	A_clean_core	0.381540968288896	0.5942447119192817	1
HPCLAS_TRAIN_P_004470	1	HPCLAS_TRAIN_P_004470	0	A_clean_core	3.389452770986908	0.9673732773476711	1
HPCLAS_TRAIN_P_004475	1	HPCLAS_TRAIN_N_000931	0	B_ambiguous	-0.0912178865715771	0.4772113276470953	0
HPCLAS_TRAIN_P_004477	1	HPCLAS_TRAIN_P_004477	0	A_clean_core	9.023990423092252	0.9998795301327014	1
HPCLAS_TRAIN_P_004480	1	HPCLAS_TRAIN_P_004480	0	A_clean_core	2.346354065052689	0.9126439926039018	1
HPCLAS_TRAIN_P_004505	1	HPCLAS_TRAIN_P_004505	0	A_clean_core	8.817610405229733	0.9998519200897966	1
HPCLAS_TRAIN_P_004508	1	HPCLAS_TRAIN_P_004508	0	A_clean_core	7.8824965255497785	0.9996228523280248	1
HPCLAS_TRAIN_P_004519	1	HPCLAS_TRAIN_P_004519	0	D_hard_sample	1.0343443643237569	0.7377572741625538	1
HPCLAS_TRAIN_P_004521	1	HPCLAS_TRAIN_P_004521	0	A_clean_core	7.393310691438834	0.9993850231034884	1
HPCLAS_TRAIN_P_004524	1	HPCLAS_TRAIN_P_004524	0	A_clean_core	8.524266341126646	0.9998014490690733	1
HPCLAS_TRAIN_P_004536	1	HPCLAS_TRAIN_N_003610	0	B_ambiguous	4.882588913488708	0.9924796133104938	1
HPCLAS_TRAIN_P_004538	1	HPCLAS_TRAIN_P_004538	0	A_clean_core	3.846095670718012	0.9790838494077074	1
HPCLAS_TRAIN_P_004542	1	HPCLAS_TRAIN_P_004542	0	A_clean_core	5.178663502487016	0.9943960479982271	1
HPCLAS_TRAIN_P_004543	1	HPCLAS_TRAIN_P_004543	0	A_clean_core	4.410989938524452	0.9880025356218594	1
HPCLAS_TRAIN_P_004545	1	HPCLAS_TRAIN_P_006015	0	A_clean_core	8.614090009217637	0.9998185030162171	1
HPCLAS_TRAIN_P_004546	1	HPCLAS_TRAIN_P_004546	0	A_clean_core	6.777333036071602	0.998861987201548	1
HPCLAS_TRAIN_P_004553	1	HPCLAS_TRAIN_P_004553	0	A_clean_core	7.290030755624152	0.9993181581578539	1
HPCLAS_TRAIN_P_004555	1	HPCLAS_TRAIN_P_004555	0	A_clean_core	3.442576314252989	0.969008977604175	1
HPCLAS_TRAIN_P_004556	1	HPCLAS_TRAIN_P_004556	0	A_clean_core	7.570406261945675	0.9994847826008565	1
HPCLAS_TRAIN_P_004563	1	HPCLAS_TRAIN_P_004563	0	A_clean_core	7.834058252433618	0.9996041416802458	1
HPCLAS_TRAIN_P_004572	1	HPCLAS_TRAIN_P_004572	0	A_clean_core	9.093601946616621	0.9998876300857159	1
HPCLAS_TRAIN_P_004573	1	HPCLAS_TRAIN_P_004573	0	A_clean_core	6.677925073012114	0.9987431952206446	1
HPCLAS_TRAIN_P_004583	1	HPCLAS_TRAIN_P_004583	0	A_clean_core	6.031646756029547	0.9976042175809394	1
HPCLAS_TRAIN_P_004585	1	HPCLAS_TRAIN_P_004585	0	A_clean_core	7.83950686609737	0.9996062918470812	1
HPCLAS_TRAIN_P_004586	1	HPCLAS_TRAIN_P_004586	0	A_clean_core	6.26715096591738	0.9981059668751141	1
HPCLAS_TRAIN_P_004590	1	HPCLAS_TRAIN_P_004590	0	A_clean_core	0.7818436008047523	0.6860773160387201	1
HPCLAS_TRAIN_P_004593	1	HPCLAS_TRAIN_P_004593	0	A_clean_core	8.423677793960396	0.9997804427139797	1
HPCLAS_TRAIN_P_004595	1	HPCLAS_TRAIN_P_004595	0	D_hard_sample	-2.471463972434015	0.07788303163952834	0
HPCLAS_TRAIN_P_004600	1	HPCLAS_TRAIN_P_004600	0	A_clean_core	6.664927691377278	0.9987267743647469	1
HPCLAS_TRAIN_P_004604	1	HPCLAS_TRAIN_P_004604	0	A_clean_core	5.539946938954023	0.9960886237493085	1
HPCLAS_TRAIN_P_004612	1	HPCLAS_TRAIN_P_004612	0	A_clean_core	1.7666731591027998	0.85404345786119	1
HPCLAS_TRAIN_P_004615	1	HPCLAS_TRAIN_P_004615	0	A_clean_core	9.923266021267068	0.9999509816108194	1
HPCLAS_TRAIN_P_004618	1	HPCLAS_TRAIN_P_004618	0	A_clean_core	3.042166825379264	0.9544431387191288	1
HPCLAS_TRAIN_P_004626	1	HPCLAS_TRAIN_P_004626	0	A_clean_core	7.414388785898908	0.9993978422627732	1
HPCLAS_TRAIN_P_004635	1	HPCLAS_TRAIN_P_004635	0	A_clean_core	5.7880708338109805	0.9969454715045151	1
HPCLAS_TRAIN_P_004641	1	HPCLAS_TRAIN_P_004641	0	D_hard_sample	-0.9408118379397835	0.28073638427567643	0
HPCLAS_TRAIN_P_004653	1	HPCLAS_TRAIN_P_004653	0	D_hard_sample	7.2468205205889715	0.9992880712365515	1
HPCLAS_TRAIN_P_004657	1	HPCLAS_TRAIN_P_004657	0	D_hard_sample	-0.32022705052925765	0.4206204148941956	0
HPCLAS_TRAIN_P_004669	1	HPCLAS_TRAIN_P_004669	0	A_clean_core	5.108412478822276	0.9939906575756646	1
HPCLAS_TRAIN_P_004673	1	HPCLAS_TRAIN_P_004673	0	A_clean_core	6.369685920746482	0.9982902312521995	1
HPCLAS_TRAIN_P_004686	1	HPCLAS_TRAIN_P_004686	0	A_clean_core	7.898221803267863	0.9996287345073582	1
HPCLAS_TRAIN_P_004692	1	HPCLAS_TRAIN_P_004692	0	A_clean_core	3.5634055135976026	0.9724389971849282	1
HPCLAS_TRAIN_P_004695	1	HPCLAS_TRAIN_P_004695	0	A_clean_core	6.1038918083121905	0.9977708244539664	1
HPCLAS_TRAIN_P_004696	1	HPCLAS_TRAIN_P_004696	0	A_clean_core	10.328361179205498	0.9999673084483017	1
HPCLAS_TRAIN_P_004715	1	HPCLAS_TRAIN_P_004715	0	A_clean_core	3.676899771817435	0.9753230652089894	1
HPCLAS_TRAIN_P_004717	1	HPCLAS_TRAIN_P_004717	0	A_clean_core	3.838686335288227	0.9789315762816005	1
HPCLAS_TRAIN_P_004723	1	HPCLAS_TRAIN_P_004723	0	A_clean_core	3.0378962737591677	0.9542570882224239	1
HPCLAS_TRAIN_P_004726	1	HPCLAS_TRAIN_P_004726	0	A_clean_core	4.160057524761621	0.9846331648486433	1
HPCLAS_TRAIN_P_004739	1	HPCLAS_TRAIN_P_004739	0	D_hard_sample	0.8592971560227933	0.7025137891817058	1
HPCLAS_TRAIN_P_004745	1	HPCLAS_TRAIN_P_004745	0	A_clean_core	5.6713517420472535	0.9965686071982622	1
HPCLAS_TRAIN_P_004750	1	HPCLAS_TRAIN_P_004750	0	A_clean_core	8.875485370161728	0.9998602457638666	1
HPCLAS_TRAIN_P_004751	1	HPCLAS_TRAIN_P_004751	0	A_clean_core	9.710265863528317	0.999939346093814	1
HPCLAS_TRAIN_P_004756	1	HPCLAS_TRAIN_P_004756	0	A_clean_core	1.6997997793635915	0.8455085831415134	1
HPCLAS_TRAIN_P_004766	1	HPCLAS_TRAIN_P_004766	0	A_clean_core	7.864826527092696	0.9996161314836333	1
HPCLAS_TRAIN_P_004779	1	HPCLAS_TRAIN_P_004779	0	A_clean_core	4.997163660086797	0.9932882665196712	1
HPCLAS_TRAIN_P_004785	1	HPCLAS_TRAIN_P_004785	0	A_clean_core	4.501733428559206	0.9890318772445972	1
HPCLAS_TRAIN_P_004789	1	HPCLAS_TRAIN_P_004789	0	A_clean_core	7.97979746310925	0.9996578083895374	1
HPCLAS_TRAIN_P_004793	1	HPCLAS_TRAIN_P_004793	0	A_clean_core	8.5232371337828	0.9998012446544382	1
HPCLAS_TRAIN_P_004797	1	HPCLAS_TRAIN_P_004797	0	A_clean_core	4.781215478090976	0.9916839368284104	1
HPCLAS_TRAIN_P_004803	1	HPCLAS_TRAIN_P_004803	0	A_clean_core	6.5399662781909775	0.9985575464671956	1
HPCLAS_TRAIN_P_004805	1	HPCLAS_TRAIN_P_004805	0	A_clean_core	4.016581511693346	0.9823043355603969	1
HPCLAS_TRAIN_P_004812	1	HPCLAS_TRAIN_P_004812	0	A_clean_core	6.709858719483485	0.998782647443237	1
HPCLAS_TRAIN_P_004823	1	HPCLAS_TRAIN_P_004823	0	A_clean_core	9.105118909337321	0.9998889166790254	1
HPCLAS_TRAIN_P_004829	1	HPCLAS_TRAIN_P_004829	0	D_hard_sample	-1.265790025870967	0.21997878195884218	0
HPCLAS_TRAIN_P_004843	1	HPCLAS_TRAIN_P_004843	0	D_hard_sample	2.026168170341093	0.8835173063484585	1
HPCLAS_TRAIN_P_004869	1	HPCLAS_TRAIN_P_004869	0	A_clean_core	6.6172240412281385	0.9986646479121608	1
HPCLAS_TRAIN_P_004876	1	HPCLAS_TRAIN_P_004876	0	A_clean_core	8.141018537713382	0.9997087445484782	1
HPCLAS_TRAIN_P_004877	1	HPCLAS_TRAIN_P_004877	0	B_ambiguous	0.7593605725914856	0.6812148910821368	1
HPCLAS_TRAIN_P_004896	1	HPCLAS_TRAIN_P_004896	0	A_clean_core	7.741747181667342	0.9995658764554324	1
HPCLAS_TRAIN_P_004900	1	HPCLAS_TRAIN_P_004900	0	A_clean_core	9.350415840101412	0.9999130782931361	1
HPCLAS_TRAIN_P_004903	1	HPCLAS_TRAIN_P_004903	0	A_clean_core	9.558516402673419	0.9999294075244417	1
HPCLAS_TRAIN_P_004908	1	HPCLAS_TRAIN_P_004908	0	A_clean_core	6.578752961043672	0.9986123471795527	1
HPCLAS_TRAIN_P_004918	1	HPCLAS_TRAIN_P_004918	0	A_clean_core	5.424217651522739	0.9956108358835425	1
HPCLAS_TRAIN_P_004921	1	HPCLAS_TRAIN_P_004921	0	D_hard_sample	-1.1224139287586035	0.24556379912751905	0
HPCLAS_TRAIN_P_004925	1	HPCLAS_TRAIN_P_004925	0	A_clean_core	6.970736878113523	0.9990619200690132	1
HPCLAS_TRAIN_P_004930	1	HPCLAS_TRAIN_P_004930	0	A_clean_core	3.562703642832592	0.972420179831166	1
HPCLAS_TRAIN_P_004932	1	HPCLAS_TRAIN_P_004932	0	A_clean_core	7.460161649079405	0.999424767957634	1
HPCLAS_TRAIN_P_004945	1	HPCLAS_TRAIN_P_004945	0	A_clean_core	6.80740631966558	0.9988956642606535	1
HPCLAS_TRAIN_P_004947	1	HPCLAS_TRAIN_P_004947	0	A_clean_core	8.6758511472627	0.9998293714848008	1
HPCLAS_TRAIN_P_004949	1	HPCLAS_TRAIN_P_004949	0	D_hard_sample	2.6433291836796435	0.933598646052632	1
HPCLAS_TRAIN_P_004971	1	HPCLAS_TRAIN_P_004971	0	A_clean_core	6.6641197144843956	0.9987257465235456	1
HPCLAS_TRAIN_P_004976	1	HPCLAS_TRAIN_P_004976	0	A_clean_core	7.525243181273434	0.9994609931796421	1
HPCLAS_TRAIN_P_004981	1	HPCLAS_TRAIN_P_004981	0	A_clean_core	2.3024845666965525	0.9090826007907716	1
HPCLAS_TRAIN_P_004984	1	HPCLAS_TRAIN_P_004984	0	A_clean_core	6.5403586132448	0.9985581114654375	1
HPCLAS_TRAIN_P_004986	1	HPCLAS_TRAIN_P_004986	0	B_ambiguous	1.1096559979536282	0.752064973262363	1
HPCLAS_TRAIN_P_004991	1	HPCLAS_TRAIN_P_004991	0	A_clean_core	0.4069463318953811	0.6003554409951791	1
HPCLAS_TRAIN_P_004992	1	HPCLAS_TRAIN_P_004992	0	D_hard_sample	-0.20259563624511998	0.44952362315317335	0
HPCLAS_TRAIN_P_005009	1	HPCLAS_TRAIN_P_005009	0	A_clean_core	7.180577232562625	0.9992393507182281	1
HPCLAS_TRAIN_P_005011	1	HPCLAS_TRAIN_P_005011	0	A_clean_core	7.270831814220023	0.9993049502315255	1
HPCLAS_TRAIN_P_005026	1	HPCLAS_TRAIN_P_005026	0	A_clean_core	2.844140122116462	0.9450149866196512	1
HPCLAS_TRAIN_P_005034	1	HPCLAS_TRAIN_P_005034	0	A_clean_core	4.325464730808061	0.9869452785549087	1
HPCLAS_TRAIN_P_005037	1	HPCLAS_TRAIN_P_005037	0	A_clean_core	7.556055434919704	0.9994773393891458	1
HPCLAS_TRAIN_P_005038	1	HPCLAS_TRAIN_P_005038	0	A_clean_core	8.017570280842929	0.9996704886789906	1
HPCLAS_TRAIN_P_005045	1	HPCLAS_TRAIN_P_005045	0	A_clean_core	7.485461163449719	0.9994391304386042	1
HPCLAS_TRAIN_P_005046	1	HPCLAS_TRAIN_P_005046	0	A_clean_core	8.069280668899758	0.9996870895868245	1
HPCLAS_TRAIN_P_005047	1	HPCLAS_TRAIN_P_005047	0	A_clean_core	5.120892832530504	0.9940647478602033	1
HPCLAS_TRAIN_P_005049	1	HPCLAS_TRAIN_N_000579	0	B_ambiguous	0.8132107173443215	0.6927932663674358	1
HPCLAS_TRAIN_P_005058	1	HPCLAS_TRAIN_P_005058	0	A_clean_core	7.467120000995502	0.999428754452311	1
HPCLAS_TRAIN_P_005067	1	HPCLAS_TRAIN_P_005067	0	A_clean_core	7.795988556151314	0.9995887872565676	1
HPCLAS_TRAIN_P_005068	1	HPCLAS_TRAIN_P_005068	0	A_clean_core	7.398461381883658	0.9993881805825618	1
HPCLAS_TRAIN_P_005073	1	HPCLAS_TRAIN_P_005073	0	D_hard_sample	1.3848313619765773	0.799765817396155	1
HPCLAS_TRAIN_P_005079	1	HPCLAS_TRAIN_P_005079	0	A_clean_core	8.743305452777568	0.9998404997336389	1
HPCLAS_TRAIN_P_005085	1	HPCLAS_TRAIN_P_005085	0	B_ambiguous	6.494530117681329	0.998490596382692	1
HPCLAS_TRAIN_P_005090	1	HPCLAS_TRAIN_P_005090	0	B_ambiguous	0.2712413553206454	0.5673976304683648	1
HPCLAS_TRAIN_P_005091	1	HPCLAS_TRAIN_P_005091	0	A_clean_core	8.121744699205903	0.9997030781737604	1
HPCLAS_TRAIN_P_005094	1	HPCLAS_TRAIN_P_005094	0	A_clean_core	1.8059805306411716	0.8588753829900468	1
HPCLAS_TRAIN_P_005097	1	HPCLAS_TRAIN_P_005097	0	A_clean_core	3.481522687744356	0.9701574366033463	1
HPCLAS_TRAIN_P_005099	1	HPCLAS_TRAIN_P_005099	0	A_clean_core	7.925631568067482	0.9996387689816744	1
HPCLAS_TRAIN_P_005102	1	HPCLAS_TRAIN_P_005102	0	A_clean_core	5.751289463242722	0.9968313926243176	1
HPCLAS_TRAIN_P_005126	1	HPCLAS_TRAIN_P_005126	0	A_clean_core	5.734535583529268	0.9967780314451927	1
HPCLAS_TRAIN_P_005134	1	HPCLAS_TRAIN_P_005134	0	A_clean_core	8.069860108844946	0.9996872707904121	1
HPCLAS_TRAIN_P_005139	1	HPCLAS_TRAIN_P_005139	0	A_clean_core	7.335271168958473	0.999348297952896	1
HPCLAS_TRAIN_P_005141	1	HPCLAS_TRAIN_P_005141	0	A_clean_core	9.113341477611835	0.9998898262240618	1
HPCLAS_TRAIN_P_005144	1	HPCLAS_TRAIN_P_005144	0	A_clean_core	8.321520436236417	0.999756833370724	1
HPCLAS_TRAIN_P_005149	1	HPCLAS_TRAIN_P_005149	0	D_hard_sample	0.14728596349446627	0.5367550704309244	1
HPCLAS_TRAIN_P_005155	1	HPCLAS_TRAIN_P_005155	0	A_clean_core	7.437699696664929	0.9994117086038707	1
HPCLAS_TRAIN_P_005168	1	HPCLAS_TRAIN_P_005168	0	A_clean_core	8.060117260131147	0.9996842099929751	1
HPCLAS_TRAIN_P_005171	1	HPCLAS_TRAIN_P_005171	0	A_clean_core	8.900728903226993	0.9998637290239335	1
HPCLAS_TRAIN_P_005188	1	HPCLAS_TRAIN_P_005188	0	A_clean_core	6.10820307147956	0.9977803930435455	1
HPCLAS_TRAIN_P_005192	1	HPCLAS_TRAIN_P_005192	0	A_clean_core	4.134630789250834	0.9842436619362988	1
HPCLAS_TRAIN_P_005196	1	HPCLAS_TRAIN_P_005196	0	A_clean_core	6.178673207525245	0.997931112463536	1
HPCLAS_TRAIN_P_005198	1	HPCLAS_TRAIN_P_004585	0	A_clean_core	7.29492264917697	0.9993214832527385	1
HPCLAS_TRAIN_P_005200	1	HPCLAS_TRAIN_P_005200	0	A_clean_core	8.324820323088584	0.9997576342764313	1
HPCLAS_TRAIN_P_005213	1	HPCLAS_TRAIN_P_005213	0	A_clean_core	9.880052653312081	0.9999488170371221	1
HPCLAS_TRAIN_P_005215	1	HPCLAS_TRAIN_P_005215	0	A_clean_core	9.159858471794552	0.999894833278583	1
HPCLAS_TRAIN_P_005218	1	HPCLAS_TRAIN_P_005218	0	A_clean_core	8.489861255562547	0.9997945004628244	1
HPCLAS_TRAIN_P_005224	1	HPCLAS_TRAIN_P_005224	0	D_hard_sample	-0.12253693255079216	0.4694040412428574	0
HPCLAS_TRAIN_P_005237	1	HPCLAS_TRAIN_P_005237	0	A_clean_core	4.370686796938763	0.9875152839875623	1
HPCLAS_TRAIN_P_005238	1	HPCLAS_TRAIN_P_005238	0	A_clean_core	8.43869231101951	0.9997837139282938	1
HPCLAS_TRAIN_P_005247	1	HPCLAS_TRAIN_P_005247	0	A_clean_core	8.648767635170648	0.9998246879383427	1
HPCLAS_TRAIN_P_005256	1	HPCLAS_TRAIN_P_005256	0	A_clean_core	0.5200957108665266	0.627170146442519	1
HPCLAS_TRAIN_P_005257	1	HPCLAS_TRAIN_P_005257	0	A_clean_core	8.301064749641583	0.9997518092542123	1
HPCLAS_TRAIN_P_005259	1	HPCLAS_TRAIN_P_005259	0	A_clean_core	5.3078300051254885	0.9950717456623351	1
HPCLAS_TRAIN_P_005261	1	HPCLAS_TRAIN_P_005261	0	A_clean_core	7.622020046200916	0.9995106876296811	1
HPCLAS_TRAIN_P_005265	1	HPCLAS_TRAIN_P_005265	0	A_clean_core	3.51869212004618	0.9712149629067631	1
HPCLAS_TRAIN_P_005280	1	HPCLAS_TRAIN_P_005280	0	A_clean_core	3.3684323663991953	0.9667032689783132	1
HPCLAS_TRAIN_P_005283	1	HPCLAS_TRAIN_P_005283	0	A_clean_core	3.43471388270534	0.9687719915557211	1
HPCLAS_TRAIN_P_005291	1	HPCLAS_TRAIN_P_005291	0	D_hard_sample	3.707545748898472	0.9760500060345297	1
HPCLAS_TRAIN_P_005293	1	HPCLAS_TRAIN_P_005293	0	A_clean_core	1.8607967300555954	0.8653897863962647	1
HPCLAS_TRAIN_P_005294	1	HPCLAS_TRAIN_P_005294	0	A_clean_core	7.441954064787495	0.9994142046326223	1
HPCLAS_TRAIN_P_005312	1	HPCLAS_TRAIN_P_005312	0	A_clean_core	9.258365829393187	0.9999046981310056	1
HPCLAS_TRAIN_P_005315	1	HPCLAS_TRAIN_P_005315	0	A_clean_core	1.4280560585736877	0.8065982464619378	1
HPCLAS_TRAIN_P_005318	1	HPCLAS_TRAIN_P_005318	0	A_clean_core	6.206721671472938	0.9979882202031043	1
HPCLAS_TRAIN_P_005323	1	HPCLAS_TRAIN_P_005323	0	A_clean_core	8.474834738898664	0.9997913898524918	1
HPCLAS_TRAIN_P_005333	1	HPCLAS_TRAIN_P_005333	0	A_clean_core	9.622938590260274	0.9999338115631944	1
HPCLAS_TRAIN_P_005344	1	HPCLAS_TRAIN_P_005344	0	A_clean_core	4.094534744324701	0.983609623723923	1
HPCLAS_TRAIN_P_005347	1	HPCLAS_TRAIN_P_005347	0	A_clean_core	8.148036878186018	0.9997107809328218	1
HPCLAS_TRAIN_P_005349	1	HPCLAS_TRAIN_P_005349	0	D_hard_sample	1.1578686474495703	0.7609452212913842	1
HPCLAS_TRAIN_P_005350	1	HPCLAS_TRAIN_P_005350	0	A_clean_core	8.52206904215421	0.9998010124005603	1
HPCLAS_TRAIN_P_005360	1	HPCLAS_TRAIN_P_005360	0	D_hard_sample	-0.9666598620300967	0.27554676291974045	0
HPCLAS_TRAIN_P_005370	1	HPCLAS_TRAIN_P_005370	0	D_hard_sample	2.9160361978597673	0.9486334940963544	1
HPCLAS_TRAIN_P_005373	1	HPCLAS_TRAIN_P_005373	0	D_hard_sample	2.0320521389029986	0.8841214867493394	1
HPCLAS_TRAIN_P_005381	1	HPCLAS_TRAIN_P_005381	0	A_clean_core	3.012711123295505	0.9531450806859632	1
HPCLAS_TRAIN_P_005383	1	HPCLAS_TRAIN_P_005383	0	A_clean_core	9.195317941398962	0.9998984967205173	1
HPCLAS_TRAIN_P_005387	1	HPCLAS_TRAIN_P_005387	0	D_hard_sample	0.25285886339720903	0.5628800390697557	1
HPCLAS_TRAIN_P_005402	1	HPCLAS_TRAIN_P_005402	0	D_hard_sample	1.4390588076311557	0.8083088600943857	1
HPCLAS_TRAIN_P_005405	1	HPCLAS_TRAIN_P_005405	0	A_clean_core	8.002395687439408	0.9996654520336042	1
HPCLAS_TRAIN_P_005406	1	HPCLAS_TRAIN_P_005406	0	A_clean_core	7.752848055723944	0.9995706668989559	1
HPCLAS_TRAIN_P_005416	1	HPCLAS_TRAIN_P_005416	0	A_clean_core	8.73229423653742	0.9998387340214672	1
HPCLAS_TRAIN_P_005419	1	HPCLAS_TRAIN_P_005419	0	A_clean_core	5.623203077864827	0.9963999574572359	1
HPCLAS_TRAIN_P_005424	1	HPCLAS_TRAIN_P_005424	0	A_clean_core	5.706656712186074	0.9966872445278683	1
HPCLAS_TRAIN_P_005432	1	HPCLAS_TRAIN_P_005432	0	A_clean_core	5.402376097276542	0.9955143498729793	1
HPCLAS_TRAIN_P_005433	1	HPCLAS_TRAIN_P_005433	0	A_clean_core	3.8446678808093293	0.9790545901668796	1
HPCLAS_TRAIN_P_005443	1	HPCLAS_TRAIN_P_005443	0	A_clean_core	8.913401301498393	0.9998654447773382	1
HPCLAS_TRAIN_P_005450	1	HPCLAS_TRAIN_P_005450	0	A_clean_core	8.999009745239428	0.9998764831865271	1
HPCLAS_TRAIN_P_005453	1	HPCLAS_TRAIN_P_005453	0	A_clean_core	8.7725856445755	0.9998451015094192	1
HPCLAS_TRAIN_P_005471	1	HPCLAS_TRAIN_P_005471	0	A_clean_core	8.52255057790555	0.9998011081780838	1
HPCLAS_TRAIN_P_005474	1	HPCLAS_TRAIN_P_005474	0	A_clean_core	0.8873868338541817	0.7083506125869936	1
HPCLAS_TRAIN_P_005485	1	HPCLAS_TRAIN_P_005485	0	D_hard_sample	5.037336292722865	0.9935508460819763	1
HPCLAS_TRAIN_P_005489	1	HPCLAS_TRAIN_P_005489	0	D_hard_sample	1.0599854464447016	0.7426877640895367	1
HPCLAS_TRAIN_P_005496	1	HPCLAS_TRAIN_P_005496	0	A_clean_core	1.6145328138685797	0.8340397572843196	1
HPCLAS_TRAIN_P_005497	1	HPCLAS_TRAIN_P_005497	0	D_hard_sample	-1.2537350076433706	0.22205426082053073	0
HPCLAS_TRAIN_P_005509	1	HPCLAS_TRAIN_P_005509	0	A_clean_core	5.565346257059554	0.9961863448878279	1
HPCLAS_TRAIN_P_005511	1	HPCLAS_TRAIN_P_005511	0	A_clean_core	8.829516885364088	0.9998536724891577	1
HPCLAS_TRAIN_P_005524	1	HPCLAS_TRAIN_P_005524	0	A_clean_core	4.999463434169084	0.993303581011312	1
HPCLAS_TRAIN_P_005532	1	HPCLAS_TRAIN_P_005532	0	A_clean_core	7.405805087818511	0.999392654428222	1
HPCLAS_TRAIN_P_005537	1	HPCLAS_TRAIN_P_005537	0	A_clean_core	6.093839851032292	0.9977483545866535	1
HPCLAS_TRAIN_P_005539	1	HPCLAS_TRAIN_P_005539	0	A_clean_core	3.382718585307077	0.9671600612342425	1
HPCLAS_TRAIN_P_005540	1	HPCLAS_TRAIN_P_005540	0	D_hard_sample	1.9526078633146697	0.8757307244466358	1
HPCLAS_TRAIN_P_005545	1	HPCLAS_TRAIN_P_005545	0	A_clean_core	3.8543721327086082	0.9792526699449116	1
HPCLAS_TRAIN_P_005557	1	HPCLAS_TRAIN_P_005557	0	A_clean_core	8.563781279245186	0.9998091403386136	1
HPCLAS_TRAIN_P_005559	1	HPCLAS_TRAIN_P_005559	0	A_clean_core	-0.19655588235132931	0.451018624380124	0
HPCLAS_TRAIN_P_005569	1	HPCLAS_TRAIN_P_005569	0	A_clean_core	8.57171705933239	0.9998106486792727	1
HPCLAS_TRAIN_P_005573	1	HPCLAS_TRAIN_P_005573	0	A_clean_core	2.823323903526916	0.9439232675615813	1
HPCLAS_TRAIN_P_005574	1	HPCLAS_TRAIN_P_005574	0	B_ambiguous	-1.0779110238717582	0.2539015395197415	0
HPCLAS_TRAIN_P_005580	1	HPCLAS_TRAIN_P_005580	0	A_clean_core	7.741880415111081	0.9995659342662497	1
HPCLAS_TRAIN_P_005581	1	HPCLAS_TRAIN_P_005581	0	A_clean_core	4.383463282977831	0.9876718261516676	1
HPCLAS_TRAIN_P_005586	1	HPCLAS_TRAIN_P_005586	0	A_clean_core	8.681337138515724	0.9998303048299941	1
HPCLAS_TRAIN_P_005599	1	HPCLAS_TRAIN_P_005599	0	A_clean_core	9.66946692720787	0.9999368204641279	1
HPCLAS_TRAIN_P_005604	1	HPCLAS_TRAIN_P_005604	0	A_clean_core	8.482315510709878	0.9997929442728978	1
HPCLAS_TRAIN_P_005611	1	HPCLAS_TRAIN_P_005611	0	D_hard_sample	2.965138095392429	0.95097409988822	1
HPCLAS_TRAIN_P_005618	1	HPCLAS_TRAIN_P_005618	0	A_clean_core	2.0708156332050702	0.8880340851551707	1
HPCLAS_TRAIN_P_005625	1	HPCLAS_TRAIN_P_005625	0	D_hard_sample	-2.1928731461308497	0.10039231103524325	0
HPCLAS_TRAIN_P_005630	1	HPCLAS_TRAIN_P_005630	0	A_clean_core	5.142405522608399	0.9941903336159311	1
HPCLAS_TRAIN_P_005633	1	HPCLAS_TRAIN_P_005633	0	A_clean_core	5.368109628859129	0.9953587044052349	1
HPCLAS_TRAIN_P_005634	1	HPCLAS_TRAIN_P_005634	0	A_clean_core	8.909791311351187	0.9998649582222043	1
HPCLAS_TRAIN_P_005638	1	HPCLAS_TRAIN_P_005638	0	D_hard_sample	-1.6491753077316742	0.1612204402451091	0
HPCLAS_TRAIN_P_005641	1	HPCLAS_TRAIN_P_005641	0	A_clean_core	6.026723122369797	0.9975924210085034	1
HPCLAS_TRAIN_P_005657	1	HPCLAS_TRAIN_P_005657	0	D_hard_sample	-1.832826858315272	0.1379018581730773	0
HPCLAS_TRAIN_P_005660	1	HPCLAS_TRAIN_P_005660	0	D_hard_sample	2.8639718762072905	0.946036429369658	1
HPCLAS_TRAIN_P_005678	1	HPCLAS_TRAIN_P_005678	0	A_clean_core	7.186391645178006	0.9992437572791552	1
HPCLAS_TRAIN_P_005685	1	HPCLAS_TRAIN_P_005685	0	D_hard_sample	2.2876175597004864	0.9078463254155954	1
HPCLAS_TRAIN_P_005691	1	HPCLAS_TRAIN_P_005691	0	A_clean_core	5.918316376398263	0.9973174903616353	1
HPCLAS_TRAIN_P_005696	1	HPCLAS_TRAIN_P_005696	0	A_clean_core	7.153608052261631	0.9992185737512701	1
HPCLAS_TRAIN_P_005713	1	HPCLAS_TRAIN_P_005713	0	A_clean_core	6.554645783781186	0.9985785364350099	1
HPCLAS_TRAIN_P_005714	1	HPCLAS_TRAIN_P_005714	0	A_clean_core	7.387894797211943	0.9993816854831129	1
HPCLAS_TRAIN_P_005715	1	HPCLAS_TRAIN_P_005715	0	A_clean_core	8.886697790784703	0.9998618037797078	1
HPCLAS_TRAIN_P_005716	1	HPCLAS_TRAIN_P_005716	0	A_clean_core	0.9454624095147107	0.7202017169857444	1
HPCLAS_TRAIN_P_005718	1	HPCLAS_TRAIN_P_005718	0	A_clean_core	6.931141113845944	0.9990240678793639	1
HPCLAS_TRAIN_P_005720	1	HPCLAS_TRAIN_P_005720	0	A_clean_core	8.974368036731578	0.9998734021008325	1
HPCLAS_TRAIN_P_005723	1	HPCLAS_TRAIN_P_005723	0	A_clean_core	3.2360230119702296	0.962167608534255	1
HPCLAS_TRAIN_P_005730	1	HPCLAS_TRAIN_P_005730	0	A_clean_core	5.5952417018760485	0.9962982526632579	1
HPCLAS_TRAIN_P_005732	1	HPCLAS_TRAIN_P_005732	0	A_clean_core	6.086924553645928	0.9977327652513451	1
HPCLAS_TRAIN_P_005736	1	HPCLAS_TRAIN_P_005736	0	A_clean_core	10.412695548890872	0.9999699523347951	1
HPCLAS_TRAIN_P_005737	1	HPCLAS_TRAIN_N_000995	0	B_ambiguous	4.758497434362288	0.991494475093784	1
HPCLAS_TRAIN_P_005738	1	HPCLAS_TRAIN_P_005738	0	A_clean_core	8.510296139295539	0.9997986563691095	1
HPCLAS_TRAIN_P_005743	1	HPCLAS_TRAIN_P_005743	0	A_clean_core	9.839003330360185	0.9999466724065167	1
HPCLAS_TRAIN_P_005744	1	HPCLAS_TRAIN_P_005744	0	A_clean_core	7.068372811212942	0.9991491069104785	1
HPCLAS_TRAIN_P_005750	1	HPCLAS_TRAIN_P_005750	0	A_clean_core	5.904413857109832	0.9972800384219873	1
HPCLAS_TRAIN_P_005756	1	HPCLAS_TRAIN_P_005756	0	A_clean_core	2.374557209335372	0.9148664742186855	1
HPCLAS_TRAIN_P_005761	1	HPCLAS_TRAIN_N_001204	0	B_ambiguous	2.0301465716390723	0.8839261171354053	1
HPCLAS_TRAIN_P_005763	1	HPCLAS_TRAIN_P_005763	0	D_hard_sample	1.1830231905842115	0.7654909460124224	1
HPCLAS_TRAIN_P_005780	1	HPCLAS_TRAIN_P_005780	0	A_clean_core	-1.172973012242434	0.2363180188165887	0
HPCLAS_TRAIN_P_005785	1	HPCLAS_TRAIN_P_003763	0	A_clean_core	7.317811098349731	0.9993368268838053	1
HPCLAS_TRAIN_P_005788	1	HPCLAS_TRAIN_P_005788	0	A_clean_core	6.616648107859288	0.9986638796446954	1
HPCLAS_TRAIN_P_005789	1	HPCLAS_TRAIN_P_005789	0	A_clean_core	7.330355233960196	0.999345088443745	1
HPCLAS_TRAIN_P_005799	1	HPCLAS_TRAIN_P_005799	0	A_clean_core	2.4523644345443545	0.9207341854955254	1
HPCLAS_TRAIN_P_005804	1	HPCLAS_TRAIN_P_005804	0	A_clean_core	3.4730700751656927	0.9699117417494685	1
HPCLAS_TRAIN_P_005816	1	HPCLAS_TRAIN_P_005816	0	A_clean_core	7.7510498370112835	0.9995698945019349	1
HPCLAS_TRAIN_P_005817	1	HPCLAS_TRAIN_P_005817	0	A_clean_core	2.184217896854395	0.8988232933264886	1
HPCLAS_TRAIN_P_005819	1	HPCLAS_TRAIN_P_005819	0	D_hard_sample	0.2779141165679598	0.569034767817088	1
HPCLAS_TRAIN_P_005824	1	HPCLAS_TRAIN_P_000825	0	A_clean_core	8.270115618057737	0.9997440098628452	1
HPCLAS_TRAIN_P_005827	1	HPCLAS_TRAIN_P_005827	0	A_clean_core	9.449404821807994	0.9999212697854096	1
HPCLAS_TRAIN_P_005833	1	HPCLAS_TRAIN_P_005833	0	A_clean_core	8.68560396287248	0.9998310272248704	1
HPCLAS_TRAIN_P_005836	1	HPCLAS_TRAIN_P_005836	0	A_clean_core	7.929203176224406	0.9996400563925034	1
HPCLAS_TRAIN_P_005837	1	HPCLAS_TRAIN_P_005837	0	A_clean_core	9.207490844252083	0.9998997246969961	1
HPCLAS_TRAIN_P_005849	1	HPCLAS_TRAIN_P_005849	0	A_clean_core	8.870665854020196	0.999859570685186	1
HPCLAS_TRAIN_P_005855	1	HPCLAS_TRAIN_P_005855	0	A_clean_core	6.593312974178406	0.9986323776155045	1
HPCLAS_TRAIN_P_005857	1	HPCLAS_TRAIN_P_005857	0	A_clean_core	5.953126887122293	0.9974090255123924	1
HPCLAS_TRAIN_P_005896	1	HPCLAS_TRAIN_P_005896	0	A_clean_core	8.56421679755355	0.9998092234275378	1
HPCLAS_TRAIN_P_005903	1	HPCLAS_TRAIN_P_005903	0	A_clean_core	1.5382279668499563	0.8232069760772367	1
HPCLAS_TRAIN_P_005909	1	HPCLAS_TRAIN_P_005909	0	D_hard_sample	-2.20611460872815	0.09920273750099139	0
HPCLAS_TRAIN_P_005923	1	HPCLAS_TRAIN_P_005923	0	A_clean_core	5.531876921787265	0.9960570561300499	1
HPCLAS_TRAIN_P_005926	1	HPCLAS_TRAIN_P_005926	0	A_clean_core	1.6258754052409456	0.8356038269160377	1
HPCLAS_TRAIN_P_005931	1	HPCLAS_TRAIN_P_005931	0	D_hard_sample	1.9218187138219551	0.8723411066625696	1
HPCLAS_TRAIN_P_005934	1	HPCLAS_TRAIN_P_005934	0	A_clean_core	9.770969602610778	0.999942918283042	1
HPCLAS_TRAIN_P_005937	1	HPCLAS_TRAIN_P_005937	0	A_clean_core	3.501783617035225	0.9707384759636541	1
HPCLAS_TRAIN_P_005938	1	HPCLAS_TRAIN_P_005938	0	A_clean_core	8.715765686109837	0.9998360468190209	1
HPCLAS_TRAIN_P_005939	1	HPCLAS_TRAIN_P_005939	0	A_clean_core	7.79341400781251	0.9995877276425209	1
HPCLAS_TRAIN_P_005947	1	HPCLAS_TRAIN_P_005947	0	A_clean_core	5.7012475280827895	0.9966693365166022	1
HPCLAS_TRAIN_P_005948	1	HPCLAS_TRAIN_P_005948	0	A_clean_core	2.1957689905319615	0.8998689208919524	1
HPCLAS_TRAIN_P_005957	1	HPCLAS_TRAIN_P_005957	0	A_clean_core	7.4983103102091535	0.9994462870667251	1
HPCLAS_TRAIN_P_005964	1	HPCLAS_TRAIN_P_005964	0	A_clean_core	5.686289426154193	0.9966193113318322	1
HPCLAS_TRAIN_P_005984	1	HPCLAS_TRAIN_P_005984	0	A_clean_core	-0.5232087322086395	0.3721022314104802	0
HPCLAS_TRAIN_P_005993	1	HPCLAS_TRAIN_P_005993	0	D_hard_sample	0.3032551388586227	0.5752380690800832	1
HPCLAS_TRAIN_P_005998	1	HPCLAS_TRAIN_P_005998	0	A_clean_core	8.157617936305938	0.9997135379351306	1
HPCLAS_TRAIN_P_005999	1	HPCLAS_TRAIN_P_005999	0	A_clean_core	7.952535017642974	0.9996483544061007	1
HPCLAS_TRAIN_P_006001	1	HPCLAS_TRAIN_P_006001	0	A_clean_core	1.9023680333914967	0.8701593055924501	1
HPCLAS_TRAIN_P_006015	1	HPCLAS_TRAIN_P_006015	0	A_clean_core	8.368278623864647	0.9997679390979004	1
HPCLAS_TRAIN_P_006018	1	HPCLAS_TRAIN_P_006018	0	A_clean_core	8.930622597325177	0.9998677418501067	1
HPCLAS_TRAIN_P_006024	1	HPCLAS_TRAIN_P_006024	0	A_clean_core	5.043990490151792	0.9935933435404545	1
HPCLAS_TRAIN_P_006026	1	HPCLAS_TRAIN_P_006026	0	A_clean_core	8.655568250066827	0.9998258759164953	1
HPCLAS_TRAIN_P_006035	1	HPCLAS_TRAIN_P_004508	0	A_clean_core	7.766454399278379	0.99957646653311	1
HPCLAS_TRAIN_P_006055	1	HPCLAS_TRAIN_P_006055	0	A_clean_core	2.954513827595324	0.9504763914634946	1
HPCLAS_TRAIN_P_006058	1	HPCLAS_TRAIN_P_006058	0	A_clean_core	2.343789283626891	0.912439299046989	1
HPCLAS_TRAIN_P_006061	1	HPCLAS_TRAIN_P_006061	0	D_hard_sample	3.108968697640627	0.9572611828137081	1
HPCLAS_TRAIN_P_006065	1	HPCLAS_TRAIN_N_004328	0	B_ambiguous	7.9365386653572525	0.9996426861543994	1
HPCLAS_TRAIN_P_006067	1	HPCLAS_TRAIN_P_006067	0	A_clean_core	6.423374190511378	0.9983794603123527	1
HPCLAS_TRAIN_P_006082	1	HPCLAS_TRAIN_P_006082	0	A_clean_core	2.5829834956250113	0.9297583644911802	1
HPCLAS_TRAIN_P_006107	1	HPCLAS_TRAIN_P_006107	0	D_hard_sample	0.506291859864134	0.6239367983685317	1
HPCLAS_TRAIN_P_006134	1	HPCLAS_TRAIN_P_006134	0	D_hard_sample	0.9600092241450823	0.7231236519481092	1
HPCLAS_TRAIN_P_006136	1	HPCLAS_TRAIN_P_006136	0	D_hard_sample	2.2861207459064827	0.9077210234460024	1
HPCLAS_TRAIN_P_006142	1	HPCLAS_TRAIN_P_006142	0	A_clean_core	7.131984552808856	0.9992015062085187	1
HPCLAS_TRAIN_P_006147	1	HPCLAS_TRAIN_P_006147	0	A_clean_core	6.419503941889541	0.9983731864912652	1
HPCLAS_TRAIN_P_006150	1	HPCLAS_TRAIN_P_006150	0	A_clean_core	5.610425189474009	0.9963538301655919	1
HPCLAS_TRAIN_P_006152	1	HPCLAS_TRAIN_P_006152	0	A_clean_core	4.452975803582051	0.9884901535965778	1
HPCLAS_TRAIN_P_006168	1	HPCLAS_TRAIN_P_006168	0	D_hard_sample	0.43554956961977165	0.607198072856849	1
HPCLAS_TRAIN_P_006171	1	HPCLAS_TRAIN_N_002506	0	B_ambiguous	2.555496367214803	0.9279418988099937	1
HPCLAS_TRAIN_P_006172	1	HPCLAS_TRAIN_P_006172	0	A_clean_core	3.062538449062972	0.9553207708772666	1
HPCLAS_TRAIN_P_006189	1	HPCLAS_TRAIN_P_006189	0	D_hard_sample	0.2895451596961671	0.5718847768497917	1
HPCLAS_TRAIN_P_006193	1	HPCLAS_TRAIN_P_006193	0	A_clean_core	5.109439315283929	0.9939967879960767	1
HPCLAS_TRAIN_P_006196	1	HPCLAS_TRAIN_P_006196	0	A_clean_core	6.507091769081034	0.9985094103078962	1
HPCLAS_TRAIN_P_006201	1	HPCLAS_TRAIN_P_006201	0	A_clean_core	2.235572897569166	0.9033987970473584	1
HPCLAS_TRAIN_P_006203	1	HPCLAS_TRAIN_P_006203	0	A_clean_core	4.876337409379578	0.9924328091984356	1
HPCLAS_TRAIN_P_006204	1	HPCLAS_TRAIN_P_006204	0	A_clean_core	3.9997547261865742	0.9820094573263854	1
HPCLAS_TRAIN_P_006213	1	HPCLAS_TRAIN_P_006213	0	A_clean_core	7.351192306809159	0.9993585850275423	1
HPCLAS_TRAIN_P_006219	1	HPCLAS_TRAIN_P_006219	0	A_clean_core	10.672355591098269	0.9999768236632549	1
HPCLAS_TRAIN_P_006222	1	HPCLAS_TRAIN_P_006222	0	A_clean_core	4.079928713277225	0.9833724783197131	1
HPCLAS_TRAIN_P_006231	1	HPCLAS_TRAIN_P_006231	0	D_hard_sample	1.6841977748352044	0.843459585911795	1
HPCLAS_TRAIN_P_006233	1	HPCLAS_TRAIN_P_006233	0	D_hard_sample	-0.9772870821307985	0.27343041739912977	0
HPCLAS_TRAIN_P_006242	1	HPCLAS_TRAIN_P_006242	0	A_clean_core	6.7340299021712005	0.9988116849787595	1
HPCLAS_TRAIN_P_006248	1	HPCLAS_TRAIN_P_006248	0	A_clean_core	8.259109214652941	0.9997411775029132	1
HPCLAS_TRAIN_P_006268	1	HPCLAS_TRAIN_P_006268	0	A_clean_core	4.431354463214956	0.9882415435229673	1
HPCLAS_TRAIN_P_006273	1	HPCLAS_TRAIN_P_006273	0	A_clean_core	6.742025939775561	0.998821137746321	1
HPCLAS_TRAIN_P_006274	1	HPCLAS_TRAIN_P_006274	0	A_clean_core	0.8066368158582338	0.6913923674817212	1
HPCLAS_TRAIN_P_006283	1	HPCLAS_TRAIN_P_006283	0	A_clean_core	5.288977473449353	0.994978425247114	1
HPCLAS_TRAIN_P_006286	1	HPCLAS_TRAIN_P_006286	0	A_clean_core	7.244750488583177	0.9992865970472952	1
HPCLAS_TRAIN_P_006288	1	HPCLAS_TRAIN_P_006288	0	A_clean_core	2.6004280020954265	0.9308891200644209	1
HPCLAS_TRAIN_P_006291	1	HPCLAS_TRAIN_P_006291	0	A_clean_core	7.638070417325499	0.9995184748321738	1
HPCLAS_TRAIN_P_006292	1	HPCLAS_TRAIN_P_006292	0	A_clean_core	7.143041564185351	0.9992102795979317	1
HPCLAS_TRAIN_P_006299	1	HPCLAS_TRAIN_P_006299	0	A_clean_core	1.9454343494785549	0.8749479501352851	1
HPCLAS_TRAIN_P_006303	1	HPCLAS_TRAIN_P_006303	0	D_hard_sample	4.1557870229014	0.984568415276193	1
HPCLAS_TRAIN_P_006308	1	HPCLAS_TRAIN_P_006308	0	D_hard_sample	3.8728643307319683	0.9796250627634011	1
HPCLAS_TRAIN_P_006317	1	HPCLAS_TRAIN_P_006317	0	A_clean_core	3.847310594085385	0.97910871494059	1
HPCLAS_TRAIN_P_006323	1	HPCLAS_TRAIN_P_006323	0	A_clean_core	9.471424665913752	0.9999229843326358	1
HPCLAS_TRAIN_P_006326	1	HPCLAS_TRAIN_P_006326	0	A_clean_core	3.319571835617902	0.96509417059006	1
HPCLAS_TRAIN_P_006329	1	HPCLAS_TRAIN_P_006329	0	A_clean_core	7.622370385775944	0.9995108589413074	1
HPCLAS_TRAIN_P_006331	1	HPCLAS_TRAIN_P_006331	0	D_hard_sample	3.1164999728322704	0.9575682450312231	1
HPCLAS_TRAIN_P_006332	1	HPCLAS_TRAIN_P_006332	0	D_hard_sample	-0.8922630760144041	0.2906430288589102	0
HPCLAS_TRAIN_P_006334	1	HPCLAS_TRAIN_P_006334	0	A_clean_core	5.616794988365281	0.9963768978400577	1
HPCLAS_TRAIN_P_006340	1	HPCLAS_TRAIN_P_006340	0	A_clean_core	6.054178747247553	0.9976574706734419	1
HPCLAS_TRAIN_P_006343	1	HPCLAS_TRAIN_P_006343	0	A_clean_core	9.31826565271173	0.9999102385909328	1
HPCLAS_TRAIN_P_006346	1	HPCLAS_TRAIN_P_006346	0	A_clean_core	7.845958468702286	0.9996088227291157	1
HPCLAS_TRAIN_P_006351	1	HPCLAS_TRAIN_P_006351	0	D_hard_sample	1.4893671395718695	0.8159832646931802	1
HPCLAS_TRAIN_P_006359	1	HPCLAS_TRAIN_P_006359	0	A_clean_core	5.215588758216988	0.9945981041143767	1
HPCLAS_TRAIN_P_006365	1	HPCLAS_TRAIN_P_006365	0	A_clean_core	9.110501083879443	0.9998895128769306	1
HPCLAS_TRAIN_P_006370	1	HPCLAS_TRAIN_P_006370	0	A_clean_core	9.574893137615732	0.9999305541041764	1
HPCLAS_TRAIN_P_006380	1	HPCLAS_TRAIN_P_006380	0	D_hard_sample	0.7524798903604639	0.6797188145964214	1
HPCLAS_TRAIN_P_006385	1	HPCLAS_TRAIN_P_006385	0	D_hard_sample	0.01250597168844325	0.5031264521742987	1
HPCLAS_TRAIN_P_006390	1	HPCLAS_TRAIN_P_006390	0	A_clean_core	5.676266701280654	0.9965853735291212	1
HPCLAS_TRAIN_P_006399	1	HPCLAS_TRAIN_P_006399	0	A_clean_core	5.626996916267718	0.9964135406705478	1
HPCLAS_TRAIN_P_006402	1	HPCLAS_TRAIN_P_006402	0	A_clean_core	7.62417732085727	0.9995117415582448	1
HPCLAS_TRAIN_P_006411	1	HPCLAS_TRAIN_P_006411	0	D_hard_sample	1.476277395151337	0.8140096446751952	1
HPCLAS_TRAIN_P_006413	1	HPCLAS_TRAIN_P_006413	0	D_hard_sample	5.808110954518446	0.9970058938876131	1
HPCLAS_TRAIN_P_006418	1	HPCLAS_TRAIN_P_006418	0	A_clean_core	2.175115101784058	0.8979924748463447	1
HPCLAS_TRAIN_P_006421	1	HPCLAS_TRAIN_P_006421	0	A_clean_core	3.3240754273413624	0.9652455675709669	1
HPCLAS_TRAIN_P_006425	1	HPCLAS_TRAIN_P_006425	0	A_clean_core	1.5062166216781647	0.8184998334031023	1
HPCLAS_TRAIN_P_006428	1	HPCLAS_TRAIN_P_006428	0	D_hard_sample	0.11282385187454173	0.5281760810094911	1
HPCLAS_TRAIN_P_006430	1	HPCLAS_TRAIN_P_006430	0	A_clean_core	3.6923167568585655	0.9756914143769145	1
HPCLAS_TRAIN_P_006436	1	HPCLAS_TRAIN_P_006436	0	D_hard_sample	0.12491966215303958	0.5311893671129356	1
HPCLAS_TRAIN_P_006460	1	HPCLAS_TRAIN_P_006460	0	D_hard_sample	-1.1965711142216253	0.23208575777064125	0
HPCLAS_TRAIN_P_006471	1	HPCLAS_TRAIN_P_006471	0	A_clean_core	6.7396905495797625	0.9988183846825929	1
HPCLAS_TRAIN_P_006472	1	HPCLAS_TRAIN_P_006472	0	A_clean_core	7.752912116272574	0.9995706943895821	1
HPCLAS_TRAIN_P_006481	1	HPCLAS_TRAIN_P_006481	0	A_clean_core	7.59387558140778	0.999496727598359	1
HPCLAS_TRAIN_P_006486	1	HPCLAS_TRAIN_P_006486	0	A_clean_core	8.721779202622232	0.9998370296354506	1
HPCLAS_TRAIN_P_006489	1	HPCLAS_TRAIN_P_006489	0	A_clean_core	4.231791438869563	0.9856816491251618	1
HPCLAS_TRAIN_P_006493	1	HPCLAS_TRAIN_P_006493	0	A_clean_core	8.836737648067603	0.9998547251268963	1
HPCLAS_TRAIN_P_006498	1	HPCLAS_TRAIN_N_000237	0	B_ambiguous	4.579872747540029	0.9898479204318551	1
HPCLAS_TRAIN_P_006499	1	HPCLAS_TRAIN_P_006499	0	D_hard_sample	-2.8284106394450323	0.05580808786977046	0
HPCLAS_TRAIN_P_006506	1	HPCLAS_TRAIN_P_006506	0	A_clean_core	8.644036077598752	0.9998238566201769	1
HPCLAS_TRAIN_P_006510	1	HPCLAS_TRAIN_P_006510	0	A_clean_core	1.7652806831487433	0.8538697956490059	1
HPCLAS_TRAIN_P_006515	1	HPCLAS_TRAIN_P_006515	0	A_clean_core	3.717370349081578	0.9762785987700967	1
HPCLAS_TRAIN_P_006519	1	HPCLAS_TRAIN_P_006519	0	D_hard_sample	2.6342279831772766	0.9330322110877475	1
HPCLAS_TRAIN_P_006527	1	HPCLAS_TRAIN_P_006527	0	A_clean_core	7.814428204241405	0.9995962973591017	1
HPCLAS_TRAIN_P_006528	1	HPCLAS_TRAIN_P_006528	0	A_clean_core	5.778962787160905	0.9969176097806779	1
HPCLAS_TRAIN_P_006541	1	HPCLAS_TRAIN_P_006541	0	A_clean_core	8.182169098103126	0.9997204833380802	1
HPCLAS_TRAIN_P_006542	1	HPCLAS_TRAIN_P_006542	0	D_hard_sample	0.6960771003074494	0.6673174416919125	1
HPCLAS_TRAIN_P_006544	1	HPCLAS_TRAIN_P_006544	0	A_clean_core	9.954865567364465	0.999952506279811	1
HPCLAS_TRAIN_P_006550	1	HPCLAS_TRAIN_P_006550	0	A_clean_core	6.17267039511374	0.9979186818960873	1
HPCLAS_TRAIN_P_006557	1	HPCLAS_TRAIN_P_006557	0	D_hard_sample	0.09691673584999423	0.5242102366608948	1
HPCLAS_TRAIN_P_006568	1	HPCLAS_TRAIN_P_006568	0	D_hard_sample	2.0317371553972343	0.8840892125692601	1
HPCLAS_TRAIN_P_006570	1	HPCLAS_TRAIN_P_006570	0	A_clean_core	6.592620430063568	0.9986314314453008	1
HPCLAS_TRAIN_P_006585	1	HPCLAS_TRAIN_P_006585	0	A_clean_core	3.2737603846541896	0.963517585332939	1
HPCLAS_TRAIN_P_006586	1	HPCLAS_TRAIN_P_006586	0	A_clean_core	8.593781869066495	0.9998147801585189	1
HPCLAS_TRAIN_P_006589	1	HPCLAS_TRAIN_P_006589	0	A_clean_core	2.9419199096113626	0.9498802084660379	1
HPCLAS_TRAIN_P_006592	1	HPCLAS_TRAIN_P_006592	0	D_hard_sample	1.8385682970682418	0.8627792944407102	1
HPCLAS_TRAIN_P_006598	1	HPCLAS_TRAIN_P_006598	0	A_clean_core	5.238678548600703	0.9947207528686869	1
HPCLAS_TRAIN_P_006609	1	HPCLAS_TRAIN_P_006609	0	A_clean_core	3.4485740547143147	0.9691885874426376	1
HPCLAS_TRAIN_P_006615	1	HPCLAS_TRAIN_P_006615	0	A_clean_core	8.604911213503195	0.9998168297299996	1
HPCLAS_TRAIN_P_006617	1	HPCLAS_TRAIN_P_006617	0	A_clean_core	5.097608352469795	0.9939257763928827	1
HPCLAS_TRAIN_P_006623	1	HPCLAS_TRAIN_P_006623	0	A_clean_core	1.8621638843310506	0.8655489670708458	1
HPCLAS_TRAIN_P_006629	1	HPCLAS_TRAIN_P_006629	0	A_clean_core	8.88790113450507	0.999861969954305	1
HPCLAS_TRAIN_P_006632	1	HPCLAS_TRAIN_P_006632	0	D_hard_sample	2.019881955085916	0.8828688024766392	1
HPCLAS_TRAIN_P_006650	1	HPCLAS_TRAIN_P_006650	0	A_clean_core	7.375699960082804	0.9993741038230987	1
HPCLAS_TRAIN_P_006659	1	HPCLAS_TRAIN_P_006659	0	B_ambiguous	0.5781550454773474	0.6406427719272252	1
HPCLAS_TRAIN_P_006666	1	HPCLAS_TRAIN_P_006666	0	A_clean_core	3.401801665836412	0.967760794383053	1
HPCLAS_TRAIN_P_006672	1	HPCLAS_TRAIN_P_006672	0	A_clean_core	7.991311088071405	0.9996617243360159	1
HPCLAS_TRAIN_P_006677	1	HPCLAS_TRAIN_P_006677	0	A_clean_core	2.3317595387293113	0.9114734160997918	1
HPCLAS_TRAIN_P_006688	1	HPCLAS_TRAIN_N_002316	0	B_ambiguous	3.3542989059428914	0.9662453273023003	1
HPCLAS_TRAIN_P_006691	1	HPCLAS_TRAIN_P_006691	0	A_clean_core	3.5012833494700275	0.9707242623728284	1
HPCLAS_TRAIN_P_006693	1	HPCLAS_TRAIN_P_006693	0	A_clean_core	9.674665738034474	0.9999371480496734	1
HPCLAS_TRAIN_P_006695	1	HPCLAS_TRAIN_P_006695	0	A_clean_core	9.799114231693952	0.9999445023417	1
HPCLAS_TRAIN_P_006696	1	HPCLAS_TRAIN_P_006696	0	A_clean_core	-0.09898217907338547	0.47527463910482504	0
HPCLAS_TRAIN_P_006701	1	HPCLAS_TRAIN_P_006701	0	A_clean_core	8.909925826723098	0.9998649763837252	1
HPCLAS_TRAIN_P_006705	1	HPCLAS_TRAIN_P_006705	0	A_clean_core	7.432994794609568	0.9994089358688423	1
HPCLAS_TRAIN_P_006709	1	HPCLAS_TRAIN_P_006709	0	D_hard_sample	1.2981119735934887	0.7855170598127641	1
HPCLAS_TRAIN_P_006715	1	HPCLAS_TRAIN_P_006715	0	A_clean_core	7.643605762972392	0.9995211316041764	1
HPCLAS_TRAIN_P_006724	1	HPCLAS_TRAIN_P_006724	0	D_hard_sample	2.2720552670553653	0.9065360728564094	1
HPCLAS_TRAIN_P_006728	1	HPCLAS_TRAIN_P_006728	0	A_clean_core	8.922832678648334	0.9998667076843992	1
HPCLAS_TRAIN_P_006735	1	HPCLAS_TRAIN_P_006735	0	A_clean_core	9.215772891953597	0.9999005516700065	1
HPCLAS_TRAIN_P_006744	1	HPCLAS_TRAIN_P_006744	0	A_clean_core	8.924940353122091	0.9998669882880281	1
HPCLAS_TRAIN_P_006746	1	HPCLAS_TRAIN_P_006746	0	A_clean_core	8.213373448798931	0.9997290684676173	1
HPCLAS_TRAIN_P_006771	1	HPCLAS_TRAIN_P_006771	0	D_hard_sample	-2.0548155130849604	0.11356670406500832	0
HPCLAS_TRAIN_P_006774	1	HPCLAS_TRAIN_P_003376	0	A_clean_core	2.7375695074003765	0.9392074713910231	1
HPCLAS_TRAIN_P_006780	1	HPCLAS_TRAIN_P_006780	0	A_clean_core	8.94585053621717	0.999869740351637	1
HPCLAS_TRAIN_P_006781	1	HPCLAS_TRAIN_P_006781	0	A_clean_core	7.195929588477046	0.9992509306125046	1
HPCLAS_TRAIN_P_006792	1	HPCLAS_TRAIN_P_006792	0	D_hard_sample	2.054074826157239	0.886358710149699	1
HPCLAS_TRAIN_P_006795	1	HPCLAS_TRAIN_P_006795	0	A_clean_core	8.084043760190202	0.9996916737659126	1
HPCLAS_TRAIN_P_006803	1	HPCLAS_TRAIN_P_006803	0	A_clean_core	7.539765645896201	0.9994687601941297	1
HPCLAS_TRAIN_P_006806	1	HPCLAS_TRAIN_P_006806	0	A_clean_core	8.90120816727854	0.9998637943091724	1
HPCLAS_TRAIN_P_006825	1	HPCLAS_TRAIN_P_006825	0	A_clean_core	4.141763335200973	0.9843538928074336	1
HPCLAS_TRAIN_P_006832	1	HPCLAS_TRAIN_P_006832	0	A_clean_core	8.388436353310532	0.9997725690336285	1
HPCLAS_TRAIN_P_006836	1	HPCLAS_TRAIN_P_006836	0	A_clean_core	9.34371156525381	0.9999124936394675	1
HPCLAS_TRAIN_P_006837	1	HPCLAS_TRAIN_P_006837	0	A_clean_core	8.022031197124438	0.9996719548465496	1
HPCLAS_TRAIN_P_006845	1	HPCLAS_TRAIN_P_006845	0	A_clean_core	7.60653007687102	0.9995030529850976	1
HPCLAS_TRAIN_P_006846	1	HPCLAS_TRAIN_P_006846	0	A_clean_core	3.9623775348589616	0.9813370835417958	1
HPCLAS_TRAIN_P_006851	1	HPCLAS_TRAIN_P_006851	0	A_clean_core	9.504106549748274	0.9999254604791517	1
HPCLAS_TRAIN_P_006853	1	HPCLAS_TRAIN_P_006853	0	A_clean_core	9.39411476897047	0.9999167945724975	1
HPCLAS_TRAIN_P_006862	1	HPCLAS_TRAIN_P_006862	0	A_clean_core	6.517963314909826	0.9985255037887987	1
HPCLAS_TRAIN_P_006864	1	HPCLAS_TRAIN_P_006864	0	A_clean_core	8.789331080604363	0.9998476733635658	1
HPCLAS_TRAIN_P_006866	1	HPCLAS_TRAIN_P_006866	0	A_clean_core	4.363045673273521	0.9874207259521064	1
HPCLAS_TRAIN_P_006867	1	HPCLAS_TRAIN_P_006867	0	A_clean_core	8.581325044912475	0.9998124589125678	1
HPCLAS_TRAIN_P_006872	1	HPCLAS_TRAIN_P_006872	0	A_clean_core	4.762725836389893	0.9915300599664304	1
HPCLAS_TRAIN_P_006874	1	HPCLAS_TRAIN_P_006874	0	A_clean_core	9.995417174425542	0.9999543936128353	1
HPCLAS_TRAIN_P_006907	1	HPCLAS_TRAIN_P_006907	0	A_clean_core	2.232524175468439	0.9031324094560584	1
HPCLAS_TRAIN_P_006910	1	HPCLAS_TRAIN_P_006910	0	D_hard_sample	0.32595215865837285	0.5807741499746764	1
HPCLAS_TRAIN_P_006918	1	HPCLAS_TRAIN_P_006918	0	A_clean_core	9.09404459792058	0.9998876798098121	1
HPCLAS_TRAIN_P_006923	1	HPCLAS_TRAIN_P_006923	0	B_ambiguous	0.5372509900446665	0.6311726965553283	1
HPCLAS_TRAIN_P_006926	1	HPCLAS_TRAIN_P_006926	0	A_clean_core	7.386044221126101	0.999380540895116	1
HPCLAS_TRAIN_P_006932	1	HPCLAS_TRAIN_P_006932	0	A_clean_core	5.391064915319987	0.995463555306626	1
HPCLAS_TRAIN_P_006937	1	HPCLAS_TRAIN_P_006937	0	A_clean_core	8.039625168225049	0.9996776741430567	1
HPCLAS_TRAIN_P_006939	1	HPCLAS_TRAIN_P_006939	0	A_clean_core	8.558573275153025	0.999808143939046	1
HPCLAS_TRAIN_P_006950	1	HPCLAS_TRAIN_P_006950	0	D_hard_sample	-0.6218035863490562	0.34937136508600347	0
HPCLAS_TRAIN_P_006959	1	HPCLAS_TRAIN_P_006959	0	A_clean_core	7.973908655694461	0.9996557880397793	1
HPCLAS_TRAIN_P_006963	1	HPCLAS_TRAIN_P_006963	0	D_hard_sample	1.1778506724831515	0.7645611289094187	1
HPCLAS_TRAIN_P_006971	1	HPCLAS_TRAIN_P_006971	0	A_clean_core	4.872893747989108	0.9924069036435633	1
HPCLAS_TRAIN_P_006973	1	HPCLAS_TRAIN_P_006973	0	A_clean_core	4.670325511611682	0.9907177482111336	1
HPCLAS_TRAIN_P_006983	1	HPCLAS_TRAIN_P_006983	0	A_clean_core	8.368740104876546	0.9997680461400591	1
HPCLAS_TRAIN_P_006987	1	HPCLAS_TRAIN_P_006987	0	A_clean_core	9.411015270955744	0.9999181888557162	1
HPCLAS_TRAIN_P_006988	1	HPCLAS_TRAIN_P_006988	0	D_hard_sample	0.14665017715636802	0.5365969790635328	1
HPCLAS_TRAIN_P_006989	1	HPCLAS_TRAIN_P_006989	0	A_clean_core	8.75350159789674	0.9998421175032168	1
HPCLAS_TRAIN_P_006990	1	HPCLAS_TRAIN_P_006990	0	D_hard_sample	2.1592444873173444	0.8965294848787325	1
HPCLAS_TRAIN_P_006994	1	HPCLAS_TRAIN_P_006994	0	D_hard_sample	0.4119069650117	0.6015450450179992	1
HPCLAS_TRAIN_P_006995	1	HPCLAS_TRAIN_P_006995	0	D_hard_sample	-0.9928873954967762	0.27034214036788634	0
HPCLAS_TRAIN_P_007000	1	HPCLAS_TRAIN_P_007000	0	A_clean_core	6.158937144551479	0.9978899621887456	1
HPCLAS_TRAIN_P_007003	1	HPCLAS_TRAIN_P_007003	0	A_clean_core	5.423042848401269	0.9956056991218761	1
HPCLAS_TRAIN_P_007004	1	HPCLAS_TRAIN_P_007004	0	A_clean_core	2.765957653878136	0.9408082768255124	1
HPCLAS_TRAIN_P_007007	1	HPCLAS_TRAIN_P_007007	0	A_clean_core	7.36772581996059	0.9993690960483004	1
HPCLAS_TRAIN_P_007011	1	HPCLAS_TRAIN_N_000351	0	B_ambiguous	7.2967711044247245	0.9993227354534752	1
HPCLAS_TRAIN_P_007016	1	HPCLAS_TRAIN_P_007016	0	A_clean_core	2.0617420531615145	0.8871287217410307	1
HPCLAS_TRAIN_P_007023	1	HPCLAS_TRAIN_P_007023	0	D_hard_sample	0.3426925818263949	0.5848444346229091	1
HPCLAS_TRAIN_P_007030	1	HPCLAS_TRAIN_P_007030	0	A_clean_core	9.451474564952843	0.9999214325554248	1
HPCLAS_TRAIN_P_007035	1	HPCLAS_TRAIN_P_007035	0	A_clean_core	4.890050417970395	0.9925351005619802	1
HPCLAS_TRAIN_P_007044	1	HPCLAS_TRAIN_P_007044	0	B_ambiguous	0.8369665063640038	0.6978259428018503	1
HPCLAS_TRAIN_P_007049	1	HPCLAS_TRAIN_P_007049	0	A_clean_core	3.1845652197929954	0.9602492897913626	1
HPCLAS_TRAIN_P_007051	1	HPCLAS_TRAIN_P_007051	0	A_clean_core	0.9046806272887185	0.7119104224278999	1
HPCLAS_TRAIN_P_007061	1	HPCLAS_TRAIN_P_007061	0	A_clean_core	1.7491460243714863	0.8518450583071663	1
HPCLAS_TRAIN_P_007067	1	HPCLAS_TRAIN_P_007067	0	D_hard_sample	6.537262371472901	0.99855364657846	1
HPCLAS_TRAIN_P_007071	1	HPCLAS_TRAIN_P_007071	0	A_clean_core	4.607327861665325	0.9901201391585601	1
HPCLAS_TRAIN_P_007092	1	HPCLAS_TRAIN_P_007092	0	D_hard_sample	4.12275894378029	0.984058490102776	1
HPCLAS_TRAIN_P_007103	1	HPCLAS_TRAIN_P_007103	0	A_clean_core	7.306498106137459	0.9993292868738928	1
HPCLAS_TRAIN_P_007114	1	HPCLAS_TRAIN_P_007114	0	D_hard_sample	4.321721105563828	0.9868969565485839	1
HPCLAS_TRAIN_P_007115	1	HPCLAS_TRAIN_P_007115	0	A_clean_core	8.791765636992102	0.9998480437040087	1
HPCLAS_TRAIN_P_007116	1	HPCLAS_TRAIN_P_007116	0	A_clean_core	4.554648147652195	0.9895912805626795	1
HPCLAS_TRAIN_P_007120	1	HPCLAS_TRAIN_N_005110	0	B_ambiguous	1.00682649516566	0.7323986301473893	1
HPCLAS_TRAIN_P_007122	1	HPCLAS_TRAIN_P_007122	0	A_clean_core	8.373416935078616	0.9997691281662263	1
HPCLAS_TRAIN_P_007123	1	HPCLAS_TRAIN_P_007123	0	A_clean_core	7.870487190578484	0.999618297468467	1
HPCLAS_TRAIN_P_007124	1	HPCLAS_TRAIN_N_001977	0	B_ambiguous	2.6091826159192126	0.9314502241285585	1
HPCLAS_TRAIN_P_007127	1	HPCLAS_TRAIN_P_007127	0	A_clean_core	0.341393038995096	0.5845288690261033	1
HPCLAS_TRAIN_P_007130	1	HPCLAS_TRAIN_P_007130	0	A_clean_core	3.962124358471898	0.9813324461493947	1
HPCLAS_TRAIN_P_007131	1	HPCLAS_TRAIN_P_007131	0	A_clean_core	7.000536706173655	0.999089437196092	1
HPCLAS_TRAIN_P_007144	1	HPCLAS_TRAIN_P_007144	0	A_clean_core	8.526593192295604	0.999801910439044	1
HPCLAS_TRAIN_P_007146	1	HPCLAS_TRAIN_P_007146	0	A_clean_core	3.7373443866934872	0.9767367972715226	1
HPCLAS_TRAIN_P_007148	1	HPCLAS_TRAIN_P_007148	0	A_clean_core	2.912203907364704	0.9484464329069763	1
HPCLAS_TRAIN_P_007150	1	HPCLAS_TRAIN_P_007150	0	A_clean_core	9.072667483633271	0.9998852531587985	1
HPCLAS_TRAIN_P_007156	1	HPCLAS_TRAIN_P_007156	0	A_clean_core	0.3347123476238465	0.582905519903769	1
HPCLAS_TRAIN_P_007158	1	HPCLAS_TRAIN_P_007158	0	A_clean_core	4.706894403660199	0.9910480745729198	1
HPCLAS_TRAIN_P_007159	1	HPCLAS_TRAIN_P_007159	0	A_clean_core	6.930277423256739	0.9990232254355493	1
HPCLAS_TRAIN_P_007185	1	HPCLAS_TRAIN_P_007185	0	A_clean_core	2.8751547058886264	0.9466044902613131	1
HPCLAS_TRAIN_P_007187	1	HPCLAS_TRAIN_P_007187	0	D_hard_sample	0.31094175861385853	0.5771151170667149	1
HPCLAS_TRAIN_P_007191	1	HPCLAS_TRAIN_P_007191	0	A_clean_core	5.162395783226083	0.9943046623849107	1
HPCLAS_TRAIN_P_007204	1	HPCLAS_TRAIN_P_007204	0	A_clean_core	5.183019905652514	0.9944202720509734	1
HPCLAS_TRAIN_P_007212	1	HPCLAS_TRAIN_P_007212	0	A_clean_core	3.312733533849603	0.9648630717991262	1
HPCLAS_TRAIN_P_007213	1	HPCLAS_TRAIN_P_007213	0	A_clean_core	6.308161618438024	0.9981819328365028	1
HPCLAS_TRAIN_P_007219	1	HPCLAS_TRAIN_P_007219	0	A_clean_core	8.659953803011929	0.999826637742762	1
HPCLAS_TRAIN_P_007223	1	HPCLAS_TRAIN_P_007223	0	A_clean_core	4.513942742745936	0.9891635340000836	1
HPCLAS_TRAIN_P_007233	1	HPCLAS_TRAIN_P_007233	0	D_hard_sample	-0.037788994399199256	0.49055387546864104	0
HPCLAS_TRAIN_P_007237	1	HPCLAS_TRAIN_P_007237	0	B_ambiguous	1.5172878010335171	0.8201387482422849	1
HPCLAS_TRAIN_P_007240	1	HPCLAS_TRAIN_P_007240	0	A_clean_core	3.0298493595648375	0.9539045496562837	1
HPCLAS_TRAIN_P_007243	1	HPCLAS_TRAIN_P_007243	0	A_clean_core	1.854929212245615	0.8647048108877696	1
HPCLAS_TRAIN_P_007244	1	HPCLAS_TRAIN_P_007244	0	A_clean_core	6.778631617194049	0.99886346236589	1
HPCLAS_TRAIN_P_007269	1	HPCLAS_TRAIN_P_007269	0	A_clean_core	1.7474828450507778	0.8516350338155954	1
HPCLAS_TRAIN_P_007276	1	HPCLAS_TRAIN_P_007276	0	A_clean_core	7.424205028195646	0.9994037207648562	1
HPCLAS_TRAIN_P_007283	1	HPCLAS_TRAIN_P_007283	0	D_hard_sample	0.7381964273406281	0.6766013387230445	1
HPCLAS_TRAIN_P_007298	1	HPCLAS_TRAIN_P_007298	0	A_clean_core	1.088728083117469	0.7481421357068182	1
HPCLAS_TRAIN_P_007301	1	HPCLAS_TRAIN_P_007301	0	A_clean_core	7.548451307201638	0.9994733519629708	1
HPCLAS_TRAIN_P_007305	1	HPCLAS_TRAIN_P_007305	0	A_clean_core	6.448059336996356	0.998418911392094	1
HPCLAS_TRAIN_P_007307	1	HPCLAS_TRAIN_P_007307	0	A_clean_core	8.428664289222347	0.9997815345716318	1
HPCLAS_TRAIN_P_007312	1	HPCLAS_TRAIN_P_007312	0	A_clean_core	6.603740558809084	0.9986465453162215	1
HPCLAS_TRAIN_P_007313	1	HPCLAS_TRAIN_P_007313	0	A_clean_core	4.890875039975676	0.9925412078496374	1
HPCLAS_TRAIN_P_007323	1	HPCLAS_TRAIN_P_007323	0	A_clean_core	2.804783203041508	0.9429337527439667	1
HPCLAS_TRAIN_P_007326	1	HPCLAS_TRAIN_P_004508	0	A_clean_core	8.471680549626083	0.9997907309557044	1
HPCLAS_TRAIN_P_007340	1	HPCLAS_TRAIN_P_007340	0	D_hard_sample	3.4643801293173087	0.969657105243421	1
HPCLAS_TRAIN_P_007363	1	HPCLAS_TRAIN_P_007363	0	A_clean_core	1.080093764892259	0.7465117270629111	1
HPCLAS_TRAIN_P_007369	1	HPCLAS_TRAIN_P_007369	0	A_clean_core	4.6286967349657955	0.9903270004075598	1
HPCLAS_TRAIN_P_007379	1	HPCLAS_TRAIN_P_007379	0	A_clean_core	0.721244099326509	0.6728809173685489	1
HPCLAS_TRAIN_P_007382	1	HPCLAS_TRAIN_P_007382	0	A_clean_core	6.567901951208233	0.9985972289918205	1
HPCLAS_TRAIN_P_007384	1	HPCLAS_TRAIN_P_007384	0	A_clean_core	7.266696932651651	0.9993020723430933	1
HPCLAS_TRAIN_P_007391	1	HPCLAS_TRAIN_P_007391	0	A_clean_core	1.149045089161679	0.7593364553646198	1
HPCLAS_TRAIN_P_007403	1	HPCLAS_TRAIN_P_007403	0	A_clean_core	3.8232289011751317	0.9786104024603958	1
HPCLAS_TRAIN_P_007408	1	HPCLAS_TRAIN_P_007408	0	A_clean_core	8.99780627732215	0.9998763344669158	1
HPCLAS_TRAIN_P_007415	1	HPCLAS_TRAIN_P_007415	0	D_hard_sample	2.7809088664724575	0.9416354141412756	1
HPCLAS_TRAIN_P_007419	1	HPCLAS_TRAIN_P_007419	0	A_clean_core	4.51154949835022	0.9891378506699401	1
HPCLAS_TRAIN_P_007421	1	HPCLAS_TRAIN_P_007421	0	A_clean_core	8.901003437341817	0.9998637664247345	1
HPCLAS_TRAIN_P_007429	1	HPCLAS_TRAIN_P_007429	0	A_clean_core	8.19651319024152	0.9997244630352838	1
HPCLAS_TRAIN_P_007431	1	HPCLAS_TRAIN_P_007431	0	A_clean_core	5.190903521604751	0.9944638449746865	1
HPCLAS_TRAIN_P_007441	1	HPCLAS_TRAIN_P_007441	0	A_clean_core	4.688573670764628	0.990884066013547	1
HPCLAS_TRAIN_P_007448	1	HPCLAS_TRAIN_P_007448	0	A_clean_core	2.746043241848859	0.9396894976326918	1
