candidate	clean_id	label	homology_group	fold	teacher_logit	student_raw_logit	probability_uncalibrated	prediction_at_0_5
K3	HPCLAS_TRAIN_N_000012	0	HPCLAS_TRAIN_N_000012	1	-3.265044906623668	-2.8830816745758057	0.05299626114887627	0
K3	HPCLAS_TRAIN_N_000013	0	HPCLAS_TRAIN_N_000013	1	-2.3591361134319166	-1.7270731925964355	0.15096233347144178	0
K3	HPCLAS_TRAIN_N_000017	0	HPCLAS_TRAIN_N_000017	1	-2.297764052080107	-1.8957102298736572	0.13059476252990598	0
K3	HPCLAS_TRAIN_N_000018	0	HPCLAS_TRAIN_N_000018	1	-3.99851412394299	-2.908695936203003	0.05172536221929441	0
K3	HPCLAS_TRAIN_N_000019	0	HPCLAS_TRAIN_P_002956	1	-3.1853690255796043	-2.6106910705566406	0.06845352264281493	0
K3	HPCLAS_TRAIN_N_000021	0	HPCLAS_TRAIN_N_000021	1	-0.0313423300827139	-2.1941192150115967	0.10027982997372603	0
K3	HPCLAS_TRAIN_N_000022	0	HPCLAS_TRAIN_N_000022	1	-2.266001269595605	-3.040412187576294	0.04563321631274071	0
K3	HPCLAS_TRAIN_N_000032	0	HPCLAS_TRAIN_N_000032	1	-2.4923394004989703	-2.3778769969940186	0.084875317294826	0
K3	HPCLAS_TRAIN_N_000034	0	HPCLAS_TRAIN_N_000034	1	0.2080760540370933	0.2783697545528412	0.5691465023176528	1
K3	HPCLAS_TRAIN_N_000036	0	HPCLAS_TRAIN_N_000036	1	-1.1261845051703323	-2.0825417041778564	0.11080529116960953	0
K3	HPCLAS_TRAIN_N_000037	0	HPCLAS_TRAIN_N_000037	1	-2.566181678488462	-2.8754653930664062	0.05337980841135464	0
K3	HPCLAS_TRAIN_N_000055	0	HPCLAS_TRAIN_N_000055	1	-3.129565241644477	-2.793804407119751	0.057659893736925795	0
K3	HPCLAS_TRAIN_N_000056	0	HPCLAS_TRAIN_N_000056	1	-3.333830860610542	-3.2334468364715576	0.037926278824566895	0
K3	HPCLAS_TRAIN_N_000067	0	HPCLAS_TRAIN_N_000067	1	-2.90967825293799	-2.4749820232391357	0.07763074975859086	0
K3	HPCLAS_TRAIN_N_000072	0	HPCLAS_TRAIN_N_000072	1	-2.6425218016867764	-2.7960565090179443	0.05753764709458527	0
K3	HPCLAS_TRAIN_N_000082	0	HPCLAS_TRAIN_N_000082	1	-3.0291681694057044	-2.7364089488983154	0.06085882656861194	0
K3	HPCLAS_TRAIN_N_000096	0	HPCLAS_TRAIN_N_000096	1	-3.107079275037127	-3.55733323097229	0.027724216176046812	0
K3	HPCLAS_TRAIN_N_000098	0	HPCLAS_TRAIN_N_000098	1	-3.051751406906931	-2.6483938694000244	0.0660880715163224	0
K3	HPCLAS_TRAIN_N_000103	0	HPCLAS_TRAIN_N_000103	1	-2.430547723159763	-1.6644651889801025	0.15916350868703186	0
K3	HPCLAS_TRAIN_N_000116	0	HPCLAS_TRAIN_N_000116	1	-1.4171697753950478	-2.282635450363159	0.09257133249100163	0
K3	HPCLAS_TRAIN_N_000117	0	HPCLAS_TRAIN_N_000117	1	-2.190143578627075	-1.7397644519805908	0.14934285597777075	0
K3	HPCLAS_TRAIN_N_000123	0	HPCLAS_TRAIN_N_000123	1	-2.978350350745712	-3.358903646469116	0.0336048097394992	0
K3	HPCLAS_TRAIN_N_000134	0	HPCLAS_TRAIN_N_000134	1	-2.224128215108989	-1.0457954406738281	0.2600333086153105	0
K3	HPCLAS_TRAIN_N_000145	0	HPCLAS_TRAIN_N_000145	1	-1.502034641309902	-1.2170650959014893	0.22845335154319835	0
K3	HPCLAS_TRAIN_N_000156	0	HPCLAS_TRAIN_N_000156	1	-2.960010085651574	-1.8662183284759521	0.1339799001484024	0
K3	HPCLAS_TRAIN_N_000161	0	HPCLAS_TRAIN_N_000161	1	-0.4969071916481417	-1.0331900119781494	0.2624661213799223	0
K3	HPCLAS_TRAIN_N_000162	0	HPCLAS_TRAIN_N_000162	1	-3.0123257810210764	-2.3997857570648193	0.08318903504774947	0
K3	HPCLAS_TRAIN_N_000167	0	HPCLAS_TRAIN_N_000167	1	-1.7936780016437024	-1.6568247079849243	0.16018870275000696	0
K3	HPCLAS_TRAIN_N_000168	0	HPCLAS_TRAIN_N_000168	1	0.0850524650841975	-0.6365697383880615	0.3460223658009874	0
K3	HPCLAS_TRAIN_N_000169	0	HPCLAS_TRAIN_N_000169	1	-4.018809270134788	-3.7536606788635254	0.02289533317428802	0
K3	HPCLAS_TRAIN_N_000176	0	HPCLAS_TRAIN_N_000176	1	-1.728365838050096	-1.6663508415222168	0.15891131305119613	0
K3	HPCLAS_TRAIN_N_000184	0	HPCLAS_TRAIN_N_000184	1	-1.1811089351087023	-2.305640459060669	0.09065689673616605	0
K3	HPCLAS_TRAIN_N_000187	0	HPCLAS_TRAIN_N_000187	1	-0.9153507085879108	-1.467495322227478	0.18732361119279514	0
K3	HPCLAS_TRAIN_N_000188	0	HPCLAS_TRAIN_N_000188	1	-2.709148471386988	-2.8170652389526367	0.056408938807802844	0
K3	HPCLAS_TRAIN_N_000197	0	HPCLAS_TRAIN_N_000197	1	-1.8670694017754776	-2.2258856296539307	0.09744991510089396	0
K3	HPCLAS_TRAIN_N_000198	0	HPCLAS_TRAIN_N_000198	1	-0.9241929760158446	-2.7434957027435303	0.06045504124574049	0
K3	HPCLAS_TRAIN_N_000206	0	HPCLAS_TRAIN_N_000206	1	-3.921047426839874	-3.370596170425415	0.03322715266178288	0
K3	HPCLAS_TRAIN_N_000218	0	HPCLAS_TRAIN_N_000218	1	-1.9029662195244288	-3.2447385787963867	0.03751641002210419	0
K3	HPCLAS_TRAIN_N_000219	0	HPCLAS_TRAIN_N_000219	1	-0.8910030194100461	-1.7739500999450684	0.145051782930606	0
K3	HPCLAS_TRAIN_N_000220	0	HPCLAS_TRAIN_N_000220	1	-0.6449796395582542	0.32456696033477783	0.5804368503834925	1
K3	HPCLAS_TRAIN_N_000224	0	HPCLAS_TRAIN_N_000224	1	-3.6351733336620975	-1.7159967422485352	0.15238752746938336	0
K3	HPCLAS_TRAIN_N_000240	0	HPCLAS_TRAIN_N_000240	1	-1.4512598939842585	-1.8036346435546875	0.1414091978225354	0
K3	HPCLAS_TRAIN_N_000248	0	HPCLAS_TRAIN_N_000248	1	-3.828342001663565	-2.9111783504486084	0.05160373558407358	0
K3	HPCLAS_TRAIN_N_000249	0	HPCLAS_TRAIN_N_000249	1	-0.8350007323816024	-1.962510585784912	0.12319560134682667	0
K3	HPCLAS_TRAIN_N_000250	0	HPCLAS_TRAIN_N_000250	1	0.7472968150043435	1.1013127565383911	0.7505059958118206	1
K3	HPCLAS_TRAIN_N_000252	0	HPCLAS_TRAIN_N_000252	1	-1.836602406818636	-2.2644565105438232	0.09410974973527385	0
K3	HPCLAS_TRAIN_N_000257	0	HPCLAS_TRAIN_N_000257	1	0.4668222688704946	0.10775811225175858	0.5269134902386735	1
K3	HPCLAS_TRAIN_N_000258	0	HPCLAS_TRAIN_N_000258	1	-2.165363304677377	-2.259005069732666	0.09457553146524307	0
K3	HPCLAS_TRAIN_N_000260	0	HPCLAS_TRAIN_N_000260	1	-3.3846554903758013	-3.1491219997406006	0.041125887798709924	0
K3	HPCLAS_TRAIN_N_000267	0	HPCLAS_TRAIN_N_000267	1	-3.5816746346604806	-2.766408681869507	0.059166611292343844	0
K3	HPCLAS_TRAIN_N_000271	0	HPCLAS_TRAIN_N_000271	1	-2.5082094489693407	-1.3693734407424927	0.20272109536732932	0
K3	HPCLAS_TRAIN_N_000283	0	HPCLAS_TRAIN_N_000283	1	-0.8014106218799976	-0.3790445029735565	0.40635737198533445	0
K3	HPCLAS_TRAIN_N_000286	0	HPCLAS_TRAIN_N_000286	1	-0.8561580118514559	-2.307849884033203	0.09047492032162768	0
K3	HPCLAS_TRAIN_N_000288	0	HPCLAS_TRAIN_N_000288	1	-1.6845042550310192	-1.0371369123458862	0.2617028062723062	0
K3	HPCLAS_TRAIN_N_000290	0	HPCLAS_TRAIN_N_000290	1	-2.663011626902977	-2.4684019088745117	0.07810322510849232	0
K3	HPCLAS_TRAIN_N_000296	0	HPCLAS_TRAIN_N_000296	1	-1.0277415916683486	-1.3960886001586914	0.19843752521952812	0
K3	HPCLAS_TRAIN_N_000299	0	HPCLAS_TRAIN_N_000299	1	-2.077950553386805	-2.542447805404663	0.0729354897287922	0
K3	HPCLAS_TRAIN_N_000317	0	HPCLAS_TRAIN_N_000317	1	0.4939586983462945	1.6724098920822144	0.8418968579062904	1
K3	HPCLAS_TRAIN_N_000321	0	HPCLAS_TRAIN_N_000321	1	-2.2901008132454472	-2.690946578979492	0.06350969613392408	0
K3	HPCLAS_TRAIN_N_000324	0	HPCLAS_TRAIN_N_000324	1	0.254572967223984	-0.6557661294937134	0.34169133214039626	0
K3	HPCLAS_TRAIN_N_000326	0	HPCLAS_TRAIN_N_000326	1	0.8700347180852096	0.21401003003120422	0.5532992359038308	1
K3	HPCLAS_TRAIN_N_000340	0	HPCLAS_TRAIN_N_000340	1	-3.299287818616796	-2.784916639328003	0.058144715492199316	0
K3	HPCLAS_TRAIN_N_000345	0	HPCLAS_TRAIN_N_000345	1	-2.933571282127748	-2.8150527477264404	0.056516153295456804	0
K3	HPCLAS_TRAIN_N_000365	0	HPCLAS_TRAIN_N_000365	1	-2.889024818357929	-2.7246735095977783	0.06153303274523132	0
K3	HPCLAS_TRAIN_N_000390	0	HPCLAS_TRAIN_N_000390	1	0.1853266217338462	0.7263319492340088	0.6739998285467927	1
K3	HPCLAS_TRAIN_N_000392	0	HPCLAS_TRAIN_N_000392	1	-2.167683139342624	-3.1140644550323486	0.04253082358057118	0
K3	HPCLAS_TRAIN_N_000393	0	HPCLAS_TRAIN_N_000393	1	0.5138144130783215	-1.6612176895141602	0.15959860432978779	0
K3	HPCLAS_TRAIN_N_000402	0	HPCLAS_TRAIN_N_000402	1	-2.2738299246684908	-1.7325079441070557	0.1502670672413391	0
K3	HPCLAS_TRAIN_N_000403	0	HPCLAS_TRAIN_N_000403	1	0.5379245225302369	0.6387224197387695	0.6544646047721557	1
K3	HPCLAS_TRAIN_N_000404	0	HPCLAS_TRAIN_N_000404	1	-2.928169277618201	-2.3515431880950928	0.0869431897733031	0
K3	HPCLAS_TRAIN_N_000405	0	HPCLAS_TRAIN_N_000405	1	-0.171906329542791	-1.0550426244735718	0.25825795480687674	0
K3	HPCLAS_TRAIN_N_000421	0	HPCLAS_TRAIN_N_000421	1	-3.580986508524018	-2.9168641567230225	0.05132617611691947	0
K3	HPCLAS_TRAIN_N_000435	0	HPCLAS_TRAIN_N_000435	1	-3.6909418604127606	-2.85660719871521	0.05434078590534029	0
K3	HPCLAS_TRAIN_N_000441	0	HPCLAS_TRAIN_N_000441	1	-2.916177291673688	-2.940197706222534	0.050201845398905875	0
K3	HPCLAS_TRAIN_N_000445	0	HPCLAS_TRAIN_N_000445	1	-2.0894768781684507	-2.3118274211883545	0.09014814465101668	0
K3	HPCLAS_TRAIN_N_000448	0	HPCLAS_TRAIN_N_000448	1	-2.144028759037796	-2.32547664642334	0.08903486048872386	0
K3	HPCLAS_TRAIN_N_000450	0	HPCLAS_TRAIN_N_000450	1	-1.1831967860084585	-2.2314536571502686	0.09696128447296379	0
K3	HPCLAS_TRAIN_N_000453	0	HPCLAS_TRAIN_N_000453	1	-1.5178854605004977	-2.478482484817505	0.07738047223775972	0
K3	HPCLAS_TRAIN_N_000455	0	HPCLAS_TRAIN_N_000455	1	-1.712397004447967	-2.0737364292144775	0.11167583039437906	0
K3	HPCLAS_TRAIN_N_000458	0	HPCLAS_TRAIN_N_000458	1	0.6800807878293773	-0.9661301374435425	0.2756525195078323	0
K3	HPCLAS_TRAIN_N_000464	0	HPCLAS_TRAIN_N_000464	1	-0.6976892794808407	-1.1845245361328125	0.23423964803974198	0
K3	HPCLAS_TRAIN_N_000469	0	HPCLAS_TRAIN_N_000469	1	-1.912165786479192	-1.9254858493804932	0.1272510707279291	0
K3	HPCLAS_TRAIN_N_000471	0	HPCLAS_TRAIN_N_004080	1	-1.2591574204032874	-2.004179000854492	0.1187648515006404	0
K3	HPCLAS_TRAIN_N_000473	0	HPCLAS_TRAIN_N_000473	1	-2.591459932656386	-2.933828592300415	0.050506406551434596	0
K3	HPCLAS_TRAIN_N_000476	0	HPCLAS_TRAIN_N_000476	1	-1.4824183255730834	-2.4016895294189453	0.08304395212749684	0
K3	HPCLAS_TRAIN_N_000487	0	HPCLAS_TRAIN_N_000487	1	-0.5480635993779396	-1.8280417919158936	0.13847171677016534	0
K3	HPCLAS_TRAIN_N_000490	0	HPCLAS_TRAIN_N_000490	1	-1.8711459071634151	-1.11360502243042	0.24719941199710965	0
K3	HPCLAS_TRAIN_N_000496	0	HPCLAS_TRAIN_N_000496	1	-2.337812925123632	-1.647109866142273	0.16149994210327054	0
K3	HPCLAS_TRAIN_N_000497	0	HPCLAS_TRAIN_N_000497	1	-1.9113592229366407	-1.1131069660186768	0.2472921079118327	0
K3	HPCLAS_TRAIN_N_000507	0	HPCLAS_TRAIN_N_000507	1	-3.5832712421911723	-3.289118766784668	0.03594637185622062	0
K3	HPCLAS_TRAIN_N_000513	0	HPCLAS_TRAIN_N_000513	1	-1.558167310330148	-1.9206557273864746	0.12778846204172198	0
K3	HPCLAS_TRAIN_N_000514	0	HPCLAS_TRAIN_N_000514	1	-0.645225248586583	-1.7801051139831543	0.14429015512853105	0
K3	HPCLAS_TRAIN_N_000518	0	HPCLAS_TRAIN_N_000518	1	-1.8650450069422788	-2.144066572189331	0.10488698262424034	0
K3	HPCLAS_TRAIN_N_000536	0	HPCLAS_TRAIN_N_000536	1	-2.595981817995248	-2.450591564178467	0.07939530000082658	0
K3	HPCLAS_TRAIN_N_000538	0	HPCLAS_TRAIN_N_000538	1	-3.158287105838065	-3.0514352321624756	0.04515555084397299	0
K3	HPCLAS_TRAIN_N_000540	0	HPCLAS_TRAIN_N_000540	1	-2.7629899799515782	-2.5154526233673096	0.07478196870852231	0
K3	HPCLAS_TRAIN_N_000541	0	HPCLAS_TRAIN_N_000541	1	-2.8604074818738936	-1.194950819015503	0.23237465530338888	0
K3	HPCLAS_TRAIN_N_000544	0	HPCLAS_TRAIN_N_000544	1	0.9102902077505088	2.210796594619751	0.9012148676256272	1
K3	HPCLAS_TRAIN_N_000545	0	HPCLAS_TRAIN_N_000545	1	-1.412281599101486	-1.9580084085464478	0.1236827451193627	0
K3	HPCLAS_TRAIN_N_000559	0	HPCLAS_TRAIN_N_000559	1	-1.2129029165955074	-0.8317261934280396	0.3032801994152383	0
K3	HPCLAS_TRAIN_N_000561	0	HPCLAS_TRAIN_N_000561	1	-4.102303552576821	-3.1979613304138184	0.03924251365716514	0
K3	HPCLAS_TRAIN_N_000562	0	HPCLAS_TRAIN_N_000562	1	-1.389482328155884	-0.18125832080841064	0.45480907948914606	0
K3	HPCLAS_TRAIN_N_000565	0	HPCLAS_TRAIN_N_000565	1	-3.4354386995199597	-3.102673053741455	0.042997128657824187	0
K3	HPCLAS_TRAIN_N_000570	0	HPCLAS_TRAIN_N_000570	1	-1.3574043523163066	-0.8392685651779175	0.3016888549836913	0
K3	HPCLAS_TRAIN_N_000576	0	HPCLAS_TRAIN_N_000576	1	-1.7302803653810654	-0.8759528994560242	0.2940171389959881	0
K3	HPCLAS_TRAIN_N_000578	0	HPCLAS_TRAIN_N_000578	1	-2.5738604050778764	-2.860609769821167	0.05413546883726539	0
K3	HPCLAS_TRAIN_N_000586	0	HPCLAS_TRAIN_N_000586	1	-1.987140266681122	-2.1451802253723145	0.10478247250892479	0
K3	HPCLAS_TRAIN_N_000594	0	HPCLAS_TRAIN_N_000594	1	-0.7887274546099197	-1.183051586151123	0.23450395660837436	0
K3	HPCLAS_TRAIN_N_000595	0	HPCLAS_TRAIN_N_000595	1	-2.939110554382772	-2.750290632247925	0.06007023845447533	0
K3	HPCLAS_TRAIN_N_000609	0	HPCLAS_TRAIN_N_000609	1	-1.4931367554800166	-2.4784321784973145	0.07738406381989137	0
K3	HPCLAS_TRAIN_N_000612	0	HPCLAS_TRAIN_N_000612	1	-1.6836562014897656	-2.0298337936401367	0.11610597797150761	0
K3	HPCLAS_TRAIN_N_000615	0	HPCLAS_TRAIN_N_000615	1	-3.3426468465215526	-2.8833279609680176	0.05298390197248438	0
K3	HPCLAS_TRAIN_N_000635	0	HPCLAS_TRAIN_N_000635	1	-0.3835075992794728	-1.9154647588729858	0.128368158726892	0
K3	HPCLAS_TRAIN_N_000647	0	HPCLAS_TRAIN_N_000647	1	-2.7899791952679163	-2.894202470779419	0.05244090087865884	0
K3	HPCLAS_TRAIN_N_000649	0	HPCLAS_TRAIN_N_000649	1	0.6278140179454581	0.8286874890327454	0.6960773347802142	1
K3	HPCLAS_TRAIN_N_000652	0	HPCLAS_TRAIN_N_000652	1	-3.558844585852988	-3.0545494556427	0.04502146638028173	0
K3	HPCLAS_TRAIN_N_000664	0	HPCLAS_TRAIN_P_006891	1	-0.29782259897747	-1.247246265411377	0.2231771874424483	0
K3	HPCLAS_TRAIN_N_000671	0	HPCLAS_TRAIN_N_000671	1	-2.2571583127024373	-1.5491008758544922	0.17521616756339028	0
K3	HPCLAS_TRAIN_N_000674	0	HPCLAS_TRAIN_N_000674	1	-0.9633883970451134	0.22161194682121277	0.5551773494993733	1
K3	HPCLAS_TRAIN_N_000698	0	HPCLAS_TRAIN_N_000698	1	0.5320477765410543	-0.04701130837202072	0.48824933696952905	0
K3	HPCLAS_TRAIN_N_000699	0	HPCLAS_TRAIN_N_000699	1	-2.350747972792034	-2.931924819946289	0.05059778108920415	0
K3	HPCLAS_TRAIN_N_000701	0	HPCLAS_TRAIN_N_000701	1	-0.7848951455989536	-0.5615658164024353	0.36318523748278564	0
K3	HPCLAS_TRAIN_N_000717	0	HPCLAS_TRAIN_N_000717	1	-3.809741961154801	-3.540968179702759	0.02816877165706704	0
K3	HPCLAS_TRAIN_N_000722	0	HPCLAS_TRAIN_N_000722	1	-2.639229594575543	-2.1773624420166016	0.10180184836514809	0
K3	HPCLAS_TRAIN_N_000730	0	HPCLAS_TRAIN_N_000730	1	-0.5355984360345076	-1.7816224098205566	0.14410291493598784	0
K3	HPCLAS_TRAIN_N_000737	0	HPCLAS_TRAIN_N_000737	1	-3.2454371114299967	-3.1266305446624756	0.0420220393652379	0
K3	HPCLAS_TRAIN_N_000746	0	HPCLAS_TRAIN_N_000746	1	-3.411971383028624	-3.5111052989959717	0.028997897703527356	0
K3	HPCLAS_TRAIN_N_000748	0	HPCLAS_TRAIN_N_000748	1	-0.3072292142187094	0.43487659096717834	0.607037550104265	1
K3	HPCLAS_TRAIN_N_000753	0	HPCLAS_TRAIN_N_000753	1	-3.197970623107689	-2.411029577255249	0.08233549355902507	0
K3	HPCLAS_TRAIN_N_000756	0	HPCLAS_TRAIN_N_000756	1	-0.8033951264778721	-1.6467299461364746	0.16155139661732743	0
K3	HPCLAS_TRAIN_N_000769	0	HPCLAS_TRAIN_N_000769	1	-1.4675696907824027	-1.9072599411010742	0.12928899656433382	0
K3	HPCLAS_TRAIN_N_000771	0	HPCLAS_TRAIN_N_000771	1	-2.241340625937787	-3.1396608352661133	0.04150060860316549	0
K3	HPCLAS_TRAIN_N_000779	0	HPCLAS_TRAIN_N_000779	1	-0.5601948204147235	-1.8929493427276611	0.13090855285401093	0
K3	HPCLAS_TRAIN_N_000796	0	HPCLAS_TRAIN_N_000796	1	-1.3227174722261366	-2.2778799533843994	0.09297157791333671	0
K3	HPCLAS_TRAIN_N_000818	0	HPCLAS_TRAIN_N_000818	1	-1.6240432487835124	-2.133343458175659	0.10589800357540557	0
K3	HPCLAS_TRAIN_N_000844	0	HPCLAS_TRAIN_N_000844	1	-2.745217358423759	-2.380070924758911	0.08470506676380983	0
K3	HPCLAS_TRAIN_N_000846	0	HPCLAS_TRAIN_N_000846	1	0.2432332473342215	0.9660093784332275	0.7243233681037556	1
K3	HPCLAS_TRAIN_N_000850	0	HPCLAS_TRAIN_N_000850	1	-2.5955486950589672	-2.6357195377349854	0.06687465212695619	0
K3	HPCLAS_TRAIN_N_000851	0	HPCLAS_TRAIN_N_000851	1	-1.250661343466508	-1.809455156326294	0.1407039879132243	0
K3	HPCLAS_TRAIN_N_000859	0	HPCLAS_TRAIN_N_000859	1	-3.065704329622764	-3.3556535243988037	0.033710519310808665	0
K3	HPCLAS_TRAIN_N_000860	0	HPCLAS_TRAIN_N_000860	1	-1.2113537376940164	-0.25799548625946045	0.4358565257605028	0
K3	HPCLAS_TRAIN_N_000867	0	HPCLAS_TRAIN_N_000867	1	-2.9791507700184834	-3.6804206371307373	0.02459233632913155	0
K3	HPCLAS_TRAIN_N_000872	0	HPCLAS_TRAIN_N_000872	1	-2.587572070459544	-2.7651712894439697	0.059235529469282226	0
K3	HPCLAS_TRAIN_N_000874	0	HPCLAS_TRAIN_N_000874	1	-2.717835427029065	-2.870715856552124	0.05362031413042056	0
K3	HPCLAS_TRAIN_N_000875	0	HPCLAS_TRAIN_N_000875	1	-2.9101615152499063	-2.7084453105926514	0.06247685305478584	0
K3	HPCLAS_TRAIN_N_000877	0	HPCLAS_TRAIN_N_000877	1	-1.749111056057211	-2.548588991165161	0.07252133539848667	0
K3	HPCLAS_TRAIN_N_000879	0	HPCLAS_TRAIN_N_000879	1	-1.267523999950574	-1.4227142333984375	0.19423643003594576	0
K3	HPCLAS_TRAIN_N_000890	0	HPCLAS_TRAIN_N_000890	1	-1.365699895153254	-1.9253833293914795	0.12726245685213747	0
K3	HPCLAS_TRAIN_N_000891	0	HPCLAS_TRAIN_N_000891	1	-2.3134713294074505	-2.193993091583252	0.10029120988058593	0
K3	HPCLAS_TRAIN_N_000901	0	HPCLAS_TRAIN_N_000901	1	-1.1108264540739892	-1.0072160959243774	0.26752501857236	0
K3	HPCLAS_TRAIN_N_000911	0	HPCLAS_TRAIN_N_000911	1	-1.6972181817778111	-2.4611868858337402	0.0786243131446391	0
K3	HPCLAS_TRAIN_N_000929	0	HPCLAS_TRAIN_N_000929	1	-1.8323941292218584	-1.6351799964904785	0.16312198875268158	0
K3	HPCLAS_TRAIN_N_000934	0	HPCLAS_TRAIN_N_000934	1	-3.138006690760311	-2.673396110534668	0.06456156249986608	0
K3	HPCLAS_TRAIN_N_000938	0	HPCLAS_TRAIN_N_000938	1	-2.672023509441388	-2.845325469970703	0.05492345321621324	0
K3	HPCLAS_TRAIN_N_000942	0	HPCLAS_TRAIN_N_000942	1	-3.1321135007638423	-3.0616235733032227	0.044718295031414126	0
K3	HPCLAS_TRAIN_N_000947	0	HPCLAS_TRAIN_N_000947	1	-2.7973742542418067	-3.1529576778411865	0.04097489550777716	0
K3	HPCLAS_TRAIN_N_000948	0	HPCLAS_TRAIN_N_000948	1	-1.9335992961440007	-2.4964334964752197	0.0761085836944369	0
K3	HPCLAS_TRAIN_N_000950	0	HPCLAS_TRAIN_N_000950	1	-1.9771113442065484	-3.0915796756744385	0.04345592439932897	0
K3	HPCLAS_TRAIN_N_000951	0	HPCLAS_TRAIN_N_000951	1	-0.3379814936956123	-1.6252681016921997	0.16447961541989145	0
K3	HPCLAS_TRAIN_N_000970	0	HPCLAS_TRAIN_N_000970	1	-3.0515637934332083	-2.4606893062591553	0.07866036662667594	0
K3	HPCLAS_TRAIN_N_000972	0	HPCLAS_TRAIN_N_000972	1	-1.891386313973264	-2.441620111465454	0.08005351793641562	0
K3	HPCLAS_TRAIN_N_000991	0	HPCLAS_TRAIN_N_000991	1	-3.20172411455067	-3.0394368171691895	0.04567571332979597	0
K3	HPCLAS_TRAIN_N_000999	0	HPCLAS_TRAIN_N_000999	1	-0.3255040886290351	-1.4980168342590332	0.18272149224524448	0
K3	HPCLAS_TRAIN_N_001003	0	HPCLAS_TRAIN_N_001003	1	-1.8646968027056143	-2.430288553237915	0.08089201112224292	0
K3	HPCLAS_TRAIN_N_001006	0	HPCLAS_TRAIN_N_001006	1	-1.54953956919323	-2.3054873943328857	0.09066951591109476	0
K3	HPCLAS_TRAIN_N_001008	0	HPCLAS_TRAIN_N_001008	1	-4.898031292739001	-4.123946666717529	0.01592288834658711	0
K3	HPCLAS_TRAIN_N_001041	0	HPCLAS_TRAIN_N_001041	1	-0.2858054377964411	0.39524441957473755	0.5975445464846105	1
K3	HPCLAS_TRAIN_N_001048	0	HPCLAS_TRAIN_N_001048	1	-2.316582014975276	-2.6388726234436035	0.06667816041504457	0
K3	HPCLAS_TRAIN_N_001050	0	HPCLAS_TRAIN_N_001050	1	-2.9840469980103563	-3.164276599884033	0.040532411399425004	0
K3	HPCLAS_TRAIN_N_001057	0	HPCLAS_TRAIN_N_001057	1	-2.28531599510498	-1.3012534379959106	0.21395414097477605	0
K3	HPCLAS_TRAIN_N_001060	0	HPCLAS_TRAIN_P_006534	1	-1.7360272063779705	-2.615251302719116	0.06816329905869645	0
K3	HPCLAS_TRAIN_N_001062	0	HPCLAS_TRAIN_N_001062	1	-1.8388234046804184	-2.37709903717041	0.08493576211718731	0
K3	HPCLAS_TRAIN_N_001072	0	HPCLAS_TRAIN_N_001072	1	-1.8356119921204508	-1.305128574371338	0.2133031516088244	0
K3	HPCLAS_TRAIN_N_001073	0	HPCLAS_TRAIN_P_002532	1	-0.0895487760518476	-1.0043007135391235	0.2680966904920003	0
K3	HPCLAS_TRAIN_N_001075	0	HPCLAS_TRAIN_N_001075	1	-1.66393810072937	-1.0157800912857056	0.2658502022338268	0
K3	HPCLAS_TRAIN_N_001086	0	HPCLAS_TRAIN_N_001086	1	-1.5880403935696552	-2.7539737224578857	0.05986262117077605	0
K3	HPCLAS_TRAIN_N_001092	0	HPCLAS_TRAIN_N_001092	1	-2.865552867775724	-2.9822022914886475	0.048236421594531224	0
K3	HPCLAS_TRAIN_N_001107	0	HPCLAS_TRAIN_N_001107	1	0.3986247662244805	-1.2092044353485107	0.22984184722154216	0
K3	HPCLAS_TRAIN_N_001110	0	HPCLAS_TRAIN_N_001110	1	-2.9373983963979944	-2.5979857444763184	0.06926816696167878	0
K3	HPCLAS_TRAIN_N_001114	0	HPCLAS_TRAIN_N_001114	1	-1.871440453342412	-2.5904581546783447	0.06975504768806819	0
K3	HPCLAS_TRAIN_N_001116	0	HPCLAS_TRAIN_N_001116	1	-0.6419723202685395	-0.19509145617485046	0.451381243455061	0
K3	HPCLAS_TRAIN_N_001118	0	HPCLAS_TRAIN_N_001118	1	1.0297481688430503	0.3827407956123352	0.5945339790607237	1
K3	HPCLAS_TRAIN_N_001119	0	HPCLAS_TRAIN_N_001119	1	-2.989430930741725	-2.9058797359466553	0.05186367093078257	0
K3	HPCLAS_TRAIN_N_001124	0	HPCLAS_TRAIN_N_001124	1	-1.0608935713032237	-1.2938508987426758	0.21520171950078643	0
K3	HPCLAS_TRAIN_N_001129	0	HPCLAS_TRAIN_N_001129	1	-2.730341481859365	-2.463369131088257	0.07846637107370653	0
K3	HPCLAS_TRAIN_N_001130	0	HPCLAS_TRAIN_N_001130	1	-1.3805173038561962	-0.4924573004245758	0.37931486156253547	0
K3	HPCLAS_TRAIN_N_001133	0	HPCLAS_TRAIN_N_001133	1	-2.38277864179516	-3.0077943801879883	0.047074988649806034	0
K3	HPCLAS_TRAIN_N_001135	0	HPCLAS_TRAIN_N_001135	1	-1.9604440269525203	-1.673654556274414	0.15793753964439158	0
K3	HPCLAS_TRAIN_N_001148	0	HPCLAS_TRAIN_N_001148	1	-2.88306902096939	-3.2038657665252686	0.03902050604530584	0
K3	HPCLAS_TRAIN_N_001158	0	HPCLAS_TRAIN_N_001158	1	-1.9876045644124003	-0.4667111933231354	0.3853949548417077	0
K3	HPCLAS_TRAIN_N_001177	0	HPCLAS_TRAIN_N_001177	1	-2.4189273776042	-2.489655017852783	0.07658659130021632	0
K3	HPCLAS_TRAIN_N_001189	0	HPCLAS_TRAIN_N_001189	1	-3.033584838186894	-2.477513551712036	0.07744967535452651	0
K3	HPCLAS_TRAIN_N_001191	0	HPCLAS_TRAIN_N_001191	1	-2.1623480253017195	-2.3550264835357666	0.0866670691601212	0
K3	HPCLAS_TRAIN_N_001198	0	HPCLAS_TRAIN_N_001198	1	-0.2723484781393812	-0.3850689232349396	0.40490491849423704	0
K3	HPCLAS_TRAIN_N_001203	0	HPCLAS_TRAIN_N_001203	1	-3.764102216408616	-2.589757204055786	0.06980054558940506	0
K3	HPCLAS_TRAIN_N_001215	0	HPCLAS_TRAIN_N_001215	1	0.2129155232421864	0.13917496800422668	0.5347376886253992	1
K3	HPCLAS_TRAIN_N_001220	0	HPCLAS_TRAIN_N_001220	1	-1.896552297234664	-2.4373271465301514	0.08037024364548141	0
K3	HPCLAS_TRAIN_N_001223	0	HPCLAS_TRAIN_N_001223	1	-2.9226951474087777	-2.3984076976776123	0.08329419812279851	0
K3	HPCLAS_TRAIN_N_001227	0	HPCLAS_TRAIN_N_001227	1	-2.6035325322143	-1.7135567665100098	0.15270295570286416	0
K3	HPCLAS_TRAIN_N_001236	0	HPCLAS_TRAIN_N_001236	1	-3.0909142577047954	-3.219195604324341	0.03844971404349242	0
K3	HPCLAS_TRAIN_N_001241	0	HPCLAS_TRAIN_N_001241	1	-3.863541596331223	-3.241957426071167	0.03761696373954867	0
K3	HPCLAS_TRAIN_N_001245	0	HPCLAS_TRAIN_N_001245	1	-2.6318211557391344	-2.760579824447632	0.05949191498779852	0
K3	HPCLAS_TRAIN_N_001249	0	HPCLAS_TRAIN_N_001249	1	-2.887701271600057	-3.3215420246124268	0.03483951962327112	0
K3	HPCLAS_TRAIN_N_001263	0	HPCLAS_TRAIN_P_001506	1	-0.0047623009087979	-1.2734909057617188	0.21866025228209543	0
K3	HPCLAS_TRAIN_N_001266	0	HPCLAS_TRAIN_N_001266	1	-2.5502615738023304	-2.499462127685547	0.07589589547278636	0
K3	HPCLAS_TRAIN_N_001267	0	HPCLAS_TRAIN_N_001267	1	-2.9502866419845617	-2.8036928176879883	0.057124948899855664	0
K3	HPCLAS_TRAIN_N_001268	0	HPCLAS_TRAIN_N_001268	1	-2.8468661239408144	-2.769094228744507	0.059017294708180776	0
K3	HPCLAS_TRAIN_N_001271	0	HPCLAS_TRAIN_N_001271	1	-1.0384420776991876	-1.9247052669525146	0.12733778606161958	0
K3	HPCLAS_TRAIN_N_001285	0	HPCLAS_TRAIN_N_001285	1	0.1403231277371687	-0.9776207804679871	0.2733641278229431	0
K3	HPCLAS_TRAIN_N_001298	0	HPCLAS_TRAIN_N_001298	1	-4.092402441554697	-3.5797901153564453	0.027125255397827997	0
K3	HPCLAS_TRAIN_N_001303	0	HPCLAS_TRAIN_N_001303	1	-1.7689087576675049	-2.2231712341308594	0.09768891650055041	0
K3	HPCLAS_TRAIN_N_001304	0	HPCLAS_TRAIN_N_001304	1	-1.5410296687283491	-1.8884027004241943	0.13142669980909918	0
K3	HPCLAS_TRAIN_N_001308	0	HPCLAS_TRAIN_N_001308	1	-3.329061489863701	-2.87541127204895	0.05338254323436098	0
K3	HPCLAS_TRAIN_N_001311	0	HPCLAS_TRAIN_N_001311	1	-1.7219159213709143	-2.605308771133423	0.06879753738019684	0
K3	HPCLAS_TRAIN_N_001319	0	HPCLAS_TRAIN_N_001319	1	-2.3324395048754574	-2.255910634994507	0.09484084364549919	0
K3	HPCLAS_TRAIN_N_001323	0	HPCLAS_TRAIN_N_001323	1	-2.76977425891467	-2.1752965450286865	0.10199090579156177	0
K3	HPCLAS_TRAIN_N_001336	0	HPCLAS_TRAIN_N_001336	1	-4.215706337865955	-3.6271870136260986	0.025902118969128002	0
K3	HPCLAS_TRAIN_N_001346	0	HPCLAS_TRAIN_N_001346	1	-2.199687415929354	-3.022599220275879	0.0464152949181662	0
K3	HPCLAS_TRAIN_N_001347	0	HPCLAS_TRAIN_N_001347	1	-2.2761351662383453	-2.2755367755889893	0.09316936163463516	0
K3	HPCLAS_TRAIN_N_001369	0	HPCLAS_TRAIN_N_001369	1	-3.6010447508251624	-3.1803882122039795	0.039910455931214055	0
K3	HPCLAS_TRAIN_N_001371	0	HPCLAS_TRAIN_N_001371	1	0.3558332610937413	1.0618038177490234	0.7430351062863608	1
K3	HPCLAS_TRAIN_N_001372	0	HPCLAS_TRAIN_N_001372	1	-2.48436183867418	-3.1145565509796143	0.04251078898328647	0
K3	HPCLAS_TRAIN_N_001383	0	HPCLAS_TRAIN_N_001383	1	-3.8833785351701184	-3.407376766204834	0.03206571625894687	0
K3	HPCLAS_TRAIN_N_001385	0	HPCLAS_TRAIN_N_001385	1	-3.142740670093811	-3.041855573654175	0.045570396866558616	0
K3	HPCLAS_TRAIN_N_001393	0	HPCLAS_TRAIN_N_001393	1	-1.2665320036822554	-1.316239356994629	0.21144464690069495	0
K3	HPCLAS_TRAIN_N_001399	0	HPCLAS_TRAIN_N_001399	1	-5.7735596022840605	-4.515811920166016	0.010816448526455904	0
K3	HPCLAS_TRAIN_N_001408	0	HPCLAS_TRAIN_N_001408	1	-2.3670349799244303	-2.602769374847412	0.06896040061836471	0
K3	HPCLAS_TRAIN_N_001410	0	HPCLAS_TRAIN_N_001410	1	-1.6877136119117402	-0.46553701162338257	0.3856731155920589	0
K3	HPCLAS_TRAIN_N_001424	0	HPCLAS_TRAIN_N_001424	1	-2.502001299402853	-2.6292240619659424	0.06728112774979861	0
K3	HPCLAS_TRAIN_N_001427	0	HPCLAS_TRAIN_N_001427	1	-0.145062975930287	-1.5580781698226929	0.17392259012181085	0
K3	HPCLAS_TRAIN_N_001431	0	HPCLAS_TRAIN_N_001431	1	-2.423281220098359	-2.8697731494903564	0.05366817210156969	0
K3	HPCLAS_TRAIN_N_001435	0	HPCLAS_TRAIN_N_001435	1	-2.059463049897658	-2.277759313583374	0.09298175170958395	0
K3	HPCLAS_TRAIN_N_001437	0	HPCLAS_TRAIN_P_003824	1	-0.1330192590896239	0.003603987395763397	0.5009009958737087	1
K3	HPCLAS_TRAIN_N_001445	0	HPCLAS_TRAIN_N_001445	1	-1.8151654608883168	-2.440706729888916	0.08012080968547311	0
K3	HPCLAS_TRAIN_N_001448	0	HPCLAS_TRAIN_N_001448	1	-1.356385864298032	-1.9436306953430176	0.12524952843743456	0
K3	HPCLAS_TRAIN_N_001454	0	HPCLAS_TRAIN_N_001454	1	-2.825045147909548	-2.0987675189971924	0.10921666954831058	0
K3	HPCLAS_TRAIN_N_001456	0	HPCLAS_TRAIN_N_001456	1	-1.4636958594725362	-0.8109055161476135	0.3076975692703991	0
K3	HPCLAS_TRAIN_N_001465	0	HPCLAS_TRAIN_N_001465	1	-1.9287853334411744	-2.3467154502868652	0.08732720027779078	0
K3	HPCLAS_TRAIN_N_001476	0	HPCLAS_TRAIN_N_001476	1	-0.2675432068576184	-0.1330716609954834	0.46678109051246536	0
K3	HPCLAS_TRAIN_N_001478	0	HPCLAS_TRAIN_N_001478	1	-0.2096035667904138	-0.49201008677482605	0.3794201570329617	0
K3	HPCLAS_TRAIN_N_001490	0	HPCLAS_TRAIN_N_001490	1	-1.4060610130109124	-1.9358035326004028	0.12610960711991542	0
K3	HPCLAS_TRAIN_N_001505	0	HPCLAS_TRAIN_N_001505	1	-1.661394793211702	-1.4651529788970947	0.18768045544764522	0
K3	HPCLAS_TRAIN_N_001507	0	HPCLAS_TRAIN_N_001507	1	-2.154353620199615	0.33482471108436584	0.582932838203777	1
K3	HPCLAS_TRAIN_N_001511	0	HPCLAS_TRAIN_N_001511	1	-3.942896283711471	-3.359351396560669	0.03359027185570195	0
K3	HPCLAS_TRAIN_N_001512	0	HPCLAS_TRAIN_N_001512	1	-1.3822468867572475	-2.583220958709717	0.0702261289120372	0
K3	HPCLAS_TRAIN_N_001513	0	HPCLAS_TRAIN_N_001513	1	-0.9022322718200912	-1.0947601795196533	0.25072296580714365	0
K3	HPCLAS_TRAIN_N_001521	0	HPCLAS_TRAIN_N_001521	1	0.3248121064014987	1.4413514137268066	0.8086638383636591	1
K3	HPCLAS_TRAIN_N_001528	0	HPCLAS_TRAIN_N_001528	1	-2.6700132076581875	-1.5139806270599365	0.18034961350932296	0
K3	HPCLAS_TRAIN_N_001530	0	HPCLAS_TRAIN_N_001530	1	-2.35425049103118	-2.6718719005584717	0.06465367579029001	0
K3	HPCLAS_TRAIN_N_001531	0	HPCLAS_TRAIN_N_001531	1	-4.893073091702798	-3.4567325115203857	0.030568714512964175	0
K3	HPCLAS_TRAIN_N_001532	0	HPCLAS_TRAIN_N_001532	1	-1.4854746280309934	-2.3259291648864746	0.08899816460267405	0
K3	HPCLAS_TRAIN_N_001535	0	HPCLAS_TRAIN_P_004817	1	-2.328800714363235	-2.8137624263763428	0.05658499529512598	0
K3	HPCLAS_TRAIN_N_001536	0	HPCLAS_TRAIN_N_001536	1	-0.9900152223166104	-1.7975831031799316	0.1421455269015626	0
K3	HPCLAS_TRAIN_N_001563	0	HPCLAS_TRAIN_N_001563	1	0.2985605760473346	0.19035211205482483	0.5474448550040062	1
K3	HPCLAS_TRAIN_N_001565	0	HPCLAS_TRAIN_N_001565	1	-1.0527987168308206	-2.3253204822540283	0.08904752741106457	0
K3	HPCLAS_TRAIN_N_001573	0	HPCLAS_TRAIN_N_001573	1	-2.0592584331613057	-2.131549835205078	0.10606795036953984	0
K3	HPCLAS_TRAIN_N_001575	0	HPCLAS_TRAIN_N_001575	1	-3.333037871370082	-3.4765100479125977	0.02998803179403118	0
K3	HPCLAS_TRAIN_N_001584	0	HPCLAS_TRAIN_N_001584	1	-1.5660340075467227	-2.6436564922332764	0.06638106624484374	0
K3	HPCLAS_TRAIN_N_001585	0	HPCLAS_TRAIN_N_001585	1	-3.1899455145073112	-3.2618508338928223	0.036903371448701185	0
K3	HPCLAS_TRAIN_N_001588	0	HPCLAS_TRAIN_N_001588	1	-2.5369010858006176	-2.4857780933380127	0.07686122208358556	0
K3	HPCLAS_TRAIN_N_001603	0	HPCLAS_TRAIN_N_001603	1	-1.909503689988036	-2.3653359413146973	0.08585448468518793	0
K3	HPCLAS_TRAIN_N_001610	0	HPCLAS_TRAIN_N_001610	1	0.4424940883014206	-0.5389875769615173	0.3684231290793861	0
K3	HPCLAS_TRAIN_N_001614	0	HPCLAS_TRAIN_N_001614	1	-2.192877509868324	-2.687307119369507	0.06372650159024348	0
K3	HPCLAS_TRAIN_N_001615	0	HPCLAS_TRAIN_N_001615	1	-0.6489399391595185	-0.9912235736846924	0.27067046669311	0
K3	HPCLAS_TRAIN_N_001617	0	HPCLAS_TRAIN_N_001617	1	-1.008001320537551	-1.865168571472168	0.13410174951180948	0
K3	HPCLAS_TRAIN_N_001622	0	HPCLAS_TRAIN_N_001622	1	-1.9908411282169736	-2.249248504638672	0.09541430705923118	0
K3	HPCLAS_TRAIN_N_001625	0	HPCLAS_TRAIN_N_001625	1	0.0083661567377391	0.049763165414333344	0.5124382246529231	1
K3	HPCLAS_TRAIN_N_001634	0	HPCLAS_TRAIN_N_001634	1	-3.140849617830556	-2.7151620388031006	0.06208458504476125	0
K3	HPCLAS_TRAIN_N_001650	0	HPCLAS_TRAIN_N_001650	1	-1.2228269421242948	-1.6644058227539062	0.15917145385870862	0
K3	HPCLAS_TRAIN_N_001659	0	HPCLAS_TRAIN_N_001659	1	-3.242861788744794	-2.1650803089141846	0.10293041019761677	0
K3	HPCLAS_TRAIN_N_001662	0	HPCLAS_TRAIN_N_001662	1	-0.7543256165173462	-2.103405237197876	0.1087662904662006	0
K3	HPCLAS_TRAIN_N_001670	0	HPCLAS_TRAIN_N_001670	1	-1.0739527223055738	-2.027034282684326	0.11639358775760568	0
K3	HPCLAS_TRAIN_N_001674	0	HPCLAS_TRAIN_N_001674	1	-3.251741947154306	-3.0635900497436523	0.044634365141208984	0
K3	HPCLAS_TRAIN_N_001681	0	HPCLAS_TRAIN_N_001681	1	-2.05710319907796	-2.5324220657348633	0.07361629845410202	0
K3	HPCLAS_TRAIN_N_001693	0	HPCLAS_TRAIN_N_001693	1	-1.395294258240379	-1.9577863216400146	0.12370681809240436	0
K3	HPCLAS_TRAIN_N_001694	0	HPCLAS_TRAIN_N_001694	1	1.2616768737183996	1.9675624370574951	0.8773490538307507	1
K3	HPCLAS_TRAIN_N_001697	0	HPCLAS_TRAIN_N_001697	1	-3.1707759232964023	-2.650728940963745	0.06594409581971544	0
K3	HPCLAS_TRAIN_N_001702	0	HPCLAS_TRAIN_N_001702	1	-3.807528088247622	-2.9316422939300537	0.05061135469717671	0
K3	HPCLAS_TRAIN_N_001713	0	HPCLAS_TRAIN_N_001713	1	-1.8154373721923456	-2.1416943073272705	0.10510991323085095	0
K3	HPCLAS_TRAIN_N_001719	0	HPCLAS_TRAIN_N_001719	1	-1.2689436487775017	-2.0472941398620605	0.11432607905139154	0
K3	HPCLAS_TRAIN_N_001731	0	HPCLAS_TRAIN_N_001731	1	-1.2269049183871252	-0.3625945448875427	0.410331645201486	0
K3	HPCLAS_TRAIN_N_001741	0	HPCLAS_TRAIN_N_001741	1	-3.9174146695984593	-3.7505908012390137	0.022964110507780928	0
K3	HPCLAS_TRAIN_N_001745	0	HPCLAS_TRAIN_N_001745	1	-1.340466562888755	-2.6478524208068848	0.0661214978132096	0
K3	HPCLAS_TRAIN_N_001758	0	HPCLAS_TRAIN_N_001758	1	-1.5201225189056848	-0.8611434698104858	0.29710049741679184	0
K3	HPCLAS_TRAIN_N_001761	0	HPCLAS_TRAIN_N_001761	1	-3.300791525624261	-2.229266881942749	0.09715292688783607	0
K3	HPCLAS_TRAIN_N_001776	0	HPCLAS_TRAIN_N_001776	1	-2.19511897958206	-2.906834840774536	0.05181672486509235	0
K3	HPCLAS_TRAIN_N_001779	0	HPCLAS_TRAIN_N_001779	1	-2.6335526151235062	-2.3434598445892334	0.08758702467416345	0
K3	HPCLAS_TRAIN_N_001782	0	HPCLAS_TRAIN_N_001782	1	-1.8650908163874949	-1.8471333980560303	0.13620982036051685	0
K3	HPCLAS_TRAIN_N_001787	0	HPCLAS_TRAIN_N_001787	1	-3.5388235950081324	-3.4765336513519287	0.029987345207108353	0
K3	HPCLAS_TRAIN_N_001802	0	HPCLAS_TRAIN_N_001802	1	-0.6322064348914351	-2.5319807529449463	0.07364640029927357	0
K3	HPCLAS_TRAIN_N_001805	0	HPCLAS_TRAIN_N_001805	1	-1.394573310702644	-1.6704413890838623	0.15836533909441888	0
K3	HPCLAS_TRAIN_N_001808	0	HPCLAS_TRAIN_N_001808	1	-2.571383983164812	-2.6245956420898438	0.0675721637270361	0
K3	HPCLAS_TRAIN_N_001811	0	HPCLAS_TRAIN_N_001811	1	-0.2155729201838658	1.3195667266845703	0.7891096121014802	1
K3	HPCLAS_TRAIN_N_001812	0	HPCLAS_TRAIN_N_001812	1	-1.8619824665781344	-2.8840129375457764	0.052949542693183665	0
K3	HPCLAS_TRAIN_N_001826	0	HPCLAS_TRAIN_N_001826	1	-2.796296808180244	-2.437725782394409	0.08034078505111306	0
K3	HPCLAS_TRAIN_N_001832	0	HPCLAS_TRAIN_N_001832	1	1.2473971595114255	0.3539372682571411	0.5875720294775785	1
K3	HPCLAS_TRAIN_N_001841	0	HPCLAS_TRAIN_N_001841	1	-3.487579558916281	-2.7896573543548584	0.05788563858892825	0
K3	HPCLAS_TRAIN_N_001842	0	HPCLAS_TRAIN_N_001842	1	0.386461106952693	-0.3389481008052826	0.41606501856251393	0
K3	HPCLAS_TRAIN_N_001843	0	HPCLAS_TRAIN_N_001843	1	-2.71643296990272	-2.271582841873169	0.09350396267193323	0
K3	HPCLAS_TRAIN_N_001860	0	HPCLAS_TRAIN_N_001860	1	-2.789274184638429	-3.0535614490509033	0.04506396436354334	0
K3	HPCLAS_TRAIN_N_001885	0	HPCLAS_TRAIN_N_001885	1	-2.8334673305856914	-2.7099034786224365	0.062391497526127916	0
K3	HPCLAS_TRAIN_N_001893	0	HPCLAS_TRAIN_N_001893	1	-2.767878529844153	-2.919368028640747	0.05120439496209856	0
K3	HPCLAS_TRAIN_N_001900	0	HPCLAS_TRAIN_N_001900	1	-0.6977084864829706	-1.9605375528335571	0.1234088837935837	0
K3	HPCLAS_TRAIN_N_001902	0	HPCLAS_TRAIN_N_001902	1	-0.7874105354172212	-0.3140304982662201	0.42213124606260083	0
K3	HPCLAS_TRAIN_N_001904	0	HPCLAS_TRAIN_N_001904	1	-1.04867875483504	-2.2258999347686768	0.09744865692424295	0
K3	HPCLAS_TRAIN_N_001923	0	HPCLAS_TRAIN_N_001923	1	-3.2839100184974326	-2.655372381210327	0.06565865674475174	0
K3	HPCLAS_TRAIN_N_001927	0	HPCLAS_TRAIN_N_001927	1	-2.149562409323759	-2.3826587200164795	0.08450465019020877	0
K3	HPCLAS_TRAIN_N_001930	0	HPCLAS_TRAIN_N_001930	1	-3.016845218524897	-3.456098794937134	0.030587499827905706	0
K3	HPCLAS_TRAIN_N_001936	0	HPCLAS_TRAIN_N_001936	1	-1.68352601851161	-2.849026679992676	0.05473165117663548	0
K3	HPCLAS_TRAIN_N_001939	0	HPCLAS_TRAIN_N_001939	1	-1.9294600453854411	-2.4092166423797607	0.08247257608038201	0
K3	HPCLAS_TRAIN_N_001945	0	HPCLAS_TRAIN_N_001945	1	-2.622417878313156	-2.5798227787017822	0.07044833541121816	0
K3	HPCLAS_TRAIN_N_001948	0	HPCLAS_TRAIN_N_001948	1	-2.8608122053209444	-2.6686065196990967	0.06485142599473237	0
K3	HPCLAS_TRAIN_N_001954	0	HPCLAS_TRAIN_N_001954	1	-2.1953249477105543	-2.168874979019165	0.10258055408702015	0
K3	HPCLAS_TRAIN_N_001955	0	HPCLAS_TRAIN_N_001955	1	-3.201565782484038	-3.3435659408569336	0.03410648869619265	0
K3	HPCLAS_TRAIN_N_001963	0	HPCLAS_TRAIN_N_001963	1	-1.8339181382241665	-1.9728366136550903	0.12208453279266848	0
K3	HPCLAS_TRAIN_N_001964	0	HPCLAS_TRAIN_N_001964	1	-1.1275799717021693	-2.4819090366363525	0.07713619531582556	0
K3	HPCLAS_TRAIN_N_001980	0	HPCLAS_TRAIN_N_001980	1	-3.003426586622203	-3.5197982788085938	0.0287541289251241	0
K3	HPCLAS_TRAIN_N_001983	0	HPCLAS_TRAIN_N_001983	1	-1.448601634529496	-1.5131256580352783	0.18047603267598386	0
K3	HPCLAS_TRAIN_N_001993	0	HPCLAS_TRAIN_N_001993	1	-2.8501020041301817	-1.7289786338806152	0.15071827029649237	0
K3	HPCLAS_TRAIN_N_002000	0	HPCLAS_TRAIN_N_002000	1	-1.071228431644648	-1.5618207454681396	0.17338553712450575	0
K3	HPCLAS_TRAIN_N_002004	0	HPCLAS_TRAIN_P_005044	1	-3.396206858348682	-3.0328972339630127	0.0459616185478424	0
K3	HPCLAS_TRAIN_N_002014	0	HPCLAS_TRAIN_N_002014	1	-0.9951345579880544	-1.2556145191192627	0.22172975203861478	0
K3	HPCLAS_TRAIN_N_002034	0	HPCLAS_TRAIN_N_002034	1	-0.4919800718080872	0.8021167516708374	0.6904270926579994	1
K3	HPCLAS_TRAIN_N_002043	0	HPCLAS_TRAIN_N_002043	1	-3.661955365581612	-3.254176616668701	0.037177096185139126	0
K3	HPCLAS_TRAIN_N_002044	0	HPCLAS_TRAIN_N_002044	1	-2.9087434201226947	-1.9558062553405762	0.12392162407179398	0
K3	HPCLAS_TRAIN_N_002051	0	HPCLAS_TRAIN_N_002051	1	-1.7423675499693128	-2.251349687576294	0.09523310718977475	0
K3	HPCLAS_TRAIN_N_002053	0	HPCLAS_TRAIN_N_002053	1	-3.617754213866156	-2.61161208152771	0.06839481528664709	0
K3	HPCLAS_TRAIN_N_002055	0	HPCLAS_TRAIN_N_002055	1	-3.547151467847422	-3.103131055831909	0.04297828655992375	0
K3	HPCLAS_TRAIN_N_002059	0	HPCLAS_TRAIN_N_002059	1	-2.722918533468218	-2.946744918823242	0.049890581455439204	0
K3	HPCLAS_TRAIN_N_002067	0	HPCLAS_TRAIN_N_002067	1	-3.102253860566523	-1.7612690925598145	0.14663146616055533	0
K3	HPCLAS_TRAIN_N_002073	0	HPCLAS_TRAIN_N_002073	1	-1.0751394804878147	-0.35459277033805847	0.41226913107975877	0
K3	HPCLAS_TRAIN_N_002083	0	HPCLAS_TRAIN_N_002083	1	-2.9665070363043444	-3.5138447284698486	0.028920862978362768	0
K3	HPCLAS_TRAIN_N_002085	0	HPCLAS_TRAIN_N_002085	1	-2.183414001045054	-2.8222320079803467	0.05613455682094956	0
K3	HPCLAS_TRAIN_N_002086	0	HPCLAS_TRAIN_N_002086	1	-3.3970589529512574	-3.1351330280303955	0.041681091487916204	0
K3	HPCLAS_TRAIN_N_002088	0	HPCLAS_TRAIN_N_002088	1	-0.8673429434703741	-2.2423107624053955	0.09601478957748144	0
K3	HPCLAS_TRAIN_N_002100	0	HPCLAS_TRAIN_N_002100	1	-2.4906838324883216	-2.440997362136841	0.08009939227659406	0
K3	HPCLAS_TRAIN_N_002103	0	HPCLAS_TRAIN_N_002103	1	-3.616589031701633	-3.3567216396331787	0.03367574372009856	0
K3	HPCLAS_TRAIN_N_002106	0	HPCLAS_TRAIN_N_002106	1	-0.9352260980618932	-1.4776394367218018	0.18578423322177814	0
K3	HPCLAS_TRAIN_N_002112	0	HPCLAS_TRAIN_N_002112	1	-0.7057219122661597	-1.4170091152191162	0.19513088820134314	0
K3	HPCLAS_TRAIN_N_002115	0	HPCLAS_TRAIN_N_002115	1	1.6270713208138796	1.883479118347168	0.868010234310647	1
K3	HPCLAS_TRAIN_N_002122	0	HPCLAS_TRAIN_N_002122	1	-1.079623711559952	-1.9299167394638062	0.12675979609021107	0
K3	HPCLAS_TRAIN_N_002123	0	HPCLAS_TRAIN_N_002123	1	-1.70029740942221	-2.356396436691284	0.08655869068709823	0
K3	HPCLAS_TRAIN_N_002133	0	HPCLAS_TRAIN_N_002133	1	-4.386644410553577	-2.493332624435425	0.07632691162361252	0
K3	HPCLAS_TRAIN_N_002135	0	HPCLAS_TRAIN_N_002135	1	-0.7346716212598209	-1.8011715412139893	0.14170851379017826	0
K3	HPCLAS_TRAIN_N_002139	0	HPCLAS_TRAIN_N_002139	1	0.2941653428749489	-0.26773956418037415	0.43346211266999046	0
K3	HPCLAS_TRAIN_N_002151	0	HPCLAS_TRAIN_N_002151	1	-1.881310902225808	-0.8532648086547852	0.2987484381781677	0
K3	HPCLAS_TRAIN_N_002155	0	HPCLAS_TRAIN_N_002155	1	0.0799311115979899	0.42032983899116516	0.6035621747436919	1
K3	HPCLAS_TRAIN_N_002164	0	HPCLAS_TRAIN_N_002164	1	0.3532998020011599	-0.971023440361023	0.2746765558436061	0
K3	HPCLAS_TRAIN_N_002176	0	HPCLAS_TRAIN_N_002176	1	-0.6570427494222041	-1.2908461093902588	0.21570963246135458	0
K3	HPCLAS_TRAIN_N_002181	0	HPCLAS_TRAIN_N_002181	1	-2.4581958920879634	-3.008532762527466	0.04704187668030461	0
K3	HPCLAS_TRAIN_N_002183	0	HPCLAS_TRAIN_N_002183	1	-0.2665298371454699	-0.0705958902835846	0.48235835366053187	0
K3	HPCLAS_TRAIN_N_002186	0	HPCLAS_TRAIN_N_002186	1	-2.0273865457769937	-2.6165528297424316	0.06808067633335257	0
K3	HPCLAS_TRAIN_N_002188	0	HPCLAS_TRAIN_N_002188	1	-0.5348950777044076	-0.9156827926635742	0.2858383711020501	0
K3	HPCLAS_TRAIN_N_002191	0	HPCLAS_TRAIN_N_002191	1	1.5798041818288373	-0.043419964611530304	0.4891467139291922	0
K3	HPCLAS_TRAIN_N_002196	0	HPCLAS_TRAIN_N_002196	1	-1.7170886064852575	-2.5310895442962646	0.07370722398472952	0
K3	HPCLAS_TRAIN_N_002199	0	HPCLAS_TRAIN_N_002199	1	1.8761010680152923	2.398261547088623	0.9166946416830277	1
K3	HPCLAS_TRAIN_N_002202	0	HPCLAS_TRAIN_N_002202	1	-2.244714037050736	-2.276667833328247	0.09307384385026482	0
K3	HPCLAS_TRAIN_N_002203	0	HPCLAS_TRAIN_N_002203	1	-1.6011402016037817	-1.641974687576294	0.16219654557518223	0
K3	HPCLAS_TRAIN_N_002207	0	HPCLAS_TRAIN_N_002207	1	-0.9577886626092442	-1.3935775756835938	0.19883723141766724	0
K3	HPCLAS_TRAIN_N_002208	0	HPCLAS_TRAIN_N_002208	1	-1.32859122857754	-1.4755942821502686	0.18609379941319343	0
K3	HPCLAS_TRAIN_N_002216	0	HPCLAS_TRAIN_N_002216	1	-0.815237221932796	-1.0419807434082031	0.260767988990586	0
K3	HPCLAS_TRAIN_N_002224	0	HPCLAS_TRAIN_N_002224	1	0.1601011048247939	-2.5090770721435547	0.07522428834233949	0
K3	HPCLAS_TRAIN_N_002231	0	HPCLAS_TRAIN_N_002231	1	-3.144978076182766	-2.6994874477386475	0.06300360736906857	0
K3	HPCLAS_TRAIN_N_002234	0	HPCLAS_TRAIN_N_002234	1	-1.900456262570207	-2.276775598526001	0.0930647476699087	0
K3	HPCLAS_TRAIN_N_002237	0	HPCLAS_TRAIN_N_002237	1	-3.037840322367153	-3.178884506225586	0.03996811423203171	0
K3	HPCLAS_TRAIN_N_002238	0	HPCLAS_TRAIN_N_002238	1	-2.557785473842122	-2.1646740436553955	0.10296792905313026	0
K3	HPCLAS_TRAIN_N_002241	0	HPCLAS_TRAIN_N_002241	1	0.1038448787131585	-0.4575117528438568	0.3875762709827421	0
K3	HPCLAS_TRAIN_N_002244	0	HPCLAS_TRAIN_N_002244	1	-0.821789126277707	-2.1200478076934814	0.10716349618530785	0
K3	HPCLAS_TRAIN_N_002246	0	HPCLAS_TRAIN_N_002246	1	-0.9918705334929536	-2.4693849086761475	0.07803247541165761	0
K3	HPCLAS_TRAIN_N_002247	0	HPCLAS_TRAIN_N_002247	1	-2.8879690315462607	-3.0944952964782715	0.04333489050615172	0
K3	HPCLAS_TRAIN_N_002250	0	HPCLAS_TRAIN_N_002250	1	-3.0705034907822943	-2.7499563694000244	0.06008911431374137	0
K3	HPCLAS_TRAIN_N_002258	0	HPCLAS_TRAIN_N_002258	1	0.1180101946154827	-1.1851685047149658	0.23412415823992386	0
K3	HPCLAS_TRAIN_N_002265	0	HPCLAS_TRAIN_N_002265	1	-0.5227512203731856	0.8096449971199036	0.6920338501811673	1
K3	HPCLAS_TRAIN_N_002278	0	HPCLAS_TRAIN_N_002278	1	-3.5175440390551027	-2.7456138134002686	0.060334844024030755	0
K3	HPCLAS_TRAIN_N_002279	0	HPCLAS_TRAIN_N_002279	1	-1.8680377800804029	-2.255075693130493	0.09491254436426742	0
K3	HPCLAS_TRAIN_N_002286	0	HPCLAS_TRAIN_N_002286	1	-2.256940355514476	-1.9207706451416016	0.12777565402081248	0
K3	HPCLAS_TRAIN_N_002290	0	HPCLAS_TRAIN_N_002290	1	-2.5552201331260576	-2.252105236053467	0.09516802619647297	0
K3	HPCLAS_TRAIN_N_002294	0	HPCLAS_TRAIN_N_002294	1	-3.3854751459447017	-2.641110897064209	0.06653900278680928	0
K3	HPCLAS_TRAIN_N_002298	0	HPCLAS_TRAIN_N_002298	1	-1.35985612255461	-1.2776219844818115	0.2179552863063989	0
K3	HPCLAS_TRAIN_N_002303	0	HPCLAS_TRAIN_N_002303	1	-1.391523352316575	-0.8458662033081055	0.300300734044849	0
K3	HPCLAS_TRAIN_N_002308	0	HPCLAS_TRAIN_N_002308	1	-1.6587040417207528	-2.373852491378784	0.08518842935872602	0
K3	HPCLAS_TRAIN_N_002314	0	HPCLAS_TRAIN_N_002314	1	-2.7344231133568613	-2.4793522357940674	0.07731840115660071	0
K3	HPCLAS_TRAIN_N_002318	0	HPCLAS_TRAIN_N_002318	1	-2.852679755013372	-3.1221539974212646	0.04220261800419852	0
K3	HPCLAS_TRAIN_N_002329	0	HPCLAS_TRAIN_N_002329	1	0.3356700593708435	-0.9669491052627563	0.2754890277189976	0
K3	HPCLAS_TRAIN_N_002346	0	HPCLAS_TRAIN_N_002346	1	-2.38643899628004	-1.919641137123108	0.12790158953464942	0
K3	HPCLAS_TRAIN_N_002349	0	HPCLAS_TRAIN_N_002349	1	-2.131549781160362	-1.671506643295288	0.15822340754514044	0
K3	HPCLAS_TRAIN_N_002355	0	HPCLAS_TRAIN_N_002355	1	-2.57064584053067	-1.861806869506836	0.13449258557785637	0
K3	HPCLAS_TRAIN_N_002357	0	HPCLAS_TRAIN_N_002357	1	-0.225642725944006	0.5453283786773682	0.6330510615306487	1
K3	HPCLAS_TRAIN_N_002362	0	HPCLAS_TRAIN_N_002362	1	-1.8750125523339571	-2.5591390132904053	0.07181491235809781	0
K3	HPCLAS_TRAIN_N_002368	0	HPCLAS_TRAIN_N_002368	1	-1.609853998640946	-2.015472173690796	0.11758799003780232	0
K3	HPCLAS_TRAIN_N_002371	0	HPCLAS_TRAIN_N_002371	1	-3.036160677202607	-3.40476655960083	0.03214682958852605	0
K3	HPCLAS_TRAIN_N_002380	0	HPCLAS_TRAIN_N_002380	1	-4.44475224751202	-3.3988049030303955	0.032332835311783034	0
K3	HPCLAS_TRAIN_N_002391	0	HPCLAS_TRAIN_N_002391	1	-2.7307603114392323	-2.973217725753784	0.04865057826993728	0
K3	HPCLAS_TRAIN_N_002393	0	HPCLAS_TRAIN_N_002393	1	1.1259019857533556	-1.514277696609497	0.18030570377994118	0
K3	HPCLAS_TRAIN_N_002398	0	HPCLAS_TRAIN_N_002398	1	-1.878229794479193	-1.8550845384597778	0.13527701846553408	0
K3	HPCLAS_TRAIN_N_002405	0	HPCLAS_TRAIN_N_002405	1	-3.133849714746946	-3.0680668354034424	0.04444385411573572	0
K3	HPCLAS_TRAIN_N_002410	0	HPCLAS_TRAIN_N_002410	1	-1.5185652089304484	-1.528899073600769	0.17815482156368054	0
K3	HPCLAS_TRAIN_N_002411	0	HPCLAS_TRAIN_N_002411	1	-2.077821335117435	-2.350823402404785	0.0870003462828957	0
K3	HPCLAS_TRAIN_N_002413	0	HPCLAS_TRAIN_N_002413	1	-0.1257662056163166	-2.4081592559814453	0.08255262474126221	0
K3	HPCLAS_TRAIN_N_002414	0	HPCLAS_TRAIN_N_002414	1	-3.026312236070651	-3.1390085220336914	0.04152656428193465	0
K3	HPCLAS_TRAIN_N_002423	0	HPCLAS_TRAIN_N_002423	1	-1.821989101503994	-2.178595781326294	0.10168912937127147	0
K3	HPCLAS_TRAIN_N_002438	0	HPCLAS_TRAIN_N_002438	1	-1.1931080643435776	-1.6458536386489868	0.16167012990176066	0
K3	HPCLAS_TRAIN_N_002442	0	HPCLAS_TRAIN_N_002442	1	-3.130252372552485	-2.868570327758789	0.053729293696899695	0
K3	HPCLAS_TRAIN_N_002450	0	HPCLAS_TRAIN_N_002244	1	-0.0616982126057909	-0.8844814896583557	0.29224996566073996	0
K3	HPCLAS_TRAIN_N_002454	0	HPCLAS_TRAIN_N_002454	1	-0.9210751856448476	-1.6828036308288574	0.1567245787611954	0
K3	HPCLAS_TRAIN_N_002457	0	HPCLAS_TRAIN_N_002457	1	-2.0204914215233813	-2.0079057216644287	0.11837536760205138	0
K3	HPCLAS_TRAIN_N_002461	0	HPCLAS_TRAIN_N_002461	1	-3.07743500576198	-2.9264535903930664	0.050861253239212346	0
K3	HPCLAS_TRAIN_N_002464	0	HPCLAS_TRAIN_N_002464	1	-1.932139643099299	-2.328268051147461	0.08880871577317137	0
K3	HPCLAS_TRAIN_N_002477	0	HPCLAS_TRAIN_N_002477	1	-1.6521125023685177	-2.1125707626342773	0.10788100012820291	0
K3	HPCLAS_TRAIN_N_002481	0	HPCLAS_TRAIN_N_002481	1	0.0419251329594397	1.1718192100524902	0.7634736890635502	1
K3	HPCLAS_TRAIN_N_002485	0	HPCLAS_TRAIN_N_002485	1	-2.7806158207490626	-3.3569176197052	0.03366936678055022	0
K3	HPCLAS_TRAIN_N_002494	0	HPCLAS_TRAIN_N_002494	1	-0.0702393201122677	-0.7853560447692871	0.3131666854133531	0
K3	HPCLAS_TRAIN_N_002502	0	HPCLAS_TRAIN_N_002502	1	-3.6311021147713456	-2.4904043674468994	0.07653361329521406	0
K3	HPCLAS_TRAIN_N_002504	0	HPCLAS_TRAIN_N_002504	1	-2.9559536749845257	-1.8641982078552246	0.13421446666250375	0
K3	HPCLAS_TRAIN_N_002510	0	HPCLAS_TRAIN_N_002510	1	-4.048847183100969	-3.543656587600708	0.028095268986507695	0
K3	HPCLAS_TRAIN_N_002513	0	HPCLAS_TRAIN_N_002513	1	-4.350988327340734	-3.400566339492798	0.03227776987923688	0
K3	HPCLAS_TRAIN_N_002522	0	HPCLAS_TRAIN_N_002522	1	-0.0306704242638594	0.3766990602016449	0.5930767103377996	1
K3	HPCLAS_TRAIN_N_002524	0	HPCLAS_TRAIN_N_002524	1	0.1625274720734841	-1.0703203678131104	0.25534216384733266	0
K3	HPCLAS_TRAIN_N_002526	0	HPCLAS_TRAIN_N_002526	1	-1.498508024424674	-0.6317099928855896	0.34712290328456613	0
K3	HPCLAS_TRAIN_N_002531	0	HPCLAS_TRAIN_N_002531	1	0.6720449207223453	0.450923353433609	0.6108587470603657	1
K3	HPCLAS_TRAIN_N_002536	0	HPCLAS_TRAIN_N_002536	1	-2.013855966891979	-2.592229127883911	0.06964021803479933	0
K3	HPCLAS_TRAIN_N_002538	0	HPCLAS_TRAIN_N_002538	1	-0.9794774971129586	-1.5759406089782715	0.17137115930793823	0
K3	HPCLAS_TRAIN_N_002540	0	HPCLAS_TRAIN_N_002540	1	-1.7714646810450343	0.5790864825248718	0.6408571788989118	1
K3	HPCLAS_TRAIN_N_002549	0	HPCLAS_TRAIN_N_002549	1	-1.9425386792012929	-2.138246774673462	0.10543463617966256	0
K3	HPCLAS_TRAIN_N_002574	0	HPCLAS_TRAIN_N_002574	1	-2.6900090819807883	-1.417490839958191	0.19505524211798117	0
K3	HPCLAS_TRAIN_N_002585	0	HPCLAS_TRAIN_N_002585	1	-0.0228497194386437	-0.08515885472297668	0.47872314313334813	0
K3	HPCLAS_TRAIN_N_002593	0	HPCLAS_TRAIN_N_002593	1	-2.285017985148185	-2.614006280899048	0.06824242171874496	0
K3	HPCLAS_TRAIN_N_002596	0	HPCLAS_TRAIN_N_002596	1	-2.743969302452385	-2.7116477489471436	0.06228953766034786	0
K3	HPCLAS_TRAIN_N_002602	0	HPCLAS_TRAIN_N_002602	1	-3.0430191831558018	-2.5732004642486572	0.07088323564576433	0
K3	HPCLAS_TRAIN_N_002608	0	HPCLAS_TRAIN_N_002608	1	1.9392695109063527	1.2403000593185425	0.7756162396178629	1
K3	HPCLAS_TRAIN_N_002613	0	HPCLAS_TRAIN_N_002613	1	1.181974609711918	1.2080563306808472	0.769954858488115	1
K3	HPCLAS_TRAIN_N_002615	0	HPCLAS_TRAIN_N_002615	1	-1.7457993271950685	-2.7258079051971436	0.06146755769572726	0
K3	HPCLAS_TRAIN_N_002620	0	HPCLAS_TRAIN_N_002620	1	-3.2069659664870134	-2.841763496398926	0.05510863749271547	0
K3	HPCLAS_TRAIN_N_002623	0	HPCLAS_TRAIN_N_002623	1	-2.2811975582019035	-0.5853133797645569	0.3577109036366405	0
K3	HPCLAS_TRAIN_N_002628	0	HPCLAS_TRAIN_N_002628	1	-1.8158067716864847	-3.0005757808685303	0.04739986809840323	0
K3	HPCLAS_TRAIN_N_002630	0	HPCLAS_TRAIN_N_002630	1	-3.609013600100376	-2.837019205093384	0.055356202760595004	0
K3	HPCLAS_TRAIN_N_002634	0	HPCLAS_TRAIN_N_002634	1	-2.513924073932674	-3.3247835636138916	0.03473068471661324	0
K3	HPCLAS_TRAIN_N_002638	0	HPCLAS_TRAIN_N_002638	1	-1.7458340766915823	-2.1621077060699463	0.10320521183782347	0
K3	HPCLAS_TRAIN_N_002653	0	HPCLAS_TRAIN_N_002653	1	-1.81869665215405	-1.9090917110443115	0.12908292807178443	0
K3	HPCLAS_TRAIN_N_002657	0	HPCLAS_TRAIN_N_002657	1	-1.4935790864455656	-2.114229440689087	0.10772146828641892	0
K3	HPCLAS_TRAIN_N_002660	0	HPCLAS_TRAIN_N_002660	1	-0.6628462690749584	-0.23694151639938354	0.4410402030279175	0
K3	HPCLAS_TRAIN_N_002662	0	HPCLAS_TRAIN_N_002662	1	-2.2727389703197933	-2.1203513145446777	0.10713446026935693	0
K3	HPCLAS_TRAIN_N_002663	0	HPCLAS_TRAIN_N_002663	1	-1.3805367013620222	-1.228093147277832	0.2265153438031605	0
K3	HPCLAS_TRAIN_N_002674	0	HPCLAS_TRAIN_N_002674	1	-1.4810801849093846	-2.447108030319214	0.07965029071718724	0
K3	HPCLAS_TRAIN_N_002677	0	HPCLAS_TRAIN_N_002677	1	-2.2495057320605474	-2.6947503089904785	0.06328383993078866	0
K3	HPCLAS_TRAIN_N_002678	0	HPCLAS_TRAIN_N_002678	1	-0.5255978133507865	-1.2952606678009033	0.21496371928639674	0
K3	HPCLAS_TRAIN_N_002689	0	HPCLAS_TRAIN_N_002689	1	-2.971561484601092	-2.5241153240203857	0.07418480310704835	0
K3	HPCLAS_TRAIN_N_002702	0	HPCLAS_TRAIN_N_002702	1	0.4642346105171478	0.8527197241783142	0.7011373552928397	1
K3	HPCLAS_TRAIN_N_002703	0	HPCLAS_TRAIN_N_002703	1	0.0601387011475441	-1.523681640625	0.17892001875413094	0
K3	HPCLAS_TRAIN_N_002705	0	HPCLAS_TRAIN_N_002705	1	-1.0758432864756544	-0.900752067565918	0.28889597178156057	0
K3	HPCLAS_TRAIN_N_002709	0	HPCLAS_TRAIN_N_002709	1	-2.195895256376364	-1.5197880268096924	0.1794927356578336	0
K3	HPCLAS_TRAIN_N_002710	0	HPCLAS_TRAIN_N_002710	1	-2.3737226141092025	-1.8867321014404297	0.13161752235405694	0
K3	HPCLAS_TRAIN_N_002720	0	HPCLAS_TRAIN_N_002720	1	-1.806657314176908	-1.6945326328277588	0.15518068442025088	0
K3	HPCLAS_TRAIN_N_002732	0	HPCLAS_TRAIN_N_002732	1	-2.56167460571462	-2.3845255374908447	0.08436033842108744	0
K3	HPCLAS_TRAIN_N_002736	0	HPCLAS_TRAIN_P_004677	1	-1.9546376144354312	-0.7895939350128174	0.3122558660934589	0
K3	HPCLAS_TRAIN_N_002738	0	HPCLAS_TRAIN_N_002738	1	-1.2454621714758258	-2.328395128250122	0.08879843301178221	0
K3	HPCLAS_TRAIN_N_002740	0	HPCLAS_TRAIN_N_002740	1	-3.014745297924309	-3.1738409996032715	0.04016208656877921	0
K3	HPCLAS_TRAIN_N_002745	0	HPCLAS_TRAIN_N_002745	1	-0.8254482416977981	-1.4559065103530884	0.18909421234776919	0
K3	HPCLAS_TRAIN_N_002747	0	HPCLAS_TRAIN_N_002747	1	-0.4808671344404183	-1.3046411275863647	0.2133849590070982	0
K3	HPCLAS_TRAIN_N_002753	0	HPCLAS_TRAIN_N_002753	1	-0.6217794248505232	-1.9539436101913452	0.12412398393985727	0
K3	HPCLAS_TRAIN_N_002764	0	HPCLAS_TRAIN_N_002764	1	-2.5456447746518043	-2.650585412979126	0.06595293704446568	0
K3	HPCLAS_TRAIN_N_002773	0	HPCLAS_TRAIN_N_002773	1	-2.4498250359612497	-2.3327715396881104	0.0884449599155973	0
K3	HPCLAS_TRAIN_N_002776	0	HPCLAS_TRAIN_N_002776	1	-3.355489267905367	-2.8887994289398193	0.052710032790171966	0
K3	HPCLAS_TRAIN_N_002779	0	HPCLAS_TRAIN_N_002779	1	-1.404479985639938	-2.2853939533233643	0.09233987333603655	0
K3	HPCLAS_TRAIN_N_002785	0	HPCLAS_TRAIN_N_002785	1	-2.5292468723440207	-1.445672631263733	0.19066844582899778	0
K3	HPCLAS_TRAIN_N_002794	0	HPCLAS_TRAIN_N_002794	1	-1.0728672459929978	-0.08835442364215851	0.4779257524468991	0
K3	HPCLAS_TRAIN_N_002795	0	HPCLAS_TRAIN_N_002795	1	-2.038123633114952	-2.2648847103118896	0.09407325071976087	0
K3	HPCLAS_TRAIN_N_002799	0	HPCLAS_TRAIN_N_002799	1	-0.5483748235170957	-0.7626174688339233	0.31807825534972334	0
K3	HPCLAS_TRAIN_N_002800	0	HPCLAS_TRAIN_N_002800	1	-3.0125925657644825	-2.5878190994262695	0.06992648864737695	0
K3	HPCLAS_TRAIN_N_002801	0	HPCLAS_TRAIN_N_002801	1	-2.360020922634654	-2.6471474170684814	0.0661650447216032	0
K3	HPCLAS_TRAIN_N_002802	0	HPCLAS_TRAIN_N_002802	1	-1.7642919679128006	-1.9994068145751953	0.1192652167561889	0
K3	HPCLAS_TRAIN_N_002807	0	HPCLAS_TRAIN_N_002807	1	-2.26511719078301	-1.9883527755737305	0.12043123985967939	0
K3	HPCLAS_TRAIN_N_002810	0	HPCLAS_TRAIN_N_002810	1	-1.0779385463113025	-0.37247177958488464	0.40794388777220403	0
K3	HPCLAS_TRAIN_N_002818	0	HPCLAS_TRAIN_N_002818	1	-2.855927534012033	-2.609010696411133	0.06856075386734338	0
K3	HPCLAS_TRAIN_N_002824	0	HPCLAS_TRAIN_N_002824	1	-3.044324604991741	-3.2596893310546875	0.03698027147491803	0
K3	HPCLAS_TRAIN_N_002825	0	HPCLAS_TRAIN_N_002825	1	-2.099666318509564	-2.553046941757202	0.07222205559131593	0
K3	HPCLAS_TRAIN_N_002836	0	HPCLAS_TRAIN_N_002836	1	-0.3532185206691621	-0.8245695233345032	0.3047945387656333	0
K3	HPCLAS_TRAIN_N_002848	0	HPCLAS_TRAIN_N_002848	1	-0.7132895278868412	-2.115495443344116	0.1075998436265932	0
K3	HPCLAS_TRAIN_N_002860	0	HPCLAS_TRAIN_N_002860	1	-0.9737046032068932	-1.2904839515686035	0.21577090826289208	0
K3	HPCLAS_TRAIN_N_002866	0	HPCLAS_TRAIN_N_002866	1	-3.8537433086397375	-3.1736927032470703	0.040167803648711295	0
K3	HPCLAS_TRAIN_N_002871	0	HPCLAS_TRAIN_N_002871	1	-1.7742141594764254	-1.9216480255126953	0.12767790275412796	0
K3	HPCLAS_TRAIN_N_002875	0	HPCLAS_TRAIN_N_002875	1	-2.21681195880938	-3.118908166885376	0.04233401465956984	0
K3	HPCLAS_TRAIN_N_002879	0	HPCLAS_TRAIN_N_002879	1	-1.049621043275063	-2.8469157218933105	0.05484096662043243	0
K3	HPCLAS_TRAIN_N_002890	0	HPCLAS_TRAIN_N_002890	1	-3.0616035091177367	-3.2094063758850098	0.03881327461694438	0
K3	HPCLAS_TRAIN_N_002892	0	HPCLAS_TRAIN_N_002892	1	1.4636889262294437	1.5212584733963013	0.8207237224474159	1
K3	HPCLAS_TRAIN_N_002893	0	HPCLAS_TRAIN_N_002893	1	-2.561639880947247	-2.8024516105651855	0.05719183917300232	0
K3	HPCLAS_TRAIN_N_002894	0	HPCLAS_TRAIN_N_002894	1	-0.6524531465543963	-0.8178341388702393	0.30622360540876203	0
K3	HPCLAS_TRAIN_N_002902	0	HPCLAS_TRAIN_N_002902	1	-1.8197742282102187	-1.5805768966674805	0.17071379490247346	0
K3	HPCLAS_TRAIN_N_002910	0	HPCLAS_TRAIN_N_002910	1	-2.36706777797828	-2.623182773590088	0.06766123756091492	0
K3	HPCLAS_TRAIN_N_002916	0	HPCLAS_TRAIN_N_002916	1	-2.5398908603114987	-1.698927879333496	0.15460534208281881	0
K3	HPCLAS_TRAIN_N_002938	0	HPCLAS_TRAIN_P_001583	1	0.4510221116503622	-0.9211655855178833	0.2847204577559646	0
K3	HPCLAS_TRAIN_N_002944	0	HPCLAS_TRAIN_N_002944	1	-2.7434306804664854	-1.9499638080596924	0.12455730460366635	0
K3	HPCLAS_TRAIN_N_002945	0	HPCLAS_TRAIN_N_002945	1	-2.2846307603703178	-2.0939974784851074	0.10968160488571037	0
K3	HPCLAS_TRAIN_N_002955	0	HPCLAS_TRAIN_N_002955	1	-2.7307835302158368	-2.9056742191314697	0.05187377791064419	0
K3	HPCLAS_TRAIN_N_002977	0	HPCLAS_TRAIN_N_002977	1	-1.0578112447073411	-2.5795013904571533	0.0704693845442232	0
K3	HPCLAS_TRAIN_N_002982	0	HPCLAS_TRAIN_N_002982	1	-1.4531930200159358	-1.598644733428955	0.1681711173031786	0
K3	HPCLAS_TRAIN_N_002984	0	HPCLAS_TRAIN_N_002984	1	-2.5514402239128477	-1.900435209274292	0.13005922519341992	0
K3	HPCLAS_TRAIN_N_002986	0	HPCLAS_TRAIN_N_002986	1	-2.4660485601095514	-3.06585431098938	0.04453791169052111	0
K3	HPCLAS_TRAIN_N_002990	0	HPCLAS_TRAIN_N_002990	1	-0.4231719786997404	0.44889554381370544	0.6103766075298508	1
K3	HPCLAS_TRAIN_N_002994	0	HPCLAS_TRAIN_N_002994	1	-3.4502622694406577	-3.3320116996765137	0.03448917857141329	0
K3	HPCLAS_TRAIN_N_002999	0	HPCLAS_TRAIN_N_002999	1	0.4387454051462778	-0.575651228427887	0.359933858614784	0
K3	HPCLAS_TRAIN_N_003005	0	HPCLAS_TRAIN_N_003005	1	-3.444393609116972	-2.80049204826355	0.05729759232925023	0
K3	HPCLAS_TRAIN_N_003007	0	HPCLAS_TRAIN_N_003007	1	-0.9378935809188166	-0.8787530064582825	0.29343625323406786	0
K3	HPCLAS_TRAIN_N_003009	0	HPCLAS_TRAIN_N_003009	1	-1.1787632351734376	-0.9887143969535828	0.27116608309749546	0
K3	HPCLAS_TRAIN_N_003011	0	HPCLAS_TRAIN_N_003011	1	-0.5967633431943573	-1.5344624519348145	0.17734171374016897	0
K3	HPCLAS_TRAIN_N_003017	0	HPCLAS_TRAIN_N_003017	1	-3.1823553639148505	-2.9996917247772217	0.04743980196560755	0
K3	HPCLAS_TRAIN_N_003024	0	HPCLAS_TRAIN_N_003024	1	-0.3938783369597551	-1.1128060817718506	0.24734811837916862	0
K3	HPCLAS_TRAIN_N_003029	0	HPCLAS_TRAIN_N_003029	1	-1.4222314163230492	-0.20180150866508484	0.4497201395855888	0
K3	HPCLAS_TRAIN_N_003033	0	HPCLAS_TRAIN_N_003033	1	-3.0698460055374395	-3.099865674972534	0.04311279605682682	0
K3	HPCLAS_TRAIN_N_003035	0	HPCLAS_TRAIN_N_003035	1	-0.7636169750694188	-1.4920772314071655	0.18361015103990547	0
K3	HPCLAS_TRAIN_N_003038	0	HPCLAS_TRAIN_N_003038	1	-3.575595560191524	-3.1519715785980225	0.041013662762365295	0
K3	HPCLAS_TRAIN_N_003050	0	HPCLAS_TRAIN_N_003050	1	-2.4087609347161507	-2.5113542079925537	0.07506603117870414	0
K3	HPCLAS_TRAIN_N_003056	0	HPCLAS_TRAIN_N_003056	1	-2.679112395302574	-3.0697004795074463	0.0443745271507914	0
K3	HPCLAS_TRAIN_N_003061	0	HPCLAS_TRAIN_N_003061	1	-2.1374988674736404	-2.0906941890716553	0.11000459236371313	0
K3	HPCLAS_TRAIN_N_003066	0	HPCLAS_TRAIN_N_003066	1	-1.2920110253807926	-0.5097948312759399	0.375241623101371	0
K3	HPCLAS_TRAIN_N_003079	0	HPCLAS_TRAIN_N_003079	1	-1.533725896331046	-2.2358791828155518	0.09657447692207853	0
K3	HPCLAS_TRAIN_N_003080	0	HPCLAS_TRAIN_N_003080	1	-1.9401200327104988	-1.0822694301605225	0.25307678836835096	0
K3	HPCLAS_TRAIN_N_003085	0	HPCLAS_TRAIN_N_003085	1	-3.0271268099622697	-3.012661933898926	0.04685711613862343	0
K3	HPCLAS_TRAIN_N_003086	0	HPCLAS_TRAIN_N_003086	1	-2.500488090599182	-2.4661669731140137	0.07826429924860845	0
K3	HPCLAS_TRAIN_N_003094	0	HPCLAS_TRAIN_N_003094	1	-1.4014649437891464	-2.0800106525421143	0.1110549150697608	0
K3	HPCLAS_TRAIN_N_003106	0	HPCLAS_TRAIN_N_003106	1	-0.8227512716895977	-1.9522159099578857	0.12431193671716817	0
K3	HPCLAS_TRAIN_N_003116	0	HPCLAS_TRAIN_N_003116	1	-1.1082385763843177	-0.7936426997184753	0.31138704681184587	0
K3	HPCLAS_TRAIN_N_003122	0	HPCLAS_TRAIN_N_003122	1	-1.800667651870027	-2.1806797981262207	0.10149891562882973	0
K3	HPCLAS_TRAIN_N_003124	0	HPCLAS_TRAIN_N_003124	1	-1.0322899690780682	-0.5390218496322632	0.36841515429234833	0
K3	HPCLAS_TRAIN_N_003135	0	HPCLAS_TRAIN_N_003135	1	-4.203108808158873	-3.226168394088745	0.038192748738257724	0
K3	HPCLAS_TRAIN_N_003139	0	HPCLAS_TRAIN_N_003139	1	-3.583793211640477	-3.1475830078125	0.0411866201289428	0
K3	HPCLAS_TRAIN_N_003160	0	HPCLAS_TRAIN_N_003160	1	-1.2628860393505097	-1.7801426649093628	0.1442855187585911	0
K3	HPCLAS_TRAIN_N_003162	0	HPCLAS_TRAIN_N_003162	1	-3.736500287705412	-3.051006555557251	0.04517403749469304	0
K3	HPCLAS_TRAIN_N_003164	0	HPCLAS_TRAIN_N_003164	1	-2.0737479372092182	-3.0372254848480225	0.045772200971095946	0
K3	HPCLAS_TRAIN_N_003170	0	HPCLAS_TRAIN_N_003170	1	-2.464824196817762	-3.2536046504974365	0.0371975751117954	0
K3	HPCLAS_TRAIN_N_003184	0	HPCLAS_TRAIN_N_003184	1	0.0433250473402535	-1.8397371768951416	0.13708237916560467	0
K3	HPCLAS_TRAIN_N_003191	0	HPCLAS_TRAIN_N_003191	1	-1.8582806683154285	-2.388606309890747	0.08404565875204113	0
K3	HPCLAS_TRAIN_N_003194	0	HPCLAS_TRAIN_N_003194	1	-1.3369973257329997	-2.9138870239257812	0.0514713318571921	0
K3	HPCLAS_TRAIN_N_003199	0	HPCLAS_TRAIN_N_003199	1	-2.0154097666436943	-1.9995834827423096	0.11924666059906504	0
K3	HPCLAS_TRAIN_N_003203	0	HPCLAS_TRAIN_N_003203	1	1.8618156555873708	2.273740291595459	0.9066787445586318	1
K3	HPCLAS_TRAIN_N_003209	0	HPCLAS_TRAIN_N_003209	1	-2.972628802483759	-3.2601170539855957	0.03696504210955751	0
K3	HPCLAS_TRAIN_N_003223	0	HPCLAS_TRAIN_N_003223	1	-0.3035170558639282	-0.3589250445365906	0.41121980723027296	0
K3	HPCLAS_TRAIN_N_003226	0	HPCLAS_TRAIN_N_003226	1	-2.8013847344211262	-2.7309412956237793	0.06117208182235332	0
K3	HPCLAS_TRAIN_N_003228	0	HPCLAS_TRAIN_N_003228	1	0.1457087954917542	-0.27598366141319275	0.43143870876251844	0
K3	HPCLAS_TRAIN_N_003230	0	HPCLAS_TRAIN_N_003230	1	-2.3236451065226698	-2.6511247158050537	0.06591972206898697	0
K3	HPCLAS_TRAIN_N_003237	0	HPCLAS_TRAIN_N_003237	1	-2.9731054635280327	-2.351106882095337	0.08697783176259549	0
K3	HPCLAS_TRAIN_N_003240	0	HPCLAS_TRAIN_N_003240	1	-0.162223520230108	-1.236808180809021	0.22499205668003047	0
K3	HPCLAS_TRAIN_N_003246	0	HPCLAS_TRAIN_N_003246	1	-2.474910734555157	-2.348816156387329	0.08715991664440248	0
K3	HPCLAS_TRAIN_N_003251	0	HPCLAS_TRAIN_N_003251	1	-1.1347107669899557	-1.893194556236267	0.13088065706930457	0
K3	HPCLAS_TRAIN_N_003255	0	HPCLAS_TRAIN_N_003255	1	0.257958174347354	0.5759231448173523	0.6401287834981888	1
K3	HPCLAS_TRAIN_N_003260	0	HPCLAS_TRAIN_N_003260	1	-3.865319643240433	-3.6183738708496094	0.026125416687939933	0
K3	HPCLAS_TRAIN_N_003265	0	HPCLAS_TRAIN_N_003265	1	-0.2745721402078602	-1.7615079879760742	0.14660157553829137	0
K3	HPCLAS_TRAIN_N_003267	0	HPCLAS_TRAIN_N_003267	1	-3.1984467857514742	-2.5935208797454834	0.06955657135231115	0
K3	HPCLAS_TRAIN_N_003270	0	HPCLAS_TRAIN_N_003270	1	-2.0530681961303907	-1.7384514808654785	0.14950973206640158	0
K3	HPCLAS_TRAIN_N_003274	0	HPCLAS_TRAIN_P_003947	1	-1.5296583524249403	-1.097670078277588	0.2501767060587213	0
K3	HPCLAS_TRAIN_N_003285	0	HPCLAS_TRAIN_N_003285	1	-2.973777111858277	-2.9406216144561768	0.05018163662111844	0
K3	HPCLAS_TRAIN_N_003288	0	HPCLAS_TRAIN_P_000962	1	-1.0101395348677475	-1.3360165357589722	0.208165901066841	0
K3	HPCLAS_TRAIN_N_003293	0	HPCLAS_TRAIN_N_003293	1	-1.5402082775033896	-1.5165073871612549	0.17997640029331205	0
K3	HPCLAS_TRAIN_N_003306	0	HPCLAS_TRAIN_N_003306	1	-3.715720692155444	-2.8448221683502197	0.05494958387966117	0
K3	HPCLAS_TRAIN_N_003309	0	HPCLAS_TRAIN_N_003309	1	-0.2220766183010131	0.7808570861816406	0.6858648062296819	1
K3	HPCLAS_TRAIN_N_003310	0	HPCLAS_TRAIN_N_003310	1	-3.302367202225988	-3.1960346698760986	0.03931521816979993	0
K3	HPCLAS_TRAIN_N_003316	0	HPCLAS_TRAIN_N_003316	1	-2.1452865356485717	-1.7307219505310059	0.15049525765297841	0
K3	HPCLAS_TRAIN_N_003317	0	HPCLAS_TRAIN_N_003317	1	-0.6472550167116193	-1.5942840576171875	0.16878201346357616	0
K3	HPCLAS_TRAIN_N_003322	0	HPCLAS_TRAIN_N_003322	1	0.0784011690455128	0.5475931763648987	0.6335770094683483	1
K3	HPCLAS_TRAIN_N_003330	0	HPCLAS_TRAIN_N_003330	1	-2.4591177070032053	-2.658785343170166	0.06544958984973775	0
K3	HPCLAS_TRAIN_N_003343	0	HPCLAS_TRAIN_N_003343	1	-2.601664849106545	-2.448770046234131	0.07952853986248962	0
K3	HPCLAS_TRAIN_N_003345	0	HPCLAS_TRAIN_N_003345	1	-3.2492819012306584	-3.1203043460845947	0.042277447132597186	0
K3	HPCLAS_TRAIN_N_003364	0	HPCLAS_TRAIN_N_003364	1	-2.693757841400437	-2.3063786029815674	0.09059606384608145	0
K3	HPCLAS_TRAIN_N_003371	0	HPCLAS_TRAIN_N_003371	1	-3.425195214312029	-3.2334821224212646	0.037924991336194674	0
K3	HPCLAS_TRAIN_N_003376	0	HPCLAS_TRAIN_N_003376	1	0.8419527169832235	0.40188997983932495	0.5991416632633241	1
K3	HPCLAS_TRAIN_N_003378	0	HPCLAS_TRAIN_P_001880	1	-0.9374928254735656	0.14728131890296936	0.5367539155573953	1
K3	HPCLAS_TRAIN_N_003385	0	HPCLAS_TRAIN_N_003385	1	-0.8456233317923999	-0.819409966468811	0.30588892198592493	0
K3	HPCLAS_TRAIN_N_003390	0	HPCLAS_TRAIN_N_003390	1	-3.5230952123479606	-2.7783493995666504	0.05850540855517885	0
K3	HPCLAS_TRAIN_N_003400	0	HPCLAS_TRAIN_N_003400	1	-3.529896527844392	-3.297943115234375	0.035641819961037116	0
K3	HPCLAS_TRAIN_N_003405	0	HPCLAS_TRAIN_N_003405	1	-2.59140684132609	-2.1195690631866455	0.10720931082679061	0
K3	HPCLAS_TRAIN_N_003410	0	HPCLAS_TRAIN_N_003410	1	-1.3512103665847772	-2.084054946899414	0.11065628296594582	0
K3	HPCLAS_TRAIN_N_003411	0	HPCLAS_TRAIN_N_003411	1	-3.27130550288318	-2.9284567832946777	0.050764637290323995	0
K3	HPCLAS_TRAIN_N_003416	0	HPCLAS_TRAIN_N_003416	1	-1.8650779844552927	-2.6981122493743896	0.0630848398438723	0
K3	HPCLAS_TRAIN_N_003417	0	HPCLAS_TRAIN_N_003417	1	-2.2283690449011586	-2.4806127548217773	0.0772285232925315	0
K3	HPCLAS_TRAIN_N_003425	0	HPCLAS_TRAIN_N_003425	1	-2.223295444316636	-2.1739537715911865	0.10211395449007923	0
K3	HPCLAS_TRAIN_N_003439	0	HPCLAS_TRAIN_N_003439	1	-1.7442684824670276	-2.2307980060577393	0.09701870831977515	0
K3	HPCLAS_TRAIN_N_003458	0	HPCLAS_TRAIN_N_003458	1	-0.772835486103046	-0.3327977955341339	0.4175600325329805	0
K3	HPCLAS_TRAIN_N_003461	0	HPCLAS_TRAIN_N_003461	1	0.1559535364460364	-0.8761455416679382	0.29397715363445553	0
K3	HPCLAS_TRAIN_N_003462	0	HPCLAS_TRAIN_N_003462	1	-3.261484602860424	-3.119048833847046	0.0423283121284216	0
K3	HPCLAS_TRAIN_N_003469	0	HPCLAS_TRAIN_N_003469	1	-2.532939190463781	-2.23760724067688	0.09642381266558828	0
K3	HPCLAS_TRAIN_N_003471	0	HPCLAS_TRAIN_N_003471	1	-3.491178223543957	-2.9427523612976074	0.050080175180965296	0
K3	HPCLAS_TRAIN_N_003473	0	HPCLAS_TRAIN_N_003473	1	-1.498272179248196	-1.7977204322814941	0.142128781789682	0
K3	HPCLAS_TRAIN_N_003474	0	HPCLAS_TRAIN_N_003474	1	-2.994969330002104	-2.8204987049102783	0.05622646391532562	0
K3	HPCLAS_TRAIN_N_003478	0	HPCLAS_TRAIN_N_003478	1	-2.049369159632179	-2.5989346504211426	0.06920701591039577	0
K3	HPCLAS_TRAIN_N_003483	0	HPCLAS_TRAIN_N_003483	1	-2.874197930676591	-2.642972230911255	0.06642348566500891	0
K3	HPCLAS_TRAIN_N_003502	0	HPCLAS_TRAIN_N_003502	1	-3.4888170156972067	-3.4583051204681396	0.030522145785737902	0
K3	HPCLAS_TRAIN_N_003504	0	HPCLAS_TRAIN_N_003504	1	-1.6204235186832945	-1.8072621822357178	0.14096934143533685	0
K3	HPCLAS_TRAIN_N_003506	0	HPCLAS_TRAIN_N_003506	1	-4.139094341599804	-3.531458616256714	0.028430270081809643	0
K3	HPCLAS_TRAIN_N_003508	0	HPCLAS_TRAIN_N_003508	1	-3.610739966297918	-3.644601345062256	0.025466343322658257	0
K3	HPCLAS_TRAIN_N_003510	0	HPCLAS_TRAIN_N_003510	1	-1.835700413284372	-2.396920919418335	0.08340779332884037	0
K3	HPCLAS_TRAIN_N_003511	0	HPCLAS_TRAIN_N_003511	1	-2.203897871997956	-0.8867700099945068	0.29177683344265726	0
K3	HPCLAS_TRAIN_N_003515	0	HPCLAS_TRAIN_N_003515	1	-1.343937679977307	-1.956043004989624	0.1238959236214824	0
K3	HPCLAS_TRAIN_N_003516	0	HPCLAS_TRAIN_N_003516	1	-2.604201810109828	-2.254157781600952	0.09499142610241346	0
K3	HPCLAS_TRAIN_N_003526	0	HPCLAS_TRAIN_N_003526	1	-2.678452497201413	-2.9926350116729736	0.04775970998601829	0
K3	HPCLAS_TRAIN_N_003528	0	HPCLAS_TRAIN_N_003528	1	-3.93210718824544	-3.10951828956604	0.04271633781543511	0
K3	HPCLAS_TRAIN_N_003533	0	HPCLAS_TRAIN_N_003533	1	-1.383733961498677	-2.009286642074585	0.11823132703378665	0
K3	HPCLAS_TRAIN_N_003536	0	HPCLAS_TRAIN_N_003536	1	-1.6621388690796737	-1.8024601936340332	0.14155185094547823	0
K3	HPCLAS_TRAIN_N_003542	0	HPCLAS_TRAIN_N_003542	1	-3.441589362407463	-3.1569623947143555	0.04081781530502974	0
K3	HPCLAS_TRAIN_N_003543	0	HPCLAS_TRAIN_N_003543	1	-0.4988970616726044	-1.889352798461914	0.13131828055595465	0
K3	HPCLAS_TRAIN_N_003565	0	HPCLAS_TRAIN_N_003565	1	-1.602286569492413	-3.051452398300171	0.04515481070551129	0
K3	HPCLAS_TRAIN_N_003566	0	HPCLAS_TRAIN_N_003566	1	-4.307771748737754	-3.677523374557495	0.024661930378425612	0
K3	HPCLAS_TRAIN_N_003585	0	HPCLAS_TRAIN_N_003585	1	-3.1624216771107565	-3.2786340713500977	0.03631148399964477	0
K3	HPCLAS_TRAIN_N_003586	0	HPCLAS_TRAIN_N_003586	1	-3.2154946642403943	-2.5669071674346924	0.07129882559162297	0
K3	HPCLAS_TRAIN_N_003606	0	HPCLAS_TRAIN_N_003606	1	-0.8491540423381779	-1.9533121585845947	0.12419264989886858	0
K3	HPCLAS_TRAIN_N_003613	0	HPCLAS_TRAIN_N_003613	1	-2.756630843127604	-2.4851279258728027	0.07690736648255536	0
K3	HPCLAS_TRAIN_N_003617	0	HPCLAS_TRAIN_N_003617	1	-1.9899145676547727	-1.6798741817474365	0.1571121300146966	0
K3	HPCLAS_TRAIN_N_003628	0	HPCLAS_TRAIN_N_003628	1	-1.334982575589006	-2.9296176433563232	0.05070872740616251	0
K3	HPCLAS_TRAIN_N_003630	0	HPCLAS_TRAIN_N_003630	1	-2.8944158644190745	-2.7178518772125244	0.06192813988832953	0
K3	HPCLAS_TRAIN_N_003636	0	HPCLAS_TRAIN_N_003636	1	-0.7297827640152469	-2.0747947692871094	0.11157088160826505	0
K3	HPCLAS_TRAIN_N_003662	0	HPCLAS_TRAIN_N_003662	1	-2.8288021241214314	-2.704089403152466	0.06273248055466048	0
K3	HPCLAS_TRAIN_N_003663	0	HPCLAS_TRAIN_N_003663	1	-3.441957389273131	-3.610691785812378	0.02632158420292091	0
K3	HPCLAS_TRAIN_N_003666	0	HPCLAS_TRAIN_N_003666	1	0.7611352286004445	0.410356342792511	0.6011733200866274	1
K3	HPCLAS_TRAIN_N_003667	0	HPCLAS_TRAIN_N_003667	1	-1.709048485355977	-1.6669031381607056	0.1588375078121882	0
K3	HPCLAS_TRAIN_N_003669	0	HPCLAS_TRAIN_N_003669	1	-0.1203151634145391	-1.8201930522918701	0.13941070983032405	0
K3	HPCLAS_TRAIN_N_003671	0	HPCLAS_TRAIN_N_003671	1	-0.8298242263941171	-2.1699352264404297	0.10248299117745004	0
K3	HPCLAS_TRAIN_N_003674	0	HPCLAS_TRAIN_N_003674	1	1.757217809635797	2.148390054702759	0.8955182377184756	1
K3	HPCLAS_TRAIN_N_003689	0	HPCLAS_TRAIN_N_003689	1	-3.15532037815188	-3.438593626022339	0.03111084849584126	0
K3	HPCLAS_TRAIN_N_003693	0	HPCLAS_TRAIN_N_003693	1	-1.4313723142413377	-2.116246461868286	0.10752775048700869	0
K3	HPCLAS_TRAIN_N_003694	0	HPCLAS_TRAIN_N_003694	1	-1.7297012656987885	-2.0333707332611084	0.11574349076603122	0
K3	HPCLAS_TRAIN_N_003702	0	HPCLAS_TRAIN_N_003702	1	-1.911816698876204	-2.5169758796691895	0.07467664341614685	0
K3	HPCLAS_TRAIN_N_003728	0	HPCLAS_TRAIN_N_003728	1	-1.9293408193205055	-2.4081671237945557	0.08255202885323776	0
K3	HPCLAS_TRAIN_N_003733	0	HPCLAS_TRAIN_N_003733	1	-1.624225706726083	-2.962916135787964	0.04912959698149183	0
K3	HPCLAS_TRAIN_N_003735	0	HPCLAS_TRAIN_N_003735	1	-4.097546682644093	-3.1953389644622803	0.03934150306081463	0
K3	HPCLAS_TRAIN_N_003739	0	HPCLAS_TRAIN_N_003739	1	-2.673753961105152	-1.9672331809997559	0.1226863810558274	0
K3	HPCLAS_TRAIN_N_003741	0	HPCLAS_TRAIN_N_003741	1	-2.8759009795531663	-2.9503512382507324	0.04971991368364997	0
K3	HPCLAS_TRAIN_N_003747	0	HPCLAS_TRAIN_N_003747	1	-1.3355082957352675	-1.519803524017334	0.1794904533164655	0
K3	HPCLAS_TRAIN_N_003756	0	HPCLAS_TRAIN_N_003756	1	-0.8254305141831202	-1.184018611907959	0.23433040859535845	0
K3	HPCLAS_TRAIN_N_003759	0	HPCLAS_TRAIN_N_003759	1	-1.7185364161039287	-2.694878578186035	0.06327623668764111	0
K3	HPCLAS_TRAIN_N_003760	0	HPCLAS_TRAIN_N_003760	1	-1.0183745319400164	0.10108160227537155	0.5252489058580125	1
K3	HPCLAS_TRAIN_N_003762	0	HPCLAS_TRAIN_N_003762	1	-0.9860254049136076	-1.020603895187378	0.26490978576467095	0
K3	HPCLAS_TRAIN_N_003767	0	HPCLAS_TRAIN_N_003767	1	-1.9114679672905392	-2.8443095684051514	0.05497620933352256	0
K3	HPCLAS_TRAIN_N_003768	0	HPCLAS_TRAIN_N_003768	1	-1.977252086655703	-2.4336612224578857	0.08064161242520027	0
K3	HPCLAS_TRAIN_N_003775	0	HPCLAS_TRAIN_N_003775	1	-2.2235555829693388	-2.389824151992798	0.0839519543275179	0
K3	HPCLAS_TRAIN_N_003777	0	HPCLAS_TRAIN_N_003777	1	-1.315233348724088	-1.6047005653381348	0.1673256709526473	0
K3	HPCLAS_TRAIN_N_003786	0	HPCLAS_TRAIN_N_003786	1	-4.127965401044728	-3.435138702392578	0.031215159009852406	0
K3	HPCLAS_TRAIN_N_003797	0	HPCLAS_TRAIN_N_003797	1	-3.352489484237664	-1.8730497360229492	0.13318923687990888	0
K3	HPCLAS_TRAIN_N_003798	0	HPCLAS_TRAIN_N_003798	1	-3.898665654272362	-2.712028980255127	0.0622672738261729	0
K3	HPCLAS_TRAIN_N_003808	0	HPCLAS_TRAIN_N_003808	1	-1.0634504233463773	-1.9148781299591064	0.12843381081473948	0
K3	HPCLAS_TRAIN_N_003809	0	HPCLAS_TRAIN_N_003809	1	-0.7127813339882635	-0.5112277269363403	0.3749057618074036	0
K3	HPCLAS_TRAIN_N_003810	0	HPCLAS_TRAIN_N_003810	1	2.494175902030012	2.2565743923187256	0.9052161219825611	1
K3	HPCLAS_TRAIN_N_003816	0	HPCLAS_TRAIN_N_003816	1	-2.3449247731913907	-1.2749723196029663	0.21840726125763546	0
K3	HPCLAS_TRAIN_N_003819	0	HPCLAS_TRAIN_N_003819	1	-0.4364793806458795	-2.1737794876098633	0.1021299351204203	0
K3	HPCLAS_TRAIN_N_003823	0	HPCLAS_TRAIN_N_003823	1	-2.58399560329872	-2.7198386192321777	0.06181282439515619	0
K3	HPCLAS_TRAIN_N_003844	0	HPCLAS_TRAIN_N_003844	1	0.6448259454107863	-0.3814581334590912	0.4057752611996805	0
K3	HPCLAS_TRAIN_N_003845	0	HPCLAS_TRAIN_N_003845	1	1.4680446167534356	2.6581318378448486	0.9345104265288997	1
K3	HPCLAS_TRAIN_N_003858	0	HPCLAS_TRAIN_N_003858	1	-1.7670793860317917	-2.125248670578003	0.10666689603992494	0
K3	HPCLAS_TRAIN_N_003861	0	HPCLAS_TRAIN_N_003861	1	-1.0094468594184125	-1.004730224609375	0.2680124198576221	0
K3	HPCLAS_TRAIN_N_003863	0	HPCLAS_TRAIN_N_003863	1	-2.919464581025577	-2.6024105548858643	0.06898344216860029	0
K3	HPCLAS_TRAIN_N_003865	0	HPCLAS_TRAIN_N_003865	1	-2.253757479537043	-2.31520676612854	0.08987134948968044	0
K3	HPCLAS_TRAIN_N_003877	0	HPCLAS_TRAIN_N_003877	1	-3.79334760278597	-3.1604204177856445	0.0406826425201432	0
K3	HPCLAS_TRAIN_N_003881	0	HPCLAS_TRAIN_N_003881	1	0.6390540017452832	-0.8701551556587219	0.2952220183623321	0
K3	HPCLAS_TRAIN_N_003885	0	HPCLAS_TRAIN_P_001597	1	2.3424790307468446	2.670398473739624	0.9352571636420571	1
K3	HPCLAS_TRAIN_N_003887	0	HPCLAS_TRAIN_N_003887	1	-0.0283052744513297	0.22679713368415833	0.5564574905840601	1
K3	HPCLAS_TRAIN_N_003895	0	HPCLAS_TRAIN_N_003895	1	-3.289963256194379	-2.58791184425354	0.06992045706351552	0
K3	HPCLAS_TRAIN_N_003903	0	HPCLAS_TRAIN_P_007088	1	1.5997939608661398	2.163128614425659	0.896889238938672	1
K3	HPCLAS_TRAIN_N_003911	0	HPCLAS_TRAIN_N_003911	1	1.1530111678018904	-0.7151033878326416	0.32847216026813775	0
K3	HPCLAS_TRAIN_N_003915	0	HPCLAS_TRAIN_N_003915	1	-2.3341785668065307	-1.0160709619522095	0.265793435746147	0
K3	HPCLAS_TRAIN_N_003925	0	HPCLAS_TRAIN_N_003925	1	-0.9599454562699216	-1.998766541481018	0.11933248809489243	0
K3	HPCLAS_TRAIN_N_003927	0	HPCLAS_TRAIN_N_003927	1	-2.932626276713629	-3.0248873233795166	0.04631412642217951	0
K3	HPCLAS_TRAIN_N_003931	0	HPCLAS_TRAIN_N_003931	1	-2.631547741563793	-3.2449653148651123	0.037508223683965065	0
K3	HPCLAS_TRAIN_N_003941	0	HPCLAS_TRAIN_N_003941	1	-3.3716237877922914	-3.2539000511169434	0.03718699710518321	0
K3	HPCLAS_TRAIN_N_003946	0	HPCLAS_TRAIN_N_003946	1	-2.627765258466655	-2.486402750015259	0.07681691217270228	0
K3	HPCLAS_TRAIN_N_003949	0	HPCLAS_TRAIN_N_003949	1	-3.1046495315020035	-2.8273653984069824	0.055863190904291544	0
K3	HPCLAS_TRAIN_N_003957	0	HPCLAS_TRAIN_N_003957	1	-3.6717791794620074	-3.3878817558288574	0.032676343801924045	0
K3	HPCLAS_TRAIN_N_003965	0	HPCLAS_TRAIN_N_003965	1	-4.263029583206208	-3.4432036876678467	0.030972187551626756	0
K3	HPCLAS_TRAIN_N_003970	0	HPCLAS_TRAIN_N_003970	1	-2.456898743670323	-2.4878642559051514	0.07671333199378484	0
K3	HPCLAS_TRAIN_N_003971	0	HPCLAS_TRAIN_N_003971	1	-3.366410665955466	-3.367382287979126	0.03333054757708003	0
K3	HPCLAS_TRAIN_N_003972	0	HPCLAS_TRAIN_N_003972	1	-2.315047948251717	-0.6367968916893005	0.345970964876747	0
K3	HPCLAS_TRAIN_N_003973	0	HPCLAS_TRAIN_N_003973	1	-3.427778123096477	-3.414731979370117	0.03183821282251826	0
K3	HPCLAS_TRAIN_N_003984	0	HPCLAS_TRAIN_N_003984	1	-3.2071705282688714	-2.069267511367798	0.1121199363942172	0
K3	HPCLAS_TRAIN_N_003989	0	HPCLAS_TRAIN_N_003989	1	-1.262484049105683	-2.2943499088287354	0.0915919813987828	0
K3	HPCLAS_TRAIN_N_004004	0	HPCLAS_TRAIN_N_004004	1	-0.4781726326575787	-0.6790603399276733	0.3364710572450939	0
K3	HPCLAS_TRAIN_N_004006	0	HPCLAS_TRAIN_N_004006	1	-3.5614222798527235	-3.3829891681671143	0.032831345740679314	0
K3	HPCLAS_TRAIN_N_004011	0	HPCLAS_TRAIN_N_004011	1	0.3327269328668328	-0.19530358910560608	0.45132871220067644	0
K3	HPCLAS_TRAIN_N_004023	0	HPCLAS_TRAIN_N_004023	1	-2.6642775681631954	-1.632205605506897	0.16352843936704595	0
K3	HPCLAS_TRAIN_N_004027	0	HPCLAS_TRAIN_N_004027	1	-2.751949751855576	-2.8294589519500732	0.05575287428277452	0
K3	HPCLAS_TRAIN_N_004029	0	HPCLAS_TRAIN_N_004029	1	-1.663138380044226	-3.2690982818603516	0.036646648938703855	0
K3	HPCLAS_TRAIN_N_004032	0	HPCLAS_TRAIN_N_004032	1	-2.265990156722116	-2.6393282413482666	0.06664981191538087	0
K3	HPCLAS_TRAIN_N_004034	0	HPCLAS_TRAIN_N_004034	1	-1.0174513239961755	0.4358381927013397	0.6072669098059376	1
K3	HPCLAS_TRAIN_N_004037	0	HPCLAS_TRAIN_N_004037	1	0.772437221821019	1.4046854972839355	0.8029263536137162	1
K3	HPCLAS_TRAIN_N_004038	0	HPCLAS_TRAIN_N_004038	1	-2.035402370592505	-2.8893537521362305	0.052682361360462684	0
K3	HPCLAS_TRAIN_N_004039	0	HPCLAS_TRAIN_N_004039	1	-3.326739324552095	-2.8006649017333984	0.057288256436409085	0
K3	HPCLAS_TRAIN_N_004046	0	HPCLAS_TRAIN_N_004046	1	-2.9135513726429347	-3.018254041671753	0.046607995993015065	0
K3	HPCLAS_TRAIN_N_004048	0	HPCLAS_TRAIN_N_004048	1	-1.487097197888526	-2.101031541824341	0.10899660121339537	0
K3	HPCLAS_TRAIN_N_004059	0	HPCLAS_TRAIN_N_004059	1	-1.0347970918262974	-0.8338515162467957	0.30283130374723066	0
K3	HPCLAS_TRAIN_N_004060	0	HPCLAS_TRAIN_N_004060	1	-0.4080611682590088	-2.016021490097046	0.11753100436030077	0
K3	HPCLAS_TRAIN_N_004063	0	HPCLAS_TRAIN_N_004063	1	-4.3593564021593	-3.6411097049713135	0.02555314190687052	0
K3	HPCLAS_TRAIN_N_004064	0	HPCLAS_TRAIN_N_004064	1	-3.86033871748641	-3.6960442066192627	0.024220335748255776	0
K3	HPCLAS_TRAIN_N_004068	0	HPCLAS_TRAIN_N_004068	1	-0.9045790778082096	-2.1064341068267822	0.1084730311362543	0
K3	HPCLAS_TRAIN_N_004070	0	HPCLAS_TRAIN_N_004070	1	-1.5986057089297243	-1.3798388242721558	0.20103488652608617	0
K3	HPCLAS_TRAIN_N_004071	0	HPCLAS_TRAIN_N_004071	1	-2.853747830342352	-2.6859519481658936	0.06380740628956652	0
K3	HPCLAS_TRAIN_N_004078	0	HPCLAS_TRAIN_N_004078	1	-2.8357624827865173	-1.986329197883606	0.12064575719417658	0
K3	HPCLAS_TRAIN_N_004080	0	HPCLAS_TRAIN_N_004080	1	0.5751084956576515	0.27736982703208923	0.5689012843954062	1
K3	HPCLAS_TRAIN_N_004083	0	HPCLAS_TRAIN_N_004083	1	-1.4200367607695394	-2.788038492202759	0.057973986273745164	0
K3	HPCLAS_TRAIN_N_004090	0	HPCLAS_TRAIN_N_004090	1	-3.370760149042849	-3.1902568340301514	0.03953402613025468	0
K3	HPCLAS_TRAIN_N_004091	0	HPCLAS_TRAIN_N_004091	1	-4.634870963067877	-4.4618000984191895	0.01140988069645925	0
K3	HPCLAS_TRAIN_N_004104	0	HPCLAS_TRAIN_N_004104	1	-1.7490651282977403	0.1430969536304474	0.5357133181733426	1
K3	HPCLAS_TRAIN_N_004114	0	HPCLAS_TRAIN_N_004114	1	-2.0816969686812983	-2.8839621543884277	0.052952089317550466	0
K3	HPCLAS_TRAIN_N_004125	0	HPCLAS_TRAIN_N_004125	1	-0.8341790833836648	-2.5912585258483887	0.06970313005920348	0
K3	HPCLAS_TRAIN_N_004135	0	HPCLAS_TRAIN_N_004135	1	-2.248699138275868	-2.461761713027954	0.07858268129321305	0
K3	HPCLAS_TRAIN_N_004136	0	HPCLAS_TRAIN_N_004136	1	-1.5953052391632023	-3.270953893661499	0.03658119532426232	0
K3	HPCLAS_TRAIN_N_004137	0	HPCLAS_TRAIN_N_004137	1	-2.611966641607078	-2.2753844261169434	0.09318223426136256	0
K3	HPCLAS_TRAIN_N_004142	0	HPCLAS_TRAIN_N_004142	1	-4.07259847774395	-3.6311933994293213	0.02580122482605638	0
K3	HPCLAS_TRAIN_N_004150	0	HPCLAS_TRAIN_N_004150	1	-2.2448086484509955	-2.0207817554473877	0.11703817988755714	0
K3	HPCLAS_TRAIN_N_004151	0	HPCLAS_TRAIN_N_004151	1	-3.592578399188945	-2.6434950828552246	0.06639107022991841	0
K3	HPCLAS_TRAIN_N_004154	0	HPCLAS_TRAIN_N_004154	1	-3.4838614933105903	-2.8415849208831787	0.05511793695782269	0
K3	HPCLAS_TRAIN_N_004160	0	HPCLAS_TRAIN_N_004160	1	-3.95977253479706	-3.0086629390716553	0.04703604134809439	0
K3	HPCLAS_TRAIN_N_004176	0	HPCLAS_TRAIN_N_004176	1	-2.2055766213193437	-2.553929328918457	0.07216295264364668	0
K3	HPCLAS_TRAIN_N_004182	0	HPCLAS_TRAIN_N_004182	1	0.618699046987654	0.3309784233570099	0.5819974232549413	1
K3	HPCLAS_TRAIN_N_004194	0	HPCLAS_TRAIN_N_004194	1	-0.9051686510857148	-1.8326632976531982	0.1379213042235178	0
K3	HPCLAS_TRAIN_N_004196	0	HPCLAS_TRAIN_N_004196	1	0.0732560953256887	-0.7733857035636902	0.3157471660809149	0
K3	HPCLAS_TRAIN_N_004198	0	HPCLAS_TRAIN_N_004198	1	-3.3246999133581303	-2.397505283355713	0.08336312903482913	0
K3	HPCLAS_TRAIN_N_004202	0	HPCLAS_TRAIN_N_004202	1	-1.811536329932129	-1.8202307224273682	0.13940619040350266	0
K3	HPCLAS_TRAIN_N_004204	0	HPCLAS_TRAIN_N_004204	1	-3.646166829615991	-3.3640902042388916	0.03343678038245904	0
K3	HPCLAS_TRAIN_N_004205	0	HPCLAS_TRAIN_N_004205	1	-4.677381114807296	-3.6103720664978027	0.026329779453045307	0
K3	HPCLAS_TRAIN_N_004206	0	HPCLAS_TRAIN_N_004206	1	1.5257773414537572	0.31235167384147644	0.5774591740076803	1
K3	HPCLAS_TRAIN_N_004215	0	HPCLAS_TRAIN_N_004215	1	-2.302366641377524	-2.2084672451019287	0.09899270040495799	0
K3	HPCLAS_TRAIN_N_004219	0	HPCLAS_TRAIN_N_004219	1	-2.361125741019477	-2.2891876697540283	0.09202240110839367	0
K3	HPCLAS_TRAIN_N_004240	0	HPCLAS_TRAIN_N_004240	1	-2.7600608456535567	-2.1170477867126465	0.10745087510217352	0
K3	HPCLAS_TRAIN_N_004250	0	HPCLAS_TRAIN_N_004250	1	0.1234537707715456	-1.4835379123687744	0.1848936331570491	0
K3	HPCLAS_TRAIN_N_004251	0	HPCLAS_TRAIN_N_004251	1	-2.237891871687731	-2.6766469478607178	0.06436551117874639	0
K3	HPCLAS_TRAIN_N_004252	0	HPCLAS_TRAIN_N_004252	1	-3.3806586107544168	-2.4657509326934814	0.0782943172544685	0
K3	HPCLAS_TRAIN_N_004255	0	HPCLAS_TRAIN_N_004255	1	-3.262760629603686	-3.049509286880493	0.045238663697490585	0
K3	HPCLAS_TRAIN_N_004266	0	HPCLAS_TRAIN_N_004266	1	-0.6784391775045147	0.37559613585472107	0.5928105068863472	1
K3	HPCLAS_TRAIN_N_004268	0	HPCLAS_TRAIN_N_004268	1	-0.5338251255811115	-1.3026931285858154	0.21371211673849247	0
K3	HPCLAS_TRAIN_N_004273	0	HPCLAS_TRAIN_N_004273	1	-2.2125148353997086	-2.2699673175811768	0.09364098603464424	0
K3	HPCLAS_TRAIN_N_004274	0	HPCLAS_TRAIN_N_004274	1	-0.5973496801464175	0.5607593059539795	0.6366282108184113	1
K3	HPCLAS_TRAIN_N_004279	0	HPCLAS_TRAIN_N_004279	1	-3.3192577381941764	-2.6267879009246826	0.0674341687756783	0
K3	HPCLAS_TRAIN_N_004284	0	HPCLAS_TRAIN_N_004284	1	0.1778329599461562	-1.0577504634857178	0.25773957868888087	0
K3	HPCLAS_TRAIN_N_004292	0	HPCLAS_TRAIN_N_004292	1	-0.1999171043684078	0.016238369047641754	0.5040595030599225	1
K3	HPCLAS_TRAIN_N_004306	0	HPCLAS_TRAIN_N_004306	1	-3.0270481310996806	-2.580467939376831	0.0704060985339131	0
K3	HPCLAS_TRAIN_N_004308	0	HPCLAS_TRAIN_N_004308	1	-4.2724533770534325	-3.9814043045043945	0.01831762128452149	0
K3	HPCLAS_TRAIN_N_004313	0	HPCLAS_TRAIN_P_007394	1	-0.771389436752626	-1.170633316040039	0.23674052850021332	0
K3	HPCLAS_TRAIN_N_004315	0	HPCLAS_TRAIN_N_004315	1	-2.289089728907758	-1.7034021615982056	0.1540214453936877	0
K3	HPCLAS_TRAIN_N_004317	0	HPCLAS_TRAIN_N_004317	1	-1.0407311219059283	-2.5633633136749268	0.07153383974262152	0
K3	HPCLAS_TRAIN_N_004318	0	HPCLAS_TRAIN_N_004318	1	0.4179362862742332	0.21699464321136475	0.554036792607977	1
K3	HPCLAS_TRAIN_N_004325	0	HPCLAS_TRAIN_N_004325	1	-1.7152085385365448	-2.546426773071289	0.07266690498669093	0
K3	HPCLAS_TRAIN_N_004331	0	HPCLAS_TRAIN_N_004331	1	-3.4023926084209597	-2.533959150314331	0.0735115426670032	0
K3	HPCLAS_TRAIN_N_004332	0	HPCLAS_TRAIN_N_004332	1	-2.427257892791693	-2.8039047718048096	0.05711353376468144	0
K3	HPCLAS_TRAIN_N_004341	0	HPCLAS_TRAIN_N_004341	1	-2.4606008655870983	-2.3207390308380127	0.08941986625903905	0
K3	HPCLAS_TRAIN_N_004358	0	HPCLAS_TRAIN_N_004358	1	-2.729595180954795	-2.169673204421997	0.10250709453279147	0
K3	HPCLAS_TRAIN_N_004359	0	HPCLAS_TRAIN_N_004359	1	-0.1525829455289124	-1.2062463760375977	0.230365885225482	0
K3	HPCLAS_TRAIN_N_004369	0	HPCLAS_TRAIN_N_004369	1	-4.348241731116341	-3.4626030921936035	0.03039522276353512	0
K3	HPCLAS_TRAIN_N_004382	0	HPCLAS_TRAIN_N_004382	1	-2.054536597476956	-2.1911306381225586	0.10054979298982415	0
K3	HPCLAS_TRAIN_N_004388	0	HPCLAS_TRAIN_N_004388	1	-1.950231570040586	-2.5416808128356934	0.07298736761508931	0
K3	HPCLAS_TRAIN_N_004409	0	HPCLAS_TRAIN_N_004409	1	-1.476761070103563	-2.7340824604034424	0.060991933016942126	0
K3	HPCLAS_TRAIN_N_004412	0	HPCLAS_TRAIN_N_004412	1	-3.7167453004368505	-3.314668893814087	0.035071373997472684	0
K3	HPCLAS_TRAIN_N_004427	0	HPCLAS_TRAIN_N_004427	1	1.6571572504154342	1.3084630966186523	0.7872558626865545	1
K3	HPCLAS_TRAIN_N_004430	0	HPCLAS_TRAIN_N_004430	1	-0.2571695434809288	-2.155656337738037	0.10380384144936584	0
K3	HPCLAS_TRAIN_N_004446	0	HPCLAS_TRAIN_N_004446	1	-2.358736956722041	-2.334521770477295	0.08830395362821411	0
K3	HPCLAS_TRAIN_N_004449	0	HPCLAS_TRAIN_N_004449	1	-2.607915752117292	-2.3151862621307373	0.08987302661782767	0
K3	HPCLAS_TRAIN_N_004464	0	HPCLAS_TRAIN_N_004464	1	-3.0341958897374397	-2.593057632446289	0.06958655798052478	0
K3	HPCLAS_TRAIN_N_004466	0	HPCLAS_TRAIN_N_004466	1	-2.744839665664798	-2.1100263595581055	0.10812612475529465	0
K3	HPCLAS_TRAIN_N_004472	0	HPCLAS_TRAIN_P_002024	1	-0.4585116291568703	-1.387400507926941	0.19982307524033918	0
K3	HPCLAS_TRAIN_N_004476	0	HPCLAS_TRAIN_N_004476	1	0.8256259457142364	-0.12784099578857422	0.4680832080795569	0
K3	HPCLAS_TRAIN_N_004483	0	HPCLAS_TRAIN_N_004483	1	1.010197864418392	0.6125855445861816	0.6485303739108287	1
K3	HPCLAS_TRAIN_N_004485	0	HPCLAS_TRAIN_N_004485	1	-4.430496249700829	-3.5147340297698975	0.028895897903730466	0
K3	HPCLAS_TRAIN_N_004509	0	HPCLAS_TRAIN_N_004509	1	-3.34455822510484	-3.4999492168426514	0.029313675720283847	0
K3	HPCLAS_TRAIN_N_004521	0	HPCLAS_TRAIN_N_004521	1	-1.7173126016519416	-2.4219255447387695	0.08151597155357361	0
K3	HPCLAS_TRAIN_N_004526	0	HPCLAS_TRAIN_N_004526	1	-4.002419452282047	-3.499342203140259	0.0293309528571205	0
K3	HPCLAS_TRAIN_N_004530	0	HPCLAS_TRAIN_N_004530	1	-0.2173542268535403	-1.5125895738601685	0.1805553354846607	0
K3	HPCLAS_TRAIN_N_004531	0	HPCLAS_TRAIN_N_004531	1	-3.5951052510749237	-3.1909053325653076	0.03950940928775165	0
K3	HPCLAS_TRAIN_N_004533	0	HPCLAS_TRAIN_P_007210	1	-0.8949276159087786	-1.7504005432128906	0.14799668494821502	0
K3	HPCLAS_TRAIN_N_004539	0	HPCLAS_TRAIN_N_004539	1	-3.075570650475352	-2.4527828693389893	0.07923528136029362	0
K3	HPCLAS_TRAIN_N_004550	0	HPCLAS_TRAIN_N_004550	1	-3.373850667514736	-2.78271222114563	0.058265555699259945	0
K3	HPCLAS_TRAIN_N_004552	0	HPCLAS_TRAIN_N_004552	1	-2.169032964031284	-2.244155168533325	0.09585482183522546	0
K3	HPCLAS_TRAIN_N_004555	0	HPCLAS_TRAIN_N_004555	1	-2.639217498944351	-1.2960082292556763	0.21483759194378482	0
K3	HPCLAS_TRAIN_N_004558	0	HPCLAS_TRAIN_N_004558	1	-1.9087472173204607	-1.7125968933105469	0.15282719007467954	0
K3	HPCLAS_TRAIN_N_004560	0	HPCLAS_TRAIN_N_004560	1	-1.571953964617213	-2.379277467727661	0.08476660385580355	0
K3	HPCLAS_TRAIN_N_004562	0	HPCLAS_TRAIN_N_004562	1	0.141409489080618	-0.7099634408950806	0.32960691846721535	0
K3	HPCLAS_TRAIN_N_004564	0	HPCLAS_TRAIN_N_004564	1	-0.951359434115204	-0.8806778788566589	0.29303732544963146	0
K3	HPCLAS_TRAIN_N_004568	0	HPCLAS_TRAIN_N_004568	1	-2.2973760994853403	-2.6261227130889893	0.06747601234959001	0
K3	HPCLAS_TRAIN_N_004570	0	HPCLAS_TRAIN_N_004570	1	-1.0775742169842508	-1.459585428237915	0.18853074107326934	0
K3	HPCLAS_TRAIN_N_004573	0	HPCLAS_TRAIN_N_004573	1	-0.9424490630085356	-1.908685564994812	0.12912859410300154	0
K3	HPCLAS_TRAIN_N_004574	0	HPCLAS_TRAIN_N_004574	1	-0.7533212760021812	-1.623255729675293	0.1647563545592499	0
K3	HPCLAS_TRAIN_N_004575	0	HPCLAS_TRAIN_N_004575	1	-3.677574952965761	-0.6044325232505798	0.3533302582675455	0
K3	HPCLAS_TRAIN_N_004578	0	HPCLAS_TRAIN_N_004578	1	-3.4922846911558616	-2.7205469608306885	0.06177175899763765	0
K3	HPCLAS_TRAIN_N_004608	0	HPCLAS_TRAIN_N_004608	1	-1.402460757152771	-0.4085170328617096	0.39926776210099957	0
K3	HPCLAS_TRAIN_N_004612	0	HPCLAS_TRAIN_N_004612	1	-0.7238996256544722	-0.18630450963974	0.4535581256299626	0
K3	HPCLAS_TRAIN_N_004619	0	HPCLAS_TRAIN_N_004619	1	0.9477106944554756	0.7507452964782715	0.6793410738556421	1
K3	HPCLAS_TRAIN_N_004625	0	HPCLAS_TRAIN_N_004625	1	-0.5645100200140918	-1.2330560684204102	0.22564698991674237	0
K3	HPCLAS_TRAIN_N_004628	0	HPCLAS_TRAIN_N_004628	1	-3.4335518025975604	-2.8386552333831787	0.055270713951264976	0
K3	HPCLAS_TRAIN_N_004638	0	HPCLAS_TRAIN_N_004638	1	-1.3215719572718392	-0.6309525966644287	0.3472945707936615	0
K3	HPCLAS_TRAIN_N_004642	0	HPCLAS_TRAIN_N_004642	1	-1.468965597807281	-2.0892059803009033	0.11015037791940775	0
K3	HPCLAS_TRAIN_N_004649	0	HPCLAS_TRAIN_N_004649	1	-1.5699722390567763	-2.1217825412750244	0.10699763084937694	0
K3	HPCLAS_TRAIN_N_004656	0	HPCLAS_TRAIN_N_004656	1	-1.4469705656633134	-1.674512505531311	0.1578234716472509	0
K3	HPCLAS_TRAIN_N_004670	0	HPCLAS_TRAIN_N_004670	1	-3.452474076137099	-2.9362356662750244	0.0503910989071341	0
K3	HPCLAS_TRAIN_N_004672	0	HPCLAS_TRAIN_N_004672	1	-3.2972964996349727	-2.1006975173950195	0.10902904468112287	0
K3	HPCLAS_TRAIN_N_004676	0	HPCLAS_TRAIN_N_004676	1	-2.6031770265243988	-3.008051872253418	0.047063439177229736	0
K3	HPCLAS_TRAIN_N_004686	0	HPCLAS_TRAIN_N_004686	1	-3.4466194678164226	-2.694216728210449	0.06331547743499184	0
K3	HPCLAS_TRAIN_N_004696	0	HPCLAS_TRAIN_N_004696	1	-1.682416438495103	-1.8041505813598633	0.14134656804185017	0
K3	HPCLAS_TRAIN_N_004698	0	HPCLAS_TRAIN_N_004698	1	-1.8012884719549556	-1.9213975667953491	0.12770580050968064	0
K3	HPCLAS_TRAIN_N_004721	0	HPCLAS_TRAIN_N_004721	1	-0.7130679585241622	-1.7830374240875244	0.14392847882162368	0
K3	HPCLAS_TRAIN_N_004728	0	HPCLAS_TRAIN_N_004728	1	-4.5035496498414815	-2.209247350692749	0.09892314209667336	0
K3	HPCLAS_TRAIN_N_004731	0	HPCLAS_TRAIN_N_004731	1	-3.764396674391981	-3.3191609382629395	0.034919674124237465	0
K3	HPCLAS_TRAIN_N_004739	0	HPCLAS_TRAIN_N_004739	1	-1.197995919466104	-2.2818639278411865	0.09263616220938109	0
K3	HPCLAS_TRAIN_N_004742	0	HPCLAS_TRAIN_N_004742	1	-2.933530120836719	-2.2911195755004883	0.09186110929325707	0
K3	HPCLAS_TRAIN_N_004749	0	HPCLAS_TRAIN_N_004749	1	-1.911868099931624	-2.589949369430542	0.06978806962485172	0
K3	HPCLAS_TRAIN_N_004753	0	HPCLAS_TRAIN_N_004753	1	-0.3662326307375427	1.5643060207366943	0.8269703708812443	1
K3	HPCLAS_TRAIN_N_004761	0	HPCLAS_TRAIN_N_004761	1	-2.314771924619659	-2.5348241329193115	0.07345265250995313	0
K3	HPCLAS_TRAIN_N_004764	0	HPCLAS_TRAIN_N_004764	1	-2.2899370742619967	-2.261587381362915	0.09435463692161111	0
K3	HPCLAS_TRAIN_N_004765	0	HPCLAS_TRAIN_N_004765	1	-3.632268909448857	-3.0190112590789795	0.046574360063883484	0
K3	HPCLAS_TRAIN_N_004768	0	HPCLAS_TRAIN_N_004768	1	-2.728481661474975	-2.632337808609009	0.06708598959951864	0
K3	HPCLAS_TRAIN_N_004773	0	HPCLAS_TRAIN_N_004773	1	-1.705772671314585	-2.427076816558838	0.08113112055754425	0
K3	HPCLAS_TRAIN_N_004780	0	HPCLAS_TRAIN_N_004780	1	-1.5418475970176326	-2.501765489578247	0.07573450528227689	0
K3	HPCLAS_TRAIN_N_004782	0	HPCLAS_TRAIN_N_004782	1	-1.7310071636085531	-2.117168426513672	0.10743930566770138	0
K3	HPCLAS_TRAIN_N_004784	0	HPCLAS_TRAIN_N_004784	1	-0.0537895872732732	-0.5063945055007935	0.37603911719956756	0
K3	HPCLAS_TRAIN_N_004806	0	HPCLAS_TRAIN_N_004806	1	-0.7699331344398781	-1.566762924194336	0.17267835224739647	0
K3	HPCLAS_TRAIN_N_004808	0	HPCLAS_TRAIN_N_004808	1	-3.474581451470148	-3.125899076461792	0.042051495352662054	0
K3	HPCLAS_TRAIN_N_004815	0	HPCLAS_TRAIN_N_004815	1	0.1981510476323664	0.43573734164237976	0.6072428571924572	1
K3	HPCLAS_TRAIN_N_004831	0	HPCLAS_TRAIN_N_004831	1	-0.6646629645217902	-1.6037342548370361	0.1674603481437376	0
K3	HPCLAS_TRAIN_N_004832	0	HPCLAS_TRAIN_N_004832	1	-0.5419359204873875	-2.1587975025177	0.1035119867333911	0
K3	HPCLAS_TRAIN_N_004835	0	HPCLAS_TRAIN_N_004835	1	-2.4057331418547694	-2.0343375205993652	0.11564457979762405	0
K3	HPCLAS_TRAIN_N_004841	0	HPCLAS_TRAIN_N_004841	1	-2.6626797452195365	-3.1205050945281982	0.04226931956199413	0
K3	HPCLAS_TRAIN_N_004852	0	HPCLAS_TRAIN_N_004852	1	-2.134975455034679	-2.162541151046753	0.10316510171559659	0
K3	HPCLAS_TRAIN_N_004853	0	HPCLAS_TRAIN_N_004853	1	-0.5683380635818277	-0.6806373000144958	0.33611907868146995	0
K3	HPCLAS_TRAIN_N_004855	0	HPCLAS_TRAIN_N_004855	1	-2.053229700847741	-1.752603530883789	0.14771911751062825	0
K3	HPCLAS_TRAIN_N_004860	0	HPCLAS_TRAIN_N_004860	1	-2.1242633550208594	-2.163012742996216	0.10312147722017793	0
K3	HPCLAS_TRAIN_N_004862	0	HPCLAS_TRAIN_N_004862	1	-3.196028013917588	-2.5820353031158447	0.07030358506581655	0
K3	HPCLAS_TRAIN_N_004866	0	HPCLAS_TRAIN_N_004866	1	-1.3267180284930866	-2.2205841541290283	0.09791719418311313	0
K3	HPCLAS_TRAIN_N_004871	0	HPCLAS_TRAIN_N_004871	1	-1.4999945716464194	-1.9867990016937256	0.12059592442176903	0
K3	HPCLAS_TRAIN_N_004886	0	HPCLAS_TRAIN_N_004886	1	-4.08223919817465	-3.7233803272247314	0.02358261565190174	0
K3	HPCLAS_TRAIN_N_004893	0	HPCLAS_TRAIN_N_004893	1	-0.9530746443486856	-0.9452835917472839	0.2798343182166625	0
K3	HPCLAS_TRAIN_N_004894	0	HPCLAS_TRAIN_N_004894	1	-0.7674028549674422	-3.0761234760284424	0.04410295292154408	0
K3	HPCLAS_TRAIN_N_004908	0	HPCLAS_TRAIN_N_004908	1	-2.2752566496246938	-2.5596892833709717	0.07177824135455095	0
K3	HPCLAS_TRAIN_N_004916	0	HPCLAS_TRAIN_N_004916	1	-2.7082236558335198	-3.2275516986846924	0.038141966789148996	0
K3	HPCLAS_TRAIN_N_004921	0	HPCLAS_TRAIN_N_004921	1	-0.7592284531711653	-1.9845645427703857	0.12083309544882745	0
K3	HPCLAS_TRAIN_N_004925	0	HPCLAS_TRAIN_N_004925	1	-2.994089144316616	-3.1728153228759766	0.04020164413036843	0
K3	HPCLAS_TRAIN_N_004929	0	HPCLAS_TRAIN_N_004929	1	-1.9291007845735717	-0.44589611887931824	0.3903369424207179	0
K3	HPCLAS_TRAIN_N_004946	0	HPCLAS_TRAIN_N_004946	1	-0.9231061349775148	-2.1053354740142822	0.10857932192576676	0
K3	HPCLAS_TRAIN_N_004947	0	HPCLAS_TRAIN_N_004947	1	-0.2966685665942041	-1.8447363376617432	0.13649209660602452	0
K3	HPCLAS_TRAIN_N_004950	0	HPCLAS_TRAIN_N_004950	1	-3.86149257064196	-2.91894268989563	0.05122506292876667	0
K3	HPCLAS_TRAIN_N_004953	0	HPCLAS_TRAIN_N_004953	1	-3.629324232691319	-4.271609783172607	0.01376711442797894	0
K3	HPCLAS_TRAIN_N_004957	0	HPCLAS_TRAIN_N_004957	1	-0.4378513390533718	-0.5002028346061707	0.3774930030968637	0
K3	HPCLAS_TRAIN_N_004963	0	HPCLAS_TRAIN_N_004963	1	-0.8412917517046808	-1.7760820388793945	0.14478759744092798	0
K3	HPCLAS_TRAIN_N_004973	0	HPCLAS_TRAIN_N_004973	1	-2.162000891288294	-2.693617343902588	0.0633510342026483	0
K3	HPCLAS_TRAIN_N_004976	0	HPCLAS_TRAIN_N_004976	1	-2.1055341588299696	-2.4839413166046143	0.07699164929145717	0
K3	HPCLAS_TRAIN_N_004977	0	HPCLAS_TRAIN_N_004977	1	-3.737010297467497	-3.7622127532958984	0.02270479215979951	0
K3	HPCLAS_TRAIN_N_004986	0	HPCLAS_TRAIN_N_004986	1	-0.2452517025096525	-1.6609532833099365	0.15963407150360034	0
K3	HPCLAS_TRAIN_N_004988	0	HPCLAS_TRAIN_N_004988	1	-2.764624551363936	-2.7584705352783203	0.05961004497574201	0
K3	HPCLAS_TRAIN_N_004994	0	HPCLAS_TRAIN_N_004994	1	-1.11327271994918	-0.9932643175125122	0.2702677961973405	0
K3	HPCLAS_TRAIN_N_005000	0	HPCLAS_TRAIN_N_005000	1	-2.9315669435724137	-2.962834596633911	0.049133406294843855	0
K3	HPCLAS_TRAIN_N_005001	0	HPCLAS_TRAIN_N_005001	1	-0.9764214345935354	-1.4349290132522583	0.19233184843968232	0
K3	HPCLAS_TRAIN_N_005008	0	HPCLAS_TRAIN_N_005008	1	-1.993305218695138	-2.774933099746704	0.058693871048410416	0
K3	HPCLAS_TRAIN_N_005024	0	HPCLAS_TRAIN_N_005024	1	-0.4942153852802456	-0.9002414345741272	0.28900088502283294	0
K3	HPCLAS_TRAIN_N_005025	0	HPCLAS_TRAIN_N_005025	1	-3.338610587989889	-3.200927495956421	0.039130834397793864	0
K3	HPCLAS_TRAIN_N_005048	0	HPCLAS_TRAIN_N_005048	1	-1.460161745862275	-1.6608742475509644	0.15964467451767325	0
K3	HPCLAS_TRAIN_N_005053	0	HPCLAS_TRAIN_N_005053	1	-3.49115537102845	-3.405426263809204	0.03212631027431662	0
K3	HPCLAS_TRAIN_N_005063	0	HPCLAS_TRAIN_N_005063	1	-0.5697072741829073	-2.1744544506073	0.10206805803008101	0
K3	HPCLAS_TRAIN_N_005067	0	HPCLAS_TRAIN_N_005067	1	-2.458215486806387	-2.372483015060425	0.08529521515749713	0
K3	HPCLAS_TRAIN_N_005074	0	HPCLAS_TRAIN_N_005074	1	-1.161789940738876	-0.16111378371715546	0.4598084563210559	0
K3	HPCLAS_TRAIN_N_005078	0	HPCLAS_TRAIN_N_005078	1	-3.922554476214132	-2.427058458328247	0.08113248915326413	0
K3	HPCLAS_TRAIN_N_005088	0	HPCLAS_TRAIN_N_005088	1	-0.809047438021409	-2.211217164993286	0.09874769672874914	0
K3	HPCLAS_TRAIN_N_005096	0	HPCLAS_TRAIN_N_005096	1	0.1628593917238065	0.6946418285369873	0.6669987278806433	1
K3	HPCLAS_TRAIN_N_005100	0	HPCLAS_TRAIN_N_005100	1	-1.098791905396696	-0.009871162474155426	0.49753222941969466	0
K3	HPCLAS_TRAIN_N_005102	0	HPCLAS_TRAIN_N_005102	1	-1.4819516408490376	-2.385871171951294	0.08425645479225648	0
K3	HPCLAS_TRAIN_N_005103	0	HPCLAS_TRAIN_N_005103	1	1.5008916125867158	2.083266496658325	0.8892661006642935	1
K3	HPCLAS_TRAIN_N_005104	0	HPCLAS_TRAIN_N_005104	1	-1.2723965704750324	-2.6636972427368164	0.06514978940766712	0
K3	HPCLAS_TRAIN_N_005105	0	HPCLAS_TRAIN_N_005105	1	-0.1338667842627801	-1.8092525005340576	0.14072849207472582	0
K3	HPCLAS_TRAIN_N_005112	0	HPCLAS_TRAIN_N_005112	1	-3.2873788756952296	-3.027570962905884	0.04619573661823545	0
K3	HPCLAS_TRAIN_P_000002	1	HPCLAS_TRAIN_P_000002	1	1.6031932882194024	0.797217607498169	0.6893789860071867	1
K3	HPCLAS_TRAIN_P_000010	1	HPCLAS_TRAIN_P_000010	1	3.0882700655235653	2.6850311756134033	0.9361375683255377	1
K3	HPCLAS_TRAIN_P_000011	1	HPCLAS_TRAIN_P_000011	1	2.5617138123387435	2.1905910968780518	0.8994014006349043	1
K3	HPCLAS_TRAIN_P_000012	1	HPCLAS_TRAIN_P_000012	1	2.940784391617048	2.9145889282226562	0.9485629257516216	1
K3	HPCLAS_TRAIN_P_000014	1	HPCLAS_TRAIN_P_000014	1	1.2152336014977851	1.4907314777374268	0.8161880380013609	1
K3	HPCLAS_TRAIN_P_000020	1	HPCLAS_TRAIN_P_000020	1	3.24236734771216	3.151968240737915	0.9589862059542478	1
K3	HPCLAS_TRAIN_P_000021	1	HPCLAS_TRAIN_P_000021	1	1.4431476036066175	-0.4744170606136322	0.3835713188520009	0
K3	HPCLAS_TRAIN_P_000024	1	HPCLAS_TRAIN_P_000024	1	0.5605977569982076	1.8338571786880493	0.8622205857063375	1
K3	HPCLAS_TRAIN_P_000028	1	HPCLAS_TRAIN_P_000028	1	0.8730113768074114	0.4550045430660248	0.611828447955017	1
K3	HPCLAS_TRAIN_P_000034	1	HPCLAS_TRAIN_P_000034	1	2.8594991866429784	2.943741798400879	0.9499668735221632	1
K3	HPCLAS_TRAIN_P_000035	1	HPCLAS_TRAIN_P_000035	1	2.394341167403776	2.0889835357666016	0.8898278167832686	1
K3	HPCLAS_TRAIN_P_000055	1	HPCLAS_TRAIN_P_000055	1	-0.7319930609269863	-0.09349348396062851	0.47664363975527574	0
K3	HPCLAS_TRAIN_P_000060	1	HPCLAS_TRAIN_P_000060	1	3.132461769295868	2.6750874519348145	0.9355405081054976	1
K3	HPCLAS_TRAIN_P_000066	1	HPCLAS_TRAIN_P_000066	1	3.211821080260577	3.6747663021087646	0.9752716647898396	1
K3	HPCLAS_TRAIN_P_000077	1	HPCLAS_TRAIN_P_000077	1	2.776883972721367	3.001208543777466	0.9526286949404558	1
K3	HPCLAS_TRAIN_P_000078	1	HPCLAS_TRAIN_P_000078	1	2.6131552977170167	2.5328807830810547	0.9264149785467957	1
K3	HPCLAS_TRAIN_P_000082	1	HPCLAS_TRAIN_P_000082	1	0.8097436160455566	0.9279649257659912	0.7166622307201256	1
K3	HPCLAS_TRAIN_P_000089	1	HPCLAS_TRAIN_P_000089	1	1.5277701793063998	1.957597017288208	0.8762726592025644	1
K3	HPCLAS_TRAIN_P_000091	1	HPCLAS_TRAIN_P_000091	1	3.1110370600795134	3.5482304096221924	0.9720293542487973	1
K3	HPCLAS_TRAIN_P_000097	1	HPCLAS_TRAIN_P_000097	1	2.2222296727836643	2.4903171062469482	0.9234602191851797	1
K3	HPCLAS_TRAIN_P_000110	1	HPCLAS_TRAIN_P_000110	1	1.7152168402769994	2.809509038925171	0.9431875168515776	1
K3	HPCLAS_TRAIN_P_000117	1	HPCLAS_TRAIN_P_000117	1	2.477234071293286	2.705916404724121	0.937374856089619	1
K3	HPCLAS_TRAIN_P_000119	1	HPCLAS_TRAIN_P_000119	1	3.0571531086322183	3.8012936115264893	0.9781463984425145	1
K3	HPCLAS_TRAIN_P_000121	1	HPCLAS_TRAIN_P_000121	1	2.297222694180531	2.0646679401397705	0.8874213630801938	1
K3	HPCLAS_TRAIN_P_000122	1	HPCLAS_TRAIN_P_000122	1	2.3563232019862568	2.8316330909729004	0.9443614716734238	1
K3	HPCLAS_TRAIN_P_000125	1	HPCLAS_TRAIN_P_000125	1	2.042706234815991	2.329145669937134	0.9112622770319444	1
K3	HPCLAS_TRAIN_P_000139	1	HPCLAS_TRAIN_P_000139	1	2.2221384575519343	3.275364637374878	0.9635739352253403	1
K3	HPCLAS_TRAIN_P_000141	1	HPCLAS_TRAIN_P_000141	1	3.210691186079181	3.3679988384246826	0.9666893117306742	1
K3	HPCLAS_TRAIN_P_000150	1	HPCLAS_TRAIN_P_000150	1	2.0146539127494414	2.3676230907440186	0.9143248488439141	1
K3	HPCLAS_TRAIN_P_000154	1	HPCLAS_TRAIN_P_000154	1	2.78130725087742	2.7090303897857666	0.9375574083075299	1
K3	HPCLAS_TRAIN_P_000155	1	HPCLAS_TRAIN_P_000155	1	3.2267250807937917	3.849036931991577	0.9791439977137145	1
K3	HPCLAS_TRAIN_P_000160	1	HPCLAS_TRAIN_P_000160	1	1.188078879958418	1.9473607540130615	0.8751585736290624	1
K3	HPCLAS_TRAIN_P_000166	1	HPCLAS_TRAIN_P_000166	1	3.692526348428976	4.0532307624816895	0.9829302582588245	1
K3	HPCLAS_TRAIN_P_000172	1	HPCLAS_TRAIN_P_000172	1	0.8453177264420998	1.8485181331634521	0.8639530209519685	1
K3	HPCLAS_TRAIN_P_000176	1	HPCLAS_TRAIN_P_000176	1	3.9815855958691646	4.38888692855835	0.9877376911190245	1
K3	HPCLAS_TRAIN_P_000179	1	HPCLAS_TRAIN_P_000179	1	0.9574291258567902	0.5100613236427307	0.6248208500517909	1
K3	HPCLAS_TRAIN_P_000183	1	HPCLAS_TRAIN_P_000183	1	2.665858249994363	3.2899463176727295	0.9640822952721461	1
K3	HPCLAS_TRAIN_P_000187	1	HPCLAS_TRAIN_P_000187	1	2.587437728473732	3.334940195083618	0.9656082065447733	1
K3	HPCLAS_TRAIN_P_000188	1	HPCLAS_TRAIN_N_002123	1	0.4321762546775138	0.7441731691360474	0.677907738557831	1
K3	HPCLAS_TRAIN_P_000192	1	HPCLAS_TRAIN_P_000192	1	1.430633742657106	2.4881069660186768	0.9233038570084031	1
K3	HPCLAS_TRAIN_P_000196	1	HPCLAS_TRAIN_P_000196	1	2.678204947394761	2.864168882369995	0.9460464859467739	1
K3	HPCLAS_TRAIN_P_000199	1	HPCLAS_TRAIN_P_000199	1	1.381256517244298	2.8638365268707275	0.9460295191653413	1
K3	HPCLAS_TRAIN_P_000202	1	HPCLAS_TRAIN_P_000202	1	2.513396583233133	2.8331220149993896	0.9444396522932457	1
K3	HPCLAS_TRAIN_P_000209	1	HPCLAS_TRAIN_P_000209	1	1.300079953271896	3.108837842941284	0.9572558289383384	1
K3	HPCLAS_TRAIN_P_000213	1	HPCLAS_TRAIN_P_000213	1	1.1527706313907893	2.367633104324341	0.9143256332536693	1
K3	HPCLAS_TRAIN_P_000223	1	HPCLAS_TRAIN_P_000223	1	2.694943029877774	2.4700193405151367	0.9220131555597242	1
K3	HPCLAS_TRAIN_P_000226	1	HPCLAS_TRAIN_P_000226	1	1.9964182691046148	1.6293166875839233	0.8360760103229079	1
K3	HPCLAS_TRAIN_P_000231	1	HPCLAS_TRAIN_P_000231	1	2.5101615537143007	2.5094821453094482	0.9248038859651734	1
K3	HPCLAS_TRAIN_P_000233	1	HPCLAS_TRAIN_P_000233	1	2.18703840192441	2.7989919185638428	0.9426213249649975	1
K3	HPCLAS_TRAIN_P_000235	1	HPCLAS_TRAIN_P_000235	1	-0.9328879207121132	-1.2389919757843018	0.22461149567329927	0
K3	HPCLAS_TRAIN_P_000245	1	HPCLAS_TRAIN_P_000245	1	2.9301852307131333	3.3533523082733154	0.9662144401106245	1
K3	HPCLAS_TRAIN_P_000252	1	HPCLAS_TRAIN_P_000252	1	2.3116965465301904	2.603886365890503	0.9311112811195128	1
K3	HPCLAS_TRAIN_P_000257	1	HPCLAS_TRAIN_P_000257	1	-0.5467409287796844	-1.754964828491211	0.14742208166412687	0
K3	HPCLAS_TRAIN_P_000274	1	HPCLAS_TRAIN_P_000274	1	0.8409307578865999	2.133147954940796	0.89408348404501	1
K3	HPCLAS_TRAIN_P_000279	1	HPCLAS_TRAIN_P_000279	1	1.837519202382197	0.7989119291305542	0.689741684120636	1
K3	HPCLAS_TRAIN_P_000287	1	HPCLAS_TRAIN_P_000287	1	2.71183147506489	3.0890095233917236	0.956437115330584	1
K3	HPCLAS_TRAIN_P_000290	1	HPCLAS_TRAIN_P_000290	1	2.760736118816436	3.2219645977020264	0.9616525285997654	1
K3	HPCLAS_TRAIN_P_000304	1	HPCLAS_TRAIN_P_000304	1	2.432319159010207	2.641531229019165	0.9334870999320334	1
K3	HPCLAS_TRAIN_P_000316	1	HPCLAS_TRAIN_P_000316	1	3.389055458016906	3.8440401554107666	0.97904171371896	1
K3	HPCLAS_TRAIN_P_000333	1	HPCLAS_TRAIN_P_000333	1	2.33188484171579	2.6444787979125977	0.9336698776695885	1
K3	HPCLAS_TRAIN_P_000339	1	HPCLAS_TRAIN_P_000339	1	3.077658240700782	4.084107875823975	0.9834406741426815	1
K3	HPCLAS_TRAIN_P_000356	1	HPCLAS_TRAIN_P_000356	1	2.5153038072435296	2.727681875228882	0.9386404615166513	1
K3	HPCLAS_TRAIN_P_000358	1	HPCLAS_TRAIN_P_000358	1	2.2625043545911683	2.0418074131011963	0.885117182280891	1
K3	HPCLAS_TRAIN_P_000363	1	HPCLAS_TRAIN_P_000363	1	2.9882909972721325	2.277451515197754	0.906992286508688	1
K3	HPCLAS_TRAIN_P_000376	1	HPCLAS_TRAIN_P_000376	1	2.912892046507957	2.9467012882232666	0.9501073503475654	1
K3	HPCLAS_TRAIN_P_000378	1	HPCLAS_TRAIN_P_000378	1	-0.7075039777962031	-1.2113946676254272	0.22945437361795182	0
K3	HPCLAS_TRAIN_P_000381	1	HPCLAS_TRAIN_P_000381	1	2.7947542329826	3.1259024143218994	0.9579486391067089	1
K3	HPCLAS_TRAIN_P_000385	1	HPCLAS_TRAIN_P_000385	1	2.178876705350984	2.782508134841919	0.9417232449367245	1
K3	HPCLAS_TRAIN_P_000387	1	HPCLAS_TRAIN_P_000387	1	2.683469752045285	2.693627119064331	0.936649545830302	1
K3	HPCLAS_TRAIN_P_000391	1	HPCLAS_TRAIN_P_000391	1	2.782910824101339	2.186652898788452	0.8990445174075128	1
K3	HPCLAS_TRAIN_P_000408	1	HPCLAS_TRAIN_P_000408	1	1.902949198337864	1.7144503593444824	0.8474126257167853	1
K3	HPCLAS_TRAIN_P_000415	1	HPCLAS_TRAIN_P_000415	1	3.036139886369061	3.969874143600464	0.981473886741494	1
K3	HPCLAS_TRAIN_P_000422	1	HPCLAS_TRAIN_P_000422	1	2.502217007115042	4.079922676086426	0.9833723796050334	1
K3	HPCLAS_TRAIN_P_000427	1	HPCLAS_TRAIN_P_000427	1	0.55997482132175	-1.1661778688430786	0.23754654716104087	0
K3	HPCLAS_TRAIN_P_000441	1	HPCLAS_TRAIN_P_000441	1	1.839078601407071	2.606550455093384	0.9312819678240074	1
K3	HPCLAS_TRAIN_P_000442	1	HPCLAS_TRAIN_P_000442	1	2.0514480553646988	2.4593050479888916	0.9212392536139004	1
K3	HPCLAS_TRAIN_P_000444	1	HPCLAS_TRAIN_P_000444	1	2.645120725001444	3.36928129196167	0.9667305834206489	1
K3	HPCLAS_TRAIN_P_000448	1	HPCLAS_TRAIN_P_000448	1	3.1975316080214284	3.3094239234924316	0.9647506955248244	1
K3	HPCLAS_TRAIN_P_000449	1	HPCLAS_TRAIN_P_000449	1	2.526243870237075	3.375537633895874	0.9669312168996989	1
K3	HPCLAS_TRAIN_P_000462	1	HPCLAS_TRAIN_P_000462	1	-0.0171915950496113	-0.7915166616439819	0.3118431055601526	0
K3	HPCLAS_TRAIN_P_000470	1	HPCLAS_TRAIN_P_000470	1	2.884061571024401	1.9942147731781006	0.8801883268922266	1
K3	HPCLAS_TRAIN_P_000472	1	HPCLAS_TRAIN_P_000472	1	2.5800666827141203	3.1517341136932373	0.9589769963586563	1
K3	HPCLAS_TRAIN_P_000479	1	HPCLAS_TRAIN_P_000479	1	3.06033716802114	3.0497450828552246	0.9547715197401709	1
K3	HPCLAS_TRAIN_P_000482	1	HPCLAS_TRAIN_P_000482	1	2.961085282022703	2.9427201747894287	0.9499182936154261	1
K3	HPCLAS_TRAIN_P_000490	1	HPCLAS_TRAIN_P_000490	1	1.704506426457782	2.1867594718933105	0.8990541899412946	1
K3	HPCLAS_TRAIN_P_000494	1	HPCLAS_TRAIN_P_000494	1	0.3615769137580598	-0.4177410900592804	0.3970574135993092	0
K3	HPCLAS_TRAIN_P_000496	1	HPCLAS_TRAIN_P_000496	1	2.980340617351733	3.1557230949401855	0.9591336363547386	1
K3	HPCLAS_TRAIN_P_000504	1	HPCLAS_TRAIN_P_000504	1	-0.6377560305047684	0.2563371956348419	0.5637356811469926	1
K3	HPCLAS_TRAIN_P_000512	1	HPCLAS_TRAIN_P_000512	1	1.7043576505982652	2.0890772342681885	0.8898370021122648	1
K3	HPCLAS_TRAIN_P_000519	1	HPCLAS_TRAIN_P_000519	1	0.9342080674963256	1.5660769939422607	0.8272236333848104	1
K3	HPCLAS_TRAIN_P_000536	1	HPCLAS_TRAIN_P_000536	1	2.35249613325958	2.8052124977111816	0.9429568485653483	1
K3	HPCLAS_TRAIN_P_000541	1	HPCLAS_TRAIN_P_000541	1	1.7767805751844858	1.9997243881225586	0.8807681374615025	1
K3	HPCLAS_TRAIN_P_000542	1	HPCLAS_TRAIN_P_000542	1	0.1672248669410465	1.241931676864624	0.7759000715985045	1
K3	HPCLAS_TRAIN_P_000544	1	HPCLAS_TRAIN_P_000544	1	3.178961690104983	3.476145029067993	0.9700013484423037	1
K3	HPCLAS_TRAIN_P_000548	1	HPCLAS_TRAIN_P_000548	1	2.4191186722211	3.274437189102173	0.9635413685274056	1
K3	HPCLAS_TRAIN_P_000562	1	HPCLAS_TRAIN_P_000562	1	2.429741718338655	3.1806607246398926	0.9600999847852946	1
K3	HPCLAS_TRAIN_P_000566	1	HPCLAS_TRAIN_P_000566	1	1.1900905007901923	2.460970878601074	0.9213600373204516	1
K3	HPCLAS_TRAIN_P_000575	1	HPCLAS_TRAIN_P_000575	1	2.3381294065125795	3.1349737644195557	0.9583125464573775	1
K3	HPCLAS_TRAIN_P_000577	1	HPCLAS_TRAIN_P_000577	1	1.703108537817036	0.4237253963947296	0.6043743599339059	1
K3	HPCLAS_TRAIN_P_000579	1	HPCLAS_TRAIN_P_000579	1	3.0380433631793062	3.354750871658325	0.9662600651914137	1
K3	HPCLAS_TRAIN_P_000581	1	HPCLAS_TRAIN_P_000581	1	1.819383786339848	2.1334712505340576	0.8941140956578648	1
K3	HPCLAS_TRAIN_P_000595	1	HPCLAS_TRAIN_P_000595	1	2.528047557367675	2.9481847286224365	0.9501776234915852	1
K3	HPCLAS_TRAIN_P_000600	1	HPCLAS_TRAIN_P_000600	1	2.574231173454073	2.1302366256713867	0.8938074699035129	1
K3	HPCLAS_TRAIN_P_000603	1	HPCLAS_TRAIN_P_006079	1	2.7756947486717327	4.002132415771484	0.982051415583387	1
K3	HPCLAS_TRAIN_P_000605	1	HPCLAS_TRAIN_P_000605	1	1.1086383043138173	1.5506737232208252	0.8250110170999039	1
K3	HPCLAS_TRAIN_P_000615	1	HPCLAS_TRAIN_P_000615	1	0.302682061319149	0.7763108015060425	0.6848844630705224	1
K3	HPCLAS_TRAIN_P_000625	1	HPCLAS_TRAIN_P_000625	1	1.944453185948298	3.3889901638031006	0.9673586732808489	1
K3	HPCLAS_TRAIN_P_000626	1	HPCLAS_TRAIN_P_000626	1	2.7459278999026875	3.076850652694702	0.9559276931458194	1
K3	HPCLAS_TRAIN_P_000629	1	HPCLAS_TRAIN_P_000629	1	2.23619543234547	2.6477415561676025	0.9338716560275013	1
K3	HPCLAS_TRAIN_P_000640	1	HPCLAS_TRAIN_P_000640	1	1.3715021511147247	1.9248216152191162	0.8726751423316136	1
K3	HPCLAS_TRAIN_P_000676	1	HPCLAS_TRAIN_P_000676	1	3.0628611848139218	3.2072196006774902	0.9611050614617971	1
K3	HPCLAS_TRAIN_P_000679	1	HPCLAS_TRAIN_P_000679	1	2.4095681762396537	2.8135759830474854	0.943405050952875	1
K3	HPCLAS_TRAIN_P_000680	1	HPCLAS_TRAIN_N_001271	1	2.81930032027036	2.9536025524139404	0.9504334791976803	1
K3	HPCLAS_TRAIN_P_000693	1	HPCLAS_TRAIN_P_000693	1	1.3887985943688224	0.49524936079978943	0.6213422655911547	1
K3	HPCLAS_TRAIN_P_000696	1	HPCLAS_TRAIN_P_000696	1	2.60666713426955	3.0171940326690674	0.9533448791310155	1
K3	HPCLAS_TRAIN_P_000700	1	HPCLAS_TRAIN_P_000700	1	3.086968475331796	3.1749887466430664	0.9598821346951771	1
K3	HPCLAS_TRAIN_P_000731	1	HPCLAS_TRAIN_P_000731	1	2.906217980869511	3.3722853660583496	0.9668270667902963	1
K3	HPCLAS_TRAIN_P_000739	1	HPCLAS_TRAIN_P_000739	1	1.308792797594735	0.6620877385139465	0.6597292138968774	1
K3	HPCLAS_TRAIN_P_000751	1	HPCLAS_TRAIN_P_000751	1	2.833802574551138	1.8113133907318115	0.8595205345055507	1
K3	HPCLAS_TRAIN_P_000755	1	HPCLAS_TRAIN_P_002784	1	2.908857050552595	3.365065336227417	0.9665947203422058	1
K3	HPCLAS_TRAIN_P_000773	1	HPCLAS_TRAIN_P_000773	1	2.7188339747234327	3.110029697418213	0.9573045696068059	1
K3	HPCLAS_TRAIN_P_000775	1	HPCLAS_TRAIN_P_000775	1	2.873387223337088	3.3979504108428955	0.9676404191432623	1
K3	HPCLAS_TRAIN_P_000787	1	HPCLAS_TRAIN_P_000787	1	0.3196248066250546	0.08337927609682083	0.5208327511352657	1
K3	HPCLAS_TRAIN_P_000788	1	HPCLAS_TRAIN_P_000788	1	2.505659188583084	3.0639660358428955	0.955381664965421	1
K3	HPCLAS_TRAIN_P_000789	1	HPCLAS_TRAIN_P_000789	1	-0.3860252735850278	0.2167334258556366	0.5539722501065086	1
K3	HPCLAS_TRAIN_P_000804	1	HPCLAS_TRAIN_P_000804	1	2.586479803668736	2.6151843070983887	0.9318324454530781	1
K3	HPCLAS_TRAIN_P_000805	1	HPCLAS_TRAIN_P_000805	1	2.924285376981993	4.395596027374268	0.9878186860108081	1
K3	HPCLAS_TRAIN_P_000809	1	HPCLAS_TRAIN_P_000809	1	3.291546752345639	3.5626039505004883	0.9724175060392715	1
K3	HPCLAS_TRAIN_P_000810	1	HPCLAS_TRAIN_P_000810	1	3.352466451116378	2.889193534851074	0.9473096421135984	1
K3	HPCLAS_TRAIN_P_000814	1	HPCLAS_TRAIN_P_000814	1	2.3297892914613683	2.3599634170532227	0.9137229215916989	1
K3	HPCLAS_TRAIN_P_000822	1	HPCLAS_TRAIN_P_000822	1	2.660606035190285	2.904215097427368	0.9480544113262216	1
K3	HPCLAS_TRAIN_P_000823	1	HPCLAS_TRAIN_P_000823	1	2.8006587791889217	3.1185128688812256	0.9576499563300054	1
K3	HPCLAS_TRAIN_P_000834	1	HPCLAS_TRAIN_P_000834	1	0.4623658857505599	-2.0313076972961426	0.11595480361421254	0
K3	HPCLAS_TRAIN_P_000862	1	HPCLAS_TRAIN_P_000862	1	0.3441793405087605	1.684556484222412	0.8435069424547605	1
K3	HPCLAS_TRAIN_P_000863	1	HPCLAS_TRAIN_P_000863	1	2.7028952160066724	1.9638566970825195	0.8769497297656597	1
K3	HPCLAS_TRAIN_P_000865	1	HPCLAS_TRAIN_P_000865	1	1.8664252250818532	0.7236416339874268	0.6734084250712599	1
K3	HPCLAS_TRAIN_P_000873	1	HPCLAS_TRAIN_P_000873	1	1.9740848953625263	2.7093698978424072	0.9375772813499287	1
K3	HPCLAS_TRAIN_P_000877	1	HPCLAS_TRAIN_P_000877	1	2.1102917607839244	3.1406843662261963	0.9585400866253548	1
K3	HPCLAS_TRAIN_P_000878	1	HPCLAS_TRAIN_P_000878	1	2.6403954419100684	3.750312566757202	0.9770296459832419	1
K3	HPCLAS_TRAIN_P_000883	1	HPCLAS_TRAIN_P_000883	1	1.816124008788669	1.9276392459869385	0.8729878897997143	1
K3	HPCLAS_TRAIN_P_000893	1	HPCLAS_TRAIN_P_000893	1	2.2195008420756053	2.5290262699127197	0.9261517830905183	1
K3	HPCLAS_TRAIN_P_000895	1	HPCLAS_TRAIN_P_000895	1	2.8292619809381776	3.1275899410247803	0.9580165653095044	1
K3	HPCLAS_TRAIN_P_000897	1	HPCLAS_TRAIN_P_000897	1	2.017544738978849	2.3713700771331787	0.9146179134048695	1
K3	HPCLAS_TRAIN_P_000904	1	HPCLAS_TRAIN_P_000904	1	3.0144342969193554	2.100102186203003	0.8909131103654986	1
K3	HPCLAS_TRAIN_P_000907	1	HPCLAS_TRAIN_P_000907	1	2.3055698496451376	3.221501588821411	0.9616354505976372	1
K3	HPCLAS_TRAIN_P_000912	1	HPCLAS_TRAIN_P_000912	1	1.3335623650916038	0.9424833059310913	0.7196010006083574	1
K3	HPCLAS_TRAIN_P_000913	1	HPCLAS_TRAIN_P_000913	1	0.2025604501776669	-0.5461063385009766	0.3667682391263432	0
K3	HPCLAS_TRAIN_P_000924	1	HPCLAS_TRAIN_P_000924	1	1.760451825866062	2.055711269378662	0.8865234398916664	1
K3	HPCLAS_TRAIN_P_000930	1	HPCLAS_TRAIN_P_000930	1	2.542914631672492	2.842529535293579	0.9449312378444503	1
K3	HPCLAS_TRAIN_P_000934	1	HPCLAS_TRAIN_P_000934	1	0.8753778141571209	2.1913301944732666	0.8994682533545804	1
K3	HPCLAS_TRAIN_P_000943	1	HPCLAS_TRAIN_P_006936	1	-0.588593073574336	-0.8652567267417908	0.2962422360973813	0
K3	HPCLAS_TRAIN_P_000950	1	HPCLAS_TRAIN_P_000950	1	0.4324909195647283	-0.29311293363571167	0.42724194075168814	0
K3	HPCLAS_TRAIN_P_000955	1	HPCLAS_TRAIN_P_000955	1	1.8995571611312403	2.640606164932251	0.9334296406515509	1
K3	HPCLAS_TRAIN_P_000960	1	HPCLAS_TRAIN_P_000960	1	2.9682902796981927	3.2916343212127686	0.9641407010553602	1
K3	HPCLAS_TRAIN_P_000962	1	HPCLAS_TRAIN_P_000962	1	0.0307321892280198	-0.3386562764644623	0.41613592045775544	0
K3	HPCLAS_TRAIN_P_000968	1	HPCLAS_TRAIN_P_000968	1	1.7454883864257398	2.748579263687134	0.9398330618078349	1
K3	HPCLAS_TRAIN_P_000969	1	HPCLAS_TRAIN_P_000969	1	3.170535614118432	4.133756160736084	0.9842300923846378	1
K3	HPCLAS_TRAIN_P_000977	1	HPCLAS_TRAIN_P_000977	1	3.27942574777893	3.4193854331970215	0.9683049156822418	1
K3	HPCLAS_TRAIN_P_000986	1	HPCLAS_TRAIN_P_000986	1	1.9861617429751457	3.3559892177581787	0.9663004138935494	1
K3	HPCLAS_TRAIN_P_000987	1	HPCLAS_TRAIN_P_000987	1	1.7705268833643062	2.7636215686798096	0.9406780507224735	1
K3	HPCLAS_TRAIN_P_001007	1	HPCLAS_TRAIN_P_001007	1	0.2242432974861493	1.7593899965286255	0.8531332451109698	1
K3	HPCLAS_TRAIN_P_001010	1	HPCLAS_TRAIN_P_001010	1	1.6816396717571085	2.4075043201446533	0.9173977583685422	1
K3	HPCLAS_TRAIN_P_001011	1	HPCLAS_TRAIN_P_001011	1	2.4043611538747323	3.2819643020629883	0.9638048708494138	1
K3	HPCLAS_TRAIN_P_001028	1	HPCLAS_TRAIN_P_001028	1	4.009224988231138	4.824875831604004	0.9920363778033634	1
K3	HPCLAS_TRAIN_P_001030	1	HPCLAS_TRAIN_P_001030	1	2.0500226730632605	2.997741937637329	0.9524720107942978	1
K3	HPCLAS_TRAIN_P_001033	1	HPCLAS_TRAIN_P_001033	1	2.89936787390178	2.5325467586517334	0.9263922047690484	1
K3	HPCLAS_TRAIN_P_001040	1	HPCLAS_TRAIN_P_001040	1	-0.3239980795432999	0.10067575424909592	0.525147701546828	1
K3	HPCLAS_TRAIN_P_001046	1	HPCLAS_TRAIN_P_001046	1	2.0483054450537583	2.9373559951782227	0.9496624838920847	1
K3	HPCLAS_TRAIN_P_001057	1	HPCLAS_TRAIN_P_001057	1	1.9890073069712075	3.0681540966033936	0.9555598515977681	1
K3	HPCLAS_TRAIN_P_001058	1	HPCLAS_TRAIN_P_001058	1	1.7870521041525538	1.315722942352295	0.7884692354557117	1
K3	HPCLAS_TRAIN_P_001067	1	HPCLAS_TRAIN_P_001067	1	2.974831574859947	3.58606219291687	0.9730397714466213	1
K3	HPCLAS_TRAIN_P_001074	1	HPCLAS_TRAIN_P_001074	1	2.5387015915642137	2.669593095779419	0.9352083799405863	1
K3	HPCLAS_TRAIN_P_001087	1	HPCLAS_TRAIN_P_001087	1	1.8034341913192484	2.3630120754241943	0.9139629545867604	1
K3	HPCLAS_TRAIN_P_001088	1	HPCLAS_TRAIN_P_001088	1	2.550837654301964	2.482637405395508	0.9229156385231406	1
K3	HPCLAS_TRAIN_P_001090	1	HPCLAS_TRAIN_P_001090	1	2.473028167198274	3.047863245010376	0.9546901870098213	1
K3	HPCLAS_TRAIN_P_001104	1	HPCLAS_TRAIN_P_001104	1	3.4179245522352804	3.5363271236419678	0.9717038994826885	1
K3	HPCLAS_TRAIN_P_001107	1	HPCLAS_TRAIN_N_002135	1	3.1018464220197326	3.62200665473938	0.9739668528520505	1
K3	HPCLAS_TRAIN_P_001113	1	HPCLAS_TRAIN_P_001113	1	2.2857680810200374	3.5498270988464355	0.9720727327934953	1
K3	HPCLAS_TRAIN_P_001114	1	HPCLAS_TRAIN_P_001114	1	-0.0963161022615244	0.8558405637741089	0.7017908969995832	1
K3	HPCLAS_TRAIN_P_001116	1	HPCLAS_TRAIN_P_001116	1	2.989639060308619	2.495260715484619	0.9238089099515626	1
K3	HPCLAS_TRAIN_P_001130	1	HPCLAS_TRAIN_P_001130	1	2.6518920389859413	2.741626262664795	0.9394386868362488	1
K3	HPCLAS_TRAIN_P_001136	1	HPCLAS_TRAIN_P_001136	1	0.8488877665491997	1.744423270225525	0.8512480319049136	1
K3	HPCLAS_TRAIN_P_001137	1	HPCLAS_TRAIN_P_001137	1	2.599262299140233	2.9408886432647705	0.9498310893618193	1
K3	HPCLAS_TRAIN_P_001143	1	HPCLAS_TRAIN_P_001143	1	2.888520855052092	3.4310312271118164	0.968660388301729	1
K3	HPCLAS_TRAIN_P_001145	1	HPCLAS_TRAIN_P_001145	1	3.203323006201785	3.1382386684417725	0.9584427831041317	1
K3	HPCLAS_TRAIN_P_001149	1	HPCLAS_TRAIN_P_001149	1	2.7651298679927936	3.217587471008301	0.9614907869739454	1
K3	HPCLAS_TRAIN_P_001154	1	HPCLAS_TRAIN_P_001154	1	2.833120827427138	3.791304349899292	0.9779318447747396	1
K3	HPCLAS_TRAIN_P_001159	1	HPCLAS_TRAIN_P_001159	1	2.41554284587044	3.323568820953369	0.9652285686622178	1
K3	HPCLAS_TRAIN_P_001163	1	HPCLAS_TRAIN_P_001163	1	0.8076269952366304	2.3917996883392334	0.916199847548403	1
K3	HPCLAS_TRAIN_P_001186	1	HPCLAS_TRAIN_P_001186	1	0.9086829916706048	0.6065527200698853	0.6471540304553848	1
K3	HPCLAS_TRAIN_P_001187	1	HPCLAS_TRAIN_P_001187	1	3.100251063972077	3.2984766960144043	0.9643765154569596	1
K3	HPCLAS_TRAIN_P_001194	1	HPCLAS_TRAIN_N_001072	1	1.5791995981524172	2.572578191757202	0.9290757712881329	1
K3	HPCLAS_TRAIN_P_001197	1	HPCLAS_TRAIN_P_001197	1	1.2293692813617665	1.8551757335662842	0.8647336489230069	1
K3	HPCLAS_TRAIN_P_001199	1	HPCLAS_TRAIN_P_001199	1	2.024276427581871	2.305725336074829	0.9093501001310216	1
K3	HPCLAS_TRAIN_P_001203	1	HPCLAS_TRAIN_P_001203	1	1.582228719801848	2.0694220066070557	0.8878954425394244	1
K3	HPCLAS_TRAIN_P_001204	1	HPCLAS_TRAIN_P_001204	1	3.191213061518269	4.221128463745117	0.9855303770011339	1
K3	HPCLAS_TRAIN_P_001206	1	HPCLAS_TRAIN_P_001206	1	2.745535713369095	3.94026780128479	0.9809278134738605	1
K3	HPCLAS_TRAIN_P_001211	1	HPCLAS_TRAIN_P_001211	1	0.3548009477907618	0.7826051712036133	0.686241316191858	1
K3	HPCLAS_TRAIN_P_001213	1	HPCLAS_TRAIN_N_003170	1	-0.8675011843574256	-0.26727867126464844	0.4335752988611768	0
K3	HPCLAS_TRAIN_P_001215	1	HPCLAS_TRAIN_P_001215	1	2.324171522513496	2.479290246963501	0.922677176427865	1
K3	HPCLAS_TRAIN_P_001241	1	HPCLAS_TRAIN_P_001241	1	2.609153114464937	2.970740556716919	0.951234640908578	1
K3	HPCLAS_TRAIN_P_001252	1	HPCLAS_TRAIN_P_001252	1	1.99678631960122	2.8655498027801514	0.9461169282210722	1
K3	HPCLAS_TRAIN_P_001257	1	HPCLAS_TRAIN_P_001257	1	2.9094843530079078	3.442990779876709	0.9690214218276135	1
K3	HPCLAS_TRAIN_P_001259	1	HPCLAS_TRAIN_P_001259	1	2.497268870253325	2.5684173107147217	0.9288011042897135	1
K3	HPCLAS_TRAIN_P_001263	1	HPCLAS_TRAIN_P_001263	1	3.2423360537640056	3.0569660663604736	0.9550823205064416	1
K3	HPCLAS_TRAIN_P_001265	1	HPCLAS_TRAIN_P_001265	1	2.5207619701276545	2.6583521366119385	0.9345239076747854	1
K3	HPCLAS_TRAIN_P_001269	1	HPCLAS_TRAIN_P_001269	1	1.9613871616779448	3.2636449337005615	0.9631603406205397	1
K3	HPCLAS_TRAIN_P_001270	1	HPCLAS_TRAIN_P_001270	1	2.997788471146144	3.8369076251983643	0.9788948599266188	1
K3	HPCLAS_TRAIN_P_001279	1	HPCLAS_TRAIN_N_000458	1	1.7836350717142666	1.6436676979064941	0.8380333840585298	1
K3	HPCLAS_TRAIN_P_001280	1	HPCLAS_TRAIN_P_001280	1	3.1561273792931024	3.704047918319702	0.9759681030800635	1
K3	HPCLAS_TRAIN_P_001285	1	HPCLAS_TRAIN_P_001285	1	2.5602790357750385	2.8663432598114014	0.9461573640962665	1
K3	HPCLAS_TRAIN_P_001286	1	HPCLAS_TRAIN_P_001286	1	3.147762366839919	3.4505436420440674	0.96924734907511	1
K3	HPCLAS_TRAIN_P_001299	1	HPCLAS_TRAIN_P_001299	1	2.834796392721766	2.802307367324829	0.9428003826001432	1
K3	HPCLAS_TRAIN_P_001313	1	HPCLAS_TRAIN_P_001313	1	1.7779672666961586	1.189994215965271	0.7667400297569358	1
K3	HPCLAS_TRAIN_P_001317	1	HPCLAS_TRAIN_P_001317	1	2.650277451878893	2.9865598678588867	0.9519632399267842	1
K3	HPCLAS_TRAIN_P_001321	1	HPCLAS_TRAIN_P_001321	1	2.8149607673074017	3.5300276279449463	0.9715301764892728	1
K3	HPCLAS_TRAIN_P_001322	1	HPCLAS_TRAIN_P_001322	1	2.6302893005826293	2.642319917678833	0.9335360520317293	1
K3	HPCLAS_TRAIN_P_001329	1	HPCLAS_TRAIN_P_001329	1	2.552684978096504	3.0040900707244873	0.9527585609001389	1
K3	HPCLAS_TRAIN_P_001336	1	HPCLAS_TRAIN_P_001336	1	2.6582260392286647	3.3270628452301025	0.9653456459982315	1
K3	HPCLAS_TRAIN_P_001346	1	HPCLAS_TRAIN_P_001346	1	2.179278798234189	2.402235507965088	0.9169976133946197	1
K3	HPCLAS_TRAIN_P_001350	1	HPCLAS_TRAIN_P_001350	1	3.085063884445487	2.756032705307007	0.940253151547454	1
K3	HPCLAS_TRAIN_P_001357	1	HPCLAS_TRAIN_P_001357	1	2.598142924631419	3.9369404315948486	0.9808654638677063	1
K3	HPCLAS_TRAIN_P_001385	1	HPCLAS_TRAIN_P_001385	1	3.000604592070117	3.00215744972229	0.9526714980827796	1
K3	HPCLAS_TRAIN_P_001387	1	HPCLAS_TRAIN_P_001387	1	0.8318473270091153	1.7024497985839844	0.845854421918548	1
K3	HPCLAS_TRAIN_P_001402	1	HPCLAS_TRAIN_P_001402	1	2.292554162700214	2.4630024433135986	0.921507109854648	1
K3	HPCLAS_TRAIN_P_001412	1	HPCLAS_TRAIN_P_001412	1	3.2312411384937136	3.695791006088257	0.9757736794626063	1
K3	HPCLAS_TRAIN_P_001419	1	HPCLAS_TRAIN_P_001419	1	2.273053552442653	2.7803752422332764	0.9416060802220867	1
K3	HPCLAS_TRAIN_P_001420	1	HPCLAS_TRAIN_P_001420	1	3.148117180151636	4.013436794281006	0.9822495894333123	1
K3	HPCLAS_TRAIN_P_001427	1	HPCLAS_TRAIN_P_001427	1	-0.6698495027580432	-0.3044091463088989	0.4244799861359128	0
K3	HPCLAS_TRAIN_P_001428	1	HPCLAS_TRAIN_P_001428	1	2.786144414859409	1.971101999282837	0.8777294295049279	1
K3	HPCLAS_TRAIN_P_001434	1	HPCLAS_TRAIN_P_001434	1	-0.4328086026477413	-1.5592111349105835	0.1737598731670946	0
K3	HPCLAS_TRAIN_P_001437	1	HPCLAS_TRAIN_P_001437	1	2.882105532254561	3.167417287826538	0.9595895523949058	1
K3	HPCLAS_TRAIN_P_001450	1	HPCLAS_TRAIN_P_001450	1	1.6842042482889594	2.1200156211853027	0.892833424187347	1
K3	HPCLAS_TRAIN_P_001458	1	HPCLAS_TRAIN_P_001458	1	1.658698939978689	2.4132168292999268	0.9178296163440829	1
K3	HPCLAS_TRAIN_P_001459	1	HPCLAS_TRAIN_P_001459	1	-0.8917114912721318	0.20419660210609436	0.5508725071715158	1
K3	HPCLAS_TRAIN_P_001472	1	HPCLAS_TRAIN_P_001472	1	3.276416247642875	3.3366591930389404	0.9656652470763093	1
K3	HPCLAS_TRAIN_P_001479	1	HPCLAS_TRAIN_P_001479	1	3.1127564194816304	3.523484945297241	0.9713486511438642	1
K3	HPCLAS_TRAIN_P_001494	1	HPCLAS_TRAIN_P_001494	1	2.1037874755594785	2.4188530445098877	0.9182536909344444	1
K3	HPCLAS_TRAIN_P_001498	1	HPCLAS_TRAIN_P_001498	1	2.107644857656631	2.0632164478302	0.8872762706290116	1
K3	HPCLAS_TRAIN_P_001499	1	HPCLAS_TRAIN_P_001499	1	2.2776673916959678	1.2646679878234863	0.779828629154731	1
K3	HPCLAS_TRAIN_P_001501	1	HPCLAS_TRAIN_P_001501	1	2.959985271043072	3.4233999252319336	0.968427891114166	1
K3	HPCLAS_TRAIN_P_001502	1	HPCLAS_TRAIN_P_001502	1	2.3788585341697583	3.169358015060425	0.9596647417473987	1
K3	HPCLAS_TRAIN_P_001506	1	HPCLAS_TRAIN_P_001506	1	-0.2725838200799703	-1.4004080295562744	0.197751371296461	0
K3	HPCLAS_TRAIN_P_001532	1	HPCLAS_TRAIN_P_001532	1	0.0415678262964988	-0.22946110367774963	0.44288510744675524	0
K3	HPCLAS_TRAIN_P_001533	1	HPCLAS_TRAIN_P_001533	1	2.1759849110405813	1.820130705833435	0.8605818099624791	1
K3	HPCLAS_TRAIN_P_001539	1	HPCLAS_TRAIN_P_001539	1	-1.626644300265091	-1.0643059015274048	0.2564874515857176	0
K3	HPCLAS_TRAIN_P_001541	1	HPCLAS_TRAIN_P_001541	1	2.8372733857675	3.1986091136932373	0.9607819021287899	1
K3	HPCLAS_TRAIN_P_001542	1	HPCLAS_TRAIN_P_005355	1	2.9488645493151293	2.798015832901001	0.9425685092277002	1
K3	HPCLAS_TRAIN_P_001553	1	HPCLAS_TRAIN_P_001553	1	3.289910326583546	3.0825250148773193	0.9561661361608543	1
K3	HPCLAS_TRAIN_P_001554	1	HPCLAS_TRAIN_P_001554	1	2.006149024837095	2.9237704277038574	0.9490090625227333	1
K3	HPCLAS_TRAIN_P_001556	1	HPCLAS_TRAIN_P_001556	1	2.5921306781476354	2.9227631092071533	0.9489602954596167	1
K3	HPCLAS_TRAIN_P_001567	1	HPCLAS_TRAIN_P_001567	1	3.0080299233655463	3.240469217300415	0.9623291231451364	1
K3	HPCLAS_TRAIN_P_001570	1	HPCLAS_TRAIN_P_001570	1	2.1088274424898805	2.7472236156463623	0.939756358420489	1
K3	HPCLAS_TRAIN_P_001583	1	HPCLAS_TRAIN_P_001583	1	2.518580672190924	1.2813966274261475	0.7826874195263552	1
K3	HPCLAS_TRAIN_P_001586	1	HPCLAS_TRAIN_P_001586	1	2.1518501395279745	3.3822720050811768	0.9671458742270642	1
K3	HPCLAS_TRAIN_P_001597	1	HPCLAS_TRAIN_P_001597	1	2.2759244978494326	2.7452361583709717	0.9396437414383406	1
K3	HPCLAS_TRAIN_P_001601	1	HPCLAS_TRAIN_P_001601	1	2.509812561467778	2.9179623126983643	0.9487272687355499	1
K3	HPCLAS_TRAIN_P_001602	1	HPCLAS_TRAIN_P_001602	1	3.339740509489677	3.6898820400238037	0.9756336016176352	1
K3	HPCLAS_TRAIN_P_001603	1	HPCLAS_TRAIN_P_001603	1	2.6854188850626555	3.4267351627349854	0.9685297078729366	1
K3	HPCLAS_TRAIN_P_001607	1	HPCLAS_TRAIN_P_001607	1	0.0444905220980385	0.3355967700481415	0.583120530807512	1
K3	HPCLAS_TRAIN_P_001608	1	HPCLAS_TRAIN_P_001608	1	-0.2153278649677121	-1.259552240371704	0.22105098117665115	0
K3	HPCLAS_TRAIN_P_001609	1	HPCLAS_TRAIN_P_001609	1	-0.619583580823214	0.5937129855155945	0.6442166227538776	1
K3	HPCLAS_TRAIN_P_001619	1	HPCLAS_TRAIN_P_001619	1	-0.1595835441100445	0.7599737644195557	0.6813480377334561	1
K3	HPCLAS_TRAIN_P_001627	1	HPCLAS_TRAIN_P_001627	1	0.1949936432095873	0.195982426404953	0.5488393834700642	1
K3	HPCLAS_TRAIN_P_001628	1	HPCLAS_TRAIN_P_001628	1	-0.8655293401156514	0.8710124492645264	0.7049563239506139	1
K3	HPCLAS_TRAIN_P_001638	1	HPCLAS_TRAIN_P_001638	1	2.917817350335408	2.9214441776275635	0.9488963756253653	1
K3	HPCLAS_TRAIN_P_001653	1	HPCLAS_TRAIN_P_001653	1	1.989494367992272	2.9534709453582764	0.9504272788637463	1
K3	HPCLAS_TRAIN_P_001657	1	HPCLAS_TRAIN_P_001657	1	2.7201985182169253	3.4363725185394287	0.9688221309709497	1
K3	HPCLAS_TRAIN_P_001665	1	HPCLAS_TRAIN_P_001665	1	-0.7044512248491754	0.11832612007856369	0.5295470638507461	1
K3	HPCLAS_TRAIN_P_001667	1	HPCLAS_TRAIN_P_001667	1	3.039258122781458	3.2435872554779053	0.9624419947824097	1
K3	HPCLAS_TRAIN_P_001668	1	HPCLAS_TRAIN_P_001668	1	3.2414519622721643	3.08756422996521	0.9563768572081605	1
K3	HPCLAS_TRAIN_P_001673	1	HPCLAS_TRAIN_P_001673	1	3.0048542067113053	3.3723647594451904	0.9668296130395061	1
K3	HPCLAS_TRAIN_P_001687	1	HPCLAS_TRAIN_P_001687	1	3.49092966390995	3.248884439468384	0.9626330058636315	1
K3	HPCLAS_TRAIN_P_001694	1	HPCLAS_TRAIN_P_001694	1	2.206069089667816	3.130115509033203	0.9581180283192053	1
K3	HPCLAS_TRAIN_P_001695	1	HPCLAS_TRAIN_P_001695	1	2.146909232192871	3.4066035747528076	0.9679102771221788	1
K3	HPCLAS_TRAIN_P_001720	1	HPCLAS_TRAIN_P_001720	1	-0.1490366461246089	1.08341383934021	0.7471394769354623	1
K3	HPCLAS_TRAIN_P_001730	1	HPCLAS_TRAIN_P_001730	1	-0.3621386210002948	-0.7388384342193604	0.32325819841929043	0
K3	HPCLAS_TRAIN_P_001732	1	HPCLAS_TRAIN_P_001732	1	2.88861513971628	3.114285707473755	0.9574781853389811	1
K3	HPCLAS_TRAIN_P_001734	1	HPCLAS_TRAIN_P_001734	1	2.175630088605252	2.262544631958008	0.905727130145774	1
K3	HPCLAS_TRAIN_P_001739	1	HPCLAS_TRAIN_P_001739	1	2.018918252785431	2.8964974880218506	0.9476730234172825	1
K3	HPCLAS_TRAIN_P_001741	1	HPCLAS_TRAIN_P_001741	1	2.419354581527584	2.6586575508117676	0.93454259317632	1
K3	HPCLAS_TRAIN_P_001757	1	HPCLAS_TRAIN_P_001757	1	2.878515900049788	3.4386093616485596	0.9688896258190677	1
K3	HPCLAS_TRAIN_P_001773	1	HPCLAS_TRAIN_P_001773	1	0.6109954691125005	0.26498541235923767	0.5658614192659308	1
K3	HPCLAS_TRAIN_P_001774	1	HPCLAS_TRAIN_P_001774	1	-1.414613397315222	-0.21330058574676514	0.4468761163951048	0
K3	HPCLAS_TRAIN_P_001776	1	HPCLAS_TRAIN_P_001776	1	2.6809227414539256	2.7435877323150635	0.9395501858435736	1
K3	HPCLAS_TRAIN_P_001777	1	HPCLAS_TRAIN_P_001777	1	2.635095490238537	3.8689005374908447	0.9795457956526993	1
K3	HPCLAS_TRAIN_P_001778	1	HPCLAS_TRAIN_P_001778	1	2.8447774490615845	3.6020500659942627	0.9734560303197385	1
K3	HPCLAS_TRAIN_P_001784	1	HPCLAS_TRAIN_P_001784	1	2.177196620056832	3.0813064575195312	0.9561150350299578	1
K3	HPCLAS_TRAIN_P_001788	1	HPCLAS_TRAIN_P_001788	1	1.6331558183780426	2.578864336013794	0.9294888747713781	1
K3	HPCLAS_TRAIN_P_001798	1	HPCLAS_TRAIN_P_001798	1	0.6640833189438528	2.1869935989379883	0.8990754363325127	1
K3	HPCLAS_TRAIN_P_001801	1	HPCLAS_TRAIN_P_001801	1	1.866514625947055	2.92307710647583	0.9489755016646211	1
K3	HPCLAS_TRAIN_P_001805	1	HPCLAS_TRAIN_P_001805	1	2.7174864461296364	3.227112293243408	0.9618419094024167	1
K3	HPCLAS_TRAIN_P_001807	1	HPCLAS_TRAIN_P_001807	1	2.1079694039083865	0.9322119951248169	0.7175238357856394	1
K3	HPCLAS_TRAIN_P_001811	1	HPCLAS_TRAIN_P_001811	1	2.727642788516708	3.3737337589263916	0.9668734889592371	1
K3	HPCLAS_TRAIN_P_001832	1	HPCLAS_TRAIN_P_001832	1	1.3222764477886704	0.9659848213195801	0.7243184645361961	1
K3	HPCLAS_TRAIN_P_001837	1	HPCLAS_TRAIN_P_001837	1	2.18192367871302	2.673888921737671	0.93546819364211	1
K3	HPCLAS_TRAIN_P_001839	1	HPCLAS_TRAIN_P_001839	1	0.3306470637354952	-1.38397216796875	0.2003718097613224	0
K3	HPCLAS_TRAIN_P_001843	1	HPCLAS_TRAIN_P_001843	1	1.833650474892818	1.4210748672485352	0.8055068663812989	1
K3	HPCLAS_TRAIN_P_001844	1	HPCLAS_TRAIN_P_001844	1	2.9743854325511463	2.8994197845458984	0.9478177473468266	1
K3	HPCLAS_TRAIN_P_001861	1	HPCLAS_TRAIN_P_001861	1	2.758174553630899	3.1165432929992676	0.9575700051510846	1
K3	HPCLAS_TRAIN_P_001863	1	HPCLAS_TRAIN_P_001863	1	2.8846905577000217	3.1414053440093994	0.9585687295249722	1
K3	HPCLAS_TRAIN_P_001871	1	HPCLAS_TRAIN_P_001871	1	0.6658232436168543	1.7921350002288818	0.8571888343637905	1
K3	HPCLAS_TRAIN_P_001873	1	HPCLAS_TRAIN_P_001873	1	0.907212735926044	1.682375431060791	0.8432188211886038	1
K3	HPCLAS_TRAIN_P_001874	1	HPCLAS_TRAIN_P_001874	1	2.2571835075264186	2.0059661865234375	0.8814220675205315	1
K3	HPCLAS_TRAIN_P_001877	1	HPCLAS_TRAIN_P_001877	1	2.746970532925714	3.5179107189178467	0.9711931096529364	1
K3	HPCLAS_TRAIN_P_001880	1	HPCLAS_TRAIN_P_001880	1	0.4008891609209375	1.225954294204712	0.7731096968127191	1
K3	HPCLAS_TRAIN_P_001881	1	HPCLAS_TRAIN_P_001881	1	2.930497465207289	2.9686384201049805	0.9511370359214117	1
K3	HPCLAS_TRAIN_P_001886	1	HPCLAS_TRAIN_P_001886	1	-0.8611222686258178	-0.5305302143096924	0.3703932324550248	0
K3	HPCLAS_TRAIN_P_001894	1	HPCLAS_TRAIN_N_005096	1	0.4626839051140589	1.1474287509918213	0.7590409544852179	1
K3	HPCLAS_TRAIN_P_001902	1	HPCLAS_TRAIN_P_001902	1	-0.0579874824364185	-0.19811740517616272	0.4506320196889088	0
K3	HPCLAS_TRAIN_P_001914	1	HPCLAS_TRAIN_P_001914	1	1.9834775902015465	2.180497884750366	0.898484493235125	1
K3	HPCLAS_TRAIN_P_001924	1	HPCLAS_TRAIN_P_001924	1	1.1717063320626289	2.2190732955932617	0.9019492714674383	1
K3	HPCLAS_TRAIN_P_001925	1	HPCLAS_TRAIN_P_001925	1	0.7356003240745137	0.9522131681442261	0.721560046130249	1
K3	HPCLAS_TRAIN_P_001929	1	HPCLAS_TRAIN_P_001929	1	3.410063810867797	3.351724863052368	0.9661612733049043	1
K3	HPCLAS_TRAIN_P_001931	1	HPCLAS_TRAIN_P_001931	1	2.832319167010409	3.1199374198913574	0.9577076935066678	1
K3	HPCLAS_TRAIN_P_001933	1	HPCLAS_TRAIN_P_001933	1	2.9888733888124674	3.6476500034332275	0.9746092083390983	1
K3	HPCLAS_TRAIN_P_001934	1	HPCLAS_TRAIN_P_001934	1	2.3042467897271344	2.7008354663848877	0.9370759249068482	1
K3	HPCLAS_TRAIN_P_001935	1	HPCLAS_TRAIN_P_001935	1	-0.1494423007311192	0.16039857268333435	0.5400138911447889	1
K3	HPCLAS_TRAIN_P_001938	1	HPCLAS_TRAIN_P_001938	1	1.5506737082483122	-0.10022863745689392	0.4749637961432991	0
K3	HPCLAS_TRAIN_P_001951	1	HPCLAS_TRAIN_P_001951	1	2.4348901102475238	2.8144335746765137	0.943450822043764	1
K3	HPCLAS_TRAIN_P_001963	1	HPCLAS_TRAIN_P_001963	1	-0.2577074084836478	1.2732486724853516	0.7812983598397234	1
K3	HPCLAS_TRAIN_P_001974	1	HPCLAS_TRAIN_P_001974	1	2.818852713872952	3.2930519580841064	0.9641896813592019	1
K3	HPCLAS_TRAIN_P_001988	1	HPCLAS_TRAIN_P_001988	1	2.792924414491364	3.4397494792938232	0.9689239734710142	1
K3	HPCLAS_TRAIN_P_001990	1	HPCLAS_TRAIN_P_001990	1	2.3554099279390157	2.6625070571899414	0.9347776844637589	1
K3	HPCLAS_TRAIN_P_002001	1	HPCLAS_TRAIN_P_002001	1	2.5823631262979845	2.91003680229187	0.9483403675416112	1
K3	HPCLAS_TRAIN_P_002006	1	HPCLAS_TRAIN_P_002006	1	-0.6359835908593439	0.8111979961395264	0.6923647312471971	1
K3	HPCLAS_TRAIN_P_002020	1	HPCLAS_TRAIN_P_002020	1	2.685269294298928	2.681152105331421	0.9359052691901052	1
K3	HPCLAS_TRAIN_P_002023	1	HPCLAS_TRAIN_P_002023	1	2.9492828962367503	3.1812472343444824	0.9601224467393324	1
K3	HPCLAS_TRAIN_P_002024	1	HPCLAS_TRAIN_P_002024	1	0.6496602810168202	1.9125678539276123	0.8713073581260411	1
K3	HPCLAS_TRAIN_P_002026	1	HPCLAS_TRAIN_P_005775	1	2.6335490399749664	3.1643340587615967	0.9594698230906142	1
K3	HPCLAS_TRAIN_P_002030	1	HPCLAS_TRAIN_P_002030	1	2.4675650254253902	3.1750690937042236	0.9598852286194071	1
K3	HPCLAS_TRAIN_P_002034	1	HPCLAS_TRAIN_P_002034	1	2.1338274451347594	2.7508668899536133	0.9399622898484341	1
K3	HPCLAS_TRAIN_P_002043	1	HPCLAS_TRAIN_P_002043	1	2.929689800230039	3.5249545574188232	0.9713895227900262	1
K3	HPCLAS_TRAIN_P_002053	1	HPCLAS_TRAIN_P_002053	1	1.9487469406283024	2.986299991607666	0.951951354590065	1
K3	HPCLAS_TRAIN_P_002055	1	HPCLAS_TRAIN_P_002055	1	3.3587057229681108	2.2777812480926514	0.907020098145868	1
K3	HPCLAS_TRAIN_P_002059	1	HPCLAS_TRAIN_P_002059	1	2.110430247447214	2.594430685043335	0.9305022867866073	1
K3	HPCLAS_TRAIN_P_002061	1	HPCLAS_TRAIN_P_002061	1	2.474216327189945	2.506338357925415	0.9245849695956168	1
K3	HPCLAS_TRAIN_P_002074	1	HPCLAS_TRAIN_P_002074	1	1.831894265639504	3.0317466259002686	0.9539879019027623	1
K3	HPCLAS_TRAIN_P_002088	1	HPCLAS_TRAIN_P_002088	1	3.49376652643496	4.251096248626709	0.9859515652718134	1
K3	HPCLAS_TRAIN_P_002102	1	HPCLAS_TRAIN_P_002102	1	3.317635510390651	3.3104360103607178	0.9647850971670666	1
K3	HPCLAS_TRAIN_P_002108	1	HPCLAS_TRAIN_P_002108	1	2.7465264290294957	2.6569724082946777	0.9344394328837808	1
K3	HPCLAS_TRAIN_P_002109	1	HPCLAS_TRAIN_P_002109	1	2.909629071677858	3.704688549041748	0.9759831240860373	1
K3	HPCLAS_TRAIN_P_002114	1	HPCLAS_TRAIN_P_002114	1	2.1583691285427604	3.2284739017486572	0.961891851812942	1
K3	HPCLAS_TRAIN_P_002131	1	HPCLAS_TRAIN_P_002131	1	1.0142153037342612	2.4855151176452637	0.9231201167745597	1
K3	HPCLAS_TRAIN_P_002133	1	HPCLAS_TRAIN_P_002133	1	1.7332980143537595	1.9710524082183838	0.8777241072684869	1
K3	HPCLAS_TRAIN_P_002134	1	HPCLAS_TRAIN_P_002134	1	2.8367513400138957	4.298044681549072	0.9865872323091992	1
K3	HPCLAS_TRAIN_P_002152	1	HPCLAS_TRAIN_P_002152	1	0.4824328565970853	2.3586905002593994	0.91362252044283	1
K3	HPCLAS_TRAIN_P_002164	1	HPCLAS_TRAIN_N_000972	1	-1.0046361199341567	-1.0408653020858765	0.2609830678048254	0
K3	HPCLAS_TRAIN_P_002168	1	HPCLAS_TRAIN_P_002168	1	0.3284650411535132	0.5354223847389221	0.6307469067044433	1
K3	HPCLAS_TRAIN_P_002171	1	HPCLAS_TRAIN_P_002171	1	2.1370186418065384	2.192006826400757	0.8995294213385298	1
K3	HPCLAS_TRAIN_P_002180	1	HPCLAS_TRAIN_P_002180	1	2.1591026111957734	3.495746374130249	0.970566498112506	1
K3	HPCLAS_TRAIN_P_002182	1	HPCLAS_TRAIN_P_002182	1	1.751012516322171	2.522634744644165	0.9257134444702381	1
K3	HPCLAS_TRAIN_P_002199	1	HPCLAS_TRAIN_P_002199	1	2.426780491737444	2.911283016204834	0.9484013866003305	1
K3	HPCLAS_TRAIN_P_002206	1	HPCLAS_TRAIN_P_002206	1	2.178540638864854	1.9986400604248047	0.8806542190869174	1
K3	HPCLAS_TRAIN_P_002210	1	HPCLAS_TRAIN_P_002210	1	2.894428386760279	3.215759515762329	0.9614230475144553	1
K3	HPCLAS_TRAIN_P_002212	1	HPCLAS_TRAIN_P_002212	1	1.824018074311882	1.0474417209625244	0.7402833368682759	1
K3	HPCLAS_TRAIN_P_002215	1	HPCLAS_TRAIN_P_002215	1	-1.3285417229556504	-1.7728983163833618	0.14518226516533148	0
K3	HPCLAS_TRAIN_P_002219	1	HPCLAS_TRAIN_P_002219	1	1.9978763536033808	2.737902879714966	0.9392265030956284	1
K3	HPCLAS_TRAIN_P_002224	1	HPCLAS_TRAIN_P_002224	1	0.9224254891220992	2.4315683841705322	0.9192030913549865	1
K3	HPCLAS_TRAIN_P_002226	1	HPCLAS_TRAIN_P_002226	1	1.531891199226722	1.6261820793151855	0.8356459504197771	1
K3	HPCLAS_TRAIN_P_002227	1	HPCLAS_TRAIN_P_002227	1	2.494153905014071	2.7182092666625977	0.9380926187029783	1
K3	HPCLAS_TRAIN_P_002234	1	HPCLAS_TRAIN_P_002234	1	1.0810022213471069	2.3875889778137207	0.9158759918563903	1
K3	HPCLAS_TRAIN_P_002241	1	HPCLAS_TRAIN_P_002241	1	3.0468502751469573	3.043619155883789	0.9545062464693191	1
K3	HPCLAS_TRAIN_P_002245	1	HPCLAS_TRAIN_P_002245	1	3.316659266709689	4.0673651695251465	0.9831657988032483	1
K3	HPCLAS_TRAIN_P_002264	1	HPCLAS_TRAIN_P_002264	1	0.2066650520914795	1.3392879962921143	0.7923728283067628	1
K3	HPCLAS_TRAIN_P_002272	1	HPCLAS_TRAIN_N_002413	1	2.973739747113641	2.880345106124878	0.9468662287668461	1
K3	HPCLAS_TRAIN_P_002277	1	HPCLAS_TRAIN_P_002277	1	1.7991506957141647	3.48995041847229	0.9704004717042103	1
K3	HPCLAS_TRAIN_P_002281	1	HPCLAS_TRAIN_P_002281	1	2.3141768332277715	2.62381911277771	0.9323788937057897	1
K3	HPCLAS_TRAIN_P_002302	1	HPCLAS_TRAIN_P_002302	1	0.1098754598662339	0.4413703978061676	0.6085855206229993	1
K3	HPCLAS_TRAIN_P_002311	1	HPCLAS_TRAIN_P_002311	1	1.3818211500435214	2.2285940647125244	0.9027880414652036	1
K3	HPCLAS_TRAIN_P_002312	1	HPCLAS_TRAIN_P_002312	1	3.497902257032496	4.188340663909912	0.9850552941720049	1
K3	HPCLAS_TRAIN_P_002318	1	HPCLAS_TRAIN_P_002318	1	0.0340201283846485	1.9636650085449219	0.8769290433715168	1
K3	HPCLAS_TRAIN_P_002323	1	HPCLAS_TRAIN_P_002323	1	2.28632877455006	2.139302968978882	0.8946649406316016	1
K3	HPCLAS_TRAIN_P_002329	1	HPCLAS_TRAIN_P_002329	1	2.588943062711803	2.792285203933716	0.9422575045150906	1
K3	HPCLAS_TRAIN_P_002333	1	HPCLAS_TRAIN_P_002333	1	1.382286000896073	1.6789393424987793	0.8427640314919147	1
K3	HPCLAS_TRAIN_P_002345	1	HPCLAS_TRAIN_P_002345	1	2.074380994607351	2.8526771068573	0.9454569009779432	1
K3	HPCLAS_TRAIN_P_002354	1	HPCLAS_TRAIN_P_002354	1	1.8766781349755584	2.638788938522339	0.9333166315007374	1
K3	HPCLAS_TRAIN_P_002367	1	HPCLAS_TRAIN_P_002367	1	3.2319619359072167	3.695559501647949	0.9757682062323498	1
K3	HPCLAS_TRAIN_P_002386	1	HPCLAS_TRAIN_P_002386	1	2.560796498408974	2.5265653133392334	0.9259832901875071	1
K3	HPCLAS_TRAIN_P_002387	1	HPCLAS_TRAIN_P_002387	1	2.3784768888486125	2.4448273181915283	0.9201823587556952	1
K3	HPCLAS_TRAIN_P_002393	1	HPCLAS_TRAIN_P_002393	1	3.2900549209395784	4.056270122528076	0.9829811789724812	1
K3	HPCLAS_TRAIN_P_002401	1	HPCLAS_TRAIN_P_002401	1	1.8476849798548485	3.3431434631347656	0.9658795907806841	1
K3	HPCLAS_TRAIN_P_002420	1	HPCLAS_TRAIN_P_002420	1	2.632213186097482	2.9383251667022705	0.9497087936435543	1
K3	HPCLAS_TRAIN_P_002421	1	HPCLAS_TRAIN_P_002421	1	2.983889896302073	3.2230629920959473	0.9616930134940324	1
K3	HPCLAS_TRAIN_P_002423	1	HPCLAS_TRAIN_P_002423	1	2.070326164979402	2.363868236541748	0.9140302546790735	1
K3	HPCLAS_TRAIN_P_002424	1	HPCLAS_TRAIN_P_002424	1	2.301363569922875	1.9850866794586182	0.8792223614347883	1
K3	HPCLAS_TRAIN_P_002427	1	HPCLAS_TRAIN_P_002427	1	2.761654879615412	3.8549890518188477	0.9792652001103587	1
K3	HPCLAS_TRAIN_P_002429	1	HPCLAS_TRAIN_P_002429	1	0.7508566804425844	1.0394468307495117	0.7387432576028374	1
K3	HPCLAS_TRAIN_P_002436	1	HPCLAS_TRAIN_P_002436	1	2.727728685579204	2.7596683502197266	0.9404570651531303	1
K3	HPCLAS_TRAIN_P_002444	1	HPCLAS_TRAIN_P_002444	1	2.6490322429052355	2.934293746948242	0.9495158955132665	1
K3	HPCLAS_TRAIN_P_002450	1	HPCLAS_TRAIN_P_002450	1	2.319480161642271	2.9934918880462646	0.9522792445568977	1
K3	HPCLAS_TRAIN_P_002454	1	HPCLAS_TRAIN_P_002454	1	1.4831268144170393	1.970930576324463	0.8777110311198024	1
K3	HPCLAS_TRAIN_P_002466	1	HPCLAS_TRAIN_P_002466	1	2.3331953812007247	2.6373517513275146	0.933227129994661	1
K3	HPCLAS_TRAIN_P_002485	1	HPCLAS_TRAIN_P_002485	1	1.2057408959429603	0.7237333059310913	0.6734285861171466	1
K3	HPCLAS_TRAIN_P_002486	1	HPCLAS_TRAIN_P_002486	1	2.779845712315576	2.8092660903930664	0.9431744970952275	1
K3	HPCLAS_TRAIN_P_002487	1	HPCLAS_TRAIN_P_002487	1	3.044123749232198	3.6777877807617188	0.9753444287749926	1
K3	HPCLAS_TRAIN_P_002491	1	HPCLAS_TRAIN_P_002491	1	0.7039495366247357	0.7226092219352722	0.6731813265490962	1
K3	HPCLAS_TRAIN_P_002492	1	HPCLAS_TRAIN_P_002492	1	2.812891510174092	2.420827627182007	0.9184017883536998	1
K3	HPCLAS_TRAIN_P_002493	1	HPCLAS_TRAIN_N_000464	1	-0.2291762024404697	0.5666006803512573	0.6379784304714865	1
K3	HPCLAS_TRAIN_P_002494	1	HPCLAS_TRAIN_P_002494	1	2.564852820271023	3.4002442359924316	0.9677121674071484	1
K3	HPCLAS_TRAIN_P_002495	1	HPCLAS_TRAIN_P_002495	1	1.311584259798384	3.200568914413452	0.9608556808469144	1
K3	HPCLAS_TRAIN_P_002502	1	HPCLAS_TRAIN_P_002502	1	1.5249199305210708	1.9880664348602295	0.8795384254715167	1
K3	HPCLAS_TRAIN_P_002505	1	HPCLAS_TRAIN_P_002505	1	3.040289465724308	3.235919237136841	0.9621638308348188	1
K3	HPCLAS_TRAIN_P_002507	1	HPCLAS_TRAIN_P_002507	1	2.578073728151213	3.276404857635498	0.9636104285301008	1
K3	HPCLAS_TRAIN_P_002514	1	HPCLAS_TRAIN_P_002514	1	1.2130299505823614	1.3693193197250366	0.7972701571688031	1
K3	HPCLAS_TRAIN_P_002520	1	HPCLAS_TRAIN_P_002520	1	2.4927630037198893	3.242539644241333	0.9624041080073251	1
K3	HPCLAS_TRAIN_P_002532	1	HPCLAS_TRAIN_P_002532	1	2.2720816434978213	1.4307961463928223	0.8070253342870214	1
K3	HPCLAS_TRAIN_P_002552	1	HPCLAS_TRAIN_P_002552	1	1.7841268597446935	2.842478036880493	0.9449285580016541	1
K3	HPCLAS_TRAIN_P_002557	1	HPCLAS_TRAIN_P_002557	1	1.7060014442907487	1.9007465839385986	0.8699760008685461	1
K3	HPCLAS_TRAIN_P_002566	1	HPCLAS_TRAIN_P_002566	1	2.843091537105472	3.654171943664551	0.974770102322894	1
K3	HPCLAS_TRAIN_P_002581	1	HPCLAS_TRAIN_P_002581	1	3.079616656585128	3.135977029800415	0.9583526080937628	1
K3	HPCLAS_TRAIN_P_002583	1	HPCLAS_TRAIN_P_002583	1	2.881782823711541	3.042836904525757	0.9544722658504152	1
K3	HPCLAS_TRAIN_P_002584	1	HPCLAS_TRAIN_P_002584	1	0.1922311078781116	1.5725032091140747	0.8281401677689362	1
K3	HPCLAS_TRAIN_P_002588	1	HPCLAS_TRAIN_P_002588	1	1.1628026349451677	0.21692943572998047	0.5540206810850786	1
K3	HPCLAS_TRAIN_P_002597	1	HPCLAS_TRAIN_P_002597	1	3.01947860773945	3.179227113723755	0.9600450297734305	1
K3	HPCLAS_TRAIN_P_002603	1	HPCLAS_TRAIN_P_002603	1	0.5854797021220928	0.0009156763553619385	0.5002289190728455	1
K3	HPCLAS_TRAIN_P_002612	1	HPCLAS_TRAIN_P_002612	1	3.622782064187744	3.769439458847046	0.9774550113649054	1
K3	HPCLAS_TRAIN_P_002616	1	HPCLAS_TRAIN_P_002616	1	2.1913940214890983	2.1686928272247314	0.8974026762085071	1
K3	HPCLAS_TRAIN_P_002619	1	HPCLAS_TRAIN_P_002619	1	0.054568476036233	-0.1675708144903183	0.45820505074177076	0
K3	HPCLAS_TRAIN_P_002635	1	HPCLAS_TRAIN_P_002635	1	2.7068250685784387	3.08270525932312	0.9561736900271877	1
K3	HPCLAS_TRAIN_P_002641	1	HPCLAS_TRAIN_P_002641	1	2.826871447037181	3.3120877742767334	0.9648411724753602	1
K3	HPCLAS_TRAIN_P_002654	1	HPCLAS_TRAIN_P_002654	1	2.67805728545286	3.242050886154175	0.9623864195494175	1
K3	HPCLAS_TRAIN_P_002656	1	HPCLAS_TRAIN_P_002656	1	0.3885944059146576	0.2251860797405243	0.5560598261652351	1
K3	HPCLAS_TRAIN_P_002657	1	HPCLAS_TRAIN_P_002657	1	2.3127825968340643	2.2511775493621826	0.904752059700557	1
K3	HPCLAS_TRAIN_P_002673	1	HPCLAS_TRAIN_P_002673	1	1.775266263150698	2.7843713760375977	0.9418254165641051	1
K3	HPCLAS_TRAIN_P_002684	1	HPCLAS_TRAIN_P_002684	1	3.328675767878749	3.70768404006958	0.9760532385703073	1
K3	HPCLAS_TRAIN_P_002687	1	HPCLAS_TRAIN_P_002687	1	1.4128666518281292	2.3799092769622803	0.9152823998220141	1
K3	HPCLAS_TRAIN_P_002690	1	HPCLAS_TRAIN_P_002690	1	2.9966711324383426	2.9400794506073	0.9497925156818378	1
K3	HPCLAS_TRAIN_P_002702	1	HPCLAS_TRAIN_P_002702	1	-0.4390985281358806	-1.1541718244552612	0.23972790745500802	0
K3	HPCLAS_TRAIN_P_002703	1	HPCLAS_TRAIN_P_002703	1	2.5865283219921107	3.1565845012664795	0.9591673869484759	1
K3	HPCLAS_TRAIN_P_002705	1	HPCLAS_TRAIN_P_002705	1	2.83687897947265	3.103410005569458	0.957033185501932	1
K3	HPCLAS_TRAIN_P_002714	1	HPCLAS_TRAIN_P_002714	1	1.7480575704815715	1.7645599842071533	0.8537798466608694	1
K3	HPCLAS_TRAIN_P_002727	1	HPCLAS_TRAIN_P_002727	1	2.9585075760240303	2.8113293647766113	0.9432849800386814	1
K3	HPCLAS_TRAIN_P_002730	1	HPCLAS_TRAIN_P_002730	1	2.866141488962004	3.525651454925537	0.9714088845469325	1
K3	HPCLAS_TRAIN_P_002740	1	HPCLAS_TRAIN_P_002740	1	2.042546109200575	2.6202948093414307	0.9321563528026577	1
K3	HPCLAS_TRAIN_P_002749	1	HPCLAS_TRAIN_P_002749	1	3.0875097833145277	3.408681631088257	0.9679747587733976	1
K3	HPCLAS_TRAIN_P_002757	1	HPCLAS_TRAIN_P_002757	1	2.867621094581835	3.0285232067108154	0.9538462027270979	1
K3	HPCLAS_TRAIN_P_002762	1	HPCLAS_TRAIN_P_002762	1	3.1228066007030533	3.35296368598938	0.9662017515887816	1
K3	HPCLAS_TRAIN_P_002763	1	HPCLAS_TRAIN_P_002763	1	2.175005323930422	2.411900281906128	0.9177302697952663	1
K3	HPCLAS_TRAIN_P_002770	1	HPCLAS_TRAIN_N_003024	1	1.9980452651413367	2.7284963130950928	0.9386873519414298	1
K3	HPCLAS_TRAIN_P_002780	1	HPCLAS_TRAIN_P_002780	1	2.402409345810942	2.4954633712768555	0.923823172858693	1
K3	HPCLAS_TRAIN_P_002782	1	HPCLAS_TRAIN_P_002782	1	2.048795681080678	2.511474847793579	0.9249423445486731	1
K3	HPCLAS_TRAIN_P_002783	1	HPCLAS_TRAIN_P_002783	1	3.1368499389781093	3.049149751663208	0.9547458046724454	1
K3	HPCLAS_TRAIN_P_002784	1	HPCLAS_TRAIN_P_002784	1	1.4919409132281622	2.6573636531829834	0.9344633974028631	1
K3	HPCLAS_TRAIN_P_002793	1	HPCLAS_TRAIN_P_002793	1	1.2776069188210248	1.0818827152252197	0.7468501043421352	1
K3	HPCLAS_TRAIN_P_002794	1	HPCLAS_TRAIN_P_002794	1	2.9303834646822997	2.4473912715911865	0.9203704701300915	1
K3	HPCLAS_TRAIN_P_002799	1	HPCLAS_TRAIN_P_002799	1	2.455771413917108	3.2261064052581787	0.9618049740949672	1
K3	HPCLAS_TRAIN_P_002800	1	HPCLAS_TRAIN_P_002800	1	1.3467170843743237	1.017653465270996	0.7345152709992011	1
K3	HPCLAS_TRAIN_P_002802	1	HPCLAS_TRAIN_P_002802	1	2.553091443358595	3.470231056213379	0.9698287801648755	1
K3	HPCLAS_TRAIN_P_002817	1	HPCLAS_TRAIN_P_002817	1	3.6423302183521344	3.9752962589263916	0.9815722195534275	1
K3	HPCLAS_TRAIN_P_002824	1	HPCLAS_TRAIN_P_002824	1	2.702084349979415	3.4819252490997314	0.9701690893479509	1
K3	HPCLAS_TRAIN_P_002826	1	HPCLAS_TRAIN_P_002826	1	-0.0211355209064108	0.06665150076150894	0.516656709301798	1
K3	HPCLAS_TRAIN_P_002832	1	HPCLAS_TRAIN_P_002832	1	2.5502021178606165	2.7315003871917725	0.9388600189623484	1
K3	HPCLAS_TRAIN_P_002846	1	HPCLAS_TRAIN_N_002191	1	2.329253988855557	1.5302828550338745	0.8220476955113598	1
K3	HPCLAS_TRAIN_P_002848	1	HPCLAS_TRAIN_P_002848	1	1.3084301224416377	1.0468083620071411	0.7401615462632932	1
K3	HPCLAS_TRAIN_P_002851	1	HPCLAS_TRAIN_P_002851	1	2.4525438689284598	2.5498318672180176	0.9275622185165795	1
K3	HPCLAS_TRAIN_P_002854	1	HPCLAS_TRAIN_P_002854	1	2.419850381087936	2.6667239665985107	0.9350343116509242	1
K3	HPCLAS_TRAIN_P_002855	1	HPCLAS_TRAIN_P_002855	1	3.235177118995852	3.5834221839904785	0.9729704285462639	1
K3	HPCLAS_TRAIN_P_002863	1	HPCLAS_TRAIN_P_002863	1	3.265411752738277	3.7015767097473145	0.9759100742276255	1
K3	HPCLAS_TRAIN_P_002875	1	HPCLAS_TRAIN_P_002875	1	1.782048584198337	1.9766371250152588	0.8783222209349234	1
K3	HPCLAS_TRAIN_P_002879	1	HPCLAS_TRAIN_P_002879	1	1.328581147317219	3.2872776985168457	0.9639897728031449	1
K3	HPCLAS_TRAIN_P_002883	1	HPCLAS_TRAIN_P_002883	1	2.0048196078846163	2.53678822517395	0.9266809064886081	1
K3	HPCLAS_TRAIN_P_002894	1	HPCLAS_TRAIN_P_002894	1	2.573688702879716	3.229816198348999	0.9619410244318172	1
K3	HPCLAS_TRAIN_P_002895	1	HPCLAS_TRAIN_P_002895	1	2.9466280601383743	3.2889928817749023	0.9640492654408195	1
K3	HPCLAS_TRAIN_P_002897	1	HPCLAS_TRAIN_P_002897	1	1.2319321708663329	2.4592320919036865	0.9212339599407064	1
K3	HPCLAS_TRAIN_P_002898	1	HPCLAS_TRAIN_P_002898	1	2.486379155838288	2.8761651515960693	0.9466555396215455	1
K3	HPCLAS_TRAIN_P_002901	1	HPCLAS_TRAIN_P_002901	1	2.940236713441326	3.4794771671295166	0.9700981577327717	1
K3	HPCLAS_TRAIN_P_002904	1	HPCLAS_TRAIN_P_002904	1	2.90308446391928	3.008079767227173	0.9529378118539096	1
K3	HPCLAS_TRAIN_P_002911	1	HPCLAS_TRAIN_P_002911	1	3.0306987076328213	3.498609781265259	0.9706481874274419	1
K3	HPCLAS_TRAIN_P_002916	1	HPCLAS_TRAIN_P_002916	1	2.074955801159281	2.448381185531616	0.9204429894206473	1
K3	HPCLAS_TRAIN_P_002921	1	HPCLAS_TRAIN_P_002921	1	0.8472095335405759	2.143434762954712	0.8950536847116911	1
K3	HPCLAS_TRAIN_P_002931	1	HPCLAS_TRAIN_P_002931	1	3.3117315755469896	3.376948118209839	0.9669762877811819	1
K3	HPCLAS_TRAIN_P_002936	1	HPCLAS_TRAIN_P_002936	1	2.827995971358681	3.0488827228546143	0.9547342659570675	1
K3	HPCLAS_TRAIN_P_002956	1	HPCLAS_TRAIN_P_002956	1	2.260177185400059	2.4250547885894775	0.9187180118306203	1
K3	HPCLAS_TRAIN_P_002958	1	HPCLAS_TRAIN_P_002958	1	1.1551256536873784	2.0011396408081055	0.880916681035088	1
K3	HPCLAS_TRAIN_P_002964	1	HPCLAS_TRAIN_P_002964	1	1.868222072130998	3.7322752475738525	0.9766213373816602	1
K3	HPCLAS_TRAIN_P_002966	1	HPCLAS_TRAIN_P_002966	1	2.686094281021356	3.3098785877227783	0.9647661539295727	1
K3	HPCLAS_TRAIN_P_002970	1	HPCLAS_TRAIN_P_002970	1	2.6622713505055726	2.473104476928711	0.9222347033504436	1
K3	HPCLAS_TRAIN_P_002980	1	HPCLAS_TRAIN_P_002980	1	2.661897054972812	2.6837356090545654	0.9360600703675228	1
K3	HPCLAS_TRAIN_P_002983	1	HPCLAS_TRAIN_P_002983	1	2.8734037069525096	2.8701412677764893	0.9463505207814094	1
K3	HPCLAS_TRAIN_P_002997	1	HPCLAS_TRAIN_P_002997	1	2.9572742800354592	3.109447717666626	0.9572807762898614	1
K3	HPCLAS_TRAIN_P_003001	1	HPCLAS_TRAIN_P_003001	1	1.502204516451188	2.707044839859009	0.9374410661978498	1
K3	HPCLAS_TRAIN_P_003002	1	HPCLAS_TRAIN_P_003002	1	2.83186181794065	3.732189416885376	0.9766193776065627	1
K3	HPCLAS_TRAIN_P_003004	1	HPCLAS_TRAIN_P_003004	1	2.5572853017039634	2.926567792892456	0.9491442595335722	1
K3	HPCLAS_TRAIN_P_003013	1	HPCLAS_TRAIN_P_003013	1	1.8262457363544944	2.830761194229126	0.9443156419520292	1
K3	HPCLAS_TRAIN_P_003015	1	HPCLAS_TRAIN_P_003015	1	2.362030185744333	3.6090545654296875	0.9736364233149707	1
K3	HPCLAS_TRAIN_P_003017	1	HPCLAS_TRAIN_P_003017	1	3.5308411752403046	3.3911144733428955	0.967425683649734	1
K3	HPCLAS_TRAIN_P_003018	1	HPCLAS_TRAIN_P_003018	1	2.5749053118521936	3.2887015342712402	0.9640391664723755	1
K3	HPCLAS_TRAIN_P_003023	1	HPCLAS_TRAIN_P_003023	1	3.038376639543767	3.345346212387085	0.9659521105904729	1
K3	HPCLAS_TRAIN_P_003027	1	HPCLAS_TRAIN_N_000951	1	2.438354943352662	3.2287745475769043	0.9619028707313029	1
K3	HPCLAS_TRAIN_P_003028	1	HPCLAS_TRAIN_N_002524	1	1.2251962304498771	1.0401232242584229	0.7388737815882446	1
K3	HPCLAS_TRAIN_P_003030	1	HPCLAS_TRAIN_P_003030	1	2.275636607499869	3.223099946975708	0.9616943748723624	1
K3	HPCLAS_TRAIN_P_003034	1	HPCLAS_TRAIN_P_003034	1	1.802469012355019	2.9312245845794678	0.9493685706650796	1
K3	HPCLAS_TRAIN_P_003040	1	HPCLAS_TRAIN_P_003040	1	2.317527037690548	2.9341299533843994	0.9495080434153758	1
K3	HPCLAS_TRAIN_P_003057	1	HPCLAS_TRAIN_P_003057	1	3.175945871131088	3.603166341781616	0.9734848589630537	1
K3	HPCLAS_TRAIN_P_003071	1	HPCLAS_TRAIN_P_003071	1	2.8716389835008425	2.9109346866607666	0.948384338014646	1
K3	HPCLAS_TRAIN_P_003073	1	HPCLAS_TRAIN_P_003073	1	3.3189874731646656	3.8007652759552	0.9781351018764052	1
K3	HPCLAS_TRAIN_P_003083	1	HPCLAS_TRAIN_P_003083	1	2.4818752185189554	3.0576703548431396	0.9551125248577693	1
K3	HPCLAS_TRAIN_P_003086	1	HPCLAS_TRAIN_P_003086	1	2.8405879844660475	3.391278028488159	0.9674308374066722	1
K3	HPCLAS_TRAIN_P_003091	1	HPCLAS_TRAIN_P_003091	1	0.2715333397364138	2.024698495864868	0.8833659702975836	1
K3	HPCLAS_TRAIN_P_003100	1	HPCLAS_TRAIN_P_003100	1	2.411006983968635	2.9742722511291504	0.9513982058418772	1
K3	HPCLAS_TRAIN_P_003119	1	HPCLAS_TRAIN_P_003119	1	2.4720653768914733	3.1275668144226074	0.9580156351286118	1
K3	HPCLAS_TRAIN_P_003120	1	HPCLAS_TRAIN_P_003120	1	2.5117904090068888	2.8700499534606934	0.9463458844539038	1
K3	HPCLAS_TRAIN_P_003124	1	HPCLAS_TRAIN_P_003124	1	2.394337277549268	3.0164263248443604	0.9533107208128557	1
K3	HPCLAS_TRAIN_P_003125	1	HPCLAS_TRAIN_P_003125	1	1.83002470121159	1.8858869075775146	0.8682858466818755	1
K3	HPCLAS_TRAIN_P_003131	1	HPCLAS_TRAIN_P_003131	1	2.7154993600827497	2.7935750484466553	0.9423276427423033	1
K3	HPCLAS_TRAIN_P_003140	1	HPCLAS_TRAIN_P_003140	1	0.0413591203624586	0.48695823550224304	0.6193896090316853	1
K3	HPCLAS_TRAIN_P_003142	1	HPCLAS_TRAIN_P_003142	1	0.2800867900382863	1.2782808542251587	0.782156997685051	1
K3	HPCLAS_TRAIN_P_003147	1	HPCLAS_TRAIN_P_003147	1	-0.2167925035931482	1.3769683837890625	0.7985036680448301	1
K3	HPCLAS_TRAIN_P_003150	1	HPCLAS_TRAIN_P_003150	1	1.9227459649184335	1.900294303894043	0.8699248314021084	1
K3	HPCLAS_TRAIN_P_003153	1	HPCLAS_TRAIN_P_003153	1	1.662740629275245	2.483764410018921	0.9229957780895818	1
K3	HPCLAS_TRAIN_P_003158	1	HPCLAS_TRAIN_N_002779	1	-1.258661289455454	-1.2883483171463013	0.2161325064849925	0
K3	HPCLAS_TRAIN_P_003163	1	HPCLAS_TRAIN_P_003163	1	1.8448877506741967	2.3302395343780518	0.9113506907805039	1
K3	HPCLAS_TRAIN_P_003169	1	HPCLAS_TRAIN_P_003169	1	2.3153401588061127	2.2989189624786377	0.9087874683432002	1
K3	HPCLAS_TRAIN_P_003181	1	HPCLAS_TRAIN_P_003181	1	3.7297925984268328	4.48378849029541	0.988835495624009	1
K3	HPCLAS_TRAIN_P_003182	1	HPCLAS_TRAIN_P_003182	1	2.963589836015356	3.137077808380127	0.958396521183893	1
K3	HPCLAS_TRAIN_P_003184	1	HPCLAS_TRAIN_P_003184	1	3.742055158409905	3.6685163974761963	0.975120488247657	1
K3	HPCLAS_TRAIN_P_003187	1	HPCLAS_TRAIN_P_003187	1	2.817594983250163	2.7616143226623535	0.9405659415343259	1
K3	HPCLAS_TRAIN_P_003193	1	HPCLAS_TRAIN_P_003193	1	2.870215115206268	2.9013917446136475	0.9479151929589813	1
K3	HPCLAS_TRAIN_P_003195	1	HPCLAS_TRAIN_P_003195	1	1.4915489264498247	1.3797603845596313	0.7989525142027414	1
K3	HPCLAS_TRAIN_P_003200	1	HPCLAS_TRAIN_P_003200	1	2.3475385923254017	3.299023389816284	0.96439529205556	1
K3	HPCLAS_TRAIN_P_003203	1	HPCLAS_TRAIN_P_003203	1	2.757783431426546	2.800025701522827	0.9426772129471697	1
K3	HPCLAS_TRAIN_P_003208	1	HPCLAS_TRAIN_P_003208	1	1.33979090662545	1.1239227056503296	0.7547156129126693	1
K3	HPCLAS_TRAIN_P_003211	1	HPCLAS_TRAIN_P_003211	1	2.76448511264279	3.148944139480591	0.9588670977896586	1
K3	HPCLAS_TRAIN_P_003214	1	HPCLAS_TRAIN_P_003214	1	2.0431163168410325	2.4584100246429443	0.9211742884765877	1
K3	HPCLAS_TRAIN_P_003220	1	HPCLAS_TRAIN_P_003220	1	2.7146948518592366	3.0453200340270996	0.9545800484530074	1
K3	HPCLAS_TRAIN_P_003236	1	HPCLAS_TRAIN_P_003236	1	2.53329774647326	2.6923904418945312	0.9365761252643934	1
K3	HPCLAS_TRAIN_P_003240	1	HPCLAS_TRAIN_P_003240	1	2.291897668235649	2.6493237018585205	0.933969295001042	1
K3	HPCLAS_TRAIN_P_003246	1	HPCLAS_TRAIN_P_003246	1	0.7123698750621815	0.7821758389472961	0.686148867481791	1
K3	HPCLAS_TRAIN_P_003250	1	HPCLAS_TRAIN_P_003250	1	-2.0613367062239223	-0.11869923770427704	0.4703599835111641	0
K3	HPCLAS_TRAIN_P_003257	1	HPCLAS_TRAIN_P_003257	1	1.6872333400044022	1.5005018711090088	0.8176493165592118	1
K3	HPCLAS_TRAIN_P_003259	1	HPCLAS_TRAIN_P_003259	1	1.809756498097974	3.6902620792388916	0.9756426345342539	1
K3	HPCLAS_TRAIN_P_003261	1	HPCLAS_TRAIN_P_003261	1	-0.552395852267533	-0.2873828113079071	0.4286447185809116	0
K3	HPCLAS_TRAIN_P_003262	1	HPCLAS_TRAIN_P_003262	1	2.845893606405227	3.2551000118255615	0.9628559425852169	1
K3	HPCLAS_TRAIN_P_003263	1	HPCLAS_TRAIN_P_003263	1	2.5162525460702025	3.0208046436309814	0.9535052107905021	1
K3	HPCLAS_TRAIN_P_003264	1	HPCLAS_TRAIN_P_003264	1	2.7589284816413264	2.99947190284729	0.9525502634541957	1
K3	HPCLAS_TRAIN_P_003292	1	HPCLAS_TRAIN_P_003292	1	1.4719040804090964	1.5332221984863281	0.8224772712472047	1
K3	HPCLAS_TRAIN_P_003296	1	HPCLAS_TRAIN_P_003296	1	2.070842812079775	2.2682487964630127	0.906213057145432	1
K3	HPCLAS_TRAIN_P_003301	1	HPCLAS_TRAIN_P_003301	1	1.8946914104341752	2.8324368000030518	0.9444036857840461	1
K3	HPCLAS_TRAIN_P_003310	1	HPCLAS_TRAIN_P_003310	1	0.8996588223695255	2.130399465560913	0.8938229249706826	1
K3	HPCLAS_TRAIN_P_003315	1	HPCLAS_TRAIN_P_003315	1	2.057417448763957	2.377438545227051	0.9150906213006729	1
K3	HPCLAS_TRAIN_P_003318	1	HPCLAS_TRAIN_P_003318	1	1.4166254931593598	0.25158584117889404	0.562566791884443	1
K3	HPCLAS_TRAIN_P_003322	1	HPCLAS_TRAIN_P_003322	1	2.618216126948286	3.381387710571289	0.9671177643956472	1
K3	HPCLAS_TRAIN_P_003326	1	HPCLAS_TRAIN_P_003326	1	-0.0301398203090882	0.2460726797580719	0.5612096186630886	1
K3	HPCLAS_TRAIN_P_003328	1	HPCLAS_TRAIN_P_003328	1	2.8985330725816576	2.9135141372680664	0.948510460012676	1
K3	HPCLAS_TRAIN_P_003338	1	HPCLAS_TRAIN_P_003338	1	2.464288793359471	2.5282299518585205	0.9260973007038789	1
K3	HPCLAS_TRAIN_P_003346	1	HPCLAS_TRAIN_P_003346	1	0.9045763170277856	2.4331517219543457	0.9193206058781814	1
K3	HPCLAS_TRAIN_P_003347	1	HPCLAS_TRAIN_P_003347	1	2.3324087400697486	2.605125665664673	0.9311907311449449	1
K3	HPCLAS_TRAIN_P_003350	1	HPCLAS_TRAIN_P_003350	1	0.5591771133419143	1.4987061023712158	0.8173814166500255	1
K3	HPCLAS_TRAIN_P_003351	1	HPCLAS_TRAIN_P_003351	1	3.2480299667905244	2.7999560832977295	0.9426734508791972	1
K3	HPCLAS_TRAIN_P_003355	1	HPCLAS_TRAIN_P_003355	1	-0.1430190577482714	0.46564140915870667	0.6143516189542964	1
K3	HPCLAS_TRAIN_P_003357	1	HPCLAS_TRAIN_P_003357	1	2.5577049808921584	2.7992193698883057	0.9426336257413945	1
K3	HPCLAS_TRAIN_P_003363	1	HPCLAS_TRAIN_P_003363	1	2.5179416611226766	3.4416637420654297	0.9689815608004564	1
K3	HPCLAS_TRAIN_P_003372	1	HPCLAS_TRAIN_P_003372	1	1.8443274703158692	0.5776667594909668	0.6405303511993926	1
K3	HPCLAS_TRAIN_P_003377	1	HPCLAS_TRAIN_P_003377	1	-1.1496746132931697	-0.30329617857933044	0.4247519033370022	0
K3	HPCLAS_TRAIN_P_003384	1	HPCLAS_TRAIN_P_003384	1	1.591829253336781	2.043940305709839	0.8853338868589484	1
K3	HPCLAS_TRAIN_P_003405	1	HPCLAS_TRAIN_P_003405	1	2.679293673429825	3.134500503540039	0.9582936357685246	1
K3	HPCLAS_TRAIN_P_003412	1	HPCLAS_TRAIN_P_003412	1	1.970498301965526	3.602551221847534	0.9734689768078034	1
K3	HPCLAS_TRAIN_P_003415	1	HPCLAS_TRAIN_P_003415	1	2.91159496995763	2.6588480472564697	0.9345542454002035	1
K3	HPCLAS_TRAIN_P_003432	1	HPCLAS_TRAIN_P_003432	1	1.4066284911143672	2.752842664718628	0.940073692233736	1
K3	HPCLAS_TRAIN_P_003438	1	HPCLAS_TRAIN_P_003438	1	3.120017125648779	2.9588539600372314	0.9506802869659523	1
K3	HPCLAS_TRAIN_P_003442	1	HPCLAS_TRAIN_P_003442	1	2.4952246201281985	2.9037961959838867	0.9480337777119823	1
K3	HPCLAS_TRAIN_P_003452	1	HPCLAS_TRAIN_P_003452	1	3.0328537396953177	3.4730441570281982	0.969910985372417	1
K3	HPCLAS_TRAIN_P_003453	1	HPCLAS_TRAIN_P_003453	1	3.1643701287537187	3.9439518451690674	0.9809966142051548	1
K3	HPCLAS_TRAIN_P_003469	1	HPCLAS_TRAIN_P_003469	1	1.8232237041255148	1.3155603408813477	0.7884421146159898	1
K3	HPCLAS_TRAIN_P_003471	1	HPCLAS_TRAIN_P_003471	1	1.851552244712968	2.480196714401245	0.9227418226716584	1
K3	HPCLAS_TRAIN_P_003478	1	HPCLAS_TRAIN_P_003478	1	2.64056232754144	3.2523601055145264	0.9627578271777657	1
K3	HPCLAS_TRAIN_P_003480	1	HPCLAS_TRAIN_P_003480	1	2.104284548256187	2.1089422702789307	0.8917692868187763	1
K3	HPCLAS_TRAIN_P_003481	1	HPCLAS_TRAIN_P_003481	1	-1.02288413073924	1.6310369968414307	0.8363116474290349	1
K3	HPCLAS_TRAIN_P_003495	1	HPCLAS_TRAIN_P_003495	1	2.849813526484317	3.2029964923858643	0.9609468849296381	1
K3	HPCLAS_TRAIN_P_003496	1	HPCLAS_TRAIN_P_003496	1	2.7783676617250084	3.21733021736145	0.9614812607042854	1
K3	HPCLAS_TRAIN_P_003500	1	HPCLAS_TRAIN_P_003500	1	2.830837712686428	2.6909945011138916	0.936493154033608	1
K3	HPCLAS_TRAIN_P_003504	1	HPCLAS_TRAIN_P_003504	1	2.164040626524093	2.691380500793457	0.936516107005428	1
K3	HPCLAS_TRAIN_P_003507	1	HPCLAS_TRAIN_P_003507	1	2.517510093473203	3.1877310276031494	0.960369954630464	1
K3	HPCLAS_TRAIN_P_003509	1	HPCLAS_TRAIN_P_003509	1	2.9470279565600053	3.322072982788086	0.9651783298227661	1
K3	HPCLAS_TRAIN_P_003510	1	HPCLAS_TRAIN_P_003510	1	2.566074630469548	3.1321511268615723	0.9581996371983216	1
K3	HPCLAS_TRAIN_P_003512	1	HPCLAS_TRAIN_P_003512	1	3.0727182481482527	2.973731756210327	0.9513732074422655	1
K3	HPCLAS_TRAIN_P_003517	1	HPCLAS_TRAIN_P_003517	1	3.1587394271822085	3.200146436691284	0.9608397875031068	1
K3	HPCLAS_TRAIN_P_003522	1	HPCLAS_TRAIN_P_003522	1	2.7972195140023723	2.727511405944824	0.9386306426815338	1
K3	HPCLAS_TRAIN_P_003524	1	HPCLAS_TRAIN_P_003524	1	2.4422427965922138	3.206230640411377	0.9610680751649088	1
K3	HPCLAS_TRAIN_P_003525	1	HPCLAS_TRAIN_P_003525	1	2.4742554261897074	3.7042157649993896	0.9759720395028393	1
K3	HPCLAS_TRAIN_P_003536	1	HPCLAS_TRAIN_P_003536	1	0.0815903465469347	0.7777504920959473	0.68519509109768	1
K3	HPCLAS_TRAIN_P_003545	1	HPCLAS_TRAIN_P_003545	1	2.3658427816857257	3.4410793781280518	0.9689639921709126	1
K3	HPCLAS_TRAIN_P_003549	1	HPCLAS_TRAIN_P_003549	1	3.0244570671590334	4.14941930770874	0.9844713685892384	1
K3	HPCLAS_TRAIN_P_003556	1	HPCLAS_TRAIN_P_003556	1	1.281031548119869	2.315096616744995	0.9101196404906431	1
K3	HPCLAS_TRAIN_P_003560	1	HPCLAS_TRAIN_N_001130	1	1.3924129059590475	2.589463949203491	0.9301804114313251	1
K3	HPCLAS_TRAIN_P_003561	1	HPCLAS_TRAIN_P_003561	1	1.9467512826045257	2.859619617462158	0.9458138082008509	1
K3	HPCLAS_TRAIN_P_003566	1	HPCLAS_TRAIN_P_003566	1	-1.5002187839627694	-2.1585590839385986	0.10353411341468557	0
K3	HPCLAS_TRAIN_P_003569	1	HPCLAS_TRAIN_P_003569	1	2.558464358358917	2.7578647136688232	0.9403559856096809	1
K3	HPCLAS_TRAIN_P_003581	1	HPCLAS_TRAIN_P_003581	1	2.522104923484185	3.2600514888763428	0.9630326237916634	1
K3	HPCLAS_TRAIN_P_003589	1	HPCLAS_TRAIN_P_003589	1	3.288835084619885	3.4991543292999268	0.9706636977798823	1
K3	HPCLAS_TRAIN_P_003593	1	HPCLAS_TRAIN_P_003593	1	1.4966798755971795	1.8796331882476807	0.8675689880228934	1
K3	HPCLAS_TRAIN_P_003603	1	HPCLAS_TRAIN_P_003603	1	2.7529311300481094	3.038050413131714	0.9542638160116804	1
K3	HPCLAS_TRAIN_P_003606	1	HPCLAS_TRAIN_P_003606	1	1.5457515462905698	2.7803547382354736	0.9416049528186298	1
K3	HPCLAS_TRAIN_P_003608	1	HPCLAS_TRAIN_P_005355	1	3.0374071402218594	3.1432478427886963	0.9586418420542877	1
K3	HPCLAS_TRAIN_P_003613	1	HPCLAS_TRAIN_P_003613	1	1.1068997345151987	1.454484224319458	0.8106876012932666	1
K3	HPCLAS_TRAIN_P_003620	1	HPCLAS_TRAIN_P_003620	1	0.7464915653648486	1.5614579916000366	0.8265624657454417	1
K3	HPCLAS_TRAIN_P_003623	1	HPCLAS_TRAIN_P_003623	1	3.372784408626211	3.610213041305542	0.9736661433869828	1
K3	HPCLAS_TRAIN_P_003632	1	HPCLAS_TRAIN_P_003632	1	2.4537991647228745	2.534926176071167	0.9265542919753306	1
K3	HPCLAS_TRAIN_P_003644	1	HPCLAS_TRAIN_P_003644	1	-1.9302405249242565	-1.8277020454406738	0.1385122525860296	0
K3	HPCLAS_TRAIN_P_003698	1	HPCLAS_TRAIN_P_003698	1	3.094627316004685	3.375788688659668	0.9669392434947318	1
K3	HPCLAS_TRAIN_P_003701	1	HPCLAS_TRAIN_P_003701	1	1.443333884763987	2.195680618286133	0.8998609578429544	1
K3	HPCLAS_TRAIN_P_003714	1	HPCLAS_TRAIN_P_003714	1	1.9107549820076264	2.687927007675171	0.9363104743139297	1
K3	HPCLAS_TRAIN_P_003727	1	HPCLAS_TRAIN_P_003727	1	3.4435752881789194	3.3877575397491455	0.9673197296737281	1
K3	HPCLAS_TRAIN_P_003728	1	HPCLAS_TRAIN_P_003728	1	2.372871362549528	2.9570248126983643	0.9505944524898197	1
K3	HPCLAS_TRAIN_P_003729	1	HPCLAS_TRAIN_P_003729	1	2.526277777999049	2.7129414081573486	0.9377859816202856	1
K3	HPCLAS_TRAIN_P_003735	1	HPCLAS_TRAIN_P_003735	1	1.4543945147489006	2.3753697872161865	0.9149297411724708	1
K3	HPCLAS_TRAIN_P_003736	1	HPCLAS_TRAIN_P_003736	1	2.6210165414016595	2.4243805408477783	0.9186676480109564	1
K3	HPCLAS_TRAIN_P_003750	1	HPCLAS_TRAIN_P_003750	1	2.117394964753361	1.8083702325820923	0.8591647867490385	1
K3	HPCLAS_TRAIN_P_003752	1	HPCLAS_TRAIN_P_003752	1	2.077510059041124	0.3779613673686981	0.5933813155877495	1
K3	HPCLAS_TRAIN_P_003759	1	HPCLAS_TRAIN_P_003759	1	1.5171197461106267	3.3574044704437256	0.9663464696730341	1
K3	HPCLAS_TRAIN_P_003776	1	HPCLAS_TRAIN_P_003776	1	1.982702486992724	2.5059101581573486	0.9245551068231199	1
K3	HPCLAS_TRAIN_P_003777	1	HPCLAS_TRAIN_P_003777	1	1.3980373027542456	2.21299147605896	0.9014100985209753	1
K3	HPCLAS_TRAIN_P_003784	1	HPCLAS_TRAIN_P_003784	1	0.0676821036739991	0.6282439231872559	0.6520911705535855	1
K3	HPCLAS_TRAIN_P_003791	1	HPCLAS_TRAIN_P_003791	1	3.0975876791559043	3.8487699031829834	0.9791385440128061	1
K3	HPCLAS_TRAIN_P_003792	1	HPCLAS_TRAIN_P_003792	1	2.25878243271737	2.2580044269561768	0.9053387477243499	1
K3	HPCLAS_TRAIN_P_003794	1	HPCLAS_TRAIN_P_003794	1	1.7903311071090209	1.393829584121704	0.8012029107283876	1
K3	HPCLAS_TRAIN_P_003800	1	HPCLAS_TRAIN_P_003800	1	2.8085876189929144	3.3504393100738525	0.966119218667064	1
K3	HPCLAS_TRAIN_P_003816	1	HPCLAS_TRAIN_P_003816	1	1.8177184734227452	1.3280055522918701	0.7905105383823766	1
K3	HPCLAS_TRAIN_P_003821	1	HPCLAS_TRAIN_P_003821	1	3.287747172152867	3.7040655612945557	0.975968516881358	1
K3	HPCLAS_TRAIN_P_003822	1	HPCLAS_TRAIN_P_003822	1	-0.26381694139502	1.5095555782318115	0.8189953342261795	1
K3	HPCLAS_TRAIN_P_003823	1	HPCLAS_TRAIN_P_003823	1	2.685880745043045	3.145643711090088	0.9587367283170972	1
K3	HPCLAS_TRAIN_P_003824	1	HPCLAS_TRAIN_P_003824	1	2.093350013547724	2.289708375930786	0.9080210968791324	1
K3	HPCLAS_TRAIN_P_003829	1	HPCLAS_TRAIN_P_003829	1	2.352644174067966	2.9916670322418213	0.9521962482721381	1
K3	HPCLAS_TRAIN_P_003830	1	HPCLAS_TRAIN_P_003830	1	1.4317347368418871	2.10625958442688	0.8915100902368511	1
K3	HPCLAS_TRAIN_P_003844	1	HPCLAS_TRAIN_P_003844	1	1.1786510991188928	2.8773202896118164	0.9467138426507272	1
K3	HPCLAS_TRAIN_P_003847	1	HPCLAS_TRAIN_P_003847	1	1.940401670430264	2.686493396759033	0.9362249300572131	1
K3	HPCLAS_TRAIN_P_003849	1	HPCLAS_TRAIN_P_003849	1	2.598350991096108	2.736495018005371	0.9391460925278388	1
K3	HPCLAS_TRAIN_P_003850	1	HPCLAS_TRAIN_P_003850	1	2.925544269974948	2.840076208114624	0.9448034365975555	1
K3	HPCLAS_TRAIN_P_003851	1	HPCLAS_TRAIN_P_003851	1	2.2723468892783147	3.3545591831207275	0.966253815289086	1
K3	HPCLAS_TRAIN_P_003866	1	HPCLAS_TRAIN_P_003866	1	2.07575289808906	2.9943764209747314	0.9523194247387762	1
K3	HPCLAS_TRAIN_P_003868	1	HPCLAS_TRAIN_P_003868	1	3.105508767755101	3.561093807220459	0.9723769725196318	1
K3	HPCLAS_TRAIN_P_003869	1	HPCLAS_TRAIN_P_003869	1	2.2162499976871963	1.3036774396896362	0.7864532395489431	1
K3	HPCLAS_TRAIN_P_003872	1	HPCLAS_TRAIN_P_003872	1	2.159402678450645	2.5309951305389404	0.9262863297066662	1
K3	HPCLAS_TRAIN_P_003880	1	HPCLAS_TRAIN_P_003880	1	1.1861622022735434	3.033452272415161	0.9540627132830258	1
K3	HPCLAS_TRAIN_P_003883	1	HPCLAS_TRAIN_P_003883	1	1.82111125335539	3.28072190284729	0.9637615047175483	1
K3	HPCLAS_TRAIN_P_003889	1	HPCLAS_TRAIN_P_003889	1	2.2738296604829893	2.1789467334747314	0.8983429250824726	1
K3	HPCLAS_TRAIN_P_003903	1	HPCLAS_TRAIN_P_003903	1	1.1342963175361434	2.402355670928955	0.9170067588988668	1
K3	HPCLAS_TRAIN_P_003912	1	HPCLAS_TRAIN_P_003912	1	3.3925459875551467	3.7191929817199707	0.9763207719445304	1
K3	HPCLAS_TRAIN_P_003914	1	HPCLAS_TRAIN_P_003914	1	2.709552653175454	3.3013856410980225	0.9644763157856626	1
K3	HPCLAS_TRAIN_P_003931	1	HPCLAS_TRAIN_P_003931	1	1.631004710881924	2.2423222064971924	0.903986203718743	1
K3	HPCLAS_TRAIN_P_003935	1	HPCLAS_TRAIN_P_003935	1	1.1739873636154576	0.3920832574367523	0.5967841003601573	1
K3	HPCLAS_TRAIN_P_003937	1	HPCLAS_TRAIN_P_003937	1	3.0766025447096785	3.3915927410125732	0.9674407520400417	1
K3	HPCLAS_TRAIN_P_003938	1	HPCLAS_TRAIN_P_003938	1	1.5693205592791992	2.095458745956421	0.8904610087820165	1
K3	HPCLAS_TRAIN_P_003941	1	HPCLAS_TRAIN_P_003941	1	2.227963299436213	2.560356378555298	0.9282661919182046	1
K3	HPCLAS_TRAIN_P_003947	1	HPCLAS_TRAIN_P_003947	1	2.738073190082074	2.6138594150543213	0.9317482391665316	1
K3	HPCLAS_TRAIN_P_003948	1	HPCLAS_TRAIN_P_003948	1	2.3203382460478417	2.6178195476531982	0.931999647510949	1
K3	HPCLAS_TRAIN_P_003959	1	HPCLAS_TRAIN_P_003959	1	3.054173638643209	3.198786973953247	0.9607886033610493	1
K3	HPCLAS_TRAIN_P_003968	1	HPCLAS_TRAIN_P_003968	1	1.8440534812486291	2.8495569229125977	0.9452957750468028	1
K3	HPCLAS_TRAIN_P_003971	1	HPCLAS_TRAIN_P_003971	1	2.552371109313432	2.9522006511688232	0.9503673943581599	1
K3	HPCLAS_TRAIN_P_003973	1	HPCLAS_TRAIN_P_003973	1	2.909376130309069	2.7053401470184326	0.9373410193706596	1
K3	HPCLAS_TRAIN_P_003975	1	HPCLAS_TRAIN_P_003975	1	2.3945185581590347	2.8568010330200195	0.9456691739653218	1
K3	HPCLAS_TRAIN_P_003983	1	HPCLAS_TRAIN_P_003983	1	2.125350980578236	2.8132450580596924	0.9433873796260825	1
K3	HPCLAS_TRAIN_P_003989	1	HPCLAS_TRAIN_P_003989	1	1.9320208524149056	2.3749983310699463	0.9149008250546729	1
K3	HPCLAS_TRAIN_P_003990	1	HPCLAS_TRAIN_P_003990	1	2.245964609843458	2.9733269214630127	0.9513544754623755	1
K3	HPCLAS_TRAIN_P_003998	1	HPCLAS_TRAIN_P_003998	1	3.7665254396071353	4.032485485076904	0.9825786766900947	1
K3	HPCLAS_TRAIN_P_004004	1	HPCLAS_TRAIN_P_004004	1	2.075769145952448	2.6693007946014404	0.9351906660873406	1
K3	HPCLAS_TRAIN_P_004010	1	HPCLAS_TRAIN_P_004010	1	3.0493517481816714	3.1907126903533936	0.9604832795969314	1
K3	HPCLAS_TRAIN_P_004015	1	HPCLAS_TRAIN_P_004015	1	2.859007391383238	3.4937336444854736	0.9705089456310027	1
K3	HPCLAS_TRAIN_P_004017	1	HPCLAS_TRAIN_P_004017	1	2.306051449355972	3.1420106887817383	0.9585927639507891	1
K3	HPCLAS_TRAIN_P_004019	1	HPCLAS_TRAIN_N_003322	1	2.5521222081604367	2.9474287033081055	0.9501418209885558	1
K3	HPCLAS_TRAIN_P_004025	1	HPCLAS_TRAIN_P_004025	1	-2.0065912036019062	-1.542048692703247	0.17623765248232806	0
K3	HPCLAS_TRAIN_P_004032	1	HPCLAS_TRAIN_P_004032	1	0.5925612882202986	1.1941142082214355	0.7674760794334745	1
K3	HPCLAS_TRAIN_P_004047	1	HPCLAS_TRAIN_P_004047	1	2.22641858997358	3.3419415950775146	0.9658399595825702	1
K3	HPCLAS_TRAIN_P_004051	1	HPCLAS_TRAIN_P_004051	1	-0.6212933150226836	-0.2531788647174835	0.4370412274380994	0
K3	HPCLAS_TRAIN_P_004059	1	HPCLAS_TRAIN_P_004059	1	3.462692524439955	3.905802011489868	0.980272210283992	1
K3	HPCLAS_TRAIN_P_004070	1	HPCLAS_TRAIN_P_004070	1	2.0645767260392742	2.960484027862549	0.9507566602870051	1
K3	HPCLAS_TRAIN_P_004075	1	HPCLAS_TRAIN_P_004075	1	2.6943005916446965	2.730794668197632	0.9388194968141743	1
K3	HPCLAS_TRAIN_P_004089	1	HPCLAS_TRAIN_P_004089	1	1.2653640408173918	2.1315717697143555	0.8939341293887063	1
K3	HPCLAS_TRAIN_P_004096	1	HPCLAS_TRAIN_P_004096	1	0.6411756259379521	0.8312751054763794	0.6966244766478811	1
K3	HPCLAS_TRAIN_P_004101	1	HPCLAS_TRAIN_P_004101	1	0.7629204750292279	0.6416435241699219	0.6551248869381199	1
K3	HPCLAS_TRAIN_P_004107	1	HPCLAS_TRAIN_P_004107	1	1.4710083808757226	1.71462082862854	0.8474346668513848	1
K3	HPCLAS_TRAIN_P_004108	1	HPCLAS_TRAIN_P_004108	1	1.8358841816439917	2.409881830215454	0.9175777452709236	1
K3	HPCLAS_TRAIN_P_004109	1	HPCLAS_TRAIN_P_004109	1	2.7835563686925	2.924393653869629	0.9490392125359934	1
K3	HPCLAS_TRAIN_P_004110	1	HPCLAS_TRAIN_N_002216	1	-1.072925625675718	-0.7206678986549377	0.3272459240539187	0
K3	HPCLAS_TRAIN_P_004113	1	HPCLAS_TRAIN_P_004113	1	2.1078675886929306	3.0020534992218018	0.9526668108885438	1
K3	HPCLAS_TRAIN_P_004115	1	HPCLAS_TRAIN_P_004115	1	3.118521437466901	3.2102761268615723	0.9612191600004137	1
K3	HPCLAS_TRAIN_P_004136	1	HPCLAS_TRAIN_P_004136	1	2.27810703651141	2.846649646759033	0.9451452401577227	1
K3	HPCLAS_TRAIN_P_004153	1	HPCLAS_TRAIN_P_004153	1	3.1015974913914013	3.5930497646331787	0.9732224743836525	1
K3	HPCLAS_TRAIN_P_004157	1	HPCLAS_TRAIN_P_004157	1	3.10460436541872	3.386833906173706	0.9672905189132943	1
K3	HPCLAS_TRAIN_P_004163	1	HPCLAS_TRAIN_P_004163	1	1.4918164687591924	2.094102144241333	0.8903286154701214	1
K3	HPCLAS_TRAIN_P_004174	1	HPCLAS_TRAIN_N_003164	1	2.998777778104792	3.071720600128174	0.9557110581263636	1
K3	HPCLAS_TRAIN_P_004178	1	HPCLAS_TRAIN_P_004178	1	2.029218914832731	2.8911893367767334	0.9474091718513478	1
K3	HPCLAS_TRAIN_P_004180	1	HPCLAS_TRAIN_P_004180	1	2.61860380566467	3.1490447521209717	0.9588710658682553	1
K3	HPCLAS_TRAIN_P_004183	1	HPCLAS_TRAIN_P_004183	1	-0.0240660599624784	-1.6689871549606323	0.15855926410354645	0
K3	HPCLAS_TRAIN_P_004200	1	HPCLAS_TRAIN_P_004200	1	2.264209455282999	2.9667396545410156	0.951048714450188	1
K3	HPCLAS_TRAIN_P_004212	1	HPCLAS_TRAIN_P_004212	1	1.7940068178902246	1.9220550060272217	0.8723674183437717	1
K3	HPCLAS_TRAIN_P_004215	1	HPCLAS_TRAIN_P_004215	1	2.6106719420645543	2.874809503555298	0.9465870395162004	1
K3	HPCLAS_TRAIN_P_004228	1	HPCLAS_TRAIN_P_004228	1	2.653284840453573	3.410381555557251	0.9680274138937484	1
K3	HPCLAS_TRAIN_P_004230	1	HPCLAS_TRAIN_P_004230	1	2.13148503447375	2.393977642059326	0.9163669142911796	1
K3	HPCLAS_TRAIN_P_004232	1	HPCLAS_TRAIN_P_004232	1	2.3252401002221106	3.503253698348999	0.9707802051605349	1
K3	HPCLAS_TRAIN_P_004236	1	HPCLAS_TRAIN_P_004236	1	0.9910284966511298	0.5191767811775208	0.6269552500796314	1
K3	HPCLAS_TRAIN_P_004242	1	HPCLAS_TRAIN_P_004242	1	2.9995529807194363	3.458425760269165	0.969481423809473	1
K3	HPCLAS_TRAIN_P_004244	1	HPCLAS_TRAIN_P_004244	1	-0.5475595841859974	-1.1652190685272217	0.23772024703072253	0
K3	HPCLAS_TRAIN_P_004247	1	HPCLAS_TRAIN_P_004247	1	1.3756443377056553	1.7637758255004883	0.8536819252687117	1
K3	HPCLAS_TRAIN_P_004251	1	HPCLAS_TRAIN_P_004251	1	2.7875192032319345	3.51161789894104	0.9710165320990047	1
K3	HPCLAS_TRAIN_P_004258	1	HPCLAS_TRAIN_P_004258	1	1.9647998915545	2.0562806129455566	0.8865807030409341	1
K3	HPCLAS_TRAIN_P_004262	1	HPCLAS_TRAIN_P_004262	1	1.1188134822552986	2.2998480796813965	0.9088644562285646	1
K3	HPCLAS_TRAIN_P_004269	1	HPCLAS_TRAIN_P_004269	1	3.013739415407418	2.8581702709198	0.9457394811077809	1
K3	HPCLAS_TRAIN_P_004270	1	HPCLAS_TRAIN_P_005151	1	2.4666165811004523	3.241701364517212	0.9623737652409438	1
K3	HPCLAS_TRAIN_P_004282	1	HPCLAS_TRAIN_P_004282	1	2.8229618808357904	2.719149351119995	0.9381471914943221	1
K3	HPCLAS_TRAIN_P_004293	1	HPCLAS_TRAIN_P_004293	1	-0.2511562712842963	0.4988967478275299	0.622200027839333	1
K3	HPCLAS_TRAIN_P_004295	1	HPCLAS_TRAIN_P_004295	1	2.0720219266920825	2.837050676345825	0.9446454429077595	1
K3	HPCLAS_TRAIN_P_004298	1	HPCLAS_TRAIN_P_004298	1	0.5157440202220996	1.4933348894119263	0.8165782936960011	1
K3	HPCLAS_TRAIN_P_004304	1	HPCLAS_TRAIN_P_004304	1	3.0926921483668286	2.98154616355896	0.9517334468588943	1
K3	HPCLAS_TRAIN_P_004325	1	HPCLAS_TRAIN_P_004325	1	3.119271231622096	3.733304977416992	0.9766448367418308	1
K3	HPCLAS_TRAIN_P_004326	1	HPCLAS_TRAIN_P_004326	1	2.759609467469951	2.3092806339263916	0.9096427459914678	1
K3	HPCLAS_TRAIN_P_004338	1	HPCLAS_TRAIN_P_004338	1	2.7679173287571475	2.9218742847442627	0.9489172283721369	1
K3	HPCLAS_TRAIN_P_004341	1	HPCLAS_TRAIN_P_004341	1	3.455500123782034	4.060570240020752	0.9830529672094253	1
K3	HPCLAS_TRAIN_P_004343	1	HPCLAS_TRAIN_P_004343	1	1.3390698728973554	0.8810567259788513	0.7070411528100743	1
K3	HPCLAS_TRAIN_P_004350	1	HPCLAS_TRAIN_P_004350	1	2.536346400657712	3.265190362930298	0.9632151370782487	1
K3	HPCLAS_TRAIN_P_004352	1	HPCLAS_TRAIN_P_004352	1	2.4739950678187146	2.8194658756256104	0.943718703821343	1
K3	HPCLAS_TRAIN_P_004353	1	HPCLAS_TRAIN_P_004353	1	0.9258735368479108	1.0368309020996094	0.7382380638156684	1
K3	HPCLAS_TRAIN_P_004366	1	HPCLAS_TRAIN_P_004366	1	0.7903148635200045	0.75472092628479	0.6802064940690462	1
K3	HPCLAS_TRAIN_P_004370	1	HPCLAS_TRAIN_P_004370	1	1.7253873566339015	2.015841245651245	0.8824502998534747	1
K3	HPCLAS_TRAIN_P_004371	1	HPCLAS_TRAIN_P_004371	1	1.9222029737778212	2.794847249984741	0.9423967432391325	1
K3	HPCLAS_TRAIN_P_004376	1	HPCLAS_TRAIN_P_004376	1	0.3929339879352411	1.1391164064407349	0.7575173732279178	1
K3	HPCLAS_TRAIN_P_004377	1	HPCLAS_TRAIN_P_004377	1	2.511334479921296	2.930206775665283	0.9493196243580818	1
K3	HPCLAS_TRAIN_P_004381	1	HPCLAS_TRAIN_P_004381	1	1.98703781428474	2.8427584171295166	0.944943146771157	1
K3	HPCLAS_TRAIN_P_004384	1	HPCLAS_TRAIN_P_004384	1	2.8394165395279027	2.805251121520996	0.9429589260748061	1
K3	HPCLAS_TRAIN_P_004389	1	HPCLAS_TRAIN_P_004389	1	0.743225120680962	1.7115260362625122	0.8470341133992747	1
K3	HPCLAS_TRAIN_P_004390	1	HPCLAS_TRAIN_P_004390	1	1.7659782876618366	1.7063854932785034	0.8463668781593877	1
K3	HPCLAS_TRAIN_P_004391	1	HPCLAS_TRAIN_P_004391	1	2.5680858955489105	2.9286491870880127	0.9492446333832348	1
K3	HPCLAS_TRAIN_P_004393	1	HPCLAS_TRAIN_P_004393	1	2.4298098329364564	2.6433568000793457	0.9336003580338962	1
K3	HPCLAS_TRAIN_P_004395	1	HPCLAS_TRAIN_P_004395	1	3.4336623894038825	4.384541988372803	0.9876849537663768	1
K3	HPCLAS_TRAIN_P_004402	1	HPCLAS_TRAIN_P_004402	1	1.7534604905656774	2.110710859298706	0.891939867181306	1
K3	HPCLAS_TRAIN_P_004416	1	HPCLAS_TRAIN_P_004416	1	2.9343083269952728	4.619701862335205	0.9902404535053733	1
K3	HPCLAS_TRAIN_P_004419	1	HPCLAS_TRAIN_P_004419	1	0.4945764455665334	0.5908169150352478	0.643552561976855	1
K3	HPCLAS_TRAIN_P_004420	1	HPCLAS_TRAIN_P_004420	1	2.227271775552064	2.5260767936706543	0.9259498009424497	1
K3	HPCLAS_TRAIN_P_004427	1	HPCLAS_TRAIN_P_004427	1	2.3219140719184805	2.754643201828003	0.9401750454170937	1
K3	HPCLAS_TRAIN_P_004435	1	HPCLAS_TRAIN_P_004435	1	2.097545636210925	1.8725755214691162	0.8667560055904342	1
K3	HPCLAS_TRAIN_P_004436	1	HPCLAS_TRAIN_P_004436	1	1.8685045386587664	2.4216737747192383	0.9184651761573912	1
K3	HPCLAS_TRAIN_P_004437	1	HPCLAS_TRAIN_P_004437	1	2.4378868967096987	3.083348274230957	0.9562006280273428	1
K3	HPCLAS_TRAIN_P_004441	1	HPCLAS_TRAIN_P_004441	1	2.667206227910496	2.93119740486145	0.9493672641774894	1
K3	HPCLAS_TRAIN_P_004450	1	HPCLAS_TRAIN_P_004450	1	2.4608019542918607	3.106335401535034	0.9571533190317305	1
K3	HPCLAS_TRAIN_P_004457	1	HPCLAS_TRAIN_P_004457	1	1.1832812149145804	0.5411872863769531	0.6320885675575568	1
K3	HPCLAS_TRAIN_P_004458	1	HPCLAS_TRAIN_P_004458	1	2.681077727636275	2.8644731044769287	0.9460620121065398	1
K3	HPCLAS_TRAIN_P_004469	1	HPCLAS_TRAIN_P_004469	1	2.414860459335465	3.6353352069854736	0.9743026774505639	1
K3	HPCLAS_TRAIN_P_004485	1	HPCLAS_TRAIN_P_004485	1	1.8931186076559336	1.9932515621185303	0.8800867124978949	1
K3	HPCLAS_TRAIN_P_004486	1	HPCLAS_TRAIN_P_004486	1	2.31545458451421	2.874284267425537	0.9465604773390939	1
K3	HPCLAS_TRAIN_P_004491	1	HPCLAS_TRAIN_P_004491	1	2.388486436618216	2.6241915225982666	0.9324023698030424	1
K3	HPCLAS_TRAIN_P_004494	1	HPCLAS_TRAIN_P_004494	1	0.3148097850259039	0.7467387914657593	0.6784676833179666	1
K3	HPCLAS_TRAIN_P_004496	1	HPCLAS_TRAIN_P_003124	1	2.5584589963166438	2.984618902206421	0.9518744031587847	1
K3	HPCLAS_TRAIN_P_004498	1	HPCLAS_TRAIN_P_004498	1	0.7332398417648872	1.8810255527496338	0.8677288791554636	1
K3	HPCLAS_TRAIN_P_004500	1	HPCLAS_TRAIN_P_004500	1	1.7236433399681694	1.1082639694213867	0.7518053200335657	1
K3	HPCLAS_TRAIN_P_004513	1	HPCLAS_TRAIN_P_004513	1	3.628306044208231	3.4402997493743896	0.9689405379974874	1
K3	HPCLAS_TRAIN_P_004514	1	HPCLAS_TRAIN_P_004514	1	2.812784409737944	3.2459261417388916	0.9625264480599595	1
K3	HPCLAS_TRAIN_P_004517	1	HPCLAS_TRAIN_P_004517	1	1.9329342341247988	2.7126615047454834	0.9377696490927208	1
K3	HPCLAS_TRAIN_P_004520	1	HPCLAS_TRAIN_P_004520	1	2.233692839648815	1.8047980070114136	0.8587319902864925	1
K3	HPCLAS_TRAIN_P_004527	1	HPCLAS_TRAIN_P_004527	1	1.7085512159570346	2.3646411895751953	0.9140909730809712	1
K3	HPCLAS_TRAIN_P_004533	1	HPCLAS_TRAIN_P_004533	1	2.5356669704195904	3.60369610786438	0.9734985299024912	1
K3	HPCLAS_TRAIN_P_004539	1	HPCLAS_TRAIN_P_004539	1	-1.8522539091715549	-0.23425257205963135	0.4417031963607292	0
K3	HPCLAS_TRAIN_P_004566	1	HPCLAS_TRAIN_P_004566	1	2.61392552668284	3.4010586738586426	0.9677376050945944	1
K3	HPCLAS_TRAIN_P_004568	1	HPCLAS_TRAIN_P_004568	1	3.224357458766496	3.1755974292755127	0.9599055675428667	1
K3	HPCLAS_TRAIN_P_004580	1	HPCLAS_TRAIN_P_004580	1	3.0179581970205382	3.514324903488159	0.9710926194213441	1
K3	HPCLAS_TRAIN_P_004596	1	HPCLAS_TRAIN_P_004596	1	2.853727511672548	2.8687503337860107	0.9462798575165896	1
K3	HPCLAS_TRAIN_P_004601	1	HPCLAS_TRAIN_P_004601	1	2.757462556758294	2.4110300540924072	0.9176645424690477	1
K3	HPCLAS_TRAIN_P_004603	1	HPCLAS_TRAIN_P_004603	1	2.962998894250608	3.024029493331909	0.9536479692230498	1
K3	HPCLAS_TRAIN_P_004608	1	HPCLAS_TRAIN_P_004608	1	1.5391996198207774	2.3342745304107666	0.911676139946519	1
K3	HPCLAS_TRAIN_P_004616	1	HPCLAS_TRAIN_P_004616	1	3.1282705868703813	2.6430904865264893	0.9335838471560016	1
K3	HPCLAS_TRAIN_P_004617	1	HPCLAS_TRAIN_P_004617	1	3.095382484567452	3.4288978576660156	0.9685955598733035	1
K3	HPCLAS_TRAIN_P_004627	1	HPCLAS_TRAIN_P_004627	1	1.7598364087044145	2.2873356342315674	0.907822736431103	1
K3	HPCLAS_TRAIN_P_004629	1	HPCLAS_TRAIN_P_004629	1	2.244487429165412	1.567575216293335	0.8274376613874452	1
K3	HPCLAS_TRAIN_P_004630	1	HPCLAS_TRAIN_P_004630	1	2.45054842414787	3.9834859371185303	0.9817197733037152	1
K3	HPCLAS_TRAIN_P_004640	1	HPCLAS_TRAIN_P_004640	1	2.605535942340738	3.2014083862304688	0.9608872428832488	1
K3	HPCLAS_TRAIN_P_004645	1	HPCLAS_TRAIN_P_004645	1	2.9673188761909497	3.549685478210449	0.97206888791361	1
K3	HPCLAS_TRAIN_P_004646	1	HPCLAS_TRAIN_P_004646	1	-0.3642884344082908	-0.07808845490217209	0.48048780040219163	0
K3	HPCLAS_TRAIN_P_004649	1	HPCLAS_TRAIN_P_004649	1	3.177285202251605	3.069070339202881	0.9555987438063472	1
K3	HPCLAS_TRAIN_P_004658	1	HPCLAS_TRAIN_P_004658	1	2.6015432413100705	3.078439474105835	0.9559945816270903	1
K3	HPCLAS_TRAIN_P_004667	1	HPCLAS_TRAIN_P_004667	1	3.255776650907724	4.739841938018799	0.9913356986897178	1
K3	HPCLAS_TRAIN_P_004672	1	HPCLAS_TRAIN_P_004672	1	2.6189407776065243	3.186544179916382	0.9603247591061125	1
K3	HPCLAS_TRAIN_P_004674	1	HPCLAS_TRAIN_P_004674	1	2.1459596046741245	2.7265539169311523	0.938575465119872	1
K3	HPCLAS_TRAIN_P_004677	1	HPCLAS_TRAIN_P_004677	1	0.3959084758074227	2.1639318466186523	0.8969634973169059	1
K3	HPCLAS_TRAIN_P_004679	1	HPCLAS_TRAIN_P_004679	1	-1.0960331496531337	-2.403484582901001	0.08290736528202652	0
K3	HPCLAS_TRAIN_P_004680	1	HPCLAS_TRAIN_P_004680	1	2.3840638891518764	2.967641592025757	0.9510906871233008	1
K3	HPCLAS_TRAIN_P_004694	1	HPCLAS_TRAIN_P_004694	1	2.0754460325281268	2.9411487579345703	0.9498434828935268	1
K3	HPCLAS_TRAIN_P_004697	1	HPCLAS_TRAIN_P_004697	1	2.0680923430899663	3.155017614364624	0.9591059751650706	1
K3	HPCLAS_TRAIN_P_004698	1	HPCLAS_TRAIN_P_004698	1	2.6623172907260773	3.4498002529144287	0.9692251831996137	1
K3	HPCLAS_TRAIN_P_004699	1	HPCLAS_TRAIN_P_004699	1	2.344854207616986	3.2269089221954346	0.961834444566788	1
K3	HPCLAS_TRAIN_P_004701	1	HPCLAS_TRAIN_P_004701	1	2.2064840209251897	1.7683699131011963	0.8542548366963232	1
K3	HPCLAS_TRAIN_P_004704	1	HPCLAS_TRAIN_P_004704	1	3.401165908886212	3.5215911865234375	0.9712958999156988	1
K3	HPCLAS_TRAIN_P_004706	1	HPCLAS_TRAIN_N_004064	1	1.2961399240194351	1.9701831340789795	0.8776307822201549	1
K3	HPCLAS_TRAIN_P_004714	1	HPCLAS_TRAIN_P_004714	1	0.4239806219740619	1.553444504737854	0.8254106686834723	1
K3	HPCLAS_TRAIN_P_004724	1	HPCLAS_TRAIN_N_002999	1	1.068236090992305	-0.17082877457141876	0.45739636261545913	0
K3	HPCLAS_TRAIN_P_004728	1	HPCLAS_TRAIN_P_004728	1	2.311312952639043	3.0209662914276123	0.9535123766007874	1
K3	HPCLAS_TRAIN_P_004743	1	HPCLAS_TRAIN_P_004743	1	3.2895196746003355	3.4476075172424316	0.9691597115409243	1
K3	HPCLAS_TRAIN_P_004747	1	HPCLAS_TRAIN_P_004747	1	0.6516275067876661	0.2989500164985657	0.5741858195768462	1
K3	HPCLAS_TRAIN_P_004755	1	HPCLAS_TRAIN_P_004755	1	2.789583977248646	3.1571056842803955	0.959187794359016	1
K3	HPCLAS_TRAIN_P_004758	1	HPCLAS_TRAIN_P_004758	1	1.5856926232694366	-0.21379780769348145	0.4467532173906863	0
K3	HPCLAS_TRAIN_P_004761	1	HPCLAS_TRAIN_P_004761	1	3.105380973749141	2.8916542530059814	0.9474323314999814	1
K3	HPCLAS_TRAIN_P_004762	1	HPCLAS_TRAIN_P_004762	1	2.33895988962511	3.1510400772094727	0.9589496841832028	1
K3	HPCLAS_TRAIN_P_004778	1	HPCLAS_TRAIN_P_004778	1	0.7505316250528415	0.6319640874862671	0.6529346795802202	1
K3	HPCLAS_TRAIN_P_004780	1	HPCLAS_TRAIN_P_004780	1	1.623135299995613	2.3282997608184814	0.9111938501947376	1
K3	HPCLAS_TRAIN_P_004792	1	HPCLAS_TRAIN_P_004792	1	3.058908209708295	3.10131573677063	0.9569469852962635	1
K3	HPCLAS_TRAIN_P_004796	1	HPCLAS_TRAIN_P_004796	1	2.4630594459022355	2.6034207344055176	0.9310814080935595	1
K3	HPCLAS_TRAIN_P_004802	1	HPCLAS_TRAIN_P_004802	1	-0.7558631682596596	-0.40604642033576965	0.3998604931790054	0
K3	HPCLAS_TRAIN_P_004807	1	HPCLAS_TRAIN_P_004807	1	1.912163528011368	2.9444305896759033	0.949999601497695	1
K3	HPCLAS_TRAIN_P_004810	1	HPCLAS_TRAIN_P_004810	1	2.6334146224214923	3.2181313037872314	0.9615109180114408	1
K3	HPCLAS_TRAIN_P_004814	1	HPCLAS_TRAIN_P_004814	1	3.028335333362801	3.565643072128296	0.9724989035199961	1
K3	HPCLAS_TRAIN_P_004817	1	HPCLAS_TRAIN_P_004817	1	-0.0013897421212599	0.0949162021279335	0.5237112518132184	1
K3	HPCLAS_TRAIN_P_004825	1	HPCLAS_TRAIN_P_004825	1	0.82045856719039	1.7235028743743896	0.8485794786801846	1
K3	HPCLAS_TRAIN_P_004847	1	HPCLAS_TRAIN_P_004847	1	2.6133782553694265	2.416020631790161	0.9180408271003908	1
K3	HPCLAS_TRAIN_P_004851	1	HPCLAS_TRAIN_P_004851	1	3.2490404303965565	2.8594610691070557	0.945805682015609	1
K3	HPCLAS_TRAIN_P_004861	1	HPCLAS_TRAIN_P_004861	1	2.1061262633260527	3.0987889766693115	0.9568427638850525	1
K3	HPCLAS_TRAIN_P_004866	1	HPCLAS_TRAIN_P_004866	1	0.6674971142462878	0.5376225709915161	0.6312591940505998	1
K3	HPCLAS_TRAIN_P_004868	1	HPCLAS_TRAIN_P_004868	1	2.444693266445397	3.091015338897705	0.9565206114829539	1
K3	HPCLAS_TRAIN_P_004870	1	HPCLAS_TRAIN_P_004870	1	2.37599645579326	2.6877832412719727	0.9363019005297758	1
K3	HPCLAS_TRAIN_P_004891	1	HPCLAS_TRAIN_P_004891	1	0.9402764240196678	0.9651689529418945	0.7241555211259607	1
K3	HPCLAS_TRAIN_P_004906	1	HPCLAS_TRAIN_P_004906	1	2.589418353673627	3.0721609592437744	0.9557296936566507	1
K3	HPCLAS_TRAIN_P_004912	1	HPCLAS_TRAIN_P_004912	1	2.6130138636419136	3.0874249935150146	0.9563710478714541	1
K3	HPCLAS_TRAIN_P_004915	1	HPCLAS_TRAIN_P_004915	1	2.7191564680168803	3.194657802581787	0.9606327451984481	1
K3	HPCLAS_TRAIN_P_004923	1	HPCLAS_TRAIN_P_004923	1	2.8967234689307784	3.329207181930542	0.9654173098775837	1
K3	HPCLAS_TRAIN_P_004927	1	HPCLAS_TRAIN_P_004927	1	1.5071214364911611	1.8496532440185547	0.8640863847265214	1
K3	HPCLAS_TRAIN_P_004929	1	HPCLAS_TRAIN_P_004929	1	1.779075363466068	1.696173906326294	0.8450343641904089	1
K3	HPCLAS_TRAIN_P_004935	1	HPCLAS_TRAIN_P_004935	1	2.880007219929319	3.5445284843444824	0.9719285291671419	1
K3	HPCLAS_TRAIN_P_004937	1	HPCLAS_TRAIN_P_004937	1	2.4012875151583475	3.071990728378296	0.955722490553961	1
K3	HPCLAS_TRAIN_P_004940	1	HPCLAS_TRAIN_P_004940	1	2.7952242327192143	1.5959795713424683	0.8314557244663503	1
K3	HPCLAS_TRAIN_P_004942	1	HPCLAS_TRAIN_P_004942	1	2.7042357718894574	2.9788458347320557	0.9516092507199722	1
K3	HPCLAS_TRAIN_P_004952	1	HPCLAS_TRAIN_P_004952	1	-0.1204403086022101	-0.35554251074790955	0.41203902503948925	0
K3	HPCLAS_TRAIN_P_004953	1	HPCLAS_TRAIN_P_004953	1	2.294982959973749	2.2484638690948486	0.9045179492178093	1
K3	HPCLAS_TRAIN_P_004954	1	HPCLAS_TRAIN_P_004954	1	2.880721626826739	2.5947864055633545	0.93052528692087	1
K3	HPCLAS_TRAIN_P_004956	1	HPCLAS_TRAIN_P_004956	1	2.865301885955853	3.47408127784729	0.9699412376135464	1
K3	HPCLAS_TRAIN_P_004965	1	HPCLAS_TRAIN_P_004965	1	2.8576470676251327	2.9596171379089355	0.9507160579945504	1
K3	HPCLAS_TRAIN_P_004989	1	HPCLAS_TRAIN_P_004989	1	3.3607702860899944	3.259031057357788	0.962996278454405	1
K3	HPCLAS_TRAIN_P_005005	1	HPCLAS_TRAIN_P_005005	1	0.6434842070165239	1.650374412536621	0.8389416469265087	1
K3	HPCLAS_TRAIN_P_005006	1	HPCLAS_TRAIN_P_005006	1	1.207165804716949	1.898224115371704	0.8696903984898708	1
K3	HPCLAS_TRAIN_P_005010	1	HPCLAS_TRAIN_P_005010	1	2.392536850143946	2.953723907470703	0.9504391958831755	1
K3	HPCLAS_TRAIN_P_005015	1	HPCLAS_TRAIN_P_005015	1	2.3885770202876038	3.2247564792633057	0.9617553520626998	1
K3	HPCLAS_TRAIN_P_005017	1	HPCLAS_TRAIN_P_005017	1	1.0380636681686466	1.3018076419830322	0.7861390490383937	1
K3	HPCLAS_TRAIN_P_005029	1	HPCLAS_TRAIN_P_005029	1	3.284395819596529	3.801929235458374	0.9781599814248328	1
K3	HPCLAS_TRAIN_P_005035	1	HPCLAS_TRAIN_P_005035	1	1.8618714703543389	2.588143825531006	0.9300946275419889	1
K3	HPCLAS_TRAIN_P_005041	1	HPCLAS_TRAIN_P_005041	1	1.2238333458121853	1.5043365955352783	0.8182203734949307	1
K3	HPCLAS_TRAIN_P_005044	1	HPCLAS_TRAIN_P_005044	1	-0.3576264783627463	-0.9944863319396973	0.2700268543770458	0
K3	HPCLAS_TRAIN_P_005052	1	HPCLAS_TRAIN_P_005052	1	2.3688681893467933	2.909606695175171	0.9483192921367503	1
K3	HPCLAS_TRAIN_P_005054	1	HPCLAS_TRAIN_P_005054	1	0.1839836708402533	0.9163134098052979	0.7142903424124363	1
K3	HPCLAS_TRAIN_P_005055	1	HPCLAS_TRAIN_P_005055	1	2.819927717143542	2.8129918575286865	0.9433738552671521	1
K3	HPCLAS_TRAIN_P_005057	1	HPCLAS_TRAIN_P_005057	1	0.7909354301156742	2.7067172527313232	0.9374218519947896	1
K3	HPCLAS_TRAIN_P_005059	1	HPCLAS_TRAIN_P_005059	1	2.372630659510208	2.739187479019165	0.9392997867664399	1
K3	HPCLAS_TRAIN_P_005062	1	HPCLAS_TRAIN_P_005062	1	3.113705635463579	3.782095193862915	0.9777322233882487	1
K3	HPCLAS_TRAIN_P_005072	1	HPCLAS_TRAIN_P_005072	1	3.169035220196332	3.315722703933716	0.9649642709161662	1
K3	HPCLAS_TRAIN_P_005076	1	HPCLAS_TRAIN_P_005076	1	2.3364960980443006	2.348900556564331	0.9128467982584383	1
K3	HPCLAS_TRAIN_P_005077	1	HPCLAS_TRAIN_P_005077	1	0.1685651203108177	0.6489925384521484	0.656783397617732	1
K3	HPCLAS_TRAIN_P_005078	1	HPCLAS_TRAIN_P_005078	1	2.989674351465784	3.199259042739868	0.9608063841477723	1
K3	HPCLAS_TRAIN_P_005086	1	HPCLAS_TRAIN_P_005086	1	2.568304877207844	3.0030837059020996	0.9527132440916142	1
K3	HPCLAS_TRAIN_P_005087	1	HPCLAS_TRAIN_P_005087	1	2.476171194305356	3.2555367946624756	0.9628715606932846	1
K3	HPCLAS_TRAIN_P_005106	1	HPCLAS_TRAIN_P_005106	1	2.622205445382322	2.719726324081421	0.9381806630641071	1
K3	HPCLAS_TRAIN_P_005114	1	HPCLAS_TRAIN_P_005114	1	2.1437565191991483	2.7948710918426514	0.9423980374836364	1
K3	HPCLAS_TRAIN_P_005115	1	HPCLAS_TRAIN_P_005115	1	1.334339966629119	0.48535487055778503	0.6190115496760097	1
K3	HPCLAS_TRAIN_P_005130	1	HPCLAS_TRAIN_P_005130	1	-0.8477013028556862	1.1471176147460938	0.7589840437690079	1
K3	HPCLAS_TRAIN_P_005137	1	HPCLAS_TRAIN_P_005137	1	2.8010937028848297	2.441568613052368	0.9199426893833924	1
K3	HPCLAS_TRAIN_P_005151	1	HPCLAS_TRAIN_P_005151	1	2.651800988860977	2.8386876583099365	0.9447309791198254	1
K3	HPCLAS_TRAIN_P_005156	1	HPCLAS_TRAIN_P_005156	1	1.4093558644426047	1.124523401260376	0.7548267966427117	1
K3	HPCLAS_TRAIN_P_005159	1	HPCLAS_TRAIN_P_005159	1	2.791896715495844	3.374560594558716	0.9668999615771794	1
K3	HPCLAS_TRAIN_P_005162	1	HPCLAS_TRAIN_P_005162	1	3.16245581700552	2.656097173690796	0.9343857935374185	1
K3	HPCLAS_TRAIN_P_005170	1	HPCLAS_TRAIN_P_005170	1	3.08169509653553	3.2165884971618652	0.9614537816580186	1
K3	HPCLAS_TRAIN_P_005175	1	HPCLAS_TRAIN_P_005175	1	-0.2311447989550825	-0.5318193435668945	0.37009265508542694	0
K3	HPCLAS_TRAIN_P_005191	1	HPCLAS_TRAIN_P_005191	1	1.8089919277770925	2.455717086791992	0.9209785263700082	1
K3	HPCLAS_TRAIN_P_005193	1	HPCLAS_TRAIN_P_005193	1	2.376019441923801	2.560380458831787	0.9282677953607777	1
K3	HPCLAS_TRAIN_P_005199	1	HPCLAS_TRAIN_P_005199	1	2.782958629594851	3.2537214756011963	0.9628066086263942	1
K3	HPCLAS_TRAIN_P_005205	1	HPCLAS_TRAIN_P_005205	1	2.6989707474393514	3.1789817810058594	0.9600356180988624	1
K3	HPCLAS_TRAIN_P_005208	1	HPCLAS_TRAIN_P_005208	1	3.2563054211915423	3.4887826442718506	0.9703669108312588	1
K3	HPCLAS_TRAIN_P_005209	1	HPCLAS_TRAIN_P_005209	1	2.4941132962157737	2.450350046157837	0.9205870452464168	1
K3	HPCLAS_TRAIN_P_005217	1	HPCLAS_TRAIN_P_005217	1	-1.4764031326652116	-0.9478235244750977	0.279322739362517	0
K3	HPCLAS_TRAIN_P_005219	1	HPCLAS_TRAIN_P_005219	1	0.4166972598555317	1.3052973747253418	0.7867251725497879	1
K3	HPCLAS_TRAIN_P_005220	1	HPCLAS_TRAIN_P_005220	1	0.1738416559730181	2.156273126602173	0.8962535235375316	1
K3	HPCLAS_TRAIN_P_005223	1	HPCLAS_TRAIN_P_005223	1	3.1165098284821373	3.3418896198272705	0.9658382447147552	1
K3	HPCLAS_TRAIN_P_005226	1	HPCLAS_TRAIN_P_005226	1	1.6456595721719651	1.841019630432129	0.8630692526958348	1
K3	HPCLAS_TRAIN_P_005231	1	HPCLAS_TRAIN_P_005231	1	2.5729519270929835	3.4087166786193848	0.9679758452159057	1
K3	HPCLAS_TRAIN_P_005235	1	HPCLAS_TRAIN_P_005235	1	2.5381823932613	3.4360463619232178	0.9688122776397494	1
K3	HPCLAS_TRAIN_P_005236	1	HPCLAS_TRAIN_P_005236	1	-0.1418194719366955	-0.9565682411193848	0.277565816013707	0
K3	HPCLAS_TRAIN_P_005263	1	HPCLAS_TRAIN_P_005263	1	1.437770122680012	1.2969951629638672	0.7853288395503831	1
K3	HPCLAS_TRAIN_P_005264	1	HPCLAS_TRAIN_P_005264	1	3.116217939056085	3.85050368309021	0.9791739292403091	1
K3	HPCLAS_TRAIN_P_005266	1	HPCLAS_TRAIN_P_005266	1	0.7075791748088968	0.5697963237762451	0.638716176595005	1
K3	HPCLAS_TRAIN_P_005268	1	HPCLAS_TRAIN_N_001842	1	1.0209772581950542	-0.7683173418045044	0.3168432113725932	0
K3	HPCLAS_TRAIN_P_005269	1	HPCLAS_TRAIN_P_005269	1	1.546812061429488	0.29961681365966797	0.5743488410548504	1
K3	HPCLAS_TRAIN_P_005272	1	HPCLAS_TRAIN_P_005272	1	2.149987540184844	3.081883668899536	0.9561392479101251	1
K3	HPCLAS_TRAIN_P_005275	1	HPCLAS_TRAIN_P_005275	1	2.526335162596952	3.161113977432251	0.9593444168029174	1
K3	HPCLAS_TRAIN_P_005282	1	HPCLAS_TRAIN_P_005282	1	2.089946062874584	3.090672731399536	0.9565063605744447	1
K3	HPCLAS_TRAIN_P_005285	1	HPCLAS_TRAIN_P_005285	1	1.6278822804873383	2.262138843536377	0.9056924759952152	1
K3	HPCLAS_TRAIN_P_005306	1	HPCLAS_TRAIN_P_005306	1	2.900033270745047	3.711345911026001	0.9761386795900195	1
K3	HPCLAS_TRAIN_P_005316	1	HPCLAS_TRAIN_P_005316	1	1.3298500500827124	3.0872304439544678	0.9563629294794705	1
K3	HPCLAS_TRAIN_P_005324	1	HPCLAS_TRAIN_P_005324	1	2.792693155546651	2.722501754760742	0.9383414360524298	1
K3	HPCLAS_TRAIN_P_005326	1	HPCLAS_TRAIN_P_005326	1	3.2959723669239893	3.117311477661133	0.9576012052877274	1
K3	HPCLAS_TRAIN_P_005355	1	HPCLAS_TRAIN_P_005355	1	3.022282029979934	3.3314406871795654	0.9654918018428147	1
K3	HPCLAS_TRAIN_P_005356	1	HPCLAS_TRAIN_P_005356	1	-0.2723249200710645	0.25754132866859436	0.5640318001698055	1
K3	HPCLAS_TRAIN_P_005357	1	HPCLAS_TRAIN_P_005357	1	2.372872126762689	2.801387071609497	0.942750732828244	1
K3	HPCLAS_TRAIN_P_005361	1	HPCLAS_TRAIN_P_005361	1	1.5152336833430444	2.556752920150757	0.928025873973749	1
K3	HPCLAS_TRAIN_P_005363	1	HPCLAS_TRAIN_P_005363	1	3.1433091051891773	3.5740270614624023	0.9727222454612398	1
K3	HPCLAS_TRAIN_P_005367	1	HPCLAS_TRAIN_P_005367	1	-0.7786684579568853	0.9679906368255615	0.7247188079711667	1
K3	HPCLAS_TRAIN_P_005368	1	HPCLAS_TRAIN_P_005368	1	2.7049994664060697	3.2593514919281006	0.9630076952689449	1
K3	HPCLAS_TRAIN_P_005374	1	HPCLAS_TRAIN_P_005374	1	3.0303053637075914	3.0605804920196533	0.9552371248618103	1
K3	HPCLAS_TRAIN_P_005380	1	HPCLAS_TRAIN_P_005380	1	2.391824731777625	2.8987033367156982	0.9477823009925954	1
K3	HPCLAS_TRAIN_P_005388	1	HPCLAS_TRAIN_P_005388	1	3.1601768205016354	3.8719966411590576	0.9796077366443356	1
K3	HPCLAS_TRAIN_P_005390	1	HPCLAS_TRAIN_P_005390	1	2.166663943910995	2.8057568073272705	0.9429861195025359	1
K3	HPCLAS_TRAIN_P_005396	1	HPCLAS_TRAIN_P_005396	1	0.9614026931971984	1.7492691278457642	0.8518605939149825	1
K3	HPCLAS_TRAIN_P_005397	1	HPCLAS_TRAIN_P_005397	1	1.8809550133866075	2.1760411262512207	0.8980772692731832	1
K3	HPCLAS_TRAIN_P_005399	1	HPCLAS_TRAIN_P_005399	1	0.7839994124081967	1.3411433696746826	0.7926779052849492	1
K3	HPCLAS_TRAIN_P_005408	1	HPCLAS_TRAIN_P_005408	1	1.051577571470218	2.212139368057251	0.9013343458338947	1
K3	HPCLAS_TRAIN_P_005409	1	HPCLAS_TRAIN_P_005409	1	2.8726445350491203	3.8542635440826416	0.9792504636481909	1
K3	HPCLAS_TRAIN_P_005418	1	HPCLAS_TRAIN_P_005418	1	3.0974550403027568	2.83345890045166	0.9444573271702681	1
K3	HPCLAS_TRAIN_P_005429	1	HPCLAS_TRAIN_P_005429	1	2.820683526336533	2.75697922706604	0.940306302301795	1
K3	HPCLAS_TRAIN_P_005445	1	HPCLAS_TRAIN_P_005445	1	3.223321226870302	3.5934178829193115	0.9732320660554754	1
K3	HPCLAS_TRAIN_P_005451	1	HPCLAS_TRAIN_P_005451	1	2.7739019323802565	2.73048996925354	0.9388019933438312	1
K3	HPCLAS_TRAIN_P_005459	1	HPCLAS_TRAIN_P_005459	1	2.843177491810956	3.221912145614624	0.9616505942802982	1
K3	HPCLAS_TRAIN_P_005469	1	HPCLAS_TRAIN_P_005469	1	2.826351945879994	3.7832276821136475	0.9777568664997428	1
K3	HPCLAS_TRAIN_P_005470	1	HPCLAS_TRAIN_P_005470	1	0.8304332855111258	0.5853140354156494	0.642289247001684	1
K3	HPCLAS_TRAIN_P_005473	1	HPCLAS_TRAIN_P_005473	1	2.453903014840071	3.1994893550872803	0.9608150562091442	1
K3	HPCLAS_TRAIN_P_005487	1	HPCLAS_TRAIN_P_005487	1	0.9897297673525536	2.93998646736145	0.9497880814329027	1
K3	HPCLAS_TRAIN_P_005490	1	HPCLAS_TRAIN_P_005490	1	2.5761848915312857	3.509711742401123	0.9709628381306816	1
K3	HPCLAS_TRAIN_P_005493	1	HPCLAS_TRAIN_P_005493	1	0.1333396797666251	-0.14882920682430267	0.46286122539898356	0
K3	HPCLAS_TRAIN_P_005500	1	HPCLAS_TRAIN_P_005500	1	2.6079700703714352	3.1055848598480225	0.9571225281212112	1
K3	HPCLAS_TRAIN_P_005505	1	HPCLAS_TRAIN_P_005505	1	0.3938910979453985	-0.08474794030189514	0.4788256866108456	0
K3	HPCLAS_TRAIN_P_005513	1	HPCLAS_TRAIN_P_005513	1	3.5780011257566966	3.2160720825195312	0.9614346385595862	1
K3	HPCLAS_TRAIN_P_005518	1	HPCLAS_TRAIN_P_005518	1	1.1033936894653475	2.8077290058135986	0.9430920588084225	1
K3	HPCLAS_TRAIN_P_005525	1	HPCLAS_TRAIN_P_005525	1	3.469711893489439	4.438791751861572	0.9883276531908733	1
K3	HPCLAS_TRAIN_P_005527	1	HPCLAS_TRAIN_P_005527	1	2.0532114427825063	2.190708637237549	0.8994120350135579	1
K3	HPCLAS_TRAIN_P_005529	1	HPCLAS_TRAIN_N_000198	1	2.010744520191794	2.535022258758545	0.9265608302722073	1
K3	HPCLAS_TRAIN_P_005542	1	HPCLAS_TRAIN_P_005542	1	3.0095566666187765	3.53654408454895	0.971709864305911	1
K3	HPCLAS_TRAIN_P_005544	1	HPCLAS_TRAIN_P_005544	1	2.798575897085868	3.1068551540374756	0.9571746294559774	1
K3	HPCLAS_TRAIN_P_005550	1	HPCLAS_TRAIN_P_005550	1	-0.3499671051306994	0.26183122396469116	0.5650863938133203	1
K3	HPCLAS_TRAIN_P_005554	1	HPCLAS_TRAIN_P_005554	1	2.724115221210545	2.953216314315796	0.9504152804782688	1
K3	HPCLAS_TRAIN_P_005561	1	HPCLAS_TRAIN_P_005561	1	2.365555621476198	2.7303764820098877	0.938795472858009	1
K3	HPCLAS_TRAIN_P_005564	1	HPCLAS_TRAIN_P_005564	1	3.162446636424351	3.4500768184661865	0.9692334314510733	1
K3	HPCLAS_TRAIN_P_005579	1	HPCLAS_TRAIN_P_005579	1	3.088364423048062	3.8557724952697754	0.979281101854631	1
K3	HPCLAS_TRAIN_P_005582	1	HPCLAS_TRAIN_P_005582	1	1.83320757722988	2.7677600383758545	0.9409085684176969	1
K3	HPCLAS_TRAIN_P_005587	1	HPCLAS_TRAIN_P_005587	1	2.474664795371868	2.6944053173065186	0.9366957062272752	1
K3	HPCLAS_TRAIN_P_005589	1	HPCLAS_TRAIN_N_004206	1	2.256729037222082	0.7091045379638672	0.6702032652496688	1
K3	HPCLAS_TRAIN_P_005593	1	HPCLAS_TRAIN_P_005593	1	2.6075738153825747	2.3652007579803467	0.9141349050606474	1
K3	HPCLAS_TRAIN_P_005595	1	HPCLAS_TRAIN_P_005595	1	2.097504015809534	1.7091758251190186	0.8467293544080509	1
K3	HPCLAS_TRAIN_P_005598	1	HPCLAS_TRAIN_P_005598	1	2.2011305410682604	3.047621488571167	0.9546797282420798	1
K3	HPCLAS_TRAIN_P_005601	1	HPCLAS_TRAIN_P_005601	1	2.83237024730528	3.87023663520813	0.9795725483342959	1
K3	HPCLAS_TRAIN_P_005605	1	HPCLAS_TRAIN_P_005605	1	3.236323038298321	3.3412885665893555	0.9658184075719225	1
K3	HPCLAS_TRAIN_P_005615	1	HPCLAS_TRAIN_P_005615	1	1.075904266166566	0.8396721482276917	0.6983961621374465	1
K3	HPCLAS_TRAIN_P_005621	1	HPCLAS_TRAIN_P_005621	1	2.1317333528300995	2.9362218379974365	0.9496082393802797	1
K3	HPCLAS_TRAIN_P_005627	1	HPCLAS_TRAIN_P_005627	1	-0.2231483658806793	-0.5121196508407593	0.3746967614965199	0
K3	HPCLAS_TRAIN_P_005628	1	HPCLAS_TRAIN_P_005628	1	1.2601477570362287	1.8682761192321777	0.8662586840607246	1
K3	HPCLAS_TRAIN_P_005632	1	HPCLAS_TRAIN_P_005632	1	2.567640849690917	3.045642137527466	0.9545940118432196	1
K3	HPCLAS_TRAIN_P_005642	1	HPCLAS_TRAIN_P_005642	1	2.2381568000536918	3.0328004360198975	0.9540341367582567	1
K3	HPCLAS_TRAIN_P_005644	1	HPCLAS_TRAIN_P_005644	1	1.970756465412416	2.368245840072632	0.9143736192771721	1
K3	HPCLAS_TRAIN_P_005647	1	HPCLAS_TRAIN_P_005647	1	-0.1558591474776386	2.0442464351654053	0.8853649607806712	1
K3	HPCLAS_TRAIN_P_005663	1	HPCLAS_TRAIN_P_005663	1	2.331898139584999	2.7178537845611572	0.9380719709152686	1
K3	HPCLAS_TRAIN_P_005665	1	HPCLAS_TRAIN_P_005665	1	-0.4703885388678727	-0.3961328864097595	0.402241809043544	0
K3	HPCLAS_TRAIN_P_005672	1	HPCLAS_TRAIN_P_005672	1	2.798359999909806	3.4908459186553955	0.9704261826784808	1
K3	HPCLAS_TRAIN_P_005675	1	HPCLAS_TRAIN_P_005675	1	2.313586489542465	3.205540418624878	0.9610422414474734	1
K3	HPCLAS_TRAIN_P_005677	1	HPCLAS_TRAIN_P_005677	1	1.6188684261113993	2.4887187480926514	0.9233471684314467	1
K3	HPCLAS_TRAIN_P_005679	1	HPCLAS_TRAIN_P_005679	1	2.757910956472651	3.2113804817199707	0.961260305949214	1
K3	HPCLAS_TRAIN_P_005683	1	HPCLAS_TRAIN_P_005683	1	1.2181239126302836	1.4102071523666382	0.8037986149445113	1
K3	HPCLAS_TRAIN_P_005684	1	HPCLAS_TRAIN_P_005684	1	2.93005515885964	2.9282844066619873	0.9492270556521067	1
K3	HPCLAS_TRAIN_P_005690	1	HPCLAS_TRAIN_P_005690	1	1.2552684394730669	1.8393523693084717	0.8628720952796951	1
K3	HPCLAS_TRAIN_P_005700	1	HPCLAS_TRAIN_P_005700	1	2.7791470523788857	2.951340913772583	0.9503268255186246	1
K3	HPCLAS_TRAIN_P_005708	1	HPCLAS_TRAIN_P_005708	1	-0.5333306742356148	1.0047093629837036	0.7319834874520748	1
K3	HPCLAS_TRAIN_P_005711	1	HPCLAS_TRAIN_P_005711	1	2.322479874896397	2.691164016723633	0.9365032350126762	1
K3	HPCLAS_TRAIN_P_005735	1	HPCLAS_TRAIN_P_005735	1	2.6931021363724006	2.8566877841949463	0.9456633550616852	1
K3	HPCLAS_TRAIN_P_005742	1	HPCLAS_TRAIN_P_005742	1	2.5454138709524328	2.7622416019439697	0.9406009977926838	1
K3	HPCLAS_TRAIN_P_005747	1	HPCLAS_TRAIN_P_005747	1	3.0441937870761	3.1484429836273193	0.9588473271622647	1
K3	HPCLAS_TRAIN_P_005754	1	HPCLAS_TRAIN_P_005754	1	-0.1957942162808602	-0.2693318724632263	0.4330711267176463	0
K3	HPCLAS_TRAIN_P_005755	1	HPCLAS_TRAIN_P_005755	1	2.618072191942485	3.2505502700805664	0.9626928808024156	1
K3	HPCLAS_TRAIN_P_005760	1	HPCLAS_TRAIN_P_005760	1	0.2234282723066617	1.1096806526184082	0.7520695704226975	1
K3	HPCLAS_TRAIN_P_005765	1	HPCLAS_TRAIN_P_005765	1	2.9654361637471007	3.2934584617614746	0.964203714445506	1
K3	HPCLAS_TRAIN_P_005769	1	HPCLAS_TRAIN_P_005769	1	3.176623081213649	3.4422388076782227	0.9689988404817977	1
K3	HPCLAS_TRAIN_P_005770	1	HPCLAS_TRAIN_P_005770	1	2.447709164608391	3.235905170440674	0.9621633187391343	1
K3	HPCLAS_TRAIN_P_005775	1	HPCLAS_TRAIN_P_005775	1	2.2629386134710736	2.7759809494018555	0.9413639947292475	1
K3	HPCLAS_TRAIN_P_005786	1	HPCLAS_TRAIN_P_005786	1	1.5306859821027543	1.7148420810699463	0.8474632701930942	1
K3	HPCLAS_TRAIN_P_005791	1	HPCLAS_TRAIN_P_005791	1	2.611437715017137	2.956554651260376	0.9505723668489482	1
K3	HPCLAS_TRAIN_P_005818	1	HPCLAS_TRAIN_P_005818	1	2.7875781133297743	2.8764495849609375	0.9466699013487142	1
K3	HPCLAS_TRAIN_P_005820	1	HPCLAS_TRAIN_P_005820	1	1.2641222247107775	0.7548023462295532	0.6802242047331023	1
K3	HPCLAS_TRAIN_P_005822	1	HPCLAS_TRAIN_P_005822	1	1.4562573426278074	2.3029236793518066	0.9091188875588881	1
K3	HPCLAS_TRAIN_P_005823	1	HPCLAS_TRAIN_P_005823	1	2.0752029987935834	1.2584049701690674	0.7787514100795188	1
K3	HPCLAS_TRAIN_P_005844	1	HPCLAS_TRAIN_P_005844	1	2.25348589691263	2.815159559249878	0.9434895418471168	1
K3	HPCLAS_TRAIN_P_005848	1	HPCLAS_TRAIN_P_005848	1	1.9141950220592807	1.6026825904846191	0.8323929802871914	1
K3	HPCLAS_TRAIN_P_005854	1	HPCLAS_TRAIN_P_005854	1	3.0237801086257936	3.0147528648376465	0.9532361795987321	1
K3	HPCLAS_TRAIN_P_005859	1	HPCLAS_TRAIN_P_005859	1	1.2671152289406256	1.5397299528121948	0.8234254648776685	1
K3	HPCLAS_TRAIN_P_005877	1	HPCLAS_TRAIN_P_005877	1	2.542606899598192	2.762349843978882	0.940607045069109	1
K3	HPCLAS_TRAIN_P_005883	1	HPCLAS_TRAIN_P_005883	1	0.8628457909336898	1.8186529874801636	0.8604044177047447	1
K3	HPCLAS_TRAIN_P_005891	1	HPCLAS_TRAIN_P_005891	1	2.189095546104868	3.4596023559570312	0.9695162167495376	1
K3	HPCLAS_TRAIN_P_005892	1	HPCLAS_TRAIN_P_005892	1	3.5211484952712766	3.4093198776245117	0.9679945382682998	1
K3	HPCLAS_TRAIN_P_005897	1	HPCLAS_TRAIN_P_005897	1	1.9898565428317907	2.6865522861480713	0.9362284461233628	1
K3	HPCLAS_TRAIN_P_005905	1	HPCLAS_TRAIN_P_005905	1	2.322162494471531	2.508523464202881	0.9247371905343765	1
K3	HPCLAS_TRAIN_P_005918	1	HPCLAS_TRAIN_P_005918	1	0.2840012027743399	1.7313153743743896	0.8495805937357466	1
K3	HPCLAS_TRAIN_P_005924	1	HPCLAS_TRAIN_P_005924	1	3.10867206748325	3.923858404159546	0.9806183842913971	1
K3	HPCLAS_TRAIN_P_005940	1	HPCLAS_TRAIN_P_005940	1	2.324833856692878	2.8812694549560547	0.9469127140821907	1
K3	HPCLAS_TRAIN_P_005941	1	HPCLAS_TRAIN_P_005941	1	1.773079019274541	0.779974639415741	0.6856746481259702	1
K3	HPCLAS_TRAIN_P_005945	1	HPCLAS_TRAIN_P_005945	1	0.8461397548650668	2.1117489337921143	0.8920398793608538	1
K3	HPCLAS_TRAIN_P_005950	1	HPCLAS_TRAIN_P_005950	1	2.4166456197982664	2.3096704483032227	0.9096747808187566	1
K3	HPCLAS_TRAIN_P_005956	1	HPCLAS_TRAIN_P_005956	1	2.581839648785575	3.245643377304077	0.9625162476150083	1
K3	HPCLAS_TRAIN_P_005958	1	HPCLAS_TRAIN_P_005958	1	3.4540847081994657	3.293890953063965	0.9642186388480175	1
K3	HPCLAS_TRAIN_P_005961	1	HPCLAS_TRAIN_P_005961	1	1.1443092255635985	1.8394346237182617	0.8628818276470259	1
K3	HPCLAS_TRAIN_P_005972	1	HPCLAS_TRAIN_P_005972	1	0.332438482510948	1.2857694625854492	0.7834302660881145	1
K3	HPCLAS_TRAIN_P_005974	1	HPCLAS_TRAIN_P_005974	1	2.1541851377138537	2.6277902126312256	0.9326288360797848	1
K3	HPCLAS_TRAIN_P_005978	1	HPCLAS_TRAIN_P_005978	1	2.971968301391726	3.828510046005249	0.9787206688536877	1
K3	HPCLAS_TRAIN_P_005987	1	HPCLAS_TRAIN_P_005987	1	2.317429938157386	3.1998350620269775	0.9608280698237398	1
K3	HPCLAS_TRAIN_P_005988	1	HPCLAS_TRAIN_P_005988	1	2.95759041167387	2.8944239616394043	0.9475701041000887	1
K3	HPCLAS_TRAIN_P_005989	1	HPCLAS_TRAIN_P_005989	1	0.950990692477887	0.2970481812953949	0.5737207621198189	1
K3	HPCLAS_TRAIN_P_005996	1	HPCLAS_TRAIN_P_005996	1	1.9124866602536212	1.864370346069336	0.8658055347009571	1
K3	HPCLAS_TRAIN_P_006002	1	HPCLAS_TRAIN_P_006002	1	2.835365333691774	3.7798044681549072	0.9776822952679438	1
K3	HPCLAS_TRAIN_P_006014	1	HPCLAS_TRAIN_P_006014	1	3.0098055609932803	4.04928731918335	0.9828639675665883	1
K3	HPCLAS_TRAIN_P_006025	1	HPCLAS_TRAIN_P_006025	1	1.943257215142802	1.966834545135498	0.8772707055448982	1
K3	HPCLAS_TRAIN_P_006032	1	HPCLAS_TRAIN_P_006032	1	3.360062670301193	3.321394681930542	0.9651555255322732	1
K3	HPCLAS_TRAIN_P_006038	1	HPCLAS_TRAIN_P_006038	1	2.677584696772745	2.5393407344818115	0.9268541438916995	1
K3	HPCLAS_TRAIN_P_006043	1	HPCLAS_TRAIN_P_006043	1	2.2842587558731564	3.5985398292541504	0.9733651770532685	1
K3	HPCLAS_TRAIN_P_006044	1	HPCLAS_TRAIN_P_006044	1	2.4773716898696097	3.3439009189605713	0.9659045448445291	1
K3	HPCLAS_TRAIN_P_006053	1	HPCLAS_TRAIN_P_006053	1	1.0151395551890323	1.8720227479934692	0.8666921528204048	1
K3	HPCLAS_TRAIN_P_006059	1	HPCLAS_TRAIN_P_006059	1	3.060995169407025	4.314549922943115	0.9868038989259311	1
K3	HPCLAS_TRAIN_P_006070	1	HPCLAS_TRAIN_P_006070	1	1.022505437758878	1.2259948253631592	0.7731168063488437	1
K3	HPCLAS_TRAIN_P_006073	1	HPCLAS_TRAIN_P_006073	1	2.702971169235096	2.9020025730133057	0.9479453425166258	1
K3	HPCLAS_TRAIN_P_006079	1	HPCLAS_TRAIN_P_006079	1	2.6697278721942888	3.4825990200042725	0.9701885827941819	1
K3	HPCLAS_TRAIN_P_006080	1	HPCLAS_TRAIN_P_006080	1	-1.125700878658065	-1.2582536935806274	0.2212746556204815	0
K3	HPCLAS_TRAIN_P_006081	1	HPCLAS_TRAIN_P_006081	1	2.442628311816658	2.8879311084747314	0.947246593662512	1
K3	HPCLAS_TRAIN_P_006086	1	HPCLAS_TRAIN_P_006086	1	2.341188212858294	2.942030906677246	0.9498854925280653	1
K3	HPCLAS_TRAIN_P_006087	1	HPCLAS_TRAIN_P_006087	1	0.9120891836522472	1.6359866857528687	0.8369881050597899	1
K3	HPCLAS_TRAIN_P_006091	1	HPCLAS_TRAIN_P_006091	1	2.296745277055112	2.976872205734253	0.9515182858628779	1
K3	HPCLAS_TRAIN_P_006094	1	HPCLAS_TRAIN_P_006094	1	3.1298049411449327	3.3799185752868652	0.9670710123574019	1
K3	HPCLAS_TRAIN_P_006103	1	HPCLAS_TRAIN_P_006103	1	3.1179645705961927	3.5778796672821045	0.9728242833072032	1
K3	HPCLAS_TRAIN_P_006108	1	HPCLAS_TRAIN_P_006108	1	0.4684217690221375	1.9851253032684326	0.8792264628525506	1
K3	HPCLAS_TRAIN_P_006113	1	HPCLAS_TRAIN_P_006113	1	0.8096325842203739	1.2139421701431274	0.7709957272678444	1
K3	HPCLAS_TRAIN_P_006114	1	HPCLAS_TRAIN_P_006114	1	2.2405059078747738	2.2038185596466064	0.9005918950849854	1
K3	HPCLAS_TRAIN_P_006116	1	HPCLAS_TRAIN_P_006116	1	3.036197147318106	2.8924710750579834	0.9474729978929225	1
K3	HPCLAS_TRAIN_P_006117	1	HPCLAS_TRAIN_P_006117	1	1.0673447350373453	0.6932194232940674	0.6666827204142812	1
K3	HPCLAS_TRAIN_P_006121	1	HPCLAS_TRAIN_P_006121	1	-2.5463077988020384	-2.298262357711792	0.09126697407920906	0
K3	HPCLAS_TRAIN_P_006124	1	HPCLAS_TRAIN_P_006124	1	2.6037515556672424	3.3365607261657715	0.9656619821710066	1
K3	HPCLAS_TRAIN_P_006126	1	HPCLAS_TRAIN_P_006126	1	1.4764850298416674	2.7534267902374268	0.9401065905720462	1
K3	HPCLAS_TRAIN_P_006127	1	HPCLAS_TRAIN_P_006127	1	-0.4124631205331995	1.2688897848129272	0.7805526381453013	1
K3	HPCLAS_TRAIN_P_006139	1	HPCLAS_TRAIN_P_006139	1	1.838431070518979	2.341552495956421	0.9122604285847484	1
K3	HPCLAS_TRAIN_P_006149	1	HPCLAS_TRAIN_P_006149	1	2.445595934121538	2.5516836643218994	0.9276865433104393	1
K3	HPCLAS_TRAIN_P_006154	1	HPCLAS_TRAIN_P_006154	1	2.616994659295402	2.786003351211548	0.9419147685286674	1
K3	HPCLAS_TRAIN_P_006155	1	HPCLAS_TRAIN_P_006155	1	2.812652779384923	3.3340368270874023	0.9655781939770837	1
K3	HPCLAS_TRAIN_P_006157	1	HPCLAS_TRAIN_P_006157	1	2.599573325324707	2.687854766845703	0.9363061662284784	1
K3	HPCLAS_TRAIN_P_006162	1	HPCLAS_TRAIN_P_006162	1	1.4119496603092967	3.0462324619293213	0.9546195921665539	1
K3	HPCLAS_TRAIN_P_006170	1	HPCLAS_TRAIN_P_006170	1	2.9445152757312245	3.936662435531616	0.9808602456272858	1
K3	HPCLAS_TRAIN_P_006180	1	HPCLAS_TRAIN_P_006180	1	2.878823470026948	3.6204416751861572	0.9739271426875875	1
K3	HPCLAS_TRAIN_P_006182	1	HPCLAS_TRAIN_P_006182	1	3.008177451828524	3.087923288345337	0.9563918347282723	1
K3	HPCLAS_TRAIN_P_006207	1	HPCLAS_TRAIN_P_006207	1	2.754009865244815	3.137986421585083	0.9584327348957634	1
K3	HPCLAS_TRAIN_P_006216	1	HPCLAS_TRAIN_P_006216	1	2.674684078432961	3.462366819381714	0.969597813184312	1
K3	HPCLAS_TRAIN_P_006221	1	HPCLAS_TRAIN_P_006221	1	2.044901301197302	3.0157549381256104	0.9532808287028391	1
K3	HPCLAS_TRAIN_P_006229	1	HPCLAS_TRAIN_P_006229	1	3.6029845062732586	3.814741373062134	0.9784320172514311	1
K3	HPCLAS_TRAIN_P_006230	1	HPCLAS_TRAIN_P_006230	1	3.2077710847045515	3.5818607807159424	0.9729293349033725	1
K3	HPCLAS_TRAIN_P_006234	1	HPCLAS_TRAIN_P_001694	1	1.7841844721751523	2.7211997509002686	0.9382660632881679	1
K3	HPCLAS_TRAIN_P_006240	1	HPCLAS_TRAIN_P_006240	1	2.007395865288948	2.563318967819214	0.928463214893824	1
K3	HPCLAS_TRAIN_P_006243	1	HPCLAS_TRAIN_N_002702	1	0.6137119451258611	1.0667738914489746	0.7439829152139276	1
K3	HPCLAS_TRAIN_P_006244	1	HPCLAS_TRAIN_P_006244	1	1.818427326859344	1.0760412216186523	0.7457440905042253	1
K3	HPCLAS_TRAIN_P_006247	1	HPCLAS_TRAIN_N_003461	1	0.7038130576955024	1.2845022678375244	0.7832151873774208	1
K3	HPCLAS_TRAIN_P_006256	1	HPCLAS_TRAIN_P_006256	1	1.04881788381548	0.1763899326324463	0.5439835025275703	1
K3	HPCLAS_TRAIN_P_006259	1	HPCLAS_TRAIN_P_006259	1	2.056773904646496	2.1034300327301025	0.8912361130947699	1
K3	HPCLAS_TRAIN_P_006260	1	HPCLAS_TRAIN_P_006260	1	2.3712507923101205	2.8739027976989746	0.9465411778861832	1
K3	HPCLAS_TRAIN_P_006271	1	HPCLAS_TRAIN_P_006271	1	2.8017729161910605	3.62545108795166	0.9740540454787865	1
K3	HPCLAS_TRAIN_P_006272	1	HPCLAS_TRAIN_P_006272	1	1.007608827844834	2.287518262863159	0.9078380177692318	1
K3	HPCLAS_TRAIN_P_006276	1	HPCLAS_TRAIN_P_006276	1	2.5990707262794714	2.7541959285736084	0.9401498831637204	1
K3	HPCLAS_TRAIN_P_006282	1	HPCLAS_TRAIN_P_006282	1	1.145556425486827	1.676579475402832	0.8424510658455903	1
K3	HPCLAS_TRAIN_P_006284	1	HPCLAS_TRAIN_P_006284	1	3.254358423341246	3.391416311264038	0.9674351941957609	1
K3	HPCLAS_TRAIN_P_006289	1	HPCLAS_TRAIN_P_006289	1	1.9813663212938968	2.5561697483062744	0.9279869119560317	1
K3	HPCLAS_TRAIN_P_006297	1	HPCLAS_TRAIN_P_006297	1	2.828451751781618	3.0473971366882324	0.9546700203659301	1
K3	HPCLAS_TRAIN_P_006298	1	HPCLAS_TRAIN_P_006298	1	2.8516111794555625	3.32879638671875	0.9654035921472044	1
K3	HPCLAS_TRAIN_P_006302	1	HPCLAS_TRAIN_N_003844	1	0.4733205869739352	1.7634845972061157	0.8536455444587625	1
K3	HPCLAS_TRAIN_P_006304	1	HPCLAS_TRAIN_P_006304	1	-0.8792244995995928	0.6924963593482971	0.6665220240464361	1
K3	HPCLAS_TRAIN_P_006306	1	HPCLAS_TRAIN_P_006306	1	0.9147413525264352	0.9709410667419434	0.7253070326095764	1
K3	HPCLAS_TRAIN_P_006311	1	HPCLAS_TRAIN_P_006311	1	2.554969956287126	2.7206718921661377	0.9382354811275426	1
K3	HPCLAS_TRAIN_P_006314	1	HPCLAS_TRAIN_P_006314	1	0.5753664111225457	1.4163566827774048	0.8047666237540114	1
K3	HPCLAS_TRAIN_P_006318	1	HPCLAS_TRAIN_P_006318	1	3.608451970785345	3.389104127883911	0.9673622716042493	1
K3	HPCLAS_TRAIN_P_006327	1	HPCLAS_TRAIN_P_006327	1	3.278875307825473	3.4072141647338867	0.9679292366128981	1
K3	HPCLAS_TRAIN_P_006339	1	HPCLAS_TRAIN_P_006339	1	0.4866535161114903	1.841241478919983	0.8630954687976412	1
K3	HPCLAS_TRAIN_P_006345	1	HPCLAS_TRAIN_P_006345	1	3.334173262516125	3.729710578918457	0.9765627089747133	1
K3	HPCLAS_TRAIN_P_006347	1	HPCLAS_TRAIN_P_006347	1	2.9595119909344647	3.02648663520813	0.953756462553515	1
K3	HPCLAS_TRAIN_P_006383	1	HPCLAS_TRAIN_P_001694	1	2.145010054223118	2.598177671432495	0.9307442055632141	1
K3	HPCLAS_TRAIN_P_006388	1	HPCLAS_TRAIN_P_006388	1	2.019156145151015	2.1312224864959717	0.8939010072283127	1
K3	HPCLAS_TRAIN_P_006397	1	HPCLAS_TRAIN_P_006397	1	2.706996812992228	2.849543333053589	0.9452950722882086	1
K3	HPCLAS_TRAIN_P_006398	1	HPCLAS_TRAIN_P_006398	1	1.4794416613202188	2.661470651626587	0.9347144680309425	1
K3	HPCLAS_TRAIN_P_006400	1	HPCLAS_TRAIN_P_006400	1	0.8989252238013209	1.4417986869812012	0.8087330338950999	1
K3	HPCLAS_TRAIN_P_006401	1	HPCLAS_TRAIN_P_006401	1	0.8201328094254914	1.3188796043395996	0.7889952414864065	1
K3	HPCLAS_TRAIN_P_006408	1	HPCLAS_TRAIN_P_006408	1	2.7993406812069845	3.174405097961426	0.9598596532717433	1
K3	HPCLAS_TRAIN_P_006415	1	HPCLAS_TRAIN_P_006415	1	2.088713318240294	2.2875618934631348	0.9078416681959129	1
K3	HPCLAS_TRAIN_P_006426	1	HPCLAS_TRAIN_P_006426	1	-1.4009728055448836	0.8602204918861389	0.7027067193602595	1
K3	HPCLAS_TRAIN_P_006433	1	HPCLAS_TRAIN_P_006433	1	1.456041573124288	2.9797909259796143	0.9516527527364277	1
K3	HPCLAS_TRAIN_P_006434	1	HPCLAS_TRAIN_P_006434	1	0.7656863535825269	1.7547448873519897	0.852550272051726	1
K3	HPCLAS_TRAIN_P_006439	1	HPCLAS_TRAIN_P_006439	1	2.307444529240988	2.925781726837158	0.9491063031710884	1
K3	HPCLAS_TRAIN_P_006444	1	HPCLAS_TRAIN_P_006444	1	3.0881914404608684	3.5319478511810303	0.971583240443031	1
K3	HPCLAS_TRAIN_P_006445	1	HPCLAS_TRAIN_P_006445	1	3.0485627908951334	2.924614191055298	0.949049877492967	1
K3	HPCLAS_TRAIN_P_006448	1	HPCLAS_TRAIN_P_006448	1	2.844398758765553	3.1275389194488525	0.9580145131316254	1
K3	HPCLAS_TRAIN_P_006451	1	HPCLAS_TRAIN_P_006451	1	0.6167293389512626	2.3413522243499756	0.912244397253642	1
K3	HPCLAS_TRAIN_P_006453	1	HPCLAS_TRAIN_P_006453	1	1.9237495234922704	1.2891405820846558	0.7840016882564117	1
K3	HPCLAS_TRAIN_P_006466	1	HPCLAS_TRAIN_P_006466	1	2.9394519284747096	2.8854424953460693	0.9471220979564212	1
K3	HPCLAS_TRAIN_P_006475	1	HPCLAS_TRAIN_P_006475	1	1.5742017540593964	2.303875207901001	0.9091974739006533	1
K3	HPCLAS_TRAIN_P_006477	1	HPCLAS_TRAIN_P_006477	1	3.106254046093151	3.3956234455108643	0.9675674768430221	1
K3	HPCLAS_TRAIN_P_006478	1	HPCLAS_TRAIN_P_006478	1	2.382392767049434	3.4177372455596924	0.9682542929078053	1
K3	HPCLAS_TRAIN_P_006482	1	HPCLAS_TRAIN_P_006482	1	2.1696431861978205	3.29447865486145	0.9642389096493529	1
K3	HPCLAS_TRAIN_P_006488	1	HPCLAS_TRAIN_P_006488	1	0.1117472966271017	-0.8156925439834595	0.3066787774787667	0
K3	HPCLAS_TRAIN_P_006494	1	HPCLAS_TRAIN_P_006494	1	2.7946345680078446	2.7320330142974854	0.9388905856159165	1
K3	HPCLAS_TRAIN_P_006503	1	HPCLAS_TRAIN_P_006503	1	2.1943037877783254	2.3328373432159424	0.9115603451822948	1
K3	HPCLAS_TRAIN_P_006509	1	HPCLAS_TRAIN_P_006509	1	2.692164740010732	3.9343907833099365	0.9808175523189916	1
K3	HPCLAS_TRAIN_P_006514	1	HPCLAS_TRAIN_P_006514	1	2.041322064968987	1.774749517440796	0.8550473261149218	1
K3	HPCLAS_TRAIN_P_006517	1	HPCLAS_TRAIN_P_006517	1	2.716396656054057	3.33417010307312	0.9655826233888767	1
K3	HPCLAS_TRAIN_P_006521	1	HPCLAS_TRAIN_P_006521	1	2.921797672906041	3.6254584789276123	0.9740542322685081	1
K3	HPCLAS_TRAIN_P_006523	1	HPCLAS_TRAIN_P_006523	1	2.349555604094019	2.8806815147399902	0.9468831511331393	1
K3	HPCLAS_TRAIN_P_006534	1	HPCLAS_TRAIN_P_006534	1	1.3684482728969722	1.626333475112915	0.8356667423339502	1
K3	HPCLAS_TRAIN_P_006537	1	HPCLAS_TRAIN_P_006537	1	3.0174299660331627	3.2708890438079834	0.9634165191029196	1
K3	HPCLAS_TRAIN_P_006538	1	HPCLAS_TRAIN_P_006538	1	3.2170666425758	3.793813467025757	0.9779859295261004	1
K3	HPCLAS_TRAIN_P_006552	1	HPCLAS_TRAIN_P_006552	1	3.3142163660815527	3.092698335647583	0.9565905517659318	1
K3	HPCLAS_TRAIN_P_006553	1	HPCLAS_TRAIN_P_006553	1	2.7650902953355634	2.8732457160949707	0.9465079191580323	1
K3	HPCLAS_TRAIN_P_006554	1	HPCLAS_TRAIN_P_006554	1	0.6072134584336222	0.7857691645622253	0.6869221670320954	1
K3	HPCLAS_TRAIN_P_006555	1	HPCLAS_TRAIN_P_006555	1	-0.2745717757971689	-0.3358863890171051	0.41680906712956195	0
K3	HPCLAS_TRAIN_P_006561	1	HPCLAS_TRAIN_P_006561	1	2.1416047835983574	2.7614965438842773	0.940559357164509	1
K3	HPCLAS_TRAIN_P_006563	1	HPCLAS_TRAIN_P_006563	1	1.4671127162809818	2.5994231700897217	0.9308244466369314	1
K3	HPCLAS_TRAIN_P_006571	1	HPCLAS_TRAIN_P_006571	1	1.876760445169596	2.338214635848999	0.9119928938948401	1
K3	HPCLAS_TRAIN_P_006578	1	HPCLAS_TRAIN_P_006578	1	3.181632330563246	3.4554665088653564	0.9693937461201283	1
K3	HPCLAS_TRAIN_P_006581	1	HPCLAS_TRAIN_P_006581	1	1.3825881675846263	0.5393950939178467	0.6316716899479183	1
K3	HPCLAS_TRAIN_P_006587	1	HPCLAS_TRAIN_P_006587	1	2.8996860576991104	3.2919509410858154	0.9641516460753964	1
K3	HPCLAS_TRAIN_P_006604	1	HPCLAS_TRAIN_P_006604	1	2.606984811279556	2.837223768234253	0.9446544932604739	1
K3	HPCLAS_TRAIN_P_006611	1	HPCLAS_TRAIN_P_006611	1	2.44006487593021	2.9225478172302246	0.9489498668594362	1
K3	HPCLAS_TRAIN_P_006614	1	HPCLAS_TRAIN_N_003316	1	-0.9708141489305908	-0.10087532550096512	0.47480253210037043	0
K3	HPCLAS_TRAIN_P_006622	1	HPCLAS_TRAIN_P_006622	1	3.2473645707526373	3.0448110103607178	0.9545579736168504	1
K3	HPCLAS_TRAIN_P_006631	1	HPCLAS_TRAIN_P_006631	1	-0.9041652873885172	0.7967318892478943	0.6892749668722615	1
K3	HPCLAS_TRAIN_P_006633	1	HPCLAS_TRAIN_P_006633	1	2.4394685035361614	2.881211757659912	0.9469098136205218	1
K3	HPCLAS_TRAIN_P_006641	1	HPCLAS_TRAIN_P_006641	1	1.5740768189178962	2.6158361434936523	0.9318738389295762	1
K3	HPCLAS_TRAIN_P_006647	1	HPCLAS_TRAIN_P_006647	1	2.8492222456800125	3.1554744243621826	0.9591238882742577	1
K3	HPCLAS_TRAIN_P_006648	1	HPCLAS_TRAIN_P_006648	1	3.0973238589858583	2.686347246170044	0.9362162031691932	1
K3	HPCLAS_TRAIN_P_006651	1	HPCLAS_TRAIN_N_001198	1	1.5903988032758525	1.9619219303131104	0.8767407988992811	1
K3	HPCLAS_TRAIN_P_006656	1	HPCLAS_TRAIN_P_006656	1	2.61359844475263	3.2434794902801514	0.9624380991564074	1
K3	HPCLAS_TRAIN_P_006657	1	HPCLAS_TRAIN_P_006657	1	2.715036647418729	3.143674612045288	0.9586587591454669	1
K3	HPCLAS_TRAIN_P_006661	1	HPCLAS_TRAIN_P_006661	1	2.121174697568398	2.4154717922210693	0.9179995219106799	1
K3	HPCLAS_TRAIN_P_006664	1	HPCLAS_TRAIN_P_006664	1	-1.046740913092281	-0.9022354483604431	0.28859132876972443	0
K3	HPCLAS_TRAIN_P_006668	1	HPCLAS_TRAIN_P_006668	1	2.4081145690065253	1.9563114643096924	0.8761332135475914	1
K3	HPCLAS_TRAIN_P_006671	1	HPCLAS_TRAIN_P_006671	1	0.278216914272186	-0.734990119934082	0.3241006365917477	0
K3	HPCLAS_TRAIN_P_006676	1	HPCLAS_TRAIN_P_006676	1	3.307735960633015	3.811269998550415	0.978358639719539	1
K3	HPCLAS_TRAIN_P_006683	1	HPCLAS_TRAIN_P_006683	1	2.4942029758433377	2.852811336517334	0.9454638225392269	1
K3	HPCLAS_TRAIN_P_006684	1	HPCLAS_TRAIN_P_006684	1	0.5608912278576842	0.190780907869339	0.5475510865693197	1
K3	HPCLAS_TRAIN_P_006689	1	HPCLAS_TRAIN_P_006689	1	1.9894380511501115	3.031830310821533	0.9539915751115653	1
K3	HPCLAS_TRAIN_P_006694	1	HPCLAS_TRAIN_P_006694	1	0.5545333928557316	0.33234789967536926	0.582330547094764	1
K3	HPCLAS_TRAIN_P_006713	1	HPCLAS_TRAIN_P_006713	1	0.4019936938346909	0.8215516209602356	0.6945656068705145	1
K3	HPCLAS_TRAIN_P_006718	1	HPCLAS_TRAIN_P_006718	1	2.7587444727713	3.1236469745635986	0.9578576892264664	1
K3	HPCLAS_TRAIN_P_006719	1	HPCLAS_TRAIN_P_006719	1	3.2134876619777404	3.766763210296631	0.9773959602264239	1
K3	HPCLAS_TRAIN_P_006720	1	HPCLAS_TRAIN_P_006720	1	1.7943101090952818	3.049062490463257	0.9547420342933393	1
K3	HPCLAS_TRAIN_P_006740	1	HPCLAS_TRAIN_P_006740	1	2.864870635373577	3.2650153636932373	0.9632089360486903	1
K3	HPCLAS_TRAIN_P_006741	1	HPCLAS_TRAIN_P_006741	1	1.938932272746364	0.7601688504219055	0.6813903919205102	1
K3	HPCLAS_TRAIN_P_006750	1	HPCLAS_TRAIN_P_006750	1	2.6955304876319355	2.7564873695373535	0.9402786881817886	1
K3	HPCLAS_TRAIN_P_006752	1	HPCLAS_TRAIN_P_006752	1	2.9753940217695574	3.549382209777832	0.9720606527040719	1
K3	HPCLAS_TRAIN_P_006755	1	HPCLAS_TRAIN_P_006755	1	2.6653455701499484	2.7747507095336914	0.9412960512817268	1
K3	HPCLAS_TRAIN_P_006756	1	HPCLAS_TRAIN_P_006756	1	2.3819761188973403	2.70369553565979	0.9372443571836798	1
K3	HPCLAS_TRAIN_P_006758	1	HPCLAS_TRAIN_N_003035	1	2.0520446435316653	2.6006813049316406	0.9309054144139676	1
K3	HPCLAS_TRAIN_P_006760	1	HPCLAS_TRAIN_P_006760	1	3.0391528543315283	3.5823616981506348	0.9729425248637602	1
K3	HPCLAS_TRAIN_P_006762	1	HPCLAS_TRAIN_P_006762	1	2.7458458765201046	2.529585123062134	0.926189996558644	1
K3	HPCLAS_TRAIN_P_006764	1	HPCLAS_TRAIN_P_006764	1	1.7811936883132722	2.739527940750122	0.9393191955263963	1
K3	HPCLAS_TRAIN_P_006782	1	HPCLAS_TRAIN_P_006782	1	1.0288141612786073	1.0213712453842163	0.735239615368719	1
K3	HPCLAS_TRAIN_P_006783	1	HPCLAS_TRAIN_P_006783	1	1.782718269620282	2.2402970790863037	0.9038102886268504	1
K3	HPCLAS_TRAIN_P_006785	1	HPCLAS_TRAIN_P_006785	1	2.583674677834768	2.8876373767852783	0.9472319138192968	1
K3	HPCLAS_TRAIN_P_006797	1	HPCLAS_TRAIN_P_006797	1	3.0718292384659933	2.536298990249634	0.9266476592628735	1
K3	HPCLAS_TRAIN_P_006802	1	HPCLAS_TRAIN_P_006802	1	3.8861529862656	3.0137240886688232	0.9531902984896126	1
K3	HPCLAS_TRAIN_P_006811	1	HPCLAS_TRAIN_P_006811	1	2.992460676313603	3.4667346477508545	0.9697263038110309	1
K3	HPCLAS_TRAIN_P_006814	1	HPCLAS_TRAIN_P_006814	1	2.550411558190988	2.7626965045928955	0.940626408456232	1
K3	HPCLAS_TRAIN_P_006815	1	HPCLAS_TRAIN_P_006815	1	3.2367506133413424	3.5954768657684326	0.973285653232244	1
K3	HPCLAS_TRAIN_P_006819	1	HPCLAS_TRAIN_P_006819	1	2.838123083108951	3.0097780227661133	0.9530139155375221	1
K3	HPCLAS_TRAIN_P_006824	1	HPCLAS_TRAIN_P_006824	1	2.0902418058735908	1.8285918235778809	0.8615938874750685	1
K3	HPCLAS_TRAIN_P_006835	1	HPCLAS_TRAIN_P_006835	1	3.005229296149787	3.2601301670074463	0.9630354246931919	1
K3	HPCLAS_TRAIN_P_006844	1	HPCLAS_TRAIN_P_006844	1	1.2727919956806406	1.0248305797576904	0.7359124692141921	1
K3	HPCLAS_TRAIN_P_006847	1	HPCLAS_TRAIN_P_006847	1	2.680313927968176	2.8099119663238525	0.943209103790563	1
K3	HPCLAS_TRAIN_P_006859	1	HPCLAS_TRAIN_P_006859	1	2.3057274694868783	2.387070417404175	0.915836029632628	1
K3	HPCLAS_TRAIN_P_006886	1	HPCLAS_TRAIN_P_006886	1	3.1872751265745016	2.966482400894165	0.951036736602175	1
K3	HPCLAS_TRAIN_P_006889	1	HPCLAS_TRAIN_P_006889	1	2.4605437116221607	2.495394706726074	0.9238183405245898	1
K3	HPCLAS_TRAIN_P_006891	1	HPCLAS_TRAIN_P_006891	1	0.0854546919519005	0.7596749067306519	0.6812831483608125	1
K3	HPCLAS_TRAIN_P_006902	1	HPCLAS_TRAIN_P_006902	1	2.769495605967883	3.0125133991241455	0.9531362496250296	1
K3	HPCLAS_TRAIN_P_006909	1	HPCLAS_TRAIN_P_006909	1	2.9465488524580894	3.4816107749938965	0.9701599867984388	1
K3	HPCLAS_TRAIN_P_006919	1	HPCLAS_TRAIN_P_006919	1	2.003483568435869	2.7764892578125	0.9413920459536465	1
K3	HPCLAS_TRAIN_P_006920	1	HPCLAS_TRAIN_P_006920	1	2.529361390278203	2.646937370300293	0.933821975887381	1
K3	HPCLAS_TRAIN_P_006922	1	HPCLAS_TRAIN_P_006922	1	1.9252822954861903	3.339235305786133	0.965750557968754	1
K3	HPCLAS_TRAIN_P_006925	1	HPCLAS_TRAIN_P_006925	1	1.9544869801466704	1.9849414825439453	0.8792069420672622	1
K3	HPCLAS_TRAIN_P_006931	1	HPCLAS_TRAIN_P_006931	1	3.338774602268197	3.579676628112793	0.9728717495725628	1
K3	HPCLAS_TRAIN_P_006935	1	HPCLAS_TRAIN_P_006935	1	1.814302306508596	2.169224262237549	0.8974515956889564	1
K3	HPCLAS_TRAIN_P_006936	1	HPCLAS_TRAIN_P_006936	1	-0.5166521259327154	-0.18856081366539001	0.4529989749566173	0
K3	HPCLAS_TRAIN_P_006940	1	HPCLAS_TRAIN_P_006940	1	2.908306628023942	2.804753065109253	0.9429321310095058	1
K3	HPCLAS_TRAIN_P_006945	1	HPCLAS_TRAIN_P_006945	1	2.089529947503731	2.669658660888672	0.9352123526575588	1
K3	HPCLAS_TRAIN_P_006947	1	HPCLAS_TRAIN_P_006947	1	2.285014963646462	2.83821702003479	0.9447063999011212	1
K3	HPCLAS_TRAIN_P_006965	1	HPCLAS_TRAIN_P_006965	1	2.470346927353366	2.890484571456909	0.9473740458216382	1
K3	HPCLAS_TRAIN_P_006972	1	HPCLAS_TRAIN_P_006972	1	-0.8939157011415967	1.6405370235443115	0.8376079970572825	1
K3	HPCLAS_TRAIN_P_006978	1	HPCLAS_TRAIN_P_006978	1	2.9581975353824057	3.017650842666626	0.9533651931109798	1
K3	HPCLAS_TRAIN_P_006984	1	HPCLAS_TRAIN_P_006984	1	2.677458904074409	2.4323689937591553	0.919262531690519	1
K3	HPCLAS_TRAIN_P_006997	1	HPCLAS_TRAIN_P_006997	1	-1.1516331481355748	-0.3990398943424225	0.4015430374298329	0
K3	HPCLAS_TRAIN_P_007002	1	HPCLAS_TRAIN_P_007002	1	-0.4697117394830368	-0.2114570140838623	0.44733185098508954	0
K3	HPCLAS_TRAIN_P_007010	1	HPCLAS_TRAIN_P_007010	1	1.4267059370928272	2.2623820304870605	0.905713245422579	1
K3	HPCLAS_TRAIN_P_007015	1	HPCLAS_TRAIN_P_007015	1	1.7611846783310208	1.3344346284866333	0.7915732282575452	1
K3	HPCLAS_TRAIN_P_007018	1	HPCLAS_TRAIN_P_007018	1	2.343974163247686	3.1041419506073	0.9570632735038744	1
K3	HPCLAS_TRAIN_P_007024	1	HPCLAS_TRAIN_P_007024	1	1.681927206350995	3.0684115886688232	0.9555707847728349	1
K3	HPCLAS_TRAIN_P_007031	1	HPCLAS_TRAIN_P_007031	1	3.0792068287377594	3.6239912509918213	0.9740171258234114	1
K3	HPCLAS_TRAIN_P_007039	1	HPCLAS_TRAIN_P_007039	1	2.693808199201654	2.962337017059326	0.9508433419125584	1
K3	HPCLAS_TRAIN_P_007059	1	HPCLAS_TRAIN_P_007059	1	2.611681858945573	3.147606134414673	0.9588142931374186	1
K3	HPCLAS_TRAIN_P_007062	1	HPCLAS_TRAIN_P_007062	1	2.867350546039399	3.8516387939453125	0.9791970642271257	1
K3	HPCLAS_TRAIN_P_007066	1	HPCLAS_TRAIN_P_007066	1	2.32753906914095	2.997377634048462	0.9524555163874813	1
K3	HPCLAS_TRAIN_P_007069	1	HPCLAS_TRAIN_P_007069	1	2.1615334741194983	3.350149393081665	0.9661097275681698	1
K3	HPCLAS_TRAIN_P_007070	1	HPCLAS_TRAIN_P_007070	1	1.600474236300923	1.4628721475601196	0.8119715692561363	1
K3	HPCLAS_TRAIN_P_007072	1	HPCLAS_TRAIN_P_007072	1	1.0372740431120844	0.9249918460845947	0.7160581359736674	1
K3	HPCLAS_TRAIN_P_007078	1	HPCLAS_TRAIN_P_007078	1	2.6523473976130725	3.2730600833892822	0.9634929607371949	1
K3	HPCLAS_TRAIN_P_007079	1	HPCLAS_TRAIN_P_007079	1	2.2951098308809303	2.9540255069732666	0.9504534006563788	1
K3	HPCLAS_TRAIN_P_007082	1	HPCLAS_TRAIN_P_007082	1	3.028557361420607	3.3236420154571533	0.9652310251602372	1
K3	HPCLAS_TRAIN_P_007087	1	HPCLAS_TRAIN_P_007087	1	3.3519320391630507	3.276426076889038	0.9636111725837695	1
K3	HPCLAS_TRAIN_P_007088	1	HPCLAS_TRAIN_P_007088	1	2.636789325350131	2.9191744327545166	0.9487861988475831	1
K3	HPCLAS_TRAIN_P_007095	1	HPCLAS_TRAIN_P_007095	1	3.1439994039923063	2.95298171043396	0.950404223349765	1
K3	HPCLAS_TRAIN_P_007107	1	HPCLAS_TRAIN_P_007107	1	3.1317117905249816	2.907104730606079	0.9481965336913116	1
K3	HPCLAS_TRAIN_P_007132	1	HPCLAS_TRAIN_P_007132	1	2.339900998216149	2.5194225311279297	0.9254922444712279	1
K3	HPCLAS_TRAIN_P_007135	1	HPCLAS_TRAIN_P_007135	1	1.9339659773366311	3.2015011310577393	0.9608907283584056	1
K3	HPCLAS_TRAIN_P_007137	1	HPCLAS_TRAIN_P_007137	1	2.249468433292158	3.593914270401001	0.973244994612835	1
K3	HPCLAS_TRAIN_P_007141	1	HPCLAS_TRAIN_P_007141	1	1.1181680903382043	1.8922457695007324	0.8690113797732164	1
K3	HPCLAS_TRAIN_P_007149	1	HPCLAS_TRAIN_P_007149	1	1.8737900763466584	2.732041120529175	0.9388910507097418	1
K3	HPCLAS_TRAIN_P_007155	1	HPCLAS_TRAIN_P_007155	1	3.0243140890903693	3.367027521133423	0.9666580200765849	1
K3	HPCLAS_TRAIN_P_007172	1	HPCLAS_TRAIN_P_007172	1	3.1395584599702206	3.8633100986480713	0.9794334857752952	1
K3	HPCLAS_TRAIN_P_007181	1	HPCLAS_TRAIN_P_007181	1	2.66428368779696	3.170456647872925	0.9597072465142739	1
K3	HPCLAS_TRAIN_P_007188	1	HPCLAS_TRAIN_N_002265	1	-0.9937032431207928	0.12098988145589828	0.5302106260352875	1
K3	HPCLAS_TRAIN_P_007199	1	HPCLAS_TRAIN_P_007199	1	1.8330586390470007	2.754234552383423	0.9401520564144084	1
K3	HPCLAS_TRAIN_P_007208	1	HPCLAS_TRAIN_P_007208	1	3.371034377231938	4.086666584014893	0.9834822914960691	1
K3	HPCLAS_TRAIN_P_007210	1	HPCLAS_TRAIN_P_007210	1	0.4291221011364143	0.2710168659687042	0.567342527026438	1
K3	HPCLAS_TRAIN_P_007214	1	HPCLAS_TRAIN_P_007214	1	2.9856675113030677	2.81176495552063	0.943308278958896	1
K3	HPCLAS_TRAIN_P_007222	1	HPCLAS_TRAIN_P_007222	1	2.771632084103924	3.6608595848083496	0.9749340526533747	1
K3	HPCLAS_TRAIN_P_007231	1	HPCLAS_TRAIN_P_007231	1	-0.137399058665969	1.1879551410675049	0.7663751433715987	1
K3	HPCLAS_TRAIN_P_007235	1	HPCLAS_TRAIN_P_007235	1	2.675350215996541	2.4534289836883545	0.9208118444242437	1
K3	HPCLAS_TRAIN_P_007246	1	HPCLAS_TRAIN_P_007246	1	2.5127947629650578	2.5451271533966064	0.9272454696361787	1
K3	HPCLAS_TRAIN_P_007247	1	HPCLAS_TRAIN_P_007247	1	2.0232913300669817	2.729468584060669	0.9387432855868746	1
K3	HPCLAS_TRAIN_P_007252	1	HPCLAS_TRAIN_P_007252	1	2.336319615636881	3.394648313522339	0.9675368626070731	1
K3	HPCLAS_TRAIN_P_007253	1	HPCLAS_TRAIN_N_001158	1	-2.0725893027807	-1.4576730728149414	0.18882348068073368	0
K3	HPCLAS_TRAIN_P_007256	1	HPCLAS_TRAIN_P_007256	1	0.2582146450238951	1.8313491344451904	0.8619223686987799	1
K3	HPCLAS_TRAIN_P_007257	1	HPCLAS_TRAIN_P_007257	1	1.976410366010156	2.750014066696167	0.9399141442552503	1
K3	HPCLAS_TRAIN_P_007258	1	HPCLAS_TRAIN_P_007258	1	2.856053023872791	3.3528239727020264	0.9661971888247084	1
K3	HPCLAS_TRAIN_P_007260	1	HPCLAS_TRAIN_P_007260	1	2.27020474759918	3.40376615524292	0.9678220298470783	1
K3	HPCLAS_TRAIN_P_007261	1	HPCLAS_TRAIN_P_007261	1	2.765471105740316	2.713028907775879	0.9377910864529806	1
K3	HPCLAS_TRAIN_P_007263	1	HPCLAS_TRAIN_P_007263	1	0.7720417733737258	0.812019944190979	0.6925397750516369	1
K3	HPCLAS_TRAIN_P_007264	1	HPCLAS_TRAIN_P_007264	1	2.670337001653179	3.0230963230133057	0.9536067023436423	1
K3	HPCLAS_TRAIN_P_007270	1	HPCLAS_TRAIN_P_007270	1	1.811801853150356	2.481463670730591	0.922832094805167	1
K3	HPCLAS_TRAIN_P_007278	1	HPCLAS_TRAIN_P_007278	1	2.4752100086628763	3.5166232585906982	0.971157068447447	1
K3	HPCLAS_TRAIN_P_007282	1	HPCLAS_TRAIN_P_007282	1	0.0024642956806813	2.150914430618286	0.8957541960532134	1
K3	HPCLAS_TRAIN_P_007293	1	HPCLAS_TRAIN_P_007293	1	2.356893971595085	3.7119061946868896	0.9761517262125795	1
K3	HPCLAS_TRAIN_P_007304	1	HPCLAS_TRAIN_P_007304	1	-0.8437399492968233	1.1059033870697021	0.7513645875696059	1
K3	HPCLAS_TRAIN_P_007321	1	HPCLAS_TRAIN_P_007321	1	3.628369897008786	3.603271722793579	0.9734875789313242	1
K3	HPCLAS_TRAIN_P_007325	1	HPCLAS_TRAIN_P_007325	1	2.3591397023796703	2.687112808227539	0.9362619037681525	1
K3	HPCLAS_TRAIN_P_007327	1	HPCLAS_TRAIN_P_007327	1	3.261367675113356	3.5846235752105713	0.9730020059555965	1
K3	HPCLAS_TRAIN_P_007333	1	HPCLAS_TRAIN_P_007333	1	0.8824653883387563	0.9682420492172241	0.7247689622758613	1
K3	HPCLAS_TRAIN_P_007336	1	HPCLAS_TRAIN_P_007336	1	2.217538411376579	2.322650909423828	0.9107356843031966	1
K3	HPCLAS_TRAIN_P_007338	1	HPCLAS_TRAIN_P_007338	1	2.160979365150661	2.1985092163085938	0.9001155581114403	1
K3	HPCLAS_TRAIN_P_007346	1	HPCLAS_TRAIN_P_007346	1	2.539152452865801	3.294820547103882	0.9642506969869243	1
K3	HPCLAS_TRAIN_P_007352	1	HPCLAS_TRAIN_P_007352	1	2.844031665789441	3.8118231296539307	0.9783703480726531	1
K3	HPCLAS_TRAIN_P_007354	1	HPCLAS_TRAIN_P_007354	1	2.948350651962369	3.5198943614959717	0.9712485542862029	1
K3	HPCLAS_TRAIN_P_007356	1	HPCLAS_TRAIN_P_007356	1	1.971009681049772	3.019435167312622	0.9534444600436597	1
K3	HPCLAS_TRAIN_P_007360	1	HPCLAS_TRAIN_P_007360	1	0.5454126947495357	0.5353602766990662	0.6307324412986574	1
K3	HPCLAS_TRAIN_P_007370	1	HPCLAS_TRAIN_P_007370	1	2.7159714792959675	3.4126484394073486	0.9680975003301117	1
K3	HPCLAS_TRAIN_P_007371	1	HPCLAS_TRAIN_P_007371	1	2.4854113207824877	2.364163875579834	0.9140534828403587	1
K3	HPCLAS_TRAIN_P_007381	1	HPCLAS_TRAIN_P_007381	1	2.54639613459411	3.42622447013855	0.9685141382820389	1
K3	HPCLAS_TRAIN_P_007383	1	HPCLAS_TRAIN_P_007383	1	1.2456602744472605	2.134695529937744	0.8942299472700449	1
K3	HPCLAS_TRAIN_P_007389	1	HPCLAS_TRAIN_P_007389	1	1.6474252316900997	2.1244728565216064	0.8932591547985432	1
K3	HPCLAS_TRAIN_P_007394	1	HPCLAS_TRAIN_P_007394	1	0.763530933733007	0.6772212982177734	0.6631182380587692	1
K3	HPCLAS_TRAIN_P_007398	1	HPCLAS_TRAIN_P_007398	1	2.979400033319396	3.6092841625213623	0.9736423160959203	1
K3	HPCLAS_TRAIN_P_007399	1	HPCLAS_TRAIN_P_007399	1	3.043047649810188	3.8590848445892334	0.9793482015962283	1
K3	HPCLAS_TRAIN_P_007407	1	HPCLAS_TRAIN_P_007407	1	2.818684486762897	4.558334827423096	0.9896291862963696	1
K3	HPCLAS_TRAIN_P_007412	1	HPCLAS_TRAIN_P_007412	1	3.516823497408688	2.949582576751709	0.9502437561453032	1
K3	HPCLAS_TRAIN_P_007418	1	HPCLAS_TRAIN_P_007418	1	3.5608508420943563	5.421642780303955	0.995599569584381	1
K3	HPCLAS_TRAIN_P_007426	1	HPCLAS_TRAIN_P_007426	1	1.1979856275903973	0.7676098346710205	0.6830036263267549	1
K3	HPCLAS_TRAIN_P_007432	1	HPCLAS_TRAIN_P_007432	1	2.905939143297938	4.5768280029296875	0.989817278069815	1
K3	HPCLAS_TRAIN_P_007437	1	HPCLAS_TRAIN_P_007437	1	2.340210400265574	2.479179620742798	0.9226692835412176	1
K3	HPCLAS_TRAIN_P_007443	1	HPCLAS_TRAIN_P_007443	1	2.773411613447061	3.2517240047454834	0.9627350129468373	1
K3	HPCLAS_TRAIN_P_007444	1	HPCLAS_TRAIN_P_007444	1	0.2522232256197759	-1.7025279998779297	0.15413538210349645	0
K3	HPCLAS_TRAIN_P_007461	1	HPCLAS_TRAIN_P_007461	1	2.0489111963696947	3.230494976043701	0.9619658670253055	1
