arm	clean_id	label	homology_group	fold	teacher_logit	student_raw_logit	probability_uncalibrated	prediction_at_0_5
G0	HPCLAS_TRAIN_N_000016	0	HPCLAS_TRAIN_N_000016	0	-2.787128456038448	-2.8241026401519775	0.0560355264951331	0
G0	HPCLAS_TRAIN_N_000026	0	HPCLAS_TRAIN_N_000026	0	-2.256240182115824	-2.8861324787139893	0.05284335707290498	0
G0	HPCLAS_TRAIN_N_000028	0	HPCLAS_TRAIN_N_000028	0	-0.9460567940931542	-1.2796796560287476	0.21760475814190028	0
G0	HPCLAS_TRAIN_N_000031	0	HPCLAS_TRAIN_N_000031	0	-2.432187364290284	-2.7173912525177	0.061954904379873964	0
G0	HPCLAS_TRAIN_N_000042	0	HPCLAS_TRAIN_N_000042	0	-2.643034990027592	-3.0160486698150635	0.046706091260222564	0
G0	HPCLAS_TRAIN_N_000049	0	HPCLAS_TRAIN_P_001569	0	-0.352191351945937	1.1979522705078125	0.7681603035185781	1
G0	HPCLAS_TRAIN_N_000054	0	HPCLAS_TRAIN_N_000054	0	-1.6088508023787984	-2.6160659790039062	0.06811157141421871	0
G0	HPCLAS_TRAIN_N_000061	0	HPCLAS_TRAIN_N_000061	0	-2.080119590105397	-3.332340955734253	0.03447821613199191	0
G0	HPCLAS_TRAIN_N_000069	0	HPCLAS_TRAIN_N_000069	0	-0.5243154348252494	1.0176646709442139	0.7345174561287328	1
G0	HPCLAS_TRAIN_N_000079	0	HPCLAS_TRAIN_N_000079	0	-2.1376685370293766	-2.6549360752105713	0.0656854281425374	0
G0	HPCLAS_TRAIN_N_000086	0	HPCLAS_TRAIN_N_000086	0	-1.7833355333194725	-2.409332513809204	0.08246380841497852	0
G0	HPCLAS_TRAIN_N_000088	0	HPCLAS_TRAIN_N_000088	0	1.1076107546810363	1.0989550352096558	0.7500642594697331	1
G0	HPCLAS_TRAIN_N_000101	0	HPCLAS_TRAIN_N_000101	0	-2.877260472000326	-2.443979263305664	0.07987995034885491	0
G0	HPCLAS_TRAIN_N_000102	0	HPCLAS_TRAIN_N_000102	0	-0.3959201263636841	-1.660512924194336	0.15969315498927547	0
G0	HPCLAS_TRAIN_N_000107	0	HPCLAS_TRAIN_N_000107	0	-0.8553091796260845	-2.675307512283325	0.06444622254459892	0
G0	HPCLAS_TRAIN_N_000114	0	HPCLAS_TRAIN_N_000114	0	-1.206003403028	-2.314837694168091	0.08990154211229351	0
G0	HPCLAS_TRAIN_N_000124	0	HPCLAS_TRAIN_N_000124	0	-2.21195246428128	-2.7544894218444824	0.05983360466650927	0
G0	HPCLAS_TRAIN_N_000125	0	HPCLAS_TRAIN_N_000125	0	-0.6969718589438597	-1.6311496496200562	0.16367293161214896	0
G0	HPCLAS_TRAIN_N_000128	0	HPCLAS_TRAIN_N_000128	0	-0.8177668262104771	-0.3432714343070984	0.41501502607784596	0
G0	HPCLAS_TRAIN_N_000136	0	HPCLAS_TRAIN_N_000136	0	-2.596473039930148	-2.8008852005004883	0.057276360072722785	0
G0	HPCLAS_TRAIN_N_000139	0	HPCLAS_TRAIN_N_000139	0	-2.610626259464636	-2.31089186668396	0.09022490962332434	0
G0	HPCLAS_TRAIN_N_000140	0	HPCLAS_TRAIN_N_000140	0	-0.8873293530675617	-1.2241846323013306	0.22720087153719612	0
G0	HPCLAS_TRAIN_N_000143	0	HPCLAS_TRAIN_P_000687	0	-1.4059288808554216	-2.2167818546295166	0.09825356293066793	0
G0	HPCLAS_TRAIN_N_000147	0	HPCLAS_TRAIN_N_000147	0	-1.7214790354070186	-2.659780740737915	0.06538873175002083	0
G0	HPCLAS_TRAIN_N_000150	0	HPCLAS_TRAIN_N_000150	0	-2.181328960743078	-2.7281405925750732	0.061333124181609786	0
G0	HPCLAS_TRAIN_N_000164	0	HPCLAS_TRAIN_N_000164	0	-0.4865709726140184	-4.051897048950195	0.017092133693617204	0
G0	HPCLAS_TRAIN_N_000165	0	HPCLAS_TRAIN_N_000165	0	-2.2488944160057187	-2.4685566425323486	0.07809208453099695	0
G0	HPCLAS_TRAIN_N_000166	0	HPCLAS_TRAIN_N_000166	0	-3.715770722326965	-4.080948829650879	0.01661084993153	0
G0	HPCLAS_TRAIN_N_000171	0	HPCLAS_TRAIN_N_000171	0	0.1272581031668771	-0.26310908794403076	0.43459957968944113	0
G0	HPCLAS_TRAIN_N_000172	0	HPCLAS_TRAIN_N_000172	0	-0.3667790314369834	-1.8217389583587646	0.13922534255505056	0
G0	HPCLAS_TRAIN_N_000173	0	HPCLAS_TRAIN_N_000173	0	-0.0428782819089607	0.06948326528072357	0.5173638309440075	1
G0	HPCLAS_TRAIN_N_000175	0	HPCLAS_TRAIN_N_000175	0	-3.032740587308271	-2.7964117527008057	0.05751838629950779	0
G0	HPCLAS_TRAIN_N_000177	0	HPCLAS_TRAIN_N_000177	0	-2.852522932256487	-2.9240667819976807	0.050976598545724436	0
G0	HPCLAS_TRAIN_N_000196	0	HPCLAS_TRAIN_N_000196	0	-1.8217486045832365	-2.6903092861175537	0.06354761044638627	0
G0	HPCLAS_TRAIN_N_000199	0	HPCLAS_TRAIN_N_000199	0	-1.182047700568235	-2.320457696914673	0.08944277622559094	0
G0	HPCLAS_TRAIN_N_000203	0	HPCLAS_TRAIN_N_000203	0	-2.6311922095755635	-2.71830677986145	0.0619017184738192	0
G0	HPCLAS_TRAIN_N_000205	0	HPCLAS_TRAIN_N_000205	0	-2.4932188823136867	-3.8271868228912354	0.021306906744421362	0
G0	HPCLAS_TRAIN_N_000208	0	HPCLAS_TRAIN_N_000208	0	-1.6627654299336854	-2.728407859802246	0.061317739044499595	0
G0	HPCLAS_TRAIN_N_000212	0	HPCLAS_TRAIN_N_000212	0	-2.059607452312471	-2.7031686305999756	0.06278664112815868	0
G0	HPCLAS_TRAIN_N_000217	0	HPCLAS_TRAIN_N_000217	0	-1.716644991226542	-3.1482722759246826	0.04115940934287214	0
G0	HPCLAS_TRAIN_N_000225	0	HPCLAS_TRAIN_N_000225	0	-3.229357327033105	-3.0730140209198	0.044234226951710476	0
G0	HPCLAS_TRAIN_N_000226	0	HPCLAS_TRAIN_N_000226	0	-3.2881228976760744	-3.4317469596862793	0.03131789117603474	0
G0	HPCLAS_TRAIN_N_000232	0	HPCLAS_TRAIN_N_000232	0	-1.65142247734739	-2.383148431777954	0.08446677202632161	0
G0	HPCLAS_TRAIN_N_000234	0	HPCLAS_TRAIN_N_000234	0	-1.510153429396338	-2.452742338180542	0.07923823844453971	0
G0	HPCLAS_TRAIN_N_000235	0	HPCLAS_TRAIN_N_000235	0	-2.364776056307188	-2.76192569732666	0.05941665449544582	0
G0	HPCLAS_TRAIN_N_000237	0	HPCLAS_TRAIN_N_000237	0	-0.870884064017908	-1.6091707944869995	0.16670376968494854	0
G0	HPCLAS_TRAIN_N_000238	0	HPCLAS_TRAIN_N_000238	0	-1.3671092007892514	-2.2058091163635254	0.09923004011627705	0
G0	HPCLAS_TRAIN_N_000247	0	HPCLAS_TRAIN_N_000247	0	-2.9175316930098893	-3.469757318496704	0.03018508492105832	0
G0	HPCLAS_TRAIN_N_000254	0	HPCLAS_TRAIN_N_000254	0	-1.9180171626739733	-2.598933219909668	0.06920710806028937	0
G0	HPCLAS_TRAIN_N_000256	0	HPCLAS_TRAIN_N_000256	0	1.1505794097764874	-1.5437644720077515	0.17598869753013768	0
G0	HPCLAS_TRAIN_N_000261	0	HPCLAS_TRAIN_N_000261	0	-2.233030321203493	-2.6957294940948486	0.06322581963697897	0
G0	HPCLAS_TRAIN_N_000262	0	HPCLAS_TRAIN_N_000262	0	-2.6451174749447577	-2.130958318710327	0.1061240495790545	0
G0	HPCLAS_TRAIN_N_000273	0	HPCLAS_TRAIN_N_000273	0	1.6922461121970471	2.202364206314087	0.9004616165766711	1
G0	HPCLAS_TRAIN_N_000274	0	HPCLAS_TRAIN_N_000274	0	-2.3661272553887294	-3.620875120162964	0.026061853077302695	0
G0	HPCLAS_TRAIN_N_000276	0	HPCLAS_TRAIN_N_000276	0	-0.657718004312936	-1.970727801322937	0.12231073527567293	0
G0	HPCLAS_TRAIN_N_000279	0	HPCLAS_TRAIN_N_000279	0	-1.4671752501639177	-2.808195114135742	0.05688293059067654	0
G0	HPCLAS_TRAIN_N_000289	0	HPCLAS_TRAIN_N_000289	0	-2.209681516890505	-2.793179750442505	0.05769384398111118	0
G0	HPCLAS_TRAIN_N_000292	0	HPCLAS_TRAIN_N_000292	0	-2.1349637940892983	-2.555908441543579	0.07203055239713688	0
G0	HPCLAS_TRAIN_N_000300	0	HPCLAS_TRAIN_N_000300	0	-2.168043409354892	-2.6367688179016113	0.06680920424172329	0
G0	HPCLAS_TRAIN_N_000309	0	HPCLAS_TRAIN_N_000309	0	-1.4012486931540655	-1.469061017036438	0.18708537670759703	0
G0	HPCLAS_TRAIN_N_000319	0	HPCLAS_TRAIN_P_006923	0	-0.1388749740596385	-2.5112974643707275	0.07506997104704012	0
G0	HPCLAS_TRAIN_N_000322	0	HPCLAS_TRAIN_N_000322	0	-1.2735890412416804	-1.775004506111145	0.14492107309434218	0
G0	HPCLAS_TRAIN_N_000328	0	HPCLAS_TRAIN_N_000328	0	-1.3316636345339163	-3.058777332305908	0.04484004005425112	0
G0	HPCLAS_TRAIN_N_000336	0	HPCLAS_TRAIN_N_000336	0	1.22269770371594	-0.39388251304626465	0.4027830151553854	0
G0	HPCLAS_TRAIN_N_000342	0	HPCLAS_TRAIN_N_000342	0	-2.8915353344684367	-3.3930246829986572	0.03251417319250439	0
G0	HPCLAS_TRAIN_N_000351	0	HPCLAS_TRAIN_N_000351	0	-1.8773599325328831	-2.523106336593628	0.07425413157491048	0
G0	HPCLAS_TRAIN_N_000355	0	HPCLAS_TRAIN_N_000355	0	-2.4952329823007844	-2.9500467777252197	0.04973430075927223	0
G0	HPCLAS_TRAIN_N_000363	0	HPCLAS_TRAIN_N_000363	0	-1.4164934581768542	-2.1571333408355713	0.10366651829730517	0
G0	HPCLAS_TRAIN_N_000366	0	HPCLAS_TRAIN_N_000366	0	-2.6163134918080844	-2.4838407039642334	0.07699879952592446	0
G0	HPCLAS_TRAIN_N_000368	0	HPCLAS_TRAIN_N_000368	0	-2.0929248635383386	-2.345524549484253	0.08742216311213034	0
G0	HPCLAS_TRAIN_N_000374	0	HPCLAS_TRAIN_N_000374	0	-2.1811396651025903	-2.211866617202759	0.09868991275750844	0
G0	HPCLAS_TRAIN_N_000377	0	HPCLAS_TRAIN_N_000377	0	-1.6801839411138269	-0.7505694627761841	0.3206972303994959	0
G0	HPCLAS_TRAIN_N_000381	0	HPCLAS_TRAIN_N_000381	0	-1.324190702423499	-1.305970311164856	0.2131619381223894	0
G0	HPCLAS_TRAIN_N_000384	0	HPCLAS_TRAIN_N_000384	0	0.0113440776460677	1.9760252237319946	0.8782568104989501	1
G0	HPCLAS_TRAIN_N_000391	0	HPCLAS_TRAIN_N_000391	0	-0.4497925994317741	-1.241329312324524	0.22420468444250705	0
G0	HPCLAS_TRAIN_N_000395	0	HPCLAS_TRAIN_N_000395	0	2.706330304390435	2.470054864883423	0.922015709897456	1
G0	HPCLAS_TRAIN_N_000400	0	HPCLAS_TRAIN_N_000400	0	-0.4166279364766337	-1.989310622215271	0.12032981438848384	0
G0	HPCLAS_TRAIN_N_000401	0	HPCLAS_TRAIN_N_000401	0	-1.4252356355937787	-2.047778844833374	0.11427700911975539	0
G0	HPCLAS_TRAIN_N_000407	0	HPCLAS_TRAIN_N_000407	0	-2.0498003751574685	-2.3695266246795654	0.08552615553329869	0
G0	HPCLAS_TRAIN_N_000408	0	HPCLAS_TRAIN_N_000408	0	-3.337061962042346	-3.46423077583313	0.030347289373435015	0
G0	HPCLAS_TRAIN_N_000415	0	HPCLAS_TRAIN_N_000415	0	-1.9358334787660123	-3.831338882446289	0.021220496039225992	0
G0	HPCLAS_TRAIN_N_000416	0	HPCLAS_TRAIN_N_000416	0	0.4669503582659595	0.26329681277275085	0.5654465480118318	1
G0	HPCLAS_TRAIN_N_000417	0	HPCLAS_TRAIN_P_001196	0	-0.6399266364518262	-1.8642300367355347	0.13421076815963826	0
G0	HPCLAS_TRAIN_N_000430	0	HPCLAS_TRAIN_N_000430	0	-2.8211845433359617	-2.649345636367798	0.06602935229636794	0
G0	HPCLAS_TRAIN_N_000433	0	HPCLAS_TRAIN_N_000433	0	-3.107713112261043	-3.94648814201355	0.01895616113397941	0
G0	HPCLAS_TRAIN_N_000434	0	HPCLAS_TRAIN_P_004166	0	-1.057327900625508	-1.5089753866195679	0.18109069044420517	0
G0	HPCLAS_TRAIN_N_000454	0	HPCLAS_TRAIN_N_000454	0	-3.375697126723764	-3.097508668899536	0.04321013696067808	0
G0	HPCLAS_TRAIN_N_000461	0	HPCLAS_TRAIN_N_000461	0	-2.493659503369609	-2.6277530193328857	0.06737350089793358	0
G0	HPCLAS_TRAIN_N_000465	0	HPCLAS_TRAIN_N_000465	0	-1.597138071576007	-1.302512764930725	0.21374242647643124	0
G0	HPCLAS_TRAIN_N_000479	0	HPCLAS_TRAIN_N_000479	0	0.2013633856590028	0.28919053077697754	0.5717979499244507	1
G0	HPCLAS_TRAIN_N_000484	0	HPCLAS_TRAIN_N_000484	0	-2.238670907315202	-2.455364465713501	0.0790471401723762	0
G0	HPCLAS_TRAIN_N_000486	0	HPCLAS_TRAIN_N_000486	0	-2.7584495756706016	-2.981473684310913	0.0482698827215805	0
G0	HPCLAS_TRAIN_N_000498	0	HPCLAS_TRAIN_N_000498	0	0.7786688725894415	-2.619422435760498	0.06789883767957236	0
G0	HPCLAS_TRAIN_N_000517	0	HPCLAS_TRAIN_N_000517	0	-0.8292372938142386	-1.4865247011184692	0.18444392384614092	0
G0	HPCLAS_TRAIN_N_000526	0	HPCLAS_TRAIN_N_000526	0	-0.8868474460587508	-1.8365899324417114	0.13745509463573968	0
G0	HPCLAS_TRAIN_N_000531	0	HPCLAS_TRAIN_N_000531	0	-1.4894489207577248	-1.83965003490448	0.13709268758743723	0
G0	HPCLAS_TRAIN_N_000537	0	HPCLAS_TRAIN_N_000537	0	-3.107504944737067	-3.3926708698272705	0.03252530493515378	0
G0	HPCLAS_TRAIN_N_000539	0	HPCLAS_TRAIN_N_000539	0	-2.428179555963534	-3.21523380279541	0.03859645526396177	0
G0	HPCLAS_TRAIN_N_000548	0	HPCLAS_TRAIN_N_000548	0	-1.639939637690517	-1.5855783224105835	0.17000690573316518	0
G0	HPCLAS_TRAIN_N_000549	0	HPCLAS_TRAIN_N_000549	0	-2.62871508902128	-3.067584753036499	0.04446433197481522	0
G0	HPCLAS_TRAIN_N_000550	0	HPCLAS_TRAIN_P_000348	0	-0.8147553327274746	-2.435671329498291	0.08049271158529242	0
G0	HPCLAS_TRAIN_N_000551	0	HPCLAS_TRAIN_N_000551	0	-2.600855799968033	-2.001070737838745	0.11909054724713536	0
G0	HPCLAS_TRAIN_N_000560	0	HPCLAS_TRAIN_N_000560	0	-1.3858375913628078	-2.9438717365264893	0.050026950904140936	0
G0	HPCLAS_TRAIN_N_000564	0	HPCLAS_TRAIN_N_000564	0	-0.6060783465328783	-1.9762438535690308	0.12171981514166287	0
G0	HPCLAS_TRAIN_N_000569	0	HPCLAS_TRAIN_N_000569	0	-2.699930023122993	-3.901262044906616	0.01981577803240252	0
G0	HPCLAS_TRAIN_N_000572	0	HPCLAS_TRAIN_N_000572	0	-0.9653803436235914	-1.2153314352035522	0.22875907461791195	0
G0	HPCLAS_TRAIN_N_000574	0	HPCLAS_TRAIN_N_000574	0	-2.7146938926219675	-3.1532466411590576	0.04096354192472487	0
G0	HPCLAS_TRAIN_N_000579	0	HPCLAS_TRAIN_N_000579	0	-0.2438923790973463	-1.2717427015304565	0.21895907628210626	0
G0	HPCLAS_TRAIN_N_000580	0	HPCLAS_TRAIN_N_000580	0	-2.8884320229016143	-3.1238768100738525	0.042133034132246124	0
G0	HPCLAS_TRAIN_N_000585	0	HPCLAS_TRAIN_N_000585	0	1.9255581443530356	1.1805914640426636	0.7650541339068995	1
G0	HPCLAS_TRAIN_N_000592	0	HPCLAS_TRAIN_N_000592	0	-2.782313357859428	-3.2023842334747314	0.03907609838957422	0
G0	HPCLAS_TRAIN_N_000606	0	HPCLAS_TRAIN_N_000606	0	-2.352338061449048	-2.778515100479126	0.05849628199808857	0
G0	HPCLAS_TRAIN_N_000610	0	HPCLAS_TRAIN_N_000610	0	-1.2629639858056214	-1.301967740058899	0.21383403579456686	0
G0	HPCLAS_TRAIN_N_000613	0	HPCLAS_TRAIN_N_000613	0	-1.8893421694239887	-2.28363299369812	0.09248757102452415	0
G0	HPCLAS_TRAIN_N_000618	0	HPCLAS_TRAIN_N_000618	0	0.4996544017160525	-0.1926262527704239	0.4519917899669912	0
G0	HPCLAS_TRAIN_N_000620	0	HPCLAS_TRAIN_N_000620	0	-2.647682812926643	-3.2275171279907227	0.03814323510988258	0
G0	HPCLAS_TRAIN_N_000621	0	HPCLAS_TRAIN_N_000621	0	-1.5967317295609778	-2.4260666370391846	0.08120646016323183	0
G0	HPCLAS_TRAIN_N_000625	0	HPCLAS_TRAIN_N_000625	0	-2.1688188856250346	-2.9028632640838623	0.05201220307881761	0
G0	HPCLAS_TRAIN_N_000631	0	HPCLAS_TRAIN_N_000631	0	-2.737248490217198	-3.263338804244995	0.03685052315778147	0
G0	HPCLAS_TRAIN_N_000642	0	HPCLAS_TRAIN_N_000642	0	-2.5716571365073424	-3.7414333820343018	0.023170473362975466	0
G0	HPCLAS_TRAIN_N_000648	0	HPCLAS_TRAIN_N_000648	0	0.4727822992445202	-0.8270242214202881	0.3042746503134348	0
G0	HPCLAS_TRAIN_N_000651	0	HPCLAS_TRAIN_N_000651	0	-2.879234829112163	-3.0500471591949463	0.04521543752993518	0
G0	HPCLAS_TRAIN_N_000653	0	HPCLAS_TRAIN_N_000653	0	-1.222544054147719	-1.419263482093811	0.19477707232992716	0
G0	HPCLAS_TRAIN_N_000654	0	HPCLAS_TRAIN_N_000654	0	-2.538595273346739	-3.236773729324341	0.03780507400632222	0
G0	HPCLAS_TRAIN_N_000663	0	HPCLAS_TRAIN_N_000663	0	-0.9975655839679928	0.9392185807228088	0.7189417873430151	1
G0	HPCLAS_TRAIN_N_000667	0	HPCLAS_TRAIN_N_000667	0	-1.746723599315077	-2.107107400894165	0.108407936296504	0
G0	HPCLAS_TRAIN_N_000672	0	HPCLAS_TRAIN_N_000672	0	-1.5759608431403662	-1.4327548742294312	0.1926698057973031	0
G0	HPCLAS_TRAIN_N_000692	0	HPCLAS_TRAIN_N_000692	0	-0.64202983761389	-1.0087436437606812	0.26722579366896176	0
G0	HPCLAS_TRAIN_N_000702	0	HPCLAS_TRAIN_N_000702	0	1.5228208417031035	0.8103935718536377	0.6921933657363535	1
G0	HPCLAS_TRAIN_N_000708	0	HPCLAS_TRAIN_N_000708	0	-1.3797247044998957	0.10297766327857971	0.5257216895807489	1
G0	HPCLAS_TRAIN_N_000709	0	HPCLAS_TRAIN_N_000709	0	-2.528848924997941	-2.790611982345581	0.05783360002217021	0
G0	HPCLAS_TRAIN_N_000710	0	HPCLAS_TRAIN_N_000710	0	-2.3499611158007565	-2.5218451023101807	0.07434087596129618	0
G0	HPCLAS_TRAIN_N_000713	0	HPCLAS_TRAIN_N_000713	0	-1.5877378000736817	-1.9320346117019653	0.12652555035846727	0
G0	HPCLAS_TRAIN_N_000718	0	HPCLAS_TRAIN_N_000718	0	-2.610207372089025	-3.4978160858154297	0.029374433630010806	0
G0	HPCLAS_TRAIN_N_000724	0	HPCLAS_TRAIN_N_000724	0	-2.1455484584446007	-3.1732263565063477	0.040185787200822914	0
G0	HPCLAS_TRAIN_N_000726	0	HPCLAS_TRAIN_N_000726	0	-1.947186980892489	-2.7724249362945557	0.05883259780100441	0
G0	HPCLAS_TRAIN_N_000732	0	HPCLAS_TRAIN_N_000732	0	-1.738533429618367	-2.6403443813323975	0.0665866280990629	0
G0	HPCLAS_TRAIN_N_000736	0	HPCLAS_TRAIN_P_006659	0	1.7216961877096475	1.961579442024231	0.8767037826571638	1
G0	HPCLAS_TRAIN_N_000738	0	HPCLAS_TRAIN_N_000738	0	-2.667546906305094	-2.8582184314727783	0.05425804752316615	0
G0	HPCLAS_TRAIN_N_000749	0	HPCLAS_TRAIN_N_000749	0	0.2861446348840434	-2.4867794513702393	0.0767902022497119	0
G0	HPCLAS_TRAIN_N_000761	0	HPCLAS_TRAIN_N_000761	0	-2.979673397240543	-3.646042585372925	0.025430599348465595	0
G0	HPCLAS_TRAIN_N_000764	0	HPCLAS_TRAIN_N_000764	0	-0.002350450644184	-2.8378617763519287	0.05531215961712128	0
G0	HPCLAS_TRAIN_N_000777	0	HPCLAS_TRAIN_N_000777	0	-2.4624740780239587	-2.5255441665649414	0.07408672786276112	0
G0	HPCLAS_TRAIN_N_000780	0	HPCLAS_TRAIN_N_000780	0	-2.8761674787981057	-2.77199125289917	0.058856616019429514	0
G0	HPCLAS_TRAIN_N_000799	0	HPCLAS_TRAIN_N_000799	0	-2.767838057090481	-3.0123183727264404	0.04687246249414279	0
G0	HPCLAS_TRAIN_N_000810	0	HPCLAS_TRAIN_N_000810	0	-2.900696274351493	-2.953970432281494	0.04954919297069072	0
G0	HPCLAS_TRAIN_N_000819	0	HPCLAS_TRAIN_N_000819	0	-1.952755876514216	-3.035200834274292	0.04586071322029291	0
G0	HPCLAS_TRAIN_N_000822	0	HPCLAS_TRAIN_N_000822	0	-1.6810561014051535	-2.1467435359954834	0.10463591969406075	0
G0	HPCLAS_TRAIN_N_000836	0	HPCLAS_TRAIN_N_000836	0	-2.524682349123672	-3.3614633083343506	0.033521782537126024	0
G0	HPCLAS_TRAIN_N_000842	0	HPCLAS_TRAIN_N_000842	0	-2.5645219649966675	-2.541844367980957	0.07297630221215612	0
G0	HPCLAS_TRAIN_N_000843	0	HPCLAS_TRAIN_N_000843	0	-2.13337237204538	-2.4235782623291016	0.08139231629252061	0
G0	HPCLAS_TRAIN_N_000848	0	HPCLAS_TRAIN_N_000848	0	0.2379494992465072	-0.8989745378494263	0.28926127573936583	0
G0	HPCLAS_TRAIN_N_000849	0	HPCLAS_TRAIN_N_000849	0	2.267940820275573	0.9330750703811646	0.7176987339503966	1
G0	HPCLAS_TRAIN_N_000852	0	HPCLAS_TRAIN_N_000852	0	-0.9335381154640152	-1.7317516803741455	0.15036365773728175	0
G0	HPCLAS_TRAIN_N_000863	0	HPCLAS_TRAIN_N_000863	0	-2.175103492281785	-3.2323079109191895	0.037967857676228324	0
G0	HPCLAS_TRAIN_N_000871	0	HPCLAS_TRAIN_N_000871	0	-2.6084122876935	-2.7214815616607666	0.061717615443150686	0
G0	HPCLAS_TRAIN_N_000878	0	HPCLAS_TRAIN_N_000878	0	0.7712507733524931	1.1937119960784912	0.7674042943214838	1
G0	HPCLAS_TRAIN_N_000888	0	HPCLAS_TRAIN_N_000888	0	-1.912217068003236	-2.2489547729492188	0.09543966217686459	0
G0	HPCLAS_TRAIN_N_000889	0	HPCLAS_TRAIN_N_000889	0	-2.4011984125859858	-2.530235528945923	0.07376555266101831	0
G0	HPCLAS_TRAIN_N_000897	0	HPCLAS_TRAIN_N_000897	0	-2.455864890584698	-2.492628812789917	0.07637654592700582	0
G0	HPCLAS_TRAIN_N_000904	0	HPCLAS_TRAIN_N_000904	0	-2.867690718694956	-2.7757456302642822	0.05864899572427578	0
G0	HPCLAS_TRAIN_N_000905	0	HPCLAS_TRAIN_N_000905	0	-2.871221812339915	-2.3861520290374756	0.08423478714665848	0
G0	HPCLAS_TRAIN_N_000910	0	HPCLAS_TRAIN_N_000910	0	-1.6679342179191428	-2.675652503967285	0.06442542511837947	0
G0	HPCLAS_TRAIN_N_000913	0	HPCLAS_TRAIN_N_000913	0	-1.8941531752387928	-2.7014963626861572	0.06288511683837382	0
G0	HPCLAS_TRAIN_N_000916	0	HPCLAS_TRAIN_N_000916	0	-2.468338213310017	-3.041452646255493	0.04558792489356391	0
G0	HPCLAS_TRAIN_N_000917	0	HPCLAS_TRAIN_N_000917	0	-1.951932019560902	-2.9842112064361572	0.048144276631362413	0
G0	HPCLAS_TRAIN_N_000918	0	HPCLAS_TRAIN_N_000918	0	-1.0300866526489287	-1.6738654375076294	0.15790949588195477	0
G0	HPCLAS_TRAIN_N_000921	0	HPCLAS_TRAIN_N_000921	0	0.5112859570643232	-0.483290433883667	0.381475438805854	0
G0	HPCLAS_TRAIN_N_000922	0	HPCLAS_TRAIN_N_000922	0	-1.3734815757186196	-0.7722170352935791	0.3159997122566542	0
G0	HPCLAS_TRAIN_N_000925	0	HPCLAS_TRAIN_N_000925	0	-1.8331692128283907	-2.394233465194702	0.08361348187198414	0
G0	HPCLAS_TRAIN_N_000926	0	HPCLAS_TRAIN_N_000926	0	-1.9913651035276376	-2.7787039279937744	0.05848588329031706	0
G0	HPCLAS_TRAIN_N_000930	0	HPCLAS_TRAIN_N_000930	0	-2.729085462635928	-3.531092405319214	0.0284403873036694	0
G0	HPCLAS_TRAIN_N_000931	0	HPCLAS_TRAIN_N_000931	0	0.1454772604849192	-2.5179247856140137	0.07461110043271152	0
G0	HPCLAS_TRAIN_N_000933	0	HPCLAS_TRAIN_N_000933	0	-1.7113813508652096	-2.1626718044281006	0.10315301402188837	0
G0	HPCLAS_TRAIN_N_000945	0	HPCLAS_TRAIN_N_000945	0	-2.106775822470946	-2.9584109783172607	0.04934048738863476	0
G0	HPCLAS_TRAIN_N_000946	0	HPCLAS_TRAIN_N_000946	0	-0.3514017349986987	0.8366224765777588	0.6977533940598228	1
G0	HPCLAS_TRAIN_N_000952	0	HPCLAS_TRAIN_N_000952	0	0.5702997182914156	-1.4837638139724731	0.18485959040663574	0
G0	HPCLAS_TRAIN_N_000957	0	HPCLAS_TRAIN_N_000957	0	-2.1195591088989483	-2.594566822052002	0.06948891005106365	0
G0	HPCLAS_TRAIN_N_000958	0	HPCLAS_TRAIN_N_000958	0	-2.2607635324772035	-2.071894407272339	0.11185869771771528	0
G0	HPCLAS_TRAIN_N_000965	0	HPCLAS_TRAIN_N_000965	0	-0.2827041453450294	-1.8729990720748901	0.1331950861345268	0
G0	HPCLAS_TRAIN_N_000967	0	HPCLAS_TRAIN_N_000967	0	-2.435765542503891	-2.9399516582489014	0.050213578663399074	0
G0	HPCLAS_TRAIN_N_000969	0	HPCLAS_TRAIN_N_000969	0	-2.822044179321081	-2.349822759628296	0.08707986147971099	0
G0	HPCLAS_TRAIN_N_000994	0	HPCLAS_TRAIN_N_000994	0	0.980673404803304	-0.3238062858581543	0.4197484079320277	0
G0	HPCLAS_TRAIN_N_000995	0	HPCLAS_TRAIN_N_000995	0	0.6893738942955586	0.8546404838562012	0.701539682948511	1
G0	HPCLAS_TRAIN_N_001000	0	HPCLAS_TRAIN_N_001000	0	-2.489903914051688	-3.0446994304656982	0.04544686663517126	0
G0	HPCLAS_TRAIN_N_001004	0	HPCLAS_TRAIN_N_001004	0	-0.6354066404084947	-2.1296987533569336	0.10624359342607194	0
G0	HPCLAS_TRAIN_N_001012	0	HPCLAS_TRAIN_N_001012	0	-0.7987125883581614	-1.0893644094467163	0.25173798313205237	0
G0	HPCLAS_TRAIN_N_001019	0	HPCLAS_TRAIN_N_001019	0	-3.1073770991369614	-3.1037299633026123	0.04295365954633491	0
G0	HPCLAS_TRAIN_N_001022	0	HPCLAS_TRAIN_N_001022	0	-1.906806216929258	-1.963464379310608	0.12309261107503336	0
G0	HPCLAS_TRAIN_N_001023	0	HPCLAS_TRAIN_N_001023	0	-3.08401892581408	-3.017444610595703	0.04664397682458112	0
G0	HPCLAS_TRAIN_N_001025	0	HPCLAS_TRAIN_N_001025	0	-2.812807070114679	-2.513098955154419	0.07494498120284482	0
G0	HPCLAS_TRAIN_N_001026	0	HPCLAS_TRAIN_N_001026	0	-2.455892638087168	-3.301107168197632	0.035533226417975634	0
G0	HPCLAS_TRAIN_N_001029	0	HPCLAS_TRAIN_N_001029	0	-2.5409401377754333	-3.2722880840301514	0.03653420349928761	0
G0	HPCLAS_TRAIN_N_001031	0	HPCLAS_TRAIN_N_001031	0	-1.737798693798014	-2.8357737064361572	0.05542136832430543	0
G0	HPCLAS_TRAIN_N_001037	0	HPCLAS_TRAIN_N_001037	0	-2.3596652204484863	-3.1084043979644775	0.042761909891587714	0
G0	HPCLAS_TRAIN_N_001040	0	HPCLAS_TRAIN_N_001040	0	-1.59501234553013	-2.1176631450653076	0.10739187330004388	0
G0	HPCLAS_TRAIN_N_001046	0	HPCLAS_TRAIN_N_001046	0	-2.1322920895850928	-2.311957597732544	0.0901374679508885	0
G0	HPCLAS_TRAIN_N_001058	0	HPCLAS_TRAIN_N_001058	0	-2.412372098405613	-3.1214230060577393	0.042232175703341014	0
G0	HPCLAS_TRAIN_N_001065	0	HPCLAS_TRAIN_N_001065	0	-0.0616706490569104	-1.1604018211364746	0.23859427982943834	0
G0	HPCLAS_TRAIN_N_001066	0	HPCLAS_TRAIN_N_001066	0	-3.022495267380941	-4.001967906951904	0.01795148435021864	0
G0	HPCLAS_TRAIN_N_001076	0	HPCLAS_TRAIN_N_001076	0	-1.936689392821823	-2.7291486263275146	0.06127511595102969	0
G0	HPCLAS_TRAIN_N_001079	0	HPCLAS_TRAIN_N_001079	0	-2.645158041123632	-3.4883177280426025	0.029646460744463008	0
G0	HPCLAS_TRAIN_N_001093	0	HPCLAS_TRAIN_N_001093	0	-1.8289729941796569	-2.7250003814697266	0.061514159672319414	0
G0	HPCLAS_TRAIN_N_001095	0	HPCLAS_TRAIN_N_001095	0	-1.9139622019900675	-2.6458678245544434	0.06624415110428188	0
G0	HPCLAS_TRAIN_N_001102	0	HPCLAS_TRAIN_N_001102	0	-3.0871110069197774	-3.156755208969116	0.04082592775533321	0
G0	HPCLAS_TRAIN_N_001105	0	HPCLAS_TRAIN_N_001105	0	-1.3950554991934532	-2.5102803707122803	0.07514062293586343	0
G0	HPCLAS_TRAIN_N_001106	0	HPCLAS_TRAIN_N_001106	0	-1.64304630574453	-1.28335702419281	0.216979325645422	0
G0	HPCLAS_TRAIN_N_001113	0	HPCLAS_TRAIN_N_001113	0	0.0756051463796158	1.7871510982513428	0.8565776375546412	1
G0	HPCLAS_TRAIN_N_001120	0	HPCLAS_TRAIN_N_001120	0	-2.5408149098729376	-2.6900219917297363	0.06356470928155787	0
G0	HPCLAS_TRAIN_N_001122	0	HPCLAS_TRAIN_N_001122	0	-2.59091408107414	-2.8961074352264404	0.05234632223560001	0
G0	HPCLAS_TRAIN_N_001134	0	HPCLAS_TRAIN_N_001134	0	-1.4115607651329436	-3.002126932144165	0.04732987792850277	0
G0	HPCLAS_TRAIN_N_001136	0	HPCLAS_TRAIN_N_001136	0	-2.024769834000441	-2.1072046756744385	0.10839853449698006	0
G0	HPCLAS_TRAIN_N_001140	0	HPCLAS_TRAIN_N_001140	0	0.154958349315862	1.9760069847106934	0.8782548603367759	1
G0	HPCLAS_TRAIN_N_001141	0	HPCLAS_TRAIN_N_001141	0	-3.184705085678813	-3.597834825515747	0.026653106558030888	0
G0	HPCLAS_TRAIN_N_001142	0	HPCLAS_TRAIN_P_004373	0	-0.4746727775668675	-2.2044248580932617	0.09935383854106646	0
G0	HPCLAS_TRAIN_N_001149	0	HPCLAS_TRAIN_N_001149	0	-1.3098968594543603	-2.649686098098755	0.0660083593014307	0
G0	HPCLAS_TRAIN_N_001153	0	HPCLAS_TRAIN_N_001153	0	-2.7807466855629928	-2.492652654647827	0.07637486406377704	0
G0	HPCLAS_TRAIN_N_001157	0	HPCLAS_TRAIN_N_001157	0	-0.594890075077326	0.6343551874160767	0.6534763307574261	1
G0	HPCLAS_TRAIN_N_001164	0	HPCLAS_TRAIN_N_001164	0	-1.3878924199514135	-1.2552937269210815	0.2217851147005156	0
G0	HPCLAS_TRAIN_N_001173	0	HPCLAS_TRAIN_N_001173	0	-2.6654934445272223	-3.261154890060425	0.03692811431856836	0
G0	HPCLAS_TRAIN_N_001176	0	HPCLAS_TRAIN_N_001176	0	-0.225442069771149	-1.313557505607605	0.21189215359964467	0
G0	HPCLAS_TRAIN_N_001178	0	HPCLAS_TRAIN_N_001178	0	-2.5860810917723924	-2.991705894470215	0.047801982806543214	0
G0	HPCLAS_TRAIN_N_001180	0	HPCLAS_TRAIN_N_001180	0	-0.8403568135374759	-1.070543646812439	0.25529971132978335	0
G0	HPCLAS_TRAIN_N_001182	0	HPCLAS_TRAIN_N_001182	0	-2.343716764687717	-3.2863447666168213	0.03604262654210453	0
G0	HPCLAS_TRAIN_N_001183	0	HPCLAS_TRAIN_N_001183	0	-2.2166741354645607	-2.992619752883911	0.04776040394100367	0
G0	HPCLAS_TRAIN_N_001190	0	HPCLAS_TRAIN_N_001190	0	-2.2580480016379743	-2.7039921283721924	0.06273820027452706	0
G0	HPCLAS_TRAIN_N_001194	0	HPCLAS_TRAIN_N_001194	0	-3.3473320517887024	-3.1784732341766357	0.03998389799970499	0
G0	HPCLAS_TRAIN_N_001195	0	HPCLAS_TRAIN_N_001195	0	-2.7487364298553807	-3.241950750350952	0.037617205414235744	0
G0	HPCLAS_TRAIN_N_001202	0	HPCLAS_TRAIN_N_001202	0	-2.1095602411462417	-3.599728584289551	0.02660402132222641	0
G0	HPCLAS_TRAIN_N_001204	0	HPCLAS_TRAIN_N_001204	0	-0.1755000447937657	-1.3744791746139526	0.20189713226269873	0
G0	HPCLAS_TRAIN_N_001205	0	HPCLAS_TRAIN_N_001205	0	-2.398723890000085	-1.9292484521865845	0.1268337884318336	0
G0	HPCLAS_TRAIN_N_001210	0	HPCLAS_TRAIN_N_001210	0	-2.449523032684456	-2.710042715072632	0.06238335285735179	0
G0	HPCLAS_TRAIN_N_001212	0	HPCLAS_TRAIN_N_001212	0	-0.4178394331661232	-3.1473608016967773	0.04119539600588964	0
G0	HPCLAS_TRAIN_N_001217	0	HPCLAS_TRAIN_N_001217	0	-3.3743167551998954	-2.9075357913970947	0.051782296750169675	0
G0	HPCLAS_TRAIN_N_001228	0	HPCLAS_TRAIN_N_001228	0	1.4862966994209037	1.7783164978027344	0.8554888629901325	1
G0	HPCLAS_TRAIN_N_001234	0	HPCLAS_TRAIN_N_001234	0	-2.8159508836094616	-2.9784529209136963	0.048408845812594775	0
G0	HPCLAS_TRAIN_N_001238	0	HPCLAS_TRAIN_N_001238	0	1.2045159058955566	-1.0846081972122192	0.25263494910251266	0
G0	HPCLAS_TRAIN_N_001242	0	HPCLAS_TRAIN_N_001242	0	-1.1195762644726768	-1.3343626260757446	0.20843865131339429	0
G0	HPCLAS_TRAIN_N_001244	0	HPCLAS_TRAIN_N_001244	0	0.4948196186667933	1.0659186840057373	0.7438199878676837	1
G0	HPCLAS_TRAIN_N_001250	0	HPCLAS_TRAIN_N_001250	0	-1.5903341809277234	-2.741431951522827	0.060572369176023884	0
G0	HPCLAS_TRAIN_N_001262	0	HPCLAS_TRAIN_N_001262	0	-0.6865122342654816	-2.7282822132110596	0.0613249713937838	0
G0	HPCLAS_TRAIN_N_001274	0	HPCLAS_TRAIN_N_001274	0	-2.940201320582324	-2.360811233520508	0.0862102656402823	0
G0	HPCLAS_TRAIN_N_001276	0	HPCLAS_TRAIN_N_001276	0	-1.195610810857903	1.4739818572998047	0.8136618544244757	1
G0	HPCLAS_TRAIN_N_001279	0	HPCLAS_TRAIN_N_001279	0	-2.943227767317272	-3.1076877117156982	0.042791255860873845	0
G0	HPCLAS_TRAIN_N_001281	0	HPCLAS_TRAIN_N_001281	0	-2.055032529626088	-3.169837474822998	0.040316703257898774	0
G0	HPCLAS_TRAIN_N_001284	0	HPCLAS_TRAIN_N_001284	0	-2.32384920559864	-2.2699766159057617	0.09364019686695106	0
G0	HPCLAS_TRAIN_N_001296	0	HPCLAS_TRAIN_N_001296	0	-2.0507895433330128	-2.494199275970459	0.07626583415484244	0
G0	HPCLAS_TRAIN_N_001302	0	HPCLAS_TRAIN_N_001302	0	-2.960625617850968	-3.1272671222686768	0.04199642064742604	0
G0	HPCLAS_TRAIN_N_001306	0	HPCLAS_TRAIN_N_001306	0	-2.312747052274543	-2.5119946002960205	0.07502158012020214	0
G0	HPCLAS_TRAIN_N_001316	0	HPCLAS_TRAIN_N_001316	0	-1.7861192503596377	-1.917742133140564	0.1281135594223563	0
G0	HPCLAS_TRAIN_N_001325	0	HPCLAS_TRAIN_N_001325	0	-1.5338540246177697	-2.253861665725708	0.09501688566144874	0
G0	HPCLAS_TRAIN_N_001326	0	HPCLAS_TRAIN_N_001326	0	-2.750359836473516	-2.968475103378296	0.048870554843932636	0
G0	HPCLAS_TRAIN_N_001331	0	HPCLAS_TRAIN_N_001331	0	0.3895905741868868	0.054353296756744385	0.513584979866674	1
G0	HPCLAS_TRAIN_N_001339	0	HPCLAS_TRAIN_N_001339	0	-2.331356461545859	-3.002659559249878	0.04730586768936712	0
G0	HPCLAS_TRAIN_N_001343	0	HPCLAS_TRAIN_N_001343	0	1.1434777718590858	1.9047926664352417	0.8704329999226604	1
G0	HPCLAS_TRAIN_N_001345	0	HPCLAS_TRAIN_N_001345	0	-2.099904372837983	-3.2280538082122803	0.03812355008928029	0
G0	HPCLAS_TRAIN_N_001349	0	HPCLAS_TRAIN_N_001349	0	-2.0421008819903457	-3.0118486881256104	0.04689345032427373	0
G0	HPCLAS_TRAIN_N_001361	0	HPCLAS_TRAIN_N_001361	0	-0.5591957855042979	-2.2919437885284424	0.09179237438754506	0
G0	HPCLAS_TRAIN_N_001366	0	HPCLAS_TRAIN_N_001366	0	-0.3890496390816972	0.3269590139389038	0.5810192746483007	1
G0	HPCLAS_TRAIN_N_001377	0	HPCLAS_TRAIN_N_001377	0	-3.16166169626307	-3.165235757827759	0.04049512662730905	0
G0	HPCLAS_TRAIN_N_001387	0	HPCLAS_TRAIN_N_001387	0	-1.983954690022988	-2.5946595668792725	0.06948291339128765	0
G0	HPCLAS_TRAIN_N_001391	0	HPCLAS_TRAIN_N_001391	0	-1.501699146785131	-1.4270650148391724	0.1935564008754543	0
G0	HPCLAS_TRAIN_N_001395	0	HPCLAS_TRAIN_N_001395	0	-3.501566005879861	-3.0239226818084717	0.046356752451048124	0
G0	HPCLAS_TRAIN_N_001398	0	HPCLAS_TRAIN_N_001398	0	-2.9394436524455805	-3.2440319061279297	0.037541935556624675	0
G0	HPCLAS_TRAIN_N_001401	0	HPCLAS_TRAIN_N_001401	0	-2.0639348986018025	-2.499091148376465	0.07592191846347505	0
G0	HPCLAS_TRAIN_N_001403	0	HPCLAS_TRAIN_N_001403	0	-2.292304717716207	-2.8112661838531494	0.05671840013597471	0
G0	HPCLAS_TRAIN_N_001404	0	HPCLAS_TRAIN_N_001404	0	-2.610528824847381	-3.2301247119903564	0.038047682342162284	0
G0	HPCLAS_TRAIN_N_001405	0	HPCLAS_TRAIN_N_001405	0	-2.581611271153582	-3.3609960079193115	0.03353692547057755	0
G0	HPCLAS_TRAIN_N_001413	0	HPCLAS_TRAIN_N_001413	0	-2.0838723426498422	-1.9523977041244507	0.12429214823225183	0
G0	HPCLAS_TRAIN_N_001414	0	HPCLAS_TRAIN_N_001414	0	-1.7463390414180149	-1.8855942487716675	0.13174762700669237	0
G0	HPCLAS_TRAIN_N_001416	0	HPCLAS_TRAIN_N_001416	0	-1.6998706779725326	-2.758547067642212	0.05960575496952748	0
G0	HPCLAS_TRAIN_N_001417	0	HPCLAS_TRAIN_N_001417	0	-1.4966949302620511	-2.725430965423584	0.06148930668114957	0
G0	HPCLAS_TRAIN_N_001419	0	HPCLAS_TRAIN_N_001419	0	-3.089321145354885	-3.651815891265869	0.02528790575825817	0
G0	HPCLAS_TRAIN_N_001422	0	HPCLAS_TRAIN_N_001422	0	-0.0837726219160937	-0.2219012826681137	0.44475119857464435	0
G0	HPCLAS_TRAIN_N_001425	0	HPCLAS_TRAIN_N_001425	0	-0.6930861162228358	-1.857591986656189	0.13498397248103766	0
G0	HPCLAS_TRAIN_N_001429	0	HPCLAS_TRAIN_N_001429	0	-1.2075564337567493	-2.2349042892456055	0.09665956774665384	0
G0	HPCLAS_TRAIN_N_001439	0	HPCLAS_TRAIN_N_001439	0	-3.008084828896584	-3.1707775592803955	0.040280345913621715	0
G0	HPCLAS_TRAIN_N_001440	0	HPCLAS_TRAIN_N_001440	0	-0.4699910087256405	0.5496527552604675	0.6340550238253208	1
G0	HPCLAS_TRAIN_N_001466	0	HPCLAS_TRAIN_N_001466	0	-2.27377004407332	-1.7188175916671753	0.15202352801488878	0
G0	HPCLAS_TRAIN_N_001468	0	HPCLAS_TRAIN_N_001468	0	-0.3488161683639881	-2.168996572494507	0.10256936100203416	0
G0	HPCLAS_TRAIN_N_001469	0	HPCLAS_TRAIN_N_001469	0	-3.0558128566641214	-3.1294562816619873	0.04190843306293406	0
G0	HPCLAS_TRAIN_N_001489	0	HPCLAS_TRAIN_N_001489	0	-0.987000667877484	0.9067170023918152	0.7123278903941972	1
G0	HPCLAS_TRAIN_N_001501	0	HPCLAS_TRAIN_N_001501	0	-2.9590580639540907	-2.9481966495513916	0.04982181217338729	0
G0	HPCLAS_TRAIN_N_001515	0	HPCLAS_TRAIN_N_001515	0	-1.8164248442470063	-2.1247997283935547	0.10670968287760833	0
G0	HPCLAS_TRAIN_N_001517	0	HPCLAS_TRAIN_P_004877	0	0.753322919246627	0.010048002004623413	0.5025119793665809	1
G0	HPCLAS_TRAIN_N_001527	0	HPCLAS_TRAIN_N_001527	0	-1.582328192957994	-1.3563041687011719	0.2048416283171507	0
G0	HPCLAS_TRAIN_N_001533	0	HPCLAS_TRAIN_N_001533	0	-2.2987293945885434	-3.670529365539551	0.02483072277543451	0
G0	HPCLAS_TRAIN_N_001534	0	HPCLAS_TRAIN_N_001534	0	-0.3180700866005955	-0.2480251044034958	0.43830964776755604	0
G0	HPCLAS_TRAIN_N_001540	0	HPCLAS_TRAIN_N_001540	0	-2.232322685046674	-1.5407646894454956	0.1764241389322502	0
G0	HPCLAS_TRAIN_N_001541	0	HPCLAS_TRAIN_N_001541	0	-2.67870332284122	-3.137019157409668	0.041605817447388484	0
G0	HPCLAS_TRAIN_N_001544	0	HPCLAS_TRAIN_N_001544	0	-2.730865967180466	-3.4645073413848877	0.03033915212085252	0
G0	HPCLAS_TRAIN_N_001549	0	HPCLAS_TRAIN_N_001549	0	-2.223535121602737	-2.8672449588775635	0.05379671857699617	0
G0	HPCLAS_TRAIN_N_001552	0	HPCLAS_TRAIN_N_001552	0	-1.3962315558931708	-1.7374279499053955	0.14963992744932567	0
G0	HPCLAS_TRAIN_N_001556	0	HPCLAS_TRAIN_N_001556	0	-2.184446063736649	-3.094865560531616	0.04331954307274463	0
G0	HPCLAS_TRAIN_N_001557	0	HPCLAS_TRAIN_N_001557	0	-2.1207781268511345	-2.62853741645813	0.06732423056648024	0
G0	HPCLAS_TRAIN_N_001571	0	HPCLAS_TRAIN_N_001571	0	-1.562296106736931	-3.1275341510772705	0.04198567866560058	0
G0	HPCLAS_TRAIN_N_001574	0	HPCLAS_TRAIN_N_001574	0	-3.171390523783117	-3.292011022567749	0.03584627737126582	0
G0	HPCLAS_TRAIN_N_001576	0	HPCLAS_TRAIN_N_001576	0	-3.090824605993819	-2.9624557495117188	0.04915110879630534	0
G0	HPCLAS_TRAIN_N_001589	0	HPCLAS_TRAIN_N_001589	0	-2.720339959433738	-3.2028496265411377	0.0390586270204048	0
G0	HPCLAS_TRAIN_N_001593	0	HPCLAS_TRAIN_N_001593	0	-0.8196946460110766	-0.0879039615392685	0.4780381495906024	0
G0	HPCLAS_TRAIN_N_001595	0	HPCLAS_TRAIN_N_001595	0	-0.03797594070139	-0.9157930612564087	0.2858158619768512	0
G0	HPCLAS_TRAIN_N_001599	0	HPCLAS_TRAIN_N_001599	0	-1.5221823029699413	-2.703042984008789	0.06279403514250885	0
G0	HPCLAS_TRAIN_N_001607	0	HPCLAS_TRAIN_N_001607	0	-2.429030353538636	-1.9664734601974487	0.1227681766166002	0
G0	HPCLAS_TRAIN_N_001611	0	HPCLAS_TRAIN_N_001611	0	-2.555883929391505	-2.951953172683716	0.049644280307653804	0
G0	HPCLAS_TRAIN_N_001618	0	HPCLAS_TRAIN_N_001618	0	-2.1926090935056752	-2.5351788997650146	0.07342851166825777	0
G0	HPCLAS_TRAIN_N_001623	0	HPCLAS_TRAIN_N_001623	0	-3.149690696616987	-4.190815448760986	0.01490831732493454	0
G0	HPCLAS_TRAIN_N_001626	0	HPCLAS_TRAIN_N_001626	0	-1.5561344728012811	-3.088634490966797	0.04357851313038824	0
G0	HPCLAS_TRAIN_N_001628	0	HPCLAS_TRAIN_N_001628	0	-1.8233678522126	-1.2807382345199585	0.2174245859319746	0
G0	HPCLAS_TRAIN_N_001636	0	HPCLAS_TRAIN_N_001636	0	-0.6827036960984819	-1.9007800817489624	0.13002020998118224	0
G0	HPCLAS_TRAIN_N_001639	0	HPCLAS_TRAIN_N_001639	0	-1.7591340986821762	-2.4974586963653564	0.07603652699032708	0
G0	HPCLAS_TRAIN_N_001651	0	HPCLAS_TRAIN_N_001651	0	-3.584345849325301	-4.2984232902526855	0.013407758535681491	0
G0	HPCLAS_TRAIN_N_001656	0	HPCLAS_TRAIN_N_001656	0	-2.1149099531698035	-3.14676570892334	0.04121890759852845	0
G0	HPCLAS_TRAIN_N_001657	0	HPCLAS_TRAIN_N_001657	0	-1.5059695884268172	-0.899834156036377	0.2890845795527681	0
G0	HPCLAS_TRAIN_N_001660	0	HPCLAS_TRAIN_N_001660	0	-2.5747871508698035	-2.5900862216949463	0.06977918601433682	0
G0	HPCLAS_TRAIN_N_001664	0	HPCLAS_TRAIN_N_001664	0	-2.580597901903721	-2.9006378650665283	0.05212204013776772	0
G0	HPCLAS_TRAIN_N_001675	0	HPCLAS_TRAIN_N_001675	0	-1.326834020973421	-3.0113799571990967	0.0469144044473665	0
G0	HPCLAS_TRAIN_N_001676	0	HPCLAS_TRAIN_N_001676	0	-1.8535258517242743	-1.9093016386032104	0.12905932974283055	0
G0	HPCLAS_TRAIN_N_001686	0	HPCLAS_TRAIN_N_001686	0	-1.8477963539558435	-2.206901788711548	0.09913241606411861	0
G0	HPCLAS_TRAIN_N_001687	0	HPCLAS_TRAIN_N_001687	0	-1.988563900253537	-2.3248445987701416	0.08908613770868615	0
G0	HPCLAS_TRAIN_N_001692	0	HPCLAS_TRAIN_N_001692	0	-1.7662520477233117	-2.5708420276641846	0.07103871673685026	0
G0	HPCLAS_TRAIN_N_001700	0	HPCLAS_TRAIN_N_001700	0	-0.97306802636436	-1.6970065832138062	0.15485662702383265	0
G0	HPCLAS_TRAIN_N_001703	0	HPCLAS_TRAIN_N_001703	0	-2.0475917083827557	-2.6740810871124268	0.06452020679449995	0
G0	HPCLAS_TRAIN_N_001705	0	HPCLAS_TRAIN_N_001705	0	-2.331961121747971	-2.382935047149658	0.0844832749787411	0
G0	HPCLAS_TRAIN_N_001710	0	HPCLAS_TRAIN_N_001710	0	-1.7014059017638286	-3.1206157207489014	0.042264841349044215	0
G0	HPCLAS_TRAIN_N_001711	0	HPCLAS_TRAIN_N_001711	0	-1.6780529634065473	-2.901278495788574	0.052090398643368736	0
G0	HPCLAS_TRAIN_N_001716	0	HPCLAS_TRAIN_N_001716	0	-2.1777289852645585	-3.405864715576172	0.032112679759179745	0
G0	HPCLAS_TRAIN_N_001717	0	HPCLAS_TRAIN_N_001717	0	0.335749258779398	-2.6680824756622314	0.06488321427007124	0
G0	HPCLAS_TRAIN_N_001718	0	HPCLAS_TRAIN_N_001718	0	-1.4951073052743438	-2.2881271839141846	0.0921110475829075	0
G0	HPCLAS_TRAIN_N_001720	0	HPCLAS_TRAIN_N_001720	0	-2.148556312653477	-2.433582067489624	0.0806474810540022	0
G0	HPCLAS_TRAIN_N_001725	0	HPCLAS_TRAIN_N_001725	0	-2.952577130249073	-4.074968338012695	0.016708823782449467	0
G0	HPCLAS_TRAIN_N_001726	0	HPCLAS_TRAIN_N_001726	0	-2.035323264475064	-2.5242373943328857	0.07417641958065957	0
G0	HPCLAS_TRAIN_N_001727	0	HPCLAS_TRAIN_N_001727	0	-2.521230660473513	-3.4813921451568604	0.029846343095639386	0
G0	HPCLAS_TRAIN_N_001737	0	HPCLAS_TRAIN_P_005574	0	-2.1614206697058864	-2.81563663482666	0.056485027282917745	0
G0	HPCLAS_TRAIN_N_001739	0	HPCLAS_TRAIN_N_001739	0	-2.475154435357992	-2.8925116062164307	0.05252498499236614	0
G0	HPCLAS_TRAIN_N_001744	0	HPCLAS_TRAIN_N_001744	0	-1.67384065925579	-0.8516063094139099	0.2990960060651322	0
G0	HPCLAS_TRAIN_N_001748	0	HPCLAS_TRAIN_N_001748	0	-2.3890855187950994	-2.4722888469696045	0.07782381202963921	0
G0	HPCLAS_TRAIN_N_001750	0	HPCLAS_TRAIN_N_001750	0	-2.8096814526067795	-2.9851386547088623	0.048101792817817034	0
G0	HPCLAS_TRAIN_N_001753	0	HPCLAS_TRAIN_N_001753	0	-3.2377765199332265	-3.7443976402282715	0.023103476267049027	0
G0	HPCLAS_TRAIN_N_001768	0	HPCLAS_TRAIN_N_001768	0	-1.3253683244426475	-2.6760239601135254	0.0644030392994883	0
G0	HPCLAS_TRAIN_N_001769	0	HPCLAS_TRAIN_N_001769	0	0.7295038473660203	-0.09602388739585876	0.4760124569213778	0
G0	HPCLAS_TRAIN_N_001786	0	HPCLAS_TRAIN_N_001786	0	-3.3154807468018013	-3.080446720123291	0.04392105290504569	0
G0	HPCLAS_TRAIN_N_001792	0	HPCLAS_TRAIN_N_001792	0	-1.8423066940102384	-2.7949612140655518	0.057597070518786556	0
G0	HPCLAS_TRAIN_N_001835	0	HPCLAS_TRAIN_N_001835	0	-2.9168647298168646	-2.3966801166534424	0.08342620477185105	0
G0	HPCLAS_TRAIN_N_001844	0	HPCLAS_TRAIN_N_001844	0	-1.1185892568500055	-1.1483420133590698	0.24079205136949866	0
G0	HPCLAS_TRAIN_N_001850	0	HPCLAS_TRAIN_N_001850	0	-0.9220681128696246	0.31726762652397156	0.5786582078480276	1
G0	HPCLAS_TRAIN_N_001854	0	HPCLAS_TRAIN_N_001854	0	-2.120559282713014	-1.3737596273422241	0.20201310115247068	0
G0	HPCLAS_TRAIN_N_001858	0	HPCLAS_TRAIN_N_001858	0	-2.25535647983629	-3.070915937423706	0.044323013671216285	0
G0	HPCLAS_TRAIN_N_001859	0	HPCLAS_TRAIN_N_001859	0	-2.190337861751797	-2.3974335193634033	0.08336861295224643	0
G0	HPCLAS_TRAIN_N_001876	0	HPCLAS_TRAIN_N_001876	0	-1.1447885472705288	-3.0292346477508545	0.0461224871707421	0
G0	HPCLAS_TRAIN_N_001882	0	HPCLAS_TRAIN_N_001882	0	-1.3500491994453103	-1.3464770317077637	0.2064469308415422	0
G0	HPCLAS_TRAIN_N_001884	0	HPCLAS_TRAIN_N_001884	0	-2.5394163047857528	-2.533777952194214	0.07352388458905738	0
G0	HPCLAS_TRAIN_N_001886	0	HPCLAS_TRAIN_N_001886	0	-2.0261470666324923	-2.9877984523773193	0.047980152253194304	0
G0	HPCLAS_TRAIN_N_001891	0	HPCLAS_TRAIN_N_001891	0	0.997730323398031	-0.8973830938339233	0.2895885691238092	0
G0	HPCLAS_TRAIN_N_001895	0	HPCLAS_TRAIN_N_001895	0	-2.4510951039682314	-3.070571184158325	0.04433761919126279	0
G0	HPCLAS_TRAIN_N_001896	0	HPCLAS_TRAIN_N_001896	0	-0.5890549293265245	-1.3868048191070557	0.1999183392291446	0
G0	HPCLAS_TRAIN_N_001898	0	HPCLAS_TRAIN_N_001898	0	0.4996645461814229	-2.166250228881836	0.10282243494176585	0
G0	HPCLAS_TRAIN_N_001901	0	HPCLAS_TRAIN_N_001901	0	0.2121494815795159	0.7952641248703003	0.6889605211558512	1
G0	HPCLAS_TRAIN_N_001908	0	HPCLAS_TRAIN_N_001908	0	-0.6621673880265739	-1.0550647974014282	0.2582537073662092	0
G0	HPCLAS_TRAIN_N_001916	0	HPCLAS_TRAIN_N_001916	0	0.4806026816308706	-1.1596482992172241	0.23873119689596614	0
G0	HPCLAS_TRAIN_N_001918	0	HPCLAS_TRAIN_N_001918	0	0.5181377331276462	0.6541249752044678	0.657939413443228	1
G0	HPCLAS_TRAIN_N_001919	0	HPCLAS_TRAIN_N_001919	0	-1.2448706537015684	-1.4821442365646362	0.18510376346488466	0
G0	HPCLAS_TRAIN_N_001920	0	HPCLAS_TRAIN_N_001920	0	-2.4887441072352465	-2.5756967067718506	0.07071901210048573	0
G0	HPCLAS_TRAIN_N_001931	0	HPCLAS_TRAIN_N_001931	0	-1.4139798015909872	-0.8295220732688904	0.3037461347526041	0
G0	HPCLAS_TRAIN_N_001937	0	HPCLAS_TRAIN_N_001937	0	-1.334536860848337	0.6543573141098022	0.6579917005895495	1
G0	HPCLAS_TRAIN_N_001941	0	HPCLAS_TRAIN_N_001941	0	-1.7275960681255582	-2.793471097946167	0.057678006838019734	0
G0	HPCLAS_TRAIN_N_001944	0	HPCLAS_TRAIN_N_001944	0	-0.3594792303819989	-0.23885689675807953	0.4405680697564442	0
G0	HPCLAS_TRAIN_N_001960	0	HPCLAS_TRAIN_N_001960	0	-1.279172714469034	-1.9894970655441284	0.12031008065649938	0
G0	HPCLAS_TRAIN_N_001965	0	HPCLAS_TRAIN_N_001965	0	-2.373881788785434	-3.1035068035125732	0.04296283427813658	0
G0	HPCLAS_TRAIN_N_001969	0	HPCLAS_TRAIN_N_001969	0	-1.6519719543659244	-2.106762647628784	0.10844126314828793	0
G0	HPCLAS_TRAIN_N_001970	0	HPCLAS_TRAIN_N_001970	0	-2.6420359728234666	-3.2180426120758057	0.038492364396728	0
G0	HPCLAS_TRAIN_N_001976	0	HPCLAS_TRAIN_N_001976	0	-3.1966573670115324	-3.2592551708221436	0.036995736215041666	0
G0	HPCLAS_TRAIN_N_001977	0	HPCLAS_TRAIN_N_001977	0	-0.6211534470852985	-0.3316928744316101	0.41782877783260197	0
G0	HPCLAS_TRAIN_N_001988	0	HPCLAS_TRAIN_N_001988	0	-1.9536260798566447	-2.0834243297576904	0.11071835816494306	0
G0	HPCLAS_TRAIN_N_002010	0	HPCLAS_TRAIN_N_002010	0	-3.0625562751716937	-3.6088316440582275	0.026369299355034168	0
G0	HPCLAS_TRAIN_N_002013	0	HPCLAS_TRAIN_N_002013	0	-1.379660418541614	-1.6794567108154297	0.1571674227312432	0
G0	HPCLAS_TRAIN_N_002022	0	HPCLAS_TRAIN_N_002022	0	-2.428528827939464	-2.519580125808716	0.07449688910349625	0
G0	HPCLAS_TRAIN_N_002025	0	HPCLAS_TRAIN_N_002025	0	-0.3842136683009678	1.5785260200500488	0.8289956651671015	1
G0	HPCLAS_TRAIN_N_002040	0	HPCLAS_TRAIN_N_002040	0	-2.771402378076671	-3.1894373893737793	0.03956515307779494	0
G0	HPCLAS_TRAIN_N_002049	0	HPCLAS_TRAIN_N_002049	0	1.008933549766237	0.919520378112793	0.7149443693569997	1
G0	HPCLAS_TRAIN_N_002056	0	HPCLAS_TRAIN_N_002056	0	-1.1312844347031903	-2.554962396621704	0.07209381368393203	0
G0	HPCLAS_TRAIN_N_002060	0	HPCLAS_TRAIN_N_002060	0	-0.2363232458332713	1.7538155317306519	0.8524334060490963	1
G0	HPCLAS_TRAIN_N_002069	0	HPCLAS_TRAIN_N_002069	0	-1.7547456862621964	-1.77079439163208	0.145443566399283	0
G0	HPCLAS_TRAIN_N_002071	0	HPCLAS_TRAIN_N_002071	0	-2.2337570308757626	-2.8311407566070557	0.05566440265342599	0
G0	HPCLAS_TRAIN_N_002075	0	HPCLAS_TRAIN_N_002075	0	0.6161057483373716	1.715063452720642	0.8474918845449868	1
G0	HPCLAS_TRAIN_N_002079	0	HPCLAS_TRAIN_N_002079	0	-2.3994264414550046	-2.2298171520233154	0.09710467106661082	0
G0	HPCLAS_TRAIN_N_002080	0	HPCLAS_TRAIN_N_002080	0	-1.923919581255724	-1.7705496549606323	0.1454739872949774	0
G0	HPCLAS_TRAIN_N_002081	0	HPCLAS_TRAIN_N_002081	0	-2.71925854997028	-3.280773401260376	0.036236696729593156	0
G0	HPCLAS_TRAIN_N_002084	0	HPCLAS_TRAIN_N_002084	0	0.660054942217791	-0.5376900434494019	0.3687251004553876	0
G0	HPCLAS_TRAIN_N_002090	0	HPCLAS_TRAIN_N_002090	0	-2.685254336296099	-3.1866636276245117	0.03967069005311793	0
G0	HPCLAS_TRAIN_N_002099	0	HPCLAS_TRAIN_N_002099	0	-2.4302003649066606	-2.825169801712036	0.05597910513822793	0
G0	HPCLAS_TRAIN_N_002108	0	HPCLAS_TRAIN_N_002108	0	0.4267326291045786	-0.030241653323173523	0.4924401628193009	0
G0	HPCLAS_TRAIN_N_002109	0	HPCLAS_TRAIN_N_002109	0	-1.846168706839485	-2.2920188903808594	0.09178611359832353	0
G0	HPCLAS_TRAIN_N_002114	0	HPCLAS_TRAIN_N_002114	0	-1.949595946622872	-1.8280094861984253	0.13847557080006015	0
G0	HPCLAS_TRAIN_N_002118	0	HPCLAS_TRAIN_N_002118	0	-2.9772701564768296	-3.0154035091400146	0.046734825204223826	0
G0	HPCLAS_TRAIN_N_002120	0	HPCLAS_TRAIN_N_002120	0	-2.1633484219826817	-2.8395607471466064	0.05522345080593582	0
G0	HPCLAS_TRAIN_N_002124	0	HPCLAS_TRAIN_N_002124	0	-2.434768190472396	-1.1549407243728638	0.23958779700342223	0
G0	HPCLAS_TRAIN_N_002126	0	HPCLAS_TRAIN_N_002126	0	-2.16059739064129	-2.9163429737091064	0.05135155939095256	0
G0	HPCLAS_TRAIN_N_002144	0	HPCLAS_TRAIN_N_002144	0	-2.596216960095343	-2.750056028366089	0.06008348598028803	0
G0	HPCLAS_TRAIN_N_002148	0	HPCLAS_TRAIN_N_002148	0	-0.3019357043621689	-0.4328576326370239	0.39344416213419897	0
G0	HPCLAS_TRAIN_N_002150	0	HPCLAS_TRAIN_N_002150	0	-0.5628220495652358	-1.5192556381225586	0.17957115663097833	0
G0	HPCLAS_TRAIN_N_002152	0	HPCLAS_TRAIN_N_002152	0	0.7625744895590753	2.2647128105163574	0.90591209836016	1
G0	HPCLAS_TRAIN_N_002154	0	HPCLAS_TRAIN_N_002154	0	-2.931899107909677	-3.7004411220550537	0.024116637419310864	0
G0	HPCLAS_TRAIN_N_002160	0	HPCLAS_TRAIN_N_002160	0	-3.1153717721239502	-3.246141195297241	0.03746579588349642	0
G0	HPCLAS_TRAIN_N_002165	0	HPCLAS_TRAIN_N_002165	0	-0.5600442458384309	0.2279391884803772	0.5567393458385904	1
G0	HPCLAS_TRAIN_N_002168	0	HPCLAS_TRAIN_N_002168	0	-2.0407528642973354	-2.9685568809509277	0.04886675378073882	0
G0	HPCLAS_TRAIN_N_002170	0	HPCLAS_TRAIN_N_002170	0	-1.990663697712041	-4.022876739501953	0.017586569063960316	0
G0	HPCLAS_TRAIN_N_002175	0	HPCLAS_TRAIN_N_002175	0	-1.3153692961048675	0.280734121799469	0.569726194482329	1
G0	HPCLAS_TRAIN_N_002193	0	HPCLAS_TRAIN_N_002193	0	-2.205288382465936	-2.3013675212860107	0.09100976680406132	0
G0	HPCLAS_TRAIN_N_002204	0	HPCLAS_TRAIN_N_002204	0	-2.546647801022617	-2.373023271560669	0.08525307381965504	0
G0	HPCLAS_TRAIN_N_002211	0	HPCLAS_TRAIN_N_002211	0	-2.0532214218550746	-1.521689772605896	0.17921282656336474	0
G0	HPCLAS_TRAIN_N_002213	0	HPCLAS_TRAIN_N_002213	0	-1.4575473151303218	-2.205498456954956	0.09925781138003299	0
G0	HPCLAS_TRAIN_N_002227	0	HPCLAS_TRAIN_P_005090	0	0.910998500888211	1.8349467515945435	0.8623499718017196	1
G0	HPCLAS_TRAIN_N_002256	0	HPCLAS_TRAIN_P_004233	0	0.1510905789718616	-1.9650496244430542	0.1229216006282082	0
G0	HPCLAS_TRAIN_N_002266	0	HPCLAS_TRAIN_N_002266	0	-0.9853194614255943	-2.4868955612182617	0.07678197122449466	0
G0	HPCLAS_TRAIN_N_002273	0	HPCLAS_TRAIN_N_002273	0	-2.7857930135680684	-2.7838072776794434	0.058205498259062634	0
G0	HPCLAS_TRAIN_N_002280	0	HPCLAS_TRAIN_N_002280	0	-2.0084901102686428	-1.1193794012069702	0.24612641639892918	0
G0	HPCLAS_TRAIN_N_002288	0	HPCLAS_TRAIN_N_002288	0	-2.4283143102091573	-1.3588528633117676	0.20442680530799257	0
G0	HPCLAS_TRAIN_N_002292	0	HPCLAS_TRAIN_N_002292	0	-1.916492520637964	-3.208411455154419	0.03885040896578351	0
G0	HPCLAS_TRAIN_N_002293	0	HPCLAS_TRAIN_N_002293	0	-2.6703570572461675	-3.053595781326294	0.04506248695882626	0
G0	HPCLAS_TRAIN_N_002297	0	HPCLAS_TRAIN_N_002297	0	-2.2885952391866167	-2.617070436477661	0.06804784375375492	0
G0	HPCLAS_TRAIN_N_002301	0	HPCLAS_TRAIN_N_002301	0	-1.6971929020409582	-1.4812233448028564	0.18524271139299556	0
G0	HPCLAS_TRAIN_N_002306	0	HPCLAS_TRAIN_N_002306	0	-1.665746227802427	-1.8795191049575806	0.13244411990265706	0
G0	HPCLAS_TRAIN_N_002307	0	HPCLAS_TRAIN_N_002307	0	-2.277111522825451	-2.803729772567749	0.057122958480186996	0
G0	HPCLAS_TRAIN_N_002316	0	HPCLAS_TRAIN_N_002316	0	-0.962426914989936	-1.0806039571762085	0.2533917403897603	0
G0	HPCLAS_TRAIN_N_002324	0	HPCLAS_TRAIN_N_002324	0	-0.8557531391443575	-0.7940205931663513	0.3113060227271356	0
G0	HPCLAS_TRAIN_N_002325	0	HPCLAS_TRAIN_N_002325	0	-0.3026114465169853	0.6072710156440735	0.6473180328127301	1
G0	HPCLAS_TRAIN_N_002331	0	HPCLAS_TRAIN_N_002331	0	-1.5026511014647408	-1.3745583295822144	0.2018843779531594	0
G0	HPCLAS_TRAIN_N_002341	0	HPCLAS_TRAIN_N_002341	0	-2.28731461209395	-2.4983322620391846	0.07597517738235332	0
G0	HPCLAS_TRAIN_N_002348	0	HPCLAS_TRAIN_N_002348	0	-2.234581497290717	-2.727262258529663	0.06138371056521254	0
G0	HPCLAS_TRAIN_N_002366	0	HPCLAS_TRAIN_N_002366	0	-1.4451651517619828	-2.0037951469421387	0.11880503143895954	0
G0	HPCLAS_TRAIN_N_002367	0	HPCLAS_TRAIN_N_002367	0	0.9381316502308356	1.3093470335006714	0.7874038704414237	1
G0	HPCLAS_TRAIN_N_002370	0	HPCLAS_TRAIN_N_002370	0	-1.6973732860366797	-2.4119739532470703	0.08226416808492962	0
G0	HPCLAS_TRAIN_N_002376	0	HPCLAS_TRAIN_P_003810	0	-1.689124465547179	-2.0386431217193604	0.11520497022955564	0
G0	HPCLAS_TRAIN_N_002382	0	HPCLAS_TRAIN_N_002382	0	-1.1328195515375017	-2.860422134399414	0.054145077479064496	0
G0	HPCLAS_TRAIN_N_002384	0	HPCLAS_TRAIN_N_002384	0	-1.2769849377168283	-2.2795584201812744	0.09283013306023387	0
G0	HPCLAS_TRAIN_N_002395	0	HPCLAS_TRAIN_N_002395	0	-2.860959056445204	-3.2217953205108643	0.038353714313388236	0
G0	HPCLAS_TRAIN_N_002416	0	HPCLAS_TRAIN_N_002416	0	-2.002451931033604	-1.5920299291610718	0.16909849176719455	0
G0	HPCLAS_TRAIN_N_002419	0	HPCLAS_TRAIN_N_002419	0	-2.2915975179164194	-3.683270215988159	0.024524074425726374	0
G0	HPCLAS_TRAIN_N_002422	0	HPCLAS_TRAIN_N_002422	0	-2.468982387209928	-2.6143171787261963	0.06822265581142359	0
G0	HPCLAS_TRAIN_N_002426	0	HPCLAS_TRAIN_N_002426	0	-2.039889324467393	-3.189488172531128	0.03956322337554449	0
G0	HPCLAS_TRAIN_N_002432	0	HPCLAS_TRAIN_N_002432	0	-2.3503925486487427	-2.2279160022735596	0.09727148276535429	0
G0	HPCLAS_TRAIN_N_002433	0	HPCLAS_TRAIN_N_002433	0	-2.8847324829022485	-2.951545238494873	0.04966353006701566	0
G0	HPCLAS_TRAIN_N_002435	0	HPCLAS_TRAIN_N_002435	0	-2.099891648916758	-2.943673849105835	0.050036356193852674	0
G0	HPCLAS_TRAIN_N_002448	0	HPCLAS_TRAIN_N_002448	0	-1.7918531236751507	-2.4349162578582764	0.08054861488719557	0
G0	HPCLAS_TRAIN_N_002463	0	HPCLAS_TRAIN_N_002463	0	-2.371862832375072	-2.370321750640869	0.08546398808415594	0
G0	HPCLAS_TRAIN_N_002465	0	HPCLAS_TRAIN_N_002465	0	0.2089181746287311	-1.1491211652755737	0.2406496424104429	0
G0	HPCLAS_TRAIN_N_002466	0	HPCLAS_TRAIN_N_002466	0	-1.1103559340007023	-1.1990607976913452	0.23164233750581634	0
G0	HPCLAS_TRAIN_N_002467	0	HPCLAS_TRAIN_P_002428	0	-1.673439992122019	-2.233234167098999	0.09680549522678866	0
G0	HPCLAS_TRAIN_N_002478	0	HPCLAS_TRAIN_N_002478	0	-2.6032004758618013	-3.39096736907959	0.03257895239955617	0
G0	HPCLAS_TRAIN_N_002484	0	HPCLAS_TRAIN_N_002484	0	-1.059017060903403	-1.2929190397262573	0.21535914288111144	0
G0	HPCLAS_TRAIN_N_002487	0	HPCLAS_TRAIN_N_002487	0	-3.257553415094385	-2.7080132961273193	0.0625021624357868	0
G0	HPCLAS_TRAIN_N_002506	0	HPCLAS_TRAIN_N_002506	0	0.5530672607854401	-1.9594637155532837	0.12352509756300753	0
G0	HPCLAS_TRAIN_N_002527	0	HPCLAS_TRAIN_N_002527	0	-1.12881059698547	-2.1803407669067383	0.10152983839772337	0
G0	HPCLAS_TRAIN_N_002530	0	HPCLAS_TRAIN_N_002530	0	-2.35034772947675	-2.0819625854492188	0.11086236313961602	0
G0	HPCLAS_TRAIN_N_002533	0	HPCLAS_TRAIN_N_002533	0	-2.448428722585284	-3.593339443206787	0.02676997748562131	0
G0	HPCLAS_TRAIN_N_002559	0	HPCLAS_TRAIN_N_002559	0	-1.934539016640081	-1.7712396383285522	0.14538823554091868	0
G0	HPCLAS_TRAIN_N_002561	0	HPCLAS_TRAIN_N_002561	0	-1.4887309545216842	-2.8899800777435303	0.052651112128129875	0
G0	HPCLAS_TRAIN_N_002568	0	HPCLAS_TRAIN_N_002568	0	-2.498119884083832	-2.313065528869629	0.09004664477362573	0
G0	HPCLAS_TRAIN_N_002570	0	HPCLAS_TRAIN_N_002570	0	-0.4754263778743177	-1.3409701585769653	0.2073505616082043	0
G0	HPCLAS_TRAIN_N_002575	0	HPCLAS_TRAIN_N_002575	0	-2.7712245340934505	-3.4736928939819336	0.03007008787557392	0
G0	HPCLAS_TRAIN_N_002577	0	HPCLAS_TRAIN_N_002577	0	-3.328810163665574	-3.676354169845581	0.024690069736419396	0
G0	HPCLAS_TRAIN_N_002586	0	HPCLAS_TRAIN_N_002586	0	-1.877251433069461	-1.85893714427948	0.13482698454377848	0
G0	HPCLAS_TRAIN_N_002589	0	HPCLAS_TRAIN_N_002589	0	-1.7602215485590949	-1.2639124393463135	0.22030112287652567	0
G0	HPCLAS_TRAIN_N_002590	0	HPCLAS_TRAIN_N_002590	0	0.4291288393689736	0.7121564745903015	0.670877486644427	1
G0	HPCLAS_TRAIN_N_002599	0	HPCLAS_TRAIN_N_002599	0	-0.9912982693520156	-1.619261384010315	0.16530675955334206	0
G0	HPCLAS_TRAIN_N_002607	0	HPCLAS_TRAIN_N_002607	0	-3.0595514287114387	-3.4387600421905518	0.031105832610744857	0
G0	HPCLAS_TRAIN_N_002621	0	HPCLAS_TRAIN_N_002621	0	-3.2087095155664893	-3.4491586685180664	0.030793959567124513	0
G0	HPCLAS_TRAIN_N_002622	0	HPCLAS_TRAIN_N_002622	0	-2.1843664172229715	-2.4723007678985596	0.07782295650146188	0
G0	HPCLAS_TRAIN_N_002645	0	HPCLAS_TRAIN_N_002645	0	-0.7249483397016712	-2.5047545433044434	0.07552554029324797	0
G0	HPCLAS_TRAIN_N_002649	0	HPCLAS_TRAIN_N_002649	0	0.0286429435943064	-0.8891303539276123	0.2912893244512044	0
G0	HPCLAS_TRAIN_N_002656	0	HPCLAS_TRAIN_N_002656	0	-2.5117235326447025	-2.1423428058624268	0.10504892989786768	0
G0	HPCLAS_TRAIN_N_002661	0	HPCLAS_TRAIN_N_002661	0	-2.302474538828682	-2.6220405101776123	0.06773333078094546	0
G0	HPCLAS_TRAIN_N_002665	0	HPCLAS_TRAIN_N_002665	0	-3.405512977093196	-3.0412416458129883	0.04559710633263548	0
G0	HPCLAS_TRAIN_N_002667	0	HPCLAS_TRAIN_N_002667	0	-2.42015559076394	-2.867626905441284	0.05377727980485894	0
G0	HPCLAS_TRAIN_N_002676	0	HPCLAS_TRAIN_N_002676	0	0.188503720822302	1.6949089765548706	0.8448686477042994	1
G0	HPCLAS_TRAIN_N_002682	0	HPCLAS_TRAIN_N_002682	0	-1.887508631289274	-2.0568137168884277	0.11336570154677818	0
G0	HPCLAS_TRAIN_N_002686	0	HPCLAS_TRAIN_N_002686	0	0.5160297225643286	1.3170963525772095	0.7886982096145628	1
G0	HPCLAS_TRAIN_N_002687	0	HPCLAS_TRAIN_N_002687	0	-2.460726593438457	-3.989508867263794	0.018172451850389522	0
G0	HPCLAS_TRAIN_N_002692	0	HPCLAS_TRAIN_N_002692	0	-1.9907052698312764	-2.7191836833953857	0.06185081633537657	0
G0	HPCLAS_TRAIN_N_002701	0	HPCLAS_TRAIN_N_002701	0	-2.8901684003827177	-3.211597204208374	0.03873162434390093	0
G0	HPCLAS_TRAIN_N_002712	0	HPCLAS_TRAIN_N_002712	0	-1.7539550233478385	-2.6653878688812256	0.065046896992545	0
G0	HPCLAS_TRAIN_N_002715	0	HPCLAS_TRAIN_N_002715	0	0.6432867690097172	0.6274567246437073	0.6519125588020294	1
G0	HPCLAS_TRAIN_N_002717	0	HPCLAS_TRAIN_N_002717	0	-1.2757913206173677	-1.2387384176254272	0.22465565874287724	0
G0	HPCLAS_TRAIN_N_002723	0	HPCLAS_TRAIN_N_002723	0	-2.102420600082348	-0.8090417981147766	0.3080947202896487	0
G0	HPCLAS_TRAIN_N_002725	0	HPCLAS_TRAIN_N_002725	0	-2.5501417776076942	-1.9026087522506714	0.12981349991138147	0
G0	HPCLAS_TRAIN_N_002741	0	HPCLAS_TRAIN_N_002741	0	-1.840514854076964	-0.8824142217636108	0.29267774276060327	0
G0	HPCLAS_TRAIN_N_002750	0	HPCLAS_TRAIN_N_002750	0	-3.188853741222176	-3.1377761363983154	0.041575643553370255	0
G0	HPCLAS_TRAIN_N_002757	0	HPCLAS_TRAIN_N_002757	0	-1.198851850111409	-1.9101651906967163	0.12896229496917638	0
G0	HPCLAS_TRAIN_N_002760	0	HPCLAS_TRAIN_N_002760	0	-1.5820281073420634	-0.9903113842010498	0.2708505778282276	0
G0	HPCLAS_TRAIN_N_002763	0	HPCLAS_TRAIN_N_002763	0	-2.275939141134	-1.2443811893463135	0.22367429711530018	0
G0	HPCLAS_TRAIN_N_002765	0	HPCLAS_TRAIN_N_002765	0	-2.7961015438504235	-2.8148934841156006	0.056524646161931064	0
G0	HPCLAS_TRAIN_N_002772	0	HPCLAS_TRAIN_N_002772	0	-1.443004436233564	-1.1287437677383423	0.24439300862218985	0
G0	HPCLAS_TRAIN_N_002780	0	HPCLAS_TRAIN_N_002780	0	-2.7945939506671853	-1.4597285985946655	0.18850883886083808	0
G0	HPCLAS_TRAIN_N_002783	0	HPCLAS_TRAIN_N_002783	0	-3.4935044778595232	-4.174376964569092	0.015151668927817344	0
G0	HPCLAS_TRAIN_N_002791	0	HPCLAS_TRAIN_N_002791	0	-2.9209480681282645	-3.46844482421875	0.03022353050827116	0
G0	HPCLAS_TRAIN_N_002805	0	HPCLAS_TRAIN_N_002805	0	-1.2328297605684586	-2.040146589279175	0.11505180623226563	0
G0	HPCLAS_TRAIN_N_002814	0	HPCLAS_TRAIN_N_002814	0	-2.0044224552928687	-1.848819613456726	0.1360115474854494	0
G0	HPCLAS_TRAIN_N_002819	0	HPCLAS_TRAIN_N_002819	0	-2.2829575389689936	-2.7137205600738525	0.06216857548401863	0
G0	HPCLAS_TRAIN_N_002827	0	HPCLAS_TRAIN_N_002827	0	-1.539908132553583	-2.5624451637268066	0.07159484427240598	0
G0	HPCLAS_TRAIN_N_002838	0	HPCLAS_TRAIN_N_002838	0	-3.4716811380650467	-2.809973955154419	0.05678757582616118	0
G0	HPCLAS_TRAIN_N_002840	0	HPCLAS_TRAIN_N_002840	0	-2.281869265944486	-2.771968364715576	0.05885788386627863	0
G0	HPCLAS_TRAIN_N_002842	0	HPCLAS_TRAIN_N_002842	0	-0.9481707038612684	-2.258920431137085	0.09458277940155319	0
G0	HPCLAS_TRAIN_N_002846	0	HPCLAS_TRAIN_N_002846	0	-2.1828015541340604	-2.640909194946289	0.06655153191617352	0
G0	HPCLAS_TRAIN_N_002850	0	HPCLAS_TRAIN_N_002850	0	-1.0624103136864262	-2.583019495010376	0.07023928450639963	0
G0	HPCLAS_TRAIN_N_002853	0	HPCLAS_TRAIN_N_002853	0	-1.296617494869854	-1.992754340171814	0.11996577128596372	0
G0	HPCLAS_TRAIN_N_002854	0	HPCLAS_TRAIN_N_002854	0	-1.4238233439137764	-2.564415216445923	0.07146400726003702	0
G0	HPCLAS_TRAIN_N_002865	0	HPCLAS_TRAIN_N_002865	0	-0.0878222152094503	0.18155770003795624	0.5452651529153396	1
G0	HPCLAS_TRAIN_N_002874	0	HPCLAS_TRAIN_N_002874	0	-3.323548955839492	-3.2930352687835693	0.03581089489242519	0
G0	HPCLAS_TRAIN_N_002888	0	HPCLAS_TRAIN_N_002888	0	-2.4151195739238087	-3.08304762840271	0.043811965043783256	0
G0	HPCLAS_TRAIN_N_002898	0	HPCLAS_TRAIN_N_002898	0	-3.709295326406529	-3.561223268508911	0.02761955036334609	0
G0	HPCLAS_TRAIN_N_002907	0	HPCLAS_TRAIN_N_002907	0	-0.3244324913217443	-2.641434907913208	0.06651888079248999	0
G0	HPCLAS_TRAIN_N_002912	0	HPCLAS_TRAIN_N_002912	0	0.0358443486156835	-1.868489384651184	0.1337166100943812	0
G0	HPCLAS_TRAIN_N_002917	0	HPCLAS_TRAIN_N_002917	0	-2.3770628992769947	-3.2264020442962646	0.03818416674293704	0
G0	HPCLAS_TRAIN_N_002925	0	HPCLAS_TRAIN_N_002925	0	-2.1758368662841527	-3.1584064960479736	0.040761313728477806	0
G0	HPCLAS_TRAIN_N_002926	0	HPCLAS_TRAIN_P_007044	0	-1.8137867976062596	-1.8692501783370972	0.13362850698870551	0
G0	HPCLAS_TRAIN_N_002936	0	HPCLAS_TRAIN_N_002936	0	-2.16052824552507	-2.6508309841156006	0.06593781070199643	0
G0	HPCLAS_TRAIN_N_002942	0	HPCLAS_TRAIN_P_002419	0	-1.7818664704840694	-2.9399945735931396	0.05021153197679067	0
G0	HPCLAS_TRAIN_N_002950	0	HPCLAS_TRAIN_N_002950	0	-2.594149618335486	-3.25016713142395	0.03732088217630407	0
G0	HPCLAS_TRAIN_N_002952	0	HPCLAS_TRAIN_N_002952	0	-2.925549975839656	-3.3416755199432373	0.03416882015765499	0
G0	HPCLAS_TRAIN_N_002960	0	HPCLAS_TRAIN_N_002960	0	-0.1278101350356523	0.24241097271442413	0.560307709778938	1
G0	HPCLAS_TRAIN_N_002962	0	HPCLAS_TRAIN_N_002962	0	2.170940233426128	-0.5123040676116943	0.37465355381192256	0
G0	HPCLAS_TRAIN_N_002964	0	HPCLAS_TRAIN_N_002964	0	-1.8150902212825928	-2.9502179622650146	0.04972621106452046	0
G0	HPCLAS_TRAIN_N_002975	0	HPCLAS_TRAIN_N_002975	0	-1.966793098985478	-2.1677134037017822	0.10268753551078541	0
G0	HPCLAS_TRAIN_N_002985	0	HPCLAS_TRAIN_P_000260	0	0.3575898060932632	-0.7552945613861084	0.3196687385011515	0
G0	HPCLAS_TRAIN_N_002988	0	HPCLAS_TRAIN_N_002988	0	-2.827060672770133	-3.243586301803589	0.03755803969045393	0
G0	HPCLAS_TRAIN_N_002992	0	HPCLAS_TRAIN_N_002992	0	-2.9539501986278296	-2.4985170364379883	0.07596220669078575	0
G0	HPCLAS_TRAIN_N_002996	0	HPCLAS_TRAIN_N_002996	0	-2.3146215995305504	-2.713474988937378	0.06218289471557826	0
G0	HPCLAS_TRAIN_N_003002	0	HPCLAS_TRAIN_N_003002	0	-2.3405128128903216	-1.8684874773025513	0.13371683103508405	0
G0	HPCLAS_TRAIN_N_003006	0	HPCLAS_TRAIN_N_003006	0	-3.004078421153791	-3.5955324172973633	0.02671290242762315	0
G0	HPCLAS_TRAIN_N_003010	0	HPCLAS_TRAIN_N_003010	0	-0.972153838115273	-2.3254668712615967	0.0890356533323464	0
G0	HPCLAS_TRAIN_N_003014	0	HPCLAS_TRAIN_N_003014	0	-0.0526484235410034	1.3365589380264282	0.7919234904973548	1
G0	HPCLAS_TRAIN_N_003021	0	HPCLAS_TRAIN_N_003021	0	-1.3645031916942465	-0.9874159097671509	0.2714227859026118	0
G0	HPCLAS_TRAIN_N_003028	0	HPCLAS_TRAIN_N_003028	0	-3.0861192037675376	-2.8497836589813232	0.05469250123554705	0
G0	HPCLAS_TRAIN_N_003031	0	HPCLAS_TRAIN_N_003031	0	-0.4764894342843519	-0.9610958099365234	0.27665884912182576	0
G0	HPCLAS_TRAIN_N_003037	0	HPCLAS_TRAIN_N_003037	0	-1.28721793718192	-1.1395645141601562	0.24240032569270126	0
G0	HPCLAS_TRAIN_N_003040	0	HPCLAS_TRAIN_N_003040	0	-2.6146879439549	-3.2741827964782715	0.036467569186651526	0
G0	HPCLAS_TRAIN_N_003041	0	HPCLAS_TRAIN_N_003041	0	-2.7646838196810712	-2.8004367351531982	0.05730058011673908	0
G0	HPCLAS_TRAIN_N_003046	0	HPCLAS_TRAIN_N_003046	0	-2.157026506042498	-2.1244618892669678	0.10674189090339595	0
G0	HPCLAS_TRAIN_N_003053	0	HPCLAS_TRAIN_N_003053	0	-2.9674759667067203	-3.2029592990875244	0.039054510883249155	0
G0	HPCLAS_TRAIN_N_003067	0	HPCLAS_TRAIN_N_003067	0	-2.021794368672445	-2.4782774448394775	0.07739511187105501	0
G0	HPCLAS_TRAIN_N_003068	0	HPCLAS_TRAIN_N_003068	0	-1.0446336590644971	-2.4436473846435547	0.07990434654770312	0
G0	HPCLAS_TRAIN_N_003074	0	HPCLAS_TRAIN_N_003074	0	-0.6463249098528947	-2.510467290878296	0.0751276340421173	0
G0	HPCLAS_TRAIN_N_003078	0	HPCLAS_TRAIN_N_003078	0	-2.052629906616468	-2.9607362747192383	0.049231531253090884	0
G0	HPCLAS_TRAIN_N_003119	0	HPCLAS_TRAIN_N_003119	0	2.5247016681025327	1.475753664970398	0.8139303399627381	1
G0	HPCLAS_TRAIN_N_003121	0	HPCLAS_TRAIN_N_003121	0	-2.66914893280501	-2.150024175643921	0.1043289640180946	0
G0	HPCLAS_TRAIN_N_003129	0	HPCLAS_TRAIN_N_003129	0	-0.2510302081062374	-1.280638337135315	0.21744158406521005	0
G0	HPCLAS_TRAIN_N_003140	0	HPCLAS_TRAIN_N_003140	0	-2.85966730974348	-2.269221067428589	0.09370434124934453	0
G0	HPCLAS_TRAIN_N_003146	0	HPCLAS_TRAIN_N_003146	0	-0.8766945992759507	-1.0301127433776855	0.26306224709502085	0
G0	HPCLAS_TRAIN_N_003147	0	HPCLAS_TRAIN_N_003147	0	-2.6742449750869186	-2.8055760860443115	0.05702359744752545	0
G0	HPCLAS_TRAIN_N_003148	0	HPCLAS_TRAIN_N_003148	0	-2.0298386266570514	-3.240680694580078	0.037663211176164293	0
G0	HPCLAS_TRAIN_N_003149	0	HPCLAS_TRAIN_N_003149	0	-0.4674973599520731	-1.2175804376602173	0.22836252887053082	0
G0	HPCLAS_TRAIN_N_003154	0	HPCLAS_TRAIN_N_003154	0	-1.9532463532647868	-2.1366231441497803	0.10558787217904164	0
G0	HPCLAS_TRAIN_N_003158	0	HPCLAS_TRAIN_N_003158	0	-2.876914501599156	-3.270254611968994	0.036605848104956644	0
G0	HPCLAS_TRAIN_N_003159	0	HPCLAS_TRAIN_N_003159	0	-3.0484817893063494	-3.4273900985717773	0.03145033586427206	0
G0	HPCLAS_TRAIN_N_003176	0	HPCLAS_TRAIN_N_003176	0	-2.6071325001757293	-3.0904345512390137	0.04350354926041572	0
G0	HPCLAS_TRAIN_N_003182	0	HPCLAS_TRAIN_N_003182	0	-0.665852485414566	-0.008987650275230408	0.4977531025561354	0
G0	HPCLAS_TRAIN_N_003183	0	HPCLAS_TRAIN_N_003183	0	-2.380540904086847	-3.6283655166625977	0.025872400532150727	0
G0	HPCLAS_TRAIN_N_003185	0	HPCLAS_TRAIN_N_003185	0	-2.6267963035903104	-3.1740376949310303	0.04015450482800126	0
G0	HPCLAS_TRAIN_N_003188	0	HPCLAS_TRAIN_N_003188	0	-2.9158506242201128	-2.9643290042877197	0.049063635616371226	0
G0	HPCLAS_TRAIN_N_003190	0	HPCLAS_TRAIN_N_003190	0	-2.112544963083765	-2.172118902206421	0.10228231046356698	0
G0	HPCLAS_TRAIN_N_003208	0	HPCLAS_TRAIN_N_003208	0	-2.2309637388740207	-3.1446373462677	0.04130310247806214	0
G0	HPCLAS_TRAIN_N_003222	0	HPCLAS_TRAIN_N_003222	0	-2.4995670518378392	-2.528886318206787	0.07385778942940893	0
G0	HPCLAS_TRAIN_N_003224	0	HPCLAS_TRAIN_N_003224	0	-2.0275964895782144	-3.196174144744873	0.039309950607780045	0
G0	HPCLAS_TRAIN_N_003225	0	HPCLAS_TRAIN_N_003225	0	-2.341846019402837	-3.1556689739227295	0.04086848504182631	0
G0	HPCLAS_TRAIN_N_003238	0	HPCLAS_TRAIN_N_003238	0	-2.8724932771060536	-2.7533559799194336	0.05989739661135271	0
G0	HPCLAS_TRAIN_N_003242	0	HPCLAS_TRAIN_N_003242	0	1.1628998765863234	2.000551700592041	0.8808549908329627	1
G0	HPCLAS_TRAIN_N_003244	0	HPCLAS_TRAIN_N_003244	0	-2.165778940006723	-2.7932803630828857	0.05768837439173018	0
G0	HPCLAS_TRAIN_N_003247	0	HPCLAS_TRAIN_N_003247	0	-2.607236639146749	-3.413130760192871	0.03188760668528989	0
G0	HPCLAS_TRAIN_N_003253	0	HPCLAS_TRAIN_N_003253	0	-0.7664099735560428	-1.3511203527450562	0.20568726819530317	0
G0	HPCLAS_TRAIN_N_003257	0	HPCLAS_TRAIN_N_003257	0	-2.7252064101718005	-3.520829677581787	0.028725338708078994	0
G0	HPCLAS_TRAIN_N_003259	0	HPCLAS_TRAIN_N_003259	0	-2.3614688146642315	-2.4107978343963623	0.08235300490077015	0
G0	HPCLAS_TRAIN_N_003279	0	HPCLAS_TRAIN_N_003279	0	-2.120474139218246	-2.3952877521514893	0.08353273546915037	0
G0	HPCLAS_TRAIN_N_003291	0	HPCLAS_TRAIN_N_003291	0	-2.571570145244863	-3.1524713039398193	0.04099401230155965	0
G0	HPCLAS_TRAIN_N_003314	0	HPCLAS_TRAIN_N_003314	0	-2.81203610617175	-3.2202436923980713	0.03841098356897846	0
G0	HPCLAS_TRAIN_N_003315	0	HPCLAS_TRAIN_N_003315	0	-1.2306727608974146	-2.101783037185669	0.10892364017487392	0
G0	HPCLAS_TRAIN_N_003329	0	HPCLAS_TRAIN_N_003329	0	-1.8201858940795963	-1.1094720363616943	0.24796933040438068	0
G0	HPCLAS_TRAIN_N_003333	0	HPCLAS_TRAIN_N_003333	0	-0.7767528446092797	-1.3942694664001465	0.19872703550985624	0
G0	HPCLAS_TRAIN_N_003336	0	HPCLAS_TRAIN_N_003336	0	-2.084135570504605	-2.609790086746216	0.06851099859587884	0
G0	HPCLAS_TRAIN_N_003339	0	HPCLAS_TRAIN_N_003339	0	-2.7586049570232083	-3.4476521015167236	0.030838955900215653	0
G0	HPCLAS_TRAIN_N_003340	0	HPCLAS_TRAIN_N_003340	0	-1.4470200468686538	-2.9247703552246094	0.050942571841892	0
G0	HPCLAS_TRAIN_N_003359	0	HPCLAS_TRAIN_N_003359	0	-2.005732795752344	-2.377415895462036	0.08491113859754369	0
G0	HPCLAS_TRAIN_N_003361	0	HPCLAS_TRAIN_N_003361	0	0.9024627972059724	0.00018259882926940918	0.5000456497071906	1
G0	HPCLAS_TRAIN_N_003363	0	HPCLAS_TRAIN_N_003363	0	-1.5297284080557965	-2.007023334503174	0.11846748686998289	0
G0	HPCLAS_TRAIN_N_003369	0	HPCLAS_TRAIN_N_003369	0	-0.3349293624205305	0.6595247387886047	0.6591536195333902	1
G0	HPCLAS_TRAIN_N_003370	0	HPCLAS_TRAIN_N_003370	0	-0.5930672210513296	-1.673876166343689	0.15790806923001144	0
G0	HPCLAS_TRAIN_N_003382	0	HPCLAS_TRAIN_N_003382	0	0.3802601535831377	0.28559401631355286	0.5709171346482861	1
G0	HPCLAS_TRAIN_N_003383	0	HPCLAS_TRAIN_N_003383	0	-1.1882924644173154	-1.2350994348526	0.22529015179880202	0
G0	HPCLAS_TRAIN_N_003402	0	HPCLAS_TRAIN_N_003402	0	-1.6019727792243552	-0.35714030265808105	0.41165199386763723	0
G0	HPCLAS_TRAIN_N_003404	0	HPCLAS_TRAIN_N_003404	0	-1.2921773489886408	-1.8368477821350098	0.13742452652659015	0
G0	HPCLAS_TRAIN_N_003413	0	HPCLAS_TRAIN_N_003413	0	-2.200199639051985	-3.3382961750030518	0.03428051870402461	0
G0	HPCLAS_TRAIN_N_003414	0	HPCLAS_TRAIN_N_003414	0	-2.809825810259289	-3.623793840408325	0.02598787066466615	0
G0	HPCLAS_TRAIN_N_003418	0	HPCLAS_TRAIN_N_003418	0	-2.772730839566236	-3.293368101119995	0.03579940447486053	0
G0	HPCLAS_TRAIN_N_003432	0	HPCLAS_TRAIN_N_003432	0	0.2668363455690858	-0.6645857095718384	0.33971024907298514	0
G0	HPCLAS_TRAIN_N_003437	0	HPCLAS_TRAIN_N_003437	0	-3.718740421268138	-3.8863508701324463	0.020107482697489215	0
G0	HPCLAS_TRAIN_N_003445	0	HPCLAS_TRAIN_N_003445	0	-2.5568804988259117	-2.516773223876953	0.07469064814705093	0
G0	HPCLAS_TRAIN_N_003450	0	HPCLAS_TRAIN_N_003450	0	-3.1305809151191277	-3.5560688972473145	0.027758317387766563	0
G0	HPCLAS_TRAIN_N_003453	0	HPCLAS_TRAIN_N_003453	0	1.8102624989827285	0.28199881315231323	0.5700361913397266	1
G0	HPCLAS_TRAIN_N_003460	0	HPCLAS_TRAIN_N_003460	0	-1.762951822789628	-1.4009279012680054	0.19766890880952948	0
G0	HPCLAS_TRAIN_N_003466	0	HPCLAS_TRAIN_N_003466	0	-2.5882897401917098	-1.733228325843811	0.15017510712055143	0
G0	HPCLAS_TRAIN_N_003467	0	HPCLAS_TRAIN_N_003467	0	0.9181011387367024	0.5253483057022095	0.6283975262160649	1
G0	HPCLAS_TRAIN_N_003468	0	HPCLAS_TRAIN_N_003468	0	-2.7694711801209104	-3.0644443035125732	0.04459795210041142	0
G0	HPCLAS_TRAIN_N_003475	0	HPCLAS_TRAIN_N_003475	0	1.0146367836397712	0.8684754371643066	0.7044283691921966	1
G0	HPCLAS_TRAIN_N_003476	0	HPCLAS_TRAIN_N_003476	0	-0.7729345096269234	-2.18721866607666	0.10090414318050811	0
G0	HPCLAS_TRAIN_N_003507	0	HPCLAS_TRAIN_N_004280	0	-2.698083619187392	-2.5143587589263916	0.07485768799176308	0
G0	HPCLAS_TRAIN_N_003509	0	HPCLAS_TRAIN_N_003509	0	-0.0964358275517776	-1.187574028968811	0.2336930994979598	0
G0	HPCLAS_TRAIN_N_003513	0	HPCLAS_TRAIN_N_003513	0	-1.0512562470140945	-1.0019817352294922	0.2685519670327533	0
G0	HPCLAS_TRAIN_N_003518	0	HPCLAS_TRAIN_N_003518	0	-2.668061920004801	-2.9897050857543945	0.04789313596479657	0
G0	HPCLAS_TRAIN_N_003529	0	HPCLAS_TRAIN_N_003529	0	-1.1184675612252253	0.18534421920776367	0.5462038623657535	1
G0	HPCLAS_TRAIN_N_003535	0	HPCLAS_TRAIN_N_003535	0	-2.09694028450997	-2.513589859008789	0.0749109548077025	0
G0	HPCLAS_TRAIN_N_003544	0	HPCLAS_TRAIN_N_003544	0	-1.5640007025056588	-2.324445962905884	0.0891184922278609	0
G0	HPCLAS_TRAIN_N_003551	0	HPCLAS_TRAIN_N_003551	0	-1.291491266398734	-1.5330424308776855	0.17754897785703325	0
G0	HPCLAS_TRAIN_N_003571	0	HPCLAS_TRAIN_N_003571	0	-1.6014728145306458	-1.8132866621017456	0.14024137186035507	0
G0	HPCLAS_TRAIN_N_003576	0	HPCLAS_TRAIN_N_003576	0	-2.540942118640703	-2.689678907394409	0.0635851341729528	0
G0	HPCLAS_TRAIN_N_003587	0	HPCLAS_TRAIN_N_003587	0	-2.8121804867549742	-3.037276029586792	0.045769993373837484	0
G0	HPCLAS_TRAIN_N_003589	0	HPCLAS_TRAIN_N_003589	0	-2.872853770885724	-3.430614948272705	0.03135225132405965	0
G0	HPCLAS_TRAIN_N_003594	0	HPCLAS_TRAIN_N_003594	0	-2.5053780412661646	-2.3824596405029297	0.08452005297492265	0
G0	HPCLAS_TRAIN_N_003601	0	HPCLAS_TRAIN_N_003601	0	-0.6744942077570438	-0.2839564085006714	0.42948407788717485	0
G0	HPCLAS_TRAIN_N_003603	0	HPCLAS_TRAIN_N_003603	0	-1.842044967974698	-2.7487404346466064	0.060157825123654245	0
G0	HPCLAS_TRAIN_N_003610	0	HPCLAS_TRAIN_N_003610	0	-2.4923424626543493	-2.817462682723999	0.05638778780918925	0
G0	HPCLAS_TRAIN_N_003614	0	HPCLAS_TRAIN_N_003614	0	-2.438184750809208	-3.012514352798462	0.0468637077767038	0
G0	HPCLAS_TRAIN_N_003634	0	HPCLAS_TRAIN_N_003634	0	-3.1043764774628286	-2.9569170475006104	0.04941060890959972	0
G0	HPCLAS_TRAIN_N_003640	0	HPCLAS_TRAIN_N_003640	0	-0.7354419360565405	-0.3041597604751587	0.42454091142611	0
G0	HPCLAS_TRAIN_N_003642	0	HPCLAS_TRAIN_P_001674	0	-2.743401300072576	-2.8213465213775635	0.05618149141630505	0
G0	HPCLAS_TRAIN_N_003651	0	HPCLAS_TRAIN_N_003651	0	-3.00198164421002	-3.2732908725738525	0.0364989222887819	0
G0	HPCLAS_TRAIN_N_003657	0	HPCLAS_TRAIN_N_003657	0	-2.3427745553747115	-2.8355906009674072	0.0554309546466904	0
G0	HPCLAS_TRAIN_N_003658	0	HPCLAS_TRAIN_N_003658	0	-1.1031177544673871	0.11981453001499176	0.5299178505348789	1
G0	HPCLAS_TRAIN_N_003668	0	HPCLAS_TRAIN_N_003668	0	-0.7356037259759037	-2.505836248397827	0.07545004876324711	0
G0	HPCLAS_TRAIN_N_003687	0	HPCLAS_TRAIN_N_003687	0	-1.8888082739453809	-2.0848305225372314	0.11057998047187297	0
G0	HPCLAS_TRAIN_N_003697	0	HPCLAS_TRAIN_N_003697	0	0.4912613461476551	0.04897414147853851	0.5122410888139448	1
G0	HPCLAS_TRAIN_N_003698	0	HPCLAS_TRAIN_N_003698	0	-2.0380059325670974	-2.886136770248413	0.05284314227799944	0
G0	HPCLAS_TRAIN_N_003704	0	HPCLAS_TRAIN_N_003704	0	-0.2844059964669878	0.17682425677776337	0.5440912412829406	1
G0	HPCLAS_TRAIN_N_003705	0	HPCLAS_TRAIN_N_003705	0	-1.7305736742373177	-1.4712775945663452	0.18674850355149122	0
G0	HPCLAS_TRAIN_N_003708	0	HPCLAS_TRAIN_N_003708	0	0.1982348347397305	-0.7117398381233215	0.32921451360453713	0
G0	HPCLAS_TRAIN_N_003710	0	HPCLAS_TRAIN_N_003710	0	0.1742817555275414	-1.6138250827789307	0.16605822820240024	0
G0	HPCLAS_TRAIN_N_003720	0	HPCLAS_TRAIN_N_003720	0	-1.8368408507975125	-2.368098497390747	0.0856379175493313	0
G0	HPCLAS_TRAIN_N_003725	0	HPCLAS_TRAIN_N_003725	0	-1.9600083031893007	-2.6505918502807617	0.06595254048753385	0
G0	HPCLAS_TRAIN_N_003732	0	HPCLAS_TRAIN_N_003732	0	-0.3447043483814745	-2.235926866531372	0.09657031670055079	0
G0	HPCLAS_TRAIN_N_003737	0	HPCLAS_TRAIN_N_003737	0	-0.8466575614221756	-1.2322624921798706	0.22578568201997318	0
G0	HPCLAS_TRAIN_N_003740	0	HPCLAS_TRAIN_N_003740	0	-0.2087286067119579	-2.1515250205993652	0.104188801675225	0
G0	HPCLAS_TRAIN_N_003743	0	HPCLAS_TRAIN_N_003743	0	-2.949045824133416	-2.9184410572052	0.051249448296300744	0
G0	HPCLAS_TRAIN_N_003746	0	HPCLAS_TRAIN_N_003746	0	-1.771478115232064	-2.6878843307495117	0.06369207069382202	0
G0	HPCLAS_TRAIN_N_003764	0	HPCLAS_TRAIN_N_003764	0	-0.5328416572312022	-0.6721373796463013	0.3380184110698049	0
G0	HPCLAS_TRAIN_N_003766	0	HPCLAS_TRAIN_N_003766	0	-3.46446683753096	-3.481066942214966	0.029855760961938618	0
G0	HPCLAS_TRAIN_N_003780	0	HPCLAS_TRAIN_N_003780	0	-2.445786275790398	-3.187262535095215	0.03964787980862833	0
G0	HPCLAS_TRAIN_N_003781	0	HPCLAS_TRAIN_N_003781	0	-2.8349653381479425	-4.593148708343506	0.010019533163698505	0
G0	HPCLAS_TRAIN_N_003784	0	HPCLAS_TRAIN_N_003784	0	-1.2890974943585658	-1.7301958799362183	0.15056252626985767	0
G0	HPCLAS_TRAIN_N_003793	0	HPCLAS_TRAIN_P_001611	0	0.4521380888915187	-0.731581449508667	0.3248477851916355	0
G0	HPCLAS_TRAIN_N_003794	0	HPCLAS_TRAIN_N_003794	0	-1.9541734248377596	-2.594115972518921	0.06951806773157494	0
G0	HPCLAS_TRAIN_N_003811	0	HPCLAS_TRAIN_N_003811	0	-2.010033043746285	-2.024529457092285	0.11665144698588582	0
G0	HPCLAS_TRAIN_N_003812	0	HPCLAS_TRAIN_N_003812	0	-1.3149226391176845	-2.3626503944396973	0.0860654903374433	0
G0	HPCLAS_TRAIN_N_003813	0	HPCLAS_TRAIN_N_003813	0	-2.9843885862901907	-3.4270598888397217	0.03146039600941417	0
G0	HPCLAS_TRAIN_N_003818	0	HPCLAS_TRAIN_N_003818	0	-0.641434793794418	-2.0281403064727783	0.11627988575462607	0
G0	HPCLAS_TRAIN_N_003822	0	HPCLAS_TRAIN_N_003822	0	-2.0009950096648144	-2.151676893234253	0.10417462772343788	0
G0	HPCLAS_TRAIN_N_003828	0	HPCLAS_TRAIN_N_003828	0	-1.7119817526892964	-2.7325546741485596	0.061079490973723824	0
G0	HPCLAS_TRAIN_N_003829	0	HPCLAS_TRAIN_N_003829	0	-1.7484313823262705	-2.0088069438934326	0.11828134601413046	0
G0	HPCLAS_TRAIN_N_003831	0	HPCLAS_TRAIN_N_003831	0	-1.7984607586159382	-2.6007988452911377	0.06908702571144575	0
G0	HPCLAS_TRAIN_N_003835	0	HPCLAS_TRAIN_N_003835	0	-2.255001545566744	-2.521186113357544	0.0743862365536663	0
G0	HPCLAS_TRAIN_N_003843	0	HPCLAS_TRAIN_N_003843	0	0.5652489146393699	-1.9418939352035522	0.1254399353766486	0
G0	HPCLAS_TRAIN_N_003854	0	HPCLAS_TRAIN_N_003854	0	-2.413860342484501	-2.380953073501587	0.08463669871851585	0
G0	HPCLAS_TRAIN_N_003856	0	HPCLAS_TRAIN_N_003856	0	-2.544461902065545	-2.8549492359161377	0.05442604805316615	0
G0	HPCLAS_TRAIN_N_003860	0	HPCLAS_TRAIN_N_003860	0	-2.704193570582527	-1.8312288522720337	0.13809194697033622	0
G0	HPCLAS_TRAIN_N_003868	0	HPCLAS_TRAIN_N_003868	0	-0.8486287607187891	-1.6392908096313477	0.16256158533313506	0
G0	HPCLAS_TRAIN_N_003874	0	HPCLAS_TRAIN_N_003874	0	-2.9299316820901256	-2.95229172706604	0.049628309839915744	0
G0	HPCLAS_TRAIN_N_003878	0	HPCLAS_TRAIN_N_003878	0	-2.301220920067922	-2.961627721786499	0.049189821351436326	0
G0	HPCLAS_TRAIN_N_003882	0	HPCLAS_TRAIN_N_003882	0	-1.1937034457918856	-1.0034514665603638	0.26826336327536354	0
G0	HPCLAS_TRAIN_N_003886	0	HPCLAS_TRAIN_N_003886	0	-2.799739808761381	-2.875373125076294	0.05338447094234796	0
G0	HPCLAS_TRAIN_N_003894	0	HPCLAS_TRAIN_N_003894	0	-3.176311252601697	-3.0258123874664307	0.04627328429189443	0
G0	HPCLAS_TRAIN_N_003896	0	HPCLAS_TRAIN_N_003896	0	-0.9139207608702028	-2.3548362255096436	0.08668213038755009	0
G0	HPCLAS_TRAIN_N_003899	0	HPCLAS_TRAIN_P_001639	0	-1.219695134159536	-2.335629463195801	0.08821481797135453	0
G0	HPCLAS_TRAIN_N_003900	0	HPCLAS_TRAIN_N_003900	0	-2.064823880040551	-3.098386287689209	0.04317386809066482	0
G0	HPCLAS_TRAIN_N_003905	0	HPCLAS_TRAIN_N_003905	0	-1.9810685843751628	-1.622358798980713	0.16487981983182587	0
G0	HPCLAS_TRAIN_N_003907	0	HPCLAS_TRAIN_N_003907	0	-2.733656188685494	-2.2056615352630615	0.09924323220284166	0
G0	HPCLAS_TRAIN_N_003908	0	HPCLAS_TRAIN_N_003908	0	-1.151001195058531	-0.03076283633708954	0.4923098973682266	0
G0	HPCLAS_TRAIN_N_003910	0	HPCLAS_TRAIN_N_003910	0	-1.4348484240339348	-0.8748762607574463	0.29424066758308204	0
G0	HPCLAS_TRAIN_N_003916	0	HPCLAS_TRAIN_N_003916	0	-0.7963070995331402	-1.6196869611740112	0.16524804659508535	0
G0	HPCLAS_TRAIN_N_003918	0	HPCLAS_TRAIN_N_003918	0	-2.476509648294293	-2.755171537399292	0.05979524476767787	0
G0	HPCLAS_TRAIN_N_003921	0	HPCLAS_TRAIN_N_003921	0	-0.8002203039184047	-0.8870812654495239	0.2917125188153113	0
G0	HPCLAS_TRAIN_N_003933	0	HPCLAS_TRAIN_N_003933	0	-2.732181030033473	-4.1546630859375	0.015448670508437375	0
G0	HPCLAS_TRAIN_N_003936	0	HPCLAS_TRAIN_N_003936	0	1.880182531936979	-0.33582282066345215	0.41682451936019055	0
G0	HPCLAS_TRAIN_N_003937	0	HPCLAS_TRAIN_N_003937	0	-2.8668499546338926	-3.3056750297546387	0.035377014681076166	0
G0	HPCLAS_TRAIN_N_003959	0	HPCLAS_TRAIN_N_003959	0	-1.8319869585051	-2.2170164585113525	0.09823277903259137	0
G0	HPCLAS_TRAIN_N_003963	0	HPCLAS_TRAIN_N_003963	0	-0.6890837892249252	-3.0775678157806396	0.04404210269467237	0
G0	HPCLAS_TRAIN_N_003968	0	HPCLAS_TRAIN_N_003968	0	-3.7988014117758553	-3.4232771396636963	0.03157586330868315	0
G0	HPCLAS_TRAIN_N_003979	0	HPCLAS_TRAIN_N_003979	0	-0.4107282222432875	0.009511545300483704	0.5023778683981021	1
G0	HPCLAS_TRAIN_N_003981	0	HPCLAS_TRAIN_N_003981	0	-1.4142870493617188	-0.9479529857635498	0.27929667934947106	0
G0	HPCLAS_TRAIN_N_003983	0	HPCLAS_TRAIN_N_003983	0	-0.2305986401166821	-2.1477861404418945	0.10453828121313188	0
G0	HPCLAS_TRAIN_N_003985	0	HPCLAS_TRAIN_N_003985	0	-1.0805254962221125	-1.5803600549697876	0.1707444955026594	0
G0	HPCLAS_TRAIN_N_003997	0	HPCLAS_TRAIN_N_003997	0	-1.8025408748084624	-1.0032483339309692	0.2683032397078764	0
G0	HPCLAS_TRAIN_N_003998	0	HPCLAS_TRAIN_N_003998	0	-1.9878087919532064	-3.310793876647949	0.03520274641470209	0
G0	HPCLAS_TRAIN_N_003999	0	HPCLAS_TRAIN_N_003999	0	-0.7622620683000627	0.898826003074646	0.7107081861607375	1
G0	HPCLAS_TRAIN_N_004000	0	HPCLAS_TRAIN_P_005085	0	-2.2499174747497697	-2.415196180343628	0.08202122754948699	0
G0	HPCLAS_TRAIN_N_004005	0	HPCLAS_TRAIN_N_004005	0	-2.6158390254101267	-3.4284279346466064	0.03141873748775161	0
G0	HPCLAS_TRAIN_N_004018	0	HPCLAS_TRAIN_P_004986	0	-2.1315370515752106	-2.7059247493743896	0.06262465405420096	0
G0	HPCLAS_TRAIN_N_004019	0	HPCLAS_TRAIN_N_004019	0	-2.875143282310984	-2.781191110610962	0.05834907617329561	0
G0	HPCLAS_TRAIN_N_004031	0	HPCLAS_TRAIN_N_004031	0	-2.095822276420386	-3.1326444149017334	0.04178060955530706	0
G0	HPCLAS_TRAIN_N_004040	0	HPCLAS_TRAIN_N_004040	0	-2.699171849789076	-2.7789433002471924	0.05847270358199889	0
G0	HPCLAS_TRAIN_N_004043	0	HPCLAS_TRAIN_N_004043	0	1.091040134729042	0.2737565040588379	0.5680148877793784	1
G0	HPCLAS_TRAIN_N_004044	0	HPCLAS_TRAIN_N_004044	0	-3.4500044710537643	-3.803983688354492	0.02179617231997302	0
G0	HPCLAS_TRAIN_N_004045	0	HPCLAS_TRAIN_N_004045	0	-2.394846372095327	-3.074624538421631	0.044166188157663454	0
G0	HPCLAS_TRAIN_N_004054	0	HPCLAS_TRAIN_N_004054	0	-0.1338078702546783	-3.099118709564209	0.043143621948479365	0
G0	HPCLAS_TRAIN_N_004066	0	HPCLAS_TRAIN_N_004066	0	-0.8676406909096872	-0.31871992349624634	0.4209877439422954	0
G0	HPCLAS_TRAIN_N_004073	0	HPCLAS_TRAIN_N_004073	0	-0.2628341466454827	2.265956163406372	0.906018022529073	1
G0	HPCLAS_TRAIN_N_004097	0	HPCLAS_TRAIN_N_004097	0	-0.1613921007020665	-0.9976869821548462	0.2693964312539649	0
G0	HPCLAS_TRAIN_N_004103	0	HPCLAS_TRAIN_N_004103	0	-0.9350709207731356	-2.2929911613464355	0.09170509586901543	0
G0	HPCLAS_TRAIN_N_004111	0	HPCLAS_TRAIN_P_001674	0	1.7666375048376328	1.1793705224990845	0.764834603158174	1
G0	HPCLAS_TRAIN_N_004130	0	HPCLAS_TRAIN_N_004130	0	-1.686573366334435	-1.9370030164718628	0.1259774761047942	0
G0	HPCLAS_TRAIN_N_004132	0	HPCLAS_TRAIN_N_004132	0	-2.1667046635689	-3.188897132873535	0.039585687798252174	0
G0	HPCLAS_TRAIN_N_004141	0	HPCLAS_TRAIN_N_004141	0	-0.6894414019713565	-1.614588975906372	0.16595246905599162	0
G0	HPCLAS_TRAIN_N_004147	0	HPCLAS_TRAIN_N_004147	0	-2.4312467549231105	-2.553595542907715	0.07218530463163197	0
G0	HPCLAS_TRAIN_N_004156	0	HPCLAS_TRAIN_N_004156	0	-0.9198273104835808	-1.1378653049468994	0.24271250913646703	0
G0	HPCLAS_TRAIN_N_004171	0	HPCLAS_TRAIN_N_004171	0	-0.5929542507241101	-2.2991433143615723	0.09119393620526202	0
G0	HPCLAS_TRAIN_N_004172	0	HPCLAS_TRAIN_N_004172	0	-2.377574513914771	-2.5538928508758545	0.0721653950859203	0
G0	HPCLAS_TRAIN_N_004175	0	HPCLAS_TRAIN_N_004175	0	-2.602036475269754	-2.3200523853302	0.08947579141551937	0
G0	HPCLAS_TRAIN_N_004189	0	HPCLAS_TRAIN_N_004189	0	1.182430623516627	0.34065794944763184	0.5843503378641697	1
G0	HPCLAS_TRAIN_N_004191	0	HPCLAS_TRAIN_N_004191	0	-0.4641320011188411	-1.2344383001327515	0.22540556357300925	0
G0	HPCLAS_TRAIN_N_004197	0	HPCLAS_TRAIN_N_004197	0	-2.611403927118565	-2.8250479698181152	0.0559855437471628	0
G0	HPCLAS_TRAIN_N_004201	0	HPCLAS_TRAIN_N_004201	0	-1.8960385260698376	-2.8724608421325684	0.053531833472295544	0
G0	HPCLAS_TRAIN_N_004207	0	HPCLAS_TRAIN_N_004207	0	-1.071228588451077	-1.9411927461624146	0.12551687935592648	0
G0	HPCLAS_TRAIN_N_004210	0	HPCLAS_TRAIN_N_004210	0	0.1756667858504577	2.8412668704986572	0.9448654966501386	1
G0	HPCLAS_TRAIN_N_004214	0	HPCLAS_TRAIN_N_004214	0	-0.9633883970451134	-2.872767686843872	0.05351628895372782	0
G0	HPCLAS_TRAIN_N_004224	0	HPCLAS_TRAIN_N_004224	0	-2.034213588466364	-0.9777377843856812	0.2733408872278225	0
G0	HPCLAS_TRAIN_N_004232	0	HPCLAS_TRAIN_N_004232	0	-1.935940708517555	-2.417884111404419	0.08181907039641703	0
G0	HPCLAS_TRAIN_N_004236	0	HPCLAS_TRAIN_N_004236	0	-1.373755627742356	-2.4028549194335938	0.08295525352186738	0
G0	HPCLAS_TRAIN_N_004237	0	HPCLAS_TRAIN_N_004237	0	-2.420516736987662	-2.647212266921997	0.06616103794141488	0
G0	HPCLAS_TRAIN_N_004259	0	HPCLAS_TRAIN_N_004259	0	3.504157228731473	3.4167463779449463	0.9682238215655935	1
G0	HPCLAS_TRAIN_N_004262	0	HPCLAS_TRAIN_N_004262	0	-2.2324270845393146	-1.0639623403549194	0.256552974745445	0
G0	HPCLAS_TRAIN_N_004269	0	HPCLAS_TRAIN_N_004269	0	0.0191351053264958	-1.1465777158737183	0.2411147322641103	0
G0	HPCLAS_TRAIN_N_004280	0	HPCLAS_TRAIN_N_004280	0	-2.897244001039729	-2.2035672664642334	0.09943060448685424	0
G0	HPCLAS_TRAIN_N_004282	0	HPCLAS_TRAIN_N_004282	0	-2.374779200631917	-3.551664113998413	0.027877440364947038	0
G0	HPCLAS_TRAIN_N_004307	0	HPCLAS_TRAIN_N_004307	0	-1.278198772629887	-2.8514163494110107	0.05460815047549986	0
G0	HPCLAS_TRAIN_N_004320	0	HPCLAS_TRAIN_N_004320	0	-1.1628683382141591	-0.9018081426620483	0.2886790652775771	0
G0	HPCLAS_TRAIN_N_004322	0	HPCLAS_TRAIN_N_004322	0	-1.8732526993840888	-2.1939027309417725	0.1002993636762783	0
G0	HPCLAS_TRAIN_N_004327	0	HPCLAS_TRAIN_N_004327	0	-2.3785927326795684	-2.919745683670044	0.0511860506441827	0
G0	HPCLAS_TRAIN_N_004328	0	HPCLAS_TRAIN_N_004328	0	-0.422394000116237	-0.04650790989398956	0.4883751178221117	0
G0	HPCLAS_TRAIN_N_004338	0	HPCLAS_TRAIN_N_004338	0	-2.3040475697128526	-3.280212640762329	0.03625628559787441	0
G0	HPCLAS_TRAIN_N_004340	0	HPCLAS_TRAIN_N_004340	0	-1.7015209093863886	-1.9233332872390747	0.127490322356454	0
G0	HPCLAS_TRAIN_N_004345	0	HPCLAS_TRAIN_N_004345	0	-1.088783059042231	0.019852548837661743	0.5049629742083416	1
G0	HPCLAS_TRAIN_N_004349	0	HPCLAS_TRAIN_N_004349	0	-1.726136653950274	-2.200700283050537	0.09968762109504457	0
G0	HPCLAS_TRAIN_N_004361	0	HPCLAS_TRAIN_N_004361	0	-2.9897933040310005	-3.018873929977417	0.046580458568335585	0
G0	HPCLAS_TRAIN_N_004370	0	HPCLAS_TRAIN_N_004370	0	0.5069893654734356	0.8836153745651245	0.7075708549303412	1
G0	HPCLAS_TRAIN_N_004383	0	HPCLAS_TRAIN_N_004383	0	-0.8561349395922255	-3.942751169204712	0.019025782036505248	0
G0	HPCLAS_TRAIN_N_004385	0	HPCLAS_TRAIN_N_004385	0	-2.2157804620605552	-2.4520809650421143	0.07928650535447791	0
G0	HPCLAS_TRAIN_N_004387	0	HPCLAS_TRAIN_N_004387	0	-1.605600361822339	-1.9597049951553345	0.1234989774020727	0
G0	HPCLAS_TRAIN_N_004391	0	HPCLAS_TRAIN_N_004391	0	-3.070071304327859	-3.5300519466400146	0.02846915088053623	0
G0	HPCLAS_TRAIN_N_004394	0	HPCLAS_TRAIN_P_000438	0	-0.169190519446965	0.943956732749939	0.7198982056756599	1
G0	HPCLAS_TRAIN_N_004395	0	HPCLAS_TRAIN_N_004395	0	-1.1051769565506346	-2.007276773452759	0.11844102205416844	0
G0	HPCLAS_TRAIN_N_004396	0	HPCLAS_TRAIN_N_004396	0	-3.175061252201888	-2.9852583408355713	0.048096312924600815	0
G0	HPCLAS_TRAIN_N_004398	0	HPCLAS_TRAIN_N_004398	0	-2.03342120907876	-2.469846487045288	0.07799927435782822	0
G0	HPCLAS_TRAIN_N_004401	0	HPCLAS_TRAIN_N_004401	0	-1.626421395116691	-2.2496089935302734	0.09538319765025093	0
G0	HPCLAS_TRAIN_N_004424	0	HPCLAS_TRAIN_N_004424	0	-1.4788540948899311	-2.7408032417297363	0.06060815475939049	0
G0	HPCLAS_TRAIN_N_004425	0	HPCLAS_TRAIN_N_004425	0	-2.159121082224394	-3.154608964920044	0.04091005576970289	0
G0	HPCLAS_TRAIN_N_004426	0	HPCLAS_TRAIN_N_004426	0	-2.932184286986645	-3.4509007930755615	0.030742007134671807	0
G0	HPCLAS_TRAIN_N_004429	0	HPCLAS_TRAIN_N_004429	0	-2.520665701862261	-2.5780670642852783	0.07056339576043133	0
G0	HPCLAS_TRAIN_N_004436	0	HPCLAS_TRAIN_N_004436	0	-2.4274348305152302	-2.8352997303009033	0.05544618612840643	0
G0	HPCLAS_TRAIN_N_004441	0	HPCLAS_TRAIN_N_004441	0	-2.600655044747602	-2.6640055179595947	0.06513101633122981	0
G0	HPCLAS_TRAIN_N_004443	0	HPCLAS_TRAIN_N_004443	0	-1.7157951974626466	-0.8717044591903687	0.29489976331157985	0
G0	HPCLAS_TRAIN_N_004445	0	HPCLAS_TRAIN_N_004445	0	-1.1666101749560895	-1.4497274160385132	0.19004352049656406	0
G0	HPCLAS_TRAIN_N_004447	0	HPCLAS_TRAIN_N_004447	0	-0.1076966753063077	1.02789306640625	0.7365072189627747	1
G0	HPCLAS_TRAIN_N_004448	0	HPCLAS_TRAIN_N_004448	0	-1.3641181428875175	-1.2955809831619263	0.21490966962116315	0
G0	HPCLAS_TRAIN_N_004451	0	HPCLAS_TRAIN_N_004451	0	-2.9473104387220443	-3.5054500102996826	0.029157558634143755	0
G0	HPCLAS_TRAIN_N_004454	0	HPCLAS_TRAIN_N_004454	0	-1.0264890805183298	-1.8789678812026978	0.13250746982005956	0
G0	HPCLAS_TRAIN_N_004461	0	HPCLAS_TRAIN_N_004461	0	-1.489024709792099	-1.9914029836654663	0.12010851266228767	0
G0	HPCLAS_TRAIN_N_004463	0	HPCLAS_TRAIN_N_004463	0	-1.7257365773117437	-4.981765270233154	0.0068151733817244575	0
G0	HPCLAS_TRAIN_N_004474	0	HPCLAS_TRAIN_N_004474	0	-0.1330090814146139	-1.2386624813079834	0.22466888602438187	0
G0	HPCLAS_TRAIN_N_004478	0	HPCLAS_TRAIN_N_004478	0	-2.767512585375921	-2.8204867839813232	0.056227096503347326	0
G0	HPCLAS_TRAIN_N_004490	0	HPCLAS_TRAIN_N_004490	0	-3.1196939527173466	-2.702646017074585	0.06281740107643834	0
G0	HPCLAS_TRAIN_N_004493	0	HPCLAS_TRAIN_N_004493	0	1.2214610709428972	-1.5003656148910522	0.18237099997389905	0
G0	HPCLAS_TRAIN_N_004498	0	HPCLAS_TRAIN_N_004498	0	-3.265510609071345	-3.528104066848755	0.02852307613465684	0
G0	HPCLAS_TRAIN_N_004503	0	HPCLAS_TRAIN_N_004503	0	-2.391857144571854	-2.965259313583374	0.049020248942429206	0
G0	HPCLAS_TRAIN_N_004505	0	HPCLAS_TRAIN_N_004505	0	-1.912356175648431	-2.2603402137756348	0.09446126361545029	0
G0	HPCLAS_TRAIN_N_004511	0	HPCLAS_TRAIN_N_004511	0	-2.315036381506923	-2.458855390548706	0.0787933785822898	0
G0	HPCLAS_TRAIN_N_004542	0	HPCLAS_TRAIN_N_004542	0	1.841292877238589	-1.317195177078247	0.21128532142177375	0
G0	HPCLAS_TRAIN_N_004546	0	HPCLAS_TRAIN_N_004546	0	0.2455334206225645	-1.4294767379760742	0.19318022761033835	0
G0	HPCLAS_TRAIN_N_004571	0	HPCLAS_TRAIN_P_007237	0	-0.8724722417548249	-1.681077003479004	0.15695290853573193	0
G0	HPCLAS_TRAIN_N_004572	0	HPCLAS_TRAIN_N_004572	0	-1.0434504048965747	-1.0555499792099	0.2581607774568163	0
G0	HPCLAS_TRAIN_N_004603	0	HPCLAS_TRAIN_N_004603	0	-2.962083269518317	-3.549622058868408	0.027932834034281782	0
G0	HPCLAS_TRAIN_N_004605	0	HPCLAS_TRAIN_N_004605	0	-2.083075568833112	-2.4670403003692627	0.07820132149441322	0
G0	HPCLAS_TRAIN_N_004614	0	HPCLAS_TRAIN_N_004614	0	-1.5732035025216284	-1.801180124282837	0.14170746985866362	0
G0	HPCLAS_TRAIN_N_004621	0	HPCLAS_TRAIN_N_004621	0	-0.753953859992648	-0.9699833393096924	0.27488382305161224	0
G0	HPCLAS_TRAIN_N_004622	0	HPCLAS_TRAIN_N_004622	0	-2.1482313427936366	-2.55558705329895	0.07205203763399719	0
G0	HPCLAS_TRAIN_N_004637	0	HPCLAS_TRAIN_N_004637	0	-1.9543559689275296	-2.878446102142334	0.05322939232815783	0
G0	HPCLAS_TRAIN_N_004645	0	HPCLAS_TRAIN_N_003314	0	-2.826887685311485	-3.2557220458984375	0.03712181715801625	0
G0	HPCLAS_TRAIN_N_004648	0	HPCLAS_TRAIN_N_004648	0	-2.0385566086050737	-3.045926094055176	0.04539368185292847	0
G0	HPCLAS_TRAIN_N_004663	0	HPCLAS_TRAIN_N_004663	0	-2.561625319255455	-2.6872754096984863	0.06372839358771938	0
G0	HPCLAS_TRAIN_N_004664	0	HPCLAS_TRAIN_N_004664	0	-0.2552367823128927	-1.6655560731887817	0.15901756939962616	0
G0	HPCLAS_TRAIN_N_004667	0	HPCLAS_TRAIN_N_004667	0	0.8228496565175369	1.0039948225021362	0.7318432830495357	1
G0	HPCLAS_TRAIN_N_004671	0	HPCLAS_TRAIN_N_004671	0	-2.522797130895721	-2.736510992050171	0.060852994550572685	0
G0	HPCLAS_TRAIN_N_004677	0	HPCLAS_TRAIN_N_004677	0	-1.1422474301239034	-1.3791548013687134	0.2011447766578427	0
G0	HPCLAS_TRAIN_N_004688	0	HPCLAS_TRAIN_N_004688	0	1.86017960506972	0.9515170454978943	0.7214201657631315	1
G0	HPCLAS_TRAIN_N_004693	0	HPCLAS_TRAIN_N_004693	0	-2.269479272507493	-2.4418246746063232	0.0800384541877964	0
G0	HPCLAS_TRAIN_N_004694	0	HPCLAS_TRAIN_N_004694	0	-1.967407582863885	-2.622833490371704	0.06768327478970192	0
G0	HPCLAS_TRAIN_N_004704	0	HPCLAS_TRAIN_N_004704	0	-2.526393854292184	-3.5929300785064697	0.02678064487208957	0
G0	HPCLAS_TRAIN_N_004705	0	HPCLAS_TRAIN_N_004705	0	-1.0193830281199043	-1.296714186668396	0.21471853332531593	0
G0	HPCLAS_TRAIN_N_004709	0	HPCLAS_TRAIN_N_004709	0	-3.270719559591203	-3.2854483127593994	0.036073785493986994	0
G0	HPCLAS_TRAIN_N_004714	0	HPCLAS_TRAIN_N_004714	0	-1.3634041646722443	-2.054441213607788	0.11360438998480106	0
G0	HPCLAS_TRAIN_N_004722	0	HPCLAS_TRAIN_N_004722	0	0.2651083635770952	0.17032474279403687	0.5424785416095058	1
G0	HPCLAS_TRAIN_N_004757	0	HPCLAS_TRAIN_N_004757	0	-2.575236861016289	-1.7378911972045898	0.14958098980741621	0
G0	HPCLAS_TRAIN_N_004766	0	HPCLAS_TRAIN_N_004766	0	-2.4972743840087603	-2.8672022819519043	0.0537988909861908	0
G0	HPCLAS_TRAIN_N_004772	0	HPCLAS_TRAIN_N_004772	0	-2.0852985219027427	-2.5549464225769043	0.07209488229566104	0
G0	HPCLAS_TRAIN_N_004776	0	HPCLAS_TRAIN_N_004776	0	-2.426693466820557	-2.894726037979126	0.05241489047355183	0
G0	HPCLAS_TRAIN_N_004785	0	HPCLAS_TRAIN_N_004785	0	-2.721544687442095	-2.997863531112671	0.04752248508383716	0
G0	HPCLAS_TRAIN_N_004795	0	HPCLAS_TRAIN_N_004795	0	-0.2791269960461031	-1.0721591711044312	0.25499268643360284	0
G0	HPCLAS_TRAIN_N_004799	0	HPCLAS_TRAIN_N_004799	0	-2.953293136869228	-2.969492197036743	0.048823299755604295	0
G0	HPCLAS_TRAIN_N_004801	0	HPCLAS_TRAIN_N_004801	0	-2.515770217921738	-3.257403612136841	0.037061758372664726	0
G0	HPCLAS_TRAIN_N_004802	0	HPCLAS_TRAIN_N_004802	0	-2.6483468889166413	-3.22320556640625	0.03830173447665153	0
G0	HPCLAS_TRAIN_N_004809	0	HPCLAS_TRAIN_N_004809	0	-2.791482489974436	-2.837475061416626	0.05533237000141637	0
G0	HPCLAS_TRAIN_N_004812	0	HPCLAS_TRAIN_N_004812	0	0.0068629057359165	0.13975021243095398	0.5348808027168513	1
G0	HPCLAS_TRAIN_N_004814	0	HPCLAS_TRAIN_N_004814	0	-2.131470734073224	-1.1242753267288208	0.2452191157518291	0
G0	HPCLAS_TRAIN_N_004816	0	HPCLAS_TRAIN_N_004816	0	-2.21435596304878	-2.6673943996429443	0.06492497467091032	0
G0	HPCLAS_TRAIN_N_004818	0	HPCLAS_TRAIN_N_004818	0	-1.7214052690067936	-2.8854482173919678	0.05287761547378487	0
G0	HPCLAS_TRAIN_N_004821	0	HPCLAS_TRAIN_N_004821	0	-2.936740845082292	-3.122627019882202	0.042183501839745695	0
G0	HPCLAS_TRAIN_N_004833	0	HPCLAS_TRAIN_N_004833	0	-1.3756181488860977	-1.3680607080459595	0.2029333489223336	0
G0	HPCLAS_TRAIN_N_004834	0	HPCLAS_TRAIN_N_004834	0	-2.3724270546176154	-3.3819072246551514	0.032865718548627985	0
G0	HPCLAS_TRAIN_N_004837	0	HPCLAS_TRAIN_N_004837	0	-2.6545796836280777	-2.7974987030029297	0.05745949103202275	0
G0	HPCLAS_TRAIN_N_004856	0	HPCLAS_TRAIN_N_004856	0	-2.872749331943497	-3.518270254135132	0.028796833314960208	0
G0	HPCLAS_TRAIN_N_004863	0	HPCLAS_TRAIN_N_004863	0	2.669407200362883	1.5221301317214966	0.8208519391703191	1
G0	HPCLAS_TRAIN_N_004879	0	HPCLAS_TRAIN_N_004879	0	-2.0260930613237176	-2.398437738418579	0.08329190435244353	0
G0	HPCLAS_TRAIN_N_004882	0	HPCLAS_TRAIN_N_004882	0	-2.581673261448125	-3.288280725479126	0.03597542482943337	0
G0	HPCLAS_TRAIN_N_004884	0	HPCLAS_TRAIN_N_004884	0	-2.7815456888136336	-3.0857019424438477	0.04370090380001754	0
G0	HPCLAS_TRAIN_N_004897	0	HPCLAS_TRAIN_N_004897	0	-2.033657102864002	-1.3159452676773071	0.21149368628188067	0
G0	HPCLAS_TRAIN_N_004900	0	HPCLAS_TRAIN_N_004900	0	-0.0601591043791	-1.2980985641479492	0.21448519941938485	0
G0	HPCLAS_TRAIN_N_004904	0	HPCLAS_TRAIN_N_004904	0	-1.915625820429855	-3.170713424682617	0.04028282529171941	0
G0	HPCLAS_TRAIN_N_004915	0	HPCLAS_TRAIN_N_004915	0	0.3990754311737063	0.5647627711296082	0.637553835814508	1
G0	HPCLAS_TRAIN_N_004919	0	HPCLAS_TRAIN_N_004919	0	-0.1771103753395739	1.9610905647277832	0.8766509280947635	1
G0	HPCLAS_TRAIN_N_004920	0	HPCLAS_TRAIN_N_004920	0	-1.7964844427005662	-2.429506301879883	0.0809501894030295	0
G0	HPCLAS_TRAIN_N_004924	0	HPCLAS_TRAIN_N_004924	0	-1.838515771008278	-1.9552558660507202	0.12398138948471106	0
G0	HPCLAS_TRAIN_N_004926	0	HPCLAS_TRAIN_N_004926	0	2.906665478961525	1.5123251676559448	0.8194055409630131	1
G0	HPCLAS_TRAIN_N_004931	0	HPCLAS_TRAIN_N_004931	0	-1.1474139894337982	-2.9453155994415283	0.04995837695901954	0
G0	HPCLAS_TRAIN_N_004935	0	HPCLAS_TRAIN_N_004935	0	-1.3072573731595336	-1.07136869430542	0.25514288351189973	0
G0	HPCLAS_TRAIN_N_004937	0	HPCLAS_TRAIN_N_004937	0	-2.902849623137746	-3.029299020767212	0.04611965514954279	0
G0	HPCLAS_TRAIN_N_004938	0	HPCLAS_TRAIN_N_004938	0	-1.4132682568616104	-1.3061470985412598	0.21313228815311386	0
G0	HPCLAS_TRAIN_N_004939	0	HPCLAS_TRAIN_N_004939	0	-2.783961108592756	-3.1594033241271973	0.04072235575849029	0
G0	HPCLAS_TRAIN_N_004948	0	HPCLAS_TRAIN_N_004948	0	0.4648817589500185	-0.643413782119751	0.34447525749391295	0
G0	HPCLAS_TRAIN_N_004949	0	HPCLAS_TRAIN_N_004949	0	-2.790859282024888	-3.558917760848999	0.02768153619569009	0
G0	HPCLAS_TRAIN_N_004954	0	HPCLAS_TRAIN_N_004954	0	-2.954310644622069	-1.2229264974594116	0.2274218514674575	0
G0	HPCLAS_TRAIN_N_004956	0	HPCLAS_TRAIN_N_004956	0	-0.1025923543177628	-0.9229575395584106	0.28435565868646906	0
G0	HPCLAS_TRAIN_N_004962	0	HPCLAS_TRAIN_N_004962	0	-2.435818094932444	-2.905444383621216	0.05188508304937731	0
G0	HPCLAS_TRAIN_N_004983	0	HPCLAS_TRAIN_N_004983	0	-1.9238553882835971	-2.3555102348327637	0.08662878505216623	0
G0	HPCLAS_TRAIN_N_004992	0	HPCLAS_TRAIN_N_004992	0	-1.128567637426956	-2.783785104751587	0.058206713738063576	0
G0	HPCLAS_TRAIN_N_004993	0	HPCLAS_TRAIN_N_004993	0	-0.4405370577228997	0.14279888570308685	0.5356391805709406	1
G0	HPCLAS_TRAIN_N_004999	0	HPCLAS_TRAIN_N_004999	0	-1.914744237838492	-2.2640745639801025	0.09414231691411709	0
G0	HPCLAS_TRAIN_N_005002	0	HPCLAS_TRAIN_P_001569	0	-1.1250815726091865	-0.3835322856903076	0.40527523599295456	0
G0	HPCLAS_TRAIN_N_005013	0	HPCLAS_TRAIN_N_005013	0	0.1782998890815281	-2.010460615158081	0.11810899203608477	0
G0	HPCLAS_TRAIN_N_005014	0	HPCLAS_TRAIN_N_005014	0	1.518046855006024	0.5122994780540466	0.6253453709079447	1
G0	HPCLAS_TRAIN_N_005020	0	HPCLAS_TRAIN_N_005020	0	-1.956205168478872	-2.3790347576141357	0.08478543550193597	0
G0	HPCLAS_TRAIN_N_005026	0	HPCLAS_TRAIN_N_005026	0	-2.1366247463273544	-2.260044813156128	0.09448653471929956	0
G0	HPCLAS_TRAIN_N_005042	0	HPCLAS_TRAIN_N_005042	0	-0.4030220128149946	0.01876722276210785	0.5046916679874979	1
G0	HPCLAS_TRAIN_N_005043	0	HPCLAS_TRAIN_N_005043	0	-2.626858268681935	-2.9062259197235107	0.051846650389088686	0
G0	HPCLAS_TRAIN_N_005047	0	HPCLAS_TRAIN_N_005047	0	-2.677795950571515	-3.1656882762908936	0.040477547555229004	0
G0	HPCLAS_TRAIN_N_005052	0	HPCLAS_TRAIN_N_005052	0	-2.771163780487499	-3.2344014644622803	0.03789146183733861	0
G0	HPCLAS_TRAIN_N_005058	0	HPCLAS_TRAIN_N_005058	0	-2.8400751842168312	-3.0425527095794678	0.04554008542467824	0
G0	HPCLAS_TRAIN_N_005060	0	HPCLAS_TRAIN_N_005060	0	-1.392830419316469	-1.4624732732772827	0.18808933595048483	0
G0	HPCLAS_TRAIN_N_005066	0	HPCLAS_TRAIN_N_005066	0	-2.0418419815611464	-2.631056070327759	0.06716625230431501	0
G0	HPCLAS_TRAIN_N_005068	0	HPCLAS_TRAIN_N_005068	0	-2.233468324364242	-3.0376906394958496	0.04575188865404022	0
G0	HPCLAS_TRAIN_N_005076	0	HPCLAS_TRAIN_N_005076	0	-1.2054687647241829	-2.631622552871704	0.06713076807205529	0
G0	HPCLAS_TRAIN_N_005079	0	HPCLAS_TRAIN_N_005079	0	-2.211531857330208	-2.3874595165252686	0.08413398330518396	0
G0	HPCLAS_TRAIN_N_005090	0	HPCLAS_TRAIN_N_005090	0	-2.340601449325608	-3.0825884342193604	0.04383120585564469	0
G0	HPCLAS_TRAIN_N_005092	0	HPCLAS_TRAIN_N_005092	0	1.159067834840272	1.9239131212234497	0.8725741624396572	1
G0	HPCLAS_TRAIN_N_005094	0	HPCLAS_TRAIN_N_005094	0	0.7601307467737874	0.8097936511039734	0.6920655308598374	1
G0	HPCLAS_TRAIN_N_005110	0	HPCLAS_TRAIN_N_005110	0	-1.477637155338378	-1.499449610710144	0.18250762676486576	0
G0	HPCLAS_TRAIN_P_000004	1	HPCLAS_TRAIN_P_000004	0	1.3773961235031562	1.2102572917938232	0.7703444706989535	1
G0	HPCLAS_TRAIN_P_000006	1	HPCLAS_TRAIN_P_000006	0	3.85472552684315	3.5052502155303955	0.9708367851642509	1
G0	HPCLAS_TRAIN_P_000017	1	HPCLAS_TRAIN_P_000017	0	1.6883144579428306	0.9107210040092468	0.7131476798125375	1
G0	HPCLAS_TRAIN_P_000029	1	HPCLAS_TRAIN_P_000029	0	2.025131475401673	1.5773111581802368	0.828823375257767	1
G0	HPCLAS_TRAIN_P_000031	1	HPCLAS_TRAIN_P_000031	0	3.2405472168138783	3.2171218395233154	0.9614735426793044	1
G0	HPCLAS_TRAIN_P_000036	1	HPCLAS_TRAIN_P_000036	0	3.40121937004176	2.8241188526153564	0.943965331065801	1
G0	HPCLAS_TRAIN_P_000037	1	HPCLAS_TRAIN_P_000037	0	2.530883546138766	2.732130765914917	0.9388961938796199	1
G0	HPCLAS_TRAIN_P_000040	1	HPCLAS_TRAIN_P_000040	0	2.7068646996143637	2.857225179672241	0.9456909620718996	1
G0	HPCLAS_TRAIN_P_000043	1	HPCLAS_TRAIN_P_000043	0	2.853987849869572	2.949439525604248	0.9502369921712933	1
G0	HPCLAS_TRAIN_P_000051	1	HPCLAS_TRAIN_P_000051	0	-0.4569149739442516	-0.45567554235458374	0.38801220543557513	0
G0	HPCLAS_TRAIN_P_000062	1	HPCLAS_TRAIN_P_000062	0	3.2665059867647304	3.3335623741149902	0.9655624211257481	1
G0	HPCLAS_TRAIN_P_000068	1	HPCLAS_TRAIN_P_000068	0	2.1856576915275108	2.7099573612213135	0.9376116544668467	1
G0	HPCLAS_TRAIN_P_000081	1	HPCLAS_TRAIN_P_000081	0	2.8042192582395806	2.947467565536499	0.9501436619510859	1
G0	HPCLAS_TRAIN_P_000094	1	HPCLAS_TRAIN_P_000094	0	2.8056749787838875	2.383197546005249	0.9155370260042919	1
G0	HPCLAS_TRAIN_P_000105	1	HPCLAS_TRAIN_P_000105	0	2.805426686645964	2.638183355331421	0.9332789321117408	1
G0	HPCLAS_TRAIN_P_000107	1	HPCLAS_TRAIN_P_000107	0	-1.630109152710331	-0.22288720309734344	0.4445077412015592	0
G0	HPCLAS_TRAIN_P_000111	1	HPCLAS_TRAIN_P_000111	0	2.0692198465178007	2.3659026622772217	0.9141899831170193	1
G0	HPCLAS_TRAIN_P_000118	1	HPCLAS_TRAIN_P_000118	0	3.122232798671241	2.799359083175659	0.9426411803363411	1
G0	HPCLAS_TRAIN_P_000127	1	HPCLAS_TRAIN_P_000127	0	2.730616728733039	1.0857877731323242	0.7475877022616828	1
G0	HPCLAS_TRAIN_P_000151	1	HPCLAS_TRAIN_P_000151	0	1.3217513477847664	2.089745283126831	0.8899024719596502	1
G0	HPCLAS_TRAIN_P_000162	1	HPCLAS_TRAIN_P_000162	0	3.239925848503202	3.2524237632751465	0.9627601095718473	1
G0	HPCLAS_TRAIN_P_000163	1	HPCLAS_TRAIN_P_000163	0	3.2031927364630497	2.62443470954895	0.9324176958248412	1
G0	HPCLAS_TRAIN_P_000170	1	HPCLAS_TRAIN_P_000170	0	1.3421075186896787	0.11303602904081345	0.5282289565390963	1
G0	HPCLAS_TRAIN_P_000173	1	HPCLAS_TRAIN_P_000173	0	0.6697044390473423	0.07761871069669724	0.5193949413176376	1
G0	HPCLAS_TRAIN_P_000174	1	HPCLAS_TRAIN_P_000174	0	3.5455801028119978	3.4894726276397705	0.9703867448439252	1
G0	HPCLAS_TRAIN_P_000180	1	HPCLAS_TRAIN_N_004259	0	3.4883986933265003	3.425755739212036	0.9684998414263263	1
G0	HPCLAS_TRAIN_P_000184	1	HPCLAS_TRAIN_P_000184	0	2.988220504305508	1.8856903314590454	0.8682633635212691	1
G0	HPCLAS_TRAIN_P_000190	1	HPCLAS_TRAIN_P_000190	0	3.7647332871711607	3.160351514816284	0.9593146682796256	1
G0	HPCLAS_TRAIN_P_000201	1	HPCLAS_TRAIN_P_000201	0	3.4051426891344976	3.699662923812866	0.9758650408812545	1
G0	HPCLAS_TRAIN_P_000203	1	HPCLAS_TRAIN_P_000203	0	0.4796389253462277	2.1702373027801514	0.8975447905368065	1
G0	HPCLAS_TRAIN_P_000206	1	HPCLAS_TRAIN_P_000206	0	3.691315495501569	2.861052989959717	0.9458872216856984	1
G0	HPCLAS_TRAIN_P_000208	1	HPCLAS_TRAIN_P_000208	0	2.598825522141846	3.4280502796173096	0.9685697678313134	1
G0	HPCLAS_TRAIN_P_000212	1	HPCLAS_TRAIN_P_000212	0	4.209747317097013	2.9820306301116943	0.9517556968772379	1
G0	HPCLAS_TRAIN_P_000224	1	HPCLAS_TRAIN_P_000224	0	0.0160032349795431	1.350854516029358	0.7942692959997361	1
G0	HPCLAS_TRAIN_P_000232	1	HPCLAS_TRAIN_P_000232	0	3.6418989334478025	3.276228427886963	0.9636042414495367	1
G0	HPCLAS_TRAIN_P_000237	1	HPCLAS_TRAIN_P_000237	0	0.5510781980146063	2.4614009857177734	0.9213911953935607	1
G0	HPCLAS_TRAIN_P_000255	1	HPCLAS_TRAIN_P_000255	0	3.6902063529527913	2.9474079608917236	0.950140838362559	1
G0	HPCLAS_TRAIN_P_000260	1	HPCLAS_TRAIN_P_000260	0	2.7645449749870794	2.824443817138672	0.9439825175146418	1
G0	HPCLAS_TRAIN_P_000261	1	HPCLAS_TRAIN_P_000261	0	1.825275056120497	2.2817554473876953	0.9073547190952922	1
G0	HPCLAS_TRAIN_P_000269	1	HPCLAS_TRAIN_P_000269	0	2.423864069306481	2.7418534755706787	0.939451612515001	1
G0	HPCLAS_TRAIN_P_000273	1	HPCLAS_TRAIN_P_000273	0	2.5800603100109587	3.046783685684204	0.9546434657621428	1
G0	HPCLAS_TRAIN_P_000280	1	HPCLAS_TRAIN_P_000280	0	3.2829685730971163	2.5802290439605713	0.9295782643761897	1
G0	HPCLAS_TRAIN_P_000288	1	HPCLAS_TRAIN_P_000288	0	-0.3948258333870569	1.73695969581604	0.8503004784630324	1
G0	HPCLAS_TRAIN_P_000293	1	HPCLAS_TRAIN_P_000293	0	1.9650939891558363	1.7003499269485474	0.8455804318611926	1
G0	HPCLAS_TRAIN_P_000303	1	HPCLAS_TRAIN_P_000303	0	1.471805929293793	1.5803861618041992	0.8292592009534692	1
G0	HPCLAS_TRAIN_P_000310	1	HPCLAS_TRAIN_P_000310	0	2.59269010123678	2.2051076889038086	0.9007072462580634	1
G0	HPCLAS_TRAIN_P_000311	1	HPCLAS_TRAIN_P_000311	0	3.008848888894651	3.3628060817718506	0.9665216934954183	1
G0	HPCLAS_TRAIN_P_000312	1	HPCLAS_TRAIN_P_000312	0	2.9210012070397178	2.9286866188049316	0.949246436785307	1
G0	HPCLAS_TRAIN_P_000322	1	HPCLAS_TRAIN_P_000322	0	3.4617887923469013	3.38411808013916	0.9672044822082717	1
G0	HPCLAS_TRAIN_P_000324	1	HPCLAS_TRAIN_P_000324	0	-0.4464430954977248	-1.7404884099960327	0.14925090801073562	0
G0	HPCLAS_TRAIN_P_000328	1	HPCLAS_TRAIN_P_000328	0	2.693838339593481	2.664588212966919	0.9349044543767286	1
G0	HPCLAS_TRAIN_P_000340	1	HPCLAS_TRAIN_P_000340	0	3.3941627478741987	3.920973539352417	0.9805634785514475	1
G0	HPCLAS_TRAIN_P_000341	1	HPCLAS_TRAIN_P_000341	0	3.340389741374033	2.971775770187378	0.951282639239732	1
G0	HPCLAS_TRAIN_P_000342	1	HPCLAS_TRAIN_P_000342	0	3.3600351103067463	3.834669351577759	0.9788485682350645	1
G0	HPCLAS_TRAIN_P_000343	1	HPCLAS_TRAIN_P_000343	0	0.851504040347539	1.4217275381088257	0.8056090970356393	1
G0	HPCLAS_TRAIN_P_000344	1	HPCLAS_TRAIN_P_000344	0	1.1496822806576164	1.8772062063217163	0.8672898958572507	1
G0	HPCLAS_TRAIN_P_000348	1	HPCLAS_TRAIN_P_000348	0	2.7773747159096707	2.050074815750122	0.8859551782171708	1
G0	HPCLAS_TRAIN_P_000350	1	HPCLAS_TRAIN_P_000350	0	1.9323881802946647	2.569873094558716	0.9288973146363663	1
G0	HPCLAS_TRAIN_P_000371	1	HPCLAS_TRAIN_P_000371	0	1.5648924149387338	2.468165874481201	0.9218797779882978	1
G0	HPCLAS_TRAIN_P_000386	1	HPCLAS_TRAIN_P_000386	0	2.6364041010748123	2.633284091949463	0.9329732097222834	1
G0	HPCLAS_TRAIN_P_000395	1	HPCLAS_TRAIN_P_000395	0	2.6689243941576444	2.5350377559661865	0.9265618847860282	1
G0	HPCLAS_TRAIN_P_000400	1	HPCLAS_TRAIN_P_000400	0	1.5657369071269651	2.573815107345581	0.9291572333374785	1
G0	HPCLAS_TRAIN_P_000402	1	HPCLAS_TRAIN_P_000402	0	-0.8240802072216076	-1.0704230070114136	0.25532264825921686	0
G0	HPCLAS_TRAIN_P_000403	1	HPCLAS_TRAIN_P_000403	0	2.796320926559269	2.720930576324463	0.9382504700880611	1
G0	HPCLAS_TRAIN_P_000421	1	HPCLAS_TRAIN_P_000421	0	1.8543157337974137	0.650718092918396	0.6571722650216772	1
G0	HPCLAS_TRAIN_P_000437	1	HPCLAS_TRAIN_P_000437	0	2.675756611347426	2.6847028732299805	0.9361179382782381	1
G0	HPCLAS_TRAIN_P_000438	1	HPCLAS_TRAIN_P_000438	0	-0.2302343116591363	0.7428044080734253	0.677608798423085	1
G0	HPCLAS_TRAIN_P_000452	1	HPCLAS_TRAIN_P_000452	0	1.588864715047505	2.1160888671875	0.8924571249199466	1
G0	HPCLAS_TRAIN_P_000454	1	HPCLAS_TRAIN_P_000454	0	1.9491931936983429	1.4910355806350708	0.8162336566897215	1
G0	HPCLAS_TRAIN_P_000465	1	HPCLAS_TRAIN_P_000465	0	2.0888774536290984	2.641986846923828	0.9335153831755763	1
G0	HPCLAS_TRAIN_P_000466	1	HPCLAS_TRAIN_P_000466	0	0.8509073438323397	1.6920362710952759	0.8444917616700501	1
G0	HPCLAS_TRAIN_P_000467	1	HPCLAS_TRAIN_P_000467	0	1.4361838114723628	1.6124194860458374	0.8337470293179254	1
G0	HPCLAS_TRAIN_P_000478	1	HPCLAS_TRAIN_P_000478	0	2.906313771594802	3.5892698764801025	0.9731237922492221	1
G0	HPCLAS_TRAIN_P_000484	1	HPCLAS_TRAIN_P_000484	0	2.6786609363981557	2.586679697036743	0.9299993719737106	1
G0	HPCLAS_TRAIN_P_000485	1	HPCLAS_TRAIN_P_000485	0	3.1091688455035587	2.774385452270508	0.9412758647171314	1
G0	HPCLAS_TRAIN_P_000500	1	HPCLAS_TRAIN_P_000500	0	2.260966131382893	2.906581163406372	0.9481708101042633	1
G0	HPCLAS_TRAIN_P_000503	1	HPCLAS_TRAIN_P_000503	0	2.9965488070685597	2.903795003890991	0.9480337189826195	1
G0	HPCLAS_TRAIN_P_000514	1	HPCLAS_TRAIN_P_000514	0	1.880977342964321	2.6725356578826904	0.935386452392941	1
G0	HPCLAS_TRAIN_P_000518	1	HPCLAS_TRAIN_P_000518	0	4.227858909992909	3.7560112476348877	0.9771571927911341	1
G0	HPCLAS_TRAIN_P_000521	1	HPCLAS_TRAIN_P_000521	0	2.7691875030611803	2.632828712463379	0.9329447273152764	1
G0	HPCLAS_TRAIN_P_000526	1	HPCLAS_TRAIN_P_000526	0	2.800941350145417	2.944183111190796	0.9499878448716745	1
G0	HPCLAS_TRAIN_P_000531	1	HPCLAS_TRAIN_P_000531	0	-0.9523129259313192	-1.163651466369629	0.23800442795213797	0
G0	HPCLAS_TRAIN_P_000533	1	HPCLAS_TRAIN_P_000533	0	3.796449133054077	2.758946180343628	0.9404166125266201	1
G0	HPCLAS_TRAIN_P_000534	1	HPCLAS_TRAIN_P_000534	0	3.791042575174126	2.707331895828247	0.9374578985714297	1
G0	HPCLAS_TRAIN_P_000546	1	HPCLAS_TRAIN_P_000546	0	2.753388329422205	2.8980000019073486	0.9477474812772002	1
G0	HPCLAS_TRAIN_P_000552	1	HPCLAS_TRAIN_P_000552	0	2.210069381315837	2.9654464721679688	0.9509884751423647	1
G0	HPCLAS_TRAIN_P_000556	1	HPCLAS_TRAIN_P_000556	0	3.052370732717879	3.3502416610717773	0.966112748451118	1
G0	HPCLAS_TRAIN_P_000568	1	HPCLAS_TRAIN_P_000568	0	2.665620016579887	2.6558640003204346	0.9343714964673198	1
G0	HPCLAS_TRAIN_P_000586	1	HPCLAS_TRAIN_P_000586	0	2.8268273930726084	3.2143619060516357	0.9613711784462714	1
G0	HPCLAS_TRAIN_P_000590	1	HPCLAS_TRAIN_P_000590	0	2.432720755952401	2.0909690856933594	0.8900223181150383	1
G0	HPCLAS_TRAIN_P_000593	1	HPCLAS_TRAIN_P_000593	0	2.2903093779005546	2.0082390308380127	0.8816594129988431	1
G0	HPCLAS_TRAIN_P_000609	1	HPCLAS_TRAIN_P_000609	0	1.126807223147501	1.2506611347198486	0.7774142857776198	1
G0	HPCLAS_TRAIN_P_000611	1	HPCLAS_TRAIN_P_000611	0	2.971798514990411	2.6047792434692383	0.9311685309815874	1
G0	HPCLAS_TRAIN_P_000614	1	HPCLAS_TRAIN_P_000614	0	2.7308377524417717	2.7833378314971924	0.9417687624815212	1
G0	HPCLAS_TRAIN_P_000619	1	HPCLAS_TRAIN_P_000619	0	2.912859113304522	2.2511911392211914	0.904753230810682	1
G0	HPCLAS_TRAIN_P_000636	1	HPCLAS_TRAIN_P_000636	0	2.8587981821911	3.2155988216400146	0.9614170871249781	1
G0	HPCLAS_TRAIN_P_000663	1	HPCLAS_TRAIN_P_000663	0	3.777035331160743	3.8637025356292725	0.9794413893553259	1
G0	HPCLAS_TRAIN_P_000666	1	HPCLAS_TRAIN_P_000666	0	3.7567183528432815	3.2597835063934326	0.9630230822198468	1
G0	HPCLAS_TRAIN_P_000681	1	HPCLAS_TRAIN_N_000621	0	2.1814265621422626	2.047146797180176	0.8856590008251872	1
G0	HPCLAS_TRAIN_P_000687	1	HPCLAS_TRAIN_P_000687	0	2.4776569866234937	2.1346936225891113	0.8942297668676329	1
G0	HPCLAS_TRAIN_P_000688	1	HPCLAS_TRAIN_P_000688	0	2.763986026413611	2.763036012649536	0.940645366590929	1
G0	HPCLAS_TRAIN_P_000689	1	HPCLAS_TRAIN_P_000689	0	2.529793848032885	2.818031072616577	0.9436424475723408	1
G0	HPCLAS_TRAIN_P_000690	1	HPCLAS_TRAIN_P_000690	0	3.067200012265564	2.683685541152954	0.9360570736573248	1
G0	HPCLAS_TRAIN_P_000715	1	HPCLAS_TRAIN_P_000715	0	2.840972255673449	3.3874504566192627	0.9673100206856129	1
G0	HPCLAS_TRAIN_P_000718	1	HPCLAS_TRAIN_P_000718	0	4.269101157262884	3.4631807804107666	0.9696217978720314	1
G0	HPCLAS_TRAIN_P_000724	1	HPCLAS_TRAIN_P_000724	0	1.2403554793446092	0.3732990622520447	0.5922559070030315	1
G0	HPCLAS_TRAIN_P_000733	1	HPCLAS_TRAIN_P_000733	0	-0.3352651288432898	-1.7423015832901	0.1490208265843599	0
G0	HPCLAS_TRAIN_P_000741	1	HPCLAS_TRAIN_P_000741	0	2.875841241679638	2.2726733684539795	0.906588430454109	1
G0	HPCLAS_TRAIN_P_000745	1	HPCLAS_TRAIN_P_000745	0	-0.3422670681555406	-0.8971710205078125	0.28963220028605524	0
G0	HPCLAS_TRAIN_P_000746	1	HPCLAS_TRAIN_P_000746	0	3.7483851014761695	2.2440381050109863	0.9041350321785319	1
G0	HPCLAS_TRAIN_P_000750	1	HPCLAS_TRAIN_P_000750	0	4.596307576643892	3.865915536880493	0.9794859029997663	1
G0	HPCLAS_TRAIN_P_000756	1	HPCLAS_TRAIN_P_000756	0	2.5191120066890744	2.430746078491211	0.9191419986690952	1
G0	HPCLAS_TRAIN_P_000758	1	HPCLAS_TRAIN_P_000758	0	4.054555772869314	3.9890224933624268	0.9818188681284766	1
G0	HPCLAS_TRAIN_P_000765	1	HPCLAS_TRAIN_P_000765	0	1.194593908575362	2.3597195148468018	0.9137036920248007	1
G0	HPCLAS_TRAIN_P_000772	1	HPCLAS_TRAIN_P_000772	0	3.2564756168466205	2.92159104347229	0.9489034969808564	1
G0	HPCLAS_TRAIN_P_000774	1	HPCLAS_TRAIN_P_000774	0	1.7192187805994337	2.140981435775757	0.8948230138954657	1
G0	HPCLAS_TRAIN_P_000780	1	HPCLAS_TRAIN_P_000780	0	1.806209304391208	2.845989227294922	0.9451109901706422	1
G0	HPCLAS_TRAIN_P_000785	1	HPCLAS_TRAIN_P_000785	0	2.699997572504657	3.250810384750366	0.9627022217740413	1
G0	HPCLAS_TRAIN_P_000786	1	HPCLAS_TRAIN_P_000786	0	4.328160134880116	2.3401763439178467	0.912150217023616	1
G0	HPCLAS_TRAIN_P_000790	1	HPCLAS_TRAIN_P_000790	0	3.561196996676306	3.081462860107422	0.9561215970697117	1
G0	HPCLAS_TRAIN_P_000818	1	HPCLAS_TRAIN_P_000818	0	3.2000535228523805	2.7725071907043457	0.9411719565692365	1
G0	HPCLAS_TRAIN_P_000821	1	HPCLAS_TRAIN_P_000821	0	2.716065721688381	3.1049821376800537	0.9570977861935106	1
G0	HPCLAS_TRAIN_P_000825	1	HPCLAS_TRAIN_P_000825	0	2.736567139559022	2.3467633724212646	0.912676619096395	1
G0	HPCLAS_TRAIN_P_000828	1	HPCLAS_TRAIN_P_000828	0	3.4620313296785463	3.464925527572632	0.9696731479521344	1
G0	HPCLAS_TRAIN_P_000829	1	HPCLAS_TRAIN_P_000829	0	2.456679257609637	2.132335662841797	0.8940065368117677	1
G0	HPCLAS_TRAIN_P_000833	1	HPCLAS_TRAIN_P_000833	0	2.0626452754617235	3.2268483638763428	0.9618322214725594	1
G0	HPCLAS_TRAIN_P_000851	1	HPCLAS_TRAIN_P_000851	0	2.7559380476771973	3.4392449855804443	0.9689087794162493	1
G0	HPCLAS_TRAIN_P_000855	1	HPCLAS_TRAIN_P_000855	0	-0.1090555905910296	0.05959225445985794	0.5148936563007966	1
G0	HPCLAS_TRAIN_P_000858	1	HPCLAS_TRAIN_P_000858	0	3.69304176083469	3.200904130935669	0.9608682870770268	1
G0	HPCLAS_TRAIN_P_000866	1	HPCLAS_TRAIN_P_000866	0	2.9035512697883714	2.4501116275787354	0.9205696135417587	1
G0	HPCLAS_TRAIN_P_000867	1	HPCLAS_TRAIN_P_000867	0	2.532843011161653	2.748521089553833	0.9398297721580604	1
G0	HPCLAS_TRAIN_P_000868	1	HPCLAS_TRAIN_P_000868	0	-1.5763871564335	-1.4415041208267212	0.19131253489434397	0
G0	HPCLAS_TRAIN_P_000887	1	HPCLAS_TRAIN_P_000887	0	3.360667331121695	3.1766042709350586	0.9599442997875455	1
G0	HPCLAS_TRAIN_P_000892	1	HPCLAS_TRAIN_P_000892	0	3.250441733603468	2.8752918243408203	0.9466114204108255	1
G0	HPCLAS_TRAIN_P_000900	1	HPCLAS_TRAIN_P_000900	0	3.751435509146359	3.1375038623809814	0.9584135057597861	1
G0	HPCLAS_TRAIN_P_000909	1	HPCLAS_TRAIN_P_000909	0	1.0141237549999875	2.1595215797424316	0.8965551863581959	1
G0	HPCLAS_TRAIN_P_000918	1	HPCLAS_TRAIN_P_000918	0	1.4277110680399443	-1.770464539527893	0.14548456842489477	0
G0	HPCLAS_TRAIN_P_000919	1	HPCLAS_TRAIN_P_000919	0	2.225192061000889	2.472332239151001	0.9221793020515511	1
G0	HPCLAS_TRAIN_P_000920	1	HPCLAS_TRAIN_P_000920	0	2.5245176080488023	2.676116704940796	0.9356025488410121	1
G0	HPCLAS_TRAIN_P_000925	1	HPCLAS_TRAIN_P_000925	0	3.459810135885187	3.536905527114868	0.97171979859731	1
G0	HPCLAS_TRAIN_P_000946	1	HPCLAS_TRAIN_P_000946	0	3.19204764726783	3.7561094760894775	0.9771593852470188	1
G0	HPCLAS_TRAIN_P_000949	1	HPCLAS_TRAIN_P_000949	0	3.026839165007824	3.1744935512542725	0.9598630611588242	1
G0	HPCLAS_TRAIN_P_000970	1	HPCLAS_TRAIN_P_000970	0	2.035509554299007	2.164527177810669	0.8970185048135783	1
G0	HPCLAS_TRAIN_P_000974	1	HPCLAS_TRAIN_P_000974	0	2.34518952405603	3.0183348655700684	0.9533955953411257	1
G0	HPCLAS_TRAIN_P_000980	1	HPCLAS_TRAIN_P_000980	0	1.606397724017183	1.5782774686813354	0.8289604271833704	1
G0	HPCLAS_TRAIN_P_000981	1	HPCLAS_TRAIN_P_000981	0	3.309829221760728	2.998516082763672	0.952507043358605	1
G0	HPCLAS_TRAIN_P_000985	1	HPCLAS_TRAIN_P_000985	0	1.3603611541733187	-0.2556803226470947	0.4364258754841163	0
G0	HPCLAS_TRAIN_P_000990	1	HPCLAS_TRAIN_P_000990	0	3.3631262428471795	3.072549343109131	0.9557461234430904	1
G0	HPCLAS_TRAIN_P_000998	1	HPCLAS_TRAIN_P_000998	0	2.75317134844714	3.525286912918091	0.9713987581397665	1
G0	HPCLAS_TRAIN_P_001003	1	HPCLAS_TRAIN_P_001003	0	2.7263344349172662	2.4808437824249268	0.922787939114929	1
G0	HPCLAS_TRAIN_P_001013	1	HPCLAS_TRAIN_P_001013	0	2.990744077081288	3.1092264652252197	0.9572717274125186	1
G0	HPCLAS_TRAIN_P_001024	1	HPCLAS_TRAIN_P_001024	0	2.797685036659796	1.9964004755020142	0.8804186326731106	1
G0	HPCLAS_TRAIN_P_001034	1	HPCLAS_TRAIN_P_001034	0	3.1959587767781445	2.7165114879608154	0.9379939470802069	1
G0	HPCLAS_TRAIN_P_001035	1	HPCLAS_TRAIN_P_001035	0	2.557526375572023	1.6665898561477661	0.8411206306825869	1
G0	HPCLAS_TRAIN_P_001043	1	HPCLAS_TRAIN_P_001043	0	0.7925626410548717	0.31270498037338257	0.5775453784684049	1
G0	HPCLAS_TRAIN_P_001044	1	HPCLAS_TRAIN_P_001044	0	2.588619278829212	2.315138101577759	0.9101230339702384	1
G0	HPCLAS_TRAIN_P_001051	1	HPCLAS_TRAIN_P_001051	0	2.1032284997924355	2.8970258235931396	0.9476992167822232	1
G0	HPCLAS_TRAIN_P_001060	1	HPCLAS_TRAIN_P_001060	0	2.5250924572669926	2.9062464237213135	0.948154357548968	1
G0	HPCLAS_TRAIN_P_001062	1	HPCLAS_TRAIN_P_001062	0	1.3043874422979085	2.9230854511260986	0.9489759057194087	1
G0	HPCLAS_TRAIN_P_001068	1	HPCLAS_TRAIN_P_001068	0	1.2129098332276915	2.3492841720581055	0.9128773129230878	1
G0	HPCLAS_TRAIN_P_001072	1	HPCLAS_TRAIN_P_001072	0	0.5372869220784804	0.13639439642429352	0.5340458346847884	1
G0	HPCLAS_TRAIN_P_001075	1	HPCLAS_TRAIN_P_001075	0	1.7869545946821197	2.3818700313568115	0.9154343140064791	1
G0	HPCLAS_TRAIN_P_001084	1	HPCLAS_TRAIN_P_001084	0	3.516985260660389	3.418775796890259	0.9682862002929601	1
G0	HPCLAS_TRAIN_P_001086	1	HPCLAS_TRAIN_P_001086	0	3.477862646513876	2.134464979171753	0.8942081391628456	1
G0	HPCLAS_TRAIN_P_001097	1	HPCLAS_TRAIN_P_001097	0	0.3448133830413926	1.3980835676193237	0.8018796035598225	1
G0	HPCLAS_TRAIN_P_001098	1	HPCLAS_TRAIN_P_001098	0	1.722385270225775	2.5843923091888428	0.9298503152458581	1
G0	HPCLAS_TRAIN_P_001100	1	HPCLAS_TRAIN_P_001100	0	-1.484419393303433	-0.9418563842773438	0.28052551417290755	0
G0	HPCLAS_TRAIN_P_001105	1	HPCLAS_TRAIN_P_001105	0	3.2171921534407844	3.1703813076019287	0.9597043330617832	1
G0	HPCLAS_TRAIN_P_001111	1	HPCLAS_TRAIN_P_001111	0	3.404031756876595	2.7421696186065674	0.9394695929536057	1
G0	HPCLAS_TRAIN_P_001115	1	HPCLAS_TRAIN_P_001115	0	2.367941580071601	2.277646541595459	0.9070087370990723	1
G0	HPCLAS_TRAIN_P_001118	1	HPCLAS_TRAIN_P_001118	0	1.4584956666155664	1.572808861732483	0.8281836651184707	1
G0	HPCLAS_TRAIN_P_001119	1	HPCLAS_TRAIN_P_001119	0	3.042813079113931	2.624682664871216	0.9324333190384833	1
G0	HPCLAS_TRAIN_P_001135	1	HPCLAS_TRAIN_P_001135	0	0.9351465941538618	-0.4504205584526062	0.3892607791643946	0
G0	HPCLAS_TRAIN_P_001139	1	HPCLAS_TRAIN_P_001139	0	1.825260595837069	1.608008861541748	0.8331347594858113	1
G0	HPCLAS_TRAIN_P_001151	1	HPCLAS_TRAIN_P_001151	0	3.550467955592058	3.132582187652588	0.9582168991063453	1
G0	HPCLAS_TRAIN_P_001152	1	HPCLAS_TRAIN_P_001152	0	3.621472538291195	3.148716688156128	0.9588581259486744	1
G0	HPCLAS_TRAIN_P_001158	1	HPCLAS_TRAIN_P_001158	0	2.334970891745789	2.1507961750030518	0.8957431529906882	1
G0	HPCLAS_TRAIN_P_001165	1	HPCLAS_TRAIN_P_001165	0	0.5629830511935627	0.5506600141525269	0.6342887057778018	1
G0	HPCLAS_TRAIN_P_001166	1	HPCLAS_TRAIN_P_001166	0	2.2515277661291955	2.2159767150878906	0.9016750787888955	1
G0	HPCLAS_TRAIN_P_001170	1	HPCLAS_TRAIN_P_001170	0	1.8877544212158672	2.0647518634796143	0.887429747142627	1
G0	HPCLAS_TRAIN_P_001171	1	HPCLAS_TRAIN_P_001171	0	2.727573454645208	2.7427656650543213	0.9395034791378442	1
G0	HPCLAS_TRAIN_P_001178	1	HPCLAS_TRAIN_P_001178	0	3.6777750012729777	3.4278502464294434	0.9685636777756635	1
G0	HPCLAS_TRAIN_P_001179	1	HPCLAS_TRAIN_P_001179	0	2.926358808101671	2.597362756729126	0.9306916581841849	1
G0	HPCLAS_TRAIN_P_001184	1	HPCLAS_TRAIN_P_001184	0	2.726540155468947	2.604771852493286	0.9311680572650979	1
G0	HPCLAS_TRAIN_P_001185	1	HPCLAS_TRAIN_P_001185	0	1.7337735618630772	3.05664324760437	0.9550684695207591	1
G0	HPCLAS_TRAIN_P_001188	1	HPCLAS_TRAIN_P_001188	0	3.213752307274273	2.699692964553833	0.9370085240524407	1
G0	HPCLAS_TRAIN_P_001192	1	HPCLAS_TRAIN_P_001192	0	4.170238395113621	3.5184316635131836	0.9712076805707194	1
G0	HPCLAS_TRAIN_P_001193	1	HPCLAS_TRAIN_P_001193	0	2.9364765317744754	2.8951187133789062	0.9476046093317964	1
G0	HPCLAS_TRAIN_P_001196	1	HPCLAS_TRAIN_P_001196	0	1.220708377287105	1.6513618230819702	0.8390750197701705	1
G0	HPCLAS_TRAIN_P_001198	1	HPCLAS_TRAIN_P_001198	0	0.7151488885920613	0.43440645933151245	0.6069253978693256	1
G0	HPCLAS_TRAIN_P_001209	1	HPCLAS_TRAIN_P_001209	0	2.2715210866611857	1.941346526145935	0.8744999989309405	1
G0	HPCLAS_TRAIN_P_001214	1	HPCLAS_TRAIN_P_001214	0	3.726807007163928	3.3028452396392822	0.9645262902999693	1
G0	HPCLAS_TRAIN_P_001222	1	HPCLAS_TRAIN_P_001222	0	3.3906820722068622	3.234229564666748	0.9621022709376346	1
G0	HPCLAS_TRAIN_P_001233	1	HPCLAS_TRAIN_P_001233	0	2.305469359538102	3.0050017833709717	0.9527995798647688	1
G0	HPCLAS_TRAIN_P_001240	1	HPCLAS_TRAIN_P_001240	0	2.852795417708479	3.0597174167633057	0.9552002059854262	1
G0	HPCLAS_TRAIN_P_001243	1	HPCLAS_TRAIN_P_001243	0	1.801956026892855	2.1506266593933105	0.8957273213139234	1
G0	HPCLAS_TRAIN_P_001245	1	HPCLAS_TRAIN_P_001245	0	2.0059180473528406	2.0734522342681885	0.8882959731221743	1
G0	HPCLAS_TRAIN_P_001246	1	HPCLAS_TRAIN_P_001246	0	0.5392364205505993	-0.05502425134181976	0.4862474068469187	0
G0	HPCLAS_TRAIN_P_001248	1	HPCLAS_TRAIN_P_001248	0	2.5454916439520225	2.8784799575805664	0.9467723138255172	1
G0	HPCLAS_TRAIN_P_001250	1	HPCLAS_TRAIN_P_001250	0	2.945897803341609	2.6678013801574707	0.9350997286286408	1
G0	HPCLAS_TRAIN_P_001266	1	HPCLAS_TRAIN_P_001266	0	3.653225811599818	3.486365556716919	0.9702973284775208	1
G0	HPCLAS_TRAIN_P_001276	1	HPCLAS_TRAIN_P_001276	0	0.4449665290000177	-0.6091129779815674	0.35226156617633536	0
G0	HPCLAS_TRAIN_P_001278	1	HPCLAS_TRAIN_P_001278	0	1.84377651455534	2.791433095932007	0.9422111252922992	1
G0	HPCLAS_TRAIN_P_001287	1	HPCLAS_TRAIN_P_001287	0	3.377648213600817	3.137061595916748	0.9583958747455454	1
G0	HPCLAS_TRAIN_P_001288	1	HPCLAS_TRAIN_P_001288	0	2.96648015587905	2.820984125137329	0.9437992893844535	1
G0	HPCLAS_TRAIN_P_001301	1	HPCLAS_TRAIN_P_001301	0	-2.0699808251894942	-2.0063533782958984	0.11853747025317464	0
G0	HPCLAS_TRAIN_P_001303	1	HPCLAS_TRAIN_P_001303	0	3.340790296854065	2.9043900966644287	0.9480630288807175	1
G0	HPCLAS_TRAIN_P_001304	1	HPCLAS_TRAIN_P_001304	0	3.287791835716674	2.7325284481048584	0.9389190049771753	1
G0	HPCLAS_TRAIN_P_001312	1	HPCLAS_TRAIN_P_001312	0	2.6671031606879154	1.9569146633148193	0.8761986601484847	1
G0	HPCLAS_TRAIN_P_001331	1	HPCLAS_TRAIN_P_001331	0	3.624387686306416	2.727837562561035	0.9386494276454681	1
G0	HPCLAS_TRAIN_P_001345	1	HPCLAS_TRAIN_P_001345	0	1.047688679752687	-0.45137614011764526	0.38903362626803834	0
G0	HPCLAS_TRAIN_P_001351	1	HPCLAS_TRAIN_P_001351	0	2.897235731957181	2.726947546005249	0.9385981545333002	1
G0	HPCLAS_TRAIN_P_001359	1	HPCLAS_TRAIN_P_001359	0	0.5621998946907287	1.1435039043426514	0.7583223790806206	1
G0	HPCLAS_TRAIN_P_001360	1	HPCLAS_TRAIN_P_001360	0	3.016927442996269	2.4886200428009033	0.9233401820578099	1
G0	HPCLAS_TRAIN_P_001364	1	HPCLAS_TRAIN_P_001364	0	3.2938816668476067	3.1000425815582275	0.9568945014722684	1
G0	HPCLAS_TRAIN_P_001368	1	HPCLAS_TRAIN_P_001368	0	3.014789924820481	3.306689977645874	0.9646576045761133	1
G0	HPCLAS_TRAIN_P_001382	1	HPCLAS_TRAIN_P_001382	0	1.7197919258540904	2.522399663925171	0.9256972768065604	1
G0	HPCLAS_TRAIN_P_001383	1	HPCLAS_TRAIN_P_001383	0	3.350836688809132	3.218890428543091	0.9615390016115556	1
G0	HPCLAS_TRAIN_P_001386	1	HPCLAS_TRAIN_P_001386	0	-2.043798680667026	-0.8681581020355225	0.2956377071368881	0
G0	HPCLAS_TRAIN_P_001390	1	HPCLAS_TRAIN_P_001390	0	2.887277995840256	2.3046507835388184	0.9092614831126276	1
G0	HPCLAS_TRAIN_P_001393	1	HPCLAS_TRAIN_P_001393	0	3.173165521764383	2.5721373558044434	0.9290467173564398	1
G0	HPCLAS_TRAIN_P_001397	1	HPCLAS_TRAIN_P_001397	0	2.904562949285053	2.8452281951904297	0.9450714973360453	1
G0	HPCLAS_TRAIN_P_001401	1	HPCLAS_TRAIN_P_001401	0	-1.1634028361833606	-2.2422738075256348	0.09601799715925488	0
G0	HPCLAS_TRAIN_P_001415	1	HPCLAS_TRAIN_P_001415	0	2.214268512296711	2.1682698726654053	0.8973637277655048	1
G0	HPCLAS_TRAIN_P_001422	1	HPCLAS_TRAIN_P_001422	0	2.865253961029731	2.863553762435913	0.9460150800517138	1
G0	HPCLAS_TRAIN_P_001435	1	HPCLAS_TRAIN_P_004508	0	3.6347081620969792	2.9419960975646973	0.9498838354824133	1
G0	HPCLAS_TRAIN_P_001436	1	HPCLAS_TRAIN_P_001436	0	2.220640107685015	1.9425204992294312	0.8746287855480976	1
G0	HPCLAS_TRAIN_P_001441	1	HPCLAS_TRAIN_P_001441	0	1.9456872803707037	2.6157214641571045	0.931866558152771	1
G0	HPCLAS_TRAIN_P_001446	1	HPCLAS_TRAIN_P_001446	0	3.551219571360211	3.350111722946167	0.9661084941614142	1
G0	HPCLAS_TRAIN_P_001448	1	HPCLAS_TRAIN_P_001448	0	-2.540197769367821	-2.0559372901916504	0.11345382448441511	0
G0	HPCLAS_TRAIN_P_001449	1	HPCLAS_TRAIN_P_001449	0	2.8144869485964703	2.478724479675293	0.9226368026701147	1
G0	HPCLAS_TRAIN_P_001451	1	HPCLAS_TRAIN_P_001451	0	3.8218484733571927	3.7064692974090576	0.9760248295836996	1
G0	HPCLAS_TRAIN_P_001452	1	HPCLAS_TRAIN_N_004054	0	1.3019435616409087	1.2859607934951782	0.7834627269235475	1
G0	HPCLAS_TRAIN_P_001454	1	HPCLAS_TRAIN_N_004714	0	3.5419932471216238	3.841273069381714	0.9789848604541354	1
G0	HPCLAS_TRAIN_P_001467	1	HPCLAS_TRAIN_P_001467	0	3.189037668862696	2.7544424533843994	0.940163753136511	1
G0	HPCLAS_TRAIN_P_001473	1	HPCLAS_TRAIN_P_001473	0	0.0487230821768223	1.0875946283340454	0.7479285038818765	1
G0	HPCLAS_TRAIN_P_001477	1	HPCLAS_TRAIN_N_004191	0	1.8980191872729588	0.9138922691345215	0.7137959806270235	1
G0	HPCLAS_TRAIN_P_001478	1	HPCLAS_TRAIN_P_001478	0	2.2731901457384454	2.802459955215454	0.9428086107766607	1
G0	HPCLAS_TRAIN_P_001480	1	HPCLAS_TRAIN_P_001480	0	1.7579333075130603	2.016214609146118	0.8824890239789743	1
G0	HPCLAS_TRAIN_P_001489	1	HPCLAS_TRAIN_P_001489	0	2.291388733875232	1.954338550567627	0.8759189465066121	1
G0	HPCLAS_TRAIN_P_001505	1	HPCLAS_TRAIN_P_000790	0	3.46371646758151	3.1205532550811768	0.9577326300605937	1
G0	HPCLAS_TRAIN_P_001509	1	HPCLAS_TRAIN_P_001509	0	0.147663337019226	1.8775962591171265	0.8673347837742182	1
G0	HPCLAS_TRAIN_P_001510	1	HPCLAS_TRAIN_P_001510	0	3.013572441811076	3.110297441482544	0.9573155116444578	1
G0	HPCLAS_TRAIN_P_001512	1	HPCLAS_TRAIN_P_001512	0	3.8302341814032106	3.064758539199829	0.9554154352441714	1
G0	HPCLAS_TRAIN_P_001515	1	HPCLAS_TRAIN_P_001515	0	2.8941920606167657	3.1287498474121094	0.9580631929259275	1
G0	HPCLAS_TRAIN_P_001521	1	HPCLAS_TRAIN_P_001521	0	4.277433474856427	3.296510934829712	0.9643089211269662	1
G0	HPCLAS_TRAIN_P_001529	1	HPCLAS_TRAIN_P_001529	0	1.6926574359784556	1.0346007347106934	0.7378068714969553	1
G0	HPCLAS_TRAIN_P_001536	1	HPCLAS_TRAIN_P_001536	0	0.8959270757461616	1.720636010169983	0.8482107403311535	1
G0	HPCLAS_TRAIN_P_001540	1	HPCLAS_TRAIN_P_001540	0	3.4064869280511583	3.140178918838501	0.9585199949901335	1
G0	HPCLAS_TRAIN_P_001543	1	HPCLAS_TRAIN_P_001543	0	2.127168918904826	1.974221110343933	0.8780637797992936	1
G0	HPCLAS_TRAIN_P_001555	1	HPCLAS_TRAIN_P_001555	0	3.063987631486506	2.78957200050354	0.9421097064724	1
G0	HPCLAS_TRAIN_P_001564	1	HPCLAS_TRAIN_P_001564	0	2.857279099571329	2.8837006092071533	0.9470347931377282	1
G0	HPCLAS_TRAIN_P_001569	1	HPCLAS_TRAIN_P_001569	0	0.5897007468424568	1.7973275184631348	0.8578233042024629	1
G0	HPCLAS_TRAIN_P_001576	1	HPCLAS_TRAIN_P_001576	0	3.009824197055208	2.815706968307495	0.9435187209856696	1
G0	HPCLAS_TRAIN_P_001582	1	HPCLAS_TRAIN_P_001582	0	3.724078521017551	2.734379768371582	0.939025092158108	1
G0	HPCLAS_TRAIN_P_001584	1	HPCLAS_TRAIN_P_001584	0	0.9402138604857498	2.0148262977600098	0.8823449766401772	1
G0	HPCLAS_TRAIN_P_001589	1	HPCLAS_TRAIN_P_001589	0	3.630211466398296	2.9096109867095947	0.9483195024636422	1
G0	HPCLAS_TRAIN_P_001591	1	HPCLAS_TRAIN_P_001591	0	3.2966130126682227	3.0811331272125244	0.9561077616756348	1
G0	HPCLAS_TRAIN_P_001593	1	HPCLAS_TRAIN_P_001593	0	2.873232995549338	2.7002265453338623	0.9370400105414934	1
G0	HPCLAS_TRAIN_P_001598	1	HPCLAS_TRAIN_P_001598	0	3.6814322907316654	3.426147222518921	0.968511782569074	1
G0	HPCLAS_TRAIN_P_001611	1	HPCLAS_TRAIN_P_001611	0	2.498833265510201	2.633228063583374	0.9329697059482551	1
G0	HPCLAS_TRAIN_P_001614	1	HPCLAS_TRAIN_P_001614	0	3.030591541401002	2.678846597671509	0.935766830565727	1
G0	HPCLAS_TRAIN_P_001618	1	HPCLAS_TRAIN_P_001618	0	1.1839458200277857	2.078857421875	0.8888311849377105	1
G0	HPCLAS_TRAIN_P_001622	1	HPCLAS_TRAIN_P_001622	0	1.1302169017518655	0.9659566879272461	0.7243128467904577	1
G0	HPCLAS_TRAIN_P_001624	1	HPCLAS_TRAIN_P_001624	0	0.1187736573703424	1.2254201173782349	0.7730159826018287	1
G0	HPCLAS_TRAIN_P_001633	1	HPCLAS_TRAIN_P_001633	0	-0.492112971862612	-1.2750420570373535	0.21839535692575013	0
G0	HPCLAS_TRAIN_P_001639	1	HPCLAS_TRAIN_P_001639	0	-1.027708576893999	0.13388881087303162	0.5334222897033054	1
G0	HPCLAS_TRAIN_P_001648	1	HPCLAS_TRAIN_P_001648	0	-0.6833752159931588	1.7438119649887085	0.8511706088674408	1
G0	HPCLAS_TRAIN_P_001652	1	HPCLAS_TRAIN_P_001652	0	1.6789262112962822	1.9284113645553589	0.8730734776801007	1
G0	HPCLAS_TRAIN_P_001661	1	HPCLAS_TRAIN_P_001661	0	3.397141096956358	2.945307731628418	0.9500412496132833	1
G0	HPCLAS_TRAIN_P_001663	1	HPCLAS_TRAIN_P_001663	0	1.7043224044087957	2.1517112255096436	0.8958285761990556	1
G0	HPCLAS_TRAIN_P_001664	1	HPCLAS_TRAIN_P_001664	0	0.573998921215474	0.2533787488937378	0.5630079506846147	1
G0	HPCLAS_TRAIN_P_001674	1	HPCLAS_TRAIN_P_001674	0	2.8415145760494367	1.7537882328033447	0.8524299720650383	1
G0	HPCLAS_TRAIN_P_001689	1	HPCLAS_TRAIN_P_001689	0	3.5451625038025227	3.392129421234131	0.9674576527670373	1
G0	HPCLAS_TRAIN_P_001706	1	HPCLAS_TRAIN_P_001706	0	2.3843068884119543	2.6769659519195557	0.9356536974030194	1
G0	HPCLAS_TRAIN_P_001713	1	HPCLAS_TRAIN_P_001713	0	0.8599325098072298	2.4017529487609863	0.9169608769789288	1
G0	HPCLAS_TRAIN_P_001714	1	HPCLAS_TRAIN_P_001714	0	2.515421819338114	2.7973601818084717	0.9425330064913685	1
G0	HPCLAS_TRAIN_P_001716	1	HPCLAS_TRAIN_P_001716	0	1.4364146119521082	2.15724778175354	0.8963441150443121	1
G0	HPCLAS_TRAIN_P_001719	1	HPCLAS_TRAIN_P_001719	0	3.4290195016428324	2.700040578842163	0.9370290383651918	1
G0	HPCLAS_TRAIN_P_001728	1	HPCLAS_TRAIN_P_001728	0	2.537824974195554	2.1244592666625977	0.8932578590361083	1
G0	HPCLAS_TRAIN_P_001729	1	HPCLAS_TRAIN_P_001729	0	2.642395821955154	2.7750167846679688	0.9413107522807367	1
G0	HPCLAS_TRAIN_P_001736	1	HPCLAS_TRAIN_P_001736	0	2.9286315565616747	2.7674479484558105	0.9408912139443862	1
G0	HPCLAS_TRAIN_P_001740	1	HPCLAS_TRAIN_P_001740	0	2.163805227849068	2.661329507827759	0.9347058544376557	1
G0	HPCLAS_TRAIN_P_001742	1	HPCLAS_TRAIN_P_001742	0	-0.3305930426673923	-2.5945353507995605	0.06949094501615681	0
G0	HPCLAS_TRAIN_P_001745	1	HPCLAS_TRAIN_P_001745	0	2.56142169862744	2.3701095581054688	0.9145194255106925	1
G0	HPCLAS_TRAIN_P_001747	1	HPCLAS_TRAIN_P_001747	0	2.96270290358962	1.9611701965332031	0.8766595387483839	1
G0	HPCLAS_TRAIN_P_001748	1	HPCLAS_TRAIN_P_001748	0	3.5567986123781505	2.4240548610687256	0.9186433107462577	1
G0	HPCLAS_TRAIN_P_001752	1	HPCLAS_TRAIN_P_001752	0	0.858904862575732	0.05648309737443924	0.5141170213679905	1
G0	HPCLAS_TRAIN_P_001762	1	HPCLAS_TRAIN_P_001762	0	3.416798317458544	2.9947547912597656	0.9523366025104438	1
G0	HPCLAS_TRAIN_P_001767	1	HPCLAS_TRAIN_P_001767	0	2.850950859454437	2.671152114868164	0.9353027825514637	1
G0	HPCLAS_TRAIN_P_001769	1	HPCLAS_TRAIN_P_001769	0	3.5301642148635963	2.6749179363250732	0.9355302848024362	1
G0	HPCLAS_TRAIN_P_001779	1	HPCLAS_TRAIN_P_001779	0	3.749899903762577	3.1348001956939697	0.9583056119029063	1
G0	HPCLAS_TRAIN_P_001792	1	HPCLAS_TRAIN_P_001792	0	3.265231731269761	2.7353484630584717	0.9390805330969099	1
G0	HPCLAS_TRAIN_P_001795	1	HPCLAS_TRAIN_P_001795	0	2.195168319579172	2.4283578395843506	0.9189643270226117	1
G0	HPCLAS_TRAIN_P_001803	1	HPCLAS_TRAIN_P_001803	0	1.3796116259427194	1.6065151691436768	0.8329270011862887	1
G0	HPCLAS_TRAIN_P_001804	1	HPCLAS_TRAIN_P_001804	0	3.586118037530964	3.4371447563171387	0.9688454485950392	1
G0	HPCLAS_TRAIN_P_001814	1	HPCLAS_TRAIN_P_001814	0	1.198031481262538	2.3275442123413086	0.9111326925035435	1
G0	HPCLAS_TRAIN_P_001815	1	HPCLAS_TRAIN_P_001815	0	2.617296380143876	2.5629396438598633	0.9284380163769081	1
G0	HPCLAS_TRAIN_P_001825	1	HPCLAS_TRAIN_P_001825	0	3.499218129131501	3.3258955478668213	0.965306574678914	1
G0	HPCLAS_TRAIN_P_001826	1	HPCLAS_TRAIN_P_001826	0	3.337104337307047	2.854848623275757	0.9455687738005306	1
G0	HPCLAS_TRAIN_P_001830	1	HPCLAS_TRAIN_P_001830	0	0.872360414853648	1.1761524677276611	0.7642553021432763	1
G0	HPCLAS_TRAIN_P_001840	1	HPCLAS_TRAIN_P_001840	0	2.893989363807336	2.56931471824646	0.9288604266706671	1
G0	HPCLAS_TRAIN_P_001841	1	HPCLAS_TRAIN_P_001841	0	2.5615435531293067	3.2049481868743896	0.9610200622049176	1
G0	HPCLAS_TRAIN_P_001847	1	HPCLAS_TRAIN_P_001847	0	1.2085436752650351	1.489967942237854	0.8160734608371387	1
G0	HPCLAS_TRAIN_P_001848	1	HPCLAS_TRAIN_P_001848	0	3.872024709815224	4.123475551605225	0.9840697279020678	1
G0	HPCLAS_TRAIN_P_001849	1	HPCLAS_TRAIN_P_001849	0	2.516863901441052	2.642127275466919	0.9335240982600379	1
G0	HPCLAS_TRAIN_P_001855	1	HPCLAS_TRAIN_P_001855	0	2.9242915385151758	3.071213960647583	0.955689608426579	1
G0	HPCLAS_TRAIN_P_001867	1	HPCLAS_TRAIN_P_001867	0	3.3755173470942843	3.2972803115844727	0.9643353914831596	1
G0	HPCLAS_TRAIN_P_001878	1	HPCLAS_TRAIN_P_001878	0	1.7758634180133164	2.3458192348480225	0.9126013438890831	1
G0	HPCLAS_TRAIN_P_001884	1	HPCLAS_TRAIN_P_001884	0	2.9673368099660986	2.386674165725708	0.9158054813629407	1
G0	HPCLAS_TRAIN_P_001887	1	HPCLAS_TRAIN_P_001887	0	1.744129524724456	2.242032289505005	0.9039610373833619	1
G0	HPCLAS_TRAIN_P_001893	1	HPCLAS_TRAIN_P_001893	0	2.7072966653882986	2.5694057941436768	0.9288664446156347	1
G0	HPCLAS_TRAIN_P_001898	1	HPCLAS_TRAIN_P_001898	0	3.519427474353501	3.5954763889312744	0.9732856408341459	1
G0	HPCLAS_TRAIN_P_001903	1	HPCLAS_TRAIN_P_001903	0	2.588592683028617	3.27252459526062	0.9634741206547486	1
G0	HPCLAS_TRAIN_P_001904	1	HPCLAS_TRAIN_P_001904	0	3.857967582029866	4.062835216522217	0.9830906600788456	1
G0	HPCLAS_TRAIN_P_001911	1	HPCLAS_TRAIN_P_001911	0	3.4760197934167056	3.1790454387664795	0.9600380603992874	1
G0	HPCLAS_TRAIN_P_001917	1	HPCLAS_TRAIN_P_001917	0	3.0200400657628217	2.91454815864563	0.9485609365145127	1
G0	HPCLAS_TRAIN_P_001918	1	HPCLAS_TRAIN_P_001918	0	3.336286351845607	2.9968528747558594	0.9524317475417918	1
G0	HPCLAS_TRAIN_P_001922	1	HPCLAS_TRAIN_P_001922	0	1.305074246366668	2.410038471221924	0.9175895910715933	1
G0	HPCLAS_TRAIN_P_001927	1	HPCLAS_TRAIN_P_001927	0	3.2938142924331686	3.002821207046509	0.9527014169240979	1
G0	HPCLAS_TRAIN_P_001928	1	HPCLAS_TRAIN_P_001928	0	2.509923164516193	2.8415379524230957	0.9448796168760122	1
G0	HPCLAS_TRAIN_P_001936	1	HPCLAS_TRAIN_P_001936	0	-0.2978461203725763	0.842198371887207	0.6989280164244749	1
G0	HPCLAS_TRAIN_P_001941	1	HPCLAS_TRAIN_P_001941	0	0.6933833136540941	1.900259017944336	0.8699208385465046	1
G0	HPCLAS_TRAIN_P_001955	1	HPCLAS_TRAIN_P_001955	0	2.8712981241711235	2.608198404312134	0.9313873548328266	1
G0	HPCLAS_TRAIN_P_001969	1	HPCLAS_TRAIN_P_001969	0	2.4612322093957424	2.7841756343841553	0.9418146908923795	1
G0	HPCLAS_TRAIN_P_001984	1	HPCLAS_TRAIN_P_001984	0	-0.5027293300006116	0.9730592966079712	0.7257288603489995	1
G0	HPCLAS_TRAIN_P_001985	1	HPCLAS_TRAIN_P_001985	0	3.337757375104683	2.8204843997955322	0.9437727769782452	1
G0	HPCLAS_TRAIN_P_001989	1	HPCLAS_TRAIN_P_001989	0	3.53993569157577	3.6460859775543213	0.9745704760561775	1
G0	HPCLAS_TRAIN_P_001994	1	HPCLAS_TRAIN_P_001994	0	3.254368416080896	2.6138126850128174	0.9317452673816439	1
G0	HPCLAS_TRAIN_P_002005	1	HPCLAS_TRAIN_P_002005	0	3.790278004065706	3.6715567111968994	0.9751941413946574	1
G0	HPCLAS_TRAIN_P_002007	1	HPCLAS_TRAIN_P_002007	0	3.16439771945191	2.7700657844543457	0.9410366368024095	1
G0	HPCLAS_TRAIN_P_002008	1	HPCLAS_TRAIN_P_002008	0	3.4931585841942616	3.6504108905792236	0.9746774400764501	1
G0	HPCLAS_TRAIN_P_002013	1	HPCLAS_TRAIN_P_002013	0	1.316715411116537	-0.10711868107318878	0.47324590713066444	0
G0	HPCLAS_TRAIN_P_002025	1	HPCLAS_TRAIN_P_002025	0	1.987686111027949	2.185983896255493	0.8989837802018428	1
G0	HPCLAS_TRAIN_P_002031	1	HPCLAS_TRAIN_P_002031	0	3.709728643225848	2.9691126346588135	0.9511590705061479	1
G0	HPCLAS_TRAIN_P_002035	1	HPCLAS_TRAIN_P_002035	0	1.6899859123572083	0.9163635969161987	0.7143005844702692	1
G0	HPCLAS_TRAIN_P_002038	1	HPCLAS_TRAIN_P_002038	0	3.8638453750106594	3.640869140625	0.9744408673141538	1
G0	HPCLAS_TRAIN_P_002046	1	HPCLAS_TRAIN_P_002046	0	3.3955806079524145	2.370495557785034	0.9145495956852163	1
G0	HPCLAS_TRAIN_P_002047	1	HPCLAS_TRAIN_P_002047	0	2.8338491756888216	2.412841796875	0.9178013275617458	1
G0	HPCLAS_TRAIN_P_002052	1	HPCLAS_TRAIN_P_002052	0	3.4582520096342977	3.2924206256866455	0.9641678763628352	1
G0	HPCLAS_TRAIN_P_002054	1	HPCLAS_TRAIN_P_002054	0	2.652225305082613	2.5710289478302	0.9289736175503757	1
G0	HPCLAS_TRAIN_P_002056	1	HPCLAS_TRAIN_P_002056	0	3.1980722027516366	3.135902166366577	0.9583496199754811	1
G0	HPCLAS_TRAIN_P_002062	1	HPCLAS_TRAIN_P_002062	0	1.7543404638636058	2.0864408016204834	0.8895782944899872	1
G0	HPCLAS_TRAIN_P_002068	1	HPCLAS_TRAIN_P_002068	0	-0.5584619766191308	1.9712249040603638	0.8777426190920713	1
G0	HPCLAS_TRAIN_P_002072	1	HPCLAS_TRAIN_P_002072	0	3.56045379131778	3.4990756511688232	0.9706614572833488	1
G0	HPCLAS_TRAIN_P_002077	1	HPCLAS_TRAIN_P_002077	0	-0.3078427607319463	-0.6383700370788574	0.34561508762113036	0
G0	HPCLAS_TRAIN_P_002078	1	HPCLAS_TRAIN_P_002078	0	1.4696469540298596	1.5371482372283936	0.8230497803544211	1
G0	HPCLAS_TRAIN_P_002085	1	HPCLAS_TRAIN_P_002085	0	2.663041824944469	1.9240238666534424	0.8725864755491158	1
G0	HPCLAS_TRAIN_P_002086	1	HPCLAS_TRAIN_P_002086	0	0.3098267151219533	1.2584129571914673	0.7787527862216558	1
G0	HPCLAS_TRAIN_P_002103	1	HPCLAS_TRAIN_P_002103	0	2.907491821043953	3.151127338409424	0.9589531190991253	1
G0	HPCLAS_TRAIN_P_002104	1	HPCLAS_TRAIN_P_002104	0	-0.3589244363193839	1.3905274868011475	0.8006764400621478	1
G0	HPCLAS_TRAIN_P_002105	1	HPCLAS_TRAIN_P_002105	0	2.559114241435944	2.9878313541412354	0.95202135061311	1
G0	HPCLAS_TRAIN_P_002107	1	HPCLAS_TRAIN_P_002107	0	2.759011454933817	3.24216628074646	0.9623905964721989	1
G0	HPCLAS_TRAIN_P_002111	1	HPCLAS_TRAIN_P_002111	0	3.6819671762078543	3.1408984661102295	0.9585485943312192	1
G0	HPCLAS_TRAIN_P_002115	1	HPCLAS_TRAIN_P_002115	0	3.1278035861385267	2.412363290786743	0.9177652208634016	1
G0	HPCLAS_TRAIN_P_002117	1	HPCLAS_TRAIN_P_002117	0	3.945548223046083	2.9694983959198	0.9511769881171482	1
G0	HPCLAS_TRAIN_P_002123	1	HPCLAS_TRAIN_P_002123	0	1.6399980057515338	2.8523638248443604	0.9454407433495812	1
G0	HPCLAS_TRAIN_P_002137	1	HPCLAS_TRAIN_P_002137	0	3.416132052837528	3.0845320224761963	0.956250177808208	1
G0	HPCLAS_TRAIN_P_002141	1	HPCLAS_TRAIN_P_002141	0	3.5449330037646667	2.8034169673919678	0.9428601915219993	1
G0	HPCLAS_TRAIN_P_002154	1	HPCLAS_TRAIN_P_002154	0	1.032719826573499	2.4353437423706055	0.9194830391683788	1
G0	HPCLAS_TRAIN_P_002156	1	HPCLAS_TRAIN_P_002156	0	2.8839034882295422	2.7808573246002197	0.9416325814302846	1
G0	HPCLAS_TRAIN_P_002159	1	HPCLAS_TRAIN_P_002159	0	2.29951545453074	2.4017083644866943	0.9169574821074643	1
G0	HPCLAS_TRAIN_P_002162	1	HPCLAS_TRAIN_P_002162	0	3.700876907537927	3.4829044342041016	0.9701974149280408	1
G0	HPCLAS_TRAIN_P_002166	1	HPCLAS_TRAIN_P_002166	0	3.153884348410439	3.5445854663848877	0.9719300837927469	1
G0	HPCLAS_TRAIN_P_002175	1	HPCLAS_TRAIN_P_002175	0	1.6031291836547374	0.8934246897697449	0.7095964023978195	1
G0	HPCLAS_TRAIN_P_002177	1	HPCLAS_TRAIN_P_002177	0	2.883097969632368	3.1551742553710938	0.9591121184503872	1
G0	HPCLAS_TRAIN_P_002183	1	HPCLAS_TRAIN_P_002183	0	1.9457112546758144	2.704718828201294	0.9373045176390963	1
G0	HPCLAS_TRAIN_P_002186	1	HPCLAS_TRAIN_P_002186	0	2.7242060116540263	1.7646907567977905	0.8537961715322694	1
G0	HPCLAS_TRAIN_P_002188	1	HPCLAS_TRAIN_P_002188	0	2.6674280992005817	2.5362727642059326	0.9266458766121898	1
G0	HPCLAS_TRAIN_P_002189	1	HPCLAS_TRAIN_P_002189	0	4.237211765392871	4.0497636795043945	0.9828719887671705	1
G0	HPCLAS_TRAIN_P_002192	1	HPCLAS_TRAIN_P_002192	0	3.5992462922135435	3.86069917678833	0.9793808266986023	1
G0	HPCLAS_TRAIN_P_002196	1	HPCLAS_TRAIN_P_002196	0	2.644862674944731	2.839006185531616	0.9447476084578065	1
G0	HPCLAS_TRAIN_P_002201	1	HPCLAS_TRAIN_P_002201	0	4.05913666323387	3.8272340297698975	0.9786940776347147	1
G0	HPCLAS_TRAIN_P_002202	1	HPCLAS_TRAIN_P_002202	0	2.741700891545943	1.901666522026062	0.8700800267901371	1
G0	HPCLAS_TRAIN_P_002203	1	HPCLAS_TRAIN_P_002203	0	2.048307212398667	2.027787923812866	0.883683898903521	1
G0	HPCLAS_TRAIN_P_002211	1	HPCLAS_TRAIN_P_002211	0	2.53514035424413	2.698209047317505	0.9369208811704204	1
G0	HPCLAS_TRAIN_P_002214	1	HPCLAS_TRAIN_P_002214	0	0.6540170120079706	1.4889323711395264	0.8159179732546951	1
G0	HPCLAS_TRAIN_P_002228	1	HPCLAS_TRAIN_P_002228	0	2.0909942498845973	2.0020720958709717	0.8810144631475507	1
G0	HPCLAS_TRAIN_P_002231	1	HPCLAS_TRAIN_P_002231	0	3.5678312684635185	2.831907033920288	0.9443758636734941	1
G0	HPCLAS_TRAIN_P_002235	1	HPCLAS_TRAIN_P_002235	0	3.229299658094601	3.632951021194458	0.9742429171118319	1
G0	HPCLAS_TRAIN_P_002238	1	HPCLAS_TRAIN_P_002238	0	2.5481204045239654	1.0957657098770142	0.7494658867384595	1
G0	HPCLAS_TRAIN_P_002253	1	HPCLAS_TRAIN_P_002253	0	1.790761526619662	2.4006428718566895	0.9168763125644243	1
G0	HPCLAS_TRAIN_P_002258	1	HPCLAS_TRAIN_P_002258	0	0.8107557062954016	1.326527714729309	0.7902656980496695	1
G0	HPCLAS_TRAIN_P_002260	1	HPCLAS_TRAIN_P_002260	0	2.315310278701819	0.8759312629699707	0.7059783698756305	1
G0	HPCLAS_TRAIN_P_002267	1	HPCLAS_TRAIN_P_002267	0	2.6385804420062144	2.549567461013794	0.9275444509099537	1
G0	HPCLAS_TRAIN_P_002270	1	HPCLAS_TRAIN_P_002270	0	2.7337024848145477	2.6544687747955322	0.934285887411397	1
G0	HPCLAS_TRAIN_P_002271	1	HPCLAS_TRAIN_P_002271	0	1.9842127617095997	2.358253240585327	0.9135880072373359	1
G0	HPCLAS_TRAIN_P_002284	1	HPCLAS_TRAIN_P_002284	0	3.5157513751386595	3.0594568252563477	0.9551890532294697	1
G0	HPCLAS_TRAIN_P_002291	1	HPCLAS_TRAIN_N_001466	0	2.42422454377954	2.6670234203338623	0.9350524996427696	1
G0	HPCLAS_TRAIN_P_002294	1	HPCLAS_TRAIN_P_002294	0	2.134515953102567	2.7586581707000732	0.9404004723753532	1
G0	HPCLAS_TRAIN_P_002301	1	HPCLAS_TRAIN_P_002301	0	3.00636859947253	2.8507068157196045	0.9453552074888286	1
G0	HPCLAS_TRAIN_P_002307	1	HPCLAS_TRAIN_P_002307	0	0.822002827160276	1.6158896684646606	0.8342274845097887	1
G0	HPCLAS_TRAIN_P_002309	1	HPCLAS_TRAIN_P_002309	0	3.1443544990944687	2.895609140396118	0.947628953744455	1
G0	HPCLAS_TRAIN_P_002319	1	HPCLAS_TRAIN_P_002319	0	1.026434753756894	1.0451046228408813	0.7398337449558309	1
G0	HPCLAS_TRAIN_P_002321	1	HPCLAS_TRAIN_P_002321	0	2.617387569832512	2.8998148441314697	0.9478372832471819	1
G0	HPCLAS_TRAIN_P_002322	1	HPCLAS_TRAIN_P_002322	0	3.1868478472374964	2.8978540897369385	0.9477402549144361	1
G0	HPCLAS_TRAIN_P_002330	1	HPCLAS_TRAIN_P_002330	0	-0.1810729072168016	-1.5144444704055786	0.18028105666802033	0
G0	HPCLAS_TRAIN_P_002334	1	HPCLAS_TRAIN_P_002334	0	1.2333021338193404	1.833245038986206	0.8621478496814824	1
G0	HPCLAS_TRAIN_P_002335	1	HPCLAS_TRAIN_P_002335	0	1.1596518597388008	2.8337314128875732	0.9444716208102695	1
G0	HPCLAS_TRAIN_P_002341	1	HPCLAS_TRAIN_P_002341	0	2.5026199944207947	3.400934934616089	0.9677337415421688	1
G0	HPCLAS_TRAIN_P_002347	1	HPCLAS_TRAIN_P_002347	0	0.7383048980427862	-1.2497247457504272	0.22274779029038844	0
G0	HPCLAS_TRAIN_P_002350	1	HPCLAS_TRAIN_P_002350	0	4.09869087001871	3.5820906162261963	0.9729353876172983	1
G0	HPCLAS_TRAIN_P_002351	1	HPCLAS_TRAIN_P_001664	0	2.112334726863032	2.32407546043396	0.9108514271413438	1
G0	HPCLAS_TRAIN_P_002355	1	HPCLAS_TRAIN_P_002355	0	3.5545400899833246	2.4304959774017334	0.9191234092112923	1
G0	HPCLAS_TRAIN_P_002361	1	HPCLAS_TRAIN_P_002361	0	3.1991003918012875	3.0372397899627686	0.9542284238308657	1
G0	HPCLAS_TRAIN_P_002364	1	HPCLAS_TRAIN_P_002364	0	3.114645425122676	3.17911696434021	0.9600408043864158	1
G0	HPCLAS_TRAIN_P_002365	1	HPCLAS_TRAIN_P_002365	0	3.5542578375129765	3.258042573928833	0.9629610382695983	1
G0	HPCLAS_TRAIN_P_002369	1	HPCLAS_TRAIN_P_002369	0	3.6853145162378778	3.7453367710113525	0.9769177101480144	1
G0	HPCLAS_TRAIN_P_002377	1	HPCLAS_TRAIN_P_002377	0	1.4939747622459538	1.7193081378936768	0.8480396986702187	1
G0	HPCLAS_TRAIN_P_002388	1	HPCLAS_TRAIN_P_002388	0	2.714106670932986	2.984283208847046	0.9518590228729489	1
G0	HPCLAS_TRAIN_P_002390	1	HPCLAS_TRAIN_P_002390	0	3.154140938344573	3.286651372909546	0.9639680245354553	1
G0	HPCLAS_TRAIN_P_002394	1	HPCLAS_TRAIN_P_002394	0	2.315464788602124	2.667165517807007	0.9350611285925954	1
G0	HPCLAS_TRAIN_P_002408	1	HPCLAS_TRAIN_P_002408	0	3.296746384166517	3.3864777088165283	0.9672792471056988	1
G0	HPCLAS_TRAIN_P_002409	1	HPCLAS_TRAIN_P_002409	0	-0.3569942226610548	2.0686163902282715	0.8878152287386308	1
G0	HPCLAS_TRAIN_P_002417	1	HPCLAS_TRAIN_P_002417	0	2.7659954640594355	2.1908748149871826	0.8994270681211026	1
G0	HPCLAS_TRAIN_P_002419	1	HPCLAS_TRAIN_P_002419	0	2.6930790435189755	2.6037278175354004	0.9311011106471858	1
G0	HPCLAS_TRAIN_P_002428	1	HPCLAS_TRAIN_P_002428	0	1.3188597020574853	1.654657244682312	0.8395194973303035	1
G0	HPCLAS_TRAIN_P_002430	1	HPCLAS_TRAIN_P_002430	0	2.292480486206708	2.4206721782684326	0.9183901382631995	1
G0	HPCLAS_TRAIN_P_002431	1	HPCLAS_TRAIN_P_002431	0	2.679150830816565	2.684204339981079	0.9360881189369934	1
G0	HPCLAS_TRAIN_P_002445	1	HPCLAS_TRAIN_P_002445	0	3.8232656294217153	3.164560079574585	0.9594786115581188	1
G0	HPCLAS_TRAIN_P_002468	1	HPCLAS_TRAIN_P_002468	0	2.0125492997887418	2.817582845687866	0.9436186055056409	1
G0	HPCLAS_TRAIN_P_002473	1	HPCLAS_TRAIN_P_002473	0	2.237857743931813	2.371354341506958	0.9146166845705515	1
G0	HPCLAS_TRAIN_P_002480	1	HPCLAS_TRAIN_P_002480	0	-1.8462861601272096	-2.727344512939453	0.06137897158662497	0
G0	HPCLAS_TRAIN_P_002484	1	HPCLAS_TRAIN_P_002484	0	3.1700563106096435	2.9636013507843018	0.9509024035522352	1
G0	HPCLAS_TRAIN_P_002488	1	HPCLAS_TRAIN_P_002488	0	3.517370611937777	2.9997613430023193	0.9525633439318478	1
G0	HPCLAS_TRAIN_P_002490	1	HPCLAS_TRAIN_P_002490	0	3.680385697573312	3.4880869388580322	0.9703468992958117	1
G0	HPCLAS_TRAIN_P_002498	1	HPCLAS_TRAIN_P_002498	0	3.360711453468698	3.3756744861602783	0.966935592503907	1
G0	HPCLAS_TRAIN_P_002499	1	HPCLAS_TRAIN_P_002499	0	2.2769234639931817	2.7226037979125977	0.9383473396770995	1
G0	HPCLAS_TRAIN_P_002517	1	HPCLAS_TRAIN_P_002517	0	3.3058755909898525	3.482088327407837	0.9701738086398783	1
G0	HPCLAS_TRAIN_P_002518	1	HPCLAS_TRAIN_P_002518	0	2.6057155559033074	2.319526433944702	0.9104813501384599	1
G0	HPCLAS_TRAIN_P_002519	1	HPCLAS_TRAIN_N_004812	0	1.3608700060092973	1.6571210622787476	0.8398511612693025	1
G0	HPCLAS_TRAIN_P_002524	1	HPCLAS_TRAIN_P_002524	0	3.210897551914756	2.711176633834839	0.937682939042273	1
G0	HPCLAS_TRAIN_P_002525	1	HPCLAS_TRAIN_P_002525	0	-1.2940000073121174	-0.31615597009658813	0.4216128519879515	0
G0	HPCLAS_TRAIN_P_002526	1	HPCLAS_TRAIN_P_002526	0	3.6405032599720433	3.462109327316284	0.9695902219426659	1
G0	HPCLAS_TRAIN_P_002528	1	HPCLAS_TRAIN_P_002528	0	3.221511819089829	3.4740278720855713	0.9699396805170309	1
G0	HPCLAS_TRAIN_P_002535	1	HPCLAS_TRAIN_P_002535	0	2.944295686292186	1.8381091356277466	0.8627249247186997	1
G0	HPCLAS_TRAIN_P_002538	1	HPCLAS_TRAIN_P_002538	0	3.93173010138496	3.566169261932373	0.9725129728554915	1
G0	HPCLAS_TRAIN_P_002541	1	HPCLAS_TRAIN_P_002541	0	2.086103349697344	2.713510274887085	0.937819162994509	1
G0	HPCLAS_TRAIN_P_002543	1	HPCLAS_TRAIN_P_002543	0	2.74247437110371	2.7859017848968506	0.9419092114503428	1
G0	HPCLAS_TRAIN_P_002551	1	HPCLAS_TRAIN_P_002551	0	3.4924969054813912	3.7879183292388916	0.9778586521723241	1
G0	HPCLAS_TRAIN_P_002556	1	HPCLAS_TRAIN_P_002556	0	2.715297668013123	2.51518177986145	0.9251992895723162	1
G0	HPCLAS_TRAIN_P_002568	1	HPCLAS_TRAIN_P_002568	0	3.313280158864528	3.725879192352295	0.9764748559556977	1
G0	HPCLAS_TRAIN_P_002572	1	HPCLAS_TRAIN_P_002572	0	2.020546348812732	1.8389226198196411	0.8628212377387277	1
G0	HPCLAS_TRAIN_P_002573	1	HPCLAS_TRAIN_P_002573	0	-0.4225630935015071	0.646765947341919	0.6562813066826895	1
G0	HPCLAS_TRAIN_P_002589	1	HPCLAS_TRAIN_P_002589	0	0.9670141843695608	2.5640437602996826	0.9285113401365502	1
G0	HPCLAS_TRAIN_P_002595	1	HPCLAS_TRAIN_P_002595	0	2.6765431131029027	2.6693193912506104	0.9351917932040932	1
G0	HPCLAS_TRAIN_P_002598	1	HPCLAS_TRAIN_P_002598	0	2.896745109093826	2.0397896766662598	0.8849118497569616	1
G0	HPCLAS_TRAIN_P_002610	1	HPCLAS_TRAIN_P_002610	0	0.2628160759517737	2.2010622024536133	0.9003448564653964	1
G0	HPCLAS_TRAIN_P_002613	1	HPCLAS_TRAIN_P_002613	0	2.824497250520794	2.6968801021575928	0.9368422947014496	1
G0	HPCLAS_TRAIN_P_002624	1	HPCLAS_TRAIN_N_001228	0	0.987870998303882	0.5124949216842651	0.6253911599884439	1
G0	HPCLAS_TRAIN_P_002636	1	HPCLAS_TRAIN_P_002636	0	2.793823595389858	2.6862685680389404	0.9362115047099757	1
G0	HPCLAS_TRAIN_P_002637	1	HPCLAS_TRAIN_P_002637	0	2.337004184338658	2.013873338699341	0.882246011699043	1
G0	HPCLAS_TRAIN_P_002638	1	HPCLAS_TRAIN_P_002638	0	2.5602808259078067	3.1623284816741943	0.9593917593386433	1
G0	HPCLAS_TRAIN_P_002639	1	HPCLAS_TRAIN_P_002639	0	2.346418067478962	2.29167103767395	0.9081848847871642	1
G0	HPCLAS_TRAIN_P_002644	1	HPCLAS_TRAIN_P_002644	0	3.0976453532361075	3.21364426612854	0.961344518888092	1
G0	HPCLAS_TRAIN_P_002651	1	HPCLAS_TRAIN_P_002651	0	1.9151996700287364	2.3087661266326904	0.909600448271839	1
G0	HPCLAS_TRAIN_P_002658	1	HPCLAS_TRAIN_P_002658	0	-0.0657793139148795	0.14709244668483734	0.5367069523150868	1
G0	HPCLAS_TRAIN_P_002670	1	HPCLAS_TRAIN_P_002670	0	2.743496002096928	3.347949266433716	0.9660376177137928	1
G0	HPCLAS_TRAIN_P_002682	1	HPCLAS_TRAIN_N_003467	0	2.815183217880829	2.498814821243286	0.9240586927661616	1
G0	HPCLAS_TRAIN_P_002689	1	HPCLAS_TRAIN_P_002689	0	2.239367448811326	2.7027716636657715	0.9371899955048661	1
G0	HPCLAS_TRAIN_P_002692	1	HPCLAS_TRAIN_P_002692	0	0.0440513783911105	-0.9394057989120483	0.2810203840590549	0
G0	HPCLAS_TRAIN_P_002698	1	HPCLAS_TRAIN_P_002698	0	3.545179991558057	2.7622482776641846	0.9406013707691536	1
G0	HPCLAS_TRAIN_P_002720	1	HPCLAS_TRAIN_P_002720	0	3.757271631940516	3.5068302154541016	0.9708814859991965	1
G0	HPCLAS_TRAIN_P_002721	1	HPCLAS_TRAIN_P_002721	0	1.149044199280956	1.8808133602142334	0.867704522756756	1
G0	HPCLAS_TRAIN_P_002722	1	HPCLAS_TRAIN_P_002722	0	3.504483252951675	2.96396541595459	0.950919397881081	1
G0	HPCLAS_TRAIN_P_002724	1	HPCLAS_TRAIN_P_002724	0	2.8762554898544077	3.0413105487823486	0.9544058920936087	1
G0	HPCLAS_TRAIN_P_002736	1	HPCLAS_TRAIN_P_002736	0	3.0408931265322763	2.2303714752197266	0.9029439185628512	1
G0	HPCLAS_TRAIN_P_002737	1	HPCLAS_TRAIN_P_002737	0	0.5561259399783801	2.5675408840179443	0.9287431247457281	1
G0	HPCLAS_TRAIN_P_002764	1	HPCLAS_TRAIN_P_002764	0	3.5595028061107583	3.1692612171173096	0.9596609946944176	1
G0	HPCLAS_TRAIN_P_002772	1	HPCLAS_TRAIN_P_002772	0	3.334132011593064	2.62056303024292	0.9321733133642507	1
G0	HPCLAS_TRAIN_P_002773	1	HPCLAS_TRAIN_P_002773	0	3.649081221051186	3.2995011806488037	0.9644116943257418	1
G0	HPCLAS_TRAIN_P_002786	1	HPCLAS_TRAIN_P_002786	0	0.5830298795110974	1.5956124067306519	0.8314042648194299	1
G0	HPCLAS_TRAIN_P_002788	1	HPCLAS_TRAIN_P_002788	0	3.312016164830005	2.763465166091919	0.9406693224098788	1
G0	HPCLAS_TRAIN_P_002789	1	HPCLAS_TRAIN_P_002789	0	3.330315094228142	2.9637467861175537	0.9509091930496589	1
G0	HPCLAS_TRAIN_P_002792	1	HPCLAS_TRAIN_P_002792	0	1.4062747841622387	1.8720380067825317	0.8666939157631935	1
G0	HPCLAS_TRAIN_P_002803	1	HPCLAS_TRAIN_P_002803	0	2.440790946156526	2.7539408206939697	0.9401355271211502	1
G0	HPCLAS_TRAIN_P_002815	1	HPCLAS_TRAIN_P_002815	0	1.9767070545861647	2.1533737182617188	0.8959836175250092	1
G0	HPCLAS_TRAIN_P_002834	1	HPCLAS_TRAIN_P_002834	0	1.163762455916237	-0.3056143522262573	0.4241855851055145	0
G0	HPCLAS_TRAIN_P_002837	1	HPCLAS_TRAIN_P_002837	0	2.7949782271704096	2.088542938232422	0.8897846157048079	1
G0	HPCLAS_TRAIN_P_002843	1	HPCLAS_TRAIN_P_002843	0	2.821340919741745	0.2832484841346741	0.5703424525195413	1
G0	HPCLAS_TRAIN_P_002847	1	HPCLAS_TRAIN_P_002847	0	-0.1872041470954947	1.6780941486358643	0.8426520000217009	1
G0	HPCLAS_TRAIN_P_002849	1	HPCLAS_TRAIN_P_002849	0	1.8372752340054013	2.344381809234619	0.9124866266166286	1
G0	HPCLAS_TRAIN_P_002850	1	HPCLAS_TRAIN_P_002850	0	2.999195634391448	2.7518632411956787	0.9400184924794546	1
G0	HPCLAS_TRAIN_P_002852	1	HPCLAS_TRAIN_P_002852	0	2.1254936172465424	3.3038442134857178	0.9645604546586125	1
G0	HPCLAS_TRAIN_P_002853	1	HPCLAS_TRAIN_N_000764	0	2.9124554556710405	2.4431326389312744	0.920057801347439	1
G0	HPCLAS_TRAIN_P_002857	1	HPCLAS_TRAIN_P_002857	0	2.830795770326332	1.8480008840560913	0.8638922129776815	1
G0	HPCLAS_TRAIN_P_002858	1	HPCLAS_TRAIN_P_002858	0	2.507312620130669	1.9408955574035645	0.8744504968643906	1
G0	HPCLAS_TRAIN_P_002859	1	HPCLAS_TRAIN_P_002859	0	4.350204464151791	3.612588882446289	0.9737269923622491	1
G0	HPCLAS_TRAIN_P_002867	1	HPCLAS_TRAIN_P_002867	0	2.9639550244053146	2.884272336959839	0.9470634636125982	1
G0	HPCLAS_TRAIN_P_002869	1	HPCLAS_TRAIN_P_002869	0	3.715842840637729	3.479499340057373	0.9700988009121969	1
G0	HPCLAS_TRAIN_P_002873	1	HPCLAS_TRAIN_P_002873	0	1.6620374880920803	0.2849522829055786	0.5707599215782538	1
G0	HPCLAS_TRAIN_P_002885	1	HPCLAS_TRAIN_P_002885	0	2.977510916604951	2.981726884841919	0.9517417479554242	1
G0	HPCLAS_TRAIN_P_002889	1	HPCLAS_TRAIN_P_002889	0	1.5621666304912576	1.4916372299194336	0.8163238846712016	1
G0	HPCLAS_TRAIN_P_002902	1	HPCLAS_TRAIN_P_002902	0	-0.1592440339505859	0.5594170093536377	0.6363176367674109	1
G0	HPCLAS_TRAIN_P_002907	1	HPCLAS_TRAIN_P_002907	0	3.014243160868914	4.293419361114502	0.9865258881134468	1
G0	HPCLAS_TRAIN_P_002910	1	HPCLAS_TRAIN_P_002910	0	2.704900045678316	2.7029478549957275	0.9372003661923932	1
G0	HPCLAS_TRAIN_P_002924	1	HPCLAS_TRAIN_P_002924	0	1.6618218544447965	0.9976414442062378	0.7305946057820633	1
G0	HPCLAS_TRAIN_P_002927	1	HPCLAS_TRAIN_P_002927	0	0.9905421748980971	1.4196141958236694	0.8052779273602197	1
G0	HPCLAS_TRAIN_P_002939	1	HPCLAS_TRAIN_P_002939	0	3.231787400179282	2.94014310836792	0.9497955512229981	1
G0	HPCLAS_TRAIN_P_002947	1	HPCLAS_TRAIN_P_002947	0	0.800184774079204	1.8580960035324097	0.8650748673662497	1
G0	HPCLAS_TRAIN_P_002952	1	HPCLAS_TRAIN_P_002952	0	1.574657141384865	2.4626433849334717	0.9214811346004211	1
G0	HPCLAS_TRAIN_P_002955	1	HPCLAS_TRAIN_P_002955	0	2.672652474135795	2.152845621109009	0.8959343901748823	1
G0	HPCLAS_TRAIN_P_002960	1	HPCLAS_TRAIN_P_002960	0	2.4280689227975856	2.043259620666504	0.885264767086999	1
G0	HPCLAS_TRAIN_P_002961	1	HPCLAS_TRAIN_P_002961	0	4.0076735814465065	4.096767425537109	0.9836455795735917	1
G0	HPCLAS_TRAIN_P_002965	1	HPCLAS_TRAIN_P_002965	0	1.6157199907900228	2.193594455718994	0.8996728143242304	1
G0	HPCLAS_TRAIN_P_002971	1	HPCLAS_TRAIN_P_002971	0	3.067258914279376	2.4262945652008057	0.9188105443829111	1
G0	HPCLAS_TRAIN_P_002972	1	HPCLAS_TRAIN_P_002972	0	2.5383229318486	2.5629897117614746	0.9284413428602991	1
G0	HPCLAS_TRAIN_P_002990	1	HPCLAS_TRAIN_P_002990	0	3.3743194317758523	3.144697427749634	0.9586992765121991	1
G0	HPCLAS_TRAIN_P_002995	1	HPCLAS_TRAIN_P_002995	0	4.434905872504358	2.570246934890747	0.9289220017451325	1
G0	HPCLAS_TRAIN_P_003021	1	HPCLAS_TRAIN_P_003021	0	3.30687706331153	2.685178518295288	0.9361463764975548	1
G0	HPCLAS_TRAIN_P_003031	1	HPCLAS_TRAIN_P_003031	0	3.871255165617688	2.903979539871216	0.9480428095412331	1
G0	HPCLAS_TRAIN_P_003046	1	HPCLAS_TRAIN_P_003046	0	2.012806673571377	1.9039711952209473	0.8703403267028464	1
G0	HPCLAS_TRAIN_P_003048	1	HPCLAS_TRAIN_P_003048	0	3.898508688743685	3.660041570663452	0.9749140545453759	1
G0	HPCLAS_TRAIN_P_003052	1	HPCLAS_TRAIN_P_003052	0	3.438901007762822	3.9102516174316406	0.9803580758131821	1
G0	HPCLAS_TRAIN_P_003066	1	HPCLAS_TRAIN_P_003066	0	2.96775833723202	2.094465494155884	0.890364089222158	1
G0	HPCLAS_TRAIN_P_003077	1	HPCLAS_TRAIN_P_003077	0	3.426246172293298	2.8536388874053955	0.9455064769771545	1
G0	HPCLAS_TRAIN_P_003079	1	HPCLAS_TRAIN_P_003079	0	2.9467009864883704	3.1467716693878174	0.9587813279578427	1
G0	HPCLAS_TRAIN_P_003089	1	HPCLAS_TRAIN_P_003089	0	2.6046959436339456	2.8803770542144775	0.9468678360706122	1
G0	HPCLAS_TRAIN_P_003102	1	HPCLAS_TRAIN_P_003102	0	3.4419355693854765	3.255086660385132	0.9628554650763249	1
G0	HPCLAS_TRAIN_P_003112	1	HPCLAS_TRAIN_P_003112	0	0.0375863449555873	1.2857338190078735	0.7834242184780105	1
G0	HPCLAS_TRAIN_P_003117	1	HPCLAS_TRAIN_P_003117	0	1.2008963927053011	1.2400141954421997	0.775566485181588	1
G0	HPCLAS_TRAIN_P_003121	1	HPCLAS_TRAIN_P_003121	0	2.110777766780124	3.2707369327545166	0.963411157551163	1
G0	HPCLAS_TRAIN_P_003123	1	HPCLAS_TRAIN_P_003123	0	3.544478521849808	3.0986528396606445	0.9568371417999597	1
G0	HPCLAS_TRAIN_P_003128	1	HPCLAS_TRAIN_P_003128	0	3.259274339676963	2.3853299617767334	0.9157017774925326	1
G0	HPCLAS_TRAIN_P_003136	1	HPCLAS_TRAIN_P_003136	0	2.7085772594686994	2.7467939853668213	0.9397320305875747	1
G0	HPCLAS_TRAIN_P_003143	1	HPCLAS_TRAIN_P_003143	0	3.1030107796811723	3.4684088230133057	0.9697754142760773	1
G0	HPCLAS_TRAIN_P_003162	1	HPCLAS_TRAIN_P_003162	0	3.282657362666777	2.9556491374969482	0.9505298043367142	1
G0	HPCLAS_TRAIN_P_003165	1	HPCLAS_TRAIN_P_003165	0	1.5036482952987738	-1.0639089345932007	0.25656316114818467	0
G0	HPCLAS_TRAIN_P_003172	1	HPCLAS_TRAIN_P_003172	0	4.061293303435519	3.0802454948425293	0.9560704964686441	1
G0	HPCLAS_TRAIN_P_003206	1	HPCLAS_TRAIN_P_003206	0	2.81564167155205	3.624591112136841	0.9740323026520556	1
G0	HPCLAS_TRAIN_P_003237	1	HPCLAS_TRAIN_P_003237	0	2.778152341387423	2.6948156356811523	0.9367200324593384	1
G0	HPCLAS_TRAIN_P_003238	1	HPCLAS_TRAIN_P_003238	0	2.5776766365305157	2.64282488822937	0.9335673768243644	1
G0	HPCLAS_TRAIN_P_003255	1	HPCLAS_TRAIN_P_003255	0	3.289497306747882	2.880086898803711	0.9468532367094086	1
G0	HPCLAS_TRAIN_P_003256	1	HPCLAS_TRAIN_P_003256	0	3.719382559395942	3.4459877014160156	0.969111259787882	1
G0	HPCLAS_TRAIN_P_003260	1	HPCLAS_TRAIN_P_003260	0	-1.1358591579869866	-0.5413424968719482	0.367875338576735	0
G0	HPCLAS_TRAIN_P_003265	1	HPCLAS_TRAIN_P_003265	0	3.341904338050865	3.568218469619751	0.9725676982228081	1
G0	HPCLAS_TRAIN_P_003285	1	HPCLAS_TRAIN_P_003285	0	0.8722437189198285	1.415317416191101	0.804603285268635	1
G0	HPCLAS_TRAIN_P_003295	1	HPCLAS_TRAIN_P_003295	0	2.4644884455231737	1.916619896888733	0.871761033930293	1
G0	HPCLAS_TRAIN_P_003299	1	HPCLAS_TRAIN_P_003299	0	-2.1977115096616524	-2.3166489601135254	0.08975345572099191	0
G0	HPCLAS_TRAIN_P_003305	1	HPCLAS_TRAIN_P_003305	0	0.2488382845949946	-0.5950767397880554	0.35547086414388807	0
G0	HPCLAS_TRAIN_P_003309	1	HPCLAS_TRAIN_P_003309	0	3.309820454855766	3.172443151473999	0.9597839930027813	1
G0	HPCLAS_TRAIN_P_003311	1	HPCLAS_TRAIN_P_003311	0	2.431010089011778	2.399939775466919	0.9168227109690785	1
G0	HPCLAS_TRAIN_P_003317	1	HPCLAS_TRAIN_P_003317	0	3.438157550882272	2.1054604053497314	0.8914327695685001	1
G0	HPCLAS_TRAIN_P_003319	1	HPCLAS_TRAIN_P_003319	0	1.5668497148753369	1.9572752714157104	0.8762377716501818	1
G0	HPCLAS_TRAIN_P_003320	1	HPCLAS_TRAIN_P_003320	0	2.5815479168382147	2.5499074459075928	0.9275672965261509	1
G0	HPCLAS_TRAIN_P_003348	1	HPCLAS_TRAIN_P_003348	0	2.8355656694147013	2.2653462886810303	0.9059660792226496	1
G0	HPCLAS_TRAIN_P_003366	1	HPCLAS_TRAIN_P_003366	0	2.746284454891611	1.9543107748031616	0.8759159276676396	1
G0	HPCLAS_TRAIN_P_003376	1	HPCLAS_TRAIN_P_003376	0	2.6923714231603904	2.9020822048187256	0.9479492718055221	1
G0	HPCLAS_TRAIN_P_003379	1	HPCLAS_TRAIN_P_003379	0	0.757192993624202	1.5553430318832397	0.8256840924336446	1
G0	HPCLAS_TRAIN_P_003380	1	HPCLAS_TRAIN_P_003380	0	1.688665349206098	0.5070183277130127	0.6241072411913626	1
G0	HPCLAS_TRAIN_P_003382	1	HPCLAS_TRAIN_P_003382	0	2.680541326195815	2.8884730339050293	0.9472736673761685	1
G0	HPCLAS_TRAIN_P_003383	1	HPCLAS_TRAIN_P_003383	0	2.958766856846949	2.894843101501465	0.9475909234824729	1
G0	HPCLAS_TRAIN_P_003386	1	HPCLAS_TRAIN_P_003386	0	2.255143177429742	0.7143125534057617	0.6713533752402907	1
G0	HPCLAS_TRAIN_P_003398	1	HPCLAS_TRAIN_P_003398	0	1.4375387451042887	2.9944663047790527	0.9523235059391546	1
G0	HPCLAS_TRAIN_P_003411	1	HPCLAS_TRAIN_P_003411	0	3.59276695153782	3.8110759258270264	0.9783545302339788	1
G0	HPCLAS_TRAIN_P_003414	1	HPCLAS_TRAIN_P_003414	0	1.80655215482759	2.3570940494537354	0.9134964510552037	1
G0	HPCLAS_TRAIN_P_003417	1	HPCLAS_TRAIN_P_003417	0	2.080065172393704	2.5936195850372314	0.9304498164302417	1
G0	HPCLAS_TRAIN_P_003422	1	HPCLAS_TRAIN_N_003740	0	3.2551581347462304	2.9768083095550537	0.9515153381680169	1
G0	HPCLAS_TRAIN_P_003424	1	HPCLAS_TRAIN_P_003424	0	0.7089780818664115	1.8832234144210815	0.8679809359468512	1
G0	HPCLAS_TRAIN_P_003431	1	HPCLAS_TRAIN_P_003431	0	3.290010163469947	2.5791382789611816	0.9295068266899027	1
G0	HPCLAS_TRAIN_P_003433	1	HPCLAS_TRAIN_P_003433	0	3.442711441530914	2.534362554550171	0.9265159274990808	1
G0	HPCLAS_TRAIN_P_003440	1	HPCLAS_TRAIN_P_003440	0	3.49381650976133	2.65889048576355	0.9345568410020998	1
G0	HPCLAS_TRAIN_P_003445	1	HPCLAS_TRAIN_P_003445	0	4.188695233366358	3.1504104137420654	0.9589248901985751	1
G0	HPCLAS_TRAIN_P_003448	1	HPCLAS_TRAIN_P_003448	0	3.070582176348893	2.447453737258911	0.9203750480354536	1
G0	HPCLAS_TRAIN_P_003449	1	HPCLAS_TRAIN_P_003449	0	2.21396105668	2.4815165996551514	0.9228358639493548	1
G0	HPCLAS_TRAIN_P_003467	1	HPCLAS_TRAIN_N_004816	0	0.6169521528649883	-0.6983161568641663	0.3321856632009985	0
G0	HPCLAS_TRAIN_P_003473	1	HPCLAS_TRAIN_P_003473	0	3.0365121357876363	2.3432414531707764	0.9123955208861758	1
G0	HPCLAS_TRAIN_P_003476	1	HPCLAS_TRAIN_P_003476	0	1.8559789515483525	2.41174578666687	0.9177186044322286	1
G0	HPCLAS_TRAIN_P_003477	1	HPCLAS_TRAIN_P_003477	0	-0.2075695879069952	-0.0057045817375183105	0.49857385843310664	0
G0	HPCLAS_TRAIN_P_003490	1	HPCLAS_TRAIN_P_003490	0	2.0599674886779304	2.27447772026062	0.9067411214574349	1
G0	HPCLAS_TRAIN_P_003492	1	HPCLAS_TRAIN_P_003492	0	0.9285309193888704	1.6551347970962524	0.839583825869475	1
G0	HPCLAS_TRAIN_P_003498	1	HPCLAS_TRAIN_P_003498	0	2.9547155343419496	1.8105826377868652	0.8594322765687195	1
G0	HPCLAS_TRAIN_P_003502	1	HPCLAS_TRAIN_P_003502	0	2.5450939954653022	3.2567343711853027	0.9629143502317484	1
G0	HPCLAS_TRAIN_P_003503	1	HPCLAS_TRAIN_P_003503	0	2.307500285506064	2.8286690711975098	0.9442055282523439	1
G0	HPCLAS_TRAIN_P_003508	1	HPCLAS_TRAIN_P_003508	0	2.9619314028036787	2.8319664001464844	0.9443789821045371	1
G0	HPCLAS_TRAIN_P_003513	1	HPCLAS_TRAIN_P_003513	0	3.651631295593594	3.114678144454956	0.9574941600362389	1
G0	HPCLAS_TRAIN_P_003518	1	HPCLAS_TRAIN_P_003518	0	1.624400059435486	1.6329612731933594	0.8365748997848151	1
G0	HPCLAS_TRAIN_P_003528	1	HPCLAS_TRAIN_P_003528	0	2.360508056701716	2.5617377758026123	0.9283581220921943	1
G0	HPCLAS_TRAIN_P_003532	1	HPCLAS_TRAIN_P_003532	0	3.348071399622538	3.175166368484497	0.9598889740733434	1
G0	HPCLAS_TRAIN_P_003534	1	HPCLAS_TRAIN_P_003534	0	1.4739485664997334	1.4756474494934082	0.8139142533322381	1
G0	HPCLAS_TRAIN_P_003540	1	HPCLAS_TRAIN_P_003540	0	1.3699464813672184	2.3532907962799072	0.9131954423713523	1
G0	HPCLAS_TRAIN_P_003543	1	HPCLAS_TRAIN_P_003543	0	4.5873775718283625	3.81825590133667	0.9785060590810153	1
G0	HPCLAS_TRAIN_P_003546	1	HPCLAS_TRAIN_P_003546	0	3.189558361798094	2.625417470932007	0.9324795981596199	1
G0	HPCLAS_TRAIN_P_003553	1	HPCLAS_TRAIN_P_003553	0	4.036540580347654	2.9363348484039307	0.9496136469282024	1
G0	HPCLAS_TRAIN_P_003563	1	HPCLAS_TRAIN_P_003563	0	3.187434812547358	3.3746604919433594	0.966903158586504	1
G0	HPCLAS_TRAIN_P_003564	1	HPCLAS_TRAIN_P_003564	0	3.025524593339602	2.678257703781128	0.9357314246771715	1
G0	HPCLAS_TRAIN_P_003568	1	HPCLAS_TRAIN_P_003568	0	2.854228571800977	3.0492608547210693	0.9547506047767635	1
G0	HPCLAS_TRAIN_P_003580	1	HPCLAS_TRAIN_P_003580	0	3.5486921309619115	2.6997430324554443	0.9370114791730713	1
G0	HPCLAS_TRAIN_P_003583	1	HPCLAS_TRAIN_P_003583	0	0.4683600936836564	-0.48360955715179443	0.38140014390393334	0
G0	HPCLAS_TRAIN_P_003586	1	HPCLAS_TRAIN_P_003586	0	-0.9778899649075128	2.560293197631836	0.9282619847086843	1
G0	HPCLAS_TRAIN_P_003596	1	HPCLAS_TRAIN_P_003596	0	3.165991502662992	3.4222493171691895	0.9683926919473537	1
G0	HPCLAS_TRAIN_P_003604	1	HPCLAS_TRAIN_P_003604	0	1.7830602466286092	2.2251620292663574	0.9024864232227473	1
G0	HPCLAS_TRAIN_P_003610	1	HPCLAS_TRAIN_P_003610	0	3.4290743754742823	3.3537120819091797	0.9662261826259534	1
G0	HPCLAS_TRAIN_P_003611	1	HPCLAS_TRAIN_P_003611	0	4.173601635220223	3.3673417568206787	0.9666681464996076	1
G0	HPCLAS_TRAIN_P_003615	1	HPCLAS_TRAIN_P_003615	0	3.206599187100225	3.3667261600494385	0.9666483057546843	1
G0	HPCLAS_TRAIN_P_003618	1	HPCLAS_TRAIN_P_003618	0	2.84437810660178	2.8233351707458496	0.9439238639565242	1
G0	HPCLAS_TRAIN_P_003621	1	HPCLAS_TRAIN_P_003621	0	3.994428430935508	2.616492986679077	0.9319155267835935	1
G0	HPCLAS_TRAIN_P_003630	1	HPCLAS_TRAIN_P_003630	0	1.4786185968199068	0.14225155115127563	0.535503039478376	1
G0	HPCLAS_TRAIN_P_003633	1	HPCLAS_TRAIN_P_003633	0	2.4700807948164587	2.891737222671509	0.9474364635934192	1
G0	HPCLAS_TRAIN_P_003634	1	HPCLAS_TRAIN_P_003634	0	0.3870413671662615	0.5876140594482422	0.6428175130768672	1
G0	HPCLAS_TRAIN_P_003636	1	HPCLAS_TRAIN_P_003636	0	3.610359039931968	3.01908802986145	0.9534290488385606	1
G0	HPCLAS_TRAIN_P_003638	1	HPCLAS_TRAIN_P_003638	0	2.487877839164665	1.7498582601547241	0.8519349235395991	1
G0	HPCLAS_TRAIN_P_003646	1	HPCLAS_TRAIN_P_003646	0	3.560864153639093	2.9399869441986084	0.9497881041735872	1
G0	HPCLAS_TRAIN_P_003656	1	HPCLAS_TRAIN_P_003656	0	1.3819679115192796	2.6300251483917236	0.9327691265071687	1
G0	HPCLAS_TRAIN_P_003657	1	HPCLAS_TRAIN_P_003657	0	0.7282139057798477	0.7374864816665649	0.6764459746409129	1
G0	HPCLAS_TRAIN_P_003659	1	HPCLAS_TRAIN_P_003659	0	3.2344263816466348	3.044750452041626	0.9545553467033879	1
G0	HPCLAS_TRAIN_P_003664	1	HPCLAS_TRAIN_P_003664	0	2.333994372796829	1.7840924263000488	0.8562014624164536	1
G0	HPCLAS_TRAIN_P_003688	1	HPCLAS_TRAIN_P_003688	0	3.7237573792534726	3.1617424488067627	0.9593689218126086	1
G0	HPCLAS_TRAIN_P_003693	1	HPCLAS_TRAIN_P_003693	0	1.333591613576416	2.686095952987671	0.9362011954451961	1
G0	HPCLAS_TRAIN_P_003695	1	HPCLAS_TRAIN_P_003695	0	0.2706462970844479	1.754437804222107	0.8525116649723811	1
G0	HPCLAS_TRAIN_P_003705	1	HPCLAS_TRAIN_P_003705	0	2.792062092236792	2.999499797821045	0.9525515242425296	1
G0	HPCLAS_TRAIN_P_003710	1	HPCLAS_TRAIN_P_003710	0	3.662072034282146	3.895953416824341	0.9800808486163701	1
G0	HPCLAS_TRAIN_P_003715	1	HPCLAS_TRAIN_P_003715	0	3.144718742200401	3.1050925254821777	0.9571023186661116	1
G0	HPCLAS_TRAIN_P_003717	1	HPCLAS_TRAIN_P_003717	0	2.699408827529047	2.6474249362945557	0.9338521003587502	1
G0	HPCLAS_TRAIN_P_003719	1	HPCLAS_TRAIN_P_003719	0	3.565136924925812	3.053020715713501	0.9549127604236063	1
G0	HPCLAS_TRAIN_P_003720	1	HPCLAS_TRAIN_P_003720	0	0.0110930149826879	1.356508493423462	0.7951916504002884	1
G0	HPCLAS_TRAIN_P_003721	1	HPCLAS_TRAIN_N_004214	0	2.059603143776437	-1.1375267505645752	0.24277474191762638	0
G0	HPCLAS_TRAIN_P_003722	1	HPCLAS_TRAIN_P_003722	0	2.83090119598888	1.7451037168502808	0.8513341727448878	1
G0	HPCLAS_TRAIN_P_003723	1	HPCLAS_TRAIN_P_003723	0	1.984208835220326	2.6577508449554443	0.9344871056410903	1
G0	HPCLAS_TRAIN_P_003740	1	HPCLAS_TRAIN_P_003740	0	2.9555276583017704	3.0854930877685547	0.9562903670942383	1
G0	HPCLAS_TRAIN_P_003741	1	HPCLAS_TRAIN_P_003741	0	3.043169756105217	2.3719356060028076	0.914662066323291	1
G0	HPCLAS_TRAIN_P_003753	1	HPCLAS_TRAIN_N_001599	0	3.1386793239690274	2.96250319480896	0.9508511085253875	1
G0	HPCLAS_TRAIN_P_003755	1	HPCLAS_TRAIN_P_003755	0	3.5844492795170897	2.8618111610412598	0.9459260152419124	1
G0	HPCLAS_TRAIN_P_003758	1	HPCLAS_TRAIN_P_003758	0	1.5634092222733176	1.4662806987762451	0.8124914122289182	1
G0	HPCLAS_TRAIN_P_003763	1	HPCLAS_TRAIN_P_003763	0	2.9603581849472547	2.8893179893493652	0.9473158538000783	1
G0	HPCLAS_TRAIN_P_003766	1	HPCLAS_TRAIN_P_003766	0	3.008116311514605	3.2056374549865723	0.9610458743313322	1
G0	HPCLAS_TRAIN_P_003767	1	HPCLAS_TRAIN_P_003767	0	1.5485625191939036	2.436563730239868	0.9195733135153317	1
G0	HPCLAS_TRAIN_P_003770	1	HPCLAS_TRAIN_P_003770	0	2.2688140371910257	0.6930069923400879	0.6666355130010755	1
G0	HPCLAS_TRAIN_P_003775	1	HPCLAS_TRAIN_P_003775	0	-1.735384030856314	-0.72877037525177	0.32546461808239513	0
G0	HPCLAS_TRAIN_P_003793	1	HPCLAS_TRAIN_P_003793	0	1.348285396916927	1.411746621131897	0.8040412854816499	1
G0	HPCLAS_TRAIN_P_003804	1	HPCLAS_TRAIN_P_003804	0	1.716556815479802	2.4638607501983643	0.9215691702429339	1
G0	HPCLAS_TRAIN_P_003805	1	HPCLAS_TRAIN_P_003805	0	0.604156815759479	-0.14866791665554047	0.4629013257156053	0
G0	HPCLAS_TRAIN_P_003806	1	HPCLAS_TRAIN_P_003806	0	3.874420492762027	2.520387887954712	0.9255587846176937	1
G0	HPCLAS_TRAIN_P_003809	1	HPCLAS_TRAIN_P_003809	0	2.1843519142357617	3.432645082473755	0.9687093437816461	1
G0	HPCLAS_TRAIN_P_003810	1	HPCLAS_TRAIN_P_003810	0	2.021334326765797	2.5078132152557373	0.9246877434870303	1
G0	HPCLAS_TRAIN_P_003813	1	HPCLAS_TRAIN_P_003813	0	3.05686132727089	2.8414738178253174	0.9448762765144717	1
G0	HPCLAS_TRAIN_P_003833	1	HPCLAS_TRAIN_P_003833	0	2.073581141928493	2.770803928375244	0.9410775806305701	1
G0	HPCLAS_TRAIN_P_003834	1	HPCLAS_TRAIN_P_003834	0	1.0416532840795885	1.4952044486999512	0.8168581471748461	1
G0	HPCLAS_TRAIN_P_003836	1	HPCLAS_TRAIN_P_003836	0	2.2525604524470686	2.313929796218872	0.910024146691031	1
G0	HPCLAS_TRAIN_P_003839	1	HPCLAS_TRAIN_P_003839	0	2.6036307740985585	2.6565136909484863	0.9344113251668423	1
G0	HPCLAS_TRAIN_P_003840	1	HPCLAS_TRAIN_P_003840	0	3.656526547599891	3.2682688236236572	0.9633240568827021	1
G0	HPCLAS_TRAIN_P_003845	1	HPCLAS_TRAIN_P_003845	0	3.138448799117787	2.767545223236084	0.940896623643195	1
G0	HPCLAS_TRAIN_P_003859	1	HPCLAS_TRAIN_P_003859	0	1.9170336086753104	2.376289129257202	0.9150012693161125	1
G0	HPCLAS_TRAIN_P_003862	1	HPCLAS_TRAIN_P_003862	0	1.7467485879795677	1.5766505002975464	0.8287296239334283	1
G0	HPCLAS_TRAIN_P_003863	1	HPCLAS_TRAIN_P_003863	0	-1.3252977091186764	-0.9456237554550171	0.2797657711547634	0
G0	HPCLAS_TRAIN_P_003864	1	HPCLAS_TRAIN_P_003864	0	3.462316381655814	3.1964051723480225	0.9606987731468258	1
G0	HPCLAS_TRAIN_P_003865	1	HPCLAS_TRAIN_P_003865	0	3.230452399275291	2.4818406105041504	0.9228589335467141	1
G0	HPCLAS_TRAIN_P_003874	1	HPCLAS_TRAIN_P_003874	0	2.5339390480362622	2.805170774459839	0.9429546042622946	1
G0	HPCLAS_TRAIN_P_003877	1	HPCLAS_TRAIN_P_003877	0	2.866423446623741	2.7619595527648926	0.9405852375320403	1
G0	HPCLAS_TRAIN_P_003887	1	HPCLAS_TRAIN_P_003887	0	2.490006341850503	2.4673361778259277	0.9218200044292411	1
G0	HPCLAS_TRAIN_P_003897	1	HPCLAS_TRAIN_N_004210	0	2.088752830395889	2.5133578777313232	0.9250729674659116	1
G0	HPCLAS_TRAIN_P_003898	1	HPCLAS_TRAIN_P_003898	0	3.0242304690051487	2.70021915435791	0.9370395745018519	1
G0	HPCLAS_TRAIN_P_003899	1	HPCLAS_TRAIN_P_003899	0	1.7737881794715724	2.611064910888672	0.9315703124265262	1
G0	HPCLAS_TRAIN_P_003900	1	HPCLAS_TRAIN_P_003900	0	2.99836666685766	2.845287561416626	0.9450745790362931	1
G0	HPCLAS_TRAIN_P_003902	1	HPCLAS_TRAIN_P_003902	0	2.942383955685275	2.4512016773223877	0.920649282755668	1
G0	HPCLAS_TRAIN_P_003939	1	HPCLAS_TRAIN_P_003939	0	3.3917016194262803	2.883554458618164	0.9470274617607387	1
G0	HPCLAS_TRAIN_P_003946	1	HPCLAS_TRAIN_N_002854	0	2.734640256394408	2.8579299449920654	0.9457271471455865	1
G0	HPCLAS_TRAIN_P_003954	1	HPCLAS_TRAIN_P_003954	0	1.966304788197716	2.1700758934020996	0.8975299466782397	1
G0	HPCLAS_TRAIN_P_003960	1	HPCLAS_TRAIN_P_003960	0	1.3288072697810496	1.853157639503479	0.8644974199411382	1
G0	HPCLAS_TRAIN_P_003962	1	HPCLAS_TRAIN_P_003962	0	3.187826299056625	2.272538900375366	0.9065770422882031	1
G0	HPCLAS_TRAIN_P_003966	1	HPCLAS_TRAIN_P_003966	0	-1.2127860125617929	1.5188813209533691	0.8203736903441666	1
G0	HPCLAS_TRAIN_P_003967	1	HPCLAS_TRAIN_P_003967	0	2.3182471297772707	2.6942760944366455	0.9366880432844129	1
G0	HPCLAS_TRAIN_P_003972	1	HPCLAS_TRAIN_P_003972	0	4.149459090525455	3.34851336479187	0.9660561203176857	1
G0	HPCLAS_TRAIN_P_003981	1	HPCLAS_TRAIN_P_003981	0	1.858304417507128	3.0333619117736816	0.954058752879966	1
G0	HPCLAS_TRAIN_P_003982	1	HPCLAS_TRAIN_P_003982	0	0.9617962368482176	2.1064391136169434	0.8915274530526135	1
G0	HPCLAS_TRAIN_P_003985	1	HPCLAS_TRAIN_P_003985	0	0.7389554918328173	1.296133279800415	0.7851835011301516	1
G0	HPCLAS_TRAIN_P_003986	1	HPCLAS_TRAIN_P_003986	0	3.689404083520524	2.9415409564971924	0.9498621642666931	1
G0	HPCLAS_TRAIN_P_003992	1	HPCLAS_TRAIN_P_003992	0	3.085963694241289	2.4997575283050537	0.9241248200635551	1
G0	HPCLAS_TRAIN_P_003995	1	HPCLAS_TRAIN_P_003995	0	2.9334258264974373	3.0698115825653076	0.9556301839834948	1
G0	HPCLAS_TRAIN_P_003996	1	HPCLAS_TRAIN_P_003996	0	3.3621961256637727	2.7224490642547607	0.93833838747872	1
G0	HPCLAS_TRAIN_P_004001	1	HPCLAS_TRAIN_P_004001	0	3.364579208457411	2.874671220779419	0.946580047505038	1
G0	HPCLAS_TRAIN_P_004013	1	HPCLAS_TRAIN_P_004013	0	1.4505796146340473	1.5567163228988647	0.8258816616379914	1
G0	HPCLAS_TRAIN_P_004023	1	HPCLAS_TRAIN_P_004023	0	3.1886943363361664	3.768429756164551	0.9774327501075771	1
G0	HPCLAS_TRAIN_P_004024	1	HPCLAS_TRAIN_P_004024	0	3.289105084499221	3.5375993251800537	0.9717388582290241	1
G0	HPCLAS_TRAIN_P_004026	1	HPCLAS_TRAIN_P_004026	0	1.781086440197443	2.2970104217529297	0.90862914057031	1
G0	HPCLAS_TRAIN_P_004028	1	HPCLAS_TRAIN_P_004028	0	2.2166811145593304	2.470099449157715	0.9220189155686491	1
G0	HPCLAS_TRAIN_P_004030	1	HPCLAS_TRAIN_P_004030	0	-0.5036850101268563	-1.6031283140182495	0.16754484384833765	0
G0	HPCLAS_TRAIN_P_004041	1	HPCLAS_TRAIN_P_004041	0	3.1445426259971625	1.9143962860107422	0.8715122426067513	1
G0	HPCLAS_TRAIN_P_004045	1	HPCLAS_TRAIN_P_004045	0	1.3531517026861282	2.553795576095581	0.9278280913619615	1
G0	HPCLAS_TRAIN_P_004046	1	HPCLAS_TRAIN_P_004046	0	2.829001648205951	1.9126380681991577	0.8713152311064365	1
G0	HPCLAS_TRAIN_P_004053	1	HPCLAS_TRAIN_P_004053	0	0.9753018677177931	0.915419340133667	0.7141078460351206	1
G0	HPCLAS_TRAIN_P_004060	1	HPCLAS_TRAIN_P_004060	0	1.270692784401952	1.6799557209014893	0.8428986677430469	1
G0	HPCLAS_TRAIN_P_004065	1	HPCLAS_TRAIN_P_004065	0	2.456034354999592	2.6462724208831787	0.9337808711593716	1
G0	HPCLAS_TRAIN_P_004071	1	HPCLAS_TRAIN_P_004071	0	3.5233647348227546	2.9011569023132324	0.9479035971099341	1
G0	HPCLAS_TRAIN_P_004072	1	HPCLAS_TRAIN_P_004072	0	3.8033495404566295	2.859161853790283	0.9457903430021973	1
G0	HPCLAS_TRAIN_P_004077	1	HPCLAS_TRAIN_P_004077	0	3.2747924302931515	2.751401901245117	0.9399924751329511	1
G0	HPCLAS_TRAIN_P_004095	1	HPCLAS_TRAIN_P_004095	0	0.4527526214754379	0.5312243700027466	0.6297686315315085	1
G0	HPCLAS_TRAIN_P_004098	1	HPCLAS_TRAIN_P_004098	0	1.645243213939268	2.195915460586548	0.8998821177807298	1
G0	HPCLAS_TRAIN_P_004106	1	HPCLAS_TRAIN_P_004106	0	3.8665815173823264	2.804544687271118	0.9429209169281392	1
G0	HPCLAS_TRAIN_P_004111	1	HPCLAS_TRAIN_P_004111	0	2.5716117194797365	2.6136724948883057	0.9317363513074643	1
G0	HPCLAS_TRAIN_P_004118	1	HPCLAS_TRAIN_P_004118	0	2.8243270514044205	2.7352535724639893	0.9390751043425107	1
G0	HPCLAS_TRAIN_P_004121	1	HPCLAS_TRAIN_P_004121	0	3.197420993170291	2.9463765621185303	0.9500919549847711	1
G0	HPCLAS_TRAIN_P_004126	1	HPCLAS_TRAIN_P_004126	0	3.4904022271593007	2.8769986629486084	0.94669761530185	1
G0	HPCLAS_TRAIN_P_004128	1	HPCLAS_TRAIN_P_004128	0	-0.1155634443197368	1.845333218574524	0.8635782377120163	1
G0	HPCLAS_TRAIN_P_004133	1	HPCLAS_TRAIN_P_004133	0	3.460774776369324	3.291776180267334	0.9641456052836472	1
G0	HPCLAS_TRAIN_P_004135	1	HPCLAS_TRAIN_P_004135	0	3.0554410422747127	2.478252649307251	0.9226031175827224	1
G0	HPCLAS_TRAIN_P_004147	1	HPCLAS_TRAIN_P_004147	0	2.338970292838739	3.0384109020233154	0.9542795467516304	1
G0	HPCLAS_TRAIN_P_004151	1	HPCLAS_TRAIN_P_004151	0	1.7125705504878392	1.515018105506897	0.8198036994641932	1
G0	HPCLAS_TRAIN_P_004160	1	HPCLAS_TRAIN_P_004160	0	2.488745791562633	2.952636957168579	0.9503879705240281	1
G0	HPCLAS_TRAIN_P_004166	1	HPCLAS_TRAIN_P_004166	0	0.1074459695562517	0.6499969363212585	0.657009772280164	1
G0	HPCLAS_TRAIN_P_004170	1	HPCLAS_TRAIN_P_004170	0	2.507079939258483	2.94140887260437	0.9498558735252173	1
G0	HPCLAS_TRAIN_P_004188	1	HPCLAS_TRAIN_P_004188	0	1.973784342411114	2.943223476409912	0.9499422320284694	1
G0	HPCLAS_TRAIN_P_004192	1	HPCLAS_TRAIN_P_004192	0	2.9961963752585588	3.159993886947632	0.9593007077581567	1
G0	HPCLAS_TRAIN_P_004194	1	HPCLAS_TRAIN_P_004194	0	3.138379950495258	2.6787662506103516	0.9357620009541835	1
G0	HPCLAS_TRAIN_P_004195	1	HPCLAS_TRAIN_P_004195	0	2.096223014317052	2.2417688369750977	0.9039381631912045	1
G0	HPCLAS_TRAIN_P_004196	1	HPCLAS_TRAIN_P_004196	0	2.630403388374085	2.4814445972442627	0.9228307365136569	1
G0	HPCLAS_TRAIN_P_004206	1	HPCLAS_TRAIN_P_004206	0	2.6501304316894223	3.090099811553955	0.9564825197611144	1
G0	HPCLAS_TRAIN_P_004210	1	HPCLAS_TRAIN_P_004210	0	1.6676171757780958	2.5325253009796143	0.9263907415637002	1
G0	HPCLAS_TRAIN_P_004220	1	HPCLAS_TRAIN_P_004220	0	3.845641069517357	3.279012441635132	0.9637017539739468	1
G0	HPCLAS_TRAIN_P_004227	1	HPCLAS_TRAIN_P_004227	0	2.7083869613258207	3.292465925216675	0.9641694413463618	1
G0	HPCLAS_TRAIN_P_004233	1	HPCLAS_TRAIN_P_004233	0	2.6575356797369567	2.248048782348633	0.9044820941361034	1
G0	HPCLAS_TRAIN_P_004235	1	HPCLAS_TRAIN_P_004235	0	3.164065144865347	3.2289297580718994	0.9619085581266857	1
G0	HPCLAS_TRAIN_P_004246	1	HPCLAS_TRAIN_P_004246	0	3.841555682974692	2.382009267807007	0.9154450922796149	1
G0	HPCLAS_TRAIN_P_004254	1	HPCLAS_TRAIN_P_004254	0	-0.6808568448908345	-0.5425930619239807	0.36758457641616016	0
G0	HPCLAS_TRAIN_P_004260	1	HPCLAS_TRAIN_P_004260	0	1.974565365351121	1.1339598894119263	0.7565689421027177	1
G0	HPCLAS_TRAIN_P_004261	1	HPCLAS_TRAIN_P_004261	0	3.317647873588328	2.7145354747772217	0.9378789200636827	1
G0	HPCLAS_TRAIN_P_004265	1	HPCLAS_TRAIN_P_004265	0	4.45934077315008	3.1272432804107666	0.958002620119275	1
G0	HPCLAS_TRAIN_P_004271	1	HPCLAS_TRAIN_P_004271	0	1.948234780480061	1.9875837564468384	0.8794872760426045	1
G0	HPCLAS_TRAIN_P_004272	1	HPCLAS_TRAIN_P_004272	0	3.3162676061448555	3.4516544342041016	0.9692804411219657	1
G0	HPCLAS_TRAIN_P_004274	1	HPCLAS_TRAIN_P_004274	0	1.385362628436135	1.3488402366638184	0.793939956407259	1
G0	HPCLAS_TRAIN_P_004275	1	HPCLAS_TRAIN_P_004275	0	2.788318023531039	3.028486490249634	0.9538445863084711	1
G0	HPCLAS_TRAIN_P_004283	1	HPCLAS_TRAIN_P_004283	0	2.560442844288939	3.0334999561309814	0.9540648030744907	1
G0	HPCLAS_TRAIN_P_004285	1	HPCLAS_TRAIN_P_004285	0	1.4851501549316428	0.9245649576187134	0.7159713334833849	1
G0	HPCLAS_TRAIN_P_004290	1	HPCLAS_TRAIN_P_004290	0	2.015710650581348	0.7053124904632568	0.669364565465414	1
G0	HPCLAS_TRAIN_P_004291	1	HPCLAS_TRAIN_P_004291	0	1.80110065331817	1.8038603067398071	0.8586181983227195	1
G0	HPCLAS_TRAIN_P_004294	1	HPCLAS_TRAIN_P_004294	0	1.737850702196453	2.023874282836914	0.8832810243541531	1
G0	HPCLAS_TRAIN_P_004303	1	HPCLAS_TRAIN_P_004303	0	1.990737330582573	2.8715195655822754	0.9464204555970849	1
G0	HPCLAS_TRAIN_P_004305	1	HPCLAS_TRAIN_P_004305	0	3.122468773293024	2.994443655014038	0.9523224775512364	1
G0	HPCLAS_TRAIN_P_004306	1	HPCLAS_TRAIN_P_004306	0	2.054732697751627	3.1390228271484375	0.9584740050880638	1
G0	HPCLAS_TRAIN_P_004311	1	HPCLAS_TRAIN_P_004311	0	-0.1295102811305576	1.1801868677139282	0.7649814014125127	1
G0	HPCLAS_TRAIN_P_004312	1	HPCLAS_TRAIN_P_004312	0	3.993653362246113	3.0511138439178467	0.9548305899852395	1
G0	HPCLAS_TRAIN_P_004316	1	HPCLAS_TRAIN_P_004316	0	3.812906234704607	2.67523455619812	0.9355493785811668	1
G0	HPCLAS_TRAIN_P_004318	1	HPCLAS_TRAIN_P_004318	0	2.3476755499364743	3.209956645965576	0.9612072489923371	1
G0	HPCLAS_TRAIN_P_004323	1	HPCLAS_TRAIN_P_004323	0	3.354447738957838	2.8825347423553467	0.9469762828924244	1
G0	HPCLAS_TRAIN_P_004328	1	HPCLAS_TRAIN_P_004328	0	2.97362508386944	2.6994450092315674	0.9369938872631559	1
G0	HPCLAS_TRAIN_P_004330	1	HPCLAS_TRAIN_P_004330	0	2.9989504377274847	3.1495039463043213	0.9588891714522818	1
G0	HPCLAS_TRAIN_P_004335	1	HPCLAS_TRAIN_P_004335	0	-0.217681602904408	0.07519395649433136	0.5187896367020027	1
G0	HPCLAS_TRAIN_P_004339	1	HPCLAS_TRAIN_P_004339	0	-1.9821920951271437	-1.4849132299423218	0.18468645164619896	0
G0	HPCLAS_TRAIN_P_004342	1	HPCLAS_TRAIN_P_004342	0	1.787272374381496	2.7931129932403564	0.9423025266387831	1
G0	HPCLAS_TRAIN_P_004346	1	HPCLAS_TRAIN_P_004346	0	2.017571205482382	2.507965326309204	0.9246983358652654	1
G0	HPCLAS_TRAIN_P_004357	1	HPCLAS_TRAIN_P_004357	0	3.946236924352671	3.107579231262207	0.9572043005415395	1
G0	HPCLAS_TRAIN_P_004358	1	HPCLAS_TRAIN_P_004358	0	2.1853040595037827	2.207860231399536	0.9009531449529662	1
G0	HPCLAS_TRAIN_P_004365	1	HPCLAS_TRAIN_P_004365	0	2.6117632516903586	2.841181755065918	0.9448610624201662	1
G0	HPCLAS_TRAIN_P_004372	1	HPCLAS_TRAIN_P_004372	0	2.7556092089733064	2.9806668758392334	0.9516930390654861	1
G0	HPCLAS_TRAIN_P_004373	1	HPCLAS_TRAIN_P_004373	0	1.3515486082886068	1.04515540599823	0.739843519567468	1
G0	HPCLAS_TRAIN_P_004380	1	HPCLAS_TRAIN_P_004380	0	1.6939993617615654	2.3859827518463135	0.9157521540123333	1
G0	HPCLAS_TRAIN_P_004388	1	HPCLAS_TRAIN_P_004388	0	2.8235440160787677	2.9475271701812744	0.9501464853880996	1
G0	HPCLAS_TRAIN_P_004399	1	HPCLAS_TRAIN_P_004399	0	2.9531069781419026	2.9707415103912354	0.9512346851469345	1
G0	HPCLAS_TRAIN_P_004412	1	HPCLAS_TRAIN_P_004412	0	2.129067884223956	2.3236277103424072	0.910815062650269	1
G0	HPCLAS_TRAIN_P_004431	1	HPCLAS_TRAIN_P_004431	0	3.1894814968328897	2.838163137435913	0.9447035852105012	1
G0	HPCLAS_TRAIN_P_004438	1	HPCLAS_TRAIN_P_004438	0	-2.129600499098359	-1.7211719751358032	0.15172026744280634	0
G0	HPCLAS_TRAIN_P_004443	1	HPCLAS_TRAIN_P_004443	0	2.108866963196148	1.8477333784103394	0.8638607559445618	1
G0	HPCLAS_TRAIN_P_004446	1	HPCLAS_TRAIN_P_004446	0	3.455341423332032	2.6046082973480225	0.9311575736049343	1
G0	HPCLAS_TRAIN_P_004447	1	HPCLAS_TRAIN_P_004447	0	2.3322971433487374	1.0384454727172852	0.7385499476454472	1
G0	HPCLAS_TRAIN_P_004451	1	HPCLAS_TRAIN_P_004451	0	3.026844572446003	3.4324424266815186	0.968703200386734	1
G0	HPCLAS_TRAIN_P_004456	1	HPCLAS_TRAIN_P_004456	0	0.6011068193223167	0.6277539730072021	0.6519800081197114	1
G0	HPCLAS_TRAIN_P_004462	1	HPCLAS_TRAIN_P_004462	0	1.3062254449843975	1.1532018184661865	0.7600952561375013	1
G0	HPCLAS_TRAIN_P_004470	1	HPCLAS_TRAIN_P_004470	0	2.5312039301796103	3.1149797439575195	0.9575064331690631	1
G0	HPCLAS_TRAIN_P_004475	1	HPCLAS_TRAIN_N_000931	0	1.900264911498248	1.5461742877960205	0.8243604931252542	1
G0	HPCLAS_TRAIN_P_004477	1	HPCLAS_TRAIN_P_004477	0	3.53124238117636	3.021610736846924	0.9535409342789384	1
G0	HPCLAS_TRAIN_P_004480	1	HPCLAS_TRAIN_P_004480	0	2.503504834733384	2.5060980319976807	0.9245682105346011	1
G0	HPCLAS_TRAIN_P_004505	1	HPCLAS_TRAIN_P_004505	0	3.1817257740014395	3.1353695392608643	0.9583283546402106	1
G0	HPCLAS_TRAIN_P_004508	1	HPCLAS_TRAIN_P_004508	0	3.414903265618187	2.7433862686157227	0.9395387425717142	1
G0	HPCLAS_TRAIN_P_004519	1	HPCLAS_TRAIN_P_004519	0	0.2680892040783957	1.270141839981079	0.7807670276110045	1
G0	HPCLAS_TRAIN_P_004521	1	HPCLAS_TRAIN_P_004521	0	3.322232042641004	3.0094492435455322	0.952999191139651	1
G0	HPCLAS_TRAIN_P_004524	1	HPCLAS_TRAIN_P_004524	0	3.335943163337655	3.042494297027588	0.9544573755370735	1
G0	HPCLAS_TRAIN_P_004536	1	HPCLAS_TRAIN_N_003610	0	1.5510193163281902	2.772498369216919	0.9411714681453529	1
G0	HPCLAS_TRAIN_P_004538	1	HPCLAS_TRAIN_P_004538	0	2.1859897634416323	2.412978172302246	0.9178116154174449	1
G0	HPCLAS_TRAIN_P_004542	1	HPCLAS_TRAIN_P_004542	0	3.028641310514116	2.2496187686920166	0.904617645798622	1
G0	HPCLAS_TRAIN_P_004543	1	HPCLAS_TRAIN_P_004543	0	2.4006264945429043	3.078130006790161	0.9559815608273511	1
G0	HPCLAS_TRAIN_P_004545	1	HPCLAS_TRAIN_P_006015	0	4.303912025380993	3.5919573307037354	0.9731939902980223	1
G0	HPCLAS_TRAIN_P_004546	1	HPCLAS_TRAIN_P_004546	0	2.8937675189226573	2.9641106128692627	0.9509261740237718	1
G0	HPCLAS_TRAIN_P_004553	1	HPCLAS_TRAIN_P_004553	0	3.17820695056382	1.9133931398391724	0.8713998697792981	1
G0	HPCLAS_TRAIN_P_004555	1	HPCLAS_TRAIN_P_004555	0	2.4610388632319826	2.4720466136932373	0.9221588017723897	1
G0	HPCLAS_TRAIN_P_004556	1	HPCLAS_TRAIN_P_004556	0	3.0161533356295176	2.4028828144073486	0.9170468685267371	1
G0	HPCLAS_TRAIN_P_004563	1	HPCLAS_TRAIN_P_004563	0	3.632633120619869	4.309192180633545	0.9867339483227816	1
G0	HPCLAS_TRAIN_P_004572	1	HPCLAS_TRAIN_P_004572	0	2.6918678236828417	2.7746829986572266	0.9412923096161857	1
G0	HPCLAS_TRAIN_P_004573	1	HPCLAS_TRAIN_P_004573	0	2.9558255437891057	3.390111207962036	0.96739405268602	1
G0	HPCLAS_TRAIN_P_004583	1	HPCLAS_TRAIN_P_004583	0	3.597967921203764	3.2902462482452393	0.9640926797094883	1
G0	HPCLAS_TRAIN_P_004585	1	HPCLAS_TRAIN_P_004585	0	2.8117797228919392	2.583747148513794	0.9298082205772116	1
G0	HPCLAS_TRAIN_P_004586	1	HPCLAS_TRAIN_P_004586	0	3.2075892379879285	2.6500160694122314	0.934011980931421	1
G0	HPCLAS_TRAIN_P_004590	1	HPCLAS_TRAIN_P_004590	0	1.5608111674020904	2.1683499813079834	0.897371105702279	1
G0	HPCLAS_TRAIN_P_004593	1	HPCLAS_TRAIN_P_004593	0	2.6154759704492285	3.0299184322357178	0.9539075867319757	1
G0	HPCLAS_TRAIN_P_004595	1	HPCLAS_TRAIN_P_004595	0	-0.3203467885049643	-0.5482528805732727	0.36626984896191545	0
G0	HPCLAS_TRAIN_P_004600	1	HPCLAS_TRAIN_P_004600	0	2.655216419186349	2.8938071727752686	0.9475394529508779	1
G0	HPCLAS_TRAIN_P_004604	1	HPCLAS_TRAIN_P_004604	0	2.3433617189764986	2.483476400375366	0.9229753054335372	1
G0	HPCLAS_TRAIN_P_004612	1	HPCLAS_TRAIN_P_004612	0	2.1676913867953758	2.3536248207092285	0.9132219166755119	1
G0	HPCLAS_TRAIN_P_004615	1	HPCLAS_TRAIN_P_004615	0	3.502736511374277	3.133970022201538	0.9582724288956488	1
G0	HPCLAS_TRAIN_P_004618	1	HPCLAS_TRAIN_P_004618	0	1.4897794375880389	1.9288634061813354	0.8731235627589681	1
G0	HPCLAS_TRAIN_P_004626	1	HPCLAS_TRAIN_P_004626	0	2.321843731377702	2.7814972400665283	0.941667741670841	1
G0	HPCLAS_TRAIN_P_004635	1	HPCLAS_TRAIN_P_004635	0	2.237379541040342	2.2772581577301025	0.9069759741152433	1
G0	HPCLAS_TRAIN_P_004641	1	HPCLAS_TRAIN_P_004641	0	0.2083671967306074	-0.47014808654785156	0.3845811941079127	0
G0	HPCLAS_TRAIN_P_004653	1	HPCLAS_TRAIN_P_004653	0	2.2474414883269898	1.6119964122772217	0.8336883775465712	1
G0	HPCLAS_TRAIN_P_004657	1	HPCLAS_TRAIN_P_004657	0	1.2492930054518576	0.4501318335533142	0.6106705781005094	1
G0	HPCLAS_TRAIN_P_004669	1	HPCLAS_TRAIN_P_004669	0	2.180304849229216	2.8230631351470947	0.9439094629371833	1
G0	HPCLAS_TRAIN_P_004673	1	HPCLAS_TRAIN_P_004673	0	2.199757425616614	2.806851625442505	0.9430449519960401	1
G0	HPCLAS_TRAIN_P_004686	1	HPCLAS_TRAIN_P_004686	0	3.4245469865034743	3.4492666721343994	0.9692092637121567	1
G0	HPCLAS_TRAIN_P_004692	1	HPCLAS_TRAIN_P_004692	0	3.26259038456628	2.8870656490325928	0.947203329491184	1
G0	HPCLAS_TRAIN_P_004695	1	HPCLAS_TRAIN_P_004695	0	2.8687438075063003	3.146554708480835	0.9587727528758707	1
G0	HPCLAS_TRAIN_P_004696	1	HPCLAS_TRAIN_P_004696	0	4.131466660962563	3.5502259731292725	0.9720835591285383	1
G0	HPCLAS_TRAIN_P_004715	1	HPCLAS_TRAIN_P_004715	0	2.310883732019129	2.295898914337158	0.9085368188285128	1
G0	HPCLAS_TRAIN_P_004717	1	HPCLAS_TRAIN_P_004717	0	3.3506836839707206	2.6329171657562256	0.932950260640809	1
G0	HPCLAS_TRAIN_P_004723	1	HPCLAS_TRAIN_P_004723	0	1.815303947067154	1.2841249704360962	0.7831511195241557	1
G0	HPCLAS_TRAIN_P_004726	1	HPCLAS_TRAIN_P_004726	0	2.205392287438713	2.2036988735198975	0.9005811795350692	1
G0	HPCLAS_TRAIN_P_004739	1	HPCLAS_TRAIN_P_004739	0	0.1846884288399815	-0.9674485921859741	0.27538934389545044	0
G0	HPCLAS_TRAIN_P_004745	1	HPCLAS_TRAIN_P_004745	0	3.5226368869898126	1.8623080253601074	0.8655657404483111	1
G0	HPCLAS_TRAIN_P_004750	1	HPCLAS_TRAIN_P_004750	0	2.5978369035160527	2.413156032562256	0.917825031034213	1
G0	HPCLAS_TRAIN_P_004751	1	HPCLAS_TRAIN_P_004751	0	3.459957398933619	3.2884654998779297	0.9640309828178618	1
G0	HPCLAS_TRAIN_P_004756	1	HPCLAS_TRAIN_P_004756	0	2.112288287600163	1.5484901666641235	0.8246955580093471	1
G0	HPCLAS_TRAIN_P_004766	1	HPCLAS_TRAIN_P_004766	0	3.123760162139473	3.313002586364746	0.9648721921640335	1
G0	HPCLAS_TRAIN_P_004779	1	HPCLAS_TRAIN_P_004779	0	2.8854305751683933	2.145550012588501	0.8952522096114373	1
G0	HPCLAS_TRAIN_P_004785	1	HPCLAS_TRAIN_P_004785	0	2.0681360124981985	2.2763686180114746	0.906900895979227	1
G0	HPCLAS_TRAIN_P_004789	1	HPCLAS_TRAIN_P_004789	0	3.941636099949106	3.7527103424072266	0.9770833970764382	1
G0	HPCLAS_TRAIN_P_004793	1	HPCLAS_TRAIN_P_004793	0	2.928897569931326	2.3848068714141846	0.9156613903031716	1
G0	HPCLAS_TRAIN_P_004797	1	HPCLAS_TRAIN_P_004797	0	2.9664148775596746	2.96960186958313	0.9511817931399427	1
G0	HPCLAS_TRAIN_P_004803	1	HPCLAS_TRAIN_P_004803	0	2.8170719026977085	3.364976167678833	0.9665918410264267	1
G0	HPCLAS_TRAIN_P_004805	1	HPCLAS_TRAIN_P_004805	0	1.665003105688932	2.185361623764038	0.8989272563960176	1
G0	HPCLAS_TRAIN_P_004812	1	HPCLAS_TRAIN_P_004812	0	2.969960828011809	2.536071538925171	0.9266321974922911	1
G0	HPCLAS_TRAIN_P_004823	1	HPCLAS_TRAIN_P_004823	0	3.492028985318535	3.028079032897949	0.9538266446437238	1
G0	HPCLAS_TRAIN_P_004829	1	HPCLAS_TRAIN_P_004829	0	-0.8886632154867448	-0.0520700067281723	0.4869854387011432	0
G0	HPCLAS_TRAIN_P_004843	1	HPCLAS_TRAIN_P_004843	0	0.3638122552499256	1.6644411087036133	0.8408332686114081	1
G0	HPCLAS_TRAIN_P_004869	1	HPCLAS_TRAIN_P_004869	0	2.5240176659994646	2.763463258743286	0.9406692159596164	1
G0	HPCLAS_TRAIN_P_004876	1	HPCLAS_TRAIN_P_004876	0	3.903017584489084	3.161864995956421	0.9593736984553324	1
G0	HPCLAS_TRAIN_P_004877	1	HPCLAS_TRAIN_P_004877	0	1.643980787132392	0.7028971314430237	0.6688297902245932	1
G0	HPCLAS_TRAIN_P_004896	1	HPCLAS_TRAIN_P_004896	0	3.078313962980216	3.0368189811706543	0.9542100408457387	1
G0	HPCLAS_TRAIN_P_004900	1	HPCLAS_TRAIN_P_004900	0	3.4425208937623224	3.314182996749878	0.9649121788636644	1
G0	HPCLAS_TRAIN_P_004903	1	HPCLAS_TRAIN_P_004903	0	4.133480264961071	3.2828989028930664	0.9638374603094112	1
G0	HPCLAS_TRAIN_P_004908	1	HPCLAS_TRAIN_P_004908	0	3.032952969975351	2.2513694763183594	0.9047685978690392	1
G0	HPCLAS_TRAIN_P_004918	1	HPCLAS_TRAIN_P_004918	0	3.0604361218577174	2.8003005981445312	0.9426920656968096	1
G0	HPCLAS_TRAIN_P_004921	1	HPCLAS_TRAIN_P_004921	0	-0.2339029377398312	-0.7765616178512573	0.315061408824188	0
G0	HPCLAS_TRAIN_P_004925	1	HPCLAS_TRAIN_P_004925	0	2.6026696154095643	2.6420698165893555	0.9335205324539112	1
G0	HPCLAS_TRAIN_P_004930	1	HPCLAS_TRAIN_P_004930	0	1.818788093219181	2.5614545345306396	0.9283392816222518	1
G0	HPCLAS_TRAIN_P_004932	1	HPCLAS_TRAIN_P_004932	0	3.714522687984437	3.384448766708374	0.9672149699564891	1
G0	HPCLAS_TRAIN_P_004945	1	HPCLAS_TRAIN_P_004945	0	3.084633491922628	3.105337381362915	0.957112370704039	1
G0	HPCLAS_TRAIN_P_004947	1	HPCLAS_TRAIN_P_004947	0	2.647857875592197	2.3766894340515137	0.9150323974281199	1
G0	HPCLAS_TRAIN_P_004949	1	HPCLAS_TRAIN_P_004949	0	0.5894667167186096	2.503671407699585	0.9243987988479294	1
G0	HPCLAS_TRAIN_P_004971	1	HPCLAS_TRAIN_P_004971	0	3.131720715812808	3.3049583435058594	0.9645985199099277	1
G0	HPCLAS_TRAIN_P_004976	1	HPCLAS_TRAIN_P_004976	0	2.198654979823586	2.9700262546539307	0.9512014956834292	1
G0	HPCLAS_TRAIN_P_004981	1	HPCLAS_TRAIN_P_004981	0	2.36069263850235	2.5803935527801514	0.9295890327762012	1
G0	HPCLAS_TRAIN_P_004984	1	HPCLAS_TRAIN_P_004984	0	3.121656350129788	2.6782867908477783	0.9357331738966674	1
G0	HPCLAS_TRAIN_P_004986	1	HPCLAS_TRAIN_P_004986	0	0.3471817051123069	2.862959861755371	0.9459847411827526	1
G0	HPCLAS_TRAIN_P_004991	1	HPCLAS_TRAIN_P_004991	0	1.4267380061765873	1.92166268825531	0.8723237303183303	1
G0	HPCLAS_TRAIN_P_004992	1	HPCLAS_TRAIN_P_004992	0	0.3794513204285885	1.0211511850357056	0.7351967756924933	1
G0	HPCLAS_TRAIN_P_005009	1	HPCLAS_TRAIN_P_005009	0	3.719248476286005	3.3124587535858154	0.9648537549194284	1
G0	HPCLAS_TRAIN_P_005011	1	HPCLAS_TRAIN_P_005011	0	3.568686952554622	3.8133909702301025	0.978403501544994	1
G0	HPCLAS_TRAIN_P_005026	1	HPCLAS_TRAIN_P_005026	0	2.0173048388222345	2.253535270690918	0.9049550443511301	1
G0	HPCLAS_TRAIN_P_005034	1	HPCLAS_TRAIN_P_005034	0	3.3502958052219616	2.5142946243286133	0.9251378703087625	1
G0	HPCLAS_TRAIN_P_005037	1	HPCLAS_TRAIN_P_005037	0	3.2633324004282365	3.3735098838806152	0.966866317683344	1
G0	HPCLAS_TRAIN_P_005038	1	HPCLAS_TRAIN_P_005038	0	3.399548064938489	3.6089630126953125	0.9736340731881764	1
G0	HPCLAS_TRAIN_P_005045	1	HPCLAS_TRAIN_P_005045	0	2.2954138011201985	2.6024715900421143	0.9310204776945179	1
G0	HPCLAS_TRAIN_P_005046	1	HPCLAS_TRAIN_P_005046	0	3.385482201492613	3.0451581478118896	0.9545730290391403	1
G0	HPCLAS_TRAIN_P_005047	1	HPCLAS_TRAIN_P_005047	0	1.9826952032946408	2.312443256378174	0.9099023543007274	1
G0	HPCLAS_TRAIN_P_005049	1	HPCLAS_TRAIN_N_000579	0	0.4333068989209431	-0.8315140008926392	0.30332503784957376	0
G0	HPCLAS_TRAIN_P_005058	1	HPCLAS_TRAIN_P_005058	0	2.722882012640222	2.609436511993408	0.931466433795913	1
G0	HPCLAS_TRAIN_P_005067	1	HPCLAS_TRAIN_P_005067	0	2.800334351299893	2.8895013332366943	0.9473250034730039	1
G0	HPCLAS_TRAIN_P_005068	1	HPCLAS_TRAIN_P_005068	0	2.8602506662497498	2.6329574584960938	0.9329527810717836	1
G0	HPCLAS_TRAIN_P_005073	1	HPCLAS_TRAIN_P_005073	0	0.4701910913989844	0.30714112520217896	0.5761872892806492	1
G0	HPCLAS_TRAIN_P_005079	1	HPCLAS_TRAIN_P_005079	0	3.301334361947121	2.618237257003784	0.9320261156094044	1
G0	HPCLAS_TRAIN_P_005085	1	HPCLAS_TRAIN_P_005085	0	2.9750250450100717	2.1569464206695557	0.8963161118368644	1
G0	HPCLAS_TRAIN_P_005090	1	HPCLAS_TRAIN_P_005090	0	0.477235030106152	0.5039634108543396	0.6233902943977544	1
G0	HPCLAS_TRAIN_P_005091	1	HPCLAS_TRAIN_P_005091	0	2.955692436136626	2.957939863204956	0.9506374097918716	1
G0	HPCLAS_TRAIN_P_005094	1	HPCLAS_TRAIN_P_005094	0	1.3143477186363677	2.0957272052764893	0.8904871916132371	1
G0	HPCLAS_TRAIN_P_005097	1	HPCLAS_TRAIN_P_005097	0	0.8070787599924847	1.7442039251327515	0.8512202552320756	1
G0	HPCLAS_TRAIN_P_005099	1	HPCLAS_TRAIN_P_005099	0	3.655475301095177	3.189845323562622	0.9604503454088563	1
G0	HPCLAS_TRAIN_P_005102	1	HPCLAS_TRAIN_P_005102	0	2.8922421795179334	2.725761890411377	0.9385297876900612	1
G0	HPCLAS_TRAIN_P_005126	1	HPCLAS_TRAIN_P_005126	0	4.023949062689407	2.241328477859497	0.9038999182629271	1
G0	HPCLAS_TRAIN_P_005134	1	HPCLAS_TRAIN_P_005134	0	3.786249096284682	3.351987838745117	0.9661698698908062	1
G0	HPCLAS_TRAIN_P_005139	1	HPCLAS_TRAIN_P_005139	0	2.799539124793543	2.5632572174072266	0.9284591133678067	1
G0	HPCLAS_TRAIN_P_005141	1	HPCLAS_TRAIN_P_005141	0	2.94553976328489	2.582453489303589	0.929723743086755	1
G0	HPCLAS_TRAIN_P_005144	1	HPCLAS_TRAIN_P_005144	0	2.494207206182784	3.2954914569854736	0.9642738169142097	1
G0	HPCLAS_TRAIN_P_005149	1	HPCLAS_TRAIN_P_005149	0	-0.7786036378511861	-0.02240470051765442	0.49439905916093163	0
G0	HPCLAS_TRAIN_P_005155	1	HPCLAS_TRAIN_P_005155	0	3.147133046173961	2.7835581302642822	0.9417808425696286	1
G0	HPCLAS_TRAIN_P_005168	1	HPCLAS_TRAIN_P_005168	0	3.0466038813819694	2.762587547302246	0.9406203230771992	1
G0	HPCLAS_TRAIN_P_005171	1	HPCLAS_TRAIN_P_005171	0	3.9053594745056905	2.74499249458313	0.939629920960745	1
G0	HPCLAS_TRAIN_P_005188	1	HPCLAS_TRAIN_P_005188	0	2.7732015416888705	2.704505205154419	0.937291962959472	1
G0	HPCLAS_TRAIN_P_005192	1	HPCLAS_TRAIN_P_005192	0	2.40974704614411	2.4559431076049805	0.9209949739398177	1
G0	HPCLAS_TRAIN_P_005196	1	HPCLAS_TRAIN_P_005196	0	1.478715985681867	2.8188395500183105	0.9436854280968463	1
G0	HPCLAS_TRAIN_P_005198	1	HPCLAS_TRAIN_P_004585	0	2.955286873157947	2.7437334060668945	0.9395584589469349	1
G0	HPCLAS_TRAIN_P_005200	1	HPCLAS_TRAIN_P_005200	0	3.5327514977380883	2.8250091075897217	0.9440124023034424	1
G0	HPCLAS_TRAIN_P_005213	1	HPCLAS_TRAIN_P_005213	0	3.265802182815603	3.049701690673828	0.9547696459044898	1
G0	HPCLAS_TRAIN_P_005215	1	HPCLAS_TRAIN_P_005215	0	3.189602287078264	3.094468832015991	0.9566640123439644	1
G0	HPCLAS_TRAIN_P_005218	1	HPCLAS_TRAIN_P_005218	0	3.321292377243217	3.6067631244659424	0.9735775414950927	1
G0	HPCLAS_TRAIN_P_005224	1	HPCLAS_TRAIN_P_005224	0	0.8172275247891132	-0.41062819957733154	0.3987615002474264	0
G0	HPCLAS_TRAIN_P_005237	1	HPCLAS_TRAIN_P_005237	0	2.812807837089242	1.610326886177063	0.8334567653246829	1
G0	HPCLAS_TRAIN_P_005238	1	HPCLAS_TRAIN_P_005238	0	3.13102773569468	2.8091390132904053	0.9431676858408518	1
G0	HPCLAS_TRAIN_P_005247	1	HPCLAS_TRAIN_P_005247	0	2.7790560958246187	2.8069660663604736	0.9430510984400519	1
G0	HPCLAS_TRAIN_P_005256	1	HPCLAS_TRAIN_P_005256	0	2.321799037937162	2.366032838821411	0.9142001944812571	1
G0	HPCLAS_TRAIN_P_005257	1	HPCLAS_TRAIN_P_005257	0	3.9080494469055456	2.933985471725464	0.9495011161508272	1
G0	HPCLAS_TRAIN_P_005259	1	HPCLAS_TRAIN_P_005259	0	3.7643832996128506	2.5491557121276855	0.9275167741484887	1
G0	HPCLAS_TRAIN_P_005261	1	HPCLAS_TRAIN_P_005261	0	3.179704517532368	1.9487887620925903	0.8753145085780882	1
G0	HPCLAS_TRAIN_P_005265	1	HPCLAS_TRAIN_P_005265	0	2.478866507666912	2.4566168785095215	0.9210439857841362	1
G0	HPCLAS_TRAIN_P_005280	1	HPCLAS_TRAIN_P_005280	0	2.046584605899881	2.3422067165374756	0.912312779154772	1
G0	HPCLAS_TRAIN_P_005283	1	HPCLAS_TRAIN_P_005283	0	2.015057554714511	2.757153034210205	0.9403160574128268	1
G0	HPCLAS_TRAIN_P_005291	1	HPCLAS_TRAIN_P_005291	0	1.8865712809879769	2.0277345180511475	0.8836784093908594	1
G0	HPCLAS_TRAIN_P_005293	1	HPCLAS_TRAIN_P_005293	0	0.9823128634551396	2.355602979660034	0.9133785530303477	1
G0	HPCLAS_TRAIN_P_005294	1	HPCLAS_TRAIN_P_005294	0	2.579267635792532	2.641378164291382	0.933477595675619	1
G0	HPCLAS_TRAIN_P_005312	1	HPCLAS_TRAIN_P_005312	0	2.9618893363739547	2.4833924770355225	0.9229693389528176	1
G0	HPCLAS_TRAIN_P_005315	1	HPCLAS_TRAIN_P_005315	0	2.4341008704722977	1.574514627456665	0.8284262520142429	1
G0	HPCLAS_TRAIN_P_005318	1	HPCLAS_TRAIN_P_005318	0	2.7006543350999643	2.8732240200042725	0.946506820659606	1
G0	HPCLAS_TRAIN_P_005323	1	HPCLAS_TRAIN_P_005323	0	3.651655473559208	3.1344892978668213	0.9582931879097171	1
G0	HPCLAS_TRAIN_P_005333	1	HPCLAS_TRAIN_P_005333	0	3.8495380775107377	3.6844003200531006	0.9755029461296999	1
G0	HPCLAS_TRAIN_P_005344	1	HPCLAS_TRAIN_P_005344	0	2.4656061282186807	2.1976404190063477	0.9000374195255332	1
G0	HPCLAS_TRAIN_P_005347	1	HPCLAS_TRAIN_P_005347	0	3.252363393270985	2.304448366165161	0.9092447812758825	1
G0	HPCLAS_TRAIN_P_005349	1	HPCLAS_TRAIN_P_005349	0	0.5937037716456929	1.2610796689987183	0.7792119107931648	1
G0	HPCLAS_TRAIN_P_005350	1	HPCLAS_TRAIN_P_005350	0	4.665484595916884	4.200796127319336	0.9852375520692241	1
G0	HPCLAS_TRAIN_P_005360	1	HPCLAS_TRAIN_P_005360	0	-0.4884276466693388	-0.8953224420547485	0.29001268463361685	0
G0	HPCLAS_TRAIN_P_005370	1	HPCLAS_TRAIN_P_005370	0	3.301948616601631	1.6947126388549805	0.844842912840309	1
G0	HPCLAS_TRAIN_P_005373	1	HPCLAS_TRAIN_P_005373	0	0.2995445085215703	1.4973262548446655	0.8171753579311651	1
G0	HPCLAS_TRAIN_P_005381	1	HPCLAS_TRAIN_P_005381	0	2.92314977265299	2.684072256088257	0.9360802162786085	1
G0	HPCLAS_TRAIN_P_005383	1	HPCLAS_TRAIN_P_005383	0	3.005932103408456	3.018315553665161	0.95339473725867	1
G0	HPCLAS_TRAIN_P_005387	1	HPCLAS_TRAIN_P_005387	0	1.5981489219867526	1.210686445236206	0.7704203850853556	1
G0	HPCLAS_TRAIN_P_005402	1	HPCLAS_TRAIN_P_005402	0	0.4556295025473889	1.6850148439407349	0.8435674377776813	1
G0	HPCLAS_TRAIN_P_005405	1	HPCLAS_TRAIN_P_005405	0	3.665109202778768	3.2216951847076416	0.9616425922363949	1
G0	HPCLAS_TRAIN_P_005406	1	HPCLAS_TRAIN_P_005406	0	3.685581665633639	3.838438034057617	0.978926454572593	1
G0	HPCLAS_TRAIN_P_005416	1	HPCLAS_TRAIN_P_005416	0	2.4370464883206817	2.6137702465057373	0.9317425684118734	1
G0	HPCLAS_TRAIN_P_005419	1	HPCLAS_TRAIN_P_005419	0	2.823829000455361	2.2167000770568848	0.9017391913546822	1
G0	HPCLAS_TRAIN_P_005424	1	HPCLAS_TRAIN_P_005424	0	2.8710137623149463	2.7394747734069824	0.939316164989124	1
G0	HPCLAS_TRAIN_P_005432	1	HPCLAS_TRAIN_P_005432	0	3.153588358194815	2.3456332683563232	0.9125865100391808	1
G0	HPCLAS_TRAIN_P_005433	1	HPCLAS_TRAIN_P_005433	0	2.610928078387849	2.3366124629974365	0.9118642156182103	1
G0	HPCLAS_TRAIN_P_005443	1	HPCLAS_TRAIN_P_005443	0	3.257961796372607	3.0591795444488525	0.955177183301546	1
G0	HPCLAS_TRAIN_P_005450	1	HPCLAS_TRAIN_P_005450	0	3.559509453391496	3.4090020656585693	0.9679846906355424	1
G0	HPCLAS_TRAIN_P_005453	1	HPCLAS_TRAIN_P_005453	0	2.5633073875348167	2.9590904712677	0.950691375152036	1
G0	HPCLAS_TRAIN_P_005471	1	HPCLAS_TRAIN_P_005471	0	4.0527645853223655	3.161943197250366	0.9593767463042376	1
G0	HPCLAS_TRAIN_P_005474	1	HPCLAS_TRAIN_P_005474	0	2.3189691096333878	1.2831875085830688	0.7829918723897558	1
G0	HPCLAS_TRAIN_P_005485	1	HPCLAS_TRAIN_P_005485	0	1.077616529947971	2.3660857677459717	0.9142043460397526	1
G0	HPCLAS_TRAIN_P_005489	1	HPCLAS_TRAIN_P_005489	0	1.1868897105145515	2.068119764328003	0.8877657555951207	1
G0	HPCLAS_TRAIN_P_005496	1	HPCLAS_TRAIN_P_005496	0	2.219221075583264	1.786300539970398	0.8564731127433222	1
G0	HPCLAS_TRAIN_P_005497	1	HPCLAS_TRAIN_P_005497	0	0.161846140760983	-2.6182501316070557	0.06797306874478529	0
G0	HPCLAS_TRAIN_P_005509	1	HPCLAS_TRAIN_P_005509	0	2.9531778017321977	3.5575110912323	0.9722805777484367	1
G0	HPCLAS_TRAIN_P_005511	1	HPCLAS_TRAIN_P_005511	0	3.897609247653549	4.051080226898193	0.9828941382876543	1
G0	HPCLAS_TRAIN_P_005524	1	HPCLAS_TRAIN_P_005524	0	3.9745875433539264	2.53747820854187	0.926727772508011	1
G0	HPCLAS_TRAIN_P_005532	1	HPCLAS_TRAIN_P_005532	0	3.3492148555352976	3.1668496131896973	0.9595675336798136	1
G0	HPCLAS_TRAIN_P_005537	1	HPCLAS_TRAIN_P_005537	0	2.1917012435509253	2.697633743286133	0.9368868720718855	1
G0	HPCLAS_TRAIN_P_005539	1	HPCLAS_TRAIN_P_005539	0	1.6086105897160532	2.3429224491119385	0.9123700195580621	1
G0	HPCLAS_TRAIN_P_005540	1	HPCLAS_TRAIN_P_005540	0	1.016860925059404	1.1136265993118286	0.752804603263041	1
G0	HPCLAS_TRAIN_P_005545	1	HPCLAS_TRAIN_P_005545	0	3.33964676399652	2.6212613582611084	0.9322174526872143	1
G0	HPCLAS_TRAIN_P_005557	1	HPCLAS_TRAIN_P_005557	0	3.336768078841944	2.7639904022216797	0.9406986293423378	1
G0	HPCLAS_TRAIN_P_005559	1	HPCLAS_TRAIN_P_005559	0	0.7283281878262143	-0.2719104290008545	0.43243814775056755	0
G0	HPCLAS_TRAIN_P_005569	1	HPCLAS_TRAIN_P_005569	0	3.6111381892876	2.9786670207977295	0.9516010158369932	1
G0	HPCLAS_TRAIN_P_005573	1	HPCLAS_TRAIN_P_005573	0	0.6932145941706357	1.7349814176559448	0.8500484897332821	1
G0	HPCLAS_TRAIN_P_005574	1	HPCLAS_TRAIN_P_005574	0	-1.0393056381519306	-1.642675757408142	0.1621013005788472	0
G0	HPCLAS_TRAIN_P_005580	1	HPCLAS_TRAIN_P_005580	0	3.339181763158485	2.7390849590301514	0.9392939412545152	1
G0	HPCLAS_TRAIN_P_005581	1	HPCLAS_TRAIN_P_005581	0	2.85240823653117	2.5250144004821777	0.9258769231038768	1
G0	HPCLAS_TRAIN_P_005586	1	HPCLAS_TRAIN_P_005586	0	3.4113853444998714	2.915421485900879	0.9486035321574424	1
G0	HPCLAS_TRAIN_P_005599	1	HPCLAS_TRAIN_P_005599	0	2.29067643795036	2.891981601715088	0.947448632488459	1
G0	HPCLAS_TRAIN_P_005604	1	HPCLAS_TRAIN_P_005604	0	3.208813303545722	3.4812729358673096	0.9701502049416728	1
G0	HPCLAS_TRAIN_P_005611	1	HPCLAS_TRAIN_P_005611	0	2.461929339867097	2.3330061435699463	0.9115739525977614	1
G0	HPCLAS_TRAIN_P_005618	1	HPCLAS_TRAIN_P_005618	0	1.2431678363123768	1.626327633857727	0.8356659401654308	1
G0	HPCLAS_TRAIN_P_005625	1	HPCLAS_TRAIN_P_005625	0	-1.195338151208157	0.02132253348827362	0.5053304314166854	1
G0	HPCLAS_TRAIN_P_005630	1	HPCLAS_TRAIN_P_005630	0	2.8210138607155537	2.2736008167266846	0.9066669425860171	1
G0	HPCLAS_TRAIN_P_005633	1	HPCLAS_TRAIN_P_005633	0	3.052107882941172	2.42169451713562	0.9184667294790939	1
G0	HPCLAS_TRAIN_P_005634	1	HPCLAS_TRAIN_P_005634	0	2.8560008554824767	2.967963457107544	0.9511056572094644	1
G0	HPCLAS_TRAIN_P_005638	1	HPCLAS_TRAIN_P_005638	0	-0.9778628054777202	0.00539727509021759	0.5013493154970275	1
G0	HPCLAS_TRAIN_P_005641	1	HPCLAS_TRAIN_P_005641	0	1.7875649894530865	2.2258312702178955	0.9025453036956773	1
G0	HPCLAS_TRAIN_P_005657	1	HPCLAS_TRAIN_P_005657	0	0.4213702211900124	-0.4811617136001587	0.3819778410309548	0
G0	HPCLAS_TRAIN_P_005660	1	HPCLAS_TRAIN_P_005660	0	0.5089161872735163	2.1290717124938965	0.8936968506467933	1
G0	HPCLAS_TRAIN_P_005678	1	HPCLAS_TRAIN_P_005678	0	2.775380639071712	2.8925578594207764	0.9474773168020918	1
G0	HPCLAS_TRAIN_P_005685	1	HPCLAS_TRAIN_P_005685	0	1.269513739583605	-0.2654981017112732	0.4340126365577196	0
G0	HPCLAS_TRAIN_P_005691	1	HPCLAS_TRAIN_P_005691	0	2.5572362001635742	2.6926167011260986	0.9365895640263802	1
G0	HPCLAS_TRAIN_P_005696	1	HPCLAS_TRAIN_P_005696	0	3.0843257651590013	2.811906337738037	0.9433158392907101	1
G0	HPCLAS_TRAIN_P_005713	1	HPCLAS_TRAIN_P_005713	0	3.191312046631598	3.391497850418091	0.9674377629350235	1
G0	HPCLAS_TRAIN_P_005714	1	HPCLAS_TRAIN_P_005714	0	3.51624263006681	3.1023008823394775	0.9569875544885794	1
G0	HPCLAS_TRAIN_P_005715	1	HPCLAS_TRAIN_P_005715	0	3.540107545921713	3.0078933238983154	0.9529294496606722	1
G0	HPCLAS_TRAIN_P_005716	1	HPCLAS_TRAIN_P_005716	0	0.7503619983974983	0.1996791511774063	0.5497545806424248	1
G0	HPCLAS_TRAIN_P_005718	1	HPCLAS_TRAIN_P_005718	0	3.0829221458799867	3.1886894702911377	0.960406416393504	1
G0	HPCLAS_TRAIN_P_005720	1	HPCLAS_TRAIN_P_005720	0	2.6251925282212896	3.2554659843444824	0.9628690291472285	1
G0	HPCLAS_TRAIN_P_005723	1	HPCLAS_TRAIN_P_005723	0	2.0319845639070597	1.2511550188064575	0.7774997364195811	1
G0	HPCLAS_TRAIN_P_005730	1	HPCLAS_TRAIN_P_005730	0	3.180007699694553	3.3440370559692383	0.9659090279541657	1
G0	HPCLAS_TRAIN_P_005732	1	HPCLAS_TRAIN_P_005732	0	2.3094990544399048	2.566957712173462	0.9287045211710524	1
G0	HPCLAS_TRAIN_P_005736	1	HPCLAS_TRAIN_P_005736	0	4.112957796098322	3.54013991355896	0.9718085454522071	1
G0	HPCLAS_TRAIN_P_005737	1	HPCLAS_TRAIN_N_000995	0	2.438672997197732	2.57421612739563	0.9291836255664794	1
G0	HPCLAS_TRAIN_P_005738	1	HPCLAS_TRAIN_P_005738	0	3.540475277304048	2.810478448867798	0.9432394402017011	1
G0	HPCLAS_TRAIN_P_005743	1	HPCLAS_TRAIN_P_005743	0	4.0545700010455805	3.176044225692749	0.9599227598049976	1
G0	HPCLAS_TRAIN_P_005744	1	HPCLAS_TRAIN_P_005744	0	2.702281698886927	3.0417449474334717	0.9544247913439335	1
G0	HPCLAS_TRAIN_P_005750	1	HPCLAS_TRAIN_P_005750	0	3.2002673798490413	2.774622678756714	0.9412889761835533	1
G0	HPCLAS_TRAIN_P_005756	1	HPCLAS_TRAIN_P_005756	0	1.2587880990590292	2.3517425060272217	0.9130726315930577	1
G0	HPCLAS_TRAIN_P_005761	1	HPCLAS_TRAIN_N_001204	0	1.6150767104618695	1.9226709604263306	0.8724359845214011	1
G0	HPCLAS_TRAIN_P_005763	1	HPCLAS_TRAIN_P_005763	0	-0.5514394044534413	-0.3301047086715698	0.41821514614353705	0
G0	HPCLAS_TRAIN_P_005780	1	HPCLAS_TRAIN_P_005780	0	1.3362032383535805	1.7477651834487915	0.8516707045219499	1
G0	HPCLAS_TRAIN_P_005785	1	HPCLAS_TRAIN_P_003763	0	3.163290042947237	2.5636556148529053	0.9284855715202717	1
G0	HPCLAS_TRAIN_P_005788	1	HPCLAS_TRAIN_P_005788	0	2.935967084327024	3.4847748279571533	0.9702514486883553	1
G0	HPCLAS_TRAIN_P_005789	1	HPCLAS_TRAIN_P_005789	0	3.645370989345858	2.9665863513946533	0.951041576919915	1
G0	HPCLAS_TRAIN_P_005799	1	HPCLAS_TRAIN_P_005799	0	0.9800466813720244	1.926576018333435	0.8728699523217995	1
G0	HPCLAS_TRAIN_P_005804	1	HPCLAS_TRAIN_P_005804	0	2.0780175410274477	2.0627269744873047	0.8872273056486278	1
G0	HPCLAS_TRAIN_P_005816	1	HPCLAS_TRAIN_P_005816	0	3.571708602349703	2.882251739501953	0.9469620708981734	1
G0	HPCLAS_TRAIN_P_005817	1	HPCLAS_TRAIN_P_005817	0	1.7155817029622802	2.094954252243042	0.8904117906698094	1
G0	HPCLAS_TRAIN_P_005819	1	HPCLAS_TRAIN_P_005819	0	0.5639401844758558	-1.6829711198806763	0.15670244434827926	0
G0	HPCLAS_TRAIN_P_005824	1	HPCLAS_TRAIN_P_000825	0	3.414153142863129	3.1451215744018555	0.95871606732075	1
G0	HPCLAS_TRAIN_P_005827	1	HPCLAS_TRAIN_P_005827	0	3.9747983151161614	4.008630752563477	0.9821655999915521	1
G0	HPCLAS_TRAIN_P_005833	1	HPCLAS_TRAIN_P_005833	0	3.238672691566111	3.038945198059082	0.9543028524802606	1
G0	HPCLAS_TRAIN_P_005836	1	HPCLAS_TRAIN_P_005836	0	3.107421652450306	2.343762159347534	0.9124371319603282	1
G0	HPCLAS_TRAIN_P_005837	1	HPCLAS_TRAIN_P_005837	0	3.0794223592348797	2.9621694087982178	0.9508355072633199	1
G0	HPCLAS_TRAIN_P_005849	1	HPCLAS_TRAIN_P_005849	0	3.300018288180786	2.983302354812622	0.9518140568575071	1
G0	HPCLAS_TRAIN_P_005855	1	HPCLAS_TRAIN_P_005855	0	2.7604218644518075	2.225402593612671	0.9025075919611112	1
G0	HPCLAS_TRAIN_P_005857	1	HPCLAS_TRAIN_P_005857	0	2.783404186969165	2.5380938053131104	0.9267695626475717	1
G0	HPCLAS_TRAIN_P_005896	1	HPCLAS_TRAIN_P_005896	0	3.6056568322554656	2.8617758750915527	0.9459242103375757	1
G0	HPCLAS_TRAIN_P_005903	1	HPCLAS_TRAIN_P_005903	0	0.8889591206700596	2.232137441635132	0.9030985710575103	1
G0	HPCLAS_TRAIN_P_005909	1	HPCLAS_TRAIN_P_005909	0	0.7263485761282661	-1.2130800485610962	0.22915652561466415	0
G0	HPCLAS_TRAIN_P_005923	1	HPCLAS_TRAIN_P_005923	0	3.1532363104767773	2.699075937271118	0.9369720950900515	1
G0	HPCLAS_TRAIN_P_005926	1	HPCLAS_TRAIN_P_005926	0	2.6932005372283943	2.7159831523895264	0.9379632112835304	1
G0	HPCLAS_TRAIN_P_005931	1	HPCLAS_TRAIN_P_005931	0	-0.4248105955200608	1.3613451719284058	0.7959782364213399	1
G0	HPCLAS_TRAIN_P_005934	1	HPCLAS_TRAIN_P_005934	0	3.488089995520657	3.469165086746216	0.9697975732942542	1
G0	HPCLAS_TRAIN_P_005937	1	HPCLAS_TRAIN_P_005937	0	3.2188686341877197	3.2449216842651367	0.9624902011603916	1
G0	HPCLAS_TRAIN_P_005938	1	HPCLAS_TRAIN_P_005938	0	3.3696708898991554	3.1874725818634033	0.9603601171431567	1
G0	HPCLAS_TRAIN_P_005939	1	HPCLAS_TRAIN_P_005939	0	2.9263760926396447	2.794318675994873	0.9423680428252131	1
G0	HPCLAS_TRAIN_P_005947	1	HPCLAS_TRAIN_P_005947	0	3.535574709019049	2.123135805130005	0.893131603594	1
G0	HPCLAS_TRAIN_P_005948	1	HPCLAS_TRAIN_P_005948	0	2.1301719553522047	2.5245163440704346	0.925842734815917	1
G0	HPCLAS_TRAIN_P_005957	1	HPCLAS_TRAIN_P_005957	0	3.680574554234548	3.0627005100250244	0.9553276876141988	1
G0	HPCLAS_TRAIN_P_005964	1	HPCLAS_TRAIN_P_005964	0	2.180912646084595	2.2931628227233887	0.9083092017098123	1
G0	HPCLAS_TRAIN_P_005984	1	HPCLAS_TRAIN_P_005984	0	0.9321271911388492	1.1296284198760986	0.7557703187804011	1
G0	HPCLAS_TRAIN_P_005993	1	HPCLAS_TRAIN_P_005993	0	1.0393504159190865	-0.011799454689025879	0.49705017055235506	0
G0	HPCLAS_TRAIN_P_005998	1	HPCLAS_TRAIN_P_005998	0	3.2392687044318715	2.923231363296509	0.948982970416684	1
G0	HPCLAS_TRAIN_P_005999	1	HPCLAS_TRAIN_P_005999	0	3.4507573647493124	3.3346164226531982	0.9655974527657295	1
G0	HPCLAS_TRAIN_P_006001	1	HPCLAS_TRAIN_P_006001	0	0.7821911290178518	2.116011142730713	0.8924496649007182	1
G0	HPCLAS_TRAIN_P_006015	1	HPCLAS_TRAIN_P_006015	0	3.5237374149286738	3.2311527729034424	0.9619899268805434	1
G0	HPCLAS_TRAIN_P_006018	1	HPCLAS_TRAIN_P_006018	0	2.822292290771784	2.8228073120117188	0.9438959169994277	1
G0	HPCLAS_TRAIN_P_006024	1	HPCLAS_TRAIN_P_006024	0	2.748126858449346	2.286665678024292	0.9077666587635878	1
G0	HPCLAS_TRAIN_P_006026	1	HPCLAS_TRAIN_P_006026	0	3.9066634898633543	2.83772349357605	0.9446806142867311	1
G0	HPCLAS_TRAIN_P_006035	1	HPCLAS_TRAIN_P_004508	0	3.197033929955814	2.6185953617095947	0.9320487992631179	1
G0	HPCLAS_TRAIN_P_006055	1	HPCLAS_TRAIN_P_006055	0	1.447338521757409	2.0722737312316895	0.888178981177359	1
G0	HPCLAS_TRAIN_P_006058	1	HPCLAS_TRAIN_P_006058	0	1.533247984469018	1.9057575464248657	0.8705417796129467	1
G0	HPCLAS_TRAIN_P_006061	1	HPCLAS_TRAIN_P_006061	0	1.6243281053179512	2.314640760421753	0.910082343613956	1
G0	HPCLAS_TRAIN_P_006065	1	HPCLAS_TRAIN_N_004328	0	3.9408866796000135	4.013535499572754	0.982251310311075	1
G0	HPCLAS_TRAIN_P_006067	1	HPCLAS_TRAIN_P_006067	0	3.001872606288849	2.9705774784088135	0.9512270755896758	1
G0	HPCLAS_TRAIN_P_006082	1	HPCLAS_TRAIN_P_006082	0	0.9779295792611004	2.6211061477661133	0.9322076445770799	1
G0	HPCLAS_TRAIN_P_006107	1	HPCLAS_TRAIN_P_006107	0	0.4415226005026449	1.8127236366271973	0.8596907283068472	1
G0	HPCLAS_TRAIN_P_006134	1	HPCLAS_TRAIN_P_006134	0	0.2922162231535276	0.9791868329048157	0.726946836420926	1
G0	HPCLAS_TRAIN_P_006136	1	HPCLAS_TRAIN_P_006136	0	0.8282841158485168	1.570106863975525	0.8277988420370892	1
G0	HPCLAS_TRAIN_P_006142	1	HPCLAS_TRAIN_P_006142	0	3.473125646974953	3.2329981327056885	0.9620573455330177	1
G0	HPCLAS_TRAIN_P_006147	1	HPCLAS_TRAIN_P_006147	0	2.516354272869424	2.8279755115509033	0.9441689792667646	1
G0	HPCLAS_TRAIN_P_006150	1	HPCLAS_TRAIN_P_006150	0	3.746853955118812	2.6569571495056152	0.9344384980878632	1
G0	HPCLAS_TRAIN_P_006152	1	HPCLAS_TRAIN_P_006152	0	2.494096376295604	3.00858736038208	0.9529605708230344	1
G0	HPCLAS_TRAIN_P_006168	1	HPCLAS_TRAIN_P_006168	0	-0.2117364669199841	0.6852376461029053	0.6649066814076932	1
G0	HPCLAS_TRAIN_P_006171	1	HPCLAS_TRAIN_N_002506	0	2.1006857568075867	1.6040066480636597	0.8325776247663528	1
G0	HPCLAS_TRAIN_P_006172	1	HPCLAS_TRAIN_P_006172	0	1.9887410480280172	2.4555587768554688	0.9209670042671724	1
G0	HPCLAS_TRAIN_P_006189	1	HPCLAS_TRAIN_P_006189	0	0.634063145265961	0.706928014755249	0.6697220083858194	1
G0	HPCLAS_TRAIN_P_006193	1	HPCLAS_TRAIN_P_006193	0	2.871098358298369	2.5484273433685303	0.9274677910974749	1
G0	HPCLAS_TRAIN_P_006196	1	HPCLAS_TRAIN_P_006196	0	3.5451056705905266	3.162174701690674	0.959385767768484	1
G0	HPCLAS_TRAIN_P_006201	1	HPCLAS_TRAIN_P_006201	0	3.186570909765574	2.6739161014556885	0.9354698343930219	1
G0	HPCLAS_TRAIN_P_006203	1	HPCLAS_TRAIN_P_006203	0	2.9826345342995104	2.8579025268554688	0.9457257398291828	1
G0	HPCLAS_TRAIN_P_006204	1	HPCLAS_TRAIN_P_006204	0	2.246516423797644	2.1042592525482178	0.8913164668675102	1
G0	HPCLAS_TRAIN_P_006213	1	HPCLAS_TRAIN_P_006213	0	2.6098487631618323	2.8959310054779053	0.9476449250664324	1
G0	HPCLAS_TRAIN_P_006219	1	HPCLAS_TRAIN_P_006219	0	3.951953105763697	3.375530958175659	0.9669310034412862	1
G0	HPCLAS_TRAIN_P_006222	1	HPCLAS_TRAIN_P_006222	0	2.09679239396426	2.00169038772583	0.8809744436343713	1
G0	HPCLAS_TRAIN_P_006231	1	HPCLAS_TRAIN_P_006231	0	1.0205401375872087	2.1309633255004883	0.8938764253728138	1
G0	HPCLAS_TRAIN_P_006233	1	HPCLAS_TRAIN_P_006233	0	0.6322660153047431	-0.6534355282783508	0.3422157670239958	0
G0	HPCLAS_TRAIN_P_006242	1	HPCLAS_TRAIN_P_006242	0	3.544957044294621	3.523590326309204	0.9713515837990787	1
G0	HPCLAS_TRAIN_P_006248	1	HPCLAS_TRAIN_P_006248	0	2.785233897056824	2.807088613510132	0.9430576795661413	1
G0	HPCLAS_TRAIN_P_006268	1	HPCLAS_TRAIN_P_006268	0	3.239521657632394	2.690995454788208	0.9364932107521498	1
G0	HPCLAS_TRAIN_P_006273	1	HPCLAS_TRAIN_P_006273	0	3.150928059364242	2.915552854537964	0.9486099366409475	1
G0	HPCLAS_TRAIN_P_006274	1	HPCLAS_TRAIN_P_006274	0	1.0178178080337374	0.9079864025115967	0.7125879417633442	1
G0	HPCLAS_TRAIN_P_006283	1	HPCLAS_TRAIN_P_006283	0	2.9224729024418123	2.210703134536743	0.9012065468773962	1
G0	HPCLAS_TRAIN_P_006286	1	HPCLAS_TRAIN_P_006286	0	3.2777242120625383	2.5894954204559326	0.9301824552982785	1
G0	HPCLAS_TRAIN_P_006288	1	HPCLAS_TRAIN_P_006288	0	2.1926339200150595	2.8846657276153564	0.9470831824935823	1
G0	HPCLAS_TRAIN_P_006291	1	HPCLAS_TRAIN_P_006291	0	3.363087548617319	3.840897798538208	0.9789771384302037	1
G0	HPCLAS_TRAIN_P_006292	1	HPCLAS_TRAIN_P_006292	0	2.9201426943687645	2.669215679168701	0.9351855071278231	1
G0	HPCLAS_TRAIN_P_006299	1	HPCLAS_TRAIN_P_006299	0	1.2537620237572726	3.203671932220459	0.9609722249246316	1
G0	HPCLAS_TRAIN_P_006303	1	HPCLAS_TRAIN_P_006303	0	2.7750979069729347	2.8811593055725098	0.9469071767073827	1
G0	HPCLAS_TRAIN_P_006308	1	HPCLAS_TRAIN_P_006308	0	2.253142237773511	1.6046613454818726	0.8326688645601277	1
G0	HPCLAS_TRAIN_P_006317	1	HPCLAS_TRAIN_P_006317	0	3.617539640050242	3.312598466873169	0.9648584924271438	1
G0	HPCLAS_TRAIN_P_006323	1	HPCLAS_TRAIN_P_006323	0	4.000055782208846	3.8005149364471436	0.9781297472684198	1
G0	HPCLAS_TRAIN_P_006326	1	HPCLAS_TRAIN_P_006326	0	3.1349713959902155	2.0807442665100098	0.889017487901244	1
G0	HPCLAS_TRAIN_P_006329	1	HPCLAS_TRAIN_P_006329	0	3.0339552891713644	2.5881879329681396	0.9300974952918994	1
G0	HPCLAS_TRAIN_P_006331	1	HPCLAS_TRAIN_P_006331	0	1.1716053392165524	2.703589916229248	0.9372381446394326	1
G0	HPCLAS_TRAIN_P_006332	1	HPCLAS_TRAIN_P_006332	0	0.8430161766463197	0.6478786468505859	0.6565322614920402	1
G0	HPCLAS_TRAIN_P_006334	1	HPCLAS_TRAIN_P_006334	0	3.021954932958858	3.1037561893463135	0.9570474185578016	1
G0	HPCLAS_TRAIN_P_006340	1	HPCLAS_TRAIN_P_006340	0	3.0252397285740504	2.661869764328003	0.9347388189923241	1
G0	HPCLAS_TRAIN_P_006343	1	HPCLAS_TRAIN_P_006343	0	3.2061196324145524	3.455742120742798	0.9694019223319739	1
G0	HPCLAS_TRAIN_P_006346	1	HPCLAS_TRAIN_P_006346	0	3.5533961100489133	3.1435515880584717	0.958653883166145	1
G0	HPCLAS_TRAIN_P_006351	1	HPCLAS_TRAIN_P_006351	0	0.5740912433035203	2.0759963989257812	0.8885481717278734	1
G0	HPCLAS_TRAIN_P_006359	1	HPCLAS_TRAIN_P_006359	0	2.618346906951217	2.725447416305542	0.9385116426656152	1
G0	HPCLAS_TRAIN_P_006365	1	HPCLAS_TRAIN_P_006365	0	3.6816387491654554	3.1603763103485107	0.959315636039107	1
G0	HPCLAS_TRAIN_P_006370	1	HPCLAS_TRAIN_P_006370	0	3.5931260013687907	3.7745606899261475	0.977567590939073	1
G0	HPCLAS_TRAIN_P_006380	1	HPCLAS_TRAIN_P_006380	0	-0.0706512219690644	0.9827126264572144	0.7276461290068297	1
G0	HPCLAS_TRAIN_P_006385	1	HPCLAS_TRAIN_P_006385	0	0.2276695834123451	-0.03354533016681671	0.4916144537905804	0
G0	HPCLAS_TRAIN_P_006390	1	HPCLAS_TRAIN_P_006390	0	3.4089823719252488	3.604681968688965	0.9735239523967023	1
G0	HPCLAS_TRAIN_P_006399	1	HPCLAS_TRAIN_P_006399	0	4.016098082857775	2.9425048828125	0.9499080504241483	1
G0	HPCLAS_TRAIN_P_006402	1	HPCLAS_TRAIN_P_006402	0	3.336989242342524	3.0612893104553223	0.9552674235647486	1
G0	HPCLAS_TRAIN_P_006411	1	HPCLAS_TRAIN_P_006411	0	0.5222928666833708	1.4665504693984985	0.8125325080804167	1
G0	HPCLAS_TRAIN_P_006413	1	HPCLAS_TRAIN_P_006413	0	2.59907720407222	2.149944543838501	0.8956635945986765	1
G0	HPCLAS_TRAIN_P_006418	1	HPCLAS_TRAIN_P_006418	0	1.1239204980355724	1.8878787755966187	0.8685134806715202	1
G0	HPCLAS_TRAIN_P_006421	1	HPCLAS_TRAIN_P_006421	0	2.446591123116656	2.187864065170288	0.8991543939570724	1
G0	HPCLAS_TRAIN_P_006425	1	HPCLAS_TRAIN_P_006425	0	3.0386922524021105	2.1800334453582764	0.8984421238270857	1
G0	HPCLAS_TRAIN_P_006428	1	HPCLAS_TRAIN_P_006428	0	-1.2716533811308937	0.764945387840271	0.6824264667318181	1
G0	HPCLAS_TRAIN_P_006430	1	HPCLAS_TRAIN_P_006430	0	3.422392717741056	3.547743082046509	0.9720161015976811	1
G0	HPCLAS_TRAIN_P_006436	1	HPCLAS_TRAIN_P_006436	0	1.571804620524664	0.5947620272636414	0.6444570283722025	1
G0	HPCLAS_TRAIN_P_006460	1	HPCLAS_TRAIN_P_006460	0	-0.9370209703083489	-1.8883744478225708	0.13142992498232564	0
G0	HPCLAS_TRAIN_P_006471	1	HPCLAS_TRAIN_P_006471	0	3.5697983638105906	2.5221903324127197	0.925682877319255	1
G0	HPCLAS_TRAIN_P_006472	1	HPCLAS_TRAIN_P_006472	0	2.8966224870468884	2.670837640762329	0.9352837506503907	1
G0	HPCLAS_TRAIN_P_006481	1	HPCLAS_TRAIN_P_006481	0	3.538179589684125	2.9864933490753174	0.9519601979825955	1
G0	HPCLAS_TRAIN_P_006486	1	HPCLAS_TRAIN_P_006486	0	3.494889635533949	3.3074166774749756	0.9646823718148748	1
G0	HPCLAS_TRAIN_P_006489	1	HPCLAS_TRAIN_P_006489	0	1.7461758449265172	2.5473859310150146	0.9273977027526474	1
G0	HPCLAS_TRAIN_P_006493	1	HPCLAS_TRAIN_P_006493	0	1.7142993266762316	3.452272653579712	0.9692988438006902	1
G0	HPCLAS_TRAIN_P_006498	1	HPCLAS_TRAIN_N_000237	0	2.4227084136859656	2.0617082118988037	0.8871253331252213	1
G0	HPCLAS_TRAIN_P_006499	1	HPCLAS_TRAIN_P_006499	0	-2.033431328335419	-1.098397135734558	0.25004034334488257	0
G0	HPCLAS_TRAIN_P_006506	1	HPCLAS_TRAIN_P_006506	0	3.1373297995415945	3.506465435028076	0.9708711716565845	1
G0	HPCLAS_TRAIN_P_006510	1	HPCLAS_TRAIN_P_006510	0	0.9849790695348604	1.9205141067504883	0.8721957522924846	1
G0	HPCLAS_TRAIN_P_006515	1	HPCLAS_TRAIN_P_006515	0	3.110336652488276	2.100395441055298	0.8909416076402247	1
G0	HPCLAS_TRAIN_P_006519	1	HPCLAS_TRAIN_P_006519	0	1.487857253151638	1.1841543912887573	0.7656939520173087	1
G0	HPCLAS_TRAIN_P_006527	1	HPCLAS_TRAIN_P_006527	0	2.88945808759511	2.596644163131714	0.9306452911747092	1
G0	HPCLAS_TRAIN_P_006528	1	HPCLAS_TRAIN_P_006528	0	2.8204723428645577	2.137561082839966	0.8945006731193489	1
G0	HPCLAS_TRAIN_P_006541	1	HPCLAS_TRAIN_P_006541	0	3.018253258449459	2.667428493499756	0.9350770951269677	1
G0	HPCLAS_TRAIN_P_006542	1	HPCLAS_TRAIN_P_006542	0	1.912240583759249	0.29781144857406616	0.5739074202599955	1
G0	HPCLAS_TRAIN_P_006544	1	HPCLAS_TRAIN_P_006544	0	3.3234939042438167	3.454468011856079	0.9693641073131266	1
G0	HPCLAS_TRAIN_P_006550	1	HPCLAS_TRAIN_P_006550	0	2.636659309732676	2.9661824703216553	0.951022768186917	1
G0	HPCLAS_TRAIN_P_006557	1	HPCLAS_TRAIN_P_006557	0	-0.6325985281571551	-0.9555836915969849	0.2777632840999195	0
G0	HPCLAS_TRAIN_P_006568	1	HPCLAS_TRAIN_P_006568	0	1.8273689036012837	1.6471617221832275	0.8385070799998243	1
G0	HPCLAS_TRAIN_P_006570	1	HPCLAS_TRAIN_P_006570	0	3.324559920226944	2.5192325115203857	0.9254791403532302	1
G0	HPCLAS_TRAIN_P_006585	1	HPCLAS_TRAIN_P_006585	0	1.1460350795864214	1.9198511838912964	0.8721218378331953	1
G0	HPCLAS_TRAIN_P_006586	1	HPCLAS_TRAIN_P_006586	0	3.5372722519505566	3.5674078464508057	0.9725460626957902	1
G0	HPCLAS_TRAIN_P_006589	1	HPCLAS_TRAIN_P_006589	0	3.0222752986104857	2.8693532943725586	0.9463105003425853	1
G0	HPCLAS_TRAIN_P_006592	1	HPCLAS_TRAIN_P_006592	0	2.0170195472868984	1.919761300086975	0.8721118131762596	1
G0	HPCLAS_TRAIN_P_006598	1	HPCLAS_TRAIN_P_006598	0	2.991712691831399	2.6479299068450928	0.9338832867458143	1
G0	HPCLAS_TRAIN_P_006609	1	HPCLAS_TRAIN_P_006609	0	2.218120821784013	2.8265159130096436	0.9440919882088759	1
G0	HPCLAS_TRAIN_P_006615	1	HPCLAS_TRAIN_P_006615	0	3.4799245191795305	2.64691424369812	0.9338205466838742	1
G0	HPCLAS_TRAIN_P_006617	1	HPCLAS_TRAIN_P_006617	0	2.835661296773002	3.515517473220825	0.9711260781320639	1
G0	HPCLAS_TRAIN_P_006623	1	HPCLAS_TRAIN_P_006623	0	2.9044019389123616	2.122633934020996	0.8930836917780537	1
G0	HPCLAS_TRAIN_P_006629	1	HPCLAS_TRAIN_P_006629	0	3.377920942104521	3.0219485759735107	0.9535558984690082	1
G0	HPCLAS_TRAIN_P_006632	1	HPCLAS_TRAIN_P_006632	0	1.1492059831593893	0.9331987500190735	0.7177237916683955	1
G0	HPCLAS_TRAIN_P_006650	1	HPCLAS_TRAIN_P_006650	0	2.8308558504074024	2.775906801223755	0.9413599017772056	1
G0	HPCLAS_TRAIN_P_006659	1	HPCLAS_TRAIN_P_006659	0	0.8213414096065225	0.9807008504867554	0.7272472582600998	1
G0	HPCLAS_TRAIN_P_006666	1	HPCLAS_TRAIN_P_006666	0	2.7571502691599354	2.5784201622009277	0.9294597583737507	1
G0	HPCLAS_TRAIN_P_006672	1	HPCLAS_TRAIN_P_006672	0	2.444008604960753	2.6949503421783447	0.936728016799845	1
G0	HPCLAS_TRAIN_P_006677	1	HPCLAS_TRAIN_P_006677	0	2.5954635889574624	2.690046787261963	0.9364367666376073	1
G0	HPCLAS_TRAIN_P_006688	1	HPCLAS_TRAIN_N_002316	0	0.7297653818523042	1.397481918334961	0.8017840029565413	1
G0	HPCLAS_TRAIN_P_006691	1	HPCLAS_TRAIN_P_006691	0	1.7608784436510831	1.7778996229171753	0.8554373180821431	1
G0	HPCLAS_TRAIN_P_006693	1	HPCLAS_TRAIN_P_006693	0	3.010569897683506	2.711642026901245	0.9377101281166823	1
G0	HPCLAS_TRAIN_P_006695	1	HPCLAS_TRAIN_P_006695	0	2.953747083972616	3.2113471031188965	0.9612590629466824	1
G0	HPCLAS_TRAIN_P_006696	1	HPCLAS_TRAIN_P_006696	0	0.967688608706994	1.7936232089996338	0.8573709183077173	1
G0	HPCLAS_TRAIN_P_006701	1	HPCLAS_TRAIN_P_006701	0	2.7616005006726576	2.706075429916382	0.9373841907336147	1
G0	HPCLAS_TRAIN_P_006705	1	HPCLAS_TRAIN_P_006705	0	3.1161372798495144	2.4749200344085693	0.9223648114635522	1
G0	HPCLAS_TRAIN_P_006709	1	HPCLAS_TRAIN_P_006709	0	-0.6176906083041296	0.5748888254165649	0.6398904791042196	1
G0	HPCLAS_TRAIN_P_006715	1	HPCLAS_TRAIN_P_006715	0	2.639045898352511	2.858229398727417	0.9457425152490133	1
G0	HPCLAS_TRAIN_P_006724	1	HPCLAS_TRAIN_P_006724	0	-0.2650589880581319	1.3407204151153564	0.7926083884789326	1
G0	HPCLAS_TRAIN_P_006728	1	HPCLAS_TRAIN_P_006728	0	2.5466703607626537	3.2152297496795654	0.9614033943377239	1
G0	HPCLAS_TRAIN_P_006735	1	HPCLAS_TRAIN_P_006735	0	3.524613943313095	3.5184686183929443	0.9712087139339186	1
G0	HPCLAS_TRAIN_P_006744	1	HPCLAS_TRAIN_P_006744	0	2.9583893945776896	3.239196538925171	0.9622829591297548	1
G0	HPCLAS_TRAIN_P_006746	1	HPCLAS_TRAIN_P_006746	0	3.079466321314696	2.9540536403656006	0.9504547254898132	1
G0	HPCLAS_TRAIN_P_006771	1	HPCLAS_TRAIN_P_006771	0	-0.5400779180733175	0.3224208950996399	0.5799141292703471	1
G0	HPCLAS_TRAIN_P_006774	1	HPCLAS_TRAIN_P_003376	0	1.5162032818578834	2.611910581588745	0.9316242017809642	1
G0	HPCLAS_TRAIN_P_006780	1	HPCLAS_TRAIN_P_006780	0	2.816428186030221	3.089320421218872	0.9564500671001884	1
G0	HPCLAS_TRAIN_P_006781	1	HPCLAS_TRAIN_P_006781	0	2.3000688042101416	1.9751023054122925	0.8781580959702623	1
G0	HPCLAS_TRAIN_P_006792	1	HPCLAS_TRAIN_P_006792	0	-0.3891711898513962	1.447836995124817	0.8096653222033331	1
G0	HPCLAS_TRAIN_P_006795	1	HPCLAS_TRAIN_P_006795	0	4.2195788939897065	3.4549062252044678	0.9693771184052821	1
G0	HPCLAS_TRAIN_P_006803	1	HPCLAS_TRAIN_P_006803	0	2.9678903376907493	3.322979688644409	0.9652087905602086	1
G0	HPCLAS_TRAIN_P_006806	1	HPCLAS_TRAIN_P_006806	0	3.230670711690551	3.550274133682251	0.9720848660372025	1
G0	HPCLAS_TRAIN_P_006825	1	HPCLAS_TRAIN_P_006825	0	2.7541645078964283	2.611968755722046	0.9316279074121133	1
G0	HPCLAS_TRAIN_P_006832	1	HPCLAS_TRAIN_P_006832	0	3.0080737811194407	2.9494879245758057	0.9502392807466936	1
G0	HPCLAS_TRAIN_P_006836	1	HPCLAS_TRAIN_P_006836	0	3.550738212126091	3.1737825870513916	0.9598356616198206	1
G0	HPCLAS_TRAIN_P_006837	1	HPCLAS_TRAIN_P_006837	0	3.445225491966492	3.399048328399658	0.9676747799737543	1
G0	HPCLAS_TRAIN_P_006845	1	HPCLAS_TRAIN_P_006845	0	3.332105494394452	2.420147657394409	0.9183508169568062	1
G0	HPCLAS_TRAIN_P_006846	1	HPCLAS_TRAIN_P_006846	0	1.4112748269602875	2.0313282012939453	0.8840472982194347	1
G0	HPCLAS_TRAIN_P_006851	1	HPCLAS_TRAIN_P_006851	0	4.720893266514016	3.5682287216186523	0.9725679717424618	1
G0	HPCLAS_TRAIN_P_006853	1	HPCLAS_TRAIN_P_006853	0	3.097930884693258	3.3366148471832275	0.965663776720179	1
G0	HPCLAS_TRAIN_P_006862	1	HPCLAS_TRAIN_P_006862	0	2.653450693133109	2.9314937591552734	0.9493815077534306	1
G0	HPCLAS_TRAIN_P_006864	1	HPCLAS_TRAIN_P_006864	0	3.165991502662992	3.1248180866241455	0.9579049373898926	1
G0	HPCLAS_TRAIN_P_006866	1	HPCLAS_TRAIN_P_006866	0	3.1077330307591526	3.0183708667755127	0.9533971949362051	1
G0	HPCLAS_TRAIN_P_006867	1	HPCLAS_TRAIN_P_006867	0	3.152268765528293	2.6007442474365234	0.93090946279905	1
G0	HPCLAS_TRAIN_P_006872	1	HPCLAS_TRAIN_P_006872	0	2.64317810361963	3.3290066719055176	0.9654106148792233	1
G0	HPCLAS_TRAIN_P_006874	1	HPCLAS_TRAIN_P_006874	0	3.517127888191594	4.052493095397949	0.9829178770006	1
G0	HPCLAS_TRAIN_P_006907	1	HPCLAS_TRAIN_P_006907	0	2.864793518612898	2.0826456546783447	0.8892049503967525	1
G0	HPCLAS_TRAIN_P_006910	1	HPCLAS_TRAIN_P_006910	0	1.7888570108282127	1.0858955383300781	0.7476080370474489	1
G0	HPCLAS_TRAIN_P_006918	1	HPCLAS_TRAIN_P_006918	0	3.95945515259417	3.537609338760376	0.9717391332251705	1
G0	HPCLAS_TRAIN_P_006923	1	HPCLAS_TRAIN_P_006923	0	0.7969915540778773	0.8144298791885376	0.6930526804985311	1
G0	HPCLAS_TRAIN_P_006926	1	HPCLAS_TRAIN_P_006926	0	2.514770746906944	2.812960386276245	0.9433721740612068	1
G0	HPCLAS_TRAIN_P_006932	1	HPCLAS_TRAIN_P_006932	0	3.2400228110529063	2.355726957321167	0.9133883614135628	1
G0	HPCLAS_TRAIN_P_006937	1	HPCLAS_TRAIN_P_006937	0	4.106650385429149	2.909278392791748	0.9483031997301569	1
G0	HPCLAS_TRAIN_P_006939	1	HPCLAS_TRAIN_P_006939	0	3.0342750808501435	2.9216432571411133	0.9489060285352117	1
G0	HPCLAS_TRAIN_P_006950	1	HPCLAS_TRAIN_P_006950	0	-0.0849907224364577	-1.3583585023880005	0.20450721818001438	0
G0	HPCLAS_TRAIN_P_006959	1	HPCLAS_TRAIN_P_006959	0	4.070665735534003	3.246277093887329	0.9625391045983706	1
G0	HPCLAS_TRAIN_P_006963	1	HPCLAS_TRAIN_P_006963	0	0.6018871800681651	1.8605271577835083	0.8653583807471066	1
G0	HPCLAS_TRAIN_P_006971	1	HPCLAS_TRAIN_P_006971	0	2.235293070105896	2.5415127277374268	0.927001258895265	1
G0	HPCLAS_TRAIN_P_006973	1	HPCLAS_TRAIN_P_006973	0	2.3907825541000403	2.7029824256896973	0.9372024008488665	1
G0	HPCLAS_TRAIN_P_006983	1	HPCLAS_TRAIN_P_006983	0	2.9728742685729928	2.6047046184539795	0.931163747834504	1
G0	HPCLAS_TRAIN_P_006987	1	HPCLAS_TRAIN_P_006987	0	3.279591105058316	2.862907648086548	0.9459820731269044	1
G0	HPCLAS_TRAIN_P_006988	1	HPCLAS_TRAIN_P_006988	0	1.2882729404381064	0.9960466027259827	0.7302805838903655	1
G0	HPCLAS_TRAIN_P_006989	1	HPCLAS_TRAIN_P_006989	0	3.3537607214640133	3.3171541690826416	0.9650126340167584	1
G0	HPCLAS_TRAIN_P_006990	1	HPCLAS_TRAIN_P_006990	0	1.9212225047445308	2.816385507583618	0.9435548702397153	1
G0	HPCLAS_TRAIN_P_006994	1	HPCLAS_TRAIN_P_006994	0	-0.1282892886066247	-0.8044631481170654	0.3090716185936106	0
G0	HPCLAS_TRAIN_P_006995	1	HPCLAS_TRAIN_P_006995	0	-0.0301577057661426	0.9811884760856628	0.7273439723130419	1
G0	HPCLAS_TRAIN_P_007000	1	HPCLAS_TRAIN_P_007000	0	2.420896684402676	2.990992546081543	0.952165537272377	1
G0	HPCLAS_TRAIN_P_007003	1	HPCLAS_TRAIN_P_007003	0	0.8760867303917116	2.240426540374756	0.9038215430469813	1
G0	HPCLAS_TRAIN_P_007004	1	HPCLAS_TRAIN_P_007004	0	1.1399535889796049	2.4293601512908936	0.919038936728208	1
G0	HPCLAS_TRAIN_P_007007	1	HPCLAS_TRAIN_P_007007	0	3.682838502347035	3.4887709617614746	0.9703665748991868	1
G0	HPCLAS_TRAIN_P_007011	1	HPCLAS_TRAIN_N_000351	0	2.85908294873805	2.7833213806152344	0.9417678603026676	1
G0	HPCLAS_TRAIN_P_007016	1	HPCLAS_TRAIN_P_007016	0	1.8788291517972189	2.527484178543091	0.9260462429426695	1
G0	HPCLAS_TRAIN_P_007023	1	HPCLAS_TRAIN_P_007023	0	0.5908934794686423	1.0815119743347168	0.7467800037914188	1
G0	HPCLAS_TRAIN_P_007030	1	HPCLAS_TRAIN_P_007030	0	3.36735601181454	3.224681854248047	0.9617526071111878	1
G0	HPCLAS_TRAIN_P_007035	1	HPCLAS_TRAIN_P_007035	0	2.777571505275896	3.683908700942993	0.9754911951865426	1
G0	HPCLAS_TRAIN_P_007044	1	HPCLAS_TRAIN_P_007044	0	-0.1037107654429066	1.401483416557312	0.8024191788474718	1
G0	HPCLAS_TRAIN_P_007049	1	HPCLAS_TRAIN_P_007049	0	2.8341629311582324	2.6774449348449707	0.9356825289631717	1
G0	HPCLAS_TRAIN_P_007051	1	HPCLAS_TRAIN_P_007051	0	2.1051647427558944	1.799756407737732	0.8581192801871108	1
G0	HPCLAS_TRAIN_P_007061	1	HPCLAS_TRAIN_P_007061	0	2.4668860704841467	2.772376775741577	0.9411647354287893	1
G0	HPCLAS_TRAIN_P_007067	1	HPCLAS_TRAIN_P_007067	0	3.2567643433557363	2.200392246246338	0.900284729192702	1
G0	HPCLAS_TRAIN_P_007071	1	HPCLAS_TRAIN_P_007071	0	3.366834466062275	2.9415054321289062	0.9498604724259624	1
G0	HPCLAS_TRAIN_P_007092	1	HPCLAS_TRAIN_P_007092	0	2.5668178723120976	2.749565839767456	0.939888825402879	1
G0	HPCLAS_TRAIN_P_007103	1	HPCLAS_TRAIN_P_007103	0	3.4577828012734946	2.9733893871307373	0.9513573662380959	1
G0	HPCLAS_TRAIN_P_007114	1	HPCLAS_TRAIN_P_007114	0	2.5065181018853875	3.117241144180298	0.9575983495765329	1
G0	HPCLAS_TRAIN_P_007115	1	HPCLAS_TRAIN_P_007115	0	3.0641260712845613	2.9141345024108887	0.948540749204712	1
G0	HPCLAS_TRAIN_P_007116	1	HPCLAS_TRAIN_P_007116	0	2.2820000169799166	2.4357500076293945	0.9195131114769837	1
G0	HPCLAS_TRAIN_P_007120	1	HPCLAS_TRAIN_N_005110	0	0.2054870044861276	0.5884111523628235	0.6430005072857063	1
G0	HPCLAS_TRAIN_P_007122	1	HPCLAS_TRAIN_P_007122	0	3.759886953247524	2.9839446544647217	0.9518435067786412	1
G0	HPCLAS_TRAIN_P_007123	1	HPCLAS_TRAIN_P_007123	0	3.5319243481072222	2.448439836502075	0.9204472841899779	1
G0	HPCLAS_TRAIN_P_007124	1	HPCLAS_TRAIN_N_001977	0	1.24885249347228	1.242303490638733	0.7759647156295355	1
G0	HPCLAS_TRAIN_P_007127	1	HPCLAS_TRAIN_P_007127	0	1.658940737651808	1.6861025094985962	0.8437109140352229	1
G0	HPCLAS_TRAIN_P_007130	1	HPCLAS_TRAIN_P_007130	0	1.1466829167247103	1.324495553970337	0.7899286772077416	1
G0	HPCLAS_TRAIN_P_007131	1	HPCLAS_TRAIN_P_007131	0	2.7545957119424096	2.0460610389709473	0.8855490031531603	1
G0	HPCLAS_TRAIN_P_007144	1	HPCLAS_TRAIN_P_007144	0	3.053041976507479	3.3945183753967285	0.9675327810958801	1
G0	HPCLAS_TRAIN_P_007146	1	HPCLAS_TRAIN_P_007146	0	2.421049413160965	2.2417781352996826	0.90393897059852	1
G0	HPCLAS_TRAIN_P_007148	1	HPCLAS_TRAIN_P_007148	0	1.71640448268751	1.5755622386932373	0.8285751042631613	1
G0	HPCLAS_TRAIN_P_007150	1	HPCLAS_TRAIN_P_007150	0	3.862129687907887	3.537675142288208	0.9717409402780712	1
G0	HPCLAS_TRAIN_P_007156	1	HPCLAS_TRAIN_P_007156	0	2.006582003394984	1.8767749071121216	0.8672402462594057	1
G0	HPCLAS_TRAIN_P_007158	1	HPCLAS_TRAIN_P_007158	0	2.6496778820447746	2.2543137073516846	0.905021977684619	1
G0	HPCLAS_TRAIN_P_007159	1	HPCLAS_TRAIN_P_007159	0	3.084563675958343	3.547037363052368	0.9719968990808161	1
G0	HPCLAS_TRAIN_P_007185	1	HPCLAS_TRAIN_P_007185	0	1.9471330477512296	1.9465911388397217	0.8750744642387723	1
G0	HPCLAS_TRAIN_P_007187	1	HPCLAS_TRAIN_P_007187	0	2.628885991910399	2.3314731121063232	0.9114503017181461	1
G0	HPCLAS_TRAIN_P_007191	1	HPCLAS_TRAIN_P_007191	0	2.9478961517553244	3.4329700469970703	0.9687191924602071	1
G0	HPCLAS_TRAIN_P_007204	1	HPCLAS_TRAIN_P_007204	0	2.780076527290196	2.4227023124694824	0.918542167013071	1
G0	HPCLAS_TRAIN_P_007212	1	HPCLAS_TRAIN_P_007212	0	3.204801551684246	2.268263816833496	0.9062143337332328	1
G0	HPCLAS_TRAIN_P_007213	1	HPCLAS_TRAIN_P_007213	0	1.4726710448183549	2.650131940841675	0.9340191221456654	1
G0	HPCLAS_TRAIN_P_007219	1	HPCLAS_TRAIN_P_007219	0	3.78625459344361	3.904904365539551	0.98025484357853	1
G0	HPCLAS_TRAIN_P_007223	1	HPCLAS_TRAIN_P_007223	0	2.408201924589874	2.79907488822937	0.9426258123276221	1
G0	HPCLAS_TRAIN_P_007233	1	HPCLAS_TRAIN_P_007233	0	0.2006148719546818	2.123455047607422	0.8931620706798438	1
G0	HPCLAS_TRAIN_P_007237	1	HPCLAS_TRAIN_P_007237	0	1.0868176560988825	1.2693374156951904	0.7806293033071632	1
G0	HPCLAS_TRAIN_P_007240	1	HPCLAS_TRAIN_P_007240	0	2.863338642282001	2.362292528152466	0.9139063563666554	1
G0	HPCLAS_TRAIN_P_007243	1	HPCLAS_TRAIN_P_007243	0	1.9734627150910904	2.6876919269561768	0.9362964542675031	1
G0	HPCLAS_TRAIN_P_007244	1	HPCLAS_TRAIN_P_007244	0	4.167358086912815	3.18512225151062	0.9602705465711437	1
G0	HPCLAS_TRAIN_P_007269	1	HPCLAS_TRAIN_P_007269	0	0.910747325168296	-0.1965957134962082	0.45100876217504005	0
G0	HPCLAS_TRAIN_P_007276	1	HPCLAS_TRAIN_P_007276	0	2.627277657066147	3.1337993144989014	0.9582656023784001	1
G0	HPCLAS_TRAIN_P_007283	1	HPCLAS_TRAIN_P_007283	0	0.5257248108134153	-0.06471678614616394	0.4838264479927824	0
G0	HPCLAS_TRAIN_P_007298	1	HPCLAS_TRAIN_P_007298	0	1.098438727473287	0.7558547258377075	0.6804530741120114	1
G0	HPCLAS_TRAIN_P_007301	1	HPCLAS_TRAIN_P_007301	0	2.93107384227982	2.769054651260376	0.940980507347417	1
G0	HPCLAS_TRAIN_P_007305	1	HPCLAS_TRAIN_P_007305	0	2.8728281015387007	2.8527653217315674	0.9454614498770001	1
G0	HPCLAS_TRAIN_P_007307	1	HPCLAS_TRAIN_P_007307	0	3.806379694710294	2.64064621925354	0.9334321295336627	1
G0	HPCLAS_TRAIN_P_007312	1	HPCLAS_TRAIN_P_007312	0	4.202341351407995	3.9650909900665283	0.9813867145682507	1
G0	HPCLAS_TRAIN_P_007313	1	HPCLAS_TRAIN_P_007313	0	2.224269912727708	2.668083429336548	0.9351168435925516	1
G0	HPCLAS_TRAIN_P_007323	1	HPCLAS_TRAIN_P_007323	0	1.8985188500929808	2.58097243309021	0.9296269129602078	1
G0	HPCLAS_TRAIN_P_007326	1	HPCLAS_TRAIN_P_004508	0	3.5505756105001485	2.5914382934570312	0.9303085259984729	1
G0	HPCLAS_TRAIN_P_007340	1	HPCLAS_TRAIN_P_007340	0	2.8526775155660014	2.3803017139434814	0.915312824634111	1
G0	HPCLAS_TRAIN_P_007363	1	HPCLAS_TRAIN_P_007363	0	1.850147706267411	1.2203933000564575	0.7721327555250753	1
G0	HPCLAS_TRAIN_P_007369	1	HPCLAS_TRAIN_P_007369	0	2.8949780083557184	2.516920328140259	0.9253195178801544	1
G0	HPCLAS_TRAIN_P_007379	1	HPCLAS_TRAIN_P_007379	0	1.2689714878043006	2.017160415649414	0.8825870706668353	1
G0	HPCLAS_TRAIN_P_007382	1	HPCLAS_TRAIN_P_007382	0	2.4440523985238154	2.9943833351135254	0.9523197386890486	1
G0	HPCLAS_TRAIN_P_007384	1	HPCLAS_TRAIN_P_007384	0	3.041691672005837	2.8169493675231934	0.9435848933900333	1
G0	HPCLAS_TRAIN_P_007391	1	HPCLAS_TRAIN_P_007391	0	2.15028991414572	1.8983062505722046	0.8696997065081298	1
G0	HPCLAS_TRAIN_P_007403	1	HPCLAS_TRAIN_P_007403	0	1.7289795539696609	2.533888578414917	0.9264836507059311	1
G0	HPCLAS_TRAIN_P_007408	1	HPCLAS_TRAIN_P_007408	0	3.816759172611599	3.3462436199188232	0.9659816127570352	1
G0	HPCLAS_TRAIN_P_007415	1	HPCLAS_TRAIN_P_007415	0	1.0428469652743353	2.177166223526001	0.8981802083610596	1
G0	HPCLAS_TRAIN_P_007419	1	HPCLAS_TRAIN_P_007419	0	1.972500525941624	2.093912363052368	0.8903100831841817	1
G0	HPCLAS_TRAIN_P_007421	1	HPCLAS_TRAIN_P_007421	0	3.268557717426255	2.9142446517944336	0.9485461254622675	1
G0	HPCLAS_TRAIN_P_007429	1	HPCLAS_TRAIN_P_007429	0	3.203469181119847	2.9195220470428467	0.9488030871204789	1
G0	HPCLAS_TRAIN_P_007431	1	HPCLAS_TRAIN_P_007431	0	2.59250697093105	2.4217569828033447	0.9184714071355965	1
G0	HPCLAS_TRAIN_P_007441	1	HPCLAS_TRAIN_P_007441	0	3.0465254323841067	3.1309170722961426	0.9581501815385999	1
G0	HPCLAS_TRAIN_P_007448	1	HPCLAS_TRAIN_P_007448	0	2.4021509107577623	2.409590005874634	0.9175556722487908	1
