clean_id	label	homology_group	fold	quality_tier	raw_score	probability_uncalibrated	prediction_at_fixed_boundary
HPCLAS_TRAIN_N_000001	0	HPCLAS_TRAIN_N_000001	4	A_clean_core	-6.61962890625	0.0013321488774843153	0
HPCLAS_TRAIN_N_000002	0	HPCLAS_TRAIN_N_000002	4	D_hard_sample	11.088747024536133	0.9999847168907162	1
HPCLAS_TRAIN_N_000014	0	HPCLAS_TRAIN_N_000014	4	A_clean_core	-22.215179443359375	2.249417933116864e-10	0
HPCLAS_TRAIN_N_000030	0	HPCLAS_TRAIN_N_000030	4	D_hard_sample	8.494362831115723	0.9997954232666751	1
HPCLAS_TRAIN_N_000039	0	HPCLAS_TRAIN_N_000039	4	A_clean_core	-19.87378692626953	2.338427999055099e-09	0
HPCLAS_TRAIN_N_000041	0	HPCLAS_TRAIN_N_000041	4	A_clean_core	-16.329238891601562	8.096580170754669e-08	0
HPCLAS_TRAIN_N_000043	0	HPCLAS_TRAIN_N_000043	4	A_clean_core	-0.8924253582954407	0.2906095723131836	0
HPCLAS_TRAIN_N_000044	0	HPCLAS_TRAIN_N_000044	4	A_clean_core	-17.048988342285156	3.9420163731961107e-08	0
HPCLAS_TRAIN_N_000046	0	HPCLAS_TRAIN_N_000046	4	A_clean_core	8.407004356384277	0.9997767520742119	1
HPCLAS_TRAIN_N_000051	0	HPCLAS_TRAIN_P_003059	4	B_ambiguous	-25.43670082092285	8.973899379076975e-12	0
HPCLAS_TRAIN_N_000058	0	HPCLAS_TRAIN_N_000058	4	A_clean_core	-27.301546096801758	1.3902380884444497e-12	0
HPCLAS_TRAIN_N_000060	0	HPCLAS_TRAIN_N_000060	4	A_clean_core	-15.825225830078125	1.3402681244946683e-07	0
HPCLAS_TRAIN_N_000062	0	HPCLAS_TRAIN_N_000062	4	A_clean_core	-21.979389190673828	2.847557869313037e-10	0
HPCLAS_TRAIN_N_000063	0	HPCLAS_TRAIN_N_000063	4	A_clean_core	-27.0002498626709	1.8790592511113e-12	0
HPCLAS_TRAIN_N_000083	0	HPCLAS_TRAIN_N_000083	4	A_clean_core	-21.791032791137695	3.4377532687451264e-10	0
HPCLAS_TRAIN_N_000094	0	HPCLAS_TRAIN_N_000094	4	A_clean_core	-18.19476318359375	1.2534723094976822e-08	0
HPCLAS_TRAIN_N_000097	0	HPCLAS_TRAIN_N_000097	4	A_clean_core	-12.67894458770752	3.1160396551031913e-06	0
HPCLAS_TRAIN_N_000105	0	HPCLAS_TRAIN_N_000105	4	A_clean_core	-16.976543426513672	4.238194169310628e-08	0
HPCLAS_TRAIN_N_000109	0	HPCLAS_TRAIN_N_000109	4	D_hard_sample	-7.548163890838623	0.0005267993462957092	0
HPCLAS_TRAIN_N_000126	0	HPCLAS_TRAIN_N_000126	4	D_hard_sample	-17.958499908447266	1.587532334283332e-08	0
HPCLAS_TRAIN_N_000130	0	HPCLAS_TRAIN_N_000130	4	A_clean_core	-9.771825790405273	5.7032867990828103e-05	0
HPCLAS_TRAIN_N_000133	0	HPCLAS_TRAIN_N_000133	4	A_clean_core	-20.20121955871582	1.6854730673631476e-09	0
HPCLAS_TRAIN_N_000135	0	HPCLAS_TRAIN_N_000135	4	D_hard_sample	-3.0795509815216064	0.04395868212510412	0
HPCLAS_TRAIN_N_000148	0	HPCLAS_TRAIN_N_000148	4	A_clean_core	-27.264301300048828	1.442993558587259e-12	0
HPCLAS_TRAIN_N_000158	0	HPCLAS_TRAIN_N_000158	4	A_clean_core	-18.76177215576172	7.109939069406863e-09	0
HPCLAS_TRAIN_N_000160	0	HPCLAS_TRAIN_N_000160	4	D_hard_sample	-7.661004066467285	0.00047061284359617347	0
HPCLAS_TRAIN_N_000180	0	HPCLAS_TRAIN_N_000180	4	A_clean_core	-13.198305130004883	1.853736949183836e-06	0
HPCLAS_TRAIN_N_000185	0	HPCLAS_TRAIN_N_000185	4	A_clean_core	-16.930835723876953	4.4364077147416497e-08	0
HPCLAS_TRAIN_N_000192	0	HPCLAS_TRAIN_N_000192	4	A_clean_core	-26.91444969177246	2.0474014918395906e-12	0
HPCLAS_TRAIN_N_000195	0	HPCLAS_TRAIN_N_000195	4	D_hard_sample	7.067338466644287	0.9991482270885513	1
HPCLAS_TRAIN_N_000200	0	HPCLAS_TRAIN_N_000200	4	A_clean_core	-17.44394302368164	2.655778132601593e-08	0
HPCLAS_TRAIN_N_000201	0	HPCLAS_TRAIN_N_000201	4	A_clean_core	-1.9761079549789429	0.12173434400523818	0
HPCLAS_TRAIN_N_000202	0	HPCLAS_TRAIN_N_004968	4	B_ambiguous	-2.5832631587982178	0.07022337353171933	0
HPCLAS_TRAIN_N_000207	0	HPCLAS_TRAIN_N_000207	4	A_clean_core	-7.9081292152404785	0.00036760671903189823	0
HPCLAS_TRAIN_N_000210	0	HPCLAS_TRAIN_N_000210	4	B_ambiguous	-22.153921127319336	2.3915215672271874e-10	0
HPCLAS_TRAIN_N_000213	0	HPCLAS_TRAIN_N_000213	4	A_clean_core	-24.958839416503906	1.4471507255850872e-11	0
HPCLAS_TRAIN_N_000215	0	HPCLAS_TRAIN_N_000215	4	A_clean_core	-21.921842575073242	3.016231952649341e-10	0
HPCLAS_TRAIN_N_000233	0	HPCLAS_TRAIN_N_000233	4	D_hard_sample	-6.8868608474731445	0.0010200726377520937	0
HPCLAS_TRAIN_N_000241	0	HPCLAS_TRAIN_N_000241	4	A_clean_core	-3.0481748580932617	0.04529633550453002	0
HPCLAS_TRAIN_N_000244	0	HPCLAS_TRAIN_N_000244	4	A_clean_core	-6.240988731384277	0.0019441415433605162	0
HPCLAS_TRAIN_N_000245	0	HPCLAS_TRAIN_N_000245	4	A_clean_core	-21.60503387451172	4.140502076556793e-10	0
HPCLAS_TRAIN_N_000263	0	HPCLAS_TRAIN_N_000263	4	D_hard_sample	0.46185094118118286	0.6134531788791915	1
HPCLAS_TRAIN_N_000268	0	HPCLAS_TRAIN_N_000268	4	A_clean_core	-13.262937545776367	1.7377154216778968e-06	0
HPCLAS_TRAIN_N_000277	0	HPCLAS_TRAIN_N_000277	4	B_ambiguous	-17.461896896362305	2.6085221150207297e-08	0
HPCLAS_TRAIN_N_000278	0	HPCLAS_TRAIN_N_000278	4	A_clean_core	-6.2760396003723145	0.0018773038223668576	0
HPCLAS_TRAIN_N_000280	0	HPCLAS_TRAIN_N_000280	4	A_clean_core	-21.306331634521484	5.58184459786907e-10	0
HPCLAS_TRAIN_N_000281	0	HPCLAS_TRAIN_N_000281	4	A_clean_core	-4.98779821395874	0.006774459296283366	0
HPCLAS_TRAIN_N_000282	0	HPCLAS_TRAIN_N_000282	4	D_hard_sample	10.642822265625	0.9999761289978997	1
HPCLAS_TRAIN_N_000287	0	HPCLAS_TRAIN_N_000287	4	A_clean_core	-27.047775268554688	1.791845057511056e-12	0
HPCLAS_TRAIN_N_000307	0	HPCLAS_TRAIN_N_000307	4	A_clean_core	-20.94361114501953	8.02241728938847e-10	0
HPCLAS_TRAIN_N_000308	0	HPCLAS_TRAIN_N_000308	4	A_clean_core	-11.890584945678711	6.854591760273651e-06	0
HPCLAS_TRAIN_N_000310	0	HPCLAS_TRAIN_N_000310	4	D_hard_sample	-3.0627810955047607	0.04466887338989682	0
HPCLAS_TRAIN_N_000316	0	HPCLAS_TRAIN_N_000316	4	D_hard_sample	-8.063941955566406	0.00031458489244934497	0
HPCLAS_TRAIN_N_000318	0	HPCLAS_TRAIN_N_000318	4	D_hard_sample	17.044286727905273	0.9999999603940615	1
HPCLAS_TRAIN_N_000323	0	HPCLAS_TRAIN_N_000323	4	A_clean_core	-26.811767578125	2.268805627641975e-12	0
HPCLAS_TRAIN_N_000331	0	HPCLAS_TRAIN_N_000331	4	A_clean_core	-13.191837310791016	1.8657654193246159e-06	0
HPCLAS_TRAIN_N_000337	0	HPCLAS_TRAIN_N_000337	4	A_clean_core	-11.72737979888916	8.069751504390157e-06	0
HPCLAS_TRAIN_N_000353	0	HPCLAS_TRAIN_N_000353	4	D_hard_sample	-1.510513186454773	0.18086275139969551	0
HPCLAS_TRAIN_N_000357	0	HPCLAS_TRAIN_N_000357	4	A_clean_core	-13.082423210144043	2.0814926703697165e-06	0
HPCLAS_TRAIN_N_000364	0	HPCLAS_TRAIN_N_000364	4	A_clean_core	-12.719558715820312	2.992020315769733e-06	0
HPCLAS_TRAIN_N_000376	0	HPCLAS_TRAIN_P_000993	4	B_ambiguous	-9.224610328674316	9.857341997839603e-05	0
HPCLAS_TRAIN_N_000386	0	HPCLAS_TRAIN_N_000386	4	A_clean_core	-15.574254989624023	1.7226098390031413e-07	0
HPCLAS_TRAIN_N_000388	0	HPCLAS_TRAIN_N_000388	4	A_clean_core	-26.204980850219727	4.162185370173601e-12	0
HPCLAS_TRAIN_N_000389	0	HPCLAS_TRAIN_N_000389	4	D_hard_sample	8.113115310668945	0.9997005056034471	1
HPCLAS_TRAIN_N_000399	0	HPCLAS_TRAIN_N_000399	4	A_clean_core	-18.386276245117188	1.0350031689345386e-08	0
HPCLAS_TRAIN_N_000410	0	HPCLAS_TRAIN_N_000410	4	A_clean_core	-14.593122482299805	4.5950181656742983e-07	0
HPCLAS_TRAIN_N_000411	0	HPCLAS_TRAIN_N_000411	4	A_clean_core	-21.1220703125	6.711219088152296e-10	0
HPCLAS_TRAIN_N_000414	0	HPCLAS_TRAIN_N_000414	4	D_hard_sample	-1.1176669597625732	0.24644429495062103	0
HPCLAS_TRAIN_N_000422	0	HPCLAS_TRAIN_N_000422	4	A_clean_core	-19.62338638305664	3.003803896221364e-09	0
HPCLAS_TRAIN_N_000423	0	HPCLAS_TRAIN_N_000423	4	A_clean_core	-12.230449676513672	4.879564635625404e-06	0
HPCLAS_TRAIN_N_000449	0	HPCLAS_TRAIN_N_000449	4	A_clean_core	-24.12841796875	3.32017686517091e-11	0
HPCLAS_TRAIN_N_000451	0	HPCLAS_TRAIN_N_000451	4	D_hard_sample	2.995131492614746	0.9523536986736095	1
HPCLAS_TRAIN_N_000452	0	HPCLAS_TRAIN_N_000452	4	A_clean_core	-19.550525665283203	3.2308335483050333e-09	0
HPCLAS_TRAIN_N_000466	0	HPCLAS_TRAIN_N_000466	4	A_clean_core	-26.59845542907715	2.8082617197195946e-12	0
HPCLAS_TRAIN_N_000470	0	HPCLAS_TRAIN_N_000470	4	A_clean_core	-15.357010841369629	2.1405966434580602e-07	0
HPCLAS_TRAIN_N_000478	0	HPCLAS_TRAIN_N_000478	4	A_clean_core	-26.022666931152344	4.994584296789286e-12	0
HPCLAS_TRAIN_N_000483	0	HPCLAS_TRAIN_N_000483	4	A_clean_core	-8.23849868774414	0.000264210893805712	0
HPCLAS_TRAIN_N_000485	0	HPCLAS_TRAIN_N_000485	4	B_ambiguous	-2.674194812774658	0.06451334295487429	0
HPCLAS_TRAIN_N_000488	0	HPCLAS_TRAIN_N_000488	4	A_clean_core	-21.261362075805664	5.838587222104019e-10	0
HPCLAS_TRAIN_N_000499	0	HPCLAS_TRAIN_N_000499	4	A_clean_core	-13.588438034057617	1.254919301580167e-06	0
HPCLAS_TRAIN_N_000504	0	HPCLAS_TRAIN_N_000504	4	A_clean_core	-21.578983306884766	4.249781724306548e-10	0
HPCLAS_TRAIN_N_000519	0	HPCLAS_TRAIN_N_000519	4	A_clean_core	-18.576770782470703	8.554821532385473e-09	0
HPCLAS_TRAIN_N_000521	0	HPCLAS_TRAIN_N_000521	4	A_clean_core	-8.426881790161133	0.0002188551047596836	0
HPCLAS_TRAIN_N_000528	0	HPCLAS_TRAIN_N_000528	4	A_clean_core	-18.965805053710938	5.7976970446635785e-09	0
HPCLAS_TRAIN_N_000547	0	HPCLAS_TRAIN_N_000547	4	D_hard_sample	4.4851908683776855	0.9888509670704952	1
HPCLAS_TRAIN_N_000554	0	HPCLAS_TRAIN_N_000554	4	A_clean_core	-25.747379302978516	6.577415012744863e-12	0
HPCLAS_TRAIN_N_000556	0	HPCLAS_TRAIN_N_000556	4	D_hard_sample	4.1381683349609375	0.9842984285893234	1
HPCLAS_TRAIN_N_000568	0	HPCLAS_TRAIN_N_000568	4	A_clean_core	-19.20258903503418	4.575320712378739e-09	0
HPCLAS_TRAIN_N_000582	0	HPCLAS_TRAIN_N_000582	4	A_clean_core	-26.598535537719727	2.8080367626958455e-12	0
HPCLAS_TRAIN_N_000587	0	HPCLAS_TRAIN_N_000587	4	A_clean_core	-14.05499267578125	7.870347277020977e-07	0
HPCLAS_TRAIN_N_000596	0	HPCLAS_TRAIN_N_000596	4	A_clean_core	-18.6376895904541	8.049228420431197e-09	0
HPCLAS_TRAIN_N_000598	0	HPCLAS_TRAIN_N_000598	4	A_clean_core	-15.899324417114258	1.2445463791029714e-07	0
HPCLAS_TRAIN_N_000599	0	HPCLAS_TRAIN_N_000599	4	D_hard_sample	-15.036823272705078	2.948427812616645e-07	0
HPCLAS_TRAIN_N_000601	0	HPCLAS_TRAIN_N_000601	4	A_clean_core	-33.10679244995117	4.186997730322135e-15	0
HPCLAS_TRAIN_N_000603	0	HPCLAS_TRAIN_N_000603	4	A_clean_core	-19.13418197631836	4.8992584441182704e-09	0
HPCLAS_TRAIN_N_000608	0	HPCLAS_TRAIN_N_000608	4	A_clean_core	-27.696056365966797	9.370344322947766e-13	0
HPCLAS_TRAIN_N_000626	0	HPCLAS_TRAIN_N_000626	4	D_hard_sample	-8.220184326171875	0.0002690930155549226	0
HPCLAS_TRAIN_N_000628	0	HPCLAS_TRAIN_N_000628	4	A_clean_core	-19.194168090820312	4.614011912258438e-09	0
HPCLAS_TRAIN_N_000633	0	HPCLAS_TRAIN_N_000633	4	B_ambiguous	-2.4469151496887207	0.07966443119462759	0
HPCLAS_TRAIN_N_000636	0	HPCLAS_TRAIN_N_000636	4	A_clean_core	-20.56359100341797	1.173129345259149e-09	0
HPCLAS_TRAIN_N_000644	0	HPCLAS_TRAIN_N_000644	4	D_hard_sample	-1.1010552644729614	0.24954222184950003	0
HPCLAS_TRAIN_N_000662	0	HPCLAS_TRAIN_N_000662	4	D_hard_sample	-12.015142440795898	6.051838228484545e-06	0
HPCLAS_TRAIN_N_000676	0	HPCLAS_TRAIN_N_000676	4	A_clean_core	-16.612659454345703	6.098368208703189e-08	0
HPCLAS_TRAIN_N_000679	0	HPCLAS_TRAIN_N_000679	4	D_hard_sample	-15.049654960632324	2.9108362156756675e-07	0
HPCLAS_TRAIN_N_000680	0	HPCLAS_TRAIN_N_000680	4	A_clean_core	-11.277817726135254	1.2650290526840747e-05	0
HPCLAS_TRAIN_N_000684	0	HPCLAS_TRAIN_N_000684	4	D_hard_sample	-11.971250534057617	6.323378894561908e-06	0
HPCLAS_TRAIN_N_000685	0	HPCLAS_TRAIN_N_000685	4	A_clean_core	-25.488117218017578	8.524154998978847e-12	0
HPCLAS_TRAIN_N_000688	0	HPCLAS_TRAIN_N_000688	4	A_clean_core	-27.519084930419922	1.1184414855919028e-12	0
HPCLAS_TRAIN_N_000703	0	HPCLAS_TRAIN_N_000703	4	A_clean_core	-20.026336669921875	2.0075782903692735e-09	0
HPCLAS_TRAIN_N_000705	0	HPCLAS_TRAIN_N_000705	4	D_hard_sample	52.58943557739258	1.0	1
HPCLAS_TRAIN_N_000706	0	HPCLAS_TRAIN_N_000706	4	A_clean_core	-1.2752108573913574	0.21836654427333904	0
HPCLAS_TRAIN_N_000712	0	HPCLAS_TRAIN_N_000712	4	A_clean_core	-16.96217918395996	4.299511953178972e-08	0
HPCLAS_TRAIN_N_000727	0	HPCLAS_TRAIN_N_000727	4	A_clean_core	-26.306453704833984	3.7605582273050665e-12	0
HPCLAS_TRAIN_N_000728	0	HPCLAS_TRAIN_N_000728	4	B_ambiguous	1.9099065065383911	0.8710086439859244	1
HPCLAS_TRAIN_N_000734	0	HPCLAS_TRAIN_N_000734	4	A_clean_core	-13.648050308227539	1.1822968947548565e-06	0
HPCLAS_TRAIN_N_000755	0	HPCLAS_TRAIN_N_000755	4	D_hard_sample	-9.412321090698242	8.17043921196905e-05	0
HPCLAS_TRAIN_N_000762	0	HPCLAS_TRAIN_N_000762	4	A_clean_core	-24.86070442199707	1.5963688812455226e-11	0
HPCLAS_TRAIN_N_000775	0	HPCLAS_TRAIN_N_000775	4	D_hard_sample	1.5083205699920654	0.818812182031726	1
HPCLAS_TRAIN_N_000776	0	HPCLAS_TRAIN_N_000776	4	B_ambiguous	-6.548603534698486	0.0014300660824117138	0
HPCLAS_TRAIN_N_000781	0	HPCLAS_TRAIN_N_000781	4	D_hard_sample	2.8816726207733154	0.9469329771838589	1
HPCLAS_TRAIN_N_000783	0	HPCLAS_TRAIN_N_000783	4	A_clean_core	-32.87308120727539	5.289349061989742e-15	0
HPCLAS_TRAIN_N_000800	0	HPCLAS_TRAIN_N_000800	4	D_hard_sample	-12.38543701171875	4.178989066839058e-06	0
HPCLAS_TRAIN_N_000802	0	HPCLAS_TRAIN_N_000802	4	D_hard_sample	-30.378137588500977	6.411246497498267e-14	0
HPCLAS_TRAIN_N_000809	0	HPCLAS_TRAIN_N_000809	4	A_clean_core	-8.64334487915039	0.00017626515047271257	0
HPCLAS_TRAIN_N_000814	0	HPCLAS_TRAIN_P_006779	4	B_ambiguous	-31.496248245239258	2.0958161683601468e-14	0
HPCLAS_TRAIN_N_000820	0	HPCLAS_TRAIN_N_000820	4	A_clean_core	-13.46495246887207	1.4198577197493643e-06	0
HPCLAS_TRAIN_N_000824	0	HPCLAS_TRAIN_N_000824	4	A_clean_core	-10.121572494506836	4.0201240823648014e-05	0
HPCLAS_TRAIN_N_000825	0	HPCLAS_TRAIN_N_000825	4	A_clean_core	-20.896743774414062	8.407356990090015e-10	0
HPCLAS_TRAIN_N_000826	0	HPCLAS_TRAIN_N_000826	4	A_clean_core	-18.53445053100586	8.92463380896325e-09	0
HPCLAS_TRAIN_N_000828	0	HPCLAS_TRAIN_N_000828	4	A_clean_core	-17.169944763183594	3.49291260628552e-08	0
HPCLAS_TRAIN_N_000829	0	HPCLAS_TRAIN_N_000829	4	D_hard_sample	-13.743629455566406	1.074526423107718e-06	0
HPCLAS_TRAIN_N_000833	0	HPCLAS_TRAIN_N_000833	4	A_clean_core	-9.369264602661133	8.529882272692106e-05	0
HPCLAS_TRAIN_N_000837	0	HPCLAS_TRAIN_N_000837	4	A_clean_core	-17.146249771118164	3.5766654831229993e-08	0
HPCLAS_TRAIN_N_000838	0	HPCLAS_TRAIN_N_000838	4	A_clean_core	-31.729211807250977	1.660268762968083e-14	0
HPCLAS_TRAIN_N_000858	0	HPCLAS_TRAIN_N_000858	4	D_hard_sample	-11.834381103515625	7.250875379276146e-06	0
HPCLAS_TRAIN_N_000864	0	HPCLAS_TRAIN_N_000864	4	A_clean_core	-16.597728729248047	6.19010440208132e-08	0
HPCLAS_TRAIN_N_000885	0	HPCLAS_TRAIN_N_000885	4	D_hard_sample	6.801485061645508	0.9988891130915124	1
HPCLAS_TRAIN_N_000892	0	HPCLAS_TRAIN_N_000892	4	A_clean_core	-23.579299926757812	5.7496333992192415e-11	0
HPCLAS_TRAIN_N_000893	0	HPCLAS_TRAIN_N_000893	4	A_clean_core	-10.429754257202148	2.953945303561662e-05	0
HPCLAS_TRAIN_N_000896	0	HPCLAS_TRAIN_N_000896	4	A_clean_core	-37.92427444458008	3.38607737981402e-17	0
HPCLAS_TRAIN_N_000899	0	HPCLAS_TRAIN_N_000899	4	A_clean_core	-11.884157180786133	6.8987930662001445e-06	0
HPCLAS_TRAIN_N_000909	0	HPCLAS_TRAIN_N_000909	4	A_clean_core	-7.300928592681885	0.0006744565673210652	0
HPCLAS_TRAIN_N_000914	0	HPCLAS_TRAIN_N_000914	4	A_clean_core	-14.255084037780762	6.443107590687395e-07	0
HPCLAS_TRAIN_N_000920	0	HPCLAS_TRAIN_N_000920	4	A_clean_core	-23.2300968170166	8.152618841122625e-11	0
HPCLAS_TRAIN_N_000956	0	HPCLAS_TRAIN_N_000956	4	D_hard_sample	4.433712482452393	0.988268912644456	1
HPCLAS_TRAIN_N_000975	0	HPCLAS_TRAIN_N_000975	4	A_clean_core	-27.509716033935547	1.1289692880324218e-12	0
HPCLAS_TRAIN_N_000986	0	HPCLAS_TRAIN_N_000986	4	A_clean_core	-14.735252380371094	3.9862178415490763e-07	0
HPCLAS_TRAIN_N_000998	0	HPCLAS_TRAIN_N_000998	4	D_hard_sample	4.156215190887451	0.9845749192759455	1
HPCLAS_TRAIN_N_001009	0	HPCLAS_TRAIN_N_001009	4	D_hard_sample	-9.560809135437012	7.043082266008944e-05	0
HPCLAS_TRAIN_N_001015	0	HPCLAS_TRAIN_N_001015	4	A_clean_core	-18.319211959838867	1.1067953560041262e-08	0
HPCLAS_TRAIN_N_001027	0	HPCLAS_TRAIN_N_001027	4	D_hard_sample	-4.364391803741455	0.012562564679081725	0
HPCLAS_TRAIN_N_001033	0	HPCLAS_TRAIN_N_001033	4	A_clean_core	-17.601274490356445	2.2691520850637918e-08	0
HPCLAS_TRAIN_N_001053	0	HPCLAS_TRAIN_N_001053	4	A_clean_core	-22.119413375854492	2.4754880137052394e-10	0
HPCLAS_TRAIN_N_001054	0	HPCLAS_TRAIN_N_001054	4	A_clean_core	-13.746933937072754	1.0709815344524983e-06	0
HPCLAS_TRAIN_N_001056	0	HPCLAS_TRAIN_N_001056	4	A_clean_core	-18.79913902282715	6.849165412568537e-09	0
HPCLAS_TRAIN_N_001059	0	HPCLAS_TRAIN_N_001059	4	A_clean_core	-14.642972946166992	4.371570241806209e-07	0
HPCLAS_TRAIN_N_001063	0	HPCLAS_TRAIN_N_001063	4	A_clean_core	-28.223453521728516	5.5298057436878e-13	0
HPCLAS_TRAIN_N_001080	0	HPCLAS_TRAIN_N_001080	4	A_clean_core	-9.803868293762207	5.5234459687943865e-05	0
HPCLAS_TRAIN_N_001090	0	HPCLAS_TRAIN_N_001090	4	A_clean_core	-16.60199546813965	6.163749110071831e-08	0
HPCLAS_TRAIN_N_001098	0	HPCLAS_TRAIN_N_001098	4	A_clean_core	-27.363819122314453	1.3063042848048033e-12	0
HPCLAS_TRAIN_N_001111	0	HPCLAS_TRAIN_N_001111	4	A_clean_core	-25.81029510498047	6.176340913612013e-12	0
HPCLAS_TRAIN_N_001115	0	HPCLAS_TRAIN_N_001115	4	D_hard_sample	3.819593667984009	0.9785341769209065	1
HPCLAS_TRAIN_N_001128	0	HPCLAS_TRAIN_N_001128	4	D_hard_sample	15.468113899230957	0.9999998084494492	1
HPCLAS_TRAIN_N_001132	0	HPCLAS_TRAIN_N_001132	4	A_clean_core	-17.537761688232422	2.41794748003353e-08	0
HPCLAS_TRAIN_N_001137	0	HPCLAS_TRAIN_N_001137	4	A_clean_core	-19.816770553588867	2.4756309204342347e-09	0
HPCLAS_TRAIN_N_001139	0	HPCLAS_TRAIN_N_001139	4	B_ambiguous	-3.3461618423461914	0.03402107464935475	0
HPCLAS_TRAIN_N_001144	0	HPCLAS_TRAIN_N_001144	4	A_clean_core	-6.657264709472656	0.0012830072526461179	0
HPCLAS_TRAIN_N_001155	0	HPCLAS_TRAIN_N_001155	4	A_clean_core	-27.46811294555664	1.176928607808252e-12	0
HPCLAS_TRAIN_N_001171	0	HPCLAS_TRAIN_N_001171	4	D_hard_sample	2.555478096008301	0.9279406770828577	1
HPCLAS_TRAIN_N_001184	0	HPCLAS_TRAIN_N_001184	4	A_clean_core	-19.517364501953125	3.339767960441403e-09	0
HPCLAS_TRAIN_N_001187	0	HPCLAS_TRAIN_N_001187	4	A_clean_core	-13.296951293945312	1.6796032157424533e-06	0
HPCLAS_TRAIN_N_001197	0	HPCLAS_TRAIN_N_001197	4	A_clean_core	-15.05870246887207	2.88461918685672e-07	0
HPCLAS_TRAIN_N_001206	0	HPCLAS_TRAIN_P_006483	4	B_ambiguous	1.3541637659072876	0.794809519331913	1
HPCLAS_TRAIN_N_001207	0	HPCLAS_TRAIN_N_001207	4	A_clean_core	-11.416024208068848	1.1017394394533175e-05	0
HPCLAS_TRAIN_N_001213	0	HPCLAS_TRAIN_N_001213	4	D_hard_sample	-2.9595935344696045	0.049285047957192726	0
HPCLAS_TRAIN_N_001214	0	HPCLAS_TRAIN_P_004022	4	B_ambiguous	-35.3920783996582	4.2600593335451547e-16	0
HPCLAS_TRAIN_N_001219	0	HPCLAS_TRAIN_N_001219	4	A_clean_core	-29.139387130737305	2.212712366572168e-13	0
HPCLAS_TRAIN_N_001229	0	HPCLAS_TRAIN_N_001229	4	A_clean_core	-21.598960876464844	4.1657238459308025e-10	0
HPCLAS_TRAIN_N_001233	0	HPCLAS_TRAIN_N_001233	4	A_clean_core	-3.7196319103240967	0.023669082796025157	0
HPCLAS_TRAIN_N_001235	0	HPCLAS_TRAIN_N_001235	4	A_clean_core	-19.595430374145508	3.0889630736212196e-09	0
HPCLAS_TRAIN_N_001253	0	HPCLAS_TRAIN_N_001253	4	A_clean_core	-24.923290252685547	1.499521069663062e-11	0
HPCLAS_TRAIN_N_001259	0	HPCLAS_TRAIN_N_001259	4	D_hard_sample	-1.391330599784851	0.19919541913258332	0
HPCLAS_TRAIN_N_001265	0	HPCLAS_TRAIN_N_001265	4	A_clean_core	-20.5073299407959	1.241022820570411e-09	0
HPCLAS_TRAIN_N_001272	0	HPCLAS_TRAIN_N_001272	4	A_clean_core	-22.778644561767578	1.2804433281006738e-10	0
HPCLAS_TRAIN_N_001273	0	HPCLAS_TRAIN_N_001273	4	A_clean_core	-13.2006254196167	1.8494407367084952e-06	0
HPCLAS_TRAIN_N_001280	0	HPCLAS_TRAIN_N_001280	4	A_clean_core	-28.602983474731445	3.783398705855504e-13	0
HPCLAS_TRAIN_N_001282	0	HPCLAS_TRAIN_N_001282	4	A_clean_core	-11.675247192382812	8.501604105124964e-06	0
HPCLAS_TRAIN_N_001286	0	HPCLAS_TRAIN_N_001286	4	D_hard_sample	-4.313419818878174	0.013210825347338855	0
HPCLAS_TRAIN_N_001292	0	HPCLAS_TRAIN_N_001292	4	A_clean_core	-11.049766540527344	1.5890606153978314e-05	0
HPCLAS_TRAIN_N_001299	0	HPCLAS_TRAIN_N_001299	4	A_clean_core	-11.598153114318848	9.182947767465954e-06	0
HPCLAS_TRAIN_N_001309	0	HPCLAS_TRAIN_N_001309	4	D_hard_sample	8.125711441040039	0.9997042533053931	1
HPCLAS_TRAIN_N_001315	0	HPCLAS_TRAIN_N_001315	4	A_clean_core	-11.426401138305664	1.0903660035425377e-05	0
HPCLAS_TRAIN_N_001317	0	HPCLAS_TRAIN_N_001317	4	B_ambiguous	21.051544189453125	0.9999999992798374	1
HPCLAS_TRAIN_N_001324	0	HPCLAS_TRAIN_N_001324	4	A_clean_core	-22.46377182006836	1.7543161269043347e-10	0
HPCLAS_TRAIN_N_001329	0	HPCLAS_TRAIN_N_001329	4	A_clean_core	-28.845138549804688	2.9697199609230805e-13	0
HPCLAS_TRAIN_N_001332	0	HPCLAS_TRAIN_N_001332	4	A_clean_core	-26.59916114807129	2.8062805752313476e-12	0
HPCLAS_TRAIN_N_001340	0	HPCLAS_TRAIN_N_001340	4	A_clean_core	-27.403568267822266	1.2553982439523944e-12	0
HPCLAS_TRAIN_N_001341	0	HPCLAS_TRAIN_N_001341	4	A_clean_core	-18.662460327148438	7.85229230031356e-09	0
HPCLAS_TRAIN_N_001355	0	HPCLAS_TRAIN_N_001355	4	A_clean_core	-16.758676528930664	5.269861926595683e-08	0
HPCLAS_TRAIN_N_001357	0	HPCLAS_TRAIN_N_001357	4	A_clean_core	-27.479570388793945	1.163520970383731e-12	0
HPCLAS_TRAIN_N_001363	0	HPCLAS_TRAIN_N_001363	4	A_clean_core	-12.979002952575684	2.3082860907616793e-06	0
HPCLAS_TRAIN_N_001364	0	HPCLAS_TRAIN_N_001364	4	D_hard_sample	-10.624512672424316	2.4312085518689946e-05	0
HPCLAS_TRAIN_N_001368	0	HPCLAS_TRAIN_N_001368	4	D_hard_sample	-11.10845947265625	1.4984796199855286e-05	0
HPCLAS_TRAIN_N_001378	0	HPCLAS_TRAIN_N_001378	4	A_clean_core	-10.982405662536621	1.6997867540868035e-05	0
HPCLAS_TRAIN_N_001380	0	HPCLAS_TRAIN_N_001380	4	D_hard_sample	2.8431127071380615	0.9449615760146997	1
HPCLAS_TRAIN_N_001386	0	HPCLAS_TRAIN_N_001386	4	D_hard_sample	-11.359045028686523	1.1663378215326313e-05	0
HPCLAS_TRAIN_N_001388	0	HPCLAS_TRAIN_N_001388	4	A_clean_core	-34.684814453125	8.641248155113994e-16	0
HPCLAS_TRAIN_N_001392	0	HPCLAS_TRAIN_N_001392	4	A_clean_core	-1.309280276298523	0.21260730486288554	0
HPCLAS_TRAIN_N_001394	0	HPCLAS_TRAIN_N_001394	4	A_clean_core	-13.71776008605957	1.102686383321687e-06	0
HPCLAS_TRAIN_N_001397	0	HPCLAS_TRAIN_N_001397	4	A_clean_core	-9.931010246276855	4.8640264241520316e-05	0
HPCLAS_TRAIN_N_001400	0	HPCLAS_TRAIN_N_001400	4	B_ambiguous	1.9636852741241455	0.8769312305072391	1
HPCLAS_TRAIN_N_001402	0	HPCLAS_TRAIN_N_001402	4	A_clean_core	-16.651710510253906	5.8648105221826686e-08	0
HPCLAS_TRAIN_N_001411	0	HPCLAS_TRAIN_N_001411	4	A_clean_core	-19.109100341796875	5.023693851591052e-09	0
HPCLAS_TRAIN_N_001415	0	HPCLAS_TRAIN_N_001415	4	D_hard_sample	-10.780830383300781	2.079389388843946e-05	0
HPCLAS_TRAIN_N_001418	0	HPCLAS_TRAIN_N_001418	4	D_hard_sample	-9.185127258300781	0.00010254284913408472	0
HPCLAS_TRAIN_N_001426	0	HPCLAS_TRAIN_N_001426	4	A_clean_core	-28.992996215820312	2.5615434657063925e-13	0
HPCLAS_TRAIN_N_001436	0	HPCLAS_TRAIN_N_001436	4	A_clean_core	-14.952966690063477	3.20633532048754e-07	0
HPCLAS_TRAIN_N_001442	0	HPCLAS_TRAIN_N_001442	4	A_clean_core	-33.693790435791016	2.3279451279417984e-15	0
HPCLAS_TRAIN_N_001443	0	HPCLAS_TRAIN_N_001443	4	B_ambiguous	2.2495903968811035	0.9046151977212777	1
HPCLAS_TRAIN_N_001447	0	HPCLAS_TRAIN_N_001447	4	A_clean_core	-13.805978775024414	1.0095763358169004e-06	0
HPCLAS_TRAIN_N_001457	0	HPCLAS_TRAIN_N_001457	4	A_clean_core	-23.396648406982422	6.90183705403593e-11	0
HPCLAS_TRAIN_N_001461	0	HPCLAS_TRAIN_N_001461	4	A_clean_core	-42.59640121459961	3.166780802828287e-19	0
HPCLAS_TRAIN_N_001462	0	HPCLAS_TRAIN_N_001462	4	D_hard_sample	-9.75817584991455	5.7816655390986e-05	0
HPCLAS_TRAIN_N_001475	0	HPCLAS_TRAIN_N_001475	4	A_clean_core	-39.683311462402344	5.83118484125908e-18	0
HPCLAS_TRAIN_N_001477	0	HPCLAS_TRAIN_N_001477	4	A_clean_core	-9.866782188415527	5.186667592235301e-05	0
HPCLAS_TRAIN_N_001484	0	HPCLAS_TRAIN_N_001484	4	A_clean_core	-25.031818389892578	1.3453008024973999e-11	0
HPCLAS_TRAIN_N_001488	0	HPCLAS_TRAIN_N_001488	4	A_clean_core	-8.416999816894531	0.00022102806592129093	0
HPCLAS_TRAIN_N_001492	0	HPCLAS_TRAIN_N_001492	4	A_clean_core	-18.94387435913086	5.926249031977435e-09	0
HPCLAS_TRAIN_N_001498	0	HPCLAS_TRAIN_N_001498	4	A_clean_core	-16.46605682373047	7.061262427471539e-08	0
HPCLAS_TRAIN_N_001500	0	HPCLAS_TRAIN_N_001500	4	D_hard_sample	-2.268324851989746	0.09378047902263206	0
HPCLAS_TRAIN_N_001504	0	HPCLAS_TRAIN_N_001504	4	D_hard_sample	-3.153966188430786	0.040935283463626085	0
HPCLAS_TRAIN_N_001522	0	HPCLAS_TRAIN_N_001522	4	A_clean_core	-18.418380737304688	1.0023026436458791e-08	0
HPCLAS_TRAIN_N_001523	0	HPCLAS_TRAIN_N_001523	4	A_clean_core	-10.876472473144531	1.8897302506178885e-05	0
HPCLAS_TRAIN_N_001524	0	HPCLAS_TRAIN_N_001524	4	A_clean_core	-18.178003311157227	1.2746573788769163e-08	0
HPCLAS_TRAIN_N_001525	0	HPCLAS_TRAIN_N_001525	4	A_clean_core	-10.068716049194336	4.2383202855123145e-05	0
HPCLAS_TRAIN_N_001537	0	HPCLAS_TRAIN_N_001537	4	A_clean_core	-14.0407075881958	7.983582650460349e-07	0
HPCLAS_TRAIN_N_001539	0	HPCLAS_TRAIN_N_001539	4	A_clean_core	-14.771862983703613	3.842919187863054e-07	0
HPCLAS_TRAIN_N_001542	0	HPCLAS_TRAIN_N_001542	4	A_clean_core	-19.043190002441406	5.365962852038266e-09	0
HPCLAS_TRAIN_N_001547	0	HPCLAS_TRAIN_N_001547	4	A_clean_core	-11.1031494140625	1.5064576779314654e-05	0
HPCLAS_TRAIN_N_001551	0	HPCLAS_TRAIN_N_001551	4	A_clean_core	-26.414020538330078	3.3770433480974553e-12	0
HPCLAS_TRAIN_N_001562	0	HPCLAS_TRAIN_N_001562	4	A_clean_core	-7.0419487953186035	0.0008736568897274205	0
HPCLAS_TRAIN_N_001564	0	HPCLAS_TRAIN_N_001564	4	A_clean_core	-18.73926544189453	7.271774796227829e-09	0
HPCLAS_TRAIN_N_001578	0	HPCLAS_TRAIN_N_001578	4	B_ambiguous	7.804293155670166	0.9995921866860664	1
HPCLAS_TRAIN_N_001579	0	HPCLAS_TRAIN_N_001579	4	A_clean_core	-13.571659088134766	1.2761531403576794e-06	0
HPCLAS_TRAIN_N_001587	0	HPCLAS_TRAIN_N_001587	4	A_clean_core	-13.644659042358398	1.1863131794000785e-06	0
HPCLAS_TRAIN_N_001596	0	HPCLAS_TRAIN_N_001596	4	A_clean_core	-16.22239112854004	9.009589637147904e-08	0
HPCLAS_TRAIN_N_001597	0	HPCLAS_TRAIN_N_001597	4	A_clean_core	-17.86843490600586	1.7371499674434586e-08	0
HPCLAS_TRAIN_N_001605	0	HPCLAS_TRAIN_N_001605	4	A_clean_core	-20.783594131469727	9.414554073041452e-10	0
HPCLAS_TRAIN_N_001608	0	HPCLAS_TRAIN_N_001608	4	B_ambiguous	-3.194465160369873	0.03937454068990981	0
HPCLAS_TRAIN_N_001612	0	HPCLAS_TRAIN_N_001612	4	A_clean_core	-5.768117904663086	0.003115895572835102	0
HPCLAS_TRAIN_N_001631	0	HPCLAS_TRAIN_N_001631	4	A_clean_core	-25.371753692626953	9.576071389694164e-12	0
HPCLAS_TRAIN_N_001637	0	HPCLAS_TRAIN_N_001637	4	D_hard_sample	2.5351815223693848	0.9265716667650609	1
HPCLAS_TRAIN_N_001640	0	HPCLAS_TRAIN_N_001640	4	A_clean_core	-8.078746795654297	0.0003099632527723073	0
HPCLAS_TRAIN_N_001641	0	HPCLAS_TRAIN_N_001641	4	A_clean_core	-17.5479736328125	2.393381183279905e-08	0
HPCLAS_TRAIN_N_001645	0	HPCLAS_TRAIN_N_001645	4	A_clean_core	-17.080947875976562	3.818023307021646e-08	0
HPCLAS_TRAIN_N_001655	0	HPCLAS_TRAIN_N_001655	4	D_hard_sample	-16.012916564941406	1.1109094174951788e-07	0
HPCLAS_TRAIN_N_001680	0	HPCLAS_TRAIN_N_001680	4	A_clean_core	-8.125215530395508	0.0002958933515052926	0
HPCLAS_TRAIN_N_001684	0	HPCLAS_TRAIN_N_001684	4	D_hard_sample	11.173652648925781	0.9999859609340322	1
HPCLAS_TRAIN_N_001689	0	HPCLAS_TRAIN_N_001689	4	A_clean_core	-7.293071269989014	0.0006797732478911744	0
HPCLAS_TRAIN_N_001691	0	HPCLAS_TRAIN_N_001691	4	A_clean_core	-17.59258270263672	2.2889610357275198e-08	0
HPCLAS_TRAIN_N_001698	0	HPCLAS_TRAIN_N_001698	4	A_clean_core	-19.516834259033203	3.3415393183341793e-09	0
HPCLAS_TRAIN_N_001699	0	HPCLAS_TRAIN_N_001699	4	D_hard_sample	-8.94483757019043	0.00013039164660010827	0
HPCLAS_TRAIN_N_001704	0	HPCLAS_TRAIN_N_001704	4	D_hard_sample	-7.631496906280518	0.00048469936599426186	0
HPCLAS_TRAIN_N_001709	0	HPCLAS_TRAIN_N_001709	4	A_clean_core	-26.542362213134766	2.9702879553877346e-12	0
HPCLAS_TRAIN_N_001721	0	HPCLAS_TRAIN_N_001721	4	A_clean_core	-7.991360187530518	0.00033825906085776267	0
HPCLAS_TRAIN_N_001730	0	HPCLAS_TRAIN_N_001730	4	A_clean_core	-13.18159008026123	1.8849826049584895e-06	0
HPCLAS_TRAIN_N_001733	0	HPCLAS_TRAIN_N_001733	4	D_hard_sample	-10.837549209594727	1.9647334904390505e-05	0
HPCLAS_TRAIN_N_001734	0	HPCLAS_TRAIN_N_001734	4	A_clean_core	-31.91498565673828	1.3787890930702425e-14	0
HPCLAS_TRAIN_N_001736	0	HPCLAS_TRAIN_N_001736	4	A_clean_core	-36.25108337402344	1.8044901993911839e-16	0
HPCLAS_TRAIN_N_001740	0	HPCLAS_TRAIN_N_001740	4	D_hard_sample	-11.246526718139648	1.3052383847011432e-05	0
HPCLAS_TRAIN_N_001743	0	HPCLAS_TRAIN_N_004725	4	A_clean_core	-22.737260818481445	1.3345446016878502e-10	0
HPCLAS_TRAIN_N_001754	0	HPCLAS_TRAIN_N_001754	4	A_clean_core	-13.089286804199219	2.0672550955453447e-06	0
HPCLAS_TRAIN_N_001756	0	HPCLAS_TRAIN_N_001756	4	A_clean_core	-24.276077270507812	2.864399565319881e-11	0
HPCLAS_TRAIN_N_001763	0	HPCLAS_TRAIN_N_001763	4	A_clean_core	-12.47952938079834	3.8037117771370554e-06	0
HPCLAS_TRAIN_N_001765	0	HPCLAS_TRAIN_N_001765	4	A_clean_core	-27.400955200195312	1.258682974204694e-12	0
HPCLAS_TRAIN_N_001766	0	HPCLAS_TRAIN_N_001766	4	D_hard_sample	1.4833643436431885	0.8150802072206751	1
HPCLAS_TRAIN_N_001781	0	HPCLAS_TRAIN_N_001781	4	A_clean_core	-17.753862380981445	1.9480294895737187e-08	0
HPCLAS_TRAIN_N_001785	0	HPCLAS_TRAIN_N_001785	4	A_clean_core	-22.858200073242188	1.1825236682062093e-10	0
HPCLAS_TRAIN_N_001788	0	HPCLAS_TRAIN_N_001788	4	A_clean_core	-13.60914134979248	1.2292054425303215e-06	0
HPCLAS_TRAIN_N_001789	0	HPCLAS_TRAIN_N_001789	4	B_ambiguous	-0.7596130967140198	0.31873027299531015	0
HPCLAS_TRAIN_N_001793	0	HPCLAS_TRAIN_N_001793	4	D_hard_sample	17.25527572631836	0.999999967927785	1
HPCLAS_TRAIN_N_001795	0	HPCLAS_TRAIN_N_001795	4	A_clean_core	-17.527584075927734	2.4426820674698492e-08	0
HPCLAS_TRAIN_N_001799	0	HPCLAS_TRAIN_N_001799	4	A_clean_core	-8.277200698852539	0.000254183295732471	0
HPCLAS_TRAIN_N_001800	0	HPCLAS_TRAIN_N_001800	4	B_ambiguous	-10.670673370361328	2.3215356364713767e-05	0
HPCLAS_TRAIN_N_001809	0	HPCLAS_TRAIN_N_001809	4	B_ambiguous	4.424760341644287	0.9881646713299581	1
HPCLAS_TRAIN_N_001810	0	HPCLAS_TRAIN_N_001810	4	A_clean_core	-11.973450660705566	6.309482040954577e-06	0
HPCLAS_TRAIN_N_001815	0	HPCLAS_TRAIN_N_001815	4	D_hard_sample	-2.9959442615509033	0.04760943457285439	0
HPCLAS_TRAIN_N_001817	0	HPCLAS_TRAIN_N_001817	4	A_clean_core	-35.087581634521484	5.776395391087215e-16	0
HPCLAS_TRAIN_N_001818	0	HPCLAS_TRAIN_N_001818	4	D_hard_sample	-5.437149524688721	0.004333013792105622	0
HPCLAS_TRAIN_N_001821	0	HPCLAS_TRAIN_N_001821	4	D_hard_sample	-1.1185165643692017	0.24628654929154595	0
HPCLAS_TRAIN_N_001823	0	HPCLAS_TRAIN_N_001823	4	A_clean_core	-22.182411193847656	2.3243483864378752e-10	0
HPCLAS_TRAIN_N_001827	0	HPCLAS_TRAIN_N_001827	4	A_clean_core	-10.550261497497559	2.618594651179217e-05	0
HPCLAS_TRAIN_N_001828	0	HPCLAS_TRAIN_N_001828	4	A_clean_core	-24.77149200439453	1.7453306440262762e-11	0
HPCLAS_TRAIN_N_001830	0	HPCLAS_TRAIN_N_001830	4	A_clean_core	-16.83747100830078	4.870563734402005e-08	0
HPCLAS_TRAIN_N_001845	0	HPCLAS_TRAIN_N_001845	4	A_clean_core	-15.140289306640625	2.658617041692831e-07	0
HPCLAS_TRAIN_N_001848	0	HPCLAS_TRAIN_N_001848	4	A_clean_core	-21.708438873291016	3.7337461382884843e-10	0
HPCLAS_TRAIN_N_001849	0	HPCLAS_TRAIN_N_001849	4	A_clean_core	-20.73656463623047	9.867892380732329e-10	0
HPCLAS_TRAIN_N_001851	0	HPCLAS_TRAIN_N_001851	4	A_clean_core	-19.852092742919922	2.3897125616931922e-09	0
HPCLAS_TRAIN_N_001855	0	HPCLAS_TRAIN_N_001855	4	A_clean_core	-17.742969512939453	1.96936510940974e-08	0
HPCLAS_TRAIN_N_001864	0	HPCLAS_TRAIN_N_001864	4	A_clean_core	-25.057334899902344	1.3114076771831902e-11	0
HPCLAS_TRAIN_N_001872	0	HPCLAS_TRAIN_N_001872	4	A_clean_core	-10.928332328796387	1.794228624148004e-05	0
HPCLAS_TRAIN_N_001879	0	HPCLAS_TRAIN_N_001879	4	D_hard_sample	-2.7619144916534424	0.05941728074232828	0
HPCLAS_TRAIN_N_001880	0	HPCLAS_TRAIN_N_001880	4	D_hard_sample	-9.33514404296875	8.825922755463983e-05	0
HPCLAS_TRAIN_N_001890	0	HPCLAS_TRAIN_N_001890	4	A_clean_core	-19.43280792236328	3.634450429414813e-09	0
HPCLAS_TRAIN_N_001911	0	HPCLAS_TRAIN_N_001911	4	A_clean_core	-34.0440673828125	1.6400209433635315e-15	0
HPCLAS_TRAIN_N_001924	0	HPCLAS_TRAIN_N_001924	4	A_clean_core	-40.6665153503418	2.181507875162675e-18	0
HPCLAS_TRAIN_N_001946	0	HPCLAS_TRAIN_P_006145	4	B_ambiguous	-22.864036560058594	1.175641986365238e-10	0
HPCLAS_TRAIN_N_001962	0	HPCLAS_TRAIN_N_001962	4	A_clean_core	-6.800423622131348	0.0011120653617859779	0
HPCLAS_TRAIN_N_001971	0	HPCLAS_TRAIN_N_001971	4	A_clean_core	-23.125774383544922	9.049066826479172e-11	0
HPCLAS_TRAIN_N_002001	0	HPCLAS_TRAIN_N_002001	4	A_clean_core	-27.147785186767578	1.621312374758036e-12	0
HPCLAS_TRAIN_N_002002	0	HPCLAS_TRAIN_N_002002	4	A_clean_core	-14.054967880249023	7.87054242873636e-07	0
HPCLAS_TRAIN_N_002005	0	HPCLAS_TRAIN_N_002005	4	A_clean_core	-27.605907440185547	1.0254316806064149e-12	0
HPCLAS_TRAIN_N_002006	0	HPCLAS_TRAIN_N_002006	4	D_hard_sample	-15.224386215209961	2.444178785190563e-07	0
HPCLAS_TRAIN_N_002017	0	HPCLAS_TRAIN_N_002017	4	A_clean_core	-26.31439781188965	3.730802298787589e-12	0
HPCLAS_TRAIN_N_002029	0	HPCLAS_TRAIN_N_002029	4	A_clean_core	-15.73344612121582	1.469099139751603e-07	0
HPCLAS_TRAIN_N_002031	0	HPCLAS_TRAIN_N_002031	4	A_clean_core	-20.012449264526367	2.035652833974948e-09	0
HPCLAS_TRAIN_N_002054	0	HPCLAS_TRAIN_N_002054	4	A_clean_core	-20.795127868652344	9.306592875622026e-10	0
HPCLAS_TRAIN_N_002057	0	HPCLAS_TRAIN_N_002057	4	D_hard_sample	-6.243612766265869	0.001939056614656905	0
HPCLAS_TRAIN_N_002082	0	HPCLAS_TRAIN_N_002082	4	A_clean_core	-10.391156196594238	3.070187289321006e-05	0
HPCLAS_TRAIN_N_002089	0	HPCLAS_TRAIN_N_002089	4	A_clean_core	-23.38933753967285	6.952480366627583e-11	0
HPCLAS_TRAIN_N_002091	0	HPCLAS_TRAIN_N_002091	4	A_clean_core	-20.990188598632812	7.657322124598045e-10	0
HPCLAS_TRAIN_N_002092	0	HPCLAS_TRAIN_N_002092	4	D_hard_sample	-0.38646167516708374	0.40456936976632896	0
HPCLAS_TRAIN_N_002097	0	HPCLAS_TRAIN_N_002097	4	A_clean_core	-26.034645080566406	4.9351152951449294e-12	0
HPCLAS_TRAIN_N_002101	0	HPCLAS_TRAIN_N_002101	4	A_clean_core	-19.677526473999023	2.845501596442171e-09	0
HPCLAS_TRAIN_N_002104	0	HPCLAS_TRAIN_N_002104	4	D_hard_sample	0.9034119248390198	0.7116501492622456	1
HPCLAS_TRAIN_N_002107	0	HPCLAS_TRAIN_N_002107	4	A_clean_core	-12.392518997192383	4.149498199983459e-06	0
HPCLAS_TRAIN_N_002113	0	HPCLAS_TRAIN_N_002113	4	D_hard_sample	1.332680106163025	0.7912836102136501	1
HPCLAS_TRAIN_N_002129	0	HPCLAS_TRAIN_N_002129	4	A_clean_core	-8.138102531433105	0.00029210574528990235	0
HPCLAS_TRAIN_N_002138	0	HPCLAS_TRAIN_N_002138	4	A_clean_core	-22.879606246948242	1.1574793687860503e-10	0
HPCLAS_TRAIN_N_002140	0	HPCLAS_TRAIN_N_002140	4	A_clean_core	-28.707706451416016	3.407230385134078e-13	0
HPCLAS_TRAIN_N_002147	0	HPCLAS_TRAIN_N_002147	4	B_ambiguous	1.8594547510147095	0.8652333821812136	1
HPCLAS_TRAIN_N_002157	0	HPCLAS_TRAIN_N_002157	4	A_clean_core	-20.487876892089844	1.2654008425801821e-09	0
HPCLAS_TRAIN_N_002158	0	HPCLAS_TRAIN_N_002158	4	A_clean_core	-24.713314056396484	1.8498822094942307e-11	0
HPCLAS_TRAIN_N_002159	0	HPCLAS_TRAIN_N_002159	4	D_hard_sample	3.489048719406128	0.9703745608560803	1
HPCLAS_TRAIN_N_002171	0	HPCLAS_TRAIN_N_002171	4	A_clean_core	-27.61358070373535	1.0175933841851214e-12	0
HPCLAS_TRAIN_N_002173	0	HPCLAS_TRAIN_N_002173	4	A_clean_core	-33.960723876953125	1.782563537723227e-15	0
HPCLAS_TRAIN_N_002180	0	HPCLAS_TRAIN_N_002180	4	A_clean_core	-28.578636169433594	3.8766448086323263e-13	0
HPCLAS_TRAIN_N_002190	0	HPCLAS_TRAIN_N_002190	4	D_hard_sample	3.961315870285034	0.981317629627559	1
HPCLAS_TRAIN_N_002194	0	HPCLAS_TRAIN_N_002194	4	D_hard_sample	-0.05339682847261429	0.48665396377305437	0
HPCLAS_TRAIN_N_002201	0	HPCLAS_TRAIN_N_002201	4	A_clean_core	-12.024859428405762	5.993317725799445e-06	0
HPCLAS_TRAIN_N_002209	0	HPCLAS_TRAIN_N_002209	4	A_clean_core	-5.850840091705322	0.0028692246558164524	0
HPCLAS_TRAIN_N_002217	0	HPCLAS_TRAIN_P_000131	4	B_ambiguous	4.059308052062988	0.9830319265457467	1
HPCLAS_TRAIN_N_002218	0	HPCLAS_TRAIN_N_002218	4	D_hard_sample	-7.037037372589111	0.0008779545660331225	0
HPCLAS_TRAIN_N_002236	0	HPCLAS_TRAIN_N_002236	4	A_clean_core	-23.801239013671875	4.605250240239253e-11	0
HPCLAS_TRAIN_N_002245	0	HPCLAS_TRAIN_P_000101	4	B_ambiguous	4.687262058258057	0.9908722108045788	1
HPCLAS_TRAIN_N_002249	0	HPCLAS_TRAIN_N_002249	4	D_hard_sample	-18.62377166748047	8.162040192401153e-09	0
HPCLAS_TRAIN_N_002251	0	HPCLAS_TRAIN_N_002251	4	A_clean_core	-15.202265739440918	2.498847590087515e-07	0
HPCLAS_TRAIN_N_002260	0	HPCLAS_TRAIN_N_002260	4	A_clean_core	-30.744049072265625	4.446610985106485e-14	0
HPCLAS_TRAIN_N_002262	0	HPCLAS_TRAIN_N_002262	4	A_clean_core	-20.195295333862305	1.6954878243277011e-09	0
HPCLAS_TRAIN_N_002270	0	HPCLAS_TRAIN_N_002270	4	A_clean_core	-15.766626358032227	1.421153905043569e-07	0
HPCLAS_TRAIN_N_002271	0	HPCLAS_TRAIN_N_002271	4	A_clean_core	-12.774681091308594	2.8315567113314676e-06	0
HPCLAS_TRAIN_N_002277	0	HPCLAS_TRAIN_N_002277	4	A_clean_core	-28.02373504638672	6.75221880373608e-13	0
HPCLAS_TRAIN_N_002282	0	HPCLAS_TRAIN_N_002282	4	A_clean_core	-11.87822151184082	6.939863503459395e-06	0
HPCLAS_TRAIN_N_002283	0	HPCLAS_TRAIN_N_002283	4	A_clean_core	-11.39364242553711	1.126676076380423e-05	0
HPCLAS_TRAIN_N_002291	0	HPCLAS_TRAIN_N_002291	4	A_clean_core	-23.507091522216797	6.180162098497209e-11	0
HPCLAS_TRAIN_N_002295	0	HPCLAS_TRAIN_N_002295	4	A_clean_core	-23.08625030517578	9.413884911594036e-11	0
HPCLAS_TRAIN_N_002299	0	HPCLAS_TRAIN_N_002299	4	A_clean_core	-15.932552337646484	1.2038721974132223e-07	0
HPCLAS_TRAIN_N_002302	0	HPCLAS_TRAIN_N_002302	4	A_clean_core	-12.880826950073242	2.546401182805267e-06	0
HPCLAS_TRAIN_N_002304	0	HPCLAS_TRAIN_N_002304	4	A_clean_core	-18.04971694946289	1.4491305849236447e-08	0
HPCLAS_TRAIN_N_002309	0	HPCLAS_TRAIN_N_002309	4	D_hard_sample	-22.165508270263672	2.3639705917783325e-10	0
HPCLAS_TRAIN_N_002312	0	HPCLAS_TRAIN_N_002312	4	A_clean_core	-17.820579528808594	1.8223032025326372e-08	0
HPCLAS_TRAIN_N_002320	0	HPCLAS_TRAIN_N_002320	4	A_clean_core	-25.822189331054688	6.103313282997396e-12	0
HPCLAS_TRAIN_N_002327	0	HPCLAS_TRAIN_N_002327	4	A_clean_core	-1.9120057821273804	0.12875568061493362	0
HPCLAS_TRAIN_N_002328	0	HPCLAS_TRAIN_N_002328	4	A_clean_core	-20.315303802490234	1.5037500671359353e-09	0
HPCLAS_TRAIN_N_002336	0	HPCLAS_TRAIN_N_002336	4	A_clean_core	-13.829864501953125	9.857476110254014e-07	0
HPCLAS_TRAIN_N_002337	0	HPCLAS_TRAIN_N_002337	4	A_clean_core	-12.890605926513672	2.521621406317868e-06	0
HPCLAS_TRAIN_N_002338	0	HPCLAS_TRAIN_N_002338	4	D_hard_sample	4.0371270179748535	0.9826579519072339	1
HPCLAS_TRAIN_N_002343	0	HPCLAS_TRAIN_N_002343	4	A_clean_core	-7.770448207855225	0.0004218460407262596	0
HPCLAS_TRAIN_N_002347	0	HPCLAS_TRAIN_N_002347	4	A_clean_core	2.0013632774353027	0.8809401390739556	1
HPCLAS_TRAIN_N_002352	0	HPCLAS_TRAIN_N_002352	4	A_clean_core	-16.142642974853516	9.757514162544098e-08	0
HPCLAS_TRAIN_N_002356	0	HPCLAS_TRAIN_N_002356	4	A_clean_core	-25.075942993164062	1.2872305238147083e-11	0
HPCLAS_TRAIN_N_002365	0	HPCLAS_TRAIN_N_002365	4	A_clean_core	-14.696764945983887	4.142627675445491e-07	0
HPCLAS_TRAIN_N_002385	0	HPCLAS_TRAIN_N_002385	4	A_clean_core	-17.029481887817383	4.0196660053711626e-08	0
HPCLAS_TRAIN_N_002387	0	HPCLAS_TRAIN_N_002387	4	D_hard_sample	4.709971904754639	0.9910753362921563	1
HPCLAS_TRAIN_N_002392	0	HPCLAS_TRAIN_N_002392	4	A_clean_core	-13.072907447814941	2.1013941570242986e-06	0
HPCLAS_TRAIN_N_002399	0	HPCLAS_TRAIN_N_002399	4	D_hard_sample	-10.027542114257812	4.416463157280096e-05	0
HPCLAS_TRAIN_N_002400	0	HPCLAS_TRAIN_N_002400	4	D_hard_sample	-11.45578384399414	1.0587945383042357e-05	0
HPCLAS_TRAIN_N_002404	0	HPCLAS_TRAIN_N_002404	4	D_hard_sample	-15.339488983154297	2.17843439194261e-07	0
HPCLAS_TRAIN_N_002406	0	HPCLAS_TRAIN_N_002406	4	A_clean_core	-20.893152236938477	8.437606616582483e-10	0
HPCLAS_TRAIN_N_002407	0	HPCLAS_TRAIN_N_002407	4	D_hard_sample	-8.790237426757812	0.00015218865932136328	0
HPCLAS_TRAIN_N_002408	0	HPCLAS_TRAIN_N_002408	4	D_hard_sample	-3.1152219772338867	0.04248371196862287	0
HPCLAS_TRAIN_N_002415	0	HPCLAS_TRAIN_N_002415	4	A_clean_core	-8.942946434020996	0.00013063843602792338	0
HPCLAS_TRAIN_N_002421	0	HPCLAS_TRAIN_N_002421	4	B_ambiguous	-0.9760152697563171	0.27368315635518337	0
HPCLAS_TRAIN_N_002425	0	HPCLAS_TRAIN_N_002425	4	D_hard_sample	4.406936168670654	0.9879543889784717	1
HPCLAS_TRAIN_N_002434	0	HPCLAS_TRAIN_N_002434	4	A_clean_core	-20.525054931640625	1.2192195050838257e-09	0
HPCLAS_TRAIN_N_002436	0	HPCLAS_TRAIN_N_002436	4	D_hard_sample	-1.0648273229599	0.2563880282903468	0
HPCLAS_TRAIN_N_002445	0	HPCLAS_TRAIN_N_002445	4	A_clean_core	-6.776534557342529	0.0011389208050153184	0
HPCLAS_TRAIN_N_002446	0	HPCLAS_TRAIN_N_002446	4	A_clean_core	-14.102314949035645	7.506579865037302e-07	0
HPCLAS_TRAIN_N_002447	0	HPCLAS_TRAIN_N_002447	4	A_clean_core	-42.80391311645508	2.573337386499198e-19	0
HPCLAS_TRAIN_N_002452	0	HPCLAS_TRAIN_N_002452	4	A_clean_core	-30.259674072265625	7.217562049807027e-14	0
HPCLAS_TRAIN_N_002455	0	HPCLAS_TRAIN_N_002455	4	A_clean_core	-13.363847732543945	1.570919716451334e-06	0
HPCLAS_TRAIN_N_002456	0	HPCLAS_TRAIN_N_002456	4	A_clean_core	-22.3441162109375	1.977304826714975e-10	0
HPCLAS_TRAIN_N_002472	0	HPCLAS_TRAIN_N_002472	4	A_clean_core	-26.557323455810547	2.9261795376030935e-12	0
HPCLAS_TRAIN_N_002493	0	HPCLAS_TRAIN_N_002493	4	A_clean_core	-23.876102447509766	4.273074430839308e-11	0
HPCLAS_TRAIN_N_002497	0	HPCLAS_TRAIN_N_002497	4	A_clean_core	-16.31616973876953	8.203090086917867e-08	0
HPCLAS_TRAIN_N_002499	0	HPCLAS_TRAIN_N_002499	4	A_clean_core	-15.458673477172852	1.9336743096968942e-07	0
HPCLAS_TRAIN_N_002512	0	HPCLAS_TRAIN_N_002512	4	A_clean_core	-20.952823638916016	7.948850207582453e-10	0
HPCLAS_TRAIN_N_002515	0	HPCLAS_TRAIN_N_002515	4	A_clean_core	-19.42013931274414	3.6807867515818645e-09	0
HPCLAS_TRAIN_N_002516	0	HPCLAS_TRAIN_N_002516	4	A_clean_core	-21.788278579711914	3.447234618901583e-10	0
HPCLAS_TRAIN_N_002521	0	HPCLAS_TRAIN_N_002521	4	A_clean_core	-5.643572807312012	0.00352770855666428	0
HPCLAS_TRAIN_N_002525	0	HPCLAS_TRAIN_N_002525	4	A_clean_core	-18.348173141479492	1.0752009686847973e-08	0
HPCLAS_TRAIN_N_002534	0	HPCLAS_TRAIN_N_002534	4	D_hard_sample	0.07085724920034409	0.5177069044252637	1
HPCLAS_TRAIN_N_002537	0	HPCLAS_TRAIN_N_002537	4	A_clean_core	-11.369516372680664	1.154188558521327e-05	0
HPCLAS_TRAIN_N_002545	0	HPCLAS_TRAIN_N_002545	4	A_clean_core	-25.19898796081543	1.1381999942188594e-11	0
HPCLAS_TRAIN_N_002547	0	HPCLAS_TRAIN_N_002547	4	A_clean_core	-22.942018508911133	1.0874466452310015e-10	0
HPCLAS_TRAIN_N_002553	0	HPCLAS_TRAIN_N_002553	4	D_hard_sample	-13.965875625610352	8.603930768614452e-07	0
HPCLAS_TRAIN_N_002554	0	HPCLAS_TRAIN_N_002554	4	A_clean_core	-19.548229217529297	3.238261514429931e-09	0
HPCLAS_TRAIN_N_002556	0	HPCLAS_TRAIN_N_002556	4	A_clean_core	-19.48292350769043	3.4567966129031867e-09	0
HPCLAS_TRAIN_N_002558	0	HPCLAS_TRAIN_N_002558	4	A_clean_core	-22.215087890625	2.2496238829068362e-10	0
HPCLAS_TRAIN_N_002563	0	HPCLAS_TRAIN_N_002563	4	A_clean_core	-12.951194763183594	2.3733760172771705e-06	0
HPCLAS_TRAIN_N_002569	0	HPCLAS_TRAIN_N_002569	4	D_hard_sample	-0.07218951731920242	0.4819604541533199	0
HPCLAS_TRAIN_N_002573	0	HPCLAS_TRAIN_N_002573	4	A_clean_core	-14.410325050354004	5.51664590078419e-07	0
HPCLAS_TRAIN_N_002580	0	HPCLAS_TRAIN_N_002580	4	D_hard_sample	6.4122443199157715	0.9983613528909149	1
HPCLAS_TRAIN_N_002583	0	HPCLAS_TRAIN_N_002583	4	A_clean_core	-15.475841522216797	1.9007602517970352e-07	0
HPCLAS_TRAIN_N_002584	0	HPCLAS_TRAIN_N_002584	4	A_clean_core	-13.609103202819824	1.2292523338334614e-06	0
HPCLAS_TRAIN_N_002605	0	HPCLAS_TRAIN_N_002605	4	A_clean_core	-13.30341911315918	1.6687749194001218e-06	0
HPCLAS_TRAIN_N_002616	0	HPCLAS_TRAIN_N_002616	4	A_clean_core	-21.81500816345215	3.356312047156605e-10	0
HPCLAS_TRAIN_N_002619	0	HPCLAS_TRAIN_N_002619	4	A_clean_core	-22.191572189331055	2.303152278336092e-10	0
HPCLAS_TRAIN_N_002633	0	HPCLAS_TRAIN_N_002633	4	A_clean_core	-24.259004592895508	2.9137223738241754e-11	0
HPCLAS_TRAIN_N_002637	0	HPCLAS_TRAIN_N_002637	4	D_hard_sample	-10.361778259277344	3.1617181178133564e-05	0
HPCLAS_TRAIN_N_002639	0	HPCLAS_TRAIN_N_002639	4	D_hard_sample	-1.4481511116027832	0.19028627483525073	0
HPCLAS_TRAIN_N_002641	0	HPCLAS_TRAIN_N_002641	4	A_clean_core	-17.829978942871094	1.8052548681873557e-08	0
HPCLAS_TRAIN_N_002642	0	HPCLAS_TRAIN_N_002642	4	D_hard_sample	-13.351058006286621	1.5911403501781324e-06	0
HPCLAS_TRAIN_N_002643	0	HPCLAS_TRAIN_N_002643	4	D_hard_sample	-20.053468704223633	1.9538409062248913e-09	0
HPCLAS_TRAIN_N_002644	0	HPCLAS_TRAIN_N_002644	4	B_ambiguous	-7.404488563537598	0.0006081451969536405	0
HPCLAS_TRAIN_N_002651	0	HPCLAS_TRAIN_N_002651	4	D_hard_sample	-8.863967895507812	0.00014137292817839744	0
HPCLAS_TRAIN_N_002652	0	HPCLAS_TRAIN_N_002652	4	D_hard_sample	-0.15512001514434814	0.46129757063696025	0
HPCLAS_TRAIN_N_002654	0	HPCLAS_TRAIN_N_002654	4	A_clean_core	-9.795815467834473	5.568102404977063e-05	0
HPCLAS_TRAIN_N_002658	0	HPCLAS_TRAIN_N_002658	4	A_clean_core	-29.2305908203125	2.0198341187489025e-13	0
HPCLAS_TRAIN_N_002659	0	HPCLAS_TRAIN_N_002659	4	A_clean_core	-21.7083797454834	3.7339669130386574e-10	0
HPCLAS_TRAIN_N_002664	0	HPCLAS_TRAIN_N_002664	4	A_clean_core	-17.303264617919922	3.056945135150821e-08	0
HPCLAS_TRAIN_N_002668	0	HPCLAS_TRAIN_N_002668	4	D_hard_sample	-8.05123233795166	0.00031860738026022597	0
HPCLAS_TRAIN_N_002669	0	HPCLAS_TRAIN_N_003763	4	A_clean_core	-26.534326553344727	2.9942523347234772e-12	0
HPCLAS_TRAIN_N_002671	0	HPCLAS_TRAIN_N_002671	4	A_clean_core	-27.575265884399414	1.057338848846256e-12	0
HPCLAS_TRAIN_N_002673	0	HPCLAS_TRAIN_N_002673	4	A_clean_core	-31.853515625	1.466202429655633e-14	0
HPCLAS_TRAIN_N_002680	0	HPCLAS_TRAIN_N_002680	4	A_clean_core	-17.792951583862305	1.873351628619032e-08	0
HPCLAS_TRAIN_N_002694	0	HPCLAS_TRAIN_N_002694	4	A_clean_core	-22.851177215576172	1.190857593345983e-10	0
HPCLAS_TRAIN_N_002716	0	HPCLAS_TRAIN_N_002716	4	B_ambiguous	16.70831298828125	0.9999999445793208	1
HPCLAS_TRAIN_N_002718	0	HPCLAS_TRAIN_N_002718	4	D_hard_sample	5.161247253417969	0.994298154680743	1
HPCLAS_TRAIN_N_002727	0	HPCLAS_TRAIN_N_002727	4	A_clean_core	-21.7893123626709	3.443672767905814e-10	0
HPCLAS_TRAIN_N_002728	0	HPCLAS_TRAIN_N_002728	4	A_clean_core	-13.274028778076172	1.7185485380515843e-06	0
HPCLAS_TRAIN_N_002731	0	HPCLAS_TRAIN_N_002731	4	A_clean_core	-19.77206039428711	2.5888284567338288e-09	0
HPCLAS_TRAIN_N_002733	0	HPCLAS_TRAIN_N_002733	4	D_hard_sample	-6.34826135635376	0.001746730343098983	0
HPCLAS_TRAIN_N_002751	0	HPCLAS_TRAIN_N_002751	4	B_ambiguous	-10.240474700927734	3.5694626590077994e-05	0
HPCLAS_TRAIN_N_002755	0	HPCLAS_TRAIN_N_002755	4	D_hard_sample	-12.794382095336914	2.7763182690454604e-06	0
HPCLAS_TRAIN_N_002759	0	HPCLAS_TRAIN_N_002759	4	D_hard_sample	3.555711030960083	0.9722320229585067	1
HPCLAS_TRAIN_N_002761	0	HPCLAS_TRAIN_N_002761	4	A_clean_core	-20.815292358398438	9.120809586810109e-10	0
HPCLAS_TRAIN_N_002767	0	HPCLAS_TRAIN_N_002767	4	A_clean_core	-22.024160385131836	2.722881091486482e-10	0
HPCLAS_TRAIN_N_002774	0	HPCLAS_TRAIN_N_002774	4	A_clean_core	-20.722064971923828	1.0012015853472897e-09	0
HPCLAS_TRAIN_N_002781	0	HPCLAS_TRAIN_N_002781	4	B_ambiguous	-5.941237926483154	0.0026218810764625147	0
HPCLAS_TRAIN_N_002797	0	HPCLAS_TRAIN_N_002797	4	A_clean_core	-7.743071556091309	0.00043354923210041206	0
HPCLAS_TRAIN_N_002798	0	HPCLAS_TRAIN_N_002798	4	A_clean_core	-3.73209547996521	0.023382767442186887	0
HPCLAS_TRAIN_N_002803	0	HPCLAS_TRAIN_N_002803	4	A_clean_core	-28.341079711914062	4.91615389928462e-13	0
HPCLAS_TRAIN_N_002804	0	HPCLAS_TRAIN_N_002804	4	A_clean_core	-28.958295822143555	2.6519902259530903e-13	0
HPCLAS_TRAIN_N_002808	0	HPCLAS_TRAIN_N_002808	4	D_hard_sample	-14.289573669433594	6.22467578993902e-07	0
HPCLAS_TRAIN_N_002823	0	HPCLAS_TRAIN_N_002823	4	A_clean_core	-27.686376571655273	9.46148774173023e-13	0
HPCLAS_TRAIN_N_002826	0	HPCLAS_TRAIN_N_002826	4	A_clean_core	-7.96044397354126	0.00034887637991328185	0
HPCLAS_TRAIN_N_002829	0	HPCLAS_TRAIN_N_002829	4	D_hard_sample	3.9125940799713135	0.9804031318320297	1
HPCLAS_TRAIN_N_002831	0	HPCLAS_TRAIN_N_002831	4	A_clean_core	-25.512725830078125	8.316947378137829e-12	0
HPCLAS_TRAIN_N_002835	0	HPCLAS_TRAIN_N_002835	4	A_clean_core	-23.397296905517578	6.897362673788137e-11	0
HPCLAS_TRAIN_N_002852	0	HPCLAS_TRAIN_N_002852	4	A_clean_core	-27.76974105834961	8.704717765424247e-13	0
HPCLAS_TRAIN_N_002855	0	HPCLAS_TRAIN_N_002855	4	A_clean_core	-8.140665054321289	0.00029135839368340014	0
HPCLAS_TRAIN_N_002862	0	HPCLAS_TRAIN_N_002862	4	A_clean_core	-9.153427124023438	0.00010584519299120705	0
HPCLAS_TRAIN_N_002873	0	HPCLAS_TRAIN_N_002873	4	A_clean_core	-25.21648597717285	1.1184569875700584e-11	0
HPCLAS_TRAIN_N_002884	0	HPCLAS_TRAIN_N_002884	4	D_hard_sample	-11.404895782470703	1.1140684019765955e-05	0
HPCLAS_TRAIN_N_002891	0	HPCLAS_TRAIN_N_002891	4	A_clean_core	-11.558588027954102	9.553551559572166e-06	0
HPCLAS_TRAIN_N_002895	0	HPCLAS_TRAIN_N_002895	4	D_hard_sample	0.25050368905067444	0.5623004720431679	1
HPCLAS_TRAIN_N_002897	0	HPCLAS_TRAIN_N_002897	4	A_clean_core	-20.084014892578125	1.895060837940657e-09	0
HPCLAS_TRAIN_N_002904	0	HPCLAS_TRAIN_N_002904	4	D_hard_sample	-4.478282928466797	0.011225448864806618	0
HPCLAS_TRAIN_N_002911	0	HPCLAS_TRAIN_P_004588	4	B_ambiguous	-9.40739631652832	8.210772711311014e-05	0
HPCLAS_TRAIN_N_002913	0	HPCLAS_TRAIN_N_002913	4	A_clean_core	-10.867162704467773	1.9074050128592894e-05	0
HPCLAS_TRAIN_N_002914	0	HPCLAS_TRAIN_N_002914	4	D_hard_sample	-2.780247926712036	0.05840092049702806	0
HPCLAS_TRAIN_N_002921	0	HPCLAS_TRAIN_N_002921	4	D_hard_sample	1.385539174079895	0.7998791426983841	1
HPCLAS_TRAIN_N_002923	0	HPCLAS_TRAIN_N_002923	4	D_hard_sample	6.530472278594971	0.9985438066362304	1
HPCLAS_TRAIN_N_002924	0	HPCLAS_TRAIN_N_002924	4	A_clean_core	-21.98667335510254	2.8268911508459387e-10	0
HPCLAS_TRAIN_N_002929	0	HPCLAS_TRAIN_N_002929	4	A_clean_core	-30.38287353515625	6.380954962257675e-14	0
HPCLAS_TRAIN_N_002935	0	HPCLAS_TRAIN_N_002935	4	D_hard_sample	1.633988857269287	0.8367153397582622	1
HPCLAS_TRAIN_N_002941	0	HPCLAS_TRAIN_N_002941	4	D_hard_sample	2.4096193313598633	0.9175578906142491	1
HPCLAS_TRAIN_N_002943	0	HPCLAS_TRAIN_N_002943	4	A_clean_core	-32.89736557006836	5.162447686356123e-15	0
HPCLAS_TRAIN_N_002949	0	HPCLAS_TRAIN_N_002949	4	D_hard_sample	-8.797666549682617	0.00015106239063324432	0
HPCLAS_TRAIN_N_002951	0	HPCLAS_TRAIN_N_002951	4	D_hard_sample	-15.28666877746582	2.2965928242230505e-07	0
HPCLAS_TRAIN_N_002968	0	HPCLAS_TRAIN_N_002968	4	B_ambiguous	1.7401171922683716	0.8507019504531621	1
HPCLAS_TRAIN_N_002972	0	HPCLAS_TRAIN_N_002972	4	A_clean_core	-40.712039947509766	2.0844222663678598e-18	0
HPCLAS_TRAIN_N_002974	0	HPCLAS_TRAIN_N_002974	4	A_clean_core	-21.875415802001953	3.159567425685357e-10	0
HPCLAS_TRAIN_N_002979	0	HPCLAS_TRAIN_N_002979	4	A_clean_core	-8.247832298278809	0.00026175696753822926	0
HPCLAS_TRAIN_N_002980	0	HPCLAS_TRAIN_N_002980	4	A_clean_core	-24.93185043334961	1.4867396819394512e-11	0
HPCLAS_TRAIN_N_002987	0	HPCLAS_TRAIN_N_002987	4	A_clean_core	-28.026607513427734	6.732851107620022e-13	0
HPCLAS_TRAIN_N_002989	0	HPCLAS_TRAIN_N_002989	4	D_hard_sample	3.266927480697632	0.9632766366760546	1
HPCLAS_TRAIN_N_003027	0	HPCLAS_TRAIN_N_003027	4	A_clean_core	-22.849401473999023	1.1929741273392388e-10	0
HPCLAS_TRAIN_N_003030	0	HPCLAS_TRAIN_N_003030	4	A_clean_core	-7.990219593048096	0.00033864496666059557	0
HPCLAS_TRAIN_N_003039	0	HPCLAS_TRAIN_N_003039	4	D_hard_sample	-3.43500018119812	0.03121934826985976	0
HPCLAS_TRAIN_N_003042	0	HPCLAS_TRAIN_N_003042	4	A_clean_core	-12.613874435424805	3.3255424278282775e-06	0
HPCLAS_TRAIN_N_003049	0	HPCLAS_TRAIN_N_003049	4	D_hard_sample	13.624521255493164	0.9999987895549619	1
HPCLAS_TRAIN_N_003051	0	HPCLAS_TRAIN_N_003051	4	A_clean_core	-10.645421981811523	2.3809026341963707e-05	0
HPCLAS_TRAIN_N_003060	0	HPCLAS_TRAIN_N_003060	4	A_clean_core	-26.200170516967773	4.1822551012077766e-12	0
HPCLAS_TRAIN_N_003062	0	HPCLAS_TRAIN_P_003050	4	B_ambiguous	-24.657482147216797	1.9561023094668534e-11	0
HPCLAS_TRAIN_N_003063	0	HPCLAS_TRAIN_N_003063	4	A_clean_core	-12.899413108825684	2.499510592287033e-06	0
HPCLAS_TRAIN_N_003071	0	HPCLAS_TRAIN_N_003071	4	A_clean_core	-18.3187313079834	1.1073274671095738e-08	0
HPCLAS_TRAIN_N_003075	0	HPCLAS_TRAIN_N_003075	4	A_clean_core	-37.515445709228516	5.0962290876775294e-17	0
HPCLAS_TRAIN_N_003092	0	HPCLAS_TRAIN_N_003092	4	D_hard_sample	-10.233673095703125	3.593822611847359e-05	0
HPCLAS_TRAIN_N_003100	0	HPCLAS_TRAIN_N_003100	4	D_hard_sample	-6.75475549697876	0.0011639683238390789	0
HPCLAS_TRAIN_N_003103	0	HPCLAS_TRAIN_N_003103	4	A_clean_core	-14.023247718811035	8.124198845530026e-07	0
HPCLAS_TRAIN_N_003107	0	HPCLAS_TRAIN_N_003107	4	A_clean_core	-13.443357467651367	1.450852971172632e-06	0
HPCLAS_TRAIN_N_003131	0	HPCLAS_TRAIN_N_003131	4	D_hard_sample	-16.78527069091797	5.131561514815841e-08	0
HPCLAS_TRAIN_N_003138	0	HPCLAS_TRAIN_N_003138	4	B_ambiguous	-7.1533379554748535	0.0007816371729594834	0
HPCLAS_TRAIN_N_003151	0	HPCLAS_TRAIN_N_003151	4	D_hard_sample	2.271427869796753	0.9064829009167843	1
HPCLAS_TRAIN_N_003163	0	HPCLAS_TRAIN_N_003163	4	A_clean_core	-21.360475540161133	5.287657807148137e-10	0
HPCLAS_TRAIN_N_003169	0	HPCLAS_TRAIN_N_003169	4	A_clean_core	-9.97583293914795	4.6508314795747706e-05	0
HPCLAS_TRAIN_N_003172	0	HPCLAS_TRAIN_N_003172	4	A_clean_core	-24.875904083251953	1.572288088571908e-11	0
HPCLAS_TRAIN_N_003178	0	HPCLAS_TRAIN_N_003178	4	A_clean_core	-9.972434997558594	4.66666087424877e-05	0
HPCLAS_TRAIN_N_003179	0	HPCLAS_TRAIN_N_003179	4	A_clean_core	-20.05529022216797	1.9502851893449513e-09	0
HPCLAS_TRAIN_N_003181	0	HPCLAS_TRAIN_N_003181	4	A_clean_core	-38.772220611572266	1.4502355178213884e-17	0
HPCLAS_TRAIN_N_003192	0	HPCLAS_TRAIN_N_003192	4	A_clean_core	-4.0155487060546875	0.017713626158045895	0
HPCLAS_TRAIN_N_003197	0	HPCLAS_TRAIN_N_003197	4	A_clean_core	-16.441789627075195	7.234715557562439e-08	0
HPCLAS_TRAIN_N_003198	0	HPCLAS_TRAIN_N_003198	4	D_hard_sample	-3.2128052711486816	0.0386866712722404	0
HPCLAS_TRAIN_N_003215	0	HPCLAS_TRAIN_N_003215	4	B_ambiguous	14.009031295776367	0.9999991759479321	1
HPCLAS_TRAIN_N_003219	0	HPCLAS_TRAIN_N_003219	4	A_clean_core	-19.20378875732422	4.569834889551062e-09	0
HPCLAS_TRAIN_N_003231	0	HPCLAS_TRAIN_N_003231	4	B_ambiguous	-20.809402465820312	9.174688690760737e-10	0
HPCLAS_TRAIN_N_003241	0	HPCLAS_TRAIN_N_003241	4	A_clean_core	-33.57010269165039	2.6344480813480848e-15	0
HPCLAS_TRAIN_N_003245	0	HPCLAS_TRAIN_N_003245	4	A_clean_core	-13.832324981689453	9.833251827782226e-07	0
HPCLAS_TRAIN_N_003254	0	HPCLAS_TRAIN_N_003254	4	D_hard_sample	-29.499805450439453	1.5431113856324718e-13	0
HPCLAS_TRAIN_N_003258	0	HPCLAS_TRAIN_N_003258	4	A_clean_core	-18.321308135986328	1.1044777479103986e-08	0
HPCLAS_TRAIN_N_003262	0	HPCLAS_TRAIN_N_003262	4	D_hard_sample	-4.529452323913574	0.01067147328659018	0
HPCLAS_TRAIN_N_003281	0	HPCLAS_TRAIN_N_003281	4	D_hard_sample	-11.085465431213379	1.5333343843854075e-05	0
HPCLAS_TRAIN_N_003284	0	HPCLAS_TRAIN_N_003284	4	A_clean_core	-18.68282699584961	7.693984835700402e-09	0
HPCLAS_TRAIN_N_003287	0	HPCLAS_TRAIN_N_003287	4	B_ambiguous	-11.549757957458496	9.63828282122027e-06	0
HPCLAS_TRAIN_N_003297	0	HPCLAS_TRAIN_N_003297	4	A_clean_core	-8.97494125366211	0.00012652536108210657	0
HPCLAS_TRAIN_N_003304	0	HPCLAS_TRAIN_N_003304	4	A_clean_core	-15.591938018798828	1.6924166246183086e-07	0
HPCLAS_TRAIN_N_003318	0	HPCLAS_TRAIN_N_003318	4	A_clean_core	-18.968040466308594	5.78475127468707e-09	0
HPCLAS_TRAIN_N_003321	0	HPCLAS_TRAIN_N_003321	4	B_ambiguous	-0.9401431679725647	0.2808714242274656	0
HPCLAS_TRAIN_N_003324	0	HPCLAS_TRAIN_N_003324	4	A_clean_core	-21.4465389251709	4.851616771194188e-10	0
HPCLAS_TRAIN_N_003327	0	HPCLAS_TRAIN_N_003327	4	A_clean_core	-14.89696216583252	3.3910280873604774e-07	0
HPCLAS_TRAIN_N_003328	0	HPCLAS_TRAIN_N_003328	4	A_clean_core	-22.468515396118164	1.7460141011550124e-10	0
HPCLAS_TRAIN_N_003341	0	HPCLAS_TRAIN_N_003341	4	D_hard_sample	-9.66845989227295	6.324318789252643e-05	0
HPCLAS_TRAIN_N_003346	0	HPCLAS_TRAIN_N_003346	4	A_clean_core	-33.0498161315918	4.432484505570238e-15	0
HPCLAS_TRAIN_N_003348	0	HPCLAS_TRAIN_N_003348	4	A_clean_core	-33.813682556152344	2.064924860860211e-15	0
HPCLAS_TRAIN_N_003350	0	HPCLAS_TRAIN_N_003350	4	D_hard_sample	-28.536731719970703	4.0425451811824293e-13	0
HPCLAS_TRAIN_N_003352	0	HPCLAS_TRAIN_N_003352	4	B_ambiguous	-6.960815906524658	0.0009474240527140598	0
HPCLAS_TRAIN_N_003353	0	HPCLAS_TRAIN_N_003353	4	A_clean_core	-22.08835792541504	2.553571593903189e-10	0
HPCLAS_TRAIN_N_003354	0	HPCLAS_TRAIN_N_003354	4	A_clean_core	-30.507862091064453	5.631237433753614e-14	0
HPCLAS_TRAIN_N_003365	0	HPCLAS_TRAIN_N_003365	4	D_hard_sample	-12.310232162475586	4.505387442293325e-06	0
HPCLAS_TRAIN_N_003367	0	HPCLAS_TRAIN_N_003367	4	A_clean_core	-21.451478958129883	4.827708726337313e-10	0
HPCLAS_TRAIN_N_003375	0	HPCLAS_TRAIN_N_003375	4	A_clean_core	-19.02215003967285	5.480058586081168e-09	0
HPCLAS_TRAIN_N_003380	0	HPCLAS_TRAIN_N_003380	4	A_clean_core	-20.51259994506836	1.2344998282075533e-09	0
HPCLAS_TRAIN_N_003381	0	HPCLAS_TRAIN_N_003381	4	A_clean_core	-18.202491760253906	1.2438220920401769e-08	0
HPCLAS_TRAIN_N_003384	0	HPCLAS_TRAIN_N_003384	4	D_hard_sample	-23.560440063476562	5.859099714212718e-11	0
HPCLAS_TRAIN_N_003387	0	HPCLAS_TRAIN_N_003387	4	A_clean_core	-22.40517807006836	1.860179260485107e-10	0
HPCLAS_TRAIN_N_003396	0	HPCLAS_TRAIN_N_003396	4	A_clean_core	-6.948834419250488	0.0009588329288738658	0
HPCLAS_TRAIN_N_003397	0	HPCLAS_TRAIN_N_003397	4	A_clean_core	-23.662080764770508	5.2928415576614765e-11	0
HPCLAS_TRAIN_N_003401	0	HPCLAS_TRAIN_N_003401	4	D_hard_sample	0.6805821061134338	0.6638686050720572	1
HPCLAS_TRAIN_N_003408	0	HPCLAS_TRAIN_N_000679	4	D_hard_sample	-27.57115364074707	1.0616958361726155e-12	0
HPCLAS_TRAIN_N_003412	0	HPCLAS_TRAIN_N_003412	4	A_clean_core	-17.742023468017578	1.9712290988039165e-08	0
HPCLAS_TRAIN_N_003420	0	HPCLAS_TRAIN_N_003420	4	A_clean_core	-23.917457580566406	4.09996502147823e-11	0
HPCLAS_TRAIN_N_003421	0	HPCLAS_TRAIN_N_003421	4	A_clean_core	-15.297863006591797	2.2710276022203965e-07	0
HPCLAS_TRAIN_N_003424	0	HPCLAS_TRAIN_N_003424	4	A_clean_core	-9.72231674194336	5.992740343028773e-05	0
HPCLAS_TRAIN_N_003426	0	HPCLAS_TRAIN_N_003426	4	A_clean_core	-24.489376068115234	2.314190510262889e-11	0
HPCLAS_TRAIN_N_003427	0	HPCLAS_TRAIN_N_003427	4	A_clean_core	-21.185531616210938	6.298549149210324e-10	0
HPCLAS_TRAIN_N_003429	0	HPCLAS_TRAIN_N_003429	4	D_hard_sample	-6.133048057556152	0.002165258200759901	0
HPCLAS_TRAIN_N_003431	0	HPCLAS_TRAIN_N_003431	4	A_clean_core	-15.35152530670166	2.1523712234360246e-07	0
HPCLAS_TRAIN_N_003433	0	HPCLAS_TRAIN_N_003433	4	A_clean_core	-24.657901763916016	1.955281668461813e-11	0
HPCLAS_TRAIN_N_003435	0	HPCLAS_TRAIN_N_003435	4	D_hard_sample	-5.487891674041748	0.004119515588212564	0
HPCLAS_TRAIN_N_003438	0	HPCLAS_TRAIN_N_003438	4	A_clean_core	-6.337251663208008	0.0017660334111037023	0
HPCLAS_TRAIN_N_003449	0	HPCLAS_TRAIN_N_003449	4	A_clean_core	-39.711158752441406	5.671042262828606e-18	0
HPCLAS_TRAIN_N_003455	0	HPCLAS_TRAIN_N_003455	4	A_clean_core	-13.095481872558594	2.054487922809937e-06	0
HPCLAS_TRAIN_N_003456	0	HPCLAS_TRAIN_N_003456	4	A_clean_core	-29.466833114624023	1.5948394841857037e-13	0
HPCLAS_TRAIN_N_003465	0	HPCLAS_TRAIN_N_003465	4	D_hard_sample	-14.227867126464844	6.62087715816999e-07	0
HPCLAS_TRAIN_N_003470	0	HPCLAS_TRAIN_N_003470	4	D_hard_sample	-7.227996826171875	0.000725447003580751	0
HPCLAS_TRAIN_N_003479	0	HPCLAS_TRAIN_N_003479	4	A_clean_core	-21.52375030517578	4.49111331030236e-10	0
HPCLAS_TRAIN_N_003487	0	HPCLAS_TRAIN_N_003487	4	A_clean_core	-34.008331298828125	1.6996886650468036e-15	0
HPCLAS_TRAIN_N_003492	0	HPCLAS_TRAIN_N_003492	4	A_clean_core	-20.801025390625	9.251868567216575e-10	0
HPCLAS_TRAIN_N_003496	0	HPCLAS_TRAIN_N_003496	4	A_clean_core	-11.883867263793945	6.900793419687723e-06	0
HPCLAS_TRAIN_N_003499	0	HPCLAS_TRAIN_N_003499	4	D_hard_sample	8.074531555175781	0.9996887278275088	1
HPCLAS_TRAIN_N_003500	0	HPCLAS_TRAIN_N_003500	4	A_clean_core	-18.742137908935547	7.250916834193377e-09	0
HPCLAS_TRAIN_N_003505	0	HPCLAS_TRAIN_N_003505	4	D_hard_sample	15.225763320922852	0.9999997559184791	1
HPCLAS_TRAIN_N_003514	0	HPCLAS_TRAIN_N_003514	4	A_clean_core	-10.279863357543945	3.431604001525158e-05	0
HPCLAS_TRAIN_N_003517	0	HPCLAS_TRAIN_N_003517	4	A_clean_core	-12.587449073791504	3.4145921932763863e-06	0
HPCLAS_TRAIN_N_003519	0	HPCLAS_TRAIN_N_003519	4	D_hard_sample	-10.125631332397461	4.0038407717358354e-05	0
HPCLAS_TRAIN_N_003522	0	HPCLAS_TRAIN_N_003522	4	D_hard_sample	-8.79203987121582	0.0001519146364174652	0
HPCLAS_TRAIN_N_003523	0	HPCLAS_TRAIN_N_003523	4	D_hard_sample	-11.622233390808105	8.964462973102707e-06	0
HPCLAS_TRAIN_N_003527	0	HPCLAS_TRAIN_N_003527	4	A_clean_core	-27.619640350341797	1.011445772875244e-12	0
HPCLAS_TRAIN_N_003530	0	HPCLAS_TRAIN_N_003530	4	A_clean_core	-11.079349517822266	1.5427407148370675e-05	0
HPCLAS_TRAIN_N_003537	0	HPCLAS_TRAIN_N_003537	4	A_clean_core	-6.773690223693848	0.0011421611819584145	0
HPCLAS_TRAIN_N_003539	0	HPCLAS_TRAIN_N_003539	4	D_hard_sample	-5.360609531402588	0.0046760732440041825	0
HPCLAS_TRAIN_N_003541	0	HPCLAS_TRAIN_P_005887	4	B_ambiguous	3.6564157009124756	0.9748252250863841	1
HPCLAS_TRAIN_N_003548	0	HPCLAS_TRAIN_N_003548	4	B_ambiguous	4.819462776184082	0.991993499468816	1
HPCLAS_TRAIN_N_003550	0	HPCLAS_TRAIN_N_003550	4	A_clean_core	-15.823546409606934	1.3425208890576227e-07	0
HPCLAS_TRAIN_N_003555	0	HPCLAS_TRAIN_N_003555	4	A_clean_core	-31.592666625976562	1.903177153997659e-14	0
HPCLAS_TRAIN_N_003556	0	HPCLAS_TRAIN_N_003556	4	D_hard_sample	5.667373180389404	0.9965549751218884	1
HPCLAS_TRAIN_N_003569	0	HPCLAS_TRAIN_N_003569	4	A_clean_core	-21.153799057006836	6.5016232226293e-10	0
HPCLAS_TRAIN_N_003572	0	HPCLAS_TRAIN_N_003572	4	A_clean_core	-10.079446792602539	4.1930850032440764e-05	0
HPCLAS_TRAIN_N_003575	0	HPCLAS_TRAIN_N_003575	4	A_clean_core	-11.466669082641602	1.0473319275921505e-05	0
HPCLAS_TRAIN_N_003583	0	HPCLAS_TRAIN_N_003583	4	A_clean_core	-5.773406982421875	0.003099509810431138	0
HPCLAS_TRAIN_N_003590	0	HPCLAS_TRAIN_N_003590	4	A_clean_core	-0.7832539081573486	0.3136190184275062	0
HPCLAS_TRAIN_N_003596	0	HPCLAS_TRAIN_N_003596	4	A_clean_core	-25.68568229675293	6.996001833038059e-12	0
HPCLAS_TRAIN_N_003600	0	HPCLAS_TRAIN_N_003600	4	A_clean_core	-16.484210968017578	6.934227850335448e-08	0
HPCLAS_TRAIN_N_003604	0	HPCLAS_TRAIN_N_003604	4	A_clean_core	-9.466695785522461	7.738069947780873e-05	0
HPCLAS_TRAIN_N_003611	0	HPCLAS_TRAIN_N_003611	4	A_clean_core	-21.208084106445312	6.158090975127732e-10	0
HPCLAS_TRAIN_N_003618	0	HPCLAS_TRAIN_N_003618	4	A_clean_core	-11.171392440795898	1.4070832618439134e-05	0
HPCLAS_TRAIN_N_003622	0	HPCLAS_TRAIN_N_003622	4	A_clean_core	-13.983633041381836	8.452495847512927e-07	0
HPCLAS_TRAIN_N_003627	0	HPCLAS_TRAIN_N_003627	4	D_hard_sample	0.4416578412055969	0.6086539901432728	1
HPCLAS_TRAIN_N_003631	0	HPCLAS_TRAIN_N_003631	4	D_hard_sample	-10.21342658996582	3.6673238544192896e-05	0
HPCLAS_TRAIN_N_003633	0	HPCLAS_TRAIN_N_003633	4	A_clean_core	-8.300468444824219	0.00024833875049525694	0
HPCLAS_TRAIN_N_003639	0	HPCLAS_TRAIN_N_003639	4	A_clean_core	-46.2225456237793	8.429532629156725e-21	0
HPCLAS_TRAIN_N_003641	0	HPCLAS_TRAIN_N_003641	4	D_hard_sample	-17.605602264404297	2.2593529273460755e-08	0
HPCLAS_TRAIN_N_003649	0	HPCLAS_TRAIN_N_003649	4	D_hard_sample	0.6849406957626343	0.664840515914021	1
HPCLAS_TRAIN_N_003653	0	HPCLAS_TRAIN_P_003856	4	B_ambiguous	7.5107855796813965	0.9994531481215424	1
HPCLAS_TRAIN_N_003659	0	HPCLAS_TRAIN_N_003659	4	A_clean_core	-33.63425827026367	2.4707410469394522e-15	0
HPCLAS_TRAIN_N_003660	0	HPCLAS_TRAIN_N_003660	4	A_clean_core	-21.832427978515625	3.2983520042899695e-10	0
HPCLAS_TRAIN_N_003675	0	HPCLAS_TRAIN_N_003675	4	A_clean_core	-23.89109992980957	4.2094672387981895e-11	0
HPCLAS_TRAIN_N_003679	0	HPCLAS_TRAIN_N_003679	4	D_hard_sample	-7.84411096572876	0.0003919003565744295	0
HPCLAS_TRAIN_N_003683	0	HPCLAS_TRAIN_N_003683	4	D_hard_sample	10.890626907348633	0.9999813682890518	1
HPCLAS_TRAIN_N_003686	0	HPCLAS_TRAIN_N_003686	4	A_clean_core	-23.05777359008789	9.68581489038263e-11	0
HPCLAS_TRAIN_N_003691	0	HPCLAS_TRAIN_N_003691	4	A_clean_core	-17.326969146728516	2.9853338029326105e-08	0
HPCLAS_TRAIN_N_003695	0	HPCLAS_TRAIN_N_003695	4	D_hard_sample	-4.857635498046875	0.007708942135165686	0
HPCLAS_TRAIN_N_003711	0	HPCLAS_TRAIN_N_003711	4	D_hard_sample	-14.428441047668457	5.417606222509487e-07	0
HPCLAS_TRAIN_N_003712	0	HPCLAS_TRAIN_P_006064	4	B_ambiguous	-13.075258255004883	2.0964599967894994e-06	0
HPCLAS_TRAIN_N_003717	0	HPCLAS_TRAIN_N_003717	4	D_hard_sample	3.4356093406677246	0.9687990703156729	1
HPCLAS_TRAIN_N_003721	0	HPCLAS_TRAIN_N_003721	4	D_hard_sample	-6.315390586853027	0.0018049954404614054	0
HPCLAS_TRAIN_N_003722	0	HPCLAS_TRAIN_N_003722	4	D_hard_sample	-9.881387710571289	5.111467977564027e-05	0
HPCLAS_TRAIN_N_003724	0	HPCLAS_TRAIN_N_003724	4	D_hard_sample	-14.359532356262207	5.804089261940895e-07	0
HPCLAS_TRAIN_N_003738	0	HPCLAS_TRAIN_N_003738	4	A_clean_core	-15.94582748413086	1.187996230585784e-07	0
HPCLAS_TRAIN_N_003744	0	HPCLAS_TRAIN_N_003744	4	A_clean_core	-22.297447204589844	2.071770851018212e-10	0
HPCLAS_TRAIN_N_003745	0	HPCLAS_TRAIN_N_003745	4	A_clean_core	-31.7177734375	1.6793685579785647e-14	0
HPCLAS_TRAIN_N_003753	0	HPCLAS_TRAIN_N_003753	4	D_hard_sample	-8.89151382446289	0.00013753235406095492	0
HPCLAS_TRAIN_N_003757	0	HPCLAS_TRAIN_N_003757	4	A_clean_core	-15.475085258483887	1.9021982712594356e-07	0
HPCLAS_TRAIN_N_003763	0	HPCLAS_TRAIN_N_003763	4	A_clean_core	-3.1103925704956055	0.042680601313180876	0
HPCLAS_TRAIN_N_003771	0	HPCLAS_TRAIN_N_003771	4	A_clean_core	-24.888858795166016	1.552050915734656e-11	0
HPCLAS_TRAIN_N_003782	0	HPCLAS_TRAIN_N_003782	4	D_hard_sample	-13.681066513061523	1.1438993416322781e-06	0
HPCLAS_TRAIN_N_003788	0	HPCLAS_TRAIN_N_003788	4	A_clean_core	-36.41591262817383	1.5302771453177564e-16	0
HPCLAS_TRAIN_N_003789	0	HPCLAS_TRAIN_N_003789	4	D_hard_sample	-8.55014705657959	0.00019347919812617392	0
HPCLAS_TRAIN_N_003791	0	HPCLAS_TRAIN_N_003791	4	A_clean_core	-8.03961181640625	0.00032233015922112897	0
HPCLAS_TRAIN_N_003803	0	HPCLAS_TRAIN_N_003803	4	A_clean_core	-30.316429138183594	6.819336390893082e-14	0
HPCLAS_TRAIN_N_003807	0	HPCLAS_TRAIN_N_003807	4	A_clean_core	-35.69807815551758	3.137051457193334e-16	0
HPCLAS_TRAIN_N_003820	0	HPCLAS_TRAIN_N_003820	4	A_clean_core	-27.56854248046875	1.0644717167250033e-12	0
HPCLAS_TRAIN_N_003826	0	HPCLAS_TRAIN_N_003826	4	A_clean_core	-5.433669567108154	0.0043480530861672645	0
HPCLAS_TRAIN_N_003834	0	HPCLAS_TRAIN_N_003834	4	A_clean_core	-15.48465347290039	1.8840844305169389e-07	0
HPCLAS_TRAIN_N_003837	0	HPCLAS_TRAIN_N_003837	4	A_clean_core	-27.186840057373047	1.559212768875466e-12	0
HPCLAS_TRAIN_N_003838	0	HPCLAS_TRAIN_N_003838	4	A_clean_core	-22.197324752807617	2.2899412836360932e-10	0
HPCLAS_TRAIN_N_003850	0	HPCLAS_TRAIN_N_003850	4	A_clean_core	-29.968074798583984	9.661186853248554e-14	0
HPCLAS_TRAIN_N_003851	0	HPCLAS_TRAIN_N_003851	4	A_clean_core	-7.275834083557129	0.0006915840223718308	0
HPCLAS_TRAIN_N_003852	0	HPCLAS_TRAIN_P_005478	4	B_ambiguous	0.8238644599914551	0.6950560413998369	1
HPCLAS_TRAIN_N_003853	0	HPCLAS_TRAIN_N_003853	4	A_clean_core	-20.385406494140625	1.4019432941604093e-09	0
HPCLAS_TRAIN_N_003857	0	HPCLAS_TRAIN_N_003857	4	D_hard_sample	-15.66511344909668	1.5729959424295424e-07	0
HPCLAS_TRAIN_N_003862	0	HPCLAS_TRAIN_N_003862	4	D_hard_sample	1.2072337865829468	0.7698091335293973	1
HPCLAS_TRAIN_N_003864	0	HPCLAS_TRAIN_N_003864	4	A_clean_core	-30.676498413085938	4.757359982377096e-14	0
HPCLAS_TRAIN_N_003866	0	HPCLAS_TRAIN_N_003866	4	A_clean_core	-19.209129333496094	4.545494392333961e-09	0
HPCLAS_TRAIN_N_003867	0	HPCLAS_TRAIN_N_003867	4	D_hard_sample	-0.8527269959449768	0.2988611209560293	0
HPCLAS_TRAIN_N_003869	0	HPCLAS_TRAIN_N_003869	4	A_clean_core	-15.537396430969238	1.7872873817889928e-07	0
HPCLAS_TRAIN_N_003871	0	HPCLAS_TRAIN_N_003871	4	A_clean_core	-34.39377212524414	1.156044506182035e-15	0
HPCLAS_TRAIN_N_003890	0	HPCLAS_TRAIN_N_003890	4	A_clean_core	-29.678428649902344	1.2906907743173245e-13	0
HPCLAS_TRAIN_N_003893	0	HPCLAS_TRAIN_N_003893	4	A_clean_core	3.1496386528015137	0.9588944813522697	1
HPCLAS_TRAIN_N_003919	0	HPCLAS_TRAIN_N_003919	4	A_clean_core	-23.496782302856445	6.244204290552915e-11	0
HPCLAS_TRAIN_N_003926	0	HPCLAS_TRAIN_N_003926	4	A_clean_core	-2.6575629711151123	0.06552439711376216	0
HPCLAS_TRAIN_N_003940	0	HPCLAS_TRAIN_N_003940	4	A_clean_core	-30.140823364257812	8.12843117601041e-14	0
HPCLAS_TRAIN_N_003942	0	HPCLAS_TRAIN_N_003942	4	D_hard_sample	-0.7305751442909241	0.32506852865322916	0
HPCLAS_TRAIN_N_003955	0	HPCLAS_TRAIN_N_003955	4	A_clean_core	-13.622945785522461	1.2123535585568982e-06	0
HPCLAS_TRAIN_N_003962	0	HPCLAS_TRAIN_N_003962	4	A_clean_core	-19.15578842163086	4.794538274211958e-09	0
HPCLAS_TRAIN_N_003966	0	HPCLAS_TRAIN_N_003966	4	A_clean_core	-3.8534958362579346	0.020765141142412475	0
HPCLAS_TRAIN_N_003969	0	HPCLAS_TRAIN_N_003969	4	A_clean_core	-33.22983932495117	3.702236401749703e-15	0
HPCLAS_TRAIN_N_003974	0	HPCLAS_TRAIN_N_003974	4	A_clean_core	-28.865631103515625	2.9094821365746753e-13	0
HPCLAS_TRAIN_N_003978	0	HPCLAS_TRAIN_N_003978	4	A_clean_core	-11.71725082397461	8.151904509103313e-06	0
HPCLAS_TRAIN_N_003982	0	HPCLAS_TRAIN_N_003982	4	A_clean_core	-18.7542667388916	7.163502883595991e-09	0
HPCLAS_TRAIN_N_003986	0	HPCLAS_TRAIN_N_003986	4	B_ambiguous	1.4882210493087769	0.8158111116695989	1
HPCLAS_TRAIN_N_003987	0	HPCLAS_TRAIN_N_003987	4	D_hard_sample	-7.133171558380127	0.0007975472926915735	0
HPCLAS_TRAIN_N_003990	0	HPCLAS_TRAIN_N_003990	4	D_hard_sample	-16.663665771484375	5.795112642711984e-08	0
HPCLAS_TRAIN_N_003991	0	HPCLAS_TRAIN_N_003991	4	A_clean_core	-13.431373596191406	1.4683443792168802e-06	0
HPCLAS_TRAIN_N_004009	0	HPCLAS_TRAIN_N_004009	4	A_clean_core	-21.04660987854004	7.237248195670672e-10	0
HPCLAS_TRAIN_N_004010	0	HPCLAS_TRAIN_N_004010	4	A_clean_core	-12.957381248474121	2.358738520105444e-06	0
HPCLAS_TRAIN_N_004012	0	HPCLAS_TRAIN_N_004012	4	A_clean_core	-14.641732215881348	4.376997545240615e-07	0
HPCLAS_TRAIN_N_004020	0	HPCLAS_TRAIN_N_004020	4	A_clean_core	-12.605598449707031	3.353178678046038e-06	0
HPCLAS_TRAIN_N_004021	0	HPCLAS_TRAIN_N_004021	4	A_clean_core	-12.377874374389648	4.210712919273382e-06	0
HPCLAS_TRAIN_N_004022	0	HPCLAS_TRAIN_N_004022	4	D_hard_sample	8.26822280883789	0.9997435249878829	1
HPCLAS_TRAIN_N_004049	0	HPCLAS_TRAIN_N_004049	4	A_clean_core	-26.901348114013672	2.074402171214389e-12	0
HPCLAS_TRAIN_N_004056	0	HPCLAS_TRAIN_N_004056	4	A_clean_core	-13.383605003356934	1.5401872722954873e-06	0
HPCLAS_TRAIN_N_004069	0	HPCLAS_TRAIN_N_004069	4	A_clean_core	-17.55756950378418	2.3705244473365002e-08	0
HPCLAS_TRAIN_N_004075	0	HPCLAS_TRAIN_N_004075	4	A_clean_core	-16.440088272094727	7.247034852792067e-08	0
HPCLAS_TRAIN_N_004084	0	HPCLAS_TRAIN_N_004084	4	D_hard_sample	1.14321768283844	0.7582699195164158	1
HPCLAS_TRAIN_N_004092	0	HPCLAS_TRAIN_N_004092	4	D_hard_sample	-13.979921340942383	8.483927249336733e-07	0
HPCLAS_TRAIN_N_004095	0	HPCLAS_TRAIN_N_004095	4	D_hard_sample	-1.537516474723816	0.1768965963436997	0
HPCLAS_TRAIN_N_004101	0	HPCLAS_TRAIN_N_004101	4	B_ambiguous	-15.132619857788086	2.679085554425149e-07	0
HPCLAS_TRAIN_N_004106	0	HPCLAS_TRAIN_N_004106	4	A_clean_core	-17.598655700683594	2.2751023047614578e-08	0
HPCLAS_TRAIN_N_004115	0	HPCLAS_TRAIN_N_004115	4	A_clean_core	-20.129295349121094	1.8111653647307912e-09	0
HPCLAS_TRAIN_N_004117	0	HPCLAS_TRAIN_N_004117	4	D_hard_sample	-10.444785118103027	2.909878266996537e-05	0
HPCLAS_TRAIN_N_004124	0	HPCLAS_TRAIN_N_004124	4	D_hard_sample	0.697909414768219	0.6677240996461389	1
HPCLAS_TRAIN_N_004133	0	HPCLAS_TRAIN_N_004133	4	A_clean_core	-14.348817825317383	5.866611670465574e-07	0
HPCLAS_TRAIN_N_004145	0	HPCLAS_TRAIN_N_004145	4	D_hard_sample	-10.337752342224121	3.2385986999531485e-05	0
HPCLAS_TRAIN_N_004146	0	HPCLAS_TRAIN_N_004146	4	A_clean_core	-18.308513641357422	1.118699770148787e-08	0
HPCLAS_TRAIN_N_004153	0	HPCLAS_TRAIN_N_004153	4	D_hard_sample	-5.527153015136719	0.003961540069457149	0
HPCLAS_TRAIN_N_004162	0	HPCLAS_TRAIN_N_004162	4	A_clean_core	-26.0413818359375	4.9019803669421815e-12	0
HPCLAS_TRAIN_N_004165	0	HPCLAS_TRAIN_N_004165	4	D_hard_sample	-11.391618728637695	1.128958410118954e-05	0
HPCLAS_TRAIN_N_004170	0	HPCLAS_TRAIN_N_004170	4	A_clean_core	-21.629941940307617	4.038643988535023e-10	0
HPCLAS_TRAIN_N_004173	0	HPCLAS_TRAIN_N_004173	4	A_clean_core	-13.020259857177734	2.214991322301897e-06	0
HPCLAS_TRAIN_N_004174	0	HPCLAS_TRAIN_N_004174	4	A_clean_core	-30.030590057373047	9.07570664687369e-14	0
HPCLAS_TRAIN_N_004180	0	HPCLAS_TRAIN_N_004180	4	A_clean_core	-30.506603240966797	5.638330781340934e-14	0
HPCLAS_TRAIN_N_004183	0	HPCLAS_TRAIN_N_004183	4	A_clean_core	-5.201944828033447	0.0054756977288097095	0
HPCLAS_TRAIN_N_004184	0	HPCLAS_TRAIN_N_004184	4	B_ambiguous	-6.473013401031494	0.0015421823215930718	0
HPCLAS_TRAIN_N_004188	0	HPCLAS_TRAIN_N_004188	4	A_clean_core	-15.274925231933594	2.3237219446037604e-07	0
HPCLAS_TRAIN_N_004193	0	HPCLAS_TRAIN_N_004193	4	A_clean_core	-30.47947120666504	5.793404383686424e-14	0
HPCLAS_TRAIN_N_004208	0	HPCLAS_TRAIN_N_004208	4	D_hard_sample	-18.028465270996094	1.4802566104026476e-08	0
HPCLAS_TRAIN_N_004212	0	HPCLAS_TRAIN_N_004212	4	D_hard_sample	-2.4670445919036865	0.07820101213596	0
HPCLAS_TRAIN_N_004223	0	HPCLAS_TRAIN_N_004223	4	A_clean_core	-17.37014389038086	2.8591855884006176e-08	0
HPCLAS_TRAIN_N_004227	0	HPCLAS_TRAIN_N_004227	4	A_clean_core	-15.78490924835205	1.395407187085571e-07	0
HPCLAS_TRAIN_N_004228	0	HPCLAS_TRAIN_N_004228	4	D_hard_sample	-3.28482723236084	0.03609538821577329	0
HPCLAS_TRAIN_N_004229	0	HPCLAS_TRAIN_N_004229	4	A_clean_core	-24.209449768066406	3.0617487964820937e-11	0
HPCLAS_TRAIN_N_004230	0	HPCLAS_TRAIN_N_004230	4	B_ambiguous	-7.22934627532959	0.0007244694187038213	0
HPCLAS_TRAIN_N_004233	0	HPCLAS_TRAIN_N_004233	4	A_clean_core	-19.775115966796875	2.5809301767182e-09	0
HPCLAS_TRAIN_N_004238	0	HPCLAS_TRAIN_N_004238	4	A_clean_core	-19.308807373046875	4.114257826511989e-09	0
HPCLAS_TRAIN_N_004247	0	HPCLAS_TRAIN_N_004247	4	B_ambiguous	-2.917234182357788	0.05130816189374618	0
HPCLAS_TRAIN_N_004256	0	HPCLAS_TRAIN_N_004256	4	A_clean_core	-6.880791664123535	0.0010262760978635237	0
HPCLAS_TRAIN_N_004257	0	HPCLAS_TRAIN_N_004257	4	A_clean_core	-9.167561531066895	0.0001043598122952143	0
HPCLAS_TRAIN_N_004272	0	HPCLAS_TRAIN_N_004272	4	D_hard_sample	-5.093564510345459	0.00609868643371827	0
HPCLAS_TRAIN_N_004278	0	HPCLAS_TRAIN_N_004278	4	A_clean_core	-28.143531799316406	5.989898155760409e-13	0
HPCLAS_TRAIN_N_004283	0	HPCLAS_TRAIN_N_004283	4	D_hard_sample	-8.62480354309082	0.0001795632359877134	0
HPCLAS_TRAIN_N_004297	0	HPCLAS_TRAIN_N_004297	4	A_clean_core	-12.926374435424805	2.4330209864530084e-06	0
HPCLAS_TRAIN_N_004300	0	HPCLAS_TRAIN_N_004300	4	A_clean_core	-4.311524868011475	0.013235551295106224	0
HPCLAS_TRAIN_N_004304	0	HPCLAS_TRAIN_N_004304	4	D_hard_sample	-26.746484756469727	2.42186125807036e-12	0
HPCLAS_TRAIN_N_004319	0	HPCLAS_TRAIN_N_004319	4	A_clean_core	-5.48202657699585	0.004143647529677589	0
HPCLAS_TRAIN_N_004329	0	HPCLAS_TRAIN_N_004329	4	A_clean_core	-21.706218719482422	3.742044837780519e-10	0
HPCLAS_TRAIN_N_004334	0	HPCLAS_TRAIN_N_004334	4	D_hard_sample	13.392206192016602	0.99999847300334	1
HPCLAS_TRAIN_N_004342	0	HPCLAS_TRAIN_N_004342	4	A_clean_core	-15.113043785095215	2.732048222820173e-07	0
HPCLAS_TRAIN_N_004351	0	HPCLAS_TRAIN_N_004351	4	A_clean_core	-26.119937896728516	4.53163689271378e-12	0
HPCLAS_TRAIN_N_004354	0	HPCLAS_TRAIN_N_004354	4	A_clean_core	-8.16562271118164	0.0002841788028611349	0
HPCLAS_TRAIN_N_004360	0	HPCLAS_TRAIN_N_004360	4	D_hard_sample	-13.285722732543945	1.6985689914671677e-06	0
HPCLAS_TRAIN_N_004365	0	HPCLAS_TRAIN_N_004365	4	D_hard_sample	-15.132706642150879	2.67885306184323e-07	0
HPCLAS_TRAIN_N_004366	0	HPCLAS_TRAIN_N_004366	4	A_clean_core	-21.162694931030273	6.444042098474088e-10	0
HPCLAS_TRAIN_N_004367	0	HPCLAS_TRAIN_N_004367	4	A_clean_core	-29.1058349609375	2.2882131931131367e-13	0
HPCLAS_TRAIN_N_004371	0	HPCLAS_TRAIN_N_004371	4	D_hard_sample	-12.286600112915039	4.613126524037854e-06	0
HPCLAS_TRAIN_N_004373	0	HPCLAS_TRAIN_N_004373	4	A_clean_core	-11.32413101196289	1.2077780813608387e-05	0
HPCLAS_TRAIN_N_004403	0	HPCLAS_TRAIN_N_004403	4	A_clean_core	-12.814107894897461	2.722089927502361e-06	0
HPCLAS_TRAIN_N_004404	0	HPCLAS_TRAIN_N_004404	4	A_clean_core	-36.89254379272461	9.501054459408799e-17	0
HPCLAS_TRAIN_N_004405	0	HPCLAS_TRAIN_N_004405	4	A_clean_core	-8.573905944824219	0.00018893738387254684	0
HPCLAS_TRAIN_N_004406	0	HPCLAS_TRAIN_N_004406	4	D_hard_sample	13.82579517364502	0.9999990102328895	1
HPCLAS_TRAIN_N_004410	0	HPCLAS_TRAIN_N_004410	4	D_hard_sample	-8.550664901733398	0.00019337905116869296	0
HPCLAS_TRAIN_N_004419	0	HPCLAS_TRAIN_N_004419	4	A_clean_core	-30.575510025024414	5.2628951121947374e-14	0
HPCLAS_TRAIN_N_004420	0	HPCLAS_TRAIN_P_004029	4	B_ambiguous	-13.397518157958984	1.5189068235755723e-06	0
HPCLAS_TRAIN_N_004421	0	HPCLAS_TRAIN_N_004421	4	A_clean_core	-11.053573608398438	1.5830225505055214e-05	0
HPCLAS_TRAIN_N_004422	0	HPCLAS_TRAIN_N_004422	4	A_clean_core	-8.007612228393555	0.00033280790653144324	0
HPCLAS_TRAIN_N_004438	0	HPCLAS_TRAIN_N_004438	4	A_clean_core	-24.18508529663086	3.1372628824031525e-11	0
HPCLAS_TRAIN_N_004456	0	HPCLAS_TRAIN_N_004456	4	A_clean_core	-31.275924682617188	2.6123928949427585e-14	0
HPCLAS_TRAIN_N_004457	0	HPCLAS_TRAIN_N_004457	4	A_clean_core	-27.509788513183594	1.1288874641526596e-12	0
HPCLAS_TRAIN_N_004458	0	HPCLAS_TRAIN_N_004458	4	D_hard_sample	-3.7222485542297363	0.023608690452138287	0
HPCLAS_TRAIN_N_004460	0	HPCLAS_TRAIN_N_004460	4	A_clean_core	-42.780860900878906	2.633347540739811e-19	0
HPCLAS_TRAIN_N_004465	0	HPCLAS_TRAIN_N_004465	4	A_clean_core	-12.033950805664062	5.939077469839102e-06	0
HPCLAS_TRAIN_N_004467	0	HPCLAS_TRAIN_N_004467	4	A_clean_core	-18.8813419342041	6.308663808940451e-09	0
HPCLAS_TRAIN_N_004469	0	HPCLAS_TRAIN_N_004469	4	A_clean_core	-20.772777557373047	9.516940029056227e-10	0
HPCLAS_TRAIN_N_004470	0	HPCLAS_TRAIN_N_004470	4	A_clean_core	-8.779558181762695	0.00015382237720857608	0
HPCLAS_TRAIN_N_004475	0	HPCLAS_TRAIN_N_004475	4	A_clean_core	-12.16932201385498	5.187144520039399e-06	0
HPCLAS_TRAIN_N_004477	0	HPCLAS_TRAIN_N_004477	4	A_clean_core	-31.41278839111328	2.2782393068519373e-14	0
HPCLAS_TRAIN_N_004480	0	HPCLAS_TRAIN_N_004480	4	A_clean_core	-21.311386108398438	5.553702491863252e-10	0
HPCLAS_TRAIN_N_004501	0	HPCLAS_TRAIN_N_004501	4	A_clean_core	-23.293773651123047	7.649668944971773e-11	0
HPCLAS_TRAIN_N_004502	0	HPCLAS_TRAIN_N_004502	4	A_clean_core	-14.436545372009277	5.3738776427637e-07	0
HPCLAS_TRAIN_N_004508	0	HPCLAS_TRAIN_N_004508	4	D_hard_sample	10.940185546875	0.9999822691283722	1
HPCLAS_TRAIN_N_004525	0	HPCLAS_TRAIN_N_004525	4	A_clean_core	-7.153723239898682	0.0007813363135950763	0
HPCLAS_TRAIN_N_004527	0	HPCLAS_TRAIN_N_004527	4	A_clean_core	-14.502923965454102	5.028748684214472e-07	0
HPCLAS_TRAIN_N_004532	0	HPCLAS_TRAIN_N_004532	4	A_clean_core	-4.629576683044434	0.009664573825011234	0
HPCLAS_TRAIN_N_004536	0	HPCLAS_TRAIN_N_004536	4	D_hard_sample	-25.16934585571289	1.1724436578881857e-11	0
HPCLAS_TRAIN_N_004547	0	HPCLAS_TRAIN_N_004547	4	A_clean_core	-12.127128601074219	5.410689566444399e-06	0
HPCLAS_TRAIN_N_004554	0	HPCLAS_TRAIN_N_004554	4	D_hard_sample	3.3639252185821533	0.966557887074884	1
HPCLAS_TRAIN_N_004563	0	HPCLAS_TRAIN_N_004563	4	D_hard_sample	-4.8613080978393555	0.007680899263062246	0
HPCLAS_TRAIN_N_004576	0	HPCLAS_TRAIN_N_004576	4	A_clean_core	-9.301719665527344	9.125881855156106e-05	0
HPCLAS_TRAIN_N_004579	0	HPCLAS_TRAIN_N_004579	4	D_hard_sample	-12.713263511657715	3.0109150485053257e-06	0
HPCLAS_TRAIN_N_004580	0	HPCLAS_TRAIN_N_004580	4	A_clean_core	-10.781463623046875	2.078073081011598e-05	0
HPCLAS_TRAIN_N_004581	0	HPCLAS_TRAIN_N_004581	4	D_hard_sample	3.073260545730591	0.9557761943448339	1
HPCLAS_TRAIN_N_004582	0	HPCLAS_TRAIN_N_004582	4	A_clean_core	-19.63721466064453	2.9625523385886346e-09	0
HPCLAS_TRAIN_N_004586	0	HPCLAS_TRAIN_N_004586	4	D_hard_sample	-1.8208280801773071	0.1393345395730854	0
HPCLAS_TRAIN_N_004587	0	HPCLAS_TRAIN_N_004587	4	D_hard_sample	4.415988445281982	0.9880616412493323	1
HPCLAS_TRAIN_N_004599	0	HPCLAS_TRAIN_N_004599	4	A_clean_core	-26.385189056396484	3.4758256903587036e-12	0
HPCLAS_TRAIN_N_004604	0	HPCLAS_TRAIN_N_004604	4	A_clean_core	-28.157207489013672	5.908539751407364e-13	0
HPCLAS_TRAIN_N_004615	0	HPCLAS_TRAIN_N_004615	4	A_clean_core	-14.388754844665527	5.636933672628754e-07	0
HPCLAS_TRAIN_N_004630	0	HPCLAS_TRAIN_N_004630	4	A_clean_core	-15.902042388916016	1.2411683303586232e-07	0
HPCLAS_TRAIN_N_004640	0	HPCLAS_TRAIN_N_004640	4	D_hard_sample	3.383065938949585	0.9671710919089792	1
HPCLAS_TRAIN_N_004641	0	HPCLAS_TRAIN_N_004641	4	D_hard_sample	-6.706375598907471	0.0012215949468012835	0
HPCLAS_TRAIN_N_004643	0	HPCLAS_TRAIN_N_004643	4	A_clean_core	-28.293285369873047	5.156823757277594e-13	0
HPCLAS_TRAIN_N_004657	0	HPCLAS_TRAIN_N_004657	4	A_clean_core	-27.586444854736328	1.0455847112056435e-12	0
HPCLAS_TRAIN_N_004658	0	HPCLAS_TRAIN_N_004658	4	A_clean_core	-20.449153900146484	1.3153620296847539e-09	0
HPCLAS_TRAIN_N_004661	0	HPCLAS_TRAIN_N_004661	4	A_clean_core	-21.522029876708984	4.498846599863827e-10	0
HPCLAS_TRAIN_N_004665	0	HPCLAS_TRAIN_N_004665	4	D_hard_sample	-1.7038465738296509	0.15396354789866246	0
HPCLAS_TRAIN_N_004666	0	HPCLAS_TRAIN_N_004666	4	A_clean_core	-21.165847778320312	6.423757012512782e-10	0
HPCLAS_TRAIN_N_004679	0	HPCLAS_TRAIN_N_004679	4	A_clean_core	-8.589216232299805	0.00018606726369117975	0
HPCLAS_TRAIN_N_004680	0	HPCLAS_TRAIN_N_004680	4	A_clean_core	-10.497082710266113	2.7616135768323394e-05	0
HPCLAS_TRAIN_N_004684	0	HPCLAS_TRAIN_N_004684	4	A_clean_core	-27.475135803222656	1.1686921612605825e-12	0
HPCLAS_TRAIN_N_004687	0	HPCLAS_TRAIN_N_004687	4	A_clean_core	-17.014667510986328	4.0796581256379046e-08	0
HPCLAS_TRAIN_N_004692	0	HPCLAS_TRAIN_N_004692	4	D_hard_sample	-4.131635665893555	0.0158028540946385	0
HPCLAS_TRAIN_N_004695	0	HPCLAS_TRAIN_N_004695	4	A_clean_core	-6.91367769241333	0.0009931078458561104	0
HPCLAS_TRAIN_N_004697	0	HPCLAS_TRAIN_N_004697	4	D_hard_sample	-8.22390365600586	0.0002680942966289273	0
HPCLAS_TRAIN_N_004699	0	HPCLAS_TRAIN_N_004699	4	D_hard_sample	-0.46725231409072876	0.38526678985246937	0
HPCLAS_TRAIN_N_004703	0	HPCLAS_TRAIN_N_004703	4	A_clean_core	-25.92774200439453	5.491926537427753e-12	0
HPCLAS_TRAIN_N_004707	0	HPCLAS_TRAIN_N_004707	4	A_clean_core	-36.633052825927734	1.231593256896123e-16	0
HPCLAS_TRAIN_N_004708	0	HPCLAS_TRAIN_N_004708	4	A_clean_core	-18.451366424560547	9.697803365393012e-09	0
HPCLAS_TRAIN_N_004710	0	HPCLAS_TRAIN_N_004710	4	A_clean_core	-19.790821075439453	2.5407130220170247e-09	0
HPCLAS_TRAIN_N_004711	0	HPCLAS_TRAIN_N_004711	4	A_clean_core	-3.5269992351531982	0.02855370643215054	0
HPCLAS_TRAIN_N_004723	0	HPCLAS_TRAIN_N_004723	4	A_clean_core	-19.33220863342285	4.0190967949119075e-09	0
HPCLAS_TRAIN_N_004725	0	HPCLAS_TRAIN_N_004725	4	A_clean_core	-23.865211486816406	4.3198666601554126e-11	0
HPCLAS_TRAIN_N_004736	0	HPCLAS_TRAIN_N_004736	4	A_clean_core	-20.38262367248535	1.405850085744277e-09	0
HPCLAS_TRAIN_N_004738	0	HPCLAS_TRAIN_N_004738	4	D_hard_sample	-0.45512455701828003	0.38814304978617553	0
HPCLAS_TRAIN_N_004745	0	HPCLAS_TRAIN_N_004745	4	D_hard_sample	4.4490437507629395	0.9884453311415917	1
HPCLAS_TRAIN_N_004758	0	HPCLAS_TRAIN_N_004758	4	A_clean_core	-26.59406280517578	2.8206244898923218e-12	0
HPCLAS_TRAIN_N_004762	0	HPCLAS_TRAIN_N_004762	4	A_clean_core	-25.876754760742188	5.779206301528149e-12	0
HPCLAS_TRAIN_N_004778	0	HPCLAS_TRAIN_N_004778	4	A_clean_core	-14.082768440246582	7.654750574513843e-07	0
HPCLAS_TRAIN_N_004779	0	HPCLAS_TRAIN_N_004779	4	D_hard_sample	-0.5301139950752258	0.37049030088359375	0
HPCLAS_TRAIN_N_004787	0	HPCLAS_TRAIN_N_004787	4	A_clean_core	-20.329662322998047	1.4823127136354517e-09	0
HPCLAS_TRAIN_N_004788	0	HPCLAS_TRAIN_N_004788	4	A_clean_core	-18.172557830810547	1.2816174337152837e-08	0
HPCLAS_TRAIN_N_004790	0	HPCLAS_TRAIN_N_004790	4	A_clean_core	-20.40532684326172	1.3742924162648424e-09	0
HPCLAS_TRAIN_N_004794	0	HPCLAS_TRAIN_N_004794	4	A_clean_core	-26.426206588745117	3.3361402573408484e-12	0
HPCLAS_TRAIN_N_004797	0	HPCLAS_TRAIN_N_004797	4	A_clean_core	-36.775211334228516	1.0683871273773971e-16	0
HPCLAS_TRAIN_N_004798	0	HPCLAS_TRAIN_N_004798	4	D_hard_sample	13.015832901000977	0.9999977751812934	1
HPCLAS_TRAIN_N_004817	0	HPCLAS_TRAIN_N_004817	4	A_clean_core	-8.299863815307617	0.00024848891151389946	0
HPCLAS_TRAIN_N_004825	0	HPCLAS_TRAIN_N_004825	4	D_hard_sample	-1.613874912261963	0.1660513277862562	0
HPCLAS_TRAIN_N_004827	0	HPCLAS_TRAIN_N_004827	4	A_clean_core	-10.988729476928711	1.6890717153748535e-05	0
HPCLAS_TRAIN_N_004830	0	HPCLAS_TRAIN_N_004830	4	A_clean_core	-8.220370292663574	0.00026904299138595867	0
HPCLAS_TRAIN_N_004836	0	HPCLAS_TRAIN_N_004836	4	A_clean_core	-26.7152156829834	2.4987870470174384e-12	0
HPCLAS_TRAIN_N_004838	0	HPCLAS_TRAIN_N_004838	4	D_hard_sample	-19.113372802734375	5.0022761017850634e-09	0
HPCLAS_TRAIN_N_004850	0	HPCLAS_TRAIN_N_004850	4	D_hard_sample	-1.9659830331802368	0.12282100349106971	0
HPCLAS_TRAIN_N_004854	0	HPCLAS_TRAIN_N_004854	4	A_clean_core	-11.631990432739258	8.877422428105425e-06	0
HPCLAS_TRAIN_N_004857	0	HPCLAS_TRAIN_N_004857	4	A_clean_core	-14.165908813476562	7.044070034899364e-07	0
HPCLAS_TRAIN_N_004858	0	HPCLAS_TRAIN_N_004858	4	D_hard_sample	-4.904782772064209	0.007356533140275492	0
HPCLAS_TRAIN_N_004870	0	HPCLAS_TRAIN_N_004870	4	B_ambiguous	-15.817665100097656	1.350439933210904e-07	0
HPCLAS_TRAIN_N_004877	0	HPCLAS_TRAIN_N_004877	4	A_clean_core	-14.341444969177246	5.910025172873425e-07	0
HPCLAS_TRAIN_N_004880	0	HPCLAS_TRAIN_N_004880	4	A_clean_core	-23.979633331298828	3.852809766493731e-11	0
HPCLAS_TRAIN_N_004885	0	HPCLAS_TRAIN_N_004885	4	A_clean_core	-10.852886199951172	1.934830869122154e-05	0
HPCLAS_TRAIN_N_004887	0	HPCLAS_TRAIN_N_004887	4	B_ambiguous	-33.15652847290039	3.9838469467751445e-15	0
HPCLAS_TRAIN_N_004889	0	HPCLAS_TRAIN_N_004889	4	D_hard_sample	7.830028057098389	0.9996025437100853	1
HPCLAS_TRAIN_N_004896	0	HPCLAS_TRAIN_N_004896	4	D_hard_sample	-20.48265838623047	1.2720216045005303e-09	0
HPCLAS_TRAIN_N_004901	0	HPCLAS_TRAIN_P_006160	4	B_ambiguous	-14.362560272216797	5.786541557526167e-07	0
HPCLAS_TRAIN_N_004905	0	HPCLAS_TRAIN_N_004905	4	D_hard_sample	-15.280669212341309	2.310412794705635e-07	0
HPCLAS_TRAIN_N_004910	0	HPCLAS_TRAIN_N_004910	4	B_ambiguous	9.874217987060547	0.9999485175441192	1
HPCLAS_TRAIN_N_004930	0	HPCLAS_TRAIN_N_004930	4	A_clean_core	-14.039338111877441	7.994523458974302e-07	0
HPCLAS_TRAIN_N_004940	0	HPCLAS_TRAIN_N_004940	4	D_hard_sample	11.207260131835938	0.9999864249051766	1
HPCLAS_TRAIN_N_004942	0	HPCLAS_TRAIN_N_004942	4	A_clean_core	-19.63072395324707	2.9818439392499055e-09	0
HPCLAS_TRAIN_N_004945	0	HPCLAS_TRAIN_N_004945	4	A_clean_core	-13.183391571044922	1.881589889448114e-06	0
HPCLAS_TRAIN_N_004959	0	HPCLAS_TRAIN_N_004959	4	A_clean_core	-28.340770721435547	4.917673178739771e-13	0
HPCLAS_TRAIN_N_004960	0	HPCLAS_TRAIN_N_004960	4	A_clean_core	-16.972990036010742	4.253280916258044e-08	0
HPCLAS_TRAIN_N_004964	0	HPCLAS_TRAIN_N_004964	4	A_clean_core	-25.084720611572266	1.2759811490599457e-11	0
HPCLAS_TRAIN_N_004966	0	HPCLAS_TRAIN_N_004966	4	A_clean_core	-7.678496837615967	0.00046245587985905136	0
HPCLAS_TRAIN_N_004968	0	HPCLAS_TRAIN_N_004968	4	B_ambiguous	-8.048412322998047	0.00031950683841380594	0
HPCLAS_TRAIN_N_004978	0	HPCLAS_TRAIN_N_004978	4	A_clean_core	-24.88623046875	1.5561355777164752e-11	0
HPCLAS_TRAIN_N_004979	0	HPCLAS_TRAIN_N_004979	4	A_clean_core	-21.637462615966797	4.0083845852094936e-10	0
HPCLAS_TRAIN_N_004984	0	HPCLAS_TRAIN_N_004984	4	D_hard_sample	-4.1869797706604	0.01496475326000002	0
HPCLAS_TRAIN_N_004987	0	HPCLAS_TRAIN_N_004987	4	D_hard_sample	-13.56879711151123	1.2798106875498842e-06	0
HPCLAS_TRAIN_N_005015	0	HPCLAS_TRAIN_N_005015	4	A_clean_core	-27.673858642578125	9.580670377830261e-13	0
HPCLAS_TRAIN_N_005016	0	HPCLAS_TRAIN_N_005016	4	A_clean_core	-14.675939559936523	4.229804049717313e-07	0
HPCLAS_TRAIN_N_005019	0	HPCLAS_TRAIN_N_005019	4	A_clean_core	-21.31689453125	5.523194452894069e-10	0
HPCLAS_TRAIN_N_005021	0	HPCLAS_TRAIN_N_005021	4	D_hard_sample	-23.154773712158203	8.790418405091363e-11	0
HPCLAS_TRAIN_N_005023	0	HPCLAS_TRAIN_N_005023	4	A_clean_core	-16.112964630126953	1.0051441060305699e-07	0
HPCLAS_TRAIN_N_005027	0	HPCLAS_TRAIN_N_005027	4	D_hard_sample	-7.504087924957275	0.0005505247733197373	0
HPCLAS_TRAIN_N_005029	0	HPCLAS_TRAIN_N_005029	4	A_clean_core	-0.6631142497062683	0.34004038591557334	0
HPCLAS_TRAIN_N_005032	0	HPCLAS_TRAIN_N_005032	4	D_hard_sample	-4.465322494506836	0.01137021744357985	0
HPCLAS_TRAIN_N_005036	0	HPCLAS_TRAIN_N_005036	4	A_clean_core	-12.288671493530273	4.6035809168759075e-06	0
HPCLAS_TRAIN_N_005037	0	HPCLAS_TRAIN_N_005037	4	A_clean_core	-7.814993858337402	0.00040347444152874794	0
HPCLAS_TRAIN_N_005050	0	HPCLAS_TRAIN_N_005050	4	A_clean_core	-6.2445149421691895	0.0019373114209329972	0
HPCLAS_TRAIN_N_005054	0	HPCLAS_TRAIN_N_005054	4	A_clean_core	-15.78531265258789	1.3948443875195936e-07	0
HPCLAS_TRAIN_N_005071	0	HPCLAS_TRAIN_N_005071	4	A_clean_core	-22.554458618164062	1.6022234352580574e-10	0
HPCLAS_TRAIN_N_005077	0	HPCLAS_TRAIN_N_005077	4	D_hard_sample	-6.4510698318481445	0.001576343398262685	0
HPCLAS_TRAIN_N_005083	0	HPCLAS_TRAIN_N_005083	4	A_clean_core	-7.194854736328125	0.0007498743551163018	0
HPCLAS_TRAIN_N_005095	0	HPCLAS_TRAIN_N_005095	4	A_clean_core	-23.649883270263672	5.357796300721525e-11	0
HPCLAS_TRAIN_N_005098	0	HPCLAS_TRAIN_N_005098	4	A_clean_core	-17.339252471923828	2.9488882724880528e-08	0
HPCLAS_TRAIN_N_005101	0	HPCLAS_TRAIN_N_005101	4	A_clean_core	-27.824504852294922	8.240832386733163e-13	0
HPCLAS_TRAIN_N_005106	0	HPCLAS_TRAIN_N_005106	4	D_hard_sample	5.476874828338623	0.9958350394968615	1
HPCLAS_TRAIN_N_005107	0	HPCLAS_TRAIN_N_005107	4	A_clean_core	-10.674091339111328	2.313614428729629e-05	0
HPCLAS_TRAIN_N_005108	0	HPCLAS_TRAIN_N_005108	4	A_clean_core	-34.35994338989258	1.1958210313813471e-15	0
HPCLAS_TRAIN_P_000019	1	HPCLAS_TRAIN_P_005491	4	A_clean_core	38.43582534790039	1.0	1
HPCLAS_TRAIN_P_000025	1	HPCLAS_TRAIN_P_000025	4	A_clean_core	36.008209228515625	0.9999999999999998	1
HPCLAS_TRAIN_P_000027	1	HPCLAS_TRAIN_P_000027	4	A_clean_core	25.78396224975586	0.9999999999936589	1
HPCLAS_TRAIN_P_000038	1	HPCLAS_TRAIN_P_000038	4	D_hard_sample	4.510299205780029	0.9891244091040701	1
HPCLAS_TRAIN_P_000044	1	HPCLAS_TRAIN_P_000044	4	A_clean_core	13.688417434692383	0.9999988644785329	1
HPCLAS_TRAIN_P_000045	1	HPCLAS_TRAIN_P_000045	4	A_clean_core	21.849830627441406	0.9999999996758551	1
HPCLAS_TRAIN_P_000049	1	HPCLAS_TRAIN_P_000049	4	A_clean_core	51.26848220825195	1.0	1
HPCLAS_TRAIN_P_000054	1	HPCLAS_TRAIN_P_000054	4	A_clean_core	28.57299041748047	0.9999999999996101	1
HPCLAS_TRAIN_P_000058	1	HPCLAS_TRAIN_P_000058	4	A_clean_core	8.427142143249512	0.9997812018549606	1
HPCLAS_TRAIN_P_000069	1	HPCLAS_TRAIN_P_000069	4	A_clean_core	21.089946746826172	0.9999999993069693	1
HPCLAS_TRAIN_P_000071	1	HPCLAS_TRAIN_P_000071	4	A_clean_core	26.224905014038086	0.9999999999959199	1
HPCLAS_TRAIN_P_000080	1	HPCLAS_TRAIN_P_000080	4	A_clean_core	94.19351959228516	1.0	1
HPCLAS_TRAIN_P_000084	1	HPCLAS_TRAIN_P_000084	4	A_clean_core	36.87003707885742	1.0	1
HPCLAS_TRAIN_P_000088	1	HPCLAS_TRAIN_P_000088	4	B_ambiguous	-19.51186752319336	3.35817714501364e-09	0
HPCLAS_TRAIN_P_000092	1	HPCLAS_TRAIN_P_000092	4	A_clean_core	63.274986267089844	1.0	1
HPCLAS_TRAIN_P_000093	1	HPCLAS_TRAIN_P_000093	4	D_hard_sample	-0.22363168001174927	0.4443239221108629	0
HPCLAS_TRAIN_P_000099	1	HPCLAS_TRAIN_P_000099	4	A_clean_core	30.824142456054688	0.9999999999999589	1
HPCLAS_TRAIN_P_000101	1	HPCLAS_TRAIN_P_000101	4	B_ambiguous	27.09197425842285	0.9999999999982856	1
HPCLAS_TRAIN_P_000104	1	HPCLAS_TRAIN_P_000104	4	A_clean_core	16.605525970458984	0.9999999385797365	1
HPCLAS_TRAIN_P_000112	1	HPCLAS_TRAIN_P_000112	4	A_clean_core	75.08463287353516	1.0	1
HPCLAS_TRAIN_P_000131	1	HPCLAS_TRAIN_P_000131	4	B_ambiguous	6.476852893829346	0.9984637184444731	1
HPCLAS_TRAIN_P_000132	1	HPCLAS_TRAIN_P_000132	4	A_clean_core	13.400178909301758	0.9999984851292318	1
HPCLAS_TRAIN_P_000136	1	HPCLAS_TRAIN_P_000136	4	A_clean_core	11.232601165771484	0.9999867645854599	1
HPCLAS_TRAIN_P_000138	1	HPCLAS_TRAIN_P_000138	4	A_clean_core	45.711978912353516	1.0	1
HPCLAS_TRAIN_P_000144	1	HPCLAS_TRAIN_P_000144	4	A_clean_core	4.3938140869140625	0.9877972253974804	1
HPCLAS_TRAIN_P_000159	1	HPCLAS_TRAIN_P_000159	4	A_clean_core	52.500431060791016	1.0	1
HPCLAS_TRAIN_P_000164	1	HPCLAS_TRAIN_P_000164	4	A_clean_core	74.25623321533203	1.0	1
HPCLAS_TRAIN_P_000169	1	HPCLAS_TRAIN_P_000169	4	A_clean_core	57.259517669677734	1.0	1
HPCLAS_TRAIN_P_000181	1	HPCLAS_TRAIN_P_000181	4	D_hard_sample	24.247272491455078	0.9999999999705189	1
HPCLAS_TRAIN_P_000186	1	HPCLAS_TRAIN_P_000186	4	A_clean_core	30.189544677734375	0.9999999999999225	1
HPCLAS_TRAIN_P_000193	1	HPCLAS_TRAIN_N_002147	4	B_ambiguous	18.833589553833008	0.9999999933827737	1
HPCLAS_TRAIN_P_000194	1	HPCLAS_TRAIN_P_000194	4	A_clean_core	47.89064407348633	1.0	1
HPCLAS_TRAIN_P_000204	1	HPCLAS_TRAIN_P_000204	4	A_clean_core	58.67928695678711	1.0	1
HPCLAS_TRAIN_P_000210	1	HPCLAS_TRAIN_P_000210	4	D_hard_sample	0.6339359879493713	0.6533813990212723	1
HPCLAS_TRAIN_P_000216	1	HPCLAS_TRAIN_P_000216	4	A_clean_core	23.57727813720703	0.9999999999423872	1
HPCLAS_TRAIN_P_000225	1	HPCLAS_TRAIN_P_000225	4	A_clean_core	25.524658203125	0.9999999999917817	1
HPCLAS_TRAIN_P_000230	1	HPCLAS_TRAIN_P_000230	4	A_clean_core	51.12833786010742	1.0	1
HPCLAS_TRAIN_P_000236	1	HPCLAS_TRAIN_P_000236	4	D_hard_sample	11.104907989501953	0.9999849618917368	1
HPCLAS_TRAIN_P_000238	1	HPCLAS_TRAIN_P_000238	4	A_clean_core	38.40427780151367	1.0	1
HPCLAS_TRAIN_P_000249	1	HPCLAS_TRAIN_P_000249	4	A_clean_core	46.430843353271484	1.0	1
HPCLAS_TRAIN_P_000251	1	HPCLAS_TRAIN_P_000251	4	A_clean_core	70.0040512084961	1.0	1
HPCLAS_TRAIN_P_000253	1	HPCLAS_TRAIN_P_000253	4	A_clean_core	79.2560043334961	1.0	1
HPCLAS_TRAIN_P_000254	1	HPCLAS_TRAIN_P_000254	4	A_clean_core	37.27112579345703	1.0	1
HPCLAS_TRAIN_P_000256	1	HPCLAS_TRAIN_P_000256	4	A_clean_core	9.98626708984375	0.9999539744148179	1
HPCLAS_TRAIN_P_000263	1	HPCLAS_TRAIN_P_000263	4	A_clean_core	51.550697326660156	1.0	1
HPCLAS_TRAIN_P_000264	1	HPCLAS_TRAIN_P_000264	4	A_clean_core	41.82347869873047	1.0	1
HPCLAS_TRAIN_P_000289	1	HPCLAS_TRAIN_P_000289	4	A_clean_core	26.166889190673828	0.9999999999956761	1
HPCLAS_TRAIN_P_000295	1	HPCLAS_TRAIN_P_000295	4	D_hard_sample	17.78105926513672	0.9999999810423689	1
HPCLAS_TRAIN_P_000300	1	HPCLAS_TRAIN_P_000300	4	D_hard_sample	17.049516677856445	0.9999999606006578	1
HPCLAS_TRAIN_P_000301	1	HPCLAS_TRAIN_P_000301	4	A_clean_core	36.53120803833008	0.9999999999999998	1
HPCLAS_TRAIN_P_000305	1	HPCLAS_TRAIN_P_000305	4	A_clean_core	44.79729080200195	1.0	1
HPCLAS_TRAIN_P_000306	1	HPCLAS_TRAIN_P_000306	4	A_clean_core	72.23210144042969	1.0	1
HPCLAS_TRAIN_P_000308	1	HPCLAS_TRAIN_P_000308	4	A_clean_core	48.43143844604492	1.0	1
HPCLAS_TRAIN_P_000319	1	HPCLAS_TRAIN_P_000319	4	D_hard_sample	6.169815540313721	0.9979127439653611	1
HPCLAS_TRAIN_P_000320	1	HPCLAS_TRAIN_P_000320	4	A_clean_core	17.047544479370117	0.9999999605228778	1
HPCLAS_TRAIN_P_000327	1	HPCLAS_TRAIN_P_000327	4	A_clean_core	14.822736740112305	0.9999996347694744	1
HPCLAS_TRAIN_P_000335	1	HPCLAS_TRAIN_N_004887	4	B_ambiguous	10.37313175201416	0.9999687397430351	1
HPCLAS_TRAIN_P_000346	1	HPCLAS_TRAIN_P_000346	4	A_clean_core	17.666135787963867	0.9999999787335645	1
HPCLAS_TRAIN_P_000349	1	HPCLAS_TRAIN_P_000349	4	A_clean_core	22.812885284423828	0.9999999998762659	1
HPCLAS_TRAIN_P_000351	1	HPCLAS_TRAIN_P_000351	4	A_clean_core	39.48966979980469	1.0	1
HPCLAS_TRAIN_P_000353	1	HPCLAS_TRAIN_P_000353	4	A_clean_core	21.0849666595459	0.9999999993035094	1
HPCLAS_TRAIN_P_000359	1	HPCLAS_TRAIN_P_000359	4	D_hard_sample	27.708637237548828	0.9999999999990747	1
HPCLAS_TRAIN_P_000368	1	HPCLAS_TRAIN_P_000368	4	D_hard_sample	-10.62832260131836	2.4219636668599263e-05	0
HPCLAS_TRAIN_P_000370	1	HPCLAS_TRAIN_P_000370	4	A_clean_core	55.169464111328125	1.0	1
HPCLAS_TRAIN_P_000373	1	HPCLAS_TRAIN_P_000373	4	A_clean_core	18.68498992919922	0.9999999923226387	1
HPCLAS_TRAIN_P_000375	1	HPCLAS_TRAIN_P_000375	4	D_hard_sample	10.896360397338867	0.9999814748061518	1
HPCLAS_TRAIN_P_000379	1	HPCLAS_TRAIN_P_000379	4	D_hard_sample	4.252457618713379	0.985970409243307	1
HPCLAS_TRAIN_P_000384	1	HPCLAS_TRAIN_P_000384	4	A_clean_core	62.687625885009766	1.0	1
HPCLAS_TRAIN_P_000388	1	HPCLAS_TRAIN_P_000388	4	D_hard_sample	1.0219371318817139	0.7353497574841417	1
HPCLAS_TRAIN_P_000390	1	HPCLAS_TRAIN_P_000390	4	D_hard_sample	0.17041343450546265	0.5425005544167405	1
HPCLAS_TRAIN_P_000394	1	HPCLAS_TRAIN_P_000394	4	A_clean_core	22.95366668701172	0.9999999998925146	1
HPCLAS_TRAIN_P_000397	1	HPCLAS_TRAIN_P_000397	4	A_clean_core	10.885087013244629	0.9999812647868491	1
HPCLAS_TRAIN_P_000401	1	HPCLAS_TRAIN_N_002644	4	B_ambiguous	10.899687767028809	0.9999815363427481	1
HPCLAS_TRAIN_P_000411	1	HPCLAS_TRAIN_P_000411	4	A_clean_core	14.459561347961426	0.9999994748394823	1
HPCLAS_TRAIN_P_000414	1	HPCLAS_TRAIN_N_004230	4	B_ambiguous	36.423973083496094	0.9999999999999998	1
HPCLAS_TRAIN_P_000417	1	HPCLAS_TRAIN_P_000417	4	A_clean_core	40.57021713256836	1.0	1
HPCLAS_TRAIN_P_000423	1	HPCLAS_TRAIN_P_000423	4	A_clean_core	81.37651824951172	1.0	1
HPCLAS_TRAIN_P_000428	1	HPCLAS_TRAIN_P_000428	4	D_hard_sample	30.29913330078125	0.9999999999999307	1
HPCLAS_TRAIN_P_000445	1	HPCLAS_TRAIN_P_000445	4	A_clean_core	15.527532577514648	0.9999998194995846	1
HPCLAS_TRAIN_P_000455	1	HPCLAS_TRAIN_P_000455	4	A_clean_core	13.060819625854492	0.9999978730504753	1
HPCLAS_TRAIN_P_000459	1	HPCLAS_TRAIN_P_000459	4	A_clean_core	13.627801895141602	0.9999987935194846	1
HPCLAS_TRAIN_P_000460	1	HPCLAS_TRAIN_P_000460	4	A_clean_core	15.693418502807617	0.9999998470903565	1
HPCLAS_TRAIN_P_000463	1	HPCLAS_TRAIN_P_000463	4	A_clean_core	27.554061889648438	0.99999999999892	1
HPCLAS_TRAIN_P_000469	1	HPCLAS_TRAIN_P_000469	4	D_hard_sample	-0.8561329245567322	0.2981479212188781	0
HPCLAS_TRAIN_P_000474	1	HPCLAS_TRAIN_P_000474	4	A_clean_core	37.20582962036133	1.0	1
HPCLAS_TRAIN_P_000475	1	HPCLAS_TRAIN_P_000475	4	A_clean_core	58.877010345458984	1.0	1
HPCLAS_TRAIN_P_000486	1	HPCLAS_TRAIN_P_000486	4	A_clean_core	60.966026306152344	1.0	1
HPCLAS_TRAIN_P_000487	1	HPCLAS_TRAIN_P_000487	4	D_hard_sample	5.26357889175415	0.9948499161505608	1
HPCLAS_TRAIN_P_000488	1	HPCLAS_TRAIN_N_001139	4	B_ambiguous	5.777821063995361	0.9969140994008132	1
HPCLAS_TRAIN_P_000489	1	HPCLAS_TRAIN_P_000489	4	A_clean_core	41.829917907714844	1.0	1
HPCLAS_TRAIN_P_000499	1	HPCLAS_TRAIN_P_000499	4	A_clean_core	6.014555931091309	0.9975630204234285	1
HPCLAS_TRAIN_P_000507	1	HPCLAS_TRAIN_P_000507	4	A_clean_core	49.48379898071289	1.0	1
HPCLAS_TRAIN_P_000509	1	HPCLAS_TRAIN_P_000509	4	A_clean_core	14.541906356811523	0.9999995163512131	1
HPCLAS_TRAIN_P_000513	1	HPCLAS_TRAIN_P_000513	4	A_clean_core	7.622927665710449	0.9995111313206418	1
HPCLAS_TRAIN_P_000515	1	HPCLAS_TRAIN_P_000515	4	A_clean_core	17.203161239624023	0.9999999662120387	1
HPCLAS_TRAIN_P_000516	1	HPCLAS_TRAIN_P_000516	4	A_clean_core	27.72960662841797	0.9999999999990938	1
HPCLAS_TRAIN_P_000520	1	HPCLAS_TRAIN_P_000520	4	A_clean_core	51.36511993408203	1.0	1
HPCLAS_TRAIN_P_000529	1	HPCLAS_TRAIN_P_000529	4	A_clean_core	39.39707565307617	1.0	1
HPCLAS_TRAIN_P_000538	1	HPCLAS_TRAIN_P_000538	4	B_ambiguous	-12.308544158935547	4.5129989402337224e-06	0
HPCLAS_TRAIN_P_000539	1	HPCLAS_TRAIN_P_000539	4	A_clean_core	64.91910552978516	1.0	1
HPCLAS_TRAIN_P_000554	1	HPCLAS_TRAIN_P_000554	4	A_clean_core	24.022945404052734	0.9999999999631051	1
HPCLAS_TRAIN_P_000570	1	HPCLAS_TRAIN_P_000570	4	A_clean_core	24.014747619628906	0.9999999999628013	1
HPCLAS_TRAIN_P_000583	1	HPCLAS_TRAIN_P_000583	4	A_clean_core	25.56978988647461	0.9999999999921443	1
HPCLAS_TRAIN_P_000601	1	HPCLAS_TRAIN_N_003321	4	B_ambiguous	62.3422737121582	1.0	1
HPCLAS_TRAIN_P_000608	1	HPCLAS_TRAIN_P_000608	4	A_clean_core	41.53590393066406	1.0	1
HPCLAS_TRAIN_P_000617	1	HPCLAS_TRAIN_P_005617	4	A_clean_core	65.50426483154297	1.0	1
HPCLAS_TRAIN_P_000618	1	HPCLAS_TRAIN_P_000618	4	A_clean_core	14.972795486450195	0.999999685661624	1
HPCLAS_TRAIN_P_000622	1	HPCLAS_TRAIN_P_000622	4	A_clean_core	75.23467254638672	1.0	1
HPCLAS_TRAIN_P_000627	1	HPCLAS_TRAIN_P_000627	4	A_clean_core	12.885133743286133	0.9999974645420308	1
HPCLAS_TRAIN_P_000631	1	HPCLAS_TRAIN_P_000631	4	A_clean_core	31.956632614135742	0.9999999999999867	1
HPCLAS_TRAIN_P_000642	1	HPCLAS_TRAIN_P_000642	4	A_clean_core	28.945314407348633	0.9999999999997313	1
HPCLAS_TRAIN_P_000648	1	HPCLAS_TRAIN_P_000648	4	A_clean_core	61.765716552734375	1.0	1
HPCLAS_TRAIN_P_000649	1	HPCLAS_TRAIN_P_000649	4	A_clean_core	10.679874420166016	0.9999769972647033	1
HPCLAS_TRAIN_P_000651	1	HPCLAS_TRAIN_P_000651	4	D_hard_sample	4.631663799285889	0.9903553818893436	1
HPCLAS_TRAIN_P_000654	1	HPCLAS_TRAIN_P_000654	4	D_hard_sample	4.629499912261963	0.9903346913611306	1
HPCLAS_TRAIN_P_000662	1	HPCLAS_TRAIN_P_000662	4	A_clean_core	49.680179595947266	1.0	1
HPCLAS_TRAIN_P_000673	1	HPCLAS_TRAIN_P_000673	4	A_clean_core	31.45981788635254	0.9999999999999782	1
HPCLAS_TRAIN_P_000678	1	HPCLAS_TRAIN_P_000678	4	D_hard_sample	1.9985476732254028	0.8806445086322329	1
HPCLAS_TRAIN_P_000682	1	HPCLAS_TRAIN_P_000682	4	A_clean_core	6.892604351043701	0.9989857634350893	1
HPCLAS_TRAIN_P_000684	1	HPCLAS_TRAIN_P_000684	4	A_clean_core	10.991291046142578	0.9999831524934913	1
HPCLAS_TRAIN_P_000692	1	HPCLAS_TRAIN_P_000692	4	A_clean_core	10.854442596435547	0.9999806817809449	1
HPCLAS_TRAIN_P_000694	1	HPCLAS_TRAIN_P_000694	4	D_hard_sample	-10.222612380981445	3.633792051877253e-05	0
HPCLAS_TRAIN_P_000704	1	HPCLAS_TRAIN_P_000704	4	A_clean_core	40.216365814208984	1.0	1
HPCLAS_TRAIN_P_000707	1	HPCLAS_TRAIN_P_000707	4	A_clean_core	17.72783088684082	0.999999980005946	1
HPCLAS_TRAIN_P_000710	1	HPCLAS_TRAIN_P_000710	4	A_clean_core	24.563060760498047	0.9999999999785021	1
HPCLAS_TRAIN_P_000720	1	HPCLAS_TRAIN_P_000720	4	A_clean_core	11.260520935058594	0.9999871289995732	1
HPCLAS_TRAIN_P_000723	1	HPCLAS_TRAIN_P_000723	4	A_clean_core	19.682443618774414	0.9999999971684559	1
HPCLAS_TRAIN_P_000728	1	HPCLAS_TRAIN_P_000728	4	D_hard_sample	2.3269500732421875	0.9110845733620148	1
HPCLAS_TRAIN_P_000735	1	HPCLAS_TRAIN_P_000735	4	A_clean_core	57.2149658203125	1.0	1
HPCLAS_TRAIN_P_000736	1	HPCLAS_TRAIN_P_000736	4	A_clean_core	45.34762954711914	1.0	1
HPCLAS_TRAIN_P_000742	1	HPCLAS_TRAIN_P_000742	4	A_clean_core	45.03567886352539	1.0	1
HPCLAS_TRAIN_P_000759	1	HPCLAS_TRAIN_P_000759	4	A_clean_core	45.45695114135742	1.0	1
HPCLAS_TRAIN_P_000761	1	HPCLAS_TRAIN_P_000761	4	A_clean_core	29.620586395263672	0.9999999999998632	1
HPCLAS_TRAIN_P_000766	1	HPCLAS_TRAIN_P_000766	4	A_clean_core	50.562496185302734	1.0	1
HPCLAS_TRAIN_P_000767	1	HPCLAS_TRAIN_P_000767	4	A_clean_core	42.65047073364258	1.0	1
HPCLAS_TRAIN_P_000770	1	HPCLAS_TRAIN_P_000770	4	D_hard_sample	-0.24121946096420288	0.43998585566682213	0
HPCLAS_TRAIN_P_000776	1	HPCLAS_TRAIN_P_000776	4	A_clean_core	81.34175872802734	1.0	1
HPCLAS_TRAIN_P_000777	1	HPCLAS_TRAIN_P_000777	4	D_hard_sample	3.7496230602264404	0.9770141664925793	1
HPCLAS_TRAIN_P_000781	1	HPCLAS_TRAIN_P_000781	4	A_clean_core	40.400718688964844	1.0	1
HPCLAS_TRAIN_P_000794	1	HPCLAS_TRAIN_P_000794	4	A_clean_core	15.425926208496094	0.999999800195492	1
HPCLAS_TRAIN_P_000795	1	HPCLAS_TRAIN_P_000795	4	A_clean_core	17.967575073242188	0.999999984268096	1
HPCLAS_TRAIN_P_000802	1	HPCLAS_TRAIN_P_000802	4	A_clean_core	16.707414627075195	0.9999999445295107	1
HPCLAS_TRAIN_P_000806	1	HPCLAS_TRAIN_P_000806	4	A_clean_core	13.623540878295898	0.9999987883676887	1
HPCLAS_TRAIN_P_000812	1	HPCLAS_TRAIN_P_000812	4	A_clean_core	30.907642364501953	0.9999999999999623	1
HPCLAS_TRAIN_P_000816	1	HPCLAS_TRAIN_P_000816	4	A_clean_core	29.27005958557129	0.9999999999998059	1
HPCLAS_TRAIN_P_000817	1	HPCLAS_TRAIN_P_000817	4	A_clean_core	27.68852996826172	0.9999999999990559	1
HPCLAS_TRAIN_P_000819	1	HPCLAS_TRAIN_P_000819	4	D_hard_sample	3.3009023666381836	0.9644597542386953	1
HPCLAS_TRAIN_P_000824	1	HPCLAS_TRAIN_P_000824	4	A_clean_core	22.749073028564453	0.9999999998681126	1
HPCLAS_TRAIN_P_000853	1	HPCLAS_TRAIN_P_000853	4	D_hard_sample	5.049130439758301	0.9936259795903261	1
HPCLAS_TRAIN_P_000854	1	HPCLAS_TRAIN_P_000854	4	A_clean_core	7.095709800720215	0.9991720337042054	1
HPCLAS_TRAIN_P_000859	1	HPCLAS_TRAIN_P_000859	4	A_clean_core	18.530832290649414	0.9999999910430163	1
HPCLAS_TRAIN_P_000871	1	HPCLAS_TRAIN_P_000871	4	A_clean_core	43.60887908935547	1.0	1
HPCLAS_TRAIN_P_000879	1	HPCLAS_TRAIN_P_000879	4	A_clean_core	53.62849044799805	1.0	1
HPCLAS_TRAIN_P_000882	1	HPCLAS_TRAIN_P_000882	4	A_clean_core	48.102359771728516	1.0	1
HPCLAS_TRAIN_P_000885	1	HPCLAS_TRAIN_P_000885	4	A_clean_core	31.93487548828125	0.9999999999999865	1
HPCLAS_TRAIN_P_000886	1	HPCLAS_TRAIN_P_000886	4	A_clean_core	10.114986419677734	0.9999595331277362	1
HPCLAS_TRAIN_P_000888	1	HPCLAS_TRAIN_P_000888	4	A_clean_core	22.536235809326172	0.9999999998368312	1
HPCLAS_TRAIN_P_000891	1	HPCLAS_TRAIN_P_000891	4	A_clean_core	47.262325286865234	1.0	1
HPCLAS_TRAIN_P_000894	1	HPCLAS_TRAIN_P_000894	4	A_clean_core	64.09989166259766	1.0	1
HPCLAS_TRAIN_P_000896	1	HPCLAS_TRAIN_P_000896	4	A_clean_core	5.160183429718018	0.9942921203360063	1
HPCLAS_TRAIN_P_000899	1	HPCLAS_TRAIN_P_000899	4	A_clean_core	39.48897933959961	1.0	1
HPCLAS_TRAIN_P_000902	1	HPCLAS_TRAIN_P_000902	4	A_clean_core	42.50626754760742	1.0	1
HPCLAS_TRAIN_P_000903	1	HPCLAS_TRAIN_P_000903	4	A_clean_core	58.40946578979492	1.0	1
HPCLAS_TRAIN_P_000910	1	HPCLAS_TRAIN_P_000910	4	A_clean_core	16.539791107177734	0.9999999344066274	1
HPCLAS_TRAIN_P_000911	1	HPCLAS_TRAIN_P_000911	4	A_clean_core	46.424625396728516	1.0	1
HPCLAS_TRAIN_P_000917	1	HPCLAS_TRAIN_P_000917	4	A_clean_core	52.256248474121094	1.0	1
HPCLAS_TRAIN_P_000935	1	HPCLAS_TRAIN_P_000935	4	A_clean_core	5.589346408843994	0.9962764468238986	1
HPCLAS_TRAIN_P_000937	1	HPCLAS_TRAIN_P_000937	4	A_clean_core	37.14278793334961	1.0	1
HPCLAS_TRAIN_P_000939	1	HPCLAS_TRAIN_P_000939	4	A_clean_core	16.60250473022461	0.9999999383938905	1
HPCLAS_TRAIN_P_000945	1	HPCLAS_TRAIN_P_000945	4	A_clean_core	8.374414443969727	0.9997693582950203	1
HPCLAS_TRAIN_P_000958	1	HPCLAS_TRAIN_P_000958	4	D_hard_sample	2.0947959423065186	0.8903963420477151	1
HPCLAS_TRAIN_P_000966	1	HPCLAS_TRAIN_P_000966	4	D_hard_sample	7.941848278045654	0.9996445776522171	1
HPCLAS_TRAIN_P_000967	1	HPCLAS_TRAIN_P_000967	4	A_clean_core	13.683246612548828	0.9999988585917535	1
HPCLAS_TRAIN_P_000982	1	HPCLAS_TRAIN_P_000982	4	A_clean_core	28.609241485595703	0.9999999999996241	1
HPCLAS_TRAIN_P_000993	1	HPCLAS_TRAIN_P_000993	4	B_ambiguous	5.424445629119873	0.995611832010142	1
HPCLAS_TRAIN_P_000996	1	HPCLAS_TRAIN_P_000996	4	A_clean_core	41.64383316040039	1.0	1
HPCLAS_TRAIN_P_000997	1	HPCLAS_TRAIN_P_000997	4	A_clean_core	3.949092388153076	0.9810922089526851	1
HPCLAS_TRAIN_P_000999	1	HPCLAS_TRAIN_P_000999	4	A_clean_core	22.891016006469727	0.9999999998855653	1
HPCLAS_TRAIN_P_001000	1	HPCLAS_TRAIN_P_001000	4	A_clean_core	56.603004455566406	1.0	1
HPCLAS_TRAIN_P_001004	1	HPCLAS_TRAIN_P_001004	4	A_clean_core	15.797477722167969	0.9999998622021197	1
HPCLAS_TRAIN_P_001006	1	HPCLAS_TRAIN_P_001006	4	A_clean_core	40.8463249206543	1.0	1
HPCLAS_TRAIN_P_001009	1	HPCLAS_TRAIN_P_001009	4	A_clean_core	10.316884994506836	0.9999669311254508	1
HPCLAS_TRAIN_P_001014	1	HPCLAS_TRAIN_P_001014	4	A_clean_core	23.84104347229004	0.9999999999557445	1
HPCLAS_TRAIN_P_001016	1	HPCLAS_TRAIN_P_001016	4	A_clean_core	34.158756256103516	0.9999999999999984	1
HPCLAS_TRAIN_P_001018	1	HPCLAS_TRAIN_P_001018	4	A_clean_core	42.611629486083984	1.0	1
HPCLAS_TRAIN_P_001025	1	HPCLAS_TRAIN_P_001025	4	A_clean_core	58.25790786743164	1.0	1
HPCLAS_TRAIN_P_001038	1	HPCLAS_TRAIN_N_002716	4	B_ambiguous	17.150856018066406	0.9999999643977163	1
HPCLAS_TRAIN_P_001039	1	HPCLAS_TRAIN_P_001039	4	A_clean_core	60.556217193603516	1.0	1
HPCLAS_TRAIN_P_001052	1	HPCLAS_TRAIN_P_001052	4	D_hard_sample	8.069676399230957	0.9996872133517438	1
HPCLAS_TRAIN_P_001059	1	HPCLAS_TRAIN_P_001059	4	A_clean_core	78.05287170410156	1.0	1
HPCLAS_TRAIN_P_001066	1	HPCLAS_TRAIN_P_001066	4	A_clean_core	13.324429512023926	0.9999983659208872	1
HPCLAS_TRAIN_P_001073	1	HPCLAS_TRAIN_P_001073	4	A_clean_core	15.661054611206055	0.999999842060655	1
HPCLAS_TRAIN_P_001076	1	HPCLAS_TRAIN_P_001076	4	A_clean_core	20.359758377075195	0.9999999985616344	1
HPCLAS_TRAIN_P_001080	1	HPCLAS_TRAIN_P_001080	4	D_hard_sample	-6.323019981384277	0.0017913013912474074	0
HPCLAS_TRAIN_P_001083	1	HPCLAS_TRAIN_P_001083	4	A_clean_core	13.136049270629883	0.9999980271892264	1
HPCLAS_TRAIN_P_001085	1	HPCLAS_TRAIN_P_001085	4	D_hard_sample	4.2486748695373535	0.9859179870713594	1
HPCLAS_TRAIN_P_001099	1	HPCLAS_TRAIN_P_001099	4	A_clean_core	64.73240661621094	1.0	1
HPCLAS_TRAIN_P_001102	1	HPCLAS_TRAIN_P_001102	4	A_clean_core	41.27216720581055	1.0	1
HPCLAS_TRAIN_P_001109	1	HPCLAS_TRAIN_P_001109	4	A_clean_core	36.609771728515625	0.9999999999999998	1
HPCLAS_TRAIN_P_001110	1	HPCLAS_TRAIN_P_001110	4	A_clean_core	8.495295524597168	0.9997956139461258	1
HPCLAS_TRAIN_P_001112	1	HPCLAS_TRAIN_P_001112	4	D_hard_sample	-6.289239406585693	0.0018527322135045922	0
HPCLAS_TRAIN_P_001120	1	HPCLAS_TRAIN_P_001120	4	A_clean_core	24.210643768310547	0.9999999999694191	1
HPCLAS_TRAIN_P_001133	1	HPCLAS_TRAIN_P_001133	4	D_hard_sample	25.235103607177734	0.9999999999890217	1
HPCLAS_TRAIN_P_001141	1	HPCLAS_TRAIN_P_001141	4	A_clean_core	72.41468811035156	1.0	1
HPCLAS_TRAIN_P_001142	1	HPCLAS_TRAIN_P_001142	4	D_hard_sample	38.399600982666016	1.0	1
HPCLAS_TRAIN_P_001147	1	HPCLAS_TRAIN_P_001147	4	A_clean_core	18.34958267211914	0.9999999892631349	1
HPCLAS_TRAIN_P_001148	1	HPCLAS_TRAIN_P_001148	4	A_clean_core	13.446571350097656	0.9999985538024081	1
HPCLAS_TRAIN_P_001155	1	HPCLAS_TRAIN_P_001155	4	D_hard_sample	14.282360076904297	0.9999993730259621	1
HPCLAS_TRAIN_P_001161	1	HPCLAS_TRAIN_P_001161	4	A_clean_core	67.70526123046875	1.0	1
HPCLAS_TRAIN_P_001167	1	HPCLAS_TRAIN_P_001167	4	A_clean_core	5.9351487159729	0.9973621472735198	1
HPCLAS_TRAIN_P_001172	1	HPCLAS_TRAIN_P_001172	4	A_clean_core	5.825052261352539	0.9970560426363684	1
HPCLAS_TRAIN_P_001174	1	HPCLAS_TRAIN_P_001174	4	A_clean_core	69.36087799072266	1.0	1
HPCLAS_TRAIN_P_001175	1	HPCLAS_TRAIN_P_001175	4	A_clean_core	43.03245162963867	1.0	1
HPCLAS_TRAIN_P_001181	1	HPCLAS_TRAIN_P_001181	4	A_clean_core	9.216291427612305	0.99990060321902	1
HPCLAS_TRAIN_P_001182	1	HPCLAS_TRAIN_P_001182	4	A_clean_core	44.754547119140625	1.0	1
HPCLAS_TRAIN_P_001183	1	HPCLAS_TRAIN_P_001183	4	A_clean_core	38.47904968261719	1.0	1
HPCLAS_TRAIN_P_001189	1	HPCLAS_TRAIN_P_001189	4	A_clean_core	55.77539825439453	1.0	1
HPCLAS_TRAIN_P_001195	1	HPCLAS_TRAIN_P_001195	4	A_clean_core	35.19572830200195	0.9999999999999996	1
HPCLAS_TRAIN_P_001207	1	HPCLAS_TRAIN_P_001207	4	A_clean_core	22.944759368896484	0.999999999891553	1
HPCLAS_TRAIN_P_001219	1	HPCLAS_TRAIN_P_001219	4	A_clean_core	3.732229232788086	0.9766202867443935	1
HPCLAS_TRAIN_P_001221	1	HPCLAS_TRAIN_P_001221	4	A_clean_core	90.37709045410156	1.0	1
HPCLAS_TRAIN_P_001223	1	HPCLAS_TRAIN_P_001223	4	A_clean_core	20.746665954589844	0.9999999990231285	1
HPCLAS_TRAIN_P_001230	1	HPCLAS_TRAIN_P_001230	4	A_clean_core	46.889888763427734	1.0	1
HPCLAS_TRAIN_P_001234	1	HPCLAS_TRAIN_P_001234	4	A_clean_core	58.49238586425781	1.0	1
HPCLAS_TRAIN_P_001236	1	HPCLAS_TRAIN_P_001236	4	A_clean_core	41.11436080932617	1.0	1
HPCLAS_TRAIN_P_001237	1	HPCLAS_TRAIN_P_001237	4	A_clean_core	37.05109405517578	1.0	1
HPCLAS_TRAIN_P_001247	1	HPCLAS_TRAIN_P_001247	4	A_clean_core	2.0569875240325928	0.886651767316529	1
HPCLAS_TRAIN_P_001262	1	HPCLAS_TRAIN_P_001262	4	A_clean_core	7.777420997619629	0.9995810839438561	1
HPCLAS_TRAIN_P_001272	1	HPCLAS_TRAIN_P_001272	4	A_clean_core	56.21675491333008	1.0	1
HPCLAS_TRAIN_P_001275	1	HPCLAS_TRAIN_P_001275	4	A_clean_core	52.0567741394043	1.0	1
HPCLAS_TRAIN_P_001277	1	HPCLAS_TRAIN_P_001277	4	D_hard_sample	18.574966430664062	0.9999999914297287	1
HPCLAS_TRAIN_P_001283	1	HPCLAS_TRAIN_P_001283	4	A_clean_core	51.50693893432617	1.0	1
HPCLAS_TRAIN_P_001289	1	HPCLAS_TRAIN_P_001289	4	A_clean_core	32.27091598510742	0.9999999999999905	1
HPCLAS_TRAIN_P_001290	1	HPCLAS_TRAIN_P_001290	4	D_hard_sample	46.78536605834961	1.0	1
HPCLAS_TRAIN_P_001292	1	HPCLAS_TRAIN_P_001292	4	A_clean_core	55.16789245605469	1.0	1
HPCLAS_TRAIN_P_001294	1	HPCLAS_TRAIN_P_001294	4	A_clean_core	54.48090744018555	1.0	1
HPCLAS_TRAIN_P_001296	1	HPCLAS_TRAIN_P_001296	4	A_clean_core	25.952857971191406	0.9999999999946443	1
HPCLAS_TRAIN_P_001300	1	HPCLAS_TRAIN_P_001300	4	A_clean_core	35.8917121887207	0.9999999999999998	1
HPCLAS_TRAIN_P_001302	1	HPCLAS_TRAIN_P_001302	4	A_clean_core	53.56114196777344	1.0	1
HPCLAS_TRAIN_P_001306	1	HPCLAS_TRAIN_P_001306	4	A_clean_core	35.17072677612305	0.9999999999999996	1
HPCLAS_TRAIN_P_001307	1	HPCLAS_TRAIN_P_001307	4	D_hard_sample	4.32880163192749	0.9869882023893664	1
HPCLAS_TRAIN_P_001325	1	HPCLAS_TRAIN_P_001325	4	A_clean_core	23.341053009033203	0.9999999999270359	1
HPCLAS_TRAIN_P_001326	1	HPCLAS_TRAIN_P_001326	4	A_clean_core	13.9194917678833	0.9999990987585805	1
HPCLAS_TRAIN_P_001328	1	HPCLAS_TRAIN_P_001328	4	A_clean_core	21.35301399230957	0.9999999994672741	1
HPCLAS_TRAIN_P_001338	1	HPCLAS_TRAIN_P_001338	4	A_clean_core	12.681625366210938	0.9999968923025442	1
HPCLAS_TRAIN_P_001339	1	HPCLAS_TRAIN_P_001339	4	A_clean_core	25.849098205566406	0.9999999999940588	1
HPCLAS_TRAIN_P_001343	1	HPCLAS_TRAIN_P_001343	4	D_hard_sample	19.187850952148438	0.9999999953567484	1
HPCLAS_TRAIN_P_001347	1	HPCLAS_TRAIN_P_001347	4	D_hard_sample	28.695186614990234	0.9999999999996549	1
HPCLAS_TRAIN_P_001362	1	HPCLAS_TRAIN_P_001362	4	D_hard_sample	1.7420883178710938	0.8509521264314609	1
HPCLAS_TRAIN_P_001369	1	HPCLAS_TRAIN_P_001369	4	D_hard_sample	0.7962688207626343	0.6891757804938469	1
HPCLAS_TRAIN_P_001370	1	HPCLAS_TRAIN_P_001370	4	D_hard_sample	-0.6456316709518433	0.34397460435896793	0
HPCLAS_TRAIN_P_001373	1	HPCLAS_TRAIN_P_001373	4	A_clean_core	38.65007400512695	1.0	1
HPCLAS_TRAIN_P_001375	1	HPCLAS_TRAIN_P_001375	4	A_clean_core	8.558551788330078	0.9998081398174156	1
HPCLAS_TRAIN_P_001376	1	HPCLAS_TRAIN_P_001376	4	A_clean_core	69.76444244384766	1.0	1
HPCLAS_TRAIN_P_001378	1	HPCLAS_TRAIN_P_001378	4	A_clean_core	25.416522979736328	0.9999999999908431	1
HPCLAS_TRAIN_P_001384	1	HPCLAS_TRAIN_P_001384	4	A_clean_core	14.917547225952148	0.9999996678062846	1
HPCLAS_TRAIN_P_001395	1	HPCLAS_TRAIN_P_001395	4	A_clean_core	23.917194366455078	0.9999999999589895	1
HPCLAS_TRAIN_P_001396	1	HPCLAS_TRAIN_P_001396	4	A_clean_core	62.82619094848633	1.0	1
HPCLAS_TRAIN_P_001398	1	HPCLAS_TRAIN_P_001398	4	A_clean_core	42.08024978637695	1.0	1
HPCLAS_TRAIN_P_001409	1	HPCLAS_TRAIN_P_001409	4	A_clean_core	17.229034423828125	0.9999999670750286	1
HPCLAS_TRAIN_P_001411	1	HPCLAS_TRAIN_P_001411	4	A_clean_core	41.8404655456543	1.0	1
HPCLAS_TRAIN_P_001414	1	HPCLAS_TRAIN_P_001414	4	A_clean_core	2.224496603012085	0.9024278469127205	1
HPCLAS_TRAIN_P_001416	1	HPCLAS_TRAIN_P_001416	4	A_clean_core	63.65314865112305	1.0	1
HPCLAS_TRAIN_P_001426	1	HPCLAS_TRAIN_P_001426	4	D_hard_sample	10.784679412841797	0.999979285986935	1
HPCLAS_TRAIN_P_001438	1	HPCLAS_TRAIN_P_001438	4	A_clean_core	45.221683502197266	1.0	1
HPCLAS_TRAIN_P_001457	1	HPCLAS_TRAIN_N_000633	4	B_ambiguous	5.63441801071167	0.9964399632086193	1
HPCLAS_TRAIN_P_001463	1	HPCLAS_TRAIN_P_001463	4	A_clean_core	65.04866790771484	1.0	1
HPCLAS_TRAIN_P_001465	1	HPCLAS_TRAIN_P_001465	4	A_clean_core	4.285233020782471	0.986416636166018	1
HPCLAS_TRAIN_P_001470	1	HPCLAS_TRAIN_P_001470	4	D_hard_sample	-11.009273529052734	1.6547259210879817e-05	0
HPCLAS_TRAIN_P_001474	1	HPCLAS_TRAIN_P_001474	4	A_clean_core	31.893049240112305	0.999999999999986	1
HPCLAS_TRAIN_P_001475	1	HPCLAS_TRAIN_P_001475	4	A_clean_core	28.069042205810547	0.9999999999993547	1
HPCLAS_TRAIN_P_001488	1	HPCLAS_TRAIN_P_001488	4	D_hard_sample	-1.3272281885147095	0.20961822495113305	0
HPCLAS_TRAIN_P_001492	1	HPCLAS_TRAIN_P_001492	4	A_clean_core	43.60928726196289	1.0	1
HPCLAS_TRAIN_P_001503	1	HPCLAS_TRAIN_P_001503	4	A_clean_core	36.61480712890625	0.9999999999999998	1
HPCLAS_TRAIN_P_001507	1	HPCLAS_TRAIN_P_001507	4	A_clean_core	27.371814727783203	0.9999999999987041	1
HPCLAS_TRAIN_P_001508	1	HPCLAS_TRAIN_P_001508	4	A_clean_core	26.5546932220459	0.9999999999970661	1
HPCLAS_TRAIN_P_001519	1	HPCLAS_TRAIN_P_001519	4	A_clean_core	42.72489547729492	1.0	1
HPCLAS_TRAIN_P_001520	1	HPCLAS_TRAIN_P_001520	4	A_clean_core	16.781042098999023	0.9999999484669326	1
HPCLAS_TRAIN_P_001522	1	HPCLAS_TRAIN_P_001522	4	A_clean_core	34.269371032714844	0.9999999999999987	1
HPCLAS_TRAIN_P_001523	1	HPCLAS_TRAIN_P_001523	4	A_clean_core	34.38908004760742	0.9999999999999989	1
HPCLAS_TRAIN_P_001528	1	HPCLAS_TRAIN_P_001528	4	A_clean_core	35.51189041137695	0.9999999999999996	1
HPCLAS_TRAIN_P_001534	1	HPCLAS_TRAIN_P_001534	4	A_clean_core	42.89236831665039	1.0	1
HPCLAS_TRAIN_P_001537	1	HPCLAS_TRAIN_N_003548	4	B_ambiguous	27.0323429107666	0.9999999999981803	1
HPCLAS_TRAIN_P_001538	1	HPCLAS_TRAIN_P_001538	4	A_clean_core	26.390583038330078	0.9999999999965428	1
HPCLAS_TRAIN_P_001548	1	HPCLAS_TRAIN_P_001548	4	A_clean_core	29.67245101928711	0.9999999999998701	1
HPCLAS_TRAIN_P_001549	1	HPCLAS_TRAIN_P_001549	4	A_clean_core	37.426082611083984	1.0	1
HPCLAS_TRAIN_P_001551	1	HPCLAS_TRAIN_P_001551	4	D_hard_sample	24.646404266357422	0.9999999999802212	1
HPCLAS_TRAIN_P_001557	1	HPCLAS_TRAIN_P_001557	4	A_clean_core	16.071836471557617	0.9999998952654284	1
HPCLAS_TRAIN_P_001565	1	HPCLAS_TRAIN_P_001565	4	D_hard_sample	7.373765468597412	0.9993728926204167	1
HPCLAS_TRAIN_P_001571	1	HPCLAS_TRAIN_P_001571	4	A_clean_core	52.23038864135742	1.0	1
HPCLAS_TRAIN_P_001578	1	HPCLAS_TRAIN_P_001578	4	A_clean_core	44.20039749145508	1.0	1
HPCLAS_TRAIN_P_001594	1	HPCLAS_TRAIN_P_001594	4	A_clean_core	9.621149063110352	0.9999336930190061	1
HPCLAS_TRAIN_P_001595	1	HPCLAS_TRAIN_P_001595	4	A_clean_core	59.03324890136719	1.0	1
HPCLAS_TRAIN_P_001600	1	HPCLAS_TRAIN_P_001600	4	D_hard_sample	10.437314987182617	0.9999706830380873	1
HPCLAS_TRAIN_P_001605	1	HPCLAS_TRAIN_P_001605	4	A_clean_core	30.30421257019043	0.9999999999999309	1
HPCLAS_TRAIN_P_001610	1	HPCLAS_TRAIN_P_001610	4	A_clean_core	4.8310699462890625	0.9920851637239909	1
HPCLAS_TRAIN_P_001612	1	HPCLAS_TRAIN_P_001182	4	A_clean_core	66.35929107666016	1.0	1
HPCLAS_TRAIN_P_001616	1	HPCLAS_TRAIN_P_001616	4	A_clean_core	45.457908630371094	1.0	1
HPCLAS_TRAIN_P_001621	1	HPCLAS_TRAIN_P_001621	4	A_clean_core	31.81650161743164	0.9999999999999847	1
HPCLAS_TRAIN_P_001623	1	HPCLAS_TRAIN_P_001623	4	A_clean_core	49.550270080566406	1.0	1
HPCLAS_TRAIN_P_001626	1	HPCLAS_TRAIN_P_001626	4	A_clean_core	48.699886322021484	1.0	1
HPCLAS_TRAIN_P_001629	1	HPCLAS_TRAIN_P_001629	4	A_clean_core	49.6763801574707	1.0	1
HPCLAS_TRAIN_P_001631	1	HPCLAS_TRAIN_P_001631	4	A_clean_core	21.24078941345215	0.9999999994040054	1
HPCLAS_TRAIN_P_001634	1	HPCLAS_TRAIN_P_001634	4	A_clean_core	64.66277313232422	1.0	1
HPCLAS_TRAIN_P_001645	1	HPCLAS_TRAIN_P_001645	4	A_clean_core	18.79401397705078	0.9999999931156422	1
HPCLAS_TRAIN_P_001649	1	HPCLAS_TRAIN_P_001649	4	A_clean_core	33.82941818237305	0.999999999999998	1
HPCLAS_TRAIN_P_001655	1	HPCLAS_TRAIN_P_001655	4	A_clean_core	10.297578811645508	0.9999662865107328	1
HPCLAS_TRAIN_P_001666	1	HPCLAS_TRAIN_P_001666	4	A_clean_core	28.25762176513672	0.9999999999994655	1
HPCLAS_TRAIN_P_001669	1	HPCLAS_TRAIN_P_001669	4	D_hard_sample	0.10092752426862717	0.5252104844327775	1
HPCLAS_TRAIN_P_001670	1	HPCLAS_TRAIN_P_001670	4	A_clean_core	38.84482955932617	1.0	1
HPCLAS_TRAIN_P_001675	1	HPCLAS_TRAIN_P_001675	4	D_hard_sample	5.270604133605957	0.9948857855567403	1
HPCLAS_TRAIN_P_001677	1	HPCLAS_TRAIN_P_001677	4	A_clean_core	14.01385498046875	0.9999991799133245	1
HPCLAS_TRAIN_P_001678	1	HPCLAS_TRAIN_P_001678	4	D_hard_sample	15.163165092468262	0.9999997401510541	1
HPCLAS_TRAIN_P_001681	1	HPCLAS_TRAIN_P_001681	4	A_clean_core	43.2850456237793	1.0	1
HPCLAS_TRAIN_P_001684	1	HPCLAS_TRAIN_P_001684	4	A_clean_core	17.66608428955078	0.9999999787324694	1
HPCLAS_TRAIN_P_001690	1	HPCLAS_TRAIN_P_001690	4	A_clean_core	66.53010559082031	1.0	1
HPCLAS_TRAIN_P_001691	1	HPCLAS_TRAIN_P_001691	4	A_clean_core	7.661463260650635	0.9995296031078444	1
HPCLAS_TRAIN_P_001698	1	HPCLAS_TRAIN_P_001698	4	D_hard_sample	13.278997421264648	0.9999982899691237	1
HPCLAS_TRAIN_P_001705	1	HPCLAS_TRAIN_P_001705	4	A_clean_core	55.75575637817383	1.0	1
HPCLAS_TRAIN_P_001708	1	HPCLAS_TRAIN_N_004968	4	B_ambiguous	9.55842399597168	0.9999294010013831	1
HPCLAS_TRAIN_P_001709	1	HPCLAS_TRAIN_P_001709	4	A_clean_core	46.90834426879883	1.0	1
HPCLAS_TRAIN_P_001711	1	HPCLAS_TRAIN_P_001711	4	D_hard_sample	-13.928412437438965	8.93237502953623e-07	0
HPCLAS_TRAIN_P_001727	1	HPCLAS_TRAIN_P_001727	4	A_clean_core	9.32625675201416	0.9999109529612897	1
HPCLAS_TRAIN_P_001731	1	HPCLAS_TRAIN_P_001731	4	A_clean_core	25.290258407592773	0.9999999999896108	1
HPCLAS_TRAIN_P_001737	1	HPCLAS_TRAIN_P_001737	4	A_clean_core	76.04658508300781	1.0	1
HPCLAS_TRAIN_P_001738	1	HPCLAS_TRAIN_P_001738	4	A_clean_core	0.17703378200531006	0.5441432147845824	1
HPCLAS_TRAIN_P_001744	1	HPCLAS_TRAIN_N_000776	4	B_ambiguous	10.47917366027832	0.9999718848442315	1
HPCLAS_TRAIN_P_001750	1	HPCLAS_TRAIN_P_001750	4	A_clean_core	39.99910354614258	1.0	1
HPCLAS_TRAIN_P_001753	1	HPCLAS_TRAIN_P_001753	4	A_clean_core	14.639542579650879	0.9999995613407925	1
HPCLAS_TRAIN_P_001758	1	HPCLAS_TRAIN_P_001758	4	A_clean_core	17.40995216369629	0.9999999725239795	1
HPCLAS_TRAIN_P_001759	1	HPCLAS_TRAIN_P_001759	4	A_clean_core	17.077064514160156	0.9999999616712111	1
HPCLAS_TRAIN_P_001763	1	HPCLAS_TRAIN_P_001763	4	A_clean_core	38.80709457397461	1.0	1
HPCLAS_TRAIN_P_001764	1	HPCLAS_TRAIN_P_001764	4	A_clean_core	20.112276077270508	0.9999999981577461	1
HPCLAS_TRAIN_P_001787	1	HPCLAS_TRAIN_P_001787	4	A_clean_core	23.6982421875	0.9999999999489513	1
HPCLAS_TRAIN_P_001789	1	HPCLAS_TRAIN_P_001789	4	A_clean_core	41.5475959777832	1.0	1
HPCLAS_TRAIN_P_001796	1	HPCLAS_TRAIN_P_001796	4	A_clean_core	4.307767391204834	0.9867152847987412	1
HPCLAS_TRAIN_P_001799	1	HPCLAS_TRAIN_P_001799	4	A_clean_core	15.575182914733887	0.9999998278987873	1
HPCLAS_TRAIN_P_001823	1	HPCLAS_TRAIN_N_002751	4	B_ambiguous	5.254537105560303	0.994803382120652	1
HPCLAS_TRAIN_P_001829	1	HPCLAS_TRAIN_P_001829	4	A_clean_core	9.849690437316895	0.9999472392597369	1
HPCLAS_TRAIN_P_001831	1	HPCLAS_TRAIN_P_001831	4	A_clean_core	37.009098052978516	1.0	1
HPCLAS_TRAIN_P_001835	1	HPCLAS_TRAIN_P_001835	4	A_clean_core	4.252096652984619	0.9859654152145376	1
HPCLAS_TRAIN_P_001846	1	HPCLAS_TRAIN_P_001846	4	D_hard_sample	4.147073268890381	0.9844354627434768	1
HPCLAS_TRAIN_P_001850	1	HPCLAS_TRAIN_P_001850	4	A_clean_core	52.358863830566406	1.0	1
HPCLAS_TRAIN_P_001852	1	HPCLAS_TRAIN_P_001852	4	D_hard_sample	5.690658092498779	0.9966339986145466	1
HPCLAS_TRAIN_P_001865	1	HPCLAS_TRAIN_P_001865	4	A_clean_core	15.695669174194336	0.999999847434119	1
HPCLAS_TRAIN_P_001866	1	HPCLAS_TRAIN_P_001866	4	A_clean_core	10.220175743103027	0.9999635734323963	1
HPCLAS_TRAIN_P_001870	1	HPCLAS_TRAIN_P_001870	4	A_clean_core	28.516387939453125	0.9999999999995874	1
HPCLAS_TRAIN_P_001879	1	HPCLAS_TRAIN_P_001879	4	A_clean_core	11.340579986572266	0.9999881192589423	1
HPCLAS_TRAIN_P_001888	1	HPCLAS_TRAIN_P_001888	4	A_clean_core	45.9210319519043	1.0	1
HPCLAS_TRAIN_P_001890	1	HPCLAS_TRAIN_P_001890	4	A_clean_core	48.9647102355957	1.0	1
HPCLAS_TRAIN_P_001892	1	HPCLAS_TRAIN_P_001892	4	D_hard_sample	13.633193969726562	0.9999988000074023	1
HPCLAS_TRAIN_P_001895	1	HPCLAS_TRAIN_P_001895	4	A_clean_core	54.81667709350586	1.0	1
HPCLAS_TRAIN_P_001909	1	HPCLAS_TRAIN_P_001909	4	A_clean_core	51.23554611206055	1.0	1
HPCLAS_TRAIN_P_001919	1	HPCLAS_TRAIN_P_001919	4	A_clean_core	67.52466583251953	1.0	1
HPCLAS_TRAIN_P_001920	1	HPCLAS_TRAIN_P_001920	4	A_clean_core	44.362667083740234	1.0	1
HPCLAS_TRAIN_P_001923	1	HPCLAS_TRAIN_P_001923	4	A_clean_core	32.302894592285156	0.9999999999999907	1
HPCLAS_TRAIN_P_001930	1	HPCLAS_TRAIN_P_001930	4	A_clean_core	44.47817611694336	1.0	1
HPCLAS_TRAIN_P_001939	1	HPCLAS_TRAIN_P_001939	4	A_clean_core	51.56533432006836	1.0	1
HPCLAS_TRAIN_P_001940	1	HPCLAS_TRAIN_P_001940	4	A_clean_core	32.652523040771484	0.9999999999999933	1
HPCLAS_TRAIN_P_001943	1	HPCLAS_TRAIN_P_001943	4	A_clean_core	22.758201599121094	0.9999999998693112	1
HPCLAS_TRAIN_P_001944	1	HPCLAS_TRAIN_P_001944	4	A_clean_core	47.562259674072266	1.0	1
HPCLAS_TRAIN_P_001948	1	HPCLAS_TRAIN_P_001948	4	A_clean_core	60.113807678222656	1.0	1
HPCLAS_TRAIN_P_001953	1	HPCLAS_TRAIN_P_001953	4	D_hard_sample	11.414655685424805	0.9999889675178965	1
HPCLAS_TRAIN_P_001960	1	HPCLAS_TRAIN_P_001960	4	A_clean_core	53.72414779663086	1.0	1
HPCLAS_TRAIN_P_001961	1	HPCLAS_TRAIN_P_001961	4	A_clean_core	12.72880744934082	0.9999970355244275	1
HPCLAS_TRAIN_P_001966	1	HPCLAS_TRAIN_P_001966	4	A_clean_core	66.17728424072266	1.0	1
HPCLAS_TRAIN_P_001968	1	HPCLAS_TRAIN_P_001968	4	A_clean_core	29.314180374145508	0.9999999999998141	1
HPCLAS_TRAIN_P_001975	1	HPCLAS_TRAIN_P_001975	4	A_clean_core	73.20506286621094	1.0	1
HPCLAS_TRAIN_P_001976	1	HPCLAS_TRAIN_P_001976	4	A_clean_core	38.50767135620117	1.0	1
HPCLAS_TRAIN_P_001977	1	HPCLAS_TRAIN_P_001977	4	D_hard_sample	-13.01193618774414	2.233505081000562e-06	0
HPCLAS_TRAIN_P_001987	1	HPCLAS_TRAIN_P_001987	4	A_clean_core	8.743694305419922	0.9998405617337951	1
HPCLAS_TRAIN_P_001992	1	HPCLAS_TRAIN_P_001992	4	D_hard_sample	4.5805511474609375	0.9898547354177653	1
HPCLAS_TRAIN_P_001999	1	HPCLAS_TRAIN_P_001999	4	A_clean_core	48.398094177246094	1.0	1
HPCLAS_TRAIN_P_002032	1	HPCLAS_TRAIN_P_002032	4	A_clean_core	30.362010955810547	0.9999999999999349	1
HPCLAS_TRAIN_P_002033	1	HPCLAS_TRAIN_P_002033	4	A_clean_core	16.659320831298828	0.9999999417965316	1
HPCLAS_TRAIN_P_002036	1	HPCLAS_TRAIN_P_002036	4	A_clean_core	43.50566482543945	1.0	1
HPCLAS_TRAIN_P_002039	1	HPCLAS_TRAIN_P_002039	4	A_clean_core	10.06053352355957	0.9999572685876467	1
HPCLAS_TRAIN_P_002042	1	HPCLAS_TRAIN_P_002042	4	D_hard_sample	18.576786041259766	0.9999999914453089	1
HPCLAS_TRAIN_P_002063	1	HPCLAS_TRAIN_P_002063	4	A_clean_core	17.070632934570312	0.9999999614239018	1
HPCLAS_TRAIN_P_002069	1	HPCLAS_TRAIN_P_002069	4	A_clean_core	44.531070709228516	1.0	1
HPCLAS_TRAIN_P_002070	1	HPCLAS_TRAIN_P_002070	4	A_clean_core	47.820556640625	1.0	1
HPCLAS_TRAIN_P_002071	1	HPCLAS_TRAIN_P_002071	4	A_clean_core	30.912067413330078	0.9999999999999625	1
HPCLAS_TRAIN_P_002081	1	HPCLAS_TRAIN_P_002081	4	A_clean_core	2.9808192253112793	0.9517000426065061	1
HPCLAS_TRAIN_P_002090	1	HPCLAS_TRAIN_P_002090	4	D_hard_sample	3.060572385787964	0.9552367782448723	1
HPCLAS_TRAIN_P_002094	1	HPCLAS_TRAIN_P_002094	4	A_clean_core	23.9244384765625	0.9999999999592855	1
HPCLAS_TRAIN_P_002095	1	HPCLAS_TRAIN_P_002095	4	A_clean_core	22.886043548583984	0.9999999998849949	1
HPCLAS_TRAIN_P_002098	1	HPCLAS_TRAIN_P_002098	4	A_clean_core	32.37113571166992	0.9999999999999913	1
HPCLAS_TRAIN_P_002101	1	HPCLAS_TRAIN_P_002101	4	A_clean_core	40.1273078918457	1.0	1
HPCLAS_TRAIN_P_002124	1	HPCLAS_TRAIN_P_002124	4	A_clean_core	37.56632995605469	1.0	1
HPCLAS_TRAIN_P_002126	1	HPCLAS_TRAIN_P_002126	4	A_clean_core	8.798871994018555	0.9998491195695016	1
HPCLAS_TRAIN_P_002130	1	HPCLAS_TRAIN_P_002130	4	D_hard_sample	9.108318328857422	0.9998892714739461	1
HPCLAS_TRAIN_P_002145	1	HPCLAS_TRAIN_P_002145	4	A_clean_core	28.747941970825195	0.9999999999996727	1
HPCLAS_TRAIN_P_002161	1	HPCLAS_TRAIN_P_002161	4	D_hard_sample	0.9995175004005432	0.7309637028755208	1
HPCLAS_TRAIN_P_002173	1	HPCLAS_TRAIN_P_002173	4	A_clean_core	30.75374984741211	0.999999999999956	1
HPCLAS_TRAIN_P_002174	1	HPCLAS_TRAIN_P_002174	4	A_clean_core	77.21713256835938	1.0	1
HPCLAS_TRAIN_P_002176	1	HPCLAS_TRAIN_P_002176	4	A_clean_core	12.823424339294434	0.9999973031524364	1
HPCLAS_TRAIN_P_002187	1	HPCLAS_TRAIN_P_002187	4	A_clean_core	19.241628646850586	0.9999999955998564	1
HPCLAS_TRAIN_P_002190	1	HPCLAS_TRAIN_P_002190	4	A_clean_core	38.90748596191406	1.0	1
HPCLAS_TRAIN_P_002195	1	HPCLAS_TRAIN_P_002195	4	A_clean_core	39.77724838256836	1.0	1
HPCLAS_TRAIN_P_002204	1	HPCLAS_TRAIN_P_002204	4	D_hard_sample	10.877862930297852	0.9999811289546284	1
HPCLAS_TRAIN_P_002209	1	HPCLAS_TRAIN_P_002209	4	A_clean_core	12.458357810974121	0.9999961148994624	1
HPCLAS_TRAIN_P_002213	1	HPCLAS_TRAIN_P_002213	4	A_clean_core	46.094215393066406	1.0	1
HPCLAS_TRAIN_P_002222	1	HPCLAS_TRAIN_P_002222	4	A_clean_core	74.34870910644531	1.0	1
HPCLAS_TRAIN_P_002225	1	HPCLAS_TRAIN_P_002225	4	A_clean_core	5.0861101150512695	0.9938559620431198	1
HPCLAS_TRAIN_P_002236	1	HPCLAS_TRAIN_N_001789	4	B_ambiguous	6.928606986999512	0.9990215940301076	1
HPCLAS_TRAIN_P_002244	1	HPCLAS_TRAIN_P_002244	4	D_hard_sample	4.8733062744140625	0.9924100115808382	1
HPCLAS_TRAIN_P_002296	1	HPCLAS_TRAIN_P_002296	4	A_clean_core	33.02933120727539	0.9999999999999956	1
HPCLAS_TRAIN_P_002297	1	HPCLAS_TRAIN_P_002297	4	A_clean_core	21.08294677734375	0.9999999993021009	1
HPCLAS_TRAIN_P_002298	1	HPCLAS_TRAIN_N_002781	4	B_ambiguous	-7.19584846496582	0.0007491301115747545	0
HPCLAS_TRAIN_P_002300	1	HPCLAS_TRAIN_P_002300	4	A_clean_core	72.155029296875	1.0	1
HPCLAS_TRAIN_P_002305	1	HPCLAS_TRAIN_P_002305	4	A_clean_core	27.732990264892578	0.999999999999097	1
HPCLAS_TRAIN_P_002316	1	HPCLAS_TRAIN_P_002316	4	A_clean_core	6.802287578582764	0.998890003250272	1
HPCLAS_TRAIN_P_002320	1	HPCLAS_TRAIN_P_002320	4	A_clean_core	11.804195404052734	0.999992526916632	1
HPCLAS_TRAIN_P_002331	1	HPCLAS_TRAIN_P_002331	4	A_clean_core	29.754474639892578	0.9999999999998803	1
HPCLAS_TRAIN_P_002338	1	HPCLAS_TRAIN_P_002338	4	A_clean_core	66.93543243408203	1.0	1
HPCLAS_TRAIN_P_002340	1	HPCLAS_TRAIN_P_002340	4	A_clean_core	33.05147933959961	0.9999999999999956	1
HPCLAS_TRAIN_P_002342	1	HPCLAS_TRAIN_P_002342	4	A_clean_core	29.6309814453125	0.9999999999998646	1
HPCLAS_TRAIN_P_002353	1	HPCLAS_TRAIN_P_002353	4	A_clean_core	38.848976135253906	1.0	1
HPCLAS_TRAIN_P_002356	1	HPCLAS_TRAIN_P_002356	4	D_hard_sample	13.881842613220215	0.999999064180807	1
HPCLAS_TRAIN_P_002357	1	HPCLAS_TRAIN_P_002357	4	D_hard_sample	17.64801788330078	0.9999999783447497	1
HPCLAS_TRAIN_P_002358	1	HPCLAS_TRAIN_P_002358	4	A_clean_core	13.588737487792969	0.9999987454564319	1
HPCLAS_TRAIN_P_002362	1	HPCLAS_TRAIN_P_002362	4	A_clean_core	52.74473190307617	1.0	1
HPCLAS_TRAIN_P_002371	1	HPCLAS_TRAIN_P_002371	4	A_clean_core	24.39915657043457	0.9999999999746731	1
HPCLAS_TRAIN_P_002378	1	HPCLAS_TRAIN_P_002378	4	A_clean_core	11.773614883422852	0.9999922948574517	1
HPCLAS_TRAIN_P_002381	1	HPCLAS_TRAIN_P_002381	4	A_clean_core	46.26076126098633	1.0	1
HPCLAS_TRAIN_P_002385	1	HPCLAS_TRAIN_P_002385	4	A_clean_core	47.472782135009766	1.0	1
HPCLAS_TRAIN_P_002396	1	HPCLAS_TRAIN_P_002396	4	A_clean_core	82.41178131103516	1.0	1
HPCLAS_TRAIN_P_002398	1	HPCLAS_TRAIN_P_002398	4	A_clean_core	84.8546371459961	1.0	1
HPCLAS_TRAIN_P_002400	1	HPCLAS_TRAIN_P_002400	4	A_clean_core	54.457767486572266	1.0	1
HPCLAS_TRAIN_P_002402	1	HPCLAS_TRAIN_P_002402	4	D_hard_sample	9.156028747558594	0.9998944297894276	1
HPCLAS_TRAIN_P_002403	1	HPCLAS_TRAIN_P_002403	4	D_hard_sample	16.465227127075195	0.9999999293287644	1
HPCLAS_TRAIN_P_002404	1	HPCLAS_TRAIN_P_002404	4	A_clean_core	43.666404724121094	1.0	1
HPCLAS_TRAIN_P_002406	1	HPCLAS_TRAIN_P_002406	4	D_hard_sample	12.564525604248047	0.9999965062297291	1
HPCLAS_TRAIN_P_002432	1	HPCLAS_TRAIN_P_002432	4	A_clean_core	50.685813903808594	1.0	1
HPCLAS_TRAIN_P_002439	1	HPCLAS_TRAIN_P_002439	4	A_clean_core	18.659889221191406	0.9999999921274928	1
HPCLAS_TRAIN_P_002446	1	HPCLAS_TRAIN_P_002446	4	A_clean_core	21.305522918701172	0.999999999441364	1
HPCLAS_TRAIN_P_002448	1	HPCLAS_TRAIN_P_002448	4	A_clean_core	35.74174118041992	0.9999999999999998	1
HPCLAS_TRAIN_P_002449	1	HPCLAS_TRAIN_P_002449	4	D_hard_sample	11.491239547729492	0.9999897808767741	1
HPCLAS_TRAIN_P_002455	1	HPCLAS_TRAIN_P_002455	4	A_clean_core	28.451509475708008	0.9999999999995597	1
HPCLAS_TRAIN_P_002465	1	HPCLAS_TRAIN_P_002465	4	A_clean_core	19.458702087402344	0.9999999964584525	1
HPCLAS_TRAIN_P_002467	1	HPCLAS_TRAIN_P_002467	4	D_hard_sample	11.179821014404297	0.9999860472643815	1
HPCLAS_TRAIN_P_002508	1	HPCLAS_TRAIN_P_002508	4	A_clean_core	41.347164154052734	1.0	1
HPCLAS_TRAIN_P_002509	1	HPCLAS_TRAIN_P_002509	4	A_clean_core	24.232589721679688	0.9999999999700828	1
HPCLAS_TRAIN_P_002513	1	HPCLAS_TRAIN_P_002513	4	A_clean_core	42.024654388427734	1.0	1
HPCLAS_TRAIN_P_002521	1	HPCLAS_TRAIN_P_002521	4	A_clean_core	13.31666374206543	0.9999983531816248	1
HPCLAS_TRAIN_P_002523	1	HPCLAS_TRAIN_P_002523	4	D_hard_sample	6.362146377563477	0.9982773139497336	1
HPCLAS_TRAIN_P_002529	1	HPCLAS_TRAIN_P_002529	4	D_hard_sample	21.1031494140625	0.9999999993160589	1
HPCLAS_TRAIN_P_002533	1	HPCLAS_TRAIN_P_002533	4	D_hard_sample	15.602152824401855	0.9999998324783085	1
HPCLAS_TRAIN_P_002544	1	HPCLAS_TRAIN_P_002544	4	D_hard_sample	-3.32702898979187	0.03465548660013641	0
HPCLAS_TRAIN_P_002545	1	HPCLAS_TRAIN_P_002545	4	D_hard_sample	-2.5593020915985107	0.07180404271979125	0
HPCLAS_TRAIN_P_002547	1	HPCLAS_TRAIN_P_002547	4	A_clean_core	10.037381172180176	0.999956267757155	1
HPCLAS_TRAIN_P_002553	1	HPCLAS_TRAIN_P_002553	4	A_clean_core	69.75141143798828	1.0	1
HPCLAS_TRAIN_P_002555	1	HPCLAS_TRAIN_P_002555	4	A_clean_core	24.49289321899414	0.9999999999769393	1
HPCLAS_TRAIN_P_002558	1	HPCLAS_TRAIN_P_002558	4	A_clean_core	58.235572814941406	1.0	1
HPCLAS_TRAIN_P_002559	1	HPCLAS_TRAIN_P_002559	4	D_hard_sample	8.620829582214355	0.9998197218958917	1
HPCLAS_TRAIN_P_002560	1	HPCLAS_TRAIN_P_002560	4	A_clean_core	5.8511223793029785	0.997131582853474	1
HPCLAS_TRAIN_P_002569	1	HPCLAS_TRAIN_P_002569	4	D_hard_sample	40.156394958496094	1.0	1
HPCLAS_TRAIN_P_002571	1	HPCLAS_TRAIN_P_002571	4	A_clean_core	36.77835464477539	1.0	1
HPCLAS_TRAIN_P_002587	1	HPCLAS_TRAIN_P_002587	4	A_clean_core	44.829017639160156	1.0	1
HPCLAS_TRAIN_P_002593	1	HPCLAS_TRAIN_P_002593	4	A_clean_core	9.196816444396973	0.9998986486941752	1
HPCLAS_TRAIN_P_002602	1	HPCLAS_TRAIN_P_002602	4	A_clean_core	28.776683807373047	0.999999999999682	1
HPCLAS_TRAIN_P_002604	1	HPCLAS_TRAIN_P_002604	4	A_clean_core	22.799606323242188	0.9999999998746119	1
HPCLAS_TRAIN_P_002608	1	HPCLAS_TRAIN_P_002608	4	A_clean_core	57.6927375793457	1.0	1
HPCLAS_TRAIN_P_002609	1	HPCLAS_TRAIN_P_002609	4	A_clean_core	50.23550033569336	1.0	1
HPCLAS_TRAIN_P_002614	1	HPCLAS_TRAIN_P_002614	4	A_clean_core	14.964004516601562	0.999999682886104	1
HPCLAS_TRAIN_P_002615	1	HPCLAS_TRAIN_P_002615	4	A_clean_core	51.91160583496094	1.0	1
HPCLAS_TRAIN_P_002626	1	HPCLAS_TRAIN_P_002626	4	D_hard_sample	5.0849785804748535	0.9938490487037198	1
HPCLAS_TRAIN_P_002627	1	HPCLAS_TRAIN_P_002627	4	A_clean_core	58.527923583984375	1.0	1
HPCLAS_TRAIN_P_002628	1	HPCLAS_TRAIN_P_002628	4	A_clean_core	38.279720306396484	1.0	1
HPCLAS_TRAIN_P_002643	1	HPCLAS_TRAIN_P_002643	4	A_clean_core	26.078598022460938	0.9999999999952771	1
HPCLAS_TRAIN_P_002647	1	HPCLAS_TRAIN_P_002647	4	A_clean_core	98.2541275024414	1.0	1
HPCLAS_TRAIN_P_002648	1	HPCLAS_TRAIN_P_002648	4	D_hard_sample	-5.2664923667907715	0.005135177984684348	0
HPCLAS_TRAIN_P_002662	1	HPCLAS_TRAIN_P_002662	4	A_clean_core	11.042016983032227	0.9999839857722644	1
HPCLAS_TRAIN_P_002669	1	HPCLAS_TRAIN_P_002669	4	A_clean_core	65.1338882446289	1.0	1
HPCLAS_TRAIN_P_002671	1	HPCLAS_TRAIN_P_002671	4	D_hard_sample	3.0995676517486572	0.9568749075941805	1
HPCLAS_TRAIN_P_002672	1	HPCLAS_TRAIN_P_002672	4	A_clean_core	21.7050838470459	0.9999999996253706	1
HPCLAS_TRAIN_P_002681	1	HPCLAS_TRAIN_P_002681	4	D_hard_sample	1.8633217811584473	0.8656836590755751	1
HPCLAS_TRAIN_P_002686	1	HPCLAS_TRAIN_P_002686	4	A_clean_core	19.203458786010742	0.9999999954286569	1
HPCLAS_TRAIN_P_002688	1	HPCLAS_TRAIN_P_002688	4	A_clean_core	55.630001068115234	1.0	1
HPCLAS_TRAIN_P_002704	1	HPCLAS_TRAIN_P_002704	4	A_clean_core	37.00413513183594	1.0	1
HPCLAS_TRAIN_P_002715	1	HPCLAS_TRAIN_P_002715	4	D_hard_sample	9.268424034118652	0.9999056518021261	1
HPCLAS_TRAIN_P_002716	1	HPCLAS_TRAIN_P_002716	4	A_clean_core	62.71135330200195	1.0	1
HPCLAS_TRAIN_P_002717	1	HPCLAS_TRAIN_P_002717	4	A_clean_core	25.959564208984375	0.99999999999468	1
HPCLAS_TRAIN_P_002723	1	HPCLAS_TRAIN_P_002723	4	A_clean_core	52.18720245361328	1.0	1
HPCLAS_TRAIN_P_002731	1	HPCLAS_TRAIN_P_002731	4	A_clean_core	40.753414154052734	1.0	1
HPCLAS_TRAIN_P_002734	1	HPCLAS_TRAIN_N_000485	4	B_ambiguous	4.597001075744629	0.9900186069761311	1
HPCLAS_TRAIN_P_002739	1	HPCLAS_TRAIN_P_002739	4	A_clean_core	54.30911636352539	1.0	1
HPCLAS_TRAIN_P_002748	1	HPCLAS_TRAIN_P_002748	4	A_clean_core	18.17464828491211	0.9999999872105892	1
HPCLAS_TRAIN_P_002750	1	HPCLAS_TRAIN_P_002750	4	A_clean_core	13.774592399597168	0.9999989582342431	1
HPCLAS_TRAIN_P_002752	1	HPCLAS_TRAIN_P_002752	4	A_clean_core	62.56983947753906	1.0	1
HPCLAS_TRAIN_P_002754	1	HPCLAS_TRAIN_P_002754	4	A_clean_core	21.14251136779785	0.9999999993424573	1
HPCLAS_TRAIN_P_002758	1	HPCLAS_TRAIN_P_007368	4	A_clean_core	43.827117919921875	1.0	1
HPCLAS_TRAIN_P_002760	1	HPCLAS_TRAIN_P_002760	4	A_clean_core	35.21491622924805	0.9999999999999996	1
HPCLAS_TRAIN_P_002766	1	HPCLAS_TRAIN_P_002766	4	D_hard_sample	2.3073766231536865	0.9094861278662827	1
HPCLAS_TRAIN_P_002771	1	HPCLAS_TRAIN_P_002771	4	A_clean_core	47.6240119934082	1.0	1
HPCLAS_TRAIN_P_002774	1	HPCLAS_TRAIN_P_002774	4	A_clean_core	22.737224578857422	0.9999999998665408	1
HPCLAS_TRAIN_P_002777	1	HPCLAS_TRAIN_P_002777	4	D_hard_sample	17.207210540771484	0.9999999663485797	1
HPCLAS_TRAIN_P_002781	1	HPCLAS_TRAIN_P_002781	4	A_clean_core	68.650634765625	1.0	1
HPCLAS_TRAIN_P_002787	1	HPCLAS_TRAIN_P_002787	4	A_clean_core	65.31989288330078	1.0	1
HPCLAS_TRAIN_P_002795	1	HPCLAS_TRAIN_P_002795	4	A_clean_core	68.78204345703125	1.0	1
HPCLAS_TRAIN_P_002807	1	HPCLAS_TRAIN_P_002807	4	A_clean_core	26.006784439086914	0.9999999999949254	1
HPCLAS_TRAIN_P_002808	1	HPCLAS_TRAIN_P_002808	4	A_clean_core	13.462879180908203	0.9999985771954567	1
HPCLAS_TRAIN_P_002822	1	HPCLAS_TRAIN_P_002822	4	A_clean_core	49.740840911865234	1.0	1
HPCLAS_TRAIN_P_002823	1	HPCLAS_TRAIN_P_002823	4	A_clean_core	21.634937286376953	0.9999999995981481	1
HPCLAS_TRAIN_P_002836	1	HPCLAS_TRAIN_P_002836	4	A_clean_core	6.94336462020874	0.9990359131481108	1
HPCLAS_TRAIN_P_002840	1	HPCLAS_TRAIN_P_002840	4	D_hard_sample	9.540742874145508	0.9999281417216535	1
HPCLAS_TRAIN_P_002856	1	HPCLAS_TRAIN_P_002856	4	D_hard_sample	5.9471116065979	0.9973934338514001	1
HPCLAS_TRAIN_P_002866	1	HPCLAS_TRAIN_P_002866	4	A_clean_core	15.216054916381836	0.9999997535372974	1
HPCLAS_TRAIN_P_002886	1	HPCLAS_TRAIN_P_002886	4	A_clean_core	23.502113342285156	0.9999999999378899	1
HPCLAS_TRAIN_P_002892	1	HPCLAS_TRAIN_P_002892	4	A_clean_core	17.252689361572266	0.9999999678447272	1
HPCLAS_TRAIN_P_002905	1	HPCLAS_TRAIN_N_003138	4	B_ambiguous	28.617666244506836	0.9999999999996272	1
HPCLAS_TRAIN_P_002914	1	HPCLAS_TRAIN_P_002914	4	A_clean_core	10.469654083251953	0.9999716159294908	1
HPCLAS_TRAIN_P_002928	1	HPCLAS_TRAIN_P_002928	4	D_hard_sample	3.530576467514038	0.9715453530755409	1
HPCLAS_TRAIN_P_002933	1	HPCLAS_TRAIN_P_002933	4	A_clean_core	19.816274642944336	0.9999999975231411	1
HPCLAS_TRAIN_P_002935	1	HPCLAS_TRAIN_P_002935	4	A_clean_core	38.794898986816406	1.0	1
HPCLAS_TRAIN_P_002941	1	HPCLAS_TRAIN_P_002941	4	A_clean_core	52.968589782714844	1.0	1
HPCLAS_TRAIN_P_002943	1	HPCLAS_TRAIN_P_002943	4	A_clean_core	20.456920623779297	0.9999999986948145	1
HPCLAS_TRAIN_P_002944	1	HPCLAS_TRAIN_P_002944	4	A_clean_core	30.898880004882812	0.9999999999999618	1
HPCLAS_TRAIN_P_002948	1	HPCLAS_TRAIN_P_002948	4	A_clean_core	55.89232635498047	1.0	1
HPCLAS_TRAIN_P_002951	1	HPCLAS_TRAIN_P_002951	4	D_hard_sample	17.38721466064453	0.9999999718920868	1
HPCLAS_TRAIN_P_002967	1	HPCLAS_TRAIN_P_002967	4	A_clean_core	42.95644760131836	1.0	1
HPCLAS_TRAIN_P_002968	1	HPCLAS_TRAIN_P_002968	4	D_hard_sample	-6.755642890930176	0.001162937084210353	0
HPCLAS_TRAIN_P_002978	1	HPCLAS_TRAIN_P_002978	4	A_clean_core	61.169681549072266	1.0	1
HPCLAS_TRAIN_P_002982	1	HPCLAS_TRAIN_P_002982	4	A_clean_core	10.968259811401367	0.9999827599786025	1
HPCLAS_TRAIN_P_002991	1	HPCLAS_TRAIN_P_002991	4	A_clean_core	18.94830322265625	0.9999999940999393	1
HPCLAS_TRAIN_P_003006	1	HPCLAS_TRAIN_P_003006	4	A_clean_core	73.2513427734375	1.0	1
HPCLAS_TRAIN_P_003008	1	HPCLAS_TRAIN_P_003008	4	A_clean_core	3.4694530963897705	0.9698060080245428	1
HPCLAS_TRAIN_P_003011	1	HPCLAS_TRAIN_P_003011	4	A_clean_core	51.23599624633789	1.0	1
HPCLAS_TRAIN_P_003016	1	HPCLAS_TRAIN_P_003016	4	A_clean_core	65.04290771484375	1.0	1
HPCLAS_TRAIN_P_003025	1	HPCLAS_TRAIN_P_003025	4	A_clean_core	36.61130905151367	0.9999999999999998	1
HPCLAS_TRAIN_P_003039	1	HPCLAS_TRAIN_P_003039	4	A_clean_core	18.410057067871094	0.9999999898931969	1
HPCLAS_TRAIN_P_003042	1	HPCLAS_TRAIN_P_003042	4	A_clean_core	25.95760154724121	0.9999999999946696	1
HPCLAS_TRAIN_P_003047	1	HPCLAS_TRAIN_P_003047	4	B_ambiguous	-7.790231704711914	0.0004135858793698152	0
HPCLAS_TRAIN_P_003050	1	HPCLAS_TRAIN_P_003050	4	B_ambiguous	-2.4673447608947754	0.0781793770093895	0
HPCLAS_TRAIN_P_003051	1	HPCLAS_TRAIN_P_003051	4	A_clean_core	49.81307601928711	1.0	1
HPCLAS_TRAIN_P_003056	1	HPCLAS_TRAIN_P_003056	4	A_clean_core	32.49520492553711	0.9999999999999922	1
HPCLAS_TRAIN_P_003058	1	HPCLAS_TRAIN_P_003058	4	D_hard_sample	8.72537612915039	0.9998376146798774	1
HPCLAS_TRAIN_P_003059	1	HPCLAS_TRAIN_P_003059	4	B_ambiguous	29.053321838378906	0.9999999999997589	1
HPCLAS_TRAIN_P_003060	1	HPCLAS_TRAIN_P_003373	4	A_clean_core	44.53334045410156	1.0	1
HPCLAS_TRAIN_P_003064	1	HPCLAS_TRAIN_P_003064	4	A_clean_core	37.78921127319336	1.0	1
HPCLAS_TRAIN_P_003068	1	HPCLAS_TRAIN_P_003068	4	D_hard_sample	0.25837481021881104	0.5642367422739798	1
HPCLAS_TRAIN_P_003075	1	HPCLAS_TRAIN_P_003075	4	D_hard_sample	5.453909873962402	0.9957386969374793	1
HPCLAS_TRAIN_P_003085	1	HPCLAS_TRAIN_P_003085	4	A_clean_core	2.5643160343170166	0.9285294110413258	1
HPCLAS_TRAIN_P_003087	1	HPCLAS_TRAIN_P_003087	4	A_clean_core	75.29991912841797	1.0	1
HPCLAS_TRAIN_P_003090	1	HPCLAS_TRAIN_P_003090	4	A_clean_core	56.5504264831543	1.0	1
HPCLAS_TRAIN_P_003094	1	HPCLAS_TRAIN_P_003094	4	A_clean_core	69.11571502685547	1.0	1
HPCLAS_TRAIN_P_003095	1	HPCLAS_TRAIN_P_003095	4	A_clean_core	10.147625923156738	0.9999608325726428	1
HPCLAS_TRAIN_P_003097	1	HPCLAS_TRAIN_P_003097	4	A_clean_core	53.05629348754883	1.0	1
HPCLAS_TRAIN_P_003099	1	HPCLAS_TRAIN_P_003099	4	A_clean_core	17.781063079833984	0.999999981042441	1
HPCLAS_TRAIN_P_003101	1	HPCLAS_TRAIN_P_003101	4	A_clean_core	80.3703842163086	1.0	1
HPCLAS_TRAIN_P_003116	1	HPCLAS_TRAIN_N_001443	4	B_ambiguous	1.3680039644241333	0.7970574725624052	1
HPCLAS_TRAIN_P_003126	1	HPCLAS_TRAIN_P_002340	4	A_clean_core	37.795352935791016	1.0	1
HPCLAS_TRAIN_P_003137	1	HPCLAS_TRAIN_P_003137	4	D_hard_sample	-6.724153995513916	0.0012000946972803201	0
HPCLAS_TRAIN_P_003141	1	HPCLAS_TRAIN_P_003141	4	A_clean_core	50.52385330200195	1.0	1
HPCLAS_TRAIN_P_003144	1	HPCLAS_TRAIN_P_003144	4	A_clean_core	20.585824966430664	0.9999999988526662	1
HPCLAS_TRAIN_P_003148	1	HPCLAS_TRAIN_P_003148	4	A_clean_core	22.91798973083496	0.9999999998886107	1
HPCLAS_TRAIN_P_003166	1	HPCLAS_TRAIN_P_003166	4	A_clean_core	5.857106685638428	0.9971486482822305	1
HPCLAS_TRAIN_P_003167	1	HPCLAS_TRAIN_P_003167	4	A_clean_core	17.39984893798828	0.9999999722449758	1
HPCLAS_TRAIN_P_003176	1	HPCLAS_TRAIN_P_003176	4	A_clean_core	22.832218170166016	0.9999999998786349	1
HPCLAS_TRAIN_P_003183	1	HPCLAS_TRAIN_P_003183	4	A_clean_core	75.93070983886719	1.0	1
HPCLAS_TRAIN_P_003185	1	HPCLAS_TRAIN_P_003185	4	A_clean_core	52.9879150390625	1.0	1
HPCLAS_TRAIN_P_003189	1	HPCLAS_TRAIN_P_003189	4	A_clean_core	28.124881744384766	0.9999999999993898	1
HPCLAS_TRAIN_P_003192	1	HPCLAS_TRAIN_P_003192	4	A_clean_core	13.46483039855957	0.9999985799689474	1
HPCLAS_TRAIN_P_003196	1	HPCLAS_TRAIN_P_003196	4	D_hard_sample	20.947643280029297	0.9999999992009865	1
HPCLAS_TRAIN_P_003197	1	HPCLAS_TRAIN_P_003197	4	A_clean_core	23.943992614746094	0.9999999999600739	1
HPCLAS_TRAIN_P_003213	1	HPCLAS_TRAIN_P_003213	4	A_clean_core	24.506961822509766	0.9999999999772615	1
HPCLAS_TRAIN_P_003216	1	HPCLAS_TRAIN_P_003216	4	A_clean_core	12.002609252929688	0.9999938718361081	1
HPCLAS_TRAIN_P_003219	1	HPCLAS_TRAIN_P_003219	4	A_clean_core	72.40052032470703	1.0	1
HPCLAS_TRAIN_P_003223	1	HPCLAS_TRAIN_P_003223	4	A_clean_core	51.3932991027832	1.0	1
HPCLAS_TRAIN_P_003224	1	HPCLAS_TRAIN_P_003224	4	A_clean_core	65.15825653076172	1.0	1
HPCLAS_TRAIN_P_003230	1	HPCLAS_TRAIN_P_003230	4	A_clean_core	23.05521583557129	0.9999999999028939	1
HPCLAS_TRAIN_P_003231	1	HPCLAS_TRAIN_P_003231	4	A_clean_core	21.797000885009766	0.9999999996582702	1
HPCLAS_TRAIN_P_003241	1	HPCLAS_TRAIN_P_003241	4	A_clean_core	11.495065689086914	0.9999898199014815	1
HPCLAS_TRAIN_P_003242	1	HPCLAS_TRAIN_P_003242	4	A_clean_core	1.6384602785110474	0.8373253183610101	1
HPCLAS_TRAIN_P_003248	1	HPCLAS_TRAIN_P_003248	4	A_clean_core	19.202898025512695	0.9999999954260927	1
HPCLAS_TRAIN_P_003249	1	HPCLAS_TRAIN_P_003249	4	A_clean_core	37.52351760864258	1.0	1
HPCLAS_TRAIN_P_003273	1	HPCLAS_TRAIN_P_003273	4	A_clean_core	32.93301773071289	0.9999999999999951	1
HPCLAS_TRAIN_P_003281	1	HPCLAS_TRAIN_P_003281	4	A_clean_core	39.39121627807617	1.0	1
HPCLAS_TRAIN_P_003287	1	HPCLAS_TRAIN_P_003287	4	A_clean_core	11.22049331665039	0.9999866033611341	1
HPCLAS_TRAIN_P_003289	1	HPCLAS_TRAIN_P_003289	4	D_hard_sample	-11.872553825378418	6.979307872943285e-06	0
HPCLAS_TRAIN_P_003293	1	HPCLAS_TRAIN_P_003293	4	A_clean_core	24.56134033203125	0.999999999978465	1
HPCLAS_TRAIN_P_003303	1	HPCLAS_TRAIN_P_003303	4	A_clean_core	46.90262985229492	1.0	1
HPCLAS_TRAIN_P_003321	1	HPCLAS_TRAIN_P_003321	4	D_hard_sample	3.575397491455078	0.9727585844629898	1
HPCLAS_TRAIN_P_003324	1	HPCLAS_TRAIN_P_003324	4	A_clean_core	67.84085845947266	1.0	1
HPCLAS_TRAIN_P_003337	1	HPCLAS_TRAIN_P_003337	4	A_clean_core	32.66267013549805	0.9999999999999936	1
HPCLAS_TRAIN_P_003341	1	HPCLAS_TRAIN_P_003341	4	A_clean_core	20.700897216796875	0.9999999989773793	1
HPCLAS_TRAIN_P_003354	1	HPCLAS_TRAIN_P_003354	4	A_clean_core	19.1673583984375	0.9999999952606147	1
HPCLAS_TRAIN_P_003369	1	HPCLAS_TRAIN_P_003369	4	D_hard_sample	-0.8286788463592529	0.30392449361225615	0
HPCLAS_TRAIN_P_003373	1	HPCLAS_TRAIN_P_003373	4	A_clean_core	45.845638275146484	1.0	1
HPCLAS_TRAIN_P_003374	1	HPCLAS_TRAIN_P_003374	4	A_clean_core	6.269540309906006	0.9981104784287786	1
HPCLAS_TRAIN_P_003378	1	HPCLAS_TRAIN_P_003378	4	A_clean_core	46.492435455322266	1.0	1
HPCLAS_TRAIN_P_003381	1	HPCLAS_TRAIN_P_003381	4	A_clean_core	48.42494583129883	1.0	1
HPCLAS_TRAIN_P_003393	1	HPCLAS_TRAIN_P_003393	4	A_clean_core	40.4520149230957	1.0	1
HPCLAS_TRAIN_P_003400	1	HPCLAS_TRAIN_P_003400	4	A_clean_core	56.891632080078125	1.0	1
HPCLAS_TRAIN_P_003403	1	HPCLAS_TRAIN_P_003403	4	A_clean_core	17.938762664794922	0.999999983808229	1
HPCLAS_TRAIN_P_003409	1	HPCLAS_TRAIN_P_003409	4	A_clean_core	19.64493179321289	0.999999997060222	1
HPCLAS_TRAIN_P_003416	1	HPCLAS_TRAIN_P_003416	4	A_clean_core	6.495504856109619	0.9984920647220763	1
HPCLAS_TRAIN_P_003426	1	HPCLAS_TRAIN_P_003426	4	A_clean_core	37.77977752685547	1.0	1
HPCLAS_TRAIN_P_003427	1	HPCLAS_TRAIN_N_004184	4	B_ambiguous	36.543575286865234	0.9999999999999998	1
HPCLAS_TRAIN_P_003437	1	HPCLAS_TRAIN_P_003437	4	A_clean_core	10.75218677520752	0.999978601894621	1
HPCLAS_TRAIN_P_003446	1	HPCLAS_TRAIN_P_003446	4	A_clean_core	27.69908905029297	0.9999999999990659	1
HPCLAS_TRAIN_P_003454	1	HPCLAS_TRAIN_P_003454	4	A_clean_core	25.47662353515625	0.9999999999913773	1
HPCLAS_TRAIN_P_003455	1	HPCLAS_TRAIN_P_003455	4	A_clean_core	77.00020599365234	1.0	1
HPCLAS_TRAIN_P_003461	1	HPCLAS_TRAIN_P_003461	4	D_hard_sample	1.544892430305481	0.8241748154560914	1
HPCLAS_TRAIN_P_003462	1	HPCLAS_TRAIN_P_003462	4	A_clean_core	14.047391891479492	0.9999992069604039	1
HPCLAS_TRAIN_P_003466	1	HPCLAS_TRAIN_P_005832	4	A_clean_core	50.31997299194336	1.0	1
HPCLAS_TRAIN_P_003484	1	HPCLAS_TRAIN_P_003484	4	A_clean_core	42.848060607910156	1.0	1
HPCLAS_TRAIN_P_003486	1	HPCLAS_TRAIN_P_003486	4	A_clean_core	39.92557144165039	1.0	1
HPCLAS_TRAIN_P_003493	1	HPCLAS_TRAIN_P_003493	4	A_clean_core	24.741500854492188	0.9999999999820153	1
HPCLAS_TRAIN_P_003497	1	HPCLAS_TRAIN_P_003497	4	A_clean_core	29.486364364624023	0.9999999999998437	1
HPCLAS_TRAIN_P_003499	1	HPCLAS_TRAIN_P_003499	4	A_clean_core	59.0665283203125	1.0	1
HPCLAS_TRAIN_P_003514	1	HPCLAS_TRAIN_P_003514	4	A_clean_core	37.846771240234375	1.0	1
HPCLAS_TRAIN_P_003520	1	HPCLAS_TRAIN_P_003520	4	A_clean_core	23.101470947265625	0.999999999907283	1
HPCLAS_TRAIN_P_003526	1	HPCLAS_TRAIN_P_003526	4	A_clean_core	62.88032150268555	1.0	1
HPCLAS_TRAIN_P_003530	1	HPCLAS_TRAIN_P_003530	4	A_clean_core	7.2667412757873535	0.9993021032691097	1
HPCLAS_TRAIN_P_003538	1	HPCLAS_TRAIN_P_003538	4	A_clean_core	28.1583251953125	0.9999999999994098	1
HPCLAS_TRAIN_P_003539	1	HPCLAS_TRAIN_P_003539	4	A_clean_core	32.39208221435547	0.9999999999999913	1
HPCLAS_TRAIN_P_003552	1	HPCLAS_TRAIN_P_003552	4	A_clean_core	12.588122367858887	0.9999965877060497	1
HPCLAS_TRAIN_P_003555	1	HPCLAS_TRAIN_P_003555	4	A_clean_core	63.20122528076172	1.0	1
HPCLAS_TRAIN_P_003570	1	HPCLAS_TRAIN_P_003570	4	A_clean_core	19.734657287597656	0.9999999973125075	1
HPCLAS_TRAIN_P_003572	1	HPCLAS_TRAIN_P_003572	4	A_clean_core	44.86073684692383	1.0	1
HPCLAS_TRAIN_P_003600	1	HPCLAS_TRAIN_P_003600	4	A_clean_core	19.167469024658203	0.9999999952611389	1
HPCLAS_TRAIN_P_003602	1	HPCLAS_TRAIN_P_003602	4	A_clean_core	60.55872344970703	1.0	1
HPCLAS_TRAIN_P_003617	1	HPCLAS_TRAIN_P_003617	4	A_clean_core	56.54507064819336	1.0	1
HPCLAS_TRAIN_P_003622	1	HPCLAS_TRAIN_P_003622	4	A_clean_core	69.55147552490234	1.0	1
HPCLAS_TRAIN_P_003625	1	HPCLAS_TRAIN_P_003625	4	A_clean_core	54.614418029785156	1.0	1
HPCLAS_TRAIN_P_003639	1	HPCLAS_TRAIN_P_003639	4	A_clean_core	56.246524810791016	1.0	1
HPCLAS_TRAIN_P_003640	1	HPCLAS_TRAIN_P_003640	4	A_clean_core	40.67885971069336	1.0	1
HPCLAS_TRAIN_P_003641	1	HPCLAS_TRAIN_P_003641	4	A_clean_core	34.54262161254883	0.9999999999999991	1
HPCLAS_TRAIN_P_003649	1	HPCLAS_TRAIN_P_003649	4	A_clean_core	49.91797637939453	1.0	1
HPCLAS_TRAIN_P_003650	1	HPCLAS_TRAIN_P_003650	4	A_clean_core	59.9200325012207	1.0	1
HPCLAS_TRAIN_P_003658	1	HPCLAS_TRAIN_P_003658	4	A_clean_core	43.126007080078125	1.0	1
HPCLAS_TRAIN_P_003665	1	HPCLAS_TRAIN_P_003665	4	A_clean_core	36.742984771728516	1.0	1
HPCLAS_TRAIN_P_003672	1	HPCLAS_TRAIN_P_003672	4	A_clean_core	22.90459442138672	0.9999999998871085	1
HPCLAS_TRAIN_P_003675	1	HPCLAS_TRAIN_P_003675	4	A_clean_core	68.60211181640625	1.0	1
HPCLAS_TRAIN_P_003678	1	HPCLAS_TRAIN_P_003678	4	A_clean_core	6.7856526374816895	0.9988714050982099	1
HPCLAS_TRAIN_P_003682	1	HPCLAS_TRAIN_P_003682	4	D_hard_sample	10.623887062072754	0.9999756727002003	1
HPCLAS_TRAIN_P_003686	1	HPCLAS_TRAIN_P_003686	4	A_clean_core	52.945133209228516	1.0	1
HPCLAS_TRAIN_P_003687	1	HPCLAS_TRAIN_P_003687	4	D_hard_sample	38.7901496887207	1.0	1
HPCLAS_TRAIN_P_003692	1	HPCLAS_TRAIN_P_003692	4	D_hard_sample	3.0446760654449463	0.9545521197456086	1
HPCLAS_TRAIN_P_003697	1	HPCLAS_TRAIN_P_003697	4	A_clean_core	9.37340259552002	0.9999150533839921	1
HPCLAS_TRAIN_P_003708	1	HPCLAS_TRAIN_P_003708	4	A_clean_core	45.66957473754883	1.0	1
HPCLAS_TRAIN_P_003716	1	HPCLAS_TRAIN_P_003716	4	A_clean_core	2.4055991172790527	0.9172532689302684	1
HPCLAS_TRAIN_P_003726	1	HPCLAS_TRAIN_P_003726	4	A_clean_core	13.362953186035156	0.9999984276743963	1
HPCLAS_TRAIN_P_003745	1	HPCLAS_TRAIN_P_003745	4	A_clean_core	15.871726036071777	0.9999998720627802	1
HPCLAS_TRAIN_P_003746	1	HPCLAS_TRAIN_P_003746	4	A_clean_core	65.96683502197266	1.0	1
HPCLAS_TRAIN_P_003760	1	HPCLAS_TRAIN_P_003760	4	A_clean_core	42.20268630981445	1.0	1
HPCLAS_TRAIN_P_003764	1	HPCLAS_TRAIN_P_003764	4	A_clean_core	66.5195541381836	1.0	1
HPCLAS_TRAIN_P_003771	1	HPCLAS_TRAIN_P_003771	4	A_clean_core	16.570537567138672	0.9999999363927023	1
HPCLAS_TRAIN_P_003778	1	HPCLAS_TRAIN_P_003778	4	A_clean_core	46.681217193603516	1.0	1
HPCLAS_TRAIN_P_003781	1	HPCLAS_TRAIN_P_003781	4	A_clean_core	54.95646286010742	1.0	1
HPCLAS_TRAIN_P_003788	1	HPCLAS_TRAIN_P_003788	4	A_clean_core	11.715555191040039	0.9999918342612405	1
HPCLAS_TRAIN_P_003789	1	HPCLAS_TRAIN_P_003789	4	A_clean_core	27.93075180053711	0.999999999999259	1
HPCLAS_TRAIN_P_003795	1	HPCLAS_TRAIN_P_003795	4	A_clean_core	30.235618591308594	0.9999999999999261	1
HPCLAS_TRAIN_P_003796	1	HPCLAS_TRAIN_P_003796	4	A_clean_core	63.68717956542969	1.0	1
HPCLAS_TRAIN_P_003797	1	HPCLAS_TRAIN_P_003797	4	A_clean_core	40.05582809448242	1.0	1
HPCLAS_TRAIN_P_003798	1	HPCLAS_TRAIN_P_003798	4	A_clean_core	24.51005744934082	0.9999999999773317	1
HPCLAS_TRAIN_P_003801	1	HPCLAS_TRAIN_P_003801	4	A_clean_core	5.0264458656311035	0.9934806885898808	1
HPCLAS_TRAIN_P_003817	1	HPCLAS_TRAIN_P_003817	4	A_clean_core	79.16781616210938	1.0	1
HPCLAS_TRAIN_P_003818	1	HPCLAS_TRAIN_P_003818	4	A_clean_core	19.550403594970703	0.999999996768772	1
HPCLAS_TRAIN_P_003819	1	HPCLAS_TRAIN_P_003819	4	A_clean_core	56.01664733886719	1.0	1
HPCLAS_TRAIN_P_003820	1	HPCLAS_TRAIN_P_003820	4	A_clean_core	5.755540370941162	0.9968447910848665	1
HPCLAS_TRAIN_P_003828	1	HPCLAS_TRAIN_P_003828	4	A_clean_core	76.02639770507812	1.0	1
HPCLAS_TRAIN_P_003835	1	HPCLAS_TRAIN_P_003835	4	A_clean_core	52.8614616394043	1.0	1
HPCLAS_TRAIN_P_003841	1	HPCLAS_TRAIN_P_003841	4	A_clean_core	49.80607604980469	1.0	1
HPCLAS_TRAIN_P_003846	1	HPCLAS_TRAIN_P_003846	4	D_hard_sample	7.532182216644287	0.9994647184252273	1
HPCLAS_TRAIN_P_003852	1	HPCLAS_TRAIN_P_003852	4	A_clean_core	12.205373764038086	0.9999949965294059	1
HPCLAS_TRAIN_P_003854	1	HPCLAS_TRAIN_P_003854	4	A_clean_core	11.763254165649414	0.9999922146122847	1
HPCLAS_TRAIN_P_003856	1	HPCLAS_TRAIN_P_003856	4	B_ambiguous	4.676738739013672	0.9907765396146931	1
HPCLAS_TRAIN_P_003857	1	HPCLAS_TRAIN_P_003857	4	A_clean_core	16.05510902404785	0.9999998934987517	1
HPCLAS_TRAIN_P_003861	1	HPCLAS_TRAIN_P_003861	4	A_clean_core	9.734426498413086	0.9999407938837442	1
HPCLAS_TRAIN_P_003881	1	HPCLAS_TRAIN_P_003881	4	A_clean_core	40.939449310302734	1.0	1
HPCLAS_TRAIN_P_003885	1	HPCLAS_TRAIN_P_003885	4	A_clean_core	17.09200668334961	0.9999999622396686	1
HPCLAS_TRAIN_P_003886	1	HPCLAS_TRAIN_P_003886	4	A_clean_core	18.256038665771484	0.9999999882102896	1
HPCLAS_TRAIN_P_003893	1	HPCLAS_TRAIN_P_003893	4	A_clean_core	58.1087532043457	1.0	1
HPCLAS_TRAIN_P_003894	1	HPCLAS_TRAIN_P_003894	4	A_clean_core	30.553674697875977	0.9999999999999463	1
HPCLAS_TRAIN_P_003907	1	HPCLAS_TRAIN_P_003907	4	A_clean_core	9.23309326171875	0.9999022591536871	1
HPCLAS_TRAIN_P_003913	1	HPCLAS_TRAIN_P_003913	4	A_clean_core	52.39093780517578	1.0	1
HPCLAS_TRAIN_P_003915	1	HPCLAS_TRAIN_P_003915	4	A_clean_core	10.29620361328125	0.9999662401176702	1
HPCLAS_TRAIN_P_003917	1	HPCLAS_TRAIN_P_003917	4	A_clean_core	56.9093132019043	1.0	1
HPCLAS_TRAIN_P_003919	1	HPCLAS_TRAIN_P_003919	4	A_clean_core	34.56430435180664	0.9999999999999991	1
HPCLAS_TRAIN_P_003949	1	HPCLAS_TRAIN_P_003949	4	D_hard_sample	12.03569221496582	0.9999940712558336	1
HPCLAS_TRAIN_P_003950	1	HPCLAS_TRAIN_N_003352	4	B_ambiguous	21.805461883544922	0.9999999996611495	1
HPCLAS_TRAIN_P_003952	1	HPCLAS_TRAIN_P_003952	4	A_clean_core	31.61376190185547	0.9999999999999813	1
HPCLAS_TRAIN_P_003957	1	HPCLAS_TRAIN_P_003957	4	A_clean_core	34.7984504699707	0.9999999999999993	1
HPCLAS_TRAIN_P_003958	1	HPCLAS_TRAIN_P_003958	4	A_clean_core	34.90989303588867	0.9999999999999993	1
HPCLAS_TRAIN_P_003963	1	HPCLAS_TRAIN_P_003963	4	A_clean_core	33.0768928527832	0.9999999999999958	1
HPCLAS_TRAIN_P_003977	1	HPCLAS_TRAIN_P_003977	4	D_hard_sample	10.07242488861084	0.999957773691872	1
HPCLAS_TRAIN_P_003978	1	HPCLAS_TRAIN_P_003978	4	A_clean_core	20.138240814208984	0.9999999982049641	1
HPCLAS_TRAIN_P_003979	1	HPCLAS_TRAIN_P_003979	4	A_clean_core	2.3318140506744385	0.9114778145496978	1
HPCLAS_TRAIN_P_003987	1	HPCLAS_TRAIN_P_003987	4	A_clean_core	49.5102653503418	1.0	1
HPCLAS_TRAIN_P_003994	1	HPCLAS_TRAIN_P_003994	4	A_clean_core	44.44308853149414	1.0	1
HPCLAS_TRAIN_P_004005	1	HPCLAS_TRAIN_P_004005	4	A_clean_core	10.694544792175293	0.9999773322525319	1
HPCLAS_TRAIN_P_004008	1	HPCLAS_TRAIN_P_004008	4	D_hard_sample	3.0967211723327637	0.9567572938380806	1
HPCLAS_TRAIN_P_004014	1	HPCLAS_TRAIN_P_004014	4	A_clean_core	21.523630142211914	0.9999999995508346	1
HPCLAS_TRAIN_P_004020	1	HPCLAS_TRAIN_P_004020	4	A_clean_core	47.19715118408203	1.0	1
HPCLAS_TRAIN_P_004021	1	HPCLAS_TRAIN_P_004021	4	A_clean_core	41.33000946044922	1.0	1
HPCLAS_TRAIN_P_004022	1	HPCLAS_TRAIN_P_004022	4	B_ambiguous	-2.6895666122436523	0.06359182078579109	0
HPCLAS_TRAIN_P_004029	1	HPCLAS_TRAIN_P_004029	4	B_ambiguous	27.205087661743164	0.999999999998469	1
HPCLAS_TRAIN_P_004044	1	HPCLAS_TRAIN_P_004044	4	A_clean_core	18.247928619384766	0.9999999881142857	1
HPCLAS_TRAIN_P_004050	1	HPCLAS_TRAIN_P_004050	4	A_clean_core	27.46811294555664	0.9999999999988232	1
HPCLAS_TRAIN_P_004052	1	HPCLAS_TRAIN_P_004052	4	D_hard_sample	9.047409057617188	0.9998823182659261	1
HPCLAS_TRAIN_P_004057	1	HPCLAS_TRAIN_P_004057	4	A_clean_core	46.009544372558594	1.0	1
HPCLAS_TRAIN_P_004068	1	HPCLAS_TRAIN_P_004068	4	D_hard_sample	8.708270072937012	0.9998348134758434	1
HPCLAS_TRAIN_P_004074	1	HPCLAS_TRAIN_P_004074	4	A_clean_core	39.10569763183594	1.0	1
HPCLAS_TRAIN_P_004090	1	HPCLAS_TRAIN_P_004090	4	A_clean_core	47.28487777709961	1.0	1
HPCLAS_TRAIN_P_004097	1	HPCLAS_TRAIN_P_004097	4	A_clean_core	38.43119430541992	1.0	1
HPCLAS_TRAIN_P_004104	1	HPCLAS_TRAIN_P_004104	4	A_clean_core	97.31451416015625	1.0	1
HPCLAS_TRAIN_P_004123	1	HPCLAS_TRAIN_P_004123	4	A_clean_core	69.74615478515625	1.0	1
HPCLAS_TRAIN_P_004124	1	HPCLAS_TRAIN_P_004124	4	A_clean_core	49.07245635986328	1.0	1
HPCLAS_TRAIN_P_004131	1	HPCLAS_TRAIN_P_004131	4	A_clean_core	10.734938621520996	0.9999782296235807	1
HPCLAS_TRAIN_P_004132	1	HPCLAS_TRAIN_P_004132	4	D_hard_sample	14.526029586791992	0.9999995086111554	1
HPCLAS_TRAIN_P_004137	1	HPCLAS_TRAIN_N_003986	4	B_ambiguous	20.582365036010742	0.9999999988486896	1
HPCLAS_TRAIN_P_004142	1	HPCLAS_TRAIN_P_004142	4	A_clean_core	53.457096099853516	1.0	1
HPCLAS_TRAIN_P_004150	1	HPCLAS_TRAIN_P_004150	4	A_clean_core	40.97431182861328	1.0	1
HPCLAS_TRAIN_P_004152	1	HPCLAS_TRAIN_P_004152	4	D_hard_sample	-0.6706224679946899	0.3383574738145553	0
HPCLAS_TRAIN_P_004164	1	HPCLAS_TRAIN_P_004164	4	D_hard_sample	33.680049896240234	0.9999999999999976	1
HPCLAS_TRAIN_P_004168	1	HPCLAS_TRAIN_P_004168	4	A_clean_core	41.40867614746094	1.0	1
HPCLAS_TRAIN_P_004173	1	HPCLAS_TRAIN_P_004173	4	D_hard_sample	17.705089569091797	0.9999999795460452	1
HPCLAS_TRAIN_P_004175	1	HPCLAS_TRAIN_P_004175	4	D_hard_sample	-3.958472490310669	0.018734570426784367	0
HPCLAS_TRAIN_P_004187	1	HPCLAS_TRAIN_P_004187	4	D_hard_sample	12.946121215820312	0.9999976145519778	1
HPCLAS_TRAIN_P_004198	1	HPCLAS_TRAIN_P_004198	4	A_clean_core	54.9129638671875	1.0	1
HPCLAS_TRAIN_P_004201	1	HPCLAS_TRAIN_P_004201	4	A_clean_core	13.591361045837402	0.9999987487434818	1
HPCLAS_TRAIN_P_004202	1	HPCLAS_TRAIN_P_004202	4	A_clean_core	18.715015411376953	0.9999999925497289	1
HPCLAS_TRAIN_P_004209	1	HPCLAS_TRAIN_P_004209	4	A_clean_core	76.371826171875	1.0	1
HPCLAS_TRAIN_P_004214	1	HPCLAS_TRAIN_P_004214	4	A_clean_core	90.31355285644531	1.0	1
HPCLAS_TRAIN_P_004216	1	HPCLAS_TRAIN_P_004216	4	A_clean_core	80.8051528930664	1.0	1
HPCLAS_TRAIN_P_004221	1	HPCLAS_TRAIN_P_004221	4	A_clean_core	5.735678672790527	0.9967817004924344	1
HPCLAS_TRAIN_P_004229	1	HPCLAS_TRAIN_P_004229	4	A_clean_core	47.51962661743164	1.0	1
HPCLAS_TRAIN_P_004231	1	HPCLAS_TRAIN_P_004231	4	A_clean_core	19.431604385375977	0.9999999963611728	1
HPCLAS_TRAIN_P_004234	1	HPCLAS_TRAIN_P_004234	4	A_clean_core	44.34004592895508	1.0	1
HPCLAS_TRAIN_P_004237	1	HPCLAS_TRAIN_P_004237	4	D_hard_sample	4.027079105377197	0.9824858893948186	1
HPCLAS_TRAIN_P_004257	1	HPCLAS_TRAIN_P_004257	4	A_clean_core	12.175241470336914	0.9999948434696987	1
HPCLAS_TRAIN_P_004259	1	HPCLAS_TRAIN_P_004259	4	A_clean_core	53.38327407836914	1.0	1
HPCLAS_TRAIN_P_004273	1	HPCLAS_TRAIN_P_004273	4	A_clean_core	52.48653030395508	1.0	1
HPCLAS_TRAIN_P_004280	1	HPCLAS_TRAIN_P_004280	4	A_clean_core	18.81353187561035	0.9999999932487076	1
HPCLAS_TRAIN_P_004281	1	HPCLAS_TRAIN_P_004281	4	A_clean_core	39.69265365600586	1.0	1
HPCLAS_TRAIN_P_004287	1	HPCLAS_TRAIN_P_004287	4	A_clean_core	6.268176555633545	0.9981079047067323	1
HPCLAS_TRAIN_P_004288	1	HPCLAS_TRAIN_P_004288	4	A_clean_core	22.426767349243164	0.999999999817955	1
HPCLAS_TRAIN_P_004296	1	HPCLAS_TRAIN_P_004296	4	A_clean_core	32.45810317993164	0.999999999999992	1
HPCLAS_TRAIN_P_004297	1	HPCLAS_TRAIN_P_004297	4	D_hard_sample	13.721176147460938	0.9999989010740303	1
HPCLAS_TRAIN_P_004301	1	HPCLAS_TRAIN_P_004301	4	A_clean_core	66.40613555908203	1.0	1
HPCLAS_TRAIN_P_004310	1	HPCLAS_TRAIN_P_004310	4	A_clean_core	32.46880340576172	0.999999999999992	1
HPCLAS_TRAIN_P_004319	1	HPCLAS_TRAIN_P_004319	4	A_clean_core	22.50494956970215	0.9999999998316456	1
HPCLAS_TRAIN_P_004320	1	HPCLAS_TRAIN_P_004320	4	A_clean_core	9.745560646057129	0.999941449398715	1
HPCLAS_TRAIN_P_004321	1	HPCLAS_TRAIN_P_004321	4	A_clean_core	13.484331130981445	0.9999986073922977	1
HPCLAS_TRAIN_P_004327	1	HPCLAS_TRAIN_P_007348	4	A_clean_core	50.16867446899414	1.0	1
HPCLAS_TRAIN_P_004331	1	HPCLAS_TRAIN_P_004331	4	A_clean_core	19.106170654296875	0.9999999949615668	1
HPCLAS_TRAIN_P_004334	1	HPCLAS_TRAIN_P_004334	4	A_clean_core	20.060155868530273	0.9999999980591812	1
HPCLAS_TRAIN_P_004340	1	HPCLAS_TRAIN_P_004340	4	A_clean_core	30.206937789916992	0.9999999999999238	1
HPCLAS_TRAIN_P_004344	1	HPCLAS_TRAIN_P_004344	4	A_clean_core	15.778104782104492	0.9999998595065436	1
HPCLAS_TRAIN_P_004345	1	HPCLAS_TRAIN_P_004345	4	D_hard_sample	-4.778627872467041	0.008337430085483743	0
HPCLAS_TRAIN_P_004361	1	HPCLAS_TRAIN_P_004361	4	A_clean_core	9.01667594909668	0.9998786458357831	1
HPCLAS_TRAIN_P_004362	1	HPCLAS_TRAIN_P_004362	4	A_clean_core	23.173614501953125	0.9999999999137366	1
HPCLAS_TRAIN_P_004367	1	HPCLAS_TRAIN_P_004367	4	D_hard_sample	-0.9469236731529236	0.2795039167908094	0
HPCLAS_TRAIN_P_004375	1	HPCLAS_TRAIN_P_004375	4	A_clean_core	70.54730987548828	1.0	1
HPCLAS_TRAIN_P_004378	1	HPCLAS_TRAIN_P_004378	4	D_hard_sample	2.557018518447876	0.92804361229024	1
HPCLAS_TRAIN_P_004382	1	HPCLAS_TRAIN_P_004382	4	A_clean_core	11.898929595947266	0.9999932023690326	1
HPCLAS_TRAIN_P_004385	1	HPCLAS_TRAIN_P_004385	4	A_clean_core	7.226654052734375	0.9992735789392444	1
HPCLAS_TRAIN_P_004398	1	HPCLAS_TRAIN_P_004398	4	A_clean_core	56.899906158447266	1.0	1
HPCLAS_TRAIN_P_004405	1	HPCLAS_TRAIN_P_004405	4	A_clean_core	37.956871032714844	1.0	1
HPCLAS_TRAIN_P_004406	1	HPCLAS_TRAIN_P_004406	4	A_clean_core	53.55765914916992	1.0	1
HPCLAS_TRAIN_P_004408	1	HPCLAS_TRAIN_P_004408	4	A_clean_core	35.097694396972656	0.9999999999999993	1
HPCLAS_TRAIN_P_004409	1	HPCLAS_TRAIN_P_004409	4	D_hard_sample	15.61306095123291	0.9999998342957256	1
HPCLAS_TRAIN_P_004415	1	HPCLAS_TRAIN_P_004415	4	A_clean_core	43.37873077392578	1.0	1
HPCLAS_TRAIN_P_004418	1	HPCLAS_TRAIN_P_004418	4	A_clean_core	34.87757873535156	0.9999999999999993	1
HPCLAS_TRAIN_P_004439	1	HPCLAS_TRAIN_P_004439	4	A_clean_core	4.766413688659668	0.9915609752131094	1
HPCLAS_TRAIN_P_004448	1	HPCLAS_TRAIN_P_004448	4	A_clean_core	21.098979949951172	0.9999999993132014	1
HPCLAS_TRAIN_P_004461	1	HPCLAS_TRAIN_P_004461	4	A_clean_core	24.371070861816406	0.9999999999739517	1
HPCLAS_TRAIN_P_004466	1	HPCLAS_TRAIN_P_004466	4	A_clean_core	61.543914794921875	1.0	1
HPCLAS_TRAIN_P_004471	1	HPCLAS_TRAIN_P_004471	4	A_clean_core	29.685461044311523	0.9999999999998719	1
HPCLAS_TRAIN_P_004479	1	HPCLAS_TRAIN_P_004479	4	A_clean_core	11.285409927368164	0.9999874453881533	1
HPCLAS_TRAIN_P_004488	1	HPCLAS_TRAIN_P_004488	4	D_hard_sample	18.28311538696289	0.9999999885252332	1
HPCLAS_TRAIN_P_004492	1	HPCLAS_TRAIN_P_004492	4	A_clean_core	63.23593521118164	1.0	1
HPCLAS_TRAIN_P_004497	1	HPCLAS_TRAIN_P_004497	4	D_hard_sample	11.878279685974121	0.9999930605402026	1
HPCLAS_TRAIN_P_004499	1	HPCLAS_TRAIN_P_004499	4	D_hard_sample	13.211799621582031	0.9999981711102157	1
HPCLAS_TRAIN_P_004501	1	HPCLAS_TRAIN_P_004501	4	A_clean_core	25.95696449279785	0.9999999999946663	1
HPCLAS_TRAIN_P_004506	1	HPCLAS_TRAIN_P_004506	4	A_clean_core	53.63299560546875	1.0	1
HPCLAS_TRAIN_P_004507	1	HPCLAS_TRAIN_P_004507	4	A_clean_core	28.43854331970215	0.9999999999995541	1
HPCLAS_TRAIN_P_004512	1	HPCLAS_TRAIN_P_004512	4	A_clean_core	20.44508171081543	0.9999999986792707	1
HPCLAS_TRAIN_P_004528	1	HPCLAS_TRAIN_P_004528	4	A_clean_core	11.015928268432617	0.9999835624910915	1
HPCLAS_TRAIN_P_004548	1	HPCLAS_TRAIN_P_004548	4	A_clean_core	29.43090057373047	0.9999999999998346	1
HPCLAS_TRAIN_P_004550	1	HPCLAS_TRAIN_P_004550	4	A_clean_core	43.8536262512207	1.0	1
HPCLAS_TRAIN_P_004554	1	HPCLAS_TRAIN_P_004554	4	A_clean_core	40.075660705566406	1.0	1
HPCLAS_TRAIN_P_004557	1	HPCLAS_TRAIN_P_004557	4	A_clean_core	23.18310546875	0.9999999999145512	1
HPCLAS_TRAIN_P_004561	1	HPCLAS_TRAIN_P_004561	4	A_clean_core	44.92483139038086	1.0	1
HPCLAS_TRAIN_P_004562	1	HPCLAS_TRAIN_P_004562	4	A_clean_core	36.39335250854492	0.9999999999999998	1
HPCLAS_TRAIN_P_004567	1	HPCLAS_TRAIN_P_004567	4	A_clean_core	5.694881439208984	0.9966481368796267	1
HPCLAS_TRAIN_P_004570	1	HPCLAS_TRAIN_P_004570	4	A_clean_core	13.798613548278809	0.9999989829604629	1
HPCLAS_TRAIN_P_004574	1	HPCLAS_TRAIN_P_004574	4	A_clean_core	54.12675857543945	1.0	1
HPCLAS_TRAIN_P_004577	1	HPCLAS_TRAIN_P_004577	4	A_clean_core	31.42904281616211	0.9999999999999776	1
HPCLAS_TRAIN_P_004578	1	HPCLAS_TRAIN_P_004578	4	A_clean_core	43.634849548339844	1.0	1
HPCLAS_TRAIN_P_004582	1	HPCLAS_TRAIN_N_002421	4	B_ambiguous	8.827875137329102	0.9998534320941849	1
HPCLAS_TRAIN_P_004588	1	HPCLAS_TRAIN_P_004588	4	B_ambiguous	-3.9324686527252197	0.019218645013325673	0
HPCLAS_TRAIN_P_004594	1	HPCLAS_TRAIN_P_004594	4	A_clean_core	71.06794738769531	1.0	1
HPCLAS_TRAIN_P_004607	1	HPCLAS_TRAIN_P_004607	4	A_clean_core	51.71933364868164	1.0	1
HPCLAS_TRAIN_P_004614	1	HPCLAS_TRAIN_P_001182	4	A_clean_core	38.37894821166992	1.0	1
HPCLAS_TRAIN_P_004623	1	HPCLAS_TRAIN_P_004623	4	A_clean_core	71.2351303100586	1.0	1
HPCLAS_TRAIN_P_004625	1	HPCLAS_TRAIN_P_004625	4	D_hard_sample	-1.2176016569137573	0.2283587897819705	0
HPCLAS_TRAIN_P_004634	1	HPCLAS_TRAIN_P_004634	4	A_clean_core	33.4626579284668	0.9999999999999971	1
HPCLAS_TRAIN_P_004656	1	HPCLAS_TRAIN_N_001578	4	B_ambiguous	13.610889434814453	0.9999987729414335	1
HPCLAS_TRAIN_P_004659	1	HPCLAS_TRAIN_P_004659	4	A_clean_core	31.877880096435547	0.9999999999999858	1
HPCLAS_TRAIN_P_004660	1	HPCLAS_TRAIN_P_004660	4	A_clean_core	58.69793701171875	1.0	1
HPCLAS_TRAIN_P_004661	1	HPCLAS_TRAIN_P_004661	4	A_clean_core	26.38990020751953	0.9999999999965405	1
HPCLAS_TRAIN_P_004670	1	HPCLAS_TRAIN_P_004670	4	D_hard_sample	-3.3153223991394043	0.035049265198358846	0
HPCLAS_TRAIN_P_004684	1	HPCLAS_TRAIN_P_004684	4	D_hard_sample	-0.6745756268501282	0.33747303974991394	0
HPCLAS_TRAIN_P_004713	1	HPCLAS_TRAIN_P_004713	4	A_clean_core	61.89216995239258	1.0	1
HPCLAS_TRAIN_P_004719	1	HPCLAS_TRAIN_P_004719	4	A_clean_core	9.314327239990234	0.9999098844083142	1
HPCLAS_TRAIN_P_004721	1	HPCLAS_TRAIN_P_004721	4	A_clean_core	1.178971767425537	0.764762874446837	1
HPCLAS_TRAIN_P_004727	1	HPCLAS_TRAIN_P_004727	4	A_clean_core	2.306817054748535	0.9094400530172613	1
HPCLAS_TRAIN_P_004730	1	HPCLAS_TRAIN_P_004730	4	A_clean_core	55.65742111206055	1.0	1
HPCLAS_TRAIN_P_004735	1	HPCLAS_TRAIN_P_004735	4	A_clean_core	0.697241485118866	0.6675758904142477	1
HPCLAS_TRAIN_P_004741	1	HPCLAS_TRAIN_P_004741	4	D_hard_sample	2.802802801132202	0.942827094405372	1
HPCLAS_TRAIN_P_004744	1	HPCLAS_TRAIN_P_004744	4	A_clean_core	26.18187713623047	0.9999999999957405	1
HPCLAS_TRAIN_P_004774	1	HPCLAS_TRAIN_P_004774	4	D_hard_sample	12.227344512939453	0.9999951052600435	1
HPCLAS_TRAIN_P_004776	1	HPCLAS_TRAIN_P_004776	4	D_hard_sample	1.9274705648422241	0.8729691852518712	1
HPCLAS_TRAIN_P_004786	1	HPCLAS_TRAIN_P_004786	4	A_clean_core	27.278427124023438	0.9999999999985771	1
HPCLAS_TRAIN_P_004788	1	HPCLAS_TRAIN_P_004788	4	A_clean_core	25.059478759765625	0.999999999986914	1
HPCLAS_TRAIN_P_004794	1	HPCLAS_TRAIN_P_004794	4	A_clean_core	52.39529800415039	1.0	1
HPCLAS_TRAIN_P_004804	1	HPCLAS_TRAIN_P_004804	4	A_clean_core	34.795352935791016	0.9999999999999993	1
HPCLAS_TRAIN_P_004809	1	HPCLAS_TRAIN_P_004809	4	D_hard_sample	21.57448959350586	0.9999999995731077	1
HPCLAS_TRAIN_P_004826	1	HPCLAS_TRAIN_P_004826	4	A_clean_core	34.89255142211914	0.9999999999999993	1
HPCLAS_TRAIN_P_004833	1	HPCLAS_TRAIN_P_004833	4	A_clean_core	7.40867805480957	0.9993943957527113	1
HPCLAS_TRAIN_P_004836	1	HPCLAS_TRAIN_P_004836	4	A_clean_core	48.2466926574707	1.0	1
HPCLAS_TRAIN_P_004837	1	HPCLAS_TRAIN_P_004837	4	A_clean_core	15.79916000366211	0.9999998624337394	1
HPCLAS_TRAIN_P_004845	1	HPCLAS_TRAIN_P_004845	4	A_clean_core	8.176319122314453	0.9997188438412796	1
HPCLAS_TRAIN_P_004852	1	HPCLAS_TRAIN_P_004852	4	A_clean_core	51.320098876953125	1.0	1
HPCLAS_TRAIN_P_004853	1	HPCLAS_TRAIN_P_004853	4	A_clean_core	49.39871597290039	1.0	1
HPCLAS_TRAIN_P_004856	1	HPCLAS_TRAIN_N_000277	4	B_ambiguous	51.21074676513672	1.0	1
HPCLAS_TRAIN_P_004858	1	HPCLAS_TRAIN_P_004858	4	A_clean_core	40.39181137084961	1.0	1
HPCLAS_TRAIN_P_004863	1	HPCLAS_TRAIN_P_004863	4	A_clean_core	21.172101974487305	0.9999999993616293	1
HPCLAS_TRAIN_P_004865	1	HPCLAS_TRAIN_P_004865	4	A_clean_core	24.55158042907715	0.9999999999782538	1
HPCLAS_TRAIN_P_004875	1	HPCLAS_TRAIN_P_004875	4	A_clean_core	26.246318817138672	0.9999999999960063	1
HPCLAS_TRAIN_P_004878	1	HPCLAS_TRAIN_P_004878	4	A_clean_core	63.65349578857422	1.0	1
HPCLAS_TRAIN_P_004879	1	HPCLAS_TRAIN_P_004879	4	A_clean_core	88.61383056640625	1.0	1
HPCLAS_TRAIN_P_004882	1	HPCLAS_TRAIN_P_004882	4	A_clean_core	49.60732650756836	1.0	1
HPCLAS_TRAIN_P_004884	1	HPCLAS_TRAIN_P_004884	4	A_clean_core	23.681604385375977	0.9999999999480949	1
HPCLAS_TRAIN_P_004889	1	HPCLAS_TRAIN_P_004889	4	A_clean_core	38.08723068237305	1.0	1
HPCLAS_TRAIN_P_004893	1	HPCLAS_TRAIN_P_004893	4	A_clean_core	11.523311614990234	0.9999901034219454	1
HPCLAS_TRAIN_P_004894	1	HPCLAS_TRAIN_P_004894	4	D_hard_sample	5.148322582244873	0.9942244102995916	1
HPCLAS_TRAIN_P_004895	1	HPCLAS_TRAIN_P_004895	4	A_clean_core	61.603633880615234	1.0	1
HPCLAS_TRAIN_P_004920	1	HPCLAS_TRAIN_P_004920	4	A_clean_core	11.936399459838867	0.9999934523608441	1
HPCLAS_TRAIN_P_004922	1	HPCLAS_TRAIN_P_004922	4	A_clean_core	63.36794662475586	1.0	1
HPCLAS_TRAIN_P_004933	1	HPCLAS_TRAIN_P_004933	4	D_hard_sample	0.3791029453277588	0.5936567260484563	1
HPCLAS_TRAIN_P_004936	1	HPCLAS_TRAIN_P_004936	4	A_clean_core	56.88974380493164	1.0	1
HPCLAS_TRAIN_P_004944	1	HPCLAS_TRAIN_P_004944	4	A_clean_core	38.282955169677734	1.0	1
HPCLAS_TRAIN_P_004948	1	HPCLAS_TRAIN_P_004948	4	A_clean_core	4.911015033721924	0.992688837968998	1
HPCLAS_TRAIN_P_004958	1	HPCLAS_TRAIN_P_004958	4	A_clean_core	34.901668548583984	0.9999999999999993	1
HPCLAS_TRAIN_P_004963	1	HPCLAS_TRAIN_P_004963	4	D_hard_sample	5.133505344390869	0.9941387001878269	1
HPCLAS_TRAIN_P_004970	1	HPCLAS_TRAIN_P_004970	4	A_clean_core	12.345949172973633	0.9999956526909796	1
HPCLAS_TRAIN_P_004975	1	HPCLAS_TRAIN_P_004975	4	A_clean_core	6.737825870513916	0.9988161819044937	1
HPCLAS_TRAIN_P_004977	1	HPCLAS_TRAIN_P_004977	4	A_clean_core	9.866990089416504	0.9999481441055315	1
HPCLAS_TRAIN_P_004979	1	HPCLAS_TRAIN_P_004979	4	D_hard_sample	2.0577902793884277	0.886732419521878	1
HPCLAS_TRAIN_P_004982	1	HPCLAS_TRAIN_P_004982	4	A_clean_core	37.64851760864258	1.0	1
HPCLAS_TRAIN_P_004995	1	HPCLAS_TRAIN_P_004995	4	A_clean_core	38.190406799316406	1.0	1
HPCLAS_TRAIN_P_005001	1	HPCLAS_TRAIN_P_005001	4	A_clean_core	20.3602352142334	0.99999999856232	1
HPCLAS_TRAIN_P_005002	1	HPCLAS_TRAIN_P_005002	4	A_clean_core	2.519123077392578	0.9254715926034672	1
HPCLAS_TRAIN_P_005003	1	HPCLAS_TRAIN_P_005003	4	A_clean_core	11.062207221984863	0.9999843058561165	1
HPCLAS_TRAIN_P_005007	1	HPCLAS_TRAIN_P_005007	4	A_clean_core	49.39542770385742	1.0	1
HPCLAS_TRAIN_P_005013	1	HPCLAS_TRAIN_P_005013	4	A_clean_core	47.64936828613281	1.0	1
HPCLAS_TRAIN_P_005016	1	HPCLAS_TRAIN_P_005016	4	A_clean_core	20.179933547973633	0.9999999982782655	1
HPCLAS_TRAIN_P_005031	1	HPCLAS_TRAIN_P_005031	4	D_hard_sample	-0.8374012112617493	0.3020824010784362	0
HPCLAS_TRAIN_P_005048	1	HPCLAS_TRAIN_P_005048	4	D_hard_sample	4.06696081161499	0.9831591050442734	1
HPCLAS_TRAIN_P_005051	1	HPCLAS_TRAIN_P_005051	4	D_hard_sample	4.803077220916748	0.9918623041855158	1
HPCLAS_TRAIN_P_005074	1	HPCLAS_TRAIN_P_005074	4	A_clean_core	34.102848052978516	0.9999999999999984	1
HPCLAS_TRAIN_P_005075	1	HPCLAS_TRAIN_P_005075	4	A_clean_core	22.062767028808594	0.9999999997380238	1
HPCLAS_TRAIN_P_005083	1	HPCLAS_TRAIN_P_005083	4	A_clean_core	28.46625328063965	0.9999999999995661	1
HPCLAS_TRAIN_P_005088	1	HPCLAS_TRAIN_P_005088	4	D_hard_sample	9.213775634765625	0.999900352867443	1
HPCLAS_TRAIN_P_005089	1	HPCLAS_TRAIN_P_005089	4	A_clean_core	8.2366943359375	0.9997353120727367	1
HPCLAS_TRAIN_P_005092	1	HPCLAS_TRAIN_P_005092	4	A_clean_core	40.46784591674805	1.0	1
HPCLAS_TRAIN_P_005098	1	HPCLAS_TRAIN_P_005098	4	A_clean_core	57.28960037231445	1.0	1
HPCLAS_TRAIN_P_005112	1	HPCLAS_TRAIN_P_005112	4	A_clean_core	61.826988220214844	1.0	1
HPCLAS_TRAIN_P_005116	1	HPCLAS_TRAIN_P_005116	4	D_hard_sample	11.856304168701172	0.9999929063551223	1
HPCLAS_TRAIN_P_005117	1	HPCLAS_TRAIN_P_005117	4	A_clean_core	13.526472091674805	0.9999986648586969	1
HPCLAS_TRAIN_P_005118	1	HPCLAS_TRAIN_P_005118	4	A_clean_core	50.3342399597168	1.0	1
HPCLAS_TRAIN_P_005125	1	HPCLAS_TRAIN_P_005125	4	A_clean_core	18.922367095947266	0.9999999939449131	1
HPCLAS_TRAIN_P_005129	1	HPCLAS_TRAIN_N_001400	4	B_ambiguous	12.9681978225708	0.9999976666374027	1
HPCLAS_TRAIN_P_005132	1	HPCLAS_TRAIN_P_005132	4	A_clean_core	18.81832504272461	0.9999999932809902	1
HPCLAS_TRAIN_P_005135	1	HPCLAS_TRAIN_P_005135	4	A_clean_core	12.459978103637695	0.9999961211893408	1
HPCLAS_TRAIN_P_005140	1	HPCLAS_TRAIN_P_005140	4	A_clean_core	25.197410583496094	0.9999999999886	1
HPCLAS_TRAIN_P_005143	1	HPCLAS_TRAIN_P_005143	4	A_clean_core	77.31946563720703	1.0	1
HPCLAS_TRAIN_P_005145	1	HPCLAS_TRAIN_P_005145	4	D_hard_sample	7.2261271476745605	0.9992731963617176	1
HPCLAS_TRAIN_P_005148	1	HPCLAS_TRAIN_P_005148	4	A_clean_core	17.078989028930664	0.9999999617449044	1
HPCLAS_TRAIN_P_005150	1	HPCLAS_TRAIN_P_005150	4	A_clean_core	26.86314582824707	0.9999999999978448	1
HPCLAS_TRAIN_P_005152	1	HPCLAS_TRAIN_P_005152	4	A_clean_core	17.05939483642578	0.9999999609879349	1
HPCLAS_TRAIN_P_005158	1	HPCLAS_TRAIN_P_005158	4	A_clean_core	57.67624282836914	1.0	1
HPCLAS_TRAIN_P_005163	1	HPCLAS_TRAIN_N_004101	4	B_ambiguous	9.358565330505371	0.9999137837213349	1
HPCLAS_TRAIN_P_005173	1	HPCLAS_TRAIN_P_005173	4	A_clean_core	62.90641403198242	1.0	1
HPCLAS_TRAIN_P_005178	1	HPCLAS_TRAIN_P_005178	4	A_clean_core	11.449974060058594	0.9999893503625619	1
HPCLAS_TRAIN_P_005184	1	HPCLAS_TRAIN_P_005184	4	A_clean_core	13.065531730651855	0.999997883049287	1
HPCLAS_TRAIN_P_005185	1	HPCLAS_TRAIN_P_005185	4	D_hard_sample	-4.358661651611328	0.012633844660922884	0
HPCLAS_TRAIN_P_005186	1	HPCLAS_TRAIN_P_005186	4	D_hard_sample	6.099151134490967	0.9977602552963032	1
HPCLAS_TRAIN_P_005189	1	HPCLAS_TRAIN_P_005189	4	A_clean_core	11.705028533935547	0.999991747850005	1
HPCLAS_TRAIN_P_005204	1	HPCLAS_TRAIN_P_005204	4	A_clean_core	63.760189056396484	1.0	1
HPCLAS_TRAIN_P_005212	1	HPCLAS_TRAIN_P_005212	4	A_clean_core	68.28343963623047	1.0	1
HPCLAS_TRAIN_P_005225	1	HPCLAS_TRAIN_P_005225	4	A_clean_core	51.91263961791992	1.0	1
HPCLAS_TRAIN_P_005228	1	HPCLAS_TRAIN_P_005228	4	A_clean_core	51.463844299316406	1.0	1
HPCLAS_TRAIN_P_005229	1	HPCLAS_TRAIN_P_005229	4	A_clean_core	46.20398712158203	1.0	1
HPCLAS_TRAIN_P_005248	1	HPCLAS_TRAIN_P_005248	4	D_hard_sample	8.98617935180664	0.9998748884065378	1
HPCLAS_TRAIN_P_005254	1	HPCLAS_TRAIN_P_005254	4	A_clean_core	72.61455535888672	1.0	1
HPCLAS_TRAIN_P_005277	1	HPCLAS_TRAIN_P_005277	4	A_clean_core	20.68149185180664	0.9999999989573412	1
HPCLAS_TRAIN_P_005278	1	HPCLAS_TRAIN_P_005278	4	A_clean_core	56.73837661743164	1.0	1
HPCLAS_TRAIN_P_005289	1	HPCLAS_TRAIN_P_005289	4	D_hard_sample	7.186540126800537	0.9992438694740672	1
HPCLAS_TRAIN_P_005292	1	HPCLAS_TRAIN_P_005292	4	A_clean_core	24.0661678314209	0.9999999999646658	1
HPCLAS_TRAIN_P_005295	1	HPCLAS_TRAIN_P_005295	4	A_clean_core	55.64459991455078	1.0	1
HPCLAS_TRAIN_P_005296	1	HPCLAS_TRAIN_P_005296	4	A_clean_core	26.029102325439453	0.9999999999950375	1
HPCLAS_TRAIN_P_005298	1	HPCLAS_TRAIN_P_005298	4	D_hard_sample	4.869938373565674	0.9923846011538477	1
HPCLAS_TRAIN_P_005300	1	HPCLAS_TRAIN_P_005300	4	A_clean_core	36.482730865478516	0.9999999999999998	1
HPCLAS_TRAIN_P_005303	1	HPCLAS_TRAIN_N_001809	4	B_ambiguous	15.018743515014648	0.9999996997780538	1
HPCLAS_TRAIN_P_005304	1	HPCLAS_TRAIN_P_005304	4	A_clean_core	44.539371490478516	1.0	1
HPCLAS_TRAIN_P_005310	1	HPCLAS_TRAIN_P_005310	4	A_clean_core	52.72896957397461	1.0	1
HPCLAS_TRAIN_P_005327	1	HPCLAS_TRAIN_P_005327	4	A_clean_core	46.960330963134766	1.0	1
HPCLAS_TRAIN_P_005331	1	HPCLAS_TRAIN_P_005331	4	A_clean_core	25.61162567138672	0.9999999999924662	1
HPCLAS_TRAIN_P_005334	1	HPCLAS_TRAIN_P_005334	4	A_clean_core	47.25472640991211	1.0	1
HPCLAS_TRAIN_P_005336	1	HPCLAS_TRAIN_P_005336	4	A_clean_core	40.24833297729492	1.0	1
HPCLAS_TRAIN_P_005353	1	HPCLAS_TRAIN_P_005353	4	A_clean_core	40.07865524291992	1.0	1
HPCLAS_TRAIN_P_005358	1	HPCLAS_TRAIN_P_005358	4	A_clean_core	43.00730514526367	1.0	1
HPCLAS_TRAIN_P_005362	1	HPCLAS_TRAIN_P_005362	4	A_clean_core	13.867274284362793	0.9999990504477069	1
HPCLAS_TRAIN_P_005376	1	HPCLAS_TRAIN_P_005376	4	A_clean_core	61.11116409301758	1.0	1
HPCLAS_TRAIN_P_005377	1	HPCLAS_TRAIN_P_005377	4	A_clean_core	24.40138053894043	0.9999999999747293	1
HPCLAS_TRAIN_P_005378	1	HPCLAS_TRAIN_P_005378	4	A_clean_core	49.73933029174805	1.0	1
HPCLAS_TRAIN_P_005379	1	HPCLAS_TRAIN_P_005379	4	A_clean_core	73.29227447509766	1.0	1
HPCLAS_TRAIN_P_005382	1	HPCLAS_TRAIN_P_005382	4	D_hard_sample	7.229240894317627	0.9992754542872715	1
HPCLAS_TRAIN_P_005386	1	HPCLAS_TRAIN_P_005386	4	D_hard_sample	-4.285815715789795	0.013575558599929627	0
HPCLAS_TRAIN_P_005403	1	HPCLAS_TRAIN_P_005403	4	A_clean_core	60.60590744018555	1.0	1
HPCLAS_TRAIN_P_005407	1	HPCLAS_TRAIN_P_005407	4	D_hard_sample	0.8231794834136963	0.694910839068231	1
HPCLAS_TRAIN_P_005412	1	HPCLAS_TRAIN_P_005412	4	A_clean_core	18.707847595214844	0.999999992496135	1
HPCLAS_TRAIN_P_005413	1	HPCLAS_TRAIN_P_005413	4	A_clean_core	16.02553939819336	0.9999998903025271	1
HPCLAS_TRAIN_P_005415	1	HPCLAS_TRAIN_P_005415	4	A_clean_core	46.306697845458984	1.0	1
HPCLAS_TRAIN_P_005422	1	HPCLAS_TRAIN_P_005422	4	A_clean_core	20.897777557373047	0.9999999991601329	1
HPCLAS_TRAIN_P_005423	1	HPCLAS_TRAIN_P_005423	4	A_clean_core	13.688776016235352	0.9999988648856366	1
HPCLAS_TRAIN_P_005425	1	HPCLAS_TRAIN_P_005425	4	A_clean_core	37.84607696533203	1.0	1
HPCLAS_TRAIN_P_005430	1	HPCLAS_TRAIN_P_005430	4	A_clean_core	26.17670440673828	0.9999999999957185	1
HPCLAS_TRAIN_P_005435	1	HPCLAS_TRAIN_P_005435	4	A_clean_core	12.91758918762207	0.9999975455102075	1
HPCLAS_TRAIN_P_005437	1	HPCLAS_TRAIN_P_005437	4	A_clean_core	17.159408569335938	0.9999999647009082	1
HPCLAS_TRAIN_P_005444	1	HPCLAS_TRAIN_P_005444	4	D_hard_sample	46.75137710571289	1.0	1
HPCLAS_TRAIN_P_005448	1	HPCLAS_TRAIN_P_005448	4	A_clean_core	44.09395980834961	1.0	1
HPCLAS_TRAIN_P_005449	1	HPCLAS_TRAIN_P_005449	4	A_clean_core	10.136548042297363	0.9999603962856266	1
HPCLAS_TRAIN_P_005455	1	HPCLAS_TRAIN_P_005455	4	A_clean_core	12.727008819580078	0.9999970301876513	1
HPCLAS_TRAIN_P_005458	1	HPCLAS_TRAIN_P_005458	4	A_clean_core	21.690258026123047	0.999999999619775	1
HPCLAS_TRAIN_P_005462	1	HPCLAS_TRAIN_N_000728	4	B_ambiguous	7.23128080368042	0.9992769297207642	1
HPCLAS_TRAIN_P_005463	1	HPCLAS_TRAIN_P_005463	4	A_clean_core	57.71207046508789	1.0	1
HPCLAS_TRAIN_P_005472	1	HPCLAS_TRAIN_P_005472	4	A_clean_core	19.696575164794922	0.9999999972081886	1
HPCLAS_TRAIN_P_005476	1	HPCLAS_TRAIN_P_005476	4	A_clean_core	28.820045471191406	0.9999999999996956	1
HPCLAS_TRAIN_P_005478	1	HPCLAS_TRAIN_P_005478	4	B_ambiguous	7.643096446990967	0.9995208877636121	1
HPCLAS_TRAIN_P_005486	1	HPCLAS_TRAIN_P_005486	4	D_hard_sample	2.295531988143921	0.908506323546663	1
HPCLAS_TRAIN_P_005491	1	HPCLAS_TRAIN_P_005491	4	A_clean_core	44.308109283447266	1.0	1
HPCLAS_TRAIN_P_005492	1	HPCLAS_TRAIN_P_005492	4	D_hard_sample	2.5230557918548584	0.9257423938819537	1
HPCLAS_TRAIN_P_005498	1	HPCLAS_TRAIN_P_005498	4	A_clean_core	29.826072692871094	0.9999999999998888	1
HPCLAS_TRAIN_P_005499	1	HPCLAS_TRAIN_P_005499	4	A_clean_core	77.06453704833984	1.0	1
HPCLAS_TRAIN_P_005502	1	HPCLAS_TRAIN_P_005502	4	A_clean_core	3.0273730754852295	0.9537955433444248	1
HPCLAS_TRAIN_P_005506	1	HPCLAS_TRAIN_P_005506	4	A_clean_core	32.578495025634766	0.9999999999999929	1
HPCLAS_TRAIN_P_005508	1	HPCLAS_TRAIN_P_005508	4	A_clean_core	44.95409393310547	1.0	1
HPCLAS_TRAIN_P_005515	1	HPCLAS_TRAIN_P_005515	4	D_hard_sample	26.698387145996094	0.9999999999974587	1
HPCLAS_TRAIN_P_005522	1	HPCLAS_TRAIN_P_005522	4	A_clean_core	12.448149681091309	0.9999960750368923	1
HPCLAS_TRAIN_P_005530	1	HPCLAS_TRAIN_P_005530	4	A_clean_core	44.16714859008789	1.0	1
HPCLAS_TRAIN_P_005531	1	HPCLAS_TRAIN_P_005531	4	A_clean_core	11.057893753051758	0.9999842380147709	1
HPCLAS_TRAIN_P_005541	1	HPCLAS_TRAIN_P_005541	4	A_clean_core	56.82399368286133	1.0	1
HPCLAS_TRAIN_P_005548	1	HPCLAS_TRAIN_P_005548	4	A_clean_core	26.917428970336914	0.9999999999979587	1
HPCLAS_TRAIN_P_005549	1	HPCLAS_TRAIN_P_005549	4	A_clean_core	6.344823837280273	0.9982472654483043	1
HPCLAS_TRAIN_P_005551	1	HPCLAS_TRAIN_P_005551	4	A_clean_core	69.0794906616211	1.0	1
HPCLAS_TRAIN_P_005555	1	HPCLAS_TRAIN_P_005555	4	D_hard_sample	8.244952201843262	0.9997374882586675	1
HPCLAS_TRAIN_P_005560	1	HPCLAS_TRAIN_P_005560	4	A_clean_core	44.70216751098633	1.0	1
HPCLAS_TRAIN_P_005570	1	HPCLAS_TRAIN_P_005570	4	D_hard_sample	14.43027400970459	0.9999994592314942	1
HPCLAS_TRAIN_P_005576	1	HPCLAS_TRAIN_P_005576	4	A_clean_core	40.13816452026367	1.0	1
HPCLAS_TRAIN_P_005590	1	HPCLAS_TRAIN_P_005590	4	A_clean_core	66.43329620361328	1.0	1
HPCLAS_TRAIN_P_005591	1	HPCLAS_TRAIN_P_005591	4	A_clean_core	33.74783706665039	0.9999999999999978	1
HPCLAS_TRAIN_P_005592	1	HPCLAS_TRAIN_P_005592	4	A_clean_core	25.691991806030273	0.999999999993048	1
HPCLAS_TRAIN_P_005603	1	HPCLAS_TRAIN_P_005603	4	D_hard_sample	16.95009422302246	0.9999999564821339	1
HPCLAS_TRAIN_P_005607	1	HPCLAS_TRAIN_P_005607	4	A_clean_core	93.19808197021484	1.0	1
HPCLAS_TRAIN_P_005608	1	HPCLAS_TRAIN_P_005608	4	A_clean_core	72.17822265625	1.0	1
HPCLAS_TRAIN_P_005612	1	HPCLAS_TRAIN_P_005612	4	A_clean_core	60.445491790771484	1.0	1
HPCLAS_TRAIN_P_005614	1	HPCLAS_TRAIN_P_005614	4	A_clean_core	45.185726165771484	1.0	1
HPCLAS_TRAIN_P_005617	1	HPCLAS_TRAIN_P_005617	4	A_clean_core	74.99443817138672	1.0	1
HPCLAS_TRAIN_P_005624	1	HPCLAS_TRAIN_P_005624	4	A_clean_core	48.923397064208984	1.0	1
HPCLAS_TRAIN_P_005636	1	HPCLAS_TRAIN_P_005636	4	A_clean_core	49.53670120239258	1.0	1
HPCLAS_TRAIN_P_005653	1	HPCLAS_TRAIN_P_005653	4	A_clean_core	11.258665084838867	0.9999871050910538	1
HPCLAS_TRAIN_P_005654	1	HPCLAS_TRAIN_P_005654	4	D_hard_sample	12.615904808044434	0.99999668120279	1
HPCLAS_TRAIN_P_005655	1	HPCLAS_TRAIN_P_005655	4	A_clean_core	10.815479278564453	0.9999799142382493	1
HPCLAS_TRAIN_P_005659	1	HPCLAS_TRAIN_P_005659	4	A_clean_core	47.268611907958984	1.0	1
HPCLAS_TRAIN_P_005664	1	HPCLAS_TRAIN_P_005664	4	D_hard_sample	7.226006984710693	0.9992731090850776	1
HPCLAS_TRAIN_P_005667	1	HPCLAS_TRAIN_P_005667	4	A_clean_core	8.047576904296875	0.9996802262134615	1
HPCLAS_TRAIN_P_005676	1	HPCLAS_TRAIN_P_005676	4	D_hard_sample	14.968558311462402	0.9999996843268921	1
HPCLAS_TRAIN_P_005681	1	HPCLAS_TRAIN_P_005681	4	A_clean_core	34.878143310546875	0.9999999999999993	1
HPCLAS_TRAIN_P_005687	1	HPCLAS_TRAIN_P_005687	4	D_hard_sample	-2.280968427658081	0.09271146067532605	0
HPCLAS_TRAIN_P_005692	1	HPCLAS_TRAIN_P_005692	4	A_clean_core	48.14810562133789	1.0	1
HPCLAS_TRAIN_P_005703	1	HPCLAS_TRAIN_P_005703	4	A_clean_core	10.207926750183105	0.9999631245163091	1
HPCLAS_TRAIN_P_005724	1	HPCLAS_TRAIN_P_005724	4	A_clean_core	24.832265853881836	0.9999999999835758	1
HPCLAS_TRAIN_P_005726	1	HPCLAS_TRAIN_P_005726	4	A_clean_core	54.92369842529297	1.0	1
HPCLAS_TRAIN_P_005739	1	HPCLAS_TRAIN_P_005739	4	A_clean_core	44.04410171508789	1.0	1
HPCLAS_TRAIN_P_005741	1	HPCLAS_TRAIN_P_005741	4	A_clean_core	57.81546401977539	1.0	1
HPCLAS_TRAIN_P_005745	1	HPCLAS_TRAIN_P_005745	4	D_hard_sample	11.099750518798828	0.9999848841339619	1
HPCLAS_TRAIN_P_005751	1	HPCLAS_TRAIN_P_005751	4	A_clean_core	36.93928909301758	1.0	1
HPCLAS_TRAIN_P_005758	1	HPCLAS_TRAIN_P_005758	4	A_clean_core	54.89234161376953	1.0	1
HPCLAS_TRAIN_P_005766	1	HPCLAS_TRAIN_P_005766	4	A_clean_core	15.839966773986816	0.9999998679343786	1
HPCLAS_TRAIN_P_005779	1	HPCLAS_TRAIN_P_005779	4	A_clean_core	11.890871047973633	0.9999931473690602	1
HPCLAS_TRAIN_P_005784	1	HPCLAS_TRAIN_P_005784	4	A_clean_core	57.23268508911133	1.0	1
HPCLAS_TRAIN_P_005790	1	HPCLAS_TRAIN_P_005790	4	A_clean_core	11.309371948242188	0.9999877426427041	1
HPCLAS_TRAIN_P_005797	1	HPCLAS_TRAIN_P_005797	4	A_clean_core	23.34603500366211	0.9999999999273985	1
HPCLAS_TRAIN_P_005807	1	HPCLAS_TRAIN_P_005807	4	A_clean_core	16.84541893005371	0.999999951679937	1
HPCLAS_TRAIN_P_005809	1	HPCLAS_TRAIN_P_005809	4	A_clean_core	15.445716857910156	0.9999998041108804	1
HPCLAS_TRAIN_P_005814	1	HPCLAS_TRAIN_P_005814	4	A_clean_core	59.768611907958984	1.0	1
HPCLAS_TRAIN_P_005832	1	HPCLAS_TRAIN_P_005832	4	A_clean_core	59.90328598022461	1.0	1
HPCLAS_TRAIN_P_005834	1	HPCLAS_TRAIN_P_005834	4	A_clean_core	70.11811065673828	1.0	1
HPCLAS_TRAIN_P_005838	1	HPCLAS_TRAIN_P_005838	4	A_clean_core	32.9739875793457	0.9999999999999951	1
HPCLAS_TRAIN_P_005840	1	HPCLAS_TRAIN_P_005840	4	A_clean_core	1.7285901308059692	0.8492319936783655	1
HPCLAS_TRAIN_P_005842	1	HPCLAS_TRAIN_P_005842	4	A_clean_core	37.580230712890625	1.0	1
HPCLAS_TRAIN_P_005843	1	HPCLAS_TRAIN_P_005843	4	A_clean_core	31.317276000976562	0.9999999999999749	1
HPCLAS_TRAIN_P_005858	1	HPCLAS_TRAIN_P_005858	4	A_clean_core	14.61433219909668	0.9999995501414555	1
HPCLAS_TRAIN_P_005867	1	HPCLAS_TRAIN_P_005867	4	A_clean_core	85.71521759033203	1.0	1
HPCLAS_TRAIN_P_005868	1	HPCLAS_TRAIN_P_005868	4	A_clean_core	29.010944366455078	0.9999999999997484	1
HPCLAS_TRAIN_P_005869	1	HPCLAS_TRAIN_P_005869	4	A_clean_core	49.440128326416016	1.0	1
HPCLAS_TRAIN_P_005872	1	HPCLAS_TRAIN_P_005872	4	D_hard_sample	2.7419803142547607	0.9394588269864361	1
HPCLAS_TRAIN_P_005873	1	HPCLAS_TRAIN_P_005873	4	A_clean_core	35.83882522583008	0.9999999999999998	1
HPCLAS_TRAIN_P_005876	1	HPCLAS_TRAIN_P_005876	4	A_clean_core	83.11137390136719	1.0	1
HPCLAS_TRAIN_P_005878	1	HPCLAS_TRAIN_P_005878	4	A_clean_core	24.609954833984375	0.9999999999794869	1
HPCLAS_TRAIN_P_005887	1	HPCLAS_TRAIN_P_005887	4	B_ambiguous	9.703392028808594	0.9999389277582127	1
HPCLAS_TRAIN_P_005895	1	HPCLAS_TRAIN_P_005895	4	A_clean_core	24.88650131225586	0.9999999999844429	1
HPCLAS_TRAIN_P_005898	1	HPCLAS_TRAIN_P_005898	4	A_clean_core	33.109867095947266	0.9999999999999958	1
HPCLAS_TRAIN_P_005904	1	HPCLAS_TRAIN_P_005904	4	A_clean_core	65.57038879394531	1.0	1
HPCLAS_TRAIN_P_005908	1	HPCLAS_TRAIN_P_005908	4	A_clean_core	29.307493209838867	0.999999999999813	1
HPCLAS_TRAIN_P_005916	1	HPCLAS_TRAIN_P_005916	4	A_clean_core	62.56470489501953	1.0	1
HPCLAS_TRAIN_P_005917	1	HPCLAS_TRAIN_P_005917	4	A_clean_core	23.96170425415039	0.9999999999607749	1
HPCLAS_TRAIN_P_005919	1	HPCLAS_TRAIN_P_005919	4	A_clean_core	43.271636962890625	1.0	1
HPCLAS_TRAIN_P_005920	1	HPCLAS_TRAIN_P_005920	4	A_clean_core	47.39435577392578	1.0	1
HPCLAS_TRAIN_P_005922	1	HPCLAS_TRAIN_P_005922	4	D_hard_sample	-10.412583351135254	3.0051036573386515e-05	0
HPCLAS_TRAIN_P_005929	1	HPCLAS_TRAIN_P_005929	4	A_clean_core	28.551834106445312	0.9999999999996019	1
HPCLAS_TRAIN_P_005930	1	HPCLAS_TRAIN_P_005930	4	A_clean_core	32.88059616088867	0.9999999999999947	1
HPCLAS_TRAIN_P_005932	1	HPCLAS_TRAIN_P_005932	4	A_clean_core	68.40470123291016	1.0	1
HPCLAS_TRAIN_P_005933	1	HPCLAS_TRAIN_P_005933	4	A_clean_core	-2.8600544929504395	0.05416390872976683	0
HPCLAS_TRAIN_P_005936	1	HPCLAS_TRAIN_P_005936	4	A_clean_core	38.93836975097656	1.0	1
HPCLAS_TRAIN_P_005955	1	HPCLAS_TRAIN_P_005955	4	A_clean_core	68.49907684326172	1.0	1
HPCLAS_TRAIN_P_005968	1	HPCLAS_TRAIN_P_005968	4	A_clean_core	63.66658401489258	1.0	1
HPCLAS_TRAIN_P_005971	1	HPCLAS_TRAIN_P_005971	4	A_clean_core	40.42422866821289	1.0	1
HPCLAS_TRAIN_P_005975	1	HPCLAS_TRAIN_P_005975	4	A_clean_core	31.89434814453125	0.999999999999986	1
HPCLAS_TRAIN_P_005976	1	HPCLAS_TRAIN_P_005976	4	A_clean_core	39.93248748779297	1.0	1
HPCLAS_TRAIN_P_005980	1	HPCLAS_TRAIN_P_005980	4	D_hard_sample	12.100305557250977	0.9999944422161376	1
HPCLAS_TRAIN_P_005986	1	HPCLAS_TRAIN_P_005986	4	A_clean_core	16.74256706237793	0.9999999464455593	1
HPCLAS_TRAIN_P_005991	1	HPCLAS_TRAIN_P_005991	4	D_hard_sample	46.58694839477539	1.0	1
HPCLAS_TRAIN_P_005997	1	HPCLAS_TRAIN_P_005997	4	D_hard_sample	9.720621109008789	0.9999399709015963	1
HPCLAS_TRAIN_P_006005	1	HPCLAS_TRAIN_P_006005	4	A_clean_core	60.661380767822266	1.0	1
HPCLAS_TRAIN_P_006006	1	HPCLAS_TRAIN_P_006006	4	D_hard_sample	3.3295891284942627	0.9654300595568938	1
HPCLAS_TRAIN_P_006009	1	HPCLAS_TRAIN_P_006009	4	A_clean_core	12.627788543701172	0.9999967204089503	1
HPCLAS_TRAIN_P_006011	1	HPCLAS_TRAIN_P_006011	4	A_clean_core	30.24741554260254	0.999999999999927	1
HPCLAS_TRAIN_P_006016	1	HPCLAS_TRAIN_P_006016	4	A_clean_core	52.4781379699707	1.0	1
HPCLAS_TRAIN_P_006017	1	HPCLAS_TRAIN_P_006017	4	A_clean_core	108.23255157470703	1.0	1
HPCLAS_TRAIN_P_006031	1	HPCLAS_TRAIN_P_006031	4	A_clean_core	48.02571487426758	1.0	1
HPCLAS_TRAIN_P_006033	1	HPCLAS_TRAIN_P_006033	4	A_clean_core	15.420004844665527	0.9999997990088674	1
HPCLAS_TRAIN_P_006039	1	HPCLAS_TRAIN_P_006039	4	A_clean_core	54.33736801147461	1.0	1
HPCLAS_TRAIN_P_006040	1	HPCLAS_TRAIN_P_006040	4	D_hard_sample	-5.551097869873047	0.003868170814581054	0
HPCLAS_TRAIN_P_006049	1	HPCLAS_TRAIN_P_006049	4	A_clean_core	56.944942474365234	1.0	1
HPCLAS_TRAIN_P_006060	1	HPCLAS_TRAIN_P_006060	4	A_clean_core	64.2522201538086	1.0	1
HPCLAS_TRAIN_P_006064	1	HPCLAS_TRAIN_P_006064	4	B_ambiguous	3.2333524227142334	0.9620702760676503	1
HPCLAS_TRAIN_P_006066	1	HPCLAS_TRAIN_P_006066	4	A_clean_core	66.51689910888672	1.0	1
HPCLAS_TRAIN_P_006071	1	HPCLAS_TRAIN_P_006071	4	D_hard_sample	7.292852401733398	0.9993200780562114	1
HPCLAS_TRAIN_P_006074	1	HPCLAS_TRAIN_P_006074	4	A_clean_core	54.79894256591797	1.0	1
HPCLAS_TRAIN_P_006075	1	HPCLAS_TRAIN_P_006075	4	A_clean_core	24.132749557495117	0.9999999999669418	1
HPCLAS_TRAIN_P_006076	1	HPCLAS_TRAIN_P_006076	4	D_hard_sample	6.308553218841553	0.9981826433593304	1
HPCLAS_TRAIN_P_006093	1	HPCLAS_TRAIN_P_006093	4	A_clean_core	39.33932876586914	1.0	1
HPCLAS_TRAIN_P_006095	1	HPCLAS_TRAIN_P_006095	4	A_clean_core	62.93697738647461	1.0	1
HPCLAS_TRAIN_P_006098	1	HPCLAS_TRAIN_P_006098	4	A_clean_core	11.7921142578125	0.9999924360863394	1
HPCLAS_TRAIN_P_006105	1	HPCLAS_TRAIN_P_006105	4	A_clean_core	15.636314392089844	0.9999998381044648	1
HPCLAS_TRAIN_P_006120	1	HPCLAS_TRAIN_P_006120	4	A_clean_core	27.98672866821289	0.9999999999992992	1
HPCLAS_TRAIN_P_006122	1	HPCLAS_TRAIN_P_006122	4	A_clean_core	29.39767074584961	0.999999999999829	1
HPCLAS_TRAIN_P_006128	1	HPCLAS_TRAIN_P_006128	4	A_clean_core	85.95022583007812	1.0	1
HPCLAS_TRAIN_P_006143	1	HPCLAS_TRAIN_P_006143	4	A_clean_core	5.284768581390381	0.9949573522428237	1
HPCLAS_TRAIN_P_006145	1	HPCLAS_TRAIN_P_006145	4	B_ambiguous	9.698399543762207	0.9999386221123416	1
HPCLAS_TRAIN_P_006158	1	HPCLAS_TRAIN_P_006158	4	A_clean_core	20.500686645507812	0.9999999987507053	1
HPCLAS_TRAIN_P_006160	1	HPCLAS_TRAIN_P_006160	4	B_ambiguous	-3.325207471847534	0.03471647622276201	0
HPCLAS_TRAIN_P_006165	1	HPCLAS_TRAIN_P_006165	4	A_clean_core	14.80317497253418	0.9999996275545843	1
HPCLAS_TRAIN_P_006179	1	HPCLAS_TRAIN_P_006179	4	A_clean_core	15.70733642578125	0.9999998492037995	1
HPCLAS_TRAIN_P_006183	1	HPCLAS_TRAIN_P_006183	4	A_clean_core	22.194713592529297	0.9999999997704072	1
HPCLAS_TRAIN_P_006185	1	HPCLAS_TRAIN_P_006185	4	A_clean_core	14.071138381958008	0.9999992255704602	1
HPCLAS_TRAIN_P_006215	1	HPCLAS_TRAIN_P_006215	4	A_clean_core	24.063732147216797	0.9999999999645797	1
HPCLAS_TRAIN_P_006226	1	HPCLAS_TRAIN_P_006226	4	D_hard_sample	4.32464075088501	0.9869346578931742	1
HPCLAS_TRAIN_P_006227	1	HPCLAS_TRAIN_P_006227	4	A_clean_core	16.360628128051758	0.9999999215361796	1
HPCLAS_TRAIN_P_006228	1	HPCLAS_TRAIN_P_006228	4	A_clean_core	9.887527465820312	0.9999491981744975	1
HPCLAS_TRAIN_P_006255	1	HPCLAS_TRAIN_P_006255	4	A_clean_core	20.527950286865234	0.9999999987843056	1
HPCLAS_TRAIN_P_006263	1	HPCLAS_TRAIN_P_006263	4	D_hard_sample	0.03655906766653061	0.5091387490613015	1
HPCLAS_TRAIN_P_006269	1	HPCLAS_TRAIN_P_006269	4	A_clean_core	51.4729118347168	1.0	1
HPCLAS_TRAIN_P_006279	1	HPCLAS_TRAIN_P_006279	4	D_hard_sample	8.752105712890625	0.9998418969983865	1
HPCLAS_TRAIN_P_006300	1	HPCLAS_TRAIN_P_006300	4	A_clean_core	48.21249771118164	1.0	1
HPCLAS_TRAIN_P_006301	1	HPCLAS_TRAIN_P_006301	4	D_hard_sample	6.277164936065674	0.998124803627081	1
HPCLAS_TRAIN_P_006305	1	HPCLAS_TRAIN_P_006305	4	A_clean_core	44.51582336425781	1.0	1
HPCLAS_TRAIN_P_006309	1	HPCLAS_TRAIN_P_006309	4	A_clean_core	69.29499053955078	1.0	1
HPCLAS_TRAIN_P_006310	1	HPCLAS_TRAIN_N_004247	4	B_ambiguous	1.4325268268585205	0.8072947193695146	1
HPCLAS_TRAIN_P_006324	1	HPCLAS_TRAIN_P_006324	4	A_clean_core	6.334659099578857	0.9982293902120285	1
HPCLAS_TRAIN_P_006337	1	HPCLAS_TRAIN_P_006337	4	A_clean_core	44.391048431396484	1.0	1
HPCLAS_TRAIN_P_006341	1	HPCLAS_TRAIN_P_006341	4	A_clean_core	27.935089111328125	0.9999999999992621	1
HPCLAS_TRAIN_P_006342	1	HPCLAS_TRAIN_P_006342	4	D_hard_sample	12.52985954284668	0.9999963829911559	1
HPCLAS_TRAIN_P_006344	1	HPCLAS_TRAIN_P_006344	4	A_clean_core	26.68461799621582	0.9999999999974236	1
HPCLAS_TRAIN_P_006367	1	HPCLAS_TRAIN_P_006367	4	D_hard_sample	3.7205393314361572	0.9763518776077678	1
HPCLAS_TRAIN_P_006382	1	HPCLAS_TRAIN_P_006382	4	A_clean_core	11.91276741027832	0.9999932957849303	1
HPCLAS_TRAIN_P_006389	1	HPCLAS_TRAIN_P_006389	4	D_hard_sample	4.995471000671387	0.9932769726633268	1
HPCLAS_TRAIN_P_006393	1	HPCLAS_TRAIN_P_006393	4	A_clean_core	8.539024353027344	0.9998043572008948	1
HPCLAS_TRAIN_P_006394	1	HPCLAS_TRAIN_P_006394	4	A_clean_core	46.05302047729492	1.0	1
HPCLAS_TRAIN_P_006396	1	HPCLAS_TRAIN_P_006396	4	A_clean_core	49.9895133972168	1.0	1
HPCLAS_TRAIN_P_006404	1	HPCLAS_TRAIN_P_006404	4	A_clean_core	34.31892395019531	0.9999999999999987	1
HPCLAS_TRAIN_P_006412	1	HPCLAS_TRAIN_P_006412	4	A_clean_core	19.545150756835938	0.9999999967517543	1
HPCLAS_TRAIN_P_006417	1	HPCLAS_TRAIN_P_006417	4	A_clean_core	36.091670989990234	0.9999999999999998	1
HPCLAS_TRAIN_P_006419	1	HPCLAS_TRAIN_P_006419	4	A_clean_core	68.84387969970703	1.0	1
HPCLAS_TRAIN_P_006422	1	HPCLAS_TRAIN_P_006422	4	D_hard_sample	-12.07109260559082	5.7225369501618505e-06	0
HPCLAS_TRAIN_P_006427	1	HPCLAS_TRAIN_P_006427	4	A_clean_core	53.39334487915039	1.0	1
HPCLAS_TRAIN_P_006442	1	HPCLAS_TRAIN_P_006442	4	A_clean_core	67.38458251953125	1.0	1
HPCLAS_TRAIN_P_006446	1	HPCLAS_TRAIN_P_006446	4	A_clean_core	58.36305618286133	1.0	1
HPCLAS_TRAIN_P_006450	1	HPCLAS_TRAIN_P_006450	4	A_clean_core	65.12689208984375	1.0	1
HPCLAS_TRAIN_P_006452	1	HPCLAS_TRAIN_P_006452	4	A_clean_core	64.37886810302734	1.0	1
HPCLAS_TRAIN_P_006454	1	HPCLAS_TRAIN_P_006454	4	A_clean_core	34.97305679321289	0.9999999999999993	1
HPCLAS_TRAIN_P_006455	1	HPCLAS_TRAIN_P_006455	4	A_clean_core	6.136310577392578	0.9978417792647951	1
HPCLAS_TRAIN_P_006456	1	HPCLAS_TRAIN_P_006456	4	A_clean_core	17.507959365844727	0.9999999750890753	1
HPCLAS_TRAIN_P_006461	1	HPCLAS_TRAIN_P_006461	4	A_clean_core	39.62417984008789	1.0	1
HPCLAS_TRAIN_P_006467	1	HPCLAS_TRAIN_P_006467	4	A_clean_core	52.87135696411133	1.0	1
HPCLAS_TRAIN_P_006474	1	HPCLAS_TRAIN_P_006474	4	A_clean_core	17.411121368408203	0.9999999725560859	1
HPCLAS_TRAIN_P_006483	1	HPCLAS_TRAIN_P_006483	4	B_ambiguous	25.39509391784668	0.9999999999906448	1
HPCLAS_TRAIN_P_006492	1	HPCLAS_TRAIN_P_006492	4	A_clean_core	67.26264190673828	1.0	1
HPCLAS_TRAIN_P_006500	1	HPCLAS_TRAIN_P_006500	4	A_clean_core	30.95592498779297	0.999999999999964	1
HPCLAS_TRAIN_P_006525	1	HPCLAS_TRAIN_P_006525	4	A_clean_core	15.773749351501465	0.9999998588932996	1
HPCLAS_TRAIN_P_006543	1	HPCLAS_TRAIN_P_006543	4	A_clean_core	61.87051773071289	1.0	1
HPCLAS_TRAIN_P_006545	1	HPCLAS_TRAIN_P_006545	4	A_clean_core	53.448673248291016	1.0	1
HPCLAS_TRAIN_P_006546	1	HPCLAS_TRAIN_P_006546	4	A_clean_core	27.318525314331055	0.9999999999986331	1
HPCLAS_TRAIN_P_006566	1	HPCLAS_TRAIN_P_006566	4	A_clean_core	10.991362571716309	0.9999831536984555	1
HPCLAS_TRAIN_P_006573	1	HPCLAS_TRAIN_P_006573	4	A_clean_core	22.51232147216797	0.9999999998328821	1
HPCLAS_TRAIN_P_006575	1	HPCLAS_TRAIN_N_004870	4	B_ambiguous	1.8522828817367554	0.8643949167134349	1
HPCLAS_TRAIN_P_006590	1	HPCLAS_TRAIN_P_006590	4	A_clean_core	42.9351806640625	1.0	1
HPCLAS_TRAIN_P_006597	1	HPCLAS_TRAIN_P_006597	4	A_clean_core	58.08101272583008	1.0	1
HPCLAS_TRAIN_P_006607	1	HPCLAS_TRAIN_P_006607	4	A_clean_core	18.512426376342773	0.9999999908766283	1
HPCLAS_TRAIN_P_006610	1	HPCLAS_TRAIN_P_006610	4	A_clean_core	27.57730484008789	0.9999999999989448	1
HPCLAS_TRAIN_P_006618	1	HPCLAS_TRAIN_P_006618	4	A_clean_core	30.59583282470703	0.9999999999999485	1
HPCLAS_TRAIN_P_006620	1	HPCLAS_TRAIN_P_006620	4	A_clean_core	48.829036712646484	1.0	1
HPCLAS_TRAIN_P_006621	1	HPCLAS_TRAIN_P_006621	4	D_hard_sample	17.211538314819336	0.9999999664939008	1
HPCLAS_TRAIN_P_006628	1	HPCLAS_TRAIN_P_006628	4	A_clean_core	57.51224899291992	1.0	1
HPCLAS_TRAIN_P_006637	1	HPCLAS_TRAIN_P_006637	4	A_clean_core	46.15159225463867	1.0	1
HPCLAS_TRAIN_P_006653	1	HPCLAS_TRAIN_P_006653	4	A_clean_core	1.4846171140670776	0.8152689558419616	1
HPCLAS_TRAIN_P_006655	1	HPCLAS_TRAIN_P_006655	4	A_clean_core	34.64342498779297	0.9999999999999991	1
HPCLAS_TRAIN_P_006662	1	HPCLAS_TRAIN_P_006662	4	A_clean_core	50.752769470214844	1.0	1
HPCLAS_TRAIN_P_006674	1	HPCLAS_TRAIN_P_006674	4	A_clean_core	24.938411712646484	0.9999999999852298	1
HPCLAS_TRAIN_P_006675	1	HPCLAS_TRAIN_P_006675	4	A_clean_core	52.4276237487793	1.0	1
HPCLAS_TRAIN_P_006690	1	HPCLAS_TRAIN_P_006690	4	A_clean_core	60.99596405029297	1.0	1
HPCLAS_TRAIN_P_006697	1	HPCLAS_TRAIN_P_006697	4	A_clean_core	62.482994079589844	1.0	1
HPCLAS_TRAIN_P_006714	1	HPCLAS_TRAIN_P_006714	4	A_clean_core	30.55524444580078	0.9999999999999463	1
HPCLAS_TRAIN_P_006716	1	HPCLAS_TRAIN_P_006716	4	A_clean_core	55.935546875	1.0	1
HPCLAS_TRAIN_P_006723	1	HPCLAS_TRAIN_P_006723	4	A_clean_core	69.0993881225586	1.0	1
HPCLAS_TRAIN_P_006726	1	HPCLAS_TRAIN_P_006726	4	A_clean_core	35.84067153930664	0.9999999999999998	1
HPCLAS_TRAIN_P_006727	1	HPCLAS_TRAIN_P_006727	4	A_clean_core	56.5601806640625	1.0	1
HPCLAS_TRAIN_P_006729	1	HPCLAS_TRAIN_P_006729	4	A_clean_core	31.01730728149414	0.9999999999999662	1
HPCLAS_TRAIN_P_006731	1	HPCLAS_TRAIN_P_006731	4	A_clean_core	51.53790283203125	1.0	1
HPCLAS_TRAIN_P_006749	1	HPCLAS_TRAIN_P_006749	4	A_clean_core	63.08878707885742	1.0	1
HPCLAS_TRAIN_P_006757	1	HPCLAS_TRAIN_P_006757	4	A_clean_core	30.064144134521484	0.9999999999999123	1
HPCLAS_TRAIN_P_006765	1	HPCLAS_TRAIN_P_006765	4	A_clean_core	23.420780181884766	0.9999999999326272	1
HPCLAS_TRAIN_P_006768	1	HPCLAS_TRAIN_P_006768	4	A_clean_core	56.363765716552734	1.0	1
HPCLAS_TRAIN_P_006769	1	HPCLAS_TRAIN_P_006769	4	A_clean_core	4.810096263885498	0.9919187630558373	1
HPCLAS_TRAIN_P_006779	1	HPCLAS_TRAIN_P_006779	4	B_ambiguous	12.861715316772461	0.9999974044650399	1
HPCLAS_TRAIN_P_006787	1	HPCLAS_TRAIN_P_006787	4	A_clean_core	40.62488555908203	1.0	1
HPCLAS_TRAIN_P_006788	1	HPCLAS_TRAIN_P_006788	4	A_clean_core	-3.5005781650543213	0.02929578468327176	0
HPCLAS_TRAIN_P_006796	1	HPCLAS_TRAIN_P_006796	4	A_clean_core	31.558818817138672	0.9999999999999802	1
HPCLAS_TRAIN_P_006798	1	HPCLAS_TRAIN_P_006798	4	A_clean_core	38.51864242553711	1.0	1
HPCLAS_TRAIN_P_006801	1	HPCLAS_TRAIN_P_006801	4	A_clean_core	71.39226531982422	1.0	1
HPCLAS_TRAIN_P_006816	1	HPCLAS_TRAIN_N_002968	4	B_ambiguous	5.4289937019348145	0.9956316574177079	1
HPCLAS_TRAIN_P_006817	1	HPCLAS_TRAIN_P_006817	4	A_clean_core	12.973773002624512	0.999997679610093	1
HPCLAS_TRAIN_P_006826	1	HPCLAS_TRAIN_P_006826	4	D_hard_sample	-7.994588375091553	0.0003371692253847542	0
HPCLAS_TRAIN_P_006829	1	HPCLAS_TRAIN_N_000210	4	B_ambiguous	24.884523391723633	0.999999999984412	1
HPCLAS_TRAIN_P_006843	1	HPCLAS_TRAIN_P_006843	4	A_clean_core	38.34206771850586	1.0	1
HPCLAS_TRAIN_P_006854	1	HPCLAS_TRAIN_P_006854	4	A_clean_core	21.570568084716797	0.9999999995714304	1
HPCLAS_TRAIN_P_006858	1	HPCLAS_TRAIN_P_006858	4	A_clean_core	11.879709243774414	0.9999930704534052	1
HPCLAS_TRAIN_P_006863	1	HPCLAS_TRAIN_P_006863	4	A_clean_core	27.141250610351562	0.999999999998368	1
HPCLAS_TRAIN_P_006870	1	HPCLAS_TRAIN_P_006870	4	A_clean_core	10.875524520874023	0.9999810847755985	1
HPCLAS_TRAIN_P_006879	1	HPCLAS_TRAIN_P_006879	4	D_hard_sample	2.1479761600494385	0.8954795051912146	1
HPCLAS_TRAIN_P_006884	1	HPCLAS_TRAIN_P_006884	4	D_hard_sample	6.6663103103637695	0.9987285312975444	1
HPCLAS_TRAIN_P_006896	1	HPCLAS_TRAIN_P_006896	4	A_clean_core	43.69291305541992	1.0	1
HPCLAS_TRAIN_P_006898	1	HPCLAS_TRAIN_P_006898	4	A_clean_core	47.09222412109375	1.0	1
HPCLAS_TRAIN_P_006903	1	HPCLAS_TRAIN_P_006903	4	A_clean_core	36.213497161865234	0.9999999999999998	1
HPCLAS_TRAIN_P_006908	1	HPCLAS_TRAIN_P_006908	4	A_clean_core	16.807233810424805	0.9999999497991491	1
HPCLAS_TRAIN_P_006921	1	HPCLAS_TRAIN_P_006921	4	A_clean_core	46.362030029296875	1.0	1
HPCLAS_TRAIN_P_006927	1	HPCLAS_TRAIN_P_006927	4	D_hard_sample	-14.484045028686523	5.124587888610806e-07	0
HPCLAS_TRAIN_P_006934	1	HPCLAS_TRAIN_P_006934	4	A_clean_core	34.56538772583008	0.9999999999999991	1
HPCLAS_TRAIN_P_006938	1	HPCLAS_TRAIN_P_006938	4	D_hard_sample	14.281963348388672	0.9999993727771743	1
HPCLAS_TRAIN_P_006948	1	HPCLAS_TRAIN_P_006948	4	D_hard_sample	2.270212173461914	0.9063797933921542	1
HPCLAS_TRAIN_P_006949	1	HPCLAS_TRAIN_P_006949	4	A_clean_core	55.977455139160156	1.0	1
HPCLAS_TRAIN_P_006954	1	HPCLAS_TRAIN_P_006954	4	A_clean_core	20.76338768005371	0.9999999990393276	1
HPCLAS_TRAIN_P_006958	1	HPCLAS_TRAIN_P_006958	4	D_hard_sample	9.938285827636719	0.9999517123206845	1
HPCLAS_TRAIN_P_006960	1	HPCLAS_TRAIN_P_006960	4	A_clean_core	58.152462005615234	1.0	1
HPCLAS_TRAIN_P_006961	1	HPCLAS_TRAIN_P_006961	4	A_clean_core	56.17232131958008	1.0	1
HPCLAS_TRAIN_P_006969	1	HPCLAS_TRAIN_P_006969	4	D_hard_sample	13.840638160705566	0.9999990248154833	1
HPCLAS_TRAIN_P_006977	1	HPCLAS_TRAIN_P_006977	4	A_clean_core	53.17396926879883	1.0	1
HPCLAS_TRAIN_P_006996	1	HPCLAS_TRAIN_P_006996	4	A_clean_core	40.63347625732422	1.0	1
HPCLAS_TRAIN_P_006999	1	HPCLAS_TRAIN_P_006999	4	D_hard_sample	13.832618713378906	0.9999990169636082	1
HPCLAS_TRAIN_P_007001	1	HPCLAS_TRAIN_P_007001	4	A_clean_core	8.84385871887207	0.9998557558161703	1
HPCLAS_TRAIN_P_007013	1	HPCLAS_TRAIN_P_007013	4	A_clean_core	14.554676055908203	0.9999995224879938	1
HPCLAS_TRAIN_P_007021	1	HPCLAS_TRAIN_P_007021	4	A_clean_core	52.42246627807617	1.0	1
HPCLAS_TRAIN_P_007022	1	HPCLAS_TRAIN_P_007022	4	A_clean_core	37.369876861572266	1.0	1
HPCLAS_TRAIN_P_007025	1	HPCLAS_TRAIN_P_007025	4	A_clean_core	1.5915368795394897	0.830832221391379	1
HPCLAS_TRAIN_P_007036	1	HPCLAS_TRAIN_P_007036	4	A_clean_core	69.84293365478516	1.0	1
HPCLAS_TRAIN_P_007040	1	HPCLAS_TRAIN_P_007040	4	A_clean_core	23.120004653930664	0.9999999999089857	1
HPCLAS_TRAIN_P_007048	1	HPCLAS_TRAIN_P_007048	4	A_clean_core	26.90964698791504	0.9999999999979428	1
HPCLAS_TRAIN_P_007050	1	HPCLAS_TRAIN_P_007050	4	A_clean_core	48.796905517578125	1.0	1
HPCLAS_TRAIN_P_007053	1	HPCLAS_TRAIN_P_007053	4	D_hard_sample	-2.0656518936157227	0.11248037282200028	0
HPCLAS_TRAIN_P_007054	1	HPCLAS_TRAIN_P_007054	4	D_hard_sample	6.538924694061279	0.9985560454183398	1
HPCLAS_TRAIN_P_007055	1	HPCLAS_TRAIN_P_007055	4	A_clean_core	26.69565200805664	0.9999999999974518	1
HPCLAS_TRAIN_P_007057	1	HPCLAS_TRAIN_P_007057	4	A_clean_core	25.27364730834961	0.9999999999894369	1
HPCLAS_TRAIN_P_007065	1	HPCLAS_TRAIN_P_007065	4	D_hard_sample	7.418217182159424	0.9994001417738221	1
HPCLAS_TRAIN_P_007073	1	HPCLAS_TRAIN_N_001608	4	B_ambiguous	20.203203201293945	0.9999999983178669	1
HPCLAS_TRAIN_P_007093	1	HPCLAS_TRAIN_P_007093	4	D_hard_sample	6.742991924285889	0.9988222746186592	1
HPCLAS_TRAIN_P_007096	1	HPCLAS_TRAIN_P_007096	4	A_clean_core	47.13259506225586	1.0	1
HPCLAS_TRAIN_P_007097	1	HPCLAS_TRAIN_P_007097	4	A_clean_core	40.74043655395508	1.0	1
HPCLAS_TRAIN_P_007106	1	HPCLAS_TRAIN_P_007106	4	A_clean_core	58.99186325073242	1.0	1
HPCLAS_TRAIN_P_007109	1	HPCLAS_TRAIN_P_007109	4	A_clean_core	23.43761444091797	0.9999999999337519	1
HPCLAS_TRAIN_P_007110	1	HPCLAS_TRAIN_P_007110	4	A_clean_core	54.66242218017578	1.0	1
HPCLAS_TRAIN_P_007119	1	HPCLAS_TRAIN_P_007119	4	A_clean_core	9.657661437988281	0.999936070226735	1
HPCLAS_TRAIN_P_007128	1	HPCLAS_TRAIN_P_007128	4	A_clean_core	27.74276351928711	0.9999999999991058	1
HPCLAS_TRAIN_P_007140	1	HPCLAS_TRAIN_P_007140	4	A_clean_core	37.98700714111328	1.0	1
HPCLAS_TRAIN_P_007151	1	HPCLAS_TRAIN_P_007151	4	A_clean_core	82.2434310913086	1.0	1
HPCLAS_TRAIN_P_007166	1	HPCLAS_TRAIN_P_007166	4	D_hard_sample	-5.68139123916626	0.0033972321412482527	0
HPCLAS_TRAIN_P_007170	1	HPCLAS_TRAIN_P_007170	4	A_clean_core	16.2003231048584	0.9999999078937649	1
HPCLAS_TRAIN_P_007173	1	HPCLAS_TRAIN_N_001800	4	B_ambiguous	13.655564308166504	0.9999988265535807	1
HPCLAS_TRAIN_P_007178	1	HPCLAS_TRAIN_P_007178	4	D_hard_sample	5.312317371368408	0.9950937027407298	1
HPCLAS_TRAIN_P_007184	1	HPCLAS_TRAIN_P_007184	4	A_clean_core	28.456571578979492	0.9999999999995619	1
HPCLAS_TRAIN_P_007186	1	HPCLAS_TRAIN_P_007186	4	A_clean_core	32.08356857299805	0.9999999999999885	1
HPCLAS_TRAIN_P_007193	1	HPCLAS_TRAIN_P_007193	4	D_hard_sample	4.914547443389893	0.9927144306027381	1
HPCLAS_TRAIN_P_007195	1	HPCLAS_TRAIN_P_007195	4	A_clean_core	23.213411331176758	0.9999999999171021	1
HPCLAS_TRAIN_P_007198	1	HPCLAS_TRAIN_P_007198	4	A_clean_core	6.221253871917725	0.9980171868374139	1
HPCLAS_TRAIN_P_007201	1	HPCLAS_TRAIN_P_007201	4	A_clean_core	17.356595993041992	0.9999999710181489	1
HPCLAS_TRAIN_P_007207	1	HPCLAS_TRAIN_P_007207	4	A_clean_core	27.05474090576172	0.9999999999982205	1
HPCLAS_TRAIN_P_007215	1	HPCLAS_TRAIN_P_007215	4	A_clean_core	28.29500389099121	0.9999999999994853	1
HPCLAS_TRAIN_P_007225	1	HPCLAS_TRAIN_P_007225	4	A_clean_core	18.481481552124023	0.9999999905898934	1
HPCLAS_TRAIN_P_007230	1	HPCLAS_TRAIN_P_007230	4	A_clean_core	60.666969299316406	1.0	1
HPCLAS_TRAIN_P_007248	1	HPCLAS_TRAIN_N_003287	4	B_ambiguous	-9.304004669189453	9.105054884258731e-05	0
HPCLAS_TRAIN_P_007251	1	HPCLAS_TRAIN_P_007251	4	D_hard_sample	12.215213775634766	0.9999950455219319	1
HPCLAS_TRAIN_P_007254	1	HPCLAS_TRAIN_P_007254	4	A_clean_core	2.6870548725128174	0.9362584463350492	1
HPCLAS_TRAIN_P_007255	1	HPCLAS_TRAIN_P_007255	4	A_clean_core	45.73085403442383	1.0	1
HPCLAS_TRAIN_P_007259	1	HPCLAS_TRAIN_P_007259	4	A_clean_core	37.65394973754883	1.0	1
HPCLAS_TRAIN_P_007266	1	HPCLAS_TRAIN_P_007266	4	D_hard_sample	1.9532643556594849	0.8758021505392211	1
HPCLAS_TRAIN_P_007272	1	HPCLAS_TRAIN_P_007272	4	A_clean_core	51.72190475463867	1.0	1
HPCLAS_TRAIN_P_007277	1	HPCLAS_TRAIN_P_007277	4	A_clean_core	33.41616439819336	0.9999999999999969	1
HPCLAS_TRAIN_P_007286	1	HPCLAS_TRAIN_P_007286	4	D_hard_sample	-10.902795791625977	1.8406361891108266e-05	0
HPCLAS_TRAIN_P_007297	1	HPCLAS_TRAIN_P_007297	4	A_clean_core	54.98785400390625	1.0	1
HPCLAS_TRAIN_P_007302	1	HPCLAS_TRAIN_P_007302	4	A_clean_core	28.308610916137695	0.9999999999994922	1
HPCLAS_TRAIN_P_007306	1	HPCLAS_TRAIN_P_007306	4	D_hard_sample	2.168501853942871	0.8973850917514151	1
HPCLAS_TRAIN_P_007324	1	HPCLAS_TRAIN_P_007324	4	A_clean_core	21.934560775756836	0.9999999997021887	1
HPCLAS_TRAIN_P_007339	1	HPCLAS_TRAIN_P_007339	4	A_clean_core	5.774402141571045	0.9969035636146122	1
HPCLAS_TRAIN_P_007348	1	HPCLAS_TRAIN_P_007348	4	A_clean_core	43.974910736083984	1.0	1
HPCLAS_TRAIN_P_007361	1	HPCLAS_TRAIN_P_007361	4	A_clean_core	18.36624526977539	0.9999999894405568	1
HPCLAS_TRAIN_P_007368	1	HPCLAS_TRAIN_P_007368	4	A_clean_core	49.60020065307617	1.0	1
HPCLAS_TRAIN_P_007386	1	HPCLAS_TRAIN_P_007386	4	A_clean_core	17.626903533935547	0.9999999778826518	1
HPCLAS_TRAIN_P_007400	1	HPCLAS_TRAIN_P_007400	4	A_clean_core	48.683143615722656	1.0	1
HPCLAS_TRAIN_P_007405	1	HPCLAS_TRAIN_P_007405	4	D_hard_sample	2.8532960414886475	0.9454888094929897	1
HPCLAS_TRAIN_P_007422	1	HPCLAS_TRAIN_P_007422	4	A_clean_core	23.273269653320312	0.9999999999219187	1
HPCLAS_TRAIN_P_007427	1	HPCLAS_TRAIN_P_007427	4	A_clean_core	21.539188385009766	0.9999999995577689	1
HPCLAS_TRAIN_P_007440	1	HPCLAS_TRAIN_P_007440	4	A_clean_core	15.453811645507812	0.9999998056901602	1
HPCLAS_TRAIN_P_007449	1	HPCLAS_TRAIN_P_007449	4	A_clean_core	54.69340515136719	1.0	1
HPCLAS_TRAIN_P_007451	1	HPCLAS_TRAIN_P_007451	4	A_clean_core	53.1098518371582	1.0	1
HPCLAS_TRAIN_P_007452	1	HPCLAS_TRAIN_P_007452	4	A_clean_core	15.21511173248291	0.9999997533047282	1
HPCLAS_TRAIN_P_007454	1	HPCLAS_TRAIN_P_007454	4	A_clean_core	51.91129684448242	1.0	1
HPCLAS_TRAIN_P_007460	1	HPCLAS_TRAIN_N_003231	4	B_ambiguous	-3.3496832847595215	0.03390553693692712	0
