clean_id	label	homology_group	fold	quality_tier	raw_score	probability_uncalibrated	prediction_at_fixed_boundary
HPCLAS_TRAIN_N_000012	0	HPCLAS_TRAIN_N_000012	1	A_clean_core	-16.863677978515625	4.7445790704048425e-08	0
HPCLAS_TRAIN_N_000013	0	HPCLAS_TRAIN_N_000013	1	A_clean_core	-2.7416913509368896	0.06055761016091285	0
HPCLAS_TRAIN_N_000017	0	HPCLAS_TRAIN_N_000017	1	A_clean_core	-3.474179744720459	0.030055891694644392	0
HPCLAS_TRAIN_N_000018	0	HPCLAS_TRAIN_N_000018	1	A_clean_core	-18.148391723632812	1.3129664032141398e-08	0
HPCLAS_TRAIN_N_000019	0	HPCLAS_TRAIN_P_002956	1	B_ambiguous	-14.333586692810059	5.956650714614282e-07	0
HPCLAS_TRAIN_N_000021	0	HPCLAS_TRAIN_N_000021	1	D_hard_sample	-19.719282150268555	2.729132202027319e-09	0
HPCLAS_TRAIN_N_000022	0	HPCLAS_TRAIN_N_000022	1	A_clean_core	-29.978418350219727	9.561770911499486e-14	0
HPCLAS_TRAIN_N_000032	0	HPCLAS_TRAIN_N_000032	1	A_clean_core	-10.794605255126953	2.0509430262929668e-05	0
HPCLAS_TRAIN_N_000034	0	HPCLAS_TRAIN_N_000034	1	D_hard_sample	2.864514112472534	0.9460641046522033	1
HPCLAS_TRAIN_N_000036	0	HPCLAS_TRAIN_N_000036	1	D_hard_sample	-9.067683219909668	0.00011532013129226779	0
HPCLAS_TRAIN_N_000037	0	HPCLAS_TRAIN_N_000037	1	A_clean_core	-26.96253776550293	1.9512756738893897e-12	0
HPCLAS_TRAIN_N_000055	0	HPCLAS_TRAIN_N_000055	1	A_clean_core	-17.47677993774414	2.5699868457488195e-08	0
HPCLAS_TRAIN_N_000056	0	HPCLAS_TRAIN_N_000056	1	A_clean_core	-26.44875144958496	3.2617689350897523e-12	0
HPCLAS_TRAIN_N_000067	0	HPCLAS_TRAIN_N_000067	1	A_clean_core	-13.539994239807129	1.317208864031519e-06	0
HPCLAS_TRAIN_N_000072	0	HPCLAS_TRAIN_N_000072	1	A_clean_core	-30.264429092407227	7.183323863031846e-14	0
HPCLAS_TRAIN_N_000082	0	HPCLAS_TRAIN_N_000082	1	A_clean_core	-14.773406982421875	3.836990306110025e-07	0
HPCLAS_TRAIN_N_000096	0	HPCLAS_TRAIN_N_000096	1	A_clean_core	-38.02404022216797	3.0645672198924714e-17	0
HPCLAS_TRAIN_N_000098	0	HPCLAS_TRAIN_N_000098	1	A_clean_core	-15.431877136230469	1.9861901695691341e-07	0
HPCLAS_TRAIN_N_000103	0	HPCLAS_TRAIN_N_000103	1	A_clean_core	-7.532401084899902	0.0005351644941390584	0
HPCLAS_TRAIN_N_000116	0	HPCLAS_TRAIN_N_000116	1	A_clean_core	-18.034305572509766	1.4716366616589228e-08	0
HPCLAS_TRAIN_N_000117	0	HPCLAS_TRAIN_N_000117	1	A_clean_core	-11.518430709838867	9.944999908208758e-06	0
HPCLAS_TRAIN_N_000123	0	HPCLAS_TRAIN_N_000123	1	A_clean_core	-24.372968673706055	2.59988535338277e-11	0
HPCLAS_TRAIN_N_000134	0	HPCLAS_TRAIN_N_000134	1	D_hard_sample	-6.442227840423584	0.0015903209507905336	0
HPCLAS_TRAIN_N_000145	0	HPCLAS_TRAIN_N_000145	1	A_clean_core	-9.815169334411621	5.4613800556640666e-05	0
HPCLAS_TRAIN_N_000156	0	HPCLAS_TRAIN_N_000156	1	D_hard_sample	-12.199309349060059	5.033905755706809e-06	0
HPCLAS_TRAIN_N_000161	0	HPCLAS_TRAIN_N_000161	1	D_hard_sample	4.447874546051025	0.9884319698402565	1
HPCLAS_TRAIN_N_000162	0	HPCLAS_TRAIN_N_000162	1	A_clean_core	-16.46988296508789	7.034296661475702e-08	0
HPCLAS_TRAIN_N_000167	0	HPCLAS_TRAIN_N_000167	1	A_clean_core	-6.659209728240967	0.0012805173971494547	0
HPCLAS_TRAIN_N_000168	0	HPCLAS_TRAIN_N_000168	1	D_hard_sample	-12.41220474243164	4.068611339111657e-06	0
HPCLAS_TRAIN_N_000169	0	HPCLAS_TRAIN_N_000169	1	A_clean_core	-37.33514404296875	6.103134782384168e-17	0
HPCLAS_TRAIN_N_000176	0	HPCLAS_TRAIN_N_000176	1	A_clean_core	-10.045223236083984	4.3390647838397764e-05	0
HPCLAS_TRAIN_N_000184	0	HPCLAS_TRAIN_N_000184	1	A_clean_core	-18.811037063598633	6.768156642270613e-09	0
HPCLAS_TRAIN_N_000187	0	HPCLAS_TRAIN_N_000187	1	A_clean_core	-18.645174026489258	7.989209370211132e-09	0
HPCLAS_TRAIN_N_000188	0	HPCLAS_TRAIN_N_000188	1	A_clean_core	-15.364627838134766	2.1243536690876006e-07	0
HPCLAS_TRAIN_N_000197	0	HPCLAS_TRAIN_N_000197	1	A_clean_core	-19.657011032104492	2.9044812471184947e-09	0
HPCLAS_TRAIN_N_000198	0	HPCLAS_TRAIN_N_000198	1	B_ambiguous	-12.88558578491211	2.534312098645404e-06	0
HPCLAS_TRAIN_N_000206	0	HPCLAS_TRAIN_N_000206	1	A_clean_core	-28.274662017822266	5.253760947579236e-13	0
HPCLAS_TRAIN_N_000218	0	HPCLAS_TRAIN_N_000218	1	A_clean_core	-18.62275505065918	8.170342078892711e-09	0
HPCLAS_TRAIN_N_000219	0	HPCLAS_TRAIN_N_000219	1	A_clean_core	-1.6691449880599976	0.15853820742656285	0
HPCLAS_TRAIN_N_000220	0	HPCLAS_TRAIN_N_000220	1	A_clean_core	-0.4250742197036743	0.3953031737759652	0
HPCLAS_TRAIN_N_000224	0	HPCLAS_TRAIN_N_000224	1	A_clean_core	-7.867146968841553	0.00038297914523793364	0
HPCLAS_TRAIN_N_000240	0	HPCLAS_TRAIN_N_000240	1	A_clean_core	-5.155275821685791	0.005735799482383528	0
HPCLAS_TRAIN_N_000248	0	HPCLAS_TRAIN_N_000248	1	A_clean_core	-13.141830444335938	1.961438538381212e-06	0
HPCLAS_TRAIN_N_000249	0	HPCLAS_TRAIN_N_000249	1	A_clean_core	-19.43539810180664	3.62504873195686e-09	0
HPCLAS_TRAIN_N_000250	0	HPCLAS_TRAIN_N_000250	1	D_hard_sample	1.3331212997436523	0.7913564656717855	1
HPCLAS_TRAIN_N_000252	0	HPCLAS_TRAIN_N_000252	1	A_clean_core	-17.288389205932617	3.1027583525046244e-08	0
HPCLAS_TRAIN_N_000257	0	HPCLAS_TRAIN_N_000257	1	D_hard_sample	-6.629923343658447	0.0013185234892949737	0
HPCLAS_TRAIN_N_000258	0	HPCLAS_TRAIN_N_000258	1	A_clean_core	-20.830469131469727	8.983430254010825e-10	0
HPCLAS_TRAIN_N_000260	0	HPCLAS_TRAIN_N_000260	1	A_clean_core	-25.334077835083008	9.943740729760783e-12	0
HPCLAS_TRAIN_N_000267	0	HPCLAS_TRAIN_N_000267	1	A_clean_core	-20.1014461517334	1.8623137818073034e-09	0
HPCLAS_TRAIN_N_000271	0	HPCLAS_TRAIN_N_000271	1	A_clean_core	-4.280582904815674	0.013645811205279695	0
HPCLAS_TRAIN_N_000283	0	HPCLAS_TRAIN_N_000283	1	D_hard_sample	-2.286912441253662	0.09221268273021041	0
HPCLAS_TRAIN_N_000286	0	HPCLAS_TRAIN_N_000286	1	A_clean_core	-15.424651145935059	2.00059433709938e-07	0
HPCLAS_TRAIN_N_000288	0	HPCLAS_TRAIN_N_000288	1	D_hard_sample	-7.891069412231445	0.0003739294511576116	0
HPCLAS_TRAIN_N_000290	0	HPCLAS_TRAIN_N_000290	1	A_clean_core	-21.045242309570312	7.24715240252148e-10	0
HPCLAS_TRAIN_N_000296	0	HPCLAS_TRAIN_N_000296	1	A_clean_core	-8.812202453613281	0.00014888276892039537	0
HPCLAS_TRAIN_N_000299	0	HPCLAS_TRAIN_N_000299	1	A_clean_core	-18.544246673583984	8.837633653192963e-09	0
HPCLAS_TRAIN_N_000317	0	HPCLAS_TRAIN_N_000317	1	D_hard_sample	7.273057460784912	0.999306494374851	1
HPCLAS_TRAIN_N_000321	0	HPCLAS_TRAIN_N_000321	1	A_clean_core	-13.793188095092773	1.0225724276344582e-06	0
HPCLAS_TRAIN_N_000324	0	HPCLAS_TRAIN_N_000324	1	D_hard_sample	-2.6593101024627686	0.06541749977216404	0
HPCLAS_TRAIN_N_000326	0	HPCLAS_TRAIN_N_000326	1	D_hard_sample	6.3594841957092285	0.9982727296682425	1
HPCLAS_TRAIN_N_000340	0	HPCLAS_TRAIN_N_000340	1	A_clean_core	-25.862607955932617	5.861544644052201e-12	0
HPCLAS_TRAIN_N_000345	0	HPCLAS_TRAIN_N_000345	1	A_clean_core	-24.995800018310547	1.3946395636969667e-11	0
HPCLAS_TRAIN_N_000365	0	HPCLAS_TRAIN_N_000365	1	A_clean_core	-16.57440757751465	6.336161244153071e-08	0
HPCLAS_TRAIN_N_000390	0	HPCLAS_TRAIN_N_000390	1	D_hard_sample	4.683013439178467	0.9908337040364111	1
HPCLAS_TRAIN_N_000392	0	HPCLAS_TRAIN_N_000392	1	A_clean_core	-21.693262100219727	3.7908445449204456e-10	0
HPCLAS_TRAIN_N_000393	0	HPCLAS_TRAIN_N_000393	1	D_hard_sample	-17.136695861816406	3.6110003745713395e-08	0
HPCLAS_TRAIN_N_000402	0	HPCLAS_TRAIN_N_000402	1	A_clean_core	-18.30545425415039	1.1221275466498495e-08	0
HPCLAS_TRAIN_N_000403	0	HPCLAS_TRAIN_N_000403	1	D_hard_sample	2.8124115467071533	0.9433428473036799	1
HPCLAS_TRAIN_N_000404	0	HPCLAS_TRAIN_N_000404	1	A_clean_core	-26.070947647094727	4.759170883006037e-12	0
HPCLAS_TRAIN_N_000405	0	HPCLAS_TRAIN_N_000405	1	D_hard_sample	-2.7636778354644775	0.05931880950811916	0
HPCLAS_TRAIN_N_000421	0	HPCLAS_TRAIN_N_000421	1	A_clean_core	-26.569787979125977	2.88993247500061e-12	0
HPCLAS_TRAIN_N_000435	0	HPCLAS_TRAIN_N_000435	1	A_clean_core	-29.290082931518555	1.9031744923373584e-13	0
HPCLAS_TRAIN_N_000441	0	HPCLAS_TRAIN_N_000441	1	A_clean_core	-23.162599563598633	8.721894375720045e-11	0
HPCLAS_TRAIN_N_000445	0	HPCLAS_TRAIN_N_000445	1	A_clean_core	-16.610794067382812	6.109754641309294e-08	0
HPCLAS_TRAIN_N_000448	0	HPCLAS_TRAIN_N_000448	1	A_clean_core	-22.271806716918945	2.1255789510217877e-10	0
HPCLAS_TRAIN_N_000450	0	HPCLAS_TRAIN_N_000450	1	A_clean_core	-17.608524322509766	2.2527606032280676e-08	0
HPCLAS_TRAIN_N_000453	0	HPCLAS_TRAIN_N_000453	1	A_clean_core	-22.67865753173828	1.41509037464208e-10	0
HPCLAS_TRAIN_N_000455	0	HPCLAS_TRAIN_N_000455	1	A_clean_core	-12.392913818359375	4.147860220432967e-06	0
HPCLAS_TRAIN_N_000458	0	HPCLAS_TRAIN_N_000458	1	B_ambiguous	-2.664324998855591	0.06511156617190411	0
HPCLAS_TRAIN_N_000464	0	HPCLAS_TRAIN_N_000464	1	B_ambiguous	-5.71933126449585	0.0032711692286820034	0
HPCLAS_TRAIN_N_000469	0	HPCLAS_TRAIN_N_000469	1	A_clean_core	-8.658148765563965	0.00017367541079869517	0
HPCLAS_TRAIN_N_000471	0	HPCLAS_TRAIN_N_004080	1	D_hard_sample	-16.49329948425293	6.871491534123086e-08	0
HPCLAS_TRAIN_N_000473	0	HPCLAS_TRAIN_N_000473	1	A_clean_core	-21.525915145874023	4.4814012817225037e-10	0
HPCLAS_TRAIN_N_000476	0	HPCLAS_TRAIN_N_000476	1	A_clean_core	-21.779294967651367	3.4783427599084057e-10	0
HPCLAS_TRAIN_N_000487	0	HPCLAS_TRAIN_N_000487	1	D_hard_sample	-8.479812622070312	0.00020757450590844334	0
HPCLAS_TRAIN_N_000490	0	HPCLAS_TRAIN_N_000490	1	A_clean_core	-2.637880563735962	0.06673992500301917	0
HPCLAS_TRAIN_N_000496	0	HPCLAS_TRAIN_N_000496	1	A_clean_core	-5.328272342681885	0.004829013610262862	0
HPCLAS_TRAIN_N_000497	0	HPCLAS_TRAIN_N_000497	1	A_clean_core	-10.804789543151855	2.030162055152328e-05	0
HPCLAS_TRAIN_N_000507	0	HPCLAS_TRAIN_N_000507	1	A_clean_core	-25.33275032043457	9.956949957021136e-12	0
HPCLAS_TRAIN_N_000513	0	HPCLAS_TRAIN_N_000513	1	A_clean_core	-13.537293434143066	1.320771192907168e-06	0
HPCLAS_TRAIN_N_000514	0	HPCLAS_TRAIN_N_000514	1	A_clean_core	-18.262502670288086	1.17137475341233e-08	0
HPCLAS_TRAIN_N_000518	0	HPCLAS_TRAIN_N_000518	1	A_clean_core	-18.194149017333984	1.2542423863414718e-08	0
HPCLAS_TRAIN_N_000536	0	HPCLAS_TRAIN_N_000536	1	A_clean_core	-7.710961818695068	0.0004476899643863789	0
HPCLAS_TRAIN_N_000538	0	HPCLAS_TRAIN_N_000538	1	A_clean_core	-29.800859451293945	1.1419607688566349e-13	0
HPCLAS_TRAIN_N_000540	0	HPCLAS_TRAIN_N_000540	1	A_clean_core	-13.33622932434082	1.6149106316623445e-06	0
HPCLAS_TRAIN_N_000541	0	HPCLAS_TRAIN_N_000541	1	A_clean_core	-5.094153881072998	0.0060951150072120295	0
HPCLAS_TRAIN_N_000544	0	HPCLAS_TRAIN_N_000544	1	D_hard_sample	15.538780212402344	0.9999998215184122	1
HPCLAS_TRAIN_N_000545	0	HPCLAS_TRAIN_N_000545	1	A_clean_core	-3.7359912395477295	0.02329396881563305	0
HPCLAS_TRAIN_N_000559	0	HPCLAS_TRAIN_N_000559	1	A_clean_core	4.140360355377197	0.9843322703954033	1
HPCLAS_TRAIN_N_000561	0	HPCLAS_TRAIN_N_000561	1	A_clean_core	-32.81205368041992	5.62219813405138e-15	0
HPCLAS_TRAIN_N_000562	0	HPCLAS_TRAIN_N_000562	1	A_clean_core	-1.1020358800888062	0.24935862618555216	0
HPCLAS_TRAIN_N_000565	0	HPCLAS_TRAIN_N_000565	1	A_clean_core	-22.055727005004883	2.6382713860120857e-10	0
HPCLAS_TRAIN_N_000570	0	HPCLAS_TRAIN_N_000570	1	D_hard_sample	-1.903988242149353	0.12965774959679843	0
HPCLAS_TRAIN_N_000576	0	HPCLAS_TRAIN_N_000576	1	A_clean_core	-3.5163698196411133	0.02885003148300233	0
HPCLAS_TRAIN_N_000578	0	HPCLAS_TRAIN_N_000578	1	A_clean_core	-11.829987525939941	7.282802516554669e-06	0
HPCLAS_TRAIN_N_000586	0	HPCLAS_TRAIN_N_000586	1	A_clean_core	-15.51158618927002	1.83401816485528e-07	0
HPCLAS_TRAIN_N_000594	0	HPCLAS_TRAIN_N_000594	1	D_hard_sample	-1.2554734945297241	0.22175408899628157	0
HPCLAS_TRAIN_N_000595	0	HPCLAS_TRAIN_N_000595	1	A_clean_core	-23.385395050048828	6.979944551390566e-11	0
HPCLAS_TRAIN_N_000609	0	HPCLAS_TRAIN_N_000609	1	A_clean_core	-14.806310653686523	3.712793751539302e-07	0
HPCLAS_TRAIN_N_000612	0	HPCLAS_TRAIN_N_000612	1	A_clean_core	-2.147583484649658	0.10455725334812635	0
HPCLAS_TRAIN_N_000615	0	HPCLAS_TRAIN_N_000615	1	A_clean_core	-18.653118133544922	7.925993664808214e-09	0
HPCLAS_TRAIN_N_000635	0	HPCLAS_TRAIN_N_000635	1	D_hard_sample	-11.213118553161621	1.3495799770350644e-05	0
HPCLAS_TRAIN_N_000647	0	HPCLAS_TRAIN_N_000647	1	A_clean_core	-27.08264923095703	1.7304333785492679e-12	0
HPCLAS_TRAIN_N_000649	0	HPCLAS_TRAIN_N_000649	1	D_hard_sample	-4.376854419708252	0.012408904520639594	0
HPCLAS_TRAIN_N_000652	0	HPCLAS_TRAIN_N_000652	1	A_clean_core	-26.94597816467285	1.983857042854444e-12	0
HPCLAS_TRAIN_N_000664	0	HPCLAS_TRAIN_P_006891	1	B_ambiguous	-8.353889465332031	0.00023542341091221843	0
HPCLAS_TRAIN_N_000671	0	HPCLAS_TRAIN_N_000671	1	A_clean_core	-15.736685752868652	1.464347501309186e-07	0
HPCLAS_TRAIN_N_000674	0	HPCLAS_TRAIN_N_000674	1	D_hard_sample	-7.858916282653809	0.0003861431121535101	0
HPCLAS_TRAIN_N_000698	0	HPCLAS_TRAIN_N_000698	1	D_hard_sample	-0.9856047630310059	0.27178109285645746	0
HPCLAS_TRAIN_N_000699	0	HPCLAS_TRAIN_N_000699	1	A_clean_core	-20.07461166381836	1.912964573016128e-09	0
HPCLAS_TRAIN_N_000701	0	HPCLAS_TRAIN_N_000701	1	A_clean_core	-4.741470813751221	0.00865032171134228	0
HPCLAS_TRAIN_N_000717	0	HPCLAS_TRAIN_N_000717	1	A_clean_core	-34.66093063354492	8.85011854955274e-16	0
HPCLAS_TRAIN_N_000722	0	HPCLAS_TRAIN_N_000722	1	A_clean_core	-16.175750732421875	9.439753968255248e-08	0
HPCLAS_TRAIN_N_000730	0	HPCLAS_TRAIN_N_000730	1	D_hard_sample	-11.777289390563965	7.676882117829088e-06	0
HPCLAS_TRAIN_N_000737	0	HPCLAS_TRAIN_N_000737	1	A_clean_core	-35.56089782714844	3.5983077329294477e-16	0
HPCLAS_TRAIN_N_000746	0	HPCLAS_TRAIN_N_000746	1	A_clean_core	-29.48152732849121	1.5715759102740154e-13	0
HPCLAS_TRAIN_N_000748	0	HPCLAS_TRAIN_N_000748	1	D_hard_sample	4.05518102645874	0.9829629497004435	1
HPCLAS_TRAIN_N_000753	0	HPCLAS_TRAIN_N_000753	1	A_clean_core	-14.885528564453125	3.4300222344470347e-07	0
HPCLAS_TRAIN_N_000756	0	HPCLAS_TRAIN_N_000756	1	A_clean_core	-8.18498706817627	0.00027873032034284923	0
HPCLAS_TRAIN_N_000769	0	HPCLAS_TRAIN_N_000769	1	A_clean_core	-20.225919723510742	1.6443515497006374e-09	0
HPCLAS_TRAIN_N_000771	0	HPCLAS_TRAIN_N_000771	1	A_clean_core	-25.830581665039062	6.052306571566344e-12	0
HPCLAS_TRAIN_N_000779	0	HPCLAS_TRAIN_N_000779	1	D_hard_sample	-3.304191827774048	0.03542766455789605	0
HPCLAS_TRAIN_N_000796	0	HPCLAS_TRAIN_N_000796	1	A_clean_core	-15.003239631652832	3.049128202127648e-07	0
HPCLAS_TRAIN_N_000818	0	HPCLAS_TRAIN_N_000818	1	A_clean_core	-15.469056129455566	1.9137015102901513e-07	0
HPCLAS_TRAIN_N_000844	0	HPCLAS_TRAIN_N_000844	1	A_clean_core	-22.189617156982422	2.3076594199112357e-10	0
HPCLAS_TRAIN_N_000846	0	HPCLAS_TRAIN_N_000846	1	D_hard_sample	14.231589317321777	0.9999993403721185	1
HPCLAS_TRAIN_N_000850	0	HPCLAS_TRAIN_N_000850	1	A_clean_core	-15.71282958984375	1.499701234312003e-07	0
HPCLAS_TRAIN_N_000851	0	HPCLAS_TRAIN_N_000851	1	D_hard_sample	-8.404911041259766	0.00022371563886366098	0
HPCLAS_TRAIN_N_000859	0	HPCLAS_TRAIN_N_000859	1	A_clean_core	-24.367952346801758	2.612959994147803e-11	0
HPCLAS_TRAIN_N_000860	0	HPCLAS_TRAIN_N_000860	1	D_hard_sample	5.955151081085205	0.9974142512952171	1
HPCLAS_TRAIN_N_000867	0	HPCLAS_TRAIN_N_000867	1	A_clean_core	-35.57331848144531	3.5538908111649383e-16	0
HPCLAS_TRAIN_N_000872	0	HPCLAS_TRAIN_N_000872	1	A_clean_core	-13.644251823425293	1.186796366388762e-06	0
HPCLAS_TRAIN_N_000874	0	HPCLAS_TRAIN_N_000874	1	A_clean_core	-19.687463760375977	2.817365064200221e-09	0
HPCLAS_TRAIN_N_000875	0	HPCLAS_TRAIN_N_000875	1	A_clean_core	-19.119680404663086	4.970823036543984e-09	0
HPCLAS_TRAIN_N_000877	0	HPCLAS_TRAIN_N_000877	1	A_clean_core	-18.82857322692871	6.650503747930118e-09	0
HPCLAS_TRAIN_N_000879	0	HPCLAS_TRAIN_N_000879	1	D_hard_sample	0.5805150270462036	0.6411859054393886	1
HPCLAS_TRAIN_N_000890	0	HPCLAS_TRAIN_N_000890	1	A_clean_core	-23.156782150268555	8.772781111397409e-11	0
HPCLAS_TRAIN_N_000891	0	HPCLAS_TRAIN_N_000891	1	A_clean_core	-28.332902908325195	4.956517120306392e-13	0
HPCLAS_TRAIN_N_000901	0	HPCLAS_TRAIN_N_000901	1	A_clean_core	-13.420726776123047	1.4840610723589035e-06	0
HPCLAS_TRAIN_N_000911	0	HPCLAS_TRAIN_N_000911	1	A_clean_core	-25.175825119018555	1.164871643744406e-11	0
HPCLAS_TRAIN_N_000929	0	HPCLAS_TRAIN_N_000929	1	D_hard_sample	-25.05073356628418	1.3200933537522235e-11	0
HPCLAS_TRAIN_N_000934	0	HPCLAS_TRAIN_N_000934	1	A_clean_core	-21.75796127319336	3.5533458635535514e-10	0
HPCLAS_TRAIN_N_000938	0	HPCLAS_TRAIN_N_000938	1	A_clean_core	-16.370092391967773	7.772472106949999e-08	0
HPCLAS_TRAIN_N_000942	0	HPCLAS_TRAIN_N_000942	1	A_clean_core	-27.963926315307617	7.168381476356211e-13	0
HPCLAS_TRAIN_N_000947	0	HPCLAS_TRAIN_N_000947	1	A_clean_core	-25.235139846801758	1.0977868253682074e-11	0
HPCLAS_TRAIN_N_000948	0	HPCLAS_TRAIN_N_000948	1	A_clean_core	-13.331067085266113	1.6232687275784343e-06	0
HPCLAS_TRAIN_N_000950	0	HPCLAS_TRAIN_N_000950	1	A_clean_core	-22.997304916381836	1.028957355628993e-10	0
HPCLAS_TRAIN_N_000951	0	HPCLAS_TRAIN_N_000951	1	B_ambiguous	-12.60216999053955	3.3646946052065163e-06	0
HPCLAS_TRAIN_N_000970	0	HPCLAS_TRAIN_N_000970	1	A_clean_core	-26.206743240356445	4.154856435847811e-12	0
HPCLAS_TRAIN_N_000972	0	HPCLAS_TRAIN_N_000972	1	B_ambiguous	-15.221363067626953	2.451579077016927e-07	0
HPCLAS_TRAIN_N_000991	0	HPCLAS_TRAIN_N_000991	1	A_clean_core	-19.10404396057129	5.049159891482592e-09	0
HPCLAS_TRAIN_N_000999	0	HPCLAS_TRAIN_N_000999	1	D_hard_sample	-5.367560863494873	0.004643831445006147	0
HPCLAS_TRAIN_N_001003	0	HPCLAS_TRAIN_N_001003	1	D_hard_sample	-27.02247428894043	1.837758875828743e-12	0
HPCLAS_TRAIN_N_001006	0	HPCLAS_TRAIN_N_001006	1	A_clean_core	-12.50549030303955	3.706235045010889e-06	0
HPCLAS_TRAIN_N_001008	0	HPCLAS_TRAIN_N_001008	1	A_clean_core	-52.22358322143555	2.0873053281693852e-23	0
HPCLAS_TRAIN_N_001041	0	HPCLAS_TRAIN_N_001041	1	D_hard_sample	-2.8824307918548584	0.05302893693368562	0
HPCLAS_TRAIN_N_001048	0	HPCLAS_TRAIN_N_001048	1	A_clean_core	-16.7817325592041	5.149749811739167e-08	0
HPCLAS_TRAIN_N_001050	0	HPCLAS_TRAIN_N_001050	1	A_clean_core	-22.913766860961914	1.1186068967063061e-10	0
HPCLAS_TRAIN_N_001057	0	HPCLAS_TRAIN_N_001057	1	D_hard_sample	-2.7606091499328613	0.05949027417105712	0
HPCLAS_TRAIN_N_001060	0	HPCLAS_TRAIN_P_006534	1	B_ambiguous	-17.41826820373535	2.7248476354851053e-08	0
HPCLAS_TRAIN_N_001062	0	HPCLAS_TRAIN_N_001062	1	A_clean_core	-14.518224716186523	4.952390748767952e-07	0
HPCLAS_TRAIN_N_001072	0	HPCLAS_TRAIN_N_001072	1	B_ambiguous	-10.971556663513184	1.718327816169822e-05	0
HPCLAS_TRAIN_N_001073	0	HPCLAS_TRAIN_P_002532	1	B_ambiguous	-1.1436383724212646	0.24165297787136977	0
HPCLAS_TRAIN_N_001075	0	HPCLAS_TRAIN_N_001075	1	A_clean_core	-7.817044734954834	0.0004026481460173773	0
HPCLAS_TRAIN_N_001086	0	HPCLAS_TRAIN_N_001086	1	A_clean_core	-24.966672897338867	1.4358587834598181e-11	0
HPCLAS_TRAIN_N_001092	0	HPCLAS_TRAIN_N_001092	1	A_clean_core	-22.871227264404297	1.1672186137120864e-10	0
HPCLAS_TRAIN_N_001107	0	HPCLAS_TRAIN_N_001107	1	D_hard_sample	-10.233864784240723	3.5931338080194216e-05	0
HPCLAS_TRAIN_N_001110	0	HPCLAS_TRAIN_N_001110	1	A_clean_core	-20.304962158203125	1.5193820060603863e-09	0
HPCLAS_TRAIN_N_001114	0	HPCLAS_TRAIN_N_001114	1	A_clean_core	-24.691862106323242	1.8899944954223458e-11	0
HPCLAS_TRAIN_N_001116	0	HPCLAS_TRAIN_N_001116	1	D_hard_sample	0.3909102976322174	0.5965018156999495	1
HPCLAS_TRAIN_N_001118	0	HPCLAS_TRAIN_N_001118	1	D_hard_sample	-0.6280139088630676	0.34796101422491926	0
HPCLAS_TRAIN_N_001119	0	HPCLAS_TRAIN_N_001119	1	A_clean_core	-21.528791427612305	4.468530028608527e-10	0
HPCLAS_TRAIN_N_001124	0	HPCLAS_TRAIN_N_001124	1	A_clean_core	-9.770820617675781	5.709022142177898e-05	0
HPCLAS_TRAIN_N_001129	0	HPCLAS_TRAIN_N_001129	1	A_clean_core	-15.245006561279297	2.394295062196032e-07	0
HPCLAS_TRAIN_N_001130	0	HPCLAS_TRAIN_N_001130	1	B_ambiguous	-3.33422589302063	0.03441552260195358	0
HPCLAS_TRAIN_N_001133	0	HPCLAS_TRAIN_N_001133	1	A_clean_core	-26.9606990814209	1.9548667538296648e-12	0
HPCLAS_TRAIN_N_001135	0	HPCLAS_TRAIN_N_001135	1	A_clean_core	-4.532897472381592	0.010635162061152548	0
HPCLAS_TRAIN_N_001148	0	HPCLAS_TRAIN_N_001148	1	A_clean_core	-25.74470329284668	6.5950398135152164e-12	0
HPCLAS_TRAIN_N_001158	0	HPCLAS_TRAIN_N_001158	1	B_ambiguous	-0.8008313775062561	0.30984770725622973	0
HPCLAS_TRAIN_N_001177	0	HPCLAS_TRAIN_N_001177	1	A_clean_core	-18.452335357666016	9.688411393583988e-09	0
HPCLAS_TRAIN_N_001189	0	HPCLAS_TRAIN_N_001189	1	A_clean_core	-21.64043426513672	3.9964907533891857e-10	0
HPCLAS_TRAIN_N_001191	0	HPCLAS_TRAIN_N_001191	1	A_clean_core	-21.69076919555664	3.8003065479955217e-10	0
HPCLAS_TRAIN_N_001198	0	HPCLAS_TRAIN_N_001198	1	B_ambiguous	-0.16870932281017303	0.4579224259073062	0
HPCLAS_TRAIN_N_001203	0	HPCLAS_TRAIN_N_001203	1	A_clean_core	-16.7050724029541	5.560056585159679e-08	0
HPCLAS_TRAIN_N_001215	0	HPCLAS_TRAIN_N_001215	1	D_hard_sample	-2.4430997371673584	0.07994461865823752	0
HPCLAS_TRAIN_N_001220	0	HPCLAS_TRAIN_N_001220	1	A_clean_core	-24.7457218170166	1.7908926915480004e-11	0
HPCLAS_TRAIN_N_001223	0	HPCLAS_TRAIN_N_001223	1	A_clean_core	-14.141511917114258	7.218036853899374e-07	0
HPCLAS_TRAIN_N_001227	0	HPCLAS_TRAIN_N_001227	1	A_clean_core	-13.517513275146484	1.3471563125679075e-06	0
HPCLAS_TRAIN_N_001236	0	HPCLAS_TRAIN_N_001236	1	A_clean_core	-34.173194885253906	1.4413519245603093e-15	0
HPCLAS_TRAIN_N_001241	0	HPCLAS_TRAIN_N_001241	1	A_clean_core	-28.97918128967285	2.597176567121387e-13	0
HPCLAS_TRAIN_N_001245	0	HPCLAS_TRAIN_N_001245	1	A_clean_core	-14.793516159057617	3.760602243955091e-07	0
HPCLAS_TRAIN_N_001249	0	HPCLAS_TRAIN_N_001249	1	A_clean_core	-21.44843864440918	4.842408810520908e-10	0
HPCLAS_TRAIN_N_001263	0	HPCLAS_TRAIN_P_001506	1	B_ambiguous	-6.145641803741455	0.0021382184184744264	0
HPCLAS_TRAIN_N_001266	0	HPCLAS_TRAIN_N_001266	1	A_clean_core	-15.448938369750977	1.952590760589708e-07	0
HPCLAS_TRAIN_N_001267	0	HPCLAS_TRAIN_N_001267	1	A_clean_core	-16.52986717224121	6.624755764544491e-08	0
HPCLAS_TRAIN_N_001268	0	HPCLAS_TRAIN_N_001268	1	A_clean_core	-14.702417373657227	4.1192778355874075e-07	0
HPCLAS_TRAIN_N_001271	0	HPCLAS_TRAIN_N_001271	1	B_ambiguous	-12.441668510437012	3.950483976231011e-06	0
HPCLAS_TRAIN_N_001285	0	HPCLAS_TRAIN_N_001285	1	D_hard_sample	-14.935443878173828	3.263014451440717e-07	0
HPCLAS_TRAIN_N_001298	0	HPCLAS_TRAIN_N_001298	1	A_clean_core	-34.7241325378418	8.308083446378721e-16	0
HPCLAS_TRAIN_N_001303	0	HPCLAS_TRAIN_N_001303	1	A_clean_core	-18.635986328125	8.062950050317828e-09	0
HPCLAS_TRAIN_N_001304	0	HPCLAS_TRAIN_N_001304	1	A_clean_core	-8.528608322143555	0.00019769086552902954	0
HPCLAS_TRAIN_N_001308	0	HPCLAS_TRAIN_N_001308	1	A_clean_core	-28.0749454498291	6.415139598495883e-13	0
HPCLAS_TRAIN_N_001311	0	HPCLAS_TRAIN_N_001311	1	A_clean_core	-25.07835578918457	1.2841284429784791e-11	0
HPCLAS_TRAIN_N_001319	0	HPCLAS_TRAIN_N_001319	1	D_hard_sample	-8.610313415527344	0.0001821835949802634	0
HPCLAS_TRAIN_N_001323	0	HPCLAS_TRAIN_N_001323	1	A_clean_core	-9.72804069519043	5.9585382005056344e-05	0
HPCLAS_TRAIN_N_001336	0	HPCLAS_TRAIN_N_001336	1	A_clean_core	-27.20951271057129	1.5242590229007116e-12	0
HPCLAS_TRAIN_N_001346	0	HPCLAS_TRAIN_N_001346	1	A_clean_core	-22.89698600769043	1.137536457792873e-10	0
HPCLAS_TRAIN_N_001347	0	HPCLAS_TRAIN_N_001347	1	A_clean_core	-16.306995391845703	8.278694354590934e-08	0
HPCLAS_TRAIN_N_001369	0	HPCLAS_TRAIN_N_001369	1	A_clean_core	-25.6143741607666	7.513090921128703e-12	0
HPCLAS_TRAIN_N_001371	0	HPCLAS_TRAIN_N_001371	1	D_hard_sample	2.98275089263916	0.9517887582616688	1
HPCLAS_TRAIN_N_001372	0	HPCLAS_TRAIN_N_001372	1	A_clean_core	-26.8812255859375	2.116567197846583e-12	0
HPCLAS_TRAIN_N_001383	0	HPCLAS_TRAIN_N_001383	1	A_clean_core	-26.5999698638916	2.8040120091702012e-12	0
HPCLAS_TRAIN_N_001385	0	HPCLAS_TRAIN_N_001385	1	A_clean_core	-22.096942901611328	2.5317430752825636e-10	0
HPCLAS_TRAIN_N_001393	0	HPCLAS_TRAIN_N_001393	1	A_clean_core	-3.6664044857025146	0.02493079927712939	0
HPCLAS_TRAIN_N_001399	0	HPCLAS_TRAIN_N_001399	1	A_clean_core	-48.22694396972656	1.1358065134764002e-21	0
HPCLAS_TRAIN_N_001408	0	HPCLAS_TRAIN_N_001408	1	A_clean_core	-21.198179244995117	6.21938908650298e-10	0
HPCLAS_TRAIN_N_001410	0	HPCLAS_TRAIN_N_001410	1	A_clean_core	-2.356006383895874	0.08658953568589395	0
HPCLAS_TRAIN_N_001424	0	HPCLAS_TRAIN_N_001424	1	A_clean_core	-14.1123046875	7.431964465835393e-07	0
HPCLAS_TRAIN_N_001427	0	HPCLAS_TRAIN_N_001427	1	D_hard_sample	-7.173818111419678	0.0007658040664526202	0
HPCLAS_TRAIN_N_001431	0	HPCLAS_TRAIN_N_001431	1	A_clean_core	-35.0786018371582	5.828499844779921e-16	0
HPCLAS_TRAIN_N_001435	0	HPCLAS_TRAIN_N_001435	1	A_clean_core	-19.997400283813477	2.0665190038213467e-09	0
HPCLAS_TRAIN_N_001437	0	HPCLAS_TRAIN_P_003824	1	B_ambiguous	6.6713480949401855	0.9987349124925512	1
HPCLAS_TRAIN_N_001445	0	HPCLAS_TRAIN_N_001445	1	A_clean_core	-6.201175689697266	0.00202294545403485	0
HPCLAS_TRAIN_N_001448	0	HPCLAS_TRAIN_N_001448	1	A_clean_core	-8.824789047241211	0.00014702085964445652	0
HPCLAS_TRAIN_N_001454	0	HPCLAS_TRAIN_N_001454	1	A_clean_core	-6.700803756713867	0.001228412094238453	0
HPCLAS_TRAIN_N_001456	0	HPCLAS_TRAIN_N_001456	1	A_clean_core	-10.734880447387695	2.1771642901299917e-05	0
HPCLAS_TRAIN_N_001465	0	HPCLAS_TRAIN_N_001465	1	A_clean_core	-23.482885360717773	6.331585395066874e-11	0
HPCLAS_TRAIN_N_001476	0	HPCLAS_TRAIN_N_001476	1	D_hard_sample	-0.08942848443984985	0.4776577669871166	0
HPCLAS_TRAIN_N_001478	0	HPCLAS_TRAIN_N_001478	1	D_hard_sample	8.497562408447266	0.9997960766464469	1
HPCLAS_TRAIN_N_001490	0	HPCLAS_TRAIN_N_001490	1	A_clean_core	-15.261698722839355	2.3546608224367098e-07	0
HPCLAS_TRAIN_N_001505	0	HPCLAS_TRAIN_N_001505	1	A_clean_core	-11.610201835632324	9.072969869827627e-06	0
HPCLAS_TRAIN_N_001507	0	HPCLAS_TRAIN_N_001507	1	D_hard_sample	8.19029426574707	0.999722744629013	1
HPCLAS_TRAIN_N_001511	0	HPCLAS_TRAIN_N_001511	1	A_clean_core	-27.016328811645508	1.849087555692047e-12	0
HPCLAS_TRAIN_N_001512	0	HPCLAS_TRAIN_N_001512	1	A_clean_core	-16.65111541748047	5.8683016670116916e-08	0
HPCLAS_TRAIN_N_001513	0	HPCLAS_TRAIN_N_001513	1	A_clean_core	-5.229634761810303	0.0053269525784995645	0
HPCLAS_TRAIN_N_001521	0	HPCLAS_TRAIN_N_001521	1	D_hard_sample	11.015724182128906	0.9999835591361341	1
HPCLAS_TRAIN_N_001528	0	HPCLAS_TRAIN_N_001528	1	A_clean_core	-17.357118606567383	2.89667088945672e-08	0
HPCLAS_TRAIN_N_001530	0	HPCLAS_TRAIN_N_001530	1	A_clean_core	-16.96234703063965	4.298790354965003e-08	0
HPCLAS_TRAIN_N_001531	0	HPCLAS_TRAIN_N_001531	1	A_clean_core	-32.50826644897461	7.617970121345813e-15	0
HPCLAS_TRAIN_N_001532	0	HPCLAS_TRAIN_N_001532	1	D_hard_sample	-18.742294311523438	7.249782860724655e-09	0
HPCLAS_TRAIN_N_001535	0	HPCLAS_TRAIN_P_004817	1	B_ambiguous	-12.434089660644531	3.9805377242832236e-06	0
HPCLAS_TRAIN_N_001536	0	HPCLAS_TRAIN_N_001536	1	A_clean_core	0.49186235666275024	0.6205450577411912	1
HPCLAS_TRAIN_N_001563	0	HPCLAS_TRAIN_N_001563	1	D_hard_sample	5.667788505554199	0.9965564007042321	1
HPCLAS_TRAIN_N_001565	0	HPCLAS_TRAIN_N_001565	1	A_clean_core	-16.322641372680664	8.150174106374733e-08	0
HPCLAS_TRAIN_N_001573	0	HPCLAS_TRAIN_N_001573	1	A_clean_core	-14.21408748626709	6.712741879775929e-07	0
HPCLAS_TRAIN_N_001575	0	HPCLAS_TRAIN_N_001575	1	A_clean_core	-44.1803092956543	6.497338062831486e-20	0
HPCLAS_TRAIN_N_001584	0	HPCLAS_TRAIN_N_001584	1	A_clean_core	-17.41969108581543	2.7209732557655335e-08	0
HPCLAS_TRAIN_N_001585	0	HPCLAS_TRAIN_N_001585	1	A_clean_core	-24.9859619140625	1.4084278873836099e-11	0
HPCLAS_TRAIN_N_001588	0	HPCLAS_TRAIN_N_001588	1	A_clean_core	-18.652694702148438	7.929350489990051e-09	0
HPCLAS_TRAIN_N_001603	0	HPCLAS_TRAIN_N_001603	1	A_clean_core	-6.251594066619873	0.0019236716701278335	0
HPCLAS_TRAIN_N_001610	0	HPCLAS_TRAIN_N_001610	1	D_hard_sample	-9.75650691986084	5.791322231592049e-05	0
HPCLAS_TRAIN_N_001614	0	HPCLAS_TRAIN_N_001614	1	A_clean_core	-19.79376792907715	2.5332369335041972e-09	0
HPCLAS_TRAIN_N_001615	0	HPCLAS_TRAIN_N_001615	1	A_clean_core	-9.175985336303711	0.00010348448849053558	0
HPCLAS_TRAIN_N_001617	0	HPCLAS_TRAIN_N_001617	1	A_clean_core	-16.790815353393555	5.103187474625995e-08	0
HPCLAS_TRAIN_N_001622	0	HPCLAS_TRAIN_N_001622	1	A_clean_core	-11.891251564025879	6.850023917617398e-06	0
HPCLAS_TRAIN_N_001625	0	HPCLAS_TRAIN_N_001625	1	D_hard_sample	6.526078701019287	0.9985374040404109	1
HPCLAS_TRAIN_N_001634	0	HPCLAS_TRAIN_N_001634	1	A_clean_core	-14.378707885742188	5.693853136408609e-07	0
HPCLAS_TRAIN_N_001650	0	HPCLAS_TRAIN_N_001650	1	A_clean_core	-12.83140754699707	2.6754038356713997e-06	0
HPCLAS_TRAIN_N_001659	0	HPCLAS_TRAIN_N_001659	1	A_clean_core	-13.925140380859375	8.961650108568936e-07	0
HPCLAS_TRAIN_N_001662	0	HPCLAS_TRAIN_N_001662	1	A_clean_core	-21.890417098999023	3.112523558101646e-10	0
HPCLAS_TRAIN_N_001670	0	HPCLAS_TRAIN_N_001670	1	A_clean_core	-16.17913246154785	9.407885196470053e-08	0
HPCLAS_TRAIN_N_001674	0	HPCLAS_TRAIN_N_001674	1	A_clean_core	-26.8127498626709	2.266578109143906e-12	0
HPCLAS_TRAIN_N_001681	0	HPCLAS_TRAIN_N_001681	1	A_clean_core	-19.300371170043945	4.14911335804802e-09	0
HPCLAS_TRAIN_N_001693	0	HPCLAS_TRAIN_N_001693	1	A_clean_core	-12.914645195007324	2.4617264216725993e-06	0
HPCLAS_TRAIN_N_001694	0	HPCLAS_TRAIN_N_001694	1	D_hard_sample	12.726855278015137	0.9999970297316281	1
HPCLAS_TRAIN_N_001697	0	HPCLAS_TRAIN_N_001697	1	A_clean_core	-25.38200569152832	9.478399040212162e-12	0
HPCLAS_TRAIN_N_001702	0	HPCLAS_TRAIN_N_001702	1	A_clean_core	-26.48469352722168	3.1466159969760113e-12	0
HPCLAS_TRAIN_N_001713	0	HPCLAS_TRAIN_N_001713	1	A_clean_core	-17.837955474853516	1.7909124725859026e-08	0
HPCLAS_TRAIN_N_001719	0	HPCLAS_TRAIN_N_001719	1	D_hard_sample	-7.045782566070557	0.0008703168111743849	0
HPCLAS_TRAIN_N_001731	0	HPCLAS_TRAIN_N_001731	1	D_hard_sample	-2.705321788787842	0.0626600588688847	0
HPCLAS_TRAIN_N_001741	0	HPCLAS_TRAIN_N_001741	1	A_clean_core	-49.82807159423828	2.290569442796383e-22	0
HPCLAS_TRAIN_N_001745	0	HPCLAS_TRAIN_N_001745	1	A_clean_core	-26.16196632385254	4.345126151755767e-12	0
HPCLAS_TRAIN_N_001758	0	HPCLAS_TRAIN_N_001758	1	A_clean_core	-11.552875518798828	9.608281961078248e-06	0
HPCLAS_TRAIN_N_001761	0	HPCLAS_TRAIN_N_001761	1	A_clean_core	-16.365833282470703	7.805646510692816e-08	0
HPCLAS_TRAIN_N_001776	0	HPCLAS_TRAIN_N_001776	1	A_clean_core	-16.769184112548828	5.214778319249502e-08	0
HPCLAS_TRAIN_N_001779	0	HPCLAS_TRAIN_N_001779	1	D_hard_sample	-21.62964630126953	4.039838145869548e-10	0
HPCLAS_TRAIN_N_001782	0	HPCLAS_TRAIN_N_001782	1	A_clean_core	-16.150650024414062	9.679697228398648e-08	0
HPCLAS_TRAIN_N_001787	0	HPCLAS_TRAIN_N_001787	1	A_clean_core	-33.23172378540039	3.6952662532242525e-15	0
HPCLAS_TRAIN_N_001802	0	HPCLAS_TRAIN_N_001802	1	A_clean_core	-21.55025863647461	4.3736254738005e-10	0
HPCLAS_TRAIN_N_001805	0	HPCLAS_TRAIN_N_001805	1	A_clean_core	-10.868697166442871	1.9044804725088696e-05	0
HPCLAS_TRAIN_N_001808	0	HPCLAS_TRAIN_N_001808	1	A_clean_core	-24.922182083129883	1.5011837143364694e-11	0
HPCLAS_TRAIN_N_001811	0	HPCLAS_TRAIN_N_001811	1	D_hard_sample	3.329245090484619	0.9654185754978251	1
HPCLAS_TRAIN_N_001812	0	HPCLAS_TRAIN_N_001812	1	A_clean_core	-20.96632194519043	7.842275102935455e-10	0
HPCLAS_TRAIN_N_001826	0	HPCLAS_TRAIN_N_001826	1	A_clean_core	-14.033085823059082	8.044664071853477e-07	0
HPCLAS_TRAIN_N_001832	0	HPCLAS_TRAIN_N_001832	1	D_hard_sample	1.7208081483840942	0.8482329016739216	1
HPCLAS_TRAIN_N_001841	0	HPCLAS_TRAIN_N_001841	1	A_clean_core	-26.39512062072754	3.4414761585451184e-12	0
HPCLAS_TRAIN_N_001842	0	HPCLAS_TRAIN_N_001842	1	B_ambiguous	0.9593594670295715	0.7229935414257195	1
HPCLAS_TRAIN_N_001843	0	HPCLAS_TRAIN_N_001843	1	A_clean_core	-23.343761444091797	7.276679014279596e-11	0
HPCLAS_TRAIN_N_001860	0	HPCLAS_TRAIN_N_001860	1	A_clean_core	-19.000089645385742	5.60229416381588e-09	0
HPCLAS_TRAIN_N_001885	0	HPCLAS_TRAIN_N_001885	1	A_clean_core	-18.84331512451172	6.553181820908033e-09	0
HPCLAS_TRAIN_N_001893	0	HPCLAS_TRAIN_N_001893	1	A_clean_core	-18.197593688964844	1.2499293659632647e-08	0
HPCLAS_TRAIN_N_001900	0	HPCLAS_TRAIN_N_001900	1	D_hard_sample	-3.972243547439575	0.018483079747026718	0
HPCLAS_TRAIN_N_001902	0	HPCLAS_TRAIN_N_001902	1	A_clean_core	-9.776456832885742	5.676937195199689e-05	0
HPCLAS_TRAIN_N_001904	0	HPCLAS_TRAIN_N_001904	1	A_clean_core	-7.397024631500244	0.0006126985420293532	0
HPCLAS_TRAIN_N_001923	0	HPCLAS_TRAIN_N_001923	1	A_clean_core	-26.179189682006836	4.270929281615673e-12	0
HPCLAS_TRAIN_N_001927	0	HPCLAS_TRAIN_N_001927	1	A_clean_core	-15.897624969482422	1.2466632184553114e-07	0
HPCLAS_TRAIN_N_001930	0	HPCLAS_TRAIN_N_001930	1	A_clean_core	-39.81899642944336	5.091310405336021e-18	0
HPCLAS_TRAIN_N_001936	0	HPCLAS_TRAIN_N_001936	1	A_clean_core	-25.36644172668457	9.627074498235895e-12	0
HPCLAS_TRAIN_N_001939	0	HPCLAS_TRAIN_N_001939	1	A_clean_core	-13.903877258300781	9.154242904625344e-07	0
HPCLAS_TRAIN_N_001945	0	HPCLAS_TRAIN_N_001945	1	A_clean_core	-16.548852920532227	6.5001662819866e-08	0
HPCLAS_TRAIN_N_001948	0	HPCLAS_TRAIN_N_001948	1	A_clean_core	-15.778976440429688	1.4037104752899086e-07	0
HPCLAS_TRAIN_N_001954	0	HPCLAS_TRAIN_N_001954	1	A_clean_core	-9.564464569091797	7.017385547660991e-05	0
HPCLAS_TRAIN_N_001955	0	HPCLAS_TRAIN_N_001955	1	A_clean_core	-36.22846603393555	1.8457680054013052e-16	0
HPCLAS_TRAIN_N_001963	0	HPCLAS_TRAIN_N_001963	1	D_hard_sample	-14.638242721557617	4.3922977260428587e-07	0
HPCLAS_TRAIN_N_001964	0	HPCLAS_TRAIN_N_001964	1	A_clean_core	-16.614587783813477	6.086619877264105e-08	0
HPCLAS_TRAIN_N_001980	0	HPCLAS_TRAIN_N_001980	1	A_clean_core	-37.18462371826172	7.09452147275577e-17	0
HPCLAS_TRAIN_N_001983	0	HPCLAS_TRAIN_N_001983	1	A_clean_core	-11.439851760864258	1.0757982520508077e-05	0
HPCLAS_TRAIN_N_001993	0	HPCLAS_TRAIN_N_001993	1	A_clean_core	-18.71202850341797	7.472557619772419e-09	0
HPCLAS_TRAIN_N_002000	0	HPCLAS_TRAIN_N_002000	1	D_hard_sample	-10.168216705322266	3.836921643238291e-05	0
HPCLAS_TRAIN_N_002004	0	HPCLAS_TRAIN_P_005044	1	B_ambiguous	-25.538190841674805	8.107830103957928e-12	0
HPCLAS_TRAIN_N_002014	0	HPCLAS_TRAIN_N_002014	1	D_hard_sample	-7.515412330627441	0.0005443289492274322	0
HPCLAS_TRAIN_N_002034	0	HPCLAS_TRAIN_N_002034	1	D_hard_sample	3.1795413494110107	0.9600570816628679	1
HPCLAS_TRAIN_N_002043	0	HPCLAS_TRAIN_N_002043	1	A_clean_core	-20.59166717529297	1.1406504393283276e-09	0
HPCLAS_TRAIN_N_002044	0	HPCLAS_TRAIN_N_002044	1	A_clean_core	-16.763385772705078	5.245103206607618e-08	0
HPCLAS_TRAIN_N_002051	0	HPCLAS_TRAIN_N_002051	1	A_clean_core	-15.078170776367188	2.8290036759237803e-07	0
HPCLAS_TRAIN_N_002053	0	HPCLAS_TRAIN_N_002053	1	A_clean_core	-17.237661361694336	3.264215145536065e-08	0
HPCLAS_TRAIN_N_002055	0	HPCLAS_TRAIN_N_002055	1	A_clean_core	-23.844440460205078	4.4105330831462405e-11	0
HPCLAS_TRAIN_N_002059	0	HPCLAS_TRAIN_N_002059	1	A_clean_core	-15.222248077392578	2.449410365930804e-07	0
HPCLAS_TRAIN_N_002067	0	HPCLAS_TRAIN_N_002067	1	A_clean_core	-17.505245208740234	2.4978628598928615e-08	0
HPCLAS_TRAIN_N_002073	0	HPCLAS_TRAIN_N_002073	1	D_hard_sample	-9.075948715209961	0.00011437099026893287	0
HPCLAS_TRAIN_N_002083	0	HPCLAS_TRAIN_N_002083	1	A_clean_core	-31.969924926757812	1.3050826539887172e-14	0
HPCLAS_TRAIN_N_002085	0	HPCLAS_TRAIN_N_002085	1	A_clean_core	-16.176305770874023	9.434515996090815e-08	0
HPCLAS_TRAIN_N_002086	0	HPCLAS_TRAIN_N_002086	1	A_clean_core	-26.05253791809082	4.847597385790298e-12	0
HPCLAS_TRAIN_N_002088	0	HPCLAS_TRAIN_N_002088	1	A_clean_core	-14.540826797485352	4.841711961792454e-07	0
HPCLAS_TRAIN_N_002100	0	HPCLAS_TRAIN_N_002100	1	A_clean_core	-25.831079483032227	6.049294374280103e-12	0
HPCLAS_TRAIN_N_002103	0	HPCLAS_TRAIN_N_002103	1	A_clean_core	-22.955215454101562	1.0731899507763692e-10	0
HPCLAS_TRAIN_N_002106	0	HPCLAS_TRAIN_N_002106	1	A_clean_core	-6.632622718811035	0.0013149737731540019	0
HPCLAS_TRAIN_N_002112	0	HPCLAS_TRAIN_N_002112	1	D_hard_sample	-4.9774699211120605	0.006844309102752529	0
HPCLAS_TRAIN_N_002115	0	HPCLAS_TRAIN_N_002115	1	B_ambiguous	17.294313430786133	0.9999999691556875	1
HPCLAS_TRAIN_N_002122	0	HPCLAS_TRAIN_N_002122	1	D_hard_sample	-12.457427024841309	3.888718404685153e-06	0
HPCLAS_TRAIN_N_002123	0	HPCLAS_TRAIN_N_002123	1	B_ambiguous	-12.765756607055664	2.856939919967257e-06	0
HPCLAS_TRAIN_N_002133	0	HPCLAS_TRAIN_N_002133	1	A_clean_core	-16.794403076171875	5.084911457856754e-08	0
HPCLAS_TRAIN_N_002135	0	HPCLAS_TRAIN_N_002135	1	B_ambiguous	-10.392939567565918	3.0647170534133025e-05	0
HPCLAS_TRAIN_N_002139	0	HPCLAS_TRAIN_N_002139	1	D_hard_sample	-3.55481219291687	0.0277922531997125	0
HPCLAS_TRAIN_N_002151	0	HPCLAS_TRAIN_N_002151	1	D_hard_sample	-6.631871700286865	0.0013159604136601304	0
HPCLAS_TRAIN_N_002155	0	HPCLAS_TRAIN_N_002155	1	D_hard_sample	-6.195679187774658	0.002034072512443843	0
HPCLAS_TRAIN_N_002164	0	HPCLAS_TRAIN_N_002164	1	D_hard_sample	-7.164607524871826	0.0007728846777745751	0
HPCLAS_TRAIN_N_002176	0	HPCLAS_TRAIN_N_002176	1	A_clean_core	-6.19063663482666	0.0020443343133107125	0
HPCLAS_TRAIN_N_002181	0	HPCLAS_TRAIN_N_002181	1	A_clean_core	-23.253944396972656	7.960498518776521e-11	0
HPCLAS_TRAIN_N_002183	0	HPCLAS_TRAIN_N_002183	1	D_hard_sample	1.0206447839736938	0.7350981765380991	1
HPCLAS_TRAIN_N_002186	0	HPCLAS_TRAIN_N_002186	1	A_clean_core	-32.097190856933594	1.1491246113444477e-14	0
HPCLAS_TRAIN_N_002188	0	HPCLAS_TRAIN_N_002188	1	D_hard_sample	-8.604242324829102	0.0001832928090401541	0
HPCLAS_TRAIN_N_002191	0	HPCLAS_TRAIN_N_002191	1	B_ambiguous	-1.2830564975738525	0.2170303892498226	0
HPCLAS_TRAIN_N_002196	0	HPCLAS_TRAIN_N_002196	1	A_clean_core	-10.877447128295898	1.887889347334907e-05	0
HPCLAS_TRAIN_N_002199	0	HPCLAS_TRAIN_N_002199	1	B_ambiguous	4.821675777435303	0.9920110568788034	1
HPCLAS_TRAIN_N_002202	0	HPCLAS_TRAIN_N_002202	1	A_clean_core	-16.161903381347656	9.571378767158535e-08	0
HPCLAS_TRAIN_N_002203	0	HPCLAS_TRAIN_N_002203	1	D_hard_sample	-4.58009672164917	0.010149829095912517	0
HPCLAS_TRAIN_N_002207	0	HPCLAS_TRAIN_N_002207	1	A_clean_core	-3.1955621242523193	0.03933306988264842	0
HPCLAS_TRAIN_N_002208	0	HPCLAS_TRAIN_N_002208	1	D_hard_sample	-0.453609436750412	0.3885029336258191	0
HPCLAS_TRAIN_N_002216	0	HPCLAS_TRAIN_N_002216	1	B_ambiguous	-6.442302227020264	0.0015902028447388956	0
HPCLAS_TRAIN_N_002224	0	HPCLAS_TRAIN_N_002224	1	D_hard_sample	0.22783437371253967	0.5567134794285996	1
HPCLAS_TRAIN_N_002231	0	HPCLAS_TRAIN_N_002231	1	A_clean_core	-29.28680992126465	1.9094138070663557e-13	0
HPCLAS_TRAIN_N_002234	0	HPCLAS_TRAIN_N_002234	1	A_clean_core	-16.212133407592773	9.10248310820882e-08	0
HPCLAS_TRAIN_N_002237	0	HPCLAS_TRAIN_N_002237	1	A_clean_core	-22.635812759399414	1.477037171896478e-10	0
HPCLAS_TRAIN_N_002238	0	HPCLAS_TRAIN_N_002238	1	A_clean_core	-18.010984420776367	1.506360246254353e-08	0
HPCLAS_TRAIN_N_002241	0	HPCLAS_TRAIN_N_002241	1	D_hard_sample	7.980712890625	0.9996581213907725	1
HPCLAS_TRAIN_N_002244	0	HPCLAS_TRAIN_N_002244	1	A_clean_core	-8.705231666564941	0.00016568910792449977	0
HPCLAS_TRAIN_N_002246	0	HPCLAS_TRAIN_N_002246	1	A_clean_core	-18.05838966369629	1.4366170313263006e-08	0
HPCLAS_TRAIN_N_002247	0	HPCLAS_TRAIN_N_002247	1	A_clean_core	-30.111112594604492	8.373556522317804e-14	0
HPCLAS_TRAIN_N_002250	0	HPCLAS_TRAIN_N_002250	1	A_clean_core	-9.196706771850586	0.00010136242076341709	0
HPCLAS_TRAIN_N_002258	0	HPCLAS_TRAIN_N_002258	1	D_hard_sample	-1.7034389972686768	0.15401664580973193	0
HPCLAS_TRAIN_N_002265	0	HPCLAS_TRAIN_N_002265	1	B_ambiguous	9.723148345947266	0.9999401224087395	1
HPCLAS_TRAIN_N_002278	0	HPCLAS_TRAIN_N_002278	1	A_clean_core	-28.835783004760742	2.997633680216249e-13	0
HPCLAS_TRAIN_N_002279	0	HPCLAS_TRAIN_N_002279	1	A_clean_core	-13.95318603515625	8.713806697092413e-07	0
HPCLAS_TRAIN_N_002286	0	HPCLAS_TRAIN_N_002286	1	A_clean_core	0.6628075838088989	0.6598907909188394	1
HPCLAS_TRAIN_N_002290	0	HPCLAS_TRAIN_N_002290	1	A_clean_core	-19.359943389892578	3.909159710671615e-09	0
HPCLAS_TRAIN_N_002294	0	HPCLAS_TRAIN_N_002294	1	A_clean_core	-23.51447868347168	6.134676456230543e-11	0
HPCLAS_TRAIN_N_002298	0	HPCLAS_TRAIN_N_002298	1	A_clean_core	-7.3129448890686035	0.0006664059642611233	0
HPCLAS_TRAIN_N_002303	0	HPCLAS_TRAIN_N_002303	1	A_clean_core	-2.1589865684509277	0.1034944432488636	0
HPCLAS_TRAIN_N_002308	0	HPCLAS_TRAIN_N_002308	1	A_clean_core	-16.195528030395508	9.254895187555992e-08	0
HPCLAS_TRAIN_N_002314	0	HPCLAS_TRAIN_N_002314	1	A_clean_core	-9.886322975158691	5.086304957912907e-05	0
HPCLAS_TRAIN_N_002318	0	HPCLAS_TRAIN_N_002318	1	A_clean_core	-29.0347843170166	2.4567071390420923e-13	0
HPCLAS_TRAIN_N_002329	0	HPCLAS_TRAIN_N_002329	1	D_hard_sample	-5.496673107147217	0.004083645789181448	0
HPCLAS_TRAIN_N_002346	0	HPCLAS_TRAIN_N_002346	1	A_clean_core	-8.311929702758789	0.0002455094196250951	0
HPCLAS_TRAIN_N_002349	0	HPCLAS_TRAIN_N_002349	1	A_clean_core	-2.884211301803589	0.05293959642326108	0
HPCLAS_TRAIN_N_002355	0	HPCLAS_TRAIN_N_002355	1	A_clean_core	-9.786090850830078	5.622511147160739e-05	0
HPCLAS_TRAIN_N_002357	0	HPCLAS_TRAIN_N_002357	1	D_hard_sample	8.01077938079834	0.9996682441302819	1
HPCLAS_TRAIN_N_002362	0	HPCLAS_TRAIN_N_002362	1	A_clean_core	-9.009246826171875	0.00012225896577669024	0
HPCLAS_TRAIN_N_002368	0	HPCLAS_TRAIN_N_002368	1	A_clean_core	-11.007368087768555	1.6578818576703613e-05	0
HPCLAS_TRAIN_N_002371	0	HPCLAS_TRAIN_N_002371	1	A_clean_core	-27.6874942779541	9.450918485047727e-13	0
HPCLAS_TRAIN_N_002380	0	HPCLAS_TRAIN_N_002380	1	A_clean_core	-30.69024085998535	4.692429389915617e-14	0
HPCLAS_TRAIN_N_002391	0	HPCLAS_TRAIN_N_002391	1	A_clean_core	-16.56336212158203	6.406534968934557e-08	0
HPCLAS_TRAIN_N_002393	0	HPCLAS_TRAIN_N_002393	1	D_hard_sample	-5.459867000579834	0.004236100616165132	0
HPCLAS_TRAIN_N_002398	0	HPCLAS_TRAIN_N_002398	1	D_hard_sample	-9.411357879638672	8.178312216832035e-05	0
HPCLAS_TRAIN_N_002405	0	HPCLAS_TRAIN_N_002405	1	A_clean_core	-35.95875549316406	2.4171906919497344e-16	0
HPCLAS_TRAIN_N_002410	0	HPCLAS_TRAIN_N_002410	1	A_clean_core	-9.269289016723633	9.426663129891876e-05	0
HPCLAS_TRAIN_N_002411	0	HPCLAS_TRAIN_N_002411	1	A_clean_core	-13.56263542175293	1.2877208186615506e-06	0
HPCLAS_TRAIN_N_002413	0	HPCLAS_TRAIN_N_002413	1	B_ambiguous	-15.716848373413086	1.493686354877534e-07	0
HPCLAS_TRAIN_N_002414	0	HPCLAS_TRAIN_N_002414	1	A_clean_core	-22.95896339416504	1.0691752273355635e-10	0
HPCLAS_TRAIN_N_002423	0	HPCLAS_TRAIN_N_002423	1	A_clean_core	-8.43050765991211	0.0002180631742833633	0
HPCLAS_TRAIN_N_002438	0	HPCLAS_TRAIN_N_002438	1	D_hard_sample	-13.917356491088867	9.031678736153349e-07	0
HPCLAS_TRAIN_N_002442	0	HPCLAS_TRAIN_N_002442	1	A_clean_core	-22.353378295898438	1.959075412928681e-10	0
HPCLAS_TRAIN_N_002450	0	HPCLAS_TRAIN_N_002244	1	D_hard_sample	-6.76247501373291	0.0011550279810634387	0
HPCLAS_TRAIN_N_002454	0	HPCLAS_TRAIN_N_002454	1	A_clean_core	-13.677263259887695	1.1482581590272919e-06	0
HPCLAS_TRAIN_N_002457	0	HPCLAS_TRAIN_N_002457	1	A_clean_core	-15.997751235961914	1.1278851180714305e-07	0
HPCLAS_TRAIN_N_002461	0	HPCLAS_TRAIN_N_002461	1	A_clean_core	-24.146547317504883	3.260526565181609e-11	0
HPCLAS_TRAIN_N_002464	0	HPCLAS_TRAIN_N_002464	1	A_clean_core	-19.76482391357422	2.607630411824252e-09	0
HPCLAS_TRAIN_N_002477	0	HPCLAS_TRAIN_N_002477	1	D_hard_sample	-8.97378158569336	0.0001266721550039645	0
HPCLAS_TRAIN_N_002481	0	HPCLAS_TRAIN_N_002481	1	D_hard_sample	2.5394933223724365	0.9268644879963575	1
HPCLAS_TRAIN_N_002485	0	HPCLAS_TRAIN_N_002485	1	A_clean_core	-31.636098861694336	1.8222872452428675e-14	0
HPCLAS_TRAIN_N_002494	0	HPCLAS_TRAIN_N_002494	1	D_hard_sample	-16.725343704223633	5.448481713824623e-08	0
HPCLAS_TRAIN_N_002502	0	HPCLAS_TRAIN_N_002502	1	A_clean_core	-24.15361213684082	3.237572711944435e-11	0
HPCLAS_TRAIN_N_002504	0	HPCLAS_TRAIN_N_002504	1	D_hard_sample	-11.06411361694336	1.5664253615628692e-05	0
HPCLAS_TRAIN_N_002510	0	HPCLAS_TRAIN_N_002510	1	A_clean_core	-39.41852569580078	7.598918830988491e-18	0
HPCLAS_TRAIN_N_002513	0	HPCLAS_TRAIN_N_002513	1	A_clean_core	-31.707307815551758	1.697036486083606e-14	0
HPCLAS_TRAIN_N_002522	0	HPCLAS_TRAIN_N_002522	1	D_hard_sample	11.118186950683594	0.9999851602592571	1
HPCLAS_TRAIN_N_002524	0	HPCLAS_TRAIN_N_002524	1	B_ambiguous	3.4128239154815674	0.9681029194161804	1
HPCLAS_TRAIN_N_002526	0	HPCLAS_TRAIN_N_002526	1	D_hard_sample	2.9785268306732178	0.9515945587585829	1
HPCLAS_TRAIN_N_002531	0	HPCLAS_TRAIN_N_002531	1	D_hard_sample	0.5112703442573547	0.6251042255695398	1
HPCLAS_TRAIN_N_002536	0	HPCLAS_TRAIN_N_002536	1	A_clean_core	-12.213845252990723	4.961262991462488e-06	0
HPCLAS_TRAIN_N_002538	0	HPCLAS_TRAIN_N_002538	1	A_clean_core	-5.527246952056885	0.003961169426082013	0
HPCLAS_TRAIN_N_002540	0	HPCLAS_TRAIN_N_002540	1	A_clean_core	5.79725456237793	0.996973310531845	1
HPCLAS_TRAIN_N_002549	0	HPCLAS_TRAIN_N_002549	1	A_clean_core	-9.475053787231445	7.673669612814962e-05	0
HPCLAS_TRAIN_N_002574	0	HPCLAS_TRAIN_N_002574	1	D_hard_sample	6.465807914733887	0.9984466826972512	1
HPCLAS_TRAIN_N_002585	0	HPCLAS_TRAIN_N_002585	1	D_hard_sample	-1.299021601676941	0.21432972584247947	0
HPCLAS_TRAIN_N_002593	0	HPCLAS_TRAIN_N_002593	1	A_clean_core	-15.809030532836914	1.3621508827885853e-07	0
HPCLAS_TRAIN_N_002596	0	HPCLAS_TRAIN_N_002596	1	A_clean_core	-23.3619441986084	7.14556456928011e-11	0
HPCLAS_TRAIN_N_002602	0	HPCLAS_TRAIN_N_002602	1	A_clean_core	-23.72980308532715	4.9462659459462544e-11	0
HPCLAS_TRAIN_N_002608	0	HPCLAS_TRAIN_N_002608	1	D_hard_sample	11.779640197753906	0.9999923411434181	1
HPCLAS_TRAIN_N_002613	0	HPCLAS_TRAIN_N_002613	1	D_hard_sample	5.333361625671387	0.9951953823954911	1
HPCLAS_TRAIN_N_002615	0	HPCLAS_TRAIN_N_002615	1	A_clean_core	-15.916699409484863	1.2231091728579644e-07	0
HPCLAS_TRAIN_N_002620	0	HPCLAS_TRAIN_N_002620	1	A_clean_core	-18.27268409729004	1.1595089946866035e-08	0
HPCLAS_TRAIN_N_002623	0	HPCLAS_TRAIN_N_002623	1	A_clean_core	-3.928814649581909	0.01928764150813209	0
HPCLAS_TRAIN_N_002628	0	HPCLAS_TRAIN_N_002628	1	A_clean_core	-18.32783317565918	1.0972944480114079e-08	0
HPCLAS_TRAIN_N_002630	0	HPCLAS_TRAIN_N_002630	1	A_clean_core	-22.628124237060547	1.4884371736125192e-10	0
HPCLAS_TRAIN_N_002634	0	HPCLAS_TRAIN_N_002634	1	A_clean_core	-19.65543556213379	2.909060776598837e-09	0
HPCLAS_TRAIN_N_002638	0	HPCLAS_TRAIN_N_002638	1	A_clean_core	-15.485225677490234	1.8830066573439322e-07	0
HPCLAS_TRAIN_N_002653	0	HPCLAS_TRAIN_N_002653	1	A_clean_core	-18.13874626159668	1.3256918433590191e-08	0
HPCLAS_TRAIN_N_002657	0	HPCLAS_TRAIN_N_002657	1	D_hard_sample	-8.587112426757812	0.00018645905202116904	0
HPCLAS_TRAIN_N_002660	0	HPCLAS_TRAIN_N_002660	1	A_clean_core	-11.894198417663574	6.829867750808295e-06	0
HPCLAS_TRAIN_N_002662	0	HPCLAS_TRAIN_N_002662	1	A_clean_core	-18.831296920776367	6.6324144579351e-09	0
HPCLAS_TRAIN_N_002663	0	HPCLAS_TRAIN_N_002663	1	A_clean_core	-6.935760021209717	0.0009714391438822571	0
HPCLAS_TRAIN_N_002674	0	HPCLAS_TRAIN_N_002674	1	D_hard_sample	-6.463785648345947	0.0015564568083330178	0
HPCLAS_TRAIN_N_002677	0	HPCLAS_TRAIN_N_002677	1	A_clean_core	-10.512468338012695	2.7194507562818853e-05	0
HPCLAS_TRAIN_N_002678	0	HPCLAS_TRAIN_N_002678	1	D_hard_sample	-0.6850995421409607	0.3351240896548961	0
HPCLAS_TRAIN_N_002689	0	HPCLAS_TRAIN_N_002689	1	A_clean_core	-12.483551025390625	3.788445376784731e-06	0
HPCLAS_TRAIN_N_002702	0	HPCLAS_TRAIN_N_002702	1	B_ambiguous	2.6864945888519287	0.9362250012344325	1
HPCLAS_TRAIN_N_002703	0	HPCLAS_TRAIN_N_002703	1	D_hard_sample	-6.574995517730713	0.0013928693791241192	0
HPCLAS_TRAIN_N_002705	0	HPCLAS_TRAIN_N_002705	1	A_clean_core	-3.1391420364379883	0.04152125045237867	0
HPCLAS_TRAIN_N_002709	0	HPCLAS_TRAIN_N_002709	1	A_clean_core	-7.417632579803467	0.0006002087966919594	0
HPCLAS_TRAIN_N_002710	0	HPCLAS_TRAIN_N_002710	1	A_clean_core	-17.504919052124023	2.4986776872440894e-08	0
HPCLAS_TRAIN_N_002720	0	HPCLAS_TRAIN_N_002720	1	D_hard_sample	-24.297590255737305	2.8034358863353855e-11	0
HPCLAS_TRAIN_N_002732	0	HPCLAS_TRAIN_N_002732	1	D_hard_sample	-13.951018333435059	8.732716101942884e-07	0
HPCLAS_TRAIN_N_002736	0	HPCLAS_TRAIN_P_004677	1	B_ambiguous	-10.265216827392578	3.482233208816402e-05	0
HPCLAS_TRAIN_N_002738	0	HPCLAS_TRAIN_N_002738	1	A_clean_core	-19.139158248901367	4.874938959143591e-09	0
HPCLAS_TRAIN_N_002740	0	HPCLAS_TRAIN_N_002740	1	A_clean_core	-26.980667114257812	1.916219053703312e-12	0
HPCLAS_TRAIN_N_002745	0	HPCLAS_TRAIN_N_002745	1	A_clean_core	-3.4521877765655518	0.030703682120629367	0
HPCLAS_TRAIN_N_002747	0	HPCLAS_TRAIN_N_002747	1	D_hard_sample	-3.9023070335388184	0.01979549128161836	0
HPCLAS_TRAIN_N_002753	0	HPCLAS_TRAIN_N_002753	1	A_clean_core	-9.48629379272461	7.58790695821647e-05	0
HPCLAS_TRAIN_N_002764	0	HPCLAS_TRAIN_N_002764	1	A_clean_core	-11.735993385314941	8.00054106146734e-06	0
HPCLAS_TRAIN_N_002773	0	HPCLAS_TRAIN_N_002773	1	A_clean_core	-21.039506912231445	7.288837126053749e-10	0
HPCLAS_TRAIN_N_002776	0	HPCLAS_TRAIN_N_002776	1	A_clean_core	-24.841184616088867	1.6278358069778407e-11	0
HPCLAS_TRAIN_N_002779	0	HPCLAS_TRAIN_N_002779	1	B_ambiguous	-12.615200996398926	3.3211338324588252e-06	0
HPCLAS_TRAIN_N_002785	0	HPCLAS_TRAIN_N_002785	1	A_clean_core	-10.86681842803955	1.9080617879641403e-05	0
HPCLAS_TRAIN_N_002794	0	HPCLAS_TRAIN_N_002794	1	D_hard_sample	1.655418038368225	0.83962196993509	1
HPCLAS_TRAIN_N_002795	0	HPCLAS_TRAIN_N_002795	1	A_clean_core	-23.925317764282227	4.0678648650146303e-11	0
HPCLAS_TRAIN_N_002799	0	HPCLAS_TRAIN_N_002799	1	D_hard_sample	-2.144623041152954	0.10483474962983329	0
HPCLAS_TRAIN_N_002800	0	HPCLAS_TRAIN_N_002800	1	A_clean_core	-24.6464786529541	1.97774512493385e-11	0
HPCLAS_TRAIN_N_002801	0	HPCLAS_TRAIN_N_002801	1	A_clean_core	-17.381540298461914	2.8267861130625868e-08	0
HPCLAS_TRAIN_N_002802	0	HPCLAS_TRAIN_N_002802	1	A_clean_core	-12.082183837890625	5.6594180032072314e-06	0
HPCLAS_TRAIN_N_002807	0	HPCLAS_TRAIN_N_002807	1	A_clean_core	-9.03382682800293	0.00011929082653049764	0
HPCLAS_TRAIN_N_002810	0	HPCLAS_TRAIN_N_002810	1	D_hard_sample	-6.19366979598999	0.0020381555314099974	0
HPCLAS_TRAIN_N_002818	0	HPCLAS_TRAIN_N_002818	1	A_clean_core	-27.578632354736328	1.0537853337331966e-12	0
HPCLAS_TRAIN_N_002824	0	HPCLAS_TRAIN_N_002824	1	A_clean_core	-23.064531326293945	9.620581372124527e-11	0
HPCLAS_TRAIN_N_002825	0	HPCLAS_TRAIN_N_002825	1	A_clean_core	-17.586729049682617	2.302399111492017e-08	0
HPCLAS_TRAIN_N_002836	0	HPCLAS_TRAIN_N_002836	1	D_hard_sample	-2.248213529586792	0.09550367360063317	0
HPCLAS_TRAIN_N_002848	0	HPCLAS_TRAIN_N_002848	1	D_hard_sample	-10.021743774414062	4.442144556810972e-05	0
HPCLAS_TRAIN_N_002860	0	HPCLAS_TRAIN_N_002860	1	A_clean_core	-17.055267333984375	3.917342032138539e-08	0
HPCLAS_TRAIN_N_002866	0	HPCLAS_TRAIN_N_002866	1	A_clean_core	-30.944944381713867	3.6373191760220174e-14	0
HPCLAS_TRAIN_N_002871	0	HPCLAS_TRAIN_N_002871	1	A_clean_core	-14.593334197998047	4.594045431617012e-07	0
HPCLAS_TRAIN_N_002875	0	HPCLAS_TRAIN_N_002875	1	A_clean_core	-25.648189544677734	7.263280390763725e-12	0
HPCLAS_TRAIN_N_002879	0	HPCLAS_TRAIN_N_002879	1	A_clean_core	-18.446550369262695	9.74462117028947e-09	0
HPCLAS_TRAIN_N_002890	0	HPCLAS_TRAIN_N_002890	1	A_clean_core	-21.29456901550293	5.647889377558137e-10	0
HPCLAS_TRAIN_N_002892	0	HPCLAS_TRAIN_N_002892	1	D_hard_sample	15.663766860961914	0.9999998424884452	1
HPCLAS_TRAIN_N_002893	0	HPCLAS_TRAIN_N_002893	1	A_clean_core	-24.277236938476562	2.8610797382150008e-11	0
HPCLAS_TRAIN_N_002894	0	HPCLAS_TRAIN_N_002894	1	A_clean_core	-11.704949378967285	8.25280321409346e-06	0
HPCLAS_TRAIN_N_002902	0	HPCLAS_TRAIN_N_002902	1	A_clean_core	-9.68044376373291	6.24898599274393e-05	0
HPCLAS_TRAIN_N_002910	0	HPCLAS_TRAIN_N_002910	1	A_clean_core	-23.085206985473633	9.423711728559623e-11	0
HPCLAS_TRAIN_N_002916	0	HPCLAS_TRAIN_N_002916	1	D_hard_sample	-6.332095623016357	0.0017751464597639407	0
HPCLAS_TRAIN_N_002938	0	HPCLAS_TRAIN_P_001583	1	B_ambiguous	-6.1114583015441895	0.0022124093318663216	0
HPCLAS_TRAIN_N_002944	0	HPCLAS_TRAIN_N_002944	1	A_clean_core	-13.132149696350098	1.9805189000283806e-06	0
HPCLAS_TRAIN_N_002945	0	HPCLAS_TRAIN_N_002945	1	D_hard_sample	-0.2334485650062561	0.4419014749750251	0
HPCLAS_TRAIN_N_002955	0	HPCLAS_TRAIN_N_002955	1	A_clean_core	-20.638219833374023	1.0887671515394316e-09	0
HPCLAS_TRAIN_N_002977	0	HPCLAS_TRAIN_N_002977	1	A_clean_core	-28.763731002807617	3.2215905786364133e-13	0
HPCLAS_TRAIN_N_002982	0	HPCLAS_TRAIN_N_002982	1	A_clean_core	-8.754777908325195	0.00015768114999780447	0
HPCLAS_TRAIN_N_002984	0	HPCLAS_TRAIN_N_002984	1	A_clean_core	-12.686274528503418	3.0932828444924244e-06	0
HPCLAS_TRAIN_N_002986	0	HPCLAS_TRAIN_N_002986	1	A_clean_core	-23.459014892578125	6.484541607913946e-11	0
HPCLAS_TRAIN_N_002990	0	HPCLAS_TRAIN_N_002990	1	D_hard_sample	1.5469251871109009	0.8244691895607372	1
HPCLAS_TRAIN_N_002994	0	HPCLAS_TRAIN_N_002994	1	A_clean_core	-24.510263442993164	2.2663544693527906e-11	0
HPCLAS_TRAIN_N_002999	0	HPCLAS_TRAIN_N_002999	1	B_ambiguous	-8.605060577392578	0.00018314291802974526	0
HPCLAS_TRAIN_N_003005	0	HPCLAS_TRAIN_N_003005	1	A_clean_core	-23.0412540435791	9.8471490747754e-11	0
HPCLAS_TRAIN_N_003007	0	HPCLAS_TRAIN_N_003007	1	A_clean_core	-11.105602264404297	1.5027671462415172e-05	0
HPCLAS_TRAIN_N_003009	0	HPCLAS_TRAIN_N_003009	1	A_clean_core	-3.416614294052124	0.03178024243860789	0
HPCLAS_TRAIN_N_003011	0	HPCLAS_TRAIN_N_003011	1	D_hard_sample	-16.153915405273438	9.648140883176584e-08	0
HPCLAS_TRAIN_N_003017	0	HPCLAS_TRAIN_N_003017	1	A_clean_core	-22.60637092590332	1.5211703472530287e-10	0
HPCLAS_TRAIN_N_003024	0	HPCLAS_TRAIN_N_003024	1	B_ambiguous	-8.255733489990234	0.00025969745965778734	0
HPCLAS_TRAIN_N_003029	0	HPCLAS_TRAIN_N_003029	1	D_hard_sample	1.5177363157272339	0.8202048996752527	1
HPCLAS_TRAIN_N_003033	0	HPCLAS_TRAIN_N_003033	1	A_clean_core	-22.807634353637695	1.243856428121126e-10	0
HPCLAS_TRAIN_N_003035	0	HPCLAS_TRAIN_N_003035	1	B_ambiguous	-2.7045791149139404	0.06270369308018246	0
HPCLAS_TRAIN_N_003038	0	HPCLAS_TRAIN_N_003038	1	A_clean_core	-37.093666076660156	7.770080341120287e-17	0
HPCLAS_TRAIN_N_003050	0	HPCLAS_TRAIN_N_003050	1	A_clean_core	-13.743805885314941	1.0743368616074014e-06	0
HPCLAS_TRAIN_N_003056	0	HPCLAS_TRAIN_N_003056	1	A_clean_core	-20.246536254882812	1.6107977939426753e-09	0
HPCLAS_TRAIN_N_003061	0	HPCLAS_TRAIN_N_003061	1	A_clean_core	-9.908063888549805	4.976922887340649e-05	0
HPCLAS_TRAIN_N_003066	0	HPCLAS_TRAIN_N_003066	1	D_hard_sample	0.7214750051498413	0.6729317405255931	1
HPCLAS_TRAIN_N_003079	0	HPCLAS_TRAIN_N_003079	1	A_clean_core	-15.944767951965332	1.189255617717692e-07	0
HPCLAS_TRAIN_N_003080	0	HPCLAS_TRAIN_N_003080	1	A_clean_core	-7.497927188873291	0.000553924995624486	0
HPCLAS_TRAIN_N_003085	0	HPCLAS_TRAIN_N_003085	1	A_clean_core	-29.576475143432617	1.429223179414791e-13	0
HPCLAS_TRAIN_N_003086	0	HPCLAS_TRAIN_N_003086	1	A_clean_core	-18.09063720703125	1.3910286689021391e-08	0
HPCLAS_TRAIN_N_003094	0	HPCLAS_TRAIN_N_003094	1	D_hard_sample	-16.363664627075195	7.822592635300187e-08	0
HPCLAS_TRAIN_N_003106	0	HPCLAS_TRAIN_N_003106	1	A_clean_core	-8.305018424987793	0.00024721165950537886	0
HPCLAS_TRAIN_N_003116	0	HPCLAS_TRAIN_N_003116	1	A_clean_core	-8.286645889282227	0.0002517943902042642	0
HPCLAS_TRAIN_N_003122	0	HPCLAS_TRAIN_N_003122	1	A_clean_core	-9.85248851776123	5.261332557008367e-05	0
HPCLAS_TRAIN_N_003124	0	HPCLAS_TRAIN_N_003124	1	D_hard_sample	-2.767904043197632	0.05908342547522069	0
HPCLAS_TRAIN_N_003135	0	HPCLAS_TRAIN_N_003135	1	A_clean_core	-24.45104217529297	2.4046247147472382e-11	0
HPCLAS_TRAIN_N_003139	0	HPCLAS_TRAIN_N_003139	1	A_clean_core	-34.5201416015625	1.0188095046587853e-15	0
HPCLAS_TRAIN_N_003160	0	HPCLAS_TRAIN_N_003160	1	A_clean_core	-6.472743988037109	0.0015425972205128926	0
HPCLAS_TRAIN_N_003162	0	HPCLAS_TRAIN_N_003162	1	A_clean_core	-29.47115135192871	1.587967437073889e-13	0
HPCLAS_TRAIN_N_003164	0	HPCLAS_TRAIN_N_003164	1	B_ambiguous	-16.6472225189209	5.8911908925826006e-08	0
HPCLAS_TRAIN_N_003170	0	HPCLAS_TRAIN_N_003170	1	B_ambiguous	-12.829338073730469	2.6809462304840575e-06	0
HPCLAS_TRAIN_N_003184	0	HPCLAS_TRAIN_N_003184	1	D_hard_sample	-16.082876205444336	1.035846888538672e-07	0
HPCLAS_TRAIN_N_003191	0	HPCLAS_TRAIN_N_003191	1	A_clean_core	-27.34246253967285	1.334502517392392e-12	0
HPCLAS_TRAIN_N_003194	0	HPCLAS_TRAIN_N_003194	1	A_clean_core	-13.077795028686523	2.0911485032431756e-06	0
HPCLAS_TRAIN_N_003199	0	HPCLAS_TRAIN_N_003199	1	D_hard_sample	-9.257139205932617	9.541882906656707e-05	0
HPCLAS_TRAIN_N_003203	0	HPCLAS_TRAIN_N_003203	1	B_ambiguous	13.408991813659668	0.9999984984209677	1
HPCLAS_TRAIN_N_003209	0	HPCLAS_TRAIN_N_003209	1	A_clean_core	-29.52018928527832	1.5119752727830094e-13	0
HPCLAS_TRAIN_N_003223	0	HPCLAS_TRAIN_N_003223	1	D_hard_sample	-6.9054484367370605	0.001001305886645164	0
HPCLAS_TRAIN_N_003226	0	HPCLAS_TRAIN_N_003226	1	A_clean_core	-21.234926223754883	5.994993508057565e-10	0
HPCLAS_TRAIN_N_003228	0	HPCLAS_TRAIN_N_003228	1	D_hard_sample	-4.732669353485107	0.008726125911012995	0
HPCLAS_TRAIN_N_003230	0	HPCLAS_TRAIN_N_003230	1	A_clean_core	-21.1778507232666	6.347113902473932e-10	0
HPCLAS_TRAIN_N_003237	0	HPCLAS_TRAIN_N_003237	1	A_clean_core	-5.020402908325195	0.0065585674416336935	0
HPCLAS_TRAIN_N_003240	0	HPCLAS_TRAIN_N_003240	1	D_hard_sample	-12.651710510253906	3.2020679825845488e-06	0
HPCLAS_TRAIN_N_003246	0	HPCLAS_TRAIN_N_003246	1	A_clean_core	-20.21197509765625	1.6674420367315833e-09	0
HPCLAS_TRAIN_N_003251	0	HPCLAS_TRAIN_N_003251	1	A_clean_core	-10.631715774536133	2.4137596496745104e-05	0
HPCLAS_TRAIN_N_003255	0	HPCLAS_TRAIN_N_003255	1	D_hard_sample	5.428618907928467	0.995630027038226	1
HPCLAS_TRAIN_N_003260	0	HPCLAS_TRAIN_N_003260	1	A_clean_core	-26.493371963500977	3.1194264426072568e-12	0
HPCLAS_TRAIN_N_003265	0	HPCLAS_TRAIN_N_003265	1	D_hard_sample	-14.56762981414795	4.7136632482527566e-07	0
HPCLAS_TRAIN_N_003267	0	HPCLAS_TRAIN_N_003267	1	A_clean_core	-18.84328842163086	6.5533568120766744e-09	0
HPCLAS_TRAIN_N_003270	0	HPCLAS_TRAIN_N_003270	1	A_clean_core	-2.55379319190979	0.07217206829073063	0
HPCLAS_TRAIN_N_003274	0	HPCLAS_TRAIN_P_003947	1	B_ambiguous	-9.114052772521973	0.00011009544638088681	0
HPCLAS_TRAIN_N_003285	0	HPCLAS_TRAIN_N_003285	1	A_clean_core	-26.556394577026367	2.928898866462185e-12	0
HPCLAS_TRAIN_N_003288	0	HPCLAS_TRAIN_P_000962	1	B_ambiguous	-2.972167730331421	0.04869919898015492	0
HPCLAS_TRAIN_N_003293	0	HPCLAS_TRAIN_N_003293	1	A_clean_core	-3.0483908653259277	0.04528699528044405	0
HPCLAS_TRAIN_N_003306	0	HPCLAS_TRAIN_N_003306	1	A_clean_core	-18.7948055267334	6.878910647806266e-09	0
HPCLAS_TRAIN_N_003309	0	HPCLAS_TRAIN_N_003309	1	D_hard_sample	9.470897674560547	0.999922943738477	1
HPCLAS_TRAIN_N_003310	0	HPCLAS_TRAIN_N_003310	1	A_clean_core	-22.57442283630371	1.5705534819058673e-10	0
HPCLAS_TRAIN_N_003316	0	HPCLAS_TRAIN_N_003316	1	B_ambiguous	-2.5781311988830566	0.0705591896598	0
HPCLAS_TRAIN_N_003317	0	HPCLAS_TRAIN_N_003317	1	A_clean_core	-10.605813980102539	2.4770955226366368e-05	0
HPCLAS_TRAIN_N_003322	0	HPCLAS_TRAIN_N_003322	1	B_ambiguous	6.441561698913574	0.9984086210039181	1
HPCLAS_TRAIN_N_003330	0	HPCLAS_TRAIN_N_003330	1	A_clean_core	-25.359426498413086	9.694848069014594e-12	0
HPCLAS_TRAIN_N_003343	0	HPCLAS_TRAIN_N_003343	1	A_clean_core	-26.780179977416992	2.3416156468896593e-12	0
HPCLAS_TRAIN_N_003345	0	HPCLAS_TRAIN_N_003345	1	A_clean_core	-22.476648330688477	1.731871471210756e-10	0
HPCLAS_TRAIN_N_003364	0	HPCLAS_TRAIN_N_003364	1	A_clean_core	-20.28577423095703	1.5488172953918872e-09	0
HPCLAS_TRAIN_N_003371	0	HPCLAS_TRAIN_N_003371	1	A_clean_core	-32.80876922607422	5.6406943454986656e-15	0
HPCLAS_TRAIN_N_003376	0	HPCLAS_TRAIN_N_003376	1	D_hard_sample	6.518770694732666	0.9985266920336	1
HPCLAS_TRAIN_N_003378	0	HPCLAS_TRAIN_P_001880	1	B_ambiguous	-0.15699946880340576	0.4608305565223646	0
HPCLAS_TRAIN_N_003385	0	HPCLAS_TRAIN_N_003385	1	A_clean_core	-15.141371726989746	2.655740858171241e-07	0
HPCLAS_TRAIN_N_003390	0	HPCLAS_TRAIN_N_003390	1	A_clean_core	-33.30752944946289	3.425498283780311e-15	0
HPCLAS_TRAIN_N_003400	0	HPCLAS_TRAIN_N_003400	1	A_clean_core	-24.810667037963867	1.678279203678909e-11	0
HPCLAS_TRAIN_N_003405	0	HPCLAS_TRAIN_N_003405	1	A_clean_core	-20.85380744934082	8.776199715502421e-10	0
HPCLAS_TRAIN_N_003410	0	HPCLAS_TRAIN_N_003410	1	A_clean_core	-17.553163528442383	2.3809919622226644e-08	0
HPCLAS_TRAIN_N_003411	0	HPCLAS_TRAIN_N_003411	1	A_clean_core	-25.43302345275879	9.00696046259161e-12	0
HPCLAS_TRAIN_N_003416	0	HPCLAS_TRAIN_N_003416	1	A_clean_core	-18.42189598083496	9.987854912430007e-09	0
HPCLAS_TRAIN_N_003417	0	HPCLAS_TRAIN_N_003417	1	A_clean_core	-15.22211742401123	2.449730410506022e-07	0
HPCLAS_TRAIN_N_003425	0	HPCLAS_TRAIN_N_003425	1	A_clean_core	-11.296135902404785	1.2420672664355101e-05	0
HPCLAS_TRAIN_N_003439	0	HPCLAS_TRAIN_N_003439	1	A_clean_core	-31.428224563598633	2.243342044952665e-14	0
HPCLAS_TRAIN_N_003458	0	HPCLAS_TRAIN_N_003458	1	A_clean_core	-10.495063781738281	2.7671945548827038e-05	0
HPCLAS_TRAIN_N_003461	0	HPCLAS_TRAIN_N_003461	1	B_ambiguous	-1.638675570487976	0.1626453584976347	0
HPCLAS_TRAIN_N_003462	0	HPCLAS_TRAIN_N_003462	1	A_clean_core	-33.09722900390625	4.227231939400535e-15	0
HPCLAS_TRAIN_N_003469	0	HPCLAS_TRAIN_N_003469	1	A_clean_core	-18.07911491394043	1.4071492031065711e-08	0
HPCLAS_TRAIN_N_003471	0	HPCLAS_TRAIN_N_003471	1	A_clean_core	-21.35152816772461	5.33518073647553e-10	0
HPCLAS_TRAIN_N_003473	0	HPCLAS_TRAIN_N_003473	1	D_hard_sample	-21.326303482055664	5.471470702719858e-10	0
HPCLAS_TRAIN_N_003474	0	HPCLAS_TRAIN_N_003474	1	A_clean_core	-22.96934700012207	1.0581307729418587e-10	0
HPCLAS_TRAIN_N_003478	0	HPCLAS_TRAIN_N_003478	1	A_clean_core	-15.728680610656738	1.4761168543965444e-07	0
HPCLAS_TRAIN_N_003483	0	HPCLAS_TRAIN_N_003483	1	A_clean_core	-19.83429527282715	2.4326241253922795e-09	0
HPCLAS_TRAIN_N_003502	0	HPCLAS_TRAIN_N_003502	1	A_clean_core	-35.53269577026367	3.7012319276079915e-16	0
HPCLAS_TRAIN_N_003504	0	HPCLAS_TRAIN_N_003504	1	A_clean_core	-23.704904556274414	5.0709666826074866e-11	0
HPCLAS_TRAIN_N_003506	0	HPCLAS_TRAIN_N_003506	1	A_clean_core	-44.219154357910156	6.249787742494637e-20	0
HPCLAS_TRAIN_N_003508	0	HPCLAS_TRAIN_N_003508	1	A_clean_core	-33.278934478759766	3.5248642192157242e-15	0
HPCLAS_TRAIN_N_003510	0	HPCLAS_TRAIN_N_003510	1	A_clean_core	-17.57512855529785	2.3292635982325928e-08	0
HPCLAS_TRAIN_N_003511	0	HPCLAS_TRAIN_N_003511	1	A_clean_core	-9.96029281616211	4.723667029668712e-05	0
HPCLAS_TRAIN_N_003515	0	HPCLAS_TRAIN_N_003515	1	D_hard_sample	-14.032496452331543	8.049406755015885e-07	0
HPCLAS_TRAIN_N_003516	0	HPCLAS_TRAIN_N_003516	1	A_clean_core	-12.147506713867188	5.301546352028077e-06	0
HPCLAS_TRAIN_N_003526	0	HPCLAS_TRAIN_N_003526	1	A_clean_core	-25.595855712890625	7.653517935850133e-12	0
HPCLAS_TRAIN_N_003528	0	HPCLAS_TRAIN_N_003528	1	A_clean_core	-20.71333122253418	1.0099841254993238e-09	0
HPCLAS_TRAIN_N_003533	0	HPCLAS_TRAIN_N_003533	1	A_clean_core	-4.561267375946045	0.010340759371284133	0
HPCLAS_TRAIN_N_003536	0	HPCLAS_TRAIN_N_003536	1	A_clean_core	-8.684774398803711	0.00016911298331517767	0
HPCLAS_TRAIN_N_003542	0	HPCLAS_TRAIN_N_003542	1	A_clean_core	-19.608335494995117	3.049355750313807e-09	0
HPCLAS_TRAIN_N_003543	0	HPCLAS_TRAIN_N_003543	1	D_hard_sample	-11.320697784423828	1.211931734214901e-05	0
HPCLAS_TRAIN_N_003565	0	HPCLAS_TRAIN_N_003565	1	A_clean_core	-16.85315704345703	4.7947599885051626e-08	0
HPCLAS_TRAIN_N_003566	0	HPCLAS_TRAIN_N_003566	1	A_clean_core	-40.54473114013672	2.4640356988996255e-18	0
HPCLAS_TRAIN_N_003585	0	HPCLAS_TRAIN_N_003585	1	A_clean_core	-23.593294143676758	5.6697321638122066e-11	0
HPCLAS_TRAIN_N_003586	0	HPCLAS_TRAIN_N_003586	1	A_clean_core	-8.41767406463623	0.0002208791213824952	0
HPCLAS_TRAIN_N_003606	0	HPCLAS_TRAIN_N_003606	1	A_clean_core	-18.94063377380371	5.945484698096562e-09	0
HPCLAS_TRAIN_N_003613	0	HPCLAS_TRAIN_N_003613	1	A_clean_core	-9.251855850219727	9.592424629761778e-05	0
HPCLAS_TRAIN_N_003617	0	HPCLAS_TRAIN_N_003617	1	A_clean_core	-8.074911117553711	0.0003111540844593786	0
HPCLAS_TRAIN_N_003628	0	HPCLAS_TRAIN_N_003628	1	A_clean_core	-21.58927345275879	4.2062750792100395e-10	0
HPCLAS_TRAIN_N_003630	0	HPCLAS_TRAIN_N_003630	1	A_clean_core	-21.23984718322754	5.965564855971908e-10	0
HPCLAS_TRAIN_N_003636	0	HPCLAS_TRAIN_N_003636	1	A_clean_core	-23.347209930419922	7.251628703838028e-11	0
HPCLAS_TRAIN_N_003662	0	HPCLAS_TRAIN_N_003662	1	A_clean_core	-23.843669891357422	4.413933012313037e-11	0
HPCLAS_TRAIN_N_003663	0	HPCLAS_TRAIN_N_003663	1	A_clean_core	-33.342403411865234	3.30809661447513e-15	0
HPCLAS_TRAIN_N_003666	0	HPCLAS_TRAIN_N_003666	1	D_hard_sample	-3.652989149093628	0.02525900289870017	0
HPCLAS_TRAIN_N_003667	0	HPCLAS_TRAIN_N_003667	1	D_hard_sample	-0.8538498878479004	0.2986258798037101	0
HPCLAS_TRAIN_N_003669	0	HPCLAS_TRAIN_N_003669	1	D_hard_sample	-13.642608642578125	1.1887480882061082e-06	0
HPCLAS_TRAIN_N_003671	0	HPCLAS_TRAIN_N_003671	1	D_hard_sample	-12.927658081054688	2.429899860923386e-06	0
HPCLAS_TRAIN_N_003674	0	HPCLAS_TRAIN_N_003674	1	B_ambiguous	7.281293869018555	0.9993121789988832	1
HPCLAS_TRAIN_N_003689	0	HPCLAS_TRAIN_N_003689	1	A_clean_core	-30.27143096923828	7.133202789667137e-14	0
HPCLAS_TRAIN_N_003693	0	HPCLAS_TRAIN_N_003693	1	A_clean_core	-11.582666397094727	9.326267064771966e-06	0
HPCLAS_TRAIN_N_003694	0	HPCLAS_TRAIN_N_003694	1	A_clean_core	-12.870246887207031	2.573485220838649e-06	0
HPCLAS_TRAIN_N_003702	0	HPCLAS_TRAIN_N_003702	1	A_clean_core	-7.750598430633545	0.0004302996106948728	0
HPCLAS_TRAIN_N_003728	0	HPCLAS_TRAIN_N_003728	1	A_clean_core	-18.523176193237305	9.025822489917036e-09	0
HPCLAS_TRAIN_N_003733	0	HPCLAS_TRAIN_N_003733	1	A_clean_core	-34.222713470458984	1.3717165674233452e-15	0
HPCLAS_TRAIN_N_003735	0	HPCLAS_TRAIN_N_003735	1	A_clean_core	-30.131683349609375	8.20306571684697e-14	0
HPCLAS_TRAIN_N_003739	0	HPCLAS_TRAIN_N_003739	1	A_clean_core	-14.655040740966797	4.319132094746404e-07	0
HPCLAS_TRAIN_N_003741	0	HPCLAS_TRAIN_N_003741	1	A_clean_core	-30.767471313476562	4.343671631243229e-14	0
HPCLAS_TRAIN_N_003747	0	HPCLAS_TRAIN_N_003747	1	A_clean_core	-19.85757827758789	2.376639599495996e-09	0
HPCLAS_TRAIN_N_003756	0	HPCLAS_TRAIN_N_003756	1	D_hard_sample	-3.5204946994781494	0.028734686137590726	0
HPCLAS_TRAIN_N_003759	0	HPCLAS_TRAIN_N_003759	1	A_clean_core	-30.263818740844727	7.187709554246183e-14	0
HPCLAS_TRAIN_N_003760	0	HPCLAS_TRAIN_N_003760	1	D_hard_sample	7.0955681800842285	0.999171916535894	1
HPCLAS_TRAIN_N_003762	0	HPCLAS_TRAIN_N_003762	1	A_clean_core	-0.702674925327301	0.3312194294990234	0
HPCLAS_TRAIN_N_003767	0	HPCLAS_TRAIN_N_003767	1	D_hard_sample	-23.657222747802734	5.318616829416679e-11	0
HPCLAS_TRAIN_N_003768	0	HPCLAS_TRAIN_N_003768	1	D_hard_sample	-10.123672485351562	4.011691055012333e-05	0
HPCLAS_TRAIN_N_003775	0	HPCLAS_TRAIN_N_003775	1	A_clean_core	-15.987516403198242	1.1394881083627267e-07	0
HPCLAS_TRAIN_N_003777	0	HPCLAS_TRAIN_N_003777	1	D_hard_sample	-14.844820022583008	3.572534440137466e-07	0
HPCLAS_TRAIN_N_003786	0	HPCLAS_TRAIN_N_003786	1	A_clean_core	-32.154930114746094	1.0846541573234726e-14	0
HPCLAS_TRAIN_N_003797	0	HPCLAS_TRAIN_N_003797	1	A_clean_core	-7.9704909324646	0.00034538998704721386	0
HPCLAS_TRAIN_N_003798	0	HPCLAS_TRAIN_N_003798	1	A_clean_core	-18.58582305908203	8.477730373843254e-09	0
HPCLAS_TRAIN_N_003808	0	HPCLAS_TRAIN_N_003808	1	A_clean_core	-11.474233627319336	1.0394393104476052e-05	0
HPCLAS_TRAIN_N_003809	0	HPCLAS_TRAIN_N_003809	1	D_hard_sample	-10.164437294006348	3.851449826501343e-05	0
HPCLAS_TRAIN_N_003810	0	HPCLAS_TRAIN_N_003810	1	B_ambiguous	13.981245040893555	0.9999991527295486	1
HPCLAS_TRAIN_N_003816	0	HPCLAS_TRAIN_N_003816	1	D_hard_sample	-9.056490898132324	0.00011661792993262584	0
HPCLAS_TRAIN_N_003819	0	HPCLAS_TRAIN_N_003819	1	D_hard_sample	-21.201061248779297	6.201490587790679e-10	0
HPCLAS_TRAIN_N_003823	0	HPCLAS_TRAIN_N_003823	1	A_clean_core	-24.85811424255371	1.6005091227751775e-11	0
HPCLAS_TRAIN_N_003844	0	HPCLAS_TRAIN_N_003844	1	B_ambiguous	1.1201010942459106	0.7540074679120269	1
HPCLAS_TRAIN_N_003845	0	HPCLAS_TRAIN_N_003845	1	B_ambiguous	15.961213111877441	0.9999998830141944	1
HPCLAS_TRAIN_N_003858	0	HPCLAS_TRAIN_N_003858	1	A_clean_core	-15.438934326171875	1.9722225949307628e-07	0
HPCLAS_TRAIN_N_003861	0	HPCLAS_TRAIN_N_003861	1	A_clean_core	-8.470959663391113	0.00020941992625405335	0
HPCLAS_TRAIN_N_003863	0	HPCLAS_TRAIN_N_003863	1	A_clean_core	-19.812135696411133	2.487131747904773e-09	0
HPCLAS_TRAIN_N_003865	0	HPCLAS_TRAIN_N_003865	1	A_clean_core	-13.281238555908203	1.7062027646594369e-06	0
HPCLAS_TRAIN_N_003877	0	HPCLAS_TRAIN_N_003877	1	A_clean_core	-25.388242721557617	9.419465955522683e-12	0
HPCLAS_TRAIN_N_003881	0	HPCLAS_TRAIN_N_003881	1	D_hard_sample	-4.164815425872803	0.015295010549582851	0
HPCLAS_TRAIN_N_003885	0	HPCLAS_TRAIN_P_001597	1	B_ambiguous	12.562362670898438	0.999996498664785	1
HPCLAS_TRAIN_N_003887	0	HPCLAS_TRAIN_N_003887	1	D_hard_sample	-4.376501560211182	0.012413229530899093	0
HPCLAS_TRAIN_N_003895	0	HPCLAS_TRAIN_N_003895	1	A_clean_core	-15.815644264221191	1.3531717096138814e-07	0
HPCLAS_TRAIN_N_003903	0	HPCLAS_TRAIN_P_007088	1	B_ambiguous	6.269737720489502	0.9981108506989138	1
HPCLAS_TRAIN_N_003911	0	HPCLAS_TRAIN_N_003911	1	D_hard_sample	-6.221140384674072	0.00198303775309942	0
HPCLAS_TRAIN_N_003915	0	HPCLAS_TRAIN_N_003915	1	A_clean_core	-5.408482551574707	0.004458463923302768	0
HPCLAS_TRAIN_N_003925	0	HPCLAS_TRAIN_N_003925	1	A_clean_core	-10.509477615356445	2.7275958311914834e-05	0
HPCLAS_TRAIN_N_003927	0	HPCLAS_TRAIN_N_003927	1	A_clean_core	-22.721357345581055	1.3559381606309118e-10	0
HPCLAS_TRAIN_N_003931	0	HPCLAS_TRAIN_N_003931	1	A_clean_core	-24.14702796936035	3.258959763611506e-11	0
HPCLAS_TRAIN_N_003941	0	HPCLAS_TRAIN_N_003941	1	A_clean_core	-22.544696807861328	1.61794062579814e-10	0
HPCLAS_TRAIN_N_003946	0	HPCLAS_TRAIN_N_003946	1	A_clean_core	-16.28652572631836	8.449902755981346e-08	0
HPCLAS_TRAIN_N_003949	0	HPCLAS_TRAIN_N_003949	1	A_clean_core	-25.960168838500977	5.3166971677238905e-12	0
HPCLAS_TRAIN_N_003957	0	HPCLAS_TRAIN_N_003957	1	A_clean_core	-29.478199005126953	1.5768153375121817e-13	0
HPCLAS_TRAIN_N_003965	0	HPCLAS_TRAIN_N_003965	1	A_clean_core	-35.6243896484375	3.376946299588424e-16	0
HPCLAS_TRAIN_N_003970	0	HPCLAS_TRAIN_N_003970	1	A_clean_core	-20.133378982543945	1.8037843103438421e-09	0
HPCLAS_TRAIN_N_003971	0	HPCLAS_TRAIN_N_003971	1	A_clean_core	-36.36737823486328	1.6063800848214992e-16	0
HPCLAS_TRAIN_N_003972	0	HPCLAS_TRAIN_N_003972	1	D_hard_sample	-3.5381720066070557	0.028245418784219115	0
HPCLAS_TRAIN_N_003973	0	HPCLAS_TRAIN_N_003973	1	A_clean_core	-28.683088302612305	3.492151096286202e-13	0
HPCLAS_TRAIN_N_003984	0	HPCLAS_TRAIN_N_003984	1	A_clean_core	-5.96751070022583	0.002554067646916254	0
HPCLAS_TRAIN_N_003989	0	HPCLAS_TRAIN_N_003989	1	A_clean_core	-18.888595581054688	6.263068555707938e-09	0
HPCLAS_TRAIN_N_004004	0	HPCLAS_TRAIN_N_004004	1	D_hard_sample	-0.9188819527626038	0.2851857588911953	0
HPCLAS_TRAIN_N_004006	0	HPCLAS_TRAIN_N_004006	1	A_clean_core	-31.638212203979492	1.81844019505053e-14	0
HPCLAS_TRAIN_N_004011	0	HPCLAS_TRAIN_N_004011	1	D_hard_sample	0.1402711570262909	0.5350104026899296	1
HPCLAS_TRAIN_N_004023	0	HPCLAS_TRAIN_N_004023	1	A_clean_core	-1.3073221445083618	0.2129352912448566	0
HPCLAS_TRAIN_N_004027	0	HPCLAS_TRAIN_N_004027	1	A_clean_core	-26.87200355529785	2.136176525331272e-12	0
HPCLAS_TRAIN_N_004029	0	HPCLAS_TRAIN_N_004029	1	A_clean_core	-25.840124130249023	5.994827329665051e-12	0
HPCLAS_TRAIN_N_004032	0	HPCLAS_TRAIN_N_004032	1	A_clean_core	-18.53769874572754	8.895691712815734e-09	0
HPCLAS_TRAIN_N_004034	0	HPCLAS_TRAIN_N_004034	1	A_clean_core	-3.7511119842529297	0.0229524197563649	0
HPCLAS_TRAIN_N_004037	0	HPCLAS_TRAIN_N_004037	1	D_hard_sample	6.635313510894775	0.9986885551576135	1
HPCLAS_TRAIN_N_004038	0	HPCLAS_TRAIN_N_004038	1	A_clean_core	-12.945734024047852	2.386371824713168e-06	0
HPCLAS_TRAIN_N_004039	0	HPCLAS_TRAIN_N_004039	1	A_clean_core	-22.17116355895996	2.3506393870513177e-10	0
HPCLAS_TRAIN_N_004046	0	HPCLAS_TRAIN_N_004046	1	A_clean_core	-21.393102645874023	5.1179209061028e-10	0
HPCLAS_TRAIN_N_004048	0	HPCLAS_TRAIN_N_004048	1	A_clean_core	-11.132002830505371	1.4636129442313463e-05	0
HPCLAS_TRAIN_N_004059	0	HPCLAS_TRAIN_N_004059	1	D_hard_sample	-0.5734319090843201	0.360445307455668	0
HPCLAS_TRAIN_N_004060	0	HPCLAS_TRAIN_N_004060	1	D_hard_sample	-19.721073150634766	2.7242486997499433e-09	0
HPCLAS_TRAIN_N_004063	0	HPCLAS_TRAIN_N_004063	1	A_clean_core	-34.17090606689453	1.444654695587196e-15	0
HPCLAS_TRAIN_N_004064	0	HPCLAS_TRAIN_N_004064	1	B_ambiguous	-23.745426177978516	4.8695904882669095e-11	0
HPCLAS_TRAIN_N_004068	0	HPCLAS_TRAIN_N_004068	1	D_hard_sample	-17.25084114074707	3.221475778901751e-08	0
HPCLAS_TRAIN_N_004070	0	HPCLAS_TRAIN_N_004070	1	A_clean_core	-14.970600128173828	3.1502921915415873e-07	0
HPCLAS_TRAIN_N_004071	0	HPCLAS_TRAIN_N_004071	1	A_clean_core	-19.56700325012207	3.1780334185357133e-09	0
HPCLAS_TRAIN_N_004078	0	HPCLAS_TRAIN_N_004078	1	A_clean_core	-15.847468376159668	1.310786244376399e-07	0
HPCLAS_TRAIN_N_004080	0	HPCLAS_TRAIN_N_004080	1	D_hard_sample	-7.80102014541626	0.0004091497308281618	0
HPCLAS_TRAIN_N_004083	0	HPCLAS_TRAIN_N_004083	1	A_clean_core	-23.80457305908203	4.589921694047565e-11	0
HPCLAS_TRAIN_N_004090	0	HPCLAS_TRAIN_N_004090	1	A_clean_core	-32.60505294799805	6.915210784831251e-15	0
HPCLAS_TRAIN_N_004091	0	HPCLAS_TRAIN_N_004091	1	A_clean_core	-45.343299865722656	2.030743524373674e-20	0
HPCLAS_TRAIN_N_004104	0	HPCLAS_TRAIN_N_004104	1	D_hard_sample	0.46166348457336426	0.6134087266529115	1
HPCLAS_TRAIN_N_004114	0	HPCLAS_TRAIN_N_004114	1	A_clean_core	-31.48545265197754	2.1185643162097535e-14	0
HPCLAS_TRAIN_N_004125	0	HPCLAS_TRAIN_N_004125	1	A_clean_core	-24.2325439453125	2.9918504560370444e-11	0
HPCLAS_TRAIN_N_004135	0	HPCLAS_TRAIN_N_004135	1	A_clean_core	-23.351490020751953	7.220657405192146e-11	0
HPCLAS_TRAIN_N_004136	0	HPCLAS_TRAIN_N_004136	1	A_clean_core	-14.761902809143066	3.881386571856734e-07	0
HPCLAS_TRAIN_N_004137	0	HPCLAS_TRAIN_N_004137	1	D_hard_sample	-11.434560775756836	1.0815053076806853e-05	0
HPCLAS_TRAIN_N_004142	0	HPCLAS_TRAIN_N_004142	1	A_clean_core	-33.588844299316406	2.5855340841992858e-15	0
HPCLAS_TRAIN_N_004150	0	HPCLAS_TRAIN_N_004150	1	A_clean_core	-4.9278340339660645	0.007190100655515775	0
HPCLAS_TRAIN_N_004151	0	HPCLAS_TRAIN_N_004151	1	A_clean_core	-24.65011215209961	1.970572029322687e-11	0
HPCLAS_TRAIN_N_004154	0	HPCLAS_TRAIN_N_004154	1	A_clean_core	-27.23673439025879	1.4833257952872046e-12	0
HPCLAS_TRAIN_N_004160	0	HPCLAS_TRAIN_N_004160	1	A_clean_core	-16.47417449951172	7.004173421013974e-08	0
HPCLAS_TRAIN_N_004176	0	HPCLAS_TRAIN_N_004176	1	A_clean_core	-24.40097999572754	2.528069649627248e-11	0
HPCLAS_TRAIN_N_004182	0	HPCLAS_TRAIN_N_004182	1	D_hard_sample	1.9856427907943726	0.8792814026675849	1
HPCLAS_TRAIN_N_004194	0	HPCLAS_TRAIN_N_004194	1	D_hard_sample	-13.925748825073242	8.9561991077803e-07	0
HPCLAS_TRAIN_N_004196	0	HPCLAS_TRAIN_N_004196	1	D_hard_sample	-1.437629222869873	0.1919127454768108	0
HPCLAS_TRAIN_N_004198	0	HPCLAS_TRAIN_N_004198	1	A_clean_core	-21.508533477783203	4.559976416538809e-10	0
HPCLAS_TRAIN_N_004202	0	HPCLAS_TRAIN_N_004202	1	A_clean_core	-18.216718673706055	1.2262516261144754e-08	0
HPCLAS_TRAIN_N_004204	0	HPCLAS_TRAIN_N_004204	1	A_clean_core	-28.84042739868164	2.983743768652755e-13	0
HPCLAS_TRAIN_N_004205	0	HPCLAS_TRAIN_N_004205	1	A_clean_core	-34.64613723754883	8.982015051063385e-16	0
HPCLAS_TRAIN_N_004206	0	HPCLAS_TRAIN_N_004206	1	B_ambiguous	-5.8480048179626465	0.002877347796034608	0
HPCLAS_TRAIN_N_004215	0	HPCLAS_TRAIN_N_004215	1	A_clean_core	-22.650671005249023	1.455253226840293e-10	0
HPCLAS_TRAIN_N_004219	0	HPCLAS_TRAIN_N_004219	1	A_clean_core	-10.540666580200195	2.6438401063703065e-05	0
HPCLAS_TRAIN_N_004240	0	HPCLAS_TRAIN_N_004240	1	A_clean_core	-23.474454879760742	6.385189341205528e-11	0
HPCLAS_TRAIN_N_004250	0	HPCLAS_TRAIN_N_004250	1	D_hard_sample	-13.266511917114258	1.7315152796422402e-06	0
HPCLAS_TRAIN_N_004251	0	HPCLAS_TRAIN_N_004251	1	A_clean_core	-24.666940689086914	1.9376876590291557e-11	0
HPCLAS_TRAIN_N_004252	0	HPCLAS_TRAIN_N_004252	1	A_clean_core	-14.746550559997559	3.941434316629986e-07	0
HPCLAS_TRAIN_N_004255	0	HPCLAS_TRAIN_N_004255	1	A_clean_core	-33.045326232910156	4.452430656498393e-15	0
HPCLAS_TRAIN_N_004266	0	HPCLAS_TRAIN_N_004266	1	D_hard_sample	-2.1069371700286865	0.1084243911692772	0
HPCLAS_TRAIN_N_004268	0	HPCLAS_TRAIN_N_004268	1	D_hard_sample	0.7635181546211243	0.6821170754125371	1
HPCLAS_TRAIN_N_004273	0	HPCLAS_TRAIN_N_004273	1	A_clean_core	-21.39240837097168	5.12147538388785e-10	0
HPCLAS_TRAIN_N_004274	0	HPCLAS_TRAIN_N_004274	1	D_hard_sample	5.67136812210083	0.9965686632113382	1
HPCLAS_TRAIN_N_004279	0	HPCLAS_TRAIN_N_004279	1	A_clean_core	-23.408777236938477	6.81863145930226e-11	0
HPCLAS_TRAIN_N_004284	0	HPCLAS_TRAIN_N_004284	1	D_hard_sample	-4.327735424041748	0.013025497487624615	0
HPCLAS_TRAIN_N_004292	0	HPCLAS_TRAIN_N_004292	1	D_hard_sample	2.51485276222229	0.9251765165352854	1
HPCLAS_TRAIN_N_004306	0	HPCLAS_TRAIN_N_004306	1	A_clean_core	-27.421728134155273	1.2328061353505381e-12	0
HPCLAS_TRAIN_N_004308	0	HPCLAS_TRAIN_N_004308	1	A_clean_core	-39.881874084472656	4.781037577737687e-18	0
HPCLAS_TRAIN_N_004313	0	HPCLAS_TRAIN_P_007394	1	B_ambiguous	-6.772567272186279	0.0011434430265991188	0
HPCLAS_TRAIN_N_004315	0	HPCLAS_TRAIN_N_004315	1	A_clean_core	-12.061965942382812	5.775003373487768e-06	0
HPCLAS_TRAIN_N_004317	0	HPCLAS_TRAIN_N_004317	1	A_clean_core	-22.769994735717773	1.291566979623896e-10	0
HPCLAS_TRAIN_N_004318	0	HPCLAS_TRAIN_N_004318	1	D_hard_sample	3.958742618560791	0.9812703948536797	1
HPCLAS_TRAIN_N_004325	0	HPCLAS_TRAIN_N_004325	1	A_clean_core	-19.48015594482422	3.4663767655344217e-09	0
HPCLAS_TRAIN_N_004331	0	HPCLAS_TRAIN_N_004331	1	A_clean_core	-14.08073616027832	7.67032297721738e-07	0
HPCLAS_TRAIN_N_004332	0	HPCLAS_TRAIN_N_004332	1	A_clean_core	-16.763608932495117	5.2439328411327924e-08	0
HPCLAS_TRAIN_N_004341	0	HPCLAS_TRAIN_N_004341	1	A_clean_core	-15.213727951049805	2.4703688040432925e-07	0
HPCLAS_TRAIN_N_004358	0	HPCLAS_TRAIN_N_004358	1	A_clean_core	-19.472497940063477	3.493024198069114e-09	0
HPCLAS_TRAIN_N_004359	0	HPCLAS_TRAIN_N_004359	1	D_hard_sample	-11.794071197509766	7.5491261232715734e-06	0
HPCLAS_TRAIN_N_004369	0	HPCLAS_TRAIN_N_004369	1	A_clean_core	-29.173418045043945	2.138678604699531e-13	0
HPCLAS_TRAIN_N_004382	0	HPCLAS_TRAIN_N_004382	1	A_clean_core	-17.98454475402832	1.546719094740153e-08	0
HPCLAS_TRAIN_N_004388	0	HPCLAS_TRAIN_N_004388	1	A_clean_core	-21.917612075805664	3.0290191487527156e-10	0
HPCLAS_TRAIN_N_004409	0	HPCLAS_TRAIN_N_004409	1	A_clean_core	-18.782529830932617	6.9638744899616836e-09	0
HPCLAS_TRAIN_N_004412	0	HPCLAS_TRAIN_N_004412	1	A_clean_core	-32.267452239990234	9.692226329898656e-15	0
HPCLAS_TRAIN_N_004427	0	HPCLAS_TRAIN_N_004427	1	D_hard_sample	8.932401657104492	0.9998679769050467	1
HPCLAS_TRAIN_N_004430	0	HPCLAS_TRAIN_N_004430	1	D_hard_sample	-3.608234167098999	0.02638464329585631	0
HPCLAS_TRAIN_N_004446	0	HPCLAS_TRAIN_N_004446	1	A_clean_core	-33.00838851928711	4.61996844795599e-15	0
HPCLAS_TRAIN_N_004449	0	HPCLAS_TRAIN_N_004449	1	A_clean_core	-20.079315185546875	1.9039880298302446e-09	0
HPCLAS_TRAIN_N_004464	0	HPCLAS_TRAIN_N_004464	1	A_clean_core	-21.79970359802246	3.4080740314593613e-10	0
HPCLAS_TRAIN_N_004466	0	HPCLAS_TRAIN_N_004466	1	A_clean_core	-12.59100341796875	3.4024771419766756e-06	0
HPCLAS_TRAIN_N_004472	0	HPCLAS_TRAIN_P_002024	1	B_ambiguous	-4.865801811218262	0.007646724279579628	0
HPCLAS_TRAIN_N_004476	0	HPCLAS_TRAIN_N_004476	1	D_hard_sample	-12.554534912109375	3.5288502758415238e-06	0
HPCLAS_TRAIN_N_004483	0	HPCLAS_TRAIN_N_004483	1	D_hard_sample	-1.980486512184143	0.12126698496600657	0
HPCLAS_TRAIN_N_004485	0	HPCLAS_TRAIN_N_004485	1	A_clean_core	-38.71643829345703	1.5334318878431797e-17	0
HPCLAS_TRAIN_N_004509	0	HPCLAS_TRAIN_N_004509	1	A_clean_core	-36.973018646240234	8.766414927934175e-17	0
HPCLAS_TRAIN_N_004521	0	HPCLAS_TRAIN_N_004521	1	A_clean_core	-15.223179817199707	2.447129216231379e-07	0
HPCLAS_TRAIN_N_004526	0	HPCLAS_TRAIN_N_004526	1	A_clean_core	-37.65795135498047	4.419361487966941e-17	0
HPCLAS_TRAIN_N_004530	0	HPCLAS_TRAIN_N_004530	1	D_hard_sample	-14.842073440551758	3.582360182949109e-07	0
HPCLAS_TRAIN_N_004531	0	HPCLAS_TRAIN_N_004531	1	A_clean_core	-23.080537796020508	9.467815708760244e-11	0
HPCLAS_TRAIN_N_004533	0	HPCLAS_TRAIN_P_007210	1	B_ambiguous	-17.216829299926758	3.3329287124609746e-08	0
HPCLAS_TRAIN_N_004539	0	HPCLAS_TRAIN_N_004539	1	A_clean_core	-24.437458038330078	2.4375123354635367e-11	0
HPCLAS_TRAIN_N_004550	0	HPCLAS_TRAIN_N_004550	1	A_clean_core	-16.462894439697266	7.083628195378896e-08	0
HPCLAS_TRAIN_N_004552	0	HPCLAS_TRAIN_N_004552	1	A_clean_core	-17.329492568969727	2.9778100422461004e-08	0
HPCLAS_TRAIN_N_004555	0	HPCLAS_TRAIN_N_004555	1	A_clean_core	-4.725902080535889	0.008784857725728065	0
HPCLAS_TRAIN_N_004558	0	HPCLAS_TRAIN_N_004558	1	A_clean_core	-13.447007179260254	1.445567435103809e-06	0
HPCLAS_TRAIN_N_004560	0	HPCLAS_TRAIN_N_004560	1	A_clean_core	-11.924410820007324	6.6266083440815455e-06	0
HPCLAS_TRAIN_N_004562	0	HPCLAS_TRAIN_N_004562	1	D_hard_sample	5.6073503494262695	0.9963426425894318	1
HPCLAS_TRAIN_N_004564	0	HPCLAS_TRAIN_N_004564	1	D_hard_sample	-1.7461581230163574	0.14853242650829795	0
HPCLAS_TRAIN_N_004568	0	HPCLAS_TRAIN_N_004568	1	A_clean_core	-19.150266647338867	4.821085859703443e-09	0
HPCLAS_TRAIN_N_004570	0	HPCLAS_TRAIN_N_004570	1	D_hard_sample	-13.174386978149414	1.8986093197531766e-06	0
HPCLAS_TRAIN_N_004573	0	HPCLAS_TRAIN_N_004573	1	A_clean_core	-5.010744571685791	0.006621797695070182	0
HPCLAS_TRAIN_N_004574	0	HPCLAS_TRAIN_N_004574	1	A_clean_core	-5.9501423835754395	0.0025986986857246723	0
HPCLAS_TRAIN_N_004575	0	HPCLAS_TRAIN_N_004575	1	D_hard_sample	-13.577655792236328	1.2685233369951347e-06	0
HPCLAS_TRAIN_N_004578	0	HPCLAS_TRAIN_N_004578	1	A_clean_core	-27.461320877075195	1.1849495962261004e-12	0
HPCLAS_TRAIN_N_004608	0	HPCLAS_TRAIN_N_004608	1	A_clean_core	0.6656745076179504	0.6605339335238308	1
HPCLAS_TRAIN_N_004612	0	HPCLAS_TRAIN_N_004612	1	D_hard_sample	6.071590900421143	0.9976978130074786	1
HPCLAS_TRAIN_N_004619	0	HPCLAS_TRAIN_N_004619	1	D_hard_sample	3.5604617595672607	0.9723599906526789	1
HPCLAS_TRAIN_N_004625	0	HPCLAS_TRAIN_N_004625	1	D_hard_sample	-9.928454399108887	4.876473425625229e-05	0
HPCLAS_TRAIN_N_004628	0	HPCLAS_TRAIN_N_004628	1	A_clean_core	-18.624555587768555	8.155644310812547e-09	0
HPCLAS_TRAIN_N_004638	0	HPCLAS_TRAIN_N_004638	1	D_hard_sample	-3.762477159500122	0.022698925915644277	0
HPCLAS_TRAIN_N_004642	0	HPCLAS_TRAIN_N_004642	1	A_clean_core	-16.136693954467773	9.815734813727424e-08	0
HPCLAS_TRAIN_N_004649	0	HPCLAS_TRAIN_N_004649	1	D_hard_sample	-7.420534133911133	0.0005984708232835969	0
HPCLAS_TRAIN_N_004656	0	HPCLAS_TRAIN_N_004656	1	A_clean_core	-6.866811752319336	0.001040709066639529	0
HPCLAS_TRAIN_N_004670	0	HPCLAS_TRAIN_N_004670	1	A_clean_core	-16.889192581176758	4.62505432353715e-08	0
HPCLAS_TRAIN_N_004672	0	HPCLAS_TRAIN_N_004672	1	A_clean_core	-12.138965606689453	5.347021111456444e-06	0
HPCLAS_TRAIN_N_004676	0	HPCLAS_TRAIN_N_004676	1	A_clean_core	-20.251680374145508	1.6025329339339739e-09	0
HPCLAS_TRAIN_N_004686	0	HPCLAS_TRAIN_N_004686	1	A_clean_core	-33.12715530395508	4.102600705194759e-15	0
HPCLAS_TRAIN_N_004696	0	HPCLAS_TRAIN_N_004696	1	A_clean_core	-12.047574043273926	5.858717107319825e-06	0
HPCLAS_TRAIN_N_004698	0	HPCLAS_TRAIN_N_004698	1	D_hard_sample	-16.366912841796875	7.797224399764602e-08	0
HPCLAS_TRAIN_N_004721	0	HPCLAS_TRAIN_N_004721	1	D_hard_sample	-14.230964660644531	6.600400508343073e-07	0
HPCLAS_TRAIN_N_004728	0	HPCLAS_TRAIN_N_004728	1	A_clean_core	-20.22978973388672	1.6380001899929654e-09	0
HPCLAS_TRAIN_N_004731	0	HPCLAS_TRAIN_N_004731	1	A_clean_core	-29.41365623474121	1.681943506993162e-13	0
HPCLAS_TRAIN_N_004739	0	HPCLAS_TRAIN_N_004739	1	D_hard_sample	-18.79064178466797	6.907612369052877e-09	0
HPCLAS_TRAIN_N_004742	0	HPCLAS_TRAIN_N_004742	1	A_clean_core	-18.460954666137695	9.605262844257419e-09	0
HPCLAS_TRAIN_N_004749	0	HPCLAS_TRAIN_N_004749	1	A_clean_core	-18.458396911621094	9.629862194582612e-09	0
HPCLAS_TRAIN_N_004753	0	HPCLAS_TRAIN_N_004753	1	D_hard_sample	1.92574942111969	0.8727781982086856	1
HPCLAS_TRAIN_N_004761	0	HPCLAS_TRAIN_N_004761	1	A_clean_core	-14.637983322143555	4.3934372327861123e-07	0
HPCLAS_TRAIN_N_004764	0	HPCLAS_TRAIN_N_004764	1	A_clean_core	-17.349340438842773	2.9192895325848028e-08	0
HPCLAS_TRAIN_N_004765	0	HPCLAS_TRAIN_N_004765	1	A_clean_core	-18.70992088317871	7.488323541784995e-09	0
HPCLAS_TRAIN_N_004768	0	HPCLAS_TRAIN_N_004768	1	A_clean_core	-18.881391525268555	6.3083509633461004e-09	0
HPCLAS_TRAIN_N_004773	0	HPCLAS_TRAIN_N_004773	1	A_clean_core	-8.596689224243164	0.00018468222297024722	0
HPCLAS_TRAIN_N_004780	0	HPCLAS_TRAIN_N_004780	1	A_clean_core	-25.481616973876953	8.579744564702538e-12	0
HPCLAS_TRAIN_N_004782	0	HPCLAS_TRAIN_N_004782	1	D_hard_sample	-18.138839721679688	1.3255679498805758e-08	0
HPCLAS_TRAIN_N_004784	0	HPCLAS_TRAIN_N_004784	1	D_hard_sample	-7.60647439956665	0.0004969746705919615	0
HPCLAS_TRAIN_N_004806	0	HPCLAS_TRAIN_N_004806	1	A_clean_core	-9.060823440551758	0.00011611382927835572	0
HPCLAS_TRAIN_N_004808	0	HPCLAS_TRAIN_N_004808	1	A_clean_core	-32.35756301879883	8.85704667017491e-15	0
HPCLAS_TRAIN_N_004815	0	HPCLAS_TRAIN_N_004815	1	D_hard_sample	-2.1507275104522705	0.10426325958446905	0
HPCLAS_TRAIN_N_004831	0	HPCLAS_TRAIN_N_004831	1	A_clean_core	-8.034337043762207	0.0003240343171698627	0
HPCLAS_TRAIN_N_004832	0	HPCLAS_TRAIN_N_004832	1	D_hard_sample	-11.388933181762695	1.1319943212448446e-05	0
HPCLAS_TRAIN_N_004835	0	HPCLAS_TRAIN_N_004835	1	A_clean_core	-19.73293113708496	2.6921353716649355e-09	0
HPCLAS_TRAIN_N_004841	0	HPCLAS_TRAIN_N_004841	1	A_clean_core	-20.74297523498535	9.804835613947517e-10	0
HPCLAS_TRAIN_N_004852	0	HPCLAS_TRAIN_N_004852	1	A_clean_core	-13.886651039123535	9.31330181095214e-07	0
HPCLAS_TRAIN_N_004853	0	HPCLAS_TRAIN_N_004853	1	D_hard_sample	-1.8641077280044556	0.13422498085451284	0
HPCLAS_TRAIN_N_004855	0	HPCLAS_TRAIN_N_004855	1	A_clean_core	-12.819149017333984	2.7084021060395577e-06	0
HPCLAS_TRAIN_N_004860	0	HPCLAS_TRAIN_N_004860	1	A_clean_core	-12.228907585144043	4.887095138232672e-06	0
HPCLAS_TRAIN_N_004862	0	HPCLAS_TRAIN_N_004862	1	A_clean_core	-20.15762710571289	1.7605719528588337e-09	0
HPCLAS_TRAIN_N_004866	0	HPCLAS_TRAIN_N_004866	1	A_clean_core	-10.390653610229492	3.071730663999026e-05	0
HPCLAS_TRAIN_N_004871	0	HPCLAS_TRAIN_N_004871	1	A_clean_core	-14.93282699584961	3.2715645559181253e-07	0
HPCLAS_TRAIN_N_004886	0	HPCLAS_TRAIN_N_004886	1	A_clean_core	-30.03619956970215	9.024938882865936e-14	0
HPCLAS_TRAIN_N_004893	0	HPCLAS_TRAIN_N_004893	1	D_hard_sample	-2.5412261486053467	0.07301813626632772	0
HPCLAS_TRAIN_N_004894	0	HPCLAS_TRAIN_N_004894	1	A_clean_core	-27.317293167114258	1.3685173791220052e-12	0
HPCLAS_TRAIN_N_004908	0	HPCLAS_TRAIN_N_004908	1	A_clean_core	-19.057802200317383	5.288124421713292e-09	0
HPCLAS_TRAIN_N_004916	0	HPCLAS_TRAIN_N_004916	1	A_clean_core	-22.905912399291992	1.1274275470820109e-10	0
HPCLAS_TRAIN_N_004921	0	HPCLAS_TRAIN_N_004921	1	A_clean_core	-9.773029327392578	5.6964272021976096e-05	0
HPCLAS_TRAIN_N_004925	0	HPCLAS_TRAIN_N_004925	1	A_clean_core	-31.12033462524414	3.052181792453808e-14	0
HPCLAS_TRAIN_N_004929	0	HPCLAS_TRAIN_N_004929	1	A_clean_core	-9.831178665161133	5.374647830103211e-05	0
HPCLAS_TRAIN_N_004946	0	HPCLAS_TRAIN_N_004946	1	D_hard_sample	-0.16212955117225647	0.45955616560910995	0
HPCLAS_TRAIN_N_004947	0	HPCLAS_TRAIN_N_004947	1	D_hard_sample	-10.734321594238281	2.1783813187841013e-05	0
HPCLAS_TRAIN_N_004950	0	HPCLAS_TRAIN_N_004950	1	A_clean_core	-26.671489715576172	2.61047292006988e-12	0
HPCLAS_TRAIN_N_004953	0	HPCLAS_TRAIN_N_004953	1	A_clean_core	-34.035003662109375	1.6549532038357352e-15	0
HPCLAS_TRAIN_N_004957	0	HPCLAS_TRAIN_N_004957	1	D_hard_sample	-6.345347881317139	0.0017518178908742612	0
HPCLAS_TRAIN_N_004963	0	HPCLAS_TRAIN_N_004963	1	A_clean_core	-15.900087356567383	1.2435972278057168e-07	0
HPCLAS_TRAIN_N_004973	0	HPCLAS_TRAIN_N_004973	1	A_clean_core	-14.071011543273926	7.745277735161262e-07	0
HPCLAS_TRAIN_N_004976	0	HPCLAS_TRAIN_N_004976	1	A_clean_core	-13.955236434936523	8.695958229792069e-07	0
HPCLAS_TRAIN_N_004977	0	HPCLAS_TRAIN_N_004977	1	A_clean_core	-35.15747833251953	5.386431764428438e-16	0
HPCLAS_TRAIN_N_004986	0	HPCLAS_TRAIN_N_004986	1	D_hard_sample	-12.831945419311523	2.6739652008017325e-06	0
HPCLAS_TRAIN_N_004988	0	HPCLAS_TRAIN_N_004988	1	A_clean_core	-20.090347290039062	1.8830984747174717e-09	0
HPCLAS_TRAIN_N_004994	0	HPCLAS_TRAIN_N_004994	1	A_clean_core	-4.506875514984131	0.010912482350235937	0
HPCLAS_TRAIN_N_005000	0	HPCLAS_TRAIN_N_005000	1	A_clean_core	-30.388259887695312	6.346677287988212e-14	0
HPCLAS_TRAIN_N_005001	0	HPCLAS_TRAIN_N_005001	1	D_hard_sample	-10.094405174255371	4.130832586855855e-05	0
HPCLAS_TRAIN_N_005008	0	HPCLAS_TRAIN_N_005008	1	A_clean_core	-26.13260841369629	4.474580938114596e-12	0
HPCLAS_TRAIN_N_005024	0	HPCLAS_TRAIN_N_005024	1	D_hard_sample	-2.078754186630249	0.11117901617826173	0
HPCLAS_TRAIN_N_005025	0	HPCLAS_TRAIN_N_005025	1	A_clean_core	-27.451608657836914	1.1965141543486622e-12	0
HPCLAS_TRAIN_N_005048	0	HPCLAS_TRAIN_N_005048	1	A_clean_core	-17.993986129760742	1.532184659336755e-08	0
HPCLAS_TRAIN_N_005053	0	HPCLAS_TRAIN_N_005053	1	A_clean_core	-36.78251647949219	1.0606108422421832e-16	0
HPCLAS_TRAIN_N_005063	0	HPCLAS_TRAIN_N_005063	1	D_hard_sample	-19.37114143371582	3.8656289536327925e-09	0
HPCLAS_TRAIN_N_005067	0	HPCLAS_TRAIN_N_005067	1	A_clean_core	-16.046201705932617	1.0745412620984796e-07	0
HPCLAS_TRAIN_N_005074	0	HPCLAS_TRAIN_N_005074	1	D_hard_sample	-4.829713344573975	0.007925495686858585	0
HPCLAS_TRAIN_N_005078	0	HPCLAS_TRAIN_N_005078	1	A_clean_core	-18.286500930786133	1.1435984221352604e-08	0
HPCLAS_TRAIN_N_005088	0	HPCLAS_TRAIN_N_005088	1	A_clean_core	-17.445566177368164	2.6514708932507498e-08	0
HPCLAS_TRAIN_N_005096	0	HPCLAS_TRAIN_N_005096	1	B_ambiguous	3.901867628097534	0.9801959808585846	1
HPCLAS_TRAIN_N_005100	0	HPCLAS_TRAIN_N_005100	1	D_hard_sample	-2.1466710567474365	0.10464271026964339	0
HPCLAS_TRAIN_N_005102	0	HPCLAS_TRAIN_N_005102	1	D_hard_sample	-13.599390029907227	1.2412504349695722e-06	0
HPCLAS_TRAIN_N_005103	0	HPCLAS_TRAIN_N_005103	1	B_ambiguous	10.948830604553223	0.9999824217494261	1
HPCLAS_TRAIN_N_005104	0	HPCLAS_TRAIN_N_005104	1	A_clean_core	-18.304025650024414	1.1237317683008465e-08	0
HPCLAS_TRAIN_N_005105	0	HPCLAS_TRAIN_N_005105	1	D_hard_sample	-13.85811710357666	9.582874403458103e-07	0
HPCLAS_TRAIN_N_005112	0	HPCLAS_TRAIN_N_005112	1	A_clean_core	-35.54450225830078	3.657790328115129e-16	0
HPCLAS_TRAIN_P_000002	1	HPCLAS_TRAIN_P_000002	1	D_hard_sample	0.5234774947166443	0.6279605606838281	1
HPCLAS_TRAIN_P_000010	1	HPCLAS_TRAIN_P_000010	1	A_clean_core	41.67213439941406	1.0	1
HPCLAS_TRAIN_P_000011	1	HPCLAS_TRAIN_P_000011	1	A_clean_core	27.90717887878418	0.9999999999992413	1
HPCLAS_TRAIN_P_000012	1	HPCLAS_TRAIN_P_000012	1	A_clean_core	60.562034606933594	1.0	1
HPCLAS_TRAIN_P_000014	1	HPCLAS_TRAIN_P_000014	1	A_clean_core	13.45474624633789	0.999998565576714	1
HPCLAS_TRAIN_P_000020	1	HPCLAS_TRAIN_P_000020	1	A_clean_core	34.24335861206055	0.9999999999999987	1
HPCLAS_TRAIN_P_000021	1	HPCLAS_TRAIN_P_000021	1	D_hard_sample	0.07516536116600037	0.5187824979616783	1
HPCLAS_TRAIN_P_000024	1	HPCLAS_TRAIN_P_000024	1	D_hard_sample	16.995729446411133	0.9999999584234482	1
HPCLAS_TRAIN_P_000028	1	HPCLAS_TRAIN_P_000028	1	D_hard_sample	6.379815101623535	0.9983074332282496	1
HPCLAS_TRAIN_P_000034	1	HPCLAS_TRAIN_P_000034	1	A_clean_core	17.715621948242188	0.9999999797603436	1
HPCLAS_TRAIN_P_000035	1	HPCLAS_TRAIN_P_000035	1	A_clean_core	6.169373035430908	0.9979118220691022	1
HPCLAS_TRAIN_P_000055	1	HPCLAS_TRAIN_P_000055	1	D_hard_sample	-10.40835952758789	3.0178231454018977e-05	0
HPCLAS_TRAIN_P_000060	1	HPCLAS_TRAIN_P_000060	1	A_clean_core	63.13849639892578	1.0	1
HPCLAS_TRAIN_P_000066	1	HPCLAS_TRAIN_P_000066	1	A_clean_core	51.06647872924805	1.0	1
HPCLAS_TRAIN_P_000077	1	HPCLAS_TRAIN_P_000077	1	A_clean_core	53.21411895751953	1.0	1
HPCLAS_TRAIN_P_000078	1	HPCLAS_TRAIN_P_000078	1	A_clean_core	20.279361724853516	0.9999999984412189	1
HPCLAS_TRAIN_P_000082	1	HPCLAS_TRAIN_P_000082	1	A_clean_core	2.978907346725464	0.9516120832122787	1
HPCLAS_TRAIN_P_000089	1	HPCLAS_TRAIN_P_000089	1	A_clean_core	8.24414348602295	0.9997372759312002	1
HPCLAS_TRAIN_P_000091	1	HPCLAS_TRAIN_P_000091	1	A_clean_core	31.820344924926758	0.9999999999999849	1
HPCLAS_TRAIN_P_000097	1	HPCLAS_TRAIN_P_000097	1	A_clean_core	46.39513397216797	1.0	1
HPCLAS_TRAIN_P_000110	1	HPCLAS_TRAIN_P_000110	1	A_clean_core	15.114921569824219	0.9999997273077161	1
HPCLAS_TRAIN_P_000117	1	HPCLAS_TRAIN_P_000117	1	A_clean_core	44.89375305175781	1.0	1
HPCLAS_TRAIN_P_000119	1	HPCLAS_TRAIN_P_000119	1	A_clean_core	41.9140510559082	1.0	1
HPCLAS_TRAIN_P_000121	1	HPCLAS_TRAIN_P_000121	1	A_clean_core	11.973348617553711	0.9999936898740909	1
HPCLAS_TRAIN_P_000122	1	HPCLAS_TRAIN_P_000122	1	A_clean_core	31.25365447998047	0.9999999999999734	1
HPCLAS_TRAIN_P_000125	1	HPCLAS_TRAIN_P_000125	1	A_clean_core	10.747119903564453	0.9999784932003618	1
HPCLAS_TRAIN_P_000139	1	HPCLAS_TRAIN_P_000139	1	A_clean_core	16.213336944580078	0.9999999090846547	1
HPCLAS_TRAIN_P_000141	1	HPCLAS_TRAIN_P_000141	1	A_clean_core	65.86489868164062	1.0	1
HPCLAS_TRAIN_P_000150	1	HPCLAS_TRAIN_P_000150	1	A_clean_core	21.909473419189453	0.9999999996946227	1
HPCLAS_TRAIN_P_000154	1	HPCLAS_TRAIN_P_000154	1	A_clean_core	28.696659088134766	0.9999999999996554	1
HPCLAS_TRAIN_P_000155	1	HPCLAS_TRAIN_P_000155	1	A_clean_core	59.23518371582031	1.0	1
HPCLAS_TRAIN_P_000160	1	HPCLAS_TRAIN_P_000160	1	A_clean_core	9.548608779907227	0.9999287046947515	1
HPCLAS_TRAIN_P_000166	1	HPCLAS_TRAIN_P_000166	1	A_clean_core	57.219268798828125	1.0	1
HPCLAS_TRAIN_P_000172	1	HPCLAS_TRAIN_P_000172	1	A_clean_core	11.386818885803223	0.9999886560980299	1
HPCLAS_TRAIN_P_000176	1	HPCLAS_TRAIN_P_000176	1	A_clean_core	82.68510437011719	1.0	1
HPCLAS_TRAIN_P_000179	1	HPCLAS_TRAIN_P_000179	1	D_hard_sample	5.765538692474365	0.9968760826363575	1
HPCLAS_TRAIN_P_000183	1	HPCLAS_TRAIN_P_000183	1	A_clean_core	31.399677276611328	0.9999999999999769	1
HPCLAS_TRAIN_P_000187	1	HPCLAS_TRAIN_P_000187	1	A_clean_core	71.24163818359375	1.0	1
HPCLAS_TRAIN_P_000188	1	HPCLAS_TRAIN_N_002123	1	B_ambiguous	0.9296045899391174	0.7169950584787999	1
HPCLAS_TRAIN_P_000192	1	HPCLAS_TRAIN_P_000192	1	A_clean_core	21.583189010620117	0.9999999995768054	1
HPCLAS_TRAIN_P_000196	1	HPCLAS_TRAIN_P_000196	1	A_clean_core	19.823511123657227	0.9999999975410001	1
HPCLAS_TRAIN_P_000199	1	HPCLAS_TRAIN_P_000199	1	A_clean_core	15.56408977508545	0.9999998259790163	1
HPCLAS_TRAIN_P_000202	1	HPCLAS_TRAIN_P_000202	1	A_clean_core	59.04044723510742	1.0	1
HPCLAS_TRAIN_P_000209	1	HPCLAS_TRAIN_P_000209	1	A_clean_core	27.03606605529785	0.999999999998187	1
HPCLAS_TRAIN_P_000213	1	HPCLAS_TRAIN_P_000213	1	A_clean_core	13.351412773132324	0.9999984094240326	1
HPCLAS_TRAIN_P_000223	1	HPCLAS_TRAIN_P_000223	1	A_clean_core	31.9831600189209	0.9999999999999871	1
HPCLAS_TRAIN_P_000226	1	HPCLAS_TRAIN_P_000226	1	D_hard_sample	6.6721014976501465	0.9987358640495363	1
HPCLAS_TRAIN_P_000231	1	HPCLAS_TRAIN_P_000231	1	A_clean_core	41.35221862792969	1.0	1
HPCLAS_TRAIN_P_000233	1	HPCLAS_TRAIN_P_000233	1	A_clean_core	16.485671997070312	0.9999999307589585	1
HPCLAS_TRAIN_P_000235	1	HPCLAS_TRAIN_P_000235	1	D_hard_sample	-10.891122817993164	1.8622473747054687e-05	0
HPCLAS_TRAIN_P_000245	1	HPCLAS_TRAIN_P_000245	1	A_clean_core	28.662805557250977	0.9999999999996436	1
HPCLAS_TRAIN_P_000252	1	HPCLAS_TRAIN_P_000252	1	A_clean_core	16.06385612487793	0.9999998944262662	1
HPCLAS_TRAIN_P_000257	1	HPCLAS_TRAIN_P_000257	1	D_hard_sample	-3.6209256649017334	0.026060570149486827	0
HPCLAS_TRAIN_P_000274	1	HPCLAS_TRAIN_P_000274	1	A_clean_core	6.961239337921143	0.9990529766516177	1
HPCLAS_TRAIN_P_000279	1	HPCLAS_TRAIN_P_000279	1	D_hard_sample	7.315942287445068	0.9993355872040881	1
HPCLAS_TRAIN_P_000287	1	HPCLAS_TRAIN_P_000287	1	A_clean_core	67.60725402832031	1.0	1
HPCLAS_TRAIN_P_000290	1	HPCLAS_TRAIN_P_000290	1	A_clean_core	34.154884338378906	0.9999999999999984	1
HPCLAS_TRAIN_P_000304	1	HPCLAS_TRAIN_P_000304	1	A_clean_core	32.485504150390625	0.9999999999999922	1
HPCLAS_TRAIN_P_000316	1	HPCLAS_TRAIN_P_000316	1	A_clean_core	61.702308654785156	1.0	1
HPCLAS_TRAIN_P_000333	1	HPCLAS_TRAIN_P_000333	1	A_clean_core	55.65180969238281	1.0	1
HPCLAS_TRAIN_P_000339	1	HPCLAS_TRAIN_P_000339	1	A_clean_core	57.76335144042969	1.0	1
HPCLAS_TRAIN_P_000356	1	HPCLAS_TRAIN_P_000356	1	A_clean_core	59.492408752441406	1.0	1
HPCLAS_TRAIN_P_000358	1	HPCLAS_TRAIN_P_000358	1	A_clean_core	29.311893463134766	0.9999999999998137	1
HPCLAS_TRAIN_P_000363	1	HPCLAS_TRAIN_P_000363	1	A_clean_core	22.470256805419922	0.9999999998257023	1
HPCLAS_TRAIN_P_000376	1	HPCLAS_TRAIN_P_000376	1	A_clean_core	35.29882049560547	0.9999999999999996	1
HPCLAS_TRAIN_P_000378	1	HPCLAS_TRAIN_P_000378	1	D_hard_sample	-3.6337389945983887	0.025737317142272512	0
HPCLAS_TRAIN_P_000381	1	HPCLAS_TRAIN_P_000381	1	A_clean_core	56.67265319824219	1.0	1
HPCLAS_TRAIN_P_000385	1	HPCLAS_TRAIN_P_000385	1	A_clean_core	14.890127182006836	0.9999996585714908	1
HPCLAS_TRAIN_P_000387	1	HPCLAS_TRAIN_P_000387	1	A_clean_core	48.0272102355957	1.0	1
HPCLAS_TRAIN_P_000391	1	HPCLAS_TRAIN_P_000391	1	A_clean_core	3.704026460647583	0.9759675997988527	1
HPCLAS_TRAIN_P_000408	1	HPCLAS_TRAIN_P_000408	1	D_hard_sample	12.015992164611816	0.9999939533019473	1
HPCLAS_TRAIN_P_000415	1	HPCLAS_TRAIN_P_000415	1	A_clean_core	60.94677734375	1.0	1
HPCLAS_TRAIN_P_000422	1	HPCLAS_TRAIN_P_000422	1	A_clean_core	68.36416625976562	1.0	1
HPCLAS_TRAIN_P_000427	1	HPCLAS_TRAIN_P_000427	1	D_hard_sample	-16.372264862060547	7.755604973365816e-08	0
HPCLAS_TRAIN_P_000441	1	HPCLAS_TRAIN_P_000441	1	A_clean_core	9.8267822265625	0.9999460167212052	1
HPCLAS_TRAIN_P_000442	1	HPCLAS_TRAIN_P_000442	1	A_clean_core	22.894655227661133	0.999999999885981	1
HPCLAS_TRAIN_P_000444	1	HPCLAS_TRAIN_P_000444	1	A_clean_core	46.07000732421875	1.0	1
HPCLAS_TRAIN_P_000448	1	HPCLAS_TRAIN_P_000448	1	A_clean_core	53.88418197631836	1.0	1
HPCLAS_TRAIN_P_000449	1	HPCLAS_TRAIN_P_000449	1	A_clean_core	24.730316162109375	0.999999999981813	1
HPCLAS_TRAIN_P_000462	1	HPCLAS_TRAIN_P_000462	1	D_hard_sample	-5.0595316886901855	0.006308482304952134	0
HPCLAS_TRAIN_P_000470	1	HPCLAS_TRAIN_P_000470	1	A_clean_core	20.713552474975586	0.9999999989902393	1
HPCLAS_TRAIN_P_000472	1	HPCLAS_TRAIN_P_000472	1	A_clean_core	29.14893341064453	0.9999999999997808	1
HPCLAS_TRAIN_P_000479	1	HPCLAS_TRAIN_P_000479	1	A_clean_core	56.01833724975586	1.0	1
HPCLAS_TRAIN_P_000482	1	HPCLAS_TRAIN_P_000482	1	A_clean_core	65.80217742919922	1.0	1
HPCLAS_TRAIN_P_000490	1	HPCLAS_TRAIN_P_000490	1	A_clean_core	9.364309310913086	0.9999142774840591	1
HPCLAS_TRAIN_P_000494	1	HPCLAS_TRAIN_P_000494	1	D_hard_sample	-2.8852126598358154	0.052889413809371434	0
HPCLAS_TRAIN_P_000496	1	HPCLAS_TRAIN_P_000496	1	A_clean_core	46.4627685546875	1.0	1
HPCLAS_TRAIN_P_000504	1	HPCLAS_TRAIN_P_000504	1	D_hard_sample	7.114266872406006	0.9991872442780676	1
HPCLAS_TRAIN_P_000512	1	HPCLAS_TRAIN_P_000512	1	D_hard_sample	7.997079372406006	0.999663669334911	1
HPCLAS_TRAIN_P_000519	1	HPCLAS_TRAIN_P_000519	1	A_clean_core	20.368135452270508	0.9999999985736334	1
HPCLAS_TRAIN_P_000536	1	HPCLAS_TRAIN_P_000536	1	A_clean_core	18.903505325317383	0.9999999938296196	1
HPCLAS_TRAIN_P_000541	1	HPCLAS_TRAIN_P_000541	1	A_clean_core	16.912446975708008	0.999999954812576	1
HPCLAS_TRAIN_P_000542	1	HPCLAS_TRAIN_P_000542	1	D_hard_sample	8.25560188293457	0.9997402683689528	1
HPCLAS_TRAIN_P_000544	1	HPCLAS_TRAIN_P_000544	1	A_clean_core	40.97950744628906	1.0	1
HPCLAS_TRAIN_P_000548	1	HPCLAS_TRAIN_P_000548	1	A_clean_core	54.12781524658203	1.0	1
HPCLAS_TRAIN_P_000562	1	HPCLAS_TRAIN_P_000562	1	A_clean_core	36.07449722290039	0.9999999999999998	1
HPCLAS_TRAIN_P_000566	1	HPCLAS_TRAIN_P_000566	1	A_clean_core	13.422067642211914	0.9999985179275185	1
HPCLAS_TRAIN_P_000575	1	HPCLAS_TRAIN_P_000575	1	A_clean_core	53.0621452331543	1.0	1
HPCLAS_TRAIN_P_000577	1	HPCLAS_TRAIN_P_000577	1	A_clean_core	0.3160577714443207	0.5783632015507079	1
HPCLAS_TRAIN_P_000579	1	HPCLAS_TRAIN_P_000579	1	A_clean_core	35.62849426269531	0.9999999999999996	1
HPCLAS_TRAIN_P_000581	1	HPCLAS_TRAIN_P_000581	1	A_clean_core	6.915410041809082	0.9990086093704837	1
HPCLAS_TRAIN_P_000595	1	HPCLAS_TRAIN_P_000595	1	A_clean_core	23.494218826293945	0.9999999999373976	1
HPCLAS_TRAIN_P_000600	1	HPCLAS_TRAIN_P_000600	1	A_clean_core	29.007244110107422	0.9999999999997475	1
HPCLAS_TRAIN_P_000603	1	HPCLAS_TRAIN_P_006079	1	A_clean_core	82.66638946533203	1.0	1
HPCLAS_TRAIN_P_000605	1	HPCLAS_TRAIN_P_000605	1	D_hard_sample	6.16533899307251	0.9979033989540427	1
HPCLAS_TRAIN_P_000615	1	HPCLAS_TRAIN_P_000615	1	D_hard_sample	9.081417083740234	0.9998862526546008	1
HPCLAS_TRAIN_P_000625	1	HPCLAS_TRAIN_P_000625	1	A_clean_core	17.781503677368164	0.9999999810507919	1
HPCLAS_TRAIN_P_000626	1	HPCLAS_TRAIN_P_000626	1	A_clean_core	43.65144729614258	1.0	1
HPCLAS_TRAIN_P_000629	1	HPCLAS_TRAIN_P_000629	1	A_clean_core	13.855253219604492	0.9999990389642047	1
HPCLAS_TRAIN_P_000640	1	HPCLAS_TRAIN_P_000640	1	A_clean_core	11.476980209350586	0.999989634116483	1
HPCLAS_TRAIN_P_000676	1	HPCLAS_TRAIN_P_000676	1	A_clean_core	42.801361083984375	1.0	1
HPCLAS_TRAIN_P_000679	1	HPCLAS_TRAIN_P_000679	1	A_clean_core	14.269415855407715	0.9999993648575234	1
HPCLAS_TRAIN_P_000680	1	HPCLAS_TRAIN_N_001271	1	B_ambiguous	36.08094024658203	0.9999999999999998	1
HPCLAS_TRAIN_P_000693	1	HPCLAS_TRAIN_P_000693	1	D_hard_sample	6.374370098114014	0.9982982077865203	1
HPCLAS_TRAIN_P_000696	1	HPCLAS_TRAIN_P_000696	1	A_clean_core	66.88856506347656	1.0	1
HPCLAS_TRAIN_P_000700	1	HPCLAS_TRAIN_P_000700	1	A_clean_core	52.651309967041016	1.0	1
HPCLAS_TRAIN_P_000731	1	HPCLAS_TRAIN_P_000731	1	A_clean_core	8.950075149536133	0.9998702894162936	1
HPCLAS_TRAIN_P_000739	1	HPCLAS_TRAIN_P_000739	1	A_clean_core	7.824995994567871	0.9996005394455494	1
HPCLAS_TRAIN_P_000751	1	HPCLAS_TRAIN_P_000751	1	A_clean_core	21.743072509765625	0.9999999996393354	1
HPCLAS_TRAIN_P_000755	1	HPCLAS_TRAIN_P_002784	1	A_clean_core	43.38744354248047	1.0	1
HPCLAS_TRAIN_P_000773	1	HPCLAS_TRAIN_P_000773	1	A_clean_core	40.05008316040039	1.0	1
HPCLAS_TRAIN_P_000775	1	HPCLAS_TRAIN_P_000775	1	A_clean_core	64.03388977050781	1.0	1
HPCLAS_TRAIN_P_000787	1	HPCLAS_TRAIN_P_000787	1	D_hard_sample	8.906763076782227	0.999864548719694	1
HPCLAS_TRAIN_P_000788	1	HPCLAS_TRAIN_P_000788	1	A_clean_core	73.64506530761719	1.0	1
HPCLAS_TRAIN_P_000789	1	HPCLAS_TRAIN_P_000789	1	D_hard_sample	2.3308846950531006	0.911402799873571	1
HPCLAS_TRAIN_P_000804	1	HPCLAS_TRAIN_P_000804	1	A_clean_core	34.21250915527344	0.9999999999999987	1
HPCLAS_TRAIN_P_000805	1	HPCLAS_TRAIN_P_000805	1	A_clean_core	71.53213500976562	1.0	1
HPCLAS_TRAIN_P_000809	1	HPCLAS_TRAIN_P_000809	1	A_clean_core	41.603126525878906	1.0	1
HPCLAS_TRAIN_P_000810	1	HPCLAS_TRAIN_P_000810	1	A_clean_core	42.52967834472656	1.0	1
HPCLAS_TRAIN_P_000814	1	HPCLAS_TRAIN_P_000814	1	A_clean_core	13.241945266723633	0.9999982254204588	1
HPCLAS_TRAIN_P_000822	1	HPCLAS_TRAIN_P_000822	1	A_clean_core	39.89226150512695	1.0	1
HPCLAS_TRAIN_P_000823	1	HPCLAS_TRAIN_P_000823	1	A_clean_core	38.353057861328125	1.0	1
HPCLAS_TRAIN_P_000834	1	HPCLAS_TRAIN_P_000834	1	D_hard_sample	-16.442026138305664	7.2330046685378e-08	0
HPCLAS_TRAIN_P_000862	1	HPCLAS_TRAIN_P_000862	1	D_hard_sample	1.5529934167861938	0.8253456538051732	1
HPCLAS_TRAIN_P_000863	1	HPCLAS_TRAIN_P_000863	1	A_clean_core	12.576132774353027	0.999996546547932	1
HPCLAS_TRAIN_P_000865	1	HPCLAS_TRAIN_P_000865	1	A_clean_core	3.8810694217681885	0.9797881918445959	1
HPCLAS_TRAIN_P_000873	1	HPCLAS_TRAIN_P_000873	1	A_clean_core	16.701675415039062	0.9999999442102385	1
HPCLAS_TRAIN_P_000877	1	HPCLAS_TRAIN_P_000877	1	A_clean_core	32.63285827636719	0.9999999999999933	1
HPCLAS_TRAIN_P_000878	1	HPCLAS_TRAIN_P_000878	1	A_clean_core	60.05760192871094	1.0	1
HPCLAS_TRAIN_P_000883	1	HPCLAS_TRAIN_P_000883	1	A_clean_core	16.660276412963867	0.999999941852123	1
HPCLAS_TRAIN_P_000893	1	HPCLAS_TRAIN_P_000893	1	A_clean_core	24.536611557006836	0.9999999999779259	1
HPCLAS_TRAIN_P_000895	1	HPCLAS_TRAIN_P_000895	1	A_clean_core	36.66944122314453	0.9999999999999998	1
HPCLAS_TRAIN_P_000897	1	HPCLAS_TRAIN_P_000897	1	A_clean_core	11.821243286132812	0.9999926532361406	1
HPCLAS_TRAIN_P_000904	1	HPCLAS_TRAIN_P_000904	1	A_clean_core	7.16670036315918	0.9992287299072021	1
HPCLAS_TRAIN_P_000907	1	HPCLAS_TRAIN_P_000907	1	A_clean_core	67.93206024169922	1.0	1
HPCLAS_TRAIN_P_000912	1	HPCLAS_TRAIN_P_000912	1	D_hard_sample	7.107372283935547	0.999181625901752	1
HPCLAS_TRAIN_P_000913	1	HPCLAS_TRAIN_P_000913	1	D_hard_sample	-2.0187346935272217	0.11724988966177717	0
HPCLAS_TRAIN_P_000924	1	HPCLAS_TRAIN_P_000924	1	A_clean_core	15.382692337036133	0.999999791367717	1
HPCLAS_TRAIN_P_000930	1	HPCLAS_TRAIN_P_000930	1	A_clean_core	61.380035400390625	1.0	1
HPCLAS_TRAIN_P_000934	1	HPCLAS_TRAIN_P_000934	1	A_clean_core	15.415241241455078	0.9999997980491414	1
HPCLAS_TRAIN_P_000943	1	HPCLAS_TRAIN_P_006936	1	D_hard_sample	-17.094404220581055	3.7669907971982145e-08	0
HPCLAS_TRAIN_P_000950	1	HPCLAS_TRAIN_P_000950	1	D_hard_sample	1.6141502857208252	0.8339868019512017	1
HPCLAS_TRAIN_P_000955	1	HPCLAS_TRAIN_P_000955	1	A_clean_core	11.237689971923828	0.9999868317659526	1
HPCLAS_TRAIN_P_000960	1	HPCLAS_TRAIN_P_000960	1	A_clean_core	47.171390533447266	1.0	1
HPCLAS_TRAIN_P_000962	1	HPCLAS_TRAIN_P_000962	1	B_ambiguous	2.83724045753479	0.9446553658103785	1
HPCLAS_TRAIN_P_000968	1	HPCLAS_TRAIN_P_000968	1	A_clean_core	8.72476863861084	0.9998375160183953	1
HPCLAS_TRAIN_P_000969	1	HPCLAS_TRAIN_P_000969	1	A_clean_core	65.93769073486328	1.0	1
HPCLAS_TRAIN_P_000977	1	HPCLAS_TRAIN_P_000977	1	A_clean_core	55.583412170410156	1.0	1
HPCLAS_TRAIN_P_000986	1	HPCLAS_TRAIN_P_000986	1	A_clean_core	18.531328201293945	0.999999991047457	1
HPCLAS_TRAIN_P_000987	1	HPCLAS_TRAIN_P_000987	1	A_clean_core	21.225709915161133	0.99999999939495	1
HPCLAS_TRAIN_P_001007	1	HPCLAS_TRAIN_P_001007	1	D_hard_sample	9.224284172058105	0.9999013944275755	1
HPCLAS_TRAIN_P_001010	1	HPCLAS_TRAIN_P_001010	1	A_clean_core	14.594894409179688	0.9999995413116657	1
HPCLAS_TRAIN_P_001011	1	HPCLAS_TRAIN_P_001011	1	A_clean_core	24.21978187561035	0.9999999999696971	1
HPCLAS_TRAIN_P_001028	1	HPCLAS_TRAIN_P_001028	1	A_clean_core	102.02722930908203	1.0	1
HPCLAS_TRAIN_P_001030	1	HPCLAS_TRAIN_P_001030	1	A_clean_core	22.176542282104492	0.999999999766197	1
HPCLAS_TRAIN_P_001033	1	HPCLAS_TRAIN_P_001033	1	A_clean_core	36.83182907104492	1.0	1
HPCLAS_TRAIN_P_001040	1	HPCLAS_TRAIN_P_001040	1	D_hard_sample	-3.412325143814087	0.03191248607825093	0
HPCLAS_TRAIN_P_001046	1	HPCLAS_TRAIN_P_001046	1	A_clean_core	24.99835205078125	0.9999999999860891	1
HPCLAS_TRAIN_P_001057	1	HPCLAS_TRAIN_P_001057	1	A_clean_core	33.22361755371094	0.9999999999999962	1
HPCLAS_TRAIN_P_001058	1	HPCLAS_TRAIN_P_001058	1	A_clean_core	14.750204086303711	0.9999996072939538	1
HPCLAS_TRAIN_P_001067	1	HPCLAS_TRAIN_P_001067	1	A_clean_core	59.952354431152344	1.0	1
HPCLAS_TRAIN_P_001074	1	HPCLAS_TRAIN_P_001074	1	A_clean_core	23.50379180908203	0.999999999937994	1
HPCLAS_TRAIN_P_001087	1	HPCLAS_TRAIN_P_001087	1	A_clean_core	11.048849105834961	0.9999840948087951	1
HPCLAS_TRAIN_P_001088	1	HPCLAS_TRAIN_P_001088	1	A_clean_core	18.51927375793457	0.999999990938886	1
HPCLAS_TRAIN_P_001090	1	HPCLAS_TRAIN_P_001090	1	A_clean_core	22.605775833129883	0.9999999998477924	1
HPCLAS_TRAIN_P_001104	1	HPCLAS_TRAIN_P_001104	1	A_clean_core	40.939212799072266	1.0	1
HPCLAS_TRAIN_P_001107	1	HPCLAS_TRAIN_N_002135	1	B_ambiguous	71.10395812988281	1.0	1
HPCLAS_TRAIN_P_001113	1	HPCLAS_TRAIN_P_001113	1	A_clean_core	43.96483612060547	1.0	1
HPCLAS_TRAIN_P_001114	1	HPCLAS_TRAIN_P_001114	1	D_hard_sample	-3.276962995529175	0.03637000522127697	0
HPCLAS_TRAIN_P_001116	1	HPCLAS_TRAIN_P_001116	1	A_clean_core	23.083192825317383	0.9999999999055729	1
HPCLAS_TRAIN_P_001130	1	HPCLAS_TRAIN_P_001130	1	A_clean_core	32.233848571777344	0.99999999999999	1
HPCLAS_TRAIN_P_001136	1	HPCLAS_TRAIN_P_001136	1	D_hard_sample	9.56884479522705	0.9999301328282413	1
HPCLAS_TRAIN_P_001137	1	HPCLAS_TRAIN_P_001137	1	A_clean_core	31.759334564208984	0.9999999999999838	1
HPCLAS_TRAIN_P_001143	1	HPCLAS_TRAIN_P_001143	1	A_clean_core	37.479644775390625	1.0	1
HPCLAS_TRAIN_P_001145	1	HPCLAS_TRAIN_P_001145	1	A_clean_core	27.400413513183594	0.9999999999987406	1
HPCLAS_TRAIN_P_001149	1	HPCLAS_TRAIN_P_001149	1	A_clean_core	41.54844284057617	1.0	1
HPCLAS_TRAIN_P_001154	1	HPCLAS_TRAIN_P_001154	1	A_clean_core	74.2294921875	1.0	1
HPCLAS_TRAIN_P_001159	1	HPCLAS_TRAIN_P_001159	1	A_clean_core	32.013954162597656	0.9999999999999876	1
HPCLAS_TRAIN_P_001163	1	HPCLAS_TRAIN_P_001163	1	A_clean_core	13.53470230102539	0.99999867580208	1
HPCLAS_TRAIN_P_001186	1	HPCLAS_TRAIN_P_001186	1	D_hard_sample	6.620363235473633	0.9986688276975585	1
HPCLAS_TRAIN_P_001187	1	HPCLAS_TRAIN_P_001187	1	A_clean_core	48.52796936035156	1.0	1
HPCLAS_TRAIN_P_001194	1	HPCLAS_TRAIN_N_001072	1	B_ambiguous	13.733747482299805	0.9999989148025082	1
HPCLAS_TRAIN_P_001197	1	HPCLAS_TRAIN_P_001197	1	A_clean_core	15.080904006958008	0.9999997178718084	1
HPCLAS_TRAIN_P_001199	1	HPCLAS_TRAIN_P_001199	1	A_clean_core	15.174951553344727	0.9999997431957743	1
HPCLAS_TRAIN_P_001203	1	HPCLAS_TRAIN_P_001203	1	A_clean_core	9.745590209960938	0.9999414511295722	1
HPCLAS_TRAIN_P_001204	1	HPCLAS_TRAIN_P_001204	1	A_clean_core	86.61439514160156	1.0	1
HPCLAS_TRAIN_P_001206	1	HPCLAS_TRAIN_P_001206	1	A_clean_core	31.908138275146484	0.999999999999986	1
HPCLAS_TRAIN_P_001211	1	HPCLAS_TRAIN_P_001211	1	D_hard_sample	-1.4402306079864502	0.19150964013401567	0
HPCLAS_TRAIN_P_001213	1	HPCLAS_TRAIN_N_003170	1	B_ambiguous	3.700115442276001	0.9758756965108133	1
HPCLAS_TRAIN_P_001215	1	HPCLAS_TRAIN_P_001215	1	A_clean_core	24.504287719726562	0.9999999999772007	1
HPCLAS_TRAIN_P_001241	1	HPCLAS_TRAIN_P_001241	1	A_clean_core	40.45344543457031	1.0	1
HPCLAS_TRAIN_P_001252	1	HPCLAS_TRAIN_P_001252	1	A_clean_core	19.29041862487793	0.9999999958093861	1
HPCLAS_TRAIN_P_001257	1	HPCLAS_TRAIN_P_001257	1	A_clean_core	66.46426391601562	1.0	1
HPCLAS_TRAIN_P_001259	1	HPCLAS_TRAIN_P_001259	1	A_clean_core	48.372581481933594	1.0	1
HPCLAS_TRAIN_P_001263	1	HPCLAS_TRAIN_P_001263	1	A_clean_core	76.24049377441406	1.0	1
HPCLAS_TRAIN_P_001265	1	HPCLAS_TRAIN_P_001265	1	A_clean_core	34.905967712402344	0.9999999999999993	1
HPCLAS_TRAIN_P_001269	1	HPCLAS_TRAIN_P_001269	1	A_clean_core	22.78185272216797	0.9999999998723659	1
HPCLAS_TRAIN_P_001270	1	HPCLAS_TRAIN_P_001270	1	A_clean_core	48.936614990234375	1.0	1
HPCLAS_TRAIN_P_001279	1	HPCLAS_TRAIN_N_000458	1	B_ambiguous	5.162060260772705	0.9943027620394046	1
HPCLAS_TRAIN_P_001280	1	HPCLAS_TRAIN_P_001280	1	A_clean_core	64.04490661621094	1.0	1
HPCLAS_TRAIN_P_001285	1	HPCLAS_TRAIN_P_001285	1	A_clean_core	42.93848419189453	1.0	1
HPCLAS_TRAIN_P_001286	1	HPCLAS_TRAIN_P_001286	1	A_clean_core	40.01202392578125	1.0	1
HPCLAS_TRAIN_P_001299	1	HPCLAS_TRAIN_P_001299	1	A_clean_core	35.197811126708984	0.9999999999999996	1
HPCLAS_TRAIN_P_001313	1	HPCLAS_TRAIN_P_001313	1	D_hard_sample	6.432703495025635	0.9983944843566633	1
HPCLAS_TRAIN_P_001317	1	HPCLAS_TRAIN_P_001317	1	A_clean_core	16.96331214904785	0.9999999570535648	1
HPCLAS_TRAIN_P_001321	1	HPCLAS_TRAIN_P_001321	1	A_clean_core	38.0950813293457	1.0	1
HPCLAS_TRAIN_P_001322	1	HPCLAS_TRAIN_P_001322	1	A_clean_core	27.188383102416992	0.9999999999984432	1
HPCLAS_TRAIN_P_001329	1	HPCLAS_TRAIN_P_001329	1	A_clean_core	59.72157287597656	1.0	1
HPCLAS_TRAIN_P_001336	1	HPCLAS_TRAIN_P_001336	1	A_clean_core	71.65736389160156	1.0	1
HPCLAS_TRAIN_P_001346	1	HPCLAS_TRAIN_P_001346	1	A_clean_core	14.179936408996582	0.9999993054051448	1
HPCLAS_TRAIN_P_001350	1	HPCLAS_TRAIN_P_001350	1	A_clean_core	25.224750518798828	0.9999999999889075	1
HPCLAS_TRAIN_P_001357	1	HPCLAS_TRAIN_P_001357	1	A_clean_core	46.17177200317383	1.0	1
HPCLAS_TRAIN_P_001385	1	HPCLAS_TRAIN_P_001385	1	A_clean_core	28.575578689575195	0.9999999999996112	1
HPCLAS_TRAIN_P_001387	1	HPCLAS_TRAIN_P_001387	1	D_hard_sample	7.868075370788574	0.9996173761123646	1
HPCLAS_TRAIN_P_001402	1	HPCLAS_TRAIN_P_001402	1	A_clean_core	21.826215744018555	0.9999999996681095	1
HPCLAS_TRAIN_P_001412	1	HPCLAS_TRAIN_P_001412	1	A_clean_core	55.02244567871094	1.0	1
HPCLAS_TRAIN_P_001419	1	HPCLAS_TRAIN_P_001419	1	A_clean_core	29.424213409423828	0.9999999999998335	1
HPCLAS_TRAIN_P_001420	1	HPCLAS_TRAIN_P_001420	1	A_clean_core	53.93204879760742	1.0	1
HPCLAS_TRAIN_P_001427	1	HPCLAS_TRAIN_P_001427	1	D_hard_sample	-8.95025634765625	0.0001296870855696453	0
HPCLAS_TRAIN_P_001428	1	HPCLAS_TRAIN_P_001428	1	A_clean_core	15.46017837524414	0.9999998069233484	1
HPCLAS_TRAIN_P_001434	1	HPCLAS_TRAIN_P_001434	1	D_hard_sample	-9.815973281860352	5.456991397061667e-05	0
HPCLAS_TRAIN_P_001437	1	HPCLAS_TRAIN_P_001437	1	A_clean_core	67.89102172851562	1.0	1
HPCLAS_TRAIN_P_001450	1	HPCLAS_TRAIN_P_001450	1	A_clean_core	7.895052909851074	0.9996275565793844	1
HPCLAS_TRAIN_P_001458	1	HPCLAS_TRAIN_P_001458	1	A_clean_core	11.748258590698242	0.9999920969871182	1
HPCLAS_TRAIN_P_001459	1	HPCLAS_TRAIN_P_001459	1	D_hard_sample	0.20752063393592834	0.5516947726910367	1
HPCLAS_TRAIN_P_001472	1	HPCLAS_TRAIN_P_001472	1	A_clean_core	46.945960998535156	1.0	1
HPCLAS_TRAIN_P_001479	1	HPCLAS_TRAIN_P_001479	1	A_clean_core	44.4216194152832	1.0	1
HPCLAS_TRAIN_P_001494	1	HPCLAS_TRAIN_P_001494	1	A_clean_core	16.45743751525879	0.9999999287761132	1
HPCLAS_TRAIN_P_001498	1	HPCLAS_TRAIN_P_001498	1	A_clean_core	20.60810661315918	0.999999998877948	1
HPCLAS_TRAIN_P_001499	1	HPCLAS_TRAIN_P_001499	1	A_clean_core	-1.1196728944778442	0.24607196330746564	0
HPCLAS_TRAIN_P_001501	1	HPCLAS_TRAIN_P_001501	1	A_clean_core	51.89849853515625	1.0	1
HPCLAS_TRAIN_P_001502	1	HPCLAS_TRAIN_P_001502	1	A_clean_core	34.774078369140625	0.9999999999999991	1
HPCLAS_TRAIN_P_001506	1	HPCLAS_TRAIN_P_001506	1	B_ambiguous	-6.070382595062256	0.002304964002980164	0
HPCLAS_TRAIN_P_001532	1	HPCLAS_TRAIN_P_001532	1	D_hard_sample	1.671432375907898	0.8417667006224832	1
HPCLAS_TRAIN_P_001533	1	HPCLAS_TRAIN_P_001533	1	A_clean_core	11.355751037597656	0.9999882981398256	1
HPCLAS_TRAIN_P_001539	1	HPCLAS_TRAIN_P_001539	1	B_ambiguous	-9.26042366027832	9.510597414497504e-05	0
HPCLAS_TRAIN_P_001541	1	HPCLAS_TRAIN_P_001541	1	A_clean_core	64.79139709472656	1.0	1
HPCLAS_TRAIN_P_001542	1	HPCLAS_TRAIN_P_005355	1	A_clean_core	44.47801208496094	1.0	1
HPCLAS_TRAIN_P_001553	1	HPCLAS_TRAIN_P_001553	1	A_clean_core	50.047607421875	1.0	1
HPCLAS_TRAIN_P_001554	1	HPCLAS_TRAIN_P_001554	1	A_clean_core	9.751798629760742	0.9999418134784173	1
HPCLAS_TRAIN_P_001556	1	HPCLAS_TRAIN_P_001556	1	A_clean_core	50.10557556152344	1.0	1
HPCLAS_TRAIN_P_001567	1	HPCLAS_TRAIN_P_001567	1	A_clean_core	34.820228576660156	0.9999999999999993	1
HPCLAS_TRAIN_P_001570	1	HPCLAS_TRAIN_P_001570	1	A_clean_core	24.215343475341797	0.9999999999695623	1
HPCLAS_TRAIN_P_001583	1	HPCLAS_TRAIN_P_001583	1	B_ambiguous	6.1845293045043945	0.9979431678167094	1
HPCLAS_TRAIN_P_001586	1	HPCLAS_TRAIN_P_001586	1	A_clean_core	52.007720947265625	1.0	1
HPCLAS_TRAIN_P_001597	1	HPCLAS_TRAIN_P_001597	1	B_ambiguous	14.741899490356445	0.9999996040191108	1
HPCLAS_TRAIN_P_001601	1	HPCLAS_TRAIN_P_001601	1	A_clean_core	21.271677017211914	0.9999999994221327	1
HPCLAS_TRAIN_P_001602	1	HPCLAS_TRAIN_P_001602	1	A_clean_core	40.3441162109375	1.0	1
HPCLAS_TRAIN_P_001603	1	HPCLAS_TRAIN_P_001603	1	A_clean_core	43.49651336669922	1.0	1
HPCLAS_TRAIN_P_001607	1	HPCLAS_TRAIN_P_001607	1	D_hard_sample	3.9343597888946533	0.9808169691664518	1
HPCLAS_TRAIN_P_001608	1	HPCLAS_TRAIN_P_001608	1	D_hard_sample	-6.02101469039917	0.002421328421359787	0
HPCLAS_TRAIN_P_001609	1	HPCLAS_TRAIN_P_001609	1	D_hard_sample	1.4519485235214233	0.8102981325220083	1
HPCLAS_TRAIN_P_001619	1	HPCLAS_TRAIN_P_001619	1	D_hard_sample	4.164740562438965	0.9847038618858448	1
HPCLAS_TRAIN_P_001627	1	HPCLAS_TRAIN_P_001627	1	D_hard_sample	5.462728977203369	0.9957759545350381	1
HPCLAS_TRAIN_P_001628	1	HPCLAS_TRAIN_P_001628	1	D_hard_sample	7.617132663726807	0.9995082914982418	1
HPCLAS_TRAIN_P_001638	1	HPCLAS_TRAIN_P_001638	1	A_clean_core	34.59523391723633	0.9999999999999991	1
HPCLAS_TRAIN_P_001653	1	HPCLAS_TRAIN_P_001653	1	A_clean_core	39.28477478027344	1.0	1
HPCLAS_TRAIN_P_001657	1	HPCLAS_TRAIN_P_001657	1	A_clean_core	58.29065704345703	1.0	1
HPCLAS_TRAIN_P_001665	1	HPCLAS_TRAIN_P_001665	1	D_hard_sample	4.9382805824279785	0.9928840884064581	1
HPCLAS_TRAIN_P_001667	1	HPCLAS_TRAIN_P_001667	1	A_clean_core	47.604652404785156	1.0	1
HPCLAS_TRAIN_P_001668	1	HPCLAS_TRAIN_P_001668	1	A_clean_core	61.00822448730469	1.0	1
HPCLAS_TRAIN_P_001673	1	HPCLAS_TRAIN_P_001673	1	A_clean_core	66.70390319824219	1.0	1
HPCLAS_TRAIN_P_001687	1	HPCLAS_TRAIN_P_001687	1	A_clean_core	27.233518600463867	0.9999999999985119	1
HPCLAS_TRAIN_P_001694	1	HPCLAS_TRAIN_P_001694	1	A_clean_core	39.26383590698242	1.0	1
HPCLAS_TRAIN_P_001695	1	HPCLAS_TRAIN_P_001695	1	A_clean_core	38.90861511230469	1.0	1
HPCLAS_TRAIN_P_001720	1	HPCLAS_TRAIN_P_001720	1	D_hard_sample	2.9686145782470703	0.9511359278502105	1
HPCLAS_TRAIN_P_001730	1	HPCLAS_TRAIN_P_001730	1	D_hard_sample	-16.290395736694336	8.417264742851881e-08	0
HPCLAS_TRAIN_P_001732	1	HPCLAS_TRAIN_P_001732	1	A_clean_core	52.96967315673828	1.0	1
HPCLAS_TRAIN_P_001734	1	HPCLAS_TRAIN_P_001734	1	A_clean_core	32.68120574951172	0.9999999999999936	1
HPCLAS_TRAIN_P_001739	1	HPCLAS_TRAIN_P_001739	1	A_clean_core	20.796934127807617	0.9999999990710202	1
HPCLAS_TRAIN_P_001741	1	HPCLAS_TRAIN_P_001741	1	A_clean_core	32.92034912109375	0.9999999999999949	1
HPCLAS_TRAIN_P_001757	1	HPCLAS_TRAIN_P_001757	1	A_clean_core	45.10344696044922	1.0	1
HPCLAS_TRAIN_P_001773	1	HPCLAS_TRAIN_P_001773	1	D_hard_sample	5.000670433044434	0.9933116046788226	1
HPCLAS_TRAIN_P_001774	1	HPCLAS_TRAIN_P_001774	1	D_hard_sample	6.150700092315674	0.9978725470470037	1
HPCLAS_TRAIN_P_001776	1	HPCLAS_TRAIN_P_001776	1	A_clean_core	49.23802185058594	1.0	1
HPCLAS_TRAIN_P_001777	1	HPCLAS_TRAIN_P_001777	1	A_clean_core	33.53598403930664	0.9999999999999973	1
HPCLAS_TRAIN_P_001778	1	HPCLAS_TRAIN_P_001778	1	A_clean_core	33.308780670166016	0.9999999999999967	1
HPCLAS_TRAIN_P_001784	1	HPCLAS_TRAIN_P_001784	1	A_clean_core	19.939573287963867	0.9999999978104577	1
HPCLAS_TRAIN_P_001788	1	HPCLAS_TRAIN_P_001788	1	D_hard_sample	21.2126522064209	0.9999999993869975	1
HPCLAS_TRAIN_P_001798	1	HPCLAS_TRAIN_P_001798	1	A_clean_core	9.65164852142334	0.9999356846891242	1
HPCLAS_TRAIN_P_001801	1	HPCLAS_TRAIN_P_001801	1	A_clean_core	29.431665420532227	0.9999999999998348	1
HPCLAS_TRAIN_P_001805	1	HPCLAS_TRAIN_P_001805	1	A_clean_core	48.43431091308594	1.0	1
HPCLAS_TRAIN_P_001807	1	HPCLAS_TRAIN_P_001807	1	A_clean_core	11.627701759338379	0.9999910844237898	1
HPCLAS_TRAIN_P_001811	1	HPCLAS_TRAIN_P_001811	1	A_clean_core	30.34134292602539	0.9999999999999334	1
HPCLAS_TRAIN_P_001832	1	HPCLAS_TRAIN_P_001832	1	D_hard_sample	9.088603973388672	0.9998870671216504	1
HPCLAS_TRAIN_P_001837	1	HPCLAS_TRAIN_P_001837	1	A_clean_core	22.24802589416504	0.9999999997823268	1
HPCLAS_TRAIN_P_001839	1	HPCLAS_TRAIN_P_001839	1	D_hard_sample	-15.186261177062988	2.539162291100872e-07	0
HPCLAS_TRAIN_P_001843	1	HPCLAS_TRAIN_P_001843	1	D_hard_sample	9.218840599060059	0.9999008562506876	1
HPCLAS_TRAIN_P_001844	1	HPCLAS_TRAIN_P_001844	1	A_clean_core	29.127084732055664	0.999999999999776	1
HPCLAS_TRAIN_P_001861	1	HPCLAS_TRAIN_P_001861	1	A_clean_core	48.526710510253906	1.0	1
HPCLAS_TRAIN_P_001863	1	HPCLAS_TRAIN_P_001863	1	A_clean_core	60.12108612060547	1.0	1
HPCLAS_TRAIN_P_001871	1	HPCLAS_TRAIN_P_001871	1	A_clean_core	10.133434295654297	0.9999602727824138	1
HPCLAS_TRAIN_P_001873	1	HPCLAS_TRAIN_P_001873	1	A_clean_core	5.234285831451416	0.9946976348541192	1
HPCLAS_TRAIN_P_001874	1	HPCLAS_TRAIN_P_001874	1	A_clean_core	10.863304138183594	0.9999808522106214	1
HPCLAS_TRAIN_P_001877	1	HPCLAS_TRAIN_P_001877	1	A_clean_core	49.21453094482422	1.0	1
HPCLAS_TRAIN_P_001880	1	HPCLAS_TRAIN_P_001880	1	B_ambiguous	10.647531509399414	0.9999762411453247	1
HPCLAS_TRAIN_P_001881	1	HPCLAS_TRAIN_P_001881	1	A_clean_core	39.66168975830078	1.0	1
HPCLAS_TRAIN_P_001886	1	HPCLAS_TRAIN_P_001886	1	D_hard_sample	-3.5251314640045166	0.02860556104666629	0
HPCLAS_TRAIN_P_001894	1	HPCLAS_TRAIN_N_005096	1	B_ambiguous	5.257552623748779	0.9948189479454222	1
HPCLAS_TRAIN_P_001902	1	HPCLAS_TRAIN_P_001902	1	D_hard_sample	-0.9610881209373474	0.2766603878372207	0
HPCLAS_TRAIN_P_001914	1	HPCLAS_TRAIN_P_001914	1	A_clean_core	14.554312705993652	0.9999995223144583	1
HPCLAS_TRAIN_P_001924	1	HPCLAS_TRAIN_P_001924	1	D_hard_sample	10.587860107421875	0.9999747803051603	1
HPCLAS_TRAIN_P_001925	1	HPCLAS_TRAIN_P_001925	1	A_clean_core	6.4347310066223145	0.998397731050074	1
HPCLAS_TRAIN_P_001929	1	HPCLAS_TRAIN_P_001929	1	A_clean_core	50.74869155883789	1.0	1
HPCLAS_TRAIN_P_001931	1	HPCLAS_TRAIN_P_001931	1	A_clean_core	55.65090560913086	1.0	1
HPCLAS_TRAIN_P_001933	1	HPCLAS_TRAIN_P_001933	1	A_clean_core	51.36878204345703	1.0	1
HPCLAS_TRAIN_P_001934	1	HPCLAS_TRAIN_P_001934	1	A_clean_core	20.103164672851562	0.9999999981408838	1
HPCLAS_TRAIN_P_001935	1	HPCLAS_TRAIN_P_001935	1	D_hard_sample	-0.12188568711280823	0.46956624618951137	0
HPCLAS_TRAIN_P_001938	1	HPCLAS_TRAIN_P_001938	1	D_hard_sample	3.757214307785034	0.9771840309032044	1
HPCLAS_TRAIN_P_001951	1	HPCLAS_TRAIN_P_001951	1	A_clean_core	15.239862442016602	0.9999997593356669	1
HPCLAS_TRAIN_P_001963	1	HPCLAS_TRAIN_P_001963	1	D_hard_sample	10.815021514892578	0.9999799050417972	1
HPCLAS_TRAIN_P_001974	1	HPCLAS_TRAIN_P_001974	1	A_clean_core	27.64238929748535	0.9999999999990112	1
HPCLAS_TRAIN_P_001988	1	HPCLAS_TRAIN_P_001988	1	A_clean_core	55.379920959472656	1.0	1
HPCLAS_TRAIN_P_001990	1	HPCLAS_TRAIN_P_001990	1	A_clean_core	27.459596633911133	0.999999999998813	1
HPCLAS_TRAIN_P_002001	1	HPCLAS_TRAIN_P_002001	1	A_clean_core	58.34684371948242	1.0	1
HPCLAS_TRAIN_P_002006	1	HPCLAS_TRAIN_P_002006	1	D_hard_sample	6.075317859649658	0.9977063575522483	1
HPCLAS_TRAIN_P_002020	1	HPCLAS_TRAIN_P_002020	1	A_clean_core	55.632835388183594	1.0	1
HPCLAS_TRAIN_P_002023	1	HPCLAS_TRAIN_P_002023	1	A_clean_core	34.92385482788086	0.9999999999999993	1
HPCLAS_TRAIN_P_002024	1	HPCLAS_TRAIN_P_002024	1	B_ambiguous	15.294252395629883	0.9999997720757781	1
HPCLAS_TRAIN_P_002026	1	HPCLAS_TRAIN_P_005775	1	A_clean_core	45.37586212158203	1.0	1
HPCLAS_TRAIN_P_002030	1	HPCLAS_TRAIN_P_002030	1	A_clean_core	32.70541763305664	0.9999999999999938	1
HPCLAS_TRAIN_P_002034	1	HPCLAS_TRAIN_P_002034	1	A_clean_core	22.559879302978516	0.9999999998406439	1
HPCLAS_TRAIN_P_002043	1	HPCLAS_TRAIN_P_002043	1	A_clean_core	39.36896896362305	1.0	1
HPCLAS_TRAIN_P_002053	1	HPCLAS_TRAIN_P_002053	1	A_clean_core	24.19190216064453	0.9999999999688405	1
HPCLAS_TRAIN_P_002055	1	HPCLAS_TRAIN_P_002055	1	A_clean_core	47.24763107299805	1.0	1
HPCLAS_TRAIN_P_002059	1	HPCLAS_TRAIN_P_002059	1	A_clean_core	19.10566520690918	0.9999999949590195	1
HPCLAS_TRAIN_P_002061	1	HPCLAS_TRAIN_P_002061	1	A_clean_core	42.558326721191406	1.0	1
HPCLAS_TRAIN_P_002074	1	HPCLAS_TRAIN_P_002074	1	A_clean_core	22.375905990600586	0.9999999998084566	1
HPCLAS_TRAIN_P_002088	1	HPCLAS_TRAIN_P_002088	1	A_clean_core	75.954833984375	1.0	1
HPCLAS_TRAIN_P_002102	1	HPCLAS_TRAIN_P_002102	1	A_clean_core	47.83258819580078	1.0	1
HPCLAS_TRAIN_P_002108	1	HPCLAS_TRAIN_P_002108	1	A_clean_core	24.681053161621094	0.9999999999808946	1
HPCLAS_TRAIN_P_002109	1	HPCLAS_TRAIN_P_002109	1	A_clean_core	49.190582275390625	1.0	1
HPCLAS_TRAIN_P_002114	1	HPCLAS_TRAIN_P_002114	1	A_clean_core	34.879337310791016	0.9999999999999993	1
HPCLAS_TRAIN_P_002131	1	HPCLAS_TRAIN_P_002131	1	A_clean_core	30.75749397277832	0.999999999999956	1
HPCLAS_TRAIN_P_002133	1	HPCLAS_TRAIN_P_002133	1	A_clean_core	12.463958740234375	0.999996136598727	1
HPCLAS_TRAIN_P_002134	1	HPCLAS_TRAIN_P_002134	1	A_clean_core	61.74108123779297	1.0	1
HPCLAS_TRAIN_P_002152	1	HPCLAS_TRAIN_P_002152	1	D_hard_sample	8.741357803344727	0.9998401888300137	1
HPCLAS_TRAIN_P_002164	1	HPCLAS_TRAIN_N_000972	1	B_ambiguous	-8.574460983276367	0.00018883256525372365	0
HPCLAS_TRAIN_P_002168	1	HPCLAS_TRAIN_P_002168	1	D_hard_sample	6.219905853271484	0.9980145174764635	1
HPCLAS_TRAIN_P_002171	1	HPCLAS_TRAIN_P_002171	1	A_clean_core	23.951478958129883	0.9999999999603717	1
HPCLAS_TRAIN_P_002180	1	HPCLAS_TRAIN_P_002180	1	A_clean_core	35.41880416870117	0.9999999999999996	1
HPCLAS_TRAIN_P_002182	1	HPCLAS_TRAIN_P_002182	1	A_clean_core	26.7832088470459	0.9999999999976654	1
HPCLAS_TRAIN_P_002199	1	HPCLAS_TRAIN_P_002199	1	A_clean_core	22.885343551635742	0.9999999998849143	1
HPCLAS_TRAIN_P_002206	1	HPCLAS_TRAIN_P_002206	1	A_clean_core	11.617507934570312	0.9999909930759862	1
HPCLAS_TRAIN_P_002210	1	HPCLAS_TRAIN_P_002210	1	A_clean_core	31.27572250366211	0.9999999999999738	1
HPCLAS_TRAIN_P_002212	1	HPCLAS_TRAIN_P_002212	1	A_clean_core	-5.171627998352051	0.005643294367595943	0
HPCLAS_TRAIN_P_002215	1	HPCLAS_TRAIN_P_002215	1	D_hard_sample	-8.79222583770752	0.00015188639230275108	0
HPCLAS_TRAIN_P_002219	1	HPCLAS_TRAIN_P_002219	1	A_clean_core	36.61139678955078	0.9999999999999998	1
HPCLAS_TRAIN_P_002224	1	HPCLAS_TRAIN_P_002224	1	A_clean_core	22.57012176513672	0.9999999998422677	1
HPCLAS_TRAIN_P_002226	1	HPCLAS_TRAIN_P_002226	1	A_clean_core	13.080927848815918	0.9999979153924241	1
HPCLAS_TRAIN_P_002227	1	HPCLAS_TRAIN_P_002227	1	A_clean_core	26.772321701049805	0.9999999999976399	1
HPCLAS_TRAIN_P_002234	1	HPCLAS_TRAIN_P_002234	1	D_hard_sample	10.475379943847656	0.9999717779837423	1
HPCLAS_TRAIN_P_002241	1	HPCLAS_TRAIN_P_002241	1	A_clean_core	53.54612350463867	1.0	1
HPCLAS_TRAIN_P_002245	1	HPCLAS_TRAIN_P_002245	1	A_clean_core	18.217206954956055	0.9999999877434699	1
HPCLAS_TRAIN_P_002264	1	HPCLAS_TRAIN_P_002264	1	D_hard_sample	10.487248420715332	0.9999721109469561	1
HPCLAS_TRAIN_P_002272	1	HPCLAS_TRAIN_N_002413	1	B_ambiguous	32.06391525268555	0.999999999999988	1
HPCLAS_TRAIN_P_002277	1	HPCLAS_TRAIN_P_002277	1	A_clean_core	15.466880798339844	0.9999998082131024	1
HPCLAS_TRAIN_P_002281	1	HPCLAS_TRAIN_P_002281	1	A_clean_core	7.143063545227051	0.99921029694291	1
HPCLAS_TRAIN_P_002302	1	HPCLAS_TRAIN_P_002302	1	D_hard_sample	-0.8287375569343567	0.30391207327499614	0
HPCLAS_TRAIN_P_002311	1	HPCLAS_TRAIN_P_002311	1	D_hard_sample	8.954598426818848	0.9998708747326979	1
HPCLAS_TRAIN_P_002312	1	HPCLAS_TRAIN_P_002312	1	A_clean_core	57.98170852661133	1.0	1
HPCLAS_TRAIN_P_002318	1	HPCLAS_TRAIN_P_002318	1	D_hard_sample	7.730478763580322	0.9995609590639905	1
HPCLAS_TRAIN_P_002323	1	HPCLAS_TRAIN_P_002323	1	A_clean_core	14.229917526245117	0.999999339268437	1
HPCLAS_TRAIN_P_002329	1	HPCLAS_TRAIN_P_002329	1	A_clean_core	62.450645446777344	1.0	1
HPCLAS_TRAIN_P_002333	1	HPCLAS_TRAIN_P_002333	1	A_clean_core	10.038618087768555	0.999956321814446	1
HPCLAS_TRAIN_P_002345	1	HPCLAS_TRAIN_P_002345	1	A_clean_core	25.650781631469727	0.9999999999927556	1
HPCLAS_TRAIN_P_002354	1	HPCLAS_TRAIN_P_002354	1	A_clean_core	34.201202392578125	0.9999999999999987	1
HPCLAS_TRAIN_P_002367	1	HPCLAS_TRAIN_P_002367	1	A_clean_core	35.11267852783203	0.9999999999999993	1
HPCLAS_TRAIN_P_002386	1	HPCLAS_TRAIN_P_002386	1	A_clean_core	49.044525146484375	1.0	1
HPCLAS_TRAIN_P_002387	1	HPCLAS_TRAIN_P_002387	1	A_clean_core	27.91111946105957	0.9999999999992444	1
HPCLAS_TRAIN_P_002393	1	HPCLAS_TRAIN_P_002393	1	A_clean_core	57.647422790527344	1.0	1
HPCLAS_TRAIN_P_002401	1	HPCLAS_TRAIN_P_002401	1	A_clean_core	25.88349723815918	0.9999999999942597	1
HPCLAS_TRAIN_P_002420	1	HPCLAS_TRAIN_P_002420	1	A_clean_core	63.42743682861328	1.0	1
HPCLAS_TRAIN_P_002421	1	HPCLAS_TRAIN_P_002421	1	A_clean_core	78.26898193359375	1.0	1
HPCLAS_TRAIN_P_002423	1	HPCLAS_TRAIN_P_002423	1	A_clean_core	25.831811904907227	0.9999999999939551	1
HPCLAS_TRAIN_P_002424	1	HPCLAS_TRAIN_P_002424	1	A_clean_core	41.97098922729492	1.0	1
HPCLAS_TRAIN_P_002427	1	HPCLAS_TRAIN_P_002427	1	A_clean_core	49.07975769042969	1.0	1
HPCLAS_TRAIN_P_002429	1	HPCLAS_TRAIN_P_002429	1	D_hard_sample	10.570531845092773	0.9999743394946765	1
HPCLAS_TRAIN_P_002436	1	HPCLAS_TRAIN_P_002436	1	A_clean_core	46.560943603515625	1.0	1
HPCLAS_TRAIN_P_002444	1	HPCLAS_TRAIN_P_002444	1	A_clean_core	22.606624603271484	0.9999999998479217	1
HPCLAS_TRAIN_P_002450	1	HPCLAS_TRAIN_P_002450	1	A_clean_core	22.24864387512207	0.9999999997824611	1
HPCLAS_TRAIN_P_002454	1	HPCLAS_TRAIN_P_002454	1	A_clean_core	16.940954208374023	0.9999999560825567	1
HPCLAS_TRAIN_P_002466	1	HPCLAS_TRAIN_P_002466	1	A_clean_core	44.661163330078125	1.0	1
HPCLAS_TRAIN_P_002485	1	HPCLAS_TRAIN_P_002485	1	A_clean_core	9.546926498413086	0.9999285846636096	1
HPCLAS_TRAIN_P_002486	1	HPCLAS_TRAIN_P_002486	1	A_clean_core	43.53853988647461	1.0	1
HPCLAS_TRAIN_P_002487	1	HPCLAS_TRAIN_P_002487	1	A_clean_core	46.82157516479492	1.0	1
HPCLAS_TRAIN_P_002491	1	HPCLAS_TRAIN_P_002491	1	A_clean_core	8.019216537475586	0.9996710305146127	1
HPCLAS_TRAIN_P_002492	1	HPCLAS_TRAIN_P_002492	1	A_clean_core	12.015338897705078	0.9999939493505731	1
HPCLAS_TRAIN_P_002493	1	HPCLAS_TRAIN_N_000464	1	B_ambiguous	8.012018203735352	0.9996686547265037	1
HPCLAS_TRAIN_P_002494	1	HPCLAS_TRAIN_P_002494	1	A_clean_core	56.25931930541992	1.0	1
HPCLAS_TRAIN_P_002495	1	HPCLAS_TRAIN_P_002495	1	A_clean_core	15.514627456665039	0.99999981715511	1
HPCLAS_TRAIN_P_002502	1	HPCLAS_TRAIN_P_002502	1	A_clean_core	16.79829978942871	0.9999999493486443	1
HPCLAS_TRAIN_P_002505	1	HPCLAS_TRAIN_P_002505	1	A_clean_core	59.03321075439453	1.0	1
HPCLAS_TRAIN_P_002507	1	HPCLAS_TRAIN_P_002507	1	A_clean_core	55.50215148925781	1.0	1
HPCLAS_TRAIN_P_002514	1	HPCLAS_TRAIN_P_002514	1	A_clean_core	-4.922250270843506	0.00723006968783198	0
HPCLAS_TRAIN_P_002520	1	HPCLAS_TRAIN_P_002520	1	A_clean_core	38.836753845214844	1.0	1
HPCLAS_TRAIN_P_002532	1	HPCLAS_TRAIN_P_002532	1	B_ambiguous	7.550272464752197	0.99947430969547	1
HPCLAS_TRAIN_P_002552	1	HPCLAS_TRAIN_P_002552	1	A_clean_core	30.074628829956055	0.9999999999999132	1
HPCLAS_TRAIN_P_002557	1	HPCLAS_TRAIN_P_002557	1	A_clean_core	9.782934188842773	0.9999435971344597	1
HPCLAS_TRAIN_P_002566	1	HPCLAS_TRAIN_P_002566	1	A_clean_core	57.955665588378906	1.0	1
HPCLAS_TRAIN_P_002581	1	HPCLAS_TRAIN_P_002581	1	A_clean_core	36.913944244384766	1.0	1
HPCLAS_TRAIN_P_002583	1	HPCLAS_TRAIN_P_002583	1	A_clean_core	45.65718078613281	1.0	1
HPCLAS_TRAIN_P_002584	1	HPCLAS_TRAIN_P_002584	1	D_hard_sample	7.111752986907959	0.9991852001998103	1
HPCLAS_TRAIN_P_002588	1	HPCLAS_TRAIN_P_002588	1	D_hard_sample	7.8495917320251465	0.9996102408474428	1
HPCLAS_TRAIN_P_002597	1	HPCLAS_TRAIN_P_002597	1	A_clean_core	56.32036209106445	1.0	1
HPCLAS_TRAIN_P_002603	1	HPCLAS_TRAIN_P_002603	1	D_hard_sample	6.381021022796631	0.9983094696516815	1
HPCLAS_TRAIN_P_002612	1	HPCLAS_TRAIN_P_002612	1	A_clean_core	73.14733123779297	1.0	1
HPCLAS_TRAIN_P_002616	1	HPCLAS_TRAIN_P_002616	1	D_hard_sample	10.657032012939453	0.9999764657922762	1
HPCLAS_TRAIN_P_002619	1	HPCLAS_TRAIN_P_002619	1	D_hard_sample	3.1432979106903076	0.9586438270838805	1
HPCLAS_TRAIN_P_002635	1	HPCLAS_TRAIN_P_002635	1	A_clean_core	38.04991912841797	1.0	1
HPCLAS_TRAIN_P_002641	1	HPCLAS_TRAIN_P_002641	1	A_clean_core	63.94900131225586	1.0	1
HPCLAS_TRAIN_P_002654	1	HPCLAS_TRAIN_P_002654	1	A_clean_core	64.82774353027344	1.0	1
HPCLAS_TRAIN_P_002656	1	HPCLAS_TRAIN_P_002656	1	D_hard_sample	2.1548590660095215	0.8961219660430595	1
HPCLAS_TRAIN_P_002657	1	HPCLAS_TRAIN_P_002657	1	A_clean_core	24.9551944732666	0.9999999999854756	1
HPCLAS_TRAIN_P_002673	1	HPCLAS_TRAIN_P_002673	1	A_clean_core	17.40550994873047	0.9999999724016536	1
HPCLAS_TRAIN_P_002684	1	HPCLAS_TRAIN_P_002684	1	A_clean_core	49.300865173339844	1.0	1
HPCLAS_TRAIN_P_002687	1	HPCLAS_TRAIN_P_002687	1	A_clean_core	14.474327087402344	0.999999482536893	1
HPCLAS_TRAIN_P_002690	1	HPCLAS_TRAIN_P_002690	1	A_clean_core	27.821901321411133	0.9999999999991738	1
HPCLAS_TRAIN_P_002702	1	HPCLAS_TRAIN_P_002702	1	D_hard_sample	-8.69456958770752	0.0001674648521575651	0
HPCLAS_TRAIN_P_002703	1	HPCLAS_TRAIN_P_002703	1	A_clean_core	28.059213638305664	0.9999999999993483	1
HPCLAS_TRAIN_P_002705	1	HPCLAS_TRAIN_P_002705	1	A_clean_core	71.38529205322266	1.0	1
HPCLAS_TRAIN_P_002714	1	HPCLAS_TRAIN_P_002714	1	A_clean_core	9.430032730102539	0.9999197298713778	1
HPCLAS_TRAIN_P_002727	1	HPCLAS_TRAIN_P_002727	1	A_clean_core	57.674530029296875	1.0	1
HPCLAS_TRAIN_P_002730	1	HPCLAS_TRAIN_P_002730	1	A_clean_core	43.11107635498047	1.0	1
HPCLAS_TRAIN_P_002740	1	HPCLAS_TRAIN_P_002740	1	A_clean_core	55.42643356323242	1.0	1
HPCLAS_TRAIN_P_002749	1	HPCLAS_TRAIN_P_002749	1	A_clean_core	54.313018798828125	1.0	1
HPCLAS_TRAIN_P_002757	1	HPCLAS_TRAIN_P_002757	1	A_clean_core	30.458162307739258	0.9999999999999407	1
HPCLAS_TRAIN_P_002762	1	HPCLAS_TRAIN_P_002762	1	A_clean_core	62.43327331542969	1.0	1
HPCLAS_TRAIN_P_002763	1	HPCLAS_TRAIN_P_002763	1	A_clean_core	26.13719367980957	0.9999999999955458	1
HPCLAS_TRAIN_P_002770	1	HPCLAS_TRAIN_N_003024	1	B_ambiguous	13.59882926940918	0.9999987580533264	1
HPCLAS_TRAIN_P_002780	1	HPCLAS_TRAIN_P_002780	1	A_clean_core	23.648836135864258	0.999999999946366	1
HPCLAS_TRAIN_P_002782	1	HPCLAS_TRAIN_P_002782	1	A_clean_core	24.701181411743164	0.9999999999812754	1
HPCLAS_TRAIN_P_002783	1	HPCLAS_TRAIN_P_002783	1	A_clean_core	48.60869598388672	1.0	1
HPCLAS_TRAIN_P_002784	1	HPCLAS_TRAIN_P_002784	1	A_clean_core	22.287229537963867	0.9999999997906952	1
HPCLAS_TRAIN_P_002793	1	HPCLAS_TRAIN_P_002793	1	A_clean_core	-4.803969860076904	0.00813049406340743	0
HPCLAS_TRAIN_P_002794	1	HPCLAS_TRAIN_P_002794	1	A_clean_core	13.585494995117188	0.9999987413819866	1
HPCLAS_TRAIN_P_002799	1	HPCLAS_TRAIN_P_002799	1	A_clean_core	19.24172019958496	0.9999999956002592	1
HPCLAS_TRAIN_P_002800	1	HPCLAS_TRAIN_P_002800	1	D_hard_sample	6.590176582336426	0.9986280873760774	1
HPCLAS_TRAIN_P_002802	1	HPCLAS_TRAIN_P_002802	1	A_clean_core	34.134246826171875	0.9999999999999984	1
HPCLAS_TRAIN_P_002817	1	HPCLAS_TRAIN_P_002817	1	A_clean_core	45.9859733581543	1.0	1
HPCLAS_TRAIN_P_002824	1	HPCLAS_TRAIN_P_002824	1	A_clean_core	58.609764099121094	1.0	1
HPCLAS_TRAIN_P_002826	1	HPCLAS_TRAIN_P_002826	1	D_hard_sample	7.370604991912842	0.9993709087757011	1
HPCLAS_TRAIN_P_002832	1	HPCLAS_TRAIN_P_002832	1	A_clean_core	23.628564834594727	0.9999999999452676	1
HPCLAS_TRAIN_P_002846	1	HPCLAS_TRAIN_N_002191	1	B_ambiguous	11.241943359375	0.9999868876558746	1
HPCLAS_TRAIN_P_002848	1	HPCLAS_TRAIN_P_002848	1	A_clean_core	3.2576348781585693	0.9629464942081996	1
HPCLAS_TRAIN_P_002851	1	HPCLAS_TRAIN_P_002851	1	A_clean_core	27.081880569458008	0.9999999999982683	1
HPCLAS_TRAIN_P_002854	1	HPCLAS_TRAIN_P_002854	1	D_hard_sample	11.546597480773926	0.9999903312077184	1
HPCLAS_TRAIN_P_002855	1	HPCLAS_TRAIN_P_002855	1	A_clean_core	68.36981201171875	1.0	1
HPCLAS_TRAIN_P_002863	1	HPCLAS_TRAIN_P_002863	1	A_clean_core	52.85955047607422	1.0	1
HPCLAS_TRAIN_P_002875	1	HPCLAS_TRAIN_P_002875	1	A_clean_core	14.322787284851074	0.9999993978672417	1
HPCLAS_TRAIN_P_002879	1	HPCLAS_TRAIN_P_002879	1	A_clean_core	43.6215705871582	1.0	1
HPCLAS_TRAIN_P_002883	1	HPCLAS_TRAIN_P_002883	1	A_clean_core	19.911956787109375	0.9999999977491474	1
HPCLAS_TRAIN_P_002894	1	HPCLAS_TRAIN_P_002894	1	A_clean_core	27.833269119262695	0.9999999999991831	1
HPCLAS_TRAIN_P_002895	1	HPCLAS_TRAIN_P_002895	1	A_clean_core	19.428422927856445	0.9999999963495776	1
HPCLAS_TRAIN_P_002897	1	HPCLAS_TRAIN_P_002897	1	A_clean_core	15.090150833129883	0.9999997204685735	1
HPCLAS_TRAIN_P_002898	1	HPCLAS_TRAIN_P_002898	1	A_clean_core	30.657691955566406	0.9999999999999516	1
HPCLAS_TRAIN_P_002901	1	HPCLAS_TRAIN_P_002901	1	A_clean_core	45.00883102416992	1.0	1
HPCLAS_TRAIN_P_002904	1	HPCLAS_TRAIN_P_002904	1	A_clean_core	74.07218170166016	1.0	1
HPCLAS_TRAIN_P_002911	1	HPCLAS_TRAIN_P_002911	1	A_clean_core	34.29876708984375	0.9999999999999987	1
HPCLAS_TRAIN_P_002916	1	HPCLAS_TRAIN_P_002916	1	A_clean_core	13.725502014160156	0.9999989058175651	1
HPCLAS_TRAIN_P_002921	1	HPCLAS_TRAIN_P_002921	1	A_clean_core	6.678494930267334	0.9987439103165853	1
HPCLAS_TRAIN_P_002931	1	HPCLAS_TRAIN_P_002931	1	A_clean_core	58.00140380859375	1.0	1
HPCLAS_TRAIN_P_002936	1	HPCLAS_TRAIN_P_002936	1	A_clean_core	48.02935028076172	1.0	1
HPCLAS_TRAIN_P_002956	1	HPCLAS_TRAIN_P_002956	1	B_ambiguous	24.3513240814209	0.9999999999734324	1
HPCLAS_TRAIN_P_002958	1	HPCLAS_TRAIN_P_002958	1	A_clean_core	15.604381561279297	0.9999998328512545	1
HPCLAS_TRAIN_P_002964	1	HPCLAS_TRAIN_P_002964	1	A_clean_core	30.959897994995117	0.9999999999999643	1
HPCLAS_TRAIN_P_002966	1	HPCLAS_TRAIN_P_002966	1	A_clean_core	36.47273254394531	0.9999999999999998	1
HPCLAS_TRAIN_P_002970	1	HPCLAS_TRAIN_P_002970	1	A_clean_core	6.336844444274902	0.9982332485510463	1
HPCLAS_TRAIN_P_002980	1	HPCLAS_TRAIN_P_002980	1	A_clean_core	38.758766174316406	1.0	1
HPCLAS_TRAIN_P_002983	1	HPCLAS_TRAIN_P_002983	1	A_clean_core	30.71268653869629	0.999999999999954	1
HPCLAS_TRAIN_P_002997	1	HPCLAS_TRAIN_P_002997	1	A_clean_core	53.9403190612793	1.0	1
HPCLAS_TRAIN_P_003001	1	HPCLAS_TRAIN_P_003001	1	A_clean_core	19.500219345092773	0.9999999966024775	1
HPCLAS_TRAIN_P_003002	1	HPCLAS_TRAIN_P_003002	1	A_clean_core	63.94957733154297	1.0	1
HPCLAS_TRAIN_P_003004	1	HPCLAS_TRAIN_P_003004	1	A_clean_core	23.570985794067383	0.9999999999420237	1
HPCLAS_TRAIN_P_003013	1	HPCLAS_TRAIN_P_003013	1	A_clean_core	21.085813522338867	0.9999999993040989	1
HPCLAS_TRAIN_P_003015	1	HPCLAS_TRAIN_P_003015	1	A_clean_core	32.565345764160156	0.9999999999999929	1
HPCLAS_TRAIN_P_003017	1	HPCLAS_TRAIN_P_003017	1	A_clean_core	56.18169021606445	1.0	1
HPCLAS_TRAIN_P_003018	1	HPCLAS_TRAIN_P_003018	1	A_clean_core	32.48460388183594	0.9999999999999922	1
HPCLAS_TRAIN_P_003023	1	HPCLAS_TRAIN_P_003023	1	A_clean_core	18.909709930419922	0.9999999938677857	1
HPCLAS_TRAIN_P_003027	1	HPCLAS_TRAIN_N_000951	1	B_ambiguous	25.082231521606445	0.9999999999872085	1
HPCLAS_TRAIN_P_003028	1	HPCLAS_TRAIN_N_002524	1	B_ambiguous	0.8446193337440491	0.699437208250878	1
HPCLAS_TRAIN_P_003030	1	HPCLAS_TRAIN_P_003030	1	A_clean_core	27.089099884033203	0.9999999999982807	1
HPCLAS_TRAIN_P_003034	1	HPCLAS_TRAIN_P_003034	1	A_clean_core	7.819662570953369	0.9995984041195549	1
HPCLAS_TRAIN_P_003040	1	HPCLAS_TRAIN_P_003040	1	A_clean_core	20.0197811126709	0.9999999979792176	1
HPCLAS_TRAIN_P_003057	1	HPCLAS_TRAIN_P_003057	1	A_clean_core	55.12738037109375	1.0	1
HPCLAS_TRAIN_P_003071	1	HPCLAS_TRAIN_P_003071	1	A_clean_core	59.1962890625	1.0	1
HPCLAS_TRAIN_P_003073	1	HPCLAS_TRAIN_P_003073	1	A_clean_core	37.20381546020508	1.0	1
HPCLAS_TRAIN_P_003083	1	HPCLAS_TRAIN_P_003083	1	A_clean_core	20.50211524963379	0.9999999987524888	1
HPCLAS_TRAIN_P_003086	1	HPCLAS_TRAIN_P_003086	1	A_clean_core	65.27485656738281	1.0	1
HPCLAS_TRAIN_P_003091	1	HPCLAS_TRAIN_P_003091	1	D_hard_sample	13.69960880279541	0.9999988771157119	1
HPCLAS_TRAIN_P_003100	1	HPCLAS_TRAIN_P_003100	1	A_clean_core	25.153440475463867	0.9999999999880875	1
HPCLAS_TRAIN_P_003119	1	HPCLAS_TRAIN_P_003119	1	A_clean_core	43.74005126953125	1.0	1
HPCLAS_TRAIN_P_003120	1	HPCLAS_TRAIN_P_003120	1	A_clean_core	17.5382137298584	0.9999999758314527	1
HPCLAS_TRAIN_P_003124	1	HPCLAS_TRAIN_P_003124	1	A_clean_core	34.420066833496094	0.9999999999999989	1
HPCLAS_TRAIN_P_003125	1	HPCLAS_TRAIN_P_003125	1	A_clean_core	3.4569692611694336	0.9694383006099561	1
HPCLAS_TRAIN_P_003131	1	HPCLAS_TRAIN_P_003131	1	A_clean_core	46.17194366455078	1.0	1
HPCLAS_TRAIN_P_003140	1	HPCLAS_TRAIN_P_003140	1	D_hard_sample	6.1044840812683105	0.9977721414029235	1
HPCLAS_TRAIN_P_003142	1	HPCLAS_TRAIN_P_003142	1	D_hard_sample	-4.254598140716553	0.014000012206479702	0
HPCLAS_TRAIN_P_003147	1	HPCLAS_TRAIN_P_003147	1	D_hard_sample	18.651336669921875	0.999999992059874	1
HPCLAS_TRAIN_P_003150	1	HPCLAS_TRAIN_P_003150	1	A_clean_core	15.66248893737793	0.9999998422870289	1
HPCLAS_TRAIN_P_003153	1	HPCLAS_TRAIN_P_003153	1	A_clean_core	13.706188201904297	0.9999988844793568	1
HPCLAS_TRAIN_P_003158	1	HPCLAS_TRAIN_N_002779	1	B_ambiguous	-7.90774393081665	0.0003677483273674757	0
HPCLAS_TRAIN_P_003163	1	HPCLAS_TRAIN_P_003163	1	A_clean_core	14.244269371032715	0.9999993486834248	1
HPCLAS_TRAIN_P_003169	1	HPCLAS_TRAIN_P_003169	1	D_hard_sample	30.206506729125977	0.9999999999999238	1
HPCLAS_TRAIN_P_003181	1	HPCLAS_TRAIN_P_003181	1	A_clean_core	49.90070343017578	1.0	1
HPCLAS_TRAIN_P_003182	1	HPCLAS_TRAIN_P_003182	1	A_clean_core	52.48908615112305	1.0	1
HPCLAS_TRAIN_P_003184	1	HPCLAS_TRAIN_P_003184	1	A_clean_core	66.96990966796875	1.0	1
HPCLAS_TRAIN_P_003187	1	HPCLAS_TRAIN_P_003187	1	A_clean_core	58.5528678894043	1.0	1
HPCLAS_TRAIN_P_003193	1	HPCLAS_TRAIN_P_003193	1	A_clean_core	39.02977752685547	1.0	1
HPCLAS_TRAIN_P_003195	1	HPCLAS_TRAIN_P_003195	1	A_clean_core	7.996660232543945	0.9996635283832175	1
HPCLAS_TRAIN_P_003200	1	HPCLAS_TRAIN_P_003200	1	A_clean_core	38.08039855957031	1.0	1
HPCLAS_TRAIN_P_003203	1	HPCLAS_TRAIN_P_003203	1	A_clean_core	35.70771789550781	0.9999999999999998	1
HPCLAS_TRAIN_P_003208	1	HPCLAS_TRAIN_P_003208	1	D_hard_sample	8.660430908203125	0.9998267204207381	1
HPCLAS_TRAIN_P_003211	1	HPCLAS_TRAIN_P_003211	1	A_clean_core	52.623931884765625	1.0	1
HPCLAS_TRAIN_P_003214	1	HPCLAS_TRAIN_P_003214	1	A_clean_core	17.35194206237793	0.999999970882955	1
HPCLAS_TRAIN_P_003220	1	HPCLAS_TRAIN_P_003220	1	A_clean_core	40.00801467895508	1.0	1
HPCLAS_TRAIN_P_003236	1	HPCLAS_TRAIN_P_003236	1	A_clean_core	38.484092712402344	1.0	1
HPCLAS_TRAIN_P_003240	1	HPCLAS_TRAIN_P_003240	1	A_clean_core	23.162019729614258	0.9999999999127305	1
HPCLAS_TRAIN_P_003246	1	HPCLAS_TRAIN_P_003246	1	D_hard_sample	-0.14840653538703918	0.46296631192044463	0
HPCLAS_TRAIN_P_003250	1	HPCLAS_TRAIN_P_003250	1	D_hard_sample	7.169615745544434	0.999230973453266	1
HPCLAS_TRAIN_P_003257	1	HPCLAS_TRAIN_P_003257	1	D_hard_sample	7.071606159210205	0.9991518513712012	1
HPCLAS_TRAIN_P_003259	1	HPCLAS_TRAIN_P_003259	1	A_clean_core	22.748661041259766	0.9999999998680582	1
HPCLAS_TRAIN_P_003261	1	HPCLAS_TRAIN_P_003261	1	D_hard_sample	-2.141063690185547	0.1051692449996236	0
HPCLAS_TRAIN_P_003262	1	HPCLAS_TRAIN_P_003262	1	A_clean_core	69.37736511230469	1.0	1
HPCLAS_TRAIN_P_003263	1	HPCLAS_TRAIN_P_003263	1	A_clean_core	32.57744598388672	0.9999999999999929	1
HPCLAS_TRAIN_P_003264	1	HPCLAS_TRAIN_P_003264	1	A_clean_core	61.47784423828125	1.0	1
HPCLAS_TRAIN_P_003292	1	HPCLAS_TRAIN_P_003292	1	A_clean_core	14.169787406921387	0.9999992983198115	1
HPCLAS_TRAIN_P_003296	1	HPCLAS_TRAIN_P_003296	1	A_clean_core	16.011648178100586	0.9999998887680625	1
HPCLAS_TRAIN_P_003301	1	HPCLAS_TRAIN_P_003301	1	A_clean_core	27.360593795776367	0.9999999999986895	1
HPCLAS_TRAIN_P_003310	1	HPCLAS_TRAIN_P_003310	1	A_clean_core	26.74679946899414	0.9999999999975788	1
HPCLAS_TRAIN_P_003315	1	HPCLAS_TRAIN_P_003315	1	A_clean_core	6.343225955963135	0.9982444674683387	1
HPCLAS_TRAIN_P_003318	1	HPCLAS_TRAIN_P_003318	1	D_hard_sample	-5.705735206604004	0.0033157994748925536	0
HPCLAS_TRAIN_P_003322	1	HPCLAS_TRAIN_P_003322	1	A_clean_core	22.014358520507812	0.9999999997250297	1
HPCLAS_TRAIN_P_003326	1	HPCLAS_TRAIN_P_003326	1	D_hard_sample	8.501653671264648	0.9997969090770339	1
HPCLAS_TRAIN_P_003328	1	HPCLAS_TRAIN_P_003328	1	A_clean_core	37.30585479736328	1.0	1
HPCLAS_TRAIN_P_003338	1	HPCLAS_TRAIN_P_003338	1	A_clean_core	35.795631408691406	0.9999999999999998	1
HPCLAS_TRAIN_P_003346	1	HPCLAS_TRAIN_P_003346	1	D_hard_sample	15.828680038452148	0.9999998664353454	1
HPCLAS_TRAIN_P_003347	1	HPCLAS_TRAIN_P_003347	1	A_clean_core	19.154584884643555	0.9999999951996879	1
HPCLAS_TRAIN_P_003350	1	HPCLAS_TRAIN_P_003350	1	D_hard_sample	8.745025634765625	0.9998407738236275	1
HPCLAS_TRAIN_P_003351	1	HPCLAS_TRAIN_P_003351	1	A_clean_core	37.533287048339844	1.0	1
HPCLAS_TRAIN_P_003355	1	HPCLAS_TRAIN_P_003355	1	D_hard_sample	3.025491237640381	0.9537125406369318	1
HPCLAS_TRAIN_P_003357	1	HPCLAS_TRAIN_P_003357	1	A_clean_core	29.445829391479492	0.9999999999998372	1
HPCLAS_TRAIN_P_003363	1	HPCLAS_TRAIN_P_003363	1	A_clean_core	48.13356399536133	1.0	1
HPCLAS_TRAIN_P_003372	1	HPCLAS_TRAIN_P_003372	1	D_hard_sample	4.084086894989014	0.9834403324639146	1
HPCLAS_TRAIN_P_003377	1	HPCLAS_TRAIN_P_003377	1	D_hard_sample	1.4400845766067505	0.8084677482688646	1
HPCLAS_TRAIN_P_003384	1	HPCLAS_TRAIN_P_003384	1	A_clean_core	26.4581356048584	0.9999999999967688	1
HPCLAS_TRAIN_P_003405	1	HPCLAS_TRAIN_P_003405	1	A_clean_core	31.87791633605957	0.9999999999999858	1
HPCLAS_TRAIN_P_003412	1	HPCLAS_TRAIN_P_003412	1	A_clean_core	38.18218994140625	1.0	1
HPCLAS_TRAIN_P_003415	1	HPCLAS_TRAIN_P_003415	1	A_clean_core	57.605186462402344	1.0	1
HPCLAS_TRAIN_P_003432	1	HPCLAS_TRAIN_P_003432	1	A_clean_core	16.35069465637207	0.9999999207528777	1
HPCLAS_TRAIN_P_003438	1	HPCLAS_TRAIN_P_003438	1	A_clean_core	36.95409393310547	1.0	1
HPCLAS_TRAIN_P_003442	1	HPCLAS_TRAIN_P_003442	1	A_clean_core	16.616365432739258	0.9999999392419038	1
HPCLAS_TRAIN_P_003452	1	HPCLAS_TRAIN_P_003452	1	A_clean_core	38.706504821777344	1.0	1
HPCLAS_TRAIN_P_003453	1	HPCLAS_TRAIN_P_003453	1	A_clean_core	65.59537506103516	1.0	1
HPCLAS_TRAIN_P_003469	1	HPCLAS_TRAIN_P_003469	1	D_hard_sample	4.002253532409668	0.9820535503130254	1
HPCLAS_TRAIN_P_003471	1	HPCLAS_TRAIN_P_003471	1	A_clean_core	22.66669273376465	0.9999999998567877	1
HPCLAS_TRAIN_P_003478	1	HPCLAS_TRAIN_P_003478	1	A_clean_core	50.75605773925781	1.0	1
HPCLAS_TRAIN_P_003480	1	HPCLAS_TRAIN_P_003480	1	A_clean_core	14.904996871948242	0.9999996636108653	1
HPCLAS_TRAIN_P_003481	1	HPCLAS_TRAIN_P_003481	1	D_hard_sample	11.669156074523926	0.9999914464540339	1
HPCLAS_TRAIN_P_003495	1	HPCLAS_TRAIN_P_003495	1	A_clean_core	49.86216735839844	1.0	1
HPCLAS_TRAIN_P_003496	1	HPCLAS_TRAIN_P_003496	1	A_clean_core	37.169883728027344	1.0	1
HPCLAS_TRAIN_P_003500	1	HPCLAS_TRAIN_P_003500	1	A_clean_core	25.284332275390625	0.999999999989549	1
HPCLAS_TRAIN_P_003504	1	HPCLAS_TRAIN_P_003504	1	A_clean_core	15.373960494995117	0.9999997895379963	1
HPCLAS_TRAIN_P_003507	1	HPCLAS_TRAIN_P_003507	1	A_clean_core	29.767290115356445	0.9999999999998819	1
HPCLAS_TRAIN_P_003509	1	HPCLAS_TRAIN_P_003509	1	A_clean_core	22.193740844726562	0.9999999997701836	1
HPCLAS_TRAIN_P_003510	1	HPCLAS_TRAIN_P_003510	1	A_clean_core	31.743165969848633	0.9999999999999836	1
HPCLAS_TRAIN_P_003512	1	HPCLAS_TRAIN_P_003512	1	A_clean_core	22.71727180480957	0.9999999998638511	1
HPCLAS_TRAIN_P_003517	1	HPCLAS_TRAIN_P_003517	1	A_clean_core	30.50750160217285	0.9999999999999436	1
HPCLAS_TRAIN_P_003522	1	HPCLAS_TRAIN_P_003522	1	A_clean_core	55.03831481933594	1.0	1
HPCLAS_TRAIN_P_003524	1	HPCLAS_TRAIN_P_003524	1	A_clean_core	26.532934188842773	0.9999999999970015	1
HPCLAS_TRAIN_P_003525	1	HPCLAS_TRAIN_P_003525	1	A_clean_core	15.145926475524902	0.9999997356327865	1
HPCLAS_TRAIN_P_003536	1	HPCLAS_TRAIN_P_003536	1	D_hard_sample	0.7364609837532043	0.6762214865754014	1
HPCLAS_TRAIN_P_003545	1	HPCLAS_TRAIN_P_003545	1	A_clean_core	21.131118774414062	0.9999999993349233	1
HPCLAS_TRAIN_P_003549	1	HPCLAS_TRAIN_P_003549	1	A_clean_core	69.28715515136719	1.0	1
HPCLAS_TRAIN_P_003556	1	HPCLAS_TRAIN_P_003556	1	A_clean_core	7.882094860076904	0.9996227008675665	1
HPCLAS_TRAIN_P_003560	1	HPCLAS_TRAIN_N_001130	1	B_ambiguous	21.49586296081543	0.9999999995381879	1
HPCLAS_TRAIN_P_003561	1	HPCLAS_TRAIN_P_003561	1	A_clean_core	25.834028244018555	0.9999999999939686	1
HPCLAS_TRAIN_P_003566	1	HPCLAS_TRAIN_P_003566	1	B_ambiguous	-13.749290466308594	1.0684607092178388e-06	0
HPCLAS_TRAIN_P_003569	1	HPCLAS_TRAIN_P_003569	1	A_clean_core	12.536336898803711	0.9999964063440115	1
HPCLAS_TRAIN_P_003581	1	HPCLAS_TRAIN_P_003581	1	A_clean_core	30.18226432800293	0.9999999999999221	1
HPCLAS_TRAIN_P_003589	1	HPCLAS_TRAIN_P_003589	1	A_clean_core	49.195068359375	1.0	1
HPCLAS_TRAIN_P_003593	1	HPCLAS_TRAIN_P_003593	1	A_clean_core	8.076617240905762	0.9996893761654257	1
HPCLAS_TRAIN_P_003603	1	HPCLAS_TRAIN_P_003603	1	A_clean_core	44.95520782470703	1.0	1
HPCLAS_TRAIN_P_003606	1	HPCLAS_TRAIN_P_003606	1	A_clean_core	21.555103302001953	0.9999999995647513	1
HPCLAS_TRAIN_P_003608	1	HPCLAS_TRAIN_P_005355	1	A_clean_core	49.60765838623047	1.0	1
HPCLAS_TRAIN_P_003613	1	HPCLAS_TRAIN_P_003613	1	D_hard_sample	7.4808125495910645	0.9994365185756665	1
HPCLAS_TRAIN_P_003620	1	HPCLAS_TRAIN_P_003620	1	A_clean_core	6.372669696807861	0.9982953165322613	1
HPCLAS_TRAIN_P_003623	1	HPCLAS_TRAIN_P_003623	1	A_clean_core	70.18074035644531	1.0	1
HPCLAS_TRAIN_P_003632	1	HPCLAS_TRAIN_P_003632	1	A_clean_core	15.002370834350586	0.9999996948221573	1
HPCLAS_TRAIN_P_003644	1	HPCLAS_TRAIN_P_003644	1	D_hard_sample	-22.70023536682129	1.3848828662812672e-10	0
HPCLAS_TRAIN_P_003698	1	HPCLAS_TRAIN_P_003698	1	A_clean_core	56.073150634765625	1.0	1
HPCLAS_TRAIN_P_003701	1	HPCLAS_TRAIN_P_003701	1	A_clean_core	14.289363861083984	0.9999993774018084	1
HPCLAS_TRAIN_P_003714	1	HPCLAS_TRAIN_P_003714	1	A_clean_core	24.97686004638672	0.9999999999857869	1
HPCLAS_TRAIN_P_003727	1	HPCLAS_TRAIN_P_003727	1	A_clean_core	76.31207275390625	1.0	1
HPCLAS_TRAIN_P_003728	1	HPCLAS_TRAIN_P_003728	1	A_clean_core	23.72610092163086	0.9999999999503539	1
HPCLAS_TRAIN_P_003729	1	HPCLAS_TRAIN_P_003729	1	A_clean_core	62.68235397338867	1.0	1
HPCLAS_TRAIN_P_003735	1	HPCLAS_TRAIN_P_003735	1	A_clean_core	14.946601867675781	0.9999996773191848	1
HPCLAS_TRAIN_P_003736	1	HPCLAS_TRAIN_P_003736	1	A_clean_core	26.522218704223633	0.9999999999969693	1
HPCLAS_TRAIN_P_003750	1	HPCLAS_TRAIN_P_003750	1	A_clean_core	10.396116256713867	0.9999694500285584	1
HPCLAS_TRAIN_P_003752	1	HPCLAS_TRAIN_P_003752	1	A_clean_core	5.563910007476807	0.996180884525654	1
HPCLAS_TRAIN_P_003759	1	HPCLAS_TRAIN_P_003759	1	A_clean_core	33.907447814941406	0.9999999999999982	1
HPCLAS_TRAIN_P_003776	1	HPCLAS_TRAIN_P_003776	1	A_clean_core	12.479902267456055	0.9999961977063065	1
HPCLAS_TRAIN_P_003777	1	HPCLAS_TRAIN_P_003777	1	A_clean_core	17.6646671295166	0.9999999787023084	1
HPCLAS_TRAIN_P_003784	1	HPCLAS_TRAIN_P_003784	1	D_hard_sample	12.673498153686523	0.9999968669427933	1
HPCLAS_TRAIN_P_003791	1	HPCLAS_TRAIN_P_003791	1	A_clean_core	68.40220642089844	1.0	1
HPCLAS_TRAIN_P_003792	1	HPCLAS_TRAIN_P_003792	1	A_clean_core	18.310070037841797	0.9999999888304002	1
HPCLAS_TRAIN_P_003794	1	HPCLAS_TRAIN_P_003794	1	D_hard_sample	6.923239231109619	0.9990163332450913	1
HPCLAS_TRAIN_P_003800	1	HPCLAS_TRAIN_P_003800	1	A_clean_core	50.20850372314453	1.0	1
HPCLAS_TRAIN_P_003816	1	HPCLAS_TRAIN_P_003816	1	A_clean_core	10.508108139038086	0.9999726866633409	1
HPCLAS_TRAIN_P_003821	1	HPCLAS_TRAIN_P_003821	1	A_clean_core	24.619104385375977	0.9999999999796736	1
HPCLAS_TRAIN_P_003822	1	HPCLAS_TRAIN_P_003822	1	D_hard_sample	13.568544387817383	0.9999987198658337	1
HPCLAS_TRAIN_P_003823	1	HPCLAS_TRAIN_P_003823	1	A_clean_core	37.13451385498047	1.0	1
HPCLAS_TRAIN_P_003824	1	HPCLAS_TRAIN_P_003824	1	B_ambiguous	17.765954971313477	0.9999999807538537	1
HPCLAS_TRAIN_P_003829	1	HPCLAS_TRAIN_P_003829	1	A_clean_core	19.74773597717285	0.9999999973474276	1
HPCLAS_TRAIN_P_003830	1	HPCLAS_TRAIN_P_003830	1	D_hard_sample	6.389481067657471	0.998323687413456	1
HPCLAS_TRAIN_P_003844	1	HPCLAS_TRAIN_P_003844	1	A_clean_core	25.96681785583496	0.9999999999947184	1
HPCLAS_TRAIN_P_003847	1	HPCLAS_TRAIN_P_003847	1	A_clean_core	44.4783935546875	1.0	1
HPCLAS_TRAIN_P_003849	1	HPCLAS_TRAIN_P_003849	1	A_clean_core	33.521244049072266	0.9999999999999973	1
HPCLAS_TRAIN_P_003850	1	HPCLAS_TRAIN_P_003850	1	A_clean_core	49.258270263671875	1.0	1
HPCLAS_TRAIN_P_003851	1	HPCLAS_TRAIN_P_003851	1	A_clean_core	15.761661529541016	0.9999998571772766	1
HPCLAS_TRAIN_P_003866	1	HPCLAS_TRAIN_P_003866	1	A_clean_core	17.083515167236328	0.999999961917661	1
HPCLAS_TRAIN_P_003868	1	HPCLAS_TRAIN_P_003868	1	A_clean_core	29.802846908569336	0.9999999999998861	1
HPCLAS_TRAIN_P_003869	1	HPCLAS_TRAIN_P_003869	1	A_clean_core	21.215482711791992	0.9999999993887303	1
HPCLAS_TRAIN_P_003872	1	HPCLAS_TRAIN_P_003872	1	A_clean_core	45.937137603759766	1.0	1
HPCLAS_TRAIN_P_003880	1	HPCLAS_TRAIN_P_003880	1	A_clean_core	35.98016357421875	0.9999999999999998	1
HPCLAS_TRAIN_P_003883	1	HPCLAS_TRAIN_P_003883	1	A_clean_core	37.49114990234375	1.0	1
HPCLAS_TRAIN_P_003889	1	HPCLAS_TRAIN_P_003889	1	A_clean_core	11.566262245178223	0.9999905194831747	1
HPCLAS_TRAIN_P_003903	1	HPCLAS_TRAIN_P_003903	1	A_clean_core	13.386140823364258	0.9999984637134117	1
HPCLAS_TRAIN_P_003912	1	HPCLAS_TRAIN_P_003912	1	A_clean_core	20.93248176574707	0.99999999918878	1
HPCLAS_TRAIN_P_003914	1	HPCLAS_TRAIN_P_003914	1	A_clean_core	60.920528411865234	1.0	1
HPCLAS_TRAIN_P_003931	1	HPCLAS_TRAIN_P_003931	1	A_clean_core	19.9811954498291	0.9999999978997205	1
HPCLAS_TRAIN_P_003935	1	HPCLAS_TRAIN_P_003935	1	D_hard_sample	-6.021179676055908	0.002420929936896912	0
HPCLAS_TRAIN_P_003937	1	HPCLAS_TRAIN_P_003937	1	A_clean_core	48.35838317871094	1.0	1
HPCLAS_TRAIN_P_003938	1	HPCLAS_TRAIN_P_003938	1	A_clean_core	13.073946952819824	0.9999979007891131	1
HPCLAS_TRAIN_P_003941	1	HPCLAS_TRAIN_P_003941	1	A_clean_core	16.94717788696289	0.9999999563550358	1
HPCLAS_TRAIN_P_003947	1	HPCLAS_TRAIN_P_003947	1	B_ambiguous	37.0019416809082	1.0	1
HPCLAS_TRAIN_P_003948	1	HPCLAS_TRAIN_P_003948	1	A_clean_core	20.092323303222656	0.9999999981206189	1
HPCLAS_TRAIN_P_003959	1	HPCLAS_TRAIN_P_003959	1	A_clean_core	58.21038818359375	1.0	1
HPCLAS_TRAIN_P_003968	1	HPCLAS_TRAIN_P_003968	1	A_clean_core	35.29408264160156	0.9999999999999996	1
HPCLAS_TRAIN_P_003971	1	HPCLAS_TRAIN_P_003971	1	A_clean_core	30.977869033813477	0.9999999999999647	1
HPCLAS_TRAIN_P_003973	1	HPCLAS_TRAIN_P_003973	1	A_clean_core	49.15985870361328	1.0	1
HPCLAS_TRAIN_P_003975	1	HPCLAS_TRAIN_P_003975	1	A_clean_core	15.914192199707031	0.9999998773820388	1
HPCLAS_TRAIN_P_003983	1	HPCLAS_TRAIN_P_003983	1	A_clean_core	25.68090057373047	0.9999999999929705	1
HPCLAS_TRAIN_P_003989	1	HPCLAS_TRAIN_P_003989	1	A_clean_core	10.669699668884277	0.9999767620283254	1
HPCLAS_TRAIN_P_003990	1	HPCLAS_TRAIN_P_003990	1	A_clean_core	15.961029052734375	0.9999998829926601	1
HPCLAS_TRAIN_P_003998	1	HPCLAS_TRAIN_P_003998	1	A_clean_core	65.25096130371094	1.0	1
HPCLAS_TRAIN_P_004004	1	HPCLAS_TRAIN_P_004004	1	A_clean_core	30.774471282958984	0.9999999999999569	1
HPCLAS_TRAIN_P_004010	1	HPCLAS_TRAIN_P_004010	1	A_clean_core	40.290157318115234	1.0	1
HPCLAS_TRAIN_P_004015	1	HPCLAS_TRAIN_P_004015	1	A_clean_core	78.61213684082031	1.0	1
HPCLAS_TRAIN_P_004017	1	HPCLAS_TRAIN_P_004017	1	A_clean_core	22.660856246948242	0.9999999998559495	1
HPCLAS_TRAIN_P_004019	1	HPCLAS_TRAIN_N_003322	1	B_ambiguous	35.830238342285156	0.9999999999999998	1
HPCLAS_TRAIN_P_004025	1	HPCLAS_TRAIN_P_004025	1	D_hard_sample	-5.1479668617248535	0.005777632689403241	0
HPCLAS_TRAIN_P_004032	1	HPCLAS_TRAIN_P_004032	1	D_hard_sample	-9.72895622253418	5.953085816891294e-05	0
HPCLAS_TRAIN_P_004047	1	HPCLAS_TRAIN_P_004047	1	A_clean_core	35.233604431152344	0.9999999999999996	1
HPCLAS_TRAIN_P_004051	1	HPCLAS_TRAIN_P_004051	1	D_hard_sample	-2.175104856491089	0.10200846364670572	0
HPCLAS_TRAIN_P_004059	1	HPCLAS_TRAIN_P_004059	1	A_clean_core	41.25282669067383	1.0	1
HPCLAS_TRAIN_P_004070	1	HPCLAS_TRAIN_P_004070	1	A_clean_core	20.416154861450195	0.9999999986405081	1
HPCLAS_TRAIN_P_004075	1	HPCLAS_TRAIN_P_004075	1	A_clean_core	49.68104553222656	1.0	1
HPCLAS_TRAIN_P_004089	1	HPCLAS_TRAIN_P_004089	1	D_hard_sample	9.036657333374023	0.9998810463092721	1
HPCLAS_TRAIN_P_004096	1	HPCLAS_TRAIN_P_004096	1	D_hard_sample	6.413116455078125	0.9983627790508967	1
HPCLAS_TRAIN_P_004101	1	HPCLAS_TRAIN_P_004101	1	A_clean_core	-0.5656704902648926	0.3622364356090107	0
HPCLAS_TRAIN_P_004107	1	HPCLAS_TRAIN_P_004107	1	A_clean_core	12.299555778503418	0.9999954462538418	1
HPCLAS_TRAIN_P_004108	1	HPCLAS_TRAIN_P_004108	1	A_clean_core	7.929872035980225	0.99964029697723	1
HPCLAS_TRAIN_P_004109	1	HPCLAS_TRAIN_P_004109	1	A_clean_core	23.561986923217773	0.9999999999414995	1
HPCLAS_TRAIN_P_004110	1	HPCLAS_TRAIN_N_002216	1	B_ambiguous	0.7856084704399109	0.6868876070995108	1
HPCLAS_TRAIN_P_004113	1	HPCLAS_TRAIN_P_004113	1	A_clean_core	12.384052276611328	0.999995815220156	1
HPCLAS_TRAIN_P_004115	1	HPCLAS_TRAIN_P_004115	1	A_clean_core	39.3019905090332	1.0	1
HPCLAS_TRAIN_P_004136	1	HPCLAS_TRAIN_P_004136	1	A_clean_core	40.213722229003906	1.0	1
HPCLAS_TRAIN_P_004153	1	HPCLAS_TRAIN_P_004153	1	A_clean_core	50.11585235595703	1.0	1
HPCLAS_TRAIN_P_004157	1	HPCLAS_TRAIN_P_004157	1	A_clean_core	43.48885726928711	1.0	1
HPCLAS_TRAIN_P_004163	1	HPCLAS_TRAIN_P_004163	1	A_clean_core	5.068652153015137	0.9937484343433036	1
HPCLAS_TRAIN_P_004174	1	HPCLAS_TRAIN_N_003164	1	B_ambiguous	45.27477264404297	1.0	1
HPCLAS_TRAIN_P_004178	1	HPCLAS_TRAIN_P_004178	1	A_clean_core	15.29322624206543	0.9999997718417729	1
HPCLAS_TRAIN_P_004180	1	HPCLAS_TRAIN_P_004180	1	A_clean_core	45.9412841796875	1.0	1
HPCLAS_TRAIN_P_004183	1	HPCLAS_TRAIN_P_004183	1	D_hard_sample	-9.092681884765625	0.00011247333749775218	0
HPCLAS_TRAIN_P_004200	1	HPCLAS_TRAIN_P_004200	1	A_clean_core	31.208009719848633	0.999999999999972	1
HPCLAS_TRAIN_P_004212	1	HPCLAS_TRAIN_P_004212	1	A_clean_core	12.939092636108398	0.9999975977266466	1
HPCLAS_TRAIN_P_004215	1	HPCLAS_TRAIN_P_004215	1	A_clean_core	51.585174560546875	1.0	1
HPCLAS_TRAIN_P_004228	1	HPCLAS_TRAIN_P_004228	1	A_clean_core	48.908935546875	1.0	1
HPCLAS_TRAIN_P_004230	1	HPCLAS_TRAIN_P_004230	1	A_clean_core	24.349388122558594	0.9999999999733808	1
HPCLAS_TRAIN_P_004232	1	HPCLAS_TRAIN_P_004232	1	A_clean_core	25.756853103637695	0.9999999999934845	1
HPCLAS_TRAIN_P_004236	1	HPCLAS_TRAIN_P_004236	1	D_hard_sample	-3.6870176792144775	0.024434584756289675	0
HPCLAS_TRAIN_P_004242	1	HPCLAS_TRAIN_P_004242	1	A_clean_core	55.98773956298828	1.0	1
HPCLAS_TRAIN_P_004244	1	HPCLAS_TRAIN_P_004244	1	D_hard_sample	-13.52505111694336	1.3370398510292005e-06	0
HPCLAS_TRAIN_P_004247	1	HPCLAS_TRAIN_P_004247	1	A_clean_core	27.16547393798828	0.999999999998407	1
HPCLAS_TRAIN_P_004251	1	HPCLAS_TRAIN_P_004251	1	A_clean_core	64.19667053222656	1.0	1
HPCLAS_TRAIN_P_004258	1	HPCLAS_TRAIN_P_004258	1	A_clean_core	10.891094207763672	0.999981376993462	1
HPCLAS_TRAIN_P_004262	1	HPCLAS_TRAIN_P_004262	1	A_clean_core	13.172117233276367	0.9999980970764355	1
HPCLAS_TRAIN_P_004269	1	HPCLAS_TRAIN_P_004269	1	A_clean_core	57.39492416381836	1.0	1
HPCLAS_TRAIN_P_004270	1	HPCLAS_TRAIN_P_005151	1	A_clean_core	70.6029052734375	1.0	1
HPCLAS_TRAIN_P_004282	1	HPCLAS_TRAIN_P_004282	1	A_clean_core	19.67658042907715	0.9999999971518052	1
HPCLAS_TRAIN_P_004293	1	HPCLAS_TRAIN_P_004293	1	D_hard_sample	7.6504340171813965	0.9995243887511762	1
HPCLAS_TRAIN_P_004295	1	HPCLAS_TRAIN_P_004295	1	A_clean_core	10.459158897399902	0.9999713164732646	1
HPCLAS_TRAIN_P_004298	1	HPCLAS_TRAIN_P_004298	1	D_hard_sample	16.73291778564453	0.9999999459262965	1
HPCLAS_TRAIN_P_004304	1	HPCLAS_TRAIN_P_004304	1	A_clean_core	48.38154220581055	1.0	1
HPCLAS_TRAIN_P_004325	1	HPCLAS_TRAIN_P_004325	1	A_clean_core	25.12153434753418	0.9999999999877014	1
HPCLAS_TRAIN_P_004326	1	HPCLAS_TRAIN_P_004326	1	A_clean_core	26.58849334716797	0.9999999999971636	1
HPCLAS_TRAIN_P_004338	1	HPCLAS_TRAIN_P_004338	1	A_clean_core	15.664968490600586	0.9999998426776021	1
HPCLAS_TRAIN_P_004341	1	HPCLAS_TRAIN_P_004341	1	A_clean_core	70.30752563476562	1.0	1
HPCLAS_TRAIN_P_004343	1	HPCLAS_TRAIN_P_004343	1	A_clean_core	7.420111179351807	0.9994012761487998	1
HPCLAS_TRAIN_P_004350	1	HPCLAS_TRAIN_P_004350	1	A_clean_core	45.064781188964844	1.0	1
HPCLAS_TRAIN_P_004352	1	HPCLAS_TRAIN_P_004352	1	A_clean_core	38.21360397338867	1.0	1
HPCLAS_TRAIN_P_004353	1	HPCLAS_TRAIN_P_004353	1	D_hard_sample	0.22635120153427124	0.5563474261630549	1
HPCLAS_TRAIN_P_004366	1	HPCLAS_TRAIN_P_004366	1	D_hard_sample	7.923798084259033	0.9996381063028176	1
HPCLAS_TRAIN_P_004370	1	HPCLAS_TRAIN_P_004370	1	D_hard_sample	7.384819030761719	0.9993797819456736	1
HPCLAS_TRAIN_P_004371	1	HPCLAS_TRAIN_P_004371	1	A_clean_core	28.86011505126953	0.9999999999997073	1
HPCLAS_TRAIN_P_004376	1	HPCLAS_TRAIN_P_004376	1	D_hard_sample	3.3383266925811768	0.9657204915771714	1
HPCLAS_TRAIN_P_004377	1	HPCLAS_TRAIN_P_004377	1	A_clean_core	22.185197830200195	0.9999999997682121	1
HPCLAS_TRAIN_P_004381	1	HPCLAS_TRAIN_P_004381	1	A_clean_core	30.51761817932129	0.9999999999999443	1
HPCLAS_TRAIN_P_004384	1	HPCLAS_TRAIN_P_004384	1	A_clean_core	34.488128662109375	0.9999999999999989	1
HPCLAS_TRAIN_P_004389	1	HPCLAS_TRAIN_P_004389	1	A_clean_core	3.9330334663391113	0.9807919984310127	1
HPCLAS_TRAIN_P_004390	1	HPCLAS_TRAIN_P_004390	1	A_clean_core	18.243858337402344	0.9999999880658087	1
HPCLAS_TRAIN_P_004391	1	HPCLAS_TRAIN_P_004391	1	A_clean_core	25.459129333496094	0.9999999999912252	1
HPCLAS_TRAIN_P_004393	1	HPCLAS_TRAIN_P_004393	1	A_clean_core	12.66994857788086	0.9999968558020434	1
HPCLAS_TRAIN_P_004395	1	HPCLAS_TRAIN_P_004395	1	A_clean_core	82.14573669433594	1.0	1
HPCLAS_TRAIN_P_004402	1	HPCLAS_TRAIN_P_004402	1	D_hard_sample	14.695596694946289	0.9999995852529869	1
HPCLAS_TRAIN_P_004416	1	HPCLAS_TRAIN_P_004416	1	A_clean_core	72.02400970458984	1.0	1
HPCLAS_TRAIN_P_004419	1	HPCLAS_TRAIN_P_004419	1	D_hard_sample	-0.29618242383003235	0.4264909855718945	0
HPCLAS_TRAIN_P_004420	1	HPCLAS_TRAIN_P_004420	1	A_clean_core	32.50791931152344	0.9999999999999925	1
HPCLAS_TRAIN_P_004427	1	HPCLAS_TRAIN_P_004427	1	A_clean_core	20.864572525024414	0.999999999131777	1
HPCLAS_TRAIN_P_004435	1	HPCLAS_TRAIN_P_004435	1	A_clean_core	12.178670883178711	0.9999948611231912	1
HPCLAS_TRAIN_P_004436	1	HPCLAS_TRAIN_P_004436	1	A_clean_core	11.659446716308594	0.9999913630008265	1
HPCLAS_TRAIN_P_004437	1	HPCLAS_TRAIN_P_004437	1	A_clean_core	26.114912033081055	0.9999999999954454	1
HPCLAS_TRAIN_P_004441	1	HPCLAS_TRAIN_P_004441	1	A_clean_core	57.565155029296875	1.0	1
HPCLAS_TRAIN_P_004450	1	HPCLAS_TRAIN_P_004450	1	A_clean_core	12.933860778808594	0.9999975851253905	1
HPCLAS_TRAIN_P_004457	1	HPCLAS_TRAIN_P_004457	1	A_clean_core	2.246978759765625	0.9043896103344264	1
HPCLAS_TRAIN_P_004458	1	HPCLAS_TRAIN_P_004458	1	A_clean_core	18.26554298400879	0.9999999883218119	1
HPCLAS_TRAIN_P_004469	1	HPCLAS_TRAIN_P_004469	1	A_clean_core	20.3896427154541	0.9999999986039831	1
HPCLAS_TRAIN_P_004485	1	HPCLAS_TRAIN_P_004485	1	A_clean_core	29.697969436645508	0.9999999999998734	1
HPCLAS_TRAIN_P_004486	1	HPCLAS_TRAIN_P_004486	1	A_clean_core	17.07322120666504	0.9999999615236183	1
HPCLAS_TRAIN_P_004491	1	HPCLAS_TRAIN_P_004491	1	A_clean_core	37.616539001464844	1.0	1
HPCLAS_TRAIN_P_004494	1	HPCLAS_TRAIN_P_004494	1	D_hard_sample	2.410830020904541	0.9176494274327395	1
HPCLAS_TRAIN_P_004496	1	HPCLAS_TRAIN_P_003124	1	A_clean_core	52.55455780029297	1.0	1
HPCLAS_TRAIN_P_004498	1	HPCLAS_TRAIN_P_004498	1	D_hard_sample	5.123106002807617	0.9940777913522717	1
HPCLAS_TRAIN_P_004500	1	HPCLAS_TRAIN_P_004500	1	A_clean_core	2.98561692237854	0.9519201013748181	1
HPCLAS_TRAIN_P_004513	1	HPCLAS_TRAIN_P_004513	1	A_clean_core	32.70429992675781	0.9999999999999938	1
HPCLAS_TRAIN_P_004514	1	HPCLAS_TRAIN_P_004514	1	A_clean_core	12.336740493774414	0.9999956124732895	1
HPCLAS_TRAIN_P_004517	1	HPCLAS_TRAIN_P_004517	1	A_clean_core	18.58778190612793	0.9999999915388599	1
HPCLAS_TRAIN_P_004520	1	HPCLAS_TRAIN_P_004520	1	A_clean_core	5.140222549438477	0.9941777113383329	1
HPCLAS_TRAIN_P_004527	1	HPCLAS_TRAIN_P_004527	1	A_clean_core	7.965540885925293	0.9996528966728258	1
HPCLAS_TRAIN_P_004533	1	HPCLAS_TRAIN_P_004533	1	A_clean_core	42.114952087402344	1.0	1
HPCLAS_TRAIN_P_004539	1	HPCLAS_TRAIN_P_004539	1	D_hard_sample	7.723556041717529	0.9995579105093995	1
HPCLAS_TRAIN_P_004566	1	HPCLAS_TRAIN_P_004566	1	A_clean_core	23.094898223876953	0.9999999999066718	1
HPCLAS_TRAIN_P_004568	1	HPCLAS_TRAIN_P_004568	1	A_clean_core	58.901580810546875	1.0	1
HPCLAS_TRAIN_P_004580	1	HPCLAS_TRAIN_P_004580	1	A_clean_core	64.42196655273438	1.0	1
HPCLAS_TRAIN_P_004596	1	HPCLAS_TRAIN_P_004596	1	A_clean_core	11.888144493103027	0.9999931286596199	1
HPCLAS_TRAIN_P_004601	1	HPCLAS_TRAIN_P_004601	1	A_clean_core	31.394956588745117	0.9999999999999769	1
HPCLAS_TRAIN_P_004603	1	HPCLAS_TRAIN_P_004603	1	A_clean_core	23.850765228271484	0.9999999999561728	1
HPCLAS_TRAIN_P_004608	1	HPCLAS_TRAIN_P_004608	1	A_clean_core	8.711315155029297	0.9998353156345873	1
HPCLAS_TRAIN_P_004616	1	HPCLAS_TRAIN_P_004616	1	A_clean_core	55.50407409667969	1.0	1
HPCLAS_TRAIN_P_004617	1	HPCLAS_TRAIN_P_004617	1	A_clean_core	61.39897155761719	1.0	1
HPCLAS_TRAIN_P_004627	1	HPCLAS_TRAIN_P_004627	1	D_hard_sample	24.172279357910156	0.999999999968223	1
HPCLAS_TRAIN_P_004629	1	HPCLAS_TRAIN_P_004629	1	A_clean_core	16.530601501464844	0.999999933801072	1
HPCLAS_TRAIN_P_004630	1	HPCLAS_TRAIN_P_004630	1	A_clean_core	59.900062561035156	1.0	1
HPCLAS_TRAIN_P_004640	1	HPCLAS_TRAIN_P_004640	1	A_clean_core	34.63449478149414	0.9999999999999991	1
HPCLAS_TRAIN_P_004645	1	HPCLAS_TRAIN_P_004645	1	A_clean_core	54.63550567626953	1.0	1
HPCLAS_TRAIN_P_004646	1	HPCLAS_TRAIN_P_004646	1	D_hard_sample	0.49509456753730774	0.6213058457590825	1
HPCLAS_TRAIN_P_004649	1	HPCLAS_TRAIN_P_004649	1	A_clean_core	63.79304885864258	1.0	1
HPCLAS_TRAIN_P_004658	1	HPCLAS_TRAIN_P_004658	1	A_clean_core	59.361961364746094	1.0	1
HPCLAS_TRAIN_P_004667	1	HPCLAS_TRAIN_P_004667	1	A_clean_core	75.5633773803711	1.0	1
HPCLAS_TRAIN_P_004672	1	HPCLAS_TRAIN_P_004672	1	A_clean_core	58.08733367919922	1.0	1
HPCLAS_TRAIN_P_004674	1	HPCLAS_TRAIN_P_004674	1	A_clean_core	14.530096054077148	0.9999995106053136	1
HPCLAS_TRAIN_P_004677	1	HPCLAS_TRAIN_P_004677	1	B_ambiguous	8.093120574951172	0.9996944588718647	1
HPCLAS_TRAIN_P_004679	1	HPCLAS_TRAIN_P_004679	1	D_hard_sample	-16.77501106262207	5.1844804257980046e-08	0
HPCLAS_TRAIN_P_004680	1	HPCLAS_TRAIN_P_004680	1	A_clean_core	47.176753997802734	1.0	1
HPCLAS_TRAIN_P_004694	1	HPCLAS_TRAIN_P_004694	1	A_clean_core	28.20058250427246	0.9999999999994342	1
HPCLAS_TRAIN_P_004697	1	HPCLAS_TRAIN_P_004697	1	A_clean_core	76.05149841308594	1.0	1
HPCLAS_TRAIN_P_004698	1	HPCLAS_TRAIN_P_004698	1	A_clean_core	42.21668243408203	1.0	1
HPCLAS_TRAIN_P_004699	1	HPCLAS_TRAIN_P_004699	1	A_clean_core	63.53728485107422	1.0	1
HPCLAS_TRAIN_P_004701	1	HPCLAS_TRAIN_P_004701	1	A_clean_core	11.410491943359375	0.9999889214862302	1
HPCLAS_TRAIN_P_004704	1	HPCLAS_TRAIN_P_004704	1	A_clean_core	47.24940872192383	1.0	1
HPCLAS_TRAIN_P_004706	1	HPCLAS_TRAIN_N_004064	1	B_ambiguous	20.74830436706543	0.9999999990247277	1
HPCLAS_TRAIN_P_004714	1	HPCLAS_TRAIN_P_004714	1	D_hard_sample	13.960315704345703	0.9999991348098862	1
HPCLAS_TRAIN_P_004724	1	HPCLAS_TRAIN_N_002999	1	B_ambiguous	-11.53656005859375	9.766329777542958e-06	0
HPCLAS_TRAIN_P_004728	1	HPCLAS_TRAIN_P_004728	1	A_clean_core	29.783422470092773	0.9999999999998839	1
HPCLAS_TRAIN_P_004743	1	HPCLAS_TRAIN_P_004743	1	A_clean_core	43.34296417236328	1.0	1
HPCLAS_TRAIN_P_004747	1	HPCLAS_TRAIN_P_004747	1	A_clean_core	6.893627643585205	0.9989867997139421	1
HPCLAS_TRAIN_P_004755	1	HPCLAS_TRAIN_P_004755	1	A_clean_core	68.0132064819336	1.0	1
HPCLAS_TRAIN_P_004758	1	HPCLAS_TRAIN_P_004758	1	D_hard_sample	1.050855040550232	0.7409390566314131	1
HPCLAS_TRAIN_P_004761	1	HPCLAS_TRAIN_P_004761	1	A_clean_core	7.455101490020752	0.9994218515022175	1
HPCLAS_TRAIN_P_004762	1	HPCLAS_TRAIN_P_004762	1	A_clean_core	33.75053405761719	0.9999999999999978	1
HPCLAS_TRAIN_P_004778	1	HPCLAS_TRAIN_P_004778	1	A_clean_core	14.71561050415039	0.9999995934711386	1
HPCLAS_TRAIN_P_004780	1	HPCLAS_TRAIN_P_004780	1	A_clean_core	12.669936180114746	0.9999968557630622	1
HPCLAS_TRAIN_P_004792	1	HPCLAS_TRAIN_P_004792	1	A_clean_core	31.325668334960938	0.9999999999999751	1
HPCLAS_TRAIN_P_004796	1	HPCLAS_TRAIN_P_004796	1	A_clean_core	41.512882232666016	1.0	1
HPCLAS_TRAIN_P_004802	1	HPCLAS_TRAIN_P_004802	1	D_hard_sample	-2.994300127029419	0.04768403967047995	0
HPCLAS_TRAIN_P_004807	1	HPCLAS_TRAIN_P_004807	1	D_hard_sample	21.635793685913086	0.9999999995984921	1
HPCLAS_TRAIN_P_004810	1	HPCLAS_TRAIN_P_004810	1	A_clean_core	37.3514518737793	1.0	1
HPCLAS_TRAIN_P_004814	1	HPCLAS_TRAIN_P_004814	1	A_clean_core	56.69715881347656	1.0	1
HPCLAS_TRAIN_P_004817	1	HPCLAS_TRAIN_P_004817	1	B_ambiguous	1.237092137336731	0.7750574531323456	1
HPCLAS_TRAIN_P_004825	1	HPCLAS_TRAIN_P_004825	1	A_clean_core	10.040958404541016	0.9999564239112658	1
HPCLAS_TRAIN_P_004847	1	HPCLAS_TRAIN_P_004847	1	A_clean_core	19.352434158325195	0.999999996061375	1
HPCLAS_TRAIN_P_004851	1	HPCLAS_TRAIN_P_004851	1	A_clean_core	28.97739601135254	0.9999999999997398	1
HPCLAS_TRAIN_P_004861	1	HPCLAS_TRAIN_P_004861	1	A_clean_core	25.0357723236084	0.9999999999866	1
HPCLAS_TRAIN_P_004866	1	HPCLAS_TRAIN_P_004866	1	A_clean_core	2.6694042682647705	0.935196937248908	1
HPCLAS_TRAIN_P_004868	1	HPCLAS_TRAIN_P_004868	1	D_hard_sample	48.58389663696289	1.0	1
HPCLAS_TRAIN_P_004870	1	HPCLAS_TRAIN_P_004870	1	A_clean_core	23.906709671020508	0.9999999999585574	1
HPCLAS_TRAIN_P_004891	1	HPCLAS_TRAIN_P_004891	1	A_clean_core	6.189356327056885	0.9979530519944105	1
HPCLAS_TRAIN_P_004906	1	HPCLAS_TRAIN_P_004906	1	A_clean_core	17.470643997192383	0.9999999741419539	1
HPCLAS_TRAIN_P_004912	1	HPCLAS_TRAIN_P_004912	1	A_clean_core	15.80431842803955	0.9999998631415375	1
HPCLAS_TRAIN_P_004915	1	HPCLAS_TRAIN_P_004915	1	A_clean_core	30.582170486450195	0.9999999999999478	1
HPCLAS_TRAIN_P_004923	1	HPCLAS_TRAIN_P_004923	1	A_clean_core	63.43247985839844	1.0	1
HPCLAS_TRAIN_P_004927	1	HPCLAS_TRAIN_P_004927	1	A_clean_core	11.766136169433594	0.9999922370173263	1
HPCLAS_TRAIN_P_004929	1	HPCLAS_TRAIN_P_004929	1	A_clean_core	13.527996063232422	0.999998666891862	1
HPCLAS_TRAIN_P_004935	1	HPCLAS_TRAIN_P_004935	1	A_clean_core	30.123136520385742	0.9999999999999172	1
HPCLAS_TRAIN_P_004937	1	HPCLAS_TRAIN_P_004937	1	A_clean_core	24.303503036499023	0.999999999972131	1
HPCLAS_TRAIN_P_004940	1	HPCLAS_TRAIN_P_004940	1	A_clean_core	15.31932258605957	0.9999997777188486	1
HPCLAS_TRAIN_P_004942	1	HPCLAS_TRAIN_P_004942	1	A_clean_core	24.31480598449707	0.999999999972444	1
HPCLAS_TRAIN_P_004952	1	HPCLAS_TRAIN_P_004952	1	D_hard_sample	-1.4803494215011597	0.1853746470409801	0
HPCLAS_TRAIN_P_004953	1	HPCLAS_TRAIN_P_004953	1	A_clean_core	29.38249397277832	0.9999999999998266	1
HPCLAS_TRAIN_P_004954	1	HPCLAS_TRAIN_P_004954	1	A_clean_core	40.121337890625	1.0	1
HPCLAS_TRAIN_P_004956	1	HPCLAS_TRAIN_P_004956	1	A_clean_core	47.014244079589844	1.0	1
HPCLAS_TRAIN_P_004965	1	HPCLAS_TRAIN_P_004965	1	A_clean_core	51.37687683105469	1.0	1
HPCLAS_TRAIN_P_004989	1	HPCLAS_TRAIN_P_004989	1	A_clean_core	41.85986328125	1.0	1
HPCLAS_TRAIN_P_005005	1	HPCLAS_TRAIN_P_005005	1	D_hard_sample	9.83045482635498	0.9999462146059221	1
HPCLAS_TRAIN_P_005006	1	HPCLAS_TRAIN_P_005006	1	D_hard_sample	9.743816375732422	0.9999413471875127	1
HPCLAS_TRAIN_P_005010	1	HPCLAS_TRAIN_P_005010	1	A_clean_core	52.85517883300781	1.0	1
HPCLAS_TRAIN_P_005015	1	HPCLAS_TRAIN_P_005015	1	A_clean_core	30.33680534362793	0.9999999999999332	1
HPCLAS_TRAIN_P_005017	1	HPCLAS_TRAIN_P_005017	1	D_hard_sample	13.699119567871094	0.9999988765662238	1
HPCLAS_TRAIN_P_005029	1	HPCLAS_TRAIN_P_005029	1	A_clean_core	28.57843589782715	0.9999999999996123	1
HPCLAS_TRAIN_P_005035	1	HPCLAS_TRAIN_P_005035	1	A_clean_core	38.95112609863281	1.0	1
HPCLAS_TRAIN_P_005041	1	HPCLAS_TRAIN_P_005041	1	A_clean_core	9.432313919067383	0.9999199127593643	1
HPCLAS_TRAIN_P_005044	1	HPCLAS_TRAIN_P_005044	1	B_ambiguous	-2.3273398876190186	0.08888385304050228	0
HPCLAS_TRAIN_P_005052	1	HPCLAS_TRAIN_P_005052	1	A_clean_core	28.86858558654785	0.99999999999971	1
HPCLAS_TRAIN_P_005054	1	HPCLAS_TRAIN_P_005054	1	D_hard_sample	7.776439189910889	0.9995806726194225	1
HPCLAS_TRAIN_P_005055	1	HPCLAS_TRAIN_P_005055	1	A_clean_core	36.77885437011719	1.0	1
HPCLAS_TRAIN_P_005057	1	HPCLAS_TRAIN_P_005057	1	A_clean_core	12.645575523376465	0.9999967782270526	1
HPCLAS_TRAIN_P_005059	1	HPCLAS_TRAIN_P_005059	1	A_clean_core	39.56705093383789	1.0	1
HPCLAS_TRAIN_P_005062	1	HPCLAS_TRAIN_P_005062	1	A_clean_core	58.55713653564453	1.0	1
HPCLAS_TRAIN_P_005072	1	HPCLAS_TRAIN_P_005072	1	A_clean_core	46.544677734375	1.0	1
HPCLAS_TRAIN_P_005076	1	HPCLAS_TRAIN_P_005076	1	A_clean_core	41.188419342041016	1.0	1
HPCLAS_TRAIN_P_005077	1	HPCLAS_TRAIN_P_005077	1	D_hard_sample	9.61313247680664	0.9999331593627071	1
HPCLAS_TRAIN_P_005078	1	HPCLAS_TRAIN_P_005078	1	A_clean_core	31.422239303588867	0.9999999999999774	1
HPCLAS_TRAIN_P_005086	1	HPCLAS_TRAIN_P_005086	1	A_clean_core	29.876222610473633	0.9999999999998941	1
HPCLAS_TRAIN_P_005087	1	HPCLAS_TRAIN_P_005087	1	A_clean_core	40.813697814941406	1.0	1
HPCLAS_TRAIN_P_005106	1	HPCLAS_TRAIN_P_005106	1	A_clean_core	16.916851043701172	0.9999999550111469	1
HPCLAS_TRAIN_P_005114	1	HPCLAS_TRAIN_P_005114	1	A_clean_core	18.491113662719727	0.9999999906800975	1
HPCLAS_TRAIN_P_005115	1	HPCLAS_TRAIN_P_005115	1	D_hard_sample	1.1162992715835571	0.7533016242836019	1
HPCLAS_TRAIN_P_005130	1	HPCLAS_TRAIN_P_005130	1	D_hard_sample	8.33882999420166	0.9997610052606838	1
HPCLAS_TRAIN_P_005137	1	HPCLAS_TRAIN_P_005137	1	A_clean_core	34.502628326416016	0.9999999999999989	1
HPCLAS_TRAIN_P_005151	1	HPCLAS_TRAIN_P_005151	1	A_clean_core	45.56622314453125	1.0	1
HPCLAS_TRAIN_P_005156	1	HPCLAS_TRAIN_P_005156	1	A_clean_core	7.607029438018799	0.9995033009559516	1
HPCLAS_TRAIN_P_005159	1	HPCLAS_TRAIN_P_005159	1	A_clean_core	31.008607864379883	0.9999999999999658	1
HPCLAS_TRAIN_P_005162	1	HPCLAS_TRAIN_P_005162	1	A_clean_core	28.34433364868164	0.99999999999951	1
HPCLAS_TRAIN_P_005170	1	HPCLAS_TRAIN_P_005170	1	A_clean_core	43.044715881347656	1.0	1
HPCLAS_TRAIN_P_005175	1	HPCLAS_TRAIN_P_005175	1	D_hard_sample	-7.138927936553955	0.0007929731273336929	0
HPCLAS_TRAIN_P_005191	1	HPCLAS_TRAIN_P_005191	1	A_clean_core	16.643787384033203	0.9999999408853727	1
HPCLAS_TRAIN_P_005193	1	HPCLAS_TRAIN_P_005193	1	A_clean_core	25.31242561340332	0.9999999999898386	1
HPCLAS_TRAIN_P_005199	1	HPCLAS_TRAIN_P_005199	1	A_clean_core	45.357852935791016	1.0	1
HPCLAS_TRAIN_P_005205	1	HPCLAS_TRAIN_P_005205	1	A_clean_core	45.49512481689453	1.0	1
HPCLAS_TRAIN_P_005208	1	HPCLAS_TRAIN_P_005208	1	A_clean_core	55.68867874145508	1.0	1
HPCLAS_TRAIN_P_005209	1	HPCLAS_TRAIN_P_005209	1	A_clean_core	40.59874725341797	1.0	1
HPCLAS_TRAIN_P_005217	1	HPCLAS_TRAIN_P_005217	1	D_hard_sample	-1.129052758216858	0.24433595338177816	0
HPCLAS_TRAIN_P_005219	1	HPCLAS_TRAIN_P_005219	1	D_hard_sample	5.359068870544434	0.9953167507257499	1
HPCLAS_TRAIN_P_005220	1	HPCLAS_TRAIN_P_005220	1	D_hard_sample	13.474006652832031	0.9999985929398919	1
HPCLAS_TRAIN_P_005223	1	HPCLAS_TRAIN_P_005223	1	A_clean_core	25.75033187866211	0.9999999999934419	1
HPCLAS_TRAIN_P_005226	1	HPCLAS_TRAIN_P_005226	1	A_clean_core	8.356573104858398	0.999765207385525	1
HPCLAS_TRAIN_P_005231	1	HPCLAS_TRAIN_P_005231	1	A_clean_core	49.733253479003906	1.0	1
HPCLAS_TRAIN_P_005235	1	HPCLAS_TRAIN_P_005235	1	A_clean_core	43.37092208862305	1.0	1
HPCLAS_TRAIN_P_005236	1	HPCLAS_TRAIN_P_005236	1	D_hard_sample	-8.996465682983398	0.00012383140902960134	0
HPCLAS_TRAIN_P_005263	1	HPCLAS_TRAIN_P_005263	1	A_clean_core	2.8075368404388428	0.9430817445245911	1
HPCLAS_TRAIN_P_005264	1	HPCLAS_TRAIN_P_005264	1	A_clean_core	65.03606414794922	1.0	1
HPCLAS_TRAIN_P_005266	1	HPCLAS_TRAIN_P_005266	1	D_hard_sample	-1.6484935283660889	0.16131265748072607	0
HPCLAS_TRAIN_P_005268	1	HPCLAS_TRAIN_N_001842	1	B_ambiguous	0.342744380235672	0.5848570112950596	1
HPCLAS_TRAIN_P_005269	1	HPCLAS_TRAIN_P_005269	1	D_hard_sample	3.6826746463775635	0.9754616739390406	1
HPCLAS_TRAIN_P_005272	1	HPCLAS_TRAIN_P_005272	1	A_clean_core	45.80205535888672	1.0	1
HPCLAS_TRAIN_P_005275	1	HPCLAS_TRAIN_P_005275	1	A_clean_core	32.573951721191406	0.9999999999999929	1
HPCLAS_TRAIN_P_005282	1	HPCLAS_TRAIN_P_005282	1	A_clean_core	25.08487892150879	0.9999999999872422	1
HPCLAS_TRAIN_P_005285	1	HPCLAS_TRAIN_P_005285	1	A_clean_core	1.5230835676193237	0.8209921028760828	1
HPCLAS_TRAIN_P_005306	1	HPCLAS_TRAIN_P_005306	1	A_clean_core	46.580135345458984	1.0	1
HPCLAS_TRAIN_P_005316	1	HPCLAS_TRAIN_P_005316	1	A_clean_core	35.63807678222656	0.9999999999999996	1
HPCLAS_TRAIN_P_005324	1	HPCLAS_TRAIN_P_005324	1	A_clean_core	67.94886779785156	1.0	1
HPCLAS_TRAIN_P_005326	1	HPCLAS_TRAIN_P_005326	1	A_clean_core	47.291072845458984	1.0	1
HPCLAS_TRAIN_P_005355	1	HPCLAS_TRAIN_P_005355	1	A_clean_core	53.692535400390625	1.0	1
HPCLAS_TRAIN_P_005356	1	HPCLAS_TRAIN_P_005356	1	D_hard_sample	7.328098297119141	0.9993436096517906	1
HPCLAS_TRAIN_P_005357	1	HPCLAS_TRAIN_P_005357	1	A_clean_core	21.8173828125	0.999999999665165	1
HPCLAS_TRAIN_P_005361	1	HPCLAS_TRAIN_P_005361	1	A_clean_core	43.36452102661133	1.0	1
HPCLAS_TRAIN_P_005363	1	HPCLAS_TRAIN_P_005363	1	A_clean_core	34.31293487548828	0.9999999999999987	1
HPCLAS_TRAIN_P_005367	1	HPCLAS_TRAIN_P_005367	1	D_hard_sample	4.879226207733154	0.9924544730345856	1
HPCLAS_TRAIN_P_005368	1	HPCLAS_TRAIN_P_005368	1	A_clean_core	23.993417739868164	0.9999999999619993	1
HPCLAS_TRAIN_P_005374	1	HPCLAS_TRAIN_P_005374	1	A_clean_core	36.78028106689453	1.0	1
HPCLAS_TRAIN_P_005380	1	HPCLAS_TRAIN_P_005380	1	A_clean_core	26.631452560424805	0.9999999999972828	1
HPCLAS_TRAIN_P_005388	1	HPCLAS_TRAIN_P_005388	1	A_clean_core	60.06039810180664	1.0	1
HPCLAS_TRAIN_P_005390	1	HPCLAS_TRAIN_P_005390	1	A_clean_core	25.1841983795166	0.9999999999884484	1
HPCLAS_TRAIN_P_005396	1	HPCLAS_TRAIN_P_005396	1	A_clean_core	12.810346603393555	0.9999972676522474	1
HPCLAS_TRAIN_P_005397	1	HPCLAS_TRAIN_P_005397	1	A_clean_core	13.168402671813965	0.9999980899947779	1
HPCLAS_TRAIN_P_005399	1	HPCLAS_TRAIN_P_005399	1	A_clean_core	18.503965377807617	0.9999999907991078	1
HPCLAS_TRAIN_P_005408	1	HPCLAS_TRAIN_P_005408	1	A_clean_core	16.933238983154297	0.9999999557424133	1
HPCLAS_TRAIN_P_005409	1	HPCLAS_TRAIN_P_005409	1	A_clean_core	77.76129150390625	1.0	1
HPCLAS_TRAIN_P_005418	1	HPCLAS_TRAIN_P_005418	1	A_clean_core	48.599998474121094	1.0	1
HPCLAS_TRAIN_P_005429	1	HPCLAS_TRAIN_P_005429	1	A_clean_core	51.24650192260742	1.0	1
HPCLAS_TRAIN_P_005445	1	HPCLAS_TRAIN_P_005445	1	A_clean_core	64.99469757080078	1.0	1
HPCLAS_TRAIN_P_005451	1	HPCLAS_TRAIN_P_005451	1	A_clean_core	17.264394760131836	0.9999999682189232	1
HPCLAS_TRAIN_P_005459	1	HPCLAS_TRAIN_P_005459	1	A_clean_core	46.15785217285156	1.0	1
HPCLAS_TRAIN_P_005469	1	HPCLAS_TRAIN_P_005469	1	A_clean_core	50.04076385498047	1.0	1
HPCLAS_TRAIN_P_005470	1	HPCLAS_TRAIN_P_005470	1	A_clean_core	6.868283748626709	0.9989608201355571	1
HPCLAS_TRAIN_P_005473	1	HPCLAS_TRAIN_P_005473	1	A_clean_core	35.56358337402344	0.9999999999999996	1
HPCLAS_TRAIN_P_005487	1	HPCLAS_TRAIN_P_005487	1	D_hard_sample	26.613231658935547	0.9999999999972329	1
HPCLAS_TRAIN_P_005490	1	HPCLAS_TRAIN_P_005490	1	A_clean_core	37.8480110168457	1.0	1
HPCLAS_TRAIN_P_005493	1	HPCLAS_TRAIN_P_005493	1	D_hard_sample	-0.5678382515907288	0.3617357864946629	0
HPCLAS_TRAIN_P_005500	1	HPCLAS_TRAIN_P_005500	1	A_clean_core	26.526811599731445	0.9999999999969831	1
HPCLAS_TRAIN_P_005505	1	HPCLAS_TRAIN_P_005505	1	D_hard_sample	1.613751769065857	0.8339316188539482	1
HPCLAS_TRAIN_P_005513	1	HPCLAS_TRAIN_P_005513	1	A_clean_core	40.43345260620117	1.0	1
HPCLAS_TRAIN_P_005518	1	HPCLAS_TRAIN_P_005518	1	D_hard_sample	28.08506202697754	0.999999999999365	1
HPCLAS_TRAIN_P_005525	1	HPCLAS_TRAIN_P_005525	1	A_clean_core	72.77403259277344	1.0	1
HPCLAS_TRAIN_P_005527	1	HPCLAS_TRAIN_P_005527	1	A_clean_core	9.954229354858398	0.9999524760555347	1
HPCLAS_TRAIN_P_005529	1	HPCLAS_TRAIN_N_000198	1	B_ambiguous	35.397491455078125	0.9999999999999996	1
HPCLAS_TRAIN_P_005542	1	HPCLAS_TRAIN_P_005542	1	A_clean_core	73.98500061035156	1.0	1
HPCLAS_TRAIN_P_005544	1	HPCLAS_TRAIN_P_005544	1	A_clean_core	58.830322265625	1.0	1
HPCLAS_TRAIN_P_005550	1	HPCLAS_TRAIN_P_005550	1	D_hard_sample	10.124412536621094	0.9999599127658478	1
HPCLAS_TRAIN_P_005554	1	HPCLAS_TRAIN_P_005554	1	A_clean_core	60.36960983276367	1.0	1
HPCLAS_TRAIN_P_005561	1	HPCLAS_TRAIN_P_005561	1	A_clean_core	27.737348556518555	0.9999999999991009	1
HPCLAS_TRAIN_P_005564	1	HPCLAS_TRAIN_P_005564	1	A_clean_core	56.061038970947266	1.0	1
HPCLAS_TRAIN_P_005579	1	HPCLAS_TRAIN_P_005579	1	A_clean_core	26.337047576904297	0.9999999999963527	1
HPCLAS_TRAIN_P_005582	1	HPCLAS_TRAIN_P_005582	1	A_clean_core	12.35847282409668	0.9999957067954277	1
HPCLAS_TRAIN_P_005587	1	HPCLAS_TRAIN_P_005587	1	A_clean_core	49.97587203979492	1.0	1
HPCLAS_TRAIN_P_005589	1	HPCLAS_TRAIN_N_004206	1	B_ambiguous	-1.232452154159546	0.22575252959593256	0
HPCLAS_TRAIN_P_005593	1	HPCLAS_TRAIN_P_005593	1	A_clean_core	20.634302139282227	0.999999998906959	1
HPCLAS_TRAIN_P_005595	1	HPCLAS_TRAIN_P_005595	1	A_clean_core	17.691192626953125	0.9999999792598135	1
HPCLAS_TRAIN_P_005598	1	HPCLAS_TRAIN_P_005598	1	A_clean_core	29.229272842407227	0.9999999999997977	1
HPCLAS_TRAIN_P_005601	1	HPCLAS_TRAIN_P_005601	1	A_clean_core	64.3124771118164	1.0	1
HPCLAS_TRAIN_P_005605	1	HPCLAS_TRAIN_P_005605	1	A_clean_core	45.77790832519531	1.0	1
HPCLAS_TRAIN_P_005615	1	HPCLAS_TRAIN_P_005615	1	D_hard_sample	2.762906789779663	0.940638151452647	1
HPCLAS_TRAIN_P_005621	1	HPCLAS_TRAIN_P_005621	1	A_clean_core	9.741952896118164	0.9999412377937199	1
HPCLAS_TRAIN_P_005627	1	HPCLAS_TRAIN_P_005627	1	D_hard_sample	-0.5038898587226868	0.3766269739485497	0
HPCLAS_TRAIN_P_005628	1	HPCLAS_TRAIN_P_005628	1	A_clean_core	12.357452392578125	0.9999957024122893	1
HPCLAS_TRAIN_P_005632	1	HPCLAS_TRAIN_P_005632	1	A_clean_core	12.506095886230469	0.9999962960087009	1
HPCLAS_TRAIN_P_005642	1	HPCLAS_TRAIN_P_005642	1	A_clean_core	24.684127807617188	0.9999999999809532	1
HPCLAS_TRAIN_P_005644	1	HPCLAS_TRAIN_P_005644	1	A_clean_core	17.71368408203125	0.9999999797210839	1
HPCLAS_TRAIN_P_005647	1	HPCLAS_TRAIN_P_005647	1	D_hard_sample	10.557587623596191	0.999974005189051	1
HPCLAS_TRAIN_P_005663	1	HPCLAS_TRAIN_P_005663	1	A_clean_core	13.904790878295898	0.9999990854116767	1
HPCLAS_TRAIN_P_005665	1	HPCLAS_TRAIN_P_005665	1	D_hard_sample	-5.423827648162842	0.004390868721349684	0
HPCLAS_TRAIN_P_005672	1	HPCLAS_TRAIN_P_005672	1	A_clean_core	42.98519515991211	1.0	1
HPCLAS_TRAIN_P_005675	1	HPCLAS_TRAIN_P_005675	1	A_clean_core	36.16523742675781	0.9999999999999998	1
HPCLAS_TRAIN_P_005677	1	HPCLAS_TRAIN_P_005677	1	A_clean_core	14.287967681884766	0.9999993765319432	1
HPCLAS_TRAIN_P_005679	1	HPCLAS_TRAIN_P_005679	1	A_clean_core	37.24192810058594	1.0	1
HPCLAS_TRAIN_P_005683	1	HPCLAS_TRAIN_P_005683	1	A_clean_core	5.949293613433838	0.9973991004193276	1
HPCLAS_TRAIN_P_005684	1	HPCLAS_TRAIN_P_005684	1	A_clean_core	22.3299617767334	0.9999999997994509	1
HPCLAS_TRAIN_P_005690	1	HPCLAS_TRAIN_P_005690	1	A_clean_core	11.766940116882324	0.9999922432557998	1
HPCLAS_TRAIN_P_005700	1	HPCLAS_TRAIN_P_005700	1	A_clean_core	36.024147033691406	0.9999999999999998	1
HPCLAS_TRAIN_P_005708	1	HPCLAS_TRAIN_P_005708	1	D_hard_sample	2.888152837753296	0.947257672483274	1
HPCLAS_TRAIN_P_005711	1	HPCLAS_TRAIN_P_005711	1	A_clean_core	29.981115341186523	0.9999999999999047	1
HPCLAS_TRAIN_P_005735	1	HPCLAS_TRAIN_P_005735	1	A_clean_core	23.057470321655273	0.9999999999031124	1
HPCLAS_TRAIN_P_005742	1	HPCLAS_TRAIN_P_005742	1	A_clean_core	17.653738021850586	0.9999999784682672	1
HPCLAS_TRAIN_P_005747	1	HPCLAS_TRAIN_P_005747	1	A_clean_core	37.78435134887695	1.0	1
HPCLAS_TRAIN_P_005754	1	HPCLAS_TRAIN_P_005754	1	D_hard_sample	5.507809162139893	0.9959613950026597	1
HPCLAS_TRAIN_P_005755	1	HPCLAS_TRAIN_P_005755	1	A_clean_core	27.4085636138916	0.9999999999987508	1
HPCLAS_TRAIN_P_005760	1	HPCLAS_TRAIN_P_005760	1	D_hard_sample	11.533975601196289	0.9999902083971619	1
HPCLAS_TRAIN_P_005765	1	HPCLAS_TRAIN_P_005765	1	A_clean_core	46.34870147705078	1.0	1
HPCLAS_TRAIN_P_005769	1	HPCLAS_TRAIN_P_005769	1	A_clean_core	69.72746276855469	1.0	1
HPCLAS_TRAIN_P_005770	1	HPCLAS_TRAIN_P_005770	1	A_clean_core	40.85296630859375	1.0	1
HPCLAS_TRAIN_P_005775	1	HPCLAS_TRAIN_P_005775	1	A_clean_core	34.849891662597656	0.9999999999999993	1
HPCLAS_TRAIN_P_005786	1	HPCLAS_TRAIN_P_005786	1	D_hard_sample	6.16853141784668	0.997910067556572	1
HPCLAS_TRAIN_P_005791	1	HPCLAS_TRAIN_P_005791	1	A_clean_core	35.45283508300781	0.9999999999999996	1
HPCLAS_TRAIN_P_005818	1	HPCLAS_TRAIN_P_005818	1	A_clean_core	41.897422790527344	1.0	1
HPCLAS_TRAIN_P_005820	1	HPCLAS_TRAIN_P_005820	1	A_clean_core	-6.641808032989502	0.0013029662943757788	0
HPCLAS_TRAIN_P_005822	1	HPCLAS_TRAIN_P_005822	1	A_clean_core	12.867193222045898	0.9999974186442263	1
HPCLAS_TRAIN_P_005823	1	HPCLAS_TRAIN_P_005823	1	D_hard_sample	1.2801371812820435	0.7824731268074976	1
HPCLAS_TRAIN_P_005844	1	HPCLAS_TRAIN_P_005844	1	A_clean_core	12.93472671508789	0.9999975872156077	1
HPCLAS_TRAIN_P_005848	1	HPCLAS_TRAIN_P_005848	1	A_clean_core	9.376232147216797	0.999915293384766	1
HPCLAS_TRAIN_P_005854	1	HPCLAS_TRAIN_P_005854	1	A_clean_core	54.00395965576172	1.0	1
HPCLAS_TRAIN_P_005859	1	HPCLAS_TRAIN_P_005859	1	A_clean_core	11.16069221496582	0.9999857778000482	1
HPCLAS_TRAIN_P_005877	1	HPCLAS_TRAIN_P_005877	1	A_clean_core	33.55366134643555	0.9999999999999973	1
HPCLAS_TRAIN_P_005883	1	HPCLAS_TRAIN_P_005883	1	A_clean_core	4.865301609039307	0.99234947912536	1
HPCLAS_TRAIN_P_005891	1	HPCLAS_TRAIN_P_005891	1	A_clean_core	47.486854553222656	1.0	1
HPCLAS_TRAIN_P_005892	1	HPCLAS_TRAIN_P_005892	1	A_clean_core	36.84269332885742	1.0	1
HPCLAS_TRAIN_P_005897	1	HPCLAS_TRAIN_P_005897	1	A_clean_core	16.282655715942383	0.9999999151733269	1
HPCLAS_TRAIN_P_005905	1	HPCLAS_TRAIN_P_005905	1	A_clean_core	26.32939338684082	0.9999999999963247	1
HPCLAS_TRAIN_P_005918	1	HPCLAS_TRAIN_P_005918	1	D_hard_sample	21.982236862182617	0.999999999716054	1
HPCLAS_TRAIN_P_005924	1	HPCLAS_TRAIN_P_005924	1	A_clean_core	49.03368377685547	1.0	1
HPCLAS_TRAIN_P_005940	1	HPCLAS_TRAIN_P_005940	1	A_clean_core	42.996612548828125	1.0	1
HPCLAS_TRAIN_P_005941	1	HPCLAS_TRAIN_P_005941	1	A_clean_core	1.191548228263855	0.7670178492612775	1
HPCLAS_TRAIN_P_005945	1	HPCLAS_TRAIN_P_005945	1	A_clean_core	14.329595565795898	0.9999994019528045	1
HPCLAS_TRAIN_P_005950	1	HPCLAS_TRAIN_P_005950	1	A_clean_core	45.696678161621094	1.0	1
HPCLAS_TRAIN_P_005956	1	HPCLAS_TRAIN_P_005956	1	A_clean_core	32.50665283203125	0.9999999999999925	1
HPCLAS_TRAIN_P_005958	1	HPCLAS_TRAIN_P_005958	1	A_clean_core	59.315155029296875	1.0	1
HPCLAS_TRAIN_P_005961	1	HPCLAS_TRAIN_P_005961	1	A_clean_core	6.815499782562256	0.9989045563376326	1
HPCLAS_TRAIN_P_005972	1	HPCLAS_TRAIN_P_005972	1	D_hard_sample	14.620534896850586	0.9999995529231547	1
HPCLAS_TRAIN_P_005974	1	HPCLAS_TRAIN_P_005974	1	A_clean_core	27.460365295410156	0.9999999999988138	1
HPCLAS_TRAIN_P_005978	1	HPCLAS_TRAIN_P_005978	1	A_clean_core	49.09620666503906	1.0	1
HPCLAS_TRAIN_P_005987	1	HPCLAS_TRAIN_P_005987	1	A_clean_core	26.21281623840332	0.9999999999958702	1
HPCLAS_TRAIN_P_005988	1	HPCLAS_TRAIN_P_005988	1	A_clean_core	14.839009284973145	0.9999996406646078	1
HPCLAS_TRAIN_P_005989	1	HPCLAS_TRAIN_P_005989	1	D_hard_sample	2.3000710010528564	0.9088829190908913	1
HPCLAS_TRAIN_P_005996	1	HPCLAS_TRAIN_P_005996	1	A_clean_core	5.596268177032471	0.996302036421292	1
HPCLAS_TRAIN_P_006002	1	HPCLAS_TRAIN_P_006002	1	A_clean_core	42.023292541503906	1.0	1
HPCLAS_TRAIN_P_006014	1	HPCLAS_TRAIN_P_006014	1	A_clean_core	28.066274642944336	0.999999999999353	1
HPCLAS_TRAIN_P_006025	1	HPCLAS_TRAIN_P_006025	1	A_clean_core	18.236494064331055	0.9999999879775977	1
HPCLAS_TRAIN_P_006032	1	HPCLAS_TRAIN_P_006032	1	A_clean_core	82.97106170654297	1.0	1
HPCLAS_TRAIN_P_006038	1	HPCLAS_TRAIN_P_006038	1	A_clean_core	44.33774948120117	1.0	1
HPCLAS_TRAIN_P_006043	1	HPCLAS_TRAIN_P_006043	1	A_clean_core	22.417165756225586	0.9999999998161986	1
HPCLAS_TRAIN_P_006044	1	HPCLAS_TRAIN_P_006044	1	A_clean_core	69.17739868164062	1.0	1
HPCLAS_TRAIN_P_006053	1	HPCLAS_TRAIN_P_006053	1	A_clean_core	15.549065589904785	0.9999998233447539	1
HPCLAS_TRAIN_P_006059	1	HPCLAS_TRAIN_P_006059	1	A_clean_core	77.36811828613281	1.0	1
HPCLAS_TRAIN_P_006070	1	HPCLAS_TRAIN_P_006070	1	D_hard_sample	5.081517219543457	0.9938278527881205	1
HPCLAS_TRAIN_P_006073	1	HPCLAS_TRAIN_P_006073	1	A_clean_core	60.642860412597656	1.0	1
HPCLAS_TRAIN_P_006079	1	HPCLAS_TRAIN_P_006079	1	A_clean_core	76.84820556640625	1.0	1
HPCLAS_TRAIN_P_006080	1	HPCLAS_TRAIN_P_006080	1	D_hard_sample	-11.672260284423828	8.527035359059412e-06	0
HPCLAS_TRAIN_P_006081	1	HPCLAS_TRAIN_P_006081	1	A_clean_core	9.442584991455078	0.9999207310663658	1
HPCLAS_TRAIN_P_006086	1	HPCLAS_TRAIN_P_006086	1	A_clean_core	16.19466781616211	0.999999907371402	1
HPCLAS_TRAIN_P_006087	1	HPCLAS_TRAIN_P_006087	1	A_clean_core	12.11503791809082	0.9999945234947831	1
HPCLAS_TRAIN_P_006091	1	HPCLAS_TRAIN_P_006091	1	A_clean_core	11.584514617919922	0.9999906909538567	1
HPCLAS_TRAIN_P_006094	1	HPCLAS_TRAIN_P_006094	1	A_clean_core	71.4308090209961	1.0	1
HPCLAS_TRAIN_P_006103	1	HPCLAS_TRAIN_P_006103	1	A_clean_core	53.4508056640625	1.0	1
HPCLAS_TRAIN_P_006108	1	HPCLAS_TRAIN_P_006108	1	D_hard_sample	17.3757266998291	0.9999999715673221	1
HPCLAS_TRAIN_P_006113	1	HPCLAS_TRAIN_P_006113	1	D_hard_sample	8.557880401611328	0.9998080109865248	1
HPCLAS_TRAIN_P_006114	1	HPCLAS_TRAIN_P_006114	1	A_clean_core	14.530155181884766	0.9999995106342495	1
HPCLAS_TRAIN_P_006116	1	HPCLAS_TRAIN_P_006116	1	A_clean_core	70.44572448730469	1.0	1
HPCLAS_TRAIN_P_006117	1	HPCLAS_TRAIN_P_006117	1	D_hard_sample	0.44831323623657227	0.6102381159887812	1
HPCLAS_TRAIN_P_006121	1	HPCLAS_TRAIN_P_006121	1	B_ambiguous	-12.419703483581543	4.038216104471988e-06	0
HPCLAS_TRAIN_P_006124	1	HPCLAS_TRAIN_P_006124	1	A_clean_core	40.824241638183594	1.0	1
HPCLAS_TRAIN_P_006126	1	HPCLAS_TRAIN_P_006126	1	A_clean_core	6.19796895980835	0.9979705702802172	1
HPCLAS_TRAIN_P_006127	1	HPCLAS_TRAIN_P_006127	1	D_hard_sample	9.386629104614258	0.9999161694399613	1
HPCLAS_TRAIN_P_006139	1	HPCLAS_TRAIN_P_006139	1	A_clean_core	18.691091537475586	0.9999999923693405	1
HPCLAS_TRAIN_P_006149	1	HPCLAS_TRAIN_P_006149	1	A_clean_core	13.019065856933594	0.9999977823624039	1
HPCLAS_TRAIN_P_006154	1	HPCLAS_TRAIN_P_006154	1	A_clean_core	19.902759552001953	0.9999999977283502	1
HPCLAS_TRAIN_P_006155	1	HPCLAS_TRAIN_P_006155	1	A_clean_core	41.17255401611328	1.0	1
HPCLAS_TRAIN_P_006157	1	HPCLAS_TRAIN_P_006157	1	A_clean_core	16.645174026489258	0.9999999409672867	1
HPCLAS_TRAIN_P_006162	1	HPCLAS_TRAIN_P_006162	1	A_clean_core	29.087387084960938	0.9999999999997669	1
HPCLAS_TRAIN_P_006170	1	HPCLAS_TRAIN_P_006170	1	A_clean_core	60.84552764892578	1.0	1
HPCLAS_TRAIN_P_006180	1	HPCLAS_TRAIN_P_006180	1	A_clean_core	53.05498504638672	1.0	1
HPCLAS_TRAIN_P_006182	1	HPCLAS_TRAIN_P_006182	1	A_clean_core	47.797264099121094	1.0	1
HPCLAS_TRAIN_P_006207	1	HPCLAS_TRAIN_P_006207	1	A_clean_core	59.69554138183594	1.0	1
HPCLAS_TRAIN_P_006216	1	HPCLAS_TRAIN_P_006216	1	A_clean_core	48.42809295654297	1.0	1
HPCLAS_TRAIN_P_006221	1	HPCLAS_TRAIN_P_006221	1	A_clean_core	13.049360275268555	0.9999978485368809	1
HPCLAS_TRAIN_P_006229	1	HPCLAS_TRAIN_P_006229	1	A_clean_core	77.26463317871094	1.0	1
HPCLAS_TRAIN_P_006230	1	HPCLAS_TRAIN_P_006230	1	A_clean_core	34.76927185058594	0.9999999999999991	1
HPCLAS_TRAIN_P_006234	1	HPCLAS_TRAIN_P_001694	1	A_clean_core	24.864133834838867	0.999999999984091	1
HPCLAS_TRAIN_P_006240	1	HPCLAS_TRAIN_P_006240	1	A_clean_core	12.818836212158203	0.9999972907505615	1
HPCLAS_TRAIN_P_006243	1	HPCLAS_TRAIN_N_002702	1	B_ambiguous	6.395766735076904	0.998334173613572	1
HPCLAS_TRAIN_P_006244	1	HPCLAS_TRAIN_P_006244	1	A_clean_core	6.7646260261535645	0.9988474509679048	1
HPCLAS_TRAIN_P_006247	1	HPCLAS_TRAIN_N_003461	1	B_ambiguous	10.642138481140137	0.9999761126700869	1
HPCLAS_TRAIN_P_006256	1	HPCLAS_TRAIN_P_006256	1	A_clean_core	0.30426904559135437	0.5754857873551954	1
HPCLAS_TRAIN_P_006259	1	HPCLAS_TRAIN_P_006259	1	A_clean_core	24.394977569580078	0.999999999974567	1
HPCLAS_TRAIN_P_006260	1	HPCLAS_TRAIN_P_006260	1	A_clean_core	32.0224723815918	0.9999999999999876	1
HPCLAS_TRAIN_P_006271	1	HPCLAS_TRAIN_P_006271	1	A_clean_core	42.872161865234375	1.0	1
HPCLAS_TRAIN_P_006272	1	HPCLAS_TRAIN_P_006272	1	A_clean_core	17.609935760498047	0.9999999775041678	1
HPCLAS_TRAIN_P_006276	1	HPCLAS_TRAIN_P_006276	1	A_clean_core	50.154422760009766	1.0	1
HPCLAS_TRAIN_P_006282	1	HPCLAS_TRAIN_P_006282	1	A_clean_core	10.3727445602417	0.9999687276373559	1
HPCLAS_TRAIN_P_006284	1	HPCLAS_TRAIN_P_006284	1	A_clean_core	55.85017013549805	1.0	1
HPCLAS_TRAIN_P_006289	1	HPCLAS_TRAIN_P_006289	1	A_clean_core	10.48648452758789	0.999972089635156	1
HPCLAS_TRAIN_P_006297	1	HPCLAS_TRAIN_P_006297	1	A_clean_core	24.23586654663086	0.9999999999701807	1
HPCLAS_TRAIN_P_006298	1	HPCLAS_TRAIN_P_006298	1	A_clean_core	63.64802551269531	1.0	1
HPCLAS_TRAIN_P_006302	1	HPCLAS_TRAIN_N_003844	1	B_ambiguous	13.277801513671875	0.999998287922865	1
HPCLAS_TRAIN_P_006304	1	HPCLAS_TRAIN_P_006304	1	D_hard_sample	11.518540382385254	0.9999900560907146	1
HPCLAS_TRAIN_P_006306	1	HPCLAS_TRAIN_P_006306	1	A_clean_core	8.900465965270996	0.9998636931932953	1
HPCLAS_TRAIN_P_006311	1	HPCLAS_TRAIN_P_006311	1	A_clean_core	18.182153701782227	0.9999999873062199	1
HPCLAS_TRAIN_P_006314	1	HPCLAS_TRAIN_P_006314	1	D_hard_sample	13.665397644042969	0.9999988380359127	1
HPCLAS_TRAIN_P_006318	1	HPCLAS_TRAIN_P_006318	1	A_clean_core	62.940528869628906	1.0	1
HPCLAS_TRAIN_P_006327	1	HPCLAS_TRAIN_P_006327	1	A_clean_core	62.36124801635742	1.0	1
HPCLAS_TRAIN_P_006339	1	HPCLAS_TRAIN_P_006339	1	D_hard_sample	9.387474060058594	0.9999162402372019	1
HPCLAS_TRAIN_P_006345	1	HPCLAS_TRAIN_P_006345	1	A_clean_core	48.173622131347656	1.0	1
HPCLAS_TRAIN_P_006347	1	HPCLAS_TRAIN_P_006347	1	A_clean_core	54.975982666015625	1.0	1
HPCLAS_TRAIN_P_006383	1	HPCLAS_TRAIN_P_001694	1	D_hard_sample	20.157747268676758	0.9999999982396395	1
HPCLAS_TRAIN_P_006388	1	HPCLAS_TRAIN_P_006388	1	A_clean_core	24.55615997314453	0.9999999999783531	1
HPCLAS_TRAIN_P_006397	1	HPCLAS_TRAIN_P_006397	1	A_clean_core	56.45145797729492	1.0	1
HPCLAS_TRAIN_P_006398	1	HPCLAS_TRAIN_P_006398	1	A_clean_core	10.000537872314453	0.9999546265418809	1
HPCLAS_TRAIN_P_006400	1	HPCLAS_TRAIN_P_006400	1	D_hard_sample	5.485851764678955	0.9958721071203098	1
HPCLAS_TRAIN_P_006401	1	HPCLAS_TRAIN_P_006401	1	A_clean_core	2.5993168354034424	0.9308175994013114	1
HPCLAS_TRAIN_P_006408	1	HPCLAS_TRAIN_P_006408	1	A_clean_core	49.32704544067383	1.0	1
HPCLAS_TRAIN_P_006415	1	HPCLAS_TRAIN_P_006415	1	A_clean_core	23.45005226135254	0.9999999999345708	1
HPCLAS_TRAIN_P_006426	1	HPCLAS_TRAIN_P_006426	1	D_hard_sample	15.69204044342041	0.9999998468794927	1
HPCLAS_TRAIN_P_006433	1	HPCLAS_TRAIN_P_006433	1	D_hard_sample	14.887259483337402	0.9999996575909718	1
HPCLAS_TRAIN_P_006434	1	HPCLAS_TRAIN_P_006434	1	D_hard_sample	18.200105667114258	0.9999999875320648	1
HPCLAS_TRAIN_P_006439	1	HPCLAS_TRAIN_P_006439	1	A_clean_core	11.126310348510742	0.9999852803182965	1
HPCLAS_TRAIN_P_006444	1	HPCLAS_TRAIN_P_006444	1	A_clean_core	59.59905242919922	1.0	1
HPCLAS_TRAIN_P_006445	1	HPCLAS_TRAIN_P_006445	1	A_clean_core	51.28287124633789	1.0	1
HPCLAS_TRAIN_P_006448	1	HPCLAS_TRAIN_P_006448	1	A_clean_core	39.590484619140625	1.0	1
HPCLAS_TRAIN_P_006451	1	HPCLAS_TRAIN_P_006451	1	D_hard_sample	34.11521911621094	0.9999999999999984	1
HPCLAS_TRAIN_P_006453	1	HPCLAS_TRAIN_P_006453	1	D_hard_sample	4.86649227142334	0.9923585133256411	1
HPCLAS_TRAIN_P_006466	1	HPCLAS_TRAIN_P_006466	1	A_clean_core	58.36717987060547	1.0	1
HPCLAS_TRAIN_P_006475	1	HPCLAS_TRAIN_P_006475	1	A_clean_core	16.610027313232422	0.9999999388555889	1
HPCLAS_TRAIN_P_006477	1	HPCLAS_TRAIN_P_006477	1	A_clean_core	65.97765350341797	1.0	1
HPCLAS_TRAIN_P_006478	1	HPCLAS_TRAIN_P_006478	1	A_clean_core	35.284889221191406	0.9999999999999996	1
HPCLAS_TRAIN_P_006482	1	HPCLAS_TRAIN_P_006482	1	A_clean_core	52.205238342285156	1.0	1
HPCLAS_TRAIN_P_006488	1	HPCLAS_TRAIN_P_006488	1	D_hard_sample	8.062328338623047	0.9996849072383422	1
HPCLAS_TRAIN_P_006494	1	HPCLAS_TRAIN_P_006494	1	A_clean_core	27.19038963317871	0.9999999999984464	1
HPCLAS_TRAIN_P_006503	1	HPCLAS_TRAIN_P_006503	1	A_clean_core	13.13167953491211	0.9999980185497193	1
HPCLAS_TRAIN_P_006509	1	HPCLAS_TRAIN_P_006509	1	A_clean_core	46.949073791503906	1.0	1
HPCLAS_TRAIN_P_006514	1	HPCLAS_TRAIN_P_006514	1	A_clean_core	12.410828590393066	0.9999959257858017	1
HPCLAS_TRAIN_P_006517	1	HPCLAS_TRAIN_P_006517	1	A_clean_core	10.02591323852539	0.999955763374294	1
HPCLAS_TRAIN_P_006521	1	HPCLAS_TRAIN_P_006521	1	A_clean_core	66.35004425048828	1.0	1
HPCLAS_TRAIN_P_006523	1	HPCLAS_TRAIN_P_006523	1	A_clean_core	26.710102081298828	0.9999999999974885	1
HPCLAS_TRAIN_P_006534	1	HPCLAS_TRAIN_P_006534	1	B_ambiguous	6.223875522613525	0.9980223680061336	1
HPCLAS_TRAIN_P_006537	1	HPCLAS_TRAIN_P_006537	1	A_clean_core	66.02323150634766	1.0	1
HPCLAS_TRAIN_P_006538	1	HPCLAS_TRAIN_P_006538	1	A_clean_core	65.20389556884766	1.0	1
HPCLAS_TRAIN_P_006552	1	HPCLAS_TRAIN_P_006552	1	A_clean_core	70.33088684082031	1.0	1
HPCLAS_TRAIN_P_006553	1	HPCLAS_TRAIN_P_006553	1	A_clean_core	41.79620361328125	1.0	1
HPCLAS_TRAIN_P_006554	1	HPCLAS_TRAIN_P_006554	1	D_hard_sample	4.474074840545654	0.9887277475266403	1
HPCLAS_TRAIN_P_006555	1	HPCLAS_TRAIN_P_006555	1	D_hard_sample	-0.1488010287284851	0.46286823106454317	0
HPCLAS_TRAIN_P_006561	1	HPCLAS_TRAIN_P_006561	1	A_clean_core	72.42843627929688	1.0	1
HPCLAS_TRAIN_P_006563	1	HPCLAS_TRAIN_P_006563	1	A_clean_core	19.875179290771484	0.9999999976648257	1
HPCLAS_TRAIN_P_006571	1	HPCLAS_TRAIN_P_006571	1	A_clean_core	10.274428367614746	0.9999654969513534	1
HPCLAS_TRAIN_P_006578	1	HPCLAS_TRAIN_P_006578	1	A_clean_core	55.194374084472656	1.0	1
HPCLAS_TRAIN_P_006581	1	HPCLAS_TRAIN_P_006581	1	A_clean_core	-1.573001742362976	0.17178889057657165	0
HPCLAS_TRAIN_P_006587	1	HPCLAS_TRAIN_P_006587	1	A_clean_core	38.47148895263672	1.0	1
HPCLAS_TRAIN_P_006604	1	HPCLAS_TRAIN_P_006604	1	A_clean_core	29.450716018676758	0.9999999999998379	1
HPCLAS_TRAIN_P_006611	1	HPCLAS_TRAIN_P_006611	1	A_clean_core	16.324514389038086	0.9999999186507702	1
HPCLAS_TRAIN_P_006614	1	HPCLAS_TRAIN_N_003316	1	B_ambiguous	-0.02781689167022705	0.49304622546732063	0
HPCLAS_TRAIN_P_006622	1	HPCLAS_TRAIN_P_006622	1	A_clean_core	23.415403366088867	0.999999999932264	1
HPCLAS_TRAIN_P_006631	1	HPCLAS_TRAIN_P_006631	1	D_hard_sample	10.722904205322266	0.9999779660528038	1
HPCLAS_TRAIN_P_006633	1	HPCLAS_TRAIN_P_006633	1	A_clean_core	25.23493003845215	0.9999999999890199	1
HPCLAS_TRAIN_P_006641	1	HPCLAS_TRAIN_P_006641	1	A_clean_core	20.934303283691406	0.9999999991902562	1
HPCLAS_TRAIN_P_006647	1	HPCLAS_TRAIN_P_006647	1	A_clean_core	20.597187042236328	0.9999999988656285	1
HPCLAS_TRAIN_P_006648	1	HPCLAS_TRAIN_P_006648	1	A_clean_core	23.84589195251465	0.9999999999559586	1
HPCLAS_TRAIN_P_006651	1	HPCLAS_TRAIN_N_001198	1	B_ambiguous	12.10027027130127	0.9999944420200235	1
HPCLAS_TRAIN_P_006656	1	HPCLAS_TRAIN_P_006656	1	A_clean_core	19.916791915893555	0.9999999977600043	1
HPCLAS_TRAIN_P_006657	1	HPCLAS_TRAIN_P_006657	1	A_clean_core	31.976757049560547	0.9999999999999871	1
HPCLAS_TRAIN_P_006661	1	HPCLAS_TRAIN_P_006661	1	A_clean_core	36.81237030029297	1.0	1
HPCLAS_TRAIN_P_006664	1	HPCLAS_TRAIN_P_006664	1	D_hard_sample	-4.833197116851807	0.007898150796895176	0
HPCLAS_TRAIN_P_006668	1	HPCLAS_TRAIN_P_006668	1	A_clean_core	7.028457164764404	0.9991144866905083	1
HPCLAS_TRAIN_P_006671	1	HPCLAS_TRAIN_P_006671	1	D_hard_sample	-9.094123840332031	0.00011231129101748468	0
HPCLAS_TRAIN_P_006676	1	HPCLAS_TRAIN_P_006676	1	A_clean_core	83.33087158203125	1.0	1
HPCLAS_TRAIN_P_006683	1	HPCLAS_TRAIN_P_006683	1	A_clean_core	48.0444221496582	1.0	1
HPCLAS_TRAIN_P_006684	1	HPCLAS_TRAIN_P_006684	1	D_hard_sample	3.90366530418396	0.9802308469160792	1
HPCLAS_TRAIN_P_006689	1	HPCLAS_TRAIN_P_006689	1	A_clean_core	8.85531234741211	0.9998573982758586	1
HPCLAS_TRAIN_P_006694	1	HPCLAS_TRAIN_P_006694	1	D_hard_sample	-0.3095865249633789	0.4232156666412585	0
HPCLAS_TRAIN_P_006713	1	HPCLAS_TRAIN_P_006713	1	D_hard_sample	2.5228567123413086	0.9257287073165432	1
HPCLAS_TRAIN_P_006718	1	HPCLAS_TRAIN_P_006718	1	A_clean_core	37.882598876953125	1.0	1
HPCLAS_TRAIN_P_006719	1	HPCLAS_TRAIN_P_006719	1	A_clean_core	51.59897994995117	1.0	1
HPCLAS_TRAIN_P_006720	1	HPCLAS_TRAIN_P_006720	1	A_clean_core	15.996360778808594	0.9999998870545516	1
HPCLAS_TRAIN_P_006740	1	HPCLAS_TRAIN_P_006740	1	A_clean_core	40.597755432128906	1.0	1
HPCLAS_TRAIN_P_006741	1	HPCLAS_TRAIN_P_006741	1	A_clean_core	11.587960243225098	0.9999907229738481	1
HPCLAS_TRAIN_P_006750	1	HPCLAS_TRAIN_P_006750	1	A_clean_core	59.553672790527344	1.0	1
HPCLAS_TRAIN_P_006752	1	HPCLAS_TRAIN_P_006752	1	A_clean_core	38.93144226074219	1.0	1
HPCLAS_TRAIN_P_006755	1	HPCLAS_TRAIN_P_006755	1	A_clean_core	56.132476806640625	1.0	1
HPCLAS_TRAIN_P_006756	1	HPCLAS_TRAIN_P_006756	1	A_clean_core	24.712846755981445	0.9999999999814926	1
HPCLAS_TRAIN_P_006758	1	HPCLAS_TRAIN_N_003035	1	B_ambiguous	26.1834774017334	0.9999999999957474	1
HPCLAS_TRAIN_P_006760	1	HPCLAS_TRAIN_P_006760	1	A_clean_core	61.301361083984375	1.0	1
HPCLAS_TRAIN_P_006762	1	HPCLAS_TRAIN_P_006762	1	A_clean_core	39.16666793823242	1.0	1
HPCLAS_TRAIN_P_006764	1	HPCLAS_TRAIN_P_006764	1	A_clean_core	19.361787796020508	0.9999999960980437	1
HPCLAS_TRAIN_P_006782	1	HPCLAS_TRAIN_P_006782	1	A_clean_core	1.1570502519607544	0.7607963171480107	1
HPCLAS_TRAIN_P_006783	1	HPCLAS_TRAIN_P_006783	1	A_clean_core	14.533475875854492	0.9999995122565876	1
HPCLAS_TRAIN_P_006785	1	HPCLAS_TRAIN_P_006785	1	A_clean_core	51.94899368286133	1.0	1
HPCLAS_TRAIN_P_006797	1	HPCLAS_TRAIN_P_006797	1	A_clean_core	42.73987579345703	1.0	1
HPCLAS_TRAIN_P_006802	1	HPCLAS_TRAIN_P_006802	1	A_clean_core	41.508872985839844	1.0	1
HPCLAS_TRAIN_P_006811	1	HPCLAS_TRAIN_P_006811	1	A_clean_core	38.207130432128906	1.0	1
HPCLAS_TRAIN_P_006814	1	HPCLAS_TRAIN_P_006814	1	A_clean_core	37.74848175048828	1.0	1
HPCLAS_TRAIN_P_006815	1	HPCLAS_TRAIN_P_006815	1	A_clean_core	38.49795913696289	1.0	1
HPCLAS_TRAIN_P_006819	1	HPCLAS_TRAIN_P_006819	1	A_clean_core	61.71730041503906	1.0	1
HPCLAS_TRAIN_P_006824	1	HPCLAS_TRAIN_P_006824	1	A_clean_core	7.22249698638916	0.9992705550806283	1
HPCLAS_TRAIN_P_006835	1	HPCLAS_TRAIN_P_006835	1	A_clean_core	34.730194091796875	0.9999999999999991	1
HPCLAS_TRAIN_P_006844	1	HPCLAS_TRAIN_P_006844	1	A_clean_core	-1.291948676109314	0.21552315980938289	0
HPCLAS_TRAIN_P_006847	1	HPCLAS_TRAIN_P_006847	1	A_clean_core	42.17786407470703	1.0	1
HPCLAS_TRAIN_P_006859	1	HPCLAS_TRAIN_P_006859	1	A_clean_core	8.475295066833496	0.9997914858394524	1
HPCLAS_TRAIN_P_006886	1	HPCLAS_TRAIN_P_006886	1	A_clean_core	55.39130401611328	1.0	1
HPCLAS_TRAIN_P_006889	1	HPCLAS_TRAIN_P_006889	1	A_clean_core	49.0424690246582	1.0	1
HPCLAS_TRAIN_P_006891	1	HPCLAS_TRAIN_P_006891	1	B_ambiguous	7.050483226776123	0.9991337611170352	1
HPCLAS_TRAIN_P_006902	1	HPCLAS_TRAIN_P_006902	1	A_clean_core	45.57705307006836	1.0	1
HPCLAS_TRAIN_P_006909	1	HPCLAS_TRAIN_P_006909	1	A_clean_core	73.8114013671875	1.0	1
HPCLAS_TRAIN_P_006919	1	HPCLAS_TRAIN_P_006919	1	A_clean_core	18.712026596069336	0.9999999925274282	1
HPCLAS_TRAIN_P_006920	1	HPCLAS_TRAIN_P_006920	1	A_clean_core	23.407367706298828	0.9999999999317175	1
HPCLAS_TRAIN_P_006922	1	HPCLAS_TRAIN_P_006922	1	A_clean_core	35.49519348144531	0.9999999999999996	1
HPCLAS_TRAIN_P_006925	1	HPCLAS_TRAIN_P_006925	1	A_clean_core	9.576915740966797	0.999930694414	1
HPCLAS_TRAIN_P_006931	1	HPCLAS_TRAIN_P_006931	1	A_clean_core	45.94841384887695	1.0	1
HPCLAS_TRAIN_P_006935	1	HPCLAS_TRAIN_P_006935	1	A_clean_core	18.184513092041016	0.9999999873361342	1
HPCLAS_TRAIN_P_006936	1	HPCLAS_TRAIN_P_006936	1	D_hard_sample	-10.603837966918945	2.4819950136935926e-05	0
HPCLAS_TRAIN_P_006940	1	HPCLAS_TRAIN_P_006940	1	A_clean_core	51.6853141784668	1.0	1
HPCLAS_TRAIN_P_006945	1	HPCLAS_TRAIN_P_006945	1	A_clean_core	17.0800724029541	0.9999999617863266	1
HPCLAS_TRAIN_P_006947	1	HPCLAS_TRAIN_P_006947	1	A_clean_core	53.17359161376953	1.0	1
HPCLAS_TRAIN_P_006965	1	HPCLAS_TRAIN_P_006965	1	A_clean_core	30.40800666809082	0.9999999999999378	1
HPCLAS_TRAIN_P_006972	1	HPCLAS_TRAIN_P_006972	1	D_hard_sample	7.367264270782471	0.9993688049717319	1
HPCLAS_TRAIN_P_006978	1	HPCLAS_TRAIN_P_006978	1	A_clean_core	19.82803726196289	0.9999999975521048	1
HPCLAS_TRAIN_P_006984	1	HPCLAS_TRAIN_P_006984	1	A_clean_core	48.22272872924805	1.0	1
HPCLAS_TRAIN_P_006997	1	HPCLAS_TRAIN_P_006997	1	D_hard_sample	-0.10097767412662506	0.47477700999220784	0
HPCLAS_TRAIN_P_007002	1	HPCLAS_TRAIN_P_007002	1	D_hard_sample	3.791140079498291	0.9779282993519441	1
HPCLAS_TRAIN_P_007010	1	HPCLAS_TRAIN_P_007010	1	D_hard_sample	8.927536010742188	0.9998673330474559	1
HPCLAS_TRAIN_P_007015	1	HPCLAS_TRAIN_P_007015	1	A_clean_core	11.133636474609375	0.9999853877609154	1
HPCLAS_TRAIN_P_007018	1	HPCLAS_TRAIN_P_007018	1	A_clean_core	26.79981231689453	0.9999999999977038	1
HPCLAS_TRAIN_P_007024	1	HPCLAS_TRAIN_P_007024	1	D_hard_sample	24.229902267456055	0.9999999999700024	1
HPCLAS_TRAIN_P_007031	1	HPCLAS_TRAIN_P_007031	1	A_clean_core	28.91341209411621	0.9999999999997227	1
HPCLAS_TRAIN_P_007039	1	HPCLAS_TRAIN_P_007039	1	A_clean_core	56.83155822753906	1.0	1
HPCLAS_TRAIN_P_007059	1	HPCLAS_TRAIN_P_007059	1	A_clean_core	71.13999938964844	1.0	1
HPCLAS_TRAIN_P_007062	1	HPCLAS_TRAIN_P_007062	1	A_clean_core	44.66523742675781	1.0	1
HPCLAS_TRAIN_P_007066	1	HPCLAS_TRAIN_P_007066	1	A_clean_core	60.10764694213867	1.0	1
HPCLAS_TRAIN_P_007069	1	HPCLAS_TRAIN_P_007069	1	A_clean_core	52.40046691894531	1.0	1
HPCLAS_TRAIN_P_007070	1	HPCLAS_TRAIN_P_007070	1	A_clean_core	14.720597267150879	0.9999995954933545	1
HPCLAS_TRAIN_P_007072	1	HPCLAS_TRAIN_P_007072	1	D_hard_sample	3.3493072986602783	0.9660821451221278	1
HPCLAS_TRAIN_P_007078	1	HPCLAS_TRAIN_P_007078	1	A_clean_core	29.75656509399414	0.9999999999998805	1
HPCLAS_TRAIN_P_007079	1	HPCLAS_TRAIN_P_007079	1	A_clean_core	40.514442443847656	1.0	1
HPCLAS_TRAIN_P_007082	1	HPCLAS_TRAIN_P_007082	1	A_clean_core	64.4671630859375	1.0	1
HPCLAS_TRAIN_P_007087	1	HPCLAS_TRAIN_P_007087	1	A_clean_core	45.08501434326172	1.0	1
HPCLAS_TRAIN_P_007088	1	HPCLAS_TRAIN_P_007088	1	B_ambiguous	42.798484802246094	1.0	1
HPCLAS_TRAIN_P_007095	1	HPCLAS_TRAIN_P_007095	1	A_clean_core	57.68890380859375	1.0	1
HPCLAS_TRAIN_P_007107	1	HPCLAS_TRAIN_P_007107	1	A_clean_core	42.11650848388672	1.0	1
HPCLAS_TRAIN_P_007132	1	HPCLAS_TRAIN_P_007132	1	A_clean_core	13.028297424316406	0.9999978027404244	1
HPCLAS_TRAIN_P_007135	1	HPCLAS_TRAIN_P_007135	1	A_clean_core	19.610309600830078	0.999999996956658	1
HPCLAS_TRAIN_P_007137	1	HPCLAS_TRAIN_P_007137	1	A_clean_core	41.540245056152344	1.0	1
HPCLAS_TRAIN_P_007141	1	HPCLAS_TRAIN_P_007141	1	A_clean_core	12.067956924438477	0.999994259490939	1
HPCLAS_TRAIN_P_007149	1	HPCLAS_TRAIN_P_007149	1	A_clean_core	30.499465942382812	0.9999999999999432	1
HPCLAS_TRAIN_P_007155	1	HPCLAS_TRAIN_P_007155	1	A_clean_core	74.43655395507812	1.0	1
HPCLAS_TRAIN_P_007172	1	HPCLAS_TRAIN_P_007172	1	A_clean_core	77.23619079589844	1.0	1
HPCLAS_TRAIN_P_007181	1	HPCLAS_TRAIN_P_007181	1	A_clean_core	52.07488250732422	1.0	1
HPCLAS_TRAIN_P_007188	1	HPCLAS_TRAIN_N_002265	1	B_ambiguous	8.938443183898926	0.9998687720171782	1
HPCLAS_TRAIN_P_007199	1	HPCLAS_TRAIN_P_007199	1	A_clean_core	13.584705352783203	0.9999987403877374	1
HPCLAS_TRAIN_P_007208	1	HPCLAS_TRAIN_P_007208	1	A_clean_core	86.25225830078125	1.0	1
HPCLAS_TRAIN_P_007210	1	HPCLAS_TRAIN_P_007210	1	B_ambiguous	4.089206695556641	0.9835235046515349	1
HPCLAS_TRAIN_P_007214	1	HPCLAS_TRAIN_P_007214	1	A_clean_core	64.62870788574219	1.0	1
HPCLAS_TRAIN_P_007222	1	HPCLAS_TRAIN_P_007222	1	A_clean_core	48.97786331176758	1.0	1
HPCLAS_TRAIN_P_007231	1	HPCLAS_TRAIN_P_007231	1	D_hard_sample	10.212577819824219	0.9999632956222353	1
HPCLAS_TRAIN_P_007235	1	HPCLAS_TRAIN_P_007235	1	A_clean_core	25.861543655395508	0.9999999999941322	1
HPCLAS_TRAIN_P_007246	1	HPCLAS_TRAIN_P_007246	1	A_clean_core	22.322534561157227	0.9999999997979558	1
HPCLAS_TRAIN_P_007247	1	HPCLAS_TRAIN_P_007247	1	A_clean_core	25.371179580688477	0.9999999999904183	1
HPCLAS_TRAIN_P_007252	1	HPCLAS_TRAIN_P_007252	1	A_clean_core	17.705320358276367	0.9999999795507653	1
HPCLAS_TRAIN_P_007253	1	HPCLAS_TRAIN_N_001158	1	B_ambiguous	-6.352335453033447	0.0017396408261926555	0
HPCLAS_TRAIN_P_007256	1	HPCLAS_TRAIN_P_007256	1	D_hard_sample	8.611051559448242	0.9998179508086407	1
HPCLAS_TRAIN_P_007257	1	HPCLAS_TRAIN_P_007257	1	A_clean_core	19.321632385253906	0.9999999959381707	1
HPCLAS_TRAIN_P_007258	1	HPCLAS_TRAIN_P_007258	1	A_clean_core	26.42205238342285	0.99999999999665	1
HPCLAS_TRAIN_P_007260	1	HPCLAS_TRAIN_P_007260	1	A_clean_core	31.975889205932617	0.9999999999999871	1
HPCLAS_TRAIN_P_007261	1	HPCLAS_TRAIN_P_007261	1	A_clean_core	59.72267150878906	1.0	1
HPCLAS_TRAIN_P_007263	1	HPCLAS_TRAIN_P_007263	1	A_clean_core	7.620181560516357	0.9995097876498386	1
HPCLAS_TRAIN_P_007264	1	HPCLAS_TRAIN_P_007264	1	A_clean_core	32.32324981689453	0.9999999999999909	1
HPCLAS_TRAIN_P_007270	1	HPCLAS_TRAIN_P_007270	1	A_clean_core	20.11199378967285	0.9999999981572261	1
HPCLAS_TRAIN_P_007278	1	HPCLAS_TRAIN_P_007278	1	A_clean_core	32.704524993896484	0.9999999999999938	1
HPCLAS_TRAIN_P_007282	1	HPCLAS_TRAIN_P_007282	1	D_hard_sample	18.737646102905273	0.9999999927164402	1
HPCLAS_TRAIN_P_007293	1	HPCLAS_TRAIN_P_007293	1	A_clean_core	52.65648651123047	1.0	1
HPCLAS_TRAIN_P_007304	1	HPCLAS_TRAIN_P_007304	1	D_hard_sample	11.653453826904297	0.9999913110852886	1
HPCLAS_TRAIN_P_007321	1	HPCLAS_TRAIN_P_007321	1	A_clean_core	23.2344970703125	0.9999999999188318	1
HPCLAS_TRAIN_P_007325	1	HPCLAS_TRAIN_P_007325	1	A_clean_core	25.249980926513672	0.9999999999891838	1
HPCLAS_TRAIN_P_007327	1	HPCLAS_TRAIN_P_007327	1	A_clean_core	41.357025146484375	1.0	1
HPCLAS_TRAIN_P_007333	1	HPCLAS_TRAIN_P_007333	1	A_clean_core	2.2392961978912354	0.9037232395923707	1
HPCLAS_TRAIN_P_007336	1	HPCLAS_TRAIN_P_007336	1	A_clean_core	27.767677307128906	0.9999999999991278	1
HPCLAS_TRAIN_P_007338	1	HPCLAS_TRAIN_P_007338	1	A_clean_core	7.750998020172119	0.9995698722242364	1
HPCLAS_TRAIN_P_007346	1	HPCLAS_TRAIN_P_007346	1	A_clean_core	12.640795707702637	0.9999967627907597	1
HPCLAS_TRAIN_P_007352	1	HPCLAS_TRAIN_P_007352	1	A_clean_core	45.393218994140625	1.0	1
HPCLAS_TRAIN_P_007354	1	HPCLAS_TRAIN_P_007354	1	A_clean_core	51.88072967529297	1.0	1
HPCLAS_TRAIN_P_007356	1	HPCLAS_TRAIN_P_007356	1	A_clean_core	21.55470848083496	0.9999999995645794	1
HPCLAS_TRAIN_P_007360	1	HPCLAS_TRAIN_P_007360	1	D_hard_sample	13.990030288696289	0.9999991601404222	1
HPCLAS_TRAIN_P_007370	1	HPCLAS_TRAIN_P_007370	1	A_clean_core	22.664112091064453	0.9999999998564175	1
HPCLAS_TRAIN_P_007371	1	HPCLAS_TRAIN_P_007371	1	A_clean_core	48.252593994140625	1.0	1
HPCLAS_TRAIN_P_007381	1	HPCLAS_TRAIN_P_007381	1	A_clean_core	17.734163284301758	0.9999999801321564	1
HPCLAS_TRAIN_P_007383	1	HPCLAS_TRAIN_P_007383	1	A_clean_core	8.31027603149414	0.9997540843525511	1
HPCLAS_TRAIN_P_007389	1	HPCLAS_TRAIN_P_007389	1	A_clean_core	12.201812744140625	0.9999949786802755	1
HPCLAS_TRAIN_P_007394	1	HPCLAS_TRAIN_P_007394	1	B_ambiguous	-0.08216047286987305	0.479471428392356	0
HPCLAS_TRAIN_P_007398	1	HPCLAS_TRAIN_P_007398	1	A_clean_core	44.37798309326172	1.0	1
HPCLAS_TRAIN_P_007399	1	HPCLAS_TRAIN_P_007399	1	A_clean_core	23.558380126953125	0.9999999999412881	1
HPCLAS_TRAIN_P_007407	1	HPCLAS_TRAIN_P_007407	1	A_clean_core	53.025943756103516	1.0	1
HPCLAS_TRAIN_P_007412	1	HPCLAS_TRAIN_P_007412	1	A_clean_core	38.73846435546875	1.0	1
HPCLAS_TRAIN_P_007418	1	HPCLAS_TRAIN_P_007418	1	A_clean_core	103.19096374511719	1.0	1
HPCLAS_TRAIN_P_007426	1	HPCLAS_TRAIN_P_007426	1	D_hard_sample	8.123875617980957	0.9997037100291317	1
HPCLAS_TRAIN_P_007432	1	HPCLAS_TRAIN_P_007432	1	A_clean_core	97.30220031738281	1.0	1
HPCLAS_TRAIN_P_007437	1	HPCLAS_TRAIN_P_007437	1	A_clean_core	39.45524978637695	1.0	1
HPCLAS_TRAIN_P_007443	1	HPCLAS_TRAIN_P_007443	1	A_clean_core	17.7291316986084	0.9999999800319377	1
HPCLAS_TRAIN_P_007444	1	HPCLAS_TRAIN_P_007444	1	D_hard_sample	2.5755341053009033	0.9292703013372144	1
HPCLAS_TRAIN_P_007461	1	HPCLAS_TRAIN_P_007461	1	D_hard_sample	31.477785110473633	0.9999999999999787	1
