candidate	clean_id	label	homology_group	fold	teacher_logit	student_raw_logit	probability_uncalibrated	prediction_at_0_5
K5	HPCLAS_TRAIN_N_000016	0	HPCLAS_TRAIN_N_000016	0	-2.787128456038448	-2.690416097640991	0.06354125446246012	0
K5	HPCLAS_TRAIN_N_000026	0	HPCLAS_TRAIN_N_000026	0	-2.256240182115824	-2.6503288745880127	0.06596874237655327	0
K5	HPCLAS_TRAIN_N_000028	0	HPCLAS_TRAIN_N_000028	0	-0.9460567940931542	-1.4713244438171387	0.1867413884962211	0
K5	HPCLAS_TRAIN_N_000031	0	HPCLAS_TRAIN_N_000031	0	-2.432187364290284	-2.693765878677368	0.06334222106522903	0
K5	HPCLAS_TRAIN_N_000042	0	HPCLAS_TRAIN_N_000042	0	-2.643034990027592	-3.149472951889038	0.041112050387520784	0
K5	HPCLAS_TRAIN_N_000049	0	HPCLAS_TRAIN_P_001569	0	-0.352191351945937	0.6908814907073975	0.6661629900523972	1
K5	HPCLAS_TRAIN_N_000054	0	HPCLAS_TRAIN_N_000054	0	-1.6088508023787984	-2.5783908367156982	0.07054216435584285	0
K5	HPCLAS_TRAIN_N_000061	0	HPCLAS_TRAIN_N_000061	0	-2.080119590105397	-2.991753101348877	0.04779983413912194	0
K5	HPCLAS_TRAIN_N_000069	0	HPCLAS_TRAIN_N_000069	0	-0.5243154348252494	0.667517900466919	0.6609471529940041	1
K5	HPCLAS_TRAIN_N_000079	0	HPCLAS_TRAIN_N_000079	0	-2.1376685370293766	-2.3159005641937256	0.08981461677612314	0
K5	HPCLAS_TRAIN_N_000086	0	HPCLAS_TRAIN_N_000086	0	-1.7833355333194725	-1.8840405941009521	0.13192545156357743	0
K5	HPCLAS_TRAIN_N_000088	0	HPCLAS_TRAIN_N_000088	0	1.1076107546810363	0.06841355562210083	0.5170967211137257	1
K5	HPCLAS_TRAIN_N_000101	0	HPCLAS_TRAIN_N_000101	0	-2.877260472000326	-1.8770320415496826	0.13273015146509612	0
K5	HPCLAS_TRAIN_N_000102	0	HPCLAS_TRAIN_N_000102	0	-0.3959201263636841	-0.6796129941940308	0.33634768375446994	0
K5	HPCLAS_TRAIN_N_000107	0	HPCLAS_TRAIN_N_000107	0	-0.8553091796260845	-1.1061267852783203	0.24859368044908495	0
K5	HPCLAS_TRAIN_N_000114	0	HPCLAS_TRAIN_N_000114	0	-1.206003403028	-2.2365033626556396	0.09652003228616018	0
K5	HPCLAS_TRAIN_N_000124	0	HPCLAS_TRAIN_N_000124	0	-2.21195246428128	-2.5037808418273926	0.07559355363105989	0
K5	HPCLAS_TRAIN_N_000125	0	HPCLAS_TRAIN_N_000125	0	-0.6969718589438597	-1.3258562088012695	0.20984562294801848	0
K5	HPCLAS_TRAIN_N_000128	0	HPCLAS_TRAIN_N_000128	0	-0.8177668262104771	-0.17653769254684448	0.4559798435808304	0
K5	HPCLAS_TRAIN_N_000136	0	HPCLAS_TRAIN_N_000136	0	-2.596473039930148	-2.6212382316589355	0.06778400865283288	0
K5	HPCLAS_TRAIN_N_000139	0	HPCLAS_TRAIN_N_000139	0	-2.610626259464636	-2.715834856033325	0.0620454183787606	0
K5	HPCLAS_TRAIN_N_000140	0	HPCLAS_TRAIN_N_000140	0	-0.8873293530675617	-1.4794254302978516	0.1855142203379971	0
K5	HPCLAS_TRAIN_N_000143	0	HPCLAS_TRAIN_P_000687	0	-1.4059288808554216	-1.4655828475952148	0.1876149279680639	0
K5	HPCLAS_TRAIN_N_000147	0	HPCLAS_TRAIN_N_000147	0	-1.7214790354070186	-2.013253927230835	0.1178183529486629	0
K5	HPCLAS_TRAIN_N_000150	0	HPCLAS_TRAIN_N_000150	0	-2.181328960743078	-2.5306503772735596	0.07373721349402436	0
K5	HPCLAS_TRAIN_N_000164	0	HPCLAS_TRAIN_N_000164	0	-0.4865709726140184	-2.86466646194458	0.0539281219678167	0
K5	HPCLAS_TRAIN_N_000165	0	HPCLAS_TRAIN_N_000165	0	-2.2488944160057187	-2.200754404067993	0.09968276383900118	0
K5	HPCLAS_TRAIN_N_000166	0	HPCLAS_TRAIN_N_000166	0	-3.715770722326965	-4.057260990142822	0.0170022525546207	0
K5	HPCLAS_TRAIN_N_000171	0	HPCLAS_TRAIN_N_000171	0	0.1272581031668771	-0.230948805809021	0.4425180662185224	0
K5	HPCLAS_TRAIN_N_000172	0	HPCLAS_TRAIN_N_000172	0	-0.3667790314369834	-2.0163376331329346	0.11749821876983012	0
K5	HPCLAS_TRAIN_N_000173	0	HPCLAS_TRAIN_N_000173	0	-0.0428782819089607	-0.6489564776420593	0.34322473121875724	0
K5	HPCLAS_TRAIN_N_000175	0	HPCLAS_TRAIN_N_000175	0	-3.032740587308271	-2.3454928398132324	0.08742469292783016	0
K5	HPCLAS_TRAIN_N_000177	0	HPCLAS_TRAIN_N_000177	0	-2.852522932256487	-2.981841802597046	0.04825297421581473	0
K5	HPCLAS_TRAIN_N_000196	0	HPCLAS_TRAIN_N_000196	0	-1.8217486045832365	-1.9572162628173828	0.12376862768754844	0
K5	HPCLAS_TRAIN_N_000199	0	HPCLAS_TRAIN_N_000199	0	-1.182047700568235	-1.4954845905303955	0.18309994707115804	0
K5	HPCLAS_TRAIN_N_000203	0	HPCLAS_TRAIN_N_000203	0	-2.6311922095755635	-1.745476245880127	0.14861868455025468	0
K5	HPCLAS_TRAIN_N_000205	0	HPCLAS_TRAIN_N_000205	0	-2.4932188823136867	-3.240753412246704	0.03766057563521904	0
K5	HPCLAS_TRAIN_N_000208	0	HPCLAS_TRAIN_N_000208	0	-1.6627654299336854	-1.7308664321899414	0.15047678712068854	0
K5	HPCLAS_TRAIN_N_000212	0	HPCLAS_TRAIN_N_000212	0	-2.059607452312471	-2.5273754596710205	0.07396120297055626	0
K5	HPCLAS_TRAIN_N_000217	0	HPCLAS_TRAIN_N_000217	0	-1.716644991226542	-2.248703718185425	0.09546133817031963	0
K5	HPCLAS_TRAIN_N_000225	0	HPCLAS_TRAIN_N_000225	0	-3.229357327033105	-2.6882269382476807	0.06367164221566642	0
K5	HPCLAS_TRAIN_N_000226	0	HPCLAS_TRAIN_N_000226	0	-3.2881228976760744	-3.6522748470306396	0.025276595684672727	0
K5	HPCLAS_TRAIN_N_000232	0	HPCLAS_TRAIN_N_000232	0	-1.65142247734739	-1.5187182426452637	0.17965034224478513	0
K5	HPCLAS_TRAIN_N_000234	0	HPCLAS_TRAIN_N_000234	0	-1.510153429396338	-1.8973257541656494	0.13041144571276306	0
K5	HPCLAS_TRAIN_N_000235	0	HPCLAS_TRAIN_N_000235	0	-2.364776056307188	-2.312893867492676	0.09006071139572974	0
K5	HPCLAS_TRAIN_N_000237	0	HPCLAS_TRAIN_N_000237	0	-0.870884064017908	-0.9706781506538391	0.27474535303784753	0
K5	HPCLAS_TRAIN_N_000238	0	HPCLAS_TRAIN_N_000238	0	-1.3671092007892514	-1.8904998302459717	0.1311874896178601	0
K5	HPCLAS_TRAIN_N_000247	0	HPCLAS_TRAIN_N_000247	0	-2.9175316930098893	-3.1709020137786865	0.04027553504683947	0
K5	HPCLAS_TRAIN_N_000254	0	HPCLAS_TRAIN_N_000254	0	-1.9180171626739733	-2.491473913192749	0.07645805607382361	0
K5	HPCLAS_TRAIN_N_000256	0	HPCLAS_TRAIN_N_000256	0	1.1505794097764874	-1.4106948375701904	0.19612448537177785	0
K5	HPCLAS_TRAIN_N_000261	0	HPCLAS_TRAIN_N_000261	0	-2.233030321203493	-2.6007187366485596	0.06909217799722603	0
K5	HPCLAS_TRAIN_N_000262	0	HPCLAS_TRAIN_N_000262	0	-2.6451174749447577	-1.6336266994476318	0.16333414528398849	0
K5	HPCLAS_TRAIN_N_000273	0	HPCLAS_TRAIN_N_000273	0	1.6922461121970471	2.398026704788208	0.9166767060605296	1
K5	HPCLAS_TRAIN_N_000274	0	HPCLAS_TRAIN_N_000274	0	-2.3661272553887294	-2.6908581256866455	0.0635149572040755	0
K5	HPCLAS_TRAIN_N_000276	0	HPCLAS_TRAIN_N_000276	0	-0.657718004312936	-1.78953218460083	0.1431300885912563	0
K5	HPCLAS_TRAIN_N_000279	0	HPCLAS_TRAIN_N_000279	0	-1.4671752501639177	-2.2351343631744385	0.09663948036159413	0
K5	HPCLAS_TRAIN_N_000289	0	HPCLAS_TRAIN_N_000289	0	-2.209681516890505	-2.9853880405426025	0.048090375223469636	0
K5	HPCLAS_TRAIN_N_000292	0	HPCLAS_TRAIN_N_000292	0	-2.1349637940892983	-2.40116286277771	0.083084065364555	0
K5	HPCLAS_TRAIN_N_000300	0	HPCLAS_TRAIN_N_000300	0	-2.168043409354892	-2.2991702556610107	0.09119170339955603	0
K5	HPCLAS_TRAIN_N_000309	0	HPCLAS_TRAIN_N_000309	0	-1.4012486931540655	-1.4411265850067139	0.19137095104174293	0
K5	HPCLAS_TRAIN_N_000319	0	HPCLAS_TRAIN_P_006923	0	-0.1388749740596385	-1.6142940521240234	0.16599329414115369	0
K5	HPCLAS_TRAIN_N_000322	0	HPCLAS_TRAIN_N_000322	0	-1.2735890412416804	-1.7365303039550781	0.14975418686607686	0
K5	HPCLAS_TRAIN_N_000328	0	HPCLAS_TRAIN_N_000328	0	-1.3316636345339163	-2.179579496383667	0.10159930372832769	0
K5	HPCLAS_TRAIN_N_000336	0	HPCLAS_TRAIN_N_000336	0	1.22269770371594	0.44420433044433594	0.6092603812837468	1
K5	HPCLAS_TRAIN_N_000342	0	HPCLAS_TRAIN_N_000342	0	-2.8915353344684367	-3.29899001121521	0.035605854083655596	0
K5	HPCLAS_TRAIN_N_000351	0	HPCLAS_TRAIN_N_000351	0	-1.8773599325328831	-1.8157591819763184	0.13994351601546745	0
K5	HPCLAS_TRAIN_N_000355	0	HPCLAS_TRAIN_N_000355	0	-2.4952329823007844	-2.7424018383026123	0.060517202878011454	0
K5	HPCLAS_TRAIN_N_000363	0	HPCLAS_TRAIN_N_000363	0	-1.4164934581768542	-2.1619160175323486	0.10322295470829979	0
K5	HPCLAS_TRAIN_N_000366	0	HPCLAS_TRAIN_N_000366	0	-2.6163134918080844	-2.190595865249634	0.10059816793070835	0
K5	HPCLAS_TRAIN_N_000368	0	HPCLAS_TRAIN_N_000368	0	-2.0929248635383386	-2.337148904800415	0.08809268122213218	0
K5	HPCLAS_TRAIN_N_000374	0	HPCLAS_TRAIN_N_000374	0	-2.1811396651025903	-1.5494377613067627	0.17516748773331253	0
K5	HPCLAS_TRAIN_N_000377	0	HPCLAS_TRAIN_N_000377	0	-1.6801839411138269	-1.772385835647583	0.1452458778325293	0
K5	HPCLAS_TRAIN_N_000381	0	HPCLAS_TRAIN_N_000381	0	-1.324190702423499	-0.4061417579650879	0.3998376150283109	0
K5	HPCLAS_TRAIN_N_000384	0	HPCLAS_TRAIN_N_000384	0	0.0113440776460677	1.5232164859771729	0.82101163626548	1
K5	HPCLAS_TRAIN_N_000391	0	HPCLAS_TRAIN_N_000391	0	-0.4497925994317741	-0.8460955619812012	0.3002525433613353	0
K5	HPCLAS_TRAIN_N_000395	0	HPCLAS_TRAIN_N_000395	0	2.706330304390435	2.222900629043579	0.9022872282027676	1
K5	HPCLAS_TRAIN_N_000400	0	HPCLAS_TRAIN_N_000400	0	-0.4166279364766337	-1.1246120929718018	0.24515679014712602	0
K5	HPCLAS_TRAIN_N_000401	0	HPCLAS_TRAIN_N_000401	0	-1.4252356355937787	-1.456620693206787	0.18898472558479038	0
K5	HPCLAS_TRAIN_N_000407	0	HPCLAS_TRAIN_N_000407	0	-2.0498003751574685	-1.930847406387329	0.12665681471888696	0
K5	HPCLAS_TRAIN_N_000408	0	HPCLAS_TRAIN_N_000408	0	-3.337061962042346	-3.0095880031585693	0.04699459396750037	0
K5	HPCLAS_TRAIN_N_000415	0	HPCLAS_TRAIN_N_000415	0	-1.9358334787660123	-3.0591070652008057	0.044825919907917386	0
K5	HPCLAS_TRAIN_N_000416	0	HPCLAS_TRAIN_N_000416	0	0.4669503582659595	0.589328408241272	0.6432110365273087	1
K5	HPCLAS_TRAIN_N_000417	0	HPCLAS_TRAIN_P_001196	0	-0.6399266364518262	-0.6452824473381042	0.3440534130825704	0
K5	HPCLAS_TRAIN_N_000430	0	HPCLAS_TRAIN_N_000430	0	-2.8211845433359617	-2.725433826446533	0.061489141576380496	0
K5	HPCLAS_TRAIN_N_000433	0	HPCLAS_TRAIN_N_000433	0	-3.107713112261043	-3.5594675540924072	0.027666742204826296	0
K5	HPCLAS_TRAIN_N_000434	0	HPCLAS_TRAIN_P_004166	0	-1.057327900625508	-1.0963177680969238	0.25043046934842905	0
K5	HPCLAS_TRAIN_N_000454	0	HPCLAS_TRAIN_N_000454	0	-3.375697126723764	-3.3436267375946045	0.03410448591163703	0
K5	HPCLAS_TRAIN_N_000461	0	HPCLAS_TRAIN_N_000461	0	-2.493659503369609	-2.2748172283172607	0.09323017314193172	0
K5	HPCLAS_TRAIN_N_000465	0	HPCLAS_TRAIN_N_000465	0	-1.597138071576007	-1.9212205410003662	0.1277255219570065	0
K5	HPCLAS_TRAIN_N_000479	0	HPCLAS_TRAIN_N_000479	0	0.2013633856590028	0.1339285671710968	0.533432184354922	1
K5	HPCLAS_TRAIN_N_000484	0	HPCLAS_TRAIN_N_000484	0	-2.238670907315202	-2.491307020187378	0.07646984159277098	0
K5	HPCLAS_TRAIN_N_000486	0	HPCLAS_TRAIN_N_000486	0	-2.7584495756706016	-2.7083380222320557	0.06248313760413181	0
K5	HPCLAS_TRAIN_N_000498	0	HPCLAS_TRAIN_N_000498	0	0.7786688725894415	-1.08170485496521	0.253183524288916	0
K5	HPCLAS_TRAIN_N_000517	0	HPCLAS_TRAIN_N_000517	0	-0.8292372938142386	-1.5118560791015625	0.18066388520917634	0
K5	HPCLAS_TRAIN_N_000526	0	HPCLAS_TRAIN_N_000526	0	-0.8868474460587508	-0.8322208523750305	0.30317568749886376	0
K5	HPCLAS_TRAIN_N_000531	0	HPCLAS_TRAIN_N_000531	0	-1.4894489207577248	-2.0189502239227295	0.11722758359890031	0
K5	HPCLAS_TRAIN_N_000537	0	HPCLAS_TRAIN_N_000537	0	-3.107504944737067	-3.5069942474365234	0.029113877072118044	0
K5	HPCLAS_TRAIN_N_000539	0	HPCLAS_TRAIN_N_000539	0	-2.428179555963534	-2.50960111618042	0.07518784102127178	0
K5	HPCLAS_TRAIN_N_000548	0	HPCLAS_TRAIN_N_000548	0	-1.639939637690517	-1.456186294555664	0.18905131464389133	0
K5	HPCLAS_TRAIN_N_000549	0	HPCLAS_TRAIN_N_000549	0	-2.62871508902128	-3.170140504837036	0.040304980275884375	0
K5	HPCLAS_TRAIN_N_000550	0	HPCLAS_TRAIN_P_000348	0	-0.8147553327274746	-2.1730215549468994	0.10219945806147082	0
K5	HPCLAS_TRAIN_N_000551	0	HPCLAS_TRAIN_N_000551	0	-2.600855799968033	-2.2321014404296875	0.09690457950921318	0
K5	HPCLAS_TRAIN_N_000560	0	HPCLAS_TRAIN_N_000560	0	-1.3858375913628078	-2.0716981887817383	0.111878192789221	0
K5	HPCLAS_TRAIN_N_000564	0	HPCLAS_TRAIN_N_000564	0	-0.6060783465328783	-0.6033518314361572	0.3535772224856148	0
K5	HPCLAS_TRAIN_N_000569	0	HPCLAS_TRAIN_N_000569	0	-2.699930023122993	-3.8776979446411133	0.020278682610370868	0
K5	HPCLAS_TRAIN_N_000572	0	HPCLAS_TRAIN_N_000572	0	-0.9653803436235914	-0.7585766911506653	0.31895536169926	0
K5	HPCLAS_TRAIN_N_000574	0	HPCLAS_TRAIN_N_000574	0	-2.7146938926219675	-3.2499594688415527	0.03732834380150506	0
K5	HPCLAS_TRAIN_N_000579	0	HPCLAS_TRAIN_N_000579	0	-0.2438923790973463	-0.7697174549102783	0.31654022960955575	0
K5	HPCLAS_TRAIN_N_000580	0	HPCLAS_TRAIN_N_000580	0	-2.8884320229016143	-2.9608962535858154	0.049224043536267185	0
K5	HPCLAS_TRAIN_N_000585	0	HPCLAS_TRAIN_N_000585	0	1.9255581443530356	1.3541793823242188	0.7948120661601997	1
K5	HPCLAS_TRAIN_N_000592	0	HPCLAS_TRAIN_N_000592	0	-2.782313357859428	-2.9755280017852783	0.04854376157805883	0
K5	HPCLAS_TRAIN_N_000606	0	HPCLAS_TRAIN_N_000606	0	-2.352338061449048	-2.748443126678467	0.06017463677591068	0
K5	HPCLAS_TRAIN_N_000610	0	HPCLAS_TRAIN_N_000610	0	-1.2629639858056214	-0.7912395596504211	0.3119025739121939	0
K5	HPCLAS_TRAIN_N_000613	0	HPCLAS_TRAIN_N_000613	0	-1.8893421694239887	-2.4718844890594482	0.0778528366458672	0
K5	HPCLAS_TRAIN_N_000618	0	HPCLAS_TRAIN_N_000618	0	0.4996544017160525	-0.19163000583648682	0.45223856734473306	0
K5	HPCLAS_TRAIN_N_000620	0	HPCLAS_TRAIN_N_000620	0	-2.647682812926643	-2.8841726779937744	0.05294153293847992	0
K5	HPCLAS_TRAIN_N_000621	0	HPCLAS_TRAIN_N_000621	0	-1.5967317295609778	-1.9039583206176758	0.12966112617785694	0
K5	HPCLAS_TRAIN_N_000625	0	HPCLAS_TRAIN_N_000625	0	-2.1688188856250346	-2.4290354251861572	0.080985228250315	0
K5	HPCLAS_TRAIN_N_000631	0	HPCLAS_TRAIN_N_000631	0	-2.737248490217198	-3.1005442142486572	0.04308481221780614	0
K5	HPCLAS_TRAIN_N_000642	0	HPCLAS_TRAIN_N_000642	0	-2.5716571365073424	-2.5124151706695557	0.07499240055196026	0
K5	HPCLAS_TRAIN_N_000648	0	HPCLAS_TRAIN_N_000648	0	0.4727822992445202	-0.7502468228340149	0.3207675217434032	0
K5	HPCLAS_TRAIN_N_000651	0	HPCLAS_TRAIN_N_000651	0	-2.879234829112163	-3.0985898971557617	0.043165457789280805	0
K5	HPCLAS_TRAIN_N_000653	0	HPCLAS_TRAIN_N_000653	0	-1.222544054147719	-0.9914447665214539	0.27062680368032865	0
K5	HPCLAS_TRAIN_N_000654	0	HPCLAS_TRAIN_N_000654	0	-2.538595273346739	-3.0581741333007812	0.04486588180639547	0
K5	HPCLAS_TRAIN_N_000663	0	HPCLAS_TRAIN_N_000663	0	-0.9975655839679928	0.25754931569099426	0.5640337641770385	1
K5	HPCLAS_TRAIN_N_000667	0	HPCLAS_TRAIN_N_000667	0	-1.746723599315077	-1.7779409885406494	0.1445575665416633	0
K5	HPCLAS_TRAIN_N_000672	0	HPCLAS_TRAIN_N_000672	0	-1.5759608431403662	-0.9174502491950989	0.28547770833475183	0
K5	HPCLAS_TRAIN_N_000692	0	HPCLAS_TRAIN_N_000692	0	-0.64202983761389	-0.4857850670814514	0.38088699958431244	0
K5	HPCLAS_TRAIN_N_000702	0	HPCLAS_TRAIN_N_000702	0	1.5228208417031035	0.7685192227363586	0.6832004848641622	1
K5	HPCLAS_TRAIN_N_000708	0	HPCLAS_TRAIN_N_000708	0	-1.3797247044998957	-0.06111910939216614	0.48472497740114284	0
K5	HPCLAS_TRAIN_N_000709	0	HPCLAS_TRAIN_N_000709	0	-2.528848924997941	-2.1405887603759766	0.10521394839647748	0
K5	HPCLAS_TRAIN_N_000710	0	HPCLAS_TRAIN_N_000710	0	-2.3499611158007565	-2.3315227031707764	0.0885456959356944	0
K5	HPCLAS_TRAIN_N_000713	0	HPCLAS_TRAIN_N_000713	0	-1.5877378000736817	-2.334789514541626	0.08828240090260478	0
K5	HPCLAS_TRAIN_N_000718	0	HPCLAS_TRAIN_N_000718	0	-2.610207372089025	-3.452866315841675	0.03068349456550466	0
K5	HPCLAS_TRAIN_N_000724	0	HPCLAS_TRAIN_N_000724	0	-2.1455484584446007	-3.0260026454925537	0.04626488853664229	0
K5	HPCLAS_TRAIN_N_000726	0	HPCLAS_TRAIN_N_000726	0	-1.947186980892489	-2.5457470417022705	0.07271272296128681	0
K5	HPCLAS_TRAIN_N_000732	0	HPCLAS_TRAIN_N_000732	0	-1.738533429618367	-2.197720766067505	0.09995535187665862	0
K5	HPCLAS_TRAIN_N_000736	0	HPCLAS_TRAIN_P_006659	0	1.7216961877096475	1.9026360511779785	0.8701895837976575	1
K5	HPCLAS_TRAIN_N_000738	0	HPCLAS_TRAIN_N_000738	0	-2.667546906305094	-2.7255570888519287	0.06148202870597706	0
K5	HPCLAS_TRAIN_N_000749	0	HPCLAS_TRAIN_N_000749	0	0.2861446348840434	-2.341582775115967	0.08773714786103018	0
K5	HPCLAS_TRAIN_N_000761	0	HPCLAS_TRAIN_N_000761	0	-2.979673397240543	-3.595911741256714	0.02670304203172594	0
K5	HPCLAS_TRAIN_N_000764	0	HPCLAS_TRAIN_N_000764	0	-0.002350450644184	-1.900817632675171	0.13001596246886635	0
K5	HPCLAS_TRAIN_N_000777	0	HPCLAS_TRAIN_N_000777	0	-2.4624740780239587	-2.1985175609588623	0.09988369164408564	0
K5	HPCLAS_TRAIN_N_000780	0	HPCLAS_TRAIN_N_000780	0	-2.8761674787981057	-2.4477710723876953	0.07960169921918069	0
K5	HPCLAS_TRAIN_N_000799	0	HPCLAS_TRAIN_N_000799	0	-2.767838057090481	-3.023801565170288	0.04636210704583937	0
K5	HPCLAS_TRAIN_N_000810	0	HPCLAS_TRAIN_N_000810	0	-2.900696274351493	-2.5501296520233154	0.07241777570609426	0
K5	HPCLAS_TRAIN_N_000819	0	HPCLAS_TRAIN_N_000819	0	-1.952755876514216	-2.970287561416626	0.04878637661556493	0
K5	HPCLAS_TRAIN_N_000822	0	HPCLAS_TRAIN_N_000822	0	-1.6810561014051535	-2.0869767665863037	0.11036906933176749	0
K5	HPCLAS_TRAIN_N_000836	0	HPCLAS_TRAIN_N_000836	0	-2.524682349123672	-3.063802719116211	0.044625297342531435	0
K5	HPCLAS_TRAIN_N_000842	0	HPCLAS_TRAIN_N_000842	0	-2.5645219649966675	-2.079935312271118	0.11106235300891937	0
K5	HPCLAS_TRAIN_N_000843	0	HPCLAS_TRAIN_N_000843	0	-2.13337237204538	-2.471630334854126	0.07787108478450178	0
K5	HPCLAS_TRAIN_N_000848	0	HPCLAS_TRAIN_N_000848	0	0.2379494992465072	-0.9426851868629456	0.28035826659171387	0
K5	HPCLAS_TRAIN_N_000849	0	HPCLAS_TRAIN_N_000849	0	2.267940820275573	0.9357786178588867	0.7182461697688358	1
K5	HPCLAS_TRAIN_N_000852	0	HPCLAS_TRAIN_N_000852	0	-0.9335381154640152	-1.0124995708465576	0.26649096572784986	0
K5	HPCLAS_TRAIN_N_000863	0	HPCLAS_TRAIN_N_000863	0	-2.175103492281785	-2.3244683742523193	0.0891166729724916	0
K5	HPCLAS_TRAIN_N_000871	0	HPCLAS_TRAIN_N_000871	0	-2.6084122876935	-2.0311574935913086	0.11597020177713409	0
K5	HPCLAS_TRAIN_N_000878	0	HPCLAS_TRAIN_N_000878	0	0.7712507733524931	1.3965294361114502	0.8016325848581136	1
K5	HPCLAS_TRAIN_N_000888	0	HPCLAS_TRAIN_N_000888	0	-1.912217068003236	-1.9802947044372559	0.12128742573433737	0
K5	HPCLAS_TRAIN_N_000889	0	HPCLAS_TRAIN_N_000889	0	-2.4011984125859858	-3.2576777935028076	0.03705197457941514	0
K5	HPCLAS_TRAIN_N_000897	0	HPCLAS_TRAIN_N_000897	0	-2.455864890584698	-2.6586697101593018	0.06545666300706912	0
K5	HPCLAS_TRAIN_N_000904	0	HPCLAS_TRAIN_N_000904	0	-2.867690718694956	-2.93984055519104	0.05021887767469793	0
K5	HPCLAS_TRAIN_N_000905	0	HPCLAS_TRAIN_N_000905	0	-2.871221812339915	-2.3266758918762207	0.0889376404297135	0
K5	HPCLAS_TRAIN_N_000910	0	HPCLAS_TRAIN_N_000910	0	-1.6679342179191428	-2.3396544456481934	0.08789161282885291	0
K5	HPCLAS_TRAIN_N_000913	0	HPCLAS_TRAIN_N_000913	0	-1.8941531752387928	-1.882500410079956	0.13210193518725777	0
K5	HPCLAS_TRAIN_N_000916	0	HPCLAS_TRAIN_N_000916	0	-2.468338213310017	-3.414144515991211	0.03185632609267691	0
K5	HPCLAS_TRAIN_N_000917	0	HPCLAS_TRAIN_N_000917	0	-1.951932019560902	-2.7404396533966064	0.06062885889814179	0
K5	HPCLAS_TRAIN_N_000918	0	HPCLAS_TRAIN_N_000918	0	-1.0300866526489287	-1.9071145057678223	0.12930536959000158	0
K5	HPCLAS_TRAIN_N_000921	0	HPCLAS_TRAIN_N_000921	0	0.5112859570643232	-0.7575415968894958	0.319180249936831	0
K5	HPCLAS_TRAIN_N_000922	0	HPCLAS_TRAIN_N_000922	0	-1.3734815757186196	-0.5007665753364563	0.3773605376669014	0
K5	HPCLAS_TRAIN_N_000925	0	HPCLAS_TRAIN_N_000925	0	-1.8331692128283907	-2.0772454738616943	0.11132819200365228	0
K5	HPCLAS_TRAIN_N_000926	0	HPCLAS_TRAIN_N_000926	0	-1.9913651035276376	-2.6564738750457764	0.06559111506465345	0
K5	HPCLAS_TRAIN_N_000930	0	HPCLAS_TRAIN_N_000930	0	-2.729085462635928	-3.491586685180664	0.029552565316715382	0
K5	HPCLAS_TRAIN_N_000931	0	HPCLAS_TRAIN_N_000931	0	0.1454772604849192	-1.5241403579711914	0.17885263959390452	0
K5	HPCLAS_TRAIN_N_000933	0	HPCLAS_TRAIN_N_000933	0	-1.7113813508652096	-1.6214613914489746	0.16500342504631502	0
K5	HPCLAS_TRAIN_N_000945	0	HPCLAS_TRAIN_N_000945	0	-2.106775822470946	-2.953296184539795	0.049580955686960825	0
K5	HPCLAS_TRAIN_N_000946	0	HPCLAS_TRAIN_N_000946	0	-0.3514017349986987	0.9533818364143372	0.721794783804254	1
K5	HPCLAS_TRAIN_N_000952	0	HPCLAS_TRAIN_N_000952	0	0.5702997182914156	-1.3559033870697021	0.20490691596700183	0
K5	HPCLAS_TRAIN_N_000957	0	HPCLAS_TRAIN_N_000957	0	-2.1195591088989483	-2.9027650356292725	0.05201704663586385	0
K5	HPCLAS_TRAIN_N_000958	0	HPCLAS_TRAIN_N_000958	0	-2.2607635324772035	-2.282015323638916	0.09262343746526716	0
K5	HPCLAS_TRAIN_N_000965	0	HPCLAS_TRAIN_N_000965	0	-0.2827041453450294	-1.5456392765045166	0.17571698474775582	0
K5	HPCLAS_TRAIN_N_000967	0	HPCLAS_TRAIN_N_000967	0	-2.435765542503891	-2.458639621734619	0.07880904158123593	0
K5	HPCLAS_TRAIN_N_000969	0	HPCLAS_TRAIN_N_000969	0	-2.822044179321081	-1.7062714099884033	0.15364795667537173	0
K5	HPCLAS_TRAIN_N_000994	0	HPCLAS_TRAIN_N_000994	0	0.980673404803304	0.025112658739089966	0.5062778347641524	1
K5	HPCLAS_TRAIN_N_000995	0	HPCLAS_TRAIN_N_000995	0	0.6893738942955586	0.686149001121521	0.6651097060530021	1
K5	HPCLAS_TRAIN_N_001000	0	HPCLAS_TRAIN_N_001000	0	-2.489903914051688	-2.9583044052124023	0.04934548654718058	0
K5	HPCLAS_TRAIN_N_001004	0	HPCLAS_TRAIN_N_001004	0	-0.6354066404084947	-2.0227901935577393	0.11683078698952305	0
K5	HPCLAS_TRAIN_N_001012	0	HPCLAS_TRAIN_N_001012	0	-0.7987125883581614	-0.6241365075111389	0.3488412529346123	0
K5	HPCLAS_TRAIN_N_001019	0	HPCLAS_TRAIN_N_001019	0	-3.1073770991369614	-2.612917184829712	0.06831170489284397	0
K5	HPCLAS_TRAIN_N_001022	0	HPCLAS_TRAIN_N_001022	0	-1.906806216929258	-2.0619425773620605	0.11285120105813261	0
K5	HPCLAS_TRAIN_N_001023	0	HPCLAS_TRAIN_N_001023	0	-3.08401892581408	-2.732598066329956	0.061077002532160585	0
K5	HPCLAS_TRAIN_N_001025	0	HPCLAS_TRAIN_N_001025	0	-2.812807070114679	-2.9817306995391846	0.048258076838147285	0
K5	HPCLAS_TRAIN_N_001026	0	HPCLAS_TRAIN_N_001026	0	-2.455892638087168	-2.342989683151245	0.08762460516451533	0
K5	HPCLAS_TRAIN_N_001029	0	HPCLAS_TRAIN_N_001029	0	-2.5409401377754333	-2.818965196609497	0.0563078950083201	0
K5	HPCLAS_TRAIN_N_001031	0	HPCLAS_TRAIN_N_001031	0	-1.737798693798014	-3.0076961517333984	0.047079395269624104	0
K5	HPCLAS_TRAIN_N_001037	0	HPCLAS_TRAIN_N_001037	0	-2.3596652204484863	-2.82466983795166	0.05600553181161383	0
K5	HPCLAS_TRAIN_N_001040	0	HPCLAS_TRAIN_N_001040	0	-1.59501234553013	-1.5805811882019043	0.1707131873482496	0
K5	HPCLAS_TRAIN_N_001046	0	HPCLAS_TRAIN_N_001046	0	-2.1322920895850928	-1.3507602214813232	0.20574611268325996	0
K5	HPCLAS_TRAIN_N_001058	0	HPCLAS_TRAIN_N_001058	0	-2.412372098405613	-2.6471292972564697	0.06616616430342513	0
K5	HPCLAS_TRAIN_N_001065	0	HPCLAS_TRAIN_N_001065	0	-0.0616706490569104	-0.1306132972240448	0.4673930183252539	0
K5	HPCLAS_TRAIN_N_001066	0	HPCLAS_TRAIN_N_001066	0	-3.022495267380941	-3.677070379257202	0.024672828946902498	0
K5	HPCLAS_TRAIN_N_001076	0	HPCLAS_TRAIN_N_001076	0	-1.936689392821823	-2.3512051105499268	0.08697003149339226	0
K5	HPCLAS_TRAIN_N_001079	0	HPCLAS_TRAIN_N_001079	0	-2.645158041123632	-3.0777676105499268	0.044033691622459965	0
K5	HPCLAS_TRAIN_N_001093	0	HPCLAS_TRAIN_N_001093	0	-1.8289729941796569	-2.476060628890991	0.07755355222238569	0
K5	HPCLAS_TRAIN_N_001095	0	HPCLAS_TRAIN_N_001095	0	-1.9139622019900675	-1.670828104019165	0.15831380231039233	0
K5	HPCLAS_TRAIN_N_001102	0	HPCLAS_TRAIN_N_001102	0	-3.0871110069197774	-3.3534018993377686	0.03378394107134254	0
K5	HPCLAS_TRAIN_N_001105	0	HPCLAS_TRAIN_N_001105	0	-1.3950554991934532	-2.3440372943878174	0.08754088845148841	0
K5	HPCLAS_TRAIN_N_001106	0	HPCLAS_TRAIN_N_001106	0	-1.64304630574453	-0.95505291223526	0.2778697767538785	0
K5	HPCLAS_TRAIN_N_001113	0	HPCLAS_TRAIN_N_001113	0	0.0756051463796158	1.3946943283081055	0.8013406085470647	1
K5	HPCLAS_TRAIN_N_001120	0	HPCLAS_TRAIN_N_001120	0	-2.5408149098729376	-2.1684110164642334	0.10262327332782888	0
K5	HPCLAS_TRAIN_N_001122	0	HPCLAS_TRAIN_N_001122	0	-2.59091408107414	-3.016343355178833	0.04669297225527626	0
K5	HPCLAS_TRAIN_N_001134	0	HPCLAS_TRAIN_N_001134	0	-1.4115607651329436	-1.9179472923278809	0.12809064479199106	0
K5	HPCLAS_TRAIN_N_001136	0	HPCLAS_TRAIN_N_001136	0	-2.024769834000441	-1.9853029251098633	0.12075467723591825	0
K5	HPCLAS_TRAIN_N_001140	0	HPCLAS_TRAIN_N_001140	0	0.154958349315862	1.7850701808929443	0.8563218021473546	1
K5	HPCLAS_TRAIN_N_001141	0	HPCLAS_TRAIN_N_001141	0	-3.184705085678813	-4.119442462921143	0.01599362039552409	0
K5	HPCLAS_TRAIN_N_001142	0	HPCLAS_TRAIN_P_004373	0	-0.4746727775668675	-1.6191189289093018	0.16532641650730517	0
K5	HPCLAS_TRAIN_N_001149	0	HPCLAS_TRAIN_N_001149	0	-1.3098968594543603	-2.210599660873413	0.09880266610747346	0
K5	HPCLAS_TRAIN_N_001153	0	HPCLAS_TRAIN_N_001153	0	-2.7807466855629928	-2.046901226043701	0.11436586981555437	0
K5	HPCLAS_TRAIN_N_001157	0	HPCLAS_TRAIN_N_001157	0	-0.594890075077326	0.4103219211101532	0.6011650669790383	1
K5	HPCLAS_TRAIN_N_001164	0	HPCLAS_TRAIN_N_001164	0	-1.3878924199514135	-1.1968815326690674	0.23203043898794687	0
K5	HPCLAS_TRAIN_N_001173	0	HPCLAS_TRAIN_N_001173	0	-2.6654934445272223	-3.0680134296417236	0.04444612223873957	0
K5	HPCLAS_TRAIN_N_001176	0	HPCLAS_TRAIN_N_001176	0	-0.225442069771149	-1.5966768264770508	0.1684465867999571	0
K5	HPCLAS_TRAIN_N_001178	0	HPCLAS_TRAIN_N_001178	0	-2.5860810917723924	-2.8219962120056152	0.05614705141716174	0
K5	HPCLAS_TRAIN_N_001180	0	HPCLAS_TRAIN_N_001180	0	-0.8403568135374759	-1.121690273284912	0.24569788983034768	0
K5	HPCLAS_TRAIN_N_001182	0	HPCLAS_TRAIN_N_001182	0	-2.343716764687717	-3.059941291809082	0.04479021475692074	0
K5	HPCLAS_TRAIN_N_001183	0	HPCLAS_TRAIN_N_001183	0	-2.2166741354645607	-2.6405720710754395	0.06657247792928504	0
K5	HPCLAS_TRAIN_N_001190	0	HPCLAS_TRAIN_N_001190	0	-2.2580480016379743	-2.4957199096679688	0.07615877549236805	0
K5	HPCLAS_TRAIN_N_001194	0	HPCLAS_TRAIN_N_001194	0	-3.3473320517887024	-3.1880152225494385	0.0396192304656314	0
K5	HPCLAS_TRAIN_N_001195	0	HPCLAS_TRAIN_N_001195	0	-2.7487364298553807	-3.0529086589813232	0.04509206435551076	0
K5	HPCLAS_TRAIN_N_001202	0	HPCLAS_TRAIN_N_001202	0	-2.1095602411462417	-2.837796926498413	0.055315548296379746	0
K5	HPCLAS_TRAIN_N_001204	0	HPCLAS_TRAIN_N_001204	0	-0.1755000447937657	-0.8873032927513123	0.29166664647170404	0
K5	HPCLAS_TRAIN_N_001205	0	HPCLAS_TRAIN_N_001205	0	-2.398723890000085	-2.0077617168426514	0.11839039715135191	0
K5	HPCLAS_TRAIN_N_001210	0	HPCLAS_TRAIN_N_001210	0	-2.449523032684456	-2.860706329345703	0.05413052473706616	0
K5	HPCLAS_TRAIN_N_001212	0	HPCLAS_TRAIN_N_001212	0	-0.4178394331661232	-2.08454966545105	0.110607606362904	0
K5	HPCLAS_TRAIN_N_001217	0	HPCLAS_TRAIN_N_001217	0	-3.3743167551998954	-2.883554697036743	0.05297252627864929	0
K5	HPCLAS_TRAIN_N_001228	0	HPCLAS_TRAIN_N_001228	0	1.4862966994209037	1.1545915603637695	0.7603485845984441	1
K5	HPCLAS_TRAIN_N_001234	0	HPCLAS_TRAIN_N_001234	0	-2.8159508836094616	-2.8872296810150146	0.05278846800525656	0
K5	HPCLAS_TRAIN_N_001238	0	HPCLAS_TRAIN_N_001238	0	1.2045159058955566	-0.1894792914390564	0.45277139435961883	0
K5	HPCLAS_TRAIN_N_001242	0	HPCLAS_TRAIN_N_001242	0	-1.1195762644726768	-0.6131868362426758	0.3513325806774824	0
K5	HPCLAS_TRAIN_N_001244	0	HPCLAS_TRAIN_N_001244	0	0.4948196186667933	2.1533548831939697	0.8959818621405853	1
K5	HPCLAS_TRAIN_N_001250	0	HPCLAS_TRAIN_N_001250	0	-1.5903341809277234	-2.2482824325561523	0.09549772174047742	0
K5	HPCLAS_TRAIN_N_001262	0	HPCLAS_TRAIN_N_001262	0	-0.6865122342654816	-2.42561936378479	0.0812398383539981	0
K5	HPCLAS_TRAIN_N_001274	0	HPCLAS_TRAIN_N_001274	0	-2.940201320582324	-2.3059399127960205	0.09063221332797015	0
K5	HPCLAS_TRAIN_N_001276	0	HPCLAS_TRAIN_N_001276	0	-1.195610810857903	1.2344467639923096	0.7745959141956228	1
K5	HPCLAS_TRAIN_N_001279	0	HPCLAS_TRAIN_N_001279	0	-2.943227767317272	-2.9962706565856934	0.04759463710089938	0
K5	HPCLAS_TRAIN_N_001281	0	HPCLAS_TRAIN_N_001281	0	-2.055032529626088	-2.455606698989868	0.07902950770527754	0
K5	HPCLAS_TRAIN_N_001284	0	HPCLAS_TRAIN_N_001284	0	-2.32384920559864	-2.615709066390991	0.06813422900143316	0
K5	HPCLAS_TRAIN_N_001296	0	HPCLAS_TRAIN_N_001296	0	-2.0507895433330128	-2.0225207805633545	0.11685858825690094	0
K5	HPCLAS_TRAIN_N_001302	0	HPCLAS_TRAIN_N_001302	0	-2.960625617850968	-3.065605878829956	0.04454848474001414	0
K5	HPCLAS_TRAIN_N_001306	0	HPCLAS_TRAIN_N_001306	0	-2.312747052274543	-2.87495756149292	0.05340547516703283	0
K5	HPCLAS_TRAIN_N_001316	0	HPCLAS_TRAIN_N_001316	0	-1.7861192503596377	-1.416975498199463	0.19513616797058153	0
K5	HPCLAS_TRAIN_N_001325	0	HPCLAS_TRAIN_N_001325	0	-1.5338540246177697	-1.462843418121338	0.18803281701404273	0
K5	HPCLAS_TRAIN_N_001326	0	HPCLAS_TRAIN_N_001326	0	-2.750359836473516	-2.903175115585327	0.05199682878547693	0
K5	HPCLAS_TRAIN_N_001331	0	HPCLAS_TRAIN_N_001331	0	0.3895905741868868	-0.40653079748153687	0.3997442618283391	0
K5	HPCLAS_TRAIN_N_001339	0	HPCLAS_TRAIN_N_001339	0	-2.331356461545859	-2.296989917755127	0.09137256173148159	0
K5	HPCLAS_TRAIN_N_001343	0	HPCLAS_TRAIN_N_001343	0	1.1434777718590858	1.8453106880187988	0.8635755833460125	1
K5	HPCLAS_TRAIN_N_001345	0	HPCLAS_TRAIN_N_001345	0	-2.099904372837983	-2.726261615753174	0.061441388659905435	0
K5	HPCLAS_TRAIN_N_001349	0	HPCLAS_TRAIN_N_001349	0	-2.0421008819903457	-2.43560528755188	0.08049759972523111	0
K5	HPCLAS_TRAIN_N_001361	0	HPCLAS_TRAIN_N_001361	0	-0.5591957855042979	-1.118767499923706	0.2462399712194839	0
K5	HPCLAS_TRAIN_N_001366	0	HPCLAS_TRAIN_N_001366	0	-0.3890496390816972	0.7180237174034119	0.6721716778050273	1
K5	HPCLAS_TRAIN_N_001377	0	HPCLAS_TRAIN_N_001377	0	-3.16166169626307	-2.7278554439544678	0.06134954263253385	0
K5	HPCLAS_TRAIN_N_001387	0	HPCLAS_TRAIN_N_001387	0	-1.983954690022988	-2.60746693611145	0.06865940435862779	0
K5	HPCLAS_TRAIN_N_001391	0	HPCLAS_TRAIN_N_001391	0	-1.501699146785131	-1.3511221408843994	0.2056869760492226	0
K5	HPCLAS_TRAIN_N_001395	0	HPCLAS_TRAIN_N_001395	0	-3.501566005879861	-3.5881149768829346	0.02690642936307591	0
K5	HPCLAS_TRAIN_N_001398	0	HPCLAS_TRAIN_N_001398	0	-2.9394436524455805	-3.02717924118042	0.046212999608213755	0
K5	HPCLAS_TRAIN_N_001401	0	HPCLAS_TRAIN_N_001401	0	-2.0639348986018025	-2.0309488773345947	0.11599159106170888	0
K5	HPCLAS_TRAIN_N_001403	0	HPCLAS_TRAIN_N_001403	0	-2.292304717716207	-2.053257465362549	0.11372364611088844	0
K5	HPCLAS_TRAIN_N_001404	0	HPCLAS_TRAIN_N_001404	0	-2.610528824847381	-2.517794370651245	0.07462010534000824	0
K5	HPCLAS_TRAIN_N_001405	0	HPCLAS_TRAIN_N_001405	0	-2.581611271153582	-2.6786880493164062	0.06424270000141079	0
K5	HPCLAS_TRAIN_N_001413	0	HPCLAS_TRAIN_N_001413	0	-2.0838723426498422	-1.7936980724334717	0.14261992718533412	0
K5	HPCLAS_TRAIN_N_001414	0	HPCLAS_TRAIN_N_001414	0	-1.7463390414180149	-1.6035985946655273	0.16747926238264943	0
K5	HPCLAS_TRAIN_N_001416	0	HPCLAS_TRAIN_N_001416	0	-1.6998706779725326	-2.2359557151794434	0.09656779984423672	0
K5	HPCLAS_TRAIN_N_001417	0	HPCLAS_TRAIN_N_001417	0	-1.4966949302620511	-2.53999924659729	0.07310122447099728	0
K5	HPCLAS_TRAIN_N_001419	0	HPCLAS_TRAIN_N_001419	0	-3.089321145354885	-3.53536057472229	0.028322688316616117	0
K5	HPCLAS_TRAIN_N_001422	0	HPCLAS_TRAIN_N_001422	0	-0.0837726219160937	-0.27375808358192444	0.4319847246468048	0
K5	HPCLAS_TRAIN_N_001425	0	HPCLAS_TRAIN_N_001425	0	-0.6930861162228358	-1.067640781402588	0.2558520011571854	0
K5	HPCLAS_TRAIN_N_001429	0	HPCLAS_TRAIN_N_001429	0	-1.2075564337567493	-2.0493884086608887	0.11411419376990252	0
K5	HPCLAS_TRAIN_N_001439	0	HPCLAS_TRAIN_N_001439	0	-3.008084828896584	-3.1636478900909424	0.040556868695161084	0
K5	HPCLAS_TRAIN_N_001440	0	HPCLAS_TRAIN_N_001440	0	-0.4699910087256405	0.1831219494342804	0.5456529826807901	1
K5	HPCLAS_TRAIN_N_001466	0	HPCLAS_TRAIN_N_001466	0	-2.27377004407332	-1.4002320766448975	0.19777928696547084	0
K5	HPCLAS_TRAIN_N_001468	0	HPCLAS_TRAIN_N_001468	0	-0.3488161683639881	-1.7453365325927734	0.14863636350400683	0
K5	HPCLAS_TRAIN_N_001469	0	HPCLAS_TRAIN_N_001469	0	-3.0558128566641214	-3.1318166255950928	0.04181376266548667	0
K5	HPCLAS_TRAIN_N_001489	0	HPCLAS_TRAIN_N_001489	0	-0.987000667877484	0.7309417128562927	0.6750118909584765	1
K5	HPCLAS_TRAIN_N_001501	0	HPCLAS_TRAIN_N_001501	0	-2.9590580639540907	-3.222597122192383	0.03832415264076787	0
K5	HPCLAS_TRAIN_N_001515	0	HPCLAS_TRAIN_N_001515	0	-1.8164248442470063	-2.0312063694000244	0.11596519106882394	0
K5	HPCLAS_TRAIN_N_001517	0	HPCLAS_TRAIN_P_004877	0	0.753322919246627	-0.022241950035095215	0.49443974171299576	0
K5	HPCLAS_TRAIN_N_001527	0	HPCLAS_TRAIN_N_001527	0	-1.582328192957994	-1.1130914688110352	0.24729499255354348	0
K5	HPCLAS_TRAIN_N_001533	0	HPCLAS_TRAIN_N_001533	0	-2.2987293945885434	-3.2397382259368896	0.03769738555200062	0
K5	HPCLAS_TRAIN_N_001534	0	HPCLAS_TRAIN_N_001534	0	-0.3180700866005955	-0.41508615016937256	0.39769318709375484	0
K5	HPCLAS_TRAIN_N_001540	0	HPCLAS_TRAIN_N_001540	0	-2.232322685046674	-0.6534549593925476	0.34221139301323694	0
K5	HPCLAS_TRAIN_N_001541	0	HPCLAS_TRAIN_N_001541	0	-2.67870332284122	-2.5705058574676514	0.07106090455292671	0
K5	HPCLAS_TRAIN_N_001544	0	HPCLAS_TRAIN_N_001544	0	-2.730865967180466	-2.68925142288208	0.0636105922326064	0
K5	HPCLAS_TRAIN_N_001549	0	HPCLAS_TRAIN_N_001549	0	-2.223535121602737	-2.7528228759765625	0.059927422577634	0
K5	HPCLAS_TRAIN_N_001552	0	HPCLAS_TRAIN_N_001552	0	-1.3962315558931708	-1.6249940395355225	0.16451728216879036	0
K5	HPCLAS_TRAIN_N_001556	0	HPCLAS_TRAIN_N_001556	0	-2.184446063736649	-2.762232542037964	0.05939950839317763	0
K5	HPCLAS_TRAIN_N_001557	0	HPCLAS_TRAIN_N_001557	0	-2.1207781268511345	-2.5948593616485596	0.0694699967639271	0
K5	HPCLAS_TRAIN_N_001571	0	HPCLAS_TRAIN_N_001571	0	-1.562296106736931	-2.2397589683532715	0.09623650340743455	0
K5	HPCLAS_TRAIN_N_001574	0	HPCLAS_TRAIN_N_001574	0	-3.171390523783117	-3.1099672317504883	0.042697983596044306	0
K5	HPCLAS_TRAIN_N_001576	0	HPCLAS_TRAIN_N_001576	0	-3.090824605993819	-3.129577398300171	0.04190357024339909	0
K5	HPCLAS_TRAIN_N_001589	0	HPCLAS_TRAIN_N_001589	0	-2.720339959433738	-3.018526077270508	0.04659590939410944	0
K5	HPCLAS_TRAIN_N_001593	0	HPCLAS_TRAIN_N_001593	0	-0.8196946460110766	-0.13489559292793274	0.4663271478606393	0
K5	HPCLAS_TRAIN_N_001595	0	HPCLAS_TRAIN_N_001595	0	-0.03797594070139	-0.07105830311775208	0.4822428953116008	0
K5	HPCLAS_TRAIN_N_001599	0	HPCLAS_TRAIN_N_001599	0	-1.5221823029699413	-2.2997138500213623	0.09114666260510935	0
K5	HPCLAS_TRAIN_N_001607	0	HPCLAS_TRAIN_N_001607	0	-2.429030353538636	-1.6222779750823975	0.1648909491366902	0
K5	HPCLAS_TRAIN_N_001611	0	HPCLAS_TRAIN_N_001611	0	-2.555883929391505	-2.958970308303833	0.04931425806645937	0
K5	HPCLAS_TRAIN_N_001618	0	HPCLAS_TRAIN_N_001618	0	-2.1926090935056752	-2.064336061477661	0.11261179741717771	0
K5	HPCLAS_TRAIN_N_001623	0	HPCLAS_TRAIN_N_001623	0	-3.149690696616987	-3.479492425918579	0.029901399647690646	0
K5	HPCLAS_TRAIN_N_001626	0	HPCLAS_TRAIN_N_001626	0	-1.5561344728012811	-2.5572192668914795	0.07194298314838592	0
K5	HPCLAS_TRAIN_N_001628	0	HPCLAS_TRAIN_N_001628	0	-1.8233678522126	-1.458601474761963	0.1886813192017512	0
K5	HPCLAS_TRAIN_N_001636	0	HPCLAS_TRAIN_N_001636	0	-0.6827036960984819	-1.5703630447387695	0.17216464299475354	0
K5	HPCLAS_TRAIN_N_001639	0	HPCLAS_TRAIN_N_001639	0	-1.7591340986821762	-2.4537153244018555	0.07916727887351378	0
K5	HPCLAS_TRAIN_N_001651	0	HPCLAS_TRAIN_N_001651	0	-3.584345849325301	-4.323096752166748	0.013085266388469748	0
K5	HPCLAS_TRAIN_N_001656	0	HPCLAS_TRAIN_N_001656	0	-2.1149099531698035	-2.993030071258545	0.047741746391350884	0
K5	HPCLAS_TRAIN_N_001657	0	HPCLAS_TRAIN_N_001657	0	-1.5059695884268172	-1.1202878952026367	0.24595788585201722	0
K5	HPCLAS_TRAIN_N_001660	0	HPCLAS_TRAIN_N_001660	0	-2.5747871508698035	-2.861722707748413	0.0540785093214998	0
K5	HPCLAS_TRAIN_N_001664	0	HPCLAS_TRAIN_N_001664	0	-2.580597901903721	-2.515077590942383	0.07480792120004398	0
K5	HPCLAS_TRAIN_N_001675	0	HPCLAS_TRAIN_N_001675	0	-1.326834020973421	-2.104491949081421	0.10866099354075894	0
K5	HPCLAS_TRAIN_N_001676	0	HPCLAS_TRAIN_N_001676	0	-1.8535258517242743	-1.9799389839172363	0.1213253423916827	0
K5	HPCLAS_TRAIN_N_001686	0	HPCLAS_TRAIN_N_001686	0	-1.8477963539558435	-1.4692542552947998	0.18705598995259423	0
K5	HPCLAS_TRAIN_N_001687	0	HPCLAS_TRAIN_N_001687	0	-1.988563900253537	-2.339510202407837	0.08790317701754402	0
K5	HPCLAS_TRAIN_N_001692	0	HPCLAS_TRAIN_N_001692	0	-1.7662520477233117	-2.2090768814086914	0.09893833831655006	0
K5	HPCLAS_TRAIN_N_001700	0	HPCLAS_TRAIN_N_001700	0	-0.97306802636436	-1.2481842041015625	0.22301462004869305	0
K5	HPCLAS_TRAIN_N_001703	0	HPCLAS_TRAIN_N_001703	0	-2.0475917083827557	-2.303892135620117	0.09080112860008566	0
K5	HPCLAS_TRAIN_N_001705	0	HPCLAS_TRAIN_N_001705	0	-2.331961121747971	-1.5494778156280518	0.17516170060650196	0
K5	HPCLAS_TRAIN_N_001710	0	HPCLAS_TRAIN_N_001710	0	-1.7014059017638286	-2.926468849182129	0.05086051663558503	0
K5	HPCLAS_TRAIN_N_001711	0	HPCLAS_TRAIN_N_001711	0	-1.6780529634065473	-2.0565621852874756	0.11339098643264817	0
K5	HPCLAS_TRAIN_N_001716	0	HPCLAS_TRAIN_N_001716	0	-2.1777289852645585	-2.949655532836914	0.049752794563433046	0
K5	HPCLAS_TRAIN_N_001717	0	HPCLAS_TRAIN_N_001717	0	0.335749258779398	-2.215642213821411	0.09835458111858617	0
K5	HPCLAS_TRAIN_N_001718	0	HPCLAS_TRAIN_N_001718	0	-1.4951073052743438	-1.7092750072479248	0.15325777430140797	0
K5	HPCLAS_TRAIN_N_001720	0	HPCLAS_TRAIN_N_001720	0	-2.148556312653477	-2.827258348464966	0.055868837253751635	0
K5	HPCLAS_TRAIN_N_001725	0	HPCLAS_TRAIN_N_001725	0	-2.952577130249073	-3.123662233352661	0.04214169483642405	0
K5	HPCLAS_TRAIN_N_001726	0	HPCLAS_TRAIN_N_001726	0	-2.035323264475064	-2.1941497325897217	0.10027707659588526	0
K5	HPCLAS_TRAIN_N_001727	0	HPCLAS_TRAIN_N_001727	0	-2.521230660473513	-2.516723871231079	0.07469405907649806	0
K5	HPCLAS_TRAIN_N_001737	0	HPCLAS_TRAIN_P_005574	0	-2.1614206697058864	-2.137420892715454	0.10551255724488492	0
K5	HPCLAS_TRAIN_N_001739	0	HPCLAS_TRAIN_N_001739	0	-2.475154435357992	-2.5912351608276367	0.06970464516994772	0
K5	HPCLAS_TRAIN_N_001744	0	HPCLAS_TRAIN_N_001744	0	-1.67384065925579	-1.1202657222747803	0.2459619981241248	0
K5	HPCLAS_TRAIN_N_001748	0	HPCLAS_TRAIN_N_001748	0	-2.3890855187950994	-1.9128220081329346	0.1286641460372384	0
K5	HPCLAS_TRAIN_N_001750	0	HPCLAS_TRAIN_N_001750	0	-2.8096814526067795	-2.7995166778564453	0.057350299305052026	0
K5	HPCLAS_TRAIN_N_001753	0	HPCLAS_TRAIN_N_001753	0	-3.2377765199332265	-3.1237127780914307	0.04213965460621934	0
K5	HPCLAS_TRAIN_N_001768	0	HPCLAS_TRAIN_N_001768	0	-1.3253683244426475	-1.618774652481079	0.16537392992249003	0
K5	HPCLAS_TRAIN_N_001769	0	HPCLAS_TRAIN_N_001769	0	0.7295038473660203	0.46040260791778564	0.6131096815814944	1
K5	HPCLAS_TRAIN_N_001786	0	HPCLAS_TRAIN_N_001786	0	-3.3154807468018013	-2.8556630611419678	0.05438932353865826	0
K5	HPCLAS_TRAIN_N_001792	0	HPCLAS_TRAIN_N_001792	0	-1.8423066940102384	-2.996330976486206	0.04759190291136209	0
K5	HPCLAS_TRAIN_N_001835	0	HPCLAS_TRAIN_N_001835	0	-2.9168647298168646	-2.3071484565734863	0.09053265681510282	0
K5	HPCLAS_TRAIN_N_001844	0	HPCLAS_TRAIN_N_001844	0	-1.1185892568500055	-1.1447021961212158	0.24145807851084433	0
K5	HPCLAS_TRAIN_N_001850	0	HPCLAS_TRAIN_N_001850	0	-0.9220681128696246	0.1264975368976593	0.5315822814614484	1
K5	HPCLAS_TRAIN_N_001854	0	HPCLAS_TRAIN_N_001854	0	-2.120559282713014	-0.6783936619758606	0.33661991484429576	0
K5	HPCLAS_TRAIN_N_001858	0	HPCLAS_TRAIN_N_001858	0	-2.25535647983629	-2.8600566387176514	0.054163798801832086	0
K5	HPCLAS_TRAIN_N_001859	0	HPCLAS_TRAIN_N_001859	0	-2.190337861751797	-2.1297013759613037	0.10624334439459104	0
K5	HPCLAS_TRAIN_N_001876	0	HPCLAS_TRAIN_N_001876	0	-1.1447885472705288	-2.7714998722076416	0.0588838407325781	0
K5	HPCLAS_TRAIN_N_001882	0	HPCLAS_TRAIN_N_001882	0	-1.3500491994453103	-1.2337334156036377	0.22552865874923309	0
K5	HPCLAS_TRAIN_N_001884	0	HPCLAS_TRAIN_N_001884	0	-2.5394163047857528	-2.729308843612671	0.061265900824268506	0
K5	HPCLAS_TRAIN_N_001886	0	HPCLAS_TRAIN_N_001886	0	-2.0261470666324923	-2.889357805252075	0.052682159082260024	0
K5	HPCLAS_TRAIN_N_001891	0	HPCLAS_TRAIN_N_001891	0	0.997730323398031	-0.07849793136119843	0.48038558800382536	0
K5	HPCLAS_TRAIN_N_001895	0	HPCLAS_TRAIN_N_001895	0	-2.4510951039682314	-2.483898878097534	0.07699466519291615	0
K5	HPCLAS_TRAIN_N_001896	0	HPCLAS_TRAIN_N_001896	0	-0.5890549293265245	-1.3490166664123535	0.20603118130588974	0
K5	HPCLAS_TRAIN_N_001898	0	HPCLAS_TRAIN_N_001898	0	0.4996645461814229	-1.8233673572540283	0.13903030717367845	0
K5	HPCLAS_TRAIN_N_001901	0	HPCLAS_TRAIN_N_001901	0	0.2121494815795159	0.16798126697540283	0.5418968436443876	1
K5	HPCLAS_TRAIN_N_001908	0	HPCLAS_TRAIN_N_001908	0	-0.6621673880265739	-0.5306068062782288	0.37037537122552033	0
K5	HPCLAS_TRAIN_N_001916	0	HPCLAS_TRAIN_N_001916	0	0.4806026816308706	-0.7982094883918762	0.3104086568897144	0
K5	HPCLAS_TRAIN_N_001918	0	HPCLAS_TRAIN_N_001918	0	0.5181377331276462	-0.009508602321147919	0.49762286733009664	0
K5	HPCLAS_TRAIN_N_001919	0	HPCLAS_TRAIN_N_001919	0	-1.2448706537015684	-1.3202719688415527	0.210773048508578	0
K5	HPCLAS_TRAIN_N_001920	0	HPCLAS_TRAIN_N_001920	0	-2.4887441072352465	-2.984314441680908	0.048139545951877714	0
K5	HPCLAS_TRAIN_N_001931	0	HPCLAS_TRAIN_N_001931	0	-1.4139798015909872	-0.14822259545326233	0.4630120449427668	0
K5	HPCLAS_TRAIN_N_001937	0	HPCLAS_TRAIN_N_001937	0	-1.334536860848337	0.44135624170303345	0.6085821485040297	1
K5	HPCLAS_TRAIN_N_001941	0	HPCLAS_TRAIN_N_001941	0	-1.7275960681255582	-3.359889507293701	0.03357280810712962	0
K5	HPCLAS_TRAIN_N_001944	0	HPCLAS_TRAIN_N_001944	0	-0.3594792303819989	-0.687186598777771	0.33465922031343565	0
K5	HPCLAS_TRAIN_N_001960	0	HPCLAS_TRAIN_N_001960	0	-1.279172714469034	-1.1785664558410645	0.23531004918317328	0
K5	HPCLAS_TRAIN_N_001965	0	HPCLAS_TRAIN_N_001965	0	-2.373881788785434	-2.864856004714966	0.0539184523360805	0
K5	HPCLAS_TRAIN_N_001969	0	HPCLAS_TRAIN_N_001969	0	-1.6519719543659244	-2.3735954761505127	0.08520846104075275	0
K5	HPCLAS_TRAIN_N_001970	0	HPCLAS_TRAIN_N_001970	0	-2.6420359728234666	-2.9268670082092285	0.05084129945325257	0
K5	HPCLAS_TRAIN_N_001976	0	HPCLAS_TRAIN_N_001976	0	-3.1966573670115324	-2.4435343742370605	0.07991265542678193	0
K5	HPCLAS_TRAIN_N_001977	0	HPCLAS_TRAIN_N_001977	0	-0.6211534470852985	-0.6031306982040405	0.35362776641536947	0
K5	HPCLAS_TRAIN_N_001988	0	HPCLAS_TRAIN_N_001988	0	-1.9536260798566447	-1.9634802341461182	0.12309089970131151	0
K5	HPCLAS_TRAIN_N_002010	0	HPCLAS_TRAIN_N_002010	0	-3.0625562751716937	-3.295332193374634	0.035731670094690984	0
K5	HPCLAS_TRAIN_N_002013	0	HPCLAS_TRAIN_N_002013	0	-1.379660418541614	-1.742757797241211	0.1489629817050209	0
K5	HPCLAS_TRAIN_N_002022	0	HPCLAS_TRAIN_N_002022	0	-2.428528827939464	-1.9611260890960693	0.123345230561811	0
K5	HPCLAS_TRAIN_N_002025	0	HPCLAS_TRAIN_N_002025	0	-0.3842136683009678	0.6122975945472717	0.6484647361383947	1
K5	HPCLAS_TRAIN_N_002040	0	HPCLAS_TRAIN_N_002040	0	-2.771402378076671	-2.8218348026275635	0.05615560584897529	0
K5	HPCLAS_TRAIN_N_002049	0	HPCLAS_TRAIN_N_002049	0	1.008933549766237	0.43419137597084045	0.606874084906085	1
K5	HPCLAS_TRAIN_N_002056	0	HPCLAS_TRAIN_N_002056	0	-1.1312844347031903	-2.7492992877960205	0.06012623596867173	0
K5	HPCLAS_TRAIN_N_002060	0	HPCLAS_TRAIN_N_002060	0	-0.2363232458332713	1.4614596366882324	0.811755820902073	1
K5	HPCLAS_TRAIN_N_002069	0	HPCLAS_TRAIN_N_002069	0	-1.7547456862621964	-1.401987075805664	0.1975009818480089	0
K5	HPCLAS_TRAIN_N_002071	0	HPCLAS_TRAIN_N_002071	0	-2.2337570308757626	-2.4225661754608154	0.08146801967246879	0
K5	HPCLAS_TRAIN_N_002075	0	HPCLAS_TRAIN_N_002075	0	0.6161057483373716	1.629979133605957	0.8361667802698131	1
K5	HPCLAS_TRAIN_N_002079	0	HPCLAS_TRAIN_N_002079	0	-2.3994264414550046	-2.358186960220337	0.08641722540688436	0
K5	HPCLAS_TRAIN_N_002080	0	HPCLAS_TRAIN_N_002080	0	-1.923919581255724	-2.0187113285064697	0.11725230801803091	0
K5	HPCLAS_TRAIN_N_002081	0	HPCLAS_TRAIN_N_002081	0	-2.71925854997028	-3.294182538986206	0.03577130249154886	0
K5	HPCLAS_TRAIN_N_002084	0	HPCLAS_TRAIN_N_002084	0	0.660054942217791	-0.7958859205245972	0.31090624747334245	0
K5	HPCLAS_TRAIN_N_002090	0	HPCLAS_TRAIN_N_002090	0	-2.685254336296099	-3.4133760929107666	0.0318800339408732	0
K5	HPCLAS_TRAIN_N_002099	0	HPCLAS_TRAIN_N_002099	0	-2.4302003649066606	-2.712059736251831	0.06226547800584366	0
K5	HPCLAS_TRAIN_N_002108	0	HPCLAS_TRAIN_N_002108	0	0.4267326291045786	-0.12234422564506531	0.4694520378567507	0
K5	HPCLAS_TRAIN_N_002109	0	HPCLAS_TRAIN_N_002109	0	-1.846168706839485	-2.040022850036621	0.11506440532952089	0
K5	HPCLAS_TRAIN_N_002114	0	HPCLAS_TRAIN_N_002114	0	-1.949595946622872	-2.10939359664917	0.10818716029409904	0
K5	HPCLAS_TRAIN_N_002118	0	HPCLAS_TRAIN_N_002118	0	-2.9772701564768296	-2.6409201622009277	0.0665508506069529	0
K5	HPCLAS_TRAIN_N_002120	0	HPCLAS_TRAIN_N_002120	0	-2.1633484219826817	-2.428262948989868	0.08104273965582139	0
K5	HPCLAS_TRAIN_N_002124	0	HPCLAS_TRAIN_N_002124	0	-2.434768190472396	-0.980154812335968	0.27286106658756304	0
K5	HPCLAS_TRAIN_N_002126	0	HPCLAS_TRAIN_N_002126	0	-2.16059739064129	-2.2876269817352295	0.09215288632705336	0
K5	HPCLAS_TRAIN_N_002144	0	HPCLAS_TRAIN_N_002144	0	-2.596216960095343	-2.68310546875	0.06397765491226884	0
K5	HPCLAS_TRAIN_N_002148	0	HPCLAS_TRAIN_N_002148	0	-0.3019357043621689	-0.6333605051040649	0.34674894446651516	0
K5	HPCLAS_TRAIN_N_002150	0	HPCLAS_TRAIN_N_002150	0	-0.5628220495652358	-1.819066047668457	0.13954597757661263	0
K5	HPCLAS_TRAIN_N_002152	0	HPCLAS_TRAIN_N_002152	0	0.7625744895590753	1.3061902523040771	0.7868749489417656	1
K5	HPCLAS_TRAIN_N_002154	0	HPCLAS_TRAIN_N_002154	0	-2.931899107909677	-2.364980697631836	0.08588236955218148	0
K5	HPCLAS_TRAIN_N_002160	0	HPCLAS_TRAIN_N_002160	0	-3.1153717721239502	-3.021599531173706	0.04645956214186609	0
K5	HPCLAS_TRAIN_N_002165	0	HPCLAS_TRAIN_N_002165	0	-0.5600442458384309	-0.3704215884208679	0.40843915487081667	0
K5	HPCLAS_TRAIN_N_002168	0	HPCLAS_TRAIN_N_002168	0	-2.0407528642973354	-2.769432306289673	0.058998522622880224	0
K5	HPCLAS_TRAIN_N_002170	0	HPCLAS_TRAIN_N_002170	0	-1.990663697712041	-3.712883234024048	0.023825539345620345	0
K5	HPCLAS_TRAIN_N_002175	0	HPCLAS_TRAIN_N_002175	0	-1.3153692961048675	-0.4964655041694641	0.37837164724804906	0
K5	HPCLAS_TRAIN_N_002193	0	HPCLAS_TRAIN_N_002193	0	-2.205288382465936	-1.73189377784729	0.15034550505775585	0
K5	HPCLAS_TRAIN_N_002204	0	HPCLAS_TRAIN_N_002204	0	-2.546647801022617	-2.051907777786255	0.11385975284130605	0
K5	HPCLAS_TRAIN_N_002211	0	HPCLAS_TRAIN_N_002211	0	-2.0532214218550746	-1.5936851501464844	0.16886605364325094	0
K5	HPCLAS_TRAIN_N_002213	0	HPCLAS_TRAIN_N_002213	0	-1.4575473151303218	-2.136991262435913	0.10555311247635221	0
K5	HPCLAS_TRAIN_N_002227	0	HPCLAS_TRAIN_P_005090	0	0.910998500888211	0.9011011719703674	0.7111757412271453	1
K5	HPCLAS_TRAIN_N_002256	0	HPCLAS_TRAIN_P_004233	0	0.1510905789718616	-1.5363082885742188	0.177072581987983	0
K5	HPCLAS_TRAIN_N_002266	0	HPCLAS_TRAIN_N_002266	0	-0.9853194614255943	-2.4639840126037598	0.07842192088303286	0
K5	HPCLAS_TRAIN_N_002273	0	HPCLAS_TRAIN_N_002273	0	-2.7857930135680684	-2.517104148864746	0.0746677804928392	0
K5	HPCLAS_TRAIN_N_002280	0	HPCLAS_TRAIN_N_002280	0	-2.0084901102686428	-0.9523627161979675	0.27840990899445694	0
K5	HPCLAS_TRAIN_N_002288	0	HPCLAS_TRAIN_N_002288	0	-2.4283143102091573	-1.401543378829956	0.19757131474789638	0
K5	HPCLAS_TRAIN_N_002292	0	HPCLAS_TRAIN_N_002292	0	-1.916492520637964	-2.6048779487609863	0.06882514290049908	0
K5	HPCLAS_TRAIN_N_002293	0	HPCLAS_TRAIN_N_002293	0	-2.6703570572461675	-2.871058702468872	0.05360291901632869	0
K5	HPCLAS_TRAIN_N_002297	0	HPCLAS_TRAIN_N_002297	0	-2.2885952391866167	-2.0124967098236084	0.11789707877623969	0
K5	HPCLAS_TRAIN_N_002301	0	HPCLAS_TRAIN_N_002301	0	-1.6971929020409582	-0.6008294224739075	0.35415395791647664	0
K5	HPCLAS_TRAIN_N_002306	0	HPCLAS_TRAIN_N_002306	0	-1.665746227802427	-1.0511255264282227	0.25900902742864096	0
K5	HPCLAS_TRAIN_N_002307	0	HPCLAS_TRAIN_N_002307	0	-2.277111522825451	-2.840186357498169	0.05519081940423224	0
K5	HPCLAS_TRAIN_N_002316	0	HPCLAS_TRAIN_N_002316	0	-0.962426914989936	-1.3641407489776611	0.20356814621012648	0
K5	HPCLAS_TRAIN_N_002324	0	HPCLAS_TRAIN_N_002324	0	-0.8557531391443575	-0.5154895186424255	0.3739075385092893	0
K5	HPCLAS_TRAIN_N_002325	0	HPCLAS_TRAIN_N_002325	0	-0.3026114465169853	0.6451023817062378	0.6559059484453776	1
K5	HPCLAS_TRAIN_N_002331	0	HPCLAS_TRAIN_N_002331	0	-1.5026511014647408	-1.979701280593872	0.1213506851552368	0
K5	HPCLAS_TRAIN_N_002341	0	HPCLAS_TRAIN_N_002341	0	-2.28731461209395	-2.057935953140259	0.11325295011688945	0
K5	HPCLAS_TRAIN_N_002348	0	HPCLAS_TRAIN_N_002348	0	-2.234581497290717	-2.7688353061676025	0.05903167542215305	0
K5	HPCLAS_TRAIN_N_002366	0	HPCLAS_TRAIN_N_002366	0	-1.4451651517619828	-1.651984691619873	0.16084089321714304	0
K5	HPCLAS_TRAIN_N_002367	0	HPCLAS_TRAIN_N_002367	0	0.9381316502308356	0.8527901768684387	0.7011521180055303	1
K5	HPCLAS_TRAIN_N_002370	0	HPCLAS_TRAIN_N_002370	0	-1.6973732860366797	-1.980234146118164	0.12129387999337865	0
K5	HPCLAS_TRAIN_N_002376	0	HPCLAS_TRAIN_P_003810	0	-1.689124465547179	-2.0707743167877197	0.11197002298342458	0
K5	HPCLAS_TRAIN_N_002382	0	HPCLAS_TRAIN_N_002382	0	-1.1328195515375017	-1.7721874713897705	0.14527050639153888	0
K5	HPCLAS_TRAIN_N_002384	0	HPCLAS_TRAIN_N_002384	0	-1.2769849377168283	-1.9010646343231201	0.12998802621804956	0
K5	HPCLAS_TRAIN_N_002395	0	HPCLAS_TRAIN_N_002395	0	-2.860959056445204	-2.9423680305480957	0.0500984617833633	0
K5	HPCLAS_TRAIN_N_002416	0	HPCLAS_TRAIN_N_002416	0	-2.002451931033604	-1.9304425716400146	0.1267016022288903	0
K5	HPCLAS_TRAIN_N_002419	0	HPCLAS_TRAIN_N_002419	0	-2.2915975179164194	-3.5531158447265625	0.027838124996578218	0
K5	HPCLAS_TRAIN_N_002422	0	HPCLAS_TRAIN_N_002422	0	-2.468982387209928	-2.832186460494995	0.05560945984536983	0
K5	HPCLAS_TRAIN_N_002426	0	HPCLAS_TRAIN_N_002426	0	-2.039889324467393	-2.5669236183166504	0.07129773629917077	0
K5	HPCLAS_TRAIN_N_002432	0	HPCLAS_TRAIN_N_002432	0	-2.3503925486487427	-1.8448140621185303	0.136482936104595	0
K5	HPCLAS_TRAIN_N_002433	0	HPCLAS_TRAIN_N_002433	0	-2.8847324829022485	-2.718303918838501	0.06190188461333176	0
K5	HPCLAS_TRAIN_N_002435	0	HPCLAS_TRAIN_N_002435	0	-2.099891648916758	-2.1289565563201904	0.10631409000697069	0
K5	HPCLAS_TRAIN_N_002448	0	HPCLAS_TRAIN_N_002448	0	-1.7918531236751507	-1.9805991649627686	0.1212549810512569	0
K5	HPCLAS_TRAIN_N_002463	0	HPCLAS_TRAIN_N_002463	0	-2.371862832375072	-1.8740010261535645	0.13307944888173168	0
K5	HPCLAS_TRAIN_N_002465	0	HPCLAS_TRAIN_N_002465	0	0.2089181746287311	-0.6265683174133301	0.34828906805221516	0
K5	HPCLAS_TRAIN_N_002466	0	HPCLAS_TRAIN_N_002466	0	-1.1103559340007023	-1.1996936798095703	0.23152971364213004	0
K5	HPCLAS_TRAIN_N_002467	0	HPCLAS_TRAIN_P_002428	0	-1.673439992122019	-1.3525114059448242	0.20546009094546983	0
K5	HPCLAS_TRAIN_N_002478	0	HPCLAS_TRAIN_N_002478	0	-2.6032004758618013	-3.6095027923583984	0.026352073797065424	0
K5	HPCLAS_TRAIN_N_002484	0	HPCLAS_TRAIN_N_002484	0	-1.059017060903403	-1.3041419982910156	0.21346875075221447	0
K5	HPCLAS_TRAIN_N_002487	0	HPCLAS_TRAIN_N_002487	0	-3.257553415094385	-2.3832452297210693	0.08445928673566147	0
K5	HPCLAS_TRAIN_N_002506	0	HPCLAS_TRAIN_N_002506	0	0.5530672607854401	-1.1290769577026367	0.24433148531570026	0
K5	HPCLAS_TRAIN_N_002527	0	HPCLAS_TRAIN_N_002527	0	-1.12881059698547	-1.7368876934051514	0.1497086869244032	0
K5	HPCLAS_TRAIN_N_002530	0	HPCLAS_TRAIN_N_002530	0	-2.35034772947675	-1.6859636306762695	0.15630739979036734	0
K5	HPCLAS_TRAIN_N_002533	0	HPCLAS_TRAIN_N_002533	0	-2.448428722585284	-3.535747766494751	0.028312034545986287	0
K5	HPCLAS_TRAIN_N_002559	0	HPCLAS_TRAIN_N_002559	0	-1.934539016640081	-1.5823228359222412	0.17046676332770364	0
K5	HPCLAS_TRAIN_N_002561	0	HPCLAS_TRAIN_N_002561	0	-1.4887309545216842	-2.7771222591400146	0.05857303918145103	0
K5	HPCLAS_TRAIN_N_002568	0	HPCLAS_TRAIN_N_002568	0	-2.498119884083832	-2.0890161991119385	0.11016898113018167	0
K5	HPCLAS_TRAIN_N_002570	0	HPCLAS_TRAIN_N_002570	0	-0.4754263778743177	-0.8738645911216736	0.29445079775578564	0
K5	HPCLAS_TRAIN_N_002575	0	HPCLAS_TRAIN_N_002575	0	-2.7712245340934505	-3.302685022354126	0.03547919199462116	0
K5	HPCLAS_TRAIN_N_002577	0	HPCLAS_TRAIN_N_002577	0	-3.328810163665574	-2.985194683074951	0.0480992274553643	0
K5	HPCLAS_TRAIN_N_002586	0	HPCLAS_TRAIN_N_002586	0	-1.877251433069461	-2.2220640182495117	0.097786556404684	0
K5	HPCLAS_TRAIN_N_002589	0	HPCLAS_TRAIN_N_002589	0	-1.7602215485590949	-1.5862770080566406	0.1699083407333794	0
K5	HPCLAS_TRAIN_N_002590	0	HPCLAS_TRAIN_N_002590	0	0.4291288393689736	0.36443087458610535	0.5901125990980115	1
K5	HPCLAS_TRAIN_N_002599	0	HPCLAS_TRAIN_N_002599	0	-0.9912982693520156	-1.5821523666381836	0.17049087037612132	0
K5	HPCLAS_TRAIN_N_002607	0	HPCLAS_TRAIN_N_002607	0	-3.0595514287114387	-2.8475987911224365	0.05480557156005296	0
K5	HPCLAS_TRAIN_N_002621	0	HPCLAS_TRAIN_N_002621	0	-3.2087095155664893	-3.1942479610443115	0.039382756899629306	0
K5	HPCLAS_TRAIN_N_002622	0	HPCLAS_TRAIN_N_002622	0	-2.1843664172229715	-2.3993821144104004	0.08321982549562107	0
K5	HPCLAS_TRAIN_N_002645	0	HPCLAS_TRAIN_N_002645	0	-0.7249483397016712	-2.5008792877197266	0.07579656166826279	0
K5	HPCLAS_TRAIN_N_002649	0	HPCLAS_TRAIN_N_002649	0	0.0286429435943064	-1.4339158535003662	0.1924892820493803	0
K5	HPCLAS_TRAIN_N_002656	0	HPCLAS_TRAIN_N_002656	0	-2.5117235326447025	-1.9251973628997803	0.12728311297288536	0
K5	HPCLAS_TRAIN_N_002661	0	HPCLAS_TRAIN_N_002661	0	-2.302474538828682	-2.2347617149353027	0.0966720175517249	0
K5	HPCLAS_TRAIN_N_002665	0	HPCLAS_TRAIN_N_002665	0	-3.405512977093196	-3.1674771308898926	0.04040812710791809	0
K5	HPCLAS_TRAIN_N_002667	0	HPCLAS_TRAIN_N_002667	0	-2.42015559076394	-2.469254970550537	0.07804182411584142	0
K5	HPCLAS_TRAIN_N_002676	0	HPCLAS_TRAIN_N_002676	0	0.188503720822302	0.4492371678352356	0.6104578484671532	1
K5	HPCLAS_TRAIN_N_002682	0	HPCLAS_TRAIN_N_002682	0	-1.887508631289274	-1.7672781944274902	0.14588113868573946	0
K5	HPCLAS_TRAIN_N_002686	0	HPCLAS_TRAIN_N_002686	0	0.5160297225643286	0.3090853691101074	0.5766619944219131	1
K5	HPCLAS_TRAIN_N_002687	0	HPCLAS_TRAIN_N_002687	0	-2.460726593438457	-3.262171983718872	0.03689195899550126	0
K5	HPCLAS_TRAIN_N_002692	0	HPCLAS_TRAIN_N_002692	0	-1.9907052698312764	-2.3474009037017822	0.08727258429649343	0
K5	HPCLAS_TRAIN_N_002701	0	HPCLAS_TRAIN_N_002701	0	-2.8901684003827177	-2.9254934787750244	0.050907622029958986	0
K5	HPCLAS_TRAIN_N_002712	0	HPCLAS_TRAIN_N_002712	0	-1.7539550233478385	-1.6717283725738525	0.15819387793521453	0
K5	HPCLAS_TRAIN_N_002715	0	HPCLAS_TRAIN_N_002715	0	0.6432867690097172	0.41166067123413086	0.6014860097301522	1
K5	HPCLAS_TRAIN_N_002717	0	HPCLAS_TRAIN_N_002717	0	-1.2757913206173677	-0.24293535947799683	0.439563104823634	0
K5	HPCLAS_TRAIN_N_002723	0	HPCLAS_TRAIN_N_002723	0	-2.102420600082348	-0.25644227862358093	0.43623847515094594	0
K5	HPCLAS_TRAIN_N_002725	0	HPCLAS_TRAIN_N_002725	0	-2.5501417776076942	-1.483713150024414	0.18486722490266444	0
K5	HPCLAS_TRAIN_N_002741	0	HPCLAS_TRAIN_N_002741	0	-1.840514854076964	-0.9864299893379211	0.2716177980220201	0
K5	HPCLAS_TRAIN_N_002750	0	HPCLAS_TRAIN_N_002750	0	-3.188853741222176	-2.530421018600464	0.07375288023146871	0
K5	HPCLAS_TRAIN_N_002757	0	HPCLAS_TRAIN_N_002757	0	-1.198851850111409	-2.2855520248413086	0.0923266257066466	0
K5	HPCLAS_TRAIN_N_002760	0	HPCLAS_TRAIN_N_002760	0	-1.5820281073420634	-1.2812926769256592	0.21733026170751216	0
K5	HPCLAS_TRAIN_N_002763	0	HPCLAS_TRAIN_N_002763	0	-2.275939141134	-1.9784033298492432	0.12148914678932894	0
K5	HPCLAS_TRAIN_N_002765	0	HPCLAS_TRAIN_N_002765	0	-2.7961015438504235	-2.9409828186035156	0.05016442318588757	0
K5	HPCLAS_TRAIN_N_002772	0	HPCLAS_TRAIN_N_002772	0	-1.443004436233564	-1.080775260925293	0.2533593337676407	0
K5	HPCLAS_TRAIN_N_002780	0	HPCLAS_TRAIN_N_002780	0	-2.7945939506671853	-1.3202683925628662	0.21077364341517968	0
K5	HPCLAS_TRAIN_N_002783	0	HPCLAS_TRAIN_N_002783	0	-3.4935044778595232	-3.4795124530792236	0.029900818719183896	0
K5	HPCLAS_TRAIN_N_002791	0	HPCLAS_TRAIN_N_002791	0	-2.9209480681282645	-3.356579065322876	0.03368038363730298	0
K5	HPCLAS_TRAIN_N_002805	0	HPCLAS_TRAIN_N_002805	0	-1.2328297605684586	-1.281355619430542	0.2173195555151933	0
K5	HPCLAS_TRAIN_N_002814	0	HPCLAS_TRAIN_N_002814	0	-2.0044224552928687	-1.7862491607666016	0.1435332032596251	0
K5	HPCLAS_TRAIN_N_002819	0	HPCLAS_TRAIN_N_002819	0	-2.2829575389689936	-1.8465580940246582	0.13627752290493042	0
K5	HPCLAS_TRAIN_N_002827	0	HPCLAS_TRAIN_N_002827	0	-1.539908132553583	-2.4556045532226562	0.07902966388260596	0
K5	HPCLAS_TRAIN_N_002838	0	HPCLAS_TRAIN_N_002838	0	-3.4716811380650467	-2.343430519104004	0.08758936826442999	0
K5	HPCLAS_TRAIN_N_002840	0	HPCLAS_TRAIN_N_002840	0	-2.281869265944486	-2.601217031478882	0.06906013532746397	0
K5	HPCLAS_TRAIN_N_002842	0	HPCLAS_TRAIN_N_002842	0	-0.9481707038612684	-1.8561415672302246	0.13515341791826765	0
K5	HPCLAS_TRAIN_N_002846	0	HPCLAS_TRAIN_N_002846	0	-2.1828015541340604	-2.2856197357177734	0.09232095152797758	0
K5	HPCLAS_TRAIN_N_002850	0	HPCLAS_TRAIN_N_002850	0	-1.0624103136864262	-1.4005882740020752	0.19772277783601933	0
K5	HPCLAS_TRAIN_N_002853	0	HPCLAS_TRAIN_N_002853	0	-1.296617494869854	-1.472386121749878	0.18658020610646467	0
K5	HPCLAS_TRAIN_N_002854	0	HPCLAS_TRAIN_N_002854	0	-1.4238233439137764	-2.1127915382385254	0.10785975392955333	0
K5	HPCLAS_TRAIN_N_002865	0	HPCLAS_TRAIN_N_002865	0	-0.0878222152094503	0.5179237127304077	0.6266621328765776	1
K5	HPCLAS_TRAIN_N_002874	0	HPCLAS_TRAIN_N_002874	0	-3.323548955839492	-2.8776116371154785	0.053271461729418365	0
K5	HPCLAS_TRAIN_N_002888	0	HPCLAS_TRAIN_N_002888	0	-2.4151195739238087	-2.735729932785034	0.060897647329034826	0
K5	HPCLAS_TRAIN_N_002898	0	HPCLAS_TRAIN_N_002898	0	-3.709295326406529	-3.4045569896698	0.0321533506632642	0
K5	HPCLAS_TRAIN_N_002907	0	HPCLAS_TRAIN_N_002907	0	-0.3244324913217443	-1.4584739208221436	0.18870084602084813	0
K5	HPCLAS_TRAIN_N_002912	0	HPCLAS_TRAIN_N_002912	0	0.0358443486156835	-1.3772826194763184	0.20144577757068824	0
K5	HPCLAS_TRAIN_N_002917	0	HPCLAS_TRAIN_N_002917	0	-2.3770628992769947	-2.4623591899871826	0.07853943040535266	0
K5	HPCLAS_TRAIN_N_002925	0	HPCLAS_TRAIN_N_002925	0	-2.1758368662841527	-2.983788013458252	0.04816367375314088	0
K5	HPCLAS_TRAIN_N_002926	0	HPCLAS_TRAIN_P_007044	0	-1.8137867976062596	-1.6277976036071777	0.16413229086813608	0
K5	HPCLAS_TRAIN_N_002936	0	HPCLAS_TRAIN_N_002936	0	-2.16052824552507	-2.795182466506958	0.05758506218960789	0
K5	HPCLAS_TRAIN_N_002942	0	HPCLAS_TRAIN_P_002419	0	-1.7818664704840694	-2.7190005779266357	0.06186144193625978	0
K5	HPCLAS_TRAIN_N_002950	0	HPCLAS_TRAIN_N_002950	0	-2.594149618335486	-2.8999598026275635	0.052155550213771794	0
K5	HPCLAS_TRAIN_N_002952	0	HPCLAS_TRAIN_N_002952	0	-2.925549975839656	-3.1236956119537354	0.04214034750400126	0
K5	HPCLAS_TRAIN_N_002960	0	HPCLAS_TRAIN_N_002960	0	-0.1278101350356523	-0.6455004215240479	0.34400422219628907	0
K5	HPCLAS_TRAIN_N_002962	0	HPCLAS_TRAIN_N_002962	0	2.170940233426128	-0.990934431552887	0.2707275494376821	0
K5	HPCLAS_TRAIN_N_002964	0	HPCLAS_TRAIN_N_002964	0	-1.8150902212825928	-2.383537769317627	0.0844366685931731	0
K5	HPCLAS_TRAIN_N_002975	0	HPCLAS_TRAIN_N_002975	0	-1.966793098985478	-2.068185567855835	0.11222768805877432	0
K5	HPCLAS_TRAIN_N_002985	0	HPCLAS_TRAIN_P_000260	0	0.3575898060932632	0.18035060167312622	0.5449658352708759	1
K5	HPCLAS_TRAIN_N_002988	0	HPCLAS_TRAIN_N_002988	0	-2.827060672770133	-2.939349889755249	0.050242286081109734	0
K5	HPCLAS_TRAIN_N_002992	0	HPCLAS_TRAIN_N_002992	0	-2.9539501986278296	-2.5376338958740234	0.07326165649384418	0
K5	HPCLAS_TRAIN_N_002996	0	HPCLAS_TRAIN_N_002996	0	-2.3146215995305504	-2.8500516414642334	0.054678647864417874	0
K5	HPCLAS_TRAIN_N_003002	0	HPCLAS_TRAIN_N_003002	0	-2.3405128128903216	-2.064626932144165	0.1125827338758786	0
K5	HPCLAS_TRAIN_N_003006	0	HPCLAS_TRAIN_N_003006	0	-3.004078421153791	-3.167754888534546	0.04039735834379609	0
K5	HPCLAS_TRAIN_N_003010	0	HPCLAS_TRAIN_N_003010	0	-0.972153838115273	-2.0872344970703125	0.11034376589966825	0
K5	HPCLAS_TRAIN_N_003014	0	HPCLAS_TRAIN_N_003014	0	-0.0526484235410034	-0.011816203594207764	0.497045983472007	0
K5	HPCLAS_TRAIN_N_003021	0	HPCLAS_TRAIN_N_003021	0	-1.3645031916942465	-1.1695029735565186	0.23694483588902102	0
K5	HPCLAS_TRAIN_N_003028	0	HPCLAS_TRAIN_N_003028	0	-3.0861192037675376	-2.4803590774536133	0.07724660336608781	0
K5	HPCLAS_TRAIN_N_003031	0	HPCLAS_TRAIN_N_003031	0	-0.4764894342843519	-1.139629602432251	0.24238837292610732	0
K5	HPCLAS_TRAIN_N_003037	0	HPCLAS_TRAIN_N_003037	0	-1.28721793718192	-2.4703075885772705	0.07796612051428642	0
K5	HPCLAS_TRAIN_N_003040	0	HPCLAS_TRAIN_N_003040	0	-2.6146879439549	-3.1968815326690674	0.0392832450344267	0
K5	HPCLAS_TRAIN_N_003041	0	HPCLAS_TRAIN_N_003041	0	-2.7646838196810712	-2.8120310306549072	0.05667749361457789	0
K5	HPCLAS_TRAIN_N_003046	0	HPCLAS_TRAIN_N_003046	0	-2.157026506042498	-2.4587230682373047	0.07880298373022007	0
K5	HPCLAS_TRAIN_N_003053	0	HPCLAS_TRAIN_N_003053	0	-2.9674759667067203	-2.5165493488311768	0.07470612206249297	0
K5	HPCLAS_TRAIN_N_003067	0	HPCLAS_TRAIN_N_003067	0	-2.021794368672445	-2.4223597049713135	0.08148347139703546	0
K5	HPCLAS_TRAIN_N_003068	0	HPCLAS_TRAIN_N_003068	0	-1.0446336590644971	-2.4816291332244873	0.07715612293535898	0
K5	HPCLAS_TRAIN_N_003074	0	HPCLAS_TRAIN_N_003074	0	-0.6463249098528947	-1.8080458641052246	0.1408744666221767	0
K5	HPCLAS_TRAIN_N_003078	0	HPCLAS_TRAIN_N_003078	0	-2.052629906616468	-2.7330706119537354	0.0610499092661574	0
K5	HPCLAS_TRAIN_N_003119	0	HPCLAS_TRAIN_N_003119	0	2.5247016681025327	1.4832026958465576	0.8150558417023981	1
K5	HPCLAS_TRAIN_N_003121	0	HPCLAS_TRAIN_N_003121	0	-2.66914893280501	-1.68003511428833	0.15709081923089138	0
K5	HPCLAS_TRAIN_N_003129	0	HPCLAS_TRAIN_N_003129	0	-0.2510302081062374	-0.8477796912193298	0.2998988252770311	0
K5	HPCLAS_TRAIN_N_003140	0	HPCLAS_TRAIN_N_003140	0	-2.85966730974348	-2.594933032989502	0.06946523451097848	0
K5	HPCLAS_TRAIN_N_003146	0	HPCLAS_TRAIN_N_003146	0	-0.8766945992759507	-1.2865161895751953	0.21644306558605525	0
K5	HPCLAS_TRAIN_N_003147	0	HPCLAS_TRAIN_N_003147	0	-2.6742449750869186	-3.1588284969329834	0.04074481676336508	0
K5	HPCLAS_TRAIN_N_003148	0	HPCLAS_TRAIN_N_003148	0	-2.0298386266570514	-1.6832897663116455	0.15666034085190914	0
K5	HPCLAS_TRAIN_N_003149	0	HPCLAS_TRAIN_N_003149	0	-0.4674973599520731	-1.2915656566619873	0.2155879250846348	0
K5	HPCLAS_TRAIN_N_003154	0	HPCLAS_TRAIN_N_003154	0	-1.9532463532647868	-1.8410964012145996	0.13692167473087613	0
K5	HPCLAS_TRAIN_N_003158	0	HPCLAS_TRAIN_N_003158	0	-2.876914501599156	-3.1131904125213623	0.04256643053338129	0
K5	HPCLAS_TRAIN_N_003159	0	HPCLAS_TRAIN_N_003159	0	-3.0484817893063494	-3.3013827800750732	0.035523782238126536	0
K5	HPCLAS_TRAIN_N_003176	0	HPCLAS_TRAIN_N_003176	0	-2.6071325001757293	-2.6374189853668213	0.06676868048837938	0
K5	HPCLAS_TRAIN_N_003182	0	HPCLAS_TRAIN_N_003182	0	-0.665852485414566	-0.016501814126968384	0.4958746400825181	0
K5	HPCLAS_TRAIN_N_003183	0	HPCLAS_TRAIN_N_003183	0	-2.380540904086847	-3.14896559715271	0.04113205590691651	0
K5	HPCLAS_TRAIN_N_003185	0	HPCLAS_TRAIN_N_003185	0	-2.6267963035903104	-3.2587335109710693	0.03701432590709496	0
K5	HPCLAS_TRAIN_N_003188	0	HPCLAS_TRAIN_N_003188	0	-2.9158506242201128	-2.557793617248535	0.07190464481549692	0
K5	HPCLAS_TRAIN_N_003190	0	HPCLAS_TRAIN_N_003190	0	-2.112544963083765	-2.424250841140747	0.08134204334023695	0
K5	HPCLAS_TRAIN_N_003208	0	HPCLAS_TRAIN_N_003208	0	-2.2309637388740207	-2.980081796646118	0.04833386612302287	0
K5	HPCLAS_TRAIN_N_003222	0	HPCLAS_TRAIN_N_003222	0	-2.4995670518378392	-2.3883259296417236	0.08406724549786633	0
K5	HPCLAS_TRAIN_N_003224	0	HPCLAS_TRAIN_N_003224	0	-2.0275964895782144	-2.4199492931365967	0.08166405814416604	0
K5	HPCLAS_TRAIN_N_003225	0	HPCLAS_TRAIN_N_003225	0	-2.341846019402837	-2.7145116329193115	0.06212246902636932	0
K5	HPCLAS_TRAIN_N_003238	0	HPCLAS_TRAIN_N_003238	0	-2.8724932771060536	-2.6881110668182373	0.06367855053731254	0
K5	HPCLAS_TRAIN_N_003242	0	HPCLAS_TRAIN_N_003242	0	1.1628998765863234	1.9233770370483398	0.8725145441416458	1
K5	HPCLAS_TRAIN_N_003244	0	HPCLAS_TRAIN_N_003244	0	-2.165778940006723	-2.758507490158081	0.059607973441308706	0
K5	HPCLAS_TRAIN_N_003247	0	HPCLAS_TRAIN_N_003247	0	-2.607236639146749	-2.7192163467407227	0.06184892106232201	0
K5	HPCLAS_TRAIN_N_003253	0	HPCLAS_TRAIN_N_003253	0	-0.7664099735560428	-0.8703417778015137	0.2951831901276082	0
K5	HPCLAS_TRAIN_N_003257	0	HPCLAS_TRAIN_N_003257	0	-2.7252064101718005	-2.9895219802856445	0.047901486152517894	0
K5	HPCLAS_TRAIN_N_003259	0	HPCLAS_TRAIN_N_003259	0	-2.3614688146642315	-2.1809744834899902	0.10147204439712504	0
K5	HPCLAS_TRAIN_N_003279	0	HPCLAS_TRAIN_N_003279	0	-2.120474139218246	-2.5368337631225586	0.07331599956826683	0
K5	HPCLAS_TRAIN_N_003291	0	HPCLAS_TRAIN_N_003291	0	-2.571570145244863	-2.9429166316986084	0.050072361062152924	0
K5	HPCLAS_TRAIN_N_003314	0	HPCLAS_TRAIN_N_003314	0	-2.81203610617175	-3.024073362350464	0.04635009165050119	0
K5	HPCLAS_TRAIN_N_003315	0	HPCLAS_TRAIN_N_003315	0	-1.2306727608974146	-2.176023244857788	0.1019243675026547	0
K5	HPCLAS_TRAIN_N_003329	0	HPCLAS_TRAIN_N_003329	0	-1.8201858940795963	-1.009901523590088	0.2669991231953428	0
K5	HPCLAS_TRAIN_N_003333	0	HPCLAS_TRAIN_N_003333	0	-0.7767528446092797	-1.390176773071289	0.1993795375344025	0
K5	HPCLAS_TRAIN_N_003336	0	HPCLAS_TRAIN_N_003336	0	-2.084135570504605	-2.5381720066070557	0.07322513018443572	0
K5	HPCLAS_TRAIN_N_003339	0	HPCLAS_TRAIN_N_003339	0	-2.7586049570232083	-3.1173484325408936	0.04239729432751218	0
K5	HPCLAS_TRAIN_N_003340	0	HPCLAS_TRAIN_N_003340	0	-1.4470200468686538	-1.9190280437469482	0.12796999127230982	0
K5	HPCLAS_TRAIN_N_003359	0	HPCLAS_TRAIN_N_003359	0	-2.005732795752344	-0.9237141013145447	0.2842017253681328	0
K5	HPCLAS_TRAIN_N_003361	0	HPCLAS_TRAIN_N_003361	0	0.9024627972059724	0.09174290299415588	0.5229196522350293	1
K5	HPCLAS_TRAIN_N_003363	0	HPCLAS_TRAIN_N_003363	0	-1.5297284080557965	-1.9171884059906006	0.12817542374594645	0
K5	HPCLAS_TRAIN_N_003369	0	HPCLAS_TRAIN_N_003369	0	-0.3349293624205305	-0.08525070548057556	0.47870022207002305	0
K5	HPCLAS_TRAIN_N_003370	0	HPCLAS_TRAIN_N_003370	0	-0.5930672210513296	-0.6769770979881287	0.33693631659931295	0
K5	HPCLAS_TRAIN_N_003382	0	HPCLAS_TRAIN_N_003382	0	0.3802601535831377	0.4093005657196045	0.6009201557768841	1
K5	HPCLAS_TRAIN_N_003383	0	HPCLAS_TRAIN_N_003383	0	-1.1882924644173154	-1.4109411239624023	0.19608565884604898	0
K5	HPCLAS_TRAIN_N_003402	0	HPCLAS_TRAIN_N_003402	0	-1.6019727792243552	-1.6219134330749512	0.16494115340496915	0
K5	HPCLAS_TRAIN_N_003404	0	HPCLAS_TRAIN_N_003404	0	-1.2921773489886408	-2.207521677017212	0.09907707058205296	0
K5	HPCLAS_TRAIN_N_003413	0	HPCLAS_TRAIN_N_003413	0	-2.200199639051985	-3.3467280864715576	0.03400247071491812	0
K5	HPCLAS_TRAIN_N_003414	0	HPCLAS_TRAIN_N_003414	0	-2.809825810259289	-3.561884641647339	0.027601793604445	0
K5	HPCLAS_TRAIN_N_003418	0	HPCLAS_TRAIN_N_003418	0	-2.772730839566236	-3.0340940952301025	0.04590916571103687	0
K5	HPCLAS_TRAIN_N_003432	0	HPCLAS_TRAIN_N_003432	0	0.2668363455690858	-0.7772403359413147	0.3149149613974056	0
K5	HPCLAS_TRAIN_N_003437	0	HPCLAS_TRAIN_N_003437	0	-3.718740421268138	-4.01686429977417	0.017690749538274354	0
K5	HPCLAS_TRAIN_N_003445	0	HPCLAS_TRAIN_N_003445	0	-2.5568804988259117	-2.292614698410034	0.09173645827170118	0
K5	HPCLAS_TRAIN_N_003450	0	HPCLAS_TRAIN_N_003450	0	-3.1305809151191277	-3.1389713287353516	0.041528044678883366	0
K5	HPCLAS_TRAIN_N_003453	0	HPCLAS_TRAIN_N_003453	0	1.8102624989827285	1.006054162979126	0.7322472329184397	1
K5	HPCLAS_TRAIN_N_003460	0	HPCLAS_TRAIN_N_003460	0	-1.762951822789628	-1.5406608581542969	0.1764392259868198	0
K5	HPCLAS_TRAIN_N_003466	0	HPCLAS_TRAIN_N_003466	0	-2.5882897401917098	-1.4938361644744873	0.1833466381498116	0
K5	HPCLAS_TRAIN_N_003467	0	HPCLAS_TRAIN_N_003467	0	0.9181011387367024	0.04949164390563965	0.5123703860539974	1
K5	HPCLAS_TRAIN_N_003468	0	HPCLAS_TRAIN_N_003468	0	-2.7694711801209104	-3.0396294593811035	0.04566731689806741	0
K5	HPCLAS_TRAIN_N_003475	0	HPCLAS_TRAIN_N_003475	0	1.0146367836397712	-0.05060151219367981	0.48735232054876176	0
K5	HPCLAS_TRAIN_N_003476	0	HPCLAS_TRAIN_N_003476	0	-0.7729345096269234	-2.2051427364349365	0.09928961935547288	0
K5	HPCLAS_TRAIN_N_003507	0	HPCLAS_TRAIN_N_004280	0	-2.698083619187392	-3.250431776046753	0.0373113751794615	0
K5	HPCLAS_TRAIN_N_003509	0	HPCLAS_TRAIN_N_003509	0	-0.0964358275517776	-1.369983196258545	0.20262256134192902	0
K5	HPCLAS_TRAIN_N_003513	0	HPCLAS_TRAIN_N_003513	0	-1.0512562470140945	-1.0315618515014648	0.262781418738898	0
K5	HPCLAS_TRAIN_N_003518	0	HPCLAS_TRAIN_N_003518	0	-2.668061920004801	-2.577176332473755	0.07062183604661888	0
K5	HPCLAS_TRAIN_N_003529	0	HPCLAS_TRAIN_N_003529	0	-1.1184675612252253	0.3462473750114441	0.5857072823155531	1
K5	HPCLAS_TRAIN_N_003535	0	HPCLAS_TRAIN_N_003535	0	-2.09694028450997	-2.6391637325286865	0.06666004634619778	0
K5	HPCLAS_TRAIN_N_003544	0	HPCLAS_TRAIN_N_003544	0	-1.5640007025056588	-2.196974992752075	0.10002246485520898	0
K5	HPCLAS_TRAIN_N_003551	0	HPCLAS_TRAIN_N_003551	0	-1.291491266398734	-1.3550736904144287	0.20504212330171714	0
K5	HPCLAS_TRAIN_N_003571	0	HPCLAS_TRAIN_N_003571	0	-1.6014728145306458	-1.8185913562774658	0.13960298490058584	0
K5	HPCLAS_TRAIN_N_003576	0	HPCLAS_TRAIN_N_003576	0	-2.540942118640703	-2.636791467666626	0.06680779213934301	0
K5	HPCLAS_TRAIN_N_003587	0	HPCLAS_TRAIN_N_003587	0	-2.8121804867549742	-2.655895948410034	0.06562654445818786	0
K5	HPCLAS_TRAIN_N_003589	0	HPCLAS_TRAIN_N_003589	0	-2.872853770885724	-3.318474531173706	0.034942813628552435	0
K5	HPCLAS_TRAIN_N_003594	0	HPCLAS_TRAIN_N_003594	0	-2.5053780412661646	-2.3017616271972656	0.09097716886335314	0
K5	HPCLAS_TRAIN_N_003601	0	HPCLAS_TRAIN_N_003601	0	-0.6744942077570438	-0.698453962802887	0.3321550932661608	0
K5	HPCLAS_TRAIN_N_003603	0	HPCLAS_TRAIN_N_003603	0	-1.842044967974698	-2.6785638332366943	0.06425016772673267	0
K5	HPCLAS_TRAIN_N_003610	0	HPCLAS_TRAIN_N_003610	0	-2.4923424626543493	-2.222440481185913	0.09775334823712696	0
K5	HPCLAS_TRAIN_N_003614	0	HPCLAS_TRAIN_N_003614	0	-2.438184750809208	-2.2822248935699463	0.09260582580314618	0
K5	HPCLAS_TRAIN_N_003634	0	HPCLAS_TRAIN_N_003634	0	-3.1043764774628286	-2.7582695484161377	0.059621312630761196	0
K5	HPCLAS_TRAIN_N_003640	0	HPCLAS_TRAIN_N_003640	0	-0.7354419360565405	0.3267959654331207	0.5809795822680286	1
K5	HPCLAS_TRAIN_N_003642	0	HPCLAS_TRAIN_P_001674	0	-2.743401300072576	-2.643587589263916	0.06638533660779329	0
K5	HPCLAS_TRAIN_N_003651	0	HPCLAS_TRAIN_N_003651	0	-3.00198164421002	-3.4708926677703857	0.03015186649063102	0
K5	HPCLAS_TRAIN_N_003657	0	HPCLAS_TRAIN_N_003657	0	-2.3427745553747115	-2.5313894748687744	0.07368674900216805	0
K5	HPCLAS_TRAIN_N_003658	0	HPCLAS_TRAIN_N_003658	0	-1.1031177544673871	-0.29409676790237427	0.4270012075946445	0
K5	HPCLAS_TRAIN_N_003668	0	HPCLAS_TRAIN_N_003668	0	-0.7356037259759037	-1.7954649925231934	0.1424040055117941	0
K5	HPCLAS_TRAIN_N_003687	0	HPCLAS_TRAIN_N_003687	0	-1.8888082739453809	-1.5531139373779297	0.17463697380796223	0
K5	HPCLAS_TRAIN_N_003697	0	HPCLAS_TRAIN_N_003697	0	0.4912613461476551	0.32843512296676636	0.5813785695097552	1
K5	HPCLAS_TRAIN_N_003698	0	HPCLAS_TRAIN_N_003698	0	-2.0380059325670974	-2.4234046936035156	0.08140529455373877	0
K5	HPCLAS_TRAIN_N_003704	0	HPCLAS_TRAIN_N_003704	0	-0.2844059964669878	0.16831135749816895	0.5419787857181805	1
K5	HPCLAS_TRAIN_N_003705	0	HPCLAS_TRAIN_N_003705	0	-1.7305736742373177	-2.4098098278045654	0.08242770035065719	0
K5	HPCLAS_TRAIN_N_003708	0	HPCLAS_TRAIN_N_003708	0	0.1982348347397305	-0.7636295557022095	0.3178587696056179	0
K5	HPCLAS_TRAIN_N_003710	0	HPCLAS_TRAIN_N_003710	0	0.1742817555275414	-0.6710760593414307	0.3382559349980314	0
K5	HPCLAS_TRAIN_N_003720	0	HPCLAS_TRAIN_N_003720	0	-1.8368408507975125	-2.530784845352173	0.07372802984571022	0
K5	HPCLAS_TRAIN_N_003725	0	HPCLAS_TRAIN_N_003725	0	-1.9600083031893007	-2.4514658451080322	0.07933142082749545	0
K5	HPCLAS_TRAIN_N_003732	0	HPCLAS_TRAIN_N_003732	0	-0.3447043483814745	-1.8061418533325195	0.14110506446708693	0
K5	HPCLAS_TRAIN_N_003737	0	HPCLAS_TRAIN_N_003737	0	-0.8466575614221756	-0.3623322546482086	0.410395110331527	0
K5	HPCLAS_TRAIN_N_003740	0	HPCLAS_TRAIN_N_003740	0	-0.2087286067119579	-1.5864365100860596	0.16988584583187297	0
K5	HPCLAS_TRAIN_N_003743	0	HPCLAS_TRAIN_N_003743	0	-2.949045824133416	-2.9424352645874023	0.050095262305944216	0
K5	HPCLAS_TRAIN_N_003746	0	HPCLAS_TRAIN_N_003746	0	-1.771478115232064	-2.117762565612793	0.10738234333180986	0
K5	HPCLAS_TRAIN_N_003764	0	HPCLAS_TRAIN_N_003764	0	-0.5328416572312022	-0.1664789319038391	0.4584761264121257	0
K5	HPCLAS_TRAIN_N_003766	0	HPCLAS_TRAIN_N_003766	0	-3.46446683753096	-2.7865471839904785	0.05805548480238179	0
K5	HPCLAS_TRAIN_N_003780	0	HPCLAS_TRAIN_N_003780	0	-2.445786275790398	-3.1151533126831055	0.04248650525107283	0
K5	HPCLAS_TRAIN_N_003781	0	HPCLAS_TRAIN_N_003781	0	-2.8349653381479425	-3.2630436420440674	0.036861000652769406	0
K5	HPCLAS_TRAIN_N_003784	0	HPCLAS_TRAIN_N_003784	0	-1.2890974943585658	-1.1376025676727295	0.24276080433873573	0
K5	HPCLAS_TRAIN_N_003793	0	HPCLAS_TRAIN_P_001611	0	0.4521380888915187	-0.28053078055381775	0.43032365294294506	0
K5	HPCLAS_TRAIN_N_003794	0	HPCLAS_TRAIN_N_003794	0	-1.9541734248377596	-2.4218838214874268	0.08151909547459035	0
K5	HPCLAS_TRAIN_N_003811	0	HPCLAS_TRAIN_N_003811	0	-2.010033043746285	-2.249711036682129	0.0953743931955997	0
K5	HPCLAS_TRAIN_N_003812	0	HPCLAS_TRAIN_N_003812	0	-1.3149226391176845	-2.031895160675049	0.11589459674717675	0
K5	HPCLAS_TRAIN_N_003813	0	HPCLAS_TRAIN_N_003813	0	-2.9843885862901907	-2.829214096069336	0.05576576599830734	0
K5	HPCLAS_TRAIN_N_003818	0	HPCLAS_TRAIN_N_003818	0	-0.641434793794418	-1.5518412590026855	0.17482049223753185	0
K5	HPCLAS_TRAIN_N_003822	0	HPCLAS_TRAIN_N_003822	0	-2.0009950096648144	-2.252230405807495	0.09515724824081052	0
K5	HPCLAS_TRAIN_N_003828	0	HPCLAS_TRAIN_N_003828	0	-1.7119817526892964	-2.7684335708618164	0.05905399454134992	0
K5	HPCLAS_TRAIN_N_003829	0	HPCLAS_TRAIN_N_003829	0	-1.7484313823262705	-1.6487436294555664	0.16127882394931894	0
K5	HPCLAS_TRAIN_N_003831	0	HPCLAS_TRAIN_N_003831	0	-1.7984607586159382	-2.2587132453918457	0.09460052363217737	0
K5	HPCLAS_TRAIN_N_003835	0	HPCLAS_TRAIN_N_003835	0	-2.255001545566744	-1.914766788482666	0.12844627473569453	0
K5	HPCLAS_TRAIN_N_003843	0	HPCLAS_TRAIN_N_003843	0	0.5652489146393699	-1.3334693908691406	0.2085860663406106	0
K5	HPCLAS_TRAIN_N_003854	0	HPCLAS_TRAIN_N_003854	0	-2.413860342484501	-2.695406675338745	0.0632449423441868	0
K5	HPCLAS_TRAIN_N_003856	0	HPCLAS_TRAIN_N_003856	0	-2.544461902065545	-3.157679557800293	0.04078974638033092	0
K5	HPCLAS_TRAIN_N_003860	0	HPCLAS_TRAIN_N_003860	0	-2.704193570582527	-1.770751953125	0.145448841149466	0
K5	HPCLAS_TRAIN_N_003868	0	HPCLAS_TRAIN_N_003868	0	-0.8486287607187891	-0.393419086933136	0.4028944967981749	0
K5	HPCLAS_TRAIN_N_003874	0	HPCLAS_TRAIN_N_003874	0	-2.9299316820901256	-3.7102138996124268	0.0238877013884357	0
K5	HPCLAS_TRAIN_N_003878	0	HPCLAS_TRAIN_N_003878	0	-2.301220920067922	-2.5743215084075928	0.07080944052737365	0
K5	HPCLAS_TRAIN_N_003882	0	HPCLAS_TRAIN_N_003882	0	-1.1937034457918856	-1.231804370880127	0.22586577466464805	0
K5	HPCLAS_TRAIN_N_003886	0	HPCLAS_TRAIN_N_003886	0	-2.799739808761381	-2.905588388442993	0.05187799947424617	0
K5	HPCLAS_TRAIN_N_003894	0	HPCLAS_TRAIN_N_003894	0	-3.176311252601697	-3.1053993701934814	0.04288508483315327	0
K5	HPCLAS_TRAIN_N_003896	0	HPCLAS_TRAIN_N_003896	0	-0.9139207608702028	-1.827587366104126	0.1385259374496148	0
K5	HPCLAS_TRAIN_N_003899	0	HPCLAS_TRAIN_P_001639	0	-1.219695134159536	-1.2729744911193848	0.21874849348162867	0
K5	HPCLAS_TRAIN_N_003900	0	HPCLAS_TRAIN_N_003900	0	-2.064823880040551	-3.316162109375	0.03502087659974793	0
K5	HPCLAS_TRAIN_N_003905	0	HPCLAS_TRAIN_N_003905	0	-1.9810685843751628	-1.886242389678955	0.13167350373959422	0
K5	HPCLAS_TRAIN_N_003907	0	HPCLAS_TRAIN_N_003907	0	-2.733656188685494	-2.1809213161468506	0.10147689205726453	0
K5	HPCLAS_TRAIN_N_003908	0	HPCLAS_TRAIN_N_003908	0	-1.151001195058531	-0.5492168068885803	0.3660461348589225	0
K5	HPCLAS_TRAIN_N_003910	0	HPCLAS_TRAIN_N_003910	0	-1.4348484240339348	-1.3202426433563232	0.21077792677904145	0
K5	HPCLAS_TRAIN_N_003916	0	HPCLAS_TRAIN_N_003916	0	-0.7963070995331402	-1.4523828029632568	0.1896351211791652	0
K5	HPCLAS_TRAIN_N_003918	0	HPCLAS_TRAIN_N_003918	0	-2.476509648294293	-2.6076467037200928	0.0686479099579804	0
K5	HPCLAS_TRAIN_N_003921	0	HPCLAS_TRAIN_N_003921	0	-0.8002203039184047	-0.7911005616188049	0.31193240636047065	0
K5	HPCLAS_TRAIN_N_003933	0	HPCLAS_TRAIN_N_003933	0	-2.732181030033473	-2.8903210163116455	0.05263410905610748	0
K5	HPCLAS_TRAIN_N_003936	0	HPCLAS_TRAIN_N_003936	0	1.880182531936979	0.1261373907327652	0.5314926031255431	1
K5	HPCLAS_TRAIN_N_003937	0	HPCLAS_TRAIN_N_003937	0	-2.8668499546338926	-3.494880437850952	0.02945824931968559	0
K5	HPCLAS_TRAIN_N_003959	0	HPCLAS_TRAIN_N_003959	0	-1.8319869585051	-1.9926307201385498	0.11997882295865091	0
K5	HPCLAS_TRAIN_N_003963	0	HPCLAS_TRAIN_N_003963	0	-0.6890837892249252	-2.7423222064971924	0.060521730492488456	0
K5	HPCLAS_TRAIN_N_003968	0	HPCLAS_TRAIN_N_003968	0	-3.7988014117758553	-3.122262477874756	0.042198233273119355	0
K5	HPCLAS_TRAIN_N_003979	0	HPCLAS_TRAIN_N_003979	0	-0.4107282222432875	0.347624808549881	0.586041482926687	1
K5	HPCLAS_TRAIN_N_003981	0	HPCLAS_TRAIN_N_003981	0	-1.4142870493617188	-1.853259801864624	0.13549061303890247	0
K5	HPCLAS_TRAIN_N_003983	0	HPCLAS_TRAIN_N_003983	0	-0.2305986401166821	-1.395421028137207	0.19854373065130243	0
K5	HPCLAS_TRAIN_N_003985	0	HPCLAS_TRAIN_N_003985	0	-1.0805254962221125	-2.006486654281616	0.11852354544138564	0
K5	HPCLAS_TRAIN_N_003997	0	HPCLAS_TRAIN_N_003997	0	-1.8025408748084624	-2.015857696533203	0.1175479936781889	0
K5	HPCLAS_TRAIN_N_003998	0	HPCLAS_TRAIN_N_003998	0	-1.9878087919532064	-2.873901844024658	0.05345887037068894	0
K5	HPCLAS_TRAIN_N_003999	0	HPCLAS_TRAIN_N_003999	0	-0.7622620683000627	0.5798045992851257	0.6410224433936444	1
K5	HPCLAS_TRAIN_N_004000	0	HPCLAS_TRAIN_P_005085	0	-2.2499174747497697	-2.025775671005249	0.11652309359581127	0
K5	HPCLAS_TRAIN_N_004005	0	HPCLAS_TRAIN_N_004005	0	-2.6158390254101267	-2.8108832836151123	0.05673888932109468	0
K5	HPCLAS_TRAIN_N_004018	0	HPCLAS_TRAIN_P_004986	0	-2.1315370515752106	-2.5053811073303223	0.07548180432852601	0
K5	HPCLAS_TRAIN_N_004019	0	HPCLAS_TRAIN_N_004019	0	-2.875143282310984	-2.10882830619812	0.10824171312368017	0
K5	HPCLAS_TRAIN_N_004031	0	HPCLAS_TRAIN_N_004031	0	-2.095822276420386	-2.5625078678131104	0.07159067650503881	0
K5	HPCLAS_TRAIN_N_004040	0	HPCLAS_TRAIN_N_004040	0	-2.699171849789076	-2.717651605606079	0.061939775296625255	0
K5	HPCLAS_TRAIN_N_004043	0	HPCLAS_TRAIN_N_004043	0	1.091040134729042	0.14748582243919373	0.5368047648054105	1
K5	HPCLAS_TRAIN_N_004044	0	HPCLAS_TRAIN_N_004044	0	-3.4500044710537643	-3.5842220783233643	0.02700854301043179	0
K5	HPCLAS_TRAIN_N_004045	0	HPCLAS_TRAIN_N_004045	0	-2.394846372095327	-2.807260751724243	0.056933077335220184	0
K5	HPCLAS_TRAIN_N_004054	0	HPCLAS_TRAIN_N_004054	0	-0.1338078702546783	-1.8346800804138184	0.13768168579239157	0
K5	HPCLAS_TRAIN_N_004066	0	HPCLAS_TRAIN_N_004066	0	-0.8676406909096872	-0.4374822974205017	0.3923410506230877	0
K5	HPCLAS_TRAIN_N_004073	0	HPCLAS_TRAIN_N_004073	0	-0.2628341466454827	2.109015941619873	0.8917763971375419	1
K5	HPCLAS_TRAIN_N_004097	0	HPCLAS_TRAIN_N_004097	0	-0.1613921007020665	-1.5174920558929443	0.1798311238521628	0
K5	HPCLAS_TRAIN_N_004103	0	HPCLAS_TRAIN_N_004103	0	-0.9350709207731356	-1.512230396270752	0.18060848374060737	0
K5	HPCLAS_TRAIN_N_004111	0	HPCLAS_TRAIN_P_001674	0	1.7666375048376328	1.375772476196289	0.7983111831319238	1
K5	HPCLAS_TRAIN_N_004130	0	HPCLAS_TRAIN_N_004130	0	-1.686573366334435	-1.3176047801971436	0.21121707165953368	0
K5	HPCLAS_TRAIN_N_004132	0	HPCLAS_TRAIN_N_004132	0	-2.1667046635689	-2.8731372356414795	0.05349757354693851	0
K5	HPCLAS_TRAIN_N_004141	0	HPCLAS_TRAIN_N_004141	0	-0.6894414019713565	-1.6585509777069092	0.15995660685605917	0
K5	HPCLAS_TRAIN_N_004147	0	HPCLAS_TRAIN_N_004147	0	-2.4312467549231105	-2.587510347366333	0.06994657155214892	0
K5	HPCLAS_TRAIN_N_004156	0	HPCLAS_TRAIN_N_004156	0	-0.9198273104835808	-0.7521919012069702	0.3203438842174871	0
K5	HPCLAS_TRAIN_N_004171	0	HPCLAS_TRAIN_N_004171	0	-0.5929542507241101	-1.3114798069000244	0.21223932423701783	0
K5	HPCLAS_TRAIN_N_004172	0	HPCLAS_TRAIN_N_004172	0	-2.377574513914771	-2.005903959274292	0.11858443645208025	0
K5	HPCLAS_TRAIN_N_004175	0	HPCLAS_TRAIN_N_004175	0	-2.602036475269754	-2.262463331222534	0.09427981198682732	0
K5	HPCLAS_TRAIN_N_004189	0	HPCLAS_TRAIN_N_004189	0	1.182430623516627	0.8932977318763733	0.7095702395713405	1
K5	HPCLAS_TRAIN_N_004191	0	HPCLAS_TRAIN_N_004191	0	-0.4641320011188411	-1.1878540515899658	0.23364295660880144	0
K5	HPCLAS_TRAIN_N_004197	0	HPCLAS_TRAIN_N_004197	0	-2.611403927118565	-2.6737916469573975	0.06453767883730466	0
K5	HPCLAS_TRAIN_N_004201	0	HPCLAS_TRAIN_N_004201	0	-1.8960385260698376	-2.413438320159912	0.08215368071289925	0
K5	HPCLAS_TRAIN_N_004207	0	HPCLAS_TRAIN_N_004207	0	-1.071228588451077	-1.8245680332183838	0.13888664748358162	0
K5	HPCLAS_TRAIN_N_004210	0	HPCLAS_TRAIN_N_004210	0	0.1756667858504577	2.3355915546417236	0.911782132883688	1
K5	HPCLAS_TRAIN_N_004214	0	HPCLAS_TRAIN_N_004214	0	-0.9633883970451134	-2.2462501525878906	0.09567341019664945	0
K5	HPCLAS_TRAIN_N_004224	0	HPCLAS_TRAIN_N_004224	0	-2.034213588466364	-1.5445396900177002	0.17587630622726727	0
K5	HPCLAS_TRAIN_N_004232	0	HPCLAS_TRAIN_N_004232	0	-1.935940708517555	-2.11540150642395	0.10760886398104955	0
K5	HPCLAS_TRAIN_N_004236	0	HPCLAS_TRAIN_N_004236	0	-1.373755627742356	-2.127739667892456	0.10642976368706032	0
K5	HPCLAS_TRAIN_N_004237	0	HPCLAS_TRAIN_N_004237	0	-2.420516736987662	-2.6059963703155518	0.06875349978487924	0
K5	HPCLAS_TRAIN_N_004259	0	HPCLAS_TRAIN_N_004259	0	3.504157228731473	3.29156494140625	0.9641383022816453	1
K5	HPCLAS_TRAIN_N_004262	0	HPCLAS_TRAIN_N_004262	0	-2.2324270845393146	-1.1133625507354736	0.24724453677226718	0
K5	HPCLAS_TRAIN_N_004269	0	HPCLAS_TRAIN_N_004269	0	0.0191351053264958	-0.48460257053375244	0.3811658858191741	0
K5	HPCLAS_TRAIN_N_004280	0	HPCLAS_TRAIN_N_004280	0	-2.897244001039729	-3.2863526344299316	0.0360423531873	0
K5	HPCLAS_TRAIN_N_004282	0	HPCLAS_TRAIN_N_004282	0	-2.374779200631917	-3.02231764793396	0.04642775915955917	0
K5	HPCLAS_TRAIN_N_004307	0	HPCLAS_TRAIN_N_004307	0	-1.278198772629887	-2.8510594367980957	0.05462657941125808	0
K5	HPCLAS_TRAIN_N_004320	0	HPCLAS_TRAIN_N_004320	0	-1.1628683382141591	-1.2574567794799805	0.22141200412895318	0
K5	HPCLAS_TRAIN_N_004322	0	HPCLAS_TRAIN_N_004322	0	-1.8732526993840888	-1.9762256145477295	0.12172176498130453	0
K5	HPCLAS_TRAIN_N_004327	0	HPCLAS_TRAIN_N_004327	0	-2.3785927326795684	-2.587205171585083	0.06996642707800105	0
K5	HPCLAS_TRAIN_N_004328	0	HPCLAS_TRAIN_N_004328	0	-0.422394000116237	-0.2713375687599182	0.4325787533688077	0
K5	HPCLAS_TRAIN_N_004338	0	HPCLAS_TRAIN_N_004338	0	-2.3040475697128526	-3.0801126956939697	0.04393508139387395	0
K5	HPCLAS_TRAIN_N_004340	0	HPCLAS_TRAIN_N_004340	0	-1.7015209093863886	-1.8464856147766113	0.13628605436928248	0
K5	HPCLAS_TRAIN_N_004345	0	HPCLAS_TRAIN_N_004345	0	-1.088783059042231	0.32531988620758057	0.5806201992430511	1
K5	HPCLAS_TRAIN_N_004349	0	HPCLAS_TRAIN_N_004349	0	-1.726136653950274	-1.9659225940704346	0.12282751510772012	0
K5	HPCLAS_TRAIN_N_004361	0	HPCLAS_TRAIN_N_004361	0	-2.9897933040310005	-2.8535258769989014	0.05449934606181894	0
K5	HPCLAS_TRAIN_N_004370	0	HPCLAS_TRAIN_N_004370	0	0.5069893654734356	0.8137206435203552	0.6929017836704876	1
K5	HPCLAS_TRAIN_N_004383	0	HPCLAS_TRAIN_N_004383	0	-0.8561349395922255	-2.9633071422576904	0.04911133399017191	0
K5	HPCLAS_TRAIN_N_004385	0	HPCLAS_TRAIN_N_004385	0	-2.2157804620605552	-2.221940279006958	0.09779747376174543	0
K5	HPCLAS_TRAIN_N_004387	0	HPCLAS_TRAIN_N_004387	0	-1.605600361822339	-1.6834807395935059	0.15663511152139908	0
K5	HPCLAS_TRAIN_N_004391	0	HPCLAS_TRAIN_N_004391	0	-3.070071304327859	-3.8119561672210693	0.02162683679077982	0
K5	HPCLAS_TRAIN_N_004394	0	HPCLAS_TRAIN_P_000438	0	-0.169190519446965	0.785791277885437	0.686926922706016	1
K5	HPCLAS_TRAIN_N_004395	0	HPCLAS_TRAIN_N_004395	0	-1.1051769565506346	-0.9631543755531311	0.2762470810452378	0
K5	HPCLAS_TRAIN_N_004396	0	HPCLAS_TRAIN_N_004396	0	-3.175061252201888	-3.0556390285491943	0.04497464391700645	0
K5	HPCLAS_TRAIN_N_004398	0	HPCLAS_TRAIN_N_004398	0	-2.03342120907876	-1.6824204921722412	0.15677522178670716	0
K5	HPCLAS_TRAIN_N_004401	0	HPCLAS_TRAIN_N_004401	0	-1.626421395116691	-2.3413188457489014	0.08775827489224682	0
K5	HPCLAS_TRAIN_N_004424	0	HPCLAS_TRAIN_N_004424	0	-1.4788540948899311	-1.8138351440429688	0.14017525239557369	0
K5	HPCLAS_TRAIN_N_004425	0	HPCLAS_TRAIN_N_004425	0	-2.159121082224394	-2.6945550441741943	0.06329541602007892	0
K5	HPCLAS_TRAIN_N_004426	0	HPCLAS_TRAIN_N_004426	0	-2.932184286986645	-3.144747495651245	0.04129874109608019	0
K5	HPCLAS_TRAIN_N_004429	0	HPCLAS_TRAIN_N_004429	0	-2.520665701862261	-2.0073304176330566	0.1184354210326233	0
K5	HPCLAS_TRAIN_N_004436	0	HPCLAS_TRAIN_N_004436	0	-2.4274348305152302	-2.216905355453491	0.09824262132521942	0
K5	HPCLAS_TRAIN_N_004441	0	HPCLAS_TRAIN_N_004441	0	-2.600655044747602	-1.856147289276123	0.13515274908704786	0
K5	HPCLAS_TRAIN_N_004443	0	HPCLAS_TRAIN_N_004443	0	-1.7157951974626466	-0.026112139225006104	0.49347233609347196	0
K5	HPCLAS_TRAIN_N_004445	0	HPCLAS_TRAIN_N_004445	0	-1.1666101749560895	-1.507206678390503	0.18135313227104383	0
K5	HPCLAS_TRAIN_N_004447	0	HPCLAS_TRAIN_N_004447	0	-0.1076966753063077	1.711982250213623	0.8470932144621423	1
K5	HPCLAS_TRAIN_N_004448	0	HPCLAS_TRAIN_N_004448	0	-1.3641181428875175	-0.9551156163215637	0.27785719484230137	0
K5	HPCLAS_TRAIN_N_004451	0	HPCLAS_TRAIN_N_004451	0	-2.9473104387220443	-3.2007696628570557	0.03913676929281624	0
K5	HPCLAS_TRAIN_N_004454	0	HPCLAS_TRAIN_N_004454	0	-1.0264890805183298	-1.1628458499908447	0.23815056402207505	0
K5	HPCLAS_TRAIN_N_004461	0	HPCLAS_TRAIN_N_004461	0	-1.489024709792099	-2.183382987976074	0.10125265855692271	0
K5	HPCLAS_TRAIN_N_004463	0	HPCLAS_TRAIN_N_004463	0	-1.7257365773117437	-4.193871021270752	0.014863509456112523	0
K5	HPCLAS_TRAIN_N_004474	0	HPCLAS_TRAIN_N_004474	0	-0.1330090814146139	-1.4116809368133545	0.1959690638737923	0
K5	HPCLAS_TRAIN_N_004478	0	HPCLAS_TRAIN_N_004478	0	-2.767512585375921	-2.8413379192352295	0.05513080220494658	0
K5	HPCLAS_TRAIN_N_004490	0	HPCLAS_TRAIN_N_004490	0	-3.1196939527173466	-2.2249772548675537	0.09752983899829103	0
K5	HPCLAS_TRAIN_N_004493	0	HPCLAS_TRAIN_N_004493	0	1.2214610709428972	-0.7276225090026855	0.3257166681236491	0
K5	HPCLAS_TRAIN_N_004498	0	HPCLAS_TRAIN_N_004498	0	-3.265510609071345	-3.2844924926757812	0.03610703645871841	0
K5	HPCLAS_TRAIN_N_004503	0	HPCLAS_TRAIN_N_004503	0	-2.391857144571854	-2.512883186340332	0.07495994144502931	0
K5	HPCLAS_TRAIN_N_004505	0	HPCLAS_TRAIN_N_004505	0	-1.912356175648431	-2.0542337894439697	0.11362527894710203	0
K5	HPCLAS_TRAIN_N_004511	0	HPCLAS_TRAIN_N_004511	0	-2.315036381506923	-2.2283506393432617	0.09723332407658422	0
K5	HPCLAS_TRAIN_N_004542	0	HPCLAS_TRAIN_N_004542	0	1.841292877238589	-1.4998533725738525	0.18244739378508162	0
K5	HPCLAS_TRAIN_N_004546	0	HPCLAS_TRAIN_N_004546	0	0.2455334206225645	-0.5709419846534729	0.3610194952322068	0
K5	HPCLAS_TRAIN_N_004571	0	HPCLAS_TRAIN_P_007237	0	-0.8724722417548249	-1.0280470848083496	0.2634628926471733	0
K5	HPCLAS_TRAIN_N_004572	0	HPCLAS_TRAIN_N_004572	0	-1.0434504048965747	-0.9788982272148132	0.27311045415605123	0
K5	HPCLAS_TRAIN_N_004603	0	HPCLAS_TRAIN_N_004603	0	-2.962083269518317	-2.8596951961517334	0.05418231851815725	0
K5	HPCLAS_TRAIN_N_004605	0	HPCLAS_TRAIN_N_004605	0	-2.083075568833112	-2.2174875736236572	0.09819105409382314	0
K5	HPCLAS_TRAIN_N_004614	0	HPCLAS_TRAIN_N_004614	0	-1.5732035025216284	-1.407517910003662	0.19662584231219324	0
K5	HPCLAS_TRAIN_N_004621	0	HPCLAS_TRAIN_N_004621	0	-0.753953859992648	-0.5558791756629944	0.3645014740449437	0
K5	HPCLAS_TRAIN_N_004622	0	HPCLAS_TRAIN_N_004622	0	-2.1482313427936366	-2.6802456378936768	0.06414912819666341	0
K5	HPCLAS_TRAIN_N_004637	0	HPCLAS_TRAIN_N_004637	0	-1.9543559689275296	-2.5289418697357178	0.07385398963832929	0
K5	HPCLAS_TRAIN_N_004645	0	HPCLAS_TRAIN_N_003314	0	-2.826887685311485	-3.395846128463745	0.03242553594768081	0
K5	HPCLAS_TRAIN_N_004648	0	HPCLAS_TRAIN_N_004648	0	-2.0385566086050737	-2.687086343765259	0.06373967553145812	0
K5	HPCLAS_TRAIN_N_004663	0	HPCLAS_TRAIN_N_004663	0	-2.561625319255455	-2.6415600776672363	0.06651110890855445	0
K5	HPCLAS_TRAIN_N_004664	0	HPCLAS_TRAIN_N_004664	0	-0.2552367823128927	-0.8499981164932251	0.29943325263470655	0
K5	HPCLAS_TRAIN_N_004667	0	HPCLAS_TRAIN_N_004667	0	0.8228496565175369	0.6311168670654297	0.6527426652594825	1
K5	HPCLAS_TRAIN_N_004671	0	HPCLAS_TRAIN_N_004671	0	-2.522797130895721	-2.836296796798706	0.05539399099473942	0
K5	HPCLAS_TRAIN_N_004677	0	HPCLAS_TRAIN_N_004677	0	-1.1422474301239034	-1.8509035110473633	0.13576684936047498	0
K5	HPCLAS_TRAIN_N_004688	0	HPCLAS_TRAIN_N_004688	0	1.86017960506972	0.6603977680206299	0.6593497358584294	1
K5	HPCLAS_TRAIN_N_004693	0	HPCLAS_TRAIN_N_004693	0	-2.269479272507493	-2.3750743865966797	0.08509325365380939	0
K5	HPCLAS_TRAIN_N_004694	0	HPCLAS_TRAIN_N_004694	0	-1.967407582863885	-2.0675814151763916	0.11228789548480489	0
K5	HPCLAS_TRAIN_N_004704	0	HPCLAS_TRAIN_N_004704	0	-2.526393854292184	-3.4819834232330322	0.02982922707891107	0
K5	HPCLAS_TRAIN_N_004705	0	HPCLAS_TRAIN_N_004705	0	-1.0193830281199043	-1.354008674621582	0.20521577525094173	0
K5	HPCLAS_TRAIN_N_004709	0	HPCLAS_TRAIN_N_004709	0	-3.270719559591203	-1.9018943309783936	0.12989422368061024	0
K5	HPCLAS_TRAIN_N_004714	0	HPCLAS_TRAIN_N_004714	0	-1.3634041646722443	-1.6690819263458252	0.15854662028280872	0
K5	HPCLAS_TRAIN_N_004722	0	HPCLAS_TRAIN_N_004722	0	0.2651083635770952	0.38640323281288147	0.5954165518014293	1
K5	HPCLAS_TRAIN_N_004757	0	HPCLAS_TRAIN_N_004757	0	-2.575236861016289	-2.035301923751831	0.11554598596245902	0
K5	HPCLAS_TRAIN_N_004766	0	HPCLAS_TRAIN_N_004766	0	-2.4972743840087603	-2.3998360633850098	0.08318519833460651	0
K5	HPCLAS_TRAIN_N_004772	0	HPCLAS_TRAIN_N_004772	0	-2.0852985219027427	-1.9305815696716309	0.1266862231301353	0
K5	HPCLAS_TRAIN_N_004776	0	HPCLAS_TRAIN_N_004776	0	-2.426693466820557	-2.8232123851776123	0.0560826356346972	0
K5	HPCLAS_TRAIN_N_004785	0	HPCLAS_TRAIN_N_004785	0	-2.721544687442095	-2.829904317855835	0.05572943285955911	0
K5	HPCLAS_TRAIN_N_004795	0	HPCLAS_TRAIN_N_004795	0	-0.2791269960461031	-0.9406059384346008	0.2807779620945159	0
K5	HPCLAS_TRAIN_N_004799	0	HPCLAS_TRAIN_N_004799	0	-2.953293136869228	-3.744664430618286	0.02309745565252275	0
K5	HPCLAS_TRAIN_N_004801	0	HPCLAS_TRAIN_N_004801	0	-2.515770217921738	-2.5025057792663574	0.07568270217251959	0
K5	HPCLAS_TRAIN_N_004802	0	HPCLAS_TRAIN_N_004802	0	-2.6483468889166413	-3.235813856124878	0.03784000570492955	0
K5	HPCLAS_TRAIN_N_004809	0	HPCLAS_TRAIN_N_004809	0	-2.791482489974436	-2.863447666168213	0.05399033859926581	0
K5	HPCLAS_TRAIN_N_004812	0	HPCLAS_TRAIN_N_004812	0	0.0068629057359165	0.7776241898536682	0.6851678467158983	1
K5	HPCLAS_TRAIN_N_004814	0	HPCLAS_TRAIN_N_004814	0	-2.131470734073224	-1.5158421993255615	0.18007459286982092	0
K5	HPCLAS_TRAIN_N_004816	0	HPCLAS_TRAIN_N_004816	0	-2.21435596304878	-2.5620169639587402	0.0716233115141247	0
K5	HPCLAS_TRAIN_N_004818	0	HPCLAS_TRAIN_N_004818	0	-1.7214052690067936	-2.1037142276763916	0.1087363417288249	0
K5	HPCLAS_TRAIN_N_004821	0	HPCLAS_TRAIN_N_004821	0	-2.936740845082292	-3.085747241973877	0.043699010720381924	0
K5	HPCLAS_TRAIN_N_004833	0	HPCLAS_TRAIN_N_004833	0	-1.3756181488860977	-0.8335630893707275	0.30289220119147153	0
K5	HPCLAS_TRAIN_N_004834	0	HPCLAS_TRAIN_N_004834	0	-2.3724270546176154	-2.937760591506958	0.05031817844478987	0
K5	HPCLAS_TRAIN_N_004837	0	HPCLAS_TRAIN_N_004837	0	-2.6545796836280777	-2.172769784927368	0.10222256146512333	0
K5	HPCLAS_TRAIN_N_004856	0	HPCLAS_TRAIN_N_004856	0	-2.872749331943497	-2.878338575363159	0.05323481151064597	0
K5	HPCLAS_TRAIN_N_004863	0	HPCLAS_TRAIN_N_004863	0	2.669407200362883	0.710456907749176	0.6705021118574115	1
K5	HPCLAS_TRAIN_N_004879	0	HPCLAS_TRAIN_N_004879	0	-2.0260930613237176	-2.0032005310058594	0.11886729612812957	0
K5	HPCLAS_TRAIN_N_004882	0	HPCLAS_TRAIN_N_004882	0	-2.581673261448125	-2.661858320236206	0.06526187912545944	0
K5	HPCLAS_TRAIN_N_004884	0	HPCLAS_TRAIN_N_004884	0	-2.7815456888136336	-2.9153225421905518	0.05140129204450995	0
K5	HPCLAS_TRAIN_N_004897	0	HPCLAS_TRAIN_N_004897	0	-2.033657102864002	-0.7204005718231201	0.3273047803854629	0
K5	HPCLAS_TRAIN_N_004900	0	HPCLAS_TRAIN_N_004900	0	-0.0601591043791	-1.7441883087158203	0.14878172250946725	0
K5	HPCLAS_TRAIN_N_004904	0	HPCLAS_TRAIN_N_004904	0	-1.915625820429855	-3.051048517227173	0.04517222758209948	0
K5	HPCLAS_TRAIN_N_004915	0	HPCLAS_TRAIN_N_004915	0	0.3990754311737063	-0.24348968267440796	0.439426553333768	0
K5	HPCLAS_TRAIN_N_004919	0	HPCLAS_TRAIN_N_004919	0	-0.1771103753395739	0.7295761704444885	0.6747122592139634	1
K5	HPCLAS_TRAIN_N_004920	0	HPCLAS_TRAIN_N_004920	0	-1.7964844427005662	-1.93609619140625	0.1260773579001491	0
K5	HPCLAS_TRAIN_N_004924	0	HPCLAS_TRAIN_N_004924	0	-1.838515771008278	-2.5615055561065674	0.07165732421812761	0
K5	HPCLAS_TRAIN_N_004926	0	HPCLAS_TRAIN_N_004926	0	2.906665478961525	0.9108185172080994	0.7131676274844714	1
K5	HPCLAS_TRAIN_N_004931	0	HPCLAS_TRAIN_N_004931	0	-1.1474139894337982	-2.634002923965454	0.06698185268099283	0
K5	HPCLAS_TRAIN_N_004935	0	HPCLAS_TRAIN_N_004935	0	-1.3072573731595336	-0.5976583361625671	0.3548796121017767	0
K5	HPCLAS_TRAIN_N_004937	0	HPCLAS_TRAIN_N_004937	0	-2.902849623137746	-3.19477915763855	0.03936266571637796	0
K5	HPCLAS_TRAIN_N_004938	0	HPCLAS_TRAIN_N_004938	0	-1.4132682568616104	-1.4828433990478516	0.18499832476213005	0
K5	HPCLAS_TRAIN_N_004939	0	HPCLAS_TRAIN_N_004939	0	-2.783961108592756	-2.7589733600616455	0.059581864524833154	0
K5	HPCLAS_TRAIN_N_004948	0	HPCLAS_TRAIN_N_004948	0	0.4648817589500185	-0.4969916343688965	0.37824790590360197	0
K5	HPCLAS_TRAIN_N_004949	0	HPCLAS_TRAIN_N_004949	0	-2.790859282024888	-3.4842677116394043	0.029763191992600392	0
K5	HPCLAS_TRAIN_N_004954	0	HPCLAS_TRAIN_N_004954	0	-2.954310644622069	-0.496695876121521	0.3783174637758632	0
K5	HPCLAS_TRAIN_N_004956	0	HPCLAS_TRAIN_N_004956	0	-0.1025923543177628	-0.2825314998626709	0.4298332547209812	0
K5	HPCLAS_TRAIN_N_004962	0	HPCLAS_TRAIN_N_004962	0	-2.435818094932444	-2.920764684677124	0.0511365844289223	0
K5	HPCLAS_TRAIN_N_004983	0	HPCLAS_TRAIN_N_004983	0	-1.9238553882835971	-2.3830344676971436	0.08447558552953073	0
K5	HPCLAS_TRAIN_N_004992	0	HPCLAS_TRAIN_N_004992	0	-1.128567637426956	-2.791131019592285	0.057805324756485754	0
K5	HPCLAS_TRAIN_N_004993	0	HPCLAS_TRAIN_N_004993	0	-0.4405370577228997	-0.2460010051727295	0.43880803152342407	0
K5	HPCLAS_TRAIN_N_004999	0	HPCLAS_TRAIN_N_004999	0	-1.914744237838492	-1.8552615642547607	0.13525631183012327	0
K5	HPCLAS_TRAIN_N_005002	0	HPCLAS_TRAIN_P_001569	0	-1.1250815726091865	-0.34350013732910156	0.4149595031969267	0
K5	HPCLAS_TRAIN_N_005013	0	HPCLAS_TRAIN_N_005013	0	0.1782998890815281	-1.5847527980804443	0.17012342271329725	0
K5	HPCLAS_TRAIN_N_005014	0	HPCLAS_TRAIN_N_005014	0	1.518046855006024	0.4795262813568115	0.6176360067721233	1
K5	HPCLAS_TRAIN_N_005020	0	HPCLAS_TRAIN_N_005020	0	-1.956205168478872	-2.3125522136688232	0.09008871377297967	0
K5	HPCLAS_TRAIN_N_005026	0	HPCLAS_TRAIN_N_005026	0	-2.1366247463273544	-1.6759777069091797	0.15762882170275708	0
K5	HPCLAS_TRAIN_N_005042	0	HPCLAS_TRAIN_N_005042	0	-0.4030220128149946	-0.23198851943016052	0.4422615885580397	0
K5	HPCLAS_TRAIN_N_005043	0	HPCLAS_TRAIN_N_005043	0	-2.626858268681935	-2.6376945972442627	0.0667515089908199	0
K5	HPCLAS_TRAIN_N_005047	0	HPCLAS_TRAIN_N_005047	0	-2.677795950571515	-2.9353389739990234	0.05043402458199426	0
K5	HPCLAS_TRAIN_N_005052	0	HPCLAS_TRAIN_N_005052	0	-2.771163780487499	-3.3193440437316895	0.03491350394221374	0
K5	HPCLAS_TRAIN_N_005058	0	HPCLAS_TRAIN_N_005058	0	-2.8400751842168312	-3.1274070739746094	0.041990790370346615	0
K5	HPCLAS_TRAIN_N_005060	0	HPCLAS_TRAIN_N_005060	0	-1.392830419316469	-1.24216890335083	0.22405868236137977	0
K5	HPCLAS_TRAIN_N_005066	0	HPCLAS_TRAIN_N_005066	0	-2.0418419815611464	-2.294649839401245	0.09156702936491075	0
K5	HPCLAS_TRAIN_N_005068	0	HPCLAS_TRAIN_N_005068	0	-2.233468324364242	-2.530371904373169	0.07375623546121472	0
K5	HPCLAS_TRAIN_N_005076	0	HPCLAS_TRAIN_N_005076	0	-1.2054687647241829	-1.970942735671997	0.12228766377019967	0
K5	HPCLAS_TRAIN_N_005079	0	HPCLAS_TRAIN_N_005079	0	-2.211531857330208	-1.9648873805999756	0.12293909351221957	0
K5	HPCLAS_TRAIN_N_005090	0	HPCLAS_TRAIN_N_005090	0	-2.340601449325608	-2.717655897140503	0.06193952594504144	0
K5	HPCLAS_TRAIN_N_005092	0	HPCLAS_TRAIN_N_005092	0	1.159067834840272	1.3757190704345703	0.7983025841098432	1
K5	HPCLAS_TRAIN_N_005094	0	HPCLAS_TRAIN_N_005094	0	0.7601307467737874	0.6613377928733826	0.6595608410049714	1
K5	HPCLAS_TRAIN_N_005110	0	HPCLAS_TRAIN_N_005110	0	-1.477637155338378	-0.36893975734710693	0.40879723839230714	0
K5	HPCLAS_TRAIN_P_000004	1	HPCLAS_TRAIN_P_000004	0	1.3773961235031562	2.2134523391723633	0.9014510478187513	1
K5	HPCLAS_TRAIN_P_000006	1	HPCLAS_TRAIN_P_000006	0	3.85472552684315	3.3014724254608154	0.9644792890501327	1
K5	HPCLAS_TRAIN_P_000017	1	HPCLAS_TRAIN_P_000017	0	1.6883144579428306	1.1990327835083008	0.7683526763757225	1
K5	HPCLAS_TRAIN_P_000029	1	HPCLAS_TRAIN_P_000029	0	2.025131475401673	1.856785774230957	0.8649218637905254	1
K5	HPCLAS_TRAIN_P_000031	1	HPCLAS_TRAIN_P_000031	0	3.2405472168138783	2.8921422958374023	0.9474566328287605	1
K5	HPCLAS_TRAIN_P_000036	1	HPCLAS_TRAIN_P_000036	0	3.40121937004176	2.2292215824127197	0.9028430996259998	1
K5	HPCLAS_TRAIN_P_000037	1	HPCLAS_TRAIN_P_000037	0	2.530883546138766	2.9349899291992188	0.9495492568878665	1
K5	HPCLAS_TRAIN_P_000040	1	HPCLAS_TRAIN_P_000040	0	2.7068646996143637	2.9173896312713623	0.9486994041530046	1
K5	HPCLAS_TRAIN_P_000043	1	HPCLAS_TRAIN_P_000043	0	2.853987849869572	3.3899528980255127	0.9673890587779268	1
K5	HPCLAS_TRAIN_P_000051	1	HPCLAS_TRAIN_P_000051	0	-0.4569149739442516	0.6108478307723999	0.6481341794750552	1
K5	HPCLAS_TRAIN_P_000062	1	HPCLAS_TRAIN_P_000062	0	3.2665059867647304	3.4325971603393555	0.9687078911547946	1
K5	HPCLAS_TRAIN_P_000068	1	HPCLAS_TRAIN_P_000068	0	2.1856576915275108	2.797194004058838	0.9425240048883567	1
K5	HPCLAS_TRAIN_P_000081	1	HPCLAS_TRAIN_P_000081	0	2.8042192582395806	2.963947057723999	0.9509185410642196	1
K5	HPCLAS_TRAIN_P_000094	1	HPCLAS_TRAIN_P_000094	0	2.8056749787838875	2.6058199405670166	0.9312352031840777	1
K5	HPCLAS_TRAIN_P_000105	1	HPCLAS_TRAIN_P_000105	0	2.805426686645964	2.9416918754577637	0.9498693511483253	1
K5	HPCLAS_TRAIN_P_000107	1	HPCLAS_TRAIN_P_000107	0	-1.630109152710331	-0.643010675907135	0.3445662894417851	0
K5	HPCLAS_TRAIN_P_000111	1	HPCLAS_TRAIN_P_000111	0	2.0692198465178007	1.5608274936676025	0.8264720608700108	1
K5	HPCLAS_TRAIN_P_000118	1	HPCLAS_TRAIN_P_000118	0	3.122232798671241	3.050568103790283	0.9548070468426448	1
K5	HPCLAS_TRAIN_P_000127	1	HPCLAS_TRAIN_P_000127	0	2.730616728733039	1.230177879333496	0.773849705796731	1
K5	HPCLAS_TRAIN_P_000151	1	HPCLAS_TRAIN_P_000151	0	1.3217513477847664	1.63193678855896	0.8364347866730102	1
K5	HPCLAS_TRAIN_P_000162	1	HPCLAS_TRAIN_P_000162	0	3.239925848503202	3.4877331256866455	0.9703367170540188	1
K5	HPCLAS_TRAIN_P_000163	1	HPCLAS_TRAIN_P_000163	0	3.2031927364630497	2.167397975921631	0.8972833964459348	1
K5	HPCLAS_TRAIN_P_000170	1	HPCLAS_TRAIN_P_000170	0	1.3421075186896787	0.47499287128448486	0.6165648192042442	1
K5	HPCLAS_TRAIN_P_000173	1	HPCLAS_TRAIN_P_000173	0	0.6697044390473423	0.21661818027496338	0.5539437742450626	1
K5	HPCLAS_TRAIN_P_000174	1	HPCLAS_TRAIN_P_000174	0	3.5455801028119978	3.269491672515869	0.9633672366647588	1
K5	HPCLAS_TRAIN_P_000180	1	HPCLAS_TRAIN_N_004259	0	3.4883986933265003	3.315653085708618	0.9649619171712351	1
K5	HPCLAS_TRAIN_P_000184	1	HPCLAS_TRAIN_P_000184	0	2.988220504305508	1.5729289054870605	0.8282007461294324	1
K5	HPCLAS_TRAIN_P_000190	1	HPCLAS_TRAIN_P_000190	0	3.7647332871711607	3.3173224925994873	0.9650183167209598	1
K5	HPCLAS_TRAIN_P_000201	1	HPCLAS_TRAIN_P_000201	0	3.4051426891344976	3.48060941696167	0.9701309842452188	1
K5	HPCLAS_TRAIN_P_000203	1	HPCLAS_TRAIN_P_000203	0	0.4796389253462277	2.2912862300872803	0.908152792527714	1
K5	HPCLAS_TRAIN_P_000206	1	HPCLAS_TRAIN_P_000206	0	3.691315495501569	2.996253728866577	0.952404595570083	1
K5	HPCLAS_TRAIN_P_000208	1	HPCLAS_TRAIN_P_000208	0	2.598825522141846	3.2450051307678223	0.9624932136976777	1
K5	HPCLAS_TRAIN_P_000212	1	HPCLAS_TRAIN_P_000212	0	4.209747317097013	3.1916682720184326	0.9605195328863408	1
K5	HPCLAS_TRAIN_P_000224	1	HPCLAS_TRAIN_P_000224	0	0.0160032349795431	0.6865070462226868	0.6651894518686361	1
K5	HPCLAS_TRAIN_P_000232	1	HPCLAS_TRAIN_P_000232	0	3.6418989334478025	3.228813886642456	0.9619043123141976	1
K5	HPCLAS_TRAIN_P_000237	1	HPCLAS_TRAIN_P_000237	0	0.5510781980146063	1.8239917755126953	0.8610444193964066	1
K5	HPCLAS_TRAIN_P_000255	1	HPCLAS_TRAIN_P_000255	0	3.6902063529527913	3.018822193145752	0.9534172437078476	1
K5	HPCLAS_TRAIN_P_000260	1	HPCLAS_TRAIN_P_000260	0	2.7645449749870794	2.9200751781463623	0.9488299492311257	1
K5	HPCLAS_TRAIN_P_000261	1	HPCLAS_TRAIN_P_000261	0	1.825275056120497	2.069917678833008	0.8879447708427503	1
K5	HPCLAS_TRAIN_P_000269	1	HPCLAS_TRAIN_P_000269	0	2.423864069306481	2.8967392444610596	0.9476850105470933	1
K5	HPCLAS_TRAIN_P_000273	1	HPCLAS_TRAIN_P_000273	0	2.5800603100109587	2.6733992099761963	0.9354386246855914	1
K5	HPCLAS_TRAIN_P_000280	1	HPCLAS_TRAIN_P_000280	0	3.2829685730971163	2.8051416873931885	0.9429530396133758	1
K5	HPCLAS_TRAIN_P_000288	1	HPCLAS_TRAIN_P_000288	0	-0.3948258333870569	1.226792573928833	0.7732567067103958	1
K5	HPCLAS_TRAIN_P_000293	1	HPCLAS_TRAIN_P_000293	0	1.9650939891558363	1.7499563694000244	0.8519472987900357	1
K5	HPCLAS_TRAIN_P_000303	1	HPCLAS_TRAIN_P_000303	0	1.471805929293793	1.8551900386810303	0.8647353221744696	1
K5	HPCLAS_TRAIN_P_000310	1	HPCLAS_TRAIN_P_000310	0	2.59269010123678	2.3840091228485107	0.9155997632528212	1
K5	HPCLAS_TRAIN_P_000311	1	HPCLAS_TRAIN_P_000311	0	3.008848888894651	3.6354455947875977	0.9743054410819733	1
K5	HPCLAS_TRAIN_P_000312	1	HPCLAS_TRAIN_P_000312	0	2.9210012070397178	2.999399423599243	0.9525469874109125	1
K5	HPCLAS_TRAIN_P_000322	1	HPCLAS_TRAIN_P_000322	0	3.4617887923469013	3.609861373901367	0.9736571249973585	1
K5	HPCLAS_TRAIN_P_000324	1	HPCLAS_TRAIN_P_000324	0	-0.4464430954977248	-0.9655821919441223	0.2757619402521569	0
K5	HPCLAS_TRAIN_P_000328	1	HPCLAS_TRAIN_P_000328	0	2.693838339593481	2.8532793521881104	0.9454879493247075	1
K5	HPCLAS_TRAIN_P_000340	1	HPCLAS_TRAIN_P_000340	0	3.3941627478741987	3.5896060466766357	0.9731325830050095	1
K5	HPCLAS_TRAIN_P_000341	1	HPCLAS_TRAIN_P_000341	0	3.340389741374033	3.007337808609009	0.9529045257999175	1
K5	HPCLAS_TRAIN_P_000342	1	HPCLAS_TRAIN_P_000342	0	3.3600351103067463	3.8088784217834473	0.978307944864074	1
K5	HPCLAS_TRAIN_P_000343	1	HPCLAS_TRAIN_P_000343	0	0.851504040347539	0.6616998314857483	0.6596421285807251	1
K5	HPCLAS_TRAIN_P_000344	1	HPCLAS_TRAIN_P_000344	0	1.1496822806576164	2.1569788455963135	0.896319125161353	1
K5	HPCLAS_TRAIN_P_000348	1	HPCLAS_TRAIN_P_000348	0	2.7773747159096707	2.5518267154693604	0.9276961391980799	1
K5	HPCLAS_TRAIN_P_000350	1	HPCLAS_TRAIN_P_000350	0	1.9323881802946647	2.187016010284424	0.8990774698929196	1
K5	HPCLAS_TRAIN_P_000371	1	HPCLAS_TRAIN_P_000371	0	1.5648924149387338	2.2548086643218994	0.9050645142705956	1
K5	HPCLAS_TRAIN_P_000386	1	HPCLAS_TRAIN_P_000386	0	2.6364041010748123	2.762101173400879	0.9405931514576882	1
K5	HPCLAS_TRAIN_P_000395	1	HPCLAS_TRAIN_P_000395	0	2.6689243941576444	2.507723808288574	0.9246815169207604	1
K5	HPCLAS_TRAIN_P_000400	1	HPCLAS_TRAIN_P_000400	0	1.5657369071269651	2.1299245357513428	0.8937778440366992	1
K5	HPCLAS_TRAIN_P_000402	1	HPCLAS_TRAIN_P_000402	0	-0.8240802072216076	-0.6137188673019409	0.3512113414563312	0
K5	HPCLAS_TRAIN_P_000403	1	HPCLAS_TRAIN_P_000403	0	2.796320926559269	2.5624706745147705	0.9284068513862025	1
K5	HPCLAS_TRAIN_P_000421	1	HPCLAS_TRAIN_P_000421	0	1.8543157337974137	1.0758764743804932	0.7457128515417716	1
K5	HPCLAS_TRAIN_P_000437	1	HPCLAS_TRAIN_P_000437	0	2.675756611347426	2.6730611324310303	0.9354182040934317	1
K5	HPCLAS_TRAIN_P_000438	1	HPCLAS_TRAIN_P_000438	0	-0.2302343116591363	0.6545386910438538	0.6580325162352227	1
K5	HPCLAS_TRAIN_P_000452	1	HPCLAS_TRAIN_P_000452	0	1.588864715047505	1.4284648895263672	0.8066620150806358	1
K5	HPCLAS_TRAIN_P_000454	1	HPCLAS_TRAIN_P_000454	0	1.9491931936983429	1.2543175220489502	0.778046350017231	1
K5	HPCLAS_TRAIN_P_000465	1	HPCLAS_TRAIN_P_000465	0	2.0888774536290984	2.3720619678497314	0.9146719290273078	1
K5	HPCLAS_TRAIN_P_000466	1	HPCLAS_TRAIN_P_000466	0	0.8509073438323397	1.4700498580932617	0.8130649640981977	1
K5	HPCLAS_TRAIN_P_000467	1	HPCLAS_TRAIN_P_000467	0	1.4361838114723628	1.4189503192901611	0.8051738068454656	1
K5	HPCLAS_TRAIN_P_000478	1	HPCLAS_TRAIN_P_000478	0	2.906313771594802	3.366342306137085	0.9666359283337508	1
K5	HPCLAS_TRAIN_P_000484	1	HPCLAS_TRAIN_P_000484	0	2.6786609363981557	2.6043734550476074	0.9311425179501173	1
K5	HPCLAS_TRAIN_P_000485	1	HPCLAS_TRAIN_P_000485	0	3.1091688455035587	3.0193521976470947	0.9534407770374922	1
K5	HPCLAS_TRAIN_P_000500	1	HPCLAS_TRAIN_P_000500	0	2.260966131382893	3.126570463180542	0.957975541916803	1
K5	HPCLAS_TRAIN_P_000503	1	HPCLAS_TRAIN_P_000503	0	2.9965488070685597	2.906379461288452	0.9481608969761325	1
K5	HPCLAS_TRAIN_P_000514	1	HPCLAS_TRAIN_P_000514	0	1.880977342964321	2.604788303375244	0.9311691116621975	1
K5	HPCLAS_TRAIN_P_000518	1	HPCLAS_TRAIN_P_000518	0	4.227858909992909	3.7418124675750732	0.9768381051577291	1
K5	HPCLAS_TRAIN_P_000521	1	HPCLAS_TRAIN_P_000521	0	2.7691875030611803	2.7711641788482666	0.9410975535499918	1
K5	HPCLAS_TRAIN_P_000526	1	HPCLAS_TRAIN_P_000526	0	2.800941350145417	3.0093581676483154	0.9529951115240848	1
K5	HPCLAS_TRAIN_P_000531	1	HPCLAS_TRAIN_P_000531	0	-0.9523129259313192	-1.5515973567962646	0.17485567994283688	0
K5	HPCLAS_TRAIN_P_000533	1	HPCLAS_TRAIN_P_000533	0	3.796449133054077	2.813647985458374	0.9434088951800405	1
K5	HPCLAS_TRAIN_P_000534	1	HPCLAS_TRAIN_P_000534	0	3.791042575174126	2.9165048599243164	0.9486563262547496	1
K5	HPCLAS_TRAIN_P_000546	1	HPCLAS_TRAIN_P_000546	0	2.753388329422205	2.701150417327881	0.9370944933182835	1
K5	HPCLAS_TRAIN_P_000552	1	HPCLAS_TRAIN_P_000552	0	2.210069381315837	3.155952215194702	0.9591426160772022	1
K5	HPCLAS_TRAIN_P_000556	1	HPCLAS_TRAIN_P_000556	0	3.052370732717879	2.3160130977630615	0.9101945821880021	1
K5	HPCLAS_TRAIN_P_000568	1	HPCLAS_TRAIN_P_000568	0	2.665620016579887	2.655148983001709	0.9343276369819775	1
K5	HPCLAS_TRAIN_P_000586	1	HPCLAS_TRAIN_P_000586	0	2.8268273930726084	3.2187983989715576	0.9615355980523848	1
K5	HPCLAS_TRAIN_P_000590	1	HPCLAS_TRAIN_P_000590	0	2.432720755952401	2.0424365997314453	0.8851811454687436	1
K5	HPCLAS_TRAIN_P_000593	1	HPCLAS_TRAIN_P_000593	0	2.2903093779005546	1.8612310886383057	0.86544037692958	1
K5	HPCLAS_TRAIN_P_000609	1	HPCLAS_TRAIN_P_000609	0	1.126807223147501	0.8122148513793945	0.6925812747767334	1
K5	HPCLAS_TRAIN_P_000611	1	HPCLAS_TRAIN_P_000611	0	2.971798514990411	2.983438491821289	0.9518203002691388	1
K5	HPCLAS_TRAIN_P_000614	1	HPCLAS_TRAIN_P_000614	0	2.7308377524417717	3.1663014888763428	0.959546262369301	1
K5	HPCLAS_TRAIN_P_000619	1	HPCLAS_TRAIN_P_000619	0	2.912859113304522	2.254032850265503	0.9049978332502167	1
K5	HPCLAS_TRAIN_P_000636	1	HPCLAS_TRAIN_P_000636	0	2.8587981821911	3.379953622817993	0.967072128416175	1
K5	HPCLAS_TRAIN_P_000663	1	HPCLAS_TRAIN_P_000663	0	3.777035331160743	3.55281662940979	0.9721537761461639	1
K5	HPCLAS_TRAIN_P_000666	1	HPCLAS_TRAIN_P_000666	0	3.7567183528432815	3.1417548656463623	0.9585826084543717	1
K5	HPCLAS_TRAIN_P_000681	1	HPCLAS_TRAIN_N_000621	0	2.1814265621422626	2.2871999740600586	0.9078113836763548	1
K5	HPCLAS_TRAIN_P_000687	1	HPCLAS_TRAIN_P_000687	0	2.4776569866234937	2.152226448059082	0.8958766468279388	1
K5	HPCLAS_TRAIN_P_000688	1	HPCLAS_TRAIN_P_000688	0	2.763986026413611	2.792290449142456	0.9422577898973178	1
K5	HPCLAS_TRAIN_P_000689	1	HPCLAS_TRAIN_P_000689	0	2.529793848032885	3.0526578426361084	0.9548971345688182	1
K5	HPCLAS_TRAIN_P_000690	1	HPCLAS_TRAIN_P_000690	0	3.067200012265564	2.7761662006378174	0.9413742193583668	1
K5	HPCLAS_TRAIN_P_000715	1	HPCLAS_TRAIN_P_000715	0	2.840972255673449	3.64323353767395	0.9744996886529156	1
K5	HPCLAS_TRAIN_P_000718	1	HPCLAS_TRAIN_P_000718	0	4.269101157262884	3.3886778354644775	0.9673488098019867	1
K5	HPCLAS_TRAIN_P_000724	1	HPCLAS_TRAIN_P_000724	0	1.2403554793446092	0.8040894269943237	0.6908485689295158	1
K5	HPCLAS_TRAIN_P_000733	1	HPCLAS_TRAIN_P_000733	0	-0.3352651288432898	-2.038740396499634	0.115195055111425	0
K5	HPCLAS_TRAIN_P_000741	1	HPCLAS_TRAIN_P_000741	0	2.875841241679638	2.1101269721984863	0.8918835774286477	1
K5	HPCLAS_TRAIN_P_000745	1	HPCLAS_TRAIN_P_000745	0	-0.3422670681555406	-0.343267560005188	0.4150159666716977	0
K5	HPCLAS_TRAIN_P_000746	1	HPCLAS_TRAIN_P_000746	0	3.7483851014761695	2.7764792442321777	0.9413914934713189	1
K5	HPCLAS_TRAIN_P_000750	1	HPCLAS_TRAIN_P_000750	0	4.596307576643892	4.132016658782959	0.9842030704419699	1
K5	HPCLAS_TRAIN_P_000756	1	HPCLAS_TRAIN_P_000756	0	2.5191120066890744	2.475391149520874	0.9223985403464344	1
K5	HPCLAS_TRAIN_P_000758	1	HPCLAS_TRAIN_P_000758	0	4.054555772869314	3.800661563873291	0.9781328836943319	1
K5	HPCLAS_TRAIN_P_000765	1	HPCLAS_TRAIN_P_000765	0	1.194593908575362	2.0659170150756836	0.8875460911468293	1
K5	HPCLAS_TRAIN_P_000772	1	HPCLAS_TRAIN_P_000772	0	3.2564756168466205	2.9682109355926514	0.9511171645865057	1
K5	HPCLAS_TRAIN_P_000774	1	HPCLAS_TRAIN_P_000774	0	1.7192187805994337	1.7820651531219482	0.8559516832078546	1
K5	HPCLAS_TRAIN_P_000780	1	HPCLAS_TRAIN_P_000780	0	1.806209304391208	2.476897954940796	0.9225063280601766	1
K5	HPCLAS_TRAIN_P_000785	1	HPCLAS_TRAIN_P_000785	0	2.699997572504657	3.19176983833313	0.9605233842795879	1
K5	HPCLAS_TRAIN_P_000786	1	HPCLAS_TRAIN_P_000786	0	4.328160134880116	2.1394639015197754	0.8946801058841647	1
K5	HPCLAS_TRAIN_P_000790	1	HPCLAS_TRAIN_P_000790	0	3.561196996676306	3.01753568649292	0.9533600729999999	1
K5	HPCLAS_TRAIN_P_000818	1	HPCLAS_TRAIN_P_000818	0	3.2000535228523805	3.0732483863830566	0.9557756803899464	1
K5	HPCLAS_TRAIN_P_000821	1	HPCLAS_TRAIN_P_000821	0	2.716065721688381	3.282202959060669	0.9638131954872521	1
K5	HPCLAS_TRAIN_P_000825	1	HPCLAS_TRAIN_P_000825	0	2.736567139559022	2.790733814239502	0.942173038103032	1
K5	HPCLAS_TRAIN_P_000828	1	HPCLAS_TRAIN_P_000828	0	3.4620313296785463	3.5532376766204834	0.9721651719702621	1
K5	HPCLAS_TRAIN_P_000829	1	HPCLAS_TRAIN_P_000829	0	2.456679257609637	2.063671112060547	0.8873217368158525	1
K5	HPCLAS_TRAIN_P_000833	1	HPCLAS_TRAIN_P_000833	0	2.0626452754617235	2.782435417175293	0.9417192540211852	1
K5	HPCLAS_TRAIN_P_000851	1	HPCLAS_TRAIN_P_000851	0	2.7559380476771973	3.310107469558716	0.9647739333499834	1
K5	HPCLAS_TRAIN_P_000855	1	HPCLAS_TRAIN_P_000855	0	-0.1090555905910296	0.14680805802345276	0.5366362375974049	1
K5	HPCLAS_TRAIN_P_000858	1	HPCLAS_TRAIN_P_000858	0	3.69304176083469	3.0859549045562744	0.9563096665535699	1
K5	HPCLAS_TRAIN_P_000866	1	HPCLAS_TRAIN_P_000866	0	2.9035512697883714	2.181788682937622	0.898602166534894	1
K5	HPCLAS_TRAIN_P_000867	1	HPCLAS_TRAIN_P_000867	0	2.532843011161653	2.544039011001587	0.9271720279901237	1
K5	HPCLAS_TRAIN_P_000868	1	HPCLAS_TRAIN_P_000868	0	-1.5763871564335	-1.1092333793640137	0.2480138379674297	0
K5	HPCLAS_TRAIN_P_000887	1	HPCLAS_TRAIN_P_000887	0	3.360667331121695	3.2880709171295166	0.9640172980581214	1
K5	HPCLAS_TRAIN_P_000892	1	HPCLAS_TRAIN_P_000892	0	3.250441733603468	2.9000346660614014	0.9478481505621137	1
K5	HPCLAS_TRAIN_P_000900	1	HPCLAS_TRAIN_P_000900	0	3.751435509146359	3.030583620071411	0.9539368248169731	1
K5	HPCLAS_TRAIN_P_000909	1	HPCLAS_TRAIN_P_000909	0	1.0141237549999875	2.297841787338257	0.9086981389472717	1
K5	HPCLAS_TRAIN_P_000918	1	HPCLAS_TRAIN_P_000918	0	1.4277110680399443	-0.34021487832069397	0.41575728149589974	0
K5	HPCLAS_TRAIN_P_000919	1	HPCLAS_TRAIN_P_000919	0	2.225192061000889	2.208936929702759	0.9010491843524271	1
K5	HPCLAS_TRAIN_P_000920	1	HPCLAS_TRAIN_P_000920	0	2.5245176080488023	2.910752534866333	0.9483754206854466	1
K5	HPCLAS_TRAIN_P_000925	1	HPCLAS_TRAIN_P_000925	0	3.459810135885187	3.3194706439971924	0.9650907615457542	1
K5	HPCLAS_TRAIN_P_000946	1	HPCLAS_TRAIN_P_000946	0	3.19204764726783	3.544940710067749	0.9719397739248316	1
K5	HPCLAS_TRAIN_P_000949	1	HPCLAS_TRAIN_P_000949	0	3.026839165007824	3.1210391521453857	0.9577522952074735	1
K5	HPCLAS_TRAIN_P_000970	1	HPCLAS_TRAIN_P_000970	0	2.035509554299007	2.8180463314056396	0.9436432590502873	1
K5	HPCLAS_TRAIN_P_000974	1	HPCLAS_TRAIN_P_000974	0	2.34518952405603	2.740074396133423	0.9393503352660519	1
K5	HPCLAS_TRAIN_P_000980	1	HPCLAS_TRAIN_P_000980	0	1.606397724017183	1.387115240097046	0.8001313082925064	1
K5	HPCLAS_TRAIN_P_000981	1	HPCLAS_TRAIN_P_000981	0	3.309829221760728	2.92944598197937	0.9492830086323009	1
K5	HPCLAS_TRAIN_P_000985	1	HPCLAS_TRAIN_P_000985	0	1.3603611541733187	0.22065624594688416	0.5549413215217253	1
K5	HPCLAS_TRAIN_P_000990	1	HPCLAS_TRAIN_P_000990	0	3.3631262428471795	3.083848237991333	0.9562215622278978	1
K5	HPCLAS_TRAIN_P_000998	1	HPCLAS_TRAIN_P_000998	0	2.75317134844714	3.5035629272460938	0.9707889754701026	1
K5	HPCLAS_TRAIN_P_001003	1	HPCLAS_TRAIN_P_001003	0	2.7263344349172662	2.108302116394043	0.8917074857005612	1
K5	HPCLAS_TRAIN_P_001013	1	HPCLAS_TRAIN_P_001013	0	2.990744077081288	3.0462775230407715	0.954621544220164	1
K5	HPCLAS_TRAIN_P_001024	1	HPCLAS_TRAIN_P_001024	0	2.797685036659796	2.8362483978271484	0.9446034764505352	1
K5	HPCLAS_TRAIN_P_001034	1	HPCLAS_TRAIN_P_001034	0	3.1959587767781445	2.46376371383667	0.9215621562226446	1
K5	HPCLAS_TRAIN_P_001035	1	HPCLAS_TRAIN_P_001035	0	2.557526375572023	1.6275372505187988	0.8358319874178867	1
K5	HPCLAS_TRAIN_P_001043	1	HPCLAS_TRAIN_P_001043	0	0.7925626410548717	0.8042141199111938	0.6908751998128615	1
K5	HPCLAS_TRAIN_P_001044	1	HPCLAS_TRAIN_P_001044	0	2.588619278829212	2.540215253829956	0.9269134102755532	1
K5	HPCLAS_TRAIN_P_001051	1	HPCLAS_TRAIN_P_001051	0	2.1032284997924355	2.2262442111968994	0.902581618823273	1
K5	HPCLAS_TRAIN_P_001060	1	HPCLAS_TRAIN_P_001060	0	2.5250924572669926	2.9656341075897217	0.9509972199758815	1
K5	HPCLAS_TRAIN_P_001062	1	HPCLAS_TRAIN_P_001062	0	1.3043874422979085	3.0914132595062256	0.9565371575698377	1
K5	HPCLAS_TRAIN_P_001068	1	HPCLAS_TRAIN_P_001068	0	1.2129098332276915	1.6484184265136719	0.838677181664822	1
K5	HPCLAS_TRAIN_P_001072	1	HPCLAS_TRAIN_P_001072	0	0.5372869220784804	0.1151861622929573	0.5287647437403095	1
K5	HPCLAS_TRAIN_P_001075	1	HPCLAS_TRAIN_P_001075	0	1.7869545946821197	2.0173757076263428	0.8826093789196687	1
K5	HPCLAS_TRAIN_P_001084	1	HPCLAS_TRAIN_P_001084	0	3.516985260660389	3.192530632019043	0.960552222111155	1
K5	HPCLAS_TRAIN_P_001086	1	HPCLAS_TRAIN_P_001086	0	3.477862646513876	2.5334291458129883	0.9264523518401981	1
K5	HPCLAS_TRAIN_P_001097	1	HPCLAS_TRAIN_P_001097	0	0.3448133830413926	0.7637592554092407	0.682169351813502	1
K5	HPCLAS_TRAIN_P_001098	1	HPCLAS_TRAIN_P_001098	0	1.722385270225775	2.4676015377044678	0.9218391262136577	1
K5	HPCLAS_TRAIN_P_001100	1	HPCLAS_TRAIN_P_001100	0	-1.484419393303433	-0.8663291335105896	0.29601870662485874	0
K5	HPCLAS_TRAIN_P_001105	1	HPCLAS_TRAIN_P_001105	0	3.2171921534407844	3.100691556930542	0.9569212620926479	1
K5	HPCLAS_TRAIN_P_001111	1	HPCLAS_TRAIN_P_001111	0	3.404031756876595	2.74143385887146	0.9394277393584259	1
K5	HPCLAS_TRAIN_P_001115	1	HPCLAS_TRAIN_P_001115	0	2.367941580071601	1.6763217449188232	0.8424168549634302	1
K5	HPCLAS_TRAIN_P_001118	1	HPCLAS_TRAIN_P_001118	0	1.4584956666155664	0.23514951765537262	0.5585179801731273	1
K5	HPCLAS_TRAIN_P_001119	1	HPCLAS_TRAIN_P_001119	0	3.042813079113931	2.8159568309783936	0.943532034977769	1
K5	HPCLAS_TRAIN_P_001135	1	HPCLAS_TRAIN_P_001135	0	0.9351465941538618	-0.379978746175766	0.406132023240055	0
K5	HPCLAS_TRAIN_P_001139	1	HPCLAS_TRAIN_P_001139	0	1.825260595837069	1.6509225368499756	0.8390156949357656	1
K5	HPCLAS_TRAIN_P_001151	1	HPCLAS_TRAIN_P_001151	0	3.550467955592058	3.177588701248169	0.9599821352205534	1
K5	HPCLAS_TRAIN_P_001152	1	HPCLAS_TRAIN_P_001152	0	3.621472538291195	3.2471165657043457	0.9625693621673702	1
K5	HPCLAS_TRAIN_P_001158	1	HPCLAS_TRAIN_P_001158	0	2.334970891745789	2.0491232872009277	0.8858590017910295	1
K5	HPCLAS_TRAIN_P_001165	1	HPCLAS_TRAIN_P_001165	0	0.5629830511935627	0.36993613839149475	0.5914435471265826	1
K5	HPCLAS_TRAIN_P_001166	1	HPCLAS_TRAIN_P_001166	0	2.2515277661291955	2.2116947174072266	0.9012947956640598	1
K5	HPCLAS_TRAIN_P_001170	1	HPCLAS_TRAIN_P_001170	0	1.8877544212158672	1.9347994327545166	0.8737796935286494	1
K5	HPCLAS_TRAIN_P_001171	1	HPCLAS_TRAIN_P_001171	0	2.727573454645208	2.4948570728302	0.9237804942959165	1
K5	HPCLAS_TRAIN_P_001178	1	HPCLAS_TRAIN_P_001178	0	3.6777750012729777	3.687495708465576	0.9755768076929984	1
K5	HPCLAS_TRAIN_P_001179	1	HPCLAS_TRAIN_P_001179	0	2.926358808101671	2.909757614135742	0.948326688146253	1
K5	HPCLAS_TRAIN_P_001184	1	HPCLAS_TRAIN_P_001184	0	2.726540155468947	2.5810368061065674	0.9296311241725389	1
K5	HPCLAS_TRAIN_P_001185	1	HPCLAS_TRAIN_P_001185	0	1.7337735618630772	3.105198860168457	0.9571066842871334	1
K5	HPCLAS_TRAIN_P_001188	1	HPCLAS_TRAIN_P_001188	0	3.213752307274273	2.8010621070861816	0.9427331913880177	1
K5	HPCLAS_TRAIN_P_001192	1	HPCLAS_TRAIN_P_001192	0	4.170238395113621	3.738316059112549	0.9767588654132102	1
K5	HPCLAS_TRAIN_P_001193	1	HPCLAS_TRAIN_P_001193	0	2.9364765317744754	2.951263666152954	0.950323178859934	1
K5	HPCLAS_TRAIN_P_001196	1	HPCLAS_TRAIN_P_001196	0	1.220708377287105	1.3419010639190674	0.792802396873893	1
K5	HPCLAS_TRAIN_P_001198	1	HPCLAS_TRAIN_P_001198	0	0.7151488885920613	0.9321364164352417	0.7175085169894787	1
K5	HPCLAS_TRAIN_P_001209	1	HPCLAS_TRAIN_P_001209	0	2.2715210866611857	1.6777143478393555	0.8426016358296332	1
K5	HPCLAS_TRAIN_P_001214	1	HPCLAS_TRAIN_P_001214	0	3.726807007163928	3.373631715774536	0.9668702204485856	1
K5	HPCLAS_TRAIN_P_001222	1	HPCLAS_TRAIN_P_001222	0	3.3906820722068622	3.552612066268921	0.9721482379210111	1
K5	HPCLAS_TRAIN_P_001233	1	HPCLAS_TRAIN_P_001233	0	2.305469359538102	3.0012362003326416	0.9526299429895135	1
K5	HPCLAS_TRAIN_P_001240	1	HPCLAS_TRAIN_P_001240	0	2.852795417708479	3.2134268283843994	0.9613364378223976	1
K5	HPCLAS_TRAIN_P_001243	1	HPCLAS_TRAIN_P_001243	0	1.801956026892855	2.095219612121582	0.8904376814417716	1
K5	HPCLAS_TRAIN_P_001245	1	HPCLAS_TRAIN_P_001245	0	2.0059180473528406	1.8454062938690186	0.8635868465469468	1
K5	HPCLAS_TRAIN_P_001246	1	HPCLAS_TRAIN_P_001246	0	0.5392364205505993	0.5418780446052551	0.6322491905248194	1
K5	HPCLAS_TRAIN_P_001248	1	HPCLAS_TRAIN_P_001248	0	2.5454916439520225	2.8328583240509033	0.9444258139121191	1
K5	HPCLAS_TRAIN_P_001250	1	HPCLAS_TRAIN_P_001250	0	2.945897803341609	2.6286871433258057	0.9326851704258206	1
K5	HPCLAS_TRAIN_P_001266	1	HPCLAS_TRAIN_P_001266	0	3.653225811599818	3.204256296157837	0.960994135362184	1
K5	HPCLAS_TRAIN_P_001276	1	HPCLAS_TRAIN_P_001276	0	0.4449665290000177	-0.6387258172035217	0.3455346269232381	0
K5	HPCLAS_TRAIN_P_001278	1	HPCLAS_TRAIN_P_001278	0	1.84377651455534	2.268035888671875	0.9061949603444813	1
K5	HPCLAS_TRAIN_P_001287	1	HPCLAS_TRAIN_P_001287	0	3.377648213600817	3.2926290035247803	0.9641750747421572	1
K5	HPCLAS_TRAIN_P_001288	1	HPCLAS_TRAIN_P_001288	0	2.96648015587905	2.771975040435791	0.9411424859250304	1
K5	HPCLAS_TRAIN_P_001301	1	HPCLAS_TRAIN_P_001301	0	-2.0699808251894942	-1.543520450592041	0.17602408750264276	0
K5	HPCLAS_TRAIN_P_001303	1	HPCLAS_TRAIN_P_001303	0	3.340790296854065	3.1988978385925293	0.9607927798469217	1
K5	HPCLAS_TRAIN_P_001304	1	HPCLAS_TRAIN_P_001304	0	3.287791835716674	2.9923079013824463	0.9522254112557224	1
K5	HPCLAS_TRAIN_P_001312	1	HPCLAS_TRAIN_P_001312	0	2.6671031606879154	1.7512521743774414	0.852110668159087	1
K5	HPCLAS_TRAIN_P_001331	1	HPCLAS_TRAIN_P_001331	0	3.624387686306416	2.731872797012329	0.9388813924941309	1
K5	HPCLAS_TRAIN_P_001345	1	HPCLAS_TRAIN_P_001345	0	1.047688679752687	0.41097158193588257	0.6013208230734679	1
K5	HPCLAS_TRAIN_P_001351	1	HPCLAS_TRAIN_P_001351	0	2.897235731957181	2.808784246444702	0.943148666495647	1
K5	HPCLAS_TRAIN_P_001359	1	HPCLAS_TRAIN_P_001359	0	0.5621998946907287	0.8396071791648865	0.6983824769450478	1
K5	HPCLAS_TRAIN_P_001360	1	HPCLAS_TRAIN_P_001360	0	3.016927442996269	2.4226086139678955	0.9185351559862608	1
K5	HPCLAS_TRAIN_P_001364	1	HPCLAS_TRAIN_P_001364	0	3.2938816668476067	3.0720183849334717	0.9557236608819768	1
K5	HPCLAS_TRAIN_P_001368	1	HPCLAS_TRAIN_P_001368	0	3.014789924820481	3.039652109146118	0.9543336702095996	1
K5	HPCLAS_TRAIN_P_001382	1	HPCLAS_TRAIN_P_001382	0	1.7197919258540904	2.2962687015533447	0.9085675426418603	1
K5	HPCLAS_TRAIN_P_001383	1	HPCLAS_TRAIN_P_001383	0	3.350836688809132	3.020050048828125	0.9534717458706266	1
K5	HPCLAS_TRAIN_P_001386	1	HPCLAS_TRAIN_P_001386	0	-2.043798680667026	-1.186398983001709	0.2339035933197098	0
K5	HPCLAS_TRAIN_P_001390	1	HPCLAS_TRAIN_P_001390	0	2.887277995840256	2.457749605178833	0.9211263206134093	1
K5	HPCLAS_TRAIN_P_001393	1	HPCLAS_TRAIN_P_001393	0	3.173165521764383	2.8870437145233154	0.9472022325535553	1
K5	HPCLAS_TRAIN_P_001397	1	HPCLAS_TRAIN_P_001397	0	2.904562949285053	2.5898849964141846	0.9302077513115748	1
K5	HPCLAS_TRAIN_P_001401	1	HPCLAS_TRAIN_P_001401	0	-1.1634028361833606	-2.014455556869507	0.11769351628732092	0
K5	HPCLAS_TRAIN_P_001415	1	HPCLAS_TRAIN_P_001415	0	2.214268512296711	1.7348120212554932	0.8500268961620318	1
K5	HPCLAS_TRAIN_P_001422	1	HPCLAS_TRAIN_P_001422	0	2.865253961029731	3.0622217655181885	0.9553072519256958	1
K5	HPCLAS_TRAIN_P_001435	1	HPCLAS_TRAIN_P_004508	0	3.6347081620969792	3.27459454536438	0.9635468959552419	1
K5	HPCLAS_TRAIN_P_001436	1	HPCLAS_TRAIN_P_001436	0	2.220640107685015	2.6458187103271484	0.9337528108280552	1
K5	HPCLAS_TRAIN_P_001441	1	HPCLAS_TRAIN_P_001441	0	1.9456872803707037	2.273448944091797	0.906654090026471	1
K5	HPCLAS_TRAIN_P_001446	1	HPCLAS_TRAIN_P_001446	0	3.551219571360211	3.3346495628356934	0.9655985536328623	1
K5	HPCLAS_TRAIN_P_001448	1	HPCLAS_TRAIN_P_001448	0	-2.540197769367821	-1.7418341636657715	0.14908011148377817	0
K5	HPCLAS_TRAIN_P_001449	1	HPCLAS_TRAIN_P_001449	0	2.8144869485964703	2.419466018676758	0.9182996913404072	1
K5	HPCLAS_TRAIN_P_001451	1	HPCLAS_TRAIN_P_001451	0	3.8218484733571927	3.622274875640869	0.973973652841795	1
K5	HPCLAS_TRAIN_P_001452	1	HPCLAS_TRAIN_N_004054	0	1.3019435616409087	1.4180598258972168	0.8050340781212739	1
K5	HPCLAS_TRAIN_P_001454	1	HPCLAS_TRAIN_N_004714	0	3.5419932471216238	3.624263048171997	0.9740240035162785	1
K5	HPCLAS_TRAIN_P_001467	1	HPCLAS_TRAIN_P_001467	0	3.189037668862696	2.638944625854492	0.933326320312389	1
K5	HPCLAS_TRAIN_P_001473	1	HPCLAS_TRAIN_P_001473	0	0.0487230821768223	0.8445848822593689	0.69942996564464	1
K5	HPCLAS_TRAIN_P_001477	1	HPCLAS_TRAIN_N_004191	0	1.8980191872729588	1.0750367641448975	0.745553588473942	1
K5	HPCLAS_TRAIN_P_001478	1	HPCLAS_TRAIN_P_001478	0	2.2731901457384454	2.565694570541382	0.9286208401863599	1
K5	HPCLAS_TRAIN_P_001480	1	HPCLAS_TRAIN_P_001480	0	1.7579333075130603	1.5316128730773926	0.8222421742460776	1
K5	HPCLAS_TRAIN_P_001489	1	HPCLAS_TRAIN_P_001489	0	2.291388733875232	1.3900659084320068	0.8006027648485895	1
K5	HPCLAS_TRAIN_P_001505	1	HPCLAS_TRAIN_P_000790	0	3.46371646758151	3.092376470565796	0.9565771843321415	1
K5	HPCLAS_TRAIN_P_001509	1	HPCLAS_TRAIN_P_001509	0	0.147663337019226	2.0603744983673096	0.8869917141162663	1
K5	HPCLAS_TRAIN_P_001510	1	HPCLAS_TRAIN_P_001510	0	3.013572441811076	3.053184986114502	0.9549198324554404	1
K5	HPCLAS_TRAIN_P_001512	1	HPCLAS_TRAIN_P_001512	0	3.8302341814032106	3.025510549545288	0.9537133931521613	1
K5	HPCLAS_TRAIN_P_001515	1	HPCLAS_TRAIN_P_001515	0	2.8941920606167657	3.374664068222046	0.9669032730323825	1
K5	HPCLAS_TRAIN_P_001521	1	HPCLAS_TRAIN_P_001521	0	4.277433474856427	3.3927664756774902	0.9674777033988284	1
K5	HPCLAS_TRAIN_P_001529	1	HPCLAS_TRAIN_P_001529	0	1.6926574359784556	0.7769741415977478	0.6850276060663695	1
K5	HPCLAS_TRAIN_P_001536	1	HPCLAS_TRAIN_P_001536	0	0.8959270757461616	1.4062235355377197	0.8031696126716343	1
K5	HPCLAS_TRAIN_P_001540	1	HPCLAS_TRAIN_P_001540	0	3.4064869280511583	3.5937893390655518	0.973241741311578	1
K5	HPCLAS_TRAIN_P_001543	1	HPCLAS_TRAIN_P_001543	0	2.127168918904826	2.2929024696350098	0.9082875162632954	1
K5	HPCLAS_TRAIN_P_001555	1	HPCLAS_TRAIN_P_001555	0	3.063987631486506	2.7904646396636963	0.9421583709178155	1
K5	HPCLAS_TRAIN_P_001564	1	HPCLAS_TRAIN_P_001564	0	2.857279099571329	2.5936872959136963	0.93045419807347	1
K5	HPCLAS_TRAIN_P_001569	1	HPCLAS_TRAIN_P_001569	0	0.5897007468424568	1.3921079635620117	0.8009285543018028	1
K5	HPCLAS_TRAIN_P_001576	1	HPCLAS_TRAIN_P_001576	0	3.009824197055208	2.870953321456909	0.9463917347907403	1
K5	HPCLAS_TRAIN_P_001582	1	HPCLAS_TRAIN_P_001582	0	3.724078521017551	3.070824146270752	0.9556730980320545	1
K5	HPCLAS_TRAIN_P_001584	1	HPCLAS_TRAIN_P_001584	0	0.9402138604857498	0.40555551648139954	0.6000216978133953	1
K5	HPCLAS_TRAIN_P_001589	1	HPCLAS_TRAIN_P_001589	0	3.630211466398296	2.6301205158233643	0.9327751068362048	1
K5	HPCLAS_TRAIN_P_001591	1	HPCLAS_TRAIN_P_001591	0	3.2966130126682227	3.3555819988250732	0.9662871507288483	1
K5	HPCLAS_TRAIN_P_001593	1	HPCLAS_TRAIN_P_001593	0	2.873232995549338	2.7354776859283447	0.9390879252962988	1
K5	HPCLAS_TRAIN_P_001598	1	HPCLAS_TRAIN_P_001598	0	3.6814322907316654	3.4205868244171143	0.9683417662494247	1
K5	HPCLAS_TRAIN_P_001611	1	HPCLAS_TRAIN_P_001611	0	2.498833265510201	2.28609299659729	0.9077186990385833	1
K5	HPCLAS_TRAIN_P_001614	1	HPCLAS_TRAIN_P_001614	0	3.030591541401002	2.661247491836548	0.9347008487559854	1
K5	HPCLAS_TRAIN_P_001618	1	HPCLAS_TRAIN_P_001618	0	1.1839458200277857	1.793116807937622	0.8573089813263045	1
K5	HPCLAS_TRAIN_P_001622	1	HPCLAS_TRAIN_P_001622	0	1.1302169017518655	1.22257661819458	0.7725166684796297	1
K5	HPCLAS_TRAIN_P_001624	1	HPCLAS_TRAIN_P_001624	0	0.1187736573703424	0.43904465436935425	0.6080313674778794	1
K5	HPCLAS_TRAIN_P_001633	1	HPCLAS_TRAIN_P_001633	0	-0.492112971862612	-0.8890030980110168	0.2913155958417598	0
K5	HPCLAS_TRAIN_P_001639	1	HPCLAS_TRAIN_P_001639	0	-1.027708576893999	0.2868283987045288	0.5712194957340128	1
K5	HPCLAS_TRAIN_P_001648	1	HPCLAS_TRAIN_P_001648	0	-0.6833752159931588	0.7748537659645081	0.6845699242838453	1
K5	HPCLAS_TRAIN_P_001652	1	HPCLAS_TRAIN_P_001652	0	1.6789262112962822	1.914707899093628	0.8715471325807875	1
K5	HPCLAS_TRAIN_P_001661	1	HPCLAS_TRAIN_P_001661	0	3.397141096956358	2.914687395095825	0.9485677298663371	1
K5	HPCLAS_TRAIN_P_001663	1	HPCLAS_TRAIN_P_001663	0	1.7043224044087957	1.8297288417816162	0.8617294209995995	1
K5	HPCLAS_TRAIN_P_001664	1	HPCLAS_TRAIN_P_001664	0	0.573998921215474	0.04945918917655945	0.5123622773349046	1
K5	HPCLAS_TRAIN_P_001674	1	HPCLAS_TRAIN_P_001674	0	2.8415145760494367	1.9932000637054443	0.8800812775533012	1
K5	HPCLAS_TRAIN_P_001689	1	HPCLAS_TRAIN_P_001689	0	3.5451625038025227	3.133119821548462	0.9582384191995528	1
K5	HPCLAS_TRAIN_P_001706	1	HPCLAS_TRAIN_P_001706	0	2.3843068884119543	2.83669114112854	0.9446266396508181	1
K5	HPCLAS_TRAIN_P_001713	1	HPCLAS_TRAIN_P_001713	0	0.8599325098072298	1.1790902614593506	0.7647841909282405	1
K5	HPCLAS_TRAIN_P_001714	1	HPCLAS_TRAIN_P_001714	0	2.515421819338114	2.6626315116882324	0.934785271840485	1
K5	HPCLAS_TRAIN_P_001716	1	HPCLAS_TRAIN_P_001716	0	1.4364146119521082	2.3246991634368896	0.9109020595381027	1
K5	HPCLAS_TRAIN_P_001719	1	HPCLAS_TRAIN_P_001719	0	3.4290195016428324	2.840704917907715	0.9448362145846304	1
K5	HPCLAS_TRAIN_P_001728	1	HPCLAS_TRAIN_P_001728	0	2.537824974195554	1.973541021347046	0.8779909454571385	1
K5	HPCLAS_TRAIN_P_001729	1	HPCLAS_TRAIN_P_001729	0	2.642395821955154	3.187326192855835	0.9603545439484895	1
K5	HPCLAS_TRAIN_P_001736	1	HPCLAS_TRAIN_P_001736	0	2.9286315565616747	2.3606276512145996	0.9137752710039297	1
K5	HPCLAS_TRAIN_P_001740	1	HPCLAS_TRAIN_P_001740	0	2.163805227849068	2.662501096725464	0.9347773210630428	1
K5	HPCLAS_TRAIN_P_001742	1	HPCLAS_TRAIN_P_001742	0	-0.3305930426673923	-1.2850568294525146	0.21669066886176866	0
K5	HPCLAS_TRAIN_P_001745	1	HPCLAS_TRAIN_P_001745	0	2.56142169862744	2.576249837875366	0.9293173298469655	1
K5	HPCLAS_TRAIN_P_001747	1	HPCLAS_TRAIN_P_001747	0	2.96270290358962	2.3415675163269043	0.9122616308278698	1
K5	HPCLAS_TRAIN_P_001748	1	HPCLAS_TRAIN_P_001748	0	3.5567986123781505	2.642526149749756	0.9335488468641642	1
K5	HPCLAS_TRAIN_P_001752	1	HPCLAS_TRAIN_P_001752	0	0.858904862575732	0.6561692357063293	0.6583993361250233	1
K5	HPCLAS_TRAIN_P_001762	1	HPCLAS_TRAIN_P_001762	0	3.416798317458544	3.352694511413574	0.9661929603403759	1
K5	HPCLAS_TRAIN_P_001767	1	HPCLAS_TRAIN_P_001767	0	2.850950859454437	2.404484987258911	0.917168667465016	1
K5	HPCLAS_TRAIN_P_001769	1	HPCLAS_TRAIN_P_001769	0	3.5301642148635963	2.706474542617798	0.9374076125924796	1
K5	HPCLAS_TRAIN_P_001779	1	HPCLAS_TRAIN_P_001779	0	3.749899903762577	2.804185152053833	0.942901563279377	1
K5	HPCLAS_TRAIN_P_001792	1	HPCLAS_TRAIN_P_001792	0	3.265231731269761	2.93904972076416	0.949743388521474	1
K5	HPCLAS_TRAIN_P_001795	1	HPCLAS_TRAIN_P_001795	0	2.195168319579172	2.1238746643066406	0.8932021054046927	1
K5	HPCLAS_TRAIN_P_001803	1	HPCLAS_TRAIN_P_001803	0	1.3796116259427194	1.5226941108703613	0.8209348595718012	1
K5	HPCLAS_TRAIN_P_001804	1	HPCLAS_TRAIN_P_001804	0	3.586118037530964	3.237231969833374	0.9622115913519198	1
K5	HPCLAS_TRAIN_P_001814	1	HPCLAS_TRAIN_P_001814	0	1.198031481262538	1.4461400508880615	0.809403673129224	1
K5	HPCLAS_TRAIN_P_001815	1	HPCLAS_TRAIN_P_001815	0	2.617296380143876	2.366555690765381	0.9142411971653334	1
K5	HPCLAS_TRAIN_P_001825	1	HPCLAS_TRAIN_P_001825	0	3.499218129131501	3.489222288131714	0.9703795501629655	1
K5	HPCLAS_TRAIN_P_001826	1	HPCLAS_TRAIN_P_001826	0	3.337104337307047	2.6365468502044678	0.9331769556884434	1
K5	HPCLAS_TRAIN_P_001830	1	HPCLAS_TRAIN_P_001830	0	0.872360414853648	1.2738275527954102	0.781397257724815	1
K5	HPCLAS_TRAIN_P_001840	1	HPCLAS_TRAIN_P_001840	0	2.893989363807336	2.0878689289093018	0.8897184996225316	1
K5	HPCLAS_TRAIN_P_001841	1	HPCLAS_TRAIN_P_001841	0	2.5615435531293067	2.8910584449768066	0.947402649781167	1
K5	HPCLAS_TRAIN_P_001847	1	HPCLAS_TRAIN_P_001847	0	1.2085436752650351	1.2735819816589355	0.7813553074492043	1
K5	HPCLAS_TRAIN_P_001848	1	HPCLAS_TRAIN_P_001848	0	3.872024709815224	4.138754367828369	0.9843074831759965	1
K5	HPCLAS_TRAIN_P_001849	1	HPCLAS_TRAIN_P_001849	0	2.516863901441052	2.587343454360962	0.9300425706028813	1
K5	HPCLAS_TRAIN_P_001855	1	HPCLAS_TRAIN_P_001855	0	2.9242915385151758	3.2442750930786133	0.9624668504171184	1
K5	HPCLAS_TRAIN_P_001867	1	HPCLAS_TRAIN_P_001867	0	3.3755173470942843	3.63153338432312	0.9742073194939922	1
K5	HPCLAS_TRAIN_P_001878	1	HPCLAS_TRAIN_P_001878	0	1.7758634180133164	1.7163352966308594	0.847656196953869	1
K5	HPCLAS_TRAIN_P_001884	1	HPCLAS_TRAIN_P_001884	0	2.9673368099660986	2.9369218349456787	0.9496417253957693	1
K5	HPCLAS_TRAIN_P_001887	1	HPCLAS_TRAIN_P_001887	0	1.744129524724456	2.1658501625061035	0.8971406530776233	1
K5	HPCLAS_TRAIN_P_001893	1	HPCLAS_TRAIN_P_001893	0	2.7072966653882986	2.3956339359283447	0.9164937628153368	1
K5	HPCLAS_TRAIN_P_001898	1	HPCLAS_TRAIN_P_001898	0	3.519427474353501	3.589632987976074	0.9731332873913622	1
K5	HPCLAS_TRAIN_P_001903	1	HPCLAS_TRAIN_P_001903	0	2.588592683028617	3.4105031490325928	0.9680311770389711	1
K5	HPCLAS_TRAIN_P_001904	1	HPCLAS_TRAIN_P_001904	0	3.857967582029866	4.350327014923096	0.9872617637222989	1
K5	HPCLAS_TRAIN_P_001911	1	HPCLAS_TRAIN_P_001911	0	3.4760197934167056	3.177706480026245	0.9599866596162389	1
K5	HPCLAS_TRAIN_P_001917	1	HPCLAS_TRAIN_P_001917	0	3.0200400657628217	2.7498385906219482	0.9399042333831659	1
K5	HPCLAS_TRAIN_P_001918	1	HPCLAS_TRAIN_P_001918	0	3.336286351845607	3.1552159786224365	0.9591137546406849	1
K5	HPCLAS_TRAIN_P_001922	1	HPCLAS_TRAIN_P_001922	0	1.305074246366668	2.0552141666412354	0.8864734219304893	1
K5	HPCLAS_TRAIN_P_001927	1	HPCLAS_TRAIN_P_001927	0	3.2938142924331686	2.976930856704712	0.9515209914330779	1
K5	HPCLAS_TRAIN_P_001928	1	HPCLAS_TRAIN_P_001928	0	2.509923164516193	2.797910451889038	0.9425628043592384	1
K5	HPCLAS_TRAIN_P_001936	1	HPCLAS_TRAIN_P_001936	0	-0.2978461203725763	1.9762768745422363	0.8782837148917217	1
K5	HPCLAS_TRAIN_P_001941	1	HPCLAS_TRAIN_P_001941	0	0.6933833136540941	1.2830936908721924	0.7829759308738764	1
K5	HPCLAS_TRAIN_P_001955	1	HPCLAS_TRAIN_P_001955	0	2.8712981241711235	2.3994462490081787	0.9167850674769423	1
K5	HPCLAS_TRAIN_P_001969	1	HPCLAS_TRAIN_P_001969	0	2.4612322093957424	2.3839285373687744	0.9155935356532895	1
K5	HPCLAS_TRAIN_P_001984	1	HPCLAS_TRAIN_P_001984	0	-0.5027293300006116	0.9880722165107727	0.7287069808967598	1
K5	HPCLAS_TRAIN_P_001985	1	HPCLAS_TRAIN_P_001985	0	3.337757375104683	3.1288645267486572	0.9580678002830423	1
K5	HPCLAS_TRAIN_P_001989	1	HPCLAS_TRAIN_P_001989	0	3.53993569157577	3.618607759475708	0.9738805334526371	1
K5	HPCLAS_TRAIN_P_001994	1	HPCLAS_TRAIN_P_001994	0	3.254368416080896	3.1319265365600586	0.9581906407364441	1
K5	HPCLAS_TRAIN_P_002005	1	HPCLAS_TRAIN_P_002005	0	3.790278004065706	3.5099785327911377	0.9709703590752594	1
K5	HPCLAS_TRAIN_P_002007	1	HPCLAS_TRAIN_P_002007	0	3.16439771945191	2.6226680278778076	0.9323062834078897	1
K5	HPCLAS_TRAIN_P_002008	1	HPCLAS_TRAIN_P_002008	0	3.4931585841942616	3.5537357330322266	0.9721786462329032	1
K5	HPCLAS_TRAIN_P_002013	1	HPCLAS_TRAIN_P_002013	0	1.316715411116537	-0.5477361679077148	0.3663897946520548	0
K5	HPCLAS_TRAIN_P_002025	1	HPCLAS_TRAIN_P_002025	0	1.987686111027949	2.816218137741089	0.9435459556145896	1
K5	HPCLAS_TRAIN_P_002031	1	HPCLAS_TRAIN_P_002031	0	3.709728643225848	3.5609142780303955	0.9723721499573681	1
K5	HPCLAS_TRAIN_P_002035	1	HPCLAS_TRAIN_P_002035	0	1.6899859123572083	0.6754176616668701	0.6627152008213256	1
K5	HPCLAS_TRAIN_P_002038	1	HPCLAS_TRAIN_P_002038	0	3.8638453750106594	3.8930277824401855	0.9800236529808957	1
K5	HPCLAS_TRAIN_P_002046	1	HPCLAS_TRAIN_P_002046	0	3.3955806079524145	1.7834196090698242	0.8561186049560657	1
K5	HPCLAS_TRAIN_P_002047	1	HPCLAS_TRAIN_P_002047	0	2.8338491756888216	2.4713034629821777	0.922105440229581	1
K5	HPCLAS_TRAIN_P_002052	1	HPCLAS_TRAIN_P_002052	0	3.4582520096342977	2.989232301712036	0.9520853007656231	1
K5	HPCLAS_TRAIN_P_002054	1	HPCLAS_TRAIN_P_002054	0	2.652225305082613	2.4186294078826904	0.918236902337919	1
K5	HPCLAS_TRAIN_P_002056	1	HPCLAS_TRAIN_P_002056	0	3.1980722027516366	3.3405914306640625	0.9657953854011501	1
K5	HPCLAS_TRAIN_P_002062	1	HPCLAS_TRAIN_P_002062	0	1.7543404638636058	2.073087215423584	0.888259748541795	1
K5	HPCLAS_TRAIN_P_002068	1	HPCLAS_TRAIN_P_002068	0	-0.5584619766191308	0.6419078707695007	0.6551846099732767	1
K5	HPCLAS_TRAIN_P_002072	1	HPCLAS_TRAIN_P_002072	0	3.56045379131778	3.8185172080993652	0.9785115541850329	1
K5	HPCLAS_TRAIN_P_002077	1	HPCLAS_TRAIN_P_002077	0	-0.3078427607319463	-0.9381858706474304	0.28126693386958573	0
K5	HPCLAS_TRAIN_P_002078	1	HPCLAS_TRAIN_P_002078	0	1.4696469540298596	0.3482332229614258	0.5861890746236506	1
K5	HPCLAS_TRAIN_P_002085	1	HPCLAS_TRAIN_P_002085	0	2.663041824944469	1.81673264503479	0.8601736082829013	1
K5	HPCLAS_TRAIN_P_002086	1	HPCLAS_TRAIN_P_002086	0	0.3098267151219533	0.9944236874580383	0.7299607974439257	1
K5	HPCLAS_TRAIN_P_002103	1	HPCLAS_TRAIN_P_002103	0	2.907491821043953	3.633878469467163	0.9742661799458511	1
K5	HPCLAS_TRAIN_P_002104	1	HPCLAS_TRAIN_P_002104	0	-0.3589244363193839	0.9966983795166016	0.7304089456500145	1
K5	HPCLAS_TRAIN_P_002105	1	HPCLAS_TRAIN_P_002105	0	2.559114241435944	2.7190988063812256	0.9381442584678611	1
K5	HPCLAS_TRAIN_P_002107	1	HPCLAS_TRAIN_P_002107	0	2.759011454933817	3.454721212387085	0.9693716258004974	1
K5	HPCLAS_TRAIN_P_002111	1	HPCLAS_TRAIN_P_002111	0	3.6819671762078543	3.35538387298584	0.9662806959271496	1
K5	HPCLAS_TRAIN_P_002115	1	HPCLAS_TRAIN_P_002115	0	3.1278035861385267	2.206355333328247	0.9008187719480757	1
K5	HPCLAS_TRAIN_P_002117	1	HPCLAS_TRAIN_P_002117	0	3.945548223046083	3.1665031909942627	0.9595540911616682	1
K5	HPCLAS_TRAIN_P_002123	1	HPCLAS_TRAIN_P_002123	0	1.6399980057515338	2.213085651397705	0.901418467560621	1
K5	HPCLAS_TRAIN_P_002137	1	HPCLAS_TRAIN_P_002137	0	3.416132052837528	2.969520330429077	0.9511780067308814	1
K5	HPCLAS_TRAIN_P_002141	1	HPCLAS_TRAIN_P_002141	0	3.5449330037646667	2.4752893447875977	0.9223912529038965	1
K5	HPCLAS_TRAIN_P_002154	1	HPCLAS_TRAIN_P_002154	0	1.032719826573499	2.3593406677246094	0.9136738155291799	1
K5	HPCLAS_TRAIN_P_002156	1	HPCLAS_TRAIN_P_002156	0	2.8839034882295422	2.918330430984497	0.948745172464309	1
K5	HPCLAS_TRAIN_P_002159	1	HPCLAS_TRAIN_P_002159	0	2.29951545453074	2.0982754230499268	0.8907354460225752	1
K5	HPCLAS_TRAIN_P_002162	1	HPCLAS_TRAIN_P_002162	0	3.700876907537927	3.320646047592163	0.9651303399378952	1
K5	HPCLAS_TRAIN_P_002166	1	HPCLAS_TRAIN_P_002166	0	3.153884348410439	3.457629442214966	0.9694578541833414	1
K5	HPCLAS_TRAIN_P_002175	1	HPCLAS_TRAIN_P_002175	0	1.6031291836547374	0.9205119013786316	0.7151463976525354	1
K5	HPCLAS_TRAIN_P_002177	1	HPCLAS_TRAIN_P_002177	0	2.883097969632368	3.2610325813293457	0.9630675355949131	1
K5	HPCLAS_TRAIN_P_002183	1	HPCLAS_TRAIN_P_002183	0	1.9457112546758144	2.630540609359741	0.9328014443096698	1
K5	HPCLAS_TRAIN_P_002186	1	HPCLAS_TRAIN_P_002186	0	2.7242060116540263	1.856515884399414	0.8648903289070934	1
K5	HPCLAS_TRAIN_P_002188	1	HPCLAS_TRAIN_P_002188	0	2.6674280992005817	2.8046562671661377	0.9429269219797319	1
K5	HPCLAS_TRAIN_P_002189	1	HPCLAS_TRAIN_P_002189	0	4.237211765392871	4.247104644775391	0.9858961698843388	1
K5	HPCLAS_TRAIN_P_002192	1	HPCLAS_TRAIN_P_002192	0	3.5992462922135435	3.5208444595336914	0.9712750737083682	1
K5	HPCLAS_TRAIN_P_002196	1	HPCLAS_TRAIN_P_002196	0	2.644862674944731	2.9005823135375977	0.9478752152521569	1
K5	HPCLAS_TRAIN_P_002201	1	HPCLAS_TRAIN_P_002201	0	4.05913666323387	3.852421522140503	0.9792130025573923	1
K5	HPCLAS_TRAIN_P_002202	1	HPCLAS_TRAIN_P_002202	0	2.741700891545943	2.0851891040802	0.8894552818330284	1
K5	HPCLAS_TRAIN_P_002203	1	HPCLAS_TRAIN_P_002203	0	2.048307212398667	1.914912223815918	0.8715700055543908	1
K5	HPCLAS_TRAIN_P_002211	1	HPCLAS_TRAIN_P_002211	0	2.53514035424413	2.7540435791015625	0.940141310176527	1
K5	HPCLAS_TRAIN_P_002214	1	HPCLAS_TRAIN_P_002214	0	0.6540170120079706	1.4950330257415771	0.8168325007505273	1
K5	HPCLAS_TRAIN_P_002228	1	HPCLAS_TRAIN_P_002228	0	2.0909942498845973	2.3445353507995605	0.9124988868684443	1
K5	HPCLAS_TRAIN_P_002231	1	HPCLAS_TRAIN_P_002231	0	3.5678312684635185	2.924776315689087	0.9490577163304532	1
K5	HPCLAS_TRAIN_P_002235	1	HPCLAS_TRAIN_P_002235	0	3.229299658094601	3.4016716480255127	0.9677567376015381	1
K5	HPCLAS_TRAIN_P_002238	1	HPCLAS_TRAIN_P_002238	0	2.5481204045239654	1.3703773021697998	0.7974411055709635	1
K5	HPCLAS_TRAIN_P_002253	1	HPCLAS_TRAIN_P_002253	0	1.790761526619662	2.2442452907562256	0.904152988473698	1
K5	HPCLAS_TRAIN_P_002258	1	HPCLAS_TRAIN_P_002258	0	0.8107557062954016	1.5753092765808105	0.8285391709427543	1
K5	HPCLAS_TRAIN_P_002260	1	HPCLAS_TRAIN_P_002260	0	2.315310278701819	0.7562772035598755	0.6805449292645273	1
K5	HPCLAS_TRAIN_P_002267	1	HPCLAS_TRAIN_P_002267	0	2.6385804420062144	2.929163932800293	0.9492694277162633	1
K5	HPCLAS_TRAIN_P_002270	1	HPCLAS_TRAIN_P_002270	0	2.7337024848145477	2.622101068496704	0.9322704931059081	1
K5	HPCLAS_TRAIN_P_002271	1	HPCLAS_TRAIN_P_002271	0	1.9842127617095997	2.1990039348602295	0.9001600282359603	1
K5	HPCLAS_TRAIN_P_002284	1	HPCLAS_TRAIN_P_002284	0	3.5157513751386595	3.2057383060455322	0.9610496496868031	1
K5	HPCLAS_TRAIN_P_002291	1	HPCLAS_TRAIN_N_001466	0	2.42422454377954	2.922096014022827	0.9489279752571007	1
K5	HPCLAS_TRAIN_P_002294	1	HPCLAS_TRAIN_P_002294	0	2.134515953102567	2.55971360206604	0.9282233788890039	1
K5	HPCLAS_TRAIN_P_002301	1	HPCLAS_TRAIN_P_002301	0	3.00636859947253	2.9972267150878906	0.9524486817057246	1
K5	HPCLAS_TRAIN_P_002307	1	HPCLAS_TRAIN_P_002307	0	0.822002827160276	1.5504539012908936	0.8249792796156243	1
K5	HPCLAS_TRAIN_P_002309	1	HPCLAS_TRAIN_P_002309	0	3.1443544990944687	2.9241831302642822	0.9490290298549143	1
K5	HPCLAS_TRAIN_P_002319	1	HPCLAS_TRAIN_P_002319	0	1.026434753756894	0.8423211574554443	0.6989538532712408	1
K5	HPCLAS_TRAIN_P_002321	1	HPCLAS_TRAIN_P_002321	0	2.617387569832512	2.873645067214966	0.9465281349710297	1
K5	HPCLAS_TRAIN_P_002322	1	HPCLAS_TRAIN_P_002322	0	3.1868478472374964	3.03177809715271	0.9539892833131768	1
K5	HPCLAS_TRAIN_P_002330	1	HPCLAS_TRAIN_P_002330	0	-0.1810729072168016	-0.8657779097557068	0.29613358995720657	0
K5	HPCLAS_TRAIN_P_002334	1	HPCLAS_TRAIN_P_002334	0	1.2333021338193404	1.3427531719207764	0.7929423349685041	1
K5	HPCLAS_TRAIN_P_002335	1	HPCLAS_TRAIN_P_002335	0	1.1596518597388008	2.8405921459198	0.9448303365300548	1
K5	HPCLAS_TRAIN_P_002341	1	HPCLAS_TRAIN_P_002341	0	2.5026199944207947	2.8759963512420654	0.946647014758629	1
K5	HPCLAS_TRAIN_P_002347	1	HPCLAS_TRAIN_P_002347	0	0.7383048980427862	-0.23716837167739868	0.44098427856406003	0
K5	HPCLAS_TRAIN_P_002350	1	HPCLAS_TRAIN_P_002350	0	4.09869087001871	4.018475532531738	0.9823372283732271	1
K5	HPCLAS_TRAIN_P_002351	1	HPCLAS_TRAIN_P_001664	0	2.112334726863032	1.9173634052276611	0.8718441305311566	1
K5	HPCLAS_TRAIN_P_002355	1	HPCLAS_TRAIN_P_002355	0	3.5545400899833246	2.2054076194763184	0.9007340669361179	1
K5	HPCLAS_TRAIN_P_002361	1	HPCLAS_TRAIN_P_002361	0	3.1991003918012875	3.022798776626587	0.953593536829132	1
K5	HPCLAS_TRAIN_P_002364	1	HPCLAS_TRAIN_P_002364	0	3.114645425122676	2.8466227054595947	0.9451438433500342	1
K5	HPCLAS_TRAIN_P_002365	1	HPCLAS_TRAIN_P_002365	0	3.5542578375129765	2.894611120223999	0.9475794015472458	1
K5	HPCLAS_TRAIN_P_002369	1	HPCLAS_TRAIN_P_002369	0	3.6853145162378778	3.4120569229125977	0.9680792264434953	1
K5	HPCLAS_TRAIN_P_002377	1	HPCLAS_TRAIN_P_002377	0	1.4939747622459538	1.7561001777648926	0.8527205619213027	1
K5	HPCLAS_TRAIN_P_002388	1	HPCLAS_TRAIN_P_002388	0	2.714106670932986	3.33894419670105	0.9657409278174159	1
K5	HPCLAS_TRAIN_P_002390	1	HPCLAS_TRAIN_P_002390	0	3.154140938344573	3.018094062805176	0.953384894719907	1
K5	HPCLAS_TRAIN_P_002394	1	HPCLAS_TRAIN_P_002394	0	2.315464788602124	2.397751569747925	0.9166556886930121	1
K5	HPCLAS_TRAIN_P_002408	1	HPCLAS_TRAIN_P_002408	0	3.296746384166517	3.4313342571258545	0.9686695862109901	1
K5	HPCLAS_TRAIN_P_002409	1	HPCLAS_TRAIN_P_002409	0	-0.3569942226610548	1.4904062747955322	0.8161392443726863	1
K5	HPCLAS_TRAIN_P_002417	1	HPCLAS_TRAIN_P_002417	0	2.7659954640594355	2.047880172729492	0.8857332466635139	1
K5	HPCLAS_TRAIN_P_002419	1	HPCLAS_TRAIN_P_002419	0	2.6930790435189755	2.5649681091308594	0.9285726722946028	1
K5	HPCLAS_TRAIN_P_002428	1	HPCLAS_TRAIN_P_002428	0	1.3188597020574853	1.9674911499023438	0.8773413825781916	1
K5	HPCLAS_TRAIN_P_002430	1	HPCLAS_TRAIN_P_002430	0	2.292480486206708	2.2862932682037354	0.9077354735125466	1
K5	HPCLAS_TRAIN_P_002431	1	HPCLAS_TRAIN_P_002431	0	2.679150830816565	2.7362353801727295	0.9391312523495338	1
K5	HPCLAS_TRAIN_P_002445	1	HPCLAS_TRAIN_P_002445	0	3.8232656294217153	3.366563558578491	0.9666430631897492	1
K5	HPCLAS_TRAIN_P_002468	1	HPCLAS_TRAIN_P_002468	0	2.0125492997887418	1.9220633506774902	0.8723683474551552	1
K5	HPCLAS_TRAIN_P_002473	1	HPCLAS_TRAIN_P_002473	0	2.237857743931813	2.4543354511260986	0.9208779164575185	1
K5	HPCLAS_TRAIN_P_002480	1	HPCLAS_TRAIN_P_002480	0	-1.8462861601272096	-2.05924916267395	0.1131211357563362	0
K5	HPCLAS_TRAIN_P_002484	1	HPCLAS_TRAIN_P_002484	0	3.1700563106096435	2.941800594329834	0.9498745278232965	1
K5	HPCLAS_TRAIN_P_002488	1	HPCLAS_TRAIN_P_002488	0	3.517370611937777	2.9635579586029053	0.9509003776608497	1
K5	HPCLAS_TRAIN_P_002490	1	HPCLAS_TRAIN_P_002490	0	3.680385697573312	3.8028018474578857	0.9781786152869183	1
K5	HPCLAS_TRAIN_P_002498	1	HPCLAS_TRAIN_P_002498	0	3.360711453468698	3.1655616760253906	0.9595175351163493	1
K5	HPCLAS_TRAIN_P_002499	1	HPCLAS_TRAIN_P_002499	0	2.2769234639931817	2.8679873943328857	0.9462410608243208	1
K5	HPCLAS_TRAIN_P_002517	1	HPCLAS_TRAIN_P_002517	0	3.3058755909898525	3.45296049118042	0.969319306275296	1
K5	HPCLAS_TRAIN_P_002518	1	HPCLAS_TRAIN_P_002518	0	2.6057155559033074	2.5307819843292236	0.9262717747684787	1
K5	HPCLAS_TRAIN_P_002519	1	HPCLAS_TRAIN_N_004812	0	1.3608700060092973	1.7994327545166016	0.8580798706518689	1
K5	HPCLAS_TRAIN_P_002524	1	HPCLAS_TRAIN_P_002524	0	3.210897551914756	2.899184465408325	0.9478061074086398	1
K5	HPCLAS_TRAIN_P_002525	1	HPCLAS_TRAIN_P_002525	0	-1.2940000073121174	0.4162410497665405	0.6025834171237741	1
K5	HPCLAS_TRAIN_P_002526	1	HPCLAS_TRAIN_P_002526	0	3.6405032599720433	3.731555938720703	0.9766049084176891	1
K5	HPCLAS_TRAIN_P_002528	1	HPCLAS_TRAIN_P_002528	0	3.221511819089829	3.2032995223999023	0.9609582554423652	1
K5	HPCLAS_TRAIN_P_002535	1	HPCLAS_TRAIN_P_002535	0	2.944295686292186	2.2599146366119385	0.9055023269399955	1
K5	HPCLAS_TRAIN_P_002538	1	HPCLAS_TRAIN_P_002538	0	3.93173010138496	3.596118927001953	0.9733023421956348	1
K5	HPCLAS_TRAIN_P_002541	1	HPCLAS_TRAIN_P_002541	0	2.086103349697344	2.3448545932769775	0.912524373321716	1
K5	HPCLAS_TRAIN_P_002543	1	HPCLAS_TRAIN_P_002543	0	2.74247437110371	2.751721143722534	0.940010479993453	1
K5	HPCLAS_TRAIN_P_002551	1	HPCLAS_TRAIN_P_002551	0	3.4924969054813912	3.986762046813965	0.9817784738731098	1
K5	HPCLAS_TRAIN_P_002556	1	HPCLAS_TRAIN_P_002556	0	2.715297668013123	2.545250415802002	0.927253784641451	1
K5	HPCLAS_TRAIN_P_002568	1	HPCLAS_TRAIN_P_002568	0	3.313280158864528	3.518772840499878	0.9712172194789622	1
K5	HPCLAS_TRAIN_P_002572	1	HPCLAS_TRAIN_P_002572	0	2.020546348812732	2.012139081954956	0.8820657237877617	1
K5	HPCLAS_TRAIN_P_002573	1	HPCLAS_TRAIN_P_002573	0	-0.4225630935015071	0.9164882898330688	0.71432603052964	1
K5	HPCLAS_TRAIN_P_002589	1	HPCLAS_TRAIN_P_002589	0	0.9670141843695608	2.3327765464782715	0.9115554437432554	1
K5	HPCLAS_TRAIN_P_002595	1	HPCLAS_TRAIN_P_002595	0	2.6765431131029027	2.8658688068389893	0.9461331886337297	1
K5	HPCLAS_TRAIN_P_002598	1	HPCLAS_TRAIN_P_002598	0	2.896745109093826	2.3353939056396484	0.9117662335983509	1
K5	HPCLAS_TRAIN_P_002610	1	HPCLAS_TRAIN_P_002610	0	0.2628160759517737	2.69041109085083	0.9364584476140315	1
K5	HPCLAS_TRAIN_P_002613	1	HPCLAS_TRAIN_P_002613	0	2.824497250520794	2.7557685375213623	0.9402383096247792	1
K5	HPCLAS_TRAIN_P_002624	1	HPCLAS_TRAIN_N_001228	0	0.987870998303882	0.5460958480834961	0.6332293244781572	1
K5	HPCLAS_TRAIN_P_002636	1	HPCLAS_TRAIN_P_002636	0	2.793823595389858	3.045590400695801	0.9545917692945314	1
K5	HPCLAS_TRAIN_P_002637	1	HPCLAS_TRAIN_P_002637	0	2.337004184338658	1.6235382556915283	0.8352825206433022	1
K5	HPCLAS_TRAIN_P_002638	1	HPCLAS_TRAIN_P_002638	0	2.5602808259078067	3.1242430210113525	0.957881742872837	1
K5	HPCLAS_TRAIN_P_002639	1	HPCLAS_TRAIN_P_002639	0	2.346418067478962	2.393585681915283	0.91633687011455	1
K5	HPCLAS_TRAIN_P_002644	1	HPCLAS_TRAIN_P_002644	0	3.0976453532361075	3.1284892559051514	0.9580527216014852	1
K5	HPCLAS_TRAIN_P_002651	1	HPCLAS_TRAIN_P_002651	0	1.9151996700287364	2.0349366664886475	0.8844166812889314	1
K5	HPCLAS_TRAIN_P_002658	1	HPCLAS_TRAIN_P_002658	0	-0.0657793139148795	0.12391124665737152	0.5309382363247926	1
K5	HPCLAS_TRAIN_P_002670	1	HPCLAS_TRAIN_P_002670	0	2.743496002096928	3.1526124477386475	0.959011536196162	1
K5	HPCLAS_TRAIN_P_002682	1	HPCLAS_TRAIN_N_003467	0	2.815183217880829	2.0061347484588623	0.881439684010466	1
K5	HPCLAS_TRAIN_P_002689	1	HPCLAS_TRAIN_P_002689	0	2.239367448811326	2.6453607082366943	0.933724473877241	1
K5	HPCLAS_TRAIN_P_002692	1	HPCLAS_TRAIN_P_002692	0	0.0440513783911105	-0.5294249653816223	0.3706510157110135	0
K5	HPCLAS_TRAIN_P_002698	1	HPCLAS_TRAIN_P_002698	0	3.545179991558057	2.568755865097046	0.9288234895100504	1
K5	HPCLAS_TRAIN_P_002720	1	HPCLAS_TRAIN_P_002720	0	3.757271631940516	3.520275831222534	0.9712592048373075	1
K5	HPCLAS_TRAIN_P_002721	1	HPCLAS_TRAIN_P_002721	0	1.149044199280956	1.329188585281372	0.7907063856040935	1
K5	HPCLAS_TRAIN_P_002722	1	HPCLAS_TRAIN_P_002722	0	3.504483252951675	2.937443971633911	0.9496666893214635	1
K5	HPCLAS_TRAIN_P_002724	1	HPCLAS_TRAIN_P_002724	0	2.8762554898544077	3.035747766494751	0.9541632132273015	1
K5	HPCLAS_TRAIN_P_002736	1	HPCLAS_TRAIN_P_002736	0	3.0408931265322763	2.3297810554504395	0.9113136430022396	1
K5	HPCLAS_TRAIN_P_002737	1	HPCLAS_TRAIN_P_002737	0	0.5561259399783801	1.7191824913024902	0.8480235060909687	1
K5	HPCLAS_TRAIN_P_002764	1	HPCLAS_TRAIN_P_002764	0	3.5595028061107583	3.3049957752227783	0.964599798114027	1
K5	HPCLAS_TRAIN_P_002772	1	HPCLAS_TRAIN_P_002772	0	3.334132011593064	2.9268996715545654	0.9491602767410969	1
K5	HPCLAS_TRAIN_P_002773	1	HPCLAS_TRAIN_P_002773	0	3.649081221051186	3.068328380584717	0.9555672520180701	1
K5	HPCLAS_TRAIN_P_002786	1	HPCLAS_TRAIN_P_002786	0	0.5830298795110974	1.127838373184204	0.7554397579421479	1
K5	HPCLAS_TRAIN_P_002788	1	HPCLAS_TRAIN_P_002788	0	3.312016164830005	2.5942494869232178	0.9304905681921539	1
K5	HPCLAS_TRAIN_P_002789	1	HPCLAS_TRAIN_P_002789	0	3.330315094228142	2.8587374687194824	0.9457685802510296	1
K5	HPCLAS_TRAIN_P_002792	1	HPCLAS_TRAIN_P_002792	0	1.4062747841622387	1.9034264087677002	0.8702788362134833	1
K5	HPCLAS_TRAIN_P_002803	1	HPCLAS_TRAIN_P_002803	0	2.440790946156526	2.584904432296753	0.9298837130209553	1
K5	HPCLAS_TRAIN_P_002815	1	HPCLAS_TRAIN_P_002815	0	1.9767070545861647	1.9922597408294678	0.8799820020747847	1
K5	HPCLAS_TRAIN_P_002834	1	HPCLAS_TRAIN_P_002834	0	1.163762455916237	0.5336800813674927	0.6303410227504352	1
K5	HPCLAS_TRAIN_P_002837	1	HPCLAS_TRAIN_P_002837	0	2.7949782271704096	2.5187227725982666	0.9254439773080307	1
K5	HPCLAS_TRAIN_P_002843	1	HPCLAS_TRAIN_P_002843	0	2.821340919741745	-0.4834127426147461	0.3814465802432832	0
K5	HPCLAS_TRAIN_P_002847	1	HPCLAS_TRAIN_P_002847	0	-0.1872041470954947	1.2910654544830322	0.7843274738052177	1
K5	HPCLAS_TRAIN_P_002849	1	HPCLAS_TRAIN_P_002849	0	1.8372752340054013	1.9501245021820068	0.8754602168734245	1
K5	HPCLAS_TRAIN_P_002850	1	HPCLAS_TRAIN_P_002850	0	2.999195634391448	2.9028425216674805	0.947986774166727	1
K5	HPCLAS_TRAIN_P_002852	1	HPCLAS_TRAIN_P_002852	0	2.1254936172465424	3.8506433963775635	0.9791767781312116	1
K5	HPCLAS_TRAIN_P_002853	1	HPCLAS_TRAIN_N_000764	0	2.9124554556710405	2.3511569499969482	0.9130261441818612	1
K5	HPCLAS_TRAIN_P_002857	1	HPCLAS_TRAIN_P_002857	0	2.830795770326332	2.361978530883789	0.9138816473706051	1
K5	HPCLAS_TRAIN_P_002858	1	HPCLAS_TRAIN_P_002858	0	2.507312620130669	1.6934490203857422	0.8446772012919627	1
K5	HPCLAS_TRAIN_P_002859	1	HPCLAS_TRAIN_P_002859	0	4.350204464151791	3.7630622386932373	0.9773140496727684	1
K5	HPCLAS_TRAIN_P_002867	1	HPCLAS_TRAIN_P_002867	0	2.9639550244053146	2.7532083988189697	0.9400942926015998	1
K5	HPCLAS_TRAIN_P_002869	1	HPCLAS_TRAIN_P_002869	0	3.715842840637729	3.3885090351104736	0.9673434778069964	1
K5	HPCLAS_TRAIN_P_002873	1	HPCLAS_TRAIN_P_002873	0	1.6620374880920803	0.534613847732544	0.6305585742947013	1
K5	HPCLAS_TRAIN_P_002885	1	HPCLAS_TRAIN_P_002885	0	2.977510916604951	3.1019744873046875	0.9569741172895928	1
K5	HPCLAS_TRAIN_P_002889	1	HPCLAS_TRAIN_P_002889	0	1.5621666304912576	1.5227572917938232	0.8209441470307756	1
K5	HPCLAS_TRAIN_P_002902	1	HPCLAS_TRAIN_P_002902	0	-0.1592440339505859	0.0931471660733223	0.5232699689981489	1
K5	HPCLAS_TRAIN_P_002907	1	HPCLAS_TRAIN_P_002907	0	3.014243160868914	3.961362361907959	0.9813184819551888	1
K5	HPCLAS_TRAIN_P_002910	1	HPCLAS_TRAIN_P_002910	0	2.704900045678316	2.798191547393799	0.9425780204608105	1
K5	HPCLAS_TRAIN_P_002924	1	HPCLAS_TRAIN_P_002924	0	1.6618218544447965	1.116020917892456	0.7532498918632433	1
K5	HPCLAS_TRAIN_P_002927	1	HPCLAS_TRAIN_P_002927	0	0.9905421748980971	1.2644779682159424	0.7797960018251249	1
K5	HPCLAS_TRAIN_P_002939	1	HPCLAS_TRAIN_P_002939	0	3.231787400179282	2.9524028301239014	0.9503769301114611	1
K5	HPCLAS_TRAIN_P_002947	1	HPCLAS_TRAIN_P_002947	0	0.800184774079204	1.1953487396240234	0.7676963168925997	1
K5	HPCLAS_TRAIN_P_002952	1	HPCLAS_TRAIN_P_002952	0	1.574657141384865	2.008366584777832	0.881672720830631	1
K5	HPCLAS_TRAIN_P_002955	1	HPCLAS_TRAIN_P_002955	0	2.672652474135795	2.1869523525238037	0.8990716936209394	1
K5	HPCLAS_TRAIN_P_002960	1	HPCLAS_TRAIN_P_002960	0	2.4280689227975856	1.8048851490020752	0.8587425612693561	1
K5	HPCLAS_TRAIN_P_002961	1	HPCLAS_TRAIN_P_002961	0	4.0076735814465065	3.442934989929199	0.9690197470306074	1
K5	HPCLAS_TRAIN_P_002965	1	HPCLAS_TRAIN_P_002965	0	1.6157199907900228	2.11869740486145	0.8927072294134049	1
K5	HPCLAS_TRAIN_P_002971	1	HPCLAS_TRAIN_P_002971	0	3.067258914279376	2.7505252361297607	0.9399430063370856	1
K5	HPCLAS_TRAIN_P_002972	1	HPCLAS_TRAIN_P_002972	0	2.5383229318486	2.557805299758911	0.9280961348055374	1
K5	HPCLAS_TRAIN_P_002990	1	HPCLAS_TRAIN_P_002990	0	3.3743194317758523	3.5325944423675537	0.9716010868966329	1
K5	HPCLAS_TRAIN_P_002995	1	HPCLAS_TRAIN_P_002995	0	4.434905872504358	2.7056751251220703	0.9373606907015768	1
K5	HPCLAS_TRAIN_P_003021	1	HPCLAS_TRAIN_P_003021	0	3.30687706331153	3.0307457447052	0.95394394826946	1
K5	HPCLAS_TRAIN_P_003031	1	HPCLAS_TRAIN_P_003031	0	3.871255165617688	3.1519458293914795	0.9589853244696608	1
K5	HPCLAS_TRAIN_P_003046	1	HPCLAS_TRAIN_P_003046	0	2.012806673571377	1.4907824993133545	0.8161956923961625	1
K5	HPCLAS_TRAIN_P_003048	1	HPCLAS_TRAIN_P_003048	0	3.898508688743685	3.214169979095459	0.9613640502936461	1
K5	HPCLAS_TRAIN_P_003052	1	HPCLAS_TRAIN_P_003052	0	3.438901007762822	3.82912015914917	0.9787333716774655	1
K5	HPCLAS_TRAIN_P_003066	1	HPCLAS_TRAIN_P_003066	0	2.96775833723202	2.0196096897125244	0.8828406441762983	1
K5	HPCLAS_TRAIN_P_003077	1	HPCLAS_TRAIN_P_003077	0	3.426246172293298	2.927222967147827	0.9491758751195557	1
K5	HPCLAS_TRAIN_P_003079	1	HPCLAS_TRAIN_P_003079	0	2.9467009864883704	2.9625396728515625	0.950852813235855	1
K5	HPCLAS_TRAIN_P_003089	1	HPCLAS_TRAIN_P_003089	0	2.6046959436339456	2.9485929012298584	0.9501969428764121	1
K5	HPCLAS_TRAIN_P_003102	1	HPCLAS_TRAIN_P_003102	0	3.4419355693854765	3.1670873165130615	0.9595767550103725	1
K5	HPCLAS_TRAIN_P_003112	1	HPCLAS_TRAIN_P_003112	0	0.0375863449555873	0.7951181530952454	0.6889292394289691	1
K5	HPCLAS_TRAIN_P_003117	1	HPCLAS_TRAIN_P_003117	0	1.2008963927053011	1.8406400680541992	0.8630243895596466	1
K5	HPCLAS_TRAIN_P_003121	1	HPCLAS_TRAIN_P_003121	0	2.110777766780124	2.802680015563965	0.9428204753920226	1
K5	HPCLAS_TRAIN_P_003123	1	HPCLAS_TRAIN_P_003123	0	3.544478521849808	3.013871431350708	0.9531968722679545	1
K5	HPCLAS_TRAIN_P_003128	1	HPCLAS_TRAIN_P_003128	0	3.259274339676963	2.5119733810424805	0.924976947391588	1
K5	HPCLAS_TRAIN_P_003136	1	HPCLAS_TRAIN_P_003136	0	2.7085772594686994	2.993628978729248	0.952285474049027	1
K5	HPCLAS_TRAIN_P_003143	1	HPCLAS_TRAIN_P_003143	0	3.1030107796811723	3.6931703090667725	0.9757116504359665	1
K5	HPCLAS_TRAIN_P_003162	1	HPCLAS_TRAIN_P_003162	0	3.282657362666777	2.9165215492248535	0.948657139142784	1
K5	HPCLAS_TRAIN_P_003165	1	HPCLAS_TRAIN_P_003165	0	1.5036482952987738	-0.12801054120063782	0.46804099466786625	0
K5	HPCLAS_TRAIN_P_003172	1	HPCLAS_TRAIN_P_003172	0	4.061293303435519	3.1270182132720947	0.957993563924566	1
K5	HPCLAS_TRAIN_P_003206	1	HPCLAS_TRAIN_P_003206	0	2.81564167155205	3.3620715141296387	0.966497916568871	1
K5	HPCLAS_TRAIN_P_003237	1	HPCLAS_TRAIN_P_003237	0	2.778152341387423	2.6034138202667236	0.9310809644201122	1
K5	HPCLAS_TRAIN_P_003238	1	HPCLAS_TRAIN_P_003238	0	2.5776766365305157	2.3477566242218018	0.9127557468460703	1
K5	HPCLAS_TRAIN_P_003255	1	HPCLAS_TRAIN_P_003255	0	3.289497306747882	2.8254554271698	0.9440359869520328	1
K5	HPCLAS_TRAIN_P_003256	1	HPCLAS_TRAIN_P_003256	0	3.719382559395942	3.292691946029663	0.9641772488071699	1
K5	HPCLAS_TRAIN_P_003260	1	HPCLAS_TRAIN_P_003260	0	-1.1358591579869866	-0.4556092619895935	0.3880279444039443	0
K5	HPCLAS_TRAIN_P_003265	1	HPCLAS_TRAIN_P_003265	0	3.341904338050865	3.9298136234283447	0.9807312456383828	1
K5	HPCLAS_TRAIN_P_003285	1	HPCLAS_TRAIN_P_003285	0	0.8722437189198285	1.079737901687622	0.7464443804609762	1
K5	HPCLAS_TRAIN_P_003295	1	HPCLAS_TRAIN_P_003295	0	2.4644884455231737	2.144439697265625	0.8951480433218796	1
K5	HPCLAS_TRAIN_P_003299	1	HPCLAS_TRAIN_P_003299	0	-2.1977115096616524	-1.9608862400054932	0.12337116807119261	0
K5	HPCLAS_TRAIN_P_003305	1	HPCLAS_TRAIN_P_003305	0	0.2488382845949946	-0.4652259349822998	0.3857468214033411	0
K5	HPCLAS_TRAIN_P_003309	1	HPCLAS_TRAIN_P_003309	0	3.309820454855766	3.2843806743621826	0.96388907169104	1
K5	HPCLAS_TRAIN_P_003311	1	HPCLAS_TRAIN_P_003311	0	2.431010089011778	2.8529207706451416	0.9454694649047786	1
K5	HPCLAS_TRAIN_P_003317	1	HPCLAS_TRAIN_P_003317	0	3.438157550882272	2.378979206085205	0.9152102537741201	1
K5	HPCLAS_TRAIN_P_003319	1	HPCLAS_TRAIN_P_003319	0	1.5668497148753369	1.6984550952911377	0.8453328537552798	1
K5	HPCLAS_TRAIN_P_003320	1	HPCLAS_TRAIN_P_003320	0	2.5815479168382147	2.102065086364746	0.8911037322961529	1
K5	HPCLAS_TRAIN_P_003348	1	HPCLAS_TRAIN_P_003348	0	2.8355656694147013	2.51711106300354	0.9253326972209117	1
K5	HPCLAS_TRAIN_P_003366	1	HPCLAS_TRAIN_P_003366	0	2.746284454891611	2.2719576358795166	0.9065278003926612	1
K5	HPCLAS_TRAIN_P_003376	1	HPCLAS_TRAIN_P_003376	0	2.6923714231603904	2.9734580516815186	0.9513605436966208	1
K5	HPCLAS_TRAIN_P_003379	1	HPCLAS_TRAIN_P_003379	0	0.757192993624202	1.1911094188690186	0.7669394241903685	1
K5	HPCLAS_TRAIN_P_003380	1	HPCLAS_TRAIN_P_003380	0	1.688665349206098	0.5024484992027283	0.623034564837475	1
K5	HPCLAS_TRAIN_P_003382	1	HPCLAS_TRAIN_P_003382	0	2.680541326195815	2.6200268268585205	0.9321394033899941	1
K5	HPCLAS_TRAIN_P_003383	1	HPCLAS_TRAIN_P_003383	0	2.958766856846949	2.879276990890503	0.94681246562046	1
K5	HPCLAS_TRAIN_P_003386	1	HPCLAS_TRAIN_P_003386	0	2.255143177429742	1.0858514308929443	0.7475997143127745	1
K5	HPCLAS_TRAIN_P_003398	1	HPCLAS_TRAIN_P_003398	0	1.4375387451042887	2.5088789463043213	0.924761927755817	1
K5	HPCLAS_TRAIN_P_003411	1	HPCLAS_TRAIN_P_003411	0	3.59276695153782	3.5142571926116943	0.9710907185983272	1
K5	HPCLAS_TRAIN_P_003414	1	HPCLAS_TRAIN_P_003414	0	1.80655215482759	2.3469531536102295	0.9126917430945904	1
K5	HPCLAS_TRAIN_P_003417	1	HPCLAS_TRAIN_P_003417	0	2.080065172393704	2.84796404838562	0.9452133463913297	1
K5	HPCLAS_TRAIN_P_003422	1	HPCLAS_TRAIN_N_003740	0	3.2551581347462304	3.302520990371704	0.9645151943344943	1
K5	HPCLAS_TRAIN_P_003424	1	HPCLAS_TRAIN_P_003424	0	0.7089780818664115	1.6226434707641602	0.8351593741577099	1
K5	HPCLAS_TRAIN_P_003431	1	HPCLAS_TRAIN_P_003431	0	3.290010163469947	2.541156768798828	0.9269771675191096	1
K5	HPCLAS_TRAIN_P_003433	1	HPCLAS_TRAIN_P_003433	0	3.442711441530914	2.6869728565216064	0.9362535515630075	1
K5	HPCLAS_TRAIN_P_003440	1	HPCLAS_TRAIN_P_003440	0	3.49381650976133	2.3374898433685303	0.9119347033318933	1
K5	HPCLAS_TRAIN_P_003445	1	HPCLAS_TRAIN_P_003445	0	4.188695233366358	3.3531620502471924	0.9662082287584522	1
K5	HPCLAS_TRAIN_P_003448	1	HPCLAS_TRAIN_P_003448	0	3.070582176348893	2.621375560760498	0.9322246685669643	1
K5	HPCLAS_TRAIN_P_003449	1	HPCLAS_TRAIN_P_003449	0	2.21396105668	1.9715368747711182	0.8777760928843301	1
K5	HPCLAS_TRAIN_P_003467	1	HPCLAS_TRAIN_N_004816	0	0.6169521528649883	-0.055761680006980896	0.48606319102991086	0
K5	HPCLAS_TRAIN_P_003473	1	HPCLAS_TRAIN_P_003473	0	3.0365121357876363	2.6126837730407715	0.931673438066518	1
K5	HPCLAS_TRAIN_P_003476	1	HPCLAS_TRAIN_P_003476	0	1.8559789515483525	2.6726176738739014	0.9353914091506662	1
K5	HPCLAS_TRAIN_P_003477	1	HPCLAS_TRAIN_P_003477	0	-0.2075695879069952	0.6849126219749451	0.6648342602702175	1
K5	HPCLAS_TRAIN_P_003490	1	HPCLAS_TRAIN_P_003490	0	2.0599674886779304	2.191028594970703	0.8994409778990847	1
K5	HPCLAS_TRAIN_P_003492	1	HPCLAS_TRAIN_P_003492	0	0.9285309193888704	1.1666388511657715	0.7625369350189183	1
K5	HPCLAS_TRAIN_P_003498	1	HPCLAS_TRAIN_P_003498	0	2.9547155343419496	1.8922874927520752	0.8690161290828946	1
K5	HPCLAS_TRAIN_P_003502	1	HPCLAS_TRAIN_P_003502	0	2.5450939954653022	3.3226044178009033	0.9651961864718626	1
K5	HPCLAS_TRAIN_P_003503	1	HPCLAS_TRAIN_P_003503	0	2.307500285506064	2.4687931537628174	0.9219249410911483	1
K5	HPCLAS_TRAIN_P_003508	1	HPCLAS_TRAIN_P_003508	0	2.9619314028036787	2.931727170944214	0.9493927234746827	1
K5	HPCLAS_TRAIN_P_003513	1	HPCLAS_TRAIN_P_003513	0	3.651631295593594	2.974364757537842	0.9514024831281302	1
K5	HPCLAS_TRAIN_P_003518	1	HPCLAS_TRAIN_P_003518	0	1.624400059435486	1.5619120597839355	0.8266275499261803	1
K5	HPCLAS_TRAIN_P_003528	1	HPCLAS_TRAIN_P_003528	0	2.360508056701716	2.6220109462738037	0.9322648023669204	1
K5	HPCLAS_TRAIN_P_003532	1	HPCLAS_TRAIN_P_003532	0	3.348071399622538	3.1209285259246826	0.9577478187301406	1
K5	HPCLAS_TRAIN_P_003534	1	HPCLAS_TRAIN_P_003534	0	1.4739485664997334	1.2590808868408203	0.7788678469919604	1
K5	HPCLAS_TRAIN_P_003540	1	HPCLAS_TRAIN_P_003540	0	1.3699464813672184	1.6677284240722656	0.841272726071581	1
K5	HPCLAS_TRAIN_P_003543	1	HPCLAS_TRAIN_P_003543	0	4.5873775718283625	3.7302756309509277	0.9765756383948125	1
K5	HPCLAS_TRAIN_P_003546	1	HPCLAS_TRAIN_P_003546	0	3.189558361798094	2.7535064220428467	0.9401110741783902	1
K5	HPCLAS_TRAIN_P_003553	1	HPCLAS_TRAIN_P_003553	0	4.036540580347654	2.8925580978393555	0.9474773286667648	1
K5	HPCLAS_TRAIN_P_003563	1	HPCLAS_TRAIN_P_003563	0	3.187434812547358	3.279515266418457	0.963719339027964	1
K5	HPCLAS_TRAIN_P_003564	1	HPCLAS_TRAIN_P_003564	0	3.025524593339602	2.8268306255340576	0.944108597140221	1
K5	HPCLAS_TRAIN_P_003568	1	HPCLAS_TRAIN_P_003568	0	2.854228571800977	3.139789342880249	0.9585045029111207	1
K5	HPCLAS_TRAIN_P_003580	1	HPCLAS_TRAIN_P_003580	0	3.5486921309619115	2.8346784114837646	0.9445212652313494	1
K5	HPCLAS_TRAIN_P_003583	1	HPCLAS_TRAIN_P_003583	0	0.4683600936836564	0.3415480852127075	0.5845665222616179	1
K5	HPCLAS_TRAIN_P_003586	1	HPCLAS_TRAIN_P_003586	0	-0.9778899649075128	1.8782627582550049	0.8674114558275836	1
K5	HPCLAS_TRAIN_P_003596	1	HPCLAS_TRAIN_P_003596	0	3.165991502662992	3.3806278705596924	0.9670935921494487	1
K5	HPCLAS_TRAIN_P_003604	1	HPCLAS_TRAIN_P_003604	0	1.7830602466286092	1.892467975616455	0.869036671555104	1
K5	HPCLAS_TRAIN_P_003610	1	HPCLAS_TRAIN_P_003610	0	3.4290743754742823	3.2132043838500977	0.9613281690016802	1
K5	HPCLAS_TRAIN_P_003611	1	HPCLAS_TRAIN_P_003611	0	4.173601635220223	3.333082675933838	0.965546466815579	1
K5	HPCLAS_TRAIN_P_003615	1	HPCLAS_TRAIN_P_003615	0	3.206599187100225	3.4371232986450195	0.9688448009113212	1
K5	HPCLAS_TRAIN_P_003618	1	HPCLAS_TRAIN_P_003618	0	2.84437810660178	3.2532565593719482	0.9627899563735243	1
K5	HPCLAS_TRAIN_P_003621	1	HPCLAS_TRAIN_P_003621	0	3.994428430935508	2.638521432876587	0.9332999809030043	1
K5	HPCLAS_TRAIN_P_003630	1	HPCLAS_TRAIN_P_003630	0	1.4786185968199068	-0.45451879501342773	0.3882869207510367	0
K5	HPCLAS_TRAIN_P_003633	1	HPCLAS_TRAIN_P_003633	0	2.4700807948164587	2.926419496536255	0.9491371008755752	1
K5	HPCLAS_TRAIN_P_003634	1	HPCLAS_TRAIN_P_003634	0	0.3870413671662615	0.7893813252449036	0.6876984736814452	1
K5	HPCLAS_TRAIN_P_003636	1	HPCLAS_TRAIN_P_003636	0	3.610359039931968	2.7324063777923584	0.9389120038565792	1
K5	HPCLAS_TRAIN_P_003638	1	HPCLAS_TRAIN_P_003638	0	2.487877839164665	0.6963853240013123	0.6673858653249111	1
K5	HPCLAS_TRAIN_P_003646	1	HPCLAS_TRAIN_P_003646	0	3.560864153639093	3.0506832599639893	0.9548120156346522	1
K5	HPCLAS_TRAIN_P_003656	1	HPCLAS_TRAIN_P_003656	0	1.3819679115192796	1.645186424255371	0.8382394201825404	1
K5	HPCLAS_TRAIN_P_003657	1	HPCLAS_TRAIN_P_003657	0	0.7282139057798477	-0.0035613030195236206	0.4991096751861091	0
K5	HPCLAS_TRAIN_P_003659	1	HPCLAS_TRAIN_P_003659	0	3.2344263816466348	3.174044370651245	0.9598457524676223	1
K5	HPCLAS_TRAIN_P_003664	1	HPCLAS_TRAIN_P_003664	0	2.333994372796829	1.6094563007354736	0.8333358872484254	1
K5	HPCLAS_TRAIN_P_003688	1	HPCLAS_TRAIN_P_003688	0	3.7237573792534726	3.299015998840332	0.9643950382706536	1
K5	HPCLAS_TRAIN_P_003693	1	HPCLAS_TRAIN_P_003693	0	1.333591613576416	1.8937323093414307	0.869180500695137	1
K5	HPCLAS_TRAIN_P_003695	1	HPCLAS_TRAIN_P_003695	0	0.2706462970844479	1.3754377365112305	0.7982572811666473	1
K5	HPCLAS_TRAIN_P_003705	1	HPCLAS_TRAIN_P_003705	0	2.792062092236792	3.089089870452881	0.9564404628809546	1
K5	HPCLAS_TRAIN_P_003710	1	HPCLAS_TRAIN_P_003710	0	3.662072034282146	3.8341217041015625	0.9788372267411352	1
K5	HPCLAS_TRAIN_P_003715	1	HPCLAS_TRAIN_P_003715	0	3.144718742200401	2.5604817867279053	0.9282745421577516	1
K5	HPCLAS_TRAIN_P_003717	1	HPCLAS_TRAIN_P_003717	0	2.699408827529047	2.7051732540130615	0.9373312165562073	1
K5	HPCLAS_TRAIN_P_003719	1	HPCLAS_TRAIN_P_003719	0	3.565136924925812	3.3094749450683594	0.9647524305637518	1
K5	HPCLAS_TRAIN_P_003720	1	HPCLAS_TRAIN_P_003720	0	0.0110930149826879	1.3907997608184814	0.8007198897167701	1
K5	HPCLAS_TRAIN_P_003721	1	HPCLAS_TRAIN_N_004214	0	2.059603143776437	-0.6887057423591614	0.3343210491229438	0
K5	HPCLAS_TRAIN_P_003722	1	HPCLAS_TRAIN_P_003722	0	2.83090119598888	1.8383135795593262	0.8627491353466398	1
K5	HPCLAS_TRAIN_P_003723	1	HPCLAS_TRAIN_P_003723	0	1.984208835220326	3.149766683578491	0.9588995274983274	1
K5	HPCLAS_TRAIN_P_003740	1	HPCLAS_TRAIN_P_003740	0	2.9555276583017704	3.0911128520965576	0.9565246667721493	1
K5	HPCLAS_TRAIN_P_003741	1	HPCLAS_TRAIN_P_003741	0	3.043169756105217	2.041407585144043	0.88507651961194	1
K5	HPCLAS_TRAIN_P_003753	1	HPCLAS_TRAIN_N_001599	0	3.1386793239690274	3.3491666316986084	0.9660775355245371	1
K5	HPCLAS_TRAIN_P_003755	1	HPCLAS_TRAIN_P_003755	0	3.5844492795170897	3.138676643371582	0.958460224237362	1
K5	HPCLAS_TRAIN_P_003758	1	HPCLAS_TRAIN_P_003758	0	1.5634092222733176	0.8819881081581116	0.7072340364815513	1
K5	HPCLAS_TRAIN_P_003763	1	HPCLAS_TRAIN_P_003763	0	2.9603581849472547	3.0131967067718506	0.9531667618474895	1
K5	HPCLAS_TRAIN_P_003766	1	HPCLAS_TRAIN_P_003766	0	3.008116311514605	3.1610910892486572	0.959343524092419	1
K5	HPCLAS_TRAIN_P_003767	1	HPCLAS_TRAIN_P_003767	0	1.5485625191939036	1.8781392574310303	0.8673972514987744	1
K5	HPCLAS_TRAIN_P_003770	1	HPCLAS_TRAIN_P_003770	0	2.2688140371910257	0.3308855891227722	0.5819748387026419	1
K5	HPCLAS_TRAIN_P_003775	1	HPCLAS_TRAIN_P_003775	0	-1.735384030856314	-1.257054090499878	0.22148143095789988	0
K5	HPCLAS_TRAIN_P_003793	1	HPCLAS_TRAIN_P_003793	0	1.348285396916927	0.8836522698402405	0.7075784890333818	1
K5	HPCLAS_TRAIN_P_003804	1	HPCLAS_TRAIN_P_003804	0	1.716556815479802	2.1213223934173584	0.8929583944679728	1
K5	HPCLAS_TRAIN_P_003805	1	HPCLAS_TRAIN_P_003805	0	0.604156815759479	0.23214629292488098	0.5577773284877309	1
K5	HPCLAS_TRAIN_P_003806	1	HPCLAS_TRAIN_P_003806	0	3.874420492762027	2.7036521434783936	0.9372418049211761	1
K5	HPCLAS_TRAIN_P_003809	1	HPCLAS_TRAIN_P_003809	0	2.1843519142357617	3.3502142429351807	0.9661118507998567	1
K5	HPCLAS_TRAIN_P_003810	1	HPCLAS_TRAIN_P_003810	0	2.021334326765797	2.25777006149292	0.9053186605789266	1
K5	HPCLAS_TRAIN_P_003813	1	HPCLAS_TRAIN_P_003813	0	3.05686132727089	2.7518274784088135	0.9400164760085375	1
K5	HPCLAS_TRAIN_P_003833	1	HPCLAS_TRAIN_P_003833	0	2.073581141928493	2.8069398403167725	0.9430496899350167	1
K5	HPCLAS_TRAIN_P_003834	1	HPCLAS_TRAIN_P_003834	0	1.0416532840795885	1.0437417030334473	0.7395713247204793	1
K5	HPCLAS_TRAIN_P_003836	1	HPCLAS_TRAIN_P_003836	0	2.2525604524470686	2.135895013809204	0.8943433441157579	1
K5	HPCLAS_TRAIN_P_003839	1	HPCLAS_TRAIN_P_003839	0	2.6036307740985585	2.675215482711792	0.9355482285025891	1
K5	HPCLAS_TRAIN_P_003840	1	HPCLAS_TRAIN_P_003840	0	3.656526547599891	3.6134185791015625	0.9737482099325511	1
K5	HPCLAS_TRAIN_P_003845	1	HPCLAS_TRAIN_P_003845	0	3.138448799117787	2.811760663986206	0.9433080494567694	1
K5	HPCLAS_TRAIN_P_003859	1	HPCLAS_TRAIN_P_003859	0	1.9170336086753104	2.4787371158599854	0.9226377046125699	1
K5	HPCLAS_TRAIN_P_003862	1	HPCLAS_TRAIN_P_003862	0	1.7467485879795677	1.6137497425079346	0.8339313381964123	1
K5	HPCLAS_TRAIN_P_003863	1	HPCLAS_TRAIN_P_003863	0	-1.3252977091186764	-1.0000436305999756	0.26893284315986565	0
K5	HPCLAS_TRAIN_P_003864	1	HPCLAS_TRAIN_P_003864	0	3.462316381655814	3.144364356994629	0.9586860865693769	1
K5	HPCLAS_TRAIN_P_003865	1	HPCLAS_TRAIN_P_003865	0	3.230452399275291	2.558182716369629	0.928121317143148	1
K5	HPCLAS_TRAIN_P_003874	1	HPCLAS_TRAIN_P_003874	0	2.5339390480362622	2.6611874103546143	0.9346971815766199	1
K5	HPCLAS_TRAIN_P_003877	1	HPCLAS_TRAIN_P_003877	0	2.866423446623741	3.056004285812378	0.9550410419784942	1
K5	HPCLAS_TRAIN_P_003887	1	HPCLAS_TRAIN_P_003887	0	2.490006341850503	2.4048008918762207	0.917192663671924	1
K5	HPCLAS_TRAIN_P_003897	1	HPCLAS_TRAIN_N_004210	0	2.088752830395889	2.1808321475982666	0.8985149773250793	1
K5	HPCLAS_TRAIN_P_003898	1	HPCLAS_TRAIN_P_003898	0	3.0242304690051487	2.0863704681396484	0.8895713855306031	1
K5	HPCLAS_TRAIN_P_003899	1	HPCLAS_TRAIN_P_003899	0	1.7737881794715724	2.170909881591797	0.8976066230978703	1
K5	HPCLAS_TRAIN_P_003900	1	HPCLAS_TRAIN_P_003900	0	2.99836666685766	3.0978264808654785	0.9568030004388017	1
K5	HPCLAS_TRAIN_P_003902	1	HPCLAS_TRAIN_P_003902	0	2.942383955685275	2.37941575050354	0.9152441236755963	1
K5	HPCLAS_TRAIN_P_003939	1	HPCLAS_TRAIN_P_003939	0	3.3917016194262803	2.984382152557373	0.951863556609784	1
K5	HPCLAS_TRAIN_P_003946	1	HPCLAS_TRAIN_N_002854	0	2.734640256394408	2.6019718647003174	0.9309883777461345	1
K5	HPCLAS_TRAIN_P_003954	1	HPCLAS_TRAIN_P_003954	0	1.966304788197716	1.7906172275543213	0.8570029337498422	1
K5	HPCLAS_TRAIN_P_003960	1	HPCLAS_TRAIN_P_003960	0	1.3288072697810496	1.7546272277832031	0.8525354806531434	1
K5	HPCLAS_TRAIN_P_003962	1	HPCLAS_TRAIN_P_003962	0	3.187826299056625	2.4027326107025146	0.9170354415283152	1
K5	HPCLAS_TRAIN_P_003966	1	HPCLAS_TRAIN_P_003966	0	-1.2127860125617929	1.0223939418792725	0.7354386479441882	1
K5	HPCLAS_TRAIN_P_003967	1	HPCLAS_TRAIN_P_003967	0	2.3182471297772707	2.1512057781219482	0.8957813985432758	1
K5	HPCLAS_TRAIN_P_003972	1	HPCLAS_TRAIN_P_003972	0	4.149459090525455	3.2311460971832275	0.9619896827800285	1
K5	HPCLAS_TRAIN_P_003981	1	HPCLAS_TRAIN_P_003981	0	1.858304417507128	2.1712844371795654	0.8976410429909623	1
K5	HPCLAS_TRAIN_P_003982	1	HPCLAS_TRAIN_P_003982	0	0.9617962368482176	1.1977694034576416	0.7681277351191862	1
K5	HPCLAS_TRAIN_P_003985	1	HPCLAS_TRAIN_P_003985	0	0.7389554918328173	1.308363914489746	0.7872392507867281	1
K5	HPCLAS_TRAIN_P_003986	1	HPCLAS_TRAIN_P_003986	0	3.689404083520524	2.793593168258667	0.9423286274783613	1
K5	HPCLAS_TRAIN_P_003992	1	HPCLAS_TRAIN_P_003992	0	3.085963694241289	2.8099684715270996	0.9432121304549819	1
K5	HPCLAS_TRAIN_P_003995	1	HPCLAS_TRAIN_P_003995	0	2.9334258264974373	2.6274561882019043	0.9326078455267901	1
K5	HPCLAS_TRAIN_P_003996	1	HPCLAS_TRAIN_P_003996	0	3.3621961256637727	2.791417360305786	0.9422102684921793	1
K5	HPCLAS_TRAIN_P_004001	1	HPCLAS_TRAIN_P_004001	0	3.364579208457411	3.2171123027801514	0.9614731894160938	1
K5	HPCLAS_TRAIN_P_004013	1	HPCLAS_TRAIN_P_004013	0	1.4505796146340473	1.5954246520996094	0.831377945387413	1
K5	HPCLAS_TRAIN_P_004023	1	HPCLAS_TRAIN_P_004023	0	3.1886943363361664	3.3519911766052246	0.9661699789907717	1
K5	HPCLAS_TRAIN_P_004024	1	HPCLAS_TRAIN_P_004024	0	3.289105084499221	3.32257342338562	0.965195145276704	1
K5	HPCLAS_TRAIN_P_004026	1	HPCLAS_TRAIN_P_004026	0	1.781086440197443	1.6288371086120605	0.8360102720325965	1
K5	HPCLAS_TRAIN_P_004028	1	HPCLAS_TRAIN_P_004028	0	2.2166811145593304	2.3033909797668457	0.9091574893496905	1
K5	HPCLAS_TRAIN_P_004030	1	HPCLAS_TRAIN_P_004030	0	-0.5036850101268563	-1.2008750438690186	0.23131958763955612	0
K5	HPCLAS_TRAIN_P_004041	1	HPCLAS_TRAIN_P_004041	0	3.1445426259971625	1.9438323974609375	0.874772568796605	1
K5	HPCLAS_TRAIN_P_004045	1	HPCLAS_TRAIN_P_004045	0	1.3531517026861282	2.0634841918945312	0.8873030468346368	1
K5	HPCLAS_TRAIN_P_004046	1	HPCLAS_TRAIN_P_004046	0	2.829001648205951	2.2980167865753174	0.908712656866052	1
K5	HPCLAS_TRAIN_P_004053	1	HPCLAS_TRAIN_P_004053	0	0.9753018677177931	1.3184642791748047	0.7889260891268313	1
K5	HPCLAS_TRAIN_P_004060	1	HPCLAS_TRAIN_P_004060	0	1.270692784401952	1.5828466415405273	0.8296072941116146	1
K5	HPCLAS_TRAIN_P_004065	1	HPCLAS_TRAIN_P_004065	0	2.456034354999592	1.9171607494354248	0.8718214856994583	1
K5	HPCLAS_TRAIN_P_004071	1	HPCLAS_TRAIN_P_004071	0	3.5233647348227546	2.675457000732422	0.9355627899617284	1
K5	HPCLAS_TRAIN_P_004072	1	HPCLAS_TRAIN_P_004072	0	3.8033495404566295	2.911919355392456	0.9484325177359885	1
K5	HPCLAS_TRAIN_P_004077	1	HPCLAS_TRAIN_P_004077	0	3.2747924302931515	2.49164080619812	0.9235537277790947	1
K5	HPCLAS_TRAIN_P_004095	1	HPCLAS_TRAIN_P_004095	0	0.4527526214754379	0.21024633944034576	0.552368819635617	1
K5	HPCLAS_TRAIN_P_004098	1	HPCLAS_TRAIN_P_004098	0	1.645243213939268	2.262836217880249	0.905752024409056	1
K5	HPCLAS_TRAIN_P_004106	1	HPCLAS_TRAIN_P_004106	0	3.8665815173823264	2.995875120162964	0.9523874302665952	1
K5	HPCLAS_TRAIN_P_004111	1	HPCLAS_TRAIN_P_004111	0	2.5716117194797365	2.5694260597229004	0.9288677836232188	1
K5	HPCLAS_TRAIN_P_004118	1	HPCLAS_TRAIN_P_004118	0	2.8243270514044205	2.1016082763671875	0.8910593965064627	1
K5	HPCLAS_TRAIN_P_004121	1	HPCLAS_TRAIN_P_004121	0	3.197420993170291	2.9843156337738037	0.9518605086723285	1
K5	HPCLAS_TRAIN_P_004126	1	HPCLAS_TRAIN_P_004126	0	3.4904022271593007	3.0258266925811768	0.9537273470182969	1
K5	HPCLAS_TRAIN_P_004128	1	HPCLAS_TRAIN_P_004128	0	-0.1155634443197368	1.6493117809295654	0.8387980139551884	1
K5	HPCLAS_TRAIN_P_004133	1	HPCLAS_TRAIN_P_004133	0	3.460774776369324	3.469982147216797	0.9698214960074989	1
K5	HPCLAS_TRAIN_P_004135	1	HPCLAS_TRAIN_P_004135	0	3.0554410422747127	2.6263506412506104	0.9325383281603356	1
K5	HPCLAS_TRAIN_P_004147	1	HPCLAS_TRAIN_P_004147	0	2.338970292838739	2.9443678855895996	0.9499966229470623	1
K5	HPCLAS_TRAIN_P_004151	1	HPCLAS_TRAIN_P_004151	0	1.7125705504878392	1.5098340511322021	0.819036611932373	1
K5	HPCLAS_TRAIN_P_004160	1	HPCLAS_TRAIN_P_004160	0	2.488745791562633	2.541896343231201	0.9270272138750643	1
K5	HPCLAS_TRAIN_P_004166	1	HPCLAS_TRAIN_P_004166	0	0.1074459695562517	1.019249677658081	0.7348264200047557	1
K5	HPCLAS_TRAIN_P_004170	1	HPCLAS_TRAIN_P_004170	0	2.507079939258483	2.5685060024261475	0.9288069692152093	1
K5	HPCLAS_TRAIN_P_004188	1	HPCLAS_TRAIN_P_004188	0	1.973784342411114	2.7253403663635254	0.9385054647868848	1
K5	HPCLAS_TRAIN_P_004192	1	HPCLAS_TRAIN_P_004192	0	2.9961963752585588	3.319965362548828	0.9651074250680058	1
K5	HPCLAS_TRAIN_P_004194	1	HPCLAS_TRAIN_P_004194	0	3.138379950495258	2.6481504440307617	0.9338969025761488	1
K5	HPCLAS_TRAIN_P_004195	1	HPCLAS_TRAIN_P_004195	0	2.096223014317052	2.199561834335327	0.9002101565582952	1
K5	HPCLAS_TRAIN_P_004196	1	HPCLAS_TRAIN_P_004196	0	2.630403388374085	2.667672872543335	0.9350919292934139	1
K5	HPCLAS_TRAIN_P_004206	1	HPCLAS_TRAIN_P_004206	0	2.6501304316894223	3.14793062210083	0.9588271050683164	1
K5	HPCLAS_TRAIN_P_004210	1	HPCLAS_TRAIN_P_004210	0	1.6676171757780958	2.7271265983581543	0.9386084728070748	1
K5	HPCLAS_TRAIN_P_004220	1	HPCLAS_TRAIN_P_004220	0	3.845641069517357	3.398413896560669	0.9676549288660772	1
K5	HPCLAS_TRAIN_P_004227	1	HPCLAS_TRAIN_P_004227	0	2.7083869613258207	3.5217092037200928	0.971299190072756	1
K5	HPCLAS_TRAIN_P_004233	1	HPCLAS_TRAIN_P_004233	0	2.6575356797369567	1.880641222000122	0.867684761177872	1
K5	HPCLAS_TRAIN_P_004235	1	HPCLAS_TRAIN_P_004235	0	3.164065144865347	3.17675518989563	0.959950102406088	1
K5	HPCLAS_TRAIN_P_004246	1	HPCLAS_TRAIN_P_004246	0	3.841555682974692	2.7890193462371826	0.9420795578917033	1
K5	HPCLAS_TRAIN_P_004254	1	HPCLAS_TRAIN_P_004254	0	-0.6808568448908345	-1.053574800491333	0.2585392320755347	0
K5	HPCLAS_TRAIN_P_004260	1	HPCLAS_TRAIN_P_004260	0	1.974565365351121	0.8387108445167542	0.6981936355107189	1
K5	HPCLAS_TRAIN_P_004261	1	HPCLAS_TRAIN_P_004261	0	3.317647873588328	2.8788020610809326	0.9467885437345006	1
K5	HPCLAS_TRAIN_P_004265	1	HPCLAS_TRAIN_P_004265	0	4.45934077315008	3.118699789047241	0.9576575365125227	1
K5	HPCLAS_TRAIN_P_004271	1	HPCLAS_TRAIN_P_004271	0	1.948234780480061	1.8924922943115234	0.8690394392880085	1
K5	HPCLAS_TRAIN_P_004272	1	HPCLAS_TRAIN_P_004272	0	3.3162676061448555	3.1475555896759033	0.9588122971074778	1
K5	HPCLAS_TRAIN_P_004274	1	HPCLAS_TRAIN_P_004274	0	1.385362628436135	1.6133160591125488	0.8338712687447617	1
K5	HPCLAS_TRAIN_P_004275	1	HPCLAS_TRAIN_P_004275	0	2.788318023531039	2.597108840942383	0.9306752776323809	1
K5	HPCLAS_TRAIN_P_004283	1	HPCLAS_TRAIN_P_004283	0	2.560442844288939	3.1544244289398193	0.9590827030850593	1
K5	HPCLAS_TRAIN_P_004285	1	HPCLAS_TRAIN_P_004285	0	1.4851501549316428	0.9278737902641296	0.7166437246095797	1
K5	HPCLAS_TRAIN_P_004290	1	HPCLAS_TRAIN_P_004290	0	2.015710650581348	0.6887871026992798	0.6656970574161478	1
K5	HPCLAS_TRAIN_P_004291	1	HPCLAS_TRAIN_P_004291	0	1.80110065331817	1.270637035369873	0.7808517783593895	1
K5	HPCLAS_TRAIN_P_004294	1	HPCLAS_TRAIN_P_004294	0	1.737850702196453	2.0616579055786133	0.887120295655237	1
K5	HPCLAS_TRAIN_P_004303	1	HPCLAS_TRAIN_P_004303	0	1.990737330582573	2.4431354999542236	0.9200580117795538	1
K5	HPCLAS_TRAIN_P_004305	1	HPCLAS_TRAIN_P_004305	0	3.122468773293024	2.220473051071167	0.9020729917101175	1
K5	HPCLAS_TRAIN_P_004306	1	HPCLAS_TRAIN_P_004306	0	2.054732697751627	2.7361109256744385	0.9391241376757311	1
K5	HPCLAS_TRAIN_P_004311	1	HPCLAS_TRAIN_P_004311	0	-0.1295102811305576	1.1124515533447266	0.7525858742059254	1
K5	HPCLAS_TRAIN_P_004312	1	HPCLAS_TRAIN_P_004312	0	3.993653362246113	3.496891498565674	0.9705991934562082	1
K5	HPCLAS_TRAIN_P_004316	1	HPCLAS_TRAIN_P_004316	0	3.812906234704607	2.682128667831421	0.9359638249193788	1
K5	HPCLAS_TRAIN_P_004318	1	HPCLAS_TRAIN_P_004318	0	2.3476755499364743	2.8025400638580322	0.9428129301242426	1
K5	HPCLAS_TRAIN_P_004323	1	HPCLAS_TRAIN_P_004323	0	3.354447738957838	2.8301985263824463	0.9442860474473334	1
K5	HPCLAS_TRAIN_P_004328	1	HPCLAS_TRAIN_P_004328	0	2.97362508386944	2.7193048000335693	0.938156211120088	1
K5	HPCLAS_TRAIN_P_004330	1	HPCLAS_TRAIN_P_004330	0	2.9989504377274847	3.1937077045440674	0.9605967991616158	1
K5	HPCLAS_TRAIN_P_004335	1	HPCLAS_TRAIN_P_004335	0	-0.217681602904408	-0.036490410566329956	0.4908784094904911	0
K5	HPCLAS_TRAIN_P_004339	1	HPCLAS_TRAIN_P_004339	0	-1.9821920951271437	-0.235236257314682	0.4414606320479192	0
K5	HPCLAS_TRAIN_P_004342	1	HPCLAS_TRAIN_P_004342	0	1.787272374381496	2.6257193088531494	0.932498599816259	1
K5	HPCLAS_TRAIN_P_004346	1	HPCLAS_TRAIN_P_004346	0	2.017571205482382	2.333177328109741	0.911587750277532	1
K5	HPCLAS_TRAIN_P_004357	1	HPCLAS_TRAIN_P_004357	0	3.946236924352671	2.973132371902466	0.9513454710858629	1
K5	HPCLAS_TRAIN_P_004358	1	HPCLAS_TRAIN_P_004358	0	2.1853040595037827	2.594902515411377	0.9305327928124771	1
K5	HPCLAS_TRAIN_P_004365	1	HPCLAS_TRAIN_P_004365	0	2.6117632516903586	2.4580061435699463	0.9211449567867273	1
K5	HPCLAS_TRAIN_P_004372	1	HPCLAS_TRAIN_P_004372	0	2.7556092089733064	2.893064260482788	0.9475025116605732	1
K5	HPCLAS_TRAIN_P_004373	1	HPCLAS_TRAIN_P_004373	0	1.3515486082886068	1.2298245429992676	0.7737878637153095	1
K5	HPCLAS_TRAIN_P_004380	1	HPCLAS_TRAIN_P_004380	0	1.6939993617615654	1.8725495338439941	0.8667530042501619	1
K5	HPCLAS_TRAIN_P_004388	1	HPCLAS_TRAIN_P_004388	0	2.8235440160787677	3.1669843196868896	0.9595727596561222	1
K5	HPCLAS_TRAIN_P_004399	1	HPCLAS_TRAIN_P_004399	0	2.9531069781419026	3.3842015266418457	0.9672071290257922	1
K5	HPCLAS_TRAIN_P_004412	1	HPCLAS_TRAIN_P_004412	0	2.129067884223956	1.4929475784301758	0.8165202758474368	1
K5	HPCLAS_TRAIN_P_004431	1	HPCLAS_TRAIN_P_004431	0	3.1894814968328897	2.9312942028045654	0.9493719169614177	1
K5	HPCLAS_TRAIN_P_004438	1	HPCLAS_TRAIN_P_004438	0	-2.129600499098359	-1.5435998439788818	0.17601257261311473	0
K5	HPCLAS_TRAIN_P_004443	1	HPCLAS_TRAIN_P_004443	0	2.108866963196148	2.0224685668945312	0.88313602304586	1
K5	HPCLAS_TRAIN_P_004446	1	HPCLAS_TRAIN_P_004446	0	3.455341423332032	2.6985971927642822	0.9369438167321581	1
K5	HPCLAS_TRAIN_P_004447	1	HPCLAS_TRAIN_P_004447	0	2.3322971433487374	0.6065494418144226	0.6471532818795136	1
K5	HPCLAS_TRAIN_P_004451	1	HPCLAS_TRAIN_P_004451	0	3.026844572446003	3.181117534637451	0.9601174805869669	1
K5	HPCLAS_TRAIN_P_004456	1	HPCLAS_TRAIN_P_004456	0	0.6011068193223167	0.15733088552951813	0.5392517881149053	1
K5	HPCLAS_TRAIN_P_004462	1	HPCLAS_TRAIN_P_004462	0	1.3062254449843975	1.6190822124481201	0.8346685167940529	1
K5	HPCLAS_TRAIN_P_004470	1	HPCLAS_TRAIN_P_004470	0	2.5312039301796103	3.2553579807281494	0.962865167580614	1
K5	HPCLAS_TRAIN_P_004475	1	HPCLAS_TRAIN_N_000931	0	1.900264911498248	1.4067163467407227	0.8032475086610775	1
K5	HPCLAS_TRAIN_P_004477	1	HPCLAS_TRAIN_P_004477	0	3.53124238117636	2.973149538040161	0.9513462656532838	1
K5	HPCLAS_TRAIN_P_004480	1	HPCLAS_TRAIN_P_004480	0	2.503504834733384	2.595472574234009	0.9305696332353132	1
K5	HPCLAS_TRAIN_P_004505	1	HPCLAS_TRAIN_P_004505	0	3.1817257740014395	3.272531270980835	0.9634743555842283	1
K5	HPCLAS_TRAIN_P_004508	1	HPCLAS_TRAIN_P_004508	0	3.414903265618187	2.9660561084747314	0.9510168821109072	1
K5	HPCLAS_TRAIN_P_004519	1	HPCLAS_TRAIN_P_004519	0	0.2680892040783957	0.7374235987663269	0.6764322115079257	1
K5	HPCLAS_TRAIN_P_004521	1	HPCLAS_TRAIN_P_004521	0	3.322232042641004	3.126856565475464	0.9579870584292305	1
K5	HPCLAS_TRAIN_P_004524	1	HPCLAS_TRAIN_P_004524	0	3.335943163337655	3.3069727420806885	0.9646672436852568	1
K5	HPCLAS_TRAIN_P_004536	1	HPCLAS_TRAIN_N_003610	0	1.5510193163281902	2.3244051933288574	0.9108781981897542	1
K5	HPCLAS_TRAIN_P_004538	1	HPCLAS_TRAIN_P_004538	0	2.1859897634416323	2.3398611545562744	0.9121249569258824	1
K5	HPCLAS_TRAIN_P_004542	1	HPCLAS_TRAIN_P_004542	0	3.028641310514116	2.403043746948242	0.9170591101507755	1
K5	HPCLAS_TRAIN_P_004543	1	HPCLAS_TRAIN_P_004543	0	2.4006264945429043	2.8630526065826416	0.9459894800258095	1
K5	HPCLAS_TRAIN_P_004545	1	HPCLAS_TRAIN_P_006015	0	4.303912025380993	3.6313669681549072	0.9742031375553373	1
K5	HPCLAS_TRAIN_P_004546	1	HPCLAS_TRAIN_P_004546	0	2.8937675189226573	2.7539267539978027	0.9401347354324917	1
K5	HPCLAS_TRAIN_P_004553	1	HPCLAS_TRAIN_P_004553	0	3.17820695056382	2.277301073074341	0.9069795948434803	1
K5	HPCLAS_TRAIN_P_004555	1	HPCLAS_TRAIN_P_004555	0	2.4610388632319826	1.8105788230895996	0.8594318157204673	1
K5	HPCLAS_TRAIN_P_004556	1	HPCLAS_TRAIN_P_004556	0	3.0161533356295176	2.3968193531036377	0.9165844415030541	1
K5	HPCLAS_TRAIN_P_004563	1	HPCLAS_TRAIN_P_004563	0	3.632633120619869	4.202125072479248	0.9852568684769982	1
K5	HPCLAS_TRAIN_P_004572	1	HPCLAS_TRAIN_P_004572	0	2.6918678236828417	2.798603057861328	0.9426002892836517	1
K5	HPCLAS_TRAIN_P_004573	1	HPCLAS_TRAIN_P_004573	0	2.9558255437891057	3.070012331008911	0.9556386951669208	1
K5	HPCLAS_TRAIN_P_004583	1	HPCLAS_TRAIN_P_004583	0	3.597967921203764	3.5042641162872314	0.9708088530443841	1
K5	HPCLAS_TRAIN_P_004585	1	HPCLAS_TRAIN_P_004585	0	2.8117797228919392	2.665262460708618	0.9349454757933098	1
K5	HPCLAS_TRAIN_P_004586	1	HPCLAS_TRAIN_P_004586	0	3.2075892379879285	2.595827102661133	0.930592535746581	1
K5	HPCLAS_TRAIN_P_004590	1	HPCLAS_TRAIN_P_004590	0	1.5608111674020904	1.8308262825012207	0.8618601311632541	1
K5	HPCLAS_TRAIN_P_004593	1	HPCLAS_TRAIN_P_004593	0	2.6154759704492285	3.094586133956909	0.9566688751849688	1
K5	HPCLAS_TRAIN_P_004595	1	HPCLAS_TRAIN_P_004595	0	-0.3203467885049643	-1.0183029174804688	0.2653581034297283	0
K5	HPCLAS_TRAIN_P_004600	1	HPCLAS_TRAIN_P_004600	0	2.655216419186349	2.8946783542633057	0.9475827411416208	1
K5	HPCLAS_TRAIN_P_004604	1	HPCLAS_TRAIN_P_004604	0	2.3433617189764986	2.625148296356201	0.932462648579202	1
K5	HPCLAS_TRAIN_P_004612	1	HPCLAS_TRAIN_P_004612	0	2.1676913867953758	2.1170482635498047	0.8925491706289735	1
K5	HPCLAS_TRAIN_P_004615	1	HPCLAS_TRAIN_P_004615	0	3.502736511374277	3.097285747528076	0.9567806458578437	1
K5	HPCLAS_TRAIN_P_004618	1	HPCLAS_TRAIN_P_004618	0	1.4897794375880389	1.6179420948028564	0.8345111239597592	1
K5	HPCLAS_TRAIN_P_004626	1	HPCLAS_TRAIN_P_004626	0	2.321843731377702	2.8120601177215576	0.9433240615099053	1
K5	HPCLAS_TRAIN_P_004635	1	HPCLAS_TRAIN_P_004635	0	2.237379541040342	2.3927180767059326	0.9162703323363017	1
K5	HPCLAS_TRAIN_P_004641	1	HPCLAS_TRAIN_P_004641	0	0.2083671967306074	-0.5787438750267029	0.3592216791924962	0
K5	HPCLAS_TRAIN_P_004653	1	HPCLAS_TRAIN_P_004653	0	2.2474414883269898	1.8324596881866455	0.8620544850260433	1
K5	HPCLAS_TRAIN_P_004657	1	HPCLAS_TRAIN_P_004657	0	1.2492930054518576	0.3299546241760254	0.5817483361639226	1
K5	HPCLAS_TRAIN_P_004669	1	HPCLAS_TRAIN_P_004669	0	2.180304849229216	2.4520833492279053	0.9207136686912808	1
K5	HPCLAS_TRAIN_P_004673	1	HPCLAS_TRAIN_P_004673	0	2.199757425616614	2.433178186416626	0.9193225687316399	1
K5	HPCLAS_TRAIN_P_004686	1	HPCLAS_TRAIN_P_004686	0	3.4245469865034743	3.3473572731018066	0.9660181896812963	1
K5	HPCLAS_TRAIN_P_004692	1	HPCLAS_TRAIN_P_004692	0	3.26259038456628	2.5528340339660645	0.9277636770034026	1
K5	HPCLAS_TRAIN_P_004695	1	HPCLAS_TRAIN_P_004695	0	2.8687438075063003	3.1638998985290527	0.9594529363241634	1
K5	HPCLAS_TRAIN_P_004696	1	HPCLAS_TRAIN_P_004696	0	4.131466660962563	3.4941561222076416	0.9705210351028661	1
K5	HPCLAS_TRAIN_P_004715	1	HPCLAS_TRAIN_P_004715	0	2.310883732019129	2.3967392444610596	0.916578316399873	1
K5	HPCLAS_TRAIN_P_004717	1	HPCLAS_TRAIN_P_004717	0	3.3506836839707206	2.6705563068389893	0.9352667199693397	1
K5	HPCLAS_TRAIN_P_004723	1	HPCLAS_TRAIN_P_004723	0	1.815303947067154	0.9700825810432434	0.7251359576374191	1
K5	HPCLAS_TRAIN_P_004726	1	HPCLAS_TRAIN_P_004726	0	2.205392287438713	2.3402276039123535	0.9121543245128971	1
K5	HPCLAS_TRAIN_P_004739	1	HPCLAS_TRAIN_P_004739	0	0.1846884288399815	-0.5649105906486511	0.3624120069019743	0
K5	HPCLAS_TRAIN_P_004745	1	HPCLAS_TRAIN_P_004745	0	3.5226368869898126	2.106255292892456	0.8915096751595912	1
K5	HPCLAS_TRAIN_P_004750	1	HPCLAS_TRAIN_P_004750	0	2.5978369035160527	2.8713085651397705	0.9464097550148353	1
K5	HPCLAS_TRAIN_P_004751	1	HPCLAS_TRAIN_P_004751	0	3.459957398933619	3.382265090942383	0.9671456545314461	1
K5	HPCLAS_TRAIN_P_004756	1	HPCLAS_TRAIN_P_004756	0	2.112288287600163	1.6103553771972656	0.8334607200283473	1
K5	HPCLAS_TRAIN_P_004766	1	HPCLAS_TRAIN_P_004766	0	3.123760162139473	3.2382571697235107	0.9622488504171377	1
K5	HPCLAS_TRAIN_P_004779	1	HPCLAS_TRAIN_P_004779	0	2.8854305751683933	2.517436981201172	0.9253552124711847	1
K5	HPCLAS_TRAIN_P_004785	1	HPCLAS_TRAIN_P_004785	0	2.0681360124981985	2.3098981380462646	0.9096934875598464	1
K5	HPCLAS_TRAIN_P_004789	1	HPCLAS_TRAIN_P_004789	0	3.941636099949106	3.8281500339508057	0.9787131697626476	1
K5	HPCLAS_TRAIN_P_004793	1	HPCLAS_TRAIN_P_004793	0	2.928897569931326	2.505258321762085	0.9245096267197115	1
K5	HPCLAS_TRAIN_P_004797	1	HPCLAS_TRAIN_P_004797	0	2.9664148775596746	3.1233596801757812	0.9578460906789649	1
K5	HPCLAS_TRAIN_P_004803	1	HPCLAS_TRAIN_P_004803	0	2.8170719026977085	3.0652549266815186	0.9554365749738547	1
K5	HPCLAS_TRAIN_P_004805	1	HPCLAS_TRAIN_P_004805	0	1.665003105688932	1.6851615905761719	0.84358680169513	1
K5	HPCLAS_TRAIN_P_004812	1	HPCLAS_TRAIN_P_004812	0	2.969960828011809	2.4751203060150146	0.9223791512929241	1
K5	HPCLAS_TRAIN_P_004823	1	HPCLAS_TRAIN_P_004823	0	3.492028985318535	2.9267876148223877	0.9491548691661884	1
K5	HPCLAS_TRAIN_P_004829	1	HPCLAS_TRAIN_P_004829	0	-0.8886632154867448	0.19862748682498932	0.5494942543710553	1
K5	HPCLAS_TRAIN_P_004843	1	HPCLAS_TRAIN_P_004843	0	0.3638122552499256	1.0992217063903809	0.750114248413138	1
K5	HPCLAS_TRAIN_P_004869	1	HPCLAS_TRAIN_P_004869	0	2.5240176659994646	2.330965518951416	0.9114093260033903	1
K5	HPCLAS_TRAIN_P_004876	1	HPCLAS_TRAIN_P_004876	0	3.903017584489084	2.983565092086792	0.9518261056247361	1
K5	HPCLAS_TRAIN_P_004877	1	HPCLAS_TRAIN_P_004877	0	1.643980787132392	0.8386503458023071	0.6981808871121424	1
K5	HPCLAS_TRAIN_P_004896	1	HPCLAS_TRAIN_P_004896	0	3.078313962980216	3.1433403491973877	0.9586455095613886	1
K5	HPCLAS_TRAIN_P_004900	1	HPCLAS_TRAIN_P_004900	0	3.4425208937623224	3.6916210651397705	0.9756749087229145	1
K5	HPCLAS_TRAIN_P_004903	1	HPCLAS_TRAIN_P_004903	0	4.133480264961071	3.0775129795074463	0.9559555885091185	1
K5	HPCLAS_TRAIN_P_004908	1	HPCLAS_TRAIN_P_004908	0	3.032952969975351	2.76334547996521	0.9406626423092108	1
K5	HPCLAS_TRAIN_P_004918	1	HPCLAS_TRAIN_P_004918	0	3.0604361218577174	2.5260121822357178	0.9259453706233137	1
K5	HPCLAS_TRAIN_P_004921	1	HPCLAS_TRAIN_P_004921	0	-0.2339029377398312	-0.28637704253196716	0.42889105748476514	0
K5	HPCLAS_TRAIN_P_004925	1	HPCLAS_TRAIN_P_004925	0	2.6026696154095643	2.699728488922119	0.937010620794214	1
K5	HPCLAS_TRAIN_P_004930	1	HPCLAS_TRAIN_P_004930	0	1.818788093219181	2.515582323074341	0.9252270046707817	1
K5	HPCLAS_TRAIN_P_004932	1	HPCLAS_TRAIN_P_004932	0	3.714522687984437	3.182488203048706	0.9601699330019686	1
K5	HPCLAS_TRAIN_P_004945	1	HPCLAS_TRAIN_P_004945	0	3.084633491922628	3.257617712020874	0.9629458817062092	1
K5	HPCLAS_TRAIN_P_004947	1	HPCLAS_TRAIN_P_004947	0	2.647857875592197	3.0366690158843994	0.954203487930331	1
K5	HPCLAS_TRAIN_P_004949	1	HPCLAS_TRAIN_P_004949	0	0.5894667167186096	2.4007654190063477	0.9168856519129165	1
K5	HPCLAS_TRAIN_P_004971	1	HPCLAS_TRAIN_P_004971	0	3.131720715812808	3.4202587604522705	0.9683317075784186	1
K5	HPCLAS_TRAIN_P_004976	1	HPCLAS_TRAIN_P_004976	0	2.198654979823586	3.202969789505005	0.960945882812411	1
K5	HPCLAS_TRAIN_P_004981	1	HPCLAS_TRAIN_P_004981	0	2.36069263850235	2.4658615589141846	0.9217136656387825	1
K5	HPCLAS_TRAIN_P_004984	1	HPCLAS_TRAIN_P_004984	0	3.121656350129788	2.995872735977173	0.9523873221541125	1
K5	HPCLAS_TRAIN_P_004986	1	HPCLAS_TRAIN_P_004986	0	0.3471817051123069	1.8070712089538574	0.8590075306900845	1
K5	HPCLAS_TRAIN_P_004991	1	HPCLAS_TRAIN_P_004991	0	1.4267380061765873	1.5808286666870117	0.8293218453741042	1
K5	HPCLAS_TRAIN_P_004992	1	HPCLAS_TRAIN_P_004992	0	0.3794513204285885	0.8777540922164917	0.7063565977334035	1
K5	HPCLAS_TRAIN_P_005009	1	HPCLAS_TRAIN_P_005009	0	3.719248476286005	3.2176620960235596	0.9614935499635253	1
K5	HPCLAS_TRAIN_P_005011	1	HPCLAS_TRAIN_P_005011	0	3.568686952554622	3.9585487842559814	0.981266832078046	1
K5	HPCLAS_TRAIN_P_005026	1	HPCLAS_TRAIN_P_005026	0	2.0173048388222345	2.0976297855377197	0.8906725929739718	1
K5	HPCLAS_TRAIN_P_005034	1	HPCLAS_TRAIN_P_005034	0	3.3502958052219616	2.75654673576355	0.9402820217858957	1
K5	HPCLAS_TRAIN_P_005037	1	HPCLAS_TRAIN_P_005037	0	3.2633324004282365	3.2763097286224365	0.9636070926488877	1
K5	HPCLAS_TRAIN_P_005038	1	HPCLAS_TRAIN_P_005038	0	3.399548064938489	3.491102933883667	0.9704335579198728	1
K5	HPCLAS_TRAIN_P_005045	1	HPCLAS_TRAIN_P_005045	0	2.2954138011201985	2.5706491470336914	0.9289485535894458	1
K5	HPCLAS_TRAIN_P_005046	1	HPCLAS_TRAIN_P_005046	0	3.385482201492613	3.2046964168548584	0.9610106296787428	1
K5	HPCLAS_TRAIN_P_005047	1	HPCLAS_TRAIN_P_005047	0	1.9826952032946408	2.1673638820648193	0.8972802541122757	1
K5	HPCLAS_TRAIN_P_005049	1	HPCLAS_TRAIN_N_000579	0	0.4333068989209431	0.358897864818573	0.588773612052778	1
K5	HPCLAS_TRAIN_P_005058	1	HPCLAS_TRAIN_P_005058	0	2.722882012640222	2.9010183811187744	0.947896756180947	1
K5	HPCLAS_TRAIN_P_005067	1	HPCLAS_TRAIN_P_005067	0	2.800334351299893	2.6601877212524414	0.9346361356698346	1
K5	HPCLAS_TRAIN_P_005068	1	HPCLAS_TRAIN_P_005068	0	2.8602506662497498	2.897722005844116	0.9477337125887729	1
K5	HPCLAS_TRAIN_P_005073	1	HPCLAS_TRAIN_P_005073	0	0.4701910913989844	0.5811742544174194	0.6413375574795316	1
K5	HPCLAS_TRAIN_P_005079	1	HPCLAS_TRAIN_P_005079	0	3.301334361947121	3.0296077728271484	0.9538939257630923	1
K5	HPCLAS_TRAIN_P_005085	1	HPCLAS_TRAIN_P_005085	0	2.9750250450100717	2.226564645767212	0.9026097903726473	1
K5	HPCLAS_TRAIN_P_005090	1	HPCLAS_TRAIN_P_005090	0	0.477235030106152	0.7079582810401917	0.669949857698008	1
K5	HPCLAS_TRAIN_P_005091	1	HPCLAS_TRAIN_P_005091	0	2.955692436136626	3.2352962493896484	0.9621411446880304	1
K5	HPCLAS_TRAIN_P_005094	1	HPCLAS_TRAIN_P_005094	0	1.3143477186363677	1.7433269023895264	0.8511091510562426	1
K5	HPCLAS_TRAIN_P_005097	1	HPCLAS_TRAIN_P_005097	0	0.8070787599924847	1.5758886337280273	0.8286214599201139	1
K5	HPCLAS_TRAIN_P_005099	1	HPCLAS_TRAIN_P_005099	0	3.655475301095177	3.037473201751709	0.9542386173691765	1
K5	HPCLAS_TRAIN_P_005102	1	HPCLAS_TRAIN_P_005102	0	2.8922421795179334	2.8115427494049072	0.9432963947007702	1
K5	HPCLAS_TRAIN_P_005126	1	HPCLAS_TRAIN_P_005126	0	4.023949062689407	1.6497409343719482	0.8388560338898254	1
K5	HPCLAS_TRAIN_P_005134	1	HPCLAS_TRAIN_P_005134	0	3.786249096284682	3.181102991104126	0.9601169236836575	1
K5	HPCLAS_TRAIN_P_005139	1	HPCLAS_TRAIN_P_005139	0	2.799539124793543	2.588092088699341	0.9300912636101855	1
K5	HPCLAS_TRAIN_P_005141	1	HPCLAS_TRAIN_P_005141	0	2.94553976328489	2.7796900272369385	0.9415683929103024	1
K5	HPCLAS_TRAIN_P_005144	1	HPCLAS_TRAIN_P_005144	0	2.494207206182784	2.9608747959136963	0.9507749522127107	1
K5	HPCLAS_TRAIN_P_005149	1	HPCLAS_TRAIN_P_005149	0	-0.7786036378511861	-0.1495714783668518	0.4626766864156767	0
K5	HPCLAS_TRAIN_P_005155	1	HPCLAS_TRAIN_P_005155	0	3.147133046173961	2.9626452922821045	0.9508577487806769	1
K5	HPCLAS_TRAIN_P_005168	1	HPCLAS_TRAIN_P_005168	0	3.0466038813819694	2.9382688999176025	0.9497061061613309	1
K5	HPCLAS_TRAIN_P_005171	1	HPCLAS_TRAIN_P_005171	0	3.9053594745056905	3.0462706089019775	0.9546212447039049	1
K5	HPCLAS_TRAIN_P_005188	1	HPCLAS_TRAIN_P_005188	0	2.7732015416888705	2.819857358932495	0.9437394933413292	1
K5	HPCLAS_TRAIN_P_005192	1	HPCLAS_TRAIN_P_005192	0	2.40974704614411	2.353442668914795	0.9132074804877416	1
K5	HPCLAS_TRAIN_P_005196	1	HPCLAS_TRAIN_P_005196	0	1.478715985681867	2.8661181926727295	0.9461458972131234	1
K5	HPCLAS_TRAIN_P_005198	1	HPCLAS_TRAIN_P_004585	0	2.955286873157947	2.7891674041748047	0.9420876362426832	1
K5	HPCLAS_TRAIN_P_005200	1	HPCLAS_TRAIN_P_005200	0	3.5327514977380883	3.0407636165618896	0.9543820862661833	1
K5	HPCLAS_TRAIN_P_005213	1	HPCLAS_TRAIN_P_005213	0	3.265802182815603	3.1963002681732178	0.9606948121261898	1
K5	HPCLAS_TRAIN_P_005215	1	HPCLAS_TRAIN_P_005215	0	3.189602287078264	3.052863836288452	0.9549060055951083	1
K5	HPCLAS_TRAIN_P_005218	1	HPCLAS_TRAIN_P_005218	0	3.321292377243217	3.6575095653533936	0.974852055681441	1
K5	HPCLAS_TRAIN_P_005224	1	HPCLAS_TRAIN_P_005224	0	0.8172275247891132	0.5450234413146973	0.6329802224960063	1
K5	HPCLAS_TRAIN_P_005237	1	HPCLAS_TRAIN_P_005237	0	2.812807837089242	2.0961859226226807	0.8905319176033708	1
K5	HPCLAS_TRAIN_P_005238	1	HPCLAS_TRAIN_P_005238	0	3.13102773569468	2.8672447204589844	0.9462032692868695	1
K5	HPCLAS_TRAIN_P_005247	1	HPCLAS_TRAIN_P_005247	0	2.7790560958246187	2.9951961040496826	0.952356630404877	1
K5	HPCLAS_TRAIN_P_005256	1	HPCLAS_TRAIN_P_005256	0	2.321799037937162	1.836221694946289	0.8625012408591806	1
K5	HPCLAS_TRAIN_P_005257	1	HPCLAS_TRAIN_P_005257	0	3.9080494469055456	3.2355751991271973	0.9621513042793173	1
K5	HPCLAS_TRAIN_P_005259	1	HPCLAS_TRAIN_P_005259	0	3.7643832996128506	2.326955795288086	0.9110850369008502	1
K5	HPCLAS_TRAIN_P_005261	1	HPCLAS_TRAIN_P_005261	0	3.179704517532368	2.4406731128692627	0.9198767126559392	1
K5	HPCLAS_TRAIN_P_005265	1	HPCLAS_TRAIN_P_005265	0	2.478866507666912	2.0396692752838135	0.8848995871665905	1
K5	HPCLAS_TRAIN_P_005280	1	HPCLAS_TRAIN_P_005280	0	2.046584605899881	2.561906099319458	0.928369316367547	1
K5	HPCLAS_TRAIN_P_005283	1	HPCLAS_TRAIN_P_005283	0	2.015057554714511	2.435659646987915	0.9195064237454115	1
K5	HPCLAS_TRAIN_P_005291	1	HPCLAS_TRAIN_P_005291	0	1.8865712809879769	1.9925460815429688	0.8800122402804732	1
K5	HPCLAS_TRAIN_P_005293	1	HPCLAS_TRAIN_P_005293	0	0.9823128634551396	2.133639097213745	0.8941299853366275	1
K5	HPCLAS_TRAIN_P_005294	1	HPCLAS_TRAIN_P_005294	0	2.579267635792532	2.969182252883911	0.9511623045535443	1
K5	HPCLAS_TRAIN_P_005312	1	HPCLAS_TRAIN_P_005312	0	2.9618893363739547	2.683636426925659	0.936054133900182	1
K5	HPCLAS_TRAIN_P_005315	1	HPCLAS_TRAIN_P_005315	0	2.4341008704722977	1.4273927211761475	0.8064947464302953	1
K5	HPCLAS_TRAIN_P_005318	1	HPCLAS_TRAIN_P_005318	0	2.7006543350999643	3.2425010204315186	0.9624027104786498	1
K5	HPCLAS_TRAIN_P_005323	1	HPCLAS_TRAIN_P_005323	0	3.651655473559208	3.2312116622924805	0.9619920801305772	1
K5	HPCLAS_TRAIN_P_005333	1	HPCLAS_TRAIN_P_005333	0	3.8495380775107377	3.5283336639404297	0.9714832851996704	1
K5	HPCLAS_TRAIN_P_005344	1	HPCLAS_TRAIN_P_005344	0	2.4656061282186807	2.461643934249878	0.9214087902232756	1
K5	HPCLAS_TRAIN_P_005347	1	HPCLAS_TRAIN_P_005347	0	3.252363393270985	2.4124505519866943	0.9177718064198239	1
K5	HPCLAS_TRAIN_P_005349	1	HPCLAS_TRAIN_P_005349	0	0.5937037716456929	0.9260844588279724	0.7162802323230706	1
K5	HPCLAS_TRAIN_P_005350	1	HPCLAS_TRAIN_P_005350	0	4.665484595916884	3.4866185188293457	0.9703046180852957	1
K5	HPCLAS_TRAIN_P_005360	1	HPCLAS_TRAIN_P_005360	0	-0.4884276466693388	-0.41774868965148926	0.3970555942368972	0
K5	HPCLAS_TRAIN_P_005370	1	HPCLAS_TRAIN_P_005370	0	3.301948616601631	1.172663688659668	0.7636261524425705	1
K5	HPCLAS_TRAIN_P_005373	1	HPCLAS_TRAIN_P_005373	0	0.2995445085215703	1.6895296573638916	0.8441622952292753	1
K5	HPCLAS_TRAIN_P_005381	1	HPCLAS_TRAIN_P_005381	0	2.92314977265299	2.7962727546691895	0.9424740781507497	1
K5	HPCLAS_TRAIN_P_005383	1	HPCLAS_TRAIN_P_005383	0	3.005932103408456	3.1485793590545654	0.9588527080813039	1
K5	HPCLAS_TRAIN_P_005387	1	HPCLAS_TRAIN_P_005387	0	1.5981489219867526	0.623903214931488	0.6511057525463158	1
K5	HPCLAS_TRAIN_P_005402	1	HPCLAS_TRAIN_P_005402	0	0.4556295025473889	0.9407468438148499	0.7192504916982702	1
K5	HPCLAS_TRAIN_P_005405	1	HPCLAS_TRAIN_P_005405	0	3.665109202778768	3.273535966873169	0.9635096959023217	1
K5	HPCLAS_TRAIN_P_005406	1	HPCLAS_TRAIN_P_005406	0	3.685581665633639	4.037936210632324	0.9826717362188516	1
K5	HPCLAS_TRAIN_P_005416	1	HPCLAS_TRAIN_P_005416	0	2.4370464883206817	2.8436543941497803	0.9449897419310759	1
K5	HPCLAS_TRAIN_P_005419	1	HPCLAS_TRAIN_P_005419	0	2.823829000455361	2.6346843242645264	0.9330607190614684	1
K5	HPCLAS_TRAIN_P_005424	1	HPCLAS_TRAIN_P_005424	0	2.8710137623149463	2.0377488136291504	0.8847038390811578	1
K5	HPCLAS_TRAIN_P_005432	1	HPCLAS_TRAIN_P_005432	0	3.153588358194815	2.2619378566741943	0.9056753075809295	1
K5	HPCLAS_TRAIN_P_005433	1	HPCLAS_TRAIN_P_005433	0	2.610928078387849	2.361687183380127	0.9138587149795216	1
K5	HPCLAS_TRAIN_P_005443	1	HPCLAS_TRAIN_P_005443	0	3.257961796372607	3.125777006149292	0.9579435869936423	1
K5	HPCLAS_TRAIN_P_005450	1	HPCLAS_TRAIN_P_005450	0	3.559509453391496	3.9481310844421387	0.9810743682439275	1
K5	HPCLAS_TRAIN_P_005453	1	HPCLAS_TRAIN_P_005453	0	2.5633073875348167	3.279580593109131	0.963721623065657	1
K5	HPCLAS_TRAIN_P_005471	1	HPCLAS_TRAIN_P_005471	0	4.0527645853223655	3.30171799659729	0.9644877011097076	1
K5	HPCLAS_TRAIN_P_005474	1	HPCLAS_TRAIN_P_005474	0	2.3189691096333878	0.4689270555973053	0.6151297734217618	1
K5	HPCLAS_TRAIN_P_005485	1	HPCLAS_TRAIN_P_005485	0	1.077616529947971	1.652047872543335	0.8391676341988821	1
K5	HPCLAS_TRAIN_P_005489	1	HPCLAS_TRAIN_P_005489	0	1.1868897105145515	1.8426332473754883	0.8632598394068961	1
K5	HPCLAS_TRAIN_P_005496	1	HPCLAS_TRAIN_P_005496	0	2.219221075583264	1.9662532806396484	0.8772081089228044	1
K5	HPCLAS_TRAIN_P_005497	1	HPCLAS_TRAIN_P_005497	0	0.161846140760983	-1.5235302448272705	0.17894226103549404	0
K5	HPCLAS_TRAIN_P_005509	1	HPCLAS_TRAIN_P_005509	0	2.9531778017321977	3.421006441116333	0.9683546274870231	1
K5	HPCLAS_TRAIN_P_005511	1	HPCLAS_TRAIN_P_005511	0	3.897609247653549	3.748196840286255	0.9769821153799072	1
K5	HPCLAS_TRAIN_P_005524	1	HPCLAS_TRAIN_P_005524	0	3.9745875433539264	2.6129164695739746	0.9316882495845361	1
K5	HPCLAS_TRAIN_P_005532	1	HPCLAS_TRAIN_P_005532	0	3.3492148555352976	3.2058029174804688	0.9610520682288484	1
K5	HPCLAS_TRAIN_P_005537	1	HPCLAS_TRAIN_P_005537	0	2.1917012435509253	2.6301791667938232	0.932778784493418	1
K5	HPCLAS_TRAIN_P_005539	1	HPCLAS_TRAIN_P_005539	0	1.6086105897160532	2.2750871181488037	0.9067926403830854	1
K5	HPCLAS_TRAIN_P_005540	1	HPCLAS_TRAIN_P_005540	0	1.016860925059404	0.9643608927726746	0.7239940783970802	1
K5	HPCLAS_TRAIN_P_005545	1	HPCLAS_TRAIN_P_005545	0	3.33964676399652	2.4620256423950195	0.921436427032096	1
K5	HPCLAS_TRAIN_P_005557	1	HPCLAS_TRAIN_P_005557	0	3.336768078841944	2.7955477237701416	0.9424347567622673	1
K5	HPCLAS_TRAIN_P_005559	1	HPCLAS_TRAIN_P_005559	0	0.7283281878262143	-0.3025180697441101	0.42494203580167683	0
K5	HPCLAS_TRAIN_P_005569	1	HPCLAS_TRAIN_P_005569	0	3.6111381892876	3.014430284500122	0.9532217978435934	1
K5	HPCLAS_TRAIN_P_005573	1	HPCLAS_TRAIN_P_005573	0	0.6932145941706357	1.7633297443389893	0.8536261968828126	1
K5	HPCLAS_TRAIN_P_005574	1	HPCLAS_TRAIN_P_005574	0	-1.0393056381519306	-1.0324501991271973	0.2626093577823521	0
K5	HPCLAS_TRAIN_P_005580	1	HPCLAS_TRAIN_P_005580	0	3.339181763158485	2.801586389541626	0.9427614894242515	1
K5	HPCLAS_TRAIN_P_005581	1	HPCLAS_TRAIN_P_005581	0	2.85240823653117	2.7285714149475098	0.938691674166524	1
K5	HPCLAS_TRAIN_P_005586	1	HPCLAS_TRAIN_P_005586	0	3.4113853444998714	2.9129583835601807	0.9484833111425194	1
K5	HPCLAS_TRAIN_P_005599	1	HPCLAS_TRAIN_P_005599	0	2.29067643795036	3.0174307823181152	0.953355408251343	1
K5	HPCLAS_TRAIN_P_005604	1	HPCLAS_TRAIN_P_005604	0	3.208813303545722	3.4271719455718994	0.9685430182516122	1
K5	HPCLAS_TRAIN_P_005611	1	HPCLAS_TRAIN_P_005611	0	2.461929339867097	2.0337936878204346	0.8842997903019911	1
K5	HPCLAS_TRAIN_P_005618	1	HPCLAS_TRAIN_P_005618	0	1.2431678363123768	1.8661143779754639	0.8660080380902795	1
K5	HPCLAS_TRAIN_P_005625	1	HPCLAS_TRAIN_P_005625	0	-1.195338151208157	-0.12811416387557983	0.46801519492251703	0
K5	HPCLAS_TRAIN_P_005630	1	HPCLAS_TRAIN_P_005630	0	2.8210138607155537	2.8153648376464844	0.9435004856844293	1
K5	HPCLAS_TRAIN_P_005633	1	HPCLAS_TRAIN_P_005633	0	3.052107882941172	2.998159408569336	0.9524909057496695	1
K5	HPCLAS_TRAIN_P_005634	1	HPCLAS_TRAIN_P_005634	0	2.8560008554824767	2.92436146736145	0.9490376558521139	1
K5	HPCLAS_TRAIN_P_005638	1	HPCLAS_TRAIN_P_005638	0	-0.9778628054777202	-0.11457447707653046	0.4713876741260724	0
K5	HPCLAS_TRAIN_P_005641	1	HPCLAS_TRAIN_P_005641	0	1.7875649894530865	2.4466257095336914	0.9203143450473317	1
K5	HPCLAS_TRAIN_P_005657	1	HPCLAS_TRAIN_P_005657	0	0.4213702211900124	-0.7967478036880493	0.3107216246629936	0
K5	HPCLAS_TRAIN_P_005660	1	HPCLAS_TRAIN_P_005660	0	0.5089161872735163	2.0182106494903564	0.8826958596670679	1
K5	HPCLAS_TRAIN_P_005678	1	HPCLAS_TRAIN_P_005678	0	2.775380639071712	3.116987466812134	0.9575880481282165	1
K5	HPCLAS_TRAIN_P_005685	1	HPCLAS_TRAIN_P_005685	0	1.269513739583605	0.31541287899017334	0.5782059306448134	1
K5	HPCLAS_TRAIN_P_005691	1	HPCLAS_TRAIN_P_005691	0	2.5572362001635742	2.472341775894165	0.922179986449706	1
K5	HPCLAS_TRAIN_P_005696	1	HPCLAS_TRAIN_P_005696	0	3.0843257651590013	3.130948305130005	0.9581514339076932	1
K5	HPCLAS_TRAIN_P_005713	1	HPCLAS_TRAIN_P_005713	0	3.191312046631598	3.402923345565796	0.9677957722545063	1
K5	HPCLAS_TRAIN_P_005714	1	HPCLAS_TRAIN_P_005714	0	3.51624263006681	3.3988115787506104	0.9676673735536475	1
K5	HPCLAS_TRAIN_P_005715	1	HPCLAS_TRAIN_P_005715	0	3.540107545921713	2.9955601692199707	0.9523731465880217	1
K5	HPCLAS_TRAIN_P_005716	1	HPCLAS_TRAIN_P_005716	0	0.7503619983974983	0.4543827772140503	0.611680771784833	1
K5	HPCLAS_TRAIN_P_005718	1	HPCLAS_TRAIN_P_005718	0	3.0829221458799867	3.268418312072754	0.963329338066144	1
K5	HPCLAS_TRAIN_P_005720	1	HPCLAS_TRAIN_P_005720	0	2.6251925282212896	3.1651644706726074	0.9595021034001998	1
K5	HPCLAS_TRAIN_P_005723	1	HPCLAS_TRAIN_P_005723	0	2.0319845639070597	1.4226887226104736	0.8057595772741991	1
K5	HPCLAS_TRAIN_P_005730	1	HPCLAS_TRAIN_P_005730	0	3.180007699694553	3.4213805198669434	0.9683660887267409	1
K5	HPCLAS_TRAIN_P_005732	1	HPCLAS_TRAIN_P_005732	0	2.3094990544399048	2.882056474685669	0.9469522628849275	1
K5	HPCLAS_TRAIN_P_005736	1	HPCLAS_TRAIN_P_005736	0	4.112957796098322	3.5186989307403564	0.9712151533090428	1
K5	HPCLAS_TRAIN_P_005737	1	HPCLAS_TRAIN_N_000995	0	2.438672997197732	2.1442461013793945	0.8951298714044933	1
K5	HPCLAS_TRAIN_P_005738	1	HPCLAS_TRAIN_P_005738	0	3.540475277304048	2.9775431156158447	0.9515492263920722	1
K5	HPCLAS_TRAIN_P_005743	1	HPCLAS_TRAIN_P_005743	0	4.0545700010455805	3.4085209369659424	0.967969776941215	1
K5	HPCLAS_TRAIN_P_005744	1	HPCLAS_TRAIN_P_005744	0	2.702281698886927	2.923267126083374	0.9489847018188988	1
K5	HPCLAS_TRAIN_P_005750	1	HPCLAS_TRAIN_P_005750	0	3.2002673798490413	2.6538708209991455	0.9342491660440251	1
K5	HPCLAS_TRAIN_P_005756	1	HPCLAS_TRAIN_P_005756	0	1.2587880990590292	2.3887174129486084	0.9159628937867493	1
K5	HPCLAS_TRAIN_P_005761	1	HPCLAS_TRAIN_N_001204	0	1.6150767104618695	1.7316842079162598	0.8496277221540917	1
K5	HPCLAS_TRAIN_P_005763	1	HPCLAS_TRAIN_P_005763	0	-0.5514394044534413	-0.06376239657402039	0.48406479939405117	0
K5	HPCLAS_TRAIN_P_005780	1	HPCLAS_TRAIN_P_005780	0	1.3362032383535805	0.9795346856117249	0.7270158780392783	1
K5	HPCLAS_TRAIN_P_005785	1	HPCLAS_TRAIN_P_003763	0	3.163290042947237	2.9628031253814697	0.950865123368947	1
K5	HPCLAS_TRAIN_P_005788	1	HPCLAS_TRAIN_P_005788	0	2.935967084327024	3.0588109493255615	0.9551613997208651	1
K5	HPCLAS_TRAIN_P_005789	1	HPCLAS_TRAIN_P_005789	0	3.645370989345858	3.2999379634857178	0.9644266824488454	1
K5	HPCLAS_TRAIN_P_005799	1	HPCLAS_TRAIN_P_005799	0	0.9800466813720244	1.7750999927520752	0.8550907591092988	1
K5	HPCLAS_TRAIN_P_005804	1	HPCLAS_TRAIN_P_005804	0	2.0780175410274477	1.714446783065796	0.8474121632873997	1
K5	HPCLAS_TRAIN_P_005816	1	HPCLAS_TRAIN_P_005816	0	3.571708602349703	2.9565656185150146	0.9505728821378406	1
K5	HPCLAS_TRAIN_P_005817	1	HPCLAS_TRAIN_P_005817	0	1.7155817029622802	1.8086340427398682	0.8591967049267036	1
K5	HPCLAS_TRAIN_P_005819	1	HPCLAS_TRAIN_P_005819	0	0.5639401844758558	0.30431032180786133	0.5754958711817236	1
K5	HPCLAS_TRAIN_P_005824	1	HPCLAS_TRAIN_P_000825	0	3.414153142863129	3.401313066482544	0.9677455466772368	1
K5	HPCLAS_TRAIN_P_005827	1	HPCLAS_TRAIN_P_005827	0	3.9747983151161614	4.11185359954834	0.9838865076832836	1
K5	HPCLAS_TRAIN_P_005833	1	HPCLAS_TRAIN_P_005833	0	3.238672691566111	3.091963291168213	0.9565600187479703	1
K5	HPCLAS_TRAIN_P_005836	1	HPCLAS_TRAIN_P_005836	0	3.107421652450306	2.919602632522583	0.9488070014821652	1
K5	HPCLAS_TRAIN_P_005837	1	HPCLAS_TRAIN_P_005837	0	3.0794223592348797	2.8108084201812744	0.9432571038858282	1
K5	HPCLAS_TRAIN_P_005849	1	HPCLAS_TRAIN_P_005849	0	3.300018288180786	3.0013177394866943	0.9526336224005649	1
K5	HPCLAS_TRAIN_P_005855	1	HPCLAS_TRAIN_P_005855	0	2.7604218644518075	2.7427899837493896	0.9395048613172483	1
K5	HPCLAS_TRAIN_P_005857	1	HPCLAS_TRAIN_P_005857	0	2.783404186969165	2.802861452102661	0.9428302558548186	1
K5	HPCLAS_TRAIN_P_005896	1	HPCLAS_TRAIN_P_005896	0	3.6056568322554656	3.1426541805267334	0.9586182983245886	1
K5	HPCLAS_TRAIN_P_005903	1	HPCLAS_TRAIN_P_005903	0	0.8889591206700596	2.1176226139068604	0.8926042413675334	1
K5	HPCLAS_TRAIN_P_005909	1	HPCLAS_TRAIN_P_005909	0	0.7263485761282661	-1.1272752285003662	0.24466429830238617	0
K5	HPCLAS_TRAIN_P_005923	1	HPCLAS_TRAIN_P_005923	0	3.1532363104767773	2.736860513687134	0.9391669775129428	1
K5	HPCLAS_TRAIN_P_005926	1	HPCLAS_TRAIN_P_005926	0	2.6932005372283943	1.3624684810638428	0.7961605976744712	1
K5	HPCLAS_TRAIN_P_005931	1	HPCLAS_TRAIN_P_005931	0	-0.4248105955200608	1.5342142581939697	0.8226220739705887	1
K5	HPCLAS_TRAIN_P_005934	1	HPCLAS_TRAIN_P_005934	0	3.488089995520657	3.305403470993042	0.9646137170760852	1
K5	HPCLAS_TRAIN_P_005937	1	HPCLAS_TRAIN_P_005937	0	3.2188686341877197	3.1527607440948486	0.9590173650932973	1
K5	HPCLAS_TRAIN_P_005938	1	HPCLAS_TRAIN_P_005938	0	3.3696708898991554	3.14577579498291	0.9587419533204093	1
K5	HPCLAS_TRAIN_P_005939	1	HPCLAS_TRAIN_P_005939	0	2.9263760926396447	3.1496870517730713	0.9588963889967448	1
K5	HPCLAS_TRAIN_P_005947	1	HPCLAS_TRAIN_P_005947	0	3.535574709019049	2.3739328384399414	0.914817831988404	1
K5	HPCLAS_TRAIN_P_005948	1	HPCLAS_TRAIN_P_005948	0	2.1301719553522047	2.1875557899475098	0.899126437424128	1
K5	HPCLAS_TRAIN_P_005957	1	HPCLAS_TRAIN_P_005957	0	3.680574554234548	3.1249377727508545	0.9579097632372703	1
K5	HPCLAS_TRAIN_P_005964	1	HPCLAS_TRAIN_P_005964	0	2.180912646084595	2.061411142349243	0.8870955829487956	1
K5	HPCLAS_TRAIN_P_005984	1	HPCLAS_TRAIN_P_005984	0	0.9321271911388492	1.1150422096252441	0.7530679396643353	1
K5	HPCLAS_TRAIN_P_005993	1	HPCLAS_TRAIN_P_005993	0	1.0393504159190865	0.006445348262786865	0.5016113314874705	1
K5	HPCLAS_TRAIN_P_005998	1	HPCLAS_TRAIN_P_005998	0	3.2392687044318715	2.927069902420044	0.9491684906112468	1
K5	HPCLAS_TRAIN_P_005999	1	HPCLAS_TRAIN_P_005999	0	3.4507573647493124	3.2511019706726074	0.9627126902364	1
K5	HPCLAS_TRAIN_P_006001	1	HPCLAS_TRAIN_P_006001	0	0.7821911290178518	1.3057827949523926	0.7868066092305745	1
K5	HPCLAS_TRAIN_P_006015	1	HPCLAS_TRAIN_P_006015	0	3.5237374149286738	3.5457630157470703	0.9719621918429223	1
K5	HPCLAS_TRAIN_P_006018	1	HPCLAS_TRAIN_P_006018	0	2.822292290771784	2.840601682662964	0.9448308336399502	1
K5	HPCLAS_TRAIN_P_006024	1	HPCLAS_TRAIN_P_006024	0	2.748126858449346	2.2441246509552	0.9041425332751297	1
K5	HPCLAS_TRAIN_P_006026	1	HPCLAS_TRAIN_P_006026	0	3.9066634898633543	3.122349500656128	0.957805283833714	1
K5	HPCLAS_TRAIN_P_006035	1	HPCLAS_TRAIN_P_004508	0	3.197033929955814	3.1608693599700928	0.9593348749876686	1
K5	HPCLAS_TRAIN_P_006055	1	HPCLAS_TRAIN_P_006055	0	1.447338521757409	2.1284072399139404	0.893633707381955	1
K5	HPCLAS_TRAIN_P_006058	1	HPCLAS_TRAIN_P_006058	0	1.533247984469018	1.7111985683441162	0.8469916794354232	1
K5	HPCLAS_TRAIN_P_006061	1	HPCLAS_TRAIN_P_006061	0	1.6243281053179512	1.579174280166626	0.8290875441233199	1
K5	HPCLAS_TRAIN_P_006065	1	HPCLAS_TRAIN_N_004328	0	3.9408866796000135	4.135313510894775	0.9842542461357683	1
K5	HPCLAS_TRAIN_P_006067	1	HPCLAS_TRAIN_P_006067	0	3.001872606288849	2.8950228691101074	0.9475998504487986	1
K5	HPCLAS_TRAIN_P_006082	1	HPCLAS_TRAIN_P_006082	0	0.9779295792611004	1.4525067806243896	0.8103839301864583	1
K5	HPCLAS_TRAIN_P_006107	1	HPCLAS_TRAIN_P_006107	0	0.4415226005026449	1.4866313934326172	0.8155721247369013	1
K5	HPCLAS_TRAIN_P_006134	1	HPCLAS_TRAIN_P_006134	0	0.2922162231535276	-0.016579538583755493	0.49585521029732205	0
K5	HPCLAS_TRAIN_P_006136	1	HPCLAS_TRAIN_P_006136	0	0.8282841158485168	1.3774137496948242	0.7985753159154227	1
K5	HPCLAS_TRAIN_P_006142	1	HPCLAS_TRAIN_P_006142	0	3.473125646974953	3.328462839126587	0.9653924500960706	1
K5	HPCLAS_TRAIN_P_006147	1	HPCLAS_TRAIN_P_006147	0	2.516354272869424	2.5275113582611084	0.9260481043132011	1
K5	HPCLAS_TRAIN_P_006150	1	HPCLAS_TRAIN_P_006150	0	3.746853955118812	2.6029560565948486	0.9310515842933694	1
K5	HPCLAS_TRAIN_P_006152	1	HPCLAS_TRAIN_P_006152	0	2.494096376295604	2.8886852264404297	0.9472842645952829	1
K5	HPCLAS_TRAIN_P_006168	1	HPCLAS_TRAIN_P_006168	0	-0.2117364669199841	0.5631012916564941	0.6371698152184565	1
K5	HPCLAS_TRAIN_P_006171	1	HPCLAS_TRAIN_N_002506	0	2.1006857568075867	1.2509689331054688	0.7774675430667928	1
K5	HPCLAS_TRAIN_P_006172	1	HPCLAS_TRAIN_P_006172	0	1.9887410480280172	2.1433544158935547	0.895046137264881	1
K5	HPCLAS_TRAIN_P_006189	1	HPCLAS_TRAIN_P_006189	0	0.634063145265961	0.587547242641449	0.6428021715806306	1
K5	HPCLAS_TRAIN_P_006193	1	HPCLAS_TRAIN_P_006193	0	2.871098358298369	2.644826889038086	0.9336914318512116	1
K5	HPCLAS_TRAIN_P_006196	1	HPCLAS_TRAIN_P_006196	0	3.5451056705905266	2.9965572357177734	0.9524183516715801	1
K5	HPCLAS_TRAIN_P_006201	1	HPCLAS_TRAIN_P_006201	0	3.186570909765574	2.493443489074707	0.9236809040898657	1
K5	HPCLAS_TRAIN_P_006203	1	HPCLAS_TRAIN_P_006203	0	2.9826345342995104	3.0210177898406982	0.9535146592931318	1
K5	HPCLAS_TRAIN_P_006204	1	HPCLAS_TRAIN_P_006204	0	2.246516423797644	2.2413055896759033	0.9038979300657748	1
K5	HPCLAS_TRAIN_P_006213	1	HPCLAS_TRAIN_P_006213	0	2.6098487631618323	2.9229228496551514	0.9489680318779516	1
K5	HPCLAS_TRAIN_P_006219	1	HPCLAS_TRAIN_P_006219	0	3.951953105763697	3.2415201663970947	0.9623672034164549	1
K5	HPCLAS_TRAIN_P_006222	1	HPCLAS_TRAIN_P_006222	0	2.09679239396426	1.8772318363189697	0.8672928457942982	1
K5	HPCLAS_TRAIN_P_006231	1	HPCLAS_TRAIN_P_006231	0	1.0205401375872087	1.5666961669921875	0.8273121105743342	1
K5	HPCLAS_TRAIN_P_006233	1	HPCLAS_TRAIN_P_006233	0	0.6322660153047431	0.3219847083091736	0.5798078644760585	1
K5	HPCLAS_TRAIN_P_006242	1	HPCLAS_TRAIN_P_006242	0	3.544957044294621	3.3223845958709717	0.9651888013467271	1
K5	HPCLAS_TRAIN_P_006248	1	HPCLAS_TRAIN_P_006248	0	2.785233897056824	2.748703718185425	0.9398400989359182	1
K5	HPCLAS_TRAIN_P_006268	1	HPCLAS_TRAIN_P_006268	0	3.239521657632394	2.606013059616089	0.9312475687641976	1
K5	HPCLAS_TRAIN_P_006273	1	HPCLAS_TRAIN_P_006273	0	3.150928059364242	2.819671154022217	0.9437296059258896	1
K5	HPCLAS_TRAIN_P_006274	1	HPCLAS_TRAIN_P_006274	0	1.0178178080337374	0.6729208827018738	0.6621568848570625	1
K5	HPCLAS_TRAIN_P_006283	1	HPCLAS_TRAIN_P_006283	0	2.9224729024418123	1.9724843502044678	0.8778777066195268	1
K5	HPCLAS_TRAIN_P_006286	1	HPCLAS_TRAIN_P_006286	0	3.2777242120625383	2.702793598175049	0.9371912866653513	1
K5	HPCLAS_TRAIN_P_006288	1	HPCLAS_TRAIN_P_006288	0	2.1926339200150595	2.7038614749908447	0.9372541165909358	1
K5	HPCLAS_TRAIN_P_006291	1	HPCLAS_TRAIN_P_006291	0	3.363087548617319	3.7243812084198	0.976440420128566	1
K5	HPCLAS_TRAIN_P_006292	1	HPCLAS_TRAIN_P_006292	0	2.9201426943687645	2.528989553451538	0.9261492718414287	1
K5	HPCLAS_TRAIN_P_006299	1	HPCLAS_TRAIN_P_006299	0	1.2537620237572726	2.501744031906128	0.9242639926929647	1
K5	HPCLAS_TRAIN_P_006303	1	HPCLAS_TRAIN_P_006303	0	2.7750979069729347	2.780557870864868	0.9416161210777118	1
K5	HPCLAS_TRAIN_P_006308	1	HPCLAS_TRAIN_P_006308	0	2.253142237773511	1.1436550617218018	0.7583500805435237	1
K5	HPCLAS_TRAIN_P_006317	1	HPCLAS_TRAIN_P_006317	0	3.617539640050242	2.6096229553222656	0.9314783347684451	1
K5	HPCLAS_TRAIN_P_006323	1	HPCLAS_TRAIN_P_006323	0	4.000055782208846	4.141716003417969	0.9843531638194231	1
K5	HPCLAS_TRAIN_P_006326	1	HPCLAS_TRAIN_P_006326	0	3.1349713959902155	1.6002700328826904	0.8320561225699434	1
K5	HPCLAS_TRAIN_P_006329	1	HPCLAS_TRAIN_P_006329	0	3.0339552891713644	2.8453333377838135	0.9450769551758893	1
K5	HPCLAS_TRAIN_P_006331	1	HPCLAS_TRAIN_P_006331	0	1.1716053392165524	1.7793374061584473	0.8556150297101073	1
K5	HPCLAS_TRAIN_P_006332	1	HPCLAS_TRAIN_P_006332	0	0.8430161766463197	0.8810284733772278	0.707035300702559	1
K5	HPCLAS_TRAIN_P_006334	1	HPCLAS_TRAIN_P_006334	0	3.021954932958858	2.9890520572662354	0.9520770775456757	1
K5	HPCLAS_TRAIN_P_006340	1	HPCLAS_TRAIN_P_006340	0	3.0252397285740504	3.069089651107788	0.955599563199104	1
K5	HPCLAS_TRAIN_P_006343	1	HPCLAS_TRAIN_P_006343	0	3.2061196324145524	3.41259765625	0.9680959318687147	1
K5	HPCLAS_TRAIN_P_006346	1	HPCLAS_TRAIN_P_006346	0	3.5533961100489133	2.8778111934661865	0.9467386017211987	1
K5	HPCLAS_TRAIN_P_006351	1	HPCLAS_TRAIN_P_006351	0	0.5740912433035203	1.571103811264038	0.8279409083597975	1
K5	HPCLAS_TRAIN_P_006359	1	HPCLAS_TRAIN_P_006359	0	2.618346906951217	2.8019330501556396	0.9427801931446608	1
K5	HPCLAS_TRAIN_P_006365	1	HPCLAS_TRAIN_P_006365	0	3.6816387491654554	3.2258384227752686	0.9617951282275937	1
K5	HPCLAS_TRAIN_P_006370	1	HPCLAS_TRAIN_P_006370	0	3.5931260013687907	3.5657036304473877	0.9725005230929485	1
K5	HPCLAS_TRAIN_P_006380	1	HPCLAS_TRAIN_P_006380	0	-0.0706512219690644	1.0491008758544922	0.7406022052928595	1
K5	HPCLAS_TRAIN_P_006385	1	HPCLAS_TRAIN_P_006385	0	0.2276695834123451	0.3538302779197693	0.5875461021442935	1
K5	HPCLAS_TRAIN_P_006390	1	HPCLAS_TRAIN_P_006390	0	3.4089823719252488	3.8120555877685547	0.9783752667601421	1
K5	HPCLAS_TRAIN_P_006399	1	HPCLAS_TRAIN_P_006399	0	4.016098082857775	2.9987566471099854	0.9525179246737615	1
K5	HPCLAS_TRAIN_P_006402	1	HPCLAS_TRAIN_P_006402	0	3.336989242342524	2.7251832485198975	0.9384963964267118	1
K5	HPCLAS_TRAIN_P_006411	1	HPCLAS_TRAIN_P_006411	0	0.5222928666833708	1.1632208824157715	0.7619174732560705	1
K5	HPCLAS_TRAIN_P_006413	1	HPCLAS_TRAIN_P_006413	0	2.59907720407222	2.82188081741333	0.9438468329839664	1
K5	HPCLAS_TRAIN_P_006418	1	HPCLAS_TRAIN_P_006418	0	1.1239204980355724	1.593308925628662	0.8310811365507446	1
K5	HPCLAS_TRAIN_P_006421	1	HPCLAS_TRAIN_P_006421	0	2.446591123116656	1.76637864112854	0.8540067414161837	1
K5	HPCLAS_TRAIN_P_006425	1	HPCLAS_TRAIN_P_006425	0	3.0386922524021105	2.1552250385284424	0.8961560285305217	1
K5	HPCLAS_TRAIN_P_006428	1	HPCLAS_TRAIN_P_006428	0	-1.2716533811308937	0.5468662977218628	0.6334082429917035	1
K5	HPCLAS_TRAIN_P_006430	1	HPCLAS_TRAIN_P_006430	0	3.422392717741056	3.2305855751037598	0.9619691816830984	1
K5	HPCLAS_TRAIN_P_006436	1	HPCLAS_TRAIN_P_006436	0	1.571804620524664	0.6196500062942505	0.6501389437852209	1
K5	HPCLAS_TRAIN_P_006460	1	HPCLAS_TRAIN_P_006460	0	-0.9370209703083489	-2.0449037551879883	0.1145683421788275	0
K5	HPCLAS_TRAIN_P_006471	1	HPCLAS_TRAIN_P_006471	0	3.5697983638105906	2.515993118286133	0.9252554193389555	1
K5	HPCLAS_TRAIN_P_006472	1	HPCLAS_TRAIN_P_006472	0	2.8966224870468884	3.0513410568237305	0.9548403884685475	1
K5	HPCLAS_TRAIN_P_006481	1	HPCLAS_TRAIN_P_006481	0	3.538179589684125	2.881334066390991	0.9469159619423076	1
K5	HPCLAS_TRAIN_P_006486	1	HPCLAS_TRAIN_P_006486	0	3.494889635533949	3.119690179824829	0.9576976782439557	1
K5	HPCLAS_TRAIN_P_006489	1	HPCLAS_TRAIN_P_006489	0	1.7461758449265172	2.5878279209136963	0.9300740850715379	1
K5	HPCLAS_TRAIN_P_006493	1	HPCLAS_TRAIN_P_006493	0	1.7142993266762316	3.2262096405029297	0.9618087663812462	1
K5	HPCLAS_TRAIN_P_006498	1	HPCLAS_TRAIN_N_000237	0	2.4227084136859656	2.0824735164642334	0.8891879902885983	1
K5	HPCLAS_TRAIN_P_006499	1	HPCLAS_TRAIN_P_006499	0	-2.033431328335419	-0.9776336550712585	0.27336157046837367	0
K5	HPCLAS_TRAIN_P_006506	1	HPCLAS_TRAIN_P_006506	0	3.1373297995415945	3.691199779510498	0.9756649081865664	1
K5	HPCLAS_TRAIN_P_006510	1	HPCLAS_TRAIN_P_006510	0	0.9849790695348604	1.5452072620391846	0.8242204332833931	1
K5	HPCLAS_TRAIN_P_006515	1	HPCLAS_TRAIN_P_006515	0	3.110336652488276	2.0498642921447754	0.8859339054783455	1
K5	HPCLAS_TRAIN_P_006519	1	HPCLAS_TRAIN_P_006519	0	1.487857253151638	0.3639170527458191	0.5899883102633534	1
K5	HPCLAS_TRAIN_P_006527	1	HPCLAS_TRAIN_P_006527	0	2.88945808759511	2.9102399349212646	0.9483503182886834	1
K5	HPCLAS_TRAIN_P_006528	1	HPCLAS_TRAIN_P_006528	0	2.8204723428645577	1.5685911178588867	0.8275826682154904	1
K5	HPCLAS_TRAIN_P_006541	1	HPCLAS_TRAIN_P_006541	0	3.018253258449459	2.999814987182617	0.9525657678614478	1
K5	HPCLAS_TRAIN_P_006542	1	HPCLAS_TRAIN_P_006542	0	1.912240583759249	0.28018641471862793	0.5695919253984285	1
K5	HPCLAS_TRAIN_P_006544	1	HPCLAS_TRAIN_P_006544	0	3.3234939042438167	3.5330193042755127	0.9716128075140643	1
K5	HPCLAS_TRAIN_P_006550	1	HPCLAS_TRAIN_P_006550	0	2.636659309732676	2.737691640853882	0.9392144444459772	1
K5	HPCLAS_TRAIN_P_006557	1	HPCLAS_TRAIN_P_006557	0	-0.6325985281571551	-0.071137934923172	0.4822230124974553	0
K5	HPCLAS_TRAIN_P_006568	1	HPCLAS_TRAIN_P_006568	0	1.8273689036012837	0.923522412776947	0.7157592776078782	1
K5	HPCLAS_TRAIN_P_006570	1	HPCLAS_TRAIN_P_006570	0	3.324559920226944	2.4231631755828857	0.9185766432716149	1
K5	HPCLAS_TRAIN_P_006585	1	HPCLAS_TRAIN_P_006585	0	1.1460350795864214	1.6362996101379395	0.8370307956531512	1
K5	HPCLAS_TRAIN_P_006586	1	HPCLAS_TRAIN_P_006586	0	3.5372722519505566	3.8048408031463623	0.9782220948211503	1
K5	HPCLAS_TRAIN_P_006589	1	HPCLAS_TRAIN_P_006589	0	3.0222752986104857	2.9527595043182373	0.9503937483860682	1
K5	HPCLAS_TRAIN_P_006592	1	HPCLAS_TRAIN_P_006592	0	2.0170195472868984	1.9012351036071777	0.8700312511315144	1
K5	HPCLAS_TRAIN_P_006598	1	HPCLAS_TRAIN_P_006598	0	2.991712691831399	2.9793753623962402	0.9516336291537938	1
K5	HPCLAS_TRAIN_P_006609	1	HPCLAS_TRAIN_P_006609	0	2.218120821784013	2.60805344581604	0.9313780906880677	1
K5	HPCLAS_TRAIN_P_006615	1	HPCLAS_TRAIN_P_006615	0	3.4799245191795305	2.9199259281158447	0.9488227024064645	1
K5	HPCLAS_TRAIN_P_006617	1	HPCLAS_TRAIN_P_006617	0	2.835661296773002	2.8670496940612793	0.9461933410639368	1
K5	HPCLAS_TRAIN_P_006623	1	HPCLAS_TRAIN_P_006623	0	2.9044019389123616	1.5740492343902588	0.8283600927026012	1
K5	HPCLAS_TRAIN_P_006629	1	HPCLAS_TRAIN_P_006629	0	3.377920942104521	3.0658047199249268	0.9554599779494676	1
K5	HPCLAS_TRAIN_P_006632	1	HPCLAS_TRAIN_P_006632	0	1.1492059831593893	0.9425023794174194	0.7196048491525808	1
K5	HPCLAS_TRAIN_P_006650	1	HPCLAS_TRAIN_P_006650	0	2.8308558504074024	2.7893636226654053	0.942098340704895	1
K5	HPCLAS_TRAIN_P_006659	1	HPCLAS_TRAIN_P_006659	0	0.8213414096065225	1.0427582263946533	0.739381857005935	1
K5	HPCLAS_TRAIN_P_006666	1	HPCLAS_TRAIN_P_006666	0	2.7571502691599354	2.259223222732544	0.9054431475422271	1
K5	HPCLAS_TRAIN_P_006672	1	HPCLAS_TRAIN_P_006672	0	2.444008604960753	3.0368573665618896	0.9542117179985627	1
K5	HPCLAS_TRAIN_P_006677	1	HPCLAS_TRAIN_P_006677	0	2.5954635889574624	2.0997350215911865	0.8908774216383641	1
K5	HPCLAS_TRAIN_P_006688	1	HPCLAS_TRAIN_N_002316	0	0.7297653818523042	1.3044850826263428	0.786588847391178	1
K5	HPCLAS_TRAIN_P_006691	1	HPCLAS_TRAIN_P_006691	0	1.7608784436510831	1.17317533493042	0.7637184927777065	1
K5	HPCLAS_TRAIN_P_006693	1	HPCLAS_TRAIN_P_006693	0	3.010569897683506	2.766458511352539	0.9408361624509116	1
K5	HPCLAS_TRAIN_P_006695	1	HPCLAS_TRAIN_P_006695	0	2.953747083972616	2.9163730144500732	0.9486499040113052	1
K5	HPCLAS_TRAIN_P_006696	1	HPCLAS_TRAIN_P_006696	0	0.967688608706994	1.2611994743347168	0.7792325214986214	1
K5	HPCLAS_TRAIN_P_006701	1	HPCLAS_TRAIN_P_006701	0	2.7616005006726576	2.538083791732788	0.9267688830455979	1
K5	HPCLAS_TRAIN_P_006705	1	HPCLAS_TRAIN_P_006705	0	3.1161372798495144	2.5233452320098877	0.925762288534678	1
K5	HPCLAS_TRAIN_P_006709	1	HPCLAS_TRAIN_P_006709	0	-0.6176906083041296	0.6673272848129272	0.6609044354753459	1
K5	HPCLAS_TRAIN_P_006715	1	HPCLAS_TRAIN_P_006715	0	2.639045898352511	2.849327325820923	0.9452839009832038	1
K5	HPCLAS_TRAIN_P_006724	1	HPCLAS_TRAIN_P_006724	0	-0.2650589880581319	1.0704855918884277	0.7446892510085819	1
K5	HPCLAS_TRAIN_P_006728	1	HPCLAS_TRAIN_P_006728	0	2.5466703607626537	3.614291191101074	0.9737705069743815	1
K5	HPCLAS_TRAIN_P_006735	1	HPCLAS_TRAIN_P_006735	0	3.524613943313095	3.5312869548797607	0.971564987905527	1
K5	HPCLAS_TRAIN_P_006744	1	HPCLAS_TRAIN_P_006744	0	2.9583893945776896	3.3462929725646973	0.9659832345037752	1
K5	HPCLAS_TRAIN_P_006746	1	HPCLAS_TRAIN_P_006746	0	3.079466321314696	3.3346784114837646	0.9655995119140032	1
K5	HPCLAS_TRAIN_P_006771	1	HPCLAS_TRAIN_P_006771	0	-0.5400779180733175	0.1111350804567337	0.5277552089300686	1
K5	HPCLAS_TRAIN_P_006774	1	HPCLAS_TRAIN_P_003376	0	1.5162032818578834	2.4132068157196045	0.9178288611325998	1
K5	HPCLAS_TRAIN_P_006780	1	HPCLAS_TRAIN_P_006780	0	2.816428186030221	3.0351269245147705	0.9541360525642425	1
K5	HPCLAS_TRAIN_P_006781	1	HPCLAS_TRAIN_P_006781	0	2.3000688042101416	2.368764638900757	0.9144142296427257	1
K5	HPCLAS_TRAIN_P_006792	1	HPCLAS_TRAIN_P_006792	0	-0.3891711898513962	1.3719990253448486	0.7977029341961557	1
K5	HPCLAS_TRAIN_P_006795	1	HPCLAS_TRAIN_P_006795	0	4.2195788939897065	3.795177936553955	0.9780152866549947	1
K5	HPCLAS_TRAIN_P_006803	1	HPCLAS_TRAIN_P_006803	0	2.9678903376907493	3.271392583847046	0.9634342622962399	1
K5	HPCLAS_TRAIN_P_006806	1	HPCLAS_TRAIN_P_006806	0	3.230670711690551	3.667635202407837	0.9750991010427464	1
K5	HPCLAS_TRAIN_P_006825	1	HPCLAS_TRAIN_P_006825	0	2.7541645078964283	2.1040923595428467	0.8913002986487554	1
K5	HPCLAS_TRAIN_P_006832	1	HPCLAS_TRAIN_P_006832	0	3.0080737811194407	3.353449821472168	0.9662176231961207	1
K5	HPCLAS_TRAIN_P_006836	1	HPCLAS_TRAIN_P_006836	0	3.550738212126091	3.1721298694610596	0.9597718989887358	1
K5	HPCLAS_TRAIN_P_006837	1	HPCLAS_TRAIN_P_006837	0	3.445225491966492	3.3003852367401123	0.9644420242483905	1
K5	HPCLAS_TRAIN_P_006845	1	HPCLAS_TRAIN_P_006845	0	3.332105494394452	2.6221649646759033	0.9322745275411286	1
K5	HPCLAS_TRAIN_P_006846	1	HPCLAS_TRAIN_P_006846	0	1.4112748269602875	2.3523006439208984	0.9131169213441731	1
K5	HPCLAS_TRAIN_P_006851	1	HPCLAS_TRAIN_P_006851	0	4.720893266514016	3.5881073474884033	0.9730933708797836	1
K5	HPCLAS_TRAIN_P_006853	1	HPCLAS_TRAIN_P_006853	0	3.097930884693258	3.358823537826538	0.9663925885929529	1
K5	HPCLAS_TRAIN_P_006862	1	HPCLAS_TRAIN_P_006862	0	2.653450693133109	3.0825138092041016	0.9561656665011654	1
K5	HPCLAS_TRAIN_P_006864	1	HPCLAS_TRAIN_P_006864	0	3.165991502662992	3.242055654525757	0.9623865921583614	1
K5	HPCLAS_TRAIN_P_006866	1	HPCLAS_TRAIN_P_006866	0	3.1077330307591526	3.387009382247925	0.9672960704457614	1
K5	HPCLAS_TRAIN_P_006867	1	HPCLAS_TRAIN_P_006867	0	3.152268765528293	2.761479616165161	0.9405584107717935	1
K5	HPCLAS_TRAIN_P_006872	1	HPCLAS_TRAIN_P_006872	0	2.64317810361963	3.684999942779541	0.9755172711981197	1
K5	HPCLAS_TRAIN_P_006874	1	HPCLAS_TRAIN_P_006874	0	3.517127888191594	3.756570339202881	0.9771696689528494	1
K5	HPCLAS_TRAIN_P_006907	1	HPCLAS_TRAIN_P_006907	0	2.864793518612898	1.5572614669799805	0.8259600400536826	1
K5	HPCLAS_TRAIN_P_006910	1	HPCLAS_TRAIN_P_006910	0	1.7888570108282127	1.4883954524993896	0.8158373166324359	1
K5	HPCLAS_TRAIN_P_006918	1	HPCLAS_TRAIN_P_006918	0	3.95945515259417	3.468686103820801	0.9697835406119157	1
K5	HPCLAS_TRAIN_P_006923	1	HPCLAS_TRAIN_P_006923	0	0.7969915540778773	0.23789504170417786	0.5591948503662063	1
K5	HPCLAS_TRAIN_P_006926	1	HPCLAS_TRAIN_P_006926	0	2.514770746906944	2.998171091079712	0.9524914344036033	1
K5	HPCLAS_TRAIN_P_006932	1	HPCLAS_TRAIN_P_006932	0	3.2400228110529063	2.0693063735961914	0.8878839322456274	1
K5	HPCLAS_TRAIN_P_006937	1	HPCLAS_TRAIN_P_006937	0	4.106650385429149	3.1953885555267334	0.9606603711286223	1
K5	HPCLAS_TRAIN_P_006939	1	HPCLAS_TRAIN_P_006939	0	3.0342750808501435	3.2772462368011475	0.9636399202966673	1
K5	HPCLAS_TRAIN_P_006950	1	HPCLAS_TRAIN_P_006950	0	-0.0849907224364577	-0.45188623666763306	0.38891239008785244	0
K5	HPCLAS_TRAIN_P_006959	1	HPCLAS_TRAIN_P_006959	0	4.070665735534003	3.474609136581421	0.9699566236409767	1
K5	HPCLAS_TRAIN_P_006963	1	HPCLAS_TRAIN_P_006963	0	0.6018871800681651	1.500133991241455	0.8175944596615449	1
K5	HPCLAS_TRAIN_P_006971	1	HPCLAS_TRAIN_P_006971	0	2.235293070105896	2.7647626399993896	0.9407416937510727	1
K5	HPCLAS_TRAIN_P_006973	1	HPCLAS_TRAIN_P_006973	0	2.3907825541000403	2.2245285511016846	0.9024306599642448	1
K5	HPCLAS_TRAIN_P_006983	1	HPCLAS_TRAIN_P_006983	0	2.9728742685729928	2.7386600971221924	0.9392697107525395	1
K5	HPCLAS_TRAIN_P_006987	1	HPCLAS_TRAIN_P_006987	0	3.279591105058316	2.6349971294403076	0.9330802537301189	1
K5	HPCLAS_TRAIN_P_006988	1	HPCLAS_TRAIN_P_006988	0	1.2882729404381064	0.5014827847480774	0.6228077277960729	1
K5	HPCLAS_TRAIN_P_006989	1	HPCLAS_TRAIN_P_006989	0	3.3537607214640133	3.3246400356292725	0.9652645032632622	1
K5	HPCLAS_TRAIN_P_006990	1	HPCLAS_TRAIN_P_006990	0	1.9212225047445308	2.606422185897827	0.931273758671863	1
K5	HPCLAS_TRAIN_P_006994	1	HPCLAS_TRAIN_P_006994	0	-0.1282892886066247	-0.3431515097618103	0.41504414136234224	0
K5	HPCLAS_TRAIN_P_006995	1	HPCLAS_TRAIN_P_006995	0	-0.0301577057661426	0.6961082220077515	0.6673243508250798	1
K5	HPCLAS_TRAIN_P_007000	1	HPCLAS_TRAIN_P_007000	0	2.420896684402676	2.73246169090271	0.9389151763323027	1
K5	HPCLAS_TRAIN_P_007003	1	HPCLAS_TRAIN_P_007003	0	0.8760867303917116	2.837872266769409	0.9446883885332173	1
K5	HPCLAS_TRAIN_P_007004	1	HPCLAS_TRAIN_P_007004	0	1.1399535889796049	2.511547803878784	0.92494740929519	1
K5	HPCLAS_TRAIN_P_007007	1	HPCLAS_TRAIN_P_007007	0	3.682838502347035	3.1729507446289062	0.9598035808565285	1
K5	HPCLAS_TRAIN_P_007011	1	HPCLAS_TRAIN_N_000351	0	2.85908294873805	3.042219400405884	0.9544454247020436	1
K5	HPCLAS_TRAIN_P_007016	1	HPCLAS_TRAIN_P_007016	0	1.8788291517972189	1.6452696323394775	0.8382507023898353	1
K5	HPCLAS_TRAIN_P_007023	1	HPCLAS_TRAIN_P_007023	0	0.5908934794686423	1.0092604160308838	0.7328753865238219	1
K5	HPCLAS_TRAIN_P_007030	1	HPCLAS_TRAIN_P_007030	0	3.36735601181454	3.2039237022399902	0.9609816663646681	1
K5	HPCLAS_TRAIN_P_007035	1	HPCLAS_TRAIN_P_007035	0	2.777571505275896	3.000244379043579	0.9525851658303652	1
K5	HPCLAS_TRAIN_P_007044	1	HPCLAS_TRAIN_P_007044	0	-0.1037107654429066	0.9682684540748596	0.724774229456915	1
K5	HPCLAS_TRAIN_P_007049	1	HPCLAS_TRAIN_P_007049	0	2.8341629311582324	2.362725019454956	0.9139403793522354	1
K5	HPCLAS_TRAIN_P_007051	1	HPCLAS_TRAIN_P_007051	0	2.1051647427558944	1.8809401988983154	0.8677190823194516	1
K5	HPCLAS_TRAIN_P_007061	1	HPCLAS_TRAIN_P_007061	0	2.4668860704841467	2.1949245929718018	0.899792810885848	1
K5	HPCLAS_TRAIN_P_007067	1	HPCLAS_TRAIN_P_007067	0	3.2567643433557363	2.7824268341064453	0.9417187829453849	1
K5	HPCLAS_TRAIN_P_007071	1	HPCLAS_TRAIN_P_007071	0	3.366834466062275	2.9908955097198486	0.9521611174286019	1
K5	HPCLAS_TRAIN_P_007092	1	HPCLAS_TRAIN_P_007092	0	2.5668178723120976	2.4220855236053467	0.9184960054411445	1
K5	HPCLAS_TRAIN_P_007103	1	HPCLAS_TRAIN_P_007103	0	3.4577828012734946	3.488988161087036	0.970372819889709	1
K5	HPCLAS_TRAIN_P_007114	1	HPCLAS_TRAIN_P_007114	0	2.5065181018853875	2.4080350399017334	0.9174379669320932	1
K5	HPCLAS_TRAIN_P_007115	1	HPCLAS_TRAIN_P_007115	0	3.0641260712845613	3.122307777404785	0.9578035975845864	1
K5	HPCLAS_TRAIN_P_007116	1	HPCLAS_TRAIN_P_007116	0	2.2820000169799166	2.113090753555298	0.8921690349935756	1
K5	HPCLAS_TRAIN_P_007120	1	HPCLAS_TRAIN_N_005110	0	0.2054870044861276	1.0566751956939697	0.7420546583696668	1
K5	HPCLAS_TRAIN_P_007122	1	HPCLAS_TRAIN_P_007122	0	3.759886953247524	3.141756296157837	0.9585826652484885	1
K5	HPCLAS_TRAIN_P_007123	1	HPCLAS_TRAIN_P_007123	0	3.5319243481072222	2.568161725997925	0.9287842007188581	1
K5	HPCLAS_TRAIN_P_007124	1	HPCLAS_TRAIN_N_001977	0	1.24885249347228	1.3069202899932861	0.7869973526394444	1
K5	HPCLAS_TRAIN_P_007127	1	HPCLAS_TRAIN_P_007127	0	1.658940737651808	1.7784068584442139	0.8555000337067082	1
K5	HPCLAS_TRAIN_P_007130	1	HPCLAS_TRAIN_P_007130	0	1.1466829167247103	1.195969581604004	0.7678070186311263	1
K5	HPCLAS_TRAIN_P_007131	1	HPCLAS_TRAIN_P_007131	0	2.7545957119424096	2.329528331756592	0.9112932154752655	1
K5	HPCLAS_TRAIN_P_007144	1	HPCLAS_TRAIN_P_007144	0	3.053041976507479	3.040883779525757	0.9543873175058583	1
K5	HPCLAS_TRAIN_P_007146	1	HPCLAS_TRAIN_P_007146	0	2.421049413160965	2.1518666744232178	0.8958430817584113	1
K5	HPCLAS_TRAIN_P_007148	1	HPCLAS_TRAIN_P_007148	0	1.71640448268751	1.4634814262390137	0.812064572430031	1
K5	HPCLAS_TRAIN_P_007150	1	HPCLAS_TRAIN_P_007150	0	3.862129687907887	3.8239550590515137	0.978625597175545	1
K5	HPCLAS_TRAIN_P_007156	1	HPCLAS_TRAIN_P_007156	0	2.006582003394984	2.1628129482269287	0.8968600428081597	1
K5	HPCLAS_TRAIN_P_007158	1	HPCLAS_TRAIN_P_007158	0	2.6496778820447746	1.9836769104003906	0.8790725774416541	1
K5	HPCLAS_TRAIN_P_007159	1	HPCLAS_TRAIN_P_007159	0	3.084563675958343	3.1280856132507324	0.9580364971303574	1
K5	HPCLAS_TRAIN_P_007185	1	HPCLAS_TRAIN_P_007185	0	1.9471330477512296	1.8159465789794922	0.860079037440141	1
K5	HPCLAS_TRAIN_P_007187	1	HPCLAS_TRAIN_P_007187	0	2.628885991910399	2.0374135971069336	0.8846696415951695	1
K5	HPCLAS_TRAIN_P_007191	1	HPCLAS_TRAIN_P_007191	0	2.9478961517553244	3.7064647674560547	0.9760247235809327	1
K5	HPCLAS_TRAIN_P_007204	1	HPCLAS_TRAIN_P_007204	0	2.780076527290196	2.6256675720214844	0.9324953431705292	1
K5	HPCLAS_TRAIN_P_007212	1	HPCLAS_TRAIN_P_007212	0	3.204801551684246	1.7958273887634277	0.8576402464318392	1
K5	HPCLAS_TRAIN_P_007213	1	HPCLAS_TRAIN_P_007213	0	1.4726710448183549	2.4522907733917236	0.920728809335781	1
K5	HPCLAS_TRAIN_P_007219	1	HPCLAS_TRAIN_P_007219	0	3.78625459344361	3.831824779510498	0.978789593785989	1
K5	HPCLAS_TRAIN_P_007223	1	HPCLAS_TRAIN_P_007223	0	2.408201924589874	2.3240766525268555	0.9108515239405565	1
K5	HPCLAS_TRAIN_P_007233	1	HPCLAS_TRAIN_P_007233	0	0.2006148719546818	1.0966830253601074	0.7496380886864495	1
K5	HPCLAS_TRAIN_P_007237	1	HPCLAS_TRAIN_P_007237	0	1.0868176560988825	0.7454020977020264	0.6781760149918052	1
K5	HPCLAS_TRAIN_P_007240	1	HPCLAS_TRAIN_P_007240	0	2.863338642282001	1.8428928852081299	0.863290484760472	1
K5	HPCLAS_TRAIN_P_007243	1	HPCLAS_TRAIN_P_007243	0	1.9734627150910904	2.3958399295806885	0.9165095267637876	1
K5	HPCLAS_TRAIN_P_007244	1	HPCLAS_TRAIN_P_007244	0	4.167358086912815	2.774125337600708	0.9412614850693231	1
K5	HPCLAS_TRAIN_P_007269	1	HPCLAS_TRAIN_P_007269	0	0.910747325168296	0.44909557700157166	0.6104241777729305	1
K5	HPCLAS_TRAIN_P_007276	1	HPCLAS_TRAIN_P_007276	0	2.627277657066147	3.301119565963745	0.9644671984586624	1
K5	HPCLAS_TRAIN_P_007283	1	HPCLAS_TRAIN_P_007283	0	0.5257248108134153	-0.19595235586166382	0.45116806244986557	0
K5	HPCLAS_TRAIN_P_007298	1	HPCLAS_TRAIN_P_007298	0	1.098438727473287	1.5472161769866943	0.824511297565348	1
K5	HPCLAS_TRAIN_P_007301	1	HPCLAS_TRAIN_P_007301	0	2.93107384227982	2.8440988063812256	0.9450128397459222	1
K5	HPCLAS_TRAIN_P_007305	1	HPCLAS_TRAIN_P_007305	0	2.8728281015387007	2.8482630252838135	0.9452288268720842	1
K5	HPCLAS_TRAIN_P_007307	1	HPCLAS_TRAIN_P_007307	0	3.806379694710294	2.994356870651245	0.9523185370066894	1
K5	HPCLAS_TRAIN_P_007312	1	HPCLAS_TRAIN_P_007312	0	4.202341351407995	3.9247546195983887	0.9806354103990347	1
K5	HPCLAS_TRAIN_P_007313	1	HPCLAS_TRAIN_P_007313	0	2.224269912727708	2.56516432762146	0.9285856854827763	1
K5	HPCLAS_TRAIN_P_007323	1	HPCLAS_TRAIN_P_007323	0	1.8985188500929808	2.2935731410980225	0.9083433687747553	1
K5	HPCLAS_TRAIN_P_007326	1	HPCLAS_TRAIN_P_004508	0	3.5505756105001485	3.12241530418396	0.9578079431585691	1
K5	HPCLAS_TRAIN_P_007340	1	HPCLAS_TRAIN_P_007340	0	2.8526775155660014	1.9677541255950928	0.8773696794997928	1
K5	HPCLAS_TRAIN_P_007363	1	HPCLAS_TRAIN_P_007363	0	1.850147706267411	1.587472677230835	0.8302602292935368	1
K5	HPCLAS_TRAIN_P_007369	1	HPCLAS_TRAIN_P_007369	0	2.8949780083557184	2.22658371925354	0.9026114670213912	1
K5	HPCLAS_TRAIN_P_007379	1	HPCLAS_TRAIN_P_007379	0	1.2689714878043006	1.675750494003296	0.8423410061715708	1
K5	HPCLAS_TRAIN_P_007382	1	HPCLAS_TRAIN_P_007382	0	2.4440523985238154	2.921196699142456	0.9488843735545136	1
K5	HPCLAS_TRAIN_P_007384	1	HPCLAS_TRAIN_P_007384	0	3.041691672005837	3.2138917446136475	0.9613537144442781	1
K5	HPCLAS_TRAIN_P_007391	1	HPCLAS_TRAIN_P_007391	0	2.15028991414572	1.7377727031707764	0.8504039363533353	1
K5	HPCLAS_TRAIN_P_007403	1	HPCLAS_TRAIN_P_007403	0	1.7289795539696609	2.3160932064056396	0.9102011300857018	1
K5	HPCLAS_TRAIN_P_007408	1	HPCLAS_TRAIN_P_007408	0	3.816759172611599	3.153144598007202	0.959032449068171	1
K5	HPCLAS_TRAIN_P_007415	1	HPCLAS_TRAIN_P_007415	0	1.0428469652743353	1.7157907485961914	0.8475858633380307	1
K5	HPCLAS_TRAIN_P_007419	1	HPCLAS_TRAIN_P_007419	0	1.972500525941624	2.1157004833221436	0.8924198431622006	1
K5	HPCLAS_TRAIN_P_007421	1	HPCLAS_TRAIN_P_007421	0	3.268557717426255	3.073931932449341	0.9558045638771925	1
K5	HPCLAS_TRAIN_P_007429	1	HPCLAS_TRAIN_P_007429	0	3.203469181119847	2.8504741191864014	0.945343185433493	1
K5	HPCLAS_TRAIN_P_007431	1	HPCLAS_TRAIN_P_007431	0	2.59250697093105	2.66717267036438	0.9350615629075051	1
K5	HPCLAS_TRAIN_P_007441	1	HPCLAS_TRAIN_P_007441	0	3.0465254323841067	2.7720911502838135	0.9411489173040718	1
K5	HPCLAS_TRAIN_P_007448	1	HPCLAS_TRAIN_P_007448	0	2.4021509107577623	2.1189839839935303	0.8927346751694357	1
