arm	clean_id	label	homology_group	fold	teacher_logit	student_raw_logit	probability_uncalibrated	prediction_at_0_5
Mixup	HPCLAS_TRAIN_N_000001	0	HPCLAS_TRAIN_N_000001	4	-0.7683322104944428	-0.7594802975654602	0.3187591098673498	0
Mixup	HPCLAS_TRAIN_N_000002	0	HPCLAS_TRAIN_N_000002	4	2.003015763842648	1.0384443998336792	0.7385497404780903	1
Mixup	HPCLAS_TRAIN_N_000014	0	HPCLAS_TRAIN_N_000014	4	-2.162537814080148	-2.684965133666992	0.06386638004133095	0
Mixup	HPCLAS_TRAIN_N_000030	0	HPCLAS_TRAIN_N_000030	4	0.0394488464076143	0.21799571812152863	0.5542841248217908	1
Mixup	HPCLAS_TRAIN_N_000039	0	HPCLAS_TRAIN_N_000039	4	-1.9812690037424536	-2.7146966457366943	0.06211169044826628	0
Mixup	HPCLAS_TRAIN_N_000041	0	HPCLAS_TRAIN_N_000041	4	-1.071145639531475	-2.27140736579895	0.09351883725545375	0
Mixup	HPCLAS_TRAIN_N_000043	0	HPCLAS_TRAIN_N_000043	4	-1.2471546892060577	-1.42363703250885	0.19409204475260308	0
Mixup	HPCLAS_TRAIN_N_000044	0	HPCLAS_TRAIN_N_000044	4	-1.9402125487634951	-2.5770058631896973	0.07063302551348198	0
Mixup	HPCLAS_TRAIN_N_000046	0	HPCLAS_TRAIN_N_000046	4	-1.0376700527509364	-0.6397484540939331	0.34530340390276615	0
Mixup	HPCLAS_TRAIN_N_000051	0	HPCLAS_TRAIN_P_003059	4	-1.911071006562577	-3.006866931915283	0.0471166104716135	0
Mixup	HPCLAS_TRAIN_N_000058	0	HPCLAS_TRAIN_N_000058	4	-1.82901936696156	-3.6120777130126953	0.026286087917950767	0
Mixup	HPCLAS_TRAIN_N_000060	0	HPCLAS_TRAIN_N_000060	4	-2.0312688342106853	-2.0650179386138916	0.11254367517270947	0
Mixup	HPCLAS_TRAIN_N_000062	0	HPCLAS_TRAIN_N_000062	4	-2.123637464034588	-2.427901268005371	0.08106967986179633	0
Mixup	HPCLAS_TRAIN_N_000063	0	HPCLAS_TRAIN_N_000063	4	-1.791765380034473	-3.663700819015503	0.024996607885155668	0
Mixup	HPCLAS_TRAIN_N_000083	0	HPCLAS_TRAIN_N_000083	4	-2.036914696407304	-3.32566499710083	0.034701147246532234	0
Mixup	HPCLAS_TRAIN_N_000094	0	HPCLAS_TRAIN_N_000094	4	-2.0251923133392005	-2.550307512283325	0.07240582912889634	0
Mixup	HPCLAS_TRAIN_N_000097	0	HPCLAS_TRAIN_N_000097	4	-1.0427001923060035	-2.075005531311035	0.11154999199233655	0
Mixup	HPCLAS_TRAIN_N_000105	0	HPCLAS_TRAIN_N_000105	4	-2.217771090349392	-3.460678815841675	0.03045198506725557	0
Mixup	HPCLAS_TRAIN_N_000109	0	HPCLAS_TRAIN_N_000109	4	-1.6212519563540448	-1.0663100481033325	0.25610544411018493	0
Mixup	HPCLAS_TRAIN_N_000126	0	HPCLAS_TRAIN_N_000126	4	-0.8671699775622032	-0.9687028527259827	0.27513912666208246	0
Mixup	HPCLAS_TRAIN_N_000130	0	HPCLAS_TRAIN_N_000130	4	-1.308465532437065	-0.7304280400276184	0.3251008040090898	0
Mixup	HPCLAS_TRAIN_N_000133	0	HPCLAS_TRAIN_N_000133	4	-1.8667474039266545	-2.3922154903411865	0.0837682336599	0
Mixup	HPCLAS_TRAIN_N_000135	0	HPCLAS_TRAIN_N_000135	4	-0.3227560736632472	-0.7727575302124023	0.31588289920019763	0
Mixup	HPCLAS_TRAIN_N_000148	0	HPCLAS_TRAIN_N_000148	4	-1.525919849051388	-2.0993905067443848	0.10915607482818303	0
Mixup	HPCLAS_TRAIN_N_000158	0	HPCLAS_TRAIN_N_000158	4	-1.7700923097424797	-2.395510673522949	0.08351567130393903	0
Mixup	HPCLAS_TRAIN_N_000160	0	HPCLAS_TRAIN_N_000160	4	-0.9124104809772612	-1.9794484376907349	0.12137764703416658	0
Mixup	HPCLAS_TRAIN_N_000180	0	HPCLAS_TRAIN_N_000180	4	-1.8750636095913935	-1.1513117551803589	0.2402495671790986	0
Mixup	HPCLAS_TRAIN_N_000185	0	HPCLAS_TRAIN_N_000185	4	-1.6994584425523638	-1.9463520050048828	0.12495168001272967	0
Mixup	HPCLAS_TRAIN_N_000192	0	HPCLAS_TRAIN_N_000192	4	-2.375583450603081	-2.645256757736206	0.0662819591900105	0
Mixup	HPCLAS_TRAIN_N_000195	0	HPCLAS_TRAIN_N_000195	4	1.1496835857439645	0.16420379281044006	0.5409589585570245	1
Mixup	HPCLAS_TRAIN_N_000200	0	HPCLAS_TRAIN_N_000200	4	-1.955704198261403	-2.549758195877075	0.07244273165720957	0
Mixup	HPCLAS_TRAIN_N_000201	0	HPCLAS_TRAIN_N_000201	4	-1.1482275772991	-1.0458992719650269	0.2600133303127287	0
Mixup	HPCLAS_TRAIN_N_000202	0	HPCLAS_TRAIN_N_004968	4	0.9654364469272408	0.013842623680830002	0.5034606006608695	1
Mixup	HPCLAS_TRAIN_N_000207	0	HPCLAS_TRAIN_N_000207	4	-1.5610715643472863	-0.9824140667915344	0.2724130427448996	0
Mixup	HPCLAS_TRAIN_N_000210	0	HPCLAS_TRAIN_N_000210	4	-1.9970494681135045	-3.0830655097961426	0.04381121595403494	0
Mixup	HPCLAS_TRAIN_N_000213	0	HPCLAS_TRAIN_N_000213	4	-1.6497747223915835	-3.5577268600463867	0.027713607646748125	0
Mixup	HPCLAS_TRAIN_N_000215	0	HPCLAS_TRAIN_N_000215	4	-1.8498502199952225	-2.807480812072754	0.0569212630725126	0
Mixup	HPCLAS_TRAIN_N_000233	0	HPCLAS_TRAIN_N_000233	4	-0.2930895075430768	-0.9838822484016418	0.27212214027145915	0
Mixup	HPCLAS_TRAIN_N_000241	0	HPCLAS_TRAIN_N_000241	4	-0.7402599909295016	-1.1307055950164795	0.2440309093517391	0
Mixup	HPCLAS_TRAIN_N_000244	0	HPCLAS_TRAIN_N_000244	4	-1.525791358015667	-1.613025188446045	0.16616902947487244	0
Mixup	HPCLAS_TRAIN_N_000245	0	HPCLAS_TRAIN_N_000245	4	-2.2674772851344724	-3.342580795288086	0.03413895747895106	0
Mixup	HPCLAS_TRAIN_N_000263	0	HPCLAS_TRAIN_N_000263	4	-0.4491853628618211	-0.47351914644241333	0.3837836477787599	0
Mixup	HPCLAS_TRAIN_N_000268	0	HPCLAS_TRAIN_N_000268	4	-1.5904561181939252	-2.237168788909912	0.0964620200888218	0
Mixup	HPCLAS_TRAIN_N_000277	0	HPCLAS_TRAIN_N_000277	4	-1.359297535996292	-2.5670623779296875	0.07128854896547489	0
Mixup	HPCLAS_TRAIN_N_000278	0	HPCLAS_TRAIN_N_000278	4	-0.9918136023347324	-2.030240535736084	0.11606424242681757	0
Mixup	HPCLAS_TRAIN_N_000280	0	HPCLAS_TRAIN_N_000280	4	-1.4159765182707325	-2.2348084449768066	0.09666793685586474	0
Mixup	HPCLAS_TRAIN_N_000281	0	HPCLAS_TRAIN_N_000281	4	-1.024981186512722	-1.5454485416412354	0.17574461259443958	0
Mixup	HPCLAS_TRAIN_N_000282	0	HPCLAS_TRAIN_N_000282	4	-0.2955450662508851	1.000058650970459	0.7310701099544197	1
Mixup	HPCLAS_TRAIN_N_000287	0	HPCLAS_TRAIN_N_000287	4	-1.8892692818714265	-3.2277064323425293	0.03813629045679653	0
Mixup	HPCLAS_TRAIN_N_000307	0	HPCLAS_TRAIN_N_000307	4	-1.498117297177034	-2.1266629695892334	0.10653220375389841	0
Mixup	HPCLAS_TRAIN_N_000308	0	HPCLAS_TRAIN_N_000308	4	-1.9949526813048375	-2.399867534637451	0.08318279819777055	0
Mixup	HPCLAS_TRAIN_N_000310	0	HPCLAS_TRAIN_N_000310	4	0.7740769893186453	-0.7502279877662659	0.32077162546117993	0
Mixup	HPCLAS_TRAIN_N_000316	0	HPCLAS_TRAIN_N_000316	4	-0.28980348305981	-0.9828944802284241	0.27231783320672054	0
Mixup	HPCLAS_TRAIN_N_000318	0	HPCLAS_TRAIN_N_000318	4	1.299952454283948	1.4171801805496216	0.8048959770329911	1
Mixup	HPCLAS_TRAIN_N_000323	0	HPCLAS_TRAIN_N_000323	4	-2.1662142570415504	-2.7137413024902344	0.06216736613654725	0
Mixup	HPCLAS_TRAIN_N_000331	0	HPCLAS_TRAIN_N_000331	4	-1.4802956417140112	-2.2681660652160645	0.0937939744983282	0
Mixup	HPCLAS_TRAIN_N_000337	0	HPCLAS_TRAIN_N_000337	4	-0.6970112038211387	-1.5038373470306396	0.181853894425236	0
Mixup	HPCLAS_TRAIN_N_000353	0	HPCLAS_TRAIN_N_000353	4	0.355073031259046	-0.13187794387340546	0.46707821427783586	0
Mixup	HPCLAS_TRAIN_N_000357	0	HPCLAS_TRAIN_N_000357	4	-1.001424805667108	-2.103557825088501	0.10875150006125807	0
Mixup	HPCLAS_TRAIN_N_000364	0	HPCLAS_TRAIN_N_000364	4	-1.7123827350143466	-3.047837018966675	0.04531094745932148	0
Mixup	HPCLAS_TRAIN_N_000376	0	HPCLAS_TRAIN_P_000993	4	0.2512250558726975	-0.7964654564857483	0.3107820992385373	0
Mixup	HPCLAS_TRAIN_N_000386	0	HPCLAS_TRAIN_N_000386	4	-0.89189619374927	-1.6252707242965698	0.16447925500599284	0
Mixup	HPCLAS_TRAIN_N_000388	0	HPCLAS_TRAIN_N_000388	4	-2.267930215725152	-3.012746810913086	0.0468533255473741	0
Mixup	HPCLAS_TRAIN_N_000389	0	HPCLAS_TRAIN_N_000389	4	0.3625853423668131	0.9395855069160461	0.7190159241418501	1
Mixup	HPCLAS_TRAIN_N_000399	0	HPCLAS_TRAIN_N_000399	4	-2.1427965695479902	-2.770880937576294	0.05891814931054412	0
Mixup	HPCLAS_TRAIN_N_000410	0	HPCLAS_TRAIN_N_000410	4	-1.359886467870285	-2.721313714981079	0.061727335916282974	0
Mixup	HPCLAS_TRAIN_N_000411	0	HPCLAS_TRAIN_N_000411	4	-2.0650234127446847	-2.685959577560425	0.06380695054140981	0
Mixup	HPCLAS_TRAIN_N_000414	0	HPCLAS_TRAIN_N_000414	4	-0.5497716712592287	-0.8091346025466919	0.30807493730188545	0
Mixup	HPCLAS_TRAIN_N_000422	0	HPCLAS_TRAIN_N_000422	4	-2.072001975926921	-1.72164785861969	0.15165903080464874	0
Mixup	HPCLAS_TRAIN_N_000423	0	HPCLAS_TRAIN_N_000423	4	-1.3191272539206458	-1.8376210927963257	0.13733288473338656	0
Mixup	HPCLAS_TRAIN_N_000449	0	HPCLAS_TRAIN_N_000449	4	-1.7566308580876664	-2.602508783340454	0.06897713374002477	0
Mixup	HPCLAS_TRAIN_N_000451	0	HPCLAS_TRAIN_N_000451	4	-0.3361040751308329	-0.6435551047325134	0.34444334584582664	0
Mixup	HPCLAS_TRAIN_N_000452	0	HPCLAS_TRAIN_N_000452	4	-2.147044849222066	-2.8079452514648438	0.05689633652325952	0
Mixup	HPCLAS_TRAIN_N_000466	0	HPCLAS_TRAIN_N_000466	4	-2.1651678444880145	-3.232428550720215	0.037963451396338346	0
Mixup	HPCLAS_TRAIN_N_000470	0	HPCLAS_TRAIN_N_000470	4	-1.7408764252713151	-1.7115857601165771	0.15295814850115072	0
Mixup	HPCLAS_TRAIN_N_000478	0	HPCLAS_TRAIN_N_000478	4	-2.6190963543251544	-2.969353675842285	0.04882973302446348	0
Mixup	HPCLAS_TRAIN_N_000483	0	HPCLAS_TRAIN_N_000483	4	-1.0349701229783523	-1.795138955116272	0.1424438275067395	0
Mixup	HPCLAS_TRAIN_N_000485	0	HPCLAS_TRAIN_N_000485	4	-0.48314211081603	-0.9705536961555481	0.27477015257918924	0
Mixup	HPCLAS_TRAIN_N_000488	0	HPCLAS_TRAIN_N_000488	4	-1.598864357103553	-2.500183343887329	0.07584532793279933	0
Mixup	HPCLAS_TRAIN_N_000499	0	HPCLAS_TRAIN_N_000499	4	-1.7847785264409897	-2.5900936126708984	0.06977870626723472	0
Mixup	HPCLAS_TRAIN_N_000504	0	HPCLAS_TRAIN_N_000504	4	-1.6258582036157634	-2.2654943466186523	0.09402130825137973	0
Mixup	HPCLAS_TRAIN_N_000519	0	HPCLAS_TRAIN_N_000519	4	-1.9505428307455792	-1.9495469331741333	0.12460276891621178	0
Mixup	HPCLAS_TRAIN_N_000521	0	HPCLAS_TRAIN_N_000521	4	-0.7545152123360781	-1.7807639837265015	0.14420882321217468	0
Mixup	HPCLAS_TRAIN_N_000528	0	HPCLAS_TRAIN_N_000528	4	-1.9703729165410384	-3.0628485679626465	0.04466599418802691	0
Mixup	HPCLAS_TRAIN_N_000547	0	HPCLAS_TRAIN_N_000547	4	0.2825979831853977	1.1171891689300537	0.75346696400166	1
Mixup	HPCLAS_TRAIN_N_000554	0	HPCLAS_TRAIN_N_000554	4	-2.044814123428992	-3.046421527862549	0.045372218007123176	0
Mixup	HPCLAS_TRAIN_N_000556	0	HPCLAS_TRAIN_N_000556	4	0.2207828453801975	0.16170284152030945	0.5403378531210843	1
Mixup	HPCLAS_TRAIN_N_000568	0	HPCLAS_TRAIN_N_000568	4	-1.7968970949008571	-2.1540539264678955	0.10395300620096759	0
Mixup	HPCLAS_TRAIN_N_000582	0	HPCLAS_TRAIN_N_000582	4	-2.213236520260524	-2.9304404258728027	0.0506691354723863	0
Mixup	HPCLAS_TRAIN_N_000587	0	HPCLAS_TRAIN_N_000587	4	-2.410355068681566	-2.4306955337524414	0.08086175789471324	0
Mixup	HPCLAS_TRAIN_N_000596	0	HPCLAS_TRAIN_N_000596	4	-1.6825564425408088	-2.2595272064208984	0.09453082984209706	0
Mixup	HPCLAS_TRAIN_N_000598	0	HPCLAS_TRAIN_N_000598	4	-1.425368091621893	-1.881832480430603	0.13217853281826478	0
Mixup	HPCLAS_TRAIN_N_000599	0	HPCLAS_TRAIN_N_000599	4	-1.326163260865196	-1.286965250968933	0.21636691650787743	0
Mixup	HPCLAS_TRAIN_N_000601	0	HPCLAS_TRAIN_N_000601	4	-2.138082344916462	-2.2978456020355225	0.09130154456369223	0
Mixup	HPCLAS_TRAIN_N_000603	0	HPCLAS_TRAIN_N_000603	4	-1.417677599806752	-1.9928747415542603	0.11995306061383175	0
Mixup	HPCLAS_TRAIN_N_000608	0	HPCLAS_TRAIN_N_000608	4	-1.987011675442526	-3.553330183029175	0.027832324910992093	0
Mixup	HPCLAS_TRAIN_N_000626	0	HPCLAS_TRAIN_N_000626	4	-0.602840326877389	-1.2883940935134888	0.21612475118815017	0
Mixup	HPCLAS_TRAIN_N_000628	0	HPCLAS_TRAIN_N_000628	4	-1.867679427057332	-2.853337526321411	0.05450905242983411	0
Mixup	HPCLAS_TRAIN_N_000633	0	HPCLAS_TRAIN_N_000633	4	-0.3638208790891133	-1.1236647367477417	0.2453321454172393	0
Mixup	HPCLAS_TRAIN_N_000636	0	HPCLAS_TRAIN_N_000636	4	-1.2088527012436543	-2.5619425773620605	0.07162825789041807	0
Mixup	HPCLAS_TRAIN_N_000644	0	HPCLAS_TRAIN_N_000644	4	-1.3782175566688224	-1.7443076372146606	0.14876661069898853	0
Mixup	HPCLAS_TRAIN_N_000662	0	HPCLAS_TRAIN_N_000662	4	0.0453743088720388	-1.8081767559051514	0.14085862568264124	0
Mixup	HPCLAS_TRAIN_N_000676	0	HPCLAS_TRAIN_N_000676	4	-1.8993110624765757	-2.4941587448120117	0.0762686895979214	0
Mixup	HPCLAS_TRAIN_N_000679	0	HPCLAS_TRAIN_N_000679	4	-0.1318634782603423	-1.482966423034668	0.18497977666917087	0
Mixup	HPCLAS_TRAIN_N_000680	0	HPCLAS_TRAIN_N_000680	4	-1.1479616404023445	-1.501076102256775	0.18226508181804	0
Mixup	HPCLAS_TRAIN_N_000684	0	HPCLAS_TRAIN_N_000684	4	0.9825769023519754	-0.9569836258888245	0.27748252949606667	0
Mixup	HPCLAS_TRAIN_N_000685	0	HPCLAS_TRAIN_N_000685	4	-1.419170856083687	-2.4039950370788574	0.08286856180717701	0
Mixup	HPCLAS_TRAIN_N_000688	0	HPCLAS_TRAIN_N_000688	4	-1.854586811723984	-2.7095823287963867	0.062410287045588424	0
Mixup	HPCLAS_TRAIN_N_000703	0	HPCLAS_TRAIN_N_000703	4	-1.600859186561197	-2.683897018432617	0.06393026970044698	0
Mixup	HPCLAS_TRAIN_N_000705	0	HPCLAS_TRAIN_N_000705	4	2.8550251739519195	2.8503456115722656	0.9453365451360963	1
Mixup	HPCLAS_TRAIN_N_000706	0	HPCLAS_TRAIN_N_000706	4	-0.7785020572369349	-0.9958279728889465	0.2697624819830893	0
Mixup	HPCLAS_TRAIN_N_000712	0	HPCLAS_TRAIN_N_000712	4	-1.586488087809492	-2.053887367248535	0.11366017338149045	0
Mixup	HPCLAS_TRAIN_N_000727	0	HPCLAS_TRAIN_N_000727	4	-2.094644936662976	-2.9172847270965576	0.05130570165231651	0
Mixup	HPCLAS_TRAIN_N_000728	0	HPCLAS_TRAIN_N_000728	4	-0.7316230192665326	-0.5666701197624207	0.3620055318201812	0
Mixup	HPCLAS_TRAIN_N_000734	0	HPCLAS_TRAIN_N_000734	4	-1.33738948622665	-2.1466851234436035	0.10464139233144636	0
Mixup	HPCLAS_TRAIN_N_000755	0	HPCLAS_TRAIN_N_000755	4	-0.2746148978547486	-0.9686999917030334	0.2751396972579647	0
Mixup	HPCLAS_TRAIN_N_000762	0	HPCLAS_TRAIN_N_000762	4	-2.260746977479021	-2.60659122467041	0.0687154231375521	0
Mixup	HPCLAS_TRAIN_N_000775	0	HPCLAS_TRAIN_N_000775	4	-0.2691649312585282	-0.6609960198402405	0.34051590501190465	0
Mixup	HPCLAS_TRAIN_N_000776	0	HPCLAS_TRAIN_N_000776	4	-0.6443910467074776	-0.9574465751647949	0.27738972422087793	0
Mixup	HPCLAS_TRAIN_N_000781	0	HPCLAS_TRAIN_N_000781	4	-0.8888157825233526	-0.6154116988182068	0.35082570681473774	0
Mixup	HPCLAS_TRAIN_N_000783	0	HPCLAS_TRAIN_N_000783	4	-2.2502253351320447	-3.2863452434539795	0.036042609975089866	0
Mixup	HPCLAS_TRAIN_N_000800	0	HPCLAS_TRAIN_N_000800	4	-0.8622350751869663	-1.6083534955978394	0.16681733456365047	0
Mixup	HPCLAS_TRAIN_N_000802	0	HPCLAS_TRAIN_N_000802	4	-1.8812239014589056	-3.2919106483459473	0.035849746598668075	0
Mixup	HPCLAS_TRAIN_N_000809	0	HPCLAS_TRAIN_N_000809	4	-0.8196867847403465	-1.7156671285629272	0.1524301070869103	0
Mixup	HPCLAS_TRAIN_N_000814	0	HPCLAS_TRAIN_P_006779	4	-1.952902754035381	-3.9875292778015137	0.018207805818701878	0
Mixup	HPCLAS_TRAIN_N_000820	0	HPCLAS_TRAIN_N_000820	4	-2.0921148309095123	-2.254223108291626	0.09498581024245781	0
Mixup	HPCLAS_TRAIN_N_000824	0	HPCLAS_TRAIN_N_000824	4	-1.7843982397974287	-2.5593433380126953	0.07180129376816614	0
Mixup	HPCLAS_TRAIN_N_000825	0	HPCLAS_TRAIN_N_000825	4	-1.8199084563527927	-2.60056209564209	0.06910225358386175	0
Mixup	HPCLAS_TRAIN_N_000826	0	HPCLAS_TRAIN_N_000826	4	-1.899369227206828	-3.330687999725342	0.03453328452125919	0
Mixup	HPCLAS_TRAIN_N_000828	0	HPCLAS_TRAIN_N_000828	4	-1.3195210036808367	-2.976041316986084	0.04852005844642731	0
Mixup	HPCLAS_TRAIN_N_000829	0	HPCLAS_TRAIN_N_000829	4	-0.4545203105782783	-0.14090079069137573	0.46483296411155306	0
Mixup	HPCLAS_TRAIN_N_000833	0	HPCLAS_TRAIN_N_000833	4	-0.6693555154503553	-2.0419363975524902	0.11486970261816207	0
Mixup	HPCLAS_TRAIN_N_000837	0	HPCLAS_TRAIN_N_000837	4	-1.48849299419184	-2.7153830528259277	0.06207171662399387	0
Mixup	HPCLAS_TRAIN_N_000838	0	HPCLAS_TRAIN_N_000838	4	-2.3374280613220617	-3.4897375106811523	0.029605644343143687	0
Mixup	HPCLAS_TRAIN_N_000858	0	HPCLAS_TRAIN_N_000858	4	-0.971312884382027	-2.0562522411346436	0.11342214992801838	0
Mixup	HPCLAS_TRAIN_N_000864	0	HPCLAS_TRAIN_N_000864	4	-2.260472458313316	-2.916823625564575	0.051328149687860355	0
Mixup	HPCLAS_TRAIN_N_000885	0	HPCLAS_TRAIN_N_000885	4	1.4244153912944673	1.1196337938308716	0.7539207826468947	1
Mixup	HPCLAS_TRAIN_N_000892	0	HPCLAS_TRAIN_N_000892	4	-1.6261003357646149	-2.442272424697876	0.08000549151749207	0
Mixup	HPCLAS_TRAIN_N_000893	0	HPCLAS_TRAIN_N_000893	4	-1.4781215924954472	-1.723378300666809	0.15143652878296707	0
Mixup	HPCLAS_TRAIN_N_000896	0	HPCLAS_TRAIN_N_000896	4	-2.0921815712275174	-4.037670135498047	0.017332795089134604	0
Mixup	HPCLAS_TRAIN_N_000899	0	HPCLAS_TRAIN_N_000899	4	-2.0287451481295906	-2.310077428817749	0.09029178456169976	0
Mixup	HPCLAS_TRAIN_N_000909	0	HPCLAS_TRAIN_N_000909	4	-1.1275950523629827	-2.223328113555908	0.09767508911210103	0
Mixup	HPCLAS_TRAIN_N_000914	0	HPCLAS_TRAIN_N_000914	4	-1.211803754355689	-2.1810381412506104	0.10146624051821317	0
Mixup	HPCLAS_TRAIN_N_000920	0	HPCLAS_TRAIN_N_000920	4	-1.937723090147968	-2.995380163192749	0.04763501888678008	0
Mixup	HPCLAS_TRAIN_N_000956	0	HPCLAS_TRAIN_N_000956	4	0.0371138730082861	0.24368783831596375	0.5606222579293068	1
Mixup	HPCLAS_TRAIN_N_000975	0	HPCLAS_TRAIN_N_000975	4	-2.021645380161079	-3.3479385375976562	0.03396273428969374	0
Mixup	HPCLAS_TRAIN_N_000986	0	HPCLAS_TRAIN_N_000986	4	-1.9723281149600929	-1.9729396104812622	0.12207349403285907	0
Mixup	HPCLAS_TRAIN_N_000998	0	HPCLAS_TRAIN_N_000998	4	-0.5120426974743005	0.0589846633374691	0.5147418919279833	1
Mixup	HPCLAS_TRAIN_N_001009	0	HPCLAS_TRAIN_N_001009	4	-0.5330242640368184	-1.445342779159546	0.1907193518168338	0
Mixup	HPCLAS_TRAIN_N_001015	0	HPCLAS_TRAIN_N_001015	4	-2.134064727153942	-3.078249454498291	0.04401341298936117	0
Mixup	HPCLAS_TRAIN_N_001027	0	HPCLAS_TRAIN_N_001027	4	-0.0702174779028048	-0.31066009402275085	0.42295362558728805	0
Mixup	HPCLAS_TRAIN_N_001033	0	HPCLAS_TRAIN_N_001033	4	-1.339076574574957	-1.2165145874023438	0.22855040000743015	0
Mixup	HPCLAS_TRAIN_N_001053	0	HPCLAS_TRAIN_N_001053	4	-1.804684470188608	-2.783811092376709	0.05820528914679667	0
Mixup	HPCLAS_TRAIN_N_001054	0	HPCLAS_TRAIN_N_001054	4	-1.423445529124061	-2.4307076930999756	0.08086085417850278	0
Mixup	HPCLAS_TRAIN_N_001056	0	HPCLAS_TRAIN_N_001056	4	-1.564444306620866	-2.321976661682129	0.08931914465659456	0
Mixup	HPCLAS_TRAIN_N_001059	0	HPCLAS_TRAIN_N_001059	4	-1.28063743453831	-2.342838764190674	0.08763667136320795	0
Mixup	HPCLAS_TRAIN_N_001063	0	HPCLAS_TRAIN_N_001063	4	-2.248589734102751	-3.076544761657715	0.044085195822243115	0
Mixup	HPCLAS_TRAIN_N_001080	0	HPCLAS_TRAIN_N_001080	4	-1.988973880920034	-2.037083148956299	0.11536407807328057	0
Mixup	HPCLAS_TRAIN_N_001090	0	HPCLAS_TRAIN_N_001090	4	-1.503712186919547	-2.345437526702881	0.08742910599786845	0
Mixup	HPCLAS_TRAIN_N_001098	0	HPCLAS_TRAIN_N_001098	4	-2.4817869931991274	-3.321892261505127	0.03482774457142721	0
Mixup	HPCLAS_TRAIN_N_001111	0	HPCLAS_TRAIN_N_001111	4	-1.9341979726374667	-2.078885793685913	0.11116601166579546	0
Mixup	HPCLAS_TRAIN_N_001115	0	HPCLAS_TRAIN_N_001115	4	-1.0441433148677088	-1.1992765665054321	0.2316039362973146	0
Mixup	HPCLAS_TRAIN_N_001128	0	HPCLAS_TRAIN_N_001128	4	0.446819733464089	2.294794797897339	0.9084450279325391	1
Mixup	HPCLAS_TRAIN_N_001132	0	HPCLAS_TRAIN_N_001132	4	-1.5545833597429746	-2.7079179286956787	0.06250775078484044	0
Mixup	HPCLAS_TRAIN_N_001137	0	HPCLAS_TRAIN_N_001137	4	-1.934674107609729	-2.764402151107788	0.05927840552963602	0
Mixup	HPCLAS_TRAIN_N_001139	0	HPCLAS_TRAIN_N_001139	4	-0.3345603964294051	-0.49340754747390747	0.37909116572638657	0
Mixup	HPCLAS_TRAIN_N_001144	0	HPCLAS_TRAIN_N_001144	4	-0.8202673199180763	-0.09377960860729218	0.47657226515767365	0
Mixup	HPCLAS_TRAIN_N_001155	0	HPCLAS_TRAIN_N_001155	4	-1.8119939601328012	-2.010007858276367	0.11815615901149762	0
Mixup	HPCLAS_TRAIN_N_001171	0	HPCLAS_TRAIN_N_001171	4	-0.3620649714486675	-0.050554271787405014	0.4873641231006254	0
Mixup	HPCLAS_TRAIN_N_001184	0	HPCLAS_TRAIN_N_001184	4	-1.955529222325415	-2.4726524353027344	0.07779772229392642	0
Mixup	HPCLAS_TRAIN_N_001187	0	HPCLAS_TRAIN_N_001187	4	-1.3045465124569555	-1.6020536422729492	0.16769478570913893	0
Mixup	HPCLAS_TRAIN_N_001197	0	HPCLAS_TRAIN_N_001197	4	-2.081060150204811	-2.158947467803955	0.10349807119386721	0
Mixup	HPCLAS_TRAIN_N_001206	0	HPCLAS_TRAIN_P_006483	4	-0.5330584078693233	-0.5146225690841675	0.37411051417580937	0
Mixup	HPCLAS_TRAIN_N_001207	0	HPCLAS_TRAIN_N_001207	4	-1.88614181318783	-1.9052915573120117	0.12951074586456227	0
Mixup	HPCLAS_TRAIN_N_001213	0	HPCLAS_TRAIN_N_001213	4	-0.8421764763834836	-0.572145402431488	0.3607419319573189	0
Mixup	HPCLAS_TRAIN_N_001214	0	HPCLAS_TRAIN_P_004022	4	-2.15299623948278	-3.1320106983184814	0.0418059877610253	0
Mixup	HPCLAS_TRAIN_N_001219	0	HPCLAS_TRAIN_N_001219	4	-1.956535202269949	-2.8078699111938477	0.05690037935262779	0
Mixup	HPCLAS_TRAIN_N_001229	0	HPCLAS_TRAIN_N_001229	4	-1.7925438252810708	-2.6833858489990234	0.0639608665296813	0
Mixup	HPCLAS_TRAIN_N_001233	0	HPCLAS_TRAIN_N_001233	4	-0.7862611373312857	-0.7397132515907288	0.3230668509256693	0
Mixup	HPCLAS_TRAIN_N_001235	0	HPCLAS_TRAIN_N_001235	4	-1.8019843440677388	-3.203895330429077	0.039019397475923354	0
Mixup	HPCLAS_TRAIN_N_001253	0	HPCLAS_TRAIN_N_001253	4	-1.9148287627107052	-2.516510009765625	0.0747088414255136	0
Mixup	HPCLAS_TRAIN_N_001259	0	HPCLAS_TRAIN_N_001259	4	0.2618539033767404	-0.2781950831413269	0.43089633090672597	0
Mixup	HPCLAS_TRAIN_N_001265	0	HPCLAS_TRAIN_N_001265	4	-1.6841833697597544	-2.215817451477051	0.0983390419692334	0
Mixup	HPCLAS_TRAIN_N_001272	0	HPCLAS_TRAIN_N_001272	4	-1.9765578654453049	-3.0737051963806152	0.04420501494297209	0
Mixup	HPCLAS_TRAIN_N_001273	0	HPCLAS_TRAIN_N_001273	4	-1.998131075419719	-1.8335734605789185	0.13781312240422283	0
Mixup	HPCLAS_TRAIN_N_001280	0	HPCLAS_TRAIN_N_001280	4	-2.200092265528006	-2.7721004486083984	0.0588505676858533	0
Mixup	HPCLAS_TRAIN_N_001282	0	HPCLAS_TRAIN_N_001282	4	-2.022537256214904	-3.156689167022705	0.0408285139816566	0
Mixup	HPCLAS_TRAIN_N_001286	0	HPCLAS_TRAIN_N_001286	4	0.0555961239712811	-0.7540329098701477	0.31994318567991503	0
Mixup	HPCLAS_TRAIN_N_001292	0	HPCLAS_TRAIN_N_001292	4	-1.264891531694211	-2.5280261039733887	0.07391665207951852	0
Mixup	HPCLAS_TRAIN_N_001299	0	HPCLAS_TRAIN_N_001299	4	-1.485850359386805	-1.9522833824157715	0.12430459195420333	0
Mixup	HPCLAS_TRAIN_N_001309	0	HPCLAS_TRAIN_N_001309	4	-0.5116817334903537	0.5548844933509827	0.635268086556474	1
Mixup	HPCLAS_TRAIN_N_001315	0	HPCLAS_TRAIN_N_001315	4	-1.1922164734227267	-1.5801267623901367	0.17077753012595692	0
Mixup	HPCLAS_TRAIN_N_001317	0	HPCLAS_TRAIN_N_001317	4	2.557753209011571	3.1362569332122803	0.9583637784137512	1
Mixup	HPCLAS_TRAIN_N_001324	0	HPCLAS_TRAIN_N_001324	4	-1.809654185978022	-2.308210849761963	0.09044522112788213	0
Mixup	HPCLAS_TRAIN_N_001329	0	HPCLAS_TRAIN_N_001329	4	-2.2053928707308263	-3.7365074157714844	0.023282227993887437	0
Mixup	HPCLAS_TRAIN_N_001332	0	HPCLAS_TRAIN_N_001332	4	-1.9749204017292936	-2.502643346786499	0.07567307922165815	0
Mixup	HPCLAS_TRAIN_N_001340	0	HPCLAS_TRAIN_N_001340	4	-2.099008718660708	-3.6358439922332764	0.025684587181918093	0
Mixup	HPCLAS_TRAIN_N_001341	0	HPCLAS_TRAIN_N_001341	4	-2.063260537150072	-2.747476100921631	0.06022934887799496	0
Mixup	HPCLAS_TRAIN_N_001355	0	HPCLAS_TRAIN_N_001355	4	-1.159702367736949	-1.5533778667449951	0.17459893458575992	0
Mixup	HPCLAS_TRAIN_N_001357	0	HPCLAS_TRAIN_N_001357	4	-1.705893296713784	-2.39570689201355	0.08350065381022519	0
Mixup	HPCLAS_TRAIN_N_001363	0	HPCLAS_TRAIN_N_001363	4	-1.7733733783212495	-1.7172349691390991	0.1522276600196563	0
Mixup	HPCLAS_TRAIN_N_001364	0	HPCLAS_TRAIN_N_001364	4	-0.3414049194736936	-0.24606209993362427	0.43879298665615596	0
Mixup	HPCLAS_TRAIN_N_001368	0	HPCLAS_TRAIN_N_001368	4	-0.4908364212676253	-0.8307459950447083	0.30348735655592635	0
Mixup	HPCLAS_TRAIN_N_001378	0	HPCLAS_TRAIN_N_001378	4	-1.690363161459538	-2.1748645305633545	0.10203048026518875	0
Mixup	HPCLAS_TRAIN_N_001380	0	HPCLAS_TRAIN_N_001380	4	1.9765854711380129	0.8029904961585999	0.6906138135606426	1
Mixup	HPCLAS_TRAIN_N_001386	0	HPCLAS_TRAIN_N_001386	4	0.2861830814962373	-1.174619436264038	0.2360210146949614	0
Mixup	HPCLAS_TRAIN_N_001388	0	HPCLAS_TRAIN_N_001388	4	-2.609714503125645	-3.9174137115478516	0.0195044834845616	0
Mixup	HPCLAS_TRAIN_N_001392	0	HPCLAS_TRAIN_N_001392	4	-1.2381126629943289	-1.2865267992019653	0.21644126624688348	0
Mixup	HPCLAS_TRAIN_N_001394	0	HPCLAS_TRAIN_N_001394	4	-1.605799849996152	-2.1883955001831055	0.1007974279849359	0
Mixup	HPCLAS_TRAIN_N_001397	0	HPCLAS_TRAIN_N_001397	4	-1.5531852638340498	-2.0978589057922363	0.10930509845536614	0
Mixup	HPCLAS_TRAIN_N_001400	0	HPCLAS_TRAIN_N_001400	4	0.6089474655844236	0.04506127908825874	0.5112634139553428	1
Mixup	HPCLAS_TRAIN_N_001402	0	HPCLAS_TRAIN_N_001402	4	-1.4315233617153749	-2.492135524749756	0.07641135130118415	0
Mixup	HPCLAS_TRAIN_N_001411	0	HPCLAS_TRAIN_N_001411	4	-1.9095420087310515	-2.961437225341797	0.04919873167015397	0
Mixup	HPCLAS_TRAIN_N_001415	0	HPCLAS_TRAIN_N_001415	4	-0.7603862260819052	-1.4613921642303467	0.18825448966694036	0
Mixup	HPCLAS_TRAIN_N_001418	0	HPCLAS_TRAIN_N_001418	4	-1.3007538158210104	0.06574958562850952	0.516431477382885	1
Mixup	HPCLAS_TRAIN_N_001426	0	HPCLAS_TRAIN_N_001426	4	-2.340586660634949	-3.1525089740753174	0.040992531382171536	0
Mixup	HPCLAS_TRAIN_N_001436	0	HPCLAS_TRAIN_N_001436	4	-1.0328939184268746	-1.9733093976974487	0.12203386889963774	0
Mixup	HPCLAS_TRAIN_N_001442	0	HPCLAS_TRAIN_N_001442	4	-2.426709852198413	-4.163802146911621	0.015310279115909283	0
Mixup	HPCLAS_TRAIN_N_001443	0	HPCLAS_TRAIN_N_001443	4	1.389766670219296	-0.5602434277534485	0.3634911371045155	0
Mixup	HPCLAS_TRAIN_N_001447	0	HPCLAS_TRAIN_N_001447	4	-1.712253971277181	-2.29125714302063	0.09184963369107274	0
Mixup	HPCLAS_TRAIN_N_001457	0	HPCLAS_TRAIN_N_001457	4	-1.8236843335334625	-2.3904428482055664	0.08390438634517858	0
Mixup	HPCLAS_TRAIN_N_001461	0	HPCLAS_TRAIN_N_001461	4	-2.436198011196343	-3.4341118335723877	0.031246227269524075	0
Mixup	HPCLAS_TRAIN_N_001462	0	HPCLAS_TRAIN_N_001462	4	-1.1965895549088037	-1.3896344900131226	0.1994661148470061	0
Mixup	HPCLAS_TRAIN_N_001475	0	HPCLAS_TRAIN_N_001475	4	-2.7192942487077665	-3.941380500793457	0.01905138079199653	0
Mixup	HPCLAS_TRAIN_N_001477	0	HPCLAS_TRAIN_N_001477	4	-0.986382981016778	-2.0509696006774902	0.11395444518340851	0
Mixup	HPCLAS_TRAIN_N_001484	0	HPCLAS_TRAIN_N_001484	4	-2.472589975636493	-3.6405839920043945	0.025566235519313002	0
Mixup	HPCLAS_TRAIN_N_001488	0	HPCLAS_TRAIN_N_001488	4	-1.2767763484458066	-1.9737144708633423	0.1219904753553273	0
Mixup	HPCLAS_TRAIN_N_001492	0	HPCLAS_TRAIN_N_001492	4	-1.590698220884583	-2.562394142150879	0.07159823570081543	0
Mixup	HPCLAS_TRAIN_N_001498	0	HPCLAS_TRAIN_N_001498	4	-2.008120904796676	-3.2813544273376465	0.03621641067495148	0
Mixup	HPCLAS_TRAIN_N_001500	0	HPCLAS_TRAIN_N_001500	4	-0.6343566214325862	-0.5401571393013	0.36815102841469216	0
Mixup	HPCLAS_TRAIN_N_001504	0	HPCLAS_TRAIN_N_001504	4	-0.2614082693973257	0.4244111180305481	0.6045383083460517	1
Mixup	HPCLAS_TRAIN_N_001522	0	HPCLAS_TRAIN_N_001522	4	-1.1664037159926024	-2.232400894165039	0.09687837625361823	0
Mixup	HPCLAS_TRAIN_N_001523	0	HPCLAS_TRAIN_N_001523	4	-1.3460956925258651	-0.9236317276954651	0.2842184830223335	0
Mixup	HPCLAS_TRAIN_N_001524	0	HPCLAS_TRAIN_N_001524	4	-1.531341987691015	-2.4808850288391113	0.07720912211452005	0
Mixup	HPCLAS_TRAIN_N_001525	0	HPCLAS_TRAIN_N_001525	4	-1.994963850400572	-2.4503490924835205	0.07941302447343837	0
Mixup	HPCLAS_TRAIN_N_001537	0	HPCLAS_TRAIN_N_001537	4	-1.434402739524501	-2.336718797683716	0.08812723886403315	0
Mixup	HPCLAS_TRAIN_N_001539	0	HPCLAS_TRAIN_N_001539	4	-1.9255443237263263	-1.9803918600082397	0.1212770715868099	0
Mixup	HPCLAS_TRAIN_N_001542	0	HPCLAS_TRAIN_N_001542	4	-0.8408598393047533	-1.519861102104187	0.17948197373906552	0
Mixup	HPCLAS_TRAIN_N_001547	0	HPCLAS_TRAIN_N_001547	4	-1.1164119121425116	-1.6597751379013062	0.15979218431425354	0
Mixup	HPCLAS_TRAIN_N_001551	0	HPCLAS_TRAIN_N_001551	4	-2.290768666576091	-3.3135123252868652	0.03511053491739824	0
Mixup	HPCLAS_TRAIN_N_001562	0	HPCLAS_TRAIN_N_001562	4	-1.4583720553276007	-1.6098822355270386	0.16660496426559648	0
Mixup	HPCLAS_TRAIN_N_001564	0	HPCLAS_TRAIN_N_001564	4	-1.888040057905468	-2.5561025142669678	0.07201758123606589	0
Mixup	HPCLAS_TRAIN_N_001578	0	HPCLAS_TRAIN_N_001578	4	1.4210753668802845	1.290197730064392	0.7841806551619332	1
Mixup	HPCLAS_TRAIN_N_001579	0	HPCLAS_TRAIN_N_001579	4	-1.5011154528257211	-2.0162034034729004	0.11751213807837234	0
Mixup	HPCLAS_TRAIN_N_001587	0	HPCLAS_TRAIN_N_001587	4	-0.9557100032796062	-1.725188970565796	0.151203998173134	0
Mixup	HPCLAS_TRAIN_N_001596	0	HPCLAS_TRAIN_N_001596	4	-2.40791076408468	-3.187936544418335	0.039622224241320766	0
Mixup	HPCLAS_TRAIN_N_001597	0	HPCLAS_TRAIN_N_001597	4	-1.3131536644191866	-2.3959097862243652	0.08348512797435127	0
Mixup	HPCLAS_TRAIN_N_001605	0	HPCLAS_TRAIN_N_001605	4	-2.003895525409792	-2.3710334300994873	0.08540837970027386	0
Mixup	HPCLAS_TRAIN_N_001608	0	HPCLAS_TRAIN_N_001608	4	-0.2686932575128708	-0.8584887981414795	0.29765517569968947	0
Mixup	HPCLAS_TRAIN_N_001612	0	HPCLAS_TRAIN_N_001612	4	-1.723526900164214	-2.4539995193481445	0.0791465635905056	0
Mixup	HPCLAS_TRAIN_N_001631	0	HPCLAS_TRAIN_N_001631	4	-1.6613552382676595	-3.376959800720215	0.03302333916153625	0
Mixup	HPCLAS_TRAIN_N_001637	0	HPCLAS_TRAIN_N_001637	4	-1.7651915975021926	-1.102887749671936	0.24919920822013283	0
Mixup	HPCLAS_TRAIN_N_001640	0	HPCLAS_TRAIN_N_001640	4	-1.1986588192021492	-1.7185226678848267	0.15206155124201556	0
Mixup	HPCLAS_TRAIN_N_001641	0	HPCLAS_TRAIN_N_001641	4	-2.188169856923137	-2.2179226875305176	0.09815253167962291	0
Mixup	HPCLAS_TRAIN_N_001645	0	HPCLAS_TRAIN_N_001645	4	-1.8169979619585768	-3.0071096420288086	0.04710571480181573	0
Mixup	HPCLAS_TRAIN_N_001655	0	HPCLAS_TRAIN_N_001655	4	-1.5991695082496673	-1.3569433689117432	0.20473753404780076	0
Mixup	HPCLAS_TRAIN_N_001680	0	HPCLAS_TRAIN_N_001680	4	-1.194693803144991	-1.1540082693099976	0.23975771802921994	0
Mixup	HPCLAS_TRAIN_N_001684	0	HPCLAS_TRAIN_N_001684	4	1.4747837724948676	0.7631767988204956	0.6820430534826479	1
Mixup	HPCLAS_TRAIN_N_001689	0	HPCLAS_TRAIN_N_001689	4	-1.2511178880253655	-2.235351800918579	0.0966204996480069	0
Mixup	HPCLAS_TRAIN_N_001691	0	HPCLAS_TRAIN_N_001691	4	-1.175963481795656	-2.483535051345825	0.07702052506150209	0
Mixup	HPCLAS_TRAIN_N_001698	0	HPCLAS_TRAIN_N_001698	4	-1.26488858053264	-2.32609224319458	0.08898494350874693	0
Mixup	HPCLAS_TRAIN_N_001699	0	HPCLAS_TRAIN_N_001699	4	-1.227573859022749	-1.0963653326034546	0.25042154088072577	0
Mixup	HPCLAS_TRAIN_N_001704	0	HPCLAS_TRAIN_N_001704	4	-0.4536270330498232	-2.055237293243408	0.11352425066852073	0
Mixup	HPCLAS_TRAIN_N_001709	0	HPCLAS_TRAIN_N_001709	4	-2.183596188458539	-2.9710073471069336	0.04875298489561344	0
Mixup	HPCLAS_TRAIN_N_001721	0	HPCLAS_TRAIN_N_001721	4	-1.678913392086511	-1.5655359029769897	0.17285371556903895	0
Mixup	HPCLAS_TRAIN_N_001730	0	HPCLAS_TRAIN_N_001730	4	-1.383962545076404	-1.617996335029602	0.16548138547565397	0
Mixup	HPCLAS_TRAIN_N_001733	0	HPCLAS_TRAIN_N_001733	4	-0.400577399272458	-0.9087591767311096	0.2872538151606733	0
Mixup	HPCLAS_TRAIN_N_001734	0	HPCLAS_TRAIN_N_001734	4	-2.565778950120036	-3.175727128982544	0.0400894410192512	0
Mixup	HPCLAS_TRAIN_N_001736	0	HPCLAS_TRAIN_N_001736	4	-2.568860513665605	-3.3475217819213867	0.03397641039396272	0
Mixup	HPCLAS_TRAIN_N_001740	0	HPCLAS_TRAIN_N_001740	4	-0.2967032943755985	-1.8152353763580322	0.14000657279890844	0
Mixup	HPCLAS_TRAIN_N_001743	0	HPCLAS_TRAIN_N_004725	4	-2.246426590858148	-2.5789129734039307	0.07050793763439202	0
Mixup	HPCLAS_TRAIN_N_001754	0	HPCLAS_TRAIN_N_001754	4	-1.316933904936534	-2.381500005722046	0.08459433568413723	0
Mixup	HPCLAS_TRAIN_N_001756	0	HPCLAS_TRAIN_N_001756	4	-2.0957979794139345	-3.0527353286743164	0.04509952833386041	0
Mixup	HPCLAS_TRAIN_N_001763	0	HPCLAS_TRAIN_N_001763	4	-1.637485005240738	-1.8536988496780396	0.13543919432201104	0
Mixup	HPCLAS_TRAIN_N_001765	0	HPCLAS_TRAIN_N_001765	4	-2.1559107871150864	-3.4045753479003906	0.032152779368980866	0
Mixup	HPCLAS_TRAIN_N_001766	0	HPCLAS_TRAIN_N_001766	4	-0.6656589629851489	-0.5197152495384216	0.37291882027869244	0
Mixup	HPCLAS_TRAIN_N_001781	0	HPCLAS_TRAIN_N_001781	4	-2.025856868680803	-2.6490139961242676	0.06604980732045913	0
Mixup	HPCLAS_TRAIN_N_001785	0	HPCLAS_TRAIN_N_001785	4	-2.2858996928971163	-3.2299771308898926	0.038053084186998175	0
Mixup	HPCLAS_TRAIN_N_001788	0	HPCLAS_TRAIN_N_001788	4	-2.025148981390115	-2.864771842956543	0.053922745694001385	0
Mixup	HPCLAS_TRAIN_N_001789	0	HPCLAS_TRAIN_N_001789	4	-0.5665839234710874	-0.31590789556503296	0.42167334749180096	0
Mixup	HPCLAS_TRAIN_N_001793	0	HPCLAS_TRAIN_N_001793	4	-0.7267578191171983	1.1732685565948486	0.7637353144518193	1
Mixup	HPCLAS_TRAIN_N_001795	0	HPCLAS_TRAIN_N_001795	4	-2.190614932004402	-2.325989007949829	0.08899331279656014	0
Mixup	HPCLAS_TRAIN_N_001799	0	HPCLAS_TRAIN_N_001799	4	-1.459707853261743	-1.8587778806686401	0.13484556351245922	0
Mixup	HPCLAS_TRAIN_N_001800	0	HPCLAS_TRAIN_N_001800	4	-0.9230330526236444	-2.1874232292175293	0.10088558621662091	0
Mixup	HPCLAS_TRAIN_N_001809	0	HPCLAS_TRAIN_N_001809	4	0.3057259197242285	-0.5620322823524475	0.36307735932187074	0
Mixup	HPCLAS_TRAIN_N_001810	0	HPCLAS_TRAIN_N_001810	4	-1.4756585734642094	-1.9901765584945679	0.12023818468775832	0
Mixup	HPCLAS_TRAIN_N_001815	0	HPCLAS_TRAIN_N_001815	4	-0.0081061568676866	-0.732869565486908	0.32456533716731917	0
Mixup	HPCLAS_TRAIN_N_001817	0	HPCLAS_TRAIN_N_001817	4	-1.5670564744108797	-2.894899368286133	0.05240628224629059	0
Mixup	HPCLAS_TRAIN_N_001818	0	HPCLAS_TRAIN_N_001818	4	0.3936955981622558	-0.2663618326187134	0.43380047690740314	0
Mixup	HPCLAS_TRAIN_N_001821	0	HPCLAS_TRAIN_N_001821	4	-0.5240175198945604	-1.2222177982330322	0.22754639479218083	0
Mixup	HPCLAS_TRAIN_N_001823	0	HPCLAS_TRAIN_N_001823	4	-1.8460593627976691	-2.7252583503723145	0.061499268768755284	0
Mixup	HPCLAS_TRAIN_N_001827	0	HPCLAS_TRAIN_N_001827	4	-2.225779593437328	-2.6554501056671143	0.06565388869702446	0
Mixup	HPCLAS_TRAIN_N_001828	0	HPCLAS_TRAIN_N_001828	4	-2.0564393585855	-3.1524620056152344	0.04099437785283367	0
Mixup	HPCLAS_TRAIN_N_001830	0	HPCLAS_TRAIN_N_001830	4	-2.171096539806201	-3.2116899490356445	0.03872817146391568	0
Mixup	HPCLAS_TRAIN_N_001845	0	HPCLAS_TRAIN_N_001845	4	-1.3323099325339451	-2.4824273586273193	0.07709930602772457	0
Mixup	HPCLAS_TRAIN_N_001848	0	HPCLAS_TRAIN_N_001848	4	-1.8219350047115848	-2.7607688903808594	0.05948133713315979	0
Mixup	HPCLAS_TRAIN_N_001849	0	HPCLAS_TRAIN_N_001849	4	-1.8186058374144485	-2.773505687713623	0.058772783689569945	0
Mixup	HPCLAS_TRAIN_N_001851	0	HPCLAS_TRAIN_N_001851	4	-1.3662884886799604	-2.0143802165985107	0.11770133997843847	0
Mixup	HPCLAS_TRAIN_N_001855	0	HPCLAS_TRAIN_N_001855	4	-1.619802194835846	-2.1738712787628174	0.10212151823311466	0
Mixup	HPCLAS_TRAIN_N_001864	0	HPCLAS_TRAIN_N_001864	4	-2.191867164934922	-2.940141201019287	0.050204539727019916	0
Mixup	HPCLAS_TRAIN_N_001872	0	HPCLAS_TRAIN_N_001872	4	-1.0762046335303908	-1.6181803941726685	0.16545596897059034	0
Mixup	HPCLAS_TRAIN_N_001879	0	HPCLAS_TRAIN_N_001879	4	0.1586137450120093	0.6908804774284363	0.6661627647093922	1
Mixup	HPCLAS_TRAIN_N_001880	0	HPCLAS_TRAIN_N_001880	4	-1.5078172086434447	-2.166412353515625	0.1028074799102683	0
Mixup	HPCLAS_TRAIN_N_001890	0	HPCLAS_TRAIN_N_001890	4	-2.2124367317396074	-2.909904956817627	0.05166609207061754	0
Mixup	HPCLAS_TRAIN_N_001911	0	HPCLAS_TRAIN_N_001911	4	-1.9183597214785064	-3.1605772972106934	0.040676520339327726	0
Mixup	HPCLAS_TRAIN_N_001924	0	HPCLAS_TRAIN_N_001924	4	-2.1675982422355777	-3.8283586502075195	0.021282484422637034	0
Mixup	HPCLAS_TRAIN_N_001946	0	HPCLAS_TRAIN_P_006145	4	-1.9906897682095903	-2.6748433113098145	0.06447421623008455	0
Mixup	HPCLAS_TRAIN_N_001962	0	HPCLAS_TRAIN_N_001962	4	-1.9041254844472404	-1.490068793296814	0.18391140214677182	0
Mixup	HPCLAS_TRAIN_N_001971	0	HPCLAS_TRAIN_N_001971	4	-1.9465976529885685	-2.813786745071411	0.05658369710097695	0
Mixup	HPCLAS_TRAIN_N_002001	0	HPCLAS_TRAIN_N_002001	4	-1.7588262862838675	-2.983386993408203	0.048182061421476755	0
Mixup	HPCLAS_TRAIN_N_002002	0	HPCLAS_TRAIN_N_002002	4	-1.2791179411805245	-0.754948079586029	0.3197440962911528	0
Mixup	HPCLAS_TRAIN_N_002005	0	HPCLAS_TRAIN_N_002005	4	-2.3649797027120782	-3.536529064178467	0.028290548604053885	0
Mixup	HPCLAS_TRAIN_N_002006	0	HPCLAS_TRAIN_N_002006	4	-0.1218028491163585	-2.0698976516723633	0.11205722185228026	0
Mixup	HPCLAS_TRAIN_N_002017	0	HPCLAS_TRAIN_N_002017	4	-2.395350524181833	-2.978703022003174	0.048397326099635714	0
Mixup	HPCLAS_TRAIN_N_002029	0	HPCLAS_TRAIN_N_002029	4	-1.756276359288792	-2.5444259643554688	0.07280184766753695	0
Mixup	HPCLAS_TRAIN_N_002031	0	HPCLAS_TRAIN_N_002031	4	-2.2007779884326424	-2.2876839637756348	0.092148119278637	0
Mixup	HPCLAS_TRAIN_N_002054	0	HPCLAS_TRAIN_N_002054	4	-1.700961147034945	-2.4063925743103027	0.08268652784629861	0
Mixup	HPCLAS_TRAIN_N_002057	0	HPCLAS_TRAIN_N_002057	4	-1.1453085976255322	-1.4455111026763916	0.19069337319520774	0
Mixup	HPCLAS_TRAIN_N_002082	0	HPCLAS_TRAIN_N_002082	4	-1.838375067853411	-1.838047981262207	0.13728231799193358	0
Mixup	HPCLAS_TRAIN_N_002089	0	HPCLAS_TRAIN_N_002089	4	-2.135150382083197	-3.0562682151794434	0.04494762687560935	0
Mixup	HPCLAS_TRAIN_N_002091	0	HPCLAS_TRAIN_N_002091	4	-2.0127087193968967	-3.498258590698242	0.029361819745389855	0
Mixup	HPCLAS_TRAIN_N_002092	0	HPCLAS_TRAIN_N_002092	4	-0.813012788443679	0.4585753083229065	0.6126761453035222	1
Mixup	HPCLAS_TRAIN_N_002097	0	HPCLAS_TRAIN_N_002097	4	-2.042233320029915	-3.2404274940490723	0.0376723894262482	0
Mixup	HPCLAS_TRAIN_N_002101	0	HPCLAS_TRAIN_N_002101	4	-2.0987501537825075	-3.1308703422546387	0.041851692301935015	0
Mixup	HPCLAS_TRAIN_N_002104	0	HPCLAS_TRAIN_N_002104	4	-0.0011956693166409	0.326568603515625	0.580924231739394	1
Mixup	HPCLAS_TRAIN_N_002107	0	HPCLAS_TRAIN_N_002107	4	-1.3149414819488716	-2.1814327239990234	0.10143027173330496	0
Mixup	HPCLAS_TRAIN_N_002113	0	HPCLAS_TRAIN_N_002113	4	-0.2304114004467606	-0.7866025567054749	0.3128986314936263	0
Mixup	HPCLAS_TRAIN_N_002129	0	HPCLAS_TRAIN_N_002129	4	-1.4374779274873373	-1.6953037977218628	0.15507961186203	0
Mixup	HPCLAS_TRAIN_N_002138	0	HPCLAS_TRAIN_N_002138	4	-2.2270177253984222	-2.889399290084839	0.052680088747535124	0
Mixup	HPCLAS_TRAIN_N_002140	0	HPCLAS_TRAIN_N_002140	4	-2.0454952500778463	-3.0109944343566895	0.04693164551241212	0
Mixup	HPCLAS_TRAIN_N_002147	0	HPCLAS_TRAIN_N_002147	4	-0.3791478851965927	-0.39007681608200073	0.4036988089320817	0
Mixup	HPCLAS_TRAIN_N_002157	0	HPCLAS_TRAIN_N_002157	4	-1.941356234529526	-2.512495994567871	0.07498679410869245	0
Mixup	HPCLAS_TRAIN_N_002158	0	HPCLAS_TRAIN_N_002158	4	-1.5101977758936789	-2.630596160888672	0.0671950736425717	0
Mixup	HPCLAS_TRAIN_N_002159	0	HPCLAS_TRAIN_N_002159	4	1.4070599805704038	-0.3626655340194702	0.4103144688098471	0
Mixup	HPCLAS_TRAIN_N_002171	0	HPCLAS_TRAIN_N_002171	4	-1.4702708462886556	-2.7387115955352783	0.060727351735190914	0
Mixup	HPCLAS_TRAIN_N_002173	0	HPCLAS_TRAIN_N_002173	4	-2.208381654750272	-3.226439952850342	0.038182774532591904	0
Mixup	HPCLAS_TRAIN_N_002180	0	HPCLAS_TRAIN_N_002180	4	-2.336773942977982	-3.371927261352539	0.03318442043942823	0
Mixup	HPCLAS_TRAIN_N_002190	0	HPCLAS_TRAIN_N_002190	4	-0.2797230840442937	-0.4653230309486389	0.3857238151372348	0
Mixup	HPCLAS_TRAIN_N_002194	0	HPCLAS_TRAIN_N_002194	4	-0.0932098161209064	-0.4671452045440674	0.38529215759189706	0
Mixup	HPCLAS_TRAIN_N_002201	0	HPCLAS_TRAIN_N_002201	4	-1.5677730470531566	-2.388939380645752	0.08402002185587303	0
Mixup	HPCLAS_TRAIN_N_002209	0	HPCLAS_TRAIN_N_002209	4	-1.6896566785572018	-1.5114370584487915	0.18072591880878822	0
Mixup	HPCLAS_TRAIN_N_002217	0	HPCLAS_TRAIN_P_000131	4	0.4997107038169035	0.26829278469085693	0.5666737381855956	1
Mixup	HPCLAS_TRAIN_N_002218	0	HPCLAS_TRAIN_N_002218	4	-0.2173578455378945	-1.5045095682144165	0.181753900692417	0
Mixup	HPCLAS_TRAIN_N_002236	0	HPCLAS_TRAIN_N_002236	4	-1.8807382278278968	-2.5868663787841797	0.06998847591922573	0
Mixup	HPCLAS_TRAIN_N_002245	0	HPCLAS_TRAIN_P_000101	4	-0.5172342533586325	1.622510313987732	0.8351410418866725	1
Mixup	HPCLAS_TRAIN_N_002249	0	HPCLAS_TRAIN_N_002249	4	-0.1371098102251594	-1.5218805074691772	0.17918477202284963	0
Mixup	HPCLAS_TRAIN_N_002251	0	HPCLAS_TRAIN_N_002251	4	-1.037511609069329	-1.7533191442489624	0.1476290458011324	0
Mixup	HPCLAS_TRAIN_N_002260	0	HPCLAS_TRAIN_N_002260	4	-2.321139359442492	-3.3354101181030273	0.03437619119667737	0
Mixup	HPCLAS_TRAIN_N_002262	0	HPCLAS_TRAIN_N_002262	4	-1.894667804892464	-2.7108154296875	0.0623381707696804	0
Mixup	HPCLAS_TRAIN_N_002270	0	HPCLAS_TRAIN_N_002270	4	-1.711639308960787	-1.2622361183166504	0.22058919708972627	0
Mixup	HPCLAS_TRAIN_N_002271	0	HPCLAS_TRAIN_N_002271	4	-1.557932917747042	-2.190166473388672	0.1006370251867275	0
Mixup	HPCLAS_TRAIN_N_002277	0	HPCLAS_TRAIN_N_002277	4	-2.275206573430371	-3.1057257652282715	0.04287168963614392	0
Mixup	HPCLAS_TRAIN_N_002282	0	HPCLAS_TRAIN_N_002282	4	-1.147459532815996	-1.123120903968811	0.2454328468919671	0
Mixup	HPCLAS_TRAIN_N_002283	0	HPCLAS_TRAIN_N_002283	4	-0.9163762452447776	-2.2062430381774902	0.09919126143650772	0
Mixup	HPCLAS_TRAIN_N_002291	0	HPCLAS_TRAIN_N_002291	4	-2.5421284883765805	-3.3905844688415527	0.03259102264254559	0
Mixup	HPCLAS_TRAIN_N_002295	0	HPCLAS_TRAIN_N_002295	4	-1.9243312129246024	-2.7283947467803955	0.061318493806499744	0
Mixup	HPCLAS_TRAIN_N_002299	0	HPCLAS_TRAIN_N_002299	4	-1.7781347753568246	-2.5468649864196777	0.0726373808846049	0
Mixup	HPCLAS_TRAIN_N_002302	0	HPCLAS_TRAIN_N_002302	4	-1.4557853115570778	-1.3813589811325073	0.2007908301068551	0
Mixup	HPCLAS_TRAIN_N_002304	0	HPCLAS_TRAIN_N_002304	4	-1.2208986396832968	-2.2834270000457764	0.09250486226896179	0
Mixup	HPCLAS_TRAIN_N_002309	0	HPCLAS_TRAIN_N_002309	4	-0.4156835192376212	-2.0630340576171875	0.11274197279795757	0
Mixup	HPCLAS_TRAIN_N_002312	0	HPCLAS_TRAIN_N_002312	4	-2.029971636749804	-2.970707893371582	0.04876687427811535	0
Mixup	HPCLAS_TRAIN_N_002320	0	HPCLAS_TRAIN_N_002320	4	-1.6065766507624646	-2.031989574432373	0.11588492317747735	0
Mixup	HPCLAS_TRAIN_N_002327	0	HPCLAS_TRAIN_N_002327	4	-1.2729100474979496	-1.7273277044296265	0.15092971489855198	0
Mixup	HPCLAS_TRAIN_N_002328	0	HPCLAS_TRAIN_N_002328	4	-2.0656060009869086	-2.903581142425537	0.05197681808030245	0
Mixup	HPCLAS_TRAIN_N_002336	0	HPCLAS_TRAIN_N_002336	4	-1.2027322797228437	-1.2569762468338013	0.22149485363037832	0
Mixup	HPCLAS_TRAIN_N_002337	0	HPCLAS_TRAIN_N_002337	4	-1.6924286057117544	-2.409686803817749	0.08243700554794198	0
Mixup	HPCLAS_TRAIN_N_002338	0	HPCLAS_TRAIN_N_002338	4	-0.7572368750404297	0.2825870215892792	0.5701803523035353	1
Mixup	HPCLAS_TRAIN_N_002343	0	HPCLAS_TRAIN_N_002343	4	-1.7474815876540055	-1.8229743242263794	0.13907736024825113	0
Mixup	HPCLAS_TRAIN_N_002347	0	HPCLAS_TRAIN_N_002347	4	-0.9734869994282273	-0.798586905002594	0.3103278747121506	0
Mixup	HPCLAS_TRAIN_N_002352	0	HPCLAS_TRAIN_N_002352	4	-1.8144461489481487	-3.659341335296631	0.025103076555738006	0
Mixup	HPCLAS_TRAIN_N_002356	0	HPCLAS_TRAIN_N_002356	4	-2.2235527082115407	-2.6385741233825684	0.06669673912852492	0
Mixup	HPCLAS_TRAIN_N_002365	0	HPCLAS_TRAIN_N_002365	4	-1.460631068809196	-2.6449222564697266	0.06630266402917027	0
Mixup	HPCLAS_TRAIN_N_002385	0	HPCLAS_TRAIN_N_002385	4	-2.141445197991779	-2.592792510986328	0.06960372503449089	0
Mixup	HPCLAS_TRAIN_N_002387	0	HPCLAS_TRAIN_N_002387	4	0.0464525289093439	0.3205257058143616	0.5794523653387771	1
Mixup	HPCLAS_TRAIN_N_002392	0	HPCLAS_TRAIN_N_002392	4	-2.1150369973699004	-2.360158681869507	0.08626168627334932	0
Mixup	HPCLAS_TRAIN_N_002399	0	HPCLAS_TRAIN_N_002399	4	0.9293349578364292	-0.12318901717662811	0.4692416337570646	0
Mixup	HPCLAS_TRAIN_N_002400	0	HPCLAS_TRAIN_N_002400	4	-0.5037440336118367	-1.0517064332962036	0.2588975534445852	0
Mixup	HPCLAS_TRAIN_N_002404	0	HPCLAS_TRAIN_N_002404	4	-0.928115795246375	-2.1772704124450684	0.10181026369484625	0
Mixup	HPCLAS_TRAIN_N_002406	0	HPCLAS_TRAIN_N_002406	4	-1.9746783401168635	-2.7259716987609863	0.06145810923886078	0
Mixup	HPCLAS_TRAIN_N_002407	0	HPCLAS_TRAIN_N_002407	4	-0.1968662782492057	-0.9278894066810608	0.28335310424569	0
Mixup	HPCLAS_TRAIN_N_002408	0	HPCLAS_TRAIN_N_002408	4	-0.93701728662523	-1.5429459810256958	0.1761074238512177	0
Mixup	HPCLAS_TRAIN_N_002415	0	HPCLAS_TRAIN_N_002415	4	-1.6783001132731756	-2.1214046478271484	0.10703374360530232	0
Mixup	HPCLAS_TRAIN_N_002421	0	HPCLAS_TRAIN_N_002421	4	-0.4108341337518692	-0.5626507997512817	0.36293433793544955	0
Mixup	HPCLAS_TRAIN_N_002425	0	HPCLAS_TRAIN_N_002425	4	-0.2346395332794337	-0.5652208924293518	0.3623403086726023	0
Mixup	HPCLAS_TRAIN_N_002434	0	HPCLAS_TRAIN_N_002434	4	-1.9730002346834368	-2.8476219177246094	0.0548043735699712	0
Mixup	HPCLAS_TRAIN_N_002436	0	HPCLAS_TRAIN_N_002436	4	0.2481494586033627	-0.31545183062553406	0.42178456971001554	0
Mixup	HPCLAS_TRAIN_N_002445	0	HPCLAS_TRAIN_N_002445	4	-1.6421447663950388	-1.0695748329162598	0.2554839476035963	0
Mixup	HPCLAS_TRAIN_N_002446	0	HPCLAS_TRAIN_N_002446	4	-1.507592010113767	-2.225846529006958	0.09745335419100783	0
Mixup	HPCLAS_TRAIN_N_002447	0	HPCLAS_TRAIN_N_002447	4	-2.387774876112021	-3.760463237762451	0.022743645091498156	0
Mixup	HPCLAS_TRAIN_N_002452	0	HPCLAS_TRAIN_N_002452	4	-2.1107334713519785	-2.934664011001587	0.05046635866294315	0
Mixup	HPCLAS_TRAIN_N_002455	0	HPCLAS_TRAIN_N_002455	4	-2.3317141986438483	-2.5695042610168457	0.07112704960100304	0
Mixup	HPCLAS_TRAIN_N_002456	0	HPCLAS_TRAIN_N_002456	4	-1.526969911882326	-2.359560251235962	0.08630886661973194	0
Mixup	HPCLAS_TRAIN_N_002472	0	HPCLAS_TRAIN_N_002472	4	-2.095657478409075	-2.9663143157958984	0.048971091018768134	0
Mixup	HPCLAS_TRAIN_N_002493	0	HPCLAS_TRAIN_N_002493	4	-1.4004527284635042	-2.81851863861084	0.05633162860383675	0
Mixup	HPCLAS_TRAIN_N_002497	0	HPCLAS_TRAIN_N_002497	4	-1.7791552013654843	-1.6460193395614624	0.1616476732357333	0
Mixup	HPCLAS_TRAIN_N_002499	0	HPCLAS_TRAIN_N_002499	4	-1.7432216326472494	-2.616464614868164	0.06808627340086486	0
Mixup	HPCLAS_TRAIN_N_002512	0	HPCLAS_TRAIN_N_002512	4	-2.084668626418422	-2.551313638687134	0.07233828349958048	0
Mixup	HPCLAS_TRAIN_N_002515	0	HPCLAS_TRAIN_N_002515	4	-1.9822849998973848	-2.343994617462158	0.08754429743682585	0
Mixup	HPCLAS_TRAIN_N_002516	0	HPCLAS_TRAIN_N_002516	4	-1.9320462007342087	-2.837106943130493	0.055351614951479215	0
Mixup	HPCLAS_TRAIN_N_002521	0	HPCLAS_TRAIN_N_002521	4	-1.0401900991567945	-1.2825441360473633	0.2171174665442566	0
Mixup	HPCLAS_TRAIN_N_002525	0	HPCLAS_TRAIN_N_002525	4	-2.2933922765007444	-2.8208765983581543	0.056206414343655614	0
Mixup	HPCLAS_TRAIN_N_002534	0	HPCLAS_TRAIN_N_002534	4	-0.0723195398340957	-0.6954005360603333	0.33283277586737	0
Mixup	HPCLAS_TRAIN_N_002537	0	HPCLAS_TRAIN_N_002537	4	-1.0099392770687632	-1.7531591653823853	0.14764917783035408	0
Mixup	HPCLAS_TRAIN_N_002545	0	HPCLAS_TRAIN_N_002545	4	-1.828672921132076	-2.44284725189209	0.07996319179775292	0
Mixup	HPCLAS_TRAIN_N_002547	0	HPCLAS_TRAIN_N_002547	4	-2.0569647102482964	-2.749718189239502	0.060102567760695814	0
Mixup	HPCLAS_TRAIN_N_002553	0	HPCLAS_TRAIN_N_002553	4	-0.0561162819780192	-2.079559564590454	0.11109945506234686	0
Mixup	HPCLAS_TRAIN_N_002554	0	HPCLAS_TRAIN_N_002554	4	-1.7108567217147437	-2.584433078765869	0.07014702545397264	0
Mixup	HPCLAS_TRAIN_N_002556	0	HPCLAS_TRAIN_N_002556	4	-2.201807445388739	-3.045689105987549	0.04540395238595637	0
Mixup	HPCLAS_TRAIN_N_002558	0	HPCLAS_TRAIN_N_002558	4	-2.1792907944608766	-2.9138214588165283	0.05147453297331242	0
Mixup	HPCLAS_TRAIN_N_002563	0	HPCLAS_TRAIN_N_002563	4	-1.8893072926332048	-2.4064645767211914	0.08268106666598253	0
Mixup	HPCLAS_TRAIN_N_002569	0	HPCLAS_TRAIN_N_002569	4	0.1122787261836237	0.5964693427085876	0.6448481327052586	1
Mixup	HPCLAS_TRAIN_N_002573	0	HPCLAS_TRAIN_N_002573	4	-2.2918920380648764	-2.7305736541748047	0.06119319889878312	0
Mixup	HPCLAS_TRAIN_N_002580	0	HPCLAS_TRAIN_N_002580	4	0.6762166573822078	0.5794408917427063	0.6409387453877665	1
Mixup	HPCLAS_TRAIN_N_002583	0	HPCLAS_TRAIN_N_002583	4	-1.4819910528206697	-2.3648135662078857	0.08589549137820703	0
Mixup	HPCLAS_TRAIN_N_002584	0	HPCLAS_TRAIN_N_002584	4	-0.7160917183625233	-2.280345916748047	0.09276383710941626	0
Mixup	HPCLAS_TRAIN_N_002605	0	HPCLAS_TRAIN_N_002605	4	-1.331027675197437	-1.9584673643112183	0.12363300964107903	0
Mixup	HPCLAS_TRAIN_N_002616	0	HPCLAS_TRAIN_N_002616	4	-1.0524633739752784	-2.0158028602600098	0.11755368198948403	0
Mixup	HPCLAS_TRAIN_N_002619	0	HPCLAS_TRAIN_N_002619	4	-0.9594546134726736	-1.797097086906433	0.14220480211969516	0
Mixup	HPCLAS_TRAIN_N_002633	0	HPCLAS_TRAIN_N_002633	4	-2.072504364260153	-1.864230990409851	0.13421065734440185	0
Mixup	HPCLAS_TRAIN_N_002637	0	HPCLAS_TRAIN_N_002637	4	-1.7020781463175805	-1.8943239450454712	0.13075224161114238	0
Mixup	HPCLAS_TRAIN_N_002639	0	HPCLAS_TRAIN_N_002639	4	-0.638059722339014	-0.9500615000724792	0.2788724539839521	0
Mixup	HPCLAS_TRAIN_N_002641	0	HPCLAS_TRAIN_N_002641	4	-0.8188459077011574	-1.3659937381744385	0.20326788950088232	0
Mixup	HPCLAS_TRAIN_N_002642	0	HPCLAS_TRAIN_N_002642	4	-0.9680822168897492	-1.453025221824646	0.18953641801630042	0
Mixup	HPCLAS_TRAIN_N_002643	0	HPCLAS_TRAIN_N_002643	4	-0.2772313645370536	-1.4614309072494507	0.18824856923418115	0
Mixup	HPCLAS_TRAIN_N_002644	0	HPCLAS_TRAIN_N_002644	4	-0.86577639519913	-1.5581910610198975	0.1739063712428738	0
Mixup	HPCLAS_TRAIN_N_002651	0	HPCLAS_TRAIN_N_002651	4	-0.9182589804962956	-1.1120017766952515	0.24749788388950414	0
Mixup	HPCLAS_TRAIN_N_002652	0	HPCLAS_TRAIN_N_002652	4	0.0715981057762469	-0.10014292597770691	0.4749851703340082	0
Mixup	HPCLAS_TRAIN_N_002654	0	HPCLAS_TRAIN_N_002654	4	-1.0090060024099017	-1.9090986251831055	0.1290821507826595	0
Mixup	HPCLAS_TRAIN_N_002658	0	HPCLAS_TRAIN_N_002658	4	-1.9362003672415908	-2.3578875064849854	0.08644086999442659	0
Mixup	HPCLAS_TRAIN_N_002659	0	HPCLAS_TRAIN_N_002659	4	-2.420884554439593	-3.104436159133911	0.04292463816251585	0
Mixup	HPCLAS_TRAIN_N_002664	0	HPCLAS_TRAIN_N_002664	4	-1.899431079325849	-2.7718420028686523	0.05886488389829668	0
Mixup	HPCLAS_TRAIN_N_002668	0	HPCLAS_TRAIN_N_002668	4	0.0111387927639619	-1.0967520475387573	0.2503489573973488	0
Mixup	HPCLAS_TRAIN_N_002669	0	HPCLAS_TRAIN_N_003763	4	-1.789488524405799	-3.297102212905884	0.03567073430790006	0
Mixup	HPCLAS_TRAIN_N_002671	0	HPCLAS_TRAIN_N_002671	4	-1.8616571847852723	-3.2154312133789062	0.03858913066225262	0
Mixup	HPCLAS_TRAIN_N_002673	0	HPCLAS_TRAIN_N_002673	4	-2.404221325412452	-2.829528331756592	0.055749221930727864	0
Mixup	HPCLAS_TRAIN_N_002680	0	HPCLAS_TRAIN_N_002680	4	-1.979622898940106	-2.8373584747314453	0.0553384643848653	0
Mixup	HPCLAS_TRAIN_N_002694	0	HPCLAS_TRAIN_N_002694	4	-2.2590593602247107	-3.0247068405151367	0.04632209884571957	0
Mixup	HPCLAS_TRAIN_N_002716	0	HPCLAS_TRAIN_N_002716	4	1.6079523467381065	2.905282497406006	0.9481069527008665	1
Mixup	HPCLAS_TRAIN_N_002718	0	HPCLAS_TRAIN_N_002718	4	0.0453576109830902	-0.6516725420951843	0.34261273282695154	0
Mixup	HPCLAS_TRAIN_N_002727	0	HPCLAS_TRAIN_N_002727	4	-1.754851781444696	-2.9327423572540283	0.050558522947467856	0
Mixup	HPCLAS_TRAIN_N_002728	0	HPCLAS_TRAIN_N_002728	4	-1.2740598497286328	-2.2681148052215576	0.09379833151762272	0
Mixup	HPCLAS_TRAIN_N_002731	0	HPCLAS_TRAIN_N_002731	4	-1.911137247061204	-3.274505615234375	0.03645622777989101	0
Mixup	HPCLAS_TRAIN_N_002733	0	HPCLAS_TRAIN_N_002733	4	-0.0732621831603572	-0.6640241742134094	0.339836216829389	0
Mixup	HPCLAS_TRAIN_N_002751	0	HPCLAS_TRAIN_N_002751	4	-1.1492321601537043	-1.685646891593933	0.15634917442973156	0
Mixup	HPCLAS_TRAIN_N_002755	0	HPCLAS_TRAIN_N_002755	4	-0.8185124961355476	-1.5023449659347534	0.18207604087751006	0
Mixup	HPCLAS_TRAIN_N_002759	0	HPCLAS_TRAIN_N_002759	4	-0.4177876461785789	0.7812560796737671	0.685950764707059	1
Mixup	HPCLAS_TRAIN_N_002761	0	HPCLAS_TRAIN_N_002761	4	-2.5010813118320976	-2.3563058376312256	0.0865658542864135	0
Mixup	HPCLAS_TRAIN_N_002767	0	HPCLAS_TRAIN_N_002767	4	-1.832507657289036	-2.6002702713012695	0.06912102816749749	0
Mixup	HPCLAS_TRAIN_N_002774	0	HPCLAS_TRAIN_N_002774	4	-1.7324560341014237	-3.0021939277648926	0.0473268572036144	0
Mixup	HPCLAS_TRAIN_N_002781	0	HPCLAS_TRAIN_N_002781	4	-0.3109550749422303	-0.8528605103492737	0.2988331446783468	0
Mixup	HPCLAS_TRAIN_N_002797	0	HPCLAS_TRAIN_N_002797	4	-0.677037357297584	-1.2480818033218384	0.2230323644668492	0
Mixup	HPCLAS_TRAIN_N_002798	0	HPCLAS_TRAIN_N_002798	4	-1.0218560568422417	-1.3626211881637573	0.20381462077901674	0
Mixup	HPCLAS_TRAIN_N_002803	0	HPCLAS_TRAIN_N_002803	4	-2.234890685612956	-3.012192726135254	0.046878076129828354	0
Mixup	HPCLAS_TRAIN_N_002804	0	HPCLAS_TRAIN_N_002804	4	-1.657705214193953	-2.8077492713928223	0.056906853559310674	0
Mixup	HPCLAS_TRAIN_N_002808	0	HPCLAS_TRAIN_N_002808	4	0.1722476364941455	-1.885682225227356	0.1317375636892628	0
Mixup	HPCLAS_TRAIN_N_002823	0	HPCLAS_TRAIN_N_002823	4	-2.349296548802947	-3.2256715297698975	0.03821100477186333	0
Mixup	HPCLAS_TRAIN_N_002826	0	HPCLAS_TRAIN_N_002826	4	-1.2534001059002398	-1.0021926164627075	0.26851054527270074	0
Mixup	HPCLAS_TRAIN_N_002829	0	HPCLAS_TRAIN_N_002829	4	1.771555244336549	1.0431808233261108	0.7394632816439383	1
Mixup	HPCLAS_TRAIN_N_002831	0	HPCLAS_TRAIN_N_002831	4	-1.266624184384013	-2.377559185028076	0.08490000548318652	0
Mixup	HPCLAS_TRAIN_N_002835	0	HPCLAS_TRAIN_N_002835	4	-1.781786840917004	-2.420358657836914	0.08163336307921175	0
Mixup	HPCLAS_TRAIN_N_002852	0	HPCLAS_TRAIN_N_002852	4	-2.321623302386129	-3.213141679763794	0.038674162172961477	0
Mixup	HPCLAS_TRAIN_N_002855	0	HPCLAS_TRAIN_N_002855	4	-1.707818021953521	-1.720508098602295	0.15180572892465177	0
Mixup	HPCLAS_TRAIN_N_002862	0	HPCLAS_TRAIN_N_002862	4	-2.1438518083827707	-2.303541898727417	0.09083004700053189	0
Mixup	HPCLAS_TRAIN_N_002873	0	HPCLAS_TRAIN_N_002873	4	-1.6672906081785834	-2.742776870727539	0.060495883971897084	0
Mixup	HPCLAS_TRAIN_N_002884	0	HPCLAS_TRAIN_N_002884	4	-1.2404645674881911	-1.3500875234603882	0.2058560631546622	0
Mixup	HPCLAS_TRAIN_N_002891	0	HPCLAS_TRAIN_N_002891	4	-0.9948838170426566	-1.827318787574768	0.1385579917836242	0
Mixup	HPCLAS_TRAIN_N_002895	0	HPCLAS_TRAIN_N_002895	4	1.704481705715078	-0.059125278145074844	0.48522298500186567	0
Mixup	HPCLAS_TRAIN_N_002897	0	HPCLAS_TRAIN_N_002897	4	-2.095597661290024	-2.3152918815612793	0.08986438775929201	0
Mixup	HPCLAS_TRAIN_N_002904	0	HPCLAS_TRAIN_N_002904	4	0.0932240328654184	-1.0803651809692383	0.25343691577506267	0
Mixup	HPCLAS_TRAIN_N_002911	0	HPCLAS_TRAIN_P_004588	4	-1.7955419912041386	-2.0359339714050293	0.11548140947612653	0
Mixup	HPCLAS_TRAIN_N_002913	0	HPCLAS_TRAIN_N_002913	4	-1.217806649331173	-1.371748447418213	0.20233750532280761	0
Mixup	HPCLAS_TRAIN_N_002914	0	HPCLAS_TRAIN_N_002914	4	0.4450058444846411	-0.09150484204292297	0.4771397382706419	0
Mixup	HPCLAS_TRAIN_N_002921	0	HPCLAS_TRAIN_N_002921	4	-0.0082229839183869	-1.1873207092285156	0.2337384672181452	0
Mixup	HPCLAS_TRAIN_N_002923	0	HPCLAS_TRAIN_N_002923	4	-0.8792197551796993	-0.35251036286354065	0.4127737972874286	0
Mixup	HPCLAS_TRAIN_N_002924	0	HPCLAS_TRAIN_N_002924	4	-1.685058944995158	-1.7240387201309204	0.151351682100675	0
Mixup	HPCLAS_TRAIN_N_002929	0	HPCLAS_TRAIN_N_002929	4	-2.1257400629342444	-3.331629753112793	0.034501899529538305	0
Mixup	HPCLAS_TRAIN_N_002935	0	HPCLAS_TRAIN_N_002935	4	-1.076586483175236	-1.3891725540161133	0.19953988674264828	0
Mixup	HPCLAS_TRAIN_N_002941	0	HPCLAS_TRAIN_N_002941	4	-2.107987299542896	-1.1632097959518433	0.23808453782586902	0
Mixup	HPCLAS_TRAIN_N_002943	0	HPCLAS_TRAIN_N_002943	4	-2.6769642861932774	-3.766918897628784	0.022600600413855806	0
Mixup	HPCLAS_TRAIN_N_002949	0	HPCLAS_TRAIN_N_002949	4	-1.959370330509985	-0.8862457275390625	0.29188518462726726	0
Mixup	HPCLAS_TRAIN_N_002951	0	HPCLAS_TRAIN_N_002951	4	-1.497675388146768	-1.6674729585647583	0.15876138995940722	0
Mixup	HPCLAS_TRAIN_N_002968	0	HPCLAS_TRAIN_N_002968	4	0.8284086314316367	-0.3009662926197052	0.42532128193503244	0
Mixup	HPCLAS_TRAIN_N_002972	0	HPCLAS_TRAIN_N_002972	4	-2.098983365350497	-3.654435157775879	0.025223425169238808	0
Mixup	HPCLAS_TRAIN_N_002974	0	HPCLAS_TRAIN_N_002974	4	-1.6402210958759105	-1.9657481908798218	0.12284630670340685	0
Mixup	HPCLAS_TRAIN_N_002979	0	HPCLAS_TRAIN_N_002979	4	-1.4031649201183247	-2.267352819442749	0.09386312051501323	0
Mixup	HPCLAS_TRAIN_N_002980	0	HPCLAS_TRAIN_N_002980	4	-2.2655357523421733	-2.847764492034912	0.054796988567673614	0
Mixup	HPCLAS_TRAIN_N_002987	0	HPCLAS_TRAIN_N_002987	4	-1.766024169540754	-2.3333382606506348	0.08839928013914025	0
Mixup	HPCLAS_TRAIN_N_002989	0	HPCLAS_TRAIN_N_002989	4	-0.1217665946058598	0.4263208508491516	0.6049947802290302	1
Mixup	HPCLAS_TRAIN_N_003027	0	HPCLAS_TRAIN_N_003027	4	-2.1905445264707724	-2.894212007522583	0.052440426991780816	0
Mixup	HPCLAS_TRAIN_N_003030	0	HPCLAS_TRAIN_N_003030	4	-0.7573324566596298	-1.3069998025894165	0.21298931876789237	0
Mixup	HPCLAS_TRAIN_N_003039	0	HPCLAS_TRAIN_N_003039	4	-1.6724262659364162	-0.4208431541919708	0.3963150083569536	0
Mixup	HPCLAS_TRAIN_N_003042	0	HPCLAS_TRAIN_N_003042	4	-1.1194305750607207	-0.9764414429664612	0.27359844952326656	0
Mixup	HPCLAS_TRAIN_N_003049	0	HPCLAS_TRAIN_N_003049	4	-0.2780291512414548	0.07219237089157104	0.5180402583111112	1
Mixup	HPCLAS_TRAIN_N_003051	0	HPCLAS_TRAIN_N_003051	4	-1.7946432200623943	-2.204859733581543	0.09931493150794839	0
Mixup	HPCLAS_TRAIN_N_003060	0	HPCLAS_TRAIN_N_003060	4	-2.441441085858374	-3.284365653991699	0.03611145112557422	0
Mixup	HPCLAS_TRAIN_N_003062	0	HPCLAS_TRAIN_P_003050	4	-0.7806526520220306	-2.560136556625366	0.07174844697768294	0
Mixup	HPCLAS_TRAIN_N_003063	0	HPCLAS_TRAIN_N_003063	4	-0.961295605294926	-2.055957317352295	0.11345181012705187	0
Mixup	HPCLAS_TRAIN_N_003071	0	HPCLAS_TRAIN_N_003071	4	-1.289306487253003	-3.0120952129364014	0.04688243326298361	0
Mixup	HPCLAS_TRAIN_N_003075	0	HPCLAS_TRAIN_N_003075	4	-2.543600596529448	-3.8494043350219727	0.02084850085880788	0
Mixup	HPCLAS_TRAIN_N_003092	0	HPCLAS_TRAIN_N_003092	4	-0.5647718209645589	-1.176902413368225	0.23560960757728217	0
Mixup	HPCLAS_TRAIN_N_003100	0	HPCLAS_TRAIN_N_003100	4	-0.6554275759149263	-0.9744101166725159	0.2740023456711548	0
Mixup	HPCLAS_TRAIN_N_003103	0	HPCLAS_TRAIN_N_003103	4	-1.2388289335310028	-2.60390567779541	0.06888748016606161	0
Mixup	HPCLAS_TRAIN_N_003107	0	HPCLAS_TRAIN_N_003107	4	-1.8795782984199911	-2.434459924697876	0.08058241763501657	0
Mixup	HPCLAS_TRAIN_N_003131	0	HPCLAS_TRAIN_N_003131	4	-0.6540419066517252	-1.1581748723983765	0.23899907851704852	0
Mixup	HPCLAS_TRAIN_N_003138	0	HPCLAS_TRAIN_N_003138	4	-0.9918729497023322	-1.2403703927993774	0.22437152008366223	0
Mixup	HPCLAS_TRAIN_N_003151	0	HPCLAS_TRAIN_N_003151	4	-0.7419552547048006	-0.528145432472229	0.37094954023582194	0
Mixup	HPCLAS_TRAIN_N_003163	0	HPCLAS_TRAIN_N_003163	4	-2.4052021356262263	-3.4607315063476562	0.0304504294363809	0
Mixup	HPCLAS_TRAIN_N_003169	0	HPCLAS_TRAIN_N_003169	4	-1.4845097183772096	-1.28135347366333	0.21731992049274987	0
Mixup	HPCLAS_TRAIN_N_003172	0	HPCLAS_TRAIN_N_003172	4	-2.112049074791308	-2.778172492980957	0.05851515377784485	0
Mixup	HPCLAS_TRAIN_N_003178	0	HPCLAS_TRAIN_N_003178	4	-1.059074112321118	-1.7474192380905151	0.14837300328188222	0
Mixup	HPCLAS_TRAIN_N_003179	0	HPCLAS_TRAIN_N_003179	4	-1.6214302878778937	-2.5267395973205566	0.07400476558256071	0
Mixup	HPCLAS_TRAIN_N_003181	0	HPCLAS_TRAIN_N_003181	4	-2.227124477792916	-3.043905735015869	0.04548131071862488	0
Mixup	HPCLAS_TRAIN_N_003192	0	HPCLAS_TRAIN_N_003192	4	-1.726943303615357	-1.423606276512146	0.19409685566080223	0
Mixup	HPCLAS_TRAIN_N_003197	0	HPCLAS_TRAIN_N_003197	4	-1.893826929232437	-2.58370304107666	0.07019465814455021	0
Mixup	HPCLAS_TRAIN_N_003198	0	HPCLAS_TRAIN_N_003198	4	-1.541501473900179	-1.4626597166061401	0.18806086552150353	0
Mixup	HPCLAS_TRAIN_N_003215	0	HPCLAS_TRAIN_N_003215	4	2.632657981513328	3.0884628295898438	0.9564143315612981	1
Mixup	HPCLAS_TRAIN_N_003219	0	HPCLAS_TRAIN_N_003219	4	-1.44353330264384	-2.154937267303467	0.10387075462824476	0
Mixup	HPCLAS_TRAIN_N_003231	0	HPCLAS_TRAIN_N_003231	4	-1.9348778505933284	-2.3107333183288574	0.09023792481156753	0
Mixup	HPCLAS_TRAIN_N_003241	0	HPCLAS_TRAIN_N_003241	4	-2.4617080985531725	-3.3723533153533936	0.03317075397576492	0
Mixup	HPCLAS_TRAIN_N_003245	0	HPCLAS_TRAIN_N_003245	4	-1.781071706298549	-2.1300411224365234	0.10621108784702496	0
Mixup	HPCLAS_TRAIN_N_003254	0	HPCLAS_TRAIN_N_003254	4	-0.5940639633504148	-2.650550127029419	0.06595511080331	0
Mixup	HPCLAS_TRAIN_N_003258	0	HPCLAS_TRAIN_N_003258	4	-0.7321132022879671	-1.5266696214675903	0.178481482572798	0
Mixup	HPCLAS_TRAIN_N_003262	0	HPCLAS_TRAIN_N_003262	4	0.7802938928455847	-0.7500374913215637	0.32081313170820697	0
Mixup	HPCLAS_TRAIN_N_003281	0	HPCLAS_TRAIN_N_003281	4	-0.3903084832416613	-2.0459213256835938	0.11446515782598952	0
Mixup	HPCLAS_TRAIN_N_003284	0	HPCLAS_TRAIN_N_003284	4	-2.2493524862085352	-3.2737810611724854	0.03648168786446712	0
Mixup	HPCLAS_TRAIN_N_003287	0	HPCLAS_TRAIN_N_003287	4	-1.284372691574439	-2.0855774879455566	0.11050653626099531	0
Mixup	HPCLAS_TRAIN_N_003297	0	HPCLAS_TRAIN_N_003297	4	-1.398723633271472	-1.5330405235290527	0.17754925637843394	0
Mixup	HPCLAS_TRAIN_N_003304	0	HPCLAS_TRAIN_N_003304	4	-1.795446451035359	-2.240779399871826	0.09614778789613769	0
Mixup	HPCLAS_TRAIN_N_003318	0	HPCLAS_TRAIN_N_003318	4	-1.7549313284022687	-2.6224091053009033	0.06771005935588463	0
Mixup	HPCLAS_TRAIN_N_003321	0	HPCLAS_TRAIN_N_003321	4	-6.604194643518126e-05	-0.21245527267456055	0.44708506843622087	0
Mixup	HPCLAS_TRAIN_N_003324	0	HPCLAS_TRAIN_N_003324	4	-2.100629768966229	-3.1963353157043457	0.03930386449023613	0
Mixup	HPCLAS_TRAIN_N_003327	0	HPCLAS_TRAIN_N_003327	4	-1.922895138509482	-3.0102195739746094	0.04696631646372145	0
Mixup	HPCLAS_TRAIN_N_003328	0	HPCLAS_TRAIN_N_003328	4	-2.4758170098641035	-3.3842930793762207	0.032789967274689705	0
Mixup	HPCLAS_TRAIN_N_003341	0	HPCLAS_TRAIN_N_003341	4	0.3570220315666134	-0.5106709003448486	0.3750362640031192	0
Mixup	HPCLAS_TRAIN_N_003346	0	HPCLAS_TRAIN_N_003346	4	-2.0257124814430703	-3.130896806716919	0.041850631086473	0
Mixup	HPCLAS_TRAIN_N_003348	0	HPCLAS_TRAIN_N_003348	4	-1.95812967720031	-3.391543388366699	0.032560802561888	0
Mixup	HPCLAS_TRAIN_N_003350	0	HPCLAS_TRAIN_N_003350	4	-2.005146920121052	-2.2729241847991943	0.09339033111693436	0
Mixup	HPCLAS_TRAIN_N_003352	0	HPCLAS_TRAIN_N_003352	4	-1.6971628402254366	-1.3311964273452759	0.20896153096577688	0
Mixup	HPCLAS_TRAIN_N_003353	0	HPCLAS_TRAIN_N_003353	4	-1.8066819140008905	-2.272160530090332	0.093455008754454	0
Mixup	HPCLAS_TRAIN_N_003354	0	HPCLAS_TRAIN_N_003354	4	-2.021303528433249	-2.7012624740600586	0.0628989014397347	0
Mixup	HPCLAS_TRAIN_N_003365	0	HPCLAS_TRAIN_N_003365	4	-0.4547055123219503	-1.6882861852645874	0.15600135641810944	0
Mixup	HPCLAS_TRAIN_N_003367	0	HPCLAS_TRAIN_N_003367	4	-2.3206789407837904	-2.8821544647216797	0.05304281493105956	0
Mixup	HPCLAS_TRAIN_N_003375	0	HPCLAS_TRAIN_N_003375	4	-2.109548888089931	-2.571850299835205	0.07097220739205308	0
Mixup	HPCLAS_TRAIN_N_003380	0	HPCLAS_TRAIN_N_003380	4	-1.779430930241171	-2.740987539291382	0.06059766266307754	0
Mixup	HPCLAS_TRAIN_N_003381	0	HPCLAS_TRAIN_N_003381	4	-2.100537356042049	-2.4266269207000732	0.08116466610276335	0
Mixup	HPCLAS_TRAIN_N_003384	0	HPCLAS_TRAIN_N_003384	4	-2.224708643340824	-2.649641752243042	0.06601109333174304	0
Mixup	HPCLAS_TRAIN_N_003387	0	HPCLAS_TRAIN_N_003387	4	-2.156303844861771	-3.252208709716797	0.03724760152816221	0
Mixup	HPCLAS_TRAIN_N_003396	0	HPCLAS_TRAIN_N_003396	4	-1.5589671076426492	-2.08967661857605	0.11010425570277257	0
Mixup	HPCLAS_TRAIN_N_003397	0	HPCLAS_TRAIN_N_003397	4	-2.401937743763114	-3.1484904289245605	0.04115080072832302	0
Mixup	HPCLAS_TRAIN_N_003401	0	HPCLAS_TRAIN_N_003401	4	1.189694601577581	-0.28923499584198	0.4281911630590492	0
Mixup	HPCLAS_TRAIN_N_003408	0	HPCLAS_TRAIN_N_000679	4	-0.416874991088649	-2.1300506591796875	0.10621018252460522	0
Mixup	HPCLAS_TRAIN_N_003412	0	HPCLAS_TRAIN_N_003412	4	-2.0682564101358207	-3.1104836463928223	0.042676880201038526	0
Mixup	HPCLAS_TRAIN_N_003420	0	HPCLAS_TRAIN_N_003420	4	-2.3000302990859294	-3.1434926986694336	0.04134845107296963	0
Mixup	HPCLAS_TRAIN_N_003421	0	HPCLAS_TRAIN_N_003421	4	-1.9907121751578865	-2.91245436668396	0.05154132206043609	0
Mixup	HPCLAS_TRAIN_N_003424	0	HPCLAS_TRAIN_N_003424	4	-1.5486600313658554	-2.333156108856201	0.08841395991425822	0
Mixup	HPCLAS_TRAIN_N_003426	0	HPCLAS_TRAIN_N_003426	4	-1.64182818411122	-2.834890842437744	0.055467604258306345	0
Mixup	HPCLAS_TRAIN_N_003427	0	HPCLAS_TRAIN_N_003427	4	-2.260865917010027	-2.7758631706237793	0.058642506740994714	0
Mixup	HPCLAS_TRAIN_N_003429	0	HPCLAS_TRAIN_N_003429	4	-0.4838140926563891	-1.5660136938095093	0.17278541395467495	0
Mixup	HPCLAS_TRAIN_N_003431	0	HPCLAS_TRAIN_N_003431	4	-2.0336959129445518	-1.8251343965530396	0.13881892589711986	0
Mixup	HPCLAS_TRAIN_N_003433	0	HPCLAS_TRAIN_N_003433	4	-2.024924170283922	-2.9765028953552246	0.04849875372310384	0
Mixup	HPCLAS_TRAIN_N_003435	0	HPCLAS_TRAIN_N_003435	4	0.0169116712907437	0.10701094567775726	0.526727236058094	1
Mixup	HPCLAS_TRAIN_N_003438	0	HPCLAS_TRAIN_N_003438	4	-1.304522455715247	-1.7954785823822021	0.14240234585690487	0
Mixup	HPCLAS_TRAIN_N_003449	0	HPCLAS_TRAIN_N_003449	4	-2.576544601293401	-4.317108631134033	0.01316282313693684	0
Mixup	HPCLAS_TRAIN_N_003455	0	HPCLAS_TRAIN_N_003455	4	-0.9250693831607708	-1.690627098083496	0.15569338842642552	0
Mixup	HPCLAS_TRAIN_N_003456	0	HPCLAS_TRAIN_N_003456	4	-1.9034574193541312	-2.513719081878662	0.07490200024470126	0
Mixup	HPCLAS_TRAIN_N_003465	0	HPCLAS_TRAIN_N_003465	4	-0.4749362326783601	-1.1401203870773315	0.2422982584696698	0
Mixup	HPCLAS_TRAIN_N_003470	0	HPCLAS_TRAIN_N_003470	4	-0.5274186770999102	-1.0121983289718628	0.2665498546827181	0
Mixup	HPCLAS_TRAIN_N_003479	0	HPCLAS_TRAIN_N_003479	4	-1.297437576821317	-2.9654111862182617	0.049013169540585946	0
Mixup	HPCLAS_TRAIN_N_003487	0	HPCLAS_TRAIN_N_003487	4	-2.4609227678284227	-3.6566925048828125	0.025167982758583948	0
Mixup	HPCLAS_TRAIN_N_003492	0	HPCLAS_TRAIN_N_003492	4	-2.0855327848727576	-2.4853029251098633	0.0768949437474344	0
Mixup	HPCLAS_TRAIN_N_003496	0	HPCLAS_TRAIN_N_003496	4	-0.9581619399139952	-1.4347572326660156	0.19235853429926608	0
Mixup	HPCLAS_TRAIN_N_003499	0	HPCLAS_TRAIN_N_003499	4	1.1761345095148228	0.6101763844490051	0.6479810367080187	1
Mixup	HPCLAS_TRAIN_N_003500	0	HPCLAS_TRAIN_N_003500	4	-2.1971817620663208	-2.655672788619995	0.06564022987635015	0
Mixup	HPCLAS_TRAIN_N_003505	0	HPCLAS_TRAIN_N_003505	4	0.6834035556832511	1.4713705778121948	0.8132656177281721	1
Mixup	HPCLAS_TRAIN_N_003514	0	HPCLAS_TRAIN_N_003514	4	-1.0480708533528844	-1.5803898572921753	0.17074027580901685	0
Mixup	HPCLAS_TRAIN_N_003517	0	HPCLAS_TRAIN_N_003517	4	-1.407669217956821	-1.7962665557861328	0.14230614257062651	0
Mixup	HPCLAS_TRAIN_N_003519	0	HPCLAS_TRAIN_N_003519	4	-0.6004359397803534	-2.0169312953948975	0.11743667448969439	0
Mixup	HPCLAS_TRAIN_N_003522	0	HPCLAS_TRAIN_N_003522	4	-1.010788864190547	0.01379796490073204	0.5034494364989441	1
Mixup	HPCLAS_TRAIN_N_003523	0	HPCLAS_TRAIN_N_003523	4	-0.4312873152970932	-2.2575645446777344	0.09469895712889247	0
Mixup	HPCLAS_TRAIN_N_003527	0	HPCLAS_TRAIN_N_003527	4	-1.6789967189637955	-3.051093816757202	0.04517027377673173	0
Mixup	HPCLAS_TRAIN_N_003530	0	HPCLAS_TRAIN_N_003530	4	-1.4793306193754794	-2.1822826862335205	0.10135283056872678	0
Mixup	HPCLAS_TRAIN_N_003537	0	HPCLAS_TRAIN_N_003537	4	-1.049960893218017	-1.5781415700912476	0.17105884206470778	0
Mixup	HPCLAS_TRAIN_N_003539	0	HPCLAS_TRAIN_N_003539	4	0.7621799159222583	-0.9947317242622375	0.26997848724889145	0
Mixup	HPCLAS_TRAIN_N_003541	0	HPCLAS_TRAIN_P_005887	4	0.5238967017760845	0.023348834365606308	0.505836943417548	1
Mixup	HPCLAS_TRAIN_N_003548	0	HPCLAS_TRAIN_N_003548	4	-0.2203151485529471	-0.4612274169921875	0.38669468685461766	0
Mixup	HPCLAS_TRAIN_N_003550	0	HPCLAS_TRAIN_N_003550	4	-1.3617545328111174	-2.4194605350494385	0.08170072007169529	0
Mixup	HPCLAS_TRAIN_N_003555	0	HPCLAS_TRAIN_N_003555	4	-2.5259226645190744	-3.47662091255188	0.029984807048321137	0
Mixup	HPCLAS_TRAIN_N_003556	0	HPCLAS_TRAIN_N_003556	4	0.0270936372334535	1.3327871561050415	0.7913012893733314	1
Mixup	HPCLAS_TRAIN_N_003569	0	HPCLAS_TRAIN_N_003569	4	-2.0801334024570264	-3.448967456817627	0.030799666924603723	0
Mixup	HPCLAS_TRAIN_N_003572	0	HPCLAS_TRAIN_N_003572	4	-1.4144194753423265	-1.9954274892807007	0.1196838428576582	0
Mixup	HPCLAS_TRAIN_N_003575	0	HPCLAS_TRAIN_N_003575	4	-1.5247405675955186	-2.2084367275238037	0.09899542239706013	0
Mixup	HPCLAS_TRAIN_N_003583	0	HPCLAS_TRAIN_N_003583	4	-0.8168062607744104	-0.7108043432235718	0.32942113410785867	0
Mixup	HPCLAS_TRAIN_N_003590	0	HPCLAS_TRAIN_N_003590	4	-1.5893612598077556	-1.5313177108764648	0.1778009707590107	0
Mixup	HPCLAS_TRAIN_N_003596	0	HPCLAS_TRAIN_N_003596	4	-2.219706072267246	-3.273529052734375	0.036490547191016326	0
Mixup	HPCLAS_TRAIN_N_003600	0	HPCLAS_TRAIN_N_003600	4	-1.2043271559564466	-2.103914737701416	0.1087169112753827	0
Mixup	HPCLAS_TRAIN_N_003604	0	HPCLAS_TRAIN_N_003604	4	-1.7442229461326353	-2.047938108444214	0.11426088980180832	0
Mixup	HPCLAS_TRAIN_N_003611	0	HPCLAS_TRAIN_N_003611	4	-2.233762742606755	-2.6280205249786377	0.06735669430978035	0
Mixup	HPCLAS_TRAIN_N_003618	0	HPCLAS_TRAIN_N_003618	4	-1.2243972717310332	-2.3139922618865967	0.08997073873865508	0
Mixup	HPCLAS_TRAIN_N_003622	0	HPCLAS_TRAIN_N_003622	4	-1.361254406297582	-1.1578255891799927	0.23906261142273427	0
Mixup	HPCLAS_TRAIN_N_003627	0	HPCLAS_TRAIN_N_003627	4	-0.6359612061165983	-0.26841622591018677	0.4332959505031178	0
Mixup	HPCLAS_TRAIN_N_003631	0	HPCLAS_TRAIN_N_003631	4	-0.8313472180857704	-1.2074981927871704	0.23014401623220831	0
Mixup	HPCLAS_TRAIN_N_003633	0	HPCLAS_TRAIN_N_003633	4	-1.134435833341905	-0.700764536857605	0.3316427419701182	0
Mixup	HPCLAS_TRAIN_N_003639	0	HPCLAS_TRAIN_N_003639	4	-2.46673922837334	-4.167837142944336	0.015249566840885617	0
Mixup	HPCLAS_TRAIN_N_003641	0	HPCLAS_TRAIN_N_003641	4	-0.1913818461100565	-1.4161347150802612	0.1952682535716211	0
Mixup	HPCLAS_TRAIN_N_003649	0	HPCLAS_TRAIN_N_003649	4	-0.8988555002496347	-0.4877682328224182	0.3804194557167394	0
Mixup	HPCLAS_TRAIN_N_003653	0	HPCLAS_TRAIN_P_003856	4	0.748057465336611	1.083678960800171	0.7471895609509527	1
Mixup	HPCLAS_TRAIN_N_003659	0	HPCLAS_TRAIN_N_003659	4	-1.9369355289581585	-3.3716769218444824	0.03319245307427887	0
Mixup	HPCLAS_TRAIN_N_003660	0	HPCLAS_TRAIN_N_003660	4	-1.3887848833838	-2.585026741027832	0.07010831286987718	0
Mixup	HPCLAS_TRAIN_N_003675	0	HPCLAS_TRAIN_N_003675	4	-1.374054594215429	-2.0875110626220703	0.11031661893294507	0
Mixup	HPCLAS_TRAIN_N_003679	0	HPCLAS_TRAIN_N_003679	4	-1.6451458461206572	-1.9273384809494019	0.12704546277919077	0
Mixup	HPCLAS_TRAIN_N_003683	0	HPCLAS_TRAIN_N_003683	4	-0.7201283820613008	1.2738010883331299	0.781392737148588	1
Mixup	HPCLAS_TRAIN_N_003686	0	HPCLAS_TRAIN_N_003686	4	-1.980011028063777	-2.6801223754882812	0.06415652853163839	0
Mixup	HPCLAS_TRAIN_N_003691	0	HPCLAS_TRAIN_N_003691	4	-1.751433582471526	-2.825178861618042	0.05597862636539006	0
Mixup	HPCLAS_TRAIN_N_003695	0	HPCLAS_TRAIN_N_003695	4	-1.3175217579536544	-1.7228808403015137	0.151500465269314	0
Mixup	HPCLAS_TRAIN_N_003711	0	HPCLAS_TRAIN_N_003711	4	-0.4491559117667475	-1.1526093482971191	0.24001279771681802	0
Mixup	HPCLAS_TRAIN_N_003712	0	HPCLAS_TRAIN_P_006064	4	0.3743300650145013	-2.2711665630340576	0.09353925284194921	0
Mixup	HPCLAS_TRAIN_N_003717	0	HPCLAS_TRAIN_N_003717	4	0.3396727790697555	-0.22328919172286987	0.44440848414073675	0
Mixup	HPCLAS_TRAIN_N_003721	0	HPCLAS_TRAIN_N_003721	4	-0.2385882628115954	-1.274468183517456	0.21849333229195872	0
Mixup	HPCLAS_TRAIN_N_003722	0	HPCLAS_TRAIN_N_003722	4	-1.4515621494716386	-1.0100749731063843	0.26696517865984476	0
Mixup	HPCLAS_TRAIN_N_003724	0	HPCLAS_TRAIN_N_003724	4	-0.5579211455360228	-1.9722753763198853	0.12214469891360423	0
Mixup	HPCLAS_TRAIN_N_003738	0	HPCLAS_TRAIN_N_003738	4	-1.7100855888179227	-2.8865110874176025	0.05282441056047315	0
Mixup	HPCLAS_TRAIN_N_003744	0	HPCLAS_TRAIN_N_003744	4	-2.1214556993613187	-2.9661073684692383	0.0489807300603985	0
Mixup	HPCLAS_TRAIN_N_003745	0	HPCLAS_TRAIN_N_003745	4	-2.5412893720779484	-3.8231892585754395	0.021390427357521995	0
Mixup	HPCLAS_TRAIN_N_003753	0	HPCLAS_TRAIN_N_003753	4	-0.5230907478989263	-1.5974197387695312	0.16834255097142803	0
Mixup	HPCLAS_TRAIN_N_003757	0	HPCLAS_TRAIN_N_003757	4	-2.1017251981750595	-2.186790943145752	0.10094295389734674	0
Mixup	HPCLAS_TRAIN_N_003763	0	HPCLAS_TRAIN_N_003763	4	-1.3783065347056291	-1.7559400796890259	0.14729954564412992	0
Mixup	HPCLAS_TRAIN_N_003771	0	HPCLAS_TRAIN_N_003771	4	-0.8656788855328623	-2.4962568283081055	0.07612100723548802	0
Mixup	HPCLAS_TRAIN_N_003782	0	HPCLAS_TRAIN_N_003782	4	0.0374656626782701	-0.5243383646011353	0.37183833981184977	0
Mixup	HPCLAS_TRAIN_N_003788	0	HPCLAS_TRAIN_N_003788	4	-2.2376026281114947	-3.428934335708618	0.031403330549221425	0
Mixup	HPCLAS_TRAIN_N_003789	0	HPCLAS_TRAIN_N_003789	4	-0.4860795374698465	-1.7343686819076538	0.15002963002845587	0
Mixup	HPCLAS_TRAIN_N_003791	0	HPCLAS_TRAIN_N_003791	4	-0.8626738556230761	-1.8854268789291382	0.13176677365478992	0
Mixup	HPCLAS_TRAIN_N_003803	0	HPCLAS_TRAIN_N_003803	4	-1.897922431809117	-2.7109787464141846	0.06232862524255754	0
Mixup	HPCLAS_TRAIN_N_003807	0	HPCLAS_TRAIN_N_003807	4	-2.4037607716868545	-3.768296241760254	0.022570195136768334	0
Mixup	HPCLAS_TRAIN_N_003820	0	HPCLAS_TRAIN_N_003820	4	-2.362481857135533	-2.8668346405029297	0.05381760868645936	0
Mixup	HPCLAS_TRAIN_N_003826	0	HPCLAS_TRAIN_N_003826	4	-0.882372965562991	-1.2880827188491821	0.21617750734082514	0
Mixup	HPCLAS_TRAIN_N_003834	0	HPCLAS_TRAIN_N_003834	4	-1.6364205600115969	-2.494616985321045	0.07623641200788878	0
Mixup	HPCLAS_TRAIN_N_003837	0	HPCLAS_TRAIN_N_003837	4	-1.7764440944514246	-3.0247128009796143	0.046321835534795124	0
Mixup	HPCLAS_TRAIN_N_003838	0	HPCLAS_TRAIN_N_003838	4	-1.4556939729742548	-2.482327938079834	0.07710638059452737	0
Mixup	HPCLAS_TRAIN_N_003850	0	HPCLAS_TRAIN_N_003850	4	-2.2885952391866167	-2.862239360809326	0.05405208652639253	0
Mixup	HPCLAS_TRAIN_N_003851	0	HPCLAS_TRAIN_N_003851	4	-1.3471808202385809	-2.2319560050964355	0.09691730789506058	0
Mixup	HPCLAS_TRAIN_N_003852	0	HPCLAS_TRAIN_P_005478	4	-1.2751278095663243	-1.1660724878311157	0.2375656341065525	0
Mixup	HPCLAS_TRAIN_N_003853	0	HPCLAS_TRAIN_N_003853	4	-1.5270842686709063	-2.10020112991333	0.10907727396997441	0
Mixup	HPCLAS_TRAIN_N_003857	0	HPCLAS_TRAIN_N_003857	4	-0.8643384489490689	-1.5076581239700317	0.1812861184173109	0
Mixup	HPCLAS_TRAIN_N_003862	0	HPCLAS_TRAIN_N_003862	4	-0.904051100977728	-1.0242246389389038	0.2642053093729066	0
Mixup	HPCLAS_TRAIN_N_003864	0	HPCLAS_TRAIN_N_003864	4	-1.8487427011001365	-3.2004661560058594	0.03914818428960646	0
Mixup	HPCLAS_TRAIN_N_003866	0	HPCLAS_TRAIN_N_003866	4	-1.70468451986514	-3.203092575073242	0.03904950944191488	0
Mixup	HPCLAS_TRAIN_N_003867	0	HPCLAS_TRAIN_N_003867	4	1.1367099579754874	-0.6567801237106323	0.3414632825654195	0
Mixup	HPCLAS_TRAIN_N_003869	0	HPCLAS_TRAIN_N_003869	4	-1.9728535486176824	-2.432290554046631	0.08074329021243747	0
Mixup	HPCLAS_TRAIN_N_003871	0	HPCLAS_TRAIN_N_003871	4	-1.3488484743740436	-3.4971096515655518	0.029394581881783385	0
Mixup	HPCLAS_TRAIN_N_003890	0	HPCLAS_TRAIN_N_003890	4	-2.2512111943851534	-3.30027437210083	0.03556177789564992	0
Mixup	HPCLAS_TRAIN_N_003893	0	HPCLAS_TRAIN_N_003893	4	-1.416032272802076	-1.383917212486267	0.20038061503570068	0
Mixup	HPCLAS_TRAIN_N_003919	0	HPCLAS_TRAIN_N_003919	4	-1.895125563504497	-2.905956745147705	0.05185988422406141	0
Mixup	HPCLAS_TRAIN_N_003926	0	HPCLAS_TRAIN_N_003926	4	-0.8823888009896428	-0.7680270075798035	0.3169060585996216	0
Mixup	HPCLAS_TRAIN_N_003940	0	HPCLAS_TRAIN_N_003940	4	-1.4597101910789223	-3.31907320022583	0.03492263104223032	0
Mixup	HPCLAS_TRAIN_N_003942	0	HPCLAS_TRAIN_N_003942	4	-0.1435033782446814	0.19717642664909363	0.5491350182249388	1
Mixup	HPCLAS_TRAIN_N_003955	0	HPCLAS_TRAIN_N_003955	4	-1.5449275365809845	-2.2121338844299316	0.09866614183022965	0
Mixup	HPCLAS_TRAIN_N_003962	0	HPCLAS_TRAIN_N_003962	4	-2.375840161733898	-3.057137966156006	0.04491030555518021	0
Mixup	HPCLAS_TRAIN_N_003966	0	HPCLAS_TRAIN_N_003966	4	-1.1038549940833564	-1.2716327905654907	0.2189778733962166	0
Mixup	HPCLAS_TRAIN_N_003969	0	HPCLAS_TRAIN_N_003969	4	-2.086566598926936	-3.467766523361206	0.030243417889360257	0
Mixup	HPCLAS_TRAIN_N_003974	0	HPCLAS_TRAIN_N_003974	4	-2.1075180077969367	-3.1594395637512207	0.04072094011573073	0
Mixup	HPCLAS_TRAIN_N_003978	0	HPCLAS_TRAIN_N_003978	4	-1.778042823888633	-2.6964807510375977	0.06318133855150568	0
Mixup	HPCLAS_TRAIN_N_003982	0	HPCLAS_TRAIN_N_003982	4	-1.815174618618553	-2.414012908935547	0.08211036456126743	0
Mixup	HPCLAS_TRAIN_N_003986	0	HPCLAS_TRAIN_N_003986	4	0.5322551491092941	0.4410954713821411	0.6085200286689558	1
Mixup	HPCLAS_TRAIN_N_003987	0	HPCLAS_TRAIN_N_003987	4	0.0928534448320936	-1.6708987951278687	0.15830438290934298	0
Mixup	HPCLAS_TRAIN_N_003990	0	HPCLAS_TRAIN_N_003990	4	-0.0083256248734982	-1.4276591539382935	0.1934636772096766	0
Mixup	HPCLAS_TRAIN_N_003991	0	HPCLAS_TRAIN_N_003991	4	-1.3848575585719225	-2.4101943969726562	0.08239861875715927	0
Mixup	HPCLAS_TRAIN_N_004009	0	HPCLAS_TRAIN_N_004009	4	-1.6606194438702049	-2.6679766178131104	0.06488963731971387	0
Mixup	HPCLAS_TRAIN_N_004010	0	HPCLAS_TRAIN_N_004010	4	-1.6603991327071153	-2.0633068084716797	0.11271469207882034	0
Mixup	HPCLAS_TRAIN_N_004012	0	HPCLAS_TRAIN_N_004012	4	-1.7279009252388395	-1.9799500703811646	0.12132416051857327	0
Mixup	HPCLAS_TRAIN_N_004020	0	HPCLAS_TRAIN_N_004020	4	-1.5192381734513596	-1.5141481161117554	0.18032485599515227	0
Mixup	HPCLAS_TRAIN_N_004021	0	HPCLAS_TRAIN_N_004021	4	-1.200927065372017	-1.6596392393112183	0.15981043071800016	0
Mixup	HPCLAS_TRAIN_N_004022	0	HPCLAS_TRAIN_N_004022	4	-0.4080046389097099	-0.15894567966461182	0.460347026784995	0
Mixup	HPCLAS_TRAIN_N_004049	0	HPCLAS_TRAIN_N_004049	4	-2.183024904622955	-3.3586583137512207	0.03361277796038079	0
Mixup	HPCLAS_TRAIN_N_004056	0	HPCLAS_TRAIN_N_004056	4	-1.7036755377963158	-2.3134701251983643	0.09001349835819618	0
Mixup	HPCLAS_TRAIN_N_004069	0	HPCLAS_TRAIN_N_004069	4	-1.7349285211005243	-2.9441349506378174	0.05001444333103145	0
Mixup	HPCLAS_TRAIN_N_004075	0	HPCLAS_TRAIN_N_004075	4	-1.8750960545645567	-2.859910011291504	0.05417131102792766	0
Mixup	HPCLAS_TRAIN_N_004084	0	HPCLAS_TRAIN_N_004084	4	0.6901907851402947	-0.9081805348396301	0.2873723003407717	0
Mixup	HPCLAS_TRAIN_N_004092	0	HPCLAS_TRAIN_N_004092	4	0.0682096171035945	-1.7795339822769165	0.14436068737665694	0
Mixup	HPCLAS_TRAIN_N_004095	0	HPCLAS_TRAIN_N_004095	4	0.118109722749962	0.061826881021261215	0.5154517984458411	1
Mixup	HPCLAS_TRAIN_N_004101	0	HPCLAS_TRAIN_N_004101	4	-1.9106960591266864	-1.3833253383636475	0.20047546679324385	0
Mixup	HPCLAS_TRAIN_N_004106	0	HPCLAS_TRAIN_N_004106	4	-2.247841420757452	-2.629342555999756	0.06727369211172561	0
Mixup	HPCLAS_TRAIN_N_004115	0	HPCLAS_TRAIN_N_004115	4	-0.79066886028335	-2.0236079692840576	0.1167464342189937	0
Mixup	HPCLAS_TRAIN_N_004117	0	HPCLAS_TRAIN_N_004117	4	-0.0140547681757072	-1.9127405881881714	0.12867327427746092	0
Mixup	HPCLAS_TRAIN_N_004124	0	HPCLAS_TRAIN_N_004124	4	-0.2051984780084942	0.21881771087646484	0.5544871917175378	1
Mixup	HPCLAS_TRAIN_N_004133	0	HPCLAS_TRAIN_N_004133	4	-1.417835739838801	-1.7227236032485962	0.15152067889727927	0
Mixup	HPCLAS_TRAIN_N_004145	0	HPCLAS_TRAIN_N_004145	4	0.2320559857515299	-0.11572736501693726	0.4711004054780913	0
Mixup	HPCLAS_TRAIN_N_004146	0	HPCLAS_TRAIN_N_004146	4	-1.7546298796872983	-2.4274191856384277	0.08110560099228624	0
Mixup	HPCLAS_TRAIN_N_004153	0	HPCLAS_TRAIN_N_004153	4	-1.0015021635022932	-1.6960828304290771	0.15497756269038013	0
Mixup	HPCLAS_TRAIN_N_004162	0	HPCLAS_TRAIN_N_004162	4	-2.01098350622623	-3.3284354209899902	0.034608465951926126	0
Mixup	HPCLAS_TRAIN_N_004165	0	HPCLAS_TRAIN_N_004165	4	-1.0750447468901212	-1.378827452659607	0.20119738201290682	0
Mixup	HPCLAS_TRAIN_N_004170	0	HPCLAS_TRAIN_N_004170	4	-1.836780261757296	-3.0923330783843994	0.04342461809652836	0
Mixup	HPCLAS_TRAIN_N_004173	0	HPCLAS_TRAIN_N_004173	4	-1.5687023687037316	-2.680229425430298	0.06415010150285197	0
Mixup	HPCLAS_TRAIN_N_004174	0	HPCLAS_TRAIN_N_004174	4	-2.2827238762014046	-3.232177734375	0.03797261282965956	0
Mixup	HPCLAS_TRAIN_N_004180	0	HPCLAS_TRAIN_N_004180	4	-2.3416507903914234	-3.314894676208496	0.03506373401333131	0
Mixup	HPCLAS_TRAIN_N_004183	0	HPCLAS_TRAIN_N_004183	4	-1.2475812042564465	-2.017517566680908	0.1173759238524678	0
Mixup	HPCLAS_TRAIN_N_004184	0	HPCLAS_TRAIN_N_004184	4	-1.5048524582223768	-2.0117595195770264	0.1179737662119662	0
Mixup	HPCLAS_TRAIN_N_004188	0	HPCLAS_TRAIN_N_004188	4	-1.1956044597666082	-0.8321961760520935	0.3031809006488556	0
Mixup	HPCLAS_TRAIN_N_004193	0	HPCLAS_TRAIN_N_004193	4	-1.7663506430188287	-3.420198917388916	0.031670127585187655	0
Mixup	HPCLAS_TRAIN_N_004208	0	HPCLAS_TRAIN_N_004208	4	0.616593720357198	-0.49358344078063965	0.3790497646550781	0
Mixup	HPCLAS_TRAIN_N_004212	0	HPCLAS_TRAIN_N_004212	4	-1.5223014770041126	-1.1991771459579468	0.23162163000331099	0
Mixup	HPCLAS_TRAIN_N_004223	0	HPCLAS_TRAIN_N_004223	4	-1.3938978646296378	-2.534440040588379	0.07347879710316726	0
Mixup	HPCLAS_TRAIN_N_004227	0	HPCLAS_TRAIN_N_004227	4	-1.8852025408801223	-2.3504152297973633	0.08703277342398506	0
Mixup	HPCLAS_TRAIN_N_004228	0	HPCLAS_TRAIN_N_004228	4	-0.655282649551522	-0.08236075937747955	0.479421441376339	0
Mixup	HPCLAS_TRAIN_N_004229	0	HPCLAS_TRAIN_N_004229	4	-2.244737431196285	-3.2232112884521484	0.03830152370729785	0
Mixup	HPCLAS_TRAIN_N_004230	0	HPCLAS_TRAIN_N_004230	4	-0.3512899950774146	-1.8607479333877563	0.1346158980437572	0
Mixup	HPCLAS_TRAIN_N_004233	0	HPCLAS_TRAIN_N_004233	4	-1.3555594621573528	-2.2810802459716797	0.09270205538929373	0
Mixup	HPCLAS_TRAIN_N_004238	0	HPCLAS_TRAIN_N_004238	4	-1.753054095893099	-3.483125686645508	0.0297961883578509	0
Mixup	HPCLAS_TRAIN_N_004247	0	HPCLAS_TRAIN_N_004247	4	-0.6383065176215107	-0.8980545997619629	0.28945044172532863	0
Mixup	HPCLAS_TRAIN_N_004256	0	HPCLAS_TRAIN_N_004256	4	-1.662274610506791	-1.8658732175827026	0.13401994817748147	0
Mixup	HPCLAS_TRAIN_N_004257	0	HPCLAS_TRAIN_N_004257	4	-1.334944810909392	-2.097360134124756	0.10935366707838542	0
Mixup	HPCLAS_TRAIN_N_004272	0	HPCLAS_TRAIN_N_004272	4	-0.5386730070973185	-0.7682888507843018	0.3168493783884021	0
Mixup	HPCLAS_TRAIN_N_004278	0	HPCLAS_TRAIN_N_004278	4	-1.9905086946033668	-2.8066112995147705	0.05696795756532847	0
Mixup	HPCLAS_TRAIN_N_004283	0	HPCLAS_TRAIN_N_004283	4	-0.5248137117117075	-1.0795624256134033	0.25358883248378655	0
Mixup	HPCLAS_TRAIN_N_004297	0	HPCLAS_TRAIN_N_004297	4	-1.0955479369191194	-2.012516736984253	0.1178949960203908	0
Mixup	HPCLAS_TRAIN_N_004300	0	HPCLAS_TRAIN_N_004300	4	-0.9481382765784035	-1.2759133577346802	0.21824666341368792	0
Mixup	HPCLAS_TRAIN_N_004304	0	HPCLAS_TRAIN_N_004304	4	-0.3897723013988832	-2.8335483074188232	0.05553798293364038	0
Mixup	HPCLAS_TRAIN_N_004319	0	HPCLAS_TRAIN_N_004319	4	-1.2697437591767278	-1.0322238206863403	0.2626531973459018	0
Mixup	HPCLAS_TRAIN_N_004329	0	HPCLAS_TRAIN_N_004329	4	-1.8796833519523732	-2.7452242374420166	0.06035693464138371	0
Mixup	HPCLAS_TRAIN_N_004334	0	HPCLAS_TRAIN_N_004334	4	-0.9113694859337904	1.0069743394851685	0.7324276052895814	1
Mixup	HPCLAS_TRAIN_N_004342	0	HPCLAS_TRAIN_N_004342	4	-1.0286155189598876	-1.0985468626022339	0.2500122675880023	0
Mixup	HPCLAS_TRAIN_N_004351	0	HPCLAS_TRAIN_N_004351	4	-1.9356133669487192	-2.498751163482666	0.07594577448845126	0
Mixup	HPCLAS_TRAIN_N_004354	0	HPCLAS_TRAIN_N_004354	4	-0.944603227503011	-1.8329896926879883	0.1378825007605445	0
Mixup	HPCLAS_TRAIN_N_004360	0	HPCLAS_TRAIN_N_004360	4	-0.9785548000029196	-2.421205997467041	0.08156986108705472	0
Mixup	HPCLAS_TRAIN_N_004365	0	HPCLAS_TRAIN_N_004365	4	0.3313987534569356	-0.6204559206962585	0.34967776648473975	0
Mixup	HPCLAS_TRAIN_N_004366	0	HPCLAS_TRAIN_N_004366	4	-2.039186050508075	-2.955491065979004	0.04947762917310939	0
Mixup	HPCLAS_TRAIN_N_004367	0	HPCLAS_TRAIN_N_004367	4	-2.165538776620662	-3.391538619995117	0.03256095276877291	0
Mixup	HPCLAS_TRAIN_N_004371	0	HPCLAS_TRAIN_N_004371	4	-0.0348835790269209	-1.839126467704773	0.1371546364572514	0
Mixup	HPCLAS_TRAIN_N_004373	0	HPCLAS_TRAIN_N_004373	4	-1.1229175508719471	-2.5143232345581055	0.07486014823403746	0
Mixup	HPCLAS_TRAIN_N_004403	0	HPCLAS_TRAIN_N_004403	4	-0.7840931684967818	-2.075294256210327	0.11152138066085844	0
Mixup	HPCLAS_TRAIN_N_004404	0	HPCLAS_TRAIN_N_004404	4	-2.5407097199803297	-3.67899751663208	0.0246264966137767	0
Mixup	HPCLAS_TRAIN_N_004405	0	HPCLAS_TRAIN_N_004405	4	-1.766851852553411	-1.3686633110046387	0.20283589449580205	0
Mixup	HPCLAS_TRAIN_N_004406	0	HPCLAS_TRAIN_N_004406	4	-0.5323254691030982	1.0805385112762451	0.7465958780693013	1
Mixup	HPCLAS_TRAIN_N_004410	0	HPCLAS_TRAIN_N_004410	4	-0.432464946426718	-0.7986509203910828	0.31031417401796196	0
Mixup	HPCLAS_TRAIN_N_004419	0	HPCLAS_TRAIN_N_004419	4	-2.476244939651355	-3.310432195663452	0.03521503243679116	0
Mixup	HPCLAS_TRAIN_N_004420	0	HPCLAS_TRAIN_P_004029	4	-1.7203942291924632	-2.3095688819885254	0.09033356488460235	0
Mixup	HPCLAS_TRAIN_N_004421	0	HPCLAS_TRAIN_N_004421	4	-1.67885806836811	-2.04232120513916	0.11483058323793233	0
Mixup	HPCLAS_TRAIN_N_004422	0	HPCLAS_TRAIN_N_004422	4	-0.6221386779590607	-1.267877221107483	0.21962085338196516	0
Mixup	HPCLAS_TRAIN_N_004438	0	HPCLAS_TRAIN_N_004438	4	-2.23657559796663	-3.4871816635131836	0.029679160004866256	0
Mixup	HPCLAS_TRAIN_N_004456	0	HPCLAS_TRAIN_N_004456	4	-1.5888549784294144	-3.462977409362793	0.03038419306897532	0
Mixup	HPCLAS_TRAIN_N_004457	0	HPCLAS_TRAIN_N_004457	4	-2.157599976027872	-3.304292678833008	0.0354242183819964	0
Mixup	HPCLAS_TRAIN_N_004458	0	HPCLAS_TRAIN_N_004458	4	-1.0539560510175234	-0.031996939331293106	0.4920014475681149	0
Mixup	HPCLAS_TRAIN_N_004460	0	HPCLAS_TRAIN_N_004460	4	-2.4016053454299806	-3.321489095687866	0.034841299440684516	0
Mixup	HPCLAS_TRAIN_N_004465	0	HPCLAS_TRAIN_N_004465	4	-1.2006426502519758	-2.059401035308838	0.11310590006828164	0
Mixup	HPCLAS_TRAIN_N_004467	0	HPCLAS_TRAIN_N_004467	4	-1.8707887988455367	-2.5954654216766357	0.06943082889134655	0
Mixup	HPCLAS_TRAIN_N_004469	0	HPCLAS_TRAIN_N_004469	4	-1.9458382167043888	-2.1238021850585938	0.1068048087403401	0
Mixup	HPCLAS_TRAIN_N_004470	0	HPCLAS_TRAIN_N_004470	4	-1.8011600713535958	-2.210103988647461	0.0988468098867177	0
Mixup	HPCLAS_TRAIN_N_004475	0	HPCLAS_TRAIN_N_004475	4	-1.1052658628254148	-1.836962342262268	0.13741094724473574	0
Mixup	HPCLAS_TRAIN_N_004477	0	HPCLAS_TRAIN_N_004477	4	-2.113589769056829	-2.975231647491455	0.04855745120374772	0
Mixup	HPCLAS_TRAIN_N_004480	0	HPCLAS_TRAIN_N_004480	4	-2.2093672495743863	-2.969057083129883	0.04884351023220036	0
Mixup	HPCLAS_TRAIN_N_004501	0	HPCLAS_TRAIN_N_004501	4	-1.820760443657935	-2.3240809440612793	0.08914812758306268	0
Mixup	HPCLAS_TRAIN_N_004502	0	HPCLAS_TRAIN_N_004502	4	-1.2961196047411367	-2.6651980876922607	0.065058439639796	0
Mixup	HPCLAS_TRAIN_N_004508	0	HPCLAS_TRAIN_N_004508	4	0.1742464412417239	1.2554744482040405	0.7782460755880377	1
Mixup	HPCLAS_TRAIN_N_004525	0	HPCLAS_TRAIN_N_004525	4	-0.7783067844333313	-2.067877769470215	0.11225835848315042	0
Mixup	HPCLAS_TRAIN_N_004527	0	HPCLAS_TRAIN_N_004527	4	-1.4730237247905	-2.3167192935943604	0.0897477097980425	0
Mixup	HPCLAS_TRAIN_N_004532	0	HPCLAS_TRAIN_N_004532	4	-0.7745632616622588	-1.0065253973007202	0.26766038641635675	0
Mixup	HPCLAS_TRAIN_N_004536	0	HPCLAS_TRAIN_N_004536	4	-1.8022311323515048	-2.6120781898498535	0.06836512225324531	0
Mixup	HPCLAS_TRAIN_N_004547	0	HPCLAS_TRAIN_N_004547	4	-0.9098690043713	-1.5210212469100952	0.17931118483429734	0
Mixup	HPCLAS_TRAIN_N_004554	0	HPCLAS_TRAIN_N_004554	4	0.2131716076952917	-0.3252961039543152	0.41938559175584184	0
Mixup	HPCLAS_TRAIN_N_004563	0	HPCLAS_TRAIN_N_004563	4	0.0421097503997512	-1.1500113010406494	0.2404870188757148	0
Mixup	HPCLAS_TRAIN_N_004576	0	HPCLAS_TRAIN_N_004576	4	-1.0964870418020114	-0.1352696567773819	0.4662340572083129	0
Mixup	HPCLAS_TRAIN_N_004579	0	HPCLAS_TRAIN_N_004579	4	-0.2994239471249029	-1.1817480325698853	0.2347380409052395	0
Mixup	HPCLAS_TRAIN_N_004580	0	HPCLAS_TRAIN_N_004580	4	-1.172573821219995	-2.168797016143799	0.10258773139893934	0
Mixup	HPCLAS_TRAIN_N_004581	0	HPCLAS_TRAIN_N_004581	4	0.2486888927459226	0.09897194802761078	0.5247228093877688	1
Mixup	HPCLAS_TRAIN_N_004582	0	HPCLAS_TRAIN_N_004582	4	-1.416290209574592	-2.442044258117676	0.0800222872397313	0
Mixup	HPCLAS_TRAIN_N_004586	0	HPCLAS_TRAIN_N_004586	4	0.0457166169925937	-0.8973930478096008	0.2895865213262478	0
Mixup	HPCLAS_TRAIN_N_004587	0	HPCLAS_TRAIN_N_004587	4	1.0072681170948907	-0.9567792415618896	0.27752350755069416	0
Mixup	HPCLAS_TRAIN_N_004599	0	HPCLAS_TRAIN_N_004599	4	-2.1548335905374505	-2.8265304565429688	0.05590724415485569	0
Mixup	HPCLAS_TRAIN_N_004604	0	HPCLAS_TRAIN_N_004604	4	-2.227702660323666	-3.0825142860412598	0.04383431351321819	0
Mixup	HPCLAS_TRAIN_N_004615	0	HPCLAS_TRAIN_N_004615	4	-1.2966178483469752	-1.7140449285507202	0.15263980568044444	0
Mixup	HPCLAS_TRAIN_N_004630	0	HPCLAS_TRAIN_N_004630	4	-1.912711383848795	-2.579395294189453	0.0704763345325462	0
Mixup	HPCLAS_TRAIN_N_004640	0	HPCLAS_TRAIN_N_004640	4	1.4081833635166	0.5982224345207214	0.6452495220429016	1
Mixup	HPCLAS_TRAIN_N_004641	0	HPCLAS_TRAIN_N_004641	4	0.1399472094509982	-1.3187437057495117	0.21102738403730886	0
Mixup	HPCLAS_TRAIN_N_004643	0	HPCLAS_TRAIN_N_004643	4	-2.3654611508243217	-3.197275400161743	0.03926838314406605	0
Mixup	HPCLAS_TRAIN_N_004657	0	HPCLAS_TRAIN_N_004657	4	-2.343154501638764	-3.2983994483947754	0.03562613843787199	0
Mixup	HPCLAS_TRAIN_N_004658	0	HPCLAS_TRAIN_N_004658	4	-1.3906989849127576	-1.8956265449523926	0.1306042643903948	0
Mixup	HPCLAS_TRAIN_N_004661	0	HPCLAS_TRAIN_N_004661	4	-1.9981654436184495	-3.143416404724121	0.04135147537592898	0
Mixup	HPCLAS_TRAIN_N_004665	0	HPCLAS_TRAIN_N_004665	4	-0.4751737343103552	-0.8013330101966858	0.3097404472989008	0
Mixup	HPCLAS_TRAIN_N_004666	0	HPCLAS_TRAIN_N_004666	4	-1.262606535162931	-2.8807952404022217	0.05311112927427715	0
Mixup	HPCLAS_TRAIN_N_004679	0	HPCLAS_TRAIN_N_004679	4	-1.7102022091181492	-2.2756872177124023	0.09315665173331812	0
Mixup	HPCLAS_TRAIN_N_004680	0	HPCLAS_TRAIN_N_004680	4	-1.7570792415057803	-2.190547227859497	0.10060256863856624	0
Mixup	HPCLAS_TRAIN_N_004684	0	HPCLAS_TRAIN_N_004684	4	-1.6589036890065816	-2.5921695232391357	0.06964407994609971	0
Mixup	HPCLAS_TRAIN_N_004687	0	HPCLAS_TRAIN_N_004687	4	-1.6745154086052565	-3.5940213203430176	0.02675221803619539	0
Mixup	HPCLAS_TRAIN_N_004692	0	HPCLAS_TRAIN_N_004692	4	-0.7990986284315764	-1.4277855157852173	0.19344396104160513	0
Mixup	HPCLAS_TRAIN_N_004695	0	HPCLAS_TRAIN_N_004695	4	-1.820634208682805	-2.2689409255981445	0.0937281346767027	0
Mixup	HPCLAS_TRAIN_N_004697	0	HPCLAS_TRAIN_N_004697	4	0.892061831119199	-0.9446572065353394	0.27996056920168305	0
Mixup	HPCLAS_TRAIN_N_004699	0	HPCLAS_TRAIN_N_004699	4	-0.4890403973598867	-0.6695098280906677	0.3386066071752931	0
Mixup	HPCLAS_TRAIN_N_004703	0	HPCLAS_TRAIN_N_004703	4	-1.7544391809706454	-2.244666576385498	0.09581050897680715	0
Mixup	HPCLAS_TRAIN_N_004707	0	HPCLAS_TRAIN_N_004707	4	-2.464014532689891	-3.967040538787842	0.018577706756046555	0
Mixup	HPCLAS_TRAIN_N_004708	0	HPCLAS_TRAIN_N_004708	4	-2.077513297973542	-2.941877841949463	0.0501217943206167	0
Mixup	HPCLAS_TRAIN_N_004710	0	HPCLAS_TRAIN_N_004710	4	-1.9011157292071623	-2.2628958225250244	0.09424288754593224	0
Mixup	HPCLAS_TRAIN_N_004711	0	HPCLAS_TRAIN_N_004711	4	-1.314229972290942	-1.374332070350647	0.2019208369005873	0
Mixup	HPCLAS_TRAIN_N_004723	0	HPCLAS_TRAIN_N_004723	4	-1.99317072936288	-2.64743709564209	0.06614714853367955	0
Mixup	HPCLAS_TRAIN_N_004725	0	HPCLAS_TRAIN_N_004725	4	-2.3911069252115933	-2.643889904022217	0.06636660210186036	0
Mixup	HPCLAS_TRAIN_N_004736	0	HPCLAS_TRAIN_N_004736	4	-2.0653166885736347	-3.50974702835083	0.02903616703360498	0
Mixup	HPCLAS_TRAIN_N_004738	0	HPCLAS_TRAIN_N_004738	4	-1.1781831644381209	-1.5788506269454956	0.17095832287234755	0
Mixup	HPCLAS_TRAIN_N_004745	0	HPCLAS_TRAIN_N_004745	4	-1.0737680799005829	-0.893063485622406	0.29047803634008523	0
Mixup	HPCLAS_TRAIN_N_004758	0	HPCLAS_TRAIN_N_004758	4	-2.1351185467161997	-2.7855520248413086	0.05810992906609385	0
Mixup	HPCLAS_TRAIN_N_004762	0	HPCLAS_TRAIN_N_004762	4	-2.2486355480787283	-2.8319668769836426	0.05562099284848999	0
Mixup	HPCLAS_TRAIN_N_004778	0	HPCLAS_TRAIN_N_004778	4	-1.1729898384392097	-1.4917129278182983	0.18366476551817915	0
Mixup	HPCLAS_TRAIN_N_004779	0	HPCLAS_TRAIN_N_004779	4	-0.7827468298071779	0.7516804337501526	0.6795447469745248	1
Mixup	HPCLAS_TRAIN_N_004787	0	HPCLAS_TRAIN_N_004787	4	-1.7841619594733742	-2.2543792724609375	0.0949723866719881	0
Mixup	HPCLAS_TRAIN_N_004788	0	HPCLAS_TRAIN_N_004788	4	-1.261663790665102	-2.252115249633789	0.0951671639198225	0
Mixup	HPCLAS_TRAIN_N_004790	0	HPCLAS_TRAIN_N_004790	4	-1.576152364983518	-2.623159885406494	0.06766268143493988	0
Mixup	HPCLAS_TRAIN_N_004794	0	HPCLAS_TRAIN_N_004794	4	-2.197832344754449	-3.114743232727051	0.04250319100896742	0
Mixup	HPCLAS_TRAIN_N_004797	0	HPCLAS_TRAIN_N_004797	4	-1.832208068631597	-2.7747886180877686	0.058701854010201095	0
Mixup	HPCLAS_TRAIN_N_004798	0	HPCLAS_TRAIN_N_004798	4	-0.4085068408434331	-0.368177205324173	0.40898154634233297	0
Mixup	HPCLAS_TRAIN_N_004817	0	HPCLAS_TRAIN_N_004817	4	-0.940463534637686	-1.7328331470489502	0.15022554781624944	0
Mixup	HPCLAS_TRAIN_N_004825	0	HPCLAS_TRAIN_N_004825	4	1.2982625539008084	-0.2474340796470642	0.43845515999522583	0
Mixup	HPCLAS_TRAIN_N_004827	0	HPCLAS_TRAIN_N_004827	4	-2.287646933485465	-2.373046636581421	0.08525125171646751	0
Mixup	HPCLAS_TRAIN_N_004830	0	HPCLAS_TRAIN_N_004830	4	-1.3485074000296933	-1.862945556640625	0.13436009262266235	0
Mixup	HPCLAS_TRAIN_N_004836	0	HPCLAS_TRAIN_N_004836	4	-2.2074680330067444	-2.54795503616333	0.07256398803184166	0
Mixup	HPCLAS_TRAIN_N_004838	0	HPCLAS_TRAIN_N_004838	4	-0.4471434140089236	-1.990845799446106	0.12016740972525455	0
Mixup	HPCLAS_TRAIN_N_004850	0	HPCLAS_TRAIN_N_004850	4	-1.3681807970407065	-0.2970678210258484	0.4262744346915624	0
Mixup	HPCLAS_TRAIN_N_004854	0	HPCLAS_TRAIN_N_004854	4	-1.2356569574844896	-1.962015986442566	0.12324903715635518	0
Mixup	HPCLAS_TRAIN_N_004857	0	HPCLAS_TRAIN_N_004857	4	-2.344776366233156	-2.681279182434082	0.06408710830928728	0
Mixup	HPCLAS_TRAIN_N_004858	0	HPCLAS_TRAIN_N_004858	4	-0.5940137683265568	-1.422255516052246	0.1943082333334171	0
Mixup	HPCLAS_TRAIN_N_004870	0	HPCLAS_TRAIN_N_004870	4	-1.1306946992475255	-1.3961960077285767	0.19842044151689417	0
Mixup	HPCLAS_TRAIN_N_004877	0	HPCLAS_TRAIN_N_004877	4	-1.0491540342870371	-2.5214152336120605	0.07437046249241551	0
Mixup	HPCLAS_TRAIN_N_004880	0	HPCLAS_TRAIN_N_004880	4	-1.943618532328768	-3.337291717529297	0.034313787195110905	0
Mixup	HPCLAS_TRAIN_N_004885	0	HPCLAS_TRAIN_N_004885	4	-1.4104939508259011	-1.7847331762313843	0.14371966612399126	0
Mixup	HPCLAS_TRAIN_N_004887	0	HPCLAS_TRAIN_N_004887	4	-2.388687162192358	-3.203037977218628	0.0390515582586028	0
Mixup	HPCLAS_TRAIN_N_004889	0	HPCLAS_TRAIN_N_004889	4	0.702510229584493	0.7632505893707275	0.6820590555105137	1
Mixup	HPCLAS_TRAIN_N_004896	0	HPCLAS_TRAIN_N_004896	4	-1.1758463846900598	-2.3299460411071777	0.0886730235824774	0
Mixup	HPCLAS_TRAIN_N_004901	0	HPCLAS_TRAIN_P_006160	4	-1.2196190258725152	-2.5867621898651123	0.06999525788909972	0
Mixup	HPCLAS_TRAIN_N_004905	0	HPCLAS_TRAIN_N_004905	4	-1.132609323064088	-2.6559531688690186	0.06562303580395366	0
Mixup	HPCLAS_TRAIN_N_004910	0	HPCLAS_TRAIN_N_004910	4	1.9694766906701964	-0.13362470269203186	0.46664344289989274	0
Mixup	HPCLAS_TRAIN_N_004930	0	HPCLAS_TRAIN_N_004930	4	-3.133646006611132	-1.3699722290039062	0.2026243332903982	0
Mixup	HPCLAS_TRAIN_N_004940	0	HPCLAS_TRAIN_N_004940	4	0.9166839649325634	1.0438960790634155	0.7396010573056359	1
Mixup	HPCLAS_TRAIN_N_004942	0	HPCLAS_TRAIN_N_004942	4	-2.240796259044891	-3.3083078861236572	0.03528727701635769	0
Mixup	HPCLAS_TRAIN_N_004945	0	HPCLAS_TRAIN_N_004945	4	-0.7714619415037857	-1.7987114191055298	0.14200799540499967	0
Mixup	HPCLAS_TRAIN_N_004959	0	HPCLAS_TRAIN_N_004959	4	-2.475899688545215	-3.54655122756958	0.028016336042124626	0
Mixup	HPCLAS_TRAIN_N_004960	0	HPCLAS_TRAIN_N_004960	4	-1.8712900141513151	-2.1388778686523438	0.105375127368293	0
Mixup	HPCLAS_TRAIN_N_004964	0	HPCLAS_TRAIN_N_004964	4	-1.882245407742137	-3.0339818000793457	0.04591408465950182	0
Mixup	HPCLAS_TRAIN_N_004966	0	HPCLAS_TRAIN_N_004966	4	-1.617737906444196	-1.5163954496383667	0.17999292117274907	0
Mixup	HPCLAS_TRAIN_N_004968	0	HPCLAS_TRAIN_N_004968	4	-0.9795549816227234	-1.9008749723434448	0.13000947681268343	0
Mixup	HPCLAS_TRAIN_N_004978	0	HPCLAS_TRAIN_N_004978	4	-2.105155891628757	-2.9755449295043945	0.04854297973898865	0
Mixup	HPCLAS_TRAIN_N_004979	0	HPCLAS_TRAIN_N_004979	4	-2.3155302972364584	-2.67561674118042	0.0644275807464162	0
Mixup	HPCLAS_TRAIN_N_004984	0	HPCLAS_TRAIN_N_004984	4	-0.4619405550474188	-0.7092484831809998	0.3297649191963855	0
Mixup	HPCLAS_TRAIN_N_004987	0	HPCLAS_TRAIN_N_004987	4	-0.1652370920258681	-1.8777892589569092	0.13264301024336206	0
Mixup	HPCLAS_TRAIN_N_005015	0	HPCLAS_TRAIN_N_005015	4	-2.220352579061557	-3.3454270362854004	0.0340452313222939	0
Mixup	HPCLAS_TRAIN_N_005016	0	HPCLAS_TRAIN_N_005016	4	-1.8522808594275344	-1.7555352449417114	0.14735040111646847	0
Mixup	HPCLAS_TRAIN_N_005019	0	HPCLAS_TRAIN_N_005019	4	-1.521524172458135	-3.1304845809936523	0.04186716411216915	0
Mixup	HPCLAS_TRAIN_N_005021	0	HPCLAS_TRAIN_N_005021	4	1.8675102481962924	-1.386006236076355	0.20004610399176112	0
Mixup	HPCLAS_TRAIN_N_005023	0	HPCLAS_TRAIN_N_005023	4	-0.7250794388679282	-2.09564208984375	0.10952110909863752	0
Mixup	HPCLAS_TRAIN_N_005027	0	HPCLAS_TRAIN_N_005027	4	-0.5889736424421731	-1.5124801397323608	0.18057152738869753	0
Mixup	HPCLAS_TRAIN_N_005029	0	HPCLAS_TRAIN_N_005029	4	-0.7672824239396875	-1.509888768196106	0.18095527828454055	0
Mixup	HPCLAS_TRAIN_N_005032	0	HPCLAS_TRAIN_N_005032	4	0.5256709480669051	-1.0623010396957397	0.25686996864266187	0
Mixup	HPCLAS_TRAIN_N_005036	0	HPCLAS_TRAIN_N_005036	4	-1.7135803633704043	-1.9684420824050903	0.12255632097934852	0
Mixup	HPCLAS_TRAIN_N_005037	0	HPCLAS_TRAIN_N_005037	4	-0.8099614983023854	-1.7840369939804077	0.14380536257422227	0
Mixup	HPCLAS_TRAIN_N_005050	0	HPCLAS_TRAIN_N_005050	4	-1.206278050080959	-2.0139546394348145	0.11774554239372154	0
Mixup	HPCLAS_TRAIN_N_005054	0	HPCLAS_TRAIN_N_005054	4	-1.301236279890184	-1.9951459169387817	0.11971351238978953	0
Mixup	HPCLAS_TRAIN_N_005071	0	HPCLAS_TRAIN_N_005071	4	-1.572528767180337	-2.236609935760498	0.09651073909373029	0
Mixup	HPCLAS_TRAIN_N_005077	0	HPCLAS_TRAIN_N_005077	4	-0.5115984289601578	-1.4509614706039429	0.1898536388575815	0
Mixup	HPCLAS_TRAIN_N_005083	0	HPCLAS_TRAIN_N_005083	4	-1.702344617559067	-1.8993653059005737	0.13018032607179061	0
Mixup	HPCLAS_TRAIN_N_005095	0	HPCLAS_TRAIN_N_005095	4	-2.2300071229901826	-2.7418699264526367	0.06054745172808593	0
Mixup	HPCLAS_TRAIN_N_005098	0	HPCLAS_TRAIN_N_005098	4	-1.9374190024236844	-1.8079710006713867	0.14088352750117755	0
Mixup	HPCLAS_TRAIN_N_005101	0	HPCLAS_TRAIN_N_005101	4	-2.3744568091253417	-3.46128249168396	0.03043416679346834	0
Mixup	HPCLAS_TRAIN_N_005106	0	HPCLAS_TRAIN_N_005106	4	-0.6429649024206741	0.04854024574160576	0.5121326793223946	1
Mixup	HPCLAS_TRAIN_N_005107	0	HPCLAS_TRAIN_N_005107	4	-1.1731493675620048	-2.226646900177002	0.09738297926356819	0
Mixup	HPCLAS_TRAIN_N_005108	0	HPCLAS_TRAIN_N_005108	4	-2.401986089611798	-3.5525870323181152	0.02785243990728966	0
Mixup	HPCLAS_TRAIN_P_000019	1	HPCLAS_TRAIN_P_005491	4	2.6448174258498485	2.922008514404297	0.9489237345376208	1
Mixup	HPCLAS_TRAIN_P_000025	1	HPCLAS_TRAIN_P_000025	4	3.302930759965011	2.685436487197876	0.9361617951990608	1
Mixup	HPCLAS_TRAIN_P_000027	1	HPCLAS_TRAIN_P_000027	4	2.0683208761008456	2.093407154083252	0.890260735737308	1
Mixup	HPCLAS_TRAIN_P_000038	1	HPCLAS_TRAIN_P_000038	4	0.0654886072318855	0.40233930945396423	0.5992495743660584	1
Mixup	HPCLAS_TRAIN_P_000044	1	HPCLAS_TRAIN_P_000044	4	2.363429874550488	1.7839902639389038	0.8561888836758775	1
Mixup	HPCLAS_TRAIN_P_000045	1	HPCLAS_TRAIN_P_000045	4	1.1560177976551254	3.6835532188415527	0.9754826948399181	1
Mixup	HPCLAS_TRAIN_P_000049	1	HPCLAS_TRAIN_P_000049	4	3.41177479592089	3.1222782135009766	0.9578024027176388	1
Mixup	HPCLAS_TRAIN_P_000054	1	HPCLAS_TRAIN_P_000054	4	2.206568758585727	2.5711867809295654	0.9289840309313269	1
Mixup	HPCLAS_TRAIN_P_000058	1	HPCLAS_TRAIN_P_000058	4	2.7278766920884348	1.9107416868209839	0.8711024495785535	1
Mixup	HPCLAS_TRAIN_P_000069	1	HPCLAS_TRAIN_P_000069	4	2.2255361800413707	2.2938168048858643	0.908363653153949	1
Mixup	HPCLAS_TRAIN_P_000071	1	HPCLAS_TRAIN_P_000071	4	3.21024979107188	3.0688514709472656	0.9555894563473243	1
Mixup	HPCLAS_TRAIN_P_000080	1	HPCLAS_TRAIN_P_000080	4	4.899078234476034	4.511136531829834	0.9891334127939373	1
Mixup	HPCLAS_TRAIN_P_000084	1	HPCLAS_TRAIN_P_000084	4	2.762749409856543	3.0555922985076904	0.9550233488950615	1
Mixup	HPCLAS_TRAIN_P_000088	1	HPCLAS_TRAIN_P_000088	4	-1.784303335543494	-2.2266926765441895	0.09737895561635401	0
Mixup	HPCLAS_TRAIN_P_000092	1	HPCLAS_TRAIN_P_000092	4	2.7708664439319626	3.264387845993042	0.9631866919367519	1
Mixup	HPCLAS_TRAIN_P_000093	1	HPCLAS_TRAIN_P_000093	4	0.0955043303699838	-0.5885788202285767	0.3569610053352543	0
Mixup	HPCLAS_TRAIN_P_000099	1	HPCLAS_TRAIN_P_000099	4	2.8230001551502366	2.910890579223633	0.9483821788473784	1
Mixup	HPCLAS_TRAIN_P_000101	1	HPCLAS_TRAIN_P_000101	4	3.841263032034144	2.67191743850708	0.9353490779978033	1
Mixup	HPCLAS_TRAIN_P_000104	1	HPCLAS_TRAIN_P_000104	4	2.441607293010168	2.916762113571167	0.9486688549908713	1
Mixup	HPCLAS_TRAIN_P_000112	1	HPCLAS_TRAIN_P_000112	4	3.2912899274689846	3.751962184906006	0.9770666387776324	1
Mixup	HPCLAS_TRAIN_P_000131	1	HPCLAS_TRAIN_P_000131	4	0.8619394101300685	0.6314813494682312	0.6528252777683192	1
Mixup	HPCLAS_TRAIN_P_000132	1	HPCLAS_TRAIN_P_000132	4	2.9579358471910764	2.439105272293091	0.919761081149142	1
Mixup	HPCLAS_TRAIN_P_000136	1	HPCLAS_TRAIN_P_000136	4	1.7981738030744483	1.793605923652649	0.8573688045382561	1
Mixup	HPCLAS_TRAIN_P_000138	1	HPCLAS_TRAIN_P_000138	4	4.120433041801172	3.4556093215942383	0.969397983019944	1
Mixup	HPCLAS_TRAIN_P_000144	1	HPCLAS_TRAIN_P_000144	4	0.8170698933238888	0.17901787161827087	0.5446353276816519	1
Mixup	HPCLAS_TRAIN_P_000159	1	HPCLAS_TRAIN_P_000159	4	4.083198334095408	3.2418956756591797	0.9623808007126669	1
Mixup	HPCLAS_TRAIN_P_000164	1	HPCLAS_TRAIN_P_000164	4	3.8730038659280623	3.5226633548736572	0.9713257770565981	1
Mixup	HPCLAS_TRAIN_P_000169	1	HPCLAS_TRAIN_P_000169	4	5.544439499773024	3.404306650161743	0.9678388579807475	1
Mixup	HPCLAS_TRAIN_P_000181	1	HPCLAS_TRAIN_P_000181	4	0.7069771135305468	1.5184684991836548	0.8203128485939133	1
Mixup	HPCLAS_TRAIN_P_000186	1	HPCLAS_TRAIN_P_000186	4	3.196359663854526	2.493830919265747	0.9237082113014463	1
Mixup	HPCLAS_TRAIN_P_000193	1	HPCLAS_TRAIN_N_002147	4	1.865154207900498	2.3899407386779785	0.9160570112227914	1
Mixup	HPCLAS_TRAIN_P_000194	1	HPCLAS_TRAIN_P_000194	4	3.154473532407163	2.9381520748138428	0.9497005257850629	1
Mixup	HPCLAS_TRAIN_P_000204	1	HPCLAS_TRAIN_P_000204	4	3.556071738832057	3.30570387840271	0.9646239697797346	1
Mixup	HPCLAS_TRAIN_P_000210	1	HPCLAS_TRAIN_P_000210	4	-1.0563757182859153	-0.7306784391403198	0.32504586627811655	0
Mixup	HPCLAS_TRAIN_P_000216	1	HPCLAS_TRAIN_P_000216	4	1.854808272123854	2.36301326751709	0.9139630483265482	1
Mixup	HPCLAS_TRAIN_P_000225	1	HPCLAS_TRAIN_P_000225	4	2.87162840354798	2.837216854095459	0.9446541317717195	1
Mixup	HPCLAS_TRAIN_P_000230	1	HPCLAS_TRAIN_P_000230	4	2.774718164199104	2.9403998851776123	0.9498077939445938	1
Mixup	HPCLAS_TRAIN_P_000236	1	HPCLAS_TRAIN_P_000236	4	3.4483559617849777	2.347142219543457	0.9127068077372956	1
Mixup	HPCLAS_TRAIN_P_000238	1	HPCLAS_TRAIN_P_000238	4	3.556957751585178	3.108799934387207	0.9572542778030916	1
Mixup	HPCLAS_TRAIN_P_000249	1	HPCLAS_TRAIN_P_000249	4	3.5295544582235485	2.896395683288574	0.9476679748061118	1
Mixup	HPCLAS_TRAIN_P_000251	1	HPCLAS_TRAIN_P_000251	4	4.59152078581331	3.9440090656280518	0.9809976808943053	1
Mixup	HPCLAS_TRAIN_P_000253	1	HPCLAS_TRAIN_P_000253	4	5.90104399772019	3.6244897842407227	0.9740297396043678	1
Mixup	HPCLAS_TRAIN_P_000254	1	HPCLAS_TRAIN_P_000254	4	3.216165965568763	2.4263362884521484	0.9188136567882754	1
Mixup	HPCLAS_TRAIN_P_000256	1	HPCLAS_TRAIN_P_000256	4	2.165923463751827	1.7427830696105957	0.851040222120938	1
Mixup	HPCLAS_TRAIN_P_000263	1	HPCLAS_TRAIN_P_000263	4	3.850247924954314	3.0144460201263428	0.9532224994901936	1
Mixup	HPCLAS_TRAIN_P_000264	1	HPCLAS_TRAIN_P_000264	4	3.5537045763804995	3.307222604751587	0.964675759103935	1
Mixup	HPCLAS_TRAIN_P_000289	1	HPCLAS_TRAIN_P_000289	4	2.220748085147849	1.8644040822982788	0.8658094543405656	1
Mixup	HPCLAS_TRAIN_P_000295	1	HPCLAS_TRAIN_P_000295	4	3.0808853993579985	2.0655593872070312	0.8875103920673593	1
Mixup	HPCLAS_TRAIN_P_000300	1	HPCLAS_TRAIN_P_000300	4	3.248140905966225	2.1234560012817383	0.8931621616828329	1
Mixup	HPCLAS_TRAIN_P_000301	1	HPCLAS_TRAIN_P_000301	4	4.594344441548297	2.4762344360351562	0.9224588808537652	1
Mixup	HPCLAS_TRAIN_P_000305	1	HPCLAS_TRAIN_P_000305	4	3.92434321152444	3.152688980102539	0.9590145444559931	1
Mixup	HPCLAS_TRAIN_P_000306	1	HPCLAS_TRAIN_P_000306	4	3.826745522677929	3.56095552444458	0.9723732580022156	1
Mixup	HPCLAS_TRAIN_P_000308	1	HPCLAS_TRAIN_P_000308	4	3.880223613620352	3.6604812145233154	0.9749248045126429	1
Mixup	HPCLAS_TRAIN_P_000319	1	HPCLAS_TRAIN_P_000319	4	0.2402090271681874	1.4100955724716187	0.8037810174842843	1
Mixup	HPCLAS_TRAIN_P_000320	1	HPCLAS_TRAIN_P_000320	4	1.56399216490925	1.8763198852539062	0.8671878487442305	1
Mixup	HPCLAS_TRAIN_P_000327	1	HPCLAS_TRAIN_P_000327	4	2.6613763711301357	2.142082929611206	0.8949266356788559	1
Mixup	HPCLAS_TRAIN_P_000335	1	HPCLAS_TRAIN_N_004887	4	0.12544773686257	0.9764475226402283	0.7264027587636486	1
Mixup	HPCLAS_TRAIN_P_000346	1	HPCLAS_TRAIN_P_000346	4	2.129527849510041	2.467350721359253	0.9218210525444818	1
Mixup	HPCLAS_TRAIN_P_000349	1	HPCLAS_TRAIN_P_000349	4	2.484576024371283	2.5257675647735596	0.9259285953237392	1
Mixup	HPCLAS_TRAIN_P_000351	1	HPCLAS_TRAIN_P_000351	4	3.981177900569552	3.2626399993896484	0.963124666438589	1
Mixup	HPCLAS_TRAIN_P_000353	1	HPCLAS_TRAIN_P_000353	4	2.7076148998971648	1.8941518068313599	0.8692281925884124	1
Mixup	HPCLAS_TRAIN_P_000359	1	HPCLAS_TRAIN_P_000359	4	-0.5770503043698958	1.1829932928085327	0.7654855788838469	1
Mixup	HPCLAS_TRAIN_P_000368	1	HPCLAS_TRAIN_P_000368	4	-0.5830657872171567	-0.9109912514686584	0.28679703937184586	0
Mixup	HPCLAS_TRAIN_P_000370	1	HPCLAS_TRAIN_P_000370	4	4.032141880934901	3.3149802684783936	0.9649391618232745	1
Mixup	HPCLAS_TRAIN_P_000373	1	HPCLAS_TRAIN_P_000373	4	3.610886938014647	2.969728946685791	0.9511876936255639	1
Mixup	HPCLAS_TRAIN_P_000375	1	HPCLAS_TRAIN_P_000375	4	0.2834361358020537	1.6118708848953247	0.833670972186609	1
Mixup	HPCLAS_TRAIN_P_000379	1	HPCLAS_TRAIN_P_000379	4	0.5052864381228646	0.966552734375	0.7244318516638121	1
Mixup	HPCLAS_TRAIN_P_000384	1	HPCLAS_TRAIN_P_000384	4	3.783498644633825	3.519200325012207	0.9712291671160822	1
Mixup	HPCLAS_TRAIN_P_000388	1	HPCLAS_TRAIN_P_000388	4	0.2543636208037174	-0.7928324341773987	0.3115608146720229	0
Mixup	HPCLAS_TRAIN_P_000390	1	HPCLAS_TRAIN_P_000390	4	-0.1110542137058308	-1.7479772567749023	0.14830250673723094	0
Mixup	HPCLAS_TRAIN_P_000394	1	HPCLAS_TRAIN_P_000394	4	2.9973632491803084	2.858860969543457	0.9457749143056244	1
Mixup	HPCLAS_TRAIN_P_000397	1	HPCLAS_TRAIN_P_000397	4	0.9010144022179488	-0.8288185596466064	0.3038949374618853	0
Mixup	HPCLAS_TRAIN_P_000401	1	HPCLAS_TRAIN_N_002644	4	1.7216521755219385	1.5045281648635864	0.8182488649740984	1
Mixup	HPCLAS_TRAIN_P_000411	1	HPCLAS_TRAIN_P_000411	4	2.521183480036079	2.619011163711548	0.9320751288681177	1
Mixup	HPCLAS_TRAIN_P_000414	1	HPCLAS_TRAIN_N_004230	4	3.4032433127923576	3.1279830932617188	0.9580323753700543	1
Mixup	HPCLAS_TRAIN_P_000417	1	HPCLAS_TRAIN_P_000417	4	2.787055665997395	2.7341086864471436	0.939009568981566	1
Mixup	HPCLAS_TRAIN_P_000423	1	HPCLAS_TRAIN_P_000423	4	3.85947593801282	3.661607265472412	0.974952317721729	1
Mixup	HPCLAS_TRAIN_P_000428	1	HPCLAS_TRAIN_P_000428	4	2.909832195938789	2.0670549869537354	0.8876596197947643	1
Mixup	HPCLAS_TRAIN_P_000445	1	HPCLAS_TRAIN_P_000445	4	2.8826788067317235	2.410551071166992	0.917628345036332	1
Mixup	HPCLAS_TRAIN_P_000455	1	HPCLAS_TRAIN_P_000455	4	2.712425633160629	1.8275710344314575	0.8614721135741897	1
Mixup	HPCLAS_TRAIN_P_000459	1	HPCLAS_TRAIN_P_000459	4	1.98749096995351	2.3110785484313965	0.9097904128591185	1
Mixup	HPCLAS_TRAIN_P_000460	1	HPCLAS_TRAIN_P_000460	4	2.8566189169212977	3.0753893852233887	0.9558660890052347	1
Mixup	HPCLAS_TRAIN_P_000463	1	HPCLAS_TRAIN_P_000463	4	3.0756736372285176	3.008277177810669	0.9529466644016127	1
Mixup	HPCLAS_TRAIN_P_000469	1	HPCLAS_TRAIN_P_000469	4	1.629642544506054	1.2104614973068237	0.7703805954915297	1
Mixup	HPCLAS_TRAIN_P_000474	1	HPCLAS_TRAIN_P_000474	4	2.599751092004789	3.591017961502075	0.9731694736573092	1
Mixup	HPCLAS_TRAIN_P_000475	1	HPCLAS_TRAIN_P_000475	4	4.207612334269959	3.6712677478790283	0.9751871502595003	1
Mixup	HPCLAS_TRAIN_P_000486	1	HPCLAS_TRAIN_P_000486	4	3.969341935266441	3.196153402328491	0.9606892660540507	1
Mixup	HPCLAS_TRAIN_P_000487	1	HPCLAS_TRAIN_P_000487	4	0.1938612491315694	1.3378275632858276	0.7921324580074331	1
Mixup	HPCLAS_TRAIN_P_000488	1	HPCLAS_TRAIN_N_001139	4	0.6425818452888884	1.4070452451705933	0.8032994828966359	1
Mixup	HPCLAS_TRAIN_P_000489	1	HPCLAS_TRAIN_P_000489	4	3.276950127328797	2.955779790878296	0.9505359476753739	1
Mixup	HPCLAS_TRAIN_P_000499	1	HPCLAS_TRAIN_P_000499	4	2.302072743498609	1.895915150642395	0.869428502365947	1
Mixup	HPCLAS_TRAIN_P_000507	1	HPCLAS_TRAIN_P_000507	4	3.7450660352590432	3.4113616943359375	0.9680577356100794	1
Mixup	HPCLAS_TRAIN_P_000509	1	HPCLAS_TRAIN_P_000509	4	2.785301398348208	2.496364116668701	0.9238865376469498	1
Mixup	HPCLAS_TRAIN_P_000513	1	HPCLAS_TRAIN_P_000513	4	1.8811191183734337	2.001363754272461	0.8809401890868261	1
Mixup	HPCLAS_TRAIN_P_000515	1	HPCLAS_TRAIN_P_000515	4	2.8458177828395006	1.9507988691329956	0.875533724234871	1
Mixup	HPCLAS_TRAIN_P_000516	1	HPCLAS_TRAIN_P_000516	4	2.547853808660112	2.726083755493164	0.9385483539890139	1
Mixup	HPCLAS_TRAIN_P_000520	1	HPCLAS_TRAIN_P_000520	4	3.52245500303388	2.7129099369049072	0.9377841454540384	1
Mixup	HPCLAS_TRAIN_P_000529	1	HPCLAS_TRAIN_P_000529	4	3.083235170892413	3.322317361831665	0.9651865422540961	1
Mixup	HPCLAS_TRAIN_P_000538	1	HPCLAS_TRAIN_P_000538	4	-1.386872328363539	-1.3409773111343384	0.2073493860427552	0
Mixup	HPCLAS_TRAIN_P_000539	1	HPCLAS_TRAIN_P_000539	4	3.944991189366149	3.297950506210327	0.9643584340768778	1
Mixup	HPCLAS_TRAIN_P_000554	1	HPCLAS_TRAIN_P_000554	4	3.3870977351002862	3.08262300491333	0.9561702429803716	1
Mixup	HPCLAS_TRAIN_P_000570	1	HPCLAS_TRAIN_P_000570	4	3.699431191988261	3.2390942573547363	0.9622792466992734	1
Mixup	HPCLAS_TRAIN_P_000583	1	HPCLAS_TRAIN_P_000583	4	2.942862519891272	2.613002061843872	0.9316936969251163	1
Mixup	HPCLAS_TRAIN_P_000601	1	HPCLAS_TRAIN_N_003321	4	4.289557266131692	3.625676155090332	0.9740597329401665	1
Mixup	HPCLAS_TRAIN_P_000608	1	HPCLAS_TRAIN_P_000608	4	3.5386639657725647	2.5641069412231445	0.9285155338483291	1
Mixup	HPCLAS_TRAIN_P_000617	1	HPCLAS_TRAIN_P_005617	4	4.454418450038696	3.4216692447662354	0.9683749321003856	1
Mixup	HPCLAS_TRAIN_P_000618	1	HPCLAS_TRAIN_P_000618	4	0.969953218896566	1.9937840700149536	0.8801428988612837	1
Mixup	HPCLAS_TRAIN_P_000622	1	HPCLAS_TRAIN_P_000622	4	5.302996703589025	4.222618579864502	0.9855516110673046	1
Mixup	HPCLAS_TRAIN_P_000627	1	HPCLAS_TRAIN_P_000627	4	1.3719102222649846	2.334712266921997	0.911711381345454	1
Mixup	HPCLAS_TRAIN_P_000631	1	HPCLAS_TRAIN_P_000631	4	1.9746394278170496	2.629934310913086	0.9327634297847173	1
Mixup	HPCLAS_TRAIN_P_000642	1	HPCLAS_TRAIN_P_000642	4	3.0540849473899385	2.864652633666992	0.9460711725107733	1
Mixup	HPCLAS_TRAIN_P_000648	1	HPCLAS_TRAIN_P_000648	4	3.4269109578345245	3.2514774799346924	0.9627261675378457	1
Mixup	HPCLAS_TRAIN_P_000649	1	HPCLAS_TRAIN_P_000649	4	2.007377596363409	2.3869612216949463	0.9158276124018719	1
Mixup	HPCLAS_TRAIN_P_000651	1	HPCLAS_TRAIN_P_000651	4	-0.4549957524280026	-0.5029991865158081	0.37683610813137614	0
Mixup	HPCLAS_TRAIN_P_000654	1	HPCLAS_TRAIN_P_000654	4	1.9298410747417123	1.1655809879302979	0.7623453299167002	1
Mixup	HPCLAS_TRAIN_P_000662	1	HPCLAS_TRAIN_P_000662	4	4.203265217991393	3.068213701248169	0.9555623826534899	1
Mixup	HPCLAS_TRAIN_P_000673	1	HPCLAS_TRAIN_P_000673	4	3.332322118706792	3.124682664871216	0.9578994764306706	1
Mixup	HPCLAS_TRAIN_P_000678	1	HPCLAS_TRAIN_P_000678	4	-0.901189236531474	-0.16477331519126892	0.45889961960195624	0
Mixup	HPCLAS_TRAIN_P_000682	1	HPCLAS_TRAIN_P_000682	4	2.1441405760427505	1.6704388856887817	0.8416343272383836	1
Mixup	HPCLAS_TRAIN_P_000684	1	HPCLAS_TRAIN_P_000684	4	1.3265696774028215	0.7868712544441223	0.6871591337558098	1
Mixup	HPCLAS_TRAIN_P_000692	1	HPCLAS_TRAIN_P_000692	4	0.6245624248346259	2.458742618560791	0.9211984354761629	1
Mixup	HPCLAS_TRAIN_P_000694	1	HPCLAS_TRAIN_P_000694	4	0.738720901199372	-0.48589444160461426	0.3808612080851056	0
Mixup	HPCLAS_TRAIN_P_000704	1	HPCLAS_TRAIN_P_000704	4	4.122315082884069	3.319462299346924	0.9650904804085263	1
Mixup	HPCLAS_TRAIN_P_000707	1	HPCLAS_TRAIN_P_000707	4	0.8361213100393451	0.6986454725265503	0.6678873876039036	1
Mixup	HPCLAS_TRAIN_P_000710	1	HPCLAS_TRAIN_P_000710	4	2.210991106141954	2.4682047367095947	0.9218825767011158	1
Mixup	HPCLAS_TRAIN_P_000720	1	HPCLAS_TRAIN_P_000720	4	2.6861711237928776	1.4435240030288696	0.8089997703872885	1
Mixup	HPCLAS_TRAIN_P_000723	1	HPCLAS_TRAIN_P_000723	4	1.6007605130094626	2.0144755840301514	0.8823085633522154	1
Mixup	HPCLAS_TRAIN_P_000728	1	HPCLAS_TRAIN_P_000728	4	-0.32323628009586	-0.3013526201248169	0.42522685729820797	0
Mixup	HPCLAS_TRAIN_P_000735	1	HPCLAS_TRAIN_P_000735	4	4.253451200948218	3.501399040222168	0.9707275499709571	1
Mixup	HPCLAS_TRAIN_P_000736	1	HPCLAS_TRAIN_P_000736	4	3.314688298128886	3.461285352706909	0.9695659176292782	1
Mixup	HPCLAS_TRAIN_P_000742	1	HPCLAS_TRAIN_P_000742	4	4.539207098977736	3.429205894470215	0.9686049284464335	1
Mixup	HPCLAS_TRAIN_P_000759	1	HPCLAS_TRAIN_P_000759	4	3.3396864245522297	2.961158037185669	0.9507882067620195	1
Mixup	HPCLAS_TRAIN_P_000761	1	HPCLAS_TRAIN_P_000761	4	3.41122536352784	3.099069118499756	0.9568543307744256	1
Mixup	HPCLAS_TRAIN_P_000766	1	HPCLAS_TRAIN_P_000766	4	4.547017141867098	3.1367671489715576	0.9583841326123385	1
Mixup	HPCLAS_TRAIN_P_000767	1	HPCLAS_TRAIN_P_000767	4	3.796191043258616	3.5951967239379883	0.9732783683854008	1
Mixup	HPCLAS_TRAIN_P_000770	1	HPCLAS_TRAIN_P_000770	4	-0.6851779863922474	-0.8937039971351624	0.2903460442851189	0
Mixup	HPCLAS_TRAIN_P_000776	1	HPCLAS_TRAIN_P_000776	4	4.408258373994902	3.6924893856048584	0.9756955083937795	1
Mixup	HPCLAS_TRAIN_P_000777	1	HPCLAS_TRAIN_P_000777	4	-0.4644625980810178	0.1323564350605011	0.5330408880306824	1
Mixup	HPCLAS_TRAIN_P_000781	1	HPCLAS_TRAIN_P_000781	4	4.019837255620477	3.1433873176574707	0.958647371552838	1
Mixup	HPCLAS_TRAIN_P_000794	1	HPCLAS_TRAIN_P_000794	4	4.377398676768755	2.5359489917755127	0.926623865692638	1
Mixup	HPCLAS_TRAIN_P_000795	1	HPCLAS_TRAIN_P_000795	4	2.568341828785497	3.1264257431030273	0.9579697153314337	1
Mixup	HPCLAS_TRAIN_P_000802	1	HPCLAS_TRAIN_P_000802	4	1.6958043329851646	2.222261667251587	0.902230879663047	1
Mixup	HPCLAS_TRAIN_P_000806	1	HPCLAS_TRAIN_P_000806	4	1.606249116450562	1.5011192560195923	0.817741349925712	1
Mixup	HPCLAS_TRAIN_P_000812	1	HPCLAS_TRAIN_P_000812	4	4.145454729924779	3.3560452461242676	0.9663022383493383	1
Mixup	HPCLAS_TRAIN_P_000816	1	HPCLAS_TRAIN_P_000816	4	3.361402940791298	2.5556023120880127	0.9279489825702404	1
Mixup	HPCLAS_TRAIN_P_000817	1	HPCLAS_TRAIN_P_000817	4	2.7808679404676164	3.02947998046875	0.9538883050902864	1
Mixup	HPCLAS_TRAIN_P_000819	1	HPCLAS_TRAIN_P_000819	4	0.4823194576882266	1.0798530578613281	0.7464661748949216	1
Mixup	HPCLAS_TRAIN_P_000824	1	HPCLAS_TRAIN_P_000824	4	3.042928300574596	2.7708444595336914	0.9410798280661438	1
Mixup	HPCLAS_TRAIN_P_000853	1	HPCLAS_TRAIN_P_000853	4	0.0426919917703633	0.0873037725687027	0.5218120906820987	1
Mixup	HPCLAS_TRAIN_P_000854	1	HPCLAS_TRAIN_P_000854	4	1.946913246748453	1.9538615942001343	0.8758670992346561	1
Mixup	HPCLAS_TRAIN_P_000859	1	HPCLAS_TRAIN_P_000859	4	3.6302564807127777	2.6146695613861084	0.9317997411560928	1
Mixup	HPCLAS_TRAIN_P_000871	1	HPCLAS_TRAIN_P_000871	4	3.869461768382138	3.1186509132385254	0.9576555545747104	1
Mixup	HPCLAS_TRAIN_P_000879	1	HPCLAS_TRAIN_P_000879	4	3.4533586575260524	3.3008179664611816	0.9644568611288818	1
Mixup	HPCLAS_TRAIN_P_000882	1	HPCLAS_TRAIN_P_000882	4	4.468990911678472	3.4877800941467285	0.9703380689348409	1
Mixup	HPCLAS_TRAIN_P_000885	1	HPCLAS_TRAIN_P_000885	4	2.770835270107687	2.8262135982513428	0.9440760291963275	1
Mixup	HPCLAS_TRAIN_P_000886	1	HPCLAS_TRAIN_P_000886	4	3.087005601373481	2.5264644622802734	0.9259763777368197	1
Mixup	HPCLAS_TRAIN_P_000888	1	HPCLAS_TRAIN_P_000888	4	2.584897202755394	1.6413429975509644	0.8377175964906487	1
Mixup	HPCLAS_TRAIN_P_000891	1	HPCLAS_TRAIN_P_000891	4	3.780829228087112	3.748724937438965	0.9769939882702395	1
Mixup	HPCLAS_TRAIN_P_000894	1	HPCLAS_TRAIN_P_000894	4	2.99909543993271	2.987812042236328	0.9520204685013502	1
Mixup	HPCLAS_TRAIN_P_000896	1	HPCLAS_TRAIN_P_000896	4	1.835180894525148	1.8444198369979858	0.8634705956994667	1
Mixup	HPCLAS_TRAIN_P_000899	1	HPCLAS_TRAIN_P_000899	4	3.970682840647133	3.2459282875061035	0.9625265254561715	1
Mixup	HPCLAS_TRAIN_P_000902	1	HPCLAS_TRAIN_P_000902	4	2.0215853566659523	2.643104076385498	0.9335846897908896	1
Mixup	HPCLAS_TRAIN_P_000903	1	HPCLAS_TRAIN_P_000903	4	3.5255770305275145	3.4498820304870605	0.9692276223451652	1
Mixup	HPCLAS_TRAIN_P_000910	1	HPCLAS_TRAIN_P_000910	4	3.6684474668070015	2.0971763134002686	0.8906284283351406	1
Mixup	HPCLAS_TRAIN_P_000911	1	HPCLAS_TRAIN_P_000911	4	3.902129598453999	2.976883888244629	0.9515188247886963	1
Mixup	HPCLAS_TRAIN_P_000917	1	HPCLAS_TRAIN_P_000917	4	3.6063676624011536	3.103658676147461	0.9570434098399938	1
Mixup	HPCLAS_TRAIN_P_000935	1	HPCLAS_TRAIN_P_000935	4	1.8026470810493325	0.40822622179985046	0.6006624839457712	1
Mixup	HPCLAS_TRAIN_P_000937	1	HPCLAS_TRAIN_P_000937	4	3.419217017557199	2.698592185974121	0.9369435209298423	1
Mixup	HPCLAS_TRAIN_P_000939	1	HPCLAS_TRAIN_P_000939	4	2.6720332438755787	1.5861150026321411	0.8300688088812099	1
Mixup	HPCLAS_TRAIN_P_000945	1	HPCLAS_TRAIN_P_000945	4	1.926421477770535	1.4502166509628296	0.8100317745388881	1
Mixup	HPCLAS_TRAIN_P_000958	1	HPCLAS_TRAIN_P_000958	4	0.692935919334566	0.7234699130058289	0.6733706574339802	1
Mixup	HPCLAS_TRAIN_P_000966	1	HPCLAS_TRAIN_P_000966	4	-0.3029202545963654	0.9926272630691528	0.7296065435548423	1
Mixup	HPCLAS_TRAIN_P_000967	1	HPCLAS_TRAIN_P_000967	4	0.8580931438911756	2.207359790802002	0.9009084783862161	1
Mixup	HPCLAS_TRAIN_P_000982	1	HPCLAS_TRAIN_P_000982	4	3.908988871871184	2.9087343215942383	0.9482765205459569	1
Mixup	HPCLAS_TRAIN_P_000993	1	HPCLAS_TRAIN_P_000993	4	1.1660343016314123	0.41280150413513184	0.6017594363628161	1
Mixup	HPCLAS_TRAIN_P_000996	1	HPCLAS_TRAIN_P_000996	4	3.4999259011612662	3.1227171421051025	0.9578201393131817	1
Mixup	HPCLAS_TRAIN_P_000997	1	HPCLAS_TRAIN_P_000997	4	0.6899011373008554	1.5749990940093994	0.8284951012915557	1
Mixup	HPCLAS_TRAIN_P_000999	1	HPCLAS_TRAIN_P_000999	4	4.042728900799063	3.319178581237793	0.9650809204442614	1
Mixup	HPCLAS_TRAIN_P_001000	1	HPCLAS_TRAIN_P_001000	4	4.356941695603347	3.5016863346099854	0.9707357125018719	1
Mixup	HPCLAS_TRAIN_P_001004	1	HPCLAS_TRAIN_P_001004	4	2.6664790652680006	3.0973458290100098	0.956783130245551	1
Mixup	HPCLAS_TRAIN_P_001006	1	HPCLAS_TRAIN_P_001006	4	3.5173344127689954	3.2885584831237793	0.9640342068957651	1
Mixup	HPCLAS_TRAIN_P_001009	1	HPCLAS_TRAIN_P_001009	4	1.593436839110448	0.9575616121292114	0.7226333337344276	1
Mixup	HPCLAS_TRAIN_P_001014	1	HPCLAS_TRAIN_P_001014	4	3.433026825455241	2.912487030029297	0.9484602746577421	1
Mixup	HPCLAS_TRAIN_P_001016	1	HPCLAS_TRAIN_P_001016	4	3.420203914871756	2.581078290939331	0.9296338379415053	1
Mixup	HPCLAS_TRAIN_P_001018	1	HPCLAS_TRAIN_P_001018	4	3.4558618080793795	2.8012685775756836	0.9427443371577724	1
Mixup	HPCLAS_TRAIN_P_001025	1	HPCLAS_TRAIN_P_001025	4	3.1082206468624167	3.3338770866394043	0.9655728842976741	1
Mixup	HPCLAS_TRAIN_P_001038	1	HPCLAS_TRAIN_N_002716	4	2.76185429136748	2.515641212463379	0.9252310786541509	1
Mixup	HPCLAS_TRAIN_P_001039	1	HPCLAS_TRAIN_P_001039	4	2.431132026261351	2.7917370796203613	0.9422276747728334	1
Mixup	HPCLAS_TRAIN_P_001052	1	HPCLAS_TRAIN_P_001052	4	0.2921378022514614	1.2399816513061523	0.7755608203971807	1
Mixup	HPCLAS_TRAIN_P_001059	1	HPCLAS_TRAIN_P_001059	4	4.922038049024589	3.4134743213653564	0.9681229976130215	1
Mixup	HPCLAS_TRAIN_P_001066	1	HPCLAS_TRAIN_P_001066	4	0.7773224818984449	1.4668586254119873	0.8125794429411854	1
Mixup	HPCLAS_TRAIN_P_001073	1	HPCLAS_TRAIN_P_001073	4	2.9548358584242944	2.7694058418273926	0.9410000081139754	1
Mixup	HPCLAS_TRAIN_P_001076	1	HPCLAS_TRAIN_P_001076	4	2.8292280210798704	2.5645666122436523	0.9285460382444596	1
Mixup	HPCLAS_TRAIN_P_001080	1	HPCLAS_TRAIN_P_001080	4	-0.531200759010572	-0.96735018491745	0.2754089815051567	0
Mixup	HPCLAS_TRAIN_P_001083	1	HPCLAS_TRAIN_P_001083	4	1.934213368393896	2.084289073944092	0.8893667557204717	1
Mixup	HPCLAS_TRAIN_P_001085	1	HPCLAS_TRAIN_P_001085	4	0.5255593958392616	1.9469376802444458	0.8751123429254795	1
Mixup	HPCLAS_TRAIN_P_001099	1	HPCLAS_TRAIN_P_001099	4	3.7683557891716064	3.339830160140991	0.9657702281696141	1
Mixup	HPCLAS_TRAIN_P_001102	1	HPCLAS_TRAIN_P_001102	4	3.8463453589638217	3.196389675140381	0.9606981880201519	1
Mixup	HPCLAS_TRAIN_P_001109	1	HPCLAS_TRAIN_P_001109	4	3.447913032858541	3.0192298889160156	0.9534353472730117	1
Mixup	HPCLAS_TRAIN_P_001110	1	HPCLAS_TRAIN_P_001110	4	1.0433948644579685	0.8016153573989868	0.6903199156576844	1
Mixup	HPCLAS_TRAIN_P_001112	1	HPCLAS_TRAIN_P_001112	4	-0.0294228558928733	-1.7318392992019653	0.15035246438694916	0
Mixup	HPCLAS_TRAIN_P_001120	1	HPCLAS_TRAIN_P_001120	4	3.385617677034457	2.282017707824707	0.9073767629118505	1
Mixup	HPCLAS_TRAIN_P_001133	1	HPCLAS_TRAIN_P_001133	4	1.7170111399899797	2.5959718227386475	0.9306018826437801	1
Mixup	HPCLAS_TRAIN_P_001141	1	HPCLAS_TRAIN_P_001141	4	4.799773409347981	3.9976887702941895	0.9819729219559501	1
Mixup	HPCLAS_TRAIN_P_001142	1	HPCLAS_TRAIN_P_001142	4	2.7039326667538743	1.717954158782959	0.8478651313555445	1
Mixup	HPCLAS_TRAIN_P_001147	1	HPCLAS_TRAIN_P_001147	4	1.5862338740441424	1.992976427078247	0.8800576733349289	1
Mixup	HPCLAS_TRAIN_P_001148	1	HPCLAS_TRAIN_P_001148	4	3.1588034743773155	3.169534206390381	0.9596715612663718	1
Mixup	HPCLAS_TRAIN_P_001155	1	HPCLAS_TRAIN_P_001155	4	-0.964138822317	0.5538418889045715	0.6350264784006834	1
Mixup	HPCLAS_TRAIN_P_001161	1	HPCLAS_TRAIN_P_001161	4	4.096903206308726	3.327335834503174	0.9653547772656594	1
Mixup	HPCLAS_TRAIN_P_001167	1	HPCLAS_TRAIN_P_001167	4	1.8923182282096185	1.3824626207351685	0.7993862167319794	1
Mixup	HPCLAS_TRAIN_P_001172	1	HPCLAS_TRAIN_P_001172	4	2.6042561870265173	1.7147964239120483	0.8474573680317227	1
Mixup	HPCLAS_TRAIN_P_001174	1	HPCLAS_TRAIN_P_001174	4	3.4073833875411634	3.4417147636413574	0.968983094283332	1
Mixup	HPCLAS_TRAIN_P_001175	1	HPCLAS_TRAIN_P_001175	4	2.7426610072412654	3.0359902381896973	0.9541738167472477	1
Mixup	HPCLAS_TRAIN_P_001181	1	HPCLAS_TRAIN_P_001181	4	2.9265007961873115	2.40279483795166	0.91704017574421	1
Mixup	HPCLAS_TRAIN_P_001182	1	HPCLAS_TRAIN_P_001182	4	3.5931305760391283	3.1308364868164062	0.9581469500695955	1
Mixup	HPCLAS_TRAIN_P_001183	1	HPCLAS_TRAIN_P_001183	4	3.372992670624899	2.690025806427002	0.9364355177850083	1
Mixup	HPCLAS_TRAIN_P_001189	1	HPCLAS_TRAIN_P_001189	4	3.613003505266856	3.6220972537994385	0.9739691499308468	1
Mixup	HPCLAS_TRAIN_P_001195	1	HPCLAS_TRAIN_P_001195	4	2.038874508104641	3.4213674068450928	0.968365687030362	1
Mixup	HPCLAS_TRAIN_P_001207	1	HPCLAS_TRAIN_P_001207	4	2.122155862503836	3.1917996406555176	0.9605245143148728	1
Mixup	HPCLAS_TRAIN_P_001219	1	HPCLAS_TRAIN_P_001219	4	1.9334383985638044	1.760072946548462	0.8532187960031219	1
Mixup	HPCLAS_TRAIN_P_001221	1	HPCLAS_TRAIN_P_001221	4	4.704816403466795	4.038834571838379	0.9826870268777608	1
Mixup	HPCLAS_TRAIN_P_001223	1	HPCLAS_TRAIN_P_001223	4	2.323142755825228	2.752829074859619	0.940072926642474	1
Mixup	HPCLAS_TRAIN_P_001230	1	HPCLAS_TRAIN_P_001230	4	3.933643615089987	3.156522750854492	0.9591649684058268	1
Mixup	HPCLAS_TRAIN_P_001234	1	HPCLAS_TRAIN_P_001234	4	4.308010856391449	3.842851161956787	0.9790173028178357	1
Mixup	HPCLAS_TRAIN_P_001236	1	HPCLAS_TRAIN_P_001236	4	2.514104545972457	3.2821109294891357	0.9638099856054546	1
Mixup	HPCLAS_TRAIN_P_001237	1	HPCLAS_TRAIN_P_001237	4	4.495835868161078	3.0692269802093506	0.9556053895762259	1
Mixup	HPCLAS_TRAIN_P_001247	1	HPCLAS_TRAIN_P_001247	4	0.7094235857500376	1.1384097337722778	0.7573875445775117	1
Mixup	HPCLAS_TRAIN_P_001262	1	HPCLAS_TRAIN_P_001262	4	2.7930855565076804	2.0056159496307373	0.8813854568485503	1
Mixup	HPCLAS_TRAIN_P_001272	1	HPCLAS_TRAIN_P_001272	4	4.58860919893394	3.2730560302734375	0.9634928181715142	1
Mixup	HPCLAS_TRAIN_P_001275	1	HPCLAS_TRAIN_P_001275	4	3.829426088313636	3.2448291778564453	0.9624868612758515	1
Mixup	HPCLAS_TRAIN_P_001277	1	HPCLAS_TRAIN_P_001277	4	0.1310298333339542	0.4783798158168793	0.6173652189507616	1
Mixup	HPCLAS_TRAIN_P_001283	1	HPCLAS_TRAIN_P_001283	4	4.249533737387337	3.5442423820495605	0.9719207222516266	1
Mixup	HPCLAS_TRAIN_P_001289	1	HPCLAS_TRAIN_P_001289	4	3.84837940576548	2.7093846797943115	0.9375781464746659	1
Mixup	HPCLAS_TRAIN_P_001290	1	HPCLAS_TRAIN_P_001290	4	2.695474142997474	3.1736483573913574	0.9598304865907288	1
Mixup	HPCLAS_TRAIN_P_001292	1	HPCLAS_TRAIN_P_001292	4	3.694826284720189	3.299732208251953	0.9644196227531977	1
Mixup	HPCLAS_TRAIN_P_001294	1	HPCLAS_TRAIN_P_001294	4	3.834284053035711	3.0985312461853027	0.9568321197316392	1
Mixup	HPCLAS_TRAIN_P_001296	1	HPCLAS_TRAIN_P_001296	4	3.3147340936034397	2.784710168838501	0.9418439763453968	1
Mixup	HPCLAS_TRAIN_P_001300	1	HPCLAS_TRAIN_P_001300	4	3.208316807911165	2.843946695327759	0.9450049349771038	1
Mixup	HPCLAS_TRAIN_P_001302	1	HPCLAS_TRAIN_P_001302	4	3.2357892163000708	2.991158962249756	0.9521731163472512	1
Mixup	HPCLAS_TRAIN_P_001306	1	HPCLAS_TRAIN_P_001306	4	3.714163400776542	2.892120361328125	0.9474555408619808	1
Mixup	HPCLAS_TRAIN_P_001307	1	HPCLAS_TRAIN_P_001307	4	1.7001447300763328	1.272199034690857	0.7811189539806838	1
Mixup	HPCLAS_TRAIN_P_001325	1	HPCLAS_TRAIN_P_001325	4	3.2561269114287583	2.9186348915100098	0.9487599756781692	1
Mixup	HPCLAS_TRAIN_P_001326	1	HPCLAS_TRAIN_P_001326	4	1.624107929953016	2.4627938270568848	0.9214920189474609	1
Mixup	HPCLAS_TRAIN_P_001328	1	HPCLAS_TRAIN_P_001328	4	2.60335209539584	3.3528597354888916	0.9661983568243315	1
Mixup	HPCLAS_TRAIN_P_001338	1	HPCLAS_TRAIN_P_001338	4	1.660016664817051	2.9423017501831055	0.9498983839324092	1
Mixup	HPCLAS_TRAIN_P_001339	1	HPCLAS_TRAIN_P_001339	4	2.879880498846518	2.517538070678711	0.925362194718692	1
Mixup	HPCLAS_TRAIN_P_001343	1	HPCLAS_TRAIN_P_001343	4	1.8662834288133765	3.050473928451538	0.9548029829509082	1
Mixup	HPCLAS_TRAIN_P_001347	1	HPCLAS_TRAIN_P_001347	4	2.3643818618248345	2.294548511505127	0.9084245415776744	1
Mixup	HPCLAS_TRAIN_P_001362	1	HPCLAS_TRAIN_P_001362	4	0.5637911315630609	0.5971161723136902	0.6449962551034677	1
Mixup	HPCLAS_TRAIN_P_001369	1	HPCLAS_TRAIN_P_001369	4	0.2542046762985516	0.0023787207901477814	0.5005946799171299	1
Mixup	HPCLAS_TRAIN_P_001370	1	HPCLAS_TRAIN_P_001370	4	0.2904178807205795	-0.12972019612789154	0.4676153505004142	0
Mixup	HPCLAS_TRAIN_P_001373	1	HPCLAS_TRAIN_P_001373	4	3.6815218339906814	2.5720245838165283	0.9290392831897399	1
Mixup	HPCLAS_TRAIN_P_001375	1	HPCLAS_TRAIN_P_001375	4	2.755971997739616	2.628129005432129	0.9326501200875329	1
Mixup	HPCLAS_TRAIN_P_001376	1	HPCLAS_TRAIN_P_001376	4	2.884733374944904	3.7524654865264893	0.9770779137620624	1
Mixup	HPCLAS_TRAIN_P_001378	1	HPCLAS_TRAIN_P_001378	4	2.995514186774927	3.2343029975891113	0.9621049483206323	1
Mixup	HPCLAS_TRAIN_P_001384	1	HPCLAS_TRAIN_P_001384	4	1.5350101083138146	1.9247088432312012	0.8726626113442176	1
Mixup	HPCLAS_TRAIN_P_001395	1	HPCLAS_TRAIN_P_001395	4	3.5414006099190622	2.749765396118164	0.9399000989122623	1
Mixup	HPCLAS_TRAIN_P_001396	1	HPCLAS_TRAIN_P_001396	4	3.6119994112369	3.524980068206787	0.9713902317752225	1
Mixup	HPCLAS_TRAIN_P_001398	1	HPCLAS_TRAIN_P_001398	4	2.7908338438870293	2.6031556129455566	0.9310643936179577	1
Mixup	HPCLAS_TRAIN_P_001409	1	HPCLAS_TRAIN_P_001409	4	4.027494914867446	2.7701921463012695	0.9410436478116713	1
Mixup	HPCLAS_TRAIN_P_001411	1	HPCLAS_TRAIN_P_001411	4	2.254858022199344	3.2334465980529785	0.9620737124760445	1
Mixup	HPCLAS_TRAIN_P_001414	1	HPCLAS_TRAIN_P_001414	4	1.6470611914834783	0.6383346915245056	0.6543769183973865	1
Mixup	HPCLAS_TRAIN_P_001416	1	HPCLAS_TRAIN_P_001416	4	3.866637916488856	3.367762804031372	0.9666817103295067	1
Mixup	HPCLAS_TRAIN_P_001426	1	HPCLAS_TRAIN_P_001426	4	1.8214021087248784	1.7974766492843628	0.857841491597149	1
Mixup	HPCLAS_TRAIN_P_001438	1	HPCLAS_TRAIN_P_001438	4	3.3474883246862714	2.7720255851745605	0.9411452857028396	1
Mixup	HPCLAS_TRAIN_P_001457	1	HPCLAS_TRAIN_N_000633	4	0.8003544856384359	1.25691819190979	0.7784951355137076	1
Mixup	HPCLAS_TRAIN_P_001463	1	HPCLAS_TRAIN_P_001463	4	4.420807327928284	3.5471787452697754	0.9720007470963152	1
Mixup	HPCLAS_TRAIN_P_001465	1	HPCLAS_TRAIN_P_001465	4	1.5102285476702246	0.06037099286913872	0.5150881658967827	1
Mixup	HPCLAS_TRAIN_P_001470	1	HPCLAS_TRAIN_P_001470	4	0.1436864706236117	-1.794152855873108	0.14256432553912987	0
Mixup	HPCLAS_TRAIN_P_001474	1	HPCLAS_TRAIN_P_001474	4	3.374757083722072	3.0165600776672363	0.9533166737085232	1
Mixup	HPCLAS_TRAIN_P_001475	1	HPCLAS_TRAIN_P_001475	4	3.4641093078810683	2.6634159088134766	0.9348330737705485	1
Mixup	HPCLAS_TRAIN_P_001488	1	HPCLAS_TRAIN_P_001488	4	-0.1026302432216069	-0.3292856812477112	0.41841443805796635	0
Mixup	HPCLAS_TRAIN_P_001492	1	HPCLAS_TRAIN_P_001492	4	3.926378341884046	2.7671451568603516	0.9408743719604942	1
Mixup	HPCLAS_TRAIN_P_001503	1	HPCLAS_TRAIN_P_001503	4	4.655911558771641	3.1851460933685303	0.9602714561524547	1
Mixup	HPCLAS_TRAIN_P_001507	1	HPCLAS_TRAIN_P_001507	4	3.287475794910735	2.8838090896606445	0.9470402342418773	1
Mixup	HPCLAS_TRAIN_P_001508	1	HPCLAS_TRAIN_P_001508	4	3.273469366958224	2.2600386142730713	0.9055129349101888	1
Mixup	HPCLAS_TRAIN_P_001519	1	HPCLAS_TRAIN_P_001519	4	1.312220054454307	2.3246073722839355	0.9108946095332691	1
Mixup	HPCLAS_TRAIN_P_001520	1	HPCLAS_TRAIN_P_001520	4	3.810959750302197	3.071503162384033	0.955701853633117	1
Mixup	HPCLAS_TRAIN_P_001522	1	HPCLAS_TRAIN_P_001522	4	3.264039636695625	2.1683149337768555	0.8973678779127373	1
Mixup	HPCLAS_TRAIN_P_001523	1	HPCLAS_TRAIN_P_001523	4	2.478043331335053	2.776261806488037	0.941379495507722	1
Mixup	HPCLAS_TRAIN_P_001528	1	HPCLAS_TRAIN_P_001528	4	2.880738218807604	2.829686164855957	0.9442590860177623	1
Mixup	HPCLAS_TRAIN_P_001534	1	HPCLAS_TRAIN_P_001534	4	3.4206374277751594	3.221510648727417	0.9616357848407311	1
Mixup	HPCLAS_TRAIN_P_001537	1	HPCLAS_TRAIN_N_003548	4	2.7052927064534558	2.6092846393585205	0.9314567381102546	1
Mixup	HPCLAS_TRAIN_P_001538	1	HPCLAS_TRAIN_P_001538	4	2.6983260452259827	1.9819151163101196	0.8788851666026543	1
Mixup	HPCLAS_TRAIN_P_001548	1	HPCLAS_TRAIN_P_001548	4	3.216051826050179	2.881211280822754	0.946909789649141	1
Mixup	HPCLAS_TRAIN_P_001549	1	HPCLAS_TRAIN_P_001549	4	3.388857259524231	2.9799251556396484	0.9516589282406243	1
Mixup	HPCLAS_TRAIN_P_001551	1	HPCLAS_TRAIN_P_001551	4	0.4348930578528701	1.9374632835388184	0.8740731938671894	1
Mixup	HPCLAS_TRAIN_P_001557	1	HPCLAS_TRAIN_P_001557	4	1.3175691597263073	1.8830934762954712	0.8679660456210818	1
Mixup	HPCLAS_TRAIN_P_001565	1	HPCLAS_TRAIN_P_001565	4	0.1999817617216535	0.027419231832027435	0.5068543785284195	1
Mixup	HPCLAS_TRAIN_P_001571	1	HPCLAS_TRAIN_P_001571	4	3.367137745467404	3.358717918395996	0.9663891581210373	1
Mixup	HPCLAS_TRAIN_P_001578	1	HPCLAS_TRAIN_P_001578	4	3.773230702368982	3.416229486465454	0.96820791479881	1
Mixup	HPCLAS_TRAIN_P_001594	1	HPCLAS_TRAIN_P_001594	4	2.1932899802242294	1.394877552986145	0.8013697751762525	1
Mixup	HPCLAS_TRAIN_P_001595	1	HPCLAS_TRAIN_P_001595	4	3.0152607064654413	3.0450515747070312	0.9545684074472028	1
Mixup	HPCLAS_TRAIN_P_001600	1	HPCLAS_TRAIN_P_001600	4	2.2851400955932517	1.5470646619796753	0.8244893734147247	1
Mixup	HPCLAS_TRAIN_P_001605	1	HPCLAS_TRAIN_P_001605	4	1.8869999719075825	2.7251992225646973	0.9384973184566607	1
Mixup	HPCLAS_TRAIN_P_001610	1	HPCLAS_TRAIN_P_001610	4	2.017647155816613	1.6382508277893066	0.8372967867211399	1
Mixup	HPCLAS_TRAIN_P_001612	1	HPCLAS_TRAIN_P_001182	4	4.045775257300014	3.494819402694702	0.9705400056069509	1
Mixup	HPCLAS_TRAIN_P_001616	1	HPCLAS_TRAIN_P_001616	4	3.340746986352252	3.5139214992523193	0.9710812930086101	1
Mixup	HPCLAS_TRAIN_P_001621	1	HPCLAS_TRAIN_P_001621	4	3.826045760774992	3.279479503631592	0.9637180885837496	1
Mixup	HPCLAS_TRAIN_P_001623	1	HPCLAS_TRAIN_P_001623	4	2.99332850063171	3.0686898231506348	0.9555825957929301	1
Mixup	HPCLAS_TRAIN_P_001626	1	HPCLAS_TRAIN_P_001626	4	2.599650169037818	3.17577862739563	0.9599125407100472	1
Mixup	HPCLAS_TRAIN_P_001629	1	HPCLAS_TRAIN_P_001629	4	1.823885066482026	3.1623334884643555	0.9593919543987913	1
Mixup	HPCLAS_TRAIN_P_001631	1	HPCLAS_TRAIN_P_001631	4	3.2457706112759146	2.6544296741485596	0.934283486756382	1
Mixup	HPCLAS_TRAIN_P_001634	1	HPCLAS_TRAIN_P_001634	4	3.858718541376652	3.4734997749328613	0.9699242791266705	1
Mixup	HPCLAS_TRAIN_P_001645	1	HPCLAS_TRAIN_P_001645	4	2.283559820464484	2.007875680923462	0.8816214972309732	1
Mixup	HPCLAS_TRAIN_P_001649	1	HPCLAS_TRAIN_P_001649	4	3.321253390015482	2.733035087585449	0.9389480543451962	1
Mixup	HPCLAS_TRAIN_P_001655	1	HPCLAS_TRAIN_P_001655	4	2.0120014742974206	2.447697162628174	0.9203928855941725	1
Mixup	HPCLAS_TRAIN_P_001666	1	HPCLAS_TRAIN_P_001666	4	3.545440156010061	3.471161365509033	0.9698559899732749	1
Mixup	HPCLAS_TRAIN_P_001669	1	HPCLAS_TRAIN_P_001669	4	-0.2364506558580393	0.6934453248977661	0.6667329176714091	1
Mixup	HPCLAS_TRAIN_P_001670	1	HPCLAS_TRAIN_P_001670	4	4.280608244873437	3.2802469730377197	0.9637449140134055	1
Mixup	HPCLAS_TRAIN_P_001675	1	HPCLAS_TRAIN_P_001675	4	0.4730894879785335	0.19119444489479065	0.5476535337587065	1
Mixup	HPCLAS_TRAIN_P_001677	1	HPCLAS_TRAIN_P_001677	4	2.325129159503239	1.9557827711105347	0.8760758263389585	1
Mixup	HPCLAS_TRAIN_P_001678	1	HPCLAS_TRAIN_P_001678	4	0.4402441126592322	2.183441400527954	0.8987526568940664	1
Mixup	HPCLAS_TRAIN_P_001681	1	HPCLAS_TRAIN_P_001681	4	3.4767758174191674	2.848904609680176	0.9452620330384902	1
Mixup	HPCLAS_TRAIN_P_001684	1	HPCLAS_TRAIN_P_001684	4	3.0258000776450675	2.5092737674713135	0.9247893937419261	1
Mixup	HPCLAS_TRAIN_P_001690	1	HPCLAS_TRAIN_P_001690	4	4.848602734891298	3.853581428527832	0.9792365992151403	1
Mixup	HPCLAS_TRAIN_P_001691	1	HPCLAS_TRAIN_P_001691	4	2.4722405979648534	2.098231792449951	0.8907311995666454	1
Mixup	HPCLAS_TRAIN_P_001698	1	HPCLAS_TRAIN_P_001698	4	0.4781939528038558	1.6168442964553833	0.8343594597945561	1
Mixup	HPCLAS_TRAIN_P_001705	1	HPCLAS_TRAIN_P_001705	4	4.737532709940159	3.76631498336792	0.9773860553860495	1
Mixup	HPCLAS_TRAIN_P_001708	1	HPCLAS_TRAIN_N_004968	4	1.9630261858354008	1.7324036359786987	0.8497196134937618	1
Mixup	HPCLAS_TRAIN_P_001709	1	HPCLAS_TRAIN_P_001709	4	3.270779059069286	3.1117212772369385	0.9573736552958418	1
Mixup	HPCLAS_TRAIN_P_001711	1	HPCLAS_TRAIN_P_001711	4	-0.5810881665267388	-1.2968827486038208	0.2146901127081686	0
Mixup	HPCLAS_TRAIN_P_001727	1	HPCLAS_TRAIN_P_001727	4	2.948116454113947	1.7246500253677368	0.8487268198697676	1
Mixup	HPCLAS_TRAIN_P_001731	1	HPCLAS_TRAIN_P_001731	4	2.4968719475883296	2.7733678817749023	0.9412195926230658	1
Mixup	HPCLAS_TRAIN_P_001737	1	HPCLAS_TRAIN_P_001737	4	4.185754901275005	3.2402117252349854	0.9623197874876198	1
Mixup	HPCLAS_TRAIN_P_001738	1	HPCLAS_TRAIN_P_001738	4	1.7777836326397378	0.9653806090354919	0.7241977983353225	1
Mixup	HPCLAS_TRAIN_P_001744	1	HPCLAS_TRAIN_N_000776	4	1.4326559942487205	1.6044658422470093	0.8326416230438759	1
Mixup	HPCLAS_TRAIN_P_001750	1	HPCLAS_TRAIN_P_001750	4	3.219297430945573	2.691450834274292	0.9365202884618968	1
Mixup	HPCLAS_TRAIN_P_001753	1	HPCLAS_TRAIN_P_001753	4	3.280703237329593	2.641439437866211	0.9334814004903997	1
Mixup	HPCLAS_TRAIN_P_001758	1	HPCLAS_TRAIN_P_001758	4	3.787211539046036	3.115520477294922	0.9575284290112792	1
Mixup	HPCLAS_TRAIN_P_001759	1	HPCLAS_TRAIN_P_001759	4	1.2838605323572692	2.4276485443115234	0.9189114908899917	1
Mixup	HPCLAS_TRAIN_P_001763	1	HPCLAS_TRAIN_P_001763	4	2.5565579173783948	2.5065064430236816	0.9245966889303242	1
Mixup	HPCLAS_TRAIN_P_001764	1	HPCLAS_TRAIN_P_001764	4	3.7544361598785367	3.166339159011841	0.959547724594405	1
Mixup	HPCLAS_TRAIN_P_001787	1	HPCLAS_TRAIN_P_001787	4	3.115376443255814	3.019536018371582	0.9534489364280234	1
Mixup	HPCLAS_TRAIN_P_001789	1	HPCLAS_TRAIN_P_001789	4	3.871165720588424	3.193502426147461	0.9605890285187856	1
Mixup	HPCLAS_TRAIN_P_001796	1	HPCLAS_TRAIN_P_001796	4	1.8607423044649567	1.4848657846450806	0.8153064040590243	1
Mixup	HPCLAS_TRAIN_P_001799	1	HPCLAS_TRAIN_P_001799	4	2.3683031547406888	2.582465410232544	0.9297245219665159	1
Mixup	HPCLAS_TRAIN_P_001823	1	HPCLAS_TRAIN_N_002751	4	-0.4612977350397963	0.4985119700431824	0.6221095749689884	1
Mixup	HPCLAS_TRAIN_P_001829	1	HPCLAS_TRAIN_P_001829	4	0.8245219324245776	1.5647894144058228	0.8270395289312389	1
Mixup	HPCLAS_TRAIN_P_001831	1	HPCLAS_TRAIN_P_001831	4	3.4046273028171803	3.136782169342041	0.9583847316804746	1
Mixup	HPCLAS_TRAIN_P_001835	1	HPCLAS_TRAIN_P_001835	4	0.6675008379178023	-0.4449773132801056	0.39055561629505064	0
Mixup	HPCLAS_TRAIN_P_001846	1	HPCLAS_TRAIN_P_001846	4	-0.5354748239474597	0.7891764640808105	0.6876544741043995	1
Mixup	HPCLAS_TRAIN_P_001850	1	HPCLAS_TRAIN_P_001850	4	3.4735567131508565	3.083500385284424	0.9562069981463389	1
Mixup	HPCLAS_TRAIN_P_001852	1	HPCLAS_TRAIN_P_001852	4	0.2074352336331976	-0.03044094517827034	0.49239035132049463	0
Mixup	HPCLAS_TRAIN_P_001865	1	HPCLAS_TRAIN_P_001865	4	3.093856861830748	2.394334316253662	0.9163942452403441	1
Mixup	HPCLAS_TRAIN_P_001866	1	HPCLAS_TRAIN_P_001866	4	1.7585265039916187	1.9687137603759766	0.8774728912603612	1
Mixup	HPCLAS_TRAIN_P_001870	1	HPCLAS_TRAIN_P_001870	4	2.961284011433058	2.939892292022705	0.9497835899565383	1
Mixup	HPCLAS_TRAIN_P_001879	1	HPCLAS_TRAIN_P_001879	4	2.16825298757803	2.3528950214385986	0.9131640643562081	1
Mixup	HPCLAS_TRAIN_P_001888	1	HPCLAS_TRAIN_P_001888	4	2.865273832091877	3.589261531829834	0.973123574003402	1
Mixup	HPCLAS_TRAIN_P_001890	1	HPCLAS_TRAIN_P_001890	4	4.267810093674097	3.7612106800079346	0.9772729619128242	1
Mixup	HPCLAS_TRAIN_P_001892	1	HPCLAS_TRAIN_P_001892	4	0.9109915072326468	0.6518637537956238	0.6574303323444257	1
Mixup	HPCLAS_TRAIN_P_001895	1	HPCLAS_TRAIN_P_001895	4	3.760629641126311	3.050776243209839	0.9548160273229508	1
Mixup	HPCLAS_TRAIN_P_001909	1	HPCLAS_TRAIN_P_001909	4	3.3419585348581324	2.989607334136963	0.9521024064247163	1
Mixup	HPCLAS_TRAIN_P_001919	1	HPCLAS_TRAIN_P_001919	4	3.223920177508587	3.282565116882324	0.9638258244599053	1
Mixup	HPCLAS_TRAIN_P_001920	1	HPCLAS_TRAIN_P_001920	4	2.6363630053299403	3.145773410797119	0.9587418590118817	1
Mixup	HPCLAS_TRAIN_P_001923	1	HPCLAS_TRAIN_P_001923	4	3.401603223273439	2.3483481407165527	0.9128028393986587	1
Mixup	HPCLAS_TRAIN_P_001930	1	HPCLAS_TRAIN_P_001930	4	2.102093467602876	2.491938591003418	0.9235747494017249	1
Mixup	HPCLAS_TRAIN_P_001939	1	HPCLAS_TRAIN_P_001939	4	4.1196675468999535	3.587222099304199	0.9730701830157298	1
Mixup	HPCLAS_TRAIN_P_001940	1	HPCLAS_TRAIN_P_001940	4	3.164265903539896	2.0420053005218506	0.8851373028815048	1
Mixup	HPCLAS_TRAIN_P_001943	1	HPCLAS_TRAIN_P_001943	4	1.6958976213366348	2.089831590652466	0.8899109277466086	1
Mixup	HPCLAS_TRAIN_P_001944	1	HPCLAS_TRAIN_P_001944	4	4.285531241931624	3.533641815185547	0.9716299721716212	1
Mixup	HPCLAS_TRAIN_P_001948	1	HPCLAS_TRAIN_P_001948	4	3.029203392609685	3.0607995986938477	0.95524649274474	1
Mixup	HPCLAS_TRAIN_P_001953	1	HPCLAS_TRAIN_P_001953	4	0.7994154965154829	1.184015154838562	0.7656689711378277	1
Mixup	HPCLAS_TRAIN_P_001960	1	HPCLAS_TRAIN_P_001960	4	4.741271461629169	3.7105250358581543	0.976119552325427	1
Mixup	HPCLAS_TRAIN_P_001961	1	HPCLAS_TRAIN_P_001961	4	1.7698739948185678	2.0768492221832275	0.8886325991052476	1
Mixup	HPCLAS_TRAIN_P_001966	1	HPCLAS_TRAIN_P_001966	4	3.115144925690742	3.512296199798584	0.9710356157115541	1
Mixup	HPCLAS_TRAIN_P_001968	1	HPCLAS_TRAIN_P_001968	4	2.945587495292756	2.4329638481140137	0.9193066701345213	1
Mixup	HPCLAS_TRAIN_P_001975	1	HPCLAS_TRAIN_P_001975	4	5.4041224363600096	3.509751558303833	0.9709639606793957	1
Mixup	HPCLAS_TRAIN_P_001976	1	HPCLAS_TRAIN_P_001976	4	3.980965829747584	2.944668769836426	0.9500109139282129	1
Mixup	HPCLAS_TRAIN_P_001977	1	HPCLAS_TRAIN_P_001977	4	0.7491535701170877	0.37236833572387695	0.5920311276418341	1
Mixup	HPCLAS_TRAIN_P_001987	1	HPCLAS_TRAIN_P_001987	4	0.710206887225556	1.639272928237915	0.8374359803630258	1
Mixup	HPCLAS_TRAIN_P_001992	1	HPCLAS_TRAIN_P_001992	4	1.257930535692672	2.1221420764923096	0.8930367175769179	1
Mixup	HPCLAS_TRAIN_P_001999	1	HPCLAS_TRAIN_P_001999	4	3.0517399988168794	2.960598945617676	0.9507620402775586	1
Mixup	HPCLAS_TRAIN_P_002032	1	HPCLAS_TRAIN_P_002032	4	2.529946466946739	2.9813485145568848	0.9517243666671443	1
Mixup	HPCLAS_TRAIN_P_002033	1	HPCLAS_TRAIN_P_002033	4	1.8315821618873755	1.6627200841903687	0.8406028041537664	1
Mixup	HPCLAS_TRAIN_P_002036	1	HPCLAS_TRAIN_P_002036	4	2.43613013494751	2.9244368076324463	0.9490412995748841	1
Mixup	HPCLAS_TRAIN_P_002039	1	HPCLAS_TRAIN_P_002039	4	1.3550206656349486	1.36882483959198	0.7971902223722512	1
Mixup	HPCLAS_TRAIN_P_002042	1	HPCLAS_TRAIN_P_002042	4	0.9950530413223276	1.8518362045288086	0.8643425503212255	1
Mixup	HPCLAS_TRAIN_P_002063	1	HPCLAS_TRAIN_P_002063	4	1.8953294405059864	2.333761215209961	0.9116347976564274	1
Mixup	HPCLAS_TRAIN_P_002069	1	HPCLAS_TRAIN_P_002069	4	2.765972986587722	3.0652263164520264	0.9554353568051869	1
Mixup	HPCLAS_TRAIN_P_002070	1	HPCLAS_TRAIN_P_002070	4	3.669701128515407	3.876948356628418	0.9797064196250985	1
Mixup	HPCLAS_TRAIN_P_002071	1	HPCLAS_TRAIN_P_002071	4	3.051686071266574	2.8540632724761963	0.9455283388509463	1
Mixup	HPCLAS_TRAIN_P_002081	1	HPCLAS_TRAIN_P_002081	4	1.5045049394485284	-0.7896476984024048	0.3122443204070237	0
Mixup	HPCLAS_TRAIN_P_002090	1	HPCLAS_TRAIN_P_002090	4	0.184917346763397	-0.4756948947906494	0.38326922715027756	0
Mixup	HPCLAS_TRAIN_P_002094	1	HPCLAS_TRAIN_P_002094	4	2.2739902957443023	2.8419904708862305	0.9449031802557544	1
Mixup	HPCLAS_TRAIN_P_002095	1	HPCLAS_TRAIN_P_002095	4	2.7724477585711287	2.044332504272461	0.8853736959757199	1
Mixup	HPCLAS_TRAIN_P_002098	1	HPCLAS_TRAIN_P_002098	4	3.946522148259617	2.9052319526672363	0.94810446583536	1
Mixup	HPCLAS_TRAIN_P_002101	1	HPCLAS_TRAIN_P_002101	4	3.940363999737153	3.722425937652588	0.9763953981244263	1
Mixup	HPCLAS_TRAIN_P_002124	1	HPCLAS_TRAIN_P_002124	4	2.698083997347146	3.317721366882324	0.9650317794077954	1
Mixup	HPCLAS_TRAIN_P_002126	1	HPCLAS_TRAIN_P_002126	4	1.4614925010630944	2.571291923522949	0.9289909671593627	1
Mixup	HPCLAS_TRAIN_P_002130	1	HPCLAS_TRAIN_P_002130	4	0.6713601664420552	0.3502015173435211	0.586666445495057	1
Mixup	HPCLAS_TRAIN_P_002145	1	HPCLAS_TRAIN_P_002145	4	2.976806557927657	2.9424381256103516	0.9499048738377376	1
Mixup	HPCLAS_TRAIN_P_002161	1	HPCLAS_TRAIN_P_002161	4	-0.2430854096583961	-0.9788891673088074	0.2731122527425625	0
Mixup	HPCLAS_TRAIN_P_002173	1	HPCLAS_TRAIN_P_002173	4	3.578587545170794	3.5420491695404053	0.9718608056667054	1
Mixup	HPCLAS_TRAIN_P_002174	1	HPCLAS_TRAIN_P_002174	4	3.046734642148329	3.5261759757995605	0.971423448811674	1
Mixup	HPCLAS_TRAIN_P_002176	1	HPCLAS_TRAIN_P_002176	4	2.3854392177508377	2.5351459980010986	0.9265692497707335	1
Mixup	HPCLAS_TRAIN_P_002187	1	HPCLAS_TRAIN_P_002187	4	1.2802350037855843	1.3786982297897339	0.7987818488737886	1
Mixup	HPCLAS_TRAIN_P_002190	1	HPCLAS_TRAIN_P_002190	4	3.767931662469846	3.3532495498657227	0.9662110854946113	1
Mixup	HPCLAS_TRAIN_P_002195	1	HPCLAS_TRAIN_P_002195	4	4.105487666419472	2.810697555541992	0.9432511697706296	1
Mixup	HPCLAS_TRAIN_P_002204	1	HPCLAS_TRAIN_P_002204	4	0.1162568242907067	0.6977811455726624	0.6676956401236771	1
Mixup	HPCLAS_TRAIN_P_002209	1	HPCLAS_TRAIN_P_002209	4	2.8877692491204487	2.783754348754883	0.9417916002355102	1
Mixup	HPCLAS_TRAIN_P_002213	1	HPCLAS_TRAIN_P_002213	4	3.3967455322893416	2.9189486503601074	0.9487752267553254	1
Mixup	HPCLAS_TRAIN_P_002222	1	HPCLAS_TRAIN_P_002222	4	4.285976316110221	3.1548378467559814	0.9590989237912656	1
Mixup	HPCLAS_TRAIN_P_002225	1	HPCLAS_TRAIN_P_002225	4	1.4493039202096445	1.3393136262893677	0.7923770448743669	1
Mixup	HPCLAS_TRAIN_P_002236	1	HPCLAS_TRAIN_N_001789	4	0.3278547624388266	0.08550074696540833	0.5213621745295907	1
Mixup	HPCLAS_TRAIN_P_002244	1	HPCLAS_TRAIN_P_002244	4	0.7153769667695802	0.7471264004707336	0.678552234095737	1
Mixup	HPCLAS_TRAIN_P_002296	1	HPCLAS_TRAIN_P_002296	4	4.918002865344479	4.424787998199463	0.9881649947760197	1
Mixup	HPCLAS_TRAIN_P_002297	1	HPCLAS_TRAIN_P_002297	4	2.1654365091803545	2.7449135780334473	0.9396254442221197	1
Mixup	HPCLAS_TRAIN_P_002298	1	HPCLAS_TRAIN_N_002781	4	-0.8492185208557548	-0.5321380496025085	0.37001836011013867	0
Mixup	HPCLAS_TRAIN_P_002300	1	HPCLAS_TRAIN_P_002300	4	5.183291733247239	3.68705153465271	0.9755662222609386	1
Mixup	HPCLAS_TRAIN_P_002305	1	HPCLAS_TRAIN_P_002305	4	3.656439106032361	3.293417453765869	0.9642022990312235	1
Mixup	HPCLAS_TRAIN_P_002316	1	HPCLAS_TRAIN_P_002316	4	1.5476610817193412	1.6652766466140747	0.8409450590496339	1
Mixup	HPCLAS_TRAIN_P_002320	1	HPCLAS_TRAIN_P_002320	4	3.0164412186864618	2.829207420349121	0.9442338824842914	1
Mixup	HPCLAS_TRAIN_P_002331	1	HPCLAS_TRAIN_P_002331	4	2.832035429815784	2.3327829837799072	0.9115559627307642	1
Mixup	HPCLAS_TRAIN_P_002338	1	HPCLAS_TRAIN_P_002338	4	3.185976593149677	3.2563161849975586	0.9628994137844641	1
Mixup	HPCLAS_TRAIN_P_002340	1	HPCLAS_TRAIN_P_002340	4	2.9276694902847247	3.547497272491455	0.9720094146053454	1
Mixup	HPCLAS_TRAIN_P_002342	1	HPCLAS_TRAIN_P_002342	4	0.927625610426664	2.224574327468872	0.9024346904791634	1
Mixup	HPCLAS_TRAIN_P_002353	1	HPCLAS_TRAIN_P_002353	4	3.0787532187626634	3.3024730682373047	0.964513554132539	1
Mixup	HPCLAS_TRAIN_P_002356	1	HPCLAS_TRAIN_P_002356	4	0.5850000291989046	2.039716958999634	0.8849044437739548	1
Mixup	HPCLAS_TRAIN_P_002357	1	HPCLAS_TRAIN_P_002357	4	0.5811077299618147	2.198923110961914	0.9001527641995333	1
Mixup	HPCLAS_TRAIN_P_002358	1	HPCLAS_TRAIN_P_002358	4	1.9039565885524643	1.9815833568572998	0.8788498476865921	1
Mixup	HPCLAS_TRAIN_P_002362	1	HPCLAS_TRAIN_P_002362	4	2.041756327883392	3.22316312789917	0.9616967022825493	1
Mixup	HPCLAS_TRAIN_P_002371	1	HPCLAS_TRAIN_P_002371	4	2.896067249827428	1.4876396656036377	0.8157237349706774	1
Mixup	HPCLAS_TRAIN_P_002378	1	HPCLAS_TRAIN_P_002378	4	0.6507622643766972	1.4627938270568848	0.8119596114798232	1
Mixup	HPCLAS_TRAIN_P_002381	1	HPCLAS_TRAIN_P_002381	4	3.9498351921847177	3.703202247619629	0.9759482604251912	1
Mixup	HPCLAS_TRAIN_P_002385	1	HPCLAS_TRAIN_P_002385	4	4.307801660795232	3.2077178955078125	0.9611236845007514	1
Mixup	HPCLAS_TRAIN_P_002396	1	HPCLAS_TRAIN_P_002396	4	4.278016402299001	3.948194980621338	0.9810755545967142	1
Mixup	HPCLAS_TRAIN_P_002398	1	HPCLAS_TRAIN_P_002398	4	5.320419713546836	3.89048433303833	0.9799737982862844	1
Mixup	HPCLAS_TRAIN_P_002400	1	HPCLAS_TRAIN_P_002400	4	3.210483260243893	3.248746395111084	0.9626280399940763	1
Mixup	HPCLAS_TRAIN_P_002402	1	HPCLAS_TRAIN_P_002402	4	0.0267233061511179	-0.2425638735294342	0.43965462146803086	0
Mixup	HPCLAS_TRAIN_P_002403	1	HPCLAS_TRAIN_P_002403	4	2.4246689064943205	2.281247138977051	0.9073119807575996	1
Mixup	HPCLAS_TRAIN_P_002404	1	HPCLAS_TRAIN_P_002404	4	4.364943858514371	3.4022057056427	0.96777339797788	1
Mixup	HPCLAS_TRAIN_P_002406	1	HPCLAS_TRAIN_P_002406	4	-0.4198047597185649	1.9459844827651978	0.8750081300228894	1
Mixup	HPCLAS_TRAIN_P_002432	1	HPCLAS_TRAIN_P_002432	4	2.957731366856099	3.0204784870147705	0.9534907491425298	1
Mixup	HPCLAS_TRAIN_P_002439	1	HPCLAS_TRAIN_P_002439	4	1.868416551013815	2.3358795642852783	0.9118052963289024	1
Mixup	HPCLAS_TRAIN_P_002446	1	HPCLAS_TRAIN_P_002446	4	2.9740283902907136	3.091341495513916	0.956534173968519	1
Mixup	HPCLAS_TRAIN_P_002448	1	HPCLAS_TRAIN_P_002448	4	3.959192313036629	2.9578680992126465	0.9506340420912496	1
Mixup	HPCLAS_TRAIN_P_002449	1	HPCLAS_TRAIN_P_002449	4	-0.825234112792822	0.6507866978645325	0.6571877213352649	1
Mixup	HPCLAS_TRAIN_P_002455	1	HPCLAS_TRAIN_P_002455	4	3.715079826243149	2.832946300506592	0.9444304312370855	1
Mixup	HPCLAS_TRAIN_P_002465	1	HPCLAS_TRAIN_P_002465	4	2.801374173986016	1.9566706418991089	0.8761721876007451	1
Mixup	HPCLAS_TRAIN_P_002467	1	HPCLAS_TRAIN_P_002467	4	1.6433589778948368	1.1088539361953735	0.7519153879869296	1
Mixup	HPCLAS_TRAIN_P_002508	1	HPCLAS_TRAIN_P_002508	4	4.358555297658979	2.4122061729431152	0.9177533620525357	1
Mixup	HPCLAS_TRAIN_P_002509	1	HPCLAS_TRAIN_P_002509	4	2.983904199518159	2.3523857593536377	0.9131236736893176	1
Mixup	HPCLAS_TRAIN_P_002513	1	HPCLAS_TRAIN_P_002513	4	4.269118674352226	2.742464065551758	0.9394863349474605	1
Mixup	HPCLAS_TRAIN_P_002521	1	HPCLAS_TRAIN_P_002521	4	1.6106420280384317	1.8874913454055786	0.8684692306732451	1
Mixup	HPCLAS_TRAIN_P_002523	1	HPCLAS_TRAIN_P_002523	4	0.5607337967532716	1.4426672458648682	0.808867349956901	1
Mixup	HPCLAS_TRAIN_P_002529	1	HPCLAS_TRAIN_P_002529	4	1.006517831135135	1.7396358251571655	0.8506408025891922	1
Mixup	HPCLAS_TRAIN_P_002533	1	HPCLAS_TRAIN_P_002533	4	-0.2084893925183626	1.6767581701278687	0.8424747820568037	1
Mixup	HPCLAS_TRAIN_P_002544	1	HPCLAS_TRAIN_P_002544	4	-0.7208692138422406	-1.2602229118347168	0.22093552157594254	0
Mixup	HPCLAS_TRAIN_P_002545	1	HPCLAS_TRAIN_P_002545	4	-0.4907524031491711	-0.6935693621635437	0.3332395218015109	0
Mixup	HPCLAS_TRAIN_P_002547	1	HPCLAS_TRAIN_P_002547	4	1.8359243803104723	2.0110104084014893	0.8819482619976602	1
Mixup	HPCLAS_TRAIN_P_002553	1	HPCLAS_TRAIN_P_002553	4	3.53562670062003	3.471848964691162	0.9698760856819562	1
Mixup	HPCLAS_TRAIN_P_002555	1	HPCLAS_TRAIN_P_002555	4	3.509176456150963	2.8154244422912598	0.9435036629642628	1
Mixup	HPCLAS_TRAIN_P_002558	1	HPCLAS_TRAIN_P_002558	4	2.790187414911264	2.506457805633545	0.9245932979756699	1
Mixup	HPCLAS_TRAIN_P_002559	1	HPCLAS_TRAIN_P_002559	4	0.0267442907350319	1.1547815799713135	0.7603832079950882	1
Mixup	HPCLAS_TRAIN_P_002560	1	HPCLAS_TRAIN_P_002560	4	1.5187431547974848	1.5933620929718018	0.831088600331768	1
Mixup	HPCLAS_TRAIN_P_002569	1	HPCLAS_TRAIN_P_002569	4	3.751127144863161	2.8253049850463867	0.9440280382564348	1
Mixup	HPCLAS_TRAIN_P_002571	1	HPCLAS_TRAIN_P_002571	4	3.9018194427263744	2.9893059730529785	0.9520886614578146	1
Mixup	HPCLAS_TRAIN_P_002587	1	HPCLAS_TRAIN_P_002587	4	3.664839856418028	3.290497303009033	0.9641013697069047	1
Mixup	HPCLAS_TRAIN_P_002593	1	HPCLAS_TRAIN_P_002593	4	0.8311653077679957	2.1996877193450928	0.9002214644694534	1
Mixup	HPCLAS_TRAIN_P_002602	1	HPCLAS_TRAIN_P_002602	4	2.2996348820374477	3.2801098823547363	0.963740123670646	1
Mixup	HPCLAS_TRAIN_P_002604	1	HPCLAS_TRAIN_P_002604	4	3.2143925349284084	2.911165714263916	0.9483956459875602	1
Mixup	HPCLAS_TRAIN_P_002608	1	HPCLAS_TRAIN_P_002608	4	4.937851990488577	3.5773167610168457	0.9728093976818095	1
Mixup	HPCLAS_TRAIN_P_002609	1	HPCLAS_TRAIN_P_002609	4	3.9067622052683846	3.4222800731658936	0.9683936333221396	1
Mixup	HPCLAS_TRAIN_P_002614	1	HPCLAS_TRAIN_P_002614	4	2.8647654774698705	2.1017370223999023	0.8910718935827435	1
Mixup	HPCLAS_TRAIN_P_002615	1	HPCLAS_TRAIN_P_002615	4	3.823336822494531	3.5461490154266357	0.9719727090701954	1
Mixup	HPCLAS_TRAIN_P_002626	1	HPCLAS_TRAIN_P_002626	4	0.5096348524073568	1.2730258703231812	0.7812602869735967	1
Mixup	HPCLAS_TRAIN_P_002627	1	HPCLAS_TRAIN_P_002627	4	3.154932344766356	3.1995012760162354	0.9608155050235023	1
Mixup	HPCLAS_TRAIN_P_002628	1	HPCLAS_TRAIN_P_002628	4	3.536786342571526	3.405888080596924	0.9678880464517352	1
Mixup	HPCLAS_TRAIN_P_002643	1	HPCLAS_TRAIN_P_002643	4	1.6859554990369474	2.9494152069091797	0.9502358422090587	1
Mixup	HPCLAS_TRAIN_P_002647	1	HPCLAS_TRAIN_P_002647	4	4.420517988298927	4.185622215270996	0.9850152220923295	1
Mixup	HPCLAS_TRAIN_P_002648	1	HPCLAS_TRAIN_P_002648	4	-0.5014506187049393	-1.2561393976211548	0.2216391892582439	0
Mixup	HPCLAS_TRAIN_P_002662	1	HPCLAS_TRAIN_P_002662	4	3.291722600658899	1.795716404914856	0.8576266954925603	1
Mixup	HPCLAS_TRAIN_P_002669	1	HPCLAS_TRAIN_P_002669	4	3.3806052308704526	3.5050716400146484	0.9708317287802377	1
Mixup	HPCLAS_TRAIN_P_002671	1	HPCLAS_TRAIN_P_002671	4	1.2507143900553537	0.3281530439853668	0.5813099162489487	1
Mixup	HPCLAS_TRAIN_P_002672	1	HPCLAS_TRAIN_P_002672	4	2.943944433429919	2.8167710304260254	0.94357539931976	1
Mixup	HPCLAS_TRAIN_P_002681	1	HPCLAS_TRAIN_P_002681	4	0.5918194213194018	1.20586359500885	0.769566241672042	1
Mixup	HPCLAS_TRAIN_P_002686	1	HPCLAS_TRAIN_P_002686	4	2.4125375649595564	2.6709847450256348	0.9352926540154224	1
Mixup	HPCLAS_TRAIN_P_002688	1	HPCLAS_TRAIN_P_002688	4	4.110097618674595	3.367814064025879	0.9666833612812056	1
Mixup	HPCLAS_TRAIN_P_002704	1	HPCLAS_TRAIN_P_002704	4	3.989876905257697	2.9057819843292236	0.9481315220371708	1
Mixup	HPCLAS_TRAIN_P_002715	1	HPCLAS_TRAIN_P_002715	4	1.1803731297659523	1.3637276887893677	0.7963648769032254	1
Mixup	HPCLAS_TRAIN_P_002716	1	HPCLAS_TRAIN_P_002716	4	2.936464073062941	3.199486494064331	0.9608149484929644	1
Mixup	HPCLAS_TRAIN_P_002717	1	HPCLAS_TRAIN_P_002717	4	3.4062029821245865	2.108360767364502	0.8917131492158158	1
Mixup	HPCLAS_TRAIN_P_002723	1	HPCLAS_TRAIN_P_002723	4	3.7435423639836487	3.279435873031616	0.9637165629856428	1
Mixup	HPCLAS_TRAIN_P_002731	1	HPCLAS_TRAIN_P_002731	4	4.346349430095206	3.2857813835144043	0.9639377944085782	1
Mixup	HPCLAS_TRAIN_P_002734	1	HPCLAS_TRAIN_N_000485	4	0.0549139648334559	-0.3339303135871887	0.4172846257495112	0
Mixup	HPCLAS_TRAIN_P_002739	1	HPCLAS_TRAIN_P_002739	4	3.186464534479849	3.4790194034576416	0.9700848761935184	1
Mixup	HPCLAS_TRAIN_P_002748	1	HPCLAS_TRAIN_P_002748	4	3.4550542155495862	2.7721657752990723	0.9411530504709429	1
Mixup	HPCLAS_TRAIN_P_002750	1	HPCLAS_TRAIN_P_002750	4	2.6277205560706687	3.09285306930542	0.9565969766376717	1
Mixup	HPCLAS_TRAIN_P_002752	1	HPCLAS_TRAIN_P_002752	4	3.8346697529800378	2.8781559467315674	0.9467559830970389	1
Mixup	HPCLAS_TRAIN_P_002754	1	HPCLAS_TRAIN_P_002754	4	3.6743576485763096	2.9030025005340576	0.9479946618153988	1
Mixup	HPCLAS_TRAIN_P_002758	1	HPCLAS_TRAIN_P_007368	4	1.8423425369361304	3.0116233825683594	0.9530964787386439	1
Mixup	HPCLAS_TRAIN_P_002760	1	HPCLAS_TRAIN_P_002760	4	2.940441748553844	3.7064311504364014	0.976023936914535	1
Mixup	HPCLAS_TRAIN_P_002766	1	HPCLAS_TRAIN_P_002766	4	0.4760725525666914	1.0395475625991821	0.7387626985491786	1
Mixup	HPCLAS_TRAIN_P_002771	1	HPCLAS_TRAIN_P_002771	4	3.342191612318348	3.3555378913879395	0.9662857138424981	1
Mixup	HPCLAS_TRAIN_P_002774	1	HPCLAS_TRAIN_P_002774	4	3.114403813231712	2.7266855239868164	0.9385830520341968	1
Mixup	HPCLAS_TRAIN_P_002777	1	HPCLAS_TRAIN_P_002777	4	2.476996404169458	2.0247836112976074	0.8833747394998221	1
Mixup	HPCLAS_TRAIN_P_002781	1	HPCLAS_TRAIN_P_002781	4	2.9749231465187145	3.470059871673584	0.9698237707453261	1
Mixup	HPCLAS_TRAIN_P_002787	1	HPCLAS_TRAIN_P_002787	4	2.952529175888485	3.537111520767212	0.9717254588417522	1
Mixup	HPCLAS_TRAIN_P_002795	1	HPCLAS_TRAIN_P_002795	4	3.293653647373278	3.4438540935516357	0.9690473270685871	1
Mixup	HPCLAS_TRAIN_P_002807	1	HPCLAS_TRAIN_P_002807	4	2.7315405398679777	2.819584846496582	0.9437250224723394	1
Mixup	HPCLAS_TRAIN_P_002808	1	HPCLAS_TRAIN_P_002808	4	2.806734158979677	2.65875244140625	0.9345483976541371	1
Mixup	HPCLAS_TRAIN_P_002822	1	HPCLAS_TRAIN_P_002822	4	3.0018501392061583	3.1456921100616455	0.9587386429676232	1
Mixup	HPCLAS_TRAIN_P_002823	1	HPCLAS_TRAIN_P_002823	4	1.7382790236195698	2.8684263229370117	0.9462633842736465	1
Mixup	HPCLAS_TRAIN_P_002836	1	HPCLAS_TRAIN_P_002836	4	2.203332135104855	1.7889833450317383	0.8568025864171205	1
Mixup	HPCLAS_TRAIN_P_002840	1	HPCLAS_TRAIN_P_002840	4	-0.380039707809503	0.7567539811134338	0.6806485734633564	1
Mixup	HPCLAS_TRAIN_P_002856	1	HPCLAS_TRAIN_P_002856	4	0.510628535928867	0.38877490162849426	0.5959877470501943	1
Mixup	HPCLAS_TRAIN_P_002866	1	HPCLAS_TRAIN_P_002866	4	2.1301066509879734	2.0089504718780518	0.8817336218240666	1
Mixup	HPCLAS_TRAIN_P_002886	1	HPCLAS_TRAIN_P_002886	4	3.55395361832687	2.520153522491455	0.9255426352921022	1
Mixup	HPCLAS_TRAIN_P_002892	1	HPCLAS_TRAIN_P_002892	4	2.492574576035937	2.0102882385253906	0.8818730521597818	1
Mixup	HPCLAS_TRAIN_P_002905	1	HPCLAS_TRAIN_N_003138	4	3.935782690941447	3.4553163051605225	0.9693892893354241	1
Mixup	HPCLAS_TRAIN_P_002914	1	HPCLAS_TRAIN_P_002914	4	3.0926734885683262	1.4394283294677734	0.808366109371481	1
Mixup	HPCLAS_TRAIN_P_002928	1	HPCLAS_TRAIN_P_002928	4	0.5656596342739805	-0.7569558620452881	0.31930754606770223	0
Mixup	HPCLAS_TRAIN_P_002933	1	HPCLAS_TRAIN_P_002933	4	0.7524677417956158	2.3451390266418457	0.9125470751647502	1
Mixup	HPCLAS_TRAIN_P_002935	1	HPCLAS_TRAIN_P_002935	4	3.402365609225733	3.0070834159851074	0.9528931079819037	1
Mixup	HPCLAS_TRAIN_P_002941	1	HPCLAS_TRAIN_P_002941	4	4.850063425158192	2.8743114471435547	0.9465618521741985	1
Mixup	HPCLAS_TRAIN_P_002943	1	HPCLAS_TRAIN_P_002943	4	2.90271212669772	3.470585823059082	0.9698391592381291	1
Mixup	HPCLAS_TRAIN_P_002944	1	HPCLAS_TRAIN_P_002944	4	3.1959635108008504	1.903419852256775	0.8702780960236731	1
Mixup	HPCLAS_TRAIN_P_002948	1	HPCLAS_TRAIN_P_002948	4	4.067340067475192	3.710085868835449	0.9761093131258266	1
Mixup	HPCLAS_TRAIN_P_002951	1	HPCLAS_TRAIN_P_002951	4	0.6085854444279554	1.9137572050094604	0.8714406621840438	1
Mixup	HPCLAS_TRAIN_P_002967	1	HPCLAS_TRAIN_P_002967	4	3.9682874759149622	3.8376777172088623	0.9789107639405673	1
Mixup	HPCLAS_TRAIN_P_002968	1	HPCLAS_TRAIN_P_002968	4	0.086996307405096	-1.508877158164978	0.18110525787115206	0
Mixup	HPCLAS_TRAIN_P_002978	1	HPCLAS_TRAIN_P_002978	4	3.209391504569775	3.0641605854034424	0.9553899573997535	1
Mixup	HPCLAS_TRAIN_P_002982	1	HPCLAS_TRAIN_P_002982	4	2.754949697045134	2.490349769592285	0.923462527845621	1
Mixup	HPCLAS_TRAIN_P_002991	1	HPCLAS_TRAIN_P_002991	4	3.35148173481815	1.5270675420761108	0.8215768554073906	1
Mixup	HPCLAS_TRAIN_P_003006	1	HPCLAS_TRAIN_P_003006	4	3.1308196301722173	3.61019229888916	0.9736656115382235	1
Mixup	HPCLAS_TRAIN_P_003008	1	HPCLAS_TRAIN_P_003008	4	2.142865702198683	2.209728240966797	0.9011197149231168	1
Mixup	HPCLAS_TRAIN_P_003011	1	HPCLAS_TRAIN_P_003011	4	3.0847118620789686	3.069509983062744	0.955617394064671	1
Mixup	HPCLAS_TRAIN_P_003016	1	HPCLAS_TRAIN_P_003016	4	3.9902245146241135	3.310481548309326	0.9647866442776302	1
Mixup	HPCLAS_TRAIN_P_003025	1	HPCLAS_TRAIN_P_003025	4	3.1945489570972376	3.0402607917785645	0.9543601898216589	1
Mixup	HPCLAS_TRAIN_P_003039	1	HPCLAS_TRAIN_P_003039	4	2.820559956734558	2.4949727058410645	0.9237886356279665	1
Mixup	HPCLAS_TRAIN_P_003042	1	HPCLAS_TRAIN_P_003042	4	2.992524887705078	3.0881283283233643	0.956400385426528	1
Mixup	HPCLAS_TRAIN_P_003047	1	HPCLAS_TRAIN_P_003047	4	-1.419094759699639	-1.352717638015747	0.20542642637994252	0
Mixup	HPCLAS_TRAIN_P_003050	1	HPCLAS_TRAIN_P_003050	4	0.5461081272267531	-1.3545050621032715	0.20513482517728568	0
Mixup	HPCLAS_TRAIN_P_003051	1	HPCLAS_TRAIN_P_003051	4	3.6596792899703297	3.3921055793762207	0.9674569021372843	1
Mixup	HPCLAS_TRAIN_P_003056	1	HPCLAS_TRAIN_P_003056	4	2.028625754180091	2.7158689498901367	0.9379565657103553	1
Mixup	HPCLAS_TRAIN_P_003058	1	HPCLAS_TRAIN_P_003058	4	0.73733037685767	0.8240218758583069	0.6950894051627139	1
Mixup	HPCLAS_TRAIN_P_003059	1	HPCLAS_TRAIN_P_003059	4	1.8364903008621	3.0206422805786133	0.9534980122154063	1
Mixup	HPCLAS_TRAIN_P_003060	1	HPCLAS_TRAIN_P_003373	4	3.0027557924556367	3.1091809272766113	0.9572698647547244	1
Mixup	HPCLAS_TRAIN_P_003064	1	HPCLAS_TRAIN_P_003064	4	2.77425552470681	2.5910205841064453	0.9302814391230114	1
Mixup	HPCLAS_TRAIN_P_003068	1	HPCLAS_TRAIN_P_003068	4	2.7594551458231966	0.7689456939697266	0.6832927820542981	1
Mixup	HPCLAS_TRAIN_P_003075	1	HPCLAS_TRAIN_P_003075	4	1.800767959061641	1.574710726737976	0.8284541230252224	1
Mixup	HPCLAS_TRAIN_P_003085	1	HPCLAS_TRAIN_P_003085	4	1.9607372983150515	0.9304907321929932	0.717174833809602	1
Mixup	HPCLAS_TRAIN_P_003087	1	HPCLAS_TRAIN_P_003087	4	4.858138884139485	3.852595090866089	0.9792165352372844	1
Mixup	HPCLAS_TRAIN_P_003090	1	HPCLAS_TRAIN_P_003090	4	3.199363131719346	3.163370132446289	0.9594323218174727	1
Mixup	HPCLAS_TRAIN_P_003094	1	HPCLAS_TRAIN_P_003094	4	4.136178891532044	3.4705731868743896	0.9698387896128183	1
Mixup	HPCLAS_TRAIN_P_003095	1	HPCLAS_TRAIN_P_003095	4	1.5881206793135492	1.6876901388168335	0.8439201490740299	1
Mixup	HPCLAS_TRAIN_P_003097	1	HPCLAS_TRAIN_P_003097	4	4.160915520819245	2.754248857498169	0.9401528613033189	1
Mixup	HPCLAS_TRAIN_P_003099	1	HPCLAS_TRAIN_P_003099	4	1.684366321002223	2.184267997741699	0.8988278494091752	1
Mixup	HPCLAS_TRAIN_P_003101	1	HPCLAS_TRAIN_P_003101	4	4.098416214474247	3.6684327125549316	0.9751184579270877	1
Mixup	HPCLAS_TRAIN_P_003116	1	HPCLAS_TRAIN_N_001443	4	2.409676913349672	-0.7695068717002869	0.31658578947029753	0
Mixup	HPCLAS_TRAIN_P_003126	1	HPCLAS_TRAIN_P_002340	4	1.993996237645958	3.2714173793792725	0.9634351358001848	1
Mixup	HPCLAS_TRAIN_P_003137	1	HPCLAS_TRAIN_P_003137	4	-0.6090038879524708	-0.9221292734146118	0.2845242388916506	0
Mixup	HPCLAS_TRAIN_P_003141	1	HPCLAS_TRAIN_P_003141	4	5.423630688592137	3.6733920574188232	0.9752385006885769	1
Mixup	HPCLAS_TRAIN_P_003144	1	HPCLAS_TRAIN_P_003144	4	0.7262444095603128	2.633242607116699	0.9329706154548708	1
Mixup	HPCLAS_TRAIN_P_003148	1	HPCLAS_TRAIN_P_003148	4	2.3314076922691487	2.563997268676758	0.928508254052664	1
Mixup	HPCLAS_TRAIN_P_003166	1	HPCLAS_TRAIN_P_003166	4	1.7500807261695654	0.7267511487007141	0.6740919300361371	1
Mixup	HPCLAS_TRAIN_P_003167	1	HPCLAS_TRAIN_P_003167	4	2.24902438814901	2.5152621269226074	0.9252048498460498	1
Mixup	HPCLAS_TRAIN_P_003176	1	HPCLAS_TRAIN_P_003176	4	2.8010296680702407	2.9327969551086426	0.9494440978140235	1
Mixup	HPCLAS_TRAIN_P_003183	1	HPCLAS_TRAIN_P_003183	4	3.945496989093906	3.754746437072754	0.9771289438928447	1
Mixup	HPCLAS_TRAIN_P_003185	1	HPCLAS_TRAIN_P_003185	4	3.664795788120359	2.9760794639587402	0.9514817026111322	1
Mixup	HPCLAS_TRAIN_P_003189	1	HPCLAS_TRAIN_P_003189	4	3.99998491412789	3.29893159866333	0.9643921400872157	1
Mixup	HPCLAS_TRAIN_P_003192	1	HPCLAS_TRAIN_P_003192	4	1.392784605515012	1.8510677814483643	0.8642524240243549	1
Mixup	HPCLAS_TRAIN_P_003196	1	HPCLAS_TRAIN_P_003196	4	0.6725124306535886	1.0673390626907349	0.7440905498563634	1
Mixup	HPCLAS_TRAIN_P_003197	1	HPCLAS_TRAIN_P_003197	4	2.812479898449365	2.23388671875	0.9032515450894814	1
Mixup	HPCLAS_TRAIN_P_003213	1	HPCLAS_TRAIN_P_003213	4	2.8666247212081784	3.2925164699554443	0.9641711874608244	1
Mixup	HPCLAS_TRAIN_P_003216	1	HPCLAS_TRAIN_P_003216	4	1.7044762122741488	1.5837198495864868	0.8297306944310412	1
Mixup	HPCLAS_TRAIN_P_003219	1	HPCLAS_TRAIN_P_003219	4	4.367943358213184	3.5461831092834473	0.9719736378319797	1
Mixup	HPCLAS_TRAIN_P_003223	1	HPCLAS_TRAIN_P_003223	4	4.282332383921846	3.946941375732422	0.9810522657367998	1
Mixup	HPCLAS_TRAIN_P_003224	1	HPCLAS_TRAIN_P_003224	4	4.075946678053726	3.6330223083496094	0.9742447059066742	1
Mixup	HPCLAS_TRAIN_P_003230	1	HPCLAS_TRAIN_P_003230	4	1.531662804751965	1.1616462469100952	0.7616317177829383	1
Mixup	HPCLAS_TRAIN_P_003231	1	HPCLAS_TRAIN_P_003231	4	1.9736702614878825	3.0480847358703613	0.9546997670383071	1
Mixup	HPCLAS_TRAIN_P_003241	1	HPCLAS_TRAIN_P_003241	4	2.1988883889704445	2.257537364959717	0.9052987126992762	1
Mixup	HPCLAS_TRAIN_P_003242	1	HPCLAS_TRAIN_P_003242	4	1.3721669331967736	1.265060544013977	0.7798960220543233	1
Mixup	HPCLAS_TRAIN_P_003248	1	HPCLAS_TRAIN_P_003248	4	1.3268351000099108	2.4610297679901123	0.9213643040875976	1
Mixup	HPCLAS_TRAIN_P_003249	1	HPCLAS_TRAIN_P_003249	4	3.803145607402408	3.245237350463867	0.9625015959347505	1
Mixup	HPCLAS_TRAIN_P_003273	1	HPCLAS_TRAIN_P_003273	4	2.297409404172752	2.815176010131836	0.9434904189528232	1
Mixup	HPCLAS_TRAIN_P_003281	1	HPCLAS_TRAIN_P_003281	4	4.700968451338179	3.234272003173828	0.9621038182785417	1
Mixup	HPCLAS_TRAIN_P_003287	1	HPCLAS_TRAIN_P_003287	4	2.4056209336863126	1.950254201889038	0.8754743572952982	1
Mixup	HPCLAS_TRAIN_P_003289	1	HPCLAS_TRAIN_P_003289	4	-0.1686399167459124	-1.2328156232833862	0.225689005769381	0
Mixup	HPCLAS_TRAIN_P_003293	1	HPCLAS_TRAIN_P_003293	4	2.941970702187898	2.5189080238342285	0.9254567581584197	1
Mixup	HPCLAS_TRAIN_P_003303	1	HPCLAS_TRAIN_P_003303	4	3.373347925158393	2.9205660820007324	0.9488537781855727	1
Mixup	HPCLAS_TRAIN_P_003321	1	HPCLAS_TRAIN_P_003321	4	0.1883324557059329	-0.5255281329154968	0.37156048256818125	0
Mixup	HPCLAS_TRAIN_P_003324	1	HPCLAS_TRAIN_P_003324	4	3.4311204388298724	3.75824236869812	0.9772069406921849	1
Mixup	HPCLAS_TRAIN_P_003337	1	HPCLAS_TRAIN_P_003337	4	2.9498892749339958	2.6838104724884033	0.9360645509186754	1
Mixup	HPCLAS_TRAIN_P_003341	1	HPCLAS_TRAIN_P_003341	4	2.196404686354852	2.7976722717285156	0.9425499083632977	1
Mixup	HPCLAS_TRAIN_P_003354	1	HPCLAS_TRAIN_P_003354	4	3.04818092926727	2.2913761138916016	0.9081602895774531	1
Mixup	HPCLAS_TRAIN_P_003369	1	HPCLAS_TRAIN_P_003369	4	1.0612561892309162	0.9932227730751038	0.7297240102011228	1
Mixup	HPCLAS_TRAIN_P_003373	1	HPCLAS_TRAIN_P_003373	4	2.995491848607687	3.0064549446105957	0.9528648892329774	1
Mixup	HPCLAS_TRAIN_P_003374	1	HPCLAS_TRAIN_P_003374	4	2.2781734916996528	1.4814200401306152	0.8147869735718541	1
Mixup	HPCLAS_TRAIN_P_003378	1	HPCLAS_TRAIN_P_003378	4	3.628166527467733	3.099215030670166	0.9568603542285066	1
Mixup	HPCLAS_TRAIN_P_003381	1	HPCLAS_TRAIN_P_003381	4	4.958157479103935	3.921347141265869	0.9805705976560883	1
Mixup	HPCLAS_TRAIN_P_003393	1	HPCLAS_TRAIN_P_003393	4	1.863967452293244	2.823859691619873	0.9439516212233562	1
Mixup	HPCLAS_TRAIN_P_003400	1	HPCLAS_TRAIN_P_003400	4	4.482932029017119	3.409025192260742	0.9679854073288036	1
Mixup	HPCLAS_TRAIN_P_003403	1	HPCLAS_TRAIN_P_003403	4	2.616201724669169	2.569030284881592	0.9288416293810771	1
Mixup	HPCLAS_TRAIN_P_003409	1	HPCLAS_TRAIN_P_003409	4	1.626297693897048	2.325465202331543	0.9109642113034716	1
Mixup	HPCLAS_TRAIN_P_003416	1	HPCLAS_TRAIN_P_003416	4	1.3086835244073372	1.3470171689987183	0.7936415439813579	1
Mixup	HPCLAS_TRAIN_P_003426	1	HPCLAS_TRAIN_P_003426	4	2.7394892118026988	2.791382312774658	0.9422083601217839	1
Mixup	HPCLAS_TRAIN_P_003427	1	HPCLAS_TRAIN_N_004184	4	3.18216662391944	2.95361328125	0.95043398462728	1
Mixup	HPCLAS_TRAIN_P_003437	1	HPCLAS_TRAIN_P_003437	4	2.7659012757268333	2.8548943996429443	0.9455711297919573	1
Mixup	HPCLAS_TRAIN_P_003446	1	HPCLAS_TRAIN_P_003446	4	2.2112676896013315	2.6198158264160156	0.9321260552268419	1
Mixup	HPCLAS_TRAIN_P_003454	1	HPCLAS_TRAIN_P_003454	4	2.2328740750246023	2.0516390800476074	0.886113133896732	1
Mixup	HPCLAS_TRAIN_P_003455	1	HPCLAS_TRAIN_P_003455	4	3.4545683479495164	3.6686747074127197	0.9751243286404307	1
Mixup	HPCLAS_TRAIN_P_003461	1	HPCLAS_TRAIN_P_003461	4	-1.23239493404241	1.0772634744644165	0.745975772056132	1
Mixup	HPCLAS_TRAIN_P_003462	1	HPCLAS_TRAIN_P_003462	4	1.5289369021911905	2.1218228340148926	0.8930062190262149	1
Mixup	HPCLAS_TRAIN_P_003466	1	HPCLAS_TRAIN_P_005832	4	4.085273850228624	2.841076374053955	0.9448555719558855	1
Mixup	HPCLAS_TRAIN_P_003484	1	HPCLAS_TRAIN_P_003484	4	3.5236688662323346	3.47568416595459	0.9699879350046674	1
Mixup	HPCLAS_TRAIN_P_003486	1	HPCLAS_TRAIN_P_003486	4	2.3891888323328137	3.2146544456481934	0.9613820409165185	1
Mixup	HPCLAS_TRAIN_P_003493	1	HPCLAS_TRAIN_P_003493	4	2.840455349906948	2.6438608169555664	0.9336315955803658	1
Mixup	HPCLAS_TRAIN_P_003497	1	HPCLAS_TRAIN_P_003497	4	2.697538568780453	2.8686816692352295	0.9462763668960228	1
Mixup	HPCLAS_TRAIN_P_003499	1	HPCLAS_TRAIN_P_003499	4	3.04059330800396	3.430184841156006	0.9686346839959586	1
Mixup	HPCLAS_TRAIN_P_003514	1	HPCLAS_TRAIN_P_003514	4	3.068701597592704	2.8496222496032715	0.9452991531009833	1
Mixup	HPCLAS_TRAIN_P_003520	1	HPCLAS_TRAIN_P_003520	4	2.420754314233798	2.7233200073242188	0.9383887605387268	1
Mixup	HPCLAS_TRAIN_P_003526	1	HPCLAS_TRAIN_P_003526	4	3.92353403499277	3.410768508911133	0.9680393880628261	1
Mixup	HPCLAS_TRAIN_P_003530	1	HPCLAS_TRAIN_P_003530	4	2.000846807538657	2.41774845123291	0.918170737594342	1
Mixup	HPCLAS_TRAIN_P_003538	1	HPCLAS_TRAIN_P_003538	4	3.2036916590161773	3.0480642318725586	0.9546988802706439	1
Mixup	HPCLAS_TRAIN_P_003539	1	HPCLAS_TRAIN_P_003539	4	3.6436275326318777	3.0076961517333984	0.9529206047303758	1
Mixup	HPCLAS_TRAIN_P_003552	1	HPCLAS_TRAIN_P_003552	4	1.7461442682725647	2.5234107971191406	0.9257667944676468	1
Mixup	HPCLAS_TRAIN_P_003555	1	HPCLAS_TRAIN_P_003555	4	3.1414779469619805	3.683897018432617	0.9754909158780926	1
Mixup	HPCLAS_TRAIN_P_003570	1	HPCLAS_TRAIN_P_003570	4	2.4479451039841105	2.2528839111328125	0.9048990052162458	1
Mixup	HPCLAS_TRAIN_P_003572	1	HPCLAS_TRAIN_P_003572	4	3.6008948222552344	2.6147212982177734	0.9318030289057075	1
Mixup	HPCLAS_TRAIN_P_003600	1	HPCLAS_TRAIN_P_003600	4	2.2613552146435247	2.8922955989837646	0.9474642641286135	1
Mixup	HPCLAS_TRAIN_P_003602	1	HPCLAS_TRAIN_P_003602	4	2.4474244725069	3.171001434326172	0.9597283077213328	1
Mixup	HPCLAS_TRAIN_P_003617	1	HPCLAS_TRAIN_P_003617	4	4.78177495567372	3.8986399173736572	0.9801332279106771	1
Mixup	HPCLAS_TRAIN_P_003622	1	HPCLAS_TRAIN_P_003622	4	3.5207788596302327	3.593881607055664	0.9732441440731199	1
Mixup	HPCLAS_TRAIN_P_003625	1	HPCLAS_TRAIN_P_003625	4	4.2017259002372365	3.879260301589966	0.979752334196852	1
Mixup	HPCLAS_TRAIN_P_003639	1	HPCLAS_TRAIN_P_003639	4	4.2505783705031295	3.2888741493225098	0.9640451501515909	1
Mixup	HPCLAS_TRAIN_P_003640	1	HPCLAS_TRAIN_P_003640	4	3.534912039533934	3.292247772216797	0.9641619041104471	1
Mixup	HPCLAS_TRAIN_P_003641	1	HPCLAS_TRAIN_P_003641	4	2.0959148843329007	2.749427080154419	0.9398809853085228	1
Mixup	HPCLAS_TRAIN_P_003649	1	HPCLAS_TRAIN_P_003649	4	4.314160190398658	2.9687790870666504	0.9511435730563221	1
Mixup	HPCLAS_TRAIN_P_003650	1	HPCLAS_TRAIN_P_003650	4	4.684247505131737	3.5715627670288086	0.9726567824381479	1
Mixup	HPCLAS_TRAIN_P_003658	1	HPCLAS_TRAIN_P_003658	4	3.77276389537984	2.483633041381836	0.922986440601108	1
Mixup	HPCLAS_TRAIN_P_003665	1	HPCLAS_TRAIN_P_003665	4	2.880559275425925	2.4534788131713867	0.9208154777839828	1
Mixup	HPCLAS_TRAIN_P_003672	1	HPCLAS_TRAIN_P_003672	4	2.2582404159583427	2.898447275161743	0.9477696267942809	1
Mixup	HPCLAS_TRAIN_P_003675	1	HPCLAS_TRAIN_P_003675	4	3.164892938145484	3.2707698345184326	0.9634123173239171	1
Mixup	HPCLAS_TRAIN_P_003678	1	HPCLAS_TRAIN_P_003678	4	3.424195768317753	1.4010170698165894	0.8023452325764536	1
Mixup	HPCLAS_TRAIN_P_003682	1	HPCLAS_TRAIN_P_003682	4	1.654354248785577	1.3273191452026367	0.7903968442116208	1
Mixup	HPCLAS_TRAIN_P_003686	1	HPCLAS_TRAIN_P_003686	4	4.39362909330645	3.4296164512634277	0.9686174108391679	1
Mixup	HPCLAS_TRAIN_P_003687	1	HPCLAS_TRAIN_P_003687	4	1.3274009679477958	2.4941720962524414	0.9237322510294553	1
Mixup	HPCLAS_TRAIN_P_003692	1	HPCLAS_TRAIN_P_003692	4	0.9011243794748638	0.7670589685440063	0.6828843464602188	1
Mixup	HPCLAS_TRAIN_P_003697	1	HPCLAS_TRAIN_P_003697	4	2.3087848326457547	2.5530850887298584	0.927780500444178	1
Mixup	HPCLAS_TRAIN_P_003708	1	HPCLAS_TRAIN_P_003708	4	3.973883085833442	3.154507637023926	0.9590859683011411	1
Mixup	HPCLAS_TRAIN_P_003716	1	HPCLAS_TRAIN_P_003716	4	1.1473488944078647	2.0803699493408203	0.8889805503719636	1
Mixup	HPCLAS_TRAIN_P_003726	1	HPCLAS_TRAIN_P_003726	4	1.598606880629411	2.1361098289489746	0.894363640993549	1
Mixup	HPCLAS_TRAIN_P_003745	1	HPCLAS_TRAIN_P_003745	4	0.7006295266201773	1.3563580513000488	0.7951671480237177	1
Mixup	HPCLAS_TRAIN_P_003746	1	HPCLAS_TRAIN_P_003746	4	3.682534700977687	3.0536861419677734	0.954941401267736	1
Mixup	HPCLAS_TRAIN_P_003760	1	HPCLAS_TRAIN_P_003760	4	2.442626691743583	2.6611218452453613	0.9346931794757939	1
Mixup	HPCLAS_TRAIN_P_003764	1	HPCLAS_TRAIN_P_003764	4	4.24009430240976	3.653383493423462	0.9747507044299457	1
Mixup	HPCLAS_TRAIN_P_003771	1	HPCLAS_TRAIN_P_003771	4	1.0690648647939307	1.824179768562317	0.8610669106604983	1
Mixup	HPCLAS_TRAIN_P_003778	1	HPCLAS_TRAIN_P_003778	4	4.425345919053349	3.5313730239868164	0.9715673655939531	1
Mixup	HPCLAS_TRAIN_P_003781	1	HPCLAS_TRAIN_P_003781	4	3.6417887445063233	2.936502456665039	0.9496216659716309	1
Mixup	HPCLAS_TRAIN_P_003788	1	HPCLAS_TRAIN_P_003788	4	1.679286544646165	2.0279104709625244	0.8836964945241741	1
Mixup	HPCLAS_TRAIN_P_003789	1	HPCLAS_TRAIN_P_003789	4	1.8245886086020315	2.256908416748047	0.9052447773645202	1
Mixup	HPCLAS_TRAIN_P_003795	1	HPCLAS_TRAIN_P_003795	4	3.380202626278109	2.6755149364471436	0.9355662825314	1
Mixup	HPCLAS_TRAIN_P_003796	1	HPCLAS_TRAIN_P_003796	4	4.113108353168499	2.9453678131103516	0.950044101175964	1
Mixup	HPCLAS_TRAIN_P_003797	1	HPCLAS_TRAIN_P_003797	4	3.436111767342804	2.922863483428955	0.9489651568311528	1
Mixup	HPCLAS_TRAIN_P_003798	1	HPCLAS_TRAIN_P_003798	4	3.415346240075045	3.867903232574463	0.979525804261771	1
Mixup	HPCLAS_TRAIN_P_003801	1	HPCLAS_TRAIN_P_003801	4	3.59408024885973	2.620637893676758	0.9321780465435893	1
Mixup	HPCLAS_TRAIN_P_003817	1	HPCLAS_TRAIN_P_003817	4	3.900763763390141	3.5167205333709717	0.9711597930880794	1
Mixup	HPCLAS_TRAIN_P_003818	1	HPCLAS_TRAIN_P_003818	4	0.6438725195461386	2.9036617279052734	0.9480271526442605	1
Mixup	HPCLAS_TRAIN_P_003819	1	HPCLAS_TRAIN_P_003819	4	3.0527236036051506	2.4814538955688477	0.9228313986835049	1
Mixup	HPCLAS_TRAIN_P_003820	1	HPCLAS_TRAIN_P_003820	4	1.2536250453282445	2.1288890838623047	0.8936794991697679	1
Mixup	HPCLAS_TRAIN_P_003828	1	HPCLAS_TRAIN_P_003828	4	5.529127951884405	3.340761661529541	0.9658010084738496	1
Mixup	HPCLAS_TRAIN_P_003835	1	HPCLAS_TRAIN_P_003835	4	3.1459342680632325	2.9578638076782227	0.9506338406936125	1
Mixup	HPCLAS_TRAIN_P_003841	1	HPCLAS_TRAIN_P_003841	4	4.669789910948616	3.700936794281006	0.9758950254877167	1
Mixup	HPCLAS_TRAIN_P_003846	1	HPCLAS_TRAIN_P_003846	4	-0.2791474158633885	1.318555235862732	0.7889412349924574	1
Mixup	HPCLAS_TRAIN_P_003852	1	HPCLAS_TRAIN_P_003852	4	2.2800746423888785	2.4593944549560547	0.9212457405148227	1
Mixup	HPCLAS_TRAIN_P_003854	1	HPCLAS_TRAIN_P_003854	4	3.563049515195754	2.6893880367279053	0.9363975445883083	1
Mixup	HPCLAS_TRAIN_P_003856	1	HPCLAS_TRAIN_P_003856	4	0.5390839999394864	0.4825284481048584	0.6183447529497204	1
Mixup	HPCLAS_TRAIN_P_003857	1	HPCLAS_TRAIN_P_003857	4	1.7488737589334131	1.9870045185089111	0.879425869460591	1
Mixup	HPCLAS_TRAIN_P_003861	1	HPCLAS_TRAIN_P_003861	4	3.077174135948168	2.756218433380127	0.9402635843705138	1
Mixup	HPCLAS_TRAIN_P_003881	1	HPCLAS_TRAIN_P_003881	4	2.6375534630219946	2.9270215034484863	0.949166155423017	1
Mixup	HPCLAS_TRAIN_P_003885	1	HPCLAS_TRAIN_P_003885	4	3.3723717232430763	2.2921319007873535	0.9082233066753798	1
Mixup	HPCLAS_TRAIN_P_003886	1	HPCLAS_TRAIN_P_003886	4	2.334116487251617	3.118187665939331	0.9576367652681129	1
Mixup	HPCLAS_TRAIN_P_003893	1	HPCLAS_TRAIN_P_003893	4	4.45352697307252	3.5709614753723145	0.9726407862004811	1
Mixup	HPCLAS_TRAIN_P_003894	1	HPCLAS_TRAIN_P_003894	4	4.030107571272493	3.2090630531311035	0.9611739150800483	1
Mixup	HPCLAS_TRAIN_P_003907	1	HPCLAS_TRAIN_P_003907	4	2.599766833075236	1.9643967151641846	0.8770079906625114	1
Mixup	HPCLAS_TRAIN_P_003913	1	HPCLAS_TRAIN_P_003913	4	3.4729071161523546	3.7632157802581787	0.9773174536390826	1
Mixup	HPCLAS_TRAIN_P_003915	1	HPCLAS_TRAIN_P_003915	4	1.3559497005762169	1.4000922441482544	0.8021985259037702	1
Mixup	HPCLAS_TRAIN_P_003917	1	HPCLAS_TRAIN_P_003917	4	3.430317631799015	2.9191861152648926	0.9487867665088577	1
Mixup	HPCLAS_TRAIN_P_003919	1	HPCLAS_TRAIN_P_003919	4	3.0771797967570884	3.1242001056671143	0.9578800114488825	1
Mixup	HPCLAS_TRAIN_P_003949	1	HPCLAS_TRAIN_P_003949	4	1.2442689463669263	1.6580681800842285	0.8399785087394829	1
Mixup	HPCLAS_TRAIN_P_003950	1	HPCLAS_TRAIN_N_003352	4	2.186532030445224	2.560790538787842	0.928295096434817	1
Mixup	HPCLAS_TRAIN_P_003952	1	HPCLAS_TRAIN_P_003952	4	3.785633597153655	3.1091461181640625	0.9572684408906953	1
Mixup	HPCLAS_TRAIN_P_003957	1	HPCLAS_TRAIN_P_003957	4	3.729857710270202	2.6451196670532227	0.933709555946688	1
Mixup	HPCLAS_TRAIN_P_003958	1	HPCLAS_TRAIN_P_003958	4	3.111222451346308	3.829904794692993	0.9787496972300105	1
Mixup	HPCLAS_TRAIN_P_003963	1	HPCLAS_TRAIN_P_003963	4	3.6041094801896416	2.5615601539611816	0.928346307685562	1
Mixup	HPCLAS_TRAIN_P_003977	1	HPCLAS_TRAIN_P_003977	4	1.4496361077554956	2.0909314155578613	0.8900186308103842	1
Mixup	HPCLAS_TRAIN_P_003978	1	HPCLAS_TRAIN_P_003978	4	2.5688737007119142	2.057391405105591	0.8866923511921085	1
Mixup	HPCLAS_TRAIN_P_003979	1	HPCLAS_TRAIN_P_003979	4	1.6623999128724087	1.0174367427825928	0.7344730074052861	1
Mixup	HPCLAS_TRAIN_P_003987	1	HPCLAS_TRAIN_P_003987	4	2.3592175284993107	3.069082498550415	0.9555992597219864	1
Mixup	HPCLAS_TRAIN_P_003994	1	HPCLAS_TRAIN_P_003994	4	4.155571395981225	3.905160903930664	0.9802598083405549	1
Mixup	HPCLAS_TRAIN_P_004005	1	HPCLAS_TRAIN_P_004005	4	1.8063052153093768	1.5977715253829956	0.8317066945820774	1
Mixup	HPCLAS_TRAIN_P_004008	1	HPCLAS_TRAIN_P_004008	4	0.873028298403299	1.1412004232406616	0.7578999699753172	1
Mixup	HPCLAS_TRAIN_P_004014	1	HPCLAS_TRAIN_P_004014	4	3.461077668043796	3.0023531913757324	0.9526803230012476	1
Mixup	HPCLAS_TRAIN_P_004020	1	HPCLAS_TRAIN_P_004020	4	2.547894546952187	3.0100083351135254	0.953024227478234	1
Mixup	HPCLAS_TRAIN_P_004021	1	HPCLAS_TRAIN_P_004021	4	3.8927431190507793	2.939953327178955	0.9497865009314457	1
Mixup	HPCLAS_TRAIN_P_004022	1	HPCLAS_TRAIN_P_004022	4	-0.9813135319673392	-1.5524742603302002	0.17472919534540787	0
Mixup	HPCLAS_TRAIN_P_004029	1	HPCLAS_TRAIN_P_004029	4	3.2382263075398847	3.3485560417175293	0.9660575197384833	1
Mixup	HPCLAS_TRAIN_P_004044	1	HPCLAS_TRAIN_P_004044	4	2.4450406150354853	2.1545848846435547	0.8960964404437018	1
Mixup	HPCLAS_TRAIN_P_004050	1	HPCLAS_TRAIN_P_004050	4	3.048389075662623	3.139705181121826	0.9585011553640793	1
Mixup	HPCLAS_TRAIN_P_004052	1	HPCLAS_TRAIN_P_004052	4	-0.1403274404326321	1.146480917930603	0.7588675553575277	1
Mixup	HPCLAS_TRAIN_P_004057	1	HPCLAS_TRAIN_P_004057	4	2.920016245552126	3.3977227210998535	0.9676332888630333	1
Mixup	HPCLAS_TRAIN_P_004068	1	HPCLAS_TRAIN_P_004068	4	-0.1971380729395656	0.6472871899604797	0.6563988770074619	1
Mixup	HPCLAS_TRAIN_P_004074	1	HPCLAS_TRAIN_P_004074	4	3.350202953653247	3.396728038787842	0.9676021218064466	1
Mixup	HPCLAS_TRAIN_P_004090	1	HPCLAS_TRAIN_P_004090	4	3.050684053341326	2.903804302215576	0.9480341770699862	1
Mixup	HPCLAS_TRAIN_P_004097	1	HPCLAS_TRAIN_P_004097	4	3.767891149798101	3.0203192234039307	0.9534836859059518	1
Mixup	HPCLAS_TRAIN_P_004104	1	HPCLAS_TRAIN_P_004104	4	4.489154619415161	3.703545331954956	0.9759563124158397	1
Mixup	HPCLAS_TRAIN_P_004123	1	HPCLAS_TRAIN_P_004123	4	4.518488817978472	3.8953709602355957	0.9800694744980344	1
Mixup	HPCLAS_TRAIN_P_004124	1	HPCLAS_TRAIN_P_004124	4	2.241403842205494	2.8059818744659424	0.9429982186478105	1
Mixup	HPCLAS_TRAIN_P_004131	1	HPCLAS_TRAIN_P_004131	4	1.3229194105812947	2.262096405029297	0.9056888511065045	1
Mixup	HPCLAS_TRAIN_P_004132	1	HPCLAS_TRAIN_P_004132	4	0.144500350180049	0.9822350144386292	0.727551466884736	1
Mixup	HPCLAS_TRAIN_P_004137	1	HPCLAS_TRAIN_N_003986	4	1.2154697545977708	2.9572958946228027	0.9506071821996582	1
Mixup	HPCLAS_TRAIN_P_004142	1	HPCLAS_TRAIN_P_004142	4	4.224733513018821	3.2065460681915283	0.9610798755670257	1
Mixup	HPCLAS_TRAIN_P_004150	1	HPCLAS_TRAIN_P_004150	4	3.569659653177096	3.36376953125	0.9665528543127929	1
Mixup	HPCLAS_TRAIN_P_004152	1	HPCLAS_TRAIN_P_004152	4	1.0493403598388338	-0.49482470750808716	0.3787576503068861	0
Mixup	HPCLAS_TRAIN_P_004164	1	HPCLAS_TRAIN_P_004164	4	2.8659356227822315	2.4644875526428223	0.9216144631995682	1
Mixup	HPCLAS_TRAIN_P_004168	1	HPCLAS_TRAIN_P_004168	4	3.833527458898684	3.377469539642334	0.9669929343545768	1
Mixup	HPCLAS_TRAIN_P_004173	1	HPCLAS_TRAIN_P_004173	4	2.5818825030759323	1.9717072248458862	0.8777943677540909	1
Mixup	HPCLAS_TRAIN_P_004175	1	HPCLAS_TRAIN_P_004175	4	0.4978092883444414	0.0690072625875473	0.5172449728066293	1
Mixup	HPCLAS_TRAIN_P_004187	1	HPCLAS_TRAIN_P_004187	4	0.3567552685788641	2.4951162338256836	0.9237987398416584	1
Mixup	HPCLAS_TRAIN_P_004198	1	HPCLAS_TRAIN_P_004198	4	4.378216543349396	3.814116954803467	0.978418836337502	1
Mixup	HPCLAS_TRAIN_P_004201	1	HPCLAS_TRAIN_P_004201	4	2.4609524847022093	2.7947216033935547	0.9423899221195075	1
Mixup	HPCLAS_TRAIN_P_004202	1	HPCLAS_TRAIN_P_004202	4	3.619141986056556	2.161736011505127	0.8967603813078987	1
Mixup	HPCLAS_TRAIN_P_004209	1	HPCLAS_TRAIN_P_004209	4	3.65366418199184	3.3816850185394287	0.9671272177716794	1
Mixup	HPCLAS_TRAIN_P_004214	1	HPCLAS_TRAIN_P_004214	4	4.748895445924201	4.64185094833374	0.9904522009766532	1
Mixup	HPCLAS_TRAIN_P_004216	1	HPCLAS_TRAIN_P_004216	4	3.111591867830352	3.283987045288086	0.9638753681696515	1
Mixup	HPCLAS_TRAIN_P_004221	1	HPCLAS_TRAIN_P_004221	4	1.791794586738376	1.8731703758239746	0.8668246903523953	1
Mixup	HPCLAS_TRAIN_P_004229	1	HPCLAS_TRAIN_P_004229	4	4.563746595269081	3.6552960872650146	0.9747977340296217	1
Mixup	HPCLAS_TRAIN_P_004231	1	HPCLAS_TRAIN_P_004231	4	3.1458935779862105	3.2556233406066895	0.9628746545797776	1
Mixup	HPCLAS_TRAIN_P_004234	1	HPCLAS_TRAIN_P_004234	4	2.7550249595951044	2.719542980194092	0.9381700286848257	1
Mixup	HPCLAS_TRAIN_P_004237	1	HPCLAS_TRAIN_P_004237	4	1.0815818155219667	0.6310365796089172	0.6527244663043806	1
Mixup	HPCLAS_TRAIN_P_004257	1	HPCLAS_TRAIN_P_004257	4	2.767572138779242	1.8378649950027466	0.8626960084303554	1
Mixup	HPCLAS_TRAIN_P_004259	1	HPCLAS_TRAIN_P_004259	4	3.148120200335236	3.069364547729492	0.9556112253376438	1
Mixup	HPCLAS_TRAIN_P_004273	1	HPCLAS_TRAIN_P_004273	4	3.860821156416996	2.908785820007324	0.9482790463901087	1
Mixup	HPCLAS_TRAIN_P_004280	1	HPCLAS_TRAIN_P_004280	4	3.25162887263572	2.9221410751342773	0.948930159039896	1
Mixup	HPCLAS_TRAIN_P_004281	1	HPCLAS_TRAIN_P_004281	4	3.353808213830765	3.6532726287841797	0.9747479757114749	1
Mixup	HPCLAS_TRAIN_P_004287	1	HPCLAS_TRAIN_P_004287	4	0.6505530010338947	0.8494643568992615	0.7004547670394127	1
Mixup	HPCLAS_TRAIN_P_004288	1	HPCLAS_TRAIN_P_004288	4	2.6999127260722484	2.1496126651763916	0.8956325763587395	1
Mixup	HPCLAS_TRAIN_P_004296	1	HPCLAS_TRAIN_P_004296	4	2.9306870789029222	2.474637746810913	0.9223445950126069	1
Mixup	HPCLAS_TRAIN_P_004297	1	HPCLAS_TRAIN_P_004297	4	1.9699693629517805	0.7182870507240295	0.672229702491654	1
Mixup	HPCLAS_TRAIN_P_004301	1	HPCLAS_TRAIN_P_004301	4	4.396693984932714	3.6327879428863525	0.9742388245644339	1
Mixup	HPCLAS_TRAIN_P_004310	1	HPCLAS_TRAIN_P_004310	4	3.310662403684684	2.9242026805877686	0.9490299755530486	1
Mixup	HPCLAS_TRAIN_P_004319	1	HPCLAS_TRAIN_P_004319	4	3.1338723513321702	2.637383222579956	0.9332290910755362	1
Mixup	HPCLAS_TRAIN_P_004320	1	HPCLAS_TRAIN_P_004320	4	0.7951455048288498	1.1972554922103882	0.7680361910504446	1
Mixup	HPCLAS_TRAIN_P_004321	1	HPCLAS_TRAIN_P_004321	4	1.082263105805839	1.5124894380569458	0.8194298484380058	1
Mixup	HPCLAS_TRAIN_P_004327	1	HPCLAS_TRAIN_P_007348	4	4.538284144093004	3.184063673019409	0.9602301410346455	1
Mixup	HPCLAS_TRAIN_P_004331	1	HPCLAS_TRAIN_P_004331	4	2.201829630203062	3.684502124786377	0.9755053788343744	1
Mixup	HPCLAS_TRAIN_P_004334	1	HPCLAS_TRAIN_P_004334	4	1.9149317970579611	1.619646430015564	0.8347463624152736	1
Mixup	HPCLAS_TRAIN_P_004340	1	HPCLAS_TRAIN_P_004340	4	2.917894538614696	2.5483641624450684	0.9274635407206115	1
Mixup	HPCLAS_TRAIN_P_004344	1	HPCLAS_TRAIN_P_004344	4	2.5028475343830863	1.7188981771469116	0.8479868601593809	1
Mixup	HPCLAS_TRAIN_P_004345	1	HPCLAS_TRAIN_P_004345	4	-0.5549000809553849	-0.05368887260556221	0.48658100504263435	0
Mixup	HPCLAS_TRAIN_P_004361	1	HPCLAS_TRAIN_P_004361	4	2.056454327561053	2.5682849884033203	0.9287923533699605	1
Mixup	HPCLAS_TRAIN_P_004362	1	HPCLAS_TRAIN_P_004362	4	1.0054459265527873	3.2137107849121094	0.9613469907323758	1
Mixup	HPCLAS_TRAIN_P_004367	1	HPCLAS_TRAIN_P_004367	4	0.4719591212239599	0.41810405254364014	0.6030294773968432	1
Mixup	HPCLAS_TRAIN_P_004375	1	HPCLAS_TRAIN_P_004375	4	4.39684771832805	3.533596992492676	0.9716287366003822	1
Mixup	HPCLAS_TRAIN_P_004378	1	HPCLAS_TRAIN_P_004378	4	1.7884135787791893	1.2381917238235474	0.775249100793235	1
Mixup	HPCLAS_TRAIN_P_004382	1	HPCLAS_TRAIN_P_004382	4	1.351578896430114	2.191920757293701	0.8995216424686379	1
Mixup	HPCLAS_TRAIN_P_004385	1	HPCLAS_TRAIN_P_004385	4	1.9492281574139751	1.2302287817001343	0.7738586139093667	1
Mixup	HPCLAS_TRAIN_P_004398	1	HPCLAS_TRAIN_P_004398	4	2.7821483821327955	3.413702964782715	0.9681300529901194	1
Mixup	HPCLAS_TRAIN_P_004405	1	HPCLAS_TRAIN_P_004405	4	3.769347889663525	2.9173145294189453	0.9486957489094385	1
Mixup	HPCLAS_TRAIN_P_004406	1	HPCLAS_TRAIN_P_004406	4	3.816292335461066	3.675502300262451	0.9752894085354267	1
Mixup	HPCLAS_TRAIN_P_004408	1	HPCLAS_TRAIN_P_004408	4	3.723392329351289	3.578763961791992	0.9728476518032058	1
Mixup	HPCLAS_TRAIN_P_004409	1	HPCLAS_TRAIN_P_004409	4	1.1034367081786198	2.0559182167053223	0.8865442570510049	1
Mixup	HPCLAS_TRAIN_P_004415	1	HPCLAS_TRAIN_P_004415	4	4.361483441275187	3.216677665710449	0.9614570861447834	1
Mixup	HPCLAS_TRAIN_P_004418	1	HPCLAS_TRAIN_P_004418	4	3.407392989678937	2.693709135055542	0.9366544122531731	1
Mixup	HPCLAS_TRAIN_P_004439	1	HPCLAS_TRAIN_P_004439	4	2.035420306842226	1.6683603525161743	0.8413570911290256	1
Mixup	HPCLAS_TRAIN_P_004448	1	HPCLAS_TRAIN_P_004448	4	3.84489946022728	2.4421277046203613	0.9199838557697608	1
Mixup	HPCLAS_TRAIN_P_004461	1	HPCLAS_TRAIN_P_004461	4	2.5037052521381997	3.141160011291504	0.9585589851084834	1
Mixup	HPCLAS_TRAIN_P_004466	1	HPCLAS_TRAIN_P_004466	4	3.341774276877686	3.5293312072753906	0.9715109076593748	1
Mixup	HPCLAS_TRAIN_P_004471	1	HPCLAS_TRAIN_P_004471	4	1.6325734004802537	2.6545915603637695	0.9342934255236856	1
Mixup	HPCLAS_TRAIN_P_004479	1	HPCLAS_TRAIN_P_004479	4	1.6961201724337367	2.0203943252563477	0.8829217770411092	1
Mixup	HPCLAS_TRAIN_P_004488	1	HPCLAS_TRAIN_P_004488	4	1.2604130244216694	1.6816438436508179	0.8431220804311359	1
Mixup	HPCLAS_TRAIN_P_004492	1	HPCLAS_TRAIN_P_004492	4	3.648078338748857	3.37756609916687	0.9669960161638168	1
Mixup	HPCLAS_TRAIN_P_004497	1	HPCLAS_TRAIN_P_004497	4	-0.8222029156346082	0.2610945999622345	0.564905349655952	1
Mixup	HPCLAS_TRAIN_P_004499	1	HPCLAS_TRAIN_P_004499	4	-0.2105539411446349	1.3762274980545044	0.7983844364560915	1
Mixup	HPCLAS_TRAIN_P_004501	1	HPCLAS_TRAIN_P_004501	4	3.627596828654553	2.4694957733154297	0.9219755001952231	1
Mixup	HPCLAS_TRAIN_P_004506	1	HPCLAS_TRAIN_P_004506	4	2.313208848604689	2.3468713760375977	0.9126852263858388	1
Mixup	HPCLAS_TRAIN_P_004507	1	HPCLAS_TRAIN_P_004507	4	2.8755156156948747	3.0260839462280273	0.9537386986811525	1
Mixup	HPCLAS_TRAIN_P_004512	1	HPCLAS_TRAIN_P_004512	4	3.572316212123857	2.844062328338623	0.9450109441857414	1
Mixup	HPCLAS_TRAIN_P_004528	1	HPCLAS_TRAIN_P_004528	4	2.212837944948368	1.4536210298538208	0.810555088534421	1
Mixup	HPCLAS_TRAIN_P_004548	1	HPCLAS_TRAIN_P_004548	4	3.070898733957504	3.621647357940674	0.9739577411783807	1
Mixup	HPCLAS_TRAIN_P_004550	1	HPCLAS_TRAIN_P_004550	4	4.438014360350844	3.0116214752197266	0.9530963934732563	1
Mixup	HPCLAS_TRAIN_P_004554	1	HPCLAS_TRAIN_P_004554	4	2.881593038632457	2.893052816390991	0.9475019424113421	1
Mixup	HPCLAS_TRAIN_P_004557	1	HPCLAS_TRAIN_P_004557	4	3.043059997021842	3.1074938774108887	0.9572008039505012	1
Mixup	HPCLAS_TRAIN_P_004561	1	HPCLAS_TRAIN_P_004561	4	3.470887321225755	3.4081614017486572	0.9679586279321202	1
Mixup	HPCLAS_TRAIN_P_004562	1	HPCLAS_TRAIN_P_004562	4	4.098245519421342	3.5900168418884277	0.9731433213881454	1
Mixup	HPCLAS_TRAIN_P_004567	1	HPCLAS_TRAIN_P_004567	4	1.083000141022251	1.2323462963104248	0.7742289671507786	1
Mixup	HPCLAS_TRAIN_P_004570	1	HPCLAS_TRAIN_P_004570	4	1.854140561163592	2.0457897186279297	0.8855215014262219	1
Mixup	HPCLAS_TRAIN_P_004574	1	HPCLAS_TRAIN_P_004574	4	3.290223638885377	2.6233091354370117	0.9323467333125827	1
Mixup	HPCLAS_TRAIN_P_004577	1	HPCLAS_TRAIN_P_004577	4	3.8249042988474593	3.909926414489746	0.9803518126883018	1
Mixup	HPCLAS_TRAIN_P_004578	1	HPCLAS_TRAIN_P_004578	4	2.9766166516381056	2.437652826309204	0.9196538243400801	1
Mixup	HPCLAS_TRAIN_P_004582	1	HPCLAS_TRAIN_N_002421	4	1.3880969607844065	0.88379967212677	0.707608987279853	1
Mixup	HPCLAS_TRAIN_P_004588	1	HPCLAS_TRAIN_P_004588	4	-0.634996175218281	-0.9590986371040344	0.27705869903379976	0
Mixup	HPCLAS_TRAIN_P_004594	1	HPCLAS_TRAIN_P_004594	4	4.001041688043372	3.5698628425598145	0.9726115356406734	1
Mixup	HPCLAS_TRAIN_P_004607	1	HPCLAS_TRAIN_P_004607	4	4.177761054135978	3.2581279277801514	0.9629640824716943	1
Mixup	HPCLAS_TRAIN_P_004614	1	HPCLAS_TRAIN_P_001182	4	4.049340113122396	3.180208444595337	0.9600826552336572	1
Mixup	HPCLAS_TRAIN_P_004623	1	HPCLAS_TRAIN_P_004623	4	3.592341738237763	3.3295059204101562	0.9654272823912129	1
Mixup	HPCLAS_TRAIN_P_004625	1	HPCLAS_TRAIN_P_004625	4	-0.6095087271578579	0.09254849702119827	0.5231206238332267	1
Mixup	HPCLAS_TRAIN_P_004634	1	HPCLAS_TRAIN_P_004634	4	3.740851645126177	3.0595903396606445	0.9551947676893119	1
Mixup	HPCLAS_TRAIN_P_004656	1	HPCLAS_TRAIN_N_001578	4	1.4091556683184476	2.2886993885040283	0.9079367927758235	1
Mixup	HPCLAS_TRAIN_P_004659	1	HPCLAS_TRAIN_P_004659	4	2.646703989751477	3.2156260013580322	0.9614180953241791	1
Mixup	HPCLAS_TRAIN_P_004660	1	HPCLAS_TRAIN_P_004660	4	3.173507073604079	2.654151201248169	0.9342663870502802	1
Mixup	HPCLAS_TRAIN_P_004661	1	HPCLAS_TRAIN_P_004661	4	3.028581733079084	2.8518760204315186	0.9454155756887814	1
Mixup	HPCLAS_TRAIN_P_004670	1	HPCLAS_TRAIN_P_004670	4	0.6270570219460878	0.8606240153312683	0.7027910125414365	1
Mixup	HPCLAS_TRAIN_P_004684	1	HPCLAS_TRAIN_P_004684	4	-0.6398993465720397	-0.006737623363733292	0.4983156005310845	0
Mixup	HPCLAS_TRAIN_P_004713	1	HPCLAS_TRAIN_P_004713	4	3.0506633315766187	3.4918949604034424	0.9704562744914229	1
Mixup	HPCLAS_TRAIN_P_004719	1	HPCLAS_TRAIN_P_004719	4	3.212634821184763	2.1062827110290527	0.8915123270180743	1
Mixup	HPCLAS_TRAIN_P_004721	1	HPCLAS_TRAIN_P_004721	4	1.2144736573539996	0.3208581209182739	0.5795333685449878	1
Mixup	HPCLAS_TRAIN_P_004727	1	HPCLAS_TRAIN_P_004727	4	1.9087403265822116	1.0194584131240845	0.7348670914843135	1
Mixup	HPCLAS_TRAIN_P_004730	1	HPCLAS_TRAIN_P_004730	4	3.645534436176656	3.3620169162750244	0.9664961486620266	1
Mixup	HPCLAS_TRAIN_P_004735	1	HPCLAS_TRAIN_P_004735	4	1.8358098171990205	2.5482583045959473	0.9274564188198752	1
Mixup	HPCLAS_TRAIN_P_004741	1	HPCLAS_TRAIN_P_004741	4	0.1411221966528518	0.7368164658546448	0.6762993130790492	1
Mixup	HPCLAS_TRAIN_P_004744	1	HPCLAS_TRAIN_P_004744	4	1.394538773748594	2.5337305068969727	0.9264728834609546	1
Mixup	HPCLAS_TRAIN_P_004774	1	HPCLAS_TRAIN_P_004774	4	0.4077625017851348	2.0190744400024414	0.882785270325371	1
Mixup	HPCLAS_TRAIN_P_004776	1	HPCLAS_TRAIN_P_004776	4	-1.078689591786112	-0.35494962334632874	0.4121826671279998	0
Mixup	HPCLAS_TRAIN_P_004786	1	HPCLAS_TRAIN_P_004786	4	4.145784919992473	3.204699993133545	0.9610107636788209	1
Mixup	HPCLAS_TRAIN_P_004788	1	HPCLAS_TRAIN_P_004788	4	2.996665870853455	2.2316603660583496	0.903056813408572	1
Mixup	HPCLAS_TRAIN_P_004794	1	HPCLAS_TRAIN_P_004794	4	4.306701811068762	2.807187557220459	0.943062992599841	1
Mixup	HPCLAS_TRAIN_P_004804	1	HPCLAS_TRAIN_P_004804	4	1.375339721329858	2.9761955738067627	0.9514870624567852	1
Mixup	HPCLAS_TRAIN_P_004809	1	HPCLAS_TRAIN_P_004809	4	0.6144902409651624	2.456211566925049	0.921014505699987	1
Mixup	HPCLAS_TRAIN_P_004826	1	HPCLAS_TRAIN_P_004826	4	4.331300428023378	3.579481363296509	0.9728665956074247	1
Mixup	HPCLAS_TRAIN_P_004833	1	HPCLAS_TRAIN_P_004833	4	2.7499901940524007	2.085897207260132	0.8895248865851105	1
Mixup	HPCLAS_TRAIN_P_004836	1	HPCLAS_TRAIN_P_004836	4	2.826697500391339	3.0508360862731934	0.9548186090249392	1
Mixup	HPCLAS_TRAIN_P_004837	1	HPCLAS_TRAIN_P_004837	4	2.261409612410768	2.767446517944336	0.9408911343865299	1
Mixup	HPCLAS_TRAIN_P_004845	1	HPCLAS_TRAIN_P_004845	4	1.519607289546641	2.0031144618988037	0.8811236888818899	1
Mixup	HPCLAS_TRAIN_P_004852	1	HPCLAS_TRAIN_P_004852	4	2.950923782265116	2.7631492614746094	0.9406516891454096	1
Mixup	HPCLAS_TRAIN_P_004853	1	HPCLAS_TRAIN_P_004853	4	3.246582178677625	2.905449628829956	0.9481151749776809	1
Mixup	HPCLAS_TRAIN_P_004856	1	HPCLAS_TRAIN_N_000277	4	3.973955484662117	3.4140219688415527	0.9681398941524971	1
Mixup	HPCLAS_TRAIN_P_004858	1	HPCLAS_TRAIN_P_004858	4	3.697611054088603	2.837029457092285	0.9446443333333967	1
Mixup	HPCLAS_TRAIN_P_004863	1	HPCLAS_TRAIN_P_004863	4	2.52469472191623	2.228278636932373	0.9027603554401549	1
Mixup	HPCLAS_TRAIN_P_004865	1	HPCLAS_TRAIN_P_004865	4	2.31959570812066	2.0447194576263428	0.8854129608992922	1
Mixup	HPCLAS_TRAIN_P_004875	1	HPCLAS_TRAIN_P_004875	4	3.8945404805990207	2.645451068878174	0.9337300654529684	1
Mixup	HPCLAS_TRAIN_P_004878	1	HPCLAS_TRAIN_P_004878	4	4.117616393700281	3.414393186569214	0.9681513423883442	1
Mixup	HPCLAS_TRAIN_P_004879	1	HPCLAS_TRAIN_P_004879	4	4.871739697365288	3.7828965187072754	0.9777496630936686	1
Mixup	HPCLAS_TRAIN_P_004882	1	HPCLAS_TRAIN_P_004882	4	4.250350438262421	3.2808356285095215	0.9637654764071596	1
Mixup	HPCLAS_TRAIN_P_004884	1	HPCLAS_TRAIN_P_004884	4	3.3582965888332668	2.4004077911376953	0.9168583943336934	1
Mixup	HPCLAS_TRAIN_P_004889	1	HPCLAS_TRAIN_P_004889	4	2.647622373619704	3.03322172164917	0.9540526078646865	1
Mixup	HPCLAS_TRAIN_P_004893	1	HPCLAS_TRAIN_P_004893	4	1.0733833049635233	1.3276430368423462	0.7904504981866106	1
Mixup	HPCLAS_TRAIN_P_004894	1	HPCLAS_TRAIN_P_004894	4	-0.310730632812436	0.9096469283103943	0.7129279079307207	1
Mixup	HPCLAS_TRAIN_P_004895	1	HPCLAS_TRAIN_P_004895	4	3.374803652967441	3.3669729232788086	0.9666562603269365	1
Mixup	HPCLAS_TRAIN_P_004920	1	HPCLAS_TRAIN_P_004920	4	3.031621582547836	2.7211098670959473	0.9382608567562566	1
Mixup	HPCLAS_TRAIN_P_004922	1	HPCLAS_TRAIN_P_004922	4	3.799640272157859	3.3657312393188477	0.9666162152520671	1
Mixup	HPCLAS_TRAIN_P_004933	1	HPCLAS_TRAIN_P_004933	4	-0.1906215511326592	0.1548134684562683	0.5386262509573799	1
Mixup	HPCLAS_TRAIN_P_004936	1	HPCLAS_TRAIN_P_004936	4	3.71294786890576	3.4087352752685547	0.9679764216811322	1
Mixup	HPCLAS_TRAIN_P_004944	1	HPCLAS_TRAIN_P_004944	4	3.7560558715031247	2.8954319953918457	0.9476201616383882	1
Mixup	HPCLAS_TRAIN_P_004948	1	HPCLAS_TRAIN_P_004948	4	2.468765104981861	1.8728923797607422	0.8667925953124026	1
Mixup	HPCLAS_TRAIN_P_004958	1	HPCLAS_TRAIN_P_004958	4	3.335698865583992	2.9810123443603516	0.951708918949317	1
Mixup	HPCLAS_TRAIN_P_004963	1	HPCLAS_TRAIN_P_004963	4	1.6466813999395982	0.6303929686546326	0.6525785613018141	1
Mixup	HPCLAS_TRAIN_P_004970	1	HPCLAS_TRAIN_P_004970	4	3.6284266582996114	2.4597716331481934	0.9212731012093421	1
Mixup	HPCLAS_TRAIN_P_004975	1	HPCLAS_TRAIN_P_004975	4	2.881392613099233	1.6368328332901	0.8371035196816451	1
Mixup	HPCLAS_TRAIN_P_004977	1	HPCLAS_TRAIN_P_004977	4	2.885781719361022	2.189772129058838	0.8993272773963971	1
Mixup	HPCLAS_TRAIN_P_004979	1	HPCLAS_TRAIN_P_004979	4	0.2578752716423791	1.0943063497543335	0.7491917676526815	1
Mixup	HPCLAS_TRAIN_P_004982	1	HPCLAS_TRAIN_P_004982	4	3.9824810987113977	3.3972373008728027	0.9676180824834018	1
Mixup	HPCLAS_TRAIN_P_004995	1	HPCLAS_TRAIN_P_004995	4	3.725999653074005	2.960890054702759	0.9507756663487663	1
Mixup	HPCLAS_TRAIN_P_005001	1	HPCLAS_TRAIN_P_005001	4	2.38030481550359	2.5101191997528076	0.9248481758003445	1
Mixup	HPCLAS_TRAIN_P_005002	1	HPCLAS_TRAIN_P_005002	4	1.8047547272922613	1.0275319814682007	0.7364371392702691	1
Mixup	HPCLAS_TRAIN_P_005003	1	HPCLAS_TRAIN_P_005003	4	1.532537411442518	1.781775712966919	0.8559159920231729	1
Mixup	HPCLAS_TRAIN_P_005007	1	HPCLAS_TRAIN_P_005007	4	3.183036385940901	3.2390384674072266	0.962277221589217	1
Mixup	HPCLAS_TRAIN_P_005013	1	HPCLAS_TRAIN_P_005013	4	3.106251139538302	3.1328506469726562	0.9582276461634446	1
Mixup	HPCLAS_TRAIN_P_005016	1	HPCLAS_TRAIN_P_005016	4	3.455801518834042	3.040895462036133	0.9543878260681361	1
Mixup	HPCLAS_TRAIN_P_005031	1	HPCLAS_TRAIN_P_005031	4	1.0181118966668787	-0.1757139265537262	0.4561841962053872	0
Mixup	HPCLAS_TRAIN_P_005048	1	HPCLAS_TRAIN_P_005048	4	1.373751652974932	0.8146331906318665	0.6930959293789153	1
Mixup	HPCLAS_TRAIN_P_005051	1	HPCLAS_TRAIN_P_005051	4	0.3824559664294505	-0.19321592152118683	0.451845735979763	0
Mixup	HPCLAS_TRAIN_P_005074	1	HPCLAS_TRAIN_P_005074	4	4.046124487609918	3.066829204559326	0.9555035557934146	1
Mixup	HPCLAS_TRAIN_P_005075	1	HPCLAS_TRAIN_P_005075	4	2.1122381350957187	1.906295895576477	0.8706024388088814	1
Mixup	HPCLAS_TRAIN_P_005083	1	HPCLAS_TRAIN_P_005083	4	3.242665509162255	2.3731331825256348	0.9147554971948233	1
Mixup	HPCLAS_TRAIN_P_005088	1	HPCLAS_TRAIN_P_005088	4	-0.8996127120611487	-0.7897558212280273	0.31222110173895185	0
Mixup	HPCLAS_TRAIN_P_005089	1	HPCLAS_TRAIN_P_005089	4	1.2925613548654298	1.179267168045044	0.764816013045112	1
Mixup	HPCLAS_TRAIN_P_005092	1	HPCLAS_TRAIN_P_005092	4	3.320137537188375	2.718571424484253	0.9381136476301897	1
Mixup	HPCLAS_TRAIN_P_005098	1	HPCLAS_TRAIN_P_005098	4	4.736273370007943	3.8458609580993652	0.9790790422660366	1
Mixup	HPCLAS_TRAIN_P_005112	1	HPCLAS_TRAIN_P_005112	4	3.3630709658036	3.5872035026550293	0.9730696956936536	1
Mixup	HPCLAS_TRAIN_P_005116	1	HPCLAS_TRAIN_P_005116	4	2.191449395001946	1.9078739881515503	0.8707801130365159	1
Mixup	HPCLAS_TRAIN_P_005117	1	HPCLAS_TRAIN_P_005117	4	1.2739379701580342	1.0664690732955933	0.7439248514700919	1
Mixup	HPCLAS_TRAIN_P_005118	1	HPCLAS_TRAIN_P_005118	4	4.086351685820907	3.413947582244873	0.9681375996150817	1
Mixup	HPCLAS_TRAIN_P_005125	1	HPCLAS_TRAIN_P_005125	4	4.028417092990612	2.61606764793396	0.9318885345166763	1
Mixup	HPCLAS_TRAIN_P_005129	1	HPCLAS_TRAIN_N_001400	4	1.661419571149069	1.6569904088974	0.839833587453971	1
Mixup	HPCLAS_TRAIN_P_005132	1	HPCLAS_TRAIN_P_005132	4	2.9603047220139884	2.268594264984131	0.9062424147238453	1
Mixup	HPCLAS_TRAIN_P_005135	1	HPCLAS_TRAIN_P_005135	4	2.591653357305181	2.2220683097839355	0.9022138222124795	1
Mixup	HPCLAS_TRAIN_P_005140	1	HPCLAS_TRAIN_P_005140	4	1.903614899785721	2.4695019721984863	0.9219759461211063	1
Mixup	HPCLAS_TRAIN_P_005143	1	HPCLAS_TRAIN_P_005143	4	3.86367367923248	3.8417439460754395	0.9789945458527699	1
Mixup	HPCLAS_TRAIN_P_005145	1	HPCLAS_TRAIN_P_005145	4	0.972503032371666	0.11935494840145111	0.5298033649206574	1
Mixup	HPCLAS_TRAIN_P_005148	1	HPCLAS_TRAIN_P_005148	4	2.4820066791312363	2.6418566703796387	0.9335073033888738	1
Mixup	HPCLAS_TRAIN_P_005150	1	HPCLAS_TRAIN_P_005150	4	4.28513528792743	3.112852096557617	0.9574197794247103	1
Mixup	HPCLAS_TRAIN_P_005152	1	HPCLAS_TRAIN_P_005152	4	1.341883988998955	1.933688759803772	0.8736571479457432	1
Mixup	HPCLAS_TRAIN_P_005158	1	HPCLAS_TRAIN_P_005158	4	4.504548151531857	3.544304847717285	0.9719224269414118	1
Mixup	HPCLAS_TRAIN_P_005163	1	HPCLAS_TRAIN_N_004101	4	1.1656266303043088	1.949931025505066	0.875439120651363	1
Mixup	HPCLAS_TRAIN_P_005173	1	HPCLAS_TRAIN_P_005173	4	5.524311319587634	4.089869976043701	0.9835342496789417	1
Mixup	HPCLAS_TRAIN_P_005178	1	HPCLAS_TRAIN_P_005178	4	2.557428154286161	1.9086523056030273	0.8708676656859063	1
Mixup	HPCLAS_TRAIN_P_005184	1	HPCLAS_TRAIN_P_005184	4	2.687673086714577	2.736387252807617	0.9391399333788629	1
Mixup	HPCLAS_TRAIN_P_005185	1	HPCLAS_TRAIN_P_005185	4	-0.4933048328889575	-0.25575175881385803	0.4364083052435907	0
Mixup	HPCLAS_TRAIN_P_005186	1	HPCLAS_TRAIN_P_005186	4	0.5315681264670079	-0.6057763695716858	0.35302326608183576	0
Mixup	HPCLAS_TRAIN_P_005189	1	HPCLAS_TRAIN_P_005189	4	3.0153556896176936	1.9923385381698608	0.8799903239025553	1
Mixup	HPCLAS_TRAIN_P_005204	1	HPCLAS_TRAIN_P_005204	4	4.172217553361357	2.9482381343841553	0.9501801516652928	1
Mixup	HPCLAS_TRAIN_P_005212	1	HPCLAS_TRAIN_P_005212	4	4.559022568910174	3.95828914642334	0.9812620587576193	1
Mixup	HPCLAS_TRAIN_P_005225	1	HPCLAS_TRAIN_P_005225	4	3.34576819377005	3.5347378253936768	0.9716601682668926	1
Mixup	HPCLAS_TRAIN_P_005228	1	HPCLAS_TRAIN_P_005228	4	3.5868317530743457	3.4639811515808105	0.9696453642393623	1
Mixup	HPCLAS_TRAIN_P_005229	1	HPCLAS_TRAIN_P_005229	4	2.061371741902816	2.6768648624420166	0.9356476109564559	1
Mixup	HPCLAS_TRAIN_P_005248	1	HPCLAS_TRAIN_P_005248	4	-0.4923024567363889	-0.5360842347145081	0.36909895830759404	0
Mixup	HPCLAS_TRAIN_P_005254	1	HPCLAS_TRAIN_P_005254	4	4.714104488983099	4.24512243270874	0.9858685808364676	1
Mixup	HPCLAS_TRAIN_P_005277	1	HPCLAS_TRAIN_P_005277	4	2.120617398561341	2.762556552886963	0.9406185918998268	1
Mixup	HPCLAS_TRAIN_P_005278	1	HPCLAS_TRAIN_P_005278	4	3.0972099890508966	3.0069165229797363	0.9528856159503272	1
Mixup	HPCLAS_TRAIN_P_005289	1	HPCLAS_TRAIN_P_005289	4	2.048473942772626	0.6946490406990051	0.6670003297822962	1
Mixup	HPCLAS_TRAIN_P_005292	1	HPCLAS_TRAIN_P_005292	4	2.141746724769372	3.147705554962158	0.9588182190205173	1
Mixup	HPCLAS_TRAIN_P_005295	1	HPCLAS_TRAIN_P_005295	4	3.19912413074563	2.9658939838409424	0.951009329181662	1
Mixup	HPCLAS_TRAIN_P_005296	1	HPCLAS_TRAIN_P_005296	4	3.3583479513647583	3.2252426147460938	0.9617732290822122	1
Mixup	HPCLAS_TRAIN_P_005298	1	HPCLAS_TRAIN_P_005298	4	2.7291194626706843	2.1153693199157715	0.8923880451353993	1
Mixup	HPCLAS_TRAIN_P_005300	1	HPCLAS_TRAIN_P_005300	4	2.125338469353327	2.958561420440674	0.9506665687717535	1
Mixup	HPCLAS_TRAIN_P_005303	1	HPCLAS_TRAIN_N_001809	4	1.2143838357648586	1.5091886520385742	0.8189409339951618	1
Mixup	HPCLAS_TRAIN_P_005304	1	HPCLAS_TRAIN_P_005304	4	3.749799025779748	3.3604507446289062	0.9664453968507518	1
Mixup	HPCLAS_TRAIN_P_005310	1	HPCLAS_TRAIN_P_005310	4	4.195493667803685	3.479868173599243	0.9701094978551948	1
Mixup	HPCLAS_TRAIN_P_005327	1	HPCLAS_TRAIN_P_005327	4	3.340137215647914	3.223872184753418	0.9617228126619799	1
Mixup	HPCLAS_TRAIN_P_005331	1	HPCLAS_TRAIN_P_005331	4	2.5585456856851523	3.1329245567321777	0.9582306044805561	1
Mixup	HPCLAS_TRAIN_P_005334	1	HPCLAS_TRAIN_P_005334	4	3.0544231211742785	3.2213354110717773	0.9616293193796533	1
Mixup	HPCLAS_TRAIN_P_005336	1	HPCLAS_TRAIN_P_005336	4	3.7203861478681066	2.5920417308807373	0.9303476394482888	1
Mixup	HPCLAS_TRAIN_P_005353	1	HPCLAS_TRAIN_P_005353	4	3.1104591914304303	3.0527820587158203	0.9549024840788076	1
Mixup	HPCLAS_TRAIN_P_005358	1	HPCLAS_TRAIN_P_005358	4	2.8861103473592835	3.070462226867676	0.9556577638635687	1
Mixup	HPCLAS_TRAIN_P_005362	1	HPCLAS_TRAIN_P_005362	4	1.1959029844105382	2.1327974796295166	0.8940502900769268	1
Mixup	HPCLAS_TRAIN_P_005376	1	HPCLAS_TRAIN_P_005376	4	3.384853969731482	3.676281452178955	0.9753081791274524	1
Mixup	HPCLAS_TRAIN_P_005377	1	HPCLAS_TRAIN_P_005377	4	1.735445306600588	2.4375312328338623	0.9196448392585248	1
Mixup	HPCLAS_TRAIN_P_005378	1	HPCLAS_TRAIN_P_005378	4	2.555105397115614	3.045445442199707	0.9545854854626219	1
Mixup	HPCLAS_TRAIN_P_005379	1	HPCLAS_TRAIN_P_005379	4	4.549461081582227	3.614301919937134	0.9737707810036268	1
Mixup	HPCLAS_TRAIN_P_005382	1	HPCLAS_TRAIN_P_005382	4	0.2840676126537825	0.7961406111717224	0.6891483157276702	1
Mixup	HPCLAS_TRAIN_P_005386	1	HPCLAS_TRAIN_P_005386	4	-0.4637151751150283	-1.8849176168441772	0.13182504634901787	0
Mixup	HPCLAS_TRAIN_P_005403	1	HPCLAS_TRAIN_P_005403	4	2.869891120828726	3.1591625213623047	0.9592682364709354	1
Mixup	HPCLAS_TRAIN_P_005407	1	HPCLAS_TRAIN_P_005407	4	0.5607301895732939	-0.35936033725738525	0.411114419068049	0
Mixup	HPCLAS_TRAIN_P_005412	1	HPCLAS_TRAIN_P_005412	4	2.500822525162448	1.7082757949829102	0.8466125131633178	1
Mixup	HPCLAS_TRAIN_P_005413	1	HPCLAS_TRAIN_P_005413	4	2.8742941827183057	2.037461519241333	0.884674530965275	1
Mixup	HPCLAS_TRAIN_P_005415	1	HPCLAS_TRAIN_P_005415	4	3.521633703948553	2.785632371902466	0.9418944684267452	1
Mixup	HPCLAS_TRAIN_P_005422	1	HPCLAS_TRAIN_P_005422	4	1.4429956634258585	2.4138572216033936	0.9178779007931236	1
Mixup	HPCLAS_TRAIN_P_005423	1	HPCLAS_TRAIN_P_005423	4	3.33840180716155	2.77767276763916	0.9414573097135444	1
Mixup	HPCLAS_TRAIN_P_005425	1	HPCLAS_TRAIN_P_005425	4	3.7633286599078	2.3831088542938232	0.9155301673119408	1
Mixup	HPCLAS_TRAIN_P_005430	1	HPCLAS_TRAIN_P_005430	4	2.951939040763823	2.677145481109619	0.9356645052662337	1
Mixup	HPCLAS_TRAIN_P_005435	1	HPCLAS_TRAIN_P_005435	4	0.8025193386434811	1.5639952421188354	0.8269258969329061	1
Mixup	HPCLAS_TRAIN_P_005437	1	HPCLAS_TRAIN_P_005437	4	3.5479225808843484	2.0017030239105225	0.8809757686390278	1
Mixup	HPCLAS_TRAIN_P_005444	1	HPCLAS_TRAIN_P_005444	4	0.4570464164325628	2.582160472869873	0.9297045957133353	1
Mixup	HPCLAS_TRAIN_P_005448	1	HPCLAS_TRAIN_P_005448	4	3.5757081923362053	3.024183511734009	0.9536547769029037	1
Mixup	HPCLAS_TRAIN_P_005449	1	HPCLAS_TRAIN_P_005449	4	0.6736624603076159	1.1705292463302612	0.7632406661655483	1
Mixup	HPCLAS_TRAIN_P_005455	1	HPCLAS_TRAIN_P_005455	4	2.224142680214836	1.9891098737716675	0.8796489346586794	1
Mixup	HPCLAS_TRAIN_P_005458	1	HPCLAS_TRAIN_P_005458	4	0.7118359286987535	2.739108085632324	0.9392952599392426	1
Mixup	HPCLAS_TRAIN_P_005462	1	HPCLAS_TRAIN_N_000728	4	0.0138707000614171	1.0166292190551758	0.7343154923670692	1
Mixup	HPCLAS_TRAIN_P_005463	1	HPCLAS_TRAIN_P_005463	4	3.6748543432412335	3.087458372116089	0.9563724405879453	1
Mixup	HPCLAS_TRAIN_P_005472	1	HPCLAS_TRAIN_P_005472	4	2.6669304211196274	3.2942657470703125	0.964231567387233	1
Mixup	HPCLAS_TRAIN_P_005476	1	HPCLAS_TRAIN_P_005476	4	1.6565059432236346	3.619786262512207	0.9739104945813859	1
Mixup	HPCLAS_TRAIN_P_005478	1	HPCLAS_TRAIN_P_005478	4	0.6267245450554888	1.0290416479110718	0.7367300571111411	1
Mixup	HPCLAS_TRAIN_P_005486	1	HPCLAS_TRAIN_P_005486	4	-0.2012952271649702	-0.00013886764645576477	0.49996528308844185	0
Mixup	HPCLAS_TRAIN_P_005491	1	HPCLAS_TRAIN_P_005491	4	3.582991557329024	2.6966094970703125	0.936826281427715	1
Mixup	HPCLAS_TRAIN_P_005492	1	HPCLAS_TRAIN_P_005492	4	-0.152385824040614	0.5539903044700623	0.6350608756678375	1
Mixup	HPCLAS_TRAIN_P_005498	1	HPCLAS_TRAIN_P_005498	4	2.507189430411816	2.779651165008545	0.9415662547766199	1
Mixup	HPCLAS_TRAIN_P_005499	1	HPCLAS_TRAIN_P_005499	4	4.776322589570624	3.866501569747925	0.9794976750075054	1
Mixup	HPCLAS_TRAIN_P_005502	1	HPCLAS_TRAIN_P_005502	4	1.5473232301219035	1.6713427305221558	0.8417547598926736	1
Mixup	HPCLAS_TRAIN_P_005506	1	HPCLAS_TRAIN_P_005506	4	2.573192640419296	3.0425264835357666	0.9544587746156403	1
Mixup	HPCLAS_TRAIN_P_005508	1	HPCLAS_TRAIN_P_005508	4	3.2382558419679333	2.6698660850524902	0.9352249193963189	1
Mixup	HPCLAS_TRAIN_P_005515	1	HPCLAS_TRAIN_P_005515	4	-0.0352629004080611	2.1773433685302734	0.8981964075757372	1
Mixup	HPCLAS_TRAIN_P_005522	1	HPCLAS_TRAIN_P_005522	4	3.302214960545357	2.3002071380615234	0.9088941926168356	1
Mixup	HPCLAS_TRAIN_P_005530	1	HPCLAS_TRAIN_P_005530	4	3.9030114366539497	3.06600284576416	0.9554684086731859	1
Mixup	HPCLAS_TRAIN_P_005531	1	HPCLAS_TRAIN_P_005531	4	2.235343601419513	2.368309497833252	0.9143786031984751	1
Mixup	HPCLAS_TRAIN_P_005541	1	HPCLAS_TRAIN_P_005541	4	3.440587569943596	3.6778032779693604	0.9753448014440452	1
Mixup	HPCLAS_TRAIN_P_005548	1	HPCLAS_TRAIN_P_005548	4	3.437475845331749	3.015282154083252	0.9532597680479191	1
Mixup	HPCLAS_TRAIN_P_005549	1	HPCLAS_TRAIN_P_005549	4	0.7514091974058469	1.336464285850525	0.7919078932168936	1
Mixup	HPCLAS_TRAIN_P_005551	1	HPCLAS_TRAIN_P_005551	4	4.275047802610088	4.070379257202148	0.9832156118177187	1
Mixup	HPCLAS_TRAIN_P_005555	1	HPCLAS_TRAIN_P_005555	4	0.6926266983395771	0.7199190855026245	0.6725891988949446	1
Mixup	HPCLAS_TRAIN_P_005560	1	HPCLAS_TRAIN_P_005560	4	4.229340905031246	3.8740885257720947	0.9796494831089774	1
Mixup	HPCLAS_TRAIN_P_005570	1	HPCLAS_TRAIN_P_005570	4	0.3501897984186629	1.3791900873184204	0.7988608932247949	1
Mixup	HPCLAS_TRAIN_P_005576	1	HPCLAS_TRAIN_P_005576	4	2.85699711112126	2.6673636436462402	0.9350731581160844	1
Mixup	HPCLAS_TRAIN_P_005590	1	HPCLAS_TRAIN_P_005590	4	4.723935721504552	3.7235562801361084	0.9764214355839566	1
Mixup	HPCLAS_TRAIN_P_005591	1	HPCLAS_TRAIN_P_005591	4	1.918576885179631	3.0866498947143555	0.9563386950696628	1
Mixup	HPCLAS_TRAIN_P_005592	1	HPCLAS_TRAIN_P_005592	4	0.7557263832739978	2.7075181007385254	0.9374688149853696	1
Mixup	HPCLAS_TRAIN_P_005603	1	HPCLAS_TRAIN_P_005603	4	-0.2985481437262204	1.8863238096237183	0.8683358051788319	1
Mixup	HPCLAS_TRAIN_P_005607	1	HPCLAS_TRAIN_P_005607	4	3.613329866745264	3.6374588012695312	0.9743557922986518	1
Mixup	HPCLAS_TRAIN_P_005608	1	HPCLAS_TRAIN_P_005608	4	3.168671986326862	3.0423989295959473	0.954453229878789	1
Mixup	HPCLAS_TRAIN_P_005612	1	HPCLAS_TRAIN_P_005612	4	3.665724060400924	3.0050716400146484	0.9528027213961328	1
Mixup	HPCLAS_TRAIN_P_005614	1	HPCLAS_TRAIN_P_005614	4	3.893416004796401	2.9799203872680664	0.9516587088749722	1
Mixup	HPCLAS_TRAIN_P_005617	1	HPCLAS_TRAIN_P_005617	4	4.446542703189775	3.9494547843933105	0.9810989303348431	1
Mixup	HPCLAS_TRAIN_P_005624	1	HPCLAS_TRAIN_P_005624	4	3.3430683644552466	3.246964454650879	0.9625638812835771	1
Mixup	HPCLAS_TRAIN_P_005636	1	HPCLAS_TRAIN_P_005636	4	3.9543239751810417	3.800963878631592	0.9781393489536496	1
Mixup	HPCLAS_TRAIN_P_005653	1	HPCLAS_TRAIN_P_005653	4	0.9406288186124137	0.7004822492599487	0.6682946843636807	1
Mixup	HPCLAS_TRAIN_P_005654	1	HPCLAS_TRAIN_P_005654	4	-0.7271770246969184	-0.06029655411839485	0.48493042686559074	0
Mixup	HPCLAS_TRAIN_P_005655	1	HPCLAS_TRAIN_P_005655	4	1.5716099823541745	2.000307321548462	0.8808293409932246	1
Mixup	HPCLAS_TRAIN_P_005659	1	HPCLAS_TRAIN_P_005659	4	3.8277145384014304	2.6029367446899414	0.9310503445643582	1
Mixup	HPCLAS_TRAIN_P_005664	1	HPCLAS_TRAIN_P_005664	4	0.5773395508780063	1.345237135887146	0.7933498673128779	1
Mixup	HPCLAS_TRAIN_P_005667	1	HPCLAS_TRAIN_P_005667	4	3.0512575104443886	1.8781136274337769	0.8673943035277081	1
Mixup	HPCLAS_TRAIN_P_005676	1	HPCLAS_TRAIN_P_005676	4	1.9869298895112104	0.4653138518333435	0.6142740099521529	1
Mixup	HPCLAS_TRAIN_P_005681	1	HPCLAS_TRAIN_P_005681	4	3.4170037037381564	3.0607008934020996	0.9552422728416313	1
Mixup	HPCLAS_TRAIN_P_005687	1	HPCLAS_TRAIN_P_005687	4	-0.0018891101733225	0.045537542551755905	0.5113824187596605	1
Mixup	HPCLAS_TRAIN_P_005692	1	HPCLAS_TRAIN_P_005692	4	3.206540227084371	2.85341739654541	0.9454950637605827	1
Mixup	HPCLAS_TRAIN_P_005703	1	HPCLAS_TRAIN_P_005703	4	1.0891456158095618	0.02154644951224327	0.5053864039933992	1
Mixup	HPCLAS_TRAIN_P_005724	1	HPCLAS_TRAIN_P_005724	4	2.864383486771698	2.7307987213134766	0.9388197296143959	1
Mixup	HPCLAS_TRAIN_P_005726	1	HPCLAS_TRAIN_P_005726	4	4.788362443123058	3.6405858993530273	0.9744338119976635	1
Mixup	HPCLAS_TRAIN_P_005739	1	HPCLAS_TRAIN_P_005739	4	3.0911846006950485	3.212797164916992	0.9613130272557724	1
Mixup	HPCLAS_TRAIN_P_005741	1	HPCLAS_TRAIN_P_005741	4	4.055374210801964	2.9788966178894043	0.9516115891842533	1
Mixup	HPCLAS_TRAIN_P_005745	1	HPCLAS_TRAIN_P_005745	4	1.2838029818590713	1.3807932138442993	0.7991183636558782	1
Mixup	HPCLAS_TRAIN_P_005751	1	HPCLAS_TRAIN_P_005751	4	2.4800011921087326	3.216336965560913	0.9614444587123477	1
Mixup	HPCLAS_TRAIN_P_005758	1	HPCLAS_TRAIN_P_005758	4	3.423357214608396	3.3672547340393066	0.9666653424385285	1
Mixup	HPCLAS_TRAIN_P_005766	1	HPCLAS_TRAIN_P_005766	4	1.7043192002523933	2.2656235694885254	0.9059896985434536	1
Mixup	HPCLAS_TRAIN_P_005779	1	HPCLAS_TRAIN_P_005779	4	0.9340647316397944	1.280335545539856	0.782506888284239	1
Mixup	HPCLAS_TRAIN_P_005784	1	HPCLAS_TRAIN_P_005784	4	4.023734970483924	3.3285598754882812	0.9653956919216439	1
Mixup	HPCLAS_TRAIN_P_005790	1	HPCLAS_TRAIN_P_005790	4	1.3911301716631794	0.6738305687904358	0.6623603562866489	1
Mixup	HPCLAS_TRAIN_P_005797	1	HPCLAS_TRAIN_P_005797	4	1.4004743324567293	1.407727599143982	0.8034072789413191	1
Mixup	HPCLAS_TRAIN_P_005807	1	HPCLAS_TRAIN_P_005807	4	2.5321096848283675	3.033661365509033	0.9540718763470213	1
Mixup	HPCLAS_TRAIN_P_005809	1	HPCLAS_TRAIN_P_005809	4	2.542564581742916	2.74314022064209	0.939524764134205	1
Mixup	HPCLAS_TRAIN_P_005814	1	HPCLAS_TRAIN_P_005814	4	3.2404189687196654	3.0297200679779053	0.9538988642862557	1
Mixup	HPCLAS_TRAIN_P_005832	1	HPCLAS_TRAIN_P_005832	4	3.6407568813439486	2.8382678031921387	0.9447090525612862	1
Mixup	HPCLAS_TRAIN_P_005834	1	HPCLAS_TRAIN_P_005834	4	4.073578148925273	3.664621591567993	0.975025823166347	1
Mixup	HPCLAS_TRAIN_P_005838	1	HPCLAS_TRAIN_P_005838	4	2.287565625743299	2.6802899837493896	0.9358535340117606	1
Mixup	HPCLAS_TRAIN_P_005840	1	HPCLAS_TRAIN_P_005840	4	1.7281574463000977	0.8022125363349915	0.6904475650613656	1
Mixup	HPCLAS_TRAIN_P_005842	1	HPCLAS_TRAIN_P_005842	4	3.9794229938938286	3.0917654037475586	0.9565517951990664	1
Mixup	HPCLAS_TRAIN_P_005843	1	HPCLAS_TRAIN_P_005843	4	2.548038913626326	2.772578001022339	0.9411758770232164	1
Mixup	HPCLAS_TRAIN_P_005858	1	HPCLAS_TRAIN_P_005858	4	2.591331575307305	1.6696940660476685	0.8415350279550852	1
Mixup	HPCLAS_TRAIN_P_005867	1	HPCLAS_TRAIN_P_005867	4	4.050597273025214	4.419679641723633	0.9881051036428643	1
Mixup	HPCLAS_TRAIN_P_005868	1	HPCLAS_TRAIN_P_005868	4	2.207835171388057	2.530816078186035	0.9262741030850621	1
Mixup	HPCLAS_TRAIN_P_005869	1	HPCLAS_TRAIN_P_005869	4	3.754510819695628	3.5012893676757812	0.9707244334017401	1
Mixup	HPCLAS_TRAIN_P_005872	1	HPCLAS_TRAIN_P_005872	4	0.2648603973839206	0.5519437789916992	0.6345864449005498	1
Mixup	HPCLAS_TRAIN_P_005873	1	HPCLAS_TRAIN_P_005873	4	3.116806198013992	2.950538396835327	0.9502889284107509	1
Mixup	HPCLAS_TRAIN_P_005876	1	HPCLAS_TRAIN_P_005876	4	4.816680789546408	3.6919548511505127	0.9756828293358923	1
Mixup	HPCLAS_TRAIN_P_005878	1	HPCLAS_TRAIN_P_005878	4	3.499190916545313	2.5411767959594727	0.9269785231560032	1
Mixup	HPCLAS_TRAIN_P_005887	1	HPCLAS_TRAIN_P_005887	4	0.5515127808062719	1.6558676958084106	0.8396825101735986	1
Mixup	HPCLAS_TRAIN_P_005895	1	HPCLAS_TRAIN_P_005895	4	2.9607859812028794	2.6992547512054443	0.9369826541912617	1
Mixup	HPCLAS_TRAIN_P_005898	1	HPCLAS_TRAIN_P_005898	4	3.3393295322886902	2.866487503051758	0.9461647118942564	1
Mixup	HPCLAS_TRAIN_P_005904	1	HPCLAS_TRAIN_P_005904	4	3.673026872493824	3.426295518875122	0.9685163048057761	1
Mixup	HPCLAS_TRAIN_P_005908	1	HPCLAS_TRAIN_P_005908	4	3.631754895087013	2.4544711112976074	0.9208878003346648	1
Mixup	HPCLAS_TRAIN_P_005916	1	HPCLAS_TRAIN_P_005916	4	3.813160023577457	3.1493325233459473	0.9588824133028038	1
Mixup	HPCLAS_TRAIN_P_005917	1	HPCLAS_TRAIN_P_005917	4	3.2257676785922955	2.604750156402588	0.9311666666605437	1
Mixup	HPCLAS_TRAIN_P_005919	1	HPCLAS_TRAIN_P_005919	4	3.316152957748118	3.084476947784424	0.9562478736578832	1
Mixup	HPCLAS_TRAIN_P_005920	1	HPCLAS_TRAIN_P_005920	4	3.880199554749841	3.016611099243164	0.9533189443198813	1
Mixup	HPCLAS_TRAIN_P_005922	1	HPCLAS_TRAIN_P_005922	4	0.072920430930567	-0.366494357585907	0.40938837918090615	0
Mixup	HPCLAS_TRAIN_P_005929	1	HPCLAS_TRAIN_P_005929	4	2.2008269711878365	2.606295585632324	0.9312656554396022	1
Mixup	HPCLAS_TRAIN_P_005930	1	HPCLAS_TRAIN_P_005930	4	3.014978480847968	2.4965646266937256	0.923900636354308	1
Mixup	HPCLAS_TRAIN_P_005932	1	HPCLAS_TRAIN_P_005932	4	3.980839933193321	3.7817347049713135	0.977724373500153	1
Mixup	HPCLAS_TRAIN_P_005933	1	HPCLAS_TRAIN_P_005933	4	3.168782790582925	0.6414982676506042	0.6550920674825718	1
Mixup	HPCLAS_TRAIN_P_005936	1	HPCLAS_TRAIN_P_005936	4	3.9039863219093895	2.507112503051758	0.9246389311407742	1
Mixup	HPCLAS_TRAIN_P_005955	1	HPCLAS_TRAIN_P_005955	4	3.7163723953633983	3.4419307708740234	0.9689895856922514	1
Mixup	HPCLAS_TRAIN_P_005968	1	HPCLAS_TRAIN_P_005968	4	3.590658567946064	3.288242816925049	0.9640232604335355	1
Mixup	HPCLAS_TRAIN_P_005971	1	HPCLAS_TRAIN_P_005971	4	3.397407424824532	3.0790815353393555	0.9560215845568305	1
Mixup	HPCLAS_TRAIN_P_005975	1	HPCLAS_TRAIN_P_005975	4	3.545407358652325	2.6458640098571777	0.9337556129339342	1
Mixup	HPCLAS_TRAIN_P_005976	1	HPCLAS_TRAIN_P_005976	4	3.797821130281835	3.023841619491577	0.9536396638301552	1
Mixup	HPCLAS_TRAIN_P_005980	1	HPCLAS_TRAIN_P_005980	4	0.2884033655810457	0.5092390775680542	0.6246280795542518	1
Mixup	HPCLAS_TRAIN_P_005986	1	HPCLAS_TRAIN_P_005986	4	1.9221531838073824	2.5150816440582275	0.9251923593224948	1
Mixup	HPCLAS_TRAIN_P_005991	1	HPCLAS_TRAIN_P_005991	4	3.045942057503801	2.7585463523864746	0.9403942049382953	1
Mixup	HPCLAS_TRAIN_P_005997	1	HPCLAS_TRAIN_P_005997	4	-0.3623247197654408	1.2101086378097534	0.7703181706908722	1
Mixup	HPCLAS_TRAIN_P_006005	1	HPCLAS_TRAIN_P_006005	4	2.932639623701945	3.068986415863037	0.9555951828209578	1
Mixup	HPCLAS_TRAIN_P_006006	1	HPCLAS_TRAIN_P_006006	4	0.3998379570925873	0.30041396617889404	0.574543711164929	1
Mixup	HPCLAS_TRAIN_P_006009	1	HPCLAS_TRAIN_P_006009	4	1.8510110859530853	1.5621601343154907	0.8266630997089395	1
Mixup	HPCLAS_TRAIN_P_006011	1	HPCLAS_TRAIN_P_006011	4	3.930703632599088	2.8384432792663574	0.9447182176385017	1
Mixup	HPCLAS_TRAIN_P_006016	1	HPCLAS_TRAIN_P_006016	4	3.1211995354421305	3.445192337036133	0.9690874419671682	1
Mixup	HPCLAS_TRAIN_P_006017	1	HPCLAS_TRAIN_P_006017	4	3.304348088047276	4.291869640350342	0.986505272817523	1
Mixup	HPCLAS_TRAIN_P_006031	1	HPCLAS_TRAIN_P_006031	4	3.373048461966046	3.1372687816619873	0.9584041351242206	1
Mixup	HPCLAS_TRAIN_P_006033	1	HPCLAS_TRAIN_P_006033	4	2.468552312602169	3.1468989849090576	0.9587863591342933	1
Mixup	HPCLAS_TRAIN_P_006039	1	HPCLAS_TRAIN_P_006039	4	3.2470336804744875	3.6581335067749023	0.9748673474019677	1
Mixup	HPCLAS_TRAIN_P_006040	1	HPCLAS_TRAIN_P_006040	4	0.2849991194206364	-0.7047829627990723	0.33075263779901	0
Mixup	HPCLAS_TRAIN_P_006049	1	HPCLAS_TRAIN_P_006049	4	2.846788941179301	3.065438985824585	0.9554444110999334	1
Mixup	HPCLAS_TRAIN_P_006060	1	HPCLAS_TRAIN_P_006060	4	3.4896820965566824	3.2184958457946777	0.9615244065932155	1
Mixup	HPCLAS_TRAIN_P_006064	1	HPCLAS_TRAIN_P_006064	4	3.0228462648391505	1.053527593612671	0.7414517184185739	1
Mixup	HPCLAS_TRAIN_P_006066	1	HPCLAS_TRAIN_P_006066	4	4.309280586739084	3.648252487182617	0.9746241131994121	1
Mixup	HPCLAS_TRAIN_P_006071	1	HPCLAS_TRAIN_P_006071	4	-0.2790866427676843	-0.05058753862977028	0.48735581170509173	0
Mixup	HPCLAS_TRAIN_P_006074	1	HPCLAS_TRAIN_P_006074	4	3.180506968464962	3.0137219429016113	0.9531902027484906	1
Mixup	HPCLAS_TRAIN_P_006075	1	HPCLAS_TRAIN_P_006075	4	3.611398809347649	3.4110162258148193	0.9680470513200881	1
Mixup	HPCLAS_TRAIN_P_006076	1	HPCLAS_TRAIN_P_006076	4	1.1161206104190051	0.6933147311210632	0.666703899084887	1
Mixup	HPCLAS_TRAIN_P_006093	1	HPCLAS_TRAIN_P_006093	4	3.728889263073488	3.3802618980407715	0.9670819436040035	1
Mixup	HPCLAS_TRAIN_P_006095	1	HPCLAS_TRAIN_P_006095	4	4.9186894532068335	3.27345871925354	0.9635069798744171	1
Mixup	HPCLAS_TRAIN_P_006098	1	HPCLAS_TRAIN_P_006098	4	2.718975696219929	1.4540984630584717	0.8106283901767594	1
Mixup	HPCLAS_TRAIN_P_006105	1	HPCLAS_TRAIN_P_006105	4	1.868735597545815	2.2363979816436768	0.9034707776862176	1
Mixup	HPCLAS_TRAIN_P_006120	1	HPCLAS_TRAIN_P_006120	4	4.215962660805684	3.2151103019714355	0.9613989617583542	1
Mixup	HPCLAS_TRAIN_P_006122	1	HPCLAS_TRAIN_P_006122	4	3.271472580916936	2.579622983932495	0.929538579831982	1
Mixup	HPCLAS_TRAIN_P_006128	1	HPCLAS_TRAIN_P_006128	4	4.24852450323702	4.141972064971924	0.9843571071936332	1
Mixup	HPCLAS_TRAIN_P_006143	1	HPCLAS_TRAIN_P_006143	4	1.6068179304505503	1.362859845161438	0.7962241043618637	1
Mixup	HPCLAS_TRAIN_P_006145	1	HPCLAS_TRAIN_P_006145	4	1.8480337034013457	0.9656859040260315	0.7242587723623327	1
Mixup	HPCLAS_TRAIN_P_006158	1	HPCLAS_TRAIN_P_006158	4	2.541439311729045	2.317020893096924	0.9102769257393407	1
Mixup	HPCLAS_TRAIN_P_006160	1	HPCLAS_TRAIN_P_006160	4	0.0108684179108127	-1.259787917137146	0.2210104032644409	0
Mixup	HPCLAS_TRAIN_P_006165	1	HPCLAS_TRAIN_P_006165	4	2.599411322119236	2.6958022117614746	0.9367784871711216	1
Mixup	HPCLAS_TRAIN_P_006179	1	HPCLAS_TRAIN_P_006179	4	2.197381943503772	1.7780708074569702	0.8554584862126039	1
Mixup	HPCLAS_TRAIN_P_006183	1	HPCLAS_TRAIN_P_006183	4	3.306502931437389	3.099369764328003	0.9568667409683622	1
Mixup	HPCLAS_TRAIN_P_006185	1	HPCLAS_TRAIN_P_006185	4	1.945943936802054	2.2681448459625244	0.9062042219203446	1
Mixup	HPCLAS_TRAIN_P_006215	1	HPCLAS_TRAIN_P_006215	4	3.869405216330813	3.3485894203186035	0.9660586142187472	1
Mixup	HPCLAS_TRAIN_P_006226	1	HPCLAS_TRAIN_P_006226	4	-1.1617581744386922	0.8591574430465698	0.7024845899970429	1
Mixup	HPCLAS_TRAIN_P_006227	1	HPCLAS_TRAIN_P_006227	4	3.608776927815229	3.7235734462738037	0.9764218307901158	1
Mixup	HPCLAS_TRAIN_P_006228	1	HPCLAS_TRAIN_P_006228	4	3.02279912199262	1.49282968044281	0.8165026123113521	1
Mixup	HPCLAS_TRAIN_P_006255	1	HPCLAS_TRAIN_P_006255	4	0.6421794402894936	1.1124839782714844	0.7525919116900364	1
Mixup	HPCLAS_TRAIN_P_006263	1	HPCLAS_TRAIN_P_006263	4	0.5297423717762005	0.6335254907608032	0.6532884261683676	1
Mixup	HPCLAS_TRAIN_P_006269	1	HPCLAS_TRAIN_P_006269	4	3.446029649037259	3.3763716220855713	0.9669578734891006	1
Mixup	HPCLAS_TRAIN_P_006279	1	HPCLAS_TRAIN_P_006279	4	-0.2898837034849251	0.32517969608306885	0.5805860625082104	1
Mixup	HPCLAS_TRAIN_P_006300	1	HPCLAS_TRAIN_P_006300	4	3.544952673248599	3.2957420349121094	0.9642824482752221	1
Mixup	HPCLAS_TRAIN_P_006301	1	HPCLAS_TRAIN_P_006301	4	-0.2145924967573188	1.1194781064987183	0.753891897731693	1
Mixup	HPCLAS_TRAIN_P_006305	1	HPCLAS_TRAIN_P_006305	4	3.7199035832606153	3.3066470623016357	0.9646561414207802	1
Mixup	HPCLAS_TRAIN_P_006309	1	HPCLAS_TRAIN_P_006309	4	4.880181272386457	4.130134582519531	0.9841737823929777	1
Mixup	HPCLAS_TRAIN_P_006310	1	HPCLAS_TRAIN_N_004247	4	-0.5202733820137474	-0.5012397170066833	0.37724937495955235	0
Mixup	HPCLAS_TRAIN_P_006324	1	HPCLAS_TRAIN_P_006324	4	1.1448253229530532	0.015587922185659409	0.5038969016398935	1
Mixup	HPCLAS_TRAIN_P_006337	1	HPCLAS_TRAIN_P_006337	4	3.504779916783564	3.044605255126953	0.9545490477272851	1
Mixup	HPCLAS_TRAIN_P_006341	1	HPCLAS_TRAIN_P_006341	4	3.305007703337953	3.6593196392059326	0.9748963924722706	1
Mixup	HPCLAS_TRAIN_P_006342	1	HPCLAS_TRAIN_P_006342	4	-0.080122510205559	1.4863961935043335	0.8155367446939972	1
Mixup	HPCLAS_TRAIN_P_006344	1	HPCLAS_TRAIN_P_006344	4	2.012023818340548	2.983386516571045	0.9518179167105041	1
Mixup	HPCLAS_TRAIN_P_006367	1	HPCLAS_TRAIN_P_006367	4	0.524168452111358	-0.02502315118908882	0.493744538608304	0
Mixup	HPCLAS_TRAIN_P_006382	1	HPCLAS_TRAIN_P_006382	4	1.0038916094275123	1.7700281143188477	0.8544611673181214	1
Mixup	HPCLAS_TRAIN_P_006389	1	HPCLAS_TRAIN_P_006389	4	0.530577055920669	0.6556645631790161	0.6582858213314418	1
Mixup	HPCLAS_TRAIN_P_006393	1	HPCLAS_TRAIN_P_006393	4	1.231884443640354	1.3588358163833618	0.7955704222254952	1
Mixup	HPCLAS_TRAIN_P_006394	1	HPCLAS_TRAIN_P_006394	4	2.824913275832774	2.429837465286255	0.9190744448269563	1
Mixup	HPCLAS_TRAIN_P_006396	1	HPCLAS_TRAIN_P_006396	4	3.941106666152916	3.0439577102661133	0.9545209456171933	1
Mixup	HPCLAS_TRAIN_P_006404	1	HPCLAS_TRAIN_P_006404	4	3.133489362574584	3.0744330883026123	0.9558257289675852	1
Mixup	HPCLAS_TRAIN_P_006412	1	HPCLAS_TRAIN_P_006412	4	2.371537021212889	2.73838472366333	0.9392540009661126	1
Mixup	HPCLAS_TRAIN_P_006417	1	HPCLAS_TRAIN_P_006417	4	4.48547060193398	3.3123273849487305	0.96484929980729	1
Mixup	HPCLAS_TRAIN_P_006419	1	HPCLAS_TRAIN_P_006419	4	4.991646237530716	3.3344333171844482	0.9655913696643815	1
Mixup	HPCLAS_TRAIN_P_006422	1	HPCLAS_TRAIN_P_006422	4	-1.397489830709855	-1.826941728591919	0.13860300355505248	0
Mixup	HPCLAS_TRAIN_P_006427	1	HPCLAS_TRAIN_P_006427	4	2.619940975974099	2.9222331047058105	0.9489346187662592	1
Mixup	HPCLAS_TRAIN_P_006442	1	HPCLAS_TRAIN_P_006442	4	2.751210873365355	3.3889195919036865	0.9673564448381932	1
Mixup	HPCLAS_TRAIN_P_006446	1	HPCLAS_TRAIN_P_006446	4	2.598602570139779	3.0431714057922363	0.9544867993798821	1
Mixup	HPCLAS_TRAIN_P_006450	1	HPCLAS_TRAIN_P_006450	4	2.8418751236226534	3.4621856212615967	0.9695924713908411	1
Mixup	HPCLAS_TRAIN_P_006452	1	HPCLAS_TRAIN_P_006452	4	3.099690420739033	3.1246070861816406	0.9578964283825423	1
Mixup	HPCLAS_TRAIN_P_006454	1	HPCLAS_TRAIN_P_006454	4	3.3681573194875267	3.0239572525024414	0.9536447758194457	1
Mixup	HPCLAS_TRAIN_P_006455	1	HPCLAS_TRAIN_P_006455	4	1.4321238613823533	0.4687483310699463	0.6150874603888137	1
Mixup	HPCLAS_TRAIN_P_006456	1	HPCLAS_TRAIN_P_006456	4	4.526529863563592	2.6512045860290527	0.9340851957146272	1
Mixup	HPCLAS_TRAIN_P_006461	1	HPCLAS_TRAIN_P_006461	4	3.991211156037792	3.51165771484375	0.9710176526339211	1
Mixup	HPCLAS_TRAIN_P_006467	1	HPCLAS_TRAIN_P_006467	4	4.677397635296373	3.9692816734313965	0.9814631108441927	1
Mixup	HPCLAS_TRAIN_P_006474	1	HPCLAS_TRAIN_P_006474	4	4.27541785840408	2.903210163116455	0.9480048987909072	1
Mixup	HPCLAS_TRAIN_P_006483	1	HPCLAS_TRAIN_P_006483	4	2.909985475859391	2.2808732986450195	0.9072805371382222	1
Mixup	HPCLAS_TRAIN_P_006492	1	HPCLAS_TRAIN_P_006492	4	3.4546847753662187	3.159691333770752	0.9592888935752311	1
Mixup	HPCLAS_TRAIN_P_006500	1	HPCLAS_TRAIN_P_006500	4	3.796710062740744	3.171516180038452	0.9597481978756196	1
Mixup	HPCLAS_TRAIN_P_006525	1	HPCLAS_TRAIN_P_006525	4	1.1219857188672782	2.007854461669922	0.8816192826649476	1
Mixup	HPCLAS_TRAIN_P_006543	1	HPCLAS_TRAIN_P_006543	4	3.3610700148804225	2.9810729026794434	0.9517117020761534	1
Mixup	HPCLAS_TRAIN_P_006545	1	HPCLAS_TRAIN_P_006545	4	4.396713820204193	3.405116558074951	0.9678640582748503	1
Mixup	HPCLAS_TRAIN_P_006546	1	HPCLAS_TRAIN_P_006546	4	5.075437569215097	3.065692901611328	0.9554552191436463	1
Mixup	HPCLAS_TRAIN_P_006566	1	HPCLAS_TRAIN_P_006566	4	2.511348215316372	2.0824570655822754	0.8891863693282684	1
Mixup	HPCLAS_TRAIN_P_006573	1	HPCLAS_TRAIN_P_006573	4	3.598220713593118	3.6106009483337402	0.9736760876451112	1
Mixup	HPCLAS_TRAIN_P_006575	1	HPCLAS_TRAIN_N_004870	4	0.4012884126283698	1.2563540935516357	0.7783978468522896	1
Mixup	HPCLAS_TRAIN_P_006590	1	HPCLAS_TRAIN_P_006590	4	3.515492016218283	3.15262770652771	0.959012135990692	1
Mixup	HPCLAS_TRAIN_P_006597	1	HPCLAS_TRAIN_P_006597	4	3.220200716143055	3.4610629081726074	0.9695593530838936	1
Mixup	HPCLAS_TRAIN_P_006607	1	HPCLAS_TRAIN_P_006607	4	2.2040118159181468	1.962954044342041	0.8768522923533205	1
Mixup	HPCLAS_TRAIN_P_006610	1	HPCLAS_TRAIN_P_006610	4	2.987617581381249	3.3914794921875	0.9674371846102228	1
Mixup	HPCLAS_TRAIN_P_006618	1	HPCLAS_TRAIN_P_006618	4	3.734519788296915	3.0494699478149414	0.9547596371341961	1
Mixup	HPCLAS_TRAIN_P_006620	1	HPCLAS_TRAIN_P_006620	4	3.31934297696446	3.0821533203125	0.9561505548869836	1
Mixup	HPCLAS_TRAIN_P_006621	1	HPCLAS_TRAIN_P_006621	4	-0.3972464802734908	1.959778070449829	0.876508932560238	1
Mixup	HPCLAS_TRAIN_P_006628	1	HPCLAS_TRAIN_P_006628	4	3.569755853780519	3.5582618713378906	0.9723008048919496	1
Mixup	HPCLAS_TRAIN_P_006637	1	HPCLAS_TRAIN_P_006637	4	4.063533379648822	3.1368114948272705	0.9583859012659174	1
Mixup	HPCLAS_TRAIN_P_006653	1	HPCLAS_TRAIN_P_006653	4	1.4598815428668317	1.1222772598266602	0.7544108804023445	1
Mixup	HPCLAS_TRAIN_P_006655	1	HPCLAS_TRAIN_P_006655	4	2.856268678956249	3.6877572536468506	0.9755830386764898	1
Mixup	HPCLAS_TRAIN_P_006662	1	HPCLAS_TRAIN_P_006662	4	4.612976946920192	3.4333956241607666	0.9687320858628973	1
Mixup	HPCLAS_TRAIN_P_006674	1	HPCLAS_TRAIN_P_006674	4	3.669681451699127	2.423058271408081	0.91856879676685	1
Mixup	HPCLAS_TRAIN_P_006675	1	HPCLAS_TRAIN_P_006675	4	3.840240846501443	3.081848621368408	0.9561377780987875	1
Mixup	HPCLAS_TRAIN_P_006690	1	HPCLAS_TRAIN_P_006690	4	4.94901059566821	4.143170356750488	0.9843755480160825	1
Mixup	HPCLAS_TRAIN_P_006697	1	HPCLAS_TRAIN_P_006697	4	2.7036316685963064	3.0554678440093994	0.9550180028046709	1
Mixup	HPCLAS_TRAIN_P_006714	1	HPCLAS_TRAIN_P_006714	4	2.8857555285311998	3.4867708683013916	0.9703090075023819	1
Mixup	HPCLAS_TRAIN_P_006716	1	HPCLAS_TRAIN_P_006716	4	2.9040291619548277	2.9438958168029785	0.9499741934806615	1
Mixup	HPCLAS_TRAIN_P_006723	1	HPCLAS_TRAIN_P_006723	4	3.3916448472820813	3.468485116958618	0.9697776504523489	1
Mixup	HPCLAS_TRAIN_P_006726	1	HPCLAS_TRAIN_P_006726	4	1.966227317048423	2.594177007675171	0.9304858802424508	1
Mixup	HPCLAS_TRAIN_P_006727	1	HPCLAS_TRAIN_P_006727	4	3.576633326472188	3.2672181129455566	0.9632869163373078	1
Mixup	HPCLAS_TRAIN_P_006729	1	HPCLAS_TRAIN_P_006729	4	2.8447361311895474	2.1713106632232666	0.8976434526567142	1
Mixup	HPCLAS_TRAIN_P_006731	1	HPCLAS_TRAIN_P_006731	4	4.621022685089573	3.4833807945251465	0.9702111855119756	1
Mixup	HPCLAS_TRAIN_P_006749	1	HPCLAS_TRAIN_P_006749	4	3.394259489800083	2.982954978942871	0.951798122289701	1
Mixup	HPCLAS_TRAIN_P_006757	1	HPCLAS_TRAIN_P_006757	4	2.036930755611967	3.5245375633239746	0.971377931446114	1
Mixup	HPCLAS_TRAIN_P_006765	1	HPCLAS_TRAIN_P_006765	4	1.1056982511356637	2.86514949798584	0.9460965171634219	1
Mixup	HPCLAS_TRAIN_P_006768	1	HPCLAS_TRAIN_P_006768	4	4.18856968335541	3.640918254852295	0.9744420905178878	1
Mixup	HPCLAS_TRAIN_P_006769	1	HPCLAS_TRAIN_P_006769	4	2.098242366813054	1.7796659469604492	0.8556556122257051	1
Mixup	HPCLAS_TRAIN_P_006779	1	HPCLAS_TRAIN_P_006779	4	2.2817099901121924	1.1560920476913452	0.7606218945006217	1
Mixup	HPCLAS_TRAIN_P_006787	1	HPCLAS_TRAIN_P_006787	4	3.021408641626459	2.979990005493164	0.9516619115196872	1
Mixup	HPCLAS_TRAIN_P_006788	1	HPCLAS_TRAIN_P_006788	4	1.2085850777141958	0.46394601464271545	0.6139498620074976	1
Mixup	HPCLAS_TRAIN_P_006796	1	HPCLAS_TRAIN_P_006796	4	3.5829394520735325	2.5353786945343018	0.9265850805631098	1
Mixup	HPCLAS_TRAIN_P_006798	1	HPCLAS_TRAIN_P_006798	4	2.1986231546812784	2.7734289169311523	0.941222969318696	1
Mixup	HPCLAS_TRAIN_P_006801	1	HPCLAS_TRAIN_P_006801	4	3.482829003640287	3.2801342010498047	0.9637409734802371	1
Mixup	HPCLAS_TRAIN_P_006816	1	HPCLAS_TRAIN_N_002968	4	0.7954339433168285	0.8850451111793518	0.7078666001193432	1
Mixup	HPCLAS_TRAIN_P_006817	1	HPCLAS_TRAIN_P_006817	4	1.4708545689523749	2.2609097957611084	0.905587446225576	1
Mixup	HPCLAS_TRAIN_P_006826	1	HPCLAS_TRAIN_P_006826	4	0.1551154537741288	-0.8986697793006897	0.2893239348263348	0
Mixup	HPCLAS_TRAIN_P_006829	1	HPCLAS_TRAIN_N_000210	4	0.9783653841221596	2.91947603225708	0.9488008518697939	1
Mixup	HPCLAS_TRAIN_P_006843	1	HPCLAS_TRAIN_P_006843	4	2.80247022495673	2.339138984680176	0.9120670555991263	1
Mixup	HPCLAS_TRAIN_P_006854	1	HPCLAS_TRAIN_P_006854	4	3.155668063299135	2.7235097885131836	0.9383997318812567	1
Mixup	HPCLAS_TRAIN_P_006858	1	HPCLAS_TRAIN_P_006858	4	0.9287367476742652	1.0716955661773682	0.7449192318784782	1
Mixup	HPCLAS_TRAIN_P_006863	1	HPCLAS_TRAIN_P_006863	4	1.000620751483189	2.562303066253662	0.9283957100724567	1
Mixup	HPCLAS_TRAIN_P_006870	1	HPCLAS_TRAIN_P_006870	4	0.8761731697380912	1.3751035928726196	0.7982034644453242	1
Mixup	HPCLAS_TRAIN_P_006879	1	HPCLAS_TRAIN_P_006879	4	-0.9765632948904324	0.35479146242141724	0.5877790118272996	1
Mixup	HPCLAS_TRAIN_P_006884	1	HPCLAS_TRAIN_P_006884	4	-0.1359152687048143	0.41919592022895813	0.6032908246366483	1
Mixup	HPCLAS_TRAIN_P_006896	1	HPCLAS_TRAIN_P_006896	4	2.8127777162983896	2.8555102348327637	0.9456028158970289	1
Mixup	HPCLAS_TRAIN_P_006898	1	HPCLAS_TRAIN_P_006898	4	3.2496819851663945	3.333827018737793	0.9655712199072288	1
Mixup	HPCLAS_TRAIN_P_006903	1	HPCLAS_TRAIN_P_006903	4	2.977735888809967	3.0485568046569824	0.9547201787449717	1
Mixup	HPCLAS_TRAIN_P_006908	1	HPCLAS_TRAIN_P_006908	4	0.9438199678905396	1.4239767789840698	0.8059610929775839	1
Mixup	HPCLAS_TRAIN_P_006921	1	HPCLAS_TRAIN_P_006921	4	2.875214849754492	3.0163540840148926	0.9533075053122761	1
Mixup	HPCLAS_TRAIN_P_006927	1	HPCLAS_TRAIN_P_006927	4	0.5527253067441895	-0.6381842494010925	0.34565710755192	0
Mixup	HPCLAS_TRAIN_P_006934	1	HPCLAS_TRAIN_P_006934	4	4.406309376496889	3.2939724922180176	0.9642214519284021	1
Mixup	HPCLAS_TRAIN_P_006938	1	HPCLAS_TRAIN_P_006938	4	0.8239012043301004	1.2340962886810303	0.7745347163392925	1
Mixup	HPCLAS_TRAIN_P_006948	1	HPCLAS_TRAIN_P_006948	4	0.1927629091618592	-0.19907832145690918	0.4503941438642351	0
Mixup	HPCLAS_TRAIN_P_006949	1	HPCLAS_TRAIN_P_006949	4	3.2079816821681377	3.701078176498413	0.9758983511285902	1
Mixup	HPCLAS_TRAIN_P_006954	1	HPCLAS_TRAIN_P_006954	4	3.968490425250776	2.871100902557373	0.9463992217388981	1
Mixup	HPCLAS_TRAIN_P_006958	1	HPCLAS_TRAIN_P_006958	4	0.2636927357417824	0.3156430125236511	0.5782620554825528	1
Mixup	HPCLAS_TRAIN_P_006960	1	HPCLAS_TRAIN_P_006960	4	4.186263904468679	3.4151558876037598	0.9681748513613385	1
Mixup	HPCLAS_TRAIN_P_006961	1	HPCLAS_TRAIN_P_006961	4	3.3956280922872675	3.161153793334961	0.9593459697024932	1
Mixup	HPCLAS_TRAIN_P_006969	1	HPCLAS_TRAIN_P_006969	4	0.8331961090900174	0.7489675283432007	0.678953687163633	1
Mixup	HPCLAS_TRAIN_P_006977	1	HPCLAS_TRAIN_P_006977	4	3.1543398750979086	2.695809841156006	0.9367789390170976	1
Mixup	HPCLAS_TRAIN_P_006996	1	HPCLAS_TRAIN_P_006996	4	2.376398009951438	3.552790641784668	0.9721530726314265	1
Mixup	HPCLAS_TRAIN_P_006999	1	HPCLAS_TRAIN_P_006999	4	-0.0133760777671907	1.1878529787063599	0.7663568512871225	1
Mixup	HPCLAS_TRAIN_P_007001	1	HPCLAS_TRAIN_P_007001	4	1.666285923698868	2.325047731399536	0.9109303450872351	1
Mixup	HPCLAS_TRAIN_P_007013	1	HPCLAS_TRAIN_P_007013	4	3.774382325540535	2.6076292991638184	0.9313509772668435	1
Mixup	HPCLAS_TRAIN_P_007021	1	HPCLAS_TRAIN_P_007021	4	3.8187448517037783	2.6454710960388184	0.9337313046874629	1
Mixup	HPCLAS_TRAIN_P_007022	1	HPCLAS_TRAIN_P_007022	4	2.957563746491407	3.0062108039855957	0.9528539228369393	1
Mixup	HPCLAS_TRAIN_P_007025	1	HPCLAS_TRAIN_P_007025	4	2.256124031528254	2.123108148574829	0.89312896381508	1
Mixup	HPCLAS_TRAIN_P_007036	1	HPCLAS_TRAIN_P_007036	4	3.5647917063876955	3.6723928451538086	0.9752143598820328	1
Mixup	HPCLAS_TRAIN_P_007040	1	HPCLAS_TRAIN_P_007040	4	3.180782364337981	2.529448986053467	0.9261806894086478	1
Mixup	HPCLAS_TRAIN_P_007048	1	HPCLAS_TRAIN_P_007048	4	3.1650708426006107	2.551326274871826	0.9276625644527761	1
Mixup	HPCLAS_TRAIN_P_007050	1	HPCLAS_TRAIN_P_007050	4	4.127268002306217	3.853790044784546	0.9792408404356581	1
Mixup	HPCLAS_TRAIN_P_007053	1	HPCLAS_TRAIN_P_007053	4	1.3918457943636475	-0.5554661154747009	0.3645971607228292	0
Mixup	HPCLAS_TRAIN_P_007054	1	HPCLAS_TRAIN_P_007054	4	1.4209235711793136	1.0493557453155518	0.7406511654099394	1
Mixup	HPCLAS_TRAIN_P_007055	1	HPCLAS_TRAIN_P_007055	4	2.501402081935353	3.0323948860168457	0.9540163488977969	1
Mixup	HPCLAS_TRAIN_P_007057	1	HPCLAS_TRAIN_P_007057	4	3.544437016390971	2.760436534881592	0.9405000670784743	1
Mixup	HPCLAS_TRAIN_P_007065	1	HPCLAS_TRAIN_P_007065	4	-1.0073087257658615	0.8803744912147522	0.7068998188629921	1
Mixup	HPCLAS_TRAIN_P_007073	1	HPCLAS_TRAIN_N_001608	4	2.2329831215367464	1.9099963903427124	0.8710187423270244	1
Mixup	HPCLAS_TRAIN_P_007093	1	HPCLAS_TRAIN_P_007093	4	-0.7191608349400709	-0.6447099447250366	0.3441826273840021	0
Mixup	HPCLAS_TRAIN_P_007096	1	HPCLAS_TRAIN_P_007096	4	3.7426666613646	3.4813590049743652	0.9701526972975657	1
Mixup	HPCLAS_TRAIN_P_007097	1	HPCLAS_TRAIN_P_007097	4	3.382324088554433	3.34865403175354	0.9660607327230769	1
Mixup	HPCLAS_TRAIN_P_007106	1	HPCLAS_TRAIN_P_007106	4	4.184592408267609	3.278744697570801	0.9636923869407175	1
Mixup	HPCLAS_TRAIN_P_007109	1	HPCLAS_TRAIN_P_007109	4	3.433506906888252	2.79781436920166	0.9425576023977358	1
Mixup	HPCLAS_TRAIN_P_007110	1	HPCLAS_TRAIN_P_007110	4	2.904214324553757	3.4334564208984375	0.9687339273576885	1
Mixup	HPCLAS_TRAIN_P_007119	1	HPCLAS_TRAIN_P_007119	4	0.6880355718135016	1.1162588596343994	0.7532941141193146	1
Mixup	HPCLAS_TRAIN_P_007128	1	HPCLAS_TRAIN_P_007128	4	1.5266864449614046	1.0657261610031128	0.7437833005383652	1
Mixup	HPCLAS_TRAIN_P_007140	1	HPCLAS_TRAIN_P_007140	4	4.246830357967893	3.2888379096984863	0.9640438939890446	1
Mixup	HPCLAS_TRAIN_P_007151	1	HPCLAS_TRAIN_P_007151	4	3.8156221522537903	4.056431770324707	0.9829838829965734	1
Mixup	HPCLAS_TRAIN_P_007166	1	HPCLAS_TRAIN_P_007166	4	-1.4998962640158937	-1.147064447402954	0.2410256821215821	0
Mixup	HPCLAS_TRAIN_P_007170	1	HPCLAS_TRAIN_P_007170	4	1.6652321298713106	2.4232521057128906	0.9185832944280393	1
Mixup	HPCLAS_TRAIN_P_007173	1	HPCLAS_TRAIN_N_001800	4	-0.0053211576132326	1.4940603971481323	0.8166869339699157	1
Mixup	HPCLAS_TRAIN_P_007178	1	HPCLAS_TRAIN_P_007178	4	-0.1391344306811357	1.0528494119644165	0.7413216889854354	1
Mixup	HPCLAS_TRAIN_P_007184	1	HPCLAS_TRAIN_P_007184	4	2.4658679536156978	2.865046977996826	0.9460912886204266	1
Mixup	HPCLAS_TRAIN_P_007186	1	HPCLAS_TRAIN_P_007186	4	3.4055701309864808	3.3104910850524902	0.9647869682715486	1
Mixup	HPCLAS_TRAIN_P_007193	1	HPCLAS_TRAIN_P_007193	4	-0.1916803250704675	0.831667959690094	0.6967074955781025	1
Mixup	HPCLAS_TRAIN_P_007195	1	HPCLAS_TRAIN_P_007195	4	3.835260092169294	3.196251392364502	0.9606929665199179	1
Mixup	HPCLAS_TRAIN_P_007198	1	HPCLAS_TRAIN_P_007198	4	0.8921953900327504	0.7606986165046692	0.6815053917727478	1
Mixup	HPCLAS_TRAIN_P_007201	1	HPCLAS_TRAIN_P_007201	4	2.8724857037159803	2.8789634704589844	0.9467966749521055	1
Mixup	HPCLAS_TRAIN_P_007207	1	HPCLAS_TRAIN_P_007207	4	3.4487192210747675	3.003265857696533	0.9527214494841918	1
Mixup	HPCLAS_TRAIN_P_007215	1	HPCLAS_TRAIN_P_007215	4	3.2006318259203304	2.166578531265259	0.8972078469982689	1
Mixup	HPCLAS_TRAIN_P_007225	1	HPCLAS_TRAIN_P_007225	4	2.9953394355156595	2.8137764930725098	0.943415755624511	1
Mixup	HPCLAS_TRAIN_P_007230	1	HPCLAS_TRAIN_P_007230	4	4.825452483563109	3.704695701599121	0.9759832917418804	1
Mixup	HPCLAS_TRAIN_P_007248	1	HPCLAS_TRAIN_N_003287	4	-0.9902727974990536	-1.517891526222229	0.1797722127533927	0
Mixup	HPCLAS_TRAIN_P_007251	1	HPCLAS_TRAIN_P_007251	4	0.0858894104687077	2.342027187347412	0.912298416084573	1
Mixup	HPCLAS_TRAIN_P_007254	1	HPCLAS_TRAIN_P_007254	4	1.7332312261488112	1.3373639583587646	0.7920561111180817	1
Mixup	HPCLAS_TRAIN_P_007255	1	HPCLAS_TRAIN_P_007255	4	4.070860846090817	3.0151546001434326	0.9532540844792204	1
Mixup	HPCLAS_TRAIN_P_007259	1	HPCLAS_TRAIN_P_007259	4	3.3266434788838124	2.727841377258301	0.9386496473208499	1
Mixup	HPCLAS_TRAIN_P_007266	1	HPCLAS_TRAIN_P_007266	4	1.2086715882588526	0.6706769466400146	0.6616547223046427	1
Mixup	HPCLAS_TRAIN_P_007272	1	HPCLAS_TRAIN_P_007272	4	4.247662070649868	3.618833065032959	0.9738862639923115	1
Mixup	HPCLAS_TRAIN_P_007277	1	HPCLAS_TRAIN_P_007277	4	3.80426074093417	2.8067212104797363	0.9430379468509925	1
Mixup	HPCLAS_TRAIN_P_007286	1	HPCLAS_TRAIN_P_007286	4	-1.0805143120147942	-1.600525975227356	0.16790811541099496	0
Mixup	HPCLAS_TRAIN_P_007297	1	HPCLAS_TRAIN_P_007297	4	4.148757497192498	3.2607004642486572	0.9630557208857442	1
Mixup	HPCLAS_TRAIN_P_007302	1	HPCLAS_TRAIN_P_007302	4	3.776030479684097	3.466688871383667	0.9697249599161899	1
Mixup	HPCLAS_TRAIN_P_007306	1	HPCLAS_TRAIN_P_007306	4	0.9459902252866096	0.30741339921951294	0.5762537759900201	1
Mixup	HPCLAS_TRAIN_P_007324	1	HPCLAS_TRAIN_P_007324	4	3.602066012172721	2.3861703872680664	0.9157666289833654	1
Mixup	HPCLAS_TRAIN_P_007339	1	HPCLAS_TRAIN_P_007339	4	3.1914393264672665	2.4199914932250977	0.9183391065972784	1
Mixup	HPCLAS_TRAIN_P_007348	1	HPCLAS_TRAIN_P_007348	4	3.7425822949240906	2.3763365745544434	0.9150049592514652	1
Mixup	HPCLAS_TRAIN_P_007361	1	HPCLAS_TRAIN_P_007361	4	2.9183688125322678	2.768131732940674	0.9409292311130616	1
Mixup	HPCLAS_TRAIN_P_007368	1	HPCLAS_TRAIN_P_007368	4	2.4722364455068337	2.9489405155181885	0.9502133903533712	1
Mixup	HPCLAS_TRAIN_P_007386	1	HPCLAS_TRAIN_P_007386	4	2.970287019828425	3.1941065788269043	0.9606118940145696	1
Mixup	HPCLAS_TRAIN_P_007400	1	HPCLAS_TRAIN_P_007400	4	3.3744088099795837	3.4787755012512207	0.9700777972888752	1
Mixup	HPCLAS_TRAIN_P_007405	1	HPCLAS_TRAIN_P_007405	4	0.871533341875518	0.8048933744430542	0.6910202471218546	1
Mixup	HPCLAS_TRAIN_P_007422	1	HPCLAS_TRAIN_P_007422	4	2.2788644144493624	2.863065004348755	0.945990113466128	1
Mixup	HPCLAS_TRAIN_P_007427	1	HPCLAS_TRAIN_P_007427	4	2.928961917598284	2.2669992446899414	0.9061068026311175	1
Mixup	HPCLAS_TRAIN_P_007440	1	HPCLAS_TRAIN_P_007440	4	2.882236065826761	2.3197970390319824	0.9105034033728855	1
Mixup	HPCLAS_TRAIN_P_007449	1	HPCLAS_TRAIN_P_007449	4	2.09719374164978	3.421603202819824	0.9683729095083004	1
Mixup	HPCLAS_TRAIN_P_007451	1	HPCLAS_TRAIN_P_007451	4	4.003903415853973	3.3163082599639893	0.9649840621382494	1
Mixup	HPCLAS_TRAIN_P_007452	1	HPCLAS_TRAIN_P_007452	4	3.34189891852065	2.3280434608459473	0.911173108313127	1
Mixup	HPCLAS_TRAIN_P_007454	1	HPCLAS_TRAIN_P_007454	4	2.450547608699981	2.9778730869293213	0.9515644368907803	1
Mixup	HPCLAS_TRAIN_P_007460	1	HPCLAS_TRAIN_N_003231	4	0.2540130264243427	-1.105711579322815	0.24867124688413764	0
