representation	head	clean_id	label	homology_group	fold	quality_tier	raw_score	probability_uncalibrated	prediction_at_fixed_boundary
layers24_30_36_concat	catboost	HPCLAS_TRAIN_N_000016	0	HPCLAS_TRAIN_N_000016	0	A_clean_core	-5.484849015546828	0.004132017084704196	0
layers24_30_36_concat	catboost	HPCLAS_TRAIN_N_000026	0	HPCLAS_TRAIN_N_000026	0	A_clean_core	-5.738754174489	0.003208448534926709	0
layers24_30_36_concat	catboost	HPCLAS_TRAIN_N_000028	0	HPCLAS_TRAIN_N_000028	0	A_clean_core	-1.352206671608935	0.20550984214570905	0
layers24_30_36_concat	catboost	HPCLAS_TRAIN_N_000031	0	HPCLAS_TRAIN_N_000031	0	A_clean_core	-5.250446726150099	0.005217806412735108	0
layers24_30_36_concat	catboost	HPCLAS_TRAIN_N_000042	0	HPCLAS_TRAIN_N_000042	0	A_clean_core	-6.2051859577654	0.0020148654584836822	0
layers24_30_36_concat	catboost	HPCLAS_TRAIN_N_000049	0	HPCLAS_TRAIN_P_001569	0	B_ambiguous	0.40946979737586053	0.6009607393939823	1
layers24_30_36_concat	catboost	HPCLAS_TRAIN_N_000054	0	HPCLAS_TRAIN_N_000054	0	A_clean_core	-5.082495564335647	0.006166148892705402	0
layers24_30_36_concat	catboost	HPCLAS_TRAIN_N_000061	0	HPCLAS_TRAIN_N_000061	0	A_clean_core	-5.035438083774513	0.006461328212164767	0
layers24_30_36_concat	catboost	HPCLAS_TRAIN_N_000069	0	HPCLAS_TRAIN_N_000069	0	D_hard_sample	1.5904540906713376	0.8306799808503004	1
layers24_30_36_concat	catboost	HPCLAS_TRAIN_N_000079	0	HPCLAS_TRAIN_N_000079	0	A_clean_core	-5.881173211806622	0.0027837374962220427	0
layers24_30_36_concat	catboost	HPCLAS_TRAIN_N_000086	0	HPCLAS_TRAIN_N_000086	0	A_clean_core	-5.636007159004349	0.003554403950665525	0
layers24_30_36_concat	catboost	HPCLAS_TRAIN_N_000088	0	HPCLAS_TRAIN_N_000088	0	D_hard_sample	2.0215104692290224	0.8830371045597595	1
layers24_30_36_concat	catboost	HPCLAS_TRAIN_N_000101	0	HPCLAS_TRAIN_N_000101	0	D_hard_sample	-3.9177497292844716	0.019498058499079547	0
layers24_30_36_concat	catboost	HPCLAS_TRAIN_N_000102	0	HPCLAS_TRAIN_N_000102	0	D_hard_sample	-1.2251618789179275	0.22702933170000858	0
layers24_30_36_concat	catboost	HPCLAS_TRAIN_N_000107	0	HPCLAS_TRAIN_N_000107	0	D_hard_sample	-0.6099404261971656	0.3520727876289268	0
layers24_30_36_concat	catboost	HPCLAS_TRAIN_N_000114	0	HPCLAS_TRAIN_N_000114	0	A_clean_core	-3.144232671236199	0.04131912943325194	0
layers24_30_36_concat	catboost	HPCLAS_TRAIN_N_000124	0	HPCLAS_TRAIN_N_000124	0	A_clean_core	-4.967383931740368	0.006913210386158418	0
layers24_30_36_concat	catboost	HPCLAS_TRAIN_N_000125	0	HPCLAS_TRAIN_N_000125	0	A_clean_core	-2.153772981443662	0.10397917823689061	0
layers24_30_36_concat	catboost	HPCLAS_TRAIN_N_000128	0	HPCLAS_TRAIN_N_000128	0	D_hard_sample	0.6271087572999766	0.6518335929831711	1
layers24_30_36_concat	catboost	HPCLAS_TRAIN_N_000136	0	HPCLAS_TRAIN_N_000136	0	A_clean_core	-6.4396583907379155	0.001594405931145249	0
layers24_30_36_concat	catboost	HPCLAS_TRAIN_N_000139	0	HPCLAS_TRAIN_N_000139	0	A_clean_core	-3.1820527547504223	0.039846723460199525	0
layers24_30_36_concat	catboost	HPCLAS_TRAIN_N_000140	0	HPCLAS_TRAIN_N_000140	0	A_clean_core	-1.3948076584953648	0.19864135060163715	0
layers24_30_36_concat	catboost	HPCLAS_TRAIN_N_000143	0	HPCLAS_TRAIN_P_000687	0	B_ambiguous	-1.732047504886372	0.15032586875471168	0
layers24_30_36_concat	catboost	HPCLAS_TRAIN_N_000147	0	HPCLAS_TRAIN_N_000147	0	A_clean_core	-2.3945369895912814	0.08359022808354315	0
layers24_30_36_concat	catboost	HPCLAS_TRAIN_N_000150	0	HPCLAS_TRAIN_N_000150	0	A_clean_core	-4.906186956773687	0.007346286291476094	0
layers24_30_36_concat	catboost	HPCLAS_TRAIN_N_000164	0	HPCLAS_TRAIN_N_000164	0	D_hard_sample	-1.5593328975121024	0.17374239272386793	0
layers24_30_36_concat	catboost	HPCLAS_TRAIN_N_000165	0	HPCLAS_TRAIN_N_000165	0	A_clean_core	-4.188521260475022	0.014942047433537909	0
layers24_30_36_concat	catboost	HPCLAS_TRAIN_N_000166	0	HPCLAS_TRAIN_N_000166	0	A_clean_core	-7.089636209332294	0.0008330061252360411	0
layers24_30_36_concat	catboost	HPCLAS_TRAIN_N_000171	0	HPCLAS_TRAIN_N_000171	0	D_hard_sample	-1.3442896130860031	0.20680551830190663	0
layers24_30_36_concat	catboost	HPCLAS_TRAIN_N_000172	0	HPCLAS_TRAIN_N_000172	0	D_hard_sample	-2.6166608236223716	0.06807382490586603	0
layers24_30_36_concat	catboost	HPCLAS_TRAIN_N_000173	0	HPCLAS_TRAIN_N_000173	0	D_hard_sample	-1.2554592334868047	0.2217565501656114	0
layers24_30_36_concat	catboost	HPCLAS_TRAIN_N_000175	0	HPCLAS_TRAIN_N_000175	0	A_clean_core	-5.076240054936724	0.006204602115504008	0
layers24_30_36_concat	catboost	HPCLAS_TRAIN_N_000177	0	HPCLAS_TRAIN_N_000177	0	A_clean_core	-5.6836919078438415	0.0033894516808673355	0
layers24_30_36_concat	catboost	HPCLAS_TRAIN_N_000196	0	HPCLAS_TRAIN_N_000196	0	A_clean_core	-2.6044293369341998	0.06885389920594367	0
layers24_30_36_concat	catboost	HPCLAS_TRAIN_N_000199	0	HPCLAS_TRAIN_N_000199	0	D_hard_sample	-3.671239202264912	0.02481354047301027	0
layers24_30_36_concat	catboost	HPCLAS_TRAIN_N_000203	0	HPCLAS_TRAIN_N_000203	0	A_clean_core	-3.733174576599368	0.023358137846528706	0
layers24_30_36_concat	catboost	HPCLAS_TRAIN_N_000205	0	HPCLAS_TRAIN_N_000205	0	A_clean_core	-5.491114765317363	0.004106313822026549	0
layers24_30_36_concat	catboost	HPCLAS_TRAIN_N_000208	0	HPCLAS_TRAIN_N_000208	0	A_clean_core	-2.7679734600057935	0.05907956653426689	0
layers24_30_36_concat	catboost	HPCLAS_TRAIN_N_000212	0	HPCLAS_TRAIN_N_000212	0	D_hard_sample	-3.649653562808097	0.025341258499573863	0
layers24_30_36_concat	catboost	HPCLAS_TRAIN_N_000217	0	HPCLAS_TRAIN_N_000217	0	A_clean_core	-3.1193879530296433	0.042314567514274246	0
layers24_30_36_concat	catboost	HPCLAS_TRAIN_N_000225	0	HPCLAS_TRAIN_N_000225	0	A_clean_core	-5.129291502627731	0.005885904832982106	0
layers24_30_36_concat	catboost	HPCLAS_TRAIN_N_000226	0	HPCLAS_TRAIN_N_000226	0	A_clean_core	-5.548664605417965	0.003877558016599581	0
layers24_30_36_concat	catboost	HPCLAS_TRAIN_N_000232	0	HPCLAS_TRAIN_N_000232	0	A_clean_core	-2.2617181913410476	0.09434345956148028	0
layers24_30_36_concat	catboost	HPCLAS_TRAIN_N_000234	0	HPCLAS_TRAIN_N_000234	0	A_clean_core	-3.65554568179056	0.025196134880382838	0
layers24_30_36_concat	catboost	HPCLAS_TRAIN_N_000235	0	HPCLAS_TRAIN_N_000235	0	A_clean_core	-5.691214332911355	0.003364135897023937	0
layers24_30_36_concat	catboost	HPCLAS_TRAIN_N_000237	0	HPCLAS_TRAIN_N_000237	0	B_ambiguous	-1.4466846463033425	0.19051232663686055	0
layers24_30_36_concat	catboost	HPCLAS_TRAIN_N_000238	0	HPCLAS_TRAIN_N_000238	0	A_clean_core	-1.7568891920955634	0.14718037475965018	0
layers24_30_36_concat	catboost	HPCLAS_TRAIN_N_000247	0	HPCLAS_TRAIN_N_000247	0	A_clean_core	-5.876271794686579	0.002797376985816455	0
layers24_30_36_concat	catboost	HPCLAS_TRAIN_N_000254	0	HPCLAS_TRAIN_N_000254	0	A_clean_core	-4.260506997573655	0.013918680074794354	0
layers24_30_36_concat	catboost	HPCLAS_TRAIN_N_000256	0	HPCLAS_TRAIN_N_000256	0	D_hard_sample	-2.7482495061707626	0.060185587654844025	0
layers24_30_36_concat	catboost	HPCLAS_TRAIN_N_000261	0	HPCLAS_TRAIN_N_000261	0	A_clean_core	-5.724147323884869	0.0032555041234073032	0
layers24_30_36_concat	catboost	HPCLAS_TRAIN_N_000262	0	HPCLAS_TRAIN_N_000262	0	A_clean_core	-1.6515358107307754	0.16090148838875717	0
layers24_30_36_concat	catboost	HPCLAS_TRAIN_N_000273	0	HPCLAS_TRAIN_N_000273	0	D_hard_sample	2.005175233289477	0.881339374354975	1
layers24_30_36_concat	catboost	HPCLAS_TRAIN_N_000274	0	HPCLAS_TRAIN_N_000274	0	A_clean_core	-6.501663404129609	0.0014986909988710523	0
layers24_30_36_concat	catboost	HPCLAS_TRAIN_N_000276	0	HPCLAS_TRAIN_N_000276	0	A_clean_core	-2.8788626419786256	0.05320840428265254	0
layers24_30_36_concat	catboost	HPCLAS_TRAIN_N_000279	0	HPCLAS_TRAIN_N_000279	0	A_clean_core	-4.5422144699961855	0.010537573747366063	0
layers24_30_36_concat	catboost	HPCLAS_TRAIN_N_000289	0	HPCLAS_TRAIN_N_000289	0	A_clean_core	-5.535471970368727	0.003928849836471112	0
layers24_30_36_concat	catboost	HPCLAS_TRAIN_N_000292	0	HPCLAS_TRAIN_N_000292	0	A_clean_core	-5.251109536395406	0.005214367170543609	0
layers24_30_36_concat	catboost	HPCLAS_TRAIN_N_000300	0	HPCLAS_TRAIN_N_000300	0	A_clean_core	-2.6829950359212544	0.06398426844705521	0
layers24_30_36_concat	catboost	HPCLAS_TRAIN_N_000309	0	HPCLAS_TRAIN_N_000309	0	A_clean_core	-2.3206063482878743	0.08943067038542717	0
layers24_30_36_concat	catboost	HPCLAS_TRAIN_N_000319	0	HPCLAS_TRAIN_P_006923	0	B_ambiguous	-1.6557530144227022	0.16033292835339352	0
layers24_30_36_concat	catboost	HPCLAS_TRAIN_N_000322	0	HPCLAS_TRAIN_N_000322	0	A_clean_core	-2.1901976261794447	0.10063420560718928	0
layers24_30_36_concat	catboost	HPCLAS_TRAIN_N_000328	0	HPCLAS_TRAIN_N_000328	0	A_clean_core	-4.378726085335451	0.012385988321541128	0
layers24_30_36_concat	catboost	HPCLAS_TRAIN_N_000336	0	HPCLAS_TRAIN_N_000336	0	D_hard_sample	1.47132031029174	0.8132579837484223	1
layers24_30_36_concat	catboost	HPCLAS_TRAIN_N_000342	0	HPCLAS_TRAIN_N_000342	0	A_clean_core	-6.219076468937077	0.001987126661097047	0
layers24_30_36_concat	catboost	HPCLAS_TRAIN_N_000351	0	HPCLAS_TRAIN_N_000351	0	B_ambiguous	-5.319008055037118	0.004873739801339723	0
layers24_30_36_concat	catboost	HPCLAS_TRAIN_N_000355	0	HPCLAS_TRAIN_N_000355	0	A_clean_core	-6.205231380508912	0.0020147741242346638	0
layers24_30_36_concat	catboost	HPCLAS_TRAIN_N_000363	0	HPCLAS_TRAIN_N_000363	0	A_clean_core	-2.3772000774355004	0.08492790942752976	0
layers24_30_36_concat	catboost	HPCLAS_TRAIN_N_000366	0	HPCLAS_TRAIN_N_000366	0	A_clean_core	-3.5883561245511917	0.026900116240926718	0
layers24_30_36_concat	catboost	HPCLAS_TRAIN_N_000368	0	HPCLAS_TRAIN_N_000368	0	A_clean_core	-1.1862106573035842	0.23393734160159999	0
layers24_30_36_concat	catboost	HPCLAS_TRAIN_N_000374	0	HPCLAS_TRAIN_N_000374	0	A_clean_core	-3.3058397671948345	0.035371393366878806	0
layers24_30_36_concat	catboost	HPCLAS_TRAIN_N_000377	0	HPCLAS_TRAIN_N_000377	0	A_clean_core	-1.875208395223174	0.13294021724397717	0
layers24_30_36_concat	catboost	HPCLAS_TRAIN_N_000381	0	HPCLAS_TRAIN_N_000381	0	A_clean_core	-0.42211621981690606	0.3960104683811101	0
layers24_30_36_concat	catboost	HPCLAS_TRAIN_N_000384	0	HPCLAS_TRAIN_N_000384	0	D_hard_sample	0.24535841778038522	0.5610337215523414	1
layers24_30_36_concat	catboost	HPCLAS_TRAIN_N_000391	0	HPCLAS_TRAIN_N_000391	0	D_hard_sample	-1.3583382721657633	0.20451050933348436	0
layers24_30_36_concat	catboost	HPCLAS_TRAIN_N_000395	0	HPCLAS_TRAIN_N_000395	0	B_ambiguous	3.4785269961877416	0.970070583123373	1
layers24_30_36_concat	catboost	HPCLAS_TRAIN_N_000400	0	HPCLAS_TRAIN_N_000400	0	D_hard_sample	-1.9317356988347698	0.12655858895069028	0
layers24_30_36_concat	catboost	HPCLAS_TRAIN_N_000401	0	HPCLAS_TRAIN_N_000401	0	D_hard_sample	-2.631294920185651	0.06715128872620223	0
layers24_30_36_concat	catboost	HPCLAS_TRAIN_N_000407	0	HPCLAS_TRAIN_N_000407	0	A_clean_core	-5.308448371914859	0.004925222815708653	0
layers24_30_36_concat	catboost	HPCLAS_TRAIN_N_000408	0	HPCLAS_TRAIN_N_000408	0	A_clean_core	-7.12498419561933	0.0008040986335912451	0
layers24_30_36_concat	catboost	HPCLAS_TRAIN_N_000415	0	HPCLAS_TRAIN_N_000415	0	A_clean_core	-6.879231286355183	0.0010278770789935068	0
layers24_30_36_concat	catboost	HPCLAS_TRAIN_N_000416	0	HPCLAS_TRAIN_N_000416	0	D_hard_sample	1.5048292428794519	0.8182936363018526	1
layers24_30_36_concat	catboost	HPCLAS_TRAIN_N_000417	0	HPCLAS_TRAIN_P_001196	0	B_ambiguous	-0.27326135269510343	0.43210661356838703	0
layers24_30_36_concat	catboost	HPCLAS_TRAIN_N_000430	0	HPCLAS_TRAIN_N_000430	0	A_clean_core	-3.597683817027345	0.02665702440877009	0
layers24_30_36_concat	catboost	HPCLAS_TRAIN_N_000433	0	HPCLAS_TRAIN_N_000433	0	A_clean_core	-7.111254973900447	0.0008152053512703561	0
layers24_30_36_concat	catboost	HPCLAS_TRAIN_N_000434	0	HPCLAS_TRAIN_P_004166	0	B_ambiguous	-0.7544134145690752	0.319860401313938	0
layers24_30_36_concat	catboost	HPCLAS_TRAIN_N_000454	0	HPCLAS_TRAIN_N_000454	0	A_clean_core	-5.397591688524779	0.004507065773531052	0
layers24_30_36_concat	catboost	HPCLAS_TRAIN_N_000461	0	HPCLAS_TRAIN_N_000461	0	A_clean_core	-5.805641421701295	0.003001487072574705	0
layers24_30_36_concat	catboost	HPCLAS_TRAIN_N_000465	0	HPCLAS_TRAIN_N_000465	0	A_clean_core	-5.442040606909155	0.004311963570523576	0
layers24_30_36_concat	catboost	HPCLAS_TRAIN_N_000479	0	HPCLAS_TRAIN_N_000479	0	D_hard_sample	-0.4937169805897	0.3790183337589703	0
layers24_30_36_concat	catboost	HPCLAS_TRAIN_N_000484	0	HPCLAS_TRAIN_N_000484	0	A_clean_core	-4.514915133537858	0.010826047863327085	0
layers24_30_36_concat	catboost	HPCLAS_TRAIN_N_000486	0	HPCLAS_TRAIN_N_000486	0	A_clean_core	-4.4249743340748156	0.011832826235707113	0
layers24_30_36_concat	catboost	HPCLAS_TRAIN_N_000498	0	HPCLAS_TRAIN_N_000498	0	D_hard_sample	-0.37497297897265397	0.4073399232868702	0
layers24_30_36_concat	catboost	HPCLAS_TRAIN_N_000517	0	HPCLAS_TRAIN_N_000517	0	A_clean_core	-2.381440033889673	0.08459897990663046	0
layers24_30_36_concat	catboost	HPCLAS_TRAIN_N_000526	0	HPCLAS_TRAIN_N_000526	0	A_clean_core	-0.6221198916659363	0.3492994688296516	0
layers24_30_36_concat	catboost	HPCLAS_TRAIN_N_000531	0	HPCLAS_TRAIN_N_000531	0	A_clean_core	-2.557421166746071	0.07192950402734209	0
layers24_30_36_concat	catboost	HPCLAS_TRAIN_N_000537	0	HPCLAS_TRAIN_N_000537	0	A_clean_core	-6.263027108826691	0.001901845088674977	0
layers24_30_36_concat	catboost	HPCLAS_TRAIN_N_000539	0	HPCLAS_TRAIN_N_000539	0	A_clean_core	-5.386799616394605	0.004555746971297273	0
layers24_30_36_concat	catboost	HPCLAS_TRAIN_N_000548	0	HPCLAS_TRAIN_N_000548	0	A_clean_core	-3.49124205513669	0.029562450637144678	0
layers24_30_36_concat	catboost	HPCLAS_TRAIN_N_000549	0	HPCLAS_TRAIN_N_000549	0	A_clean_core	-5.249309762822514	0.005223711233993918	0
layers24_30_36_concat	catboost	HPCLAS_TRAIN_N_000550	0	HPCLAS_TRAIN_P_000348	0	B_ambiguous	-4.980233187422292	0.006825551471350656	0
layers24_30_36_concat	catboost	HPCLAS_TRAIN_N_000551	0	HPCLAS_TRAIN_N_000551	0	A_clean_core	-5.561101632893371	0.003829814921464796	0
layers24_30_36_concat	catboost	HPCLAS_TRAIN_N_000560	0	HPCLAS_TRAIN_N_000560	0	A_clean_core	-2.505119799263255	0.07550004155242608	0
layers24_30_36_concat	catboost	HPCLAS_TRAIN_N_000564	0	HPCLAS_TRAIN_N_000564	0	D_hard_sample	-0.869792859723384	0.2952974054126873	0
layers24_30_36_concat	catboost	HPCLAS_TRAIN_N_000569	0	HPCLAS_TRAIN_N_000569	0	A_clean_core	-3.3993370198570116	0.03231619088992121	0
layers24_30_36_concat	catboost	HPCLAS_TRAIN_N_000572	0	HPCLAS_TRAIN_N_000572	0	D_hard_sample	-3.918554292743553	0.019482682892977297	0
layers24_30_36_concat	catboost	HPCLAS_TRAIN_N_000574	0	HPCLAS_TRAIN_N_000574	0	A_clean_core	-5.24153791759793	0.0052642527287744085	0
layers24_30_36_concat	catboost	HPCLAS_TRAIN_N_000579	0	HPCLAS_TRAIN_N_000579	0	B_ambiguous	-1.0812481491386743	0.25326988870351624	0
layers24_30_36_concat	catboost	HPCLAS_TRAIN_N_000580	0	HPCLAS_TRAIN_N_000580	0	A_clean_core	-7.783685592322905	0.00041630100901005783	0
layers24_30_36_concat	catboost	HPCLAS_TRAIN_N_000585	0	HPCLAS_TRAIN_N_000585	0	B_ambiguous	3.3053522274969653	0.9646119678841331	1
layers24_30_36_concat	catboost	HPCLAS_TRAIN_N_000592	0	HPCLAS_TRAIN_N_000592	0	A_clean_core	-5.293291359457689	0.0050000669901488545	0
layers24_30_36_concat	catboost	HPCLAS_TRAIN_N_000606	0	HPCLAS_TRAIN_N_000606	0	A_clean_core	-5.844039722934716	0.0028887463791884725	0
layers24_30_36_concat	catboost	HPCLAS_TRAIN_N_000610	0	HPCLAS_TRAIN_N_000610	0	A_clean_core	-0.03695171737200828	0.49076312165853087	0
layers24_30_36_concat	catboost	HPCLAS_TRAIN_N_000613	0	HPCLAS_TRAIN_N_000613	0	D_hard_sample	-4.2160941676426145	0.014541589089999364	0
layers24_30_36_concat	catboost	HPCLAS_TRAIN_N_000618	0	HPCLAS_TRAIN_N_000618	0	D_hard_sample	-1.061585166615448	0.25700664385385874	0
layers24_30_36_concat	catboost	HPCLAS_TRAIN_N_000620	0	HPCLAS_TRAIN_N_000620	0	A_clean_core	-4.386511606996314	0.01229111200013509	0
layers24_30_36_concat	catboost	HPCLAS_TRAIN_N_000621	0	HPCLAS_TRAIN_N_000621	0	B_ambiguous	-2.4430848410885293	0.07994571432347895	0
layers24_30_36_concat	catboost	HPCLAS_TRAIN_N_000625	0	HPCLAS_TRAIN_N_000625	0	A_clean_core	-3.6421836710066544	0.02552641358223101	0
layers24_30_36_concat	catboost	HPCLAS_TRAIN_N_000631	0	HPCLAS_TRAIN_N_000631	0	A_clean_core	-5.708004551137691	0.0033083081808561164	0
layers24_30_36_concat	catboost	HPCLAS_TRAIN_N_000642	0	HPCLAS_TRAIN_N_000642	0	A_clean_core	-2.9099669690021748	0.051663053762253296	0
layers24_30_36_concat	catboost	HPCLAS_TRAIN_N_000648	0	HPCLAS_TRAIN_N_000648	0	D_hard_sample	-1.2312898208207839	0.22595575665247403	0
layers24_30_36_concat	catboost	HPCLAS_TRAIN_N_000651	0	HPCLAS_TRAIN_N_000651	0	A_clean_core	-6.232853606360603	0.0019599907592577196	0
layers24_30_36_concat	catboost	HPCLAS_TRAIN_N_000653	0	HPCLAS_TRAIN_N_000653	0	A_clean_core	-1.9320025192958055	0.126529097152149	0
layers24_30_36_concat	catboost	HPCLAS_TRAIN_N_000654	0	HPCLAS_TRAIN_N_000654	0	A_clean_core	-5.101721567784643	0.006049441163059749	0
layers24_30_36_concat	catboost	HPCLAS_TRAIN_N_000663	0	HPCLAS_TRAIN_N_000663	0	D_hard_sample	0.3692769215610471	0.5912842456417893	1
layers24_30_36_concat	catboost	HPCLAS_TRAIN_N_000667	0	HPCLAS_TRAIN_N_000667	0	A_clean_core	-4.073313396147758	0.016736035638183336	0
layers24_30_36_concat	catboost	HPCLAS_TRAIN_N_000672	0	HPCLAS_TRAIN_N_000672	0	A_clean_core	-3.3342392228048316	0.03441507964138544	0
layers24_30_36_concat	catboost	HPCLAS_TRAIN_N_000692	0	HPCLAS_TRAIN_N_000692	0	A_clean_core	-1.2017823462632025	0.23115829877148739	0
layers24_30_36_concat	catboost	HPCLAS_TRAIN_N_000702	0	HPCLAS_TRAIN_N_000702	0	B_ambiguous	-0.000595503879077211	0.4998511240346303	0
layers24_30_36_concat	catboost	HPCLAS_TRAIN_N_000708	0	HPCLAS_TRAIN_N_000708	0	D_hard_sample	-1.3263686516635516	0.20976066720656047	0
layers24_30_36_concat	catboost	HPCLAS_TRAIN_N_000709	0	HPCLAS_TRAIN_N_000709	0	A_clean_core	-5.062355568737686	0.0062908049456580194	0
layers24_30_36_concat	catboost	HPCLAS_TRAIN_N_000710	0	HPCLAS_TRAIN_N_000710	0	A_clean_core	-5.245024151950095	0.005246028373027597	0
layers24_30_36_concat	catboost	HPCLAS_TRAIN_N_000713	0	HPCLAS_TRAIN_N_000713	0	A_clean_core	-2.6408767609891206	0.06655354682058816	0
layers24_30_36_concat	catboost	HPCLAS_TRAIN_N_000718	0	HPCLAS_TRAIN_N_000718	0	A_clean_core	-4.06878361936054	0.016810740784245944	0
layers24_30_36_concat	catboost	HPCLAS_TRAIN_N_000724	0	HPCLAS_TRAIN_N_000724	0	A_clean_core	-5.065690241395912	0.0062699934200184685	0
layers24_30_36_concat	catboost	HPCLAS_TRAIN_N_000726	0	HPCLAS_TRAIN_N_000726	0	A_clean_core	-3.883237766348436	0.02016891243996433	0
layers24_30_36_concat	catboost	HPCLAS_TRAIN_N_000732	0	HPCLAS_TRAIN_N_000732	0	A_clean_core	-2.0870270761865415	0.11036412964275687	0
layers24_30_36_concat	catboost	HPCLAS_TRAIN_N_000736	0	HPCLAS_TRAIN_P_006659	0	B_ambiguous	4.241694663618245	0.9858207464912345	1
layers24_30_36_concat	catboost	HPCLAS_TRAIN_N_000738	0	HPCLAS_TRAIN_N_000738	0	A_clean_core	-5.51423283299713	0.004012849243941196	0
layers24_30_36_concat	catboost	HPCLAS_TRAIN_N_000749	0	HPCLAS_TRAIN_N_000749	0	D_hard_sample	-3.939321797783784	0.01908989282852892	0
layers24_30_36_concat	catboost	HPCLAS_TRAIN_N_000761	0	HPCLAS_TRAIN_N_000761	0	A_clean_core	-5.06984925822115	0.006244133054323367	0
layers24_30_36_concat	catboost	HPCLAS_TRAIN_N_000764	0	HPCLAS_TRAIN_N_000764	0	B_ambiguous	-3.2690617340506707	0.03664793923244175	0
layers24_30_36_concat	catboost	HPCLAS_TRAIN_N_000777	0	HPCLAS_TRAIN_N_000777	0	A_clean_core	-4.033994459674289	0.01739551175399556	0
layers24_30_36_concat	catboost	HPCLAS_TRAIN_N_000780	0	HPCLAS_TRAIN_N_000780	0	A_clean_core	-6.172021034320637	0.0020826672535025994	0
layers24_30_36_concat	catboost	HPCLAS_TRAIN_N_000799	0	HPCLAS_TRAIN_N_000799	0	A_clean_core	-3.3124138744595806	0.03514776700776763	0
layers24_30_36_concat	catboost	HPCLAS_TRAIN_N_000810	0	HPCLAS_TRAIN_N_000810	0	A_clean_core	-7.077984118180098	0.0008427609300473219	0
layers24_30_36_concat	catboost	HPCLAS_TRAIN_N_000819	0	HPCLAS_TRAIN_N_000819	0	A_clean_core	-4.065305938020922	0.01686831707945911	0
layers24_30_36_concat	catboost	HPCLAS_TRAIN_N_000822	0	HPCLAS_TRAIN_N_000822	0	A_clean_core	-3.438263077492715	0.031120813752568886	0
layers24_30_36_concat	catboost	HPCLAS_TRAIN_N_000836	0	HPCLAS_TRAIN_N_000836	0	A_clean_core	-5.84311652041138	0.0028914067939100115	0
layers24_30_36_concat	catboost	HPCLAS_TRAIN_N_000842	0	HPCLAS_TRAIN_N_000842	0	A_clean_core	-4.964538249200602	0.006932774624748547	0
layers24_30_36_concat	catboost	HPCLAS_TRAIN_N_000843	0	HPCLAS_TRAIN_N_000843	0	A_clean_core	-5.411702066332001	0.004444196604551984	0
layers24_30_36_concat	catboost	HPCLAS_TRAIN_N_000848	0	HPCLAS_TRAIN_N_000848	0	D_hard_sample	-0.9111943996650499	0.2867554883258741	0
layers24_30_36_concat	catboost	HPCLAS_TRAIN_N_000849	0	HPCLAS_TRAIN_N_000849	0	D_hard_sample	-0.6928158694497872	0.3334069620894769	0
layers24_30_36_concat	catboost	HPCLAS_TRAIN_N_000852	0	HPCLAS_TRAIN_N_000852	0	A_clean_core	-2.0762272541370526	0.11142896865765713	0
layers24_30_36_concat	catboost	HPCLAS_TRAIN_N_000863	0	HPCLAS_TRAIN_N_000863	0	A_clean_core	-3.5486385786572585	0.02795955047148442	0
layers24_30_36_concat	catboost	HPCLAS_TRAIN_N_000871	0	HPCLAS_TRAIN_N_000871	0	A_clean_core	-3.266515832232608	0.036737928066134004	0
layers24_30_36_concat	catboost	HPCLAS_TRAIN_N_000878	0	HPCLAS_TRAIN_N_000878	0	D_hard_sample	-0.17868048678790074	0.45544834760922953	0
layers24_30_36_concat	catboost	HPCLAS_TRAIN_N_000888	0	HPCLAS_TRAIN_N_000888	0	A_clean_core	-5.217718566822064	0.005390465075646242	0
layers24_30_36_concat	catboost	HPCLAS_TRAIN_N_000889	0	HPCLAS_TRAIN_N_000889	0	A_clean_core	-4.203785124313854	0.014719037403803367	0
layers24_30_36_concat	catboost	HPCLAS_TRAIN_N_000897	0	HPCLAS_TRAIN_N_000897	0	A_clean_core	-3.641610953494588	0.025540663696771528	0
layers24_30_36_concat	catboost	HPCLAS_TRAIN_N_000904	0	HPCLAS_TRAIN_N_000904	0	A_clean_core	-7.13257346236506	0.0007980240644472455	0
layers24_30_36_concat	catboost	HPCLAS_TRAIN_N_000905	0	HPCLAS_TRAIN_N_000905	0	A_clean_core	-5.191146345596738	0.00553481831686761	0
layers24_30_36_concat	catboost	HPCLAS_TRAIN_N_000910	0	HPCLAS_TRAIN_N_000910	0	A_clean_core	-3.960627036328372	0.01869500318704948	0
layers24_30_36_concat	catboost	HPCLAS_TRAIN_N_000913	0	HPCLAS_TRAIN_N_000913	0	A_clean_core	-2.952629066178407	0.04961240154281512	0
layers24_30_36_concat	catboost	HPCLAS_TRAIN_N_000916	0	HPCLAS_TRAIN_N_000916	0	A_clean_core	-4.197788610186624	0.014806254714893519	0
layers24_30_36_concat	catboost	HPCLAS_TRAIN_N_000917	0	HPCLAS_TRAIN_N_000917	0	A_clean_core	-4.504359212466797	0.010939675261780333	0
layers24_30_36_concat	catboost	HPCLAS_TRAIN_N_000918	0	HPCLAS_TRAIN_N_000918	0	D_hard_sample	-1.3154831826777227	0.21157075574727024	0
layers24_30_36_concat	catboost	HPCLAS_TRAIN_N_000921	0	HPCLAS_TRAIN_N_000921	0	D_hard_sample	-1.9340701073469424	0.126300764782051	0
layers24_30_36_concat	catboost	HPCLAS_TRAIN_N_000922	0	HPCLAS_TRAIN_N_000922	0	D_hard_sample	-1.7339048684439113	0.15008878546574758	0
layers24_30_36_concat	catboost	HPCLAS_TRAIN_N_000925	0	HPCLAS_TRAIN_N_000925	0	A_clean_core	-3.260091514337381	0.036965951296739484	0
layers24_30_36_concat	catboost	HPCLAS_TRAIN_N_000926	0	HPCLAS_TRAIN_N_000926	0	A_clean_core	-5.005576573581638	0.0066558793503522975	0
layers24_30_36_concat	catboost	HPCLAS_TRAIN_N_000930	0	HPCLAS_TRAIN_N_000930	0	A_clean_core	-5.627154376977987	0.0035858966723688558	0
layers24_30_36_concat	catboost	HPCLAS_TRAIN_N_000931	0	HPCLAS_TRAIN_N_000931	0	B_ambiguous	-3.268016468123326	0.03668486008617646	0
layers24_30_36_concat	catboost	HPCLAS_TRAIN_N_000933	0	HPCLAS_TRAIN_N_000933	0	A_clean_core	-2.0597842129942574	0.11306746808018048	0
layers24_30_36_concat	catboost	HPCLAS_TRAIN_N_000945	0	HPCLAS_TRAIN_N_000945	0	A_clean_core	-4.413229349836092	0.01197094844837285	0
layers24_30_36_concat	catboost	HPCLAS_TRAIN_N_000946	0	HPCLAS_TRAIN_N_000946	0	D_hard_sample	-0.7183614264385226	0.327753910001706	0
layers24_30_36_concat	catboost	HPCLAS_TRAIN_N_000952	0	HPCLAS_TRAIN_N_000952	0	D_hard_sample	-0.7682447812520048	0.3168589175734585	0
layers24_30_36_concat	catboost	HPCLAS_TRAIN_N_000957	0	HPCLAS_TRAIN_N_000957	0	A_clean_core	-5.023266806388323	0.006539933908074113	0
layers24_30_36_concat	catboost	HPCLAS_TRAIN_N_000958	0	HPCLAS_TRAIN_N_000958	0	A_clean_core	-3.6927198239197456	0.024299027640934234	0
layers24_30_36_concat	catboost	HPCLAS_TRAIN_N_000965	0	HPCLAS_TRAIN_N_000965	0	D_hard_sample	-4.294596121722656	0.013458478677533003	0
layers24_30_36_concat	catboost	HPCLAS_TRAIN_N_000967	0	HPCLAS_TRAIN_N_000967	0	A_clean_core	-4.322714222694832	0.013090207310441864	0
layers24_30_36_concat	catboost	HPCLAS_TRAIN_N_000969	0	HPCLAS_TRAIN_N_000969	0	A_clean_core	-5.231875274098173	0.005315094201366226	0
layers24_30_36_concat	catboost	HPCLAS_TRAIN_N_000994	0	HPCLAS_TRAIN_N_000994	0	D_hard_sample	1.1655934390686606	0.7623475857434263	1
layers24_30_36_concat	catboost	HPCLAS_TRAIN_N_000995	0	HPCLAS_TRAIN_N_000995	0	B_ambiguous	0.40638903877308163	0.6002217228581526	1
layers24_30_36_concat	catboost	HPCLAS_TRAIN_N_001000	0	HPCLAS_TRAIN_N_001000	0	A_clean_core	-3.8815504352898675	0.02020228470272556	0
layers24_30_36_concat	catboost	HPCLAS_TRAIN_N_001004	0	HPCLAS_TRAIN_N_001004	0	A_clean_core	-3.144466735901852	0.041309858692083035	0
layers24_30_36_concat	catboost	HPCLAS_TRAIN_N_001012	0	HPCLAS_TRAIN_N_001012	0	D_hard_sample	-1.0892441749877606	0.251760631888689	0
layers24_30_36_concat	catboost	HPCLAS_TRAIN_N_001019	0	HPCLAS_TRAIN_N_001019	0	A_clean_core	-5.559313379211355	0.003836643429886936	0
layers24_30_36_concat	catboost	HPCLAS_TRAIN_N_001022	0	HPCLAS_TRAIN_N_001022	0	A_clean_core	-1.7510770046257262	0.1479114077578044	0
layers24_30_36_concat	catboost	HPCLAS_TRAIN_N_001023	0	HPCLAS_TRAIN_N_001023	0	A_clean_core	-3.2248065935683985	0.0382428046758432	0
layers24_30_36_concat	catboost	HPCLAS_TRAIN_N_001025	0	HPCLAS_TRAIN_N_001025	0	A_clean_core	-5.618662663122669	0.0036163661469348018	0
layers24_30_36_concat	catboost	HPCLAS_TRAIN_N_001026	0	HPCLAS_TRAIN_N_001026	0	A_clean_core	-4.150063273286653	0.015518789862220585	0
layers24_30_36_concat	catboost	HPCLAS_TRAIN_N_001029	0	HPCLAS_TRAIN_N_001029	0	A_clean_core	-5.274129514747666	0.0050963083537197	0
layers24_30_36_concat	catboost	HPCLAS_TRAIN_N_001031	0	HPCLAS_TRAIN_N_001031	0	A_clean_core	-4.6661405139296885	0.009320816553200696	0
layers24_30_36_concat	catboost	HPCLAS_TRAIN_N_001037	0	HPCLAS_TRAIN_N_001037	0	A_clean_core	-6.73192000161796	0.001190821905809489	0
layers24_30_36_concat	catboost	HPCLAS_TRAIN_N_001040	0	HPCLAS_TRAIN_N_001040	0	A_clean_core	-2.4722474166339987	0.07782678542357489	0
layers24_30_36_concat	catboost	HPCLAS_TRAIN_N_001046	0	HPCLAS_TRAIN_N_001046	0	D_hard_sample	-3.261693483780056	0.03690896431725184	0
layers24_30_36_concat	catboost	HPCLAS_TRAIN_N_001058	0	HPCLAS_TRAIN_N_001058	0	A_clean_core	-5.272315880069996	0.005105512349656616	0
layers24_30_36_concat	catboost	HPCLAS_TRAIN_N_001065	0	HPCLAS_TRAIN_N_001065	0	D_hard_sample	-0.7823151681100772	0.3138211289564053	0
layers24_30_36_concat	catboost	HPCLAS_TRAIN_N_001066	0	HPCLAS_TRAIN_N_001066	0	A_clean_core	-7.545180177445295	0.0005283726800763327	0
layers24_30_36_concat	catboost	HPCLAS_TRAIN_N_001076	0	HPCLAS_TRAIN_N_001076	0	A_clean_core	-1.223702292401011	0.2272855722268619	0
layers24_30_36_concat	catboost	HPCLAS_TRAIN_N_001079	0	HPCLAS_TRAIN_N_001079	0	A_clean_core	-4.406940046750504	0.012045564870470996	0
layers24_30_36_concat	catboost	HPCLAS_TRAIN_N_001093	0	HPCLAS_TRAIN_N_001093	0	A_clean_core	-5.570262061759225	0.003795024903228999	0
layers24_30_36_concat	catboost	HPCLAS_TRAIN_N_001095	0	HPCLAS_TRAIN_N_001095	0	A_clean_core	-1.666151320333529	0.158937982570408	0
layers24_30_36_concat	catboost	HPCLAS_TRAIN_N_001102	0	HPCLAS_TRAIN_N_001102	0	A_clean_core	-6.306165493601882	0.0018216932592948355	0
layers24_30_36_concat	catboost	HPCLAS_TRAIN_N_001105	0	HPCLAS_TRAIN_N_001105	0	A_clean_core	-3.180215564223046	0.039917071914977634	0
layers24_30_36_concat	catboost	HPCLAS_TRAIN_N_001106	0	HPCLAS_TRAIN_N_001106	0	A_clean_core	-3.1270360832858186	0.042005716958096254	0
layers24_30_36_concat	catboost	HPCLAS_TRAIN_N_001113	0	HPCLAS_TRAIN_N_001113	0	D_hard_sample	1.306526029856397	0.7869312543410554	1
layers24_30_36_concat	catboost	HPCLAS_TRAIN_N_001120	0	HPCLAS_TRAIN_N_001120	0	A_clean_core	-4.997607016164968	0.006708778410848033	0
layers24_30_36_concat	catboost	HPCLAS_TRAIN_N_001122	0	HPCLAS_TRAIN_N_001122	0	A_clean_core	-5.764851019988214	0.0031260596166607793	0
layers24_30_36_concat	catboost	HPCLAS_TRAIN_N_001134	0	HPCLAS_TRAIN_N_001134	0	A_clean_core	-3.194180309355672	0.0393853163615193	0
layers24_30_36_concat	catboost	HPCLAS_TRAIN_N_001136	0	HPCLAS_TRAIN_N_001136	0	A_clean_core	-2.9331944061599793	0.05053682794186576	0
layers24_30_36_concat	catboost	HPCLAS_TRAIN_N_001140	0	HPCLAS_TRAIN_N_001140	0	D_hard_sample	1.7074445171305797	0.8465045325097784	1
layers24_30_36_concat	catboost	HPCLAS_TRAIN_N_001141	0	HPCLAS_TRAIN_N_001141	0	A_clean_core	-4.747678564603524	0.008597249234205151	0
layers24_30_36_concat	catboost	HPCLAS_TRAIN_N_001142	0	HPCLAS_TRAIN_P_004373	0	B_ambiguous	-3.448284276075587	0.03082006712380826	0
layers24_30_36_concat	catboost	HPCLAS_TRAIN_N_001149	0	HPCLAS_TRAIN_N_001149	0	A_clean_core	-4.270339761450341	0.013784368903543613	0
layers24_30_36_concat	catboost	HPCLAS_TRAIN_N_001153	0	HPCLAS_TRAIN_N_001153	0	A_clean_core	-5.906441326925335	0.0027144674787670316	0
layers24_30_36_concat	catboost	HPCLAS_TRAIN_N_001157	0	HPCLAS_TRAIN_N_001157	0	D_hard_sample	0.4767742283211117	0.6169858669900623	1
layers24_30_36_concat	catboost	HPCLAS_TRAIN_N_001164	0	HPCLAS_TRAIN_N_001164	0	A_clean_core	-1.3701443782316838	0.20259652095726263	0
layers24_30_36_concat	catboost	HPCLAS_TRAIN_N_001173	0	HPCLAS_TRAIN_N_001173	0	A_clean_core	-6.5720797394103405	0.001396930922512201	0
layers24_30_36_concat	catboost	HPCLAS_TRAIN_N_001176	0	HPCLAS_TRAIN_N_001176	0	D_hard_sample	-1.3440851880419027	0.2068390535818916	0
layers24_30_36_concat	catboost	HPCLAS_TRAIN_N_001178	0	HPCLAS_TRAIN_N_001178	0	A_clean_core	-5.66331480977388	0.003458986015687024	0
layers24_30_36_concat	catboost	HPCLAS_TRAIN_N_001180	0	HPCLAS_TRAIN_N_001180	0	A_clean_core	-0.01715433573002757	0.49571152123163903	0
layers24_30_36_concat	catboost	HPCLAS_TRAIN_N_001182	0	HPCLAS_TRAIN_N_001182	0	A_clean_core	-5.186358988215995	0.005561231287107795	0
layers24_30_36_concat	catboost	HPCLAS_TRAIN_N_001183	0	HPCLAS_TRAIN_N_001183	0	A_clean_core	-3.7789590403106135	0.022336159102026285	0
layers24_30_36_concat	catboost	HPCLAS_TRAIN_N_001190	0	HPCLAS_TRAIN_N_001190	0	A_clean_core	-4.776367164310648	0.008356142224339376	0
layers24_30_36_concat	catboost	HPCLAS_TRAIN_N_001194	0	HPCLAS_TRAIN_N_001194	0	A_clean_core	-7.902117893713053	0.00036982235676477236	0
layers24_30_36_concat	catboost	HPCLAS_TRAIN_N_001195	0	HPCLAS_TRAIN_N_001195	0	A_clean_core	-5.970274376432201	0.002547036729549825	0
layers24_30_36_concat	catboost	HPCLAS_TRAIN_N_001202	0	HPCLAS_TRAIN_N_001202	0	A_clean_core	-5.24056522517975	0.005269348723813775	0
layers24_30_36_concat	catboost	HPCLAS_TRAIN_N_001204	0	HPCLAS_TRAIN_N_001204	0	B_ambiguous	-3.1995631259896	0.03918216644886769	0
layers24_30_36_concat	catboost	HPCLAS_TRAIN_N_001205	0	HPCLAS_TRAIN_N_001205	0	A_clean_core	-2.2622294694586094	0.09429978360175231	0
layers24_30_36_concat	catboost	HPCLAS_TRAIN_N_001210	0	HPCLAS_TRAIN_N_001210	0	A_clean_core	-4.731149524800752	0.008739282220359022	0
layers24_30_36_concat	catboost	HPCLAS_TRAIN_N_001212	0	HPCLAS_TRAIN_N_001212	0	D_hard_sample	-1.092693711552309	0.2511113744037469	0
layers24_30_36_concat	catboost	HPCLAS_TRAIN_N_001217	0	HPCLAS_TRAIN_N_001217	0	A_clean_core	-6.138313803908052	0.002153910960599939	0
layers24_30_36_concat	catboost	HPCLAS_TRAIN_N_001228	0	HPCLAS_TRAIN_N_001228	0	B_ambiguous	2.5607231438957165	0.9282906102782043	1
layers24_30_36_concat	catboost	HPCLAS_TRAIN_N_001234	0	HPCLAS_TRAIN_N_001234	0	A_clean_core	-6.036124508845701	0.002385104209353903	0
layers24_30_36_concat	catboost	HPCLAS_TRAIN_N_001238	0	HPCLAS_TRAIN_N_001238	0	D_hard_sample	-0.8562500671254171	0.29812340904381257	0
layers24_30_36_concat	catboost	HPCLAS_TRAIN_N_001242	0	HPCLAS_TRAIN_N_001242	0	D_hard_sample	-2.555055641660137	0.07208757618514883	0
layers24_30_36_concat	catboost	HPCLAS_TRAIN_N_001244	0	HPCLAS_TRAIN_N_001244	0	D_hard_sample	1.3204634209102362	0.7892587973527097	1
layers24_30_36_concat	catboost	HPCLAS_TRAIN_N_001250	0	HPCLAS_TRAIN_N_001250	0	A_clean_core	-5.179627317725785	0.00559858365382608	0
layers24_30_36_concat	catboost	HPCLAS_TRAIN_N_001262	0	HPCLAS_TRAIN_N_001262	0	A_clean_core	-2.8864911089660588	0.052825410171092414	0
layers24_30_36_concat	catboost	HPCLAS_TRAIN_N_001274	0	HPCLAS_TRAIN_N_001274	0	A_clean_core	-4.683481437270722	0.009162046452453465	0
layers24_30_36_concat	catboost	HPCLAS_TRAIN_N_001276	0	HPCLAS_TRAIN_N_001276	0	D_hard_sample	0.7962351740884956	0.6891685729089763	1
layers24_30_36_concat	catboost	HPCLAS_TRAIN_N_001279	0	HPCLAS_TRAIN_N_001279	0	A_clean_core	-4.756823616376964	0.008519652134948744	0
layers24_30_36_concat	catboost	HPCLAS_TRAIN_N_001281	0	HPCLAS_TRAIN_N_001281	0	A_clean_core	-5.6244043486852435	0.0035957360540665923	0
layers24_30_36_concat	catboost	HPCLAS_TRAIN_N_001284	0	HPCLAS_TRAIN_N_001284	0	A_clean_core	-4.746688414623818	0.008605692723301766	0
layers24_30_36_concat	catboost	HPCLAS_TRAIN_N_001296	0	HPCLAS_TRAIN_N_001296	0	A_clean_core	-4.340837334587069	0.01285813173908317	0
layers24_30_36_concat	catboost	HPCLAS_TRAIN_N_001302	0	HPCLAS_TRAIN_N_001302	0	A_clean_core	-5.465104070980456	0.004214067092984525	0
layers24_30_36_concat	catboost	HPCLAS_TRAIN_N_001306	0	HPCLAS_TRAIN_N_001306	0	A_clean_core	-5.532631784393748	0.003939980334617141	0
layers24_30_36_concat	catboost	HPCLAS_TRAIN_N_001316	0	HPCLAS_TRAIN_N_001316	0	A_clean_core	-3.433188941302195	0.03127417521531777	0
layers24_30_36_concat	catboost	HPCLAS_TRAIN_N_001325	0	HPCLAS_TRAIN_N_001325	0	A_clean_core	-3.322757706019655	0.03479866455958691	0
layers24_30_36_concat	catboost	HPCLAS_TRAIN_N_001326	0	HPCLAS_TRAIN_N_001326	0	A_clean_core	-6.482235008856677	0.0015280479231131526	0
layers24_30_36_concat	catboost	HPCLAS_TRAIN_N_001331	0	HPCLAS_TRAIN_N_001331	0	D_hard_sample	0.918064127682511	0.7146474942215902	1
layers24_30_36_concat	catboost	HPCLAS_TRAIN_N_001339	0	HPCLAS_TRAIN_N_001339	0	A_clean_core	-5.283116130124254	0.005050945252401126	0
layers24_30_36_concat	catboost	HPCLAS_TRAIN_N_001343	0	HPCLAS_TRAIN_N_001343	0	D_hard_sample	1.7051070893557245	0.8462005736991427	1
layers24_30_36_concat	catboost	HPCLAS_TRAIN_N_001345	0	HPCLAS_TRAIN_N_001345	0	A_clean_core	-4.324841712687842	0.013062751030496072	0
layers24_30_36_concat	catboost	HPCLAS_TRAIN_N_001349	0	HPCLAS_TRAIN_N_001349	0	A_clean_core	-5.514838252482778	0.004010430262307516	0
layers24_30_36_concat	catboost	HPCLAS_TRAIN_N_001361	0	HPCLAS_TRAIN_N_001361	0	D_hard_sample	-3.0347438252795826	0.04588071494605268	0
layers24_30_36_concat	catboost	HPCLAS_TRAIN_N_001366	0	HPCLAS_TRAIN_N_001366	0	D_hard_sample	2.3286383696343074	0.9112212464758656	1
layers24_30_36_concat	catboost	HPCLAS_TRAIN_N_001377	0	HPCLAS_TRAIN_N_001377	0	A_clean_core	-6.982645191790372	0.0009269855251619846	0
layers24_30_36_concat	catboost	HPCLAS_TRAIN_N_001387	0	HPCLAS_TRAIN_N_001387	0	A_clean_core	-4.386995638814719	0.01228523722117836	0
layers24_30_36_concat	catboost	HPCLAS_TRAIN_N_001391	0	HPCLAS_TRAIN_N_001391	0	A_clean_core	-2.203209532767721	0.09946264204053887	0
layers24_30_36_concat	catboost	HPCLAS_TRAIN_N_001395	0	HPCLAS_TRAIN_N_001395	0	A_clean_core	-6.692477211127949	0.0012386705031715108	0
layers24_30_36_concat	catboost	HPCLAS_TRAIN_N_001398	0	HPCLAS_TRAIN_N_001398	0	A_clean_core	-4.198246824141577	0.014799572220184862	0
layers24_30_36_concat	catboost	HPCLAS_TRAIN_N_001401	0	HPCLAS_TRAIN_N_001401	0	A_clean_core	-5.667235988686223	0.0034454959108116204	0
layers24_30_36_concat	catboost	HPCLAS_TRAIN_N_001403	0	HPCLAS_TRAIN_N_001403	0	A_clean_core	-4.224135773032518	0.014426800566571434	0
layers24_30_36_concat	catboost	HPCLAS_TRAIN_N_001404	0	HPCLAS_TRAIN_N_001404	0	A_clean_core	-7.309998643063935	0.0006683709411252678	0
layers24_30_36_concat	catboost	HPCLAS_TRAIN_N_001405	0	HPCLAS_TRAIN_N_001405	0	A_clean_core	-5.918541797122356	0.002681906634797724	0
layers24_30_36_concat	catboost	HPCLAS_TRAIN_N_001413	0	HPCLAS_TRAIN_N_001413	0	A_clean_core	-4.067018644946995	0.016839937419857075	0
layers24_30_36_concat	catboost	HPCLAS_TRAIN_N_001414	0	HPCLAS_TRAIN_N_001414	0	A_clean_core	-1.0225369427247726	0.264533529512122	0
layers24_30_36_concat	catboost	HPCLAS_TRAIN_N_001416	0	HPCLAS_TRAIN_N_001416	0	A_clean_core	-4.130167653682149	0.015825702507160574	0
layers24_30_36_concat	catboost	HPCLAS_TRAIN_N_001417	0	HPCLAS_TRAIN_N_001417	0	A_clean_core	-4.528800407021508	0.010678358155810235	0
layers24_30_36_concat	catboost	HPCLAS_TRAIN_N_001419	0	HPCLAS_TRAIN_N_001419	0	A_clean_core	-5.856297712197522	0.00285365273375582	0
layers24_30_36_concat	catboost	HPCLAS_TRAIN_N_001422	0	HPCLAS_TRAIN_N_001422	0	D_hard_sample	-0.43461196655449763	0.393025575974845	0
layers24_30_36_concat	catboost	HPCLAS_TRAIN_N_001425	0	HPCLAS_TRAIN_N_001425	0	A_clean_core	0.05246973355668924	0.5131144247798867	1
layers24_30_36_concat	catboost	HPCLAS_TRAIN_N_001429	0	HPCLAS_TRAIN_N_001429	0	A_clean_core	-3.0750741824403764	0.04414721008453288	0
layers24_30_36_concat	catboost	HPCLAS_TRAIN_N_001439	0	HPCLAS_TRAIN_N_001439	0	A_clean_core	-4.368383204266291	0.012513148574306219	0
layers24_30_36_concat	catboost	HPCLAS_TRAIN_N_001440	0	HPCLAS_TRAIN_N_001440	0	D_hard_sample	-0.17130360992227459	0.4572785180232831	0
layers24_30_36_concat	catboost	HPCLAS_TRAIN_N_001466	0	HPCLAS_TRAIN_N_001466	0	B_ambiguous	-5.171960570686309	0.005641428462159804	0
layers24_30_36_concat	catboost	HPCLAS_TRAIN_N_001468	0	HPCLAS_TRAIN_N_001468	0	D_hard_sample	-3.865050355941663	0.020531488527071467	0
layers24_30_36_concat	catboost	HPCLAS_TRAIN_N_001469	0	HPCLAS_TRAIN_N_001469	0	A_clean_core	-5.808317249763689	0.002993490355037044	0
layers24_30_36_concat	catboost	HPCLAS_TRAIN_N_001489	0	HPCLAS_TRAIN_N_001489	0	D_hard_sample	1.00952070414011	0.7329263397920196	1
layers24_30_36_concat	catboost	HPCLAS_TRAIN_N_001501	0	HPCLAS_TRAIN_N_001501	0	A_clean_core	-7.311126176357337	0.0006676182581782115	0
layers24_30_36_concat	catboost	HPCLAS_TRAIN_N_001515	0	HPCLAS_TRAIN_N_001515	0	A_clean_core	-2.03932326955425	0.11513565900912183	0
layers24_30_36_concat	catboost	HPCLAS_TRAIN_N_001517	0	HPCLAS_TRAIN_P_004877	0	B_ambiguous	-1.5902599665212591	0.16934732460978563	0
layers24_30_36_concat	catboost	HPCLAS_TRAIN_N_001527	0	HPCLAS_TRAIN_N_001527	0	A_clean_core	-2.5626159367088466	0.07158349398962707	0
layers24_30_36_concat	catboost	HPCLAS_TRAIN_N_001533	0	HPCLAS_TRAIN_N_001533	0	A_clean_core	-5.140332262740306	0.005821653632760671	0
layers24_30_36_concat	catboost	HPCLAS_TRAIN_N_001534	0	HPCLAS_TRAIN_N_001534	0	D_hard_sample	-2.370445058313296	0.08545435086207129	0
layers24_30_36_concat	catboost	HPCLAS_TRAIN_N_001540	0	HPCLAS_TRAIN_N_001540	0	A_clean_core	-2.326778259340348	0.08892934617482408	0
layers24_30_36_concat	catboost	HPCLAS_TRAIN_N_001541	0	HPCLAS_TRAIN_N_001541	0	A_clean_core	-4.6768991202617025	0.009221994874563611	0
layers24_30_36_concat	catboost	HPCLAS_TRAIN_N_001544	0	HPCLAS_TRAIN_N_001544	0	A_clean_core	-5.859724705599155	0.002843917786942641	0
layers24_30_36_concat	catboost	HPCLAS_TRAIN_N_001549	0	HPCLAS_TRAIN_N_001549	0	A_clean_core	-3.9825165884506597	0.018297630811212825	0
layers24_30_36_concat	catboost	HPCLAS_TRAIN_N_001552	0	HPCLAS_TRAIN_N_001552	0	A_clean_core	-2.232414602329782	0.0968771768923849	0
layers24_30_36_concat	catboost	HPCLAS_TRAIN_N_001556	0	HPCLAS_TRAIN_N_001556	0	A_clean_core	-4.817490475158979	0.00802218053806154	0
layers24_30_36_concat	catboost	HPCLAS_TRAIN_N_001557	0	HPCLAS_TRAIN_N_001557	0	A_clean_core	-5.127965605193664	0.0058936680897899605	0
layers24_30_36_concat	catboost	HPCLAS_TRAIN_N_001571	0	HPCLAS_TRAIN_N_001571	0	D_hard_sample	-4.629638126787769	0.00966398575422591	0
layers24_30_36_concat	catboost	HPCLAS_TRAIN_N_001574	0	HPCLAS_TRAIN_N_001574	0	A_clean_core	-7.008858966591254	0.000903023123292206	0
layers24_30_36_concat	catboost	HPCLAS_TRAIN_N_001576	0	HPCLAS_TRAIN_N_001576	0	A_clean_core	-6.093389072610731	0.002252658348366682	0
layers24_30_36_concat	catboost	HPCLAS_TRAIN_N_001589	0	HPCLAS_TRAIN_N_001589	0	A_clean_core	-5.945312266665239	0.0026112482111945432	0
layers24_30_36_concat	catboost	HPCLAS_TRAIN_N_001593	0	HPCLAS_TRAIN_N_001593	0	D_hard_sample	-0.36244765161970477	0.41036718790387317	0
layers24_30_36_concat	catboost	HPCLAS_TRAIN_N_001595	0	HPCLAS_TRAIN_N_001595	0	D_hard_sample	-0.2720626886132866	0.43240077823676726	0
layers24_30_36_concat	catboost	HPCLAS_TRAIN_N_001599	0	HPCLAS_TRAIN_N_001599	0	B_ambiguous	-4.122559761539186	0.015944634845647017	0
layers24_30_36_concat	catboost	HPCLAS_TRAIN_N_001607	0	HPCLAS_TRAIN_N_001607	0	A_clean_core	-4.337258869167416	0.012903631753628362	0
layers24_30_36_concat	catboost	HPCLAS_TRAIN_N_001611	0	HPCLAS_TRAIN_N_001611	0	A_clean_core	-6.453228611575247	0.0015729494375290587	0
layers24_30_36_concat	catboost	HPCLAS_TRAIN_N_001618	0	HPCLAS_TRAIN_N_001618	0	A_clean_core	-3.035743863695312	0.04583695746496225	0
layers24_30_36_concat	catboost	HPCLAS_TRAIN_N_001623	0	HPCLAS_TRAIN_N_001623	0	A_clean_core	-6.759989362731652	0.001157899220167348	0
layers24_30_36_concat	catboost	HPCLAS_TRAIN_N_001626	0	HPCLAS_TRAIN_N_001626	0	A_clean_core	-4.401218219902167	0.012113847753748167	0
layers24_30_36_concat	catboost	HPCLAS_TRAIN_N_001628	0	HPCLAS_TRAIN_N_001628	0	A_clean_core	-2.9733039877767706	0.048646585899829446	0
layers24_30_36_concat	catboost	HPCLAS_TRAIN_N_001636	0	HPCLAS_TRAIN_N_001636	0	A_clean_core	-4.60783322818262	0.009874918444523876	0
layers24_30_36_concat	catboost	HPCLAS_TRAIN_N_001639	0	HPCLAS_TRAIN_N_001639	0	A_clean_core	-6.083730340598799	0.0022744718599589002	0
layers24_30_36_concat	catboost	HPCLAS_TRAIN_N_001651	0	HPCLAS_TRAIN_N_001651	0	A_clean_core	-8.05446839193201	0.0003175783429203812	0
layers24_30_36_concat	catboost	HPCLAS_TRAIN_N_001656	0	HPCLAS_TRAIN_N_001656	0	A_clean_core	-5.864454658581339	0.002830535937463264	0
layers24_30_36_concat	catboost	HPCLAS_TRAIN_N_001657	0	HPCLAS_TRAIN_N_001657	0	A_clean_core	-1.1494281427663402	0.24059355061054555	0
layers24_30_36_concat	catboost	HPCLAS_TRAIN_N_001660	0	HPCLAS_TRAIN_N_001660	0	A_clean_core	-4.451217570963379	0.011529867656870968	0
layers24_30_36_concat	catboost	HPCLAS_TRAIN_N_001664	0	HPCLAS_TRAIN_N_001664	0	A_clean_core	-3.2101497875254776	0.038785549811106816	0
layers24_30_36_concat	catboost	HPCLAS_TRAIN_N_001675	0	HPCLAS_TRAIN_N_001675	0	A_clean_core	-4.391809806023198	0.012226957572772429	0
layers24_30_36_concat	catboost	HPCLAS_TRAIN_N_001676	0	HPCLAS_TRAIN_N_001676	0	A_clean_core	-3.6400302235656112	0.025580034957773938	0
layers24_30_36_concat	catboost	HPCLAS_TRAIN_N_001686	0	HPCLAS_TRAIN_N_001686	0	A_clean_core	-3.242011962863811	0.03761498945230596	0
layers24_30_36_concat	catboost	HPCLAS_TRAIN_N_001687	0	HPCLAS_TRAIN_N_001687	0	A_clean_core	-3.9622442797659603	0.018665357130073047	0
layers24_30_36_concat	catboost	HPCLAS_TRAIN_N_001692	0	HPCLAS_TRAIN_N_001692	0	A_clean_core	-4.802818580085491	0.008139783692756196	0
layers24_30_36_concat	catboost	HPCLAS_TRAIN_N_001700	0	HPCLAS_TRAIN_N_001700	0	D_hard_sample	-2.1260878985514045	0.10658695318090602	0
layers24_30_36_concat	catboost	HPCLAS_TRAIN_N_001703	0	HPCLAS_TRAIN_N_001703	0	A_clean_core	-5.00236118730413	0.0066771718873556134	0
layers24_30_36_concat	catboost	HPCLAS_TRAIN_N_001705	0	HPCLAS_TRAIN_N_001705	0	A_clean_core	-2.844816895074566	0.05494985772217885	0
layers24_30_36_concat	catboost	HPCLAS_TRAIN_N_001710	0	HPCLAS_TRAIN_N_001710	0	D_hard_sample	-4.61476056802449	0.009807416498066058	0
layers24_30_36_concat	catboost	HPCLAS_TRAIN_N_001711	0	HPCLAS_TRAIN_N_001711	0	A_clean_core	-3.4795345171767327	0.02990017871784647	0
layers24_30_36_concat	catboost	HPCLAS_TRAIN_N_001716	0	HPCLAS_TRAIN_N_001716	0	A_clean_core	-3.6907779874416695	0.02434510838777986	0
layers24_30_36_concat	catboost	HPCLAS_TRAIN_N_001717	0	HPCLAS_TRAIN_N_001717	0	D_hard_sample	-3.282763752630824	0.0361672506226673	0
layers24_30_36_concat	catboost	HPCLAS_TRAIN_N_001718	0	HPCLAS_TRAIN_N_001718	0	A_clean_core	-2.789822576480191	0.05787662887641435	0
layers24_30_36_concat	catboost	HPCLAS_TRAIN_N_001720	0	HPCLAS_TRAIN_N_001720	0	A_clean_core	-3.5936442738564263	0.02676203677284768	0
layers24_30_36_concat	catboost	HPCLAS_TRAIN_N_001725	0	HPCLAS_TRAIN_N_001725	0	A_clean_core	-5.844866483815262	0.0028863659543600204	0
layers24_30_36_concat	catboost	HPCLAS_TRAIN_N_001726	0	HPCLAS_TRAIN_N_001726	0	A_clean_core	-5.207822007611697	0.005443785129873004	0
layers24_30_36_concat	catboost	HPCLAS_TRAIN_N_001727	0	HPCLAS_TRAIN_N_001727	0	A_clean_core	-5.6309928784372225	0.003572207661754633	0
layers24_30_36_concat	catboost	HPCLAS_TRAIN_N_001737	0	HPCLAS_TRAIN_P_005574	0	B_ambiguous	-3.267274143064846	0.03671110219589566	0
layers24_30_36_concat	catboost	HPCLAS_TRAIN_N_001739	0	HPCLAS_TRAIN_N_001739	0	A_clean_core	-7.232290122429046	0.0007223413659318422	0
layers24_30_36_concat	catboost	HPCLAS_TRAIN_N_001744	0	HPCLAS_TRAIN_N_001744	0	A_clean_core	-0.7424803096410397	0.3224620066122549	0
layers24_30_36_concat	catboost	HPCLAS_TRAIN_N_001748	0	HPCLAS_TRAIN_N_001748	0	A_clean_core	-3.7468502363675547	0.023048186590535754	0
layers24_30_36_concat	catboost	HPCLAS_TRAIN_N_001750	0	HPCLAS_TRAIN_N_001750	0	A_clean_core	-5.884617473790446	0.002774192620693003	0
layers24_30_36_concat	catboost	HPCLAS_TRAIN_N_001753	0	HPCLAS_TRAIN_N_001753	0	A_clean_core	-4.658138952991728	0.009394993315256726	0
layers24_30_36_concat	catboost	HPCLAS_TRAIN_N_001768	0	HPCLAS_TRAIN_N_001768	0	A_clean_core	-2.899598946318692	0.052173392154463705	0
layers24_30_36_concat	catboost	HPCLAS_TRAIN_N_001769	0	HPCLAS_TRAIN_N_001769	0	D_hard_sample	0.10939279848251028	0.5273209597169444	1
layers24_30_36_concat	catboost	HPCLAS_TRAIN_N_001786	0	HPCLAS_TRAIN_N_001786	0	A_clean_core	-7.3198314729475245	0.0006618354965438938	0
layers24_30_36_concat	catboost	HPCLAS_TRAIN_N_001792	0	HPCLAS_TRAIN_N_001792	0	A_clean_core	-3.536010541603008	0.02830480637698631	0
layers24_30_36_concat	catboost	HPCLAS_TRAIN_N_001835	0	HPCLAS_TRAIN_N_001835	0	A_clean_core	-4.656787063854029	0.009407583327284936	0
layers24_30_36_concat	catboost	HPCLAS_TRAIN_N_001844	0	HPCLAS_TRAIN_N_001844	0	A_clean_core	-2.4960236065621086	0.07613741054933294	0
layers24_30_36_concat	catboost	HPCLAS_TRAIN_N_001850	0	HPCLAS_TRAIN_N_001850	0	A_clean_core	-0.5096838973467984	0.37526763029549837	0
layers24_30_36_concat	catboost	HPCLAS_TRAIN_N_001854	0	HPCLAS_TRAIN_N_001854	0	A_clean_core	-1.2508933632701345	0.22254553167776098	0
layers24_30_36_concat	catboost	HPCLAS_TRAIN_N_001858	0	HPCLAS_TRAIN_N_001858	0	A_clean_core	-5.280083556344185	0.005066208146812739	0
layers24_30_36_concat	catboost	HPCLAS_TRAIN_N_001859	0	HPCLAS_TRAIN_N_001859	0	A_clean_core	-4.998588350797348	0.006702242186479467	0
layers24_30_36_concat	catboost	HPCLAS_TRAIN_N_001876	0	HPCLAS_TRAIN_N_001876	0	A_clean_core	-4.398203665481218	0.012149976344436571	0
layers24_30_36_concat	catboost	HPCLAS_TRAIN_N_001882	0	HPCLAS_TRAIN_N_001882	0	A_clean_core	-2.7870645116076345	0.058027201185223164	0
layers24_30_36_concat	catboost	HPCLAS_TRAIN_N_001884	0	HPCLAS_TRAIN_N_001884	0	A_clean_core	-3.143931639338144	0.041331055512979095	0
layers24_30_36_concat	catboost	HPCLAS_TRAIN_N_001886	0	HPCLAS_TRAIN_N_001886	0	A_clean_core	-3.6123041473216464	0.02628029292411519	0
layers24_30_36_concat	catboost	HPCLAS_TRAIN_N_001891	0	HPCLAS_TRAIN_N_001891	0	D_hard_sample	-0.9769808767456193	0.2734912542870402	0
layers24_30_36_concat	catboost	HPCLAS_TRAIN_N_001895	0	HPCLAS_TRAIN_N_001895	0	A_clean_core	-5.091539024479226	0.006110976191369816	0
layers24_30_36_concat	catboost	HPCLAS_TRAIN_N_001896	0	HPCLAS_TRAIN_N_001896	0	D_hard_sample	-1.3480639895793105	0.2061870660503075	0
layers24_30_36_concat	catboost	HPCLAS_TRAIN_N_001898	0	HPCLAS_TRAIN_N_001898	0	D_hard_sample	-2.849900801906108	0.054686445117991006	0
layers24_30_36_concat	catboost	HPCLAS_TRAIN_N_001901	0	HPCLAS_TRAIN_N_001901	0	D_hard_sample	-0.5578742002268724	0.36403947129993436	0
layers24_30_36_concat	catboost	HPCLAS_TRAIN_N_001908	0	HPCLAS_TRAIN_N_001908	0	A_clean_core	-1.9600041670928139	0.12346659659091382	0
layers24_30_36_concat	catboost	HPCLAS_TRAIN_N_001916	0	HPCLAS_TRAIN_N_001916	0	D_hard_sample	-2.340461754611832	0.08782691508012241	0
layers24_30_36_concat	catboost	HPCLAS_TRAIN_N_001918	0	HPCLAS_TRAIN_N_001918	0	D_hard_sample	-0.2579065739751478	0.43587838813685637	0
layers24_30_36_concat	catboost	HPCLAS_TRAIN_N_001919	0	HPCLAS_TRAIN_N_001919	0	A_clean_core	-4.087839302832154	0.01649866863230593	0
layers24_30_36_concat	catboost	HPCLAS_TRAIN_N_001920	0	HPCLAS_TRAIN_N_001920	0	A_clean_core	-4.903207499053297	0.0073680453685076195	0
layers24_30_36_concat	catboost	HPCLAS_TRAIN_N_001931	0	HPCLAS_TRAIN_N_001931	0	D_hard_sample	-0.8633642839657273	0.2966369298924046	0
layers24_30_36_concat	catboost	HPCLAS_TRAIN_N_001937	0	HPCLAS_TRAIN_N_001937	0	D_hard_sample	-0.04728403784333636	0.4881811924784709	0
layers24_30_36_concat	catboost	HPCLAS_TRAIN_N_001941	0	HPCLAS_TRAIN_N_001941	0	A_clean_core	-4.01902967677296	0.01765315935136831	0
layers24_30_36_concat	catboost	HPCLAS_TRAIN_N_001944	0	HPCLAS_TRAIN_N_001944	0	D_hard_sample	-1.1385397043261125	0.24258857391746022	0
layers24_30_36_concat	catboost	HPCLAS_TRAIN_N_001960	0	HPCLAS_TRAIN_N_001960	0	A_clean_core	-2.6700726947490425	0.06476256546461173	0
layers24_30_36_concat	catboost	HPCLAS_TRAIN_N_001965	0	HPCLAS_TRAIN_N_001965	0	A_clean_core	-4.364220299994319	0.012564692317473803	0
layers24_30_36_concat	catboost	HPCLAS_TRAIN_N_001969	0	HPCLAS_TRAIN_N_001969	0	A_clean_core	-3.622698519225227	0.026015610383039126	0
layers24_30_36_concat	catboost	HPCLAS_TRAIN_N_001970	0	HPCLAS_TRAIN_N_001970	0	A_clean_core	-7.767411442260876	0.00042312849248826923	0
layers24_30_36_concat	catboost	HPCLAS_TRAIN_N_001976	0	HPCLAS_TRAIN_N_001976	0	A_clean_core	-4.7670094473687925	0.008434041052251082	0
layers24_30_36_concat	catboost	HPCLAS_TRAIN_N_001977	0	HPCLAS_TRAIN_N_001977	0	B_ambiguous	-0.9889967187569951	0.271110290021887	0
layers24_30_36_concat	catboost	HPCLAS_TRAIN_N_001988	0	HPCLAS_TRAIN_N_001988	0	A_clean_core	-3.2860716343673584	0.03605211733023374	0
layers24_30_36_concat	catboost	HPCLAS_TRAIN_N_002010	0	HPCLAS_TRAIN_N_002010	0	A_clean_core	-7.060688710769426	0.0008574509947082621	0
layers24_30_36_concat	catboost	HPCLAS_TRAIN_N_002013	0	HPCLAS_TRAIN_N_002013	0	A_clean_core	-3.49485956175323	0.029458846182803568	0
layers24_30_36_concat	catboost	HPCLAS_TRAIN_N_002022	0	HPCLAS_TRAIN_N_002022	0	A_clean_core	-5.574830110582537	0.0037777939214346675	0
layers24_30_36_concat	catboost	HPCLAS_TRAIN_N_002025	0	HPCLAS_TRAIN_N_002025	0	D_hard_sample	0.46288482492332633	0.6136983132766854	1
layers24_30_36_concat	catboost	HPCLAS_TRAIN_N_002040	0	HPCLAS_TRAIN_N_002040	0	A_clean_core	-7.313756967316271	0.0006658653703543006	0
layers24_30_36_concat	catboost	HPCLAS_TRAIN_N_002049	0	HPCLAS_TRAIN_N_002049	0	D_hard_sample	1.574068168238213	0.828362784693731	1
layers24_30_36_concat	catboost	HPCLAS_TRAIN_N_002056	0	HPCLAS_TRAIN_N_002056	0	A_clean_core	-1.6459614950097332	0.16165551234993686	0
layers24_30_36_concat	catboost	HPCLAS_TRAIN_N_002060	0	HPCLAS_TRAIN_N_002060	0	D_hard_sample	1.8566896522375362	0.8649106332686619	1
layers24_30_36_concat	catboost	HPCLAS_TRAIN_N_002069	0	HPCLAS_TRAIN_N_002069	0	A_clean_core	-2.481407685919947	0.07717189213662934	0
layers24_30_36_concat	catboost	HPCLAS_TRAIN_N_002071	0	HPCLAS_TRAIN_N_002071	0	A_clean_core	-5.847414053978351	0.002879043236342031	0
layers24_30_36_concat	catboost	HPCLAS_TRAIN_N_002075	0	HPCLAS_TRAIN_N_002075	0	D_hard_sample	-0.31752067204424983	0.4212800976216022	0
layers24_30_36_concat	catboost	HPCLAS_TRAIN_N_002079	0	HPCLAS_TRAIN_N_002079	0	A_clean_core	-3.2511892831269713	0.0372841756379912	0
layers24_30_36_concat	catboost	HPCLAS_TRAIN_N_002080	0	HPCLAS_TRAIN_N_002080	0	D_hard_sample	-2.6025922340349115	0.06897177478854019	0
layers24_30_36_concat	catboost	HPCLAS_TRAIN_N_002081	0	HPCLAS_TRAIN_N_002081	0	A_clean_core	-5.973855018500529	0.0025379561158299984	0
layers24_30_36_concat	catboost	HPCLAS_TRAIN_N_002084	0	HPCLAS_TRAIN_N_002084	0	D_hard_sample	-0.5416394268694389	0.36780629227171846	0
layers24_30_36_concat	catboost	HPCLAS_TRAIN_N_002090	0	HPCLAS_TRAIN_N_002090	0	A_clean_core	-4.3882021436534	0.012270605728634358	0
layers24_30_36_concat	catboost	HPCLAS_TRAIN_N_002099	0	HPCLAS_TRAIN_N_002099	0	A_clean_core	-5.802741633498947	0.0030101771433612545	0
layers24_30_36_concat	catboost	HPCLAS_TRAIN_N_002108	0	HPCLAS_TRAIN_N_002108	0	D_hard_sample	0.3799351389288358	0.5938574591372081	1
layers24_30_36_concat	catboost	HPCLAS_TRAIN_N_002109	0	HPCLAS_TRAIN_N_002109	0	A_clean_core	-2.7525881938684726	0.059940645024102346	0
layers24_30_36_concat	catboost	HPCLAS_TRAIN_N_002114	0	HPCLAS_TRAIN_N_002114	0	A_clean_core	-3.9832350917100054	0.018284728927052223	0
layers24_30_36_concat	catboost	HPCLAS_TRAIN_N_002118	0	HPCLAS_TRAIN_N_002118	0	A_clean_core	-5.711693372978224	0.0032961670540076478	0
layers24_30_36_concat	catboost	HPCLAS_TRAIN_N_002120	0	HPCLAS_TRAIN_N_002120	0	A_clean_core	-5.700361190820106	0.003333607037738958	0
layers24_30_36_concat	catboost	HPCLAS_TRAIN_N_002124	0	HPCLAS_TRAIN_N_002124	0	D_hard_sample	-3.960445487272151	0.018698334086314553	0
layers24_30_36_concat	catboost	HPCLAS_TRAIN_N_002126	0	HPCLAS_TRAIN_N_002126	0	A_clean_core	-3.760657293521536	0.022739332335502918	0
layers24_30_36_concat	catboost	HPCLAS_TRAIN_N_002144	0	HPCLAS_TRAIN_N_002144	0	A_clean_core	-4.37629587444195	0.01241575131469995	0
layers24_30_36_concat	catboost	HPCLAS_TRAIN_N_002148	0	HPCLAS_TRAIN_N_002148	0	D_hard_sample	-2.237815811180124	0.09640564222702826	0
layers24_30_36_concat	catboost	HPCLAS_TRAIN_N_002150	0	HPCLAS_TRAIN_N_002150	0	D_hard_sample	-3.9874578826546583	0.018209082142355754	0
layers24_30_36_concat	catboost	HPCLAS_TRAIN_N_002152	0	HPCLAS_TRAIN_N_002152	0	D_hard_sample	3.5074170726162426	0.9708980722347076	1
layers24_30_36_concat	catboost	HPCLAS_TRAIN_N_002154	0	HPCLAS_TRAIN_N_002154	0	A_clean_core	-3.957726303525045	0.018748292943261833	0
layers24_30_36_concat	catboost	HPCLAS_TRAIN_N_002160	0	HPCLAS_TRAIN_N_002160	0	A_clean_core	-6.232494324495285	0.0019606936939627986	0
layers24_30_36_concat	catboost	HPCLAS_TRAIN_N_002165	0	HPCLAS_TRAIN_N_002165	0	D_hard_sample	-1.5425348241856192	0.17616708802162115	0
layers24_30_36_concat	catboost	HPCLAS_TRAIN_N_002168	0	HPCLAS_TRAIN_N_002168	0	A_clean_core	-5.236168779005428	0.005292443254683739	0
layers24_30_36_concat	catboost	HPCLAS_TRAIN_N_002170	0	HPCLAS_TRAIN_N_002170	0	A_clean_core	-6.104139614359974	0.002228624442237214	0
layers24_30_36_concat	catboost	HPCLAS_TRAIN_N_002175	0	HPCLAS_TRAIN_N_002175	0	A_clean_core	0.06025743590112071	0.5150598024577678	1
layers24_30_36_concat	catboost	HPCLAS_TRAIN_N_002193	0	HPCLAS_TRAIN_N_002193	0	A_clean_core	-4.089125418467748	0.01647781249711505	0
layers24_30_36_concat	catboost	HPCLAS_TRAIN_N_002204	0	HPCLAS_TRAIN_N_002204	0	D_hard_sample	-5.363442421081049	0.004662906871214614	0
layers24_30_36_concat	catboost	HPCLAS_TRAIN_N_002211	0	HPCLAS_TRAIN_N_002211	0	A_clean_core	-2.5966922844047198	0.06935160291974098	0
layers24_30_36_concat	catboost	HPCLAS_TRAIN_N_002213	0	HPCLAS_TRAIN_N_002213	0	A_clean_core	-3.7842869502390966	0.022220107793070425	0
layers24_30_36_concat	catboost	HPCLAS_TRAIN_N_002227	0	HPCLAS_TRAIN_P_005090	0	B_ambiguous	0.6156496912855579	0.6492284933384349	1
layers24_30_36_concat	catboost	HPCLAS_TRAIN_N_002256	0	HPCLAS_TRAIN_P_004233	0	B_ambiguous	-2.638570096841397	0.06669698977424106	0
layers24_30_36_concat	catboost	HPCLAS_TRAIN_N_002266	0	HPCLAS_TRAIN_N_002266	0	A_clean_core	-4.059339303494406	0.016967552183310315	0
layers24_30_36_concat	catboost	HPCLAS_TRAIN_N_002273	0	HPCLAS_TRAIN_N_002273	0	A_clean_core	-5.432522981632908	0.004353019645822612	0
layers24_30_36_concat	catboost	HPCLAS_TRAIN_N_002280	0	HPCLAS_TRAIN_N_002280	0	D_hard_sample	-0.924623496131633	0.2840167624868567	0
layers24_30_36_concat	catboost	HPCLAS_TRAIN_N_002288	0	HPCLAS_TRAIN_N_002288	0	A_clean_core	-2.6300555176714475	0.06722896903350965	0
layers24_30_36_concat	catboost	HPCLAS_TRAIN_N_002292	0	HPCLAS_TRAIN_N_002292	0	A_clean_core	-4.941600970630106	0.007092490488187812	0
layers24_30_36_concat	catboost	HPCLAS_TRAIN_N_002293	0	HPCLAS_TRAIN_N_002293	0	A_clean_core	-5.854978549165727	0.0028574088873677037	0
layers24_30_36_concat	catboost	HPCLAS_TRAIN_N_002297	0	HPCLAS_TRAIN_N_002297	0	D_hard_sample	-5.116372956311238	0.00596197916105141	0
layers24_30_36_concat	catboost	HPCLAS_TRAIN_N_002301	0	HPCLAS_TRAIN_N_002301	0	D_hard_sample	-0.6882780302812587	0.3344162433977125	0
layers24_30_36_concat	catboost	HPCLAS_TRAIN_N_002306	0	HPCLAS_TRAIN_N_002306	0	A_clean_core	-1.7179710827299222	0.1521326856399207	0
layers24_30_36_concat	catboost	HPCLAS_TRAIN_N_002307	0	HPCLAS_TRAIN_N_002307	0	A_clean_core	-4.948020888835229	0.007047422990778432	0
layers24_30_36_concat	catboost	HPCLAS_TRAIN_N_002316	0	HPCLAS_TRAIN_N_002316	0	B_ambiguous	-1.290992594062164	0.21568485136499438	0
layers24_30_36_concat	catboost	HPCLAS_TRAIN_N_002324	0	HPCLAS_TRAIN_N_002324	0	D_hard_sample	-0.6362367429674147	0.3460977234936634	0
layers24_30_36_concat	catboost	HPCLAS_TRAIN_N_002325	0	HPCLAS_TRAIN_N_002325	0	D_hard_sample	-0.045188108848781126	0.48870489474003465	0
layers24_30_36_concat	catboost	HPCLAS_TRAIN_N_002331	0	HPCLAS_TRAIN_N_002331	0	A_clean_core	-2.2423167248659746	0.09601427206129914	0
layers24_30_36_concat	catboost	HPCLAS_TRAIN_N_002341	0	HPCLAS_TRAIN_N_002341	0	A_clean_core	-3.4013081818564745	0.03225460579233557	0
layers24_30_36_concat	catboost	HPCLAS_TRAIN_N_002348	0	HPCLAS_TRAIN_N_002348	0	A_clean_core	-5.002718458824118	0.006674802670422881	0
layers24_30_36_concat	catboost	HPCLAS_TRAIN_N_002366	0	HPCLAS_TRAIN_N_002366	0	A_clean_core	-2.1298062404446205	0.10623338732572189	0
layers24_30_36_concat	catboost	HPCLAS_TRAIN_N_002367	0	HPCLAS_TRAIN_N_002367	0	D_hard_sample	0.6005577054180526	0.6457838900688981	1
layers24_30_36_concat	catboost	HPCLAS_TRAIN_N_002370	0	HPCLAS_TRAIN_N_002370	0	A_clean_core	-3.0306381488040555	0.04606077917571381	0
layers24_30_36_concat	catboost	HPCLAS_TRAIN_N_002376	0	HPCLAS_TRAIN_P_003810	0	B_ambiguous	-4.882689176774046	0.007519638378292032	0
layers24_30_36_concat	catboost	HPCLAS_TRAIN_N_002382	0	HPCLAS_TRAIN_N_002382	0	A_clean_core	-3.496669594481598	0.02940713954861742	0
layers24_30_36_concat	catboost	HPCLAS_TRAIN_N_002384	0	HPCLAS_TRAIN_N_002384	0	A_clean_core	-3.3214573219723076	0.034842367923388164	0
layers24_30_36_concat	catboost	HPCLAS_TRAIN_N_002395	0	HPCLAS_TRAIN_N_002395	0	A_clean_core	-6.563698971742804	0.0014086709105538347	0
layers24_30_36_concat	catboost	HPCLAS_TRAIN_N_002416	0	HPCLAS_TRAIN_N_002416	0	A_clean_core	-1.7750462138231793	0.14491590479476446	0
layers24_30_36_concat	catboost	HPCLAS_TRAIN_N_002419	0	HPCLAS_TRAIN_N_002419	0	A_clean_core	-4.55876273231755	0.010366422924474485	0
layers24_30_36_concat	catboost	HPCLAS_TRAIN_N_002422	0	HPCLAS_TRAIN_N_002422	0	A_clean_core	-5.673224747114864	0.0034249937926804255	0
layers24_30_36_concat	catboost	HPCLAS_TRAIN_N_002426	0	HPCLAS_TRAIN_N_002426	0	D_hard_sample	-3.629245441112711	0.025850233028778268	0
layers24_30_36_concat	catboost	HPCLAS_TRAIN_N_002432	0	HPCLAS_TRAIN_N_002432	0	A_clean_core	-3.340142465244522	0.03421944912039507	0
layers24_30_36_concat	catboost	HPCLAS_TRAIN_N_002433	0	HPCLAS_TRAIN_N_002433	0	A_clean_core	-5.300963399470465	0.004962042672187902	0
layers24_30_36_concat	catboost	HPCLAS_TRAIN_N_002435	0	HPCLAS_TRAIN_N_002435	0	D_hard_sample	-5.389043712579048	0.004545581319425108	0
layers24_30_36_concat	catboost	HPCLAS_TRAIN_N_002448	0	HPCLAS_TRAIN_N_002448	0	A_clean_core	-6.358189382005354	0.001729504403069134	0
layers24_30_36_concat	catboost	HPCLAS_TRAIN_N_002463	0	HPCLAS_TRAIN_N_002463	0	A_clean_core	-3.196578462679418	0.03929468451476483	0
layers24_30_36_concat	catboost	HPCLAS_TRAIN_N_002465	0	HPCLAS_TRAIN_N_002465	0	D_hard_sample	-0.7512897879224699	0.3205403274658894	0
layers24_30_36_concat	catboost	HPCLAS_TRAIN_N_002466	0	HPCLAS_TRAIN_N_002466	0	A_clean_core	-2.47207353412204	0.07783926584880232	0
layers24_30_36_concat	catboost	HPCLAS_TRAIN_N_002467	0	HPCLAS_TRAIN_P_002428	0	B_ambiguous	-4.600035041119617	0.009951456620968272	0
layers24_30_36_concat	catboost	HPCLAS_TRAIN_N_002478	0	HPCLAS_TRAIN_N_002478	0	A_clean_core	-5.53353722963112	0.003936428549362605	0
layers24_30_36_concat	catboost	HPCLAS_TRAIN_N_002484	0	HPCLAS_TRAIN_N_002484	0	D_hard_sample	-1.3688452078188587	0.20280648455407324	0
layers24_30_36_concat	catboost	HPCLAS_TRAIN_N_002487	0	HPCLAS_TRAIN_N_002487	0	A_clean_core	-3.993542656729996	0.018100619825601145	0
layers24_30_36_concat	catboost	HPCLAS_TRAIN_N_002506	0	HPCLAS_TRAIN_N_002506	0	B_ambiguous	-3.0159586777314287	0.0467100982881117	0
layers24_30_36_concat	catboost	HPCLAS_TRAIN_N_002527	0	HPCLAS_TRAIN_N_002527	0	A_clean_core	-1.9637927784386877	0.12305716779115257	0
layers24_30_36_concat	catboost	HPCLAS_TRAIN_N_002530	0	HPCLAS_TRAIN_N_002530	0	A_clean_core	-4.239723517498364	0.014206832989784224	0
layers24_30_36_concat	catboost	HPCLAS_TRAIN_N_002533	0	HPCLAS_TRAIN_N_002533	0	A_clean_core	-5.771488669005054	0.0031054428661575705	0
layers24_30_36_concat	catboost	HPCLAS_TRAIN_N_002559	0	HPCLAS_TRAIN_N_002559	0	A_clean_core	-1.9767845008920661	0.1216620295447302	0
layers24_30_36_concat	catboost	HPCLAS_TRAIN_N_002561	0	HPCLAS_TRAIN_N_002561	0	A_clean_core	-1.507254263659204	0.18134606767056763	0
layers24_30_36_concat	catboost	HPCLAS_TRAIN_N_002568	0	HPCLAS_TRAIN_N_002568	0	A_clean_core	-4.463838520035456	0.011386910806572786	0
layers24_30_36_concat	catboost	HPCLAS_TRAIN_N_002570	0	HPCLAS_TRAIN_N_002570	0	D_hard_sample	-1.9147838280409477	0.12844436720621047	0
layers24_30_36_concat	catboost	HPCLAS_TRAIN_N_002575	0	HPCLAS_TRAIN_N_002575	0	A_clean_core	-5.60411747922867	0.0036691568518603893	0
layers24_30_36_concat	catboost	HPCLAS_TRAIN_N_002577	0	HPCLAS_TRAIN_N_002577	0	A_clean_core	-6.666126290867962	0.001271702401440455	0
layers24_30_36_concat	catboost	HPCLAS_TRAIN_N_002586	0	HPCLAS_TRAIN_N_002586	0	A_clean_core	-3.1933302208868315	0.0394174913014794	0
layers24_30_36_concat	catboost	HPCLAS_TRAIN_N_002589	0	HPCLAS_TRAIN_N_002589	0	A_clean_core	-1.5288379406039696	0.17816377256915714	0
layers24_30_36_concat	catboost	HPCLAS_TRAIN_N_002590	0	HPCLAS_TRAIN_N_002590	0	D_hard_sample	-0.17131126106761882	0.4572766192018645	0
layers24_30_36_concat	catboost	HPCLAS_TRAIN_N_002599	0	HPCLAS_TRAIN_N_002599	0	A_clean_core	-2.91958627975178	0.05119379281495153	0
layers24_30_36_concat	catboost	HPCLAS_TRAIN_N_002607	0	HPCLAS_TRAIN_N_002607	0	A_clean_core	-7.21838897756629	0.0007324454495977458	0
layers24_30_36_concat	catboost	HPCLAS_TRAIN_N_002621	0	HPCLAS_TRAIN_N_002621	0	A_clean_core	-5.503060326784592	0.004057751270532554	0
layers24_30_36_concat	catboost	HPCLAS_TRAIN_N_002622	0	HPCLAS_TRAIN_N_002622	0	A_clean_core	-3.6351576650455137	0.02570176803602616	0
layers24_30_36_concat	catboost	HPCLAS_TRAIN_N_002645	0	HPCLAS_TRAIN_N_002645	0	A_clean_core	-3.4989964878111133	0.029340797198334698	0
layers24_30_36_concat	catboost	HPCLAS_TRAIN_N_002649	0	HPCLAS_TRAIN_N_002649	0	D_hard_sample	-1.7168367025659783	0.1522790651923595	0
layers24_30_36_concat	catboost	HPCLAS_TRAIN_N_002656	0	HPCLAS_TRAIN_N_002656	0	A_clean_core	-5.505661937502282	0.00404725097167554	0
layers24_30_36_concat	catboost	HPCLAS_TRAIN_N_002661	0	HPCLAS_TRAIN_N_002661	0	A_clean_core	-5.004861044116477	0.006660611800029937	0
layers24_30_36_concat	catboost	HPCLAS_TRAIN_N_002665	0	HPCLAS_TRAIN_N_002665	0	A_clean_core	-5.913195311966548	0.0026962450438519983	0
layers24_30_36_concat	catboost	HPCLAS_TRAIN_N_002667	0	HPCLAS_TRAIN_N_002667	0	A_clean_core	-5.805089850413043	0.0030031380901535966	0
layers24_30_36_concat	catboost	HPCLAS_TRAIN_N_002676	0	HPCLAS_TRAIN_N_002676	0	D_hard_sample	-0.6831665915848492	0.3355549190086679	0
layers24_30_36_concat	catboost	HPCLAS_TRAIN_N_002682	0	HPCLAS_TRAIN_N_002682	0	A_clean_core	-1.6145759991700945	0.16595426520300544	0
layers24_30_36_concat	catboost	HPCLAS_TRAIN_N_002686	0	HPCLAS_TRAIN_N_002686	0	D_hard_sample	0.4583627328685993	0.612625699071465	1
layers24_30_36_concat	catboost	HPCLAS_TRAIN_N_002687	0	HPCLAS_TRAIN_N_002687	0	A_clean_core	-5.564907907459397	0.003815320813292763	0
layers24_30_36_concat	catboost	HPCLAS_TRAIN_N_002692	0	HPCLAS_TRAIN_N_002692	0	A_clean_core	-3.3319035354546527	0.034492780586226006	0
layers24_30_36_concat	catboost	HPCLAS_TRAIN_N_002701	0	HPCLAS_TRAIN_N_002701	0	A_clean_core	-5.913417604566004	0.0026956473706146494	0
layers24_30_36_concat	catboost	HPCLAS_TRAIN_N_002712	0	HPCLAS_TRAIN_N_002712	0	A_clean_core	0.15132551387405446	0.5377593503799419	1
layers24_30_36_concat	catboost	HPCLAS_TRAIN_N_002715	0	HPCLAS_TRAIN_N_002715	0	D_hard_sample	-0.08604016865638604	0.4785032177630865	0
layers24_30_36_concat	catboost	HPCLAS_TRAIN_N_002717	0	HPCLAS_TRAIN_N_002717	0	D_hard_sample	-1.3381840053770344	0.20780885683863823	0
layers24_30_36_concat	catboost	HPCLAS_TRAIN_N_002723	0	HPCLAS_TRAIN_N_002723	0	D_hard_sample	-1.5540508250271496	0.17450197301364592	0
layers24_30_36_concat	catboost	HPCLAS_TRAIN_N_002725	0	HPCLAS_TRAIN_N_002725	0	A_clean_core	-2.901147964303078	0.0520968442719368	0
layers24_30_36_concat	catboost	HPCLAS_TRAIN_N_002741	0	HPCLAS_TRAIN_N_002741	0	A_clean_core	-1.55567974432571	0.17426744990204832	0
layers24_30_36_concat	catboost	HPCLAS_TRAIN_N_002750	0	HPCLAS_TRAIN_N_002750	0	A_clean_core	-5.279580318345634	0.005068745370811862	0
layers24_30_36_concat	catboost	HPCLAS_TRAIN_N_002757	0	HPCLAS_TRAIN_N_002757	0	A_clean_core	-2.672128487262473	0.06463816080740456	0
layers24_30_36_concat	catboost	HPCLAS_TRAIN_N_002760	0	HPCLAS_TRAIN_N_002760	0	A_clean_core	-1.8585649982755397	0.13487040077939544	0
layers24_30_36_concat	catboost	HPCLAS_TRAIN_N_002763	0	HPCLAS_TRAIN_N_002763	0	A_clean_core	-1.654026110759306	0.16056555136267844	0
layers24_30_36_concat	catboost	HPCLAS_TRAIN_N_002765	0	HPCLAS_TRAIN_N_002765	0	A_clean_core	-6.371789519450848	0.001706181990918079	0
layers24_30_36_concat	catboost	HPCLAS_TRAIN_N_002772	0	HPCLAS_TRAIN_N_002772	0	D_hard_sample	-3.5300362811820114	0.02846958416928729	0
layers24_30_36_concat	catboost	HPCLAS_TRAIN_N_002780	0	HPCLAS_TRAIN_N_002780	0	A_clean_core	-1.3110403894458196	0.21231280139789852	0
layers24_30_36_concat	catboost	HPCLAS_TRAIN_N_002783	0	HPCLAS_TRAIN_N_002783	0	A_clean_core	-7.252899535946293	0.0007076171185615286	0
layers24_30_36_concat	catboost	HPCLAS_TRAIN_N_002791	0	HPCLAS_TRAIN_N_002791	0	A_clean_core	-6.522639229569917	0.0014676277820932738	0
layers24_30_36_concat	catboost	HPCLAS_TRAIN_N_002805	0	HPCLAS_TRAIN_N_002805	0	A_clean_core	-2.3593031164028466	0.0863291463388187	0
layers24_30_36_concat	catboost	HPCLAS_TRAIN_N_002814	0	HPCLAS_TRAIN_N_002814	0	A_clean_core	-2.1328595331663687	0.10594383208468545	0
layers24_30_36_concat	catboost	HPCLAS_TRAIN_N_002819	0	HPCLAS_TRAIN_N_002819	0	A_clean_core	-3.072700435633445	0.0442474864674668	0
layers24_30_36_concat	catboost	HPCLAS_TRAIN_N_002827	0	HPCLAS_TRAIN_N_002827	0	A_clean_core	-3.571166665248909	0.027353754085400406	0
layers24_30_36_concat	catboost	HPCLAS_TRAIN_N_002838	0	HPCLAS_TRAIN_N_002838	0	A_clean_core	-2.4222536968348978	0.08149140581302913	0
layers24_30_36_concat	catboost	HPCLAS_TRAIN_N_002840	0	HPCLAS_TRAIN_N_002840	0	A_clean_core	-4.948575557215947	0.007043542617425817	0
layers24_30_36_concat	catboost	HPCLAS_TRAIN_N_002842	0	HPCLAS_TRAIN_N_002842	0	A_clean_core	-4.020826325007286	0.017622029716080526	0
layers24_30_36_concat	catboost	HPCLAS_TRAIN_N_002846	0	HPCLAS_TRAIN_N_002846	0	A_clean_core	-7.005957945114432	0.0009056442403804826	0
layers24_30_36_concat	catboost	HPCLAS_TRAIN_N_002850	0	HPCLAS_TRAIN_N_002850	0	A_clean_core	-0.40629811746851147	0.39980009441739844	0
layers24_30_36_concat	catboost	HPCLAS_TRAIN_N_002853	0	HPCLAS_TRAIN_N_002853	0	A_clean_core	-1.9014974299443692	0.1299390887057723	0
layers24_30_36_concat	catboost	HPCLAS_TRAIN_N_002854	0	HPCLAS_TRAIN_N_002854	0	B_ambiguous	-2.9058895257667468	0.05186318952994008	0
layers24_30_36_concat	catboost	HPCLAS_TRAIN_N_002865	0	HPCLAS_TRAIN_N_002865	0	D_hard_sample	0.9914204499625611	0.7293683964975102	1
layers24_30_36_concat	catboost	HPCLAS_TRAIN_N_002874	0	HPCLAS_TRAIN_N_002874	0	A_clean_core	-6.412736070404005	0.0016378428211227822	0
layers24_30_36_concat	catboost	HPCLAS_TRAIN_N_002888	0	HPCLAS_TRAIN_N_002888	0	A_clean_core	-5.308206976946073	0.004926406025398809	0
layers24_30_36_concat	catboost	HPCLAS_TRAIN_N_002898	0	HPCLAS_TRAIN_N_002898	0	A_clean_core	-5.29381187990902	0.004997478033505221	0
layers24_30_36_concat	catboost	HPCLAS_TRAIN_N_002907	0	HPCLAS_TRAIN_N_002907	0	D_hard_sample	-0.975925373772569	0.2737010263040785	0
layers24_30_36_concat	catboost	HPCLAS_TRAIN_N_002912	0	HPCLAS_TRAIN_N_002912	0	D_hard_sample	-1.0795752934428162	0.25358639684898643	0
layers24_30_36_concat	catboost	HPCLAS_TRAIN_N_002917	0	HPCLAS_TRAIN_N_002917	0	A_clean_core	-6.393893266404942	0.0016689449717833893	0
layers24_30_36_concat	catboost	HPCLAS_TRAIN_N_002925	0	HPCLAS_TRAIN_N_002925	0	A_clean_core	-5.656557490453908	0.0034823569675047337	0
layers24_30_36_concat	catboost	HPCLAS_TRAIN_N_002926	0	HPCLAS_TRAIN_P_007044	0	B_ambiguous	-2.9032059919323885	0.05199530681385792	0
layers24_30_36_concat	catboost	HPCLAS_TRAIN_N_002936	0	HPCLAS_TRAIN_N_002936	0	A_clean_core	-4.120978711942619	0.015969461146498064	0
layers24_30_36_concat	catboost	HPCLAS_TRAIN_N_002942	0	HPCLAS_TRAIN_P_002419	0	B_ambiguous	-4.803844759527982	0.008131502984995084	0
layers24_30_36_concat	catboost	HPCLAS_TRAIN_N_002950	0	HPCLAS_TRAIN_N_002950	0	A_clean_core	-5.205209485411099	0.005457948008753907	0
layers24_30_36_concat	catboost	HPCLAS_TRAIN_N_002952	0	HPCLAS_TRAIN_N_002952	0	A_clean_core	-5.437498349676518	0.00433150913798609	0
layers24_30_36_concat	catboost	HPCLAS_TRAIN_N_002960	0	HPCLAS_TRAIN_N_002960	0	D_hard_sample	-1.511028727925579	0.18078638576651576	0
layers24_30_36_concat	catboost	HPCLAS_TRAIN_N_002962	0	HPCLAS_TRAIN_N_002962	0	D_hard_sample	-1.4450252504373888	0.19076836575310405	0
layers24_30_36_concat	catboost	HPCLAS_TRAIN_N_002964	0	HPCLAS_TRAIN_N_002964	0	A_clean_core	-2.7826883009604346	0.058266868229973144	0
layers24_30_36_concat	catboost	HPCLAS_TRAIN_N_002975	0	HPCLAS_TRAIN_N_002975	0	A_clean_core	-3.7725350788950123	0.02247687207923719	0
layers24_30_36_concat	catboost	HPCLAS_TRAIN_N_002985	0	HPCLAS_TRAIN_P_000260	0	B_ambiguous	-1.487267193054776	0.18433226113719772	0
layers24_30_36_concat	catboost	HPCLAS_TRAIN_N_002988	0	HPCLAS_TRAIN_N_002988	0	A_clean_core	-6.573018359163249	0.0013956221797784573	0
layers24_30_36_concat	catboost	HPCLAS_TRAIN_N_002992	0	HPCLAS_TRAIN_N_002992	0	A_clean_core	-5.560607164914283	0.003831701852610695	0
layers24_30_36_concat	catboost	HPCLAS_TRAIN_N_002996	0	HPCLAS_TRAIN_N_002996	0	A_clean_core	-5.266263824229813	0.005136345696792956	0
layers24_30_36_concat	catboost	HPCLAS_TRAIN_N_003002	0	HPCLAS_TRAIN_N_003002	0	A_clean_core	-3.3963009379307465	0.032411269734688615	0
layers24_30_36_concat	catboost	HPCLAS_TRAIN_N_003006	0	HPCLAS_TRAIN_N_003006	0	A_clean_core	-7.119475328614642	0.0008085369382593125	0
layers24_30_36_concat	catboost	HPCLAS_TRAIN_N_003010	0	HPCLAS_TRAIN_N_003010	0	A_clean_core	-2.0508373784091734	0.1139677961925554	0
layers24_30_36_concat	catboost	HPCLAS_TRAIN_N_003014	0	HPCLAS_TRAIN_N_003014	0	D_hard_sample	-0.9881420224670057	0.2712792191664983	0
layers24_30_36_concat	catboost	HPCLAS_TRAIN_N_003021	0	HPCLAS_TRAIN_N_003021	0	A_clean_core	-1.973305824684606	0.12203425171848088	0
layers24_30_36_concat	catboost	HPCLAS_TRAIN_N_003028	0	HPCLAS_TRAIN_N_003028	0	A_clean_core	-5.983652927691205	0.00251327306758764	0
layers24_30_36_concat	catboost	HPCLAS_TRAIN_N_003031	0	HPCLAS_TRAIN_N_003031	0	D_hard_sample	-2.9574079837086082	0.04938755512855126	0
layers24_30_36_concat	catboost	HPCLAS_TRAIN_N_003037	0	HPCLAS_TRAIN_N_003037	0	D_hard_sample	-2.266525474443314	0.0939335122015089	0
layers24_30_36_concat	catboost	HPCLAS_TRAIN_N_003040	0	HPCLAS_TRAIN_N_003040	0	A_clean_core	-5.910668052585196	0.0027030493300328924	0
layers24_30_36_concat	catboost	HPCLAS_TRAIN_N_003041	0	HPCLAS_TRAIN_N_003041	0	A_clean_core	-3.5428851066573563	0.028116342658319603	0
layers24_30_36_concat	catboost	HPCLAS_TRAIN_N_003046	0	HPCLAS_TRAIN_N_003046	0	A_clean_core	-3.799042434840078	0.021901774591812417	0
layers24_30_36_concat	catboost	HPCLAS_TRAIN_N_003053	0	HPCLAS_TRAIN_N_003053	0	A_clean_core	-2.2530946047900096	0.09508286470950526	0
layers24_30_36_concat	catboost	HPCLAS_TRAIN_N_003067	0	HPCLAS_TRAIN_N_003067	0	A_clean_core	-4.835825474995446	0.007877582202645665	0
layers24_30_36_concat	catboost	HPCLAS_TRAIN_N_003068	0	HPCLAS_TRAIN_N_003068	0	A_clean_core	-4.7160699059996745	0.008870888003120815	0
layers24_30_36_concat	catboost	HPCLAS_TRAIN_N_003074	0	HPCLAS_TRAIN_N_003074	0	A_clean_core	-3.814904791266569	0.021564534435700833	0
layers24_30_36_concat	catboost	HPCLAS_TRAIN_N_003078	0	HPCLAS_TRAIN_N_003078	0	A_clean_core	-5.211312331653224	0.005424920573221763	0
layers24_30_36_concat	catboost	HPCLAS_TRAIN_N_003119	0	HPCLAS_TRAIN_N_003119	0	D_hard_sample	4.893840593990844	0.9925631302790311	1
layers24_30_36_concat	catboost	HPCLAS_TRAIN_N_003121	0	HPCLAS_TRAIN_N_003121	0	A_clean_core	-4.778618080407352	0.008337511045813666	0
layers24_30_36_concat	catboost	HPCLAS_TRAIN_N_003129	0	HPCLAS_TRAIN_N_003129	0	D_hard_sample	-0.9276819051253357	0.2833952422611782	0
layers24_30_36_concat	catboost	HPCLAS_TRAIN_N_003140	0	HPCLAS_TRAIN_N_003140	0	A_clean_core	-3.1539240747956168	0.04093693685947377	0
layers24_30_36_concat	catboost	HPCLAS_TRAIN_N_003146	0	HPCLAS_TRAIN_N_003146	0	A_clean_core	-2.3083936677710177	0.0904301827517632	0
layers24_30_36_concat	catboost	HPCLAS_TRAIN_N_003147	0	HPCLAS_TRAIN_N_003147	0	A_clean_core	-4.8261319602699935	0.007953704656233013	0
layers24_30_36_concat	catboost	HPCLAS_TRAIN_N_003148	0	HPCLAS_TRAIN_N_003148	0	A_clean_core	-3.771963508953349	0.022489433849217394	0
layers24_30_36_concat	catboost	HPCLAS_TRAIN_N_003149	0	HPCLAS_TRAIN_N_003149	0	D_hard_sample	-2.229345044198609	0.09714607116117664	0
layers24_30_36_concat	catboost	HPCLAS_TRAIN_N_003154	0	HPCLAS_TRAIN_N_003154	0	A_clean_core	-4.476338008757691	0.011247056915239355	0
layers24_30_36_concat	catboost	HPCLAS_TRAIN_N_003158	0	HPCLAS_TRAIN_N_003158	0	A_clean_core	-3.4090941103675214	0.032012456991483355	0
layers24_30_36_concat	catboost	HPCLAS_TRAIN_N_003159	0	HPCLAS_TRAIN_N_003159	0	A_clean_core	-7.13733005045473	0.0007942402137647424	0
layers24_30_36_concat	catboost	HPCLAS_TRAIN_N_003176	0	HPCLAS_TRAIN_N_003176	0	A_clean_core	-4.357900900045336	0.012643337970734251	0
layers24_30_36_concat	catboost	HPCLAS_TRAIN_N_003182	0	HPCLAS_TRAIN_N_003182	0	D_hard_sample	-0.029569624831485414	0.4926081323820652	0
layers24_30_36_concat	catboost	HPCLAS_TRAIN_N_003183	0	HPCLAS_TRAIN_N_003183	0	A_clean_core	-4.958696437907954	0.006973109875915779	0
layers24_30_36_concat	catboost	HPCLAS_TRAIN_N_003185	0	HPCLAS_TRAIN_N_003185	0	A_clean_core	-4.733452260720407	0.008719356382641064	0
layers24_30_36_concat	catboost	HPCLAS_TRAIN_N_003188	0	HPCLAS_TRAIN_N_003188	0	A_clean_core	-5.378969694737651	0.004591393706368589	0
layers24_30_36_concat	catboost	HPCLAS_TRAIN_N_003190	0	HPCLAS_TRAIN_N_003190	0	A_clean_core	-3.1180903914927494	0.04236718119481157	0
layers24_30_36_concat	catboost	HPCLAS_TRAIN_N_003208	0	HPCLAS_TRAIN_N_003208	0	A_clean_core	-3.5745179839188013	0.027264731582560618	0
layers24_30_36_concat	catboost	HPCLAS_TRAIN_N_003222	0	HPCLAS_TRAIN_N_003222	0	A_clean_core	-5.484214960028522	0.004134627007843097	0
layers24_30_36_concat	catboost	HPCLAS_TRAIN_N_003224	0	HPCLAS_TRAIN_N_003224	0	A_clean_core	-0.718160641016584	0.32779815084152547	0
layers24_30_36_concat	catboost	HPCLAS_TRAIN_N_003225	0	HPCLAS_TRAIN_N_003225	0	A_clean_core	-4.788188645394499	0.008258752840571405	0
layers24_30_36_concat	catboost	HPCLAS_TRAIN_N_003238	0	HPCLAS_TRAIN_N_003238	0	A_clean_core	-5.040299698734364	0.0064301934545798025	0
layers24_30_36_concat	catboost	HPCLAS_TRAIN_N_003242	0	HPCLAS_TRAIN_N_003242	0	D_hard_sample	5.6470280123920435	0.9964844165890727	1
layers24_30_36_concat	catboost	HPCLAS_TRAIN_N_003244	0	HPCLAS_TRAIN_N_003244	0	A_clean_core	-4.709020066402721	0.008933086667934237	0
layers24_30_36_concat	catboost	HPCLAS_TRAIN_N_003247	0	HPCLAS_TRAIN_N_003247	0	A_clean_core	-6.291760030564624	0.001848076672753737	0
layers24_30_36_concat	catboost	HPCLAS_TRAIN_N_003253	0	HPCLAS_TRAIN_N_003253	0	D_hard_sample	-2.135714021276331	0.10567375969153354	0
layers24_30_36_concat	catboost	HPCLAS_TRAIN_N_003257	0	HPCLAS_TRAIN_N_003257	0	A_clean_core	-5.167824707553454	0.005664676511159322	0
layers24_30_36_concat	catboost	HPCLAS_TRAIN_N_003259	0	HPCLAS_TRAIN_N_003259	0	A_clean_core	-1.4829686704272818	0.18497943784742368	0
layers24_30_36_concat	catboost	HPCLAS_TRAIN_N_003279	0	HPCLAS_TRAIN_N_003279	0	A_clean_core	-4.852355618572077	0.0077494358075542846	0
layers24_30_36_concat	catboost	HPCLAS_TRAIN_N_003291	0	HPCLAS_TRAIN_N_003291	0	A_clean_core	-5.3690987122140195	0.004636728511029468	0
layers24_30_36_concat	catboost	HPCLAS_TRAIN_N_003314	0	HPCLAS_TRAIN_N_003314	0	A_clean_core	-6.845366739660122	0.0010632441249225323	0
layers24_30_36_concat	catboost	HPCLAS_TRAIN_N_003315	0	HPCLAS_TRAIN_N_003315	0	A_clean_core	-1.6012232920346772	0.16781071236696044	0
layers24_30_36_concat	catboost	HPCLAS_TRAIN_N_003329	0	HPCLAS_TRAIN_N_003329	0	A_clean_core	-2.3484349141444762	0.08719025422049724	0
layers24_30_36_concat	catboost	HPCLAS_TRAIN_N_003333	0	HPCLAS_TRAIN_N_003333	0	D_hard_sample	-2.1337314856906624	0.10586126934496513	0
layers24_30_36_concat	catboost	HPCLAS_TRAIN_N_003336	0	HPCLAS_TRAIN_N_003336	0	A_clean_core	-5.491947230494866	0.004102910900605022	0
layers24_30_36_concat	catboost	HPCLAS_TRAIN_N_003339	0	HPCLAS_TRAIN_N_003339	0	A_clean_core	-6.071541294041577	0.0023023009355791803	0
layers24_30_36_concat	catboost	HPCLAS_TRAIN_N_003340	0	HPCLAS_TRAIN_N_003340	0	A_clean_core	-3.6122242173225207	0.02628233838139727	0
layers24_30_36_concat	catboost	HPCLAS_TRAIN_N_003359	0	HPCLAS_TRAIN_N_003359	0	A_clean_core	-2.8229901513926765	0.05609440126827196	0
layers24_30_36_concat	catboost	HPCLAS_TRAIN_N_003361	0	HPCLAS_TRAIN_N_003361	0	D_hard_sample	1.3709510163392586	0.7975337611119705	1
layers24_30_36_concat	catboost	HPCLAS_TRAIN_N_003363	0	HPCLAS_TRAIN_N_003363	0	A_clean_core	-4.009602531555921	0.017817385976269046	0
layers24_30_36_concat	catboost	HPCLAS_TRAIN_N_003369	0	HPCLAS_TRAIN_N_003369	0	D_hard_sample	-1.9165194579656957	0.12825019493118545	0
layers24_30_36_concat	catboost	HPCLAS_TRAIN_N_003370	0	HPCLAS_TRAIN_N_003370	0	D_hard_sample	-1.3730983139359443	0.20211972840029135	0
layers24_30_36_concat	catboost	HPCLAS_TRAIN_N_003382	0	HPCLAS_TRAIN_N_003382	0	D_hard_sample	1.6066253008392184	0.8329423265083652	1
layers24_30_36_concat	catboost	HPCLAS_TRAIN_N_003383	0	HPCLAS_TRAIN_N_003383	0	A_clean_core	-2.9427099410519646	0.050082193241822254	0
layers24_30_36_concat	catboost	HPCLAS_TRAIN_N_003402	0	HPCLAS_TRAIN_N_003402	0	A_clean_core	-1.4159537126177155	0.1952966976072497	0
layers24_30_36_concat	catboost	HPCLAS_TRAIN_N_003404	0	HPCLAS_TRAIN_N_003404	0	A_clean_core	-2.0558839603187087	0.11345918862316305	0
layers24_30_36_concat	catboost	HPCLAS_TRAIN_N_003413	0	HPCLAS_TRAIN_N_003413	0	A_clean_core	-4.387922667324483	0.012273993454105594	0
layers24_30_36_concat	catboost	HPCLAS_TRAIN_N_003414	0	HPCLAS_TRAIN_N_003414	0	A_clean_core	-5.3056644793989065	0.004938885396905083	0
layers24_30_36_concat	catboost	HPCLAS_TRAIN_N_003418	0	HPCLAS_TRAIN_N_003418	0	A_clean_core	-6.027507877647128	0.0024056949157677215	0
layers24_30_36_concat	catboost	HPCLAS_TRAIN_N_003432	0	HPCLAS_TRAIN_N_003432	0	D_hard_sample	-0.7905890292773108	0.312042207404486	0
layers24_30_36_concat	catboost	HPCLAS_TRAIN_N_003437	0	HPCLAS_TRAIN_N_003437	0	A_clean_core	-5.617013245065336	0.0036223143440012933	0
layers24_30_36_concat	catboost	HPCLAS_TRAIN_N_003445	0	HPCLAS_TRAIN_N_003445	0	A_clean_core	-5.898845968502116	0.002735106723543119	0
layers24_30_36_concat	catboost	HPCLAS_TRAIN_N_003450	0	HPCLAS_TRAIN_N_003450	0	A_clean_core	-6.827126744780899	0.00108279444995807	0
layers24_30_36_concat	catboost	HPCLAS_TRAIN_N_003453	0	HPCLAS_TRAIN_N_003453	0	B_ambiguous	0.11664171519272155	0.529127412377063	1
layers24_30_36_concat	catboost	HPCLAS_TRAIN_N_003460	0	HPCLAS_TRAIN_N_003460	0	A_clean_core	-1.218605404149462	0.228181966651994	0
layers24_30_36_concat	catboost	HPCLAS_TRAIN_N_003466	0	HPCLAS_TRAIN_N_003466	0	A_clean_core	-3.1333994555086733	0.04175039196793472	0
layers24_30_36_concat	catboost	HPCLAS_TRAIN_N_003467	0	HPCLAS_TRAIN_N_003467	0	B_ambiguous	0.16258457130973408	0.5405568430654974	1
layers24_30_36_concat	catboost	HPCLAS_TRAIN_N_003468	0	HPCLAS_TRAIN_N_003468	0	A_clean_core	-5.504712130971853	0.004051081323053538	0
layers24_30_36_concat	catboost	HPCLAS_TRAIN_N_003475	0	HPCLAS_TRAIN_N_003475	0	D_hard_sample	1.4432276037663727	0.8089539668328989	1
layers24_30_36_concat	catboost	HPCLAS_TRAIN_N_003476	0	HPCLAS_TRAIN_N_003476	0	A_clean_core	-2.9498477196352466	0.04974370924711077	0
layers24_30_36_concat	catboost	HPCLAS_TRAIN_N_003507	0	HPCLAS_TRAIN_N_004280	0	A_clean_core	-5.674560072247405	0.0034204389974436785	0
layers24_30_36_concat	catboost	HPCLAS_TRAIN_N_003509	0	HPCLAS_TRAIN_N_003509	0	D_hard_sample	-2.171452215983635	0.10234354225236086	0
layers24_30_36_concat	catboost	HPCLAS_TRAIN_N_003513	0	HPCLAS_TRAIN_N_003513	0	A_clean_core	-1.6772470479376322	0.15746034933075523	0
layers24_30_36_concat	catboost	HPCLAS_TRAIN_N_003518	0	HPCLAS_TRAIN_N_003518	0	A_clean_core	-5.114594220232523	0.0059725299918646085	0
layers24_30_36_concat	catboost	HPCLAS_TRAIN_N_003529	0	HPCLAS_TRAIN_N_003529	0	D_hard_sample	-0.9289369600353132	0.28314043202820804	0
layers24_30_36_concat	catboost	HPCLAS_TRAIN_N_003535	0	HPCLAS_TRAIN_N_003535	0	A_clean_core	-4.334509152654808	0.012938702195369802	0
layers24_30_36_concat	catboost	HPCLAS_TRAIN_N_003544	0	HPCLAS_TRAIN_N_003544	0	D_hard_sample	-5.137278877565713	0.005839352591896367	0
layers24_30_36_concat	catboost	HPCLAS_TRAIN_N_003551	0	HPCLAS_TRAIN_N_003551	0	A_clean_core	-1.9585408651287102	0.12362504620299414	0
layers24_30_36_concat	catboost	HPCLAS_TRAIN_N_003571	0	HPCLAS_TRAIN_N_003571	0	A_clean_core	-3.8419674486953124	0.02100085848107249	0
layers24_30_36_concat	catboost	HPCLAS_TRAIN_N_003576	0	HPCLAS_TRAIN_N_003576	0	A_clean_core	-5.206916222190778	0.005448691385791435	0
layers24_30_36_concat	catboost	HPCLAS_TRAIN_N_003587	0	HPCLAS_TRAIN_N_003587	0	A_clean_core	-5.4539676202504745	0.004261058043698422	0
layers24_30_36_concat	catboost	HPCLAS_TRAIN_N_003589	0	HPCLAS_TRAIN_N_003589	0	A_clean_core	-6.316684031774574	0.001802666493399891	0
layers24_30_36_concat	catboost	HPCLAS_TRAIN_N_003594	0	HPCLAS_TRAIN_N_003594	0	A_clean_core	-4.101718433282294	0.016274964218550014	0
layers24_30_36_concat	catboost	HPCLAS_TRAIN_N_003601	0	HPCLAS_TRAIN_N_003601	0	D_hard_sample	0.5087653436092997	0.6245169976191002	1
layers24_30_36_concat	catboost	HPCLAS_TRAIN_N_003603	0	HPCLAS_TRAIN_N_003603	0	A_clean_core	-4.130673369574594	0.015817827784215397	0
layers24_30_36_concat	catboost	HPCLAS_TRAIN_N_003610	0	HPCLAS_TRAIN_N_003610	0	B_ambiguous	-4.585191833687572	0.010098767026299088	0
layers24_30_36_concat	catboost	HPCLAS_TRAIN_N_003614	0	HPCLAS_TRAIN_N_003614	0	A_clean_core	-2.662468518231618	0.06522466523289346	0
layers24_30_36_concat	catboost	HPCLAS_TRAIN_N_003634	0	HPCLAS_TRAIN_N_003634	0	A_clean_core	-5.654514616327903	0.003489453406518333	0
layers24_30_36_concat	catboost	HPCLAS_TRAIN_N_003640	0	HPCLAS_TRAIN_N_003640	0	D_hard_sample	-0.4718761022365933	0.3841722916035443	0
layers24_30_36_concat	catboost	HPCLAS_TRAIN_N_003642	0	HPCLAS_TRAIN_P_001674	0	B_ambiguous	-4.944063088960865	0.00707517281573886	0
layers24_30_36_concat	catboost	HPCLAS_TRAIN_N_003651	0	HPCLAS_TRAIN_N_003651	0	A_clean_core	-6.469107374760896	0.0015482085618137395	0
layers24_30_36_concat	catboost	HPCLAS_TRAIN_N_003657	0	HPCLAS_TRAIN_N_003657	0	A_clean_core	-3.966984804414816	0.018578722964480873	0
layers24_30_36_concat	catboost	HPCLAS_TRAIN_N_003658	0	HPCLAS_TRAIN_N_003658	0	A_clean_core	1.1804668740021338	0.7650317385678027	1
layers24_30_36_concat	catboost	HPCLAS_TRAIN_N_003668	0	HPCLAS_TRAIN_N_003668	0	A_clean_core	-2.472521922687932	0.07780708646834596	0
layers24_30_36_concat	catboost	HPCLAS_TRAIN_N_003687	0	HPCLAS_TRAIN_N_003687	0	A_clean_core	-1.747340453805971	0.14838295861815395	0
layers24_30_36_concat	catboost	HPCLAS_TRAIN_N_003697	0	HPCLAS_TRAIN_N_003697	0	D_hard_sample	1.6581737803205825	0.8399927024448551	1
layers24_30_36_concat	catboost	HPCLAS_TRAIN_N_003698	0	HPCLAS_TRAIN_N_003698	0	A_clean_core	-4.41104542882386	0.01199680664028806	0
layers24_30_36_concat	catboost	HPCLAS_TRAIN_N_003704	0	HPCLAS_TRAIN_N_003704	0	D_hard_sample	-0.9039804132973652	0.2882332085479186	0
layers24_30_36_concat	catboost	HPCLAS_TRAIN_N_003705	0	HPCLAS_TRAIN_N_003705	0	A_clean_core	-3.9287876557257544	0.01928815212050983	0
layers24_30_36_concat	catboost	HPCLAS_TRAIN_N_003708	0	HPCLAS_TRAIN_N_003708	0	D_hard_sample	-0.12821855794529888	0.46798920328992843	0
layers24_30_36_concat	catboost	HPCLAS_TRAIN_N_003710	0	HPCLAS_TRAIN_N_003710	0	D_hard_sample	-1.8737546639563798	0.1331078740875885	0
layers24_30_36_concat	catboost	HPCLAS_TRAIN_N_003720	0	HPCLAS_TRAIN_N_003720	0	A_clean_core	-2.7800479826499873	0.05841191644243402	0
layers24_30_36_concat	catboost	HPCLAS_TRAIN_N_003725	0	HPCLAS_TRAIN_N_003725	0	A_clean_core	-3.7531341286209496	0.022907115661565045	0
layers24_30_36_concat	catboost	HPCLAS_TRAIN_N_003732	0	HPCLAS_TRAIN_N_003732	0	D_hard_sample	-3.62915167900656	0.025852594250964735	0
layers24_30_36_concat	catboost	HPCLAS_TRAIN_N_003737	0	HPCLAS_TRAIN_N_003737	0	D_hard_sample	0.2932885209200981	0.5728010260077955	1
layers24_30_36_concat	catboost	HPCLAS_TRAIN_N_003740	0	HPCLAS_TRAIN_N_003740	0	B_ambiguous	-2.4918819834683523	0.07642924630477185	0
layers24_30_36_concat	catboost	HPCLAS_TRAIN_N_003743	0	HPCLAS_TRAIN_N_003743	0	A_clean_core	-4.8810239526522725	0.007532076298815275	0
layers24_30_36_concat	catboost	HPCLAS_TRAIN_N_003746	0	HPCLAS_TRAIN_N_003746	0	A_clean_core	-3.0865611862462856	0.04366500910195831	0
layers24_30_36_concat	catboost	HPCLAS_TRAIN_N_003764	0	HPCLAS_TRAIN_N_003764	0	D_hard_sample	-1.262597276546786	0.22052710956454133	0
layers24_30_36_concat	catboost	HPCLAS_TRAIN_N_003766	0	HPCLAS_TRAIN_N_003766	0	A_clean_core	-7.54445767024329	0.0005287543691593806	0
layers24_30_36_concat	catboost	HPCLAS_TRAIN_N_003780	0	HPCLAS_TRAIN_N_003780	0	A_clean_core	-4.4768242305520936	0.011241651141044313	0
layers24_30_36_concat	catboost	HPCLAS_TRAIN_N_003781	0	HPCLAS_TRAIN_N_003781	0	A_clean_core	-6.439148506640647	0.0015952178034851178	0
layers24_30_36_concat	catboost	HPCLAS_TRAIN_N_003784	0	HPCLAS_TRAIN_N_003784	0	A_clean_core	-2.96307954390931	0.04912196378975511	0
layers24_30_36_concat	catboost	HPCLAS_TRAIN_N_003793	0	HPCLAS_TRAIN_P_001611	0	B_ambiguous	-0.29174213150362577	0.4275774180281622	0
layers24_30_36_concat	catboost	HPCLAS_TRAIN_N_003794	0	HPCLAS_TRAIN_N_003794	0	A_clean_core	-5.66850531582522	0.0034411402639942445	0
layers24_30_36_concat	catboost	HPCLAS_TRAIN_N_003811	0	HPCLAS_TRAIN_N_003811	0	A_clean_core	-3.144263033936497	0.04131792672699953	0
layers24_30_36_concat	catboost	HPCLAS_TRAIN_N_003812	0	HPCLAS_TRAIN_N_003812	0	A_clean_core	-5.503630976008979	0.004055445766394958	0
layers24_30_36_concat	catboost	HPCLAS_TRAIN_N_003813	0	HPCLAS_TRAIN_N_003813	0	A_clean_core	-4.8718180002440254	0.007601206885774115	0
layers24_30_36_concat	catboost	HPCLAS_TRAIN_N_003818	0	HPCLAS_TRAIN_N_003818	0	A_clean_core	-2.5548905154062163	0.07209862241888647	0
layers24_30_36_concat	catboost	HPCLAS_TRAIN_N_003822	0	HPCLAS_TRAIN_N_003822	0	A_clean_core	-3.7752550582546918	0.02241718717000492	0
layers24_30_36_concat	catboost	HPCLAS_TRAIN_N_003828	0	HPCLAS_TRAIN_N_003828	0	A_clean_core	-4.106649927092676	0.016196198613960107	0
layers24_30_36_concat	catboost	HPCLAS_TRAIN_N_003829	0	HPCLAS_TRAIN_N_003829	0	A_clean_core	-4.870971897802767	0.007607592058885729	0
layers24_30_36_concat	catboost	HPCLAS_TRAIN_N_003831	0	HPCLAS_TRAIN_N_003831	0	D_hard_sample	-2.631196436540708	0.06715745820100458	0
layers24_30_36_concat	catboost	HPCLAS_TRAIN_N_003835	0	HPCLAS_TRAIN_N_003835	0	A_clean_core	-5.937435859440285	0.0026318423330783528	0
layers24_30_36_concat	catboost	HPCLAS_TRAIN_N_003843	0	HPCLAS_TRAIN_N_003843	0	D_hard_sample	-2.3556875451169796	0.08661475653917852	0
layers24_30_36_concat	catboost	HPCLAS_TRAIN_N_003854	0	HPCLAS_TRAIN_N_003854	0	A_clean_core	-4.773207791881384	0.008382362491927245	0
layers24_30_36_concat	catboost	HPCLAS_TRAIN_N_003856	0	HPCLAS_TRAIN_N_003856	0	A_clean_core	-3.3244045786634033	0.034743392224603	0
layers24_30_36_concat	catboost	HPCLAS_TRAIN_N_003860	0	HPCLAS_TRAIN_N_003860	0	A_clean_core	-3.7508022579838354	0.022959366582067264	0
layers24_30_36_concat	catboost	HPCLAS_TRAIN_N_003868	0	HPCLAS_TRAIN_N_003868	0	D_hard_sample	-1.7759045579676107	0.14480957524930402	0
layers24_30_36_concat	catboost	HPCLAS_TRAIN_N_003874	0	HPCLAS_TRAIN_N_003874	0	A_clean_core	-4.2384577109797	0.014224571514075895	0
layers24_30_36_concat	catboost	HPCLAS_TRAIN_N_003878	0	HPCLAS_TRAIN_N_003878	0	A_clean_core	-6.3411214033455074	0.001759224526232386	0
layers24_30_36_concat	catboost	HPCLAS_TRAIN_N_003882	0	HPCLAS_TRAIN_N_003882	0	D_hard_sample	-2.95496778732646	0.04950224455784956	0
layers24_30_36_concat	catboost	HPCLAS_TRAIN_N_003886	0	HPCLAS_TRAIN_N_003886	0	A_clean_core	-5.38255695440703	0.004575027909726203	0
layers24_30_36_concat	catboost	HPCLAS_TRAIN_N_003894	0	HPCLAS_TRAIN_N_003894	0	A_clean_core	-5.99134336726002	0.00249406704474204	0
layers24_30_36_concat	catboost	HPCLAS_TRAIN_N_003896	0	HPCLAS_TRAIN_N_003896	0	D_hard_sample	-2.24761839180106	0.09555509559984171	0
layers24_30_36_concat	catboost	HPCLAS_TRAIN_N_003899	0	HPCLAS_TRAIN_P_001639	0	B_ambiguous	-1.9580310367244078	0.12368029257785461	0
layers24_30_36_concat	catboost	HPCLAS_TRAIN_N_003900	0	HPCLAS_TRAIN_N_003900	0	A_clean_core	-4.755152353985422	0.008533781003511562	0
layers24_30_36_concat	catboost	HPCLAS_TRAIN_N_003905	0	HPCLAS_TRAIN_N_003905	0	A_clean_core	-3.084003087742525	0.04377195592737428	0
layers24_30_36_concat	catboost	HPCLAS_TRAIN_N_003907	0	HPCLAS_TRAIN_N_003907	0	A_clean_core	-6.792914328942565	0.0011204382278573095	0
layers24_30_36_concat	catboost	HPCLAS_TRAIN_N_003908	0	HPCLAS_TRAIN_N_003908	0	A_clean_core	-1.6361690240546236	0.1629870184101766	0
layers24_30_36_concat	catboost	HPCLAS_TRAIN_N_003910	0	HPCLAS_TRAIN_N_003910	0	A_clean_core	-1.5184315114643325	0.1796926034486358	0
layers24_30_36_concat	catboost	HPCLAS_TRAIN_N_003916	0	HPCLAS_TRAIN_N_003916	0	A_clean_core	-1.3998472172998309	0.19784035686786078	0
layers24_30_36_concat	catboost	HPCLAS_TRAIN_N_003918	0	HPCLAS_TRAIN_N_003918	0	A_clean_core	-5.622712207789157	0.003601803763210491	0
layers24_30_36_concat	catboost	HPCLAS_TRAIN_N_003921	0	HPCLAS_TRAIN_N_003921	0	D_hard_sample	-2.2639366287149203	0.09415408062876926	0
layers24_30_36_concat	catboost	HPCLAS_TRAIN_N_003933	0	HPCLAS_TRAIN_N_003933	0	A_clean_core	-6.13112829349875	0.0021694099517743357	0
layers24_30_36_concat	catboost	HPCLAS_TRAIN_N_003936	0	HPCLAS_TRAIN_N_003936	0	D_hard_sample	-0.9635895128959615	0.27616009049210755	0
layers24_30_36_concat	catboost	HPCLAS_TRAIN_N_003937	0	HPCLAS_TRAIN_N_003937	0	A_clean_core	-5.463615190946013	0.0042203195074366085	0
layers24_30_36_concat	catboost	HPCLAS_TRAIN_N_003959	0	HPCLAS_TRAIN_N_003959	0	A_clean_core	-3.726310750825049	0.023515232445753244	0
layers24_30_36_concat	catboost	HPCLAS_TRAIN_N_003963	0	HPCLAS_TRAIN_N_003963	0	A_clean_core	-3.6351525746619466	0.02570189550558152	0
layers24_30_36_concat	catboost	HPCLAS_TRAIN_N_003968	0	HPCLAS_TRAIN_N_003968	0	A_clean_core	-6.644181748484462	0.001299881106586015	0
layers24_30_36_concat	catboost	HPCLAS_TRAIN_N_003979	0	HPCLAS_TRAIN_N_003979	0	D_hard_sample	-0.9498463954644775	0.27891571413922506	0
layers24_30_36_concat	catboost	HPCLAS_TRAIN_N_003981	0	HPCLAS_TRAIN_N_003981	0	A_clean_core	-1.443991703506088	0.19092797138033432	0
layers24_30_36_concat	catboost	HPCLAS_TRAIN_N_003983	0	HPCLAS_TRAIN_N_003983	0	D_hard_sample	0.35865031817574894	0.5887136749294678	1
layers24_30_36_concat	catboost	HPCLAS_TRAIN_N_003985	0	HPCLAS_TRAIN_N_003985	0	A_clean_core	-2.433445654524051	0.0806575957625182	0
layers24_30_36_concat	catboost	HPCLAS_TRAIN_N_003997	0	HPCLAS_TRAIN_N_003997	0	A_clean_core	-2.7309446232304957	0.06117189071798491	0
layers24_30_36_concat	catboost	HPCLAS_TRAIN_N_003998	0	HPCLAS_TRAIN_N_003998	0	A_clean_core	-3.8152670389978125	0.021556892512300904	0
layers24_30_36_concat	catboost	HPCLAS_TRAIN_N_003999	0	HPCLAS_TRAIN_N_003999	0	D_hard_sample	0.25341860603169775	0.563017756711566	1
layers24_30_36_concat	catboost	HPCLAS_TRAIN_N_004000	0	HPCLAS_TRAIN_P_005085	0	B_ambiguous	-5.067385341665241	0.006259440626041891	0
layers24_30_36_concat	catboost	HPCLAS_TRAIN_N_004005	0	HPCLAS_TRAIN_N_004005	0	A_clean_core	-5.037660018042493	0.006447079959244554	0
layers24_30_36_concat	catboost	HPCLAS_TRAIN_N_004018	0	HPCLAS_TRAIN_P_004986	0	B_ambiguous	-6.355365106188356	0.0017343874209946456	0
layers24_30_36_concat	catboost	HPCLAS_TRAIN_N_004019	0	HPCLAS_TRAIN_N_004019	0	A_clean_core	-5.69772072756117	0.003342391476409959	0
layers24_30_36_concat	catboost	HPCLAS_TRAIN_N_004031	0	HPCLAS_TRAIN_N_004031	0	A_clean_core	-3.2780585469106613	0.036331628678742525	0
layers24_30_36_concat	catboost	HPCLAS_TRAIN_N_004040	0	HPCLAS_TRAIN_N_004040	0	A_clean_core	-4.064460917907118	0.016882336427200235	0
layers24_30_36_concat	catboost	HPCLAS_TRAIN_N_004043	0	HPCLAS_TRAIN_N_004043	0	D_hard_sample	-0.8407940120687912	0.30136758223562243	0
layers24_30_36_concat	catboost	HPCLAS_TRAIN_N_004044	0	HPCLAS_TRAIN_N_004044	0	A_clean_core	-6.5576227157971445	0.001417244245235409	0
layers24_30_36_concat	catboost	HPCLAS_TRAIN_N_004045	0	HPCLAS_TRAIN_N_004045	0	A_clean_core	-4.64537774334273	0.009514505021637846	0
layers24_30_36_concat	catboost	HPCLAS_TRAIN_N_004054	0	HPCLAS_TRAIN_N_004054	0	B_ambiguous	-3.1957232131272892	0.03932698343340005	0
layers24_30_36_concat	catboost	HPCLAS_TRAIN_N_004066	0	HPCLAS_TRAIN_N_004066	0	D_hard_sample	-0.7450924499679982	0.32189157037862903	0
layers24_30_36_concat	catboost	HPCLAS_TRAIN_N_004073	0	HPCLAS_TRAIN_N_004073	0	D_hard_sample	2.3149009070196698	0.9101036297820437	1
layers24_30_36_concat	catboost	HPCLAS_TRAIN_N_004097	0	HPCLAS_TRAIN_N_004097	0	D_hard_sample	0.16478796840860196	0.5411040189473661	1
layers24_30_36_concat	catboost	HPCLAS_TRAIN_N_004103	0	HPCLAS_TRAIN_N_004103	0	A_clean_core	-2.4481852321993154	0.07957136097198636	0
layers24_30_36_concat	catboost	HPCLAS_TRAIN_N_004111	0	HPCLAS_TRAIN_P_001674	0	B_ambiguous	5.601703067413523	0.9963220062115916	1
layers24_30_36_concat	catboost	HPCLAS_TRAIN_N_004130	0	HPCLAS_TRAIN_N_004130	0	A_clean_core	-2.899949924240795	0.05215603855742765	0
layers24_30_36_concat	catboost	HPCLAS_TRAIN_N_004132	0	HPCLAS_TRAIN_N_004132	0	A_clean_core	-4.257422323740175	0.013961080612063501	0
layers24_30_36_concat	catboost	HPCLAS_TRAIN_N_004141	0	HPCLAS_TRAIN_N_004141	0	A_clean_core	-2.0765337147551715	0.11139862882243602	0
layers24_30_36_concat	catboost	HPCLAS_TRAIN_N_004147	0	HPCLAS_TRAIN_N_004147	0	A_clean_core	-3.901361238040824	0.01981385148471555	0
layers24_30_36_concat	catboost	HPCLAS_TRAIN_N_004156	0	HPCLAS_TRAIN_N_004156	0	A_clean_core	-2.958435015313412	0.04933935992141786	0
layers24_30_36_concat	catboost	HPCLAS_TRAIN_N_004171	0	HPCLAS_TRAIN_N_004171	0	D_hard_sample	-1.8030537713412789	0.1414797377406487	0
layers24_30_36_concat	catboost	HPCLAS_TRAIN_N_004172	0	HPCLAS_TRAIN_N_004172	0	A_clean_core	-5.420403214088483	0.004405864375338961	0
layers24_30_36_concat	catboost	HPCLAS_TRAIN_N_004175	0	HPCLAS_TRAIN_N_004175	0	A_clean_core	-4.346305501238058	0.012788909955985084	0
layers24_30_36_concat	catboost	HPCLAS_TRAIN_N_004189	0	HPCLAS_TRAIN_N_004189	0	D_hard_sample	0.9744962575968796	0.7260147895838196	1
layers24_30_36_concat	catboost	HPCLAS_TRAIN_N_004191	0	HPCLAS_TRAIN_N_004191	0	B_ambiguous	-2.728654238482162	0.06130355954412354	0
layers24_30_36_concat	catboost	HPCLAS_TRAIN_N_004197	0	HPCLAS_TRAIN_N_004197	0	A_clean_core	-5.502841477729387	0.004058635798139082	0
layers24_30_36_concat	catboost	HPCLAS_TRAIN_N_004201	0	HPCLAS_TRAIN_N_004201	0	A_clean_core	-3.6545636369290317	0.025220266418776147	0
layers24_30_36_concat	catboost	HPCLAS_TRAIN_N_004207	0	HPCLAS_TRAIN_N_004207	0	A_clean_core	-0.8340377754979923	0.30279198129919016	0
layers24_30_36_concat	catboost	HPCLAS_TRAIN_N_004210	0	HPCLAS_TRAIN_N_004210	0	B_ambiguous	2.662339521927871	0.9347674693686854	1
layers24_30_36_concat	catboost	HPCLAS_TRAIN_N_004214	0	HPCLAS_TRAIN_N_004214	0	B_ambiguous	-2.819971963620193	0.05625442200218483	0
layers24_30_36_concat	catboost	HPCLAS_TRAIN_N_004224	0	HPCLAS_TRAIN_N_004224	0	A_clean_core	-3.8711507877273172	0.02040916733474984	0
layers24_30_36_concat	catboost	HPCLAS_TRAIN_N_004232	0	HPCLAS_TRAIN_N_004232	0	A_clean_core	-3.990433378384077	0.018155963871106132	0
layers24_30_36_concat	catboost	HPCLAS_TRAIN_N_004236	0	HPCLAS_TRAIN_N_004236	0	A_clean_core	-3.968624342717611	0.018548851938422904	0
layers24_30_36_concat	catboost	HPCLAS_TRAIN_N_004237	0	HPCLAS_TRAIN_N_004237	0	A_clean_core	-5.4718103987000495	0.004186018634941914	0
layers24_30_36_concat	catboost	HPCLAS_TRAIN_N_004259	0	HPCLAS_TRAIN_N_004259	0	B_ambiguous	9.124609086120417	0.9998910605169766	1
layers24_30_36_concat	catboost	HPCLAS_TRAIN_N_004262	0	HPCLAS_TRAIN_N_004262	0	A_clean_core	-2.7968777181417854	0.05749313151043493	0
layers24_30_36_concat	catboost	HPCLAS_TRAIN_N_004269	0	HPCLAS_TRAIN_N_004269	0	D_hard_sample	-1.3268046868330938	0.20968839867132588	0
layers24_30_36_concat	catboost	HPCLAS_TRAIN_N_004280	0	HPCLAS_TRAIN_N_004280	0	A_clean_core	-5.708229987656133	0.003307564917986831	0
layers24_30_36_concat	catboost	HPCLAS_TRAIN_N_004282	0	HPCLAS_TRAIN_N_004282	0	A_clean_core	-3.432807425885056	0.03128573571217579	0
layers24_30_36_concat	catboost	HPCLAS_TRAIN_N_004307	0	HPCLAS_TRAIN_N_004307	0	A_clean_core	-3.474513012646112	0.030046177611237793	0
layers24_30_36_concat	catboost	HPCLAS_TRAIN_N_004320	0	HPCLAS_TRAIN_N_004320	0	A_clean_core	-3.1697194748630104	0.04032126907347727	0
layers24_30_36_concat	catboost	HPCLAS_TRAIN_N_004322	0	HPCLAS_TRAIN_N_004322	0	A_clean_core	-4.061619535565776	0.016929560561931793	0
layers24_30_36_concat	catboost	HPCLAS_TRAIN_N_004327	0	HPCLAS_TRAIN_N_004327	0	A_clean_core	-4.3646105845373135	0.012559851048135425	0
layers24_30_36_concat	catboost	HPCLAS_TRAIN_N_004328	0	HPCLAS_TRAIN_N_004328	0	B_ambiguous	-0.9082898689474996	0.28734991038824714	0
layers24_30_36_concat	catboost	HPCLAS_TRAIN_N_004338	0	HPCLAS_TRAIN_N_004338	0	A_clean_core	-5.13935947574517	0.005827286599841015	0
layers24_30_36_concat	catboost	HPCLAS_TRAIN_N_004340	0	HPCLAS_TRAIN_N_004340	0	D_hard_sample	-3.9064578855936927	0.01971511002095563	0
layers24_30_36_concat	catboost	HPCLAS_TRAIN_N_004345	0	HPCLAS_TRAIN_N_004345	0	D_hard_sample	-0.8020295363041103	0.30959154884798795	0
layers24_30_36_concat	catboost	HPCLAS_TRAIN_N_004349	0	HPCLAS_TRAIN_N_004349	0	A_clean_core	-3.127392233949166	0.04199138735247592	0
layers24_30_36_concat	catboost	HPCLAS_TRAIN_N_004361	0	HPCLAS_TRAIN_N_004361	0	A_clean_core	-6.7803760383177	0.0011345590095092216	0
layers24_30_36_concat	catboost	HPCLAS_TRAIN_N_004370	0	HPCLAS_TRAIN_N_004370	0	D_hard_sample	0.15488551302471543	0.5386441545600831	1
layers24_30_36_concat	catboost	HPCLAS_TRAIN_N_004383	0	HPCLAS_TRAIN_N_004383	0	A_clean_core	-1.7850800678292338	0.14367698141996557	0
layers24_30_36_concat	catboost	HPCLAS_TRAIN_N_004385	0	HPCLAS_TRAIN_N_004385	0	D_hard_sample	-4.503670738734129	0.010947127055482132	0
layers24_30_36_concat	catboost	HPCLAS_TRAIN_N_004387	0	HPCLAS_TRAIN_N_004387	0	A_clean_core	-3.227874969197931	0.03813010868360377	0
layers24_30_36_concat	catboost	HPCLAS_TRAIN_N_004391	0	HPCLAS_TRAIN_N_004391	0	A_clean_core	-6.512904131652436	0.001481963776635083	0
layers24_30_36_concat	catboost	HPCLAS_TRAIN_N_004394	0	HPCLAS_TRAIN_P_000438	0	B_ambiguous	0.6030754970153019	0.6463596158616256	1
layers24_30_36_concat	catboost	HPCLAS_TRAIN_N_004395	0	HPCLAS_TRAIN_N_004395	0	A_clean_core	-1.4295436471394323	0.19316979925334624	0
layers24_30_36_concat	catboost	HPCLAS_TRAIN_N_004396	0	HPCLAS_TRAIN_N_004396	0	A_clean_core	-6.846263865093984	0.0010622917021420064	0
layers24_30_36_concat	catboost	HPCLAS_TRAIN_N_004398	0	HPCLAS_TRAIN_N_004398	0	A_clean_core	-4.081379415231731	0.016603817810158884	0
layers24_30_36_concat	catboost	HPCLAS_TRAIN_N_004401	0	HPCLAS_TRAIN_N_004401	0	A_clean_core	-3.9788710434363055	0.01836323023188495	0
layers24_30_36_concat	catboost	HPCLAS_TRAIN_N_004424	0	HPCLAS_TRAIN_N_004424	0	A_clean_core	-2.881684518459101	0.05306642494973616	0
layers24_30_36_concat	catboost	HPCLAS_TRAIN_N_004425	0	HPCLAS_TRAIN_N_004425	0	A_clean_core	-4.644162267363216	0.009525966473607128	0
layers24_30_36_concat	catboost	HPCLAS_TRAIN_N_004426	0	HPCLAS_TRAIN_N_004426	0	A_clean_core	-7.530620007030008	0.0005361180016484209	0
layers24_30_36_concat	catboost	HPCLAS_TRAIN_N_004429	0	HPCLAS_TRAIN_N_004429	0	A_clean_core	-5.596755983838162	0.003696166792670021	0
layers24_30_36_concat	catboost	HPCLAS_TRAIN_N_004436	0	HPCLAS_TRAIN_N_004436	0	A_clean_core	-4.442699081444635	0.011627357351788527	0
layers24_30_36_concat	catboost	HPCLAS_TRAIN_N_004441	0	HPCLAS_TRAIN_N_004441	0	A_clean_core	-5.122778185315583	0.00592413886653244	0
layers24_30_36_concat	catboost	HPCLAS_TRAIN_N_004443	0	HPCLAS_TRAIN_N_004443	0	D_hard_sample	0.5939807761396214	0.644277998413504	1
layers24_30_36_concat	catboost	HPCLAS_TRAIN_N_004445	0	HPCLAS_TRAIN_N_004445	0	D_hard_sample	-2.16636008696558	0.10281230097772541	0
layers24_30_36_concat	catboost	HPCLAS_TRAIN_N_004447	0	HPCLAS_TRAIN_N_004447	0	D_hard_sample	0.26172409741299063	0.5650600658054885	1
layers24_30_36_concat	catboost	HPCLAS_TRAIN_N_004448	0	HPCLAS_TRAIN_N_004448	0	A_clean_core	-2.7662012983981983	0.0591781565402154	0
layers24_30_36_concat	catboost	HPCLAS_TRAIN_N_004451	0	HPCLAS_TRAIN_N_004451	0	A_clean_core	-5.396875471418289	0.004510280402832203	0
layers24_30_36_concat	catboost	HPCLAS_TRAIN_N_004454	0	HPCLAS_TRAIN_N_004454	0	A_clean_core	-1.2632525720471508	0.22041448823693358	0
layers24_30_36_concat	catboost	HPCLAS_TRAIN_N_004461	0	HPCLAS_TRAIN_N_004461	0	A_clean_core	-2.5120864510513004	0.07501520653806423	0
layers24_30_36_concat	catboost	HPCLAS_TRAIN_N_004463	0	HPCLAS_TRAIN_N_004463	0	A_clean_core	-2.8285422830442717	0.05580115150743786	0
layers24_30_36_concat	catboost	HPCLAS_TRAIN_N_004474	0	HPCLAS_TRAIN_N_004474	0	D_hard_sample	-2.2574634113200234	0.09470762775471726	0
layers24_30_36_concat	catboost	HPCLAS_TRAIN_N_004478	0	HPCLAS_TRAIN_N_004478	0	A_clean_core	-5.878139260371169	0.0027921724277920777	0
layers24_30_36_concat	catboost	HPCLAS_TRAIN_N_004490	0	HPCLAS_TRAIN_N_004490	0	A_clean_core	-6.328288426006928	0.0017819056078865554	0
layers24_30_36_concat	catboost	HPCLAS_TRAIN_N_004493	0	HPCLAS_TRAIN_N_004493	0	D_hard_sample	-0.6815128100508477	0.33592374274639014	0
layers24_30_36_concat	catboost	HPCLAS_TRAIN_N_004498	0	HPCLAS_TRAIN_N_004498	0	A_clean_core	-7.873758979606556	0.0003804561964954881	0
layers24_30_36_concat	catboost	HPCLAS_TRAIN_N_004503	0	HPCLAS_TRAIN_N_004503	0	A_clean_core	-5.187454412024886	0.00555517654042006	0
layers24_30_36_concat	catboost	HPCLAS_TRAIN_N_004505	0	HPCLAS_TRAIN_N_004505	0	A_clean_core	-3.6289759182669763	0.02585702102009498	0
layers24_30_36_concat	catboost	HPCLAS_TRAIN_N_004511	0	HPCLAS_TRAIN_N_004511	0	A_clean_core	-4.054155421039501	0.01705423440761995	0
layers24_30_36_concat	catboost	HPCLAS_TRAIN_N_004542	0	HPCLAS_TRAIN_N_004542	0	D_hard_sample	-1.0087591542808148	0.2672227564692978	0
layers24_30_36_concat	catboost	HPCLAS_TRAIN_N_004546	0	HPCLAS_TRAIN_N_004546	0	D_hard_sample	-0.40039958461369424	0.40121633917725114	0
layers24_30_36_concat	catboost	HPCLAS_TRAIN_N_004571	0	HPCLAS_TRAIN_P_007237	0	B_ambiguous	-2.0388178585460612	0.11518716001572281	0
layers24_30_36_concat	catboost	HPCLAS_TRAIN_N_004572	0	HPCLAS_TRAIN_N_004572	0	A_clean_core	-0.45804265287079776	0.38745026359560764	0
layers24_30_36_concat	catboost	HPCLAS_TRAIN_N_004603	0	HPCLAS_TRAIN_N_004603	0	A_clean_core	-7.616909567416732	0.0004918181583903129	0
layers24_30_36_concat	catboost	HPCLAS_TRAIN_N_004605	0	HPCLAS_TRAIN_N_004605	0	A_clean_core	-4.800304180343648	0.008160108894648733	0
layers24_30_36_concat	catboost	HPCLAS_TRAIN_N_004614	0	HPCLAS_TRAIN_N_004614	0	A_clean_core	-3.1274525824988744	0.04198895971143633	0
layers24_30_36_concat	catboost	HPCLAS_TRAIN_N_004621	0	HPCLAS_TRAIN_N_004621	0	A_clean_core	-2.095893199914267	0.10949662167989642	0
layers24_30_36_concat	catboost	HPCLAS_TRAIN_N_004622	0	HPCLAS_TRAIN_N_004622	0	A_clean_core	-4.776675488767	0.008353587737365074	0
layers24_30_36_concat	catboost	HPCLAS_TRAIN_N_004637	0	HPCLAS_TRAIN_N_004637	0	A_clean_core	-2.6522145311693297	0.06585264917402096	0
layers24_30_36_concat	catboost	HPCLAS_TRAIN_N_004645	0	HPCLAS_TRAIN_N_003314	0	A_clean_core	-6.386636299174722	0.0016810800691322383	0
layers24_30_36_concat	catboost	HPCLAS_TRAIN_N_004648	0	HPCLAS_TRAIN_N_004648	0	A_clean_core	-4.76744993186291	0.008430358118464508	0
layers24_30_36_concat	catboost	HPCLAS_TRAIN_N_004663	0	HPCLAS_TRAIN_N_004663	0	A_clean_core	-3.524322782348037	0.02862804068084234	0
layers24_30_36_concat	catboost	HPCLAS_TRAIN_N_004664	0	HPCLAS_TRAIN_N_004664	0	D_hard_sample	-1.7301567168522112	0.1505675350404051	0
layers24_30_36_concat	catboost	HPCLAS_TRAIN_N_004667	0	HPCLAS_TRAIN_N_004667	0	D_hard_sample	-0.24291329494971914	0.43956854036965176	0
layers24_30_36_concat	catboost	HPCLAS_TRAIN_N_004671	0	HPCLAS_TRAIN_N_004671	0	A_clean_core	-4.3562176192876585	0.012664368426638272	0
layers24_30_36_concat	catboost	HPCLAS_TRAIN_N_004677	0	HPCLAS_TRAIN_N_004677	0	A_clean_core	-2.703348896981301	0.06277603428290596	0
layers24_30_36_concat	catboost	HPCLAS_TRAIN_N_004688	0	HPCLAS_TRAIN_N_004688	0	D_hard_sample	2.271224694899779	0.9064656760227776	1
layers24_30_36_concat	catboost	HPCLAS_TRAIN_N_004693	0	HPCLAS_TRAIN_N_004693	0	A_clean_core	-5.354635549394046	0.004703959831413556	0
layers24_30_36_concat	catboost	HPCLAS_TRAIN_N_004694	0	HPCLAS_TRAIN_N_004694	0	A_clean_core	-4.618444054450291	0.009771709823183877	0
layers24_30_36_concat	catboost	HPCLAS_TRAIN_N_004704	0	HPCLAS_TRAIN_N_004704	0	A_clean_core	-6.4884961422312255	0.0015185249827753605	0
layers24_30_36_concat	catboost	HPCLAS_TRAIN_N_004705	0	HPCLAS_TRAIN_N_004705	0	D_hard_sample	-3.3383630890892873	0.03427830355782531	0
layers24_30_36_concat	catboost	HPCLAS_TRAIN_N_004709	0	HPCLAS_TRAIN_N_004709	0	A_clean_core	-3.6327227952978856	0.025762810530112524	0
layers24_30_36_concat	catboost	HPCLAS_TRAIN_N_004714	0	HPCLAS_TRAIN_N_004714	0	B_ambiguous	-4.611783175683246	0.009836372883433916	0
layers24_30_36_concat	catboost	HPCLAS_TRAIN_N_004722	0	HPCLAS_TRAIN_N_004722	0	D_hard_sample	0.7801055032554768	0.6857028518598828	1
layers24_30_36_concat	catboost	HPCLAS_TRAIN_N_004757	0	HPCLAS_TRAIN_N_004757	0	A_clean_core	-3.9508691491048107	0.018874859780488966	0
layers24_30_36_concat	catboost	HPCLAS_TRAIN_N_004766	0	HPCLAS_TRAIN_N_004766	0	A_clean_core	-4.998858030825649	0.006700447078476063	0
layers24_30_36_concat	catboost	HPCLAS_TRAIN_N_004772	0	HPCLAS_TRAIN_N_004772	0	A_clean_core	-2.5725233361241493	0.07092784345307113	0
layers24_30_36_concat	catboost	HPCLAS_TRAIN_N_004776	0	HPCLAS_TRAIN_N_004776	0	A_clean_core	-5.564981685417897	0.0038150404109387	0
layers24_30_36_concat	catboost	HPCLAS_TRAIN_N_004785	0	HPCLAS_TRAIN_N_004785	0	A_clean_core	-5.353148950567424	0.0047109249654440355	0
layers24_30_36_concat	catboost	HPCLAS_TRAIN_N_004795	0	HPCLAS_TRAIN_N_004795	0	D_hard_sample	-1.5089589124407747	0.18109313352589937	0
layers24_30_36_concat	catboost	HPCLAS_TRAIN_N_004799	0	HPCLAS_TRAIN_N_004799	0	A_clean_core	-4.803225692730381	0.00813649751565334	0
layers24_30_36_concat	catboost	HPCLAS_TRAIN_N_004801	0	HPCLAS_TRAIN_N_004801	0	A_clean_core	-4.801530719358102	0.008150187860957869	0
layers24_30_36_concat	catboost	HPCLAS_TRAIN_N_004802	0	HPCLAS_TRAIN_N_004802	0	A_clean_core	-5.577295388880841	0.0037685271328385507	0
layers24_30_36_concat	catboost	HPCLAS_TRAIN_N_004809	0	HPCLAS_TRAIN_N_004809	0	A_clean_core	-6.083874339485521	0.0022741451069010128	0
layers24_30_36_concat	catboost	HPCLAS_TRAIN_N_004812	0	HPCLAS_TRAIN_N_004812	0	B_ambiguous	0.845263556362556	0.6995726224190254	1
layers24_30_36_concat	catboost	HPCLAS_TRAIN_N_004814	0	HPCLAS_TRAIN_N_004814	0	A_clean_core	-1.2211837871598497	0.2277281931186698	0
layers24_30_36_concat	catboost	HPCLAS_TRAIN_N_004816	0	HPCLAS_TRAIN_N_004816	0	B_ambiguous	-5.672524594263108	0.0034273844297260585	0
layers24_30_36_concat	catboost	HPCLAS_TRAIN_N_004818	0	HPCLAS_TRAIN_N_004818	0	A_clean_core	-2.0862281517688546	0.11044259557018211	0
layers24_30_36_concat	catboost	HPCLAS_TRAIN_N_004821	0	HPCLAS_TRAIN_N_004821	0	A_clean_core	-5.341359877396175	0.004766524775151491	0
layers24_30_36_concat	catboost	HPCLAS_TRAIN_N_004833	0	HPCLAS_TRAIN_N_004833	0	A_clean_core	-1.7699122600725545	0.1455532405925808	0
layers24_30_36_concat	catboost	HPCLAS_TRAIN_N_004834	0	HPCLAS_TRAIN_N_004834	0	A_clean_core	-5.758938861332253	0.003144537829727991	0
layers24_30_36_concat	catboost	HPCLAS_TRAIN_N_004837	0	HPCLAS_TRAIN_N_004837	0	A_clean_core	-6.436592950235079	0.0015992931579532706	0
layers24_30_36_concat	catboost	HPCLAS_TRAIN_N_004856	0	HPCLAS_TRAIN_N_004856	0	A_clean_core	-7.180189341436794	0.000760944163549699	0
layers24_30_36_concat	catboost	HPCLAS_TRAIN_N_004863	0	HPCLAS_TRAIN_N_004863	0	D_hard_sample	2.2684588801086907	0.9062309108308444	1
layers24_30_36_concat	catboost	HPCLAS_TRAIN_N_004879	0	HPCLAS_TRAIN_N_004879	0	A_clean_core	-5.004937480977981	0.006660106093864103	0
layers24_30_36_concat	catboost	HPCLAS_TRAIN_N_004882	0	HPCLAS_TRAIN_N_004882	0	A_clean_core	-5.420686917570529	0.004404620098380274	0
layers24_30_36_concat	catboost	HPCLAS_TRAIN_N_004884	0	HPCLAS_TRAIN_N_004884	0	A_clean_core	-5.701740684353393	0.0033290268174665256	0
layers24_30_36_concat	catboost	HPCLAS_TRAIN_N_004897	0	HPCLAS_TRAIN_N_004897	0	D_hard_sample	-0.8015532175442105	0.3096933686537798	0
layers24_30_36_concat	catboost	HPCLAS_TRAIN_N_004900	0	HPCLAS_TRAIN_N_004900	0	D_hard_sample	0.17481594975297846	0.5435930248020364	1
layers24_30_36_concat	catboost	HPCLAS_TRAIN_N_004904	0	HPCLAS_TRAIN_N_004904	0	A_clean_core	-4.443560787126685	0.011617458656883971	0
layers24_30_36_concat	catboost	HPCLAS_TRAIN_N_004915	0	HPCLAS_TRAIN_N_004915	0	D_hard_sample	0.6391802148405649	0.6545681235485192	1
layers24_30_36_concat	catboost	HPCLAS_TRAIN_N_004919	0	HPCLAS_TRAIN_N_004919	0	D_hard_sample	0.9400333018079984	0.7191063841773352	1
layers24_30_36_concat	catboost	HPCLAS_TRAIN_N_004920	0	HPCLAS_TRAIN_N_004920	0	A_clean_core	-2.5663746980287363	0.07133409126397995	0
layers24_30_36_concat	catboost	HPCLAS_TRAIN_N_004924	0	HPCLAS_TRAIN_N_004924	0	A_clean_core	-3.768621490290766	0.022563021014111832	0
layers24_30_36_concat	catboost	HPCLAS_TRAIN_N_004926	0	HPCLAS_TRAIN_N_004926	0	D_hard_sample	1.3922857242343185	0.8009568953037147	1
layers24_30_36_concat	catboost	HPCLAS_TRAIN_N_004931	0	HPCLAS_TRAIN_N_004931	0	A_clean_core	-3.643616644830847	0.025490792847245865	0
layers24_30_36_concat	catboost	HPCLAS_TRAIN_N_004935	0	HPCLAS_TRAIN_N_004935	0	A_clean_core	-2.931904848201813	0.05059874049339902	0
layers24_30_36_concat	catboost	HPCLAS_TRAIN_N_004937	0	HPCLAS_TRAIN_N_004937	0	A_clean_core	-6.16106970692101	0.0021055522830913135	0
layers24_30_36_concat	catboost	HPCLAS_TRAIN_N_004938	0	HPCLAS_TRAIN_N_004938	0	D_hard_sample	-0.47311190590409025	0.383879962181717	0
layers24_30_36_concat	catboost	HPCLAS_TRAIN_N_004939	0	HPCLAS_TRAIN_N_004939	0	A_clean_core	-5.27661231352916	0.005083735185382414	0
layers24_30_36_concat	catboost	HPCLAS_TRAIN_N_004948	0	HPCLAS_TRAIN_N_004948	0	D_hard_sample	-0.5178518547377704	0.37335467893555135	0
layers24_30_36_concat	catboost	HPCLAS_TRAIN_N_004949	0	HPCLAS_TRAIN_N_004949	0	A_clean_core	-5.375367511671835	0.004607886223708377	0
layers24_30_36_concat	catboost	HPCLAS_TRAIN_N_004954	0	HPCLAS_TRAIN_N_004954	0	D_hard_sample	-0.6233197924923528	0.3490267934902875	0
layers24_30_36_concat	catboost	HPCLAS_TRAIN_N_004956	0	HPCLAS_TRAIN_N_004956	0	D_hard_sample	-0.67598577027768	0.3371578251448367	0
layers24_30_36_concat	catboost	HPCLAS_TRAIN_N_004962	0	HPCLAS_TRAIN_N_004962	0	A_clean_core	-6.176417753810795	0.0020735493961086264	0
layers24_30_36_concat	catboost	HPCLAS_TRAIN_N_004983	0	HPCLAS_TRAIN_N_004983	0	A_clean_core	-3.8536226482326357	0.020762562710754186	0
layers24_30_36_concat	catboost	HPCLAS_TRAIN_N_004992	0	HPCLAS_TRAIN_N_004992	0	D_hard_sample	-4.901962783770291	0.007377154498384795	0
layers24_30_36_concat	catboost	HPCLAS_TRAIN_N_004993	0	HPCLAS_TRAIN_N_004993	0	D_hard_sample	-0.7048641380195119	0.33073466947814134	0
layers24_30_36_concat	catboost	HPCLAS_TRAIN_N_004999	0	HPCLAS_TRAIN_N_004999	0	A_clean_core	-3.4838555097381914	0.029775097596386444	0
layers24_30_36_concat	catboost	HPCLAS_TRAIN_N_005002	0	HPCLAS_TRAIN_P_001569	0	B_ambiguous	-2.6754389888544408	0.0644382958938633	0
layers24_30_36_concat	catboost	HPCLAS_TRAIN_N_005013	0	HPCLAS_TRAIN_N_005013	0	D_hard_sample	-3.2055495570440597	0.03895741641108238	0
layers24_30_36_concat	catboost	HPCLAS_TRAIN_N_005014	0	HPCLAS_TRAIN_N_005014	0	D_hard_sample	1.5190699597545445	0.8204014866097314	1
layers24_30_36_concat	catboost	HPCLAS_TRAIN_N_005020	0	HPCLAS_TRAIN_N_005020	0	A_clean_core	-5.011751196588354	0.006615179454791996	0
layers24_30_36_concat	catboost	HPCLAS_TRAIN_N_005026	0	HPCLAS_TRAIN_N_005026	0	A_clean_core	-3.7555600210860955	0.022852881211515644	0
layers24_30_36_concat	catboost	HPCLAS_TRAIN_N_005042	0	HPCLAS_TRAIN_N_005042	0	D_hard_sample	-0.642082002423947	0.3447760516605633	0
layers24_30_36_concat	catboost	HPCLAS_TRAIN_N_005043	0	HPCLAS_TRAIN_N_005043	0	A_clean_core	-5.3640510433605035	0.004660083006704318	0
layers24_30_36_concat	catboost	HPCLAS_TRAIN_N_005047	0	HPCLAS_TRAIN_N_005047	0	A_clean_core	-5.4989417470591855	0.004074429672163685	0
layers24_30_36_concat	catboost	HPCLAS_TRAIN_N_005052	0	HPCLAS_TRAIN_N_005052	0	A_clean_core	-4.117968855161431	0.016016828324351796	0
layers24_30_36_concat	catboost	HPCLAS_TRAIN_N_005058	0	HPCLAS_TRAIN_N_005058	0	A_clean_core	-4.734480828761977	0.008710470621342985	0
layers24_30_36_concat	catboost	HPCLAS_TRAIN_N_005060	0	HPCLAS_TRAIN_N_005060	0	A_clean_core	-2.4093167348576925	0.08246500231399506	0
layers24_30_36_concat	catboost	HPCLAS_TRAIN_N_005066	0	HPCLAS_TRAIN_N_005066	0	A_clean_core	-4.315319919768452	0.013186077960670011	0
layers24_30_36_concat	catboost	HPCLAS_TRAIN_N_005068	0	HPCLAS_TRAIN_N_005068	0	A_clean_core	-4.592938976338772	0.01002161373906218	0
layers24_30_36_concat	catboost	HPCLAS_TRAIN_N_005076	0	HPCLAS_TRAIN_N_005076	0	A_clean_core	-4.429322801908396	0.011782088211119134	0
layers24_30_36_concat	catboost	HPCLAS_TRAIN_N_005079	0	HPCLAS_TRAIN_N_005079	0	A_clean_core	-4.166106295139578	0.015275580832754522	0
layers24_30_36_concat	catboost	HPCLAS_TRAIN_N_005090	0	HPCLAS_TRAIN_N_005090	0	A_clean_core	-4.986402472134896	0.006783857105332524	0
layers24_30_36_concat	catboost	HPCLAS_TRAIN_N_005092	0	HPCLAS_TRAIN_N_005092	0	D_hard_sample	2.3886561959684047	0.9159581814976032	1
layers24_30_36_concat	catboost	HPCLAS_TRAIN_N_005094	0	HPCLAS_TRAIN_N_005094	0	D_hard_sample	1.0349029544520107	0.7378653310668641	1
layers24_30_36_concat	catboost	HPCLAS_TRAIN_N_005110	0	HPCLAS_TRAIN_N_005110	0	B_ambiguous	-2.6061844007146733	0.06874146184095507	0
layers24_30_36_concat	catboost	HPCLAS_TRAIN_P_000004	1	HPCLAS_TRAIN_P_000004	0	D_hard_sample	2.835069055119463	0.9445417317336029	1
layers24_30_36_concat	catboost	HPCLAS_TRAIN_P_000006	1	HPCLAS_TRAIN_P_000006	0	A_clean_core	7.263441434249313	0.9992997981318147	1
layers24_30_36_concat	catboost	HPCLAS_TRAIN_P_000017	1	HPCLAS_TRAIN_P_000017	0	A_clean_core	1.1624266643165269	0.7617733727305358	1
layers24_30_36_concat	catboost	HPCLAS_TRAIN_P_000029	1	HPCLAS_TRAIN_P_000029	0	A_clean_core	1.4951772852946827	0.8168540834695993	1
layers24_30_36_concat	catboost	HPCLAS_TRAIN_P_000031	1	HPCLAS_TRAIN_P_000031	0	A_clean_core	3.519415884446633	0.9712351898970867	1
layers24_30_36_concat	catboost	HPCLAS_TRAIN_P_000036	1	HPCLAS_TRAIN_P_000036	0	A_clean_core	7.566824989131562	0.999482935114644	1
layers24_30_36_concat	catboost	HPCLAS_TRAIN_P_000037	1	HPCLAS_TRAIN_P_000037	0	A_clean_core	8.73224028700891	0.9998387253224121	1
layers24_30_36_concat	catboost	HPCLAS_TRAIN_P_000040	1	HPCLAS_TRAIN_P_000040	0	A_clean_core	7.270307006559757	0.9993045856220807	1
layers24_30_36_concat	catboost	HPCLAS_TRAIN_P_000043	1	HPCLAS_TRAIN_P_000043	0	A_clean_core	4.466283762046838	0.9886405830290742	1
layers24_30_36_concat	catboost	HPCLAS_TRAIN_P_000051	1	HPCLAS_TRAIN_P_000051	0	D_hard_sample	-1.4736153195894566	0.1863937250346679	0
layers24_30_36_concat	catboost	HPCLAS_TRAIN_P_000062	1	HPCLAS_TRAIN_P_000062	0	A_clean_core	7.665211761165787	0.999531362265335	1
layers24_30_36_concat	catboost	HPCLAS_TRAIN_P_000068	1	HPCLAS_TRAIN_P_000068	0	A_clean_core	5.805729636559066	0.9969987768968862	1
layers24_30_36_concat	catboost	HPCLAS_TRAIN_P_000081	1	HPCLAS_TRAIN_P_000081	0	A_clean_core	6.354450423067937	0.9982640281935838	1
layers24_30_36_concat	catboost	HPCLAS_TRAIN_P_000094	1	HPCLAS_TRAIN_P_000094	0	A_clean_core	8.018524459237913	0.9996708028381645	1
layers24_30_36_concat	catboost	HPCLAS_TRAIN_P_000105	1	HPCLAS_TRAIN_P_000105	0	A_clean_core	6.093275487749045	0.9977470863456955	1
layers24_30_36_concat	catboost	HPCLAS_TRAIN_P_000107	1	HPCLAS_TRAIN_P_000107	0	D_hard_sample	-0.7714138495945577	0.3161733415920546	0
layers24_30_36_concat	catboost	HPCLAS_TRAIN_P_000111	1	HPCLAS_TRAIN_P_000111	0	A_clean_core	0.03850266581074842	0.5096244774939442	1
layers24_30_36_concat	catboost	HPCLAS_TRAIN_P_000118	1	HPCLAS_TRAIN_P_000118	0	A_clean_core	7.2236513570265135	0.9992713960314261	1
layers24_30_36_concat	catboost	HPCLAS_TRAIN_P_000127	1	HPCLAS_TRAIN_P_000127	0	A_clean_core	1.1492261707655635	0.7593695454963795	1
layers24_30_36_concat	catboost	HPCLAS_TRAIN_P_000151	1	HPCLAS_TRAIN_P_000151	0	A_clean_core	1.5552399613966823	0.8256692570137255	1
layers24_30_36_concat	catboost	HPCLAS_TRAIN_P_000162	1	HPCLAS_TRAIN_P_000162	0	A_clean_core	8.941676720416476	0.999869195606933	1
layers24_30_36_concat	catboost	HPCLAS_TRAIN_P_000163	1	HPCLAS_TRAIN_P_000163	0	A_clean_core	5.501351956967052	0.9959353388658482	1
layers24_30_36_concat	catboost	HPCLAS_TRAIN_P_000170	1	HPCLAS_TRAIN_P_000170	0	A_clean_core	-0.08899563504015112	0.47776576431201606	0
layers24_30_36_concat	catboost	HPCLAS_TRAIN_P_000173	1	HPCLAS_TRAIN_P_000173	0	D_hard_sample	0.4424736099977227	0.6088482843958362	1
layers24_30_36_concat	catboost	HPCLAS_TRAIN_P_000174	1	HPCLAS_TRAIN_P_000174	0	A_clean_core	9.23868626925887	0.9999028042400868	1
layers24_30_36_concat	catboost	HPCLAS_TRAIN_P_000180	1	HPCLAS_TRAIN_N_004259	0	B_ambiguous	9.050886851691267	0.999882726779991	1
layers24_30_36_concat	catboost	HPCLAS_TRAIN_P_000184	1	HPCLAS_TRAIN_P_000184	0	A_clean_core	4.5647803384802685	0.9896951299112745	1
layers24_30_36_concat	catboost	HPCLAS_TRAIN_P_000190	1	HPCLAS_TRAIN_P_000190	0	A_clean_core	8.474817047078416	0.9997913861625358	1
layers24_30_36_concat	catboost	HPCLAS_TRAIN_P_000201	1	HPCLAS_TRAIN_P_000201	0	A_clean_core	8.14225253429848	0.9997091036305616	1
layers24_30_36_concat	catboost	HPCLAS_TRAIN_P_000203	1	HPCLAS_TRAIN_P_000203	0	D_hard_sample	-0.20038456409028502	0.4500708185272238	0
layers24_30_36_concat	catboost	HPCLAS_TRAIN_P_000206	1	HPCLAS_TRAIN_P_000206	0	A_clean_core	8.66505589307751	0.9998275198478489	1
layers24_30_36_concat	catboost	HPCLAS_TRAIN_P_000208	1	HPCLAS_TRAIN_P_000208	0	A_clean_core	8.500505394884474	0.9997966757860244	1
layers24_30_36_concat	catboost	HPCLAS_TRAIN_P_000212	1	HPCLAS_TRAIN_P_000212	0	A_clean_core	8.846470423204087	0.9998561319936857	1
layers24_30_36_concat	catboost	HPCLAS_TRAIN_P_000224	1	HPCLAS_TRAIN_P_000224	0	D_hard_sample	-0.22734276677446064	0.4434078444723041	0
layers24_30_36_concat	catboost	HPCLAS_TRAIN_P_000232	1	HPCLAS_TRAIN_P_000232	0	A_clean_core	9.564485945118241	0.9999298276444402	1
layers24_30_36_concat	catboost	HPCLAS_TRAIN_P_000237	1	HPCLAS_TRAIN_P_000237	0	D_hard_sample	2.2765052898815776	0.9069124347704992	1
layers24_30_36_concat	catboost	HPCLAS_TRAIN_P_000255	1	HPCLAS_TRAIN_P_000255	0	A_clean_core	9.014032195322617	0.9998783246198698	1
layers24_30_36_concat	catboost	HPCLAS_TRAIN_P_000260	1	HPCLAS_TRAIN_P_000260	0	B_ambiguous	5.1899258711034815	0.9944584599111935	1
layers24_30_36_concat	catboost	HPCLAS_TRAIN_P_000261	1	HPCLAS_TRAIN_P_000261	0	A_clean_core	1.3225090376399593	0.7895988421225729	1
layers24_30_36_concat	catboost	HPCLAS_TRAIN_P_000269	1	HPCLAS_TRAIN_P_000269	0	A_clean_core	8.640691407533184	0.9998232665966411	1
layers24_30_36_concat	catboost	HPCLAS_TRAIN_P_000273	1	HPCLAS_TRAIN_P_000273	0	A_clean_core	6.884995089114812	0.9989780243234782	1
layers24_30_36_concat	catboost	HPCLAS_TRAIN_P_000280	1	HPCLAS_TRAIN_P_000280	0	A_clean_core	7.239737734012071	0.9992830145257556	1
layers24_30_36_concat	catboost	HPCLAS_TRAIN_P_000288	1	HPCLAS_TRAIN_P_000288	0	D_hard_sample	1.392698920998835	0.8010227609844429	1
layers24_30_36_concat	catboost	HPCLAS_TRAIN_P_000293	1	HPCLAS_TRAIN_P_000293	0	A_clean_core	0.8947188708429575	0.70986302108885	1
layers24_30_36_concat	catboost	HPCLAS_TRAIN_P_000303	1	HPCLAS_TRAIN_P_000303	0	A_clean_core	4.0274220299966474	0.9824917892482138	1
layers24_30_36_concat	catboost	HPCLAS_TRAIN_P_000310	1	HPCLAS_TRAIN_P_000310	0	A_clean_core	8.219216676913232	0.9997306465409357	1
layers24_30_36_concat	catboost	HPCLAS_TRAIN_P_000311	1	HPCLAS_TRAIN_P_000311	0	A_clean_core	8.704976029986648	0.9998342685374851	1
layers24_30_36_concat	catboost	HPCLAS_TRAIN_P_000312	1	HPCLAS_TRAIN_P_000312	0	A_clean_core	7.624451428672905	0.9995118753100393	1
layers24_30_36_concat	catboost	HPCLAS_TRAIN_P_000322	1	HPCLAS_TRAIN_P_000322	0	A_clean_core	7.672514723883577	0.9995347706561939	1
layers24_30_36_concat	catboost	HPCLAS_TRAIN_P_000324	1	HPCLAS_TRAIN_P_000324	0	D_hard_sample	-1.3190855577796425	0.21097047306517067	0
layers24_30_36_concat	catboost	HPCLAS_TRAIN_P_000328	1	HPCLAS_TRAIN_P_000328	0	A_clean_core	7.8397955697069	0.9996064054509085	1
layers24_30_36_concat	catboost	HPCLAS_TRAIN_P_000340	1	HPCLAS_TRAIN_P_000340	0	A_clean_core	8.737755026892938	0.9998396121201849	1
layers24_30_36_concat	catboost	HPCLAS_TRAIN_P_000341	1	HPCLAS_TRAIN_P_000341	0	A_clean_core	5.850260657301657	0.9971291171092551	1
layers24_30_36_concat	catboost	HPCLAS_TRAIN_P_000342	1	HPCLAS_TRAIN_P_000342	0	A_clean_core	8.321040239015485	0.9997567166031586	1
layers24_30_36_concat	catboost	HPCLAS_TRAIN_P_000343	1	HPCLAS_TRAIN_P_000343	0	D_hard_sample	-0.09566643079741874	0.47610161615321345	0
layers24_30_36_concat	catboost	HPCLAS_TRAIN_P_000344	1	HPCLAS_TRAIN_P_000344	0	A_clean_core	4.422437120054616	0.9881374698267561	1
layers24_30_36_concat	catboost	HPCLAS_TRAIN_P_000348	1	HPCLAS_TRAIN_P_000348	0	B_ambiguous	4.4121368032733725	0.9880161224064479	1
layers24_30_36_concat	catboost	HPCLAS_TRAIN_P_000350	1	HPCLAS_TRAIN_P_000350	0	A_clean_core	3.52274986329098	0.9713281863918264	1
layers24_30_36_concat	catboost	HPCLAS_TRAIN_P_000371	1	HPCLAS_TRAIN_P_000371	0	A_clean_core	2.7629931374699375	0.9406429727532146	1
layers24_30_36_concat	catboost	HPCLAS_TRAIN_P_000386	1	HPCLAS_TRAIN_P_000386	0	A_clean_core	5.387282188466984	0.9954464409661073	1
layers24_30_36_concat	catboost	HPCLAS_TRAIN_P_000395	1	HPCLAS_TRAIN_P_000395	0	A_clean_core	7.374019326086257	0.9993730516963216	1
layers24_30_36_concat	catboost	HPCLAS_TRAIN_P_000400	1	HPCLAS_TRAIN_P_000400	0	A_clean_core	4.098287512634367	0.9836700151744734	1
layers24_30_36_concat	catboost	HPCLAS_TRAIN_P_000402	1	HPCLAS_TRAIN_P_000402	0	D_hard_sample	-0.4139683856475222	0.39796095952943517	0
layers24_30_36_concat	catboost	HPCLAS_TRAIN_P_000403	1	HPCLAS_TRAIN_P_000403	0	A_clean_core	7.749095793242611	0.9995690535978391	1
layers24_30_36_concat	catboost	HPCLAS_TRAIN_P_000421	1	HPCLAS_TRAIN_P_000421	0	D_hard_sample	2.4254270006961365	0.9187458025224633	1
layers24_30_36_concat	catboost	HPCLAS_TRAIN_P_000437	1	HPCLAS_TRAIN_P_000437	0	A_clean_core	9.338532445207447	0.9999120392978567	1
layers24_30_36_concat	catboost	HPCLAS_TRAIN_P_000438	1	HPCLAS_TRAIN_P_000438	0	B_ambiguous	0.4113837328402895	0.6014196255684747	1
layers24_30_36_concat	catboost	HPCLAS_TRAIN_P_000452	1	HPCLAS_TRAIN_P_000452	0	A_clean_core	2.33032012514453	0.9113572015417811	1
layers24_30_36_concat	catboost	HPCLAS_TRAIN_P_000454	1	HPCLAS_TRAIN_P_000454	0	A_clean_core	1.5531562803763177	0.8253691293812148	1
layers24_30_36_concat	catboost	HPCLAS_TRAIN_P_000465	1	HPCLAS_TRAIN_P_000465	0	A_clean_core	3.1224214227899663	0.957808190422292	1
layers24_30_36_concat	catboost	HPCLAS_TRAIN_P_000466	1	HPCLAS_TRAIN_P_000466	0	D_hard_sample	3.145512937676403	0.9587315545301737	1
layers24_30_36_concat	catboost	HPCLAS_TRAIN_P_000467	1	HPCLAS_TRAIN_P_000467	0	A_clean_core	2.6786939950727717	0.9357576574302288	1
layers24_30_36_concat	catboost	HPCLAS_TRAIN_P_000478	1	HPCLAS_TRAIN_P_000478	0	A_clean_core	10.066699053208279	0.9999575312277578	1
layers24_30_36_concat	catboost	HPCLAS_TRAIN_P_000484	1	HPCLAS_TRAIN_P_000484	0	A_clean_core	5.507634593438034	0.9959606927751047	1
layers24_30_36_concat	catboost	HPCLAS_TRAIN_P_000485	1	HPCLAS_TRAIN_P_000485	0	A_clean_core	5.790282561133437	0.9969521992556438	1
layers24_30_36_concat	catboost	HPCLAS_TRAIN_P_000500	1	HPCLAS_TRAIN_P_000500	0	A_clean_core	4.68604807596074	0.9908612244293377	1
layers24_30_36_concat	catboost	HPCLAS_TRAIN_P_000503	1	HPCLAS_TRAIN_P_000503	0	A_clean_core	5.614976041191955	0.9963703255535109	1
layers24_30_36_concat	catboost	HPCLAS_TRAIN_P_000514	1	HPCLAS_TRAIN_P_000514	0	A_clean_core	6.114204471915334	0.9977936445996716	1
layers24_30_36_concat	catboost	HPCLAS_TRAIN_P_000518	1	HPCLAS_TRAIN_P_000518	0	A_clean_core	9.59235906396671	0.9999317564278897	1
layers24_30_36_concat	catboost	HPCLAS_TRAIN_P_000521	1	HPCLAS_TRAIN_P_000521	0	A_clean_core	7.923540800292876	0.9996380132151018	1
layers24_30_36_concat	catboost	HPCLAS_TRAIN_P_000526	1	HPCLAS_TRAIN_P_000526	0	A_clean_core	7.755279612257136	0.9995717091319118	1
layers24_30_36_concat	catboost	HPCLAS_TRAIN_P_000531	1	HPCLAS_TRAIN_P_000531	0	D_hard_sample	-2.36553302543454	0.08583901809767264	0
layers24_30_36_concat	catboost	HPCLAS_TRAIN_P_000533	1	HPCLAS_TRAIN_P_000533	0	A_clean_core	5.392250813560356	0.995468907517991	1
layers24_30_36_concat	catboost	HPCLAS_TRAIN_P_000534	1	HPCLAS_TRAIN_P_000534	0	A_clean_core	3.990075432705712	0.9818376541723003	1
layers24_30_36_concat	catboost	HPCLAS_TRAIN_P_000546	1	HPCLAS_TRAIN_P_000546	0	A_clean_core	6.528833087360713	0.9985414211838586	1
layers24_30_36_concat	catboost	HPCLAS_TRAIN_P_000552	1	HPCLAS_TRAIN_P_000552	0	A_clean_core	7.265352863001581	0.999301134305039	1
layers24_30_36_concat	catboost	HPCLAS_TRAIN_P_000556	1	HPCLAS_TRAIN_P_000556	0	D_hard_sample	2.0654900629438564	0.8875034708453646	1
layers24_30_36_concat	catboost	HPCLAS_TRAIN_P_000568	1	HPCLAS_TRAIN_P_000568	0	A_clean_core	8.596564763960878	0.9998152947942436	1
layers24_30_36_concat	catboost	HPCLAS_TRAIN_P_000586	1	HPCLAS_TRAIN_P_000586	0	A_clean_core	6.793385969836084	0.9988800895003602	1
layers24_30_36_concat	catboost	HPCLAS_TRAIN_P_000590	1	HPCLAS_TRAIN_P_000590	0	A_clean_core	3.03933972955145	0.9543200544883939	1
layers24_30_36_concat	catboost	HPCLAS_TRAIN_P_000593	1	HPCLAS_TRAIN_P_000593	0	A_clean_core	4.15507070769364	0.9845575281977629	1
layers24_30_36_concat	catboost	HPCLAS_TRAIN_P_000609	1	HPCLAS_TRAIN_P_000609	0	A_clean_core	1.086915139173819	0.7478003772206148	1
layers24_30_36_concat	catboost	HPCLAS_TRAIN_P_000611	1	HPCLAS_TRAIN_P_000611	0	A_clean_core	9.98072966101876	0.9999537188562957	1
layers24_30_36_concat	catboost	HPCLAS_TRAIN_P_000614	1	HPCLAS_TRAIN_P_000614	0	A_clean_core	7.646660287966831	0.9995225913907353	1
layers24_30_36_concat	catboost	HPCLAS_TRAIN_P_000619	1	HPCLAS_TRAIN_P_000619	0	A_clean_core	3.012251681301317	0.9531245579474051	1
layers24_30_36_concat	catboost	HPCLAS_TRAIN_P_000636	1	HPCLAS_TRAIN_P_000636	0	A_clean_core	9.215897252921625	0.9999005640354984	1
layers24_30_36_concat	catboost	HPCLAS_TRAIN_P_000663	1	HPCLAS_TRAIN_P_000663	0	A_clean_core	9.250376849653811	0.9999039337903608	1
layers24_30_36_concat	catboost	HPCLAS_TRAIN_P_000666	1	HPCLAS_TRAIN_P_000666	0	A_clean_core	4.1254706208832825	0.984100973416868	1
layers24_30_36_concat	catboost	HPCLAS_TRAIN_P_000681	1	HPCLAS_TRAIN_N_000621	0	B_ambiguous	4.789447800734206	0.9917515539458573	1
layers24_30_36_concat	catboost	HPCLAS_TRAIN_P_000687	1	HPCLAS_TRAIN_P_000687	0	B_ambiguous	4.937947180821737	0.9928817324451634	1
layers24_30_36_concat	catboost	HPCLAS_TRAIN_P_000688	1	HPCLAS_TRAIN_P_000688	0	A_clean_core	8.244382332595245	0.99973733865797	1
layers24_30_36_concat	catboost	HPCLAS_TRAIN_P_000689	1	HPCLAS_TRAIN_P_000689	0	A_clean_core	5.93254125540969	0.9973552784159694	1
layers24_30_36_concat	catboost	HPCLAS_TRAIN_P_000690	1	HPCLAS_TRAIN_P_000690	0	A_clean_core	6.280612686974285	0.9981312456435748	1
layers24_30_36_concat	catboost	HPCLAS_TRAIN_P_000715	1	HPCLAS_TRAIN_P_000715	0	A_clean_core	7.484869396682458	0.9994387986227328	1
layers24_30_36_concat	catboost	HPCLAS_TRAIN_P_000718	1	HPCLAS_TRAIN_P_000718	0	A_clean_core	9.476569277711864	0.999923379500624	1
layers24_30_36_concat	catboost	HPCLAS_TRAIN_P_000724	1	HPCLAS_TRAIN_P_000724	0	D_hard_sample	2.168961085604671	0.8974273724231766	1
layers24_30_36_concat	catboost	HPCLAS_TRAIN_P_000733	1	HPCLAS_TRAIN_P_000733	0	D_hard_sample	-3.1325152573196657	0.04178578068387521	0
layers24_30_36_concat	catboost	HPCLAS_TRAIN_P_000741	1	HPCLAS_TRAIN_P_000741	0	A_clean_core	7.043281318233819	0.9991275054877489	1
layers24_30_36_concat	catboost	HPCLAS_TRAIN_P_000745	1	HPCLAS_TRAIN_P_000745	0	D_hard_sample	-2.3343815820326395	0.08831524034175917	0
layers24_30_36_concat	catboost	HPCLAS_TRAIN_P_000746	1	HPCLAS_TRAIN_P_000746	0	A_clean_core	5.681931623320739	0.9966045969416055	1
layers24_30_36_concat	catboost	HPCLAS_TRAIN_P_000750	1	HPCLAS_TRAIN_P_000750	0	A_clean_core	9.87944743379639	0.9999487860524053	1
layers24_30_36_concat	catboost	HPCLAS_TRAIN_P_000756	1	HPCLAS_TRAIN_P_000756	0	A_clean_core	8.914324693394969	0.9998655689504986	1
layers24_30_36_concat	catboost	HPCLAS_TRAIN_P_000758	1	HPCLAS_TRAIN_P_000758	0	A_clean_core	9.147359982744556	0.9998935107458248	1
layers24_30_36_concat	catboost	HPCLAS_TRAIN_P_000765	1	HPCLAS_TRAIN_P_000765	0	D_hard_sample	0.8848731012738192	0.7078310286652224	1
layers24_30_36_concat	catboost	HPCLAS_TRAIN_P_000772	1	HPCLAS_TRAIN_P_000772	0	A_clean_core	9.54762923057556	0.9999286348282536	1
layers24_30_36_concat	catboost	HPCLAS_TRAIN_P_000774	1	HPCLAS_TRAIN_P_000774	0	A_clean_core	1.9976772820282565	0.8805529917094334	1
layers24_30_36_concat	catboost	HPCLAS_TRAIN_P_000780	1	HPCLAS_TRAIN_P_000780	0	A_clean_core	1.6863043273171352	0.8437375244534189	1
layers24_30_36_concat	catboost	HPCLAS_TRAIN_P_000785	1	HPCLAS_TRAIN_P_000785	0	A_clean_core	5.28693153251565	0.9949681926336942	1
layers24_30_36_concat	catboost	HPCLAS_TRAIN_P_000786	1	HPCLAS_TRAIN_P_000786	0	A_clean_core	7.229526188109909	0.9992756608164765	1
layers24_30_36_concat	catboost	HPCLAS_TRAIN_P_000790	1	HPCLAS_TRAIN_P_000790	0	A_clean_core	8.804988309851558	0.9998500394474792	1
layers24_30_36_concat	catboost	HPCLAS_TRAIN_P_000818	1	HPCLAS_TRAIN_P_000818	0	A_clean_core	7.366514849523903	0.9993683320623757	1
layers24_30_36_concat	catboost	HPCLAS_TRAIN_P_000821	1	HPCLAS_TRAIN_P_000821	0	A_clean_core	4.931138952944856	0.9928334528055094	1
layers24_30_36_concat	catboost	HPCLAS_TRAIN_P_000825	1	HPCLAS_TRAIN_P_000825	0	A_clean_core	6.99278931423454	0.9990823618101276	1
layers24_30_36_concat	catboost	HPCLAS_TRAIN_P_000828	1	HPCLAS_TRAIN_P_000828	0	A_clean_core	6.81929019112985	0.9989086961346691	1
layers24_30_36_concat	catboost	HPCLAS_TRAIN_P_000829	1	HPCLAS_TRAIN_P_000829	0	A_clean_core	1.298596045629903	0.7855986050015807	1
layers24_30_36_concat	catboost	HPCLAS_TRAIN_P_000833	1	HPCLAS_TRAIN_P_000833	0	A_clean_core	6.49937741476748	0.9984978842426953	1
layers24_30_36_concat	catboost	HPCLAS_TRAIN_P_000851	1	HPCLAS_TRAIN_P_000851	0	A_clean_core	9.229060502681019	0.9999018642313094	1
layers24_30_36_concat	catboost	HPCLAS_TRAIN_P_000855	1	HPCLAS_TRAIN_P_000855	0	D_hard_sample	-0.9777823134006945	0.27333204271269146	0
layers24_30_36_concat	catboost	HPCLAS_TRAIN_P_000858	1	HPCLAS_TRAIN_P_000858	0	A_clean_core	7.877515717191536	0.9996209698555306	1
layers24_30_36_concat	catboost	HPCLAS_TRAIN_P_000866	1	HPCLAS_TRAIN_P_000866	0	A_clean_core	5.7361871952788634	0.9967833313910707	1
layers24_30_36_concat	catboost	HPCLAS_TRAIN_P_000867	1	HPCLAS_TRAIN_P_000867	0	A_clean_core	6.456518635642715	0.9984322090002486	1
layers24_30_36_concat	catboost	HPCLAS_TRAIN_P_000868	1	HPCLAS_TRAIN_P_000868	0	D_hard_sample	-1.4569475850359517	0.18893462813165246	0
layers24_30_36_concat	catboost	HPCLAS_TRAIN_P_000887	1	HPCLAS_TRAIN_P_000887	0	A_clean_core	9.59028000886482	0.9999316144078629	1
layers24_30_36_concat	catboost	HPCLAS_TRAIN_P_000892	1	HPCLAS_TRAIN_P_000892	0	A_clean_core	7.164564768104854	0.9992270823010113	1
layers24_30_36_concat	catboost	HPCLAS_TRAIN_P_000900	1	HPCLAS_TRAIN_P_000900	0	A_clean_core	7.661425352039229	0.9995295852838021	1
layers24_30_36_concat	catboost	HPCLAS_TRAIN_P_000909	1	HPCLAS_TRAIN_P_000909	0	A_clean_core	1.7261844159245752	0.8489237142739289	1
layers24_30_36_concat	catboost	HPCLAS_TRAIN_P_000918	1	HPCLAS_TRAIN_P_000918	0	D_hard_sample	-0.5986751240077355	0.35464686298199377	0
layers24_30_36_concat	catboost	HPCLAS_TRAIN_P_000919	1	HPCLAS_TRAIN_P_000919	0	A_clean_core	3.6531121830869715	0.9747440261425591	1
layers24_30_36_concat	catboost	HPCLAS_TRAIN_P_000920	1	HPCLAS_TRAIN_P_000920	0	A_clean_core	8.031767360790747	0.999675132217457	1
layers24_30_36_concat	catboost	HPCLAS_TRAIN_P_000925	1	HPCLAS_TRAIN_P_000925	0	A_clean_core	8.012908237110112	0.9996689494060693	1
layers24_30_36_concat	catboost	HPCLAS_TRAIN_P_000946	1	HPCLAS_TRAIN_P_000946	0	A_clean_core	8.587444817830068	0.9998136029034533	1
layers24_30_36_concat	catboost	HPCLAS_TRAIN_P_000949	1	HPCLAS_TRAIN_P_000949	0	A_clean_core	6.144687898506268	0.9978597453181225	1
layers24_30_36_concat	catboost	HPCLAS_TRAIN_P_000970	1	HPCLAS_TRAIN_P_000970	0	A_clean_core	2.953148309289466	0.9504120755701234	1
layers24_30_36_concat	catboost	HPCLAS_TRAIN_P_000974	1	HPCLAS_TRAIN_P_000974	0	A_clean_core	5.446062074396127	0.9957052677075784	1
layers24_30_36_concat	catboost	HPCLAS_TRAIN_P_000980	1	HPCLAS_TRAIN_P_000980	0	A_clean_core	2.315452188731635	0.9101487227065171	1
layers24_30_36_concat	catboost	HPCLAS_TRAIN_P_000981	1	HPCLAS_TRAIN_P_000981	0	A_clean_core	5.716286008972637	0.9967188867768003	1
layers24_30_36_concat	catboost	HPCLAS_TRAIN_P_000985	1	HPCLAS_TRAIN_P_000985	0	D_hard_sample	0.027966894838550128	0.5069912680321806	1
layers24_30_36_concat	catboost	HPCLAS_TRAIN_P_000990	1	HPCLAS_TRAIN_P_000990	0	A_clean_core	6.874733102806422	0.998967493711403	1
layers24_30_36_concat	catboost	HPCLAS_TRAIN_P_000998	1	HPCLAS_TRAIN_P_000998	0	A_clean_core	6.2731381122730445	0.9981172515632949	1
layers24_30_36_concat	catboost	HPCLAS_TRAIN_P_001003	1	HPCLAS_TRAIN_P_001003	0	A_clean_core	3.153780391619425	0.9590574216082903	1
layers24_30_36_concat	catboost	HPCLAS_TRAIN_P_001013	1	HPCLAS_TRAIN_P_001013	0	A_clean_core	8.005290668784706	0.999666418820559	1
layers24_30_36_concat	catboost	HPCLAS_TRAIN_P_001024	1	HPCLAS_TRAIN_P_001024	0	A_clean_core	4.543645219056396	0.9894773335632341	1
layers24_30_36_concat	catboost	HPCLAS_TRAIN_P_001034	1	HPCLAS_TRAIN_P_001034	0	A_clean_core	4.1340999192093975	0.9842354270466631	1
layers24_30_36_concat	catboost	HPCLAS_TRAIN_P_001035	1	HPCLAS_TRAIN_P_001035	0	D_hard_sample	1.5459200181851125	0.824323674323078	1
layers24_30_36_concat	catboost	HPCLAS_TRAIN_P_001043	1	HPCLAS_TRAIN_P_001043	0	D_hard_sample	0.4943545882649631	0.621131724194196	1
layers24_30_36_concat	catboost	HPCLAS_TRAIN_P_001044	1	HPCLAS_TRAIN_P_001044	0	A_clean_core	3.6608256221166773	0.9749332226717633	1
layers24_30_36_concat	catboost	HPCLAS_TRAIN_P_001051	1	HPCLAS_TRAIN_P_001051	0	A_clean_core	2.3910358926134023	0.9161411864342817	1
layers24_30_36_concat	catboost	HPCLAS_TRAIN_P_001060	1	HPCLAS_TRAIN_P_001060	0	A_clean_core	5.071584750321672	0.9937666267009863	1
layers24_30_36_concat	catboost	HPCLAS_TRAIN_P_001062	1	HPCLAS_TRAIN_P_001062	0	A_clean_core	6.849001425883372	0.9989406093324761	1
layers24_30_36_concat	catboost	HPCLAS_TRAIN_P_001068	1	HPCLAS_TRAIN_P_001068	0	A_clean_core	2.082906811919407	0.8892306768642042	1
layers24_30_36_concat	catboost	HPCLAS_TRAIN_P_001072	1	HPCLAS_TRAIN_P_001072	0	D_hard_sample	-0.5837439052495712	0.358071576862141	0
layers24_30_36_concat	catboost	HPCLAS_TRAIN_P_001075	1	HPCLAS_TRAIN_P_001075	0	A_clean_core	4.481782464579548	0.9888133276536788	1
layers24_30_36_concat	catboost	HPCLAS_TRAIN_P_001084	1	HPCLAS_TRAIN_P_001084	0	A_clean_core	9.68825862101515	0.9999379965560191	1
layers24_30_36_concat	catboost	HPCLAS_TRAIN_P_001086	1	HPCLAS_TRAIN_P_001086	0	A_clean_core	6.638774534332085	0.9986930803315345	1
layers24_30_36_concat	catboost	HPCLAS_TRAIN_P_001097	1	HPCLAS_TRAIN_P_001097	0	D_hard_sample	1.4580054993076894	0.8112274315435196	1
layers24_30_36_concat	catboost	HPCLAS_TRAIN_P_001098	1	HPCLAS_TRAIN_P_001098	0	A_clean_core	3.380247650176353	0.967081490027944	1
layers24_30_36_concat	catboost	HPCLAS_TRAIN_P_001100	1	HPCLAS_TRAIN_P_001100	0	D_hard_sample	-2.508526309771495	0.07526261141907081	0
layers24_30_36_concat	catboost	HPCLAS_TRAIN_P_001105	1	HPCLAS_TRAIN_P_001105	0	A_clean_core	7.8796594126631625	0.9996217812034704	1
layers24_30_36_concat	catboost	HPCLAS_TRAIN_P_001111	1	HPCLAS_TRAIN_P_001111	0	A_clean_core	7.072392197564748	0.99915251722183	1
layers24_30_36_concat	catboost	HPCLAS_TRAIN_P_001115	1	HPCLAS_TRAIN_P_001115	0	A_clean_core	1.8268451263310623	0.8613854624847781	1
layers24_30_36_concat	catboost	HPCLAS_TRAIN_P_001118	1	HPCLAS_TRAIN_P_001118	0	D_hard_sample	-0.014611633398205155	0.4963471566403373	0
layers24_30_36_concat	catboost	HPCLAS_TRAIN_P_001119	1	HPCLAS_TRAIN_P_001119	0	A_clean_core	7.429799599799344	0.9994070454050396	1
layers24_30_36_concat	catboost	HPCLAS_TRAIN_P_001135	1	HPCLAS_TRAIN_P_001135	0	D_hard_sample	-0.7237594351515301	0.32656566750474497	0
layers24_30_36_concat	catboost	HPCLAS_TRAIN_P_001139	1	HPCLAS_TRAIN_P_001139	0	A_clean_core	-0.5075910308808415	0.37575841369115043	0
layers24_30_36_concat	catboost	HPCLAS_TRAIN_P_001151	1	HPCLAS_TRAIN_P_001151	0	A_clean_core	8.46530907003406	0.9997893936272158	1
layers24_30_36_concat	catboost	HPCLAS_TRAIN_P_001152	1	HPCLAS_TRAIN_P_001152	0	A_clean_core	7.162380563510975	0.9992253935547087	1
layers24_30_36_concat	catboost	HPCLAS_TRAIN_P_001158	1	HPCLAS_TRAIN_P_001158	0	A_clean_core	3.2074863303034453	0.9611150311550587	1
layers24_30_36_concat	catboost	HPCLAS_TRAIN_P_001165	1	HPCLAS_TRAIN_P_001165	0	D_hard_sample	0.31676603248415564	0.5785359079346938	1
layers24_30_36_concat	catboost	HPCLAS_TRAIN_P_001166	1	HPCLAS_TRAIN_P_001166	0	A_clean_core	5.789701305607904	0.9969504325936935	1
layers24_30_36_concat	catboost	HPCLAS_TRAIN_P_001170	1	HPCLAS_TRAIN_P_001170	0	D_hard_sample	3.605937665550865	0.9735562988293088	1
layers24_30_36_concat	catboost	HPCLAS_TRAIN_P_001171	1	HPCLAS_TRAIN_P_001171	0	A_clean_core	4.85901885324197	0.9923016326569839	1
layers24_30_36_concat	catboost	HPCLAS_TRAIN_P_001178	1	HPCLAS_TRAIN_P_001178	0	A_clean_core	9.062804974865472	0.9998841159998133	1
layers24_30_36_concat	catboost	HPCLAS_TRAIN_P_001179	1	HPCLAS_TRAIN_P_001179	0	A_clean_core	7.405606328310518	0.9993925337738555	1
layers24_30_36_concat	catboost	HPCLAS_TRAIN_P_001184	1	HPCLAS_TRAIN_P_001184	0	A_clean_core	6.301979099976049	0.9981706784102012	1
layers24_30_36_concat	catboost	HPCLAS_TRAIN_P_001185	1	HPCLAS_TRAIN_P_001185	0	A_clean_core	3.4359888192674233	0.9688105389387193	1
layers24_30_36_concat	catboost	HPCLAS_TRAIN_P_001188	1	HPCLAS_TRAIN_P_001188	0	A_clean_core	5.843116181946252	0.9971085922302791	1
layers24_30_36_concat	catboost	HPCLAS_TRAIN_P_001192	1	HPCLAS_TRAIN_P_001192	0	A_clean_core	8.895252858293773	0.9998629808535552	1
layers24_30_36_concat	catboost	HPCLAS_TRAIN_P_001193	1	HPCLAS_TRAIN_P_001193	0	A_clean_core	8.491797294028574	0.9997948978514283	1
layers24_30_36_concat	catboost	HPCLAS_TRAIN_P_001196	1	HPCLAS_TRAIN_P_001196	0	B_ambiguous	3.460213430013738	0.9695342715706623	1
layers24_30_36_concat	catboost	HPCLAS_TRAIN_P_001198	1	HPCLAS_TRAIN_P_001198	0	A_clean_core	1.2783135545515651	0.7821625693581753	1
layers24_30_36_concat	catboost	HPCLAS_TRAIN_P_001209	1	HPCLAS_TRAIN_P_001209	0	A_clean_core	4.651964542940193	0.9905473687198317	1
layers24_30_36_concat	catboost	HPCLAS_TRAIN_P_001214	1	HPCLAS_TRAIN_P_001214	0	A_clean_core	6.939986618487468	0.9990326541099892	1
layers24_30_36_concat	catboost	HPCLAS_TRAIN_P_001222	1	HPCLAS_TRAIN_P_001222	0	A_clean_core	7.588544634855065	0.9994940388771898	1
layers24_30_36_concat	catboost	HPCLAS_TRAIN_P_001233	1	HPCLAS_TRAIN_P_001233	0	A_clean_core	4.482822304745211	0.9888248240330983	1
layers24_30_36_concat	catboost	HPCLAS_TRAIN_P_001240	1	HPCLAS_TRAIN_P_001240	0	A_clean_core	8.547906189390616	0.999806086838715	1
layers24_30_36_concat	catboost	HPCLAS_TRAIN_P_001243	1	HPCLAS_TRAIN_P_001243	0	D_hard_sample	4.3024213231489	0.9866450246503344	1
layers24_30_36_concat	catboost	HPCLAS_TRAIN_P_001245	1	HPCLAS_TRAIN_P_001245	0	A_clean_core	3.3317709868004304	0.9655028048697604	1
layers24_30_36_concat	catboost	HPCLAS_TRAIN_P_001246	1	HPCLAS_TRAIN_P_001246	0	D_hard_sample	0.6042088067120299	0.6466186235138333	1
layers24_30_36_concat	catboost	HPCLAS_TRAIN_P_001248	1	HPCLAS_TRAIN_P_001248	0	A_clean_core	3.118101052729375	0.9576332513529364	1
layers24_30_36_concat	catboost	HPCLAS_TRAIN_P_001250	1	HPCLAS_TRAIN_P_001250	0	A_clean_core	7.897568339076738	0.9996284919095287	1
layers24_30_36_concat	catboost	HPCLAS_TRAIN_P_001266	1	HPCLAS_TRAIN_P_001266	0	A_clean_core	8.781014518032976	0.9998464014424719	1
layers24_30_36_concat	catboost	HPCLAS_TRAIN_P_001276	1	HPCLAS_TRAIN_P_001276	0	D_hard_sample	0.596781331321358	0.6449195808017353	1
layers24_30_36_concat	catboost	HPCLAS_TRAIN_P_001278	1	HPCLAS_TRAIN_P_001278	0	A_clean_core	2.7841551003207123	0.941813565620034	1
layers24_30_36_concat	catboost	HPCLAS_TRAIN_P_001287	1	HPCLAS_TRAIN_P_001287	0	A_clean_core	8.117788141263826	0.9997019014091196	1
layers24_30_36_concat	catboost	HPCLAS_TRAIN_P_001288	1	HPCLAS_TRAIN_P_001288	0	A_clean_core	6.354788301439253	0.9982646136241164	1
layers24_30_36_concat	catboost	HPCLAS_TRAIN_P_001301	1	HPCLAS_TRAIN_P_001301	0	B_ambiguous	-4.062613985319944	0.01691301793212287	0
layers24_30_36_concat	catboost	HPCLAS_TRAIN_P_001303	1	HPCLAS_TRAIN_P_001303	0	A_clean_core	7.29903549966836	0.9993242662779414	1
layers24_30_36_concat	catboost	HPCLAS_TRAIN_P_001304	1	HPCLAS_TRAIN_P_001304	0	A_clean_core	8.138601630375303	0.9997080399654488	1
layers24_30_36_concat	catboost	HPCLAS_TRAIN_P_001312	1	HPCLAS_TRAIN_P_001312	0	A_clean_core	2.6445993087743838	0.9336773405699119	1
layers24_30_36_concat	catboost	HPCLAS_TRAIN_P_001331	1	HPCLAS_TRAIN_P_001331	0	A_clean_core	6.899852357302644	0.9989930806762632	1
layers24_30_36_concat	catboost	HPCLAS_TRAIN_P_001345	1	HPCLAS_TRAIN_P_001345	0	A_clean_core	-0.3904212289494331	0.40361590252300394	0
layers24_30_36_concat	catboost	HPCLAS_TRAIN_P_001351	1	HPCLAS_TRAIN_P_001351	0	A_clean_core	5.4861466928276945	0.9958733193493937	1
layers24_30_36_concat	catboost	HPCLAS_TRAIN_P_001359	1	HPCLAS_TRAIN_P_001359	0	D_hard_sample	0.9166683320763104	0.7143627693156888	1
layers24_30_36_concat	catboost	HPCLAS_TRAIN_P_001360	1	HPCLAS_TRAIN_P_001360	0	A_clean_core	4.69934991766909	0.9909808929196128	1
layers24_30_36_concat	catboost	HPCLAS_TRAIN_P_001364	1	HPCLAS_TRAIN_P_001364	0	A_clean_core	5.69496169417037	0.9966484049709227	1
layers24_30_36_concat	catboost	HPCLAS_TRAIN_P_001368	1	HPCLAS_TRAIN_P_001368	0	A_clean_core	7.002276759572895	0.9990910188073361	1
layers24_30_36_concat	catboost	HPCLAS_TRAIN_P_001382	1	HPCLAS_TRAIN_P_001382	0	A_clean_core	4.470767759667878	0.9886908298508921	1
layers24_30_36_concat	catboost	HPCLAS_TRAIN_P_001383	1	HPCLAS_TRAIN_P_001383	0	A_clean_core	9.24053757013819	0.9999029839947845	1
layers24_30_36_concat	catboost	HPCLAS_TRAIN_P_001386	1	HPCLAS_TRAIN_P_001386	0	D_hard_sample	-2.571564938630961	0.07099102503043969	0
layers24_30_36_concat	catboost	HPCLAS_TRAIN_P_001390	1	HPCLAS_TRAIN_P_001390	0	A_clean_core	8.109468372019666	0.9996994117005851	1
layers24_30_36_concat	catboost	HPCLAS_TRAIN_P_001393	1	HPCLAS_TRAIN_P_001393	0	A_clean_core	4.615630811146049	0.9902010310298466	1
layers24_30_36_concat	catboost	HPCLAS_TRAIN_P_001397	1	HPCLAS_TRAIN_P_001397	0	A_clean_core	8.333971059119335	0.9997598414545075	1
layers24_30_36_concat	catboost	HPCLAS_TRAIN_P_001401	1	HPCLAS_TRAIN_P_001401	0	D_hard_sample	-2.663593549166114	0.06515610517989263	0
layers24_30_36_concat	catboost	HPCLAS_TRAIN_P_001415	1	HPCLAS_TRAIN_P_001415	0	A_clean_core	1.2890783837301436	0.7839911552118524	1
layers24_30_36_concat	catboost	HPCLAS_TRAIN_P_001422	1	HPCLAS_TRAIN_P_001422	0	A_clean_core	7.606520717745337	0.9995030483363975	1
layers24_30_36_concat	catboost	HPCLAS_TRAIN_P_001435	1	HPCLAS_TRAIN_P_004508	0	A_clean_core	7.841218273917606	0.9996069648014538	1
layers24_30_36_concat	catboost	HPCLAS_TRAIN_P_001436	1	HPCLAS_TRAIN_P_001436	0	A_clean_core	6.55374455038283	0.9985772566105813	1
layers24_30_36_concat	catboost	HPCLAS_TRAIN_P_001441	1	HPCLAS_TRAIN_P_001441	0	A_clean_core	2.85250029569169	0.9454477824351759	1
layers24_30_36_concat	catboost	HPCLAS_TRAIN_P_001446	1	HPCLAS_TRAIN_P_001446	0	A_clean_core	8.123858343514698	0.999703704912353	1
layers24_30_36_concat	catboost	HPCLAS_TRAIN_P_001448	1	HPCLAS_TRAIN_P_001448	0	D_hard_sample	-2.7793281961330565	0.058451517260660585	0
layers24_30_36_concat	catboost	HPCLAS_TRAIN_P_001449	1	HPCLAS_TRAIN_P_001449	0	A_clean_core	2.0078961128987762	0.8816236295981213	1
layers24_30_36_concat	catboost	HPCLAS_TRAIN_P_001451	1	HPCLAS_TRAIN_P_001451	0	A_clean_core	9.675583765910423	0.9999372057194175	1
layers24_30_36_concat	catboost	HPCLAS_TRAIN_P_001452	1	HPCLAS_TRAIN_N_004054	0	B_ambiguous	2.8305999069587826	0.9443071602772571	1
layers24_30_36_concat	catboost	HPCLAS_TRAIN_P_001454	1	HPCLAS_TRAIN_N_004714	0	B_ambiguous	7.058512752735352	0.9991406828015513	1
layers24_30_36_concat	catboost	HPCLAS_TRAIN_P_001467	1	HPCLAS_TRAIN_P_001467	0	A_clean_core	9.035369508800986	0.9998808930373599	1
layers24_30_36_concat	catboost	HPCLAS_TRAIN_P_001473	1	HPCLAS_TRAIN_P_001473	0	D_hard_sample	0.8234702146584468	0.6949724734380059	1
layers24_30_36_concat	catboost	HPCLAS_TRAIN_P_001477	1	HPCLAS_TRAIN_N_004191	0	B_ambiguous	-0.09303373058531018	0.4767583285241714	0
layers24_30_36_concat	catboost	HPCLAS_TRAIN_P_001478	1	HPCLAS_TRAIN_P_001478	0	A_clean_core	1.3504114937574994	0.7941968942501393	1
layers24_30_36_concat	catboost	HPCLAS_TRAIN_P_001480	1	HPCLAS_TRAIN_P_001480	0	D_hard_sample	2.25746249835145	0.9052922939690693	1
layers24_30_36_concat	catboost	HPCLAS_TRAIN_P_001489	1	HPCLAS_TRAIN_P_001489	0	A_clean_core	1.7824855258276295	0.8560035067343011	1
layers24_30_36_concat	catboost	HPCLAS_TRAIN_P_001505	1	HPCLAS_TRAIN_P_000790	0	A_clean_core	8.680063145241604	0.9998300885384742	1
layers24_30_36_concat	catboost	HPCLAS_TRAIN_P_001509	1	HPCLAS_TRAIN_P_001509	0	D_hard_sample	1.7878752260756468	0.8566665754190252	1
layers24_30_36_concat	catboost	HPCLAS_TRAIN_P_001510	1	HPCLAS_TRAIN_P_001510	0	A_clean_core	5.785551539920142	0.996937790142281	1
layers24_30_36_concat	catboost	HPCLAS_TRAIN_P_001512	1	HPCLAS_TRAIN_P_001512	0	A_clean_core	8.631627721624175	0.9998216577462185	1
layers24_30_36_concat	catboost	HPCLAS_TRAIN_P_001515	1	HPCLAS_TRAIN_P_001515	0	A_clean_core	9.27778046989783	0.9999065303659466	1
layers24_30_36_concat	catboost	HPCLAS_TRAIN_P_001521	1	HPCLAS_TRAIN_P_001521	0	A_clean_core	8.84036825451107	0.9998552515302812	1
layers24_30_36_concat	catboost	HPCLAS_TRAIN_P_001529	1	HPCLAS_TRAIN_P_001529	0	A_clean_core	0.9694981348425458	0.7250194541177244	1
layers24_30_36_concat	catboost	HPCLAS_TRAIN_P_001536	1	HPCLAS_TRAIN_P_001536	0	A_clean_core	2.329907179429821	0.911323835950572	1
layers24_30_36_concat	catboost	HPCLAS_TRAIN_P_001540	1	HPCLAS_TRAIN_P_001540	0	A_clean_core	7.123671545442702	0.9991948460235391	1
layers24_30_36_concat	catboost	HPCLAS_TRAIN_P_001543	1	HPCLAS_TRAIN_P_001543	0	A_clean_core	2.4182945573776164	0.9182117589463356	1
layers24_30_36_concat	catboost	HPCLAS_TRAIN_P_001555	1	HPCLAS_TRAIN_P_001555	0	A_clean_core	7.065891135505881	0.9991469944508747	1
layers24_30_36_concat	catboost	HPCLAS_TRAIN_P_001564	1	HPCLAS_TRAIN_P_001564	0	A_clean_core	4.589712189761657	0.9899463220598013	1
layers24_30_36_concat	catboost	HPCLAS_TRAIN_P_001569	1	HPCLAS_TRAIN_P_001569	0	B_ambiguous	1.2611650721556094	0.7792266032624567	1
layers24_30_36_concat	catboost	HPCLAS_TRAIN_P_001576	1	HPCLAS_TRAIN_P_001576	0	A_clean_core	8.43083944552679	0.9997820091481707	1
layers24_30_36_concat	catboost	HPCLAS_TRAIN_P_001582	1	HPCLAS_TRAIN_P_001582	0	A_clean_core	8.255955470961917	0.9997403601668727	1
layers24_30_36_concat	catboost	HPCLAS_TRAIN_P_001584	1	HPCLAS_TRAIN_P_001584	0	D_hard_sample	-0.31795347796633544	0.4211745817594054	0
layers24_30_36_concat	catboost	HPCLAS_TRAIN_P_001589	1	HPCLAS_TRAIN_P_001589	0	A_clean_core	9.139871901637058	0.9998927104385618	1
layers24_30_36_concat	catboost	HPCLAS_TRAIN_P_001591	1	HPCLAS_TRAIN_P_001591	0	A_clean_core	7.08226010802605	0.9991608319959431	1
layers24_30_36_concat	catboost	HPCLAS_TRAIN_P_001593	1	HPCLAS_TRAIN_P_001593	0	A_clean_core	7.203591914766463	0.9992566440429511	1
layers24_30_36_concat	catboost	HPCLAS_TRAIN_P_001598	1	HPCLAS_TRAIN_P_001598	0	A_clean_core	8.921978287959874	0.9998665937672209	1
layers24_30_36_concat	catboost	HPCLAS_TRAIN_P_001611	1	HPCLAS_TRAIN_P_001611	0	B_ambiguous	4.249922488856168	0.9859352981590424	1
layers24_30_36_concat	catboost	HPCLAS_TRAIN_P_001614	1	HPCLAS_TRAIN_P_001614	0	D_hard_sample	4.558883181078004	0.989634812681693	1
layers24_30_36_concat	catboost	HPCLAS_TRAIN_P_001618	1	HPCLAS_TRAIN_P_001618	0	A_clean_core	1.2418500779457609	0.7758858829283877	1
layers24_30_36_concat	catboost	HPCLAS_TRAIN_P_001622	1	HPCLAS_TRAIN_P_001622	0	D_hard_sample	-0.168914990159723	0.4578713736505208	0
layers24_30_36_concat	catboost	HPCLAS_TRAIN_P_001624	1	HPCLAS_TRAIN_P_001624	0	D_hard_sample	-0.5859049907828449	0.357574990194473	0
layers24_30_36_concat	catboost	HPCLAS_TRAIN_P_001633	1	HPCLAS_TRAIN_P_001633	0	D_hard_sample	-2.0876446027820146	0.11030351306725363	0
layers24_30_36_concat	catboost	HPCLAS_TRAIN_P_001639	1	HPCLAS_TRAIN_P_001639	0	B_ambiguous	-0.41453898990831256	0.39782425753930845	0
layers24_30_36_concat	catboost	HPCLAS_TRAIN_P_001648	1	HPCLAS_TRAIN_P_001648	0	D_hard_sample	0.014358663416869578	0.5035896041816746	1
layers24_30_36_concat	catboost	HPCLAS_TRAIN_P_001652	1	HPCLAS_TRAIN_P_001652	0	D_hard_sample	0.5802002798874036	0.6411134894321409	1
layers24_30_36_concat	catboost	HPCLAS_TRAIN_P_001661	1	HPCLAS_TRAIN_P_001661	0	A_clean_core	6.025436003712786	0.9975893276486192	1
layers24_30_36_concat	catboost	HPCLAS_TRAIN_P_001663	1	HPCLAS_TRAIN_P_001663	0	A_clean_core	3.762659733086415	0.9773051238863031	1
layers24_30_36_concat	catboost	HPCLAS_TRAIN_P_001664	1	HPCLAS_TRAIN_P_001664	0	D_hard_sample	-0.7523277113721939	0.3203143158500126	0
layers24_30_36_concat	catboost	HPCLAS_TRAIN_P_001674	1	HPCLAS_TRAIN_P_001674	0	B_ambiguous	4.6326655674509	0.9903649456788521	1
layers24_30_36_concat	catboost	HPCLAS_TRAIN_P_001689	1	HPCLAS_TRAIN_P_001689	0	A_clean_core	6.68588305191104	0.9987531447344602	1
layers24_30_36_concat	catboost	HPCLAS_TRAIN_P_001706	1	HPCLAS_TRAIN_P_001706	0	A_clean_core	3.4791538953904495	0.9700887789307935	1
layers24_30_36_concat	catboost	HPCLAS_TRAIN_P_001713	1	HPCLAS_TRAIN_P_001713	0	A_clean_core	0.3382851723286709	0.5837739107466805	1
layers24_30_36_concat	catboost	HPCLAS_TRAIN_P_001714	1	HPCLAS_TRAIN_P_001714	0	A_clean_core	1.121583705148138	0.7542823593150796	1
layers24_30_36_concat	catboost	HPCLAS_TRAIN_P_001716	1	HPCLAS_TRAIN_P_001716	0	A_clean_core	2.2829286453199007	0.9074532934949336	1
layers24_30_36_concat	catboost	HPCLAS_TRAIN_P_001719	1	HPCLAS_TRAIN_P_001719	0	A_clean_core	9.538621221593202	0.9999279891124978	1
layers24_30_36_concat	catboost	HPCLAS_TRAIN_P_001728	1	HPCLAS_TRAIN_P_001728	0	A_clean_core	4.547548419018133	0.9895178958997888	1
layers24_30_36_concat	catboost	HPCLAS_TRAIN_P_001729	1	HPCLAS_TRAIN_P_001729	0	A_clean_core	7.673111257202108	0.9995350479692411	1
layers24_30_36_concat	catboost	HPCLAS_TRAIN_P_001736	1	HPCLAS_TRAIN_P_001736	0	A_clean_core	4.046679779743805	0.9828199950331458	1
layers24_30_36_concat	catboost	HPCLAS_TRAIN_P_001740	1	HPCLAS_TRAIN_P_001740	0	D_hard_sample	4.952343057885912	0.9929827581455236	1
layers24_30_36_concat	catboost	HPCLAS_TRAIN_P_001742	1	HPCLAS_TRAIN_P_001742	0	D_hard_sample	-1.8802032732241745	0.13236552690552342	0
layers24_30_36_concat	catboost	HPCLAS_TRAIN_P_001745	1	HPCLAS_TRAIN_P_001745	0	A_clean_core	7.250068915848385	0.9992903784720472	1
layers24_30_36_concat	catboost	HPCLAS_TRAIN_P_001747	1	HPCLAS_TRAIN_P_001747	0	A_clean_core	6.073265654621525	0.9977016565239564	1
layers24_30_36_concat	catboost	HPCLAS_TRAIN_P_001748	1	HPCLAS_TRAIN_P_001748	0	A_clean_core	6.101529862982896	0.9977655648188847	1
layers24_30_36_concat	catboost	HPCLAS_TRAIN_P_001752	1	HPCLAS_TRAIN_P_001752	0	A_clean_core	0.9910633106094152	0.7292978949365713	1
layers24_30_36_concat	catboost	HPCLAS_TRAIN_P_001762	1	HPCLAS_TRAIN_P_001762	0	A_clean_core	7.758362209926136	0.9995730267846925	1
layers24_30_36_concat	catboost	HPCLAS_TRAIN_P_001767	1	HPCLAS_TRAIN_P_001767	0	A_clean_core	4.361608051279957	0.987402856679296	1
layers24_30_36_concat	catboost	HPCLAS_TRAIN_P_001769	1	HPCLAS_TRAIN_P_001769	0	A_clean_core	5.790647082164489	0.9969533066564278	1
layers24_30_36_concat	catboost	HPCLAS_TRAIN_P_001779	1	HPCLAS_TRAIN_P_001779	0	A_clean_core	6.699563132138197	0.9987700648373647	1
layers24_30_36_concat	catboost	HPCLAS_TRAIN_P_001792	1	HPCLAS_TRAIN_P_001792	0	A_clean_core	7.761839136198603	0.999574508130659	1
layers24_30_36_concat	catboost	HPCLAS_TRAIN_P_001795	1	HPCLAS_TRAIN_P_001795	0	A_clean_core	1.9475635239225404	0.8751807257821332	1
layers24_30_36_concat	catboost	HPCLAS_TRAIN_P_001803	1	HPCLAS_TRAIN_P_001803	0	A_clean_core	0.7774469520102207	0.6851296129775906	1
layers24_30_36_concat	catboost	HPCLAS_TRAIN_P_001804	1	HPCLAS_TRAIN_P_001804	0	A_clean_core	9.009100100062085	0.9998777230965183	1
layers24_30_36_concat	catboost	HPCLAS_TRAIN_P_001814	1	HPCLAS_TRAIN_P_001814	0	A_clean_core	1.7916069545129405	0.8571241808543659	1
layers24_30_36_concat	catboost	HPCLAS_TRAIN_P_001815	1	HPCLAS_TRAIN_P_001815	0	A_clean_core	4.226172281830154	0.9856021272599088	1
layers24_30_36_concat	catboost	HPCLAS_TRAIN_P_001825	1	HPCLAS_TRAIN_P_001825	0	A_clean_core	8.755287363440585	0.9998423991483544	1
layers24_30_36_concat	catboost	HPCLAS_TRAIN_P_001826	1	HPCLAS_TRAIN_P_001826	0	A_clean_core	8.768615288237925	0.999844485380541	1
layers24_30_36_concat	catboost	HPCLAS_TRAIN_P_001830	1	HPCLAS_TRAIN_P_001830	0	A_clean_core	0.9852306554355886	0.7281448588946366	1
layers24_30_36_concat	catboost	HPCLAS_TRAIN_P_001840	1	HPCLAS_TRAIN_P_001840	0	A_clean_core	4.157584157575593	0.9845956961891479	1
layers24_30_36_concat	catboost	HPCLAS_TRAIN_P_001841	1	HPCLAS_TRAIN_P_001841	0	A_clean_core	8.397656322611605	0.9997746558327363	1
layers24_30_36_concat	catboost	HPCLAS_TRAIN_P_001847	1	HPCLAS_TRAIN_P_001847	0	A_clean_core	1.6080199827458752	0.8331363055635826	1
layers24_30_36_concat	catboost	HPCLAS_TRAIN_P_001848	1	HPCLAS_TRAIN_P_001848	0	A_clean_core	7.9638648406382595	0.9996523146265682	1
layers24_30_36_concat	catboost	HPCLAS_TRAIN_P_001849	1	HPCLAS_TRAIN_P_001849	0	A_clean_core	6.079605279853268	0.9977161478995896	1
layers24_30_36_concat	catboost	HPCLAS_TRAIN_P_001855	1	HPCLAS_TRAIN_P_001855	0	A_clean_core	9.75571223044057	0.9999420407390357	1
layers24_30_36_concat	catboost	HPCLAS_TRAIN_P_001867	1	HPCLAS_TRAIN_P_001867	0	A_clean_core	6.090982623293589	0.9977419264712329	1
layers24_30_36_concat	catboost	HPCLAS_TRAIN_P_001878	1	HPCLAS_TRAIN_P_001878	0	D_hard_sample	0.7116583394660704	0.6707674886076004	1
layers24_30_36_concat	catboost	HPCLAS_TRAIN_P_001884	1	HPCLAS_TRAIN_P_001884	0	A_clean_core	7.7463917427721265	0.9995678872243031	1
layers24_30_36_concat	catboost	HPCLAS_TRAIN_P_001887	1	HPCLAS_TRAIN_P_001887	0	A_clean_core	2.8119593287397446	0.9433186727095306	1
layers24_30_36_concat	catboost	HPCLAS_TRAIN_P_001893	1	HPCLAS_TRAIN_P_001893	0	A_clean_core	4.560225099706386	0.9896485687073232	1
layers24_30_36_concat	catboost	HPCLAS_TRAIN_P_001898	1	HPCLAS_TRAIN_P_001898	0	A_clean_core	7.9064377877663325	0.9996317712038705	1
layers24_30_36_concat	catboost	HPCLAS_TRAIN_P_001903	1	HPCLAS_TRAIN_P_001903	0	A_clean_core	7.987580786223349	0.9996604605384284	1
layers24_30_36_concat	catboost	HPCLAS_TRAIN_P_001904	1	HPCLAS_TRAIN_P_001904	0	A_clean_core	9.561573428369837	0.9999296229827674	1
layers24_30_36_concat	catboost	HPCLAS_TRAIN_P_001911	1	HPCLAS_TRAIN_P_001911	0	A_clean_core	7.467248269429125	0.9994288276785347	1
layers24_30_36_concat	catboost	HPCLAS_TRAIN_P_001917	1	HPCLAS_TRAIN_P_001917	0	A_clean_core	7.74665202233155	0.9995679996312097	1
layers24_30_36_concat	catboost	HPCLAS_TRAIN_P_001918	1	HPCLAS_TRAIN_P_001918	0	A_clean_core	8.75635410167357	0.9998425671511176	1
layers24_30_36_concat	catboost	HPCLAS_TRAIN_P_001922	1	HPCLAS_TRAIN_P_001922	0	A_clean_core	4.577010421654192	0.9898191165100874	1
layers24_30_36_concat	catboost	HPCLAS_TRAIN_P_001927	1	HPCLAS_TRAIN_P_001927	0	A_clean_core	7.9674861482461425	0.9996535709898638	1
layers24_30_36_concat	catboost	HPCLAS_TRAIN_P_001928	1	HPCLAS_TRAIN_P_001928	0	A_clean_core	4.926008713865712	0.9927968577460428	1
layers24_30_36_concat	catboost	HPCLAS_TRAIN_P_001936	1	HPCLAS_TRAIN_P_001936	0	D_hard_sample	0.4019295158778522	0.5991511586332696	1
layers24_30_36_concat	catboost	HPCLAS_TRAIN_P_001941	1	HPCLAS_TRAIN_P_001941	0	A_clean_core	2.362233798962185	0.9139017353518885	1
layers24_30_36_concat	catboost	HPCLAS_TRAIN_P_001955	1	HPCLAS_TRAIN_P_001955	0	A_clean_core	4.452511109242484	0.9884848653968955	1
layers24_30_36_concat	catboost	HPCLAS_TRAIN_P_001969	1	HPCLAS_TRAIN_P_001969	0	A_clean_core	5.85498313320571	0.9971426041736515	1
layers24_30_36_concat	catboost	HPCLAS_TRAIN_P_001984	1	HPCLAS_TRAIN_P_001984	0	D_hard_sample	-0.06834229243023465	0.4829210738758346	0
layers24_30_36_concat	catboost	HPCLAS_TRAIN_P_001985	1	HPCLAS_TRAIN_P_001985	0	A_clean_core	9.117413895353112	0.9998902739362161	1
layers24_30_36_concat	catboost	HPCLAS_TRAIN_P_001989	1	HPCLAS_TRAIN_P_001989	0	A_clean_core	9.203011493064388	0.9998992745665475	1
layers24_30_36_concat	catboost	HPCLAS_TRAIN_P_001994	1	HPCLAS_TRAIN_P_001994	0	A_clean_core	6.8684351769191965	0.9989609773213863	1
layers24_30_36_concat	catboost	HPCLAS_TRAIN_P_002005	1	HPCLAS_TRAIN_P_002005	0	A_clean_core	10.459153240085604	0.9999713163109971	1
layers24_30_36_concat	catboost	HPCLAS_TRAIN_P_002007	1	HPCLAS_TRAIN_P_002007	0	A_clean_core	6.663768490986152	0.9987252994677677	1
layers24_30_36_concat	catboost	HPCLAS_TRAIN_P_002008	1	HPCLAS_TRAIN_P_002008	0	A_clean_core	8.893315217476479	0.9998627151387656	1
layers24_30_36_concat	catboost	HPCLAS_TRAIN_P_002013	1	HPCLAS_TRAIN_P_002013	0	D_hard_sample	-0.5846799387731615	0.35785645223344204	0
layers24_30_36_concat	catboost	HPCLAS_TRAIN_P_002025	1	HPCLAS_TRAIN_P_002025	0	A_clean_core	6.564016070476514	0.9985917750774564	1
layers24_30_36_concat	catboost	HPCLAS_TRAIN_P_002031	1	HPCLAS_TRAIN_P_002031	0	A_clean_core	7.855326808896025	0.9996124688848065	1
layers24_30_36_concat	catboost	HPCLAS_TRAIN_P_002035	1	HPCLAS_TRAIN_P_002035	0	D_hard_sample	0.7815503912018271	0.6860141625071493	1
layers24_30_36_concat	catboost	HPCLAS_TRAIN_P_002038	1	HPCLAS_TRAIN_P_002038	0	A_clean_core	8.448045049075798	0.9997857269335922	1
layers24_30_36_concat	catboost	HPCLAS_TRAIN_P_002046	1	HPCLAS_TRAIN_P_002046	0	A_clean_core	4.910454973412387	0.9926847720924689	1
layers24_30_36_concat	catboost	HPCLAS_TRAIN_P_002047	1	HPCLAS_TRAIN_P_002047	0	A_clean_core	7.61416878099343	0.9995068326898285	1
layers24_30_36_concat	catboost	HPCLAS_TRAIN_P_002052	1	HPCLAS_TRAIN_P_002052	0	A_clean_core	7.538922627497184	0.9994683123985892	1
layers24_30_36_concat	catboost	HPCLAS_TRAIN_P_002054	1	HPCLAS_TRAIN_P_002054	0	A_clean_core	8.681176423226509	0.999830277559823	1
layers24_30_36_concat	catboost	HPCLAS_TRAIN_P_002056	1	HPCLAS_TRAIN_P_002056	0	A_clean_core	8.347207684884557	0.9997629986485028	1
layers24_30_36_concat	catboost	HPCLAS_TRAIN_P_002062	1	HPCLAS_TRAIN_P_002062	0	A_clean_core	2.827896096020336	0.9441647928153393	1
layers24_30_36_concat	catboost	HPCLAS_TRAIN_P_002068	1	HPCLAS_TRAIN_P_002068	0	D_hard_sample	-0.26216185480140747	0.434832350857953	0
layers24_30_36_concat	catboost	HPCLAS_TRAIN_P_002072	1	HPCLAS_TRAIN_P_002072	0	A_clean_core	7.821396107328224	0.999599099418685	1
layers24_30_36_concat	catboost	HPCLAS_TRAIN_P_002077	1	HPCLAS_TRAIN_P_002077	0	D_hard_sample	-1.5961066943786335	0.16852646163029728	0
layers24_30_36_concat	catboost	HPCLAS_TRAIN_P_002078	1	HPCLAS_TRAIN_P_002078	0	A_clean_core	-0.36771791211534965	0.4090925693340247	0
layers24_30_36_concat	catboost	HPCLAS_TRAIN_P_002085	1	HPCLAS_TRAIN_P_002085	0	A_clean_core	2.5043053032183877	0.92444308713822	1
layers24_30_36_concat	catboost	HPCLAS_TRAIN_P_002086	1	HPCLAS_TRAIN_P_002086	0	D_hard_sample	0.4069772579805552	0.6003628610302046	1
layers24_30_36_concat	catboost	HPCLAS_TRAIN_P_002103	1	HPCLAS_TRAIN_P_002103	0	A_clean_core	8.675804811449305	0.9998293635797556	1
layers24_30_36_concat	catboost	HPCLAS_TRAIN_P_002104	1	HPCLAS_TRAIN_P_002104	0	D_hard_sample	0.7833525492066497	0.6864022148644556	1
layers24_30_36_concat	catboost	HPCLAS_TRAIN_P_002105	1	HPCLAS_TRAIN_P_002105	0	A_clean_core	4.878121808748559	0.9924461981416041	1
layers24_30_36_concat	catboost	HPCLAS_TRAIN_P_002107	1	HPCLAS_TRAIN_P_002107	0	A_clean_core	5.920130192751279	0.9973223385149499	1
layers24_30_36_concat	catboost	HPCLAS_TRAIN_P_002111	1	HPCLAS_TRAIN_P_002111	0	A_clean_core	9.234301464069027	0.9999023771615759	1
layers24_30_36_concat	catboost	HPCLAS_TRAIN_P_002115	1	HPCLAS_TRAIN_P_002115	0	A_clean_core	8.421287954777355	0.9997799174955095	1
layers24_30_36_concat	catboost	HPCLAS_TRAIN_P_002117	1	HPCLAS_TRAIN_P_002117	0	A_clean_core	6.73308993401839	0.9988105688045511	1
layers24_30_36_concat	catboost	HPCLAS_TRAIN_P_002123	1	HPCLAS_TRAIN_P_002123	0	A_clean_core	2.3541556547018345	0.9132639747941508	1
layers24_30_36_concat	catboost	HPCLAS_TRAIN_P_002137	1	HPCLAS_TRAIN_P_002137	0	A_clean_core	6.586163842754123	0.9986225787859911	1
layers24_30_36_concat	catboost	HPCLAS_TRAIN_P_002141	1	HPCLAS_TRAIN_P_002141	0	A_clean_core	6.230640443661578	0.9980356751888974	1
layers24_30_36_concat	catboost	HPCLAS_TRAIN_P_002154	1	HPCLAS_TRAIN_P_002154	0	A_clean_core	5.099052791120522	0.9939344907232328	1
layers24_30_36_concat	catboost	HPCLAS_TRAIN_P_002156	1	HPCLAS_TRAIN_P_002156	0	A_clean_core	8.297260641880403	0.9997508635474458	1
layers24_30_36_concat	catboost	HPCLAS_TRAIN_P_002159	1	HPCLAS_TRAIN_P_002159	0	A_clean_core	2.1518439698515888	0.8958409632154203	1
layers24_30_36_concat	catboost	HPCLAS_TRAIN_P_002162	1	HPCLAS_TRAIN_P_002162	0	A_clean_core	7.017104592504331	0.9991043856120299	1
layers24_30_36_concat	catboost	HPCLAS_TRAIN_P_002166	1	HPCLAS_TRAIN_P_002166	0	A_clean_core	4.879268583586544	0.9924547903634396	1
layers24_30_36_concat	catboost	HPCLAS_TRAIN_P_002175	1	HPCLAS_TRAIN_P_002175	0	A_clean_core	-1.3310310661119593	0.20898886593246732	0
layers24_30_36_concat	catboost	HPCLAS_TRAIN_P_002177	1	HPCLAS_TRAIN_P_002177	0	A_clean_core	9.209553395597668	0.9998999312861372	1
layers24_30_36_concat	catboost	HPCLAS_TRAIN_P_002183	1	HPCLAS_TRAIN_P_002183	0	A_clean_core	5.20691804585964	0.994551318496667	1
layers24_30_36_concat	catboost	HPCLAS_TRAIN_P_002186	1	HPCLAS_TRAIN_P_002186	0	A_clean_core	6.950090037544425	0.9990423690915763	1
layers24_30_36_concat	catboost	HPCLAS_TRAIN_P_002188	1	HPCLAS_TRAIN_P_002188	0	A_clean_core	8.29604378938979	0.9997505602762732	1
layers24_30_36_concat	catboost	HPCLAS_TRAIN_P_002189	1	HPCLAS_TRAIN_P_002189	0	A_clean_core	10.89655021973847	0.9999814783222498	1
layers24_30_36_concat	catboost	HPCLAS_TRAIN_P_002192	1	HPCLAS_TRAIN_P_002192	0	A_clean_core	8.169942674855207	0.9997170458447564	1
layers24_30_36_concat	catboost	HPCLAS_TRAIN_P_002196	1	HPCLAS_TRAIN_P_002196	0	A_clean_core	6.9646789586433595	0.9990562253880851	1
layers24_30_36_concat	catboost	HPCLAS_TRAIN_P_002201	1	HPCLAS_TRAIN_P_002201	0	A_clean_core	7.065717152154384	0.9991468461558258	1
layers24_30_36_concat	catboost	HPCLAS_TRAIN_P_002202	1	HPCLAS_TRAIN_P_002202	0	A_clean_core	3.384180600947143	0.9672064653086111	1
layers24_30_36_concat	catboost	HPCLAS_TRAIN_P_002203	1	HPCLAS_TRAIN_P_002203	0	A_clean_core	1.4287035130071164	0.8066992276956507	1
layers24_30_36_concat	catboost	HPCLAS_TRAIN_P_002211	1	HPCLAS_TRAIN_P_002211	0	A_clean_core	3.0801493191898563	0.956066456942686	1
layers24_30_36_concat	catboost	HPCLAS_TRAIN_P_002214	1	HPCLAS_TRAIN_P_002214	0	A_clean_core	2.480730228396462	0.9227798479612456	1
layers24_30_36_concat	catboost	HPCLAS_TRAIN_P_002228	1	HPCLAS_TRAIN_P_002228	0	D_hard_sample	1.1473865101026846	0.7590332286356689	1
layers24_30_36_concat	catboost	HPCLAS_TRAIN_P_002231	1	HPCLAS_TRAIN_P_002231	0	A_clean_core	8.138601309608275	0.999708039871825	1
layers24_30_36_concat	catboost	HPCLAS_TRAIN_P_002235	1	HPCLAS_TRAIN_P_002235	0	A_clean_core	8.249213559196807	0.9997386042431016	1
layers24_30_36_concat	catboost	HPCLAS_TRAIN_P_002238	1	HPCLAS_TRAIN_P_002238	0	A_clean_core	-0.00728097374096931	0.4981797646060316	0
layers24_30_36_concat	catboost	HPCLAS_TRAIN_P_002253	1	HPCLAS_TRAIN_P_002253	0	A_clean_core	2.753108717914515	0.9400886786244712	1
layers24_30_36_concat	catboost	HPCLAS_TRAIN_P_002258	1	HPCLAS_TRAIN_P_002258	0	A_clean_core	2.39320627413834	0.9163077787495212	1
layers24_30_36_concat	catboost	HPCLAS_TRAIN_P_002260	1	HPCLAS_TRAIN_P_002260	0	D_hard_sample	2.1797367730570762	0.8984150510970467	1
layers24_30_36_concat	catboost	HPCLAS_TRAIN_P_002267	1	HPCLAS_TRAIN_P_002267	0	A_clean_core	7.800332279788082	0.9995905688475866	1
layers24_30_36_concat	catboost	HPCLAS_TRAIN_P_002270	1	HPCLAS_TRAIN_P_002270	0	A_clean_core	4.0674033783423145	0.9831664311784802	1
layers24_30_36_concat	catboost	HPCLAS_TRAIN_P_002271	1	HPCLAS_TRAIN_P_002271	0	D_hard_sample	1.8627942034944496	0.8656223029034142	1
layers24_30_36_concat	catboost	HPCLAS_TRAIN_P_002284	1	HPCLAS_TRAIN_P_002284	0	A_clean_core	5.496598306525983	0.9959160499876791	1
layers24_30_36_concat	catboost	HPCLAS_TRAIN_P_002291	1	HPCLAS_TRAIN_N_001466	0	B_ambiguous	5.825774612785765	0.9970581621865378	1
layers24_30_36_concat	catboost	HPCLAS_TRAIN_P_002294	1	HPCLAS_TRAIN_P_002294	0	A_clean_core	5.751160155975757	0.9968309841723723	1
layers24_30_36_concat	catboost	HPCLAS_TRAIN_P_002301	1	HPCLAS_TRAIN_P_002301	0	A_clean_core	7.624900850986653	0.9995120945278688	1
layers24_30_36_concat	catboost	HPCLAS_TRAIN_P_002307	1	HPCLAS_TRAIN_P_002307	0	A_clean_core	1.5915557214224587	0.8308348696023007	1
layers24_30_36_concat	catboost	HPCLAS_TRAIN_P_002309	1	HPCLAS_TRAIN_P_002309	0	A_clean_core	7.947829917149013	0.999646696565699	1
layers24_30_36_concat	catboost	HPCLAS_TRAIN_P_002319	1	HPCLAS_TRAIN_P_002319	0	D_hard_sample	1.668832440118129	0.8414200930265224	1
layers24_30_36_concat	catboost	HPCLAS_TRAIN_P_002321	1	HPCLAS_TRAIN_P_002321	0	A_clean_core	7.316670663778728	0.9993360706492544	1
layers24_30_36_concat	catboost	HPCLAS_TRAIN_P_002322	1	HPCLAS_TRAIN_P_002322	0	A_clean_core	8.322494852046354	0.9997570701431948	1
layers24_30_36_concat	catboost	HPCLAS_TRAIN_P_002330	1	HPCLAS_TRAIN_P_002330	0	D_hard_sample	-1.5360647220660133	0.1771080767754967	0
layers24_30_36_concat	catboost	HPCLAS_TRAIN_P_002334	1	HPCLAS_TRAIN_P_002334	0	A_clean_core	2.4994011470822737	0.9240998274987853	1
layers24_30_36_concat	catboost	HPCLAS_TRAIN_P_002335	1	HPCLAS_TRAIN_P_002335	0	A_clean_core	4.719505702754896	0.9911592692754754	1
layers24_30_36_concat	catboost	HPCLAS_TRAIN_P_002341	1	HPCLAS_TRAIN_P_002341	0	A_clean_core	4.656916584939953	0.9905936236134744	1
layers24_30_36_concat	catboost	HPCLAS_TRAIN_P_002347	1	HPCLAS_TRAIN_P_002347	0	D_hard_sample	0.09322061489333533	0.5232882913999195	1
layers24_30_36_concat	catboost	HPCLAS_TRAIN_P_002350	1	HPCLAS_TRAIN_P_002350	0	A_clean_core	10.102465741146895	0.999959023290707	1
layers24_30_36_concat	catboost	HPCLAS_TRAIN_P_002351	1	HPCLAS_TRAIN_P_001664	0	A_clean_core	3.371683959307242	0.9668077727621848	1
layers24_30_36_concat	catboost	HPCLAS_TRAIN_P_002355	1	HPCLAS_TRAIN_P_002355	0	A_clean_core	5.2252027070511415	0.994649512281497	1
layers24_30_36_concat	catboost	HPCLAS_TRAIN_P_002361	1	HPCLAS_TRAIN_P_002361	0	A_clean_core	8.892662542075783	0.9998626255193799	1
layers24_30_36_concat	catboost	HPCLAS_TRAIN_P_002364	1	HPCLAS_TRAIN_P_002364	0	A_clean_core	4.776241248323348	0.9916428143312667	1
layers24_30_36_concat	catboost	HPCLAS_TRAIN_P_002365	1	HPCLAS_TRAIN_P_002365	0	A_clean_core	8.13745165128201	0.9997077041225816	1
layers24_30_36_concat	catboost	HPCLAS_TRAIN_P_002369	1	HPCLAS_TRAIN_P_002369	0	A_clean_core	6.8032816267378715	0.9988911048693273	1
layers24_30_36_concat	catboost	HPCLAS_TRAIN_P_002377	1	HPCLAS_TRAIN_P_002377	0	A_clean_core	2.295347253577301	0.9084909667733423	1
layers24_30_36_concat	catboost	HPCLAS_TRAIN_P_002388	1	HPCLAS_TRAIN_P_002388	0	A_clean_core	5.631400822834586	0.9964292441006806	1
layers24_30_36_concat	catboost	HPCLAS_TRAIN_P_002390	1	HPCLAS_TRAIN_P_002390	0	A_clean_core	8.563917946069619	0.9998091664160377	1
layers24_30_36_concat	catboost	HPCLAS_TRAIN_P_002394	1	HPCLAS_TRAIN_P_002394	0	A_clean_core	6.416088417475851	0.9983676296557955	1
layers24_30_36_concat	catboost	HPCLAS_TRAIN_P_002408	1	HPCLAS_TRAIN_P_002408	0	A_clean_core	7.158078168644393	0.9992220563106159	1
layers24_30_36_concat	catboost	HPCLAS_TRAIN_P_002409	1	HPCLAS_TRAIN_P_002409	0	D_hard_sample	2.9077346132122854	0.9482274647080767	1
layers24_30_36_concat	catboost	HPCLAS_TRAIN_P_002417	1	HPCLAS_TRAIN_P_002417	0	A_clean_core	4.639705602316079	0.990431891853524	1
layers24_30_36_concat	catboost	HPCLAS_TRAIN_P_002419	1	HPCLAS_TRAIN_P_002419	0	B_ambiguous	3.3029971169066923	0.9645314864635235	1
layers24_30_36_concat	catboost	HPCLAS_TRAIN_P_002428	1	HPCLAS_TRAIN_P_002428	0	B_ambiguous	2.1422998690832653	0.894947033390255	1
layers24_30_36_concat	catboost	HPCLAS_TRAIN_P_002430	1	HPCLAS_TRAIN_P_002430	0	A_clean_core	4.277377481505906	0.9863109777416073	1
layers24_30_36_concat	catboost	HPCLAS_TRAIN_P_002431	1	HPCLAS_TRAIN_P_002431	0	A_clean_core	6.557754522045559	0.9985829422794101	1
layers24_30_36_concat	catboost	HPCLAS_TRAIN_P_002445	1	HPCLAS_TRAIN_P_002445	0	A_clean_core	8.216170716617519	0.9997298250722109	1
layers24_30_36_concat	catboost	HPCLAS_TRAIN_P_002468	1	HPCLAS_TRAIN_P_002468	0	A_clean_core	4.856697182897448	0.9922838768930998	1
layers24_30_36_concat	catboost	HPCLAS_TRAIN_P_002473	1	HPCLAS_TRAIN_P_002473	0	A_clean_core	5.045694036486756	0.993604178540776	1
layers24_30_36_concat	catboost	HPCLAS_TRAIN_P_002480	1	HPCLAS_TRAIN_P_002480	0	B_ambiguous	-2.729214301650124	0.06127133838405002	0
layers24_30_36_concat	catboost	HPCLAS_TRAIN_P_002484	1	HPCLAS_TRAIN_P_002484	0	A_clean_core	9.04800059488443	0.9998823878502872	1
layers24_30_36_concat	catboost	HPCLAS_TRAIN_P_002488	1	HPCLAS_TRAIN_P_002488	0	A_clean_core	8.490450456059817	0.9997946214827307	1
layers24_30_36_concat	catboost	HPCLAS_TRAIN_P_002490	1	HPCLAS_TRAIN_P_002490	0	A_clean_core	10.871648556450193	0.9999810113199902	1
layers24_30_36_concat	catboost	HPCLAS_TRAIN_P_002498	1	HPCLAS_TRAIN_P_002498	0	A_clean_core	8.500596103158749	0.9997966942246271	1
layers24_30_36_concat	catboost	HPCLAS_TRAIN_P_002499	1	HPCLAS_TRAIN_P_002499	0	A_clean_core	7.707024146819924	0.9995505444979847	1
layers24_30_36_concat	catboost	HPCLAS_TRAIN_P_002517	1	HPCLAS_TRAIN_P_002517	0	A_clean_core	9.097738134974257	0.9998880938570511	1
layers24_30_36_concat	catboost	HPCLAS_TRAIN_P_002518	1	HPCLAS_TRAIN_P_002518	0	A_clean_core	6.629552392926497	0.9986809879579811	1
layers24_30_36_concat	catboost	HPCLAS_TRAIN_P_002519	1	HPCLAS_TRAIN_N_004812	0	B_ambiguous	1.671522746091534	0.8417787371545343	1
layers24_30_36_concat	catboost	HPCLAS_TRAIN_P_002524	1	HPCLAS_TRAIN_P_002524	0	A_clean_core	7.024180736953263	0.99911069512301	1
layers24_30_36_concat	catboost	HPCLAS_TRAIN_P_002525	1	HPCLAS_TRAIN_P_002525	0	D_hard_sample	-0.8190869102299918	0.30595751787484365	0
layers24_30_36_concat	catboost	HPCLAS_TRAIN_P_002526	1	HPCLAS_TRAIN_P_002526	0	A_clean_core	8.10770380660549	0.9996988809844799	1
layers24_30_36_concat	catboost	HPCLAS_TRAIN_P_002528	1	HPCLAS_TRAIN_P_002528	0	A_clean_core	8.611173968853418	0.9998179730877539	1
layers24_30_36_concat	catboost	HPCLAS_TRAIN_P_002535	1	HPCLAS_TRAIN_P_002535	0	A_clean_core	6.423396113878836	0.9983794957820781	1
layers24_30_36_concat	catboost	HPCLAS_TRAIN_P_002538	1	HPCLAS_TRAIN_P_002538	0	A_clean_core	9.95072057841148	0.999952309019716	1
layers24_30_36_concat	catboost	HPCLAS_TRAIN_P_002541	1	HPCLAS_TRAIN_P_002541	0	A_clean_core	3.432180771112683	0.9686952667208242	1
layers24_30_36_concat	catboost	HPCLAS_TRAIN_P_002543	1	HPCLAS_TRAIN_P_002543	0	A_clean_core	4.089208587397881	0.983523535308833	1
layers24_30_36_concat	catboost	HPCLAS_TRAIN_P_002551	1	HPCLAS_TRAIN_P_002551	0	A_clean_core	10.167160639411504	0.9999615902432997	1
layers24_30_36_concat	catboost	HPCLAS_TRAIN_P_002556	1	HPCLAS_TRAIN_P_002556	0	A_clean_core	7.866345926252474	0.9996167140668828	1
layers24_30_36_concat	catboost	HPCLAS_TRAIN_P_002568	1	HPCLAS_TRAIN_P_002568	0	A_clean_core	8.542216992177606	0.9998049807001086	1
layers24_30_36_concat	catboost	HPCLAS_TRAIN_P_002572	1	HPCLAS_TRAIN_P_002572	0	A_clean_core	0.0880003907756381	0.52198591115749	1
layers24_30_36_concat	catboost	HPCLAS_TRAIN_P_002573	1	HPCLAS_TRAIN_P_002573	0	D_hard_sample	1.0261237814592867	0.7361637202084592	1
layers24_30_36_concat	catboost	HPCLAS_TRAIN_P_002589	1	HPCLAS_TRAIN_P_002589	0	D_hard_sample	2.8665126005766597	0.9461659902738189	1
layers24_30_36_concat	catboost	HPCLAS_TRAIN_P_002595	1	HPCLAS_TRAIN_P_002595	0	A_clean_core	8.584455258930207	0.9998130449289009	1
layers24_30_36_concat	catboost	HPCLAS_TRAIN_P_002598	1	HPCLAS_TRAIN_P_002598	0	A_clean_core	5.692919108175387	0.9966415750684104	1
layers24_30_36_concat	catboost	HPCLAS_TRAIN_P_002610	1	HPCLAS_TRAIN_P_002610	0	D_hard_sample	1.9945631206223466	0.8802250576466529	1
layers24_30_36_concat	catboost	HPCLAS_TRAIN_P_002613	1	HPCLAS_TRAIN_P_002613	0	A_clean_core	5.238735261423339	0.9947210506807254	1
layers24_30_36_concat	catboost	HPCLAS_TRAIN_P_002624	1	HPCLAS_TRAIN_N_001228	0	B_ambiguous	1.3685232648085277	0.7971414600029774	1
layers24_30_36_concat	catboost	HPCLAS_TRAIN_P_002636	1	HPCLAS_TRAIN_P_002636	0	A_clean_core	6.562322518163746	0.9985893915212769	1
layers24_30_36_concat	catboost	HPCLAS_TRAIN_P_002637	1	HPCLAS_TRAIN_P_002637	0	A_clean_core	2.69193318228337	0.9365489580321822	1
layers24_30_36_concat	catboost	HPCLAS_TRAIN_P_002638	1	HPCLAS_TRAIN_P_002638	0	A_clean_core	7.941451690507714	0.9996444367183175	1
layers24_30_36_concat	catboost	HPCLAS_TRAIN_P_002639	1	HPCLAS_TRAIN_P_002639	0	A_clean_core	7.018291797757368	0.9991054473086272	1
layers24_30_36_concat	catboost	HPCLAS_TRAIN_P_002644	1	HPCLAS_TRAIN_P_002644	0	A_clean_core	6.959132675638641	0.9990509813856587	1
layers24_30_36_concat	catboost	HPCLAS_TRAIN_P_002651	1	HPCLAS_TRAIN_P_002651	0	A_clean_core	4.9822651503716315	0.9931882093363392	1
layers24_30_36_concat	catboost	HPCLAS_TRAIN_P_002658	1	HPCLAS_TRAIN_P_002658	0	D_hard_sample	0.5276163579403321	0.6289269939226204	1
layers24_30_36_concat	catboost	HPCLAS_TRAIN_P_002670	1	HPCLAS_TRAIN_P_002670	0	A_clean_core	4.38199815129676	0.9876539736775155	1
layers24_30_36_concat	catboost	HPCLAS_TRAIN_P_002682	1	HPCLAS_TRAIN_N_003467	0	B_ambiguous	3.3805377027428505	0.9670907225662053	1
layers24_30_36_concat	catboost	HPCLAS_TRAIN_P_002689	1	HPCLAS_TRAIN_P_002689	0	A_clean_core	3.7124331749579023	0.9761639909897251	1
layers24_30_36_concat	catboost	HPCLAS_TRAIN_P_002692	1	HPCLAS_TRAIN_P_002692	0	D_hard_sample	0.22731681322560465	0.5565857502517804	1
layers24_30_36_concat	catboost	HPCLAS_TRAIN_P_002698	1	HPCLAS_TRAIN_P_002698	0	A_clean_core	8.745130186754112	0.9998407904675203	1
layers24_30_36_concat	catboost	HPCLAS_TRAIN_P_002720	1	HPCLAS_TRAIN_P_002720	0	A_clean_core	8.624780050709491	0.9998204325463521	1
layers24_30_36_concat	catboost	HPCLAS_TRAIN_P_002721	1	HPCLAS_TRAIN_P_002721	0	D_hard_sample	1.4345672300060064	0.807611945783623	1
layers24_30_36_concat	catboost	HPCLAS_TRAIN_P_002722	1	HPCLAS_TRAIN_P_002722	0	A_clean_core	7.132004165563373	0.9992015218565233	1
layers24_30_36_concat	catboost	HPCLAS_TRAIN_P_002724	1	HPCLAS_TRAIN_P_002724	0	A_clean_core	7.583201916682623	0.9994913298141094	1
layers24_30_36_concat	catboost	HPCLAS_TRAIN_P_002736	1	HPCLAS_TRAIN_P_002736	0	A_clean_core	8.27194644850934	0.9997444779889664	1
layers24_30_36_concat	catboost	HPCLAS_TRAIN_P_002737	1	HPCLAS_TRAIN_P_002737	0	D_hard_sample	1.767217697042547	0.8541113231887675	1
layers24_30_36_concat	catboost	HPCLAS_TRAIN_P_002764	1	HPCLAS_TRAIN_P_002764	0	A_clean_core	8.325233125052534	0.9997577342805971	1
layers24_30_36_concat	catboost	HPCLAS_TRAIN_P_002772	1	HPCLAS_TRAIN_P_002772	0	A_clean_core	8.077322736505685	0.9996895951638906	1
layers24_30_36_concat	catboost	HPCLAS_TRAIN_P_002773	1	HPCLAS_TRAIN_P_002773	0	A_clean_core	8.386258085255653	0.9997720732011041	1
layers24_30_36_concat	catboost	HPCLAS_TRAIN_P_002786	1	HPCLAS_TRAIN_P_002786	0	D_hard_sample	2.4244426693611394	0.9186722899712277	1
layers24_30_36_concat	catboost	HPCLAS_TRAIN_P_002788	1	HPCLAS_TRAIN_P_002788	0	A_clean_core	8.159838871412466	0.9997141732611702	1
layers24_30_36_concat	catboost	HPCLAS_TRAIN_P_002789	1	HPCLAS_TRAIN_P_002789	0	A_clean_core	8.093997917514208	0.9996947267367464	1
layers24_30_36_concat	catboost	HPCLAS_TRAIN_P_002792	1	HPCLAS_TRAIN_P_002792	0	A_clean_core	2.166055464485585	0.8971595966563142	1
layers24_30_36_concat	catboost	HPCLAS_TRAIN_P_002803	1	HPCLAS_TRAIN_P_002803	0	A_clean_core	2.645444103416219	0.9337296344412072	1
layers24_30_36_concat	catboost	HPCLAS_TRAIN_P_002815	1	HPCLAS_TRAIN_P_002815	0	D_hard_sample	4.813501107936527	0.9919460103862374	1
layers24_30_36_concat	catboost	HPCLAS_TRAIN_P_002834	1	HPCLAS_TRAIN_P_002834	0	D_hard_sample	0.41830146263403956	0.6030767334355839	1
layers24_30_36_concat	catboost	HPCLAS_TRAIN_P_002837	1	HPCLAS_TRAIN_P_002837	0	A_clean_core	5.212742813654584	0.9945827921213723	1
layers24_30_36_concat	catboost	HPCLAS_TRAIN_P_002843	1	HPCLAS_TRAIN_P_002843	0	D_hard_sample	-0.20739094579502265	0.44833730298714486	0
layers24_30_36_concat	catboost	HPCLAS_TRAIN_P_002847	1	HPCLAS_TRAIN_P_002847	0	D_hard_sample	1.8156045843783248	0.8600378756857022	1
layers24_30_36_concat	catboost	HPCLAS_TRAIN_P_002849	1	HPCLAS_TRAIN_P_002849	0	A_clean_core	2.6845976488619203	0.9361116454518874	1
layers24_30_36_concat	catboost	HPCLAS_TRAIN_P_002850	1	HPCLAS_TRAIN_P_002850	0	A_clean_core	8.160090830883469	0.9997142452482757	1
layers24_30_36_concat	catboost	HPCLAS_TRAIN_P_002852	1	HPCLAS_TRAIN_P_002852	0	A_clean_core	6.710160715582726	0.9987830145761141	1
layers24_30_36_concat	catboost	HPCLAS_TRAIN_P_002853	1	HPCLAS_TRAIN_N_000764	0	B_ambiguous	4.497387877890709	0.9889846371637788	1
layers24_30_36_concat	catboost	HPCLAS_TRAIN_P_002857	1	HPCLAS_TRAIN_P_002857	0	A_clean_core	5.571547358042512	0.9962098312193021	1
layers24_30_36_concat	catboost	HPCLAS_TRAIN_P_002858	1	HPCLAS_TRAIN_P_002858	0	A_clean_core	4.124663651097811	0.9840883424341803	1
layers24_30_36_concat	catboost	HPCLAS_TRAIN_P_002859	1	HPCLAS_TRAIN_P_002859	0	A_clean_core	9.368728382670707	0.9999146554299786	1
layers24_30_36_concat	catboost	HPCLAS_TRAIN_P_002867	1	HPCLAS_TRAIN_P_002867	0	A_clean_core	7.075502011872588	0.9991551464189993	1
layers24_30_36_concat	catboost	HPCLAS_TRAIN_P_002869	1	HPCLAS_TRAIN_P_002869	0	A_clean_core	9.664933122362669	0.9999365333883407	1
layers24_30_36_concat	catboost	HPCLAS_TRAIN_P_002873	1	HPCLAS_TRAIN_P_002873	0	A_clean_core	0.7609811992611514	0.6815667248507759	1
layers24_30_36_concat	catboost	HPCLAS_TRAIN_P_002885	1	HPCLAS_TRAIN_P_002885	0	A_clean_core	9.062584160165928	0.9998840904110635	1
layers24_30_36_concat	catboost	HPCLAS_TRAIN_P_002889	1	HPCLAS_TRAIN_P_002889	0	A_clean_core	3.1758283028527634	0.9599144522005639	1
layers24_30_36_concat	catboost	HPCLAS_TRAIN_P_002902	1	HPCLAS_TRAIN_P_002902	0	D_hard_sample	1.0188438620967895	0.7347473366482854	1
layers24_30_36_concat	catboost	HPCLAS_TRAIN_P_002907	1	HPCLAS_TRAIN_P_002907	0	A_clean_core	6.258824653626897	0.998090160971454	1
layers24_30_36_concat	catboost	HPCLAS_TRAIN_P_002910	1	HPCLAS_TRAIN_P_002910	0	A_clean_core	7.603070032360366	0.999501331407096	1
layers24_30_36_concat	catboost	HPCLAS_TRAIN_P_002924	1	HPCLAS_TRAIN_P_002924	0	D_hard_sample	2.335892961849023	0.9118063737067754	1
layers24_30_36_concat	catboost	HPCLAS_TRAIN_P_002927	1	HPCLAS_TRAIN_P_002927	0	A_clean_core	1.3145688283543293	0.7882766818904894	1
layers24_30_36_concat	catboost	HPCLAS_TRAIN_P_002939	1	HPCLAS_TRAIN_P_002939	0	A_clean_core	7.014872815142629	0.9991023863641666	1
layers24_30_36_concat	catboost	HPCLAS_TRAIN_P_002947	1	HPCLAS_TRAIN_P_002947	0	D_hard_sample	-0.3713885441063201	0.40820554301558576	0
layers24_30_36_concat	catboost	HPCLAS_TRAIN_P_002952	1	HPCLAS_TRAIN_P_002952	0	A_clean_core	4.532589312923637	0.9893615949789416	1
layers24_30_36_concat	catboost	HPCLAS_TRAIN_P_002955	1	HPCLAS_TRAIN_P_002955	0	A_clean_core	5.197563562726126	0.9945003913832494	1
layers24_30_36_concat	catboost	HPCLAS_TRAIN_P_002960	1	HPCLAS_TRAIN_P_002960	0	A_clean_core	5.000931011448629	0.9933133356508032	1
layers24_30_36_concat	catboost	HPCLAS_TRAIN_P_002961	1	HPCLAS_TRAIN_P_002961	0	A_clean_core	5.775150810302346	0.9969058737820103	1
layers24_30_36_concat	catboost	HPCLAS_TRAIN_P_002965	1	HPCLAS_TRAIN_P_002965	0	A_clean_core	2.589566508062713	0.9301870718034688	1
layers24_30_36_concat	catboost	HPCLAS_TRAIN_P_002971	1	HPCLAS_TRAIN_P_002971	0	A_clean_core	8.952743076928114	0.9998706349687854	1
layers24_30_36_concat	catboost	HPCLAS_TRAIN_P_002972	1	HPCLAS_TRAIN_P_002972	0	D_hard_sample	0.96135530888541	0.7233930784684979	1
layers24_30_36_concat	catboost	HPCLAS_TRAIN_P_002990	1	HPCLAS_TRAIN_P_002990	0	A_clean_core	7.198669587075958	0.9992529787211648	1
layers24_30_36_concat	catboost	HPCLAS_TRAIN_P_002995	1	HPCLAS_TRAIN_P_002995	0	A_clean_core	7.44949439123679	0.9994186025511329	1
layers24_30_36_concat	catboost	HPCLAS_TRAIN_P_003021	1	HPCLAS_TRAIN_P_003021	0	A_clean_core	7.513745207400857	0.9994547633256862	1
layers24_30_36_concat	catboost	HPCLAS_TRAIN_P_003031	1	HPCLAS_TRAIN_P_003031	0	A_clean_core	8.272602641776272	0.9997446455629875	1
layers24_30_36_concat	catboost	HPCLAS_TRAIN_P_003046	1	HPCLAS_TRAIN_P_003046	0	A_clean_core	2.553862022326261	0.927832540682677	1
layers24_30_36_concat	catboost	HPCLAS_TRAIN_P_003048	1	HPCLAS_TRAIN_P_003048	0	A_clean_core	5.774462286097404	0.9969037492661027	1
layers24_30_36_concat	catboost	HPCLAS_TRAIN_P_003052	1	HPCLAS_TRAIN_P_003052	0	A_clean_core	8.507107780031733	0.9997980135186708	1
layers24_30_36_concat	catboost	HPCLAS_TRAIN_P_003066	1	HPCLAS_TRAIN_P_003066	0	A_clean_core	3.7418857049314984	0.9768397621259195	1
layers24_30_36_concat	catboost	HPCLAS_TRAIN_P_003077	1	HPCLAS_TRAIN_P_003077	0	A_clean_core	8.405806342146537	0.9997764845195632	1
layers24_30_36_concat	catboost	HPCLAS_TRAIN_P_003079	1	HPCLAS_TRAIN_P_003079	0	A_clean_core	5.538508029756457	0.9960830136440487	1
layers24_30_36_concat	catboost	HPCLAS_TRAIN_P_003089	1	HPCLAS_TRAIN_P_003089	0	A_clean_core	9.365597081926085	0.999914387794537	1
layers24_30_36_concat	catboost	HPCLAS_TRAIN_P_003102	1	HPCLAS_TRAIN_P_003102	0	A_clean_core	8.089451304225504	0.9996933360438326	1
layers24_30_36_concat	catboost	HPCLAS_TRAIN_P_003112	1	HPCLAS_TRAIN_P_003112	0	D_hard_sample	0.47581554406421156	0.6167592907905977	1
layers24_30_36_concat	catboost	HPCLAS_TRAIN_P_003117	1	HPCLAS_TRAIN_P_003117	0	D_hard_sample	3.084714982972172	0.956257831463481	1
layers24_30_36_concat	catboost	HPCLAS_TRAIN_P_003121	1	HPCLAS_TRAIN_P_003121	0	A_clean_core	4.785822106299112	0.9917218413385008	1
layers24_30_36_concat	catboost	HPCLAS_TRAIN_P_003123	1	HPCLAS_TRAIN_P_003123	0	A_clean_core	9.383952601261065	0.9999159447855359	1
layers24_30_36_concat	catboost	HPCLAS_TRAIN_P_003128	1	HPCLAS_TRAIN_P_003128	0	A_clean_core	6.542478302814447	0.9985611601915999	1
layers24_30_36_concat	catboost	HPCLAS_TRAIN_P_003136	1	HPCLAS_TRAIN_P_003136	0	A_clean_core	3.1247462629338307	0.9579020411430696	1
layers24_30_36_concat	catboost	HPCLAS_TRAIN_P_003143	1	HPCLAS_TRAIN_P_003143	0	A_clean_core	9.78059583579286	0.9999434650977894	1
layers24_30_36_concat	catboost	HPCLAS_TRAIN_P_003162	1	HPCLAS_TRAIN_P_003162	0	A_clean_core	8.166101435481966	0.9997159571692461	1
layers24_30_36_concat	catboost	HPCLAS_TRAIN_P_003165	1	HPCLAS_TRAIN_P_003165	0	D_hard_sample	-1.1867992855258431	0.23383186966954578	0
layers24_30_36_concat	catboost	HPCLAS_TRAIN_P_003172	1	HPCLAS_TRAIN_P_003172	0	A_clean_core	8.857112876918862	0.9998576547669432	1
layers24_30_36_concat	catboost	HPCLAS_TRAIN_P_003206	1	HPCLAS_TRAIN_P_003206	0	A_clean_core	7.274108637789181	0.9993072224842307	1
layers24_30_36_concat	catboost	HPCLAS_TRAIN_P_003237	1	HPCLAS_TRAIN_P_003237	0	A_clean_core	4.789293499883689	0.9917502916059804	1
layers24_30_36_concat	catboost	HPCLAS_TRAIN_P_003238	1	HPCLAS_TRAIN_P_003238	0	A_clean_core	6.087015158318149	0.9977329701984238	1
layers24_30_36_concat	catboost	HPCLAS_TRAIN_P_003255	1	HPCLAS_TRAIN_P_003255	0	A_clean_core	6.044928263519693	0.9976357520772783	1
layers24_30_36_concat	catboost	HPCLAS_TRAIN_P_003256	1	HPCLAS_TRAIN_P_003256	0	A_clean_core	8.873460156621015	0.9998599624845768	1
layers24_30_36_concat	catboost	HPCLAS_TRAIN_P_003260	1	HPCLAS_TRAIN_P_003260	0	D_hard_sample	-0.8429567913378656	0.30091241523900925	0
layers24_30_36_concat	catboost	HPCLAS_TRAIN_P_003265	1	HPCLAS_TRAIN_P_003265	0	A_clean_core	6.348237635537108	0.9982532282949157	1
layers24_30_36_concat	catboost	HPCLAS_TRAIN_P_003285	1	HPCLAS_TRAIN_P_003285	0	D_hard_sample	-1.0158606211807297	0.26583448519875646	0
layers24_30_36_concat	catboost	HPCLAS_TRAIN_P_003295	1	HPCLAS_TRAIN_P_003295	0	A_clean_core	3.5516725980965957	0.972122789555642	1
layers24_30_36_concat	catboost	HPCLAS_TRAIN_P_003299	1	HPCLAS_TRAIN_P_003299	0	B_ambiguous	-2.6212621052129426	0.06778250011435352	0
layers24_30_36_concat	catboost	HPCLAS_TRAIN_P_003305	1	HPCLAS_TRAIN_P_003305	0	D_hard_sample	-0.3525328734415801	0.4127683409233495	0
layers24_30_36_concat	catboost	HPCLAS_TRAIN_P_003309	1	HPCLAS_TRAIN_P_003309	0	A_clean_core	8.313430009252029	0.999754858553351	1
layers24_30_36_concat	catboost	HPCLAS_TRAIN_P_003311	1	HPCLAS_TRAIN_P_003311	0	A_clean_core	6.261708135959887	0.9980956495543994	1
layers24_30_36_concat	catboost	HPCLAS_TRAIN_P_003317	1	HPCLAS_TRAIN_P_003317	0	A_clean_core	4.889056183915252	0.9925277304996819	1
layers24_30_36_concat	catboost	HPCLAS_TRAIN_P_003319	1	HPCLAS_TRAIN_P_003319	0	A_clean_core	5.108548641888648	0.9939914708543036	1
layers24_30_36_concat	catboost	HPCLAS_TRAIN_P_003320	1	HPCLAS_TRAIN_P_003320	0	A_clean_core	3.460576443654819	0.9695449922832706	1
layers24_30_36_concat	catboost	HPCLAS_TRAIN_P_003348	1	HPCLAS_TRAIN_P_003348	0	A_clean_core	5.301313439460254	0.9950396853230902	1
layers24_30_36_concat	catboost	HPCLAS_TRAIN_P_003366	1	HPCLAS_TRAIN_P_003366	0	A_clean_core	2.747519680069139	0.9397731177318088	1
layers24_30_36_concat	catboost	HPCLAS_TRAIN_P_003376	1	HPCLAS_TRAIN_P_003376	0	A_clean_core	1.5996920323003727	0.831975337999162	1
layers24_30_36_concat	catboost	HPCLAS_TRAIN_P_003379	1	HPCLAS_TRAIN_P_003379	0	A_clean_core	-0.6013436532932779	0.35403634727357314	0
layers24_30_36_concat	catboost	HPCLAS_TRAIN_P_003380	1	HPCLAS_TRAIN_P_003380	0	A_clean_core	-1.1121012162403394	0.24747936446700752	0
layers24_30_36_concat	catboost	HPCLAS_TRAIN_P_003382	1	HPCLAS_TRAIN_P_003382	0	A_clean_core	5.614148868469577	0.9963673328548515	1
layers24_30_36_concat	catboost	HPCLAS_TRAIN_P_003383	1	HPCLAS_TRAIN_P_003383	0	A_clean_core	4.500873922786497	0.9890225495579817	1
layers24_30_36_concat	catboost	HPCLAS_TRAIN_P_003386	1	HPCLAS_TRAIN_P_003386	0	D_hard_sample	0.4283348467596382	0.6054759751936444	1
layers24_30_36_concat	catboost	HPCLAS_TRAIN_P_003398	1	HPCLAS_TRAIN_P_003398	0	D_hard_sample	4.4730309684915825	0.9887161074381591	1
layers24_30_36_concat	catboost	HPCLAS_TRAIN_P_003411	1	HPCLAS_TRAIN_P_003411	0	A_clean_core	9.588781348632672	0.9999315118512851	1
layers24_30_36_concat	catboost	HPCLAS_TRAIN_P_003414	1	HPCLAS_TRAIN_P_003414	0	A_clean_core	5.237494698773287	0.9947145323848534	1
layers24_30_36_concat	catboost	HPCLAS_TRAIN_P_003417	1	HPCLAS_TRAIN_P_003417	0	A_clean_core	4.592567563103507	0.9899747007323394	1
layers24_30_36_concat	catboost	HPCLAS_TRAIN_P_003422	1	HPCLAS_TRAIN_N_003740	0	B_ambiguous	7.571928879445219	0.9994855660797013	1
layers24_30_36_concat	catboost	HPCLAS_TRAIN_P_003424	1	HPCLAS_TRAIN_P_003424	0	A_clean_core	3.0049331144278795	0.9527964915519217	1
layers24_30_36_concat	catboost	HPCLAS_TRAIN_P_003431	1	HPCLAS_TRAIN_P_003431	0	A_clean_core	8.52076529200601	0.9998007528529829	1
layers24_30_36_concat	catboost	HPCLAS_TRAIN_P_003433	1	HPCLAS_TRAIN_P_003433	0	A_clean_core	7.2781400883829726	0.999310007837201	1
layers24_30_36_concat	catboost	HPCLAS_TRAIN_P_003440	1	HPCLAS_TRAIN_P_003440	0	A_clean_core	4.924935910374116	0.9927891817952277	1
layers24_30_36_concat	catboost	HPCLAS_TRAIN_P_003445	1	HPCLAS_TRAIN_P_003445	0	A_clean_core	8.31538517032097	0.9997553372589733	1
layers24_30_36_concat	catboost	HPCLAS_TRAIN_P_003448	1	HPCLAS_TRAIN_P_003448	0	A_clean_core	7.237832757311866	0.9992816483654481	1
layers24_30_36_concat	catboost	HPCLAS_TRAIN_P_003449	1	HPCLAS_TRAIN_P_003449	0	A_clean_core	2.441709839867181	0.9199530898584471	1
layers24_30_36_concat	catboost	HPCLAS_TRAIN_P_003467	1	HPCLAS_TRAIN_N_004816	0	B_ambiguous	-0.371478809341393	0.40818373748244935	0
layers24_30_36_concat	catboost	HPCLAS_TRAIN_P_003473	1	HPCLAS_TRAIN_P_003473	0	A_clean_core	5.6571850800205645	0.9965198202342281	1
layers24_30_36_concat	catboost	HPCLAS_TRAIN_P_003476	1	HPCLAS_TRAIN_P_003476	0	A_clean_core	7.7198379818401275	0.9995562644654284	1
layers24_30_36_concat	catboost	HPCLAS_TRAIN_P_003477	1	HPCLAS_TRAIN_P_003477	0	D_hard_sample	1.354296454915184	0.7948311583837205	1
layers24_30_36_concat	catboost	HPCLAS_TRAIN_P_003490	1	HPCLAS_TRAIN_P_003490	0	A_clean_core	3.4200841118383396	0.9683263514686924	1
layers24_30_36_concat	catboost	HPCLAS_TRAIN_P_003492	1	HPCLAS_TRAIN_P_003492	0	A_clean_core	2.4136021114038293	0.9178586690310908	1
layers24_30_36_concat	catboost	HPCLAS_TRAIN_P_003498	1	HPCLAS_TRAIN_P_003498	0	A_clean_core	4.5389647013982755	0.9894284884792742	1
layers24_30_36_concat	catboost	HPCLAS_TRAIN_P_003502	1	HPCLAS_TRAIN_P_003502	0	A_clean_core	7.318815861378756	0.9993374924397653	1
layers24_30_36_concat	catboost	HPCLAS_TRAIN_P_003503	1	HPCLAS_TRAIN_P_003503	0	A_clean_core	4.7033703057439995	0.9910167553561632	1
layers24_30_36_concat	catboost	HPCLAS_TRAIN_P_003508	1	HPCLAS_TRAIN_P_003508	0	A_clean_core	8.104401366387174	0.9996978852140326	1
layers24_30_36_concat	catboost	HPCLAS_TRAIN_P_003513	1	HPCLAS_TRAIN_P_003513	0	A_clean_core	8.23978990661118	0.9997361299501654	1
layers24_30_36_concat	catboost	HPCLAS_TRAIN_P_003518	1	HPCLAS_TRAIN_P_003518	0	A_clean_core	3.5065046259208783	0.9708722799678937	1
layers24_30_36_concat	catboost	HPCLAS_TRAIN_P_003528	1	HPCLAS_TRAIN_P_003528	0	A_clean_core	4.678784220366078	0.9907952132647658	1
layers24_30_36_concat	catboost	HPCLAS_TRAIN_P_003532	1	HPCLAS_TRAIN_P_003532	0	A_clean_core	7.160171748439633	0.9992236820310452	1
layers24_30_36_concat	catboost	HPCLAS_TRAIN_P_003534	1	HPCLAS_TRAIN_P_003534	0	A_clean_core	2.0014005965716106	0.880944053221384	1
layers24_30_36_concat	catboost	HPCLAS_TRAIN_P_003540	1	HPCLAS_TRAIN_P_003540	0	D_hard_sample	2.863479799094989	0.9460113025787212	1
layers24_30_36_concat	catboost	HPCLAS_TRAIN_P_003543	1	HPCLAS_TRAIN_P_003543	0	A_clean_core	10.712828869048463	0.9999777429362173	1
layers24_30_36_concat	catboost	HPCLAS_TRAIN_P_003546	1	HPCLAS_TRAIN_P_003546	0	A_clean_core	6.866281856940175	0.998958739894672	1
layers24_30_36_concat	catboost	HPCLAS_TRAIN_P_003553	1	HPCLAS_TRAIN_P_003553	0	A_clean_core	5.704862808938607	0.9966813161713605	1
layers24_30_36_concat	catboost	HPCLAS_TRAIN_P_003563	1	HPCLAS_TRAIN_P_003563	0	A_clean_core	6.725935429511548	0.9988020387302605	1
layers24_30_36_concat	catboost	HPCLAS_TRAIN_P_003564	1	HPCLAS_TRAIN_P_003564	0	A_clean_core	5.19245083275149	0.9944723571912036	1
layers24_30_36_concat	catboost	HPCLAS_TRAIN_P_003568	1	HPCLAS_TRAIN_P_003568	0	A_clean_core	9.56919877169265	0.9999301575534721	1
layers24_30_36_concat	catboost	HPCLAS_TRAIN_P_003580	1	HPCLAS_TRAIN_P_003580	0	A_clean_core	9.581238658193085	0.9999309933490356	1
layers24_30_36_concat	catboost	HPCLAS_TRAIN_P_003583	1	HPCLAS_TRAIN_P_003583	0	D_hard_sample	0.5529896406920489	0.6348289319437752	1
layers24_30_36_concat	catboost	HPCLAS_TRAIN_P_003586	1	HPCLAS_TRAIN_P_003586	0	D_hard_sample	0.07211785825096226	0.5180216543761671	1
layers24_30_36_concat	catboost	HPCLAS_TRAIN_P_003596	1	HPCLAS_TRAIN_P_003596	0	A_clean_core	6.899760067001429	0.9989929878366721	1
layers24_30_36_concat	catboost	HPCLAS_TRAIN_P_003604	1	HPCLAS_TRAIN_P_003604	0	A_clean_core	1.8332554792043245	0.8621490904855952	1
layers24_30_36_concat	catboost	HPCLAS_TRAIN_P_003610	1	HPCLAS_TRAIN_P_003610	0	A_clean_core	9.109630888214575	0.999889416700307	1
layers24_30_36_concat	catboost	HPCLAS_TRAIN_P_003611	1	HPCLAS_TRAIN_P_003611	0	A_clean_core	8.368211181545728	0.9997679234502795	1
layers24_30_36_concat	catboost	HPCLAS_TRAIN_P_003615	1	HPCLAS_TRAIN_P_003615	0	A_clean_core	6.361284163305139	0.9982758305467958	1
layers24_30_36_concat	catboost	HPCLAS_TRAIN_P_003618	1	HPCLAS_TRAIN_P_003618	0	A_clean_core	6.808683729949614	0.9988970724949575	1
layers24_30_36_concat	catboost	HPCLAS_TRAIN_P_003621	1	HPCLAS_TRAIN_P_003621	0	A_clean_core	3.6827990070831307	0.975464650485337	1
layers24_30_36_concat	catboost	HPCLAS_TRAIN_P_003630	1	HPCLAS_TRAIN_P_003630	0	D_hard_sample	1.330916147979229	0.7909921360261145	1
layers24_30_36_concat	catboost	HPCLAS_TRAIN_P_003633	1	HPCLAS_TRAIN_P_003633	0	A_clean_core	9.132480359777162	0.9998919145511991	1
layers24_30_36_concat	catboost	HPCLAS_TRAIN_P_003634	1	HPCLAS_TRAIN_P_003634	0	D_hard_sample	1.09572057356675	0.7494574115437813	1
layers24_30_36_concat	catboost	HPCLAS_TRAIN_P_003636	1	HPCLAS_TRAIN_P_003636	0	A_clean_core	5.54095614964082	0.9960925537443267	1
layers24_30_36_concat	catboost	HPCLAS_TRAIN_P_003638	1	HPCLAS_TRAIN_P_003638	0	A_clean_core	0.17027318419607204	0.5424657449656914	1
layers24_30_36_concat	catboost	HPCLAS_TRAIN_P_003646	1	HPCLAS_TRAIN_P_003646	0	A_clean_core	9.035531866458658	0.9998809123714147	1
layers24_30_36_concat	catboost	HPCLAS_TRAIN_P_003656	1	HPCLAS_TRAIN_P_003656	0	A_clean_core	2.65312102233154	0.9342030926657529	1
layers24_30_36_concat	catboost	HPCLAS_TRAIN_P_003657	1	HPCLAS_TRAIN_P_003657	0	D_hard_sample	-0.25455204143476906	0.4367034055252978	0
layers24_30_36_concat	catboost	HPCLAS_TRAIN_P_003659	1	HPCLAS_TRAIN_P_003659	0	A_clean_core	9.572890481355161	0.9999304148982517	1
layers24_30_36_concat	catboost	HPCLAS_TRAIN_P_003664	1	HPCLAS_TRAIN_P_003664	0	A_clean_core	4.400276833785466	0.9878748814064084	1
layers24_30_36_concat	catboost	HPCLAS_TRAIN_P_003688	1	HPCLAS_TRAIN_P_003688	0	A_clean_core	9.272914308765325	0.9999060744620158	1
layers24_30_36_concat	catboost	HPCLAS_TRAIN_P_003693	1	HPCLAS_TRAIN_P_003693	0	A_clean_core	2.68323488279929	0.9360300945479605	1
layers24_30_36_concat	catboost	HPCLAS_TRAIN_P_003695	1	HPCLAS_TRAIN_P_003695	0	D_hard_sample	2.4835416355704245	0.9229799429989479	1
layers24_30_36_concat	catboost	HPCLAS_TRAIN_P_003705	1	HPCLAS_TRAIN_P_003705	0	A_clean_core	5.259179344929918	0.9948273256606323	1
layers24_30_36_concat	catboost	HPCLAS_TRAIN_P_003710	1	HPCLAS_TRAIN_P_003710	0	A_clean_core	7.648961630436079	0.9995236882854792	1
layers24_30_36_concat	catboost	HPCLAS_TRAIN_P_003715	1	HPCLAS_TRAIN_P_003715	0	A_clean_core	4.316126282730018	0.9868244104819461	1
layers24_30_36_concat	catboost	HPCLAS_TRAIN_P_003717	1	HPCLAS_TRAIN_P_003717	0	A_clean_core	5.656523919587484	0.9965175265319204	1
layers24_30_36_concat	catboost	HPCLAS_TRAIN_P_003719	1	HPCLAS_TRAIN_P_003719	0	A_clean_core	7.730053454008169	0.999560772377997	1
layers24_30_36_concat	catboost	HPCLAS_TRAIN_P_003720	1	HPCLAS_TRAIN_P_003720	0	D_hard_sample	2.092291453611667	0.8901516881717825	1
layers24_30_36_concat	catboost	HPCLAS_TRAIN_P_003721	1	HPCLAS_TRAIN_N_004214	0	B_ambiguous	0.78465911577507	0.6866833903051557	1
layers24_30_36_concat	catboost	HPCLAS_TRAIN_P_003722	1	HPCLAS_TRAIN_P_003722	0	A_clean_core	5.045819139106428	0.9936049735081901	1
layers24_30_36_concat	catboost	HPCLAS_TRAIN_P_003723	1	HPCLAS_TRAIN_P_003723	0	A_clean_core	8.031288722952338	0.9996749767367765	1
layers24_30_36_concat	catboost	HPCLAS_TRAIN_P_003740	1	HPCLAS_TRAIN_P_003740	0	A_clean_core	4.5685685735514925	0.989733693323208	1
layers24_30_36_concat	catboost	HPCLAS_TRAIN_P_003741	1	HPCLAS_TRAIN_P_003741	0	D_hard_sample	5.837454472862523	0.9970922232273098	1
layers24_30_36_concat	catboost	HPCLAS_TRAIN_P_003753	1	HPCLAS_TRAIN_N_001599	0	B_ambiguous	7.649725060673785	0.9995240516044732	1
layers24_30_36_concat	catboost	HPCLAS_TRAIN_P_003755	1	HPCLAS_TRAIN_P_003755	0	A_clean_core	9.190772382962942	0.9998980343283557	1
layers24_30_36_concat	catboost	HPCLAS_TRAIN_P_003758	1	HPCLAS_TRAIN_P_003758	0	D_hard_sample	-0.4719354477195642	0.3841582515117587	0
layers24_30_36_concat	catboost	HPCLAS_TRAIN_P_003763	1	HPCLAS_TRAIN_P_003763	0	A_clean_core	7.9445462254316395	0.9996455349311859	1
layers24_30_36_concat	catboost	HPCLAS_TRAIN_P_003766	1	HPCLAS_TRAIN_P_003766	0	A_clean_core	6.177353038761337	0.9979283850410635	1
layers24_30_36_concat	catboost	HPCLAS_TRAIN_P_003767	1	HPCLAS_TRAIN_P_003767	0	D_hard_sample	3.92402428678096	0.9806215367999594	1
layers24_30_36_concat	catboost	HPCLAS_TRAIN_P_003770	1	HPCLAS_TRAIN_P_003770	0	D_hard_sample	0.6982855184139047	0.6678075399808532	1
layers24_30_36_concat	catboost	HPCLAS_TRAIN_P_003775	1	HPCLAS_TRAIN_P_003775	0	D_hard_sample	-1.3586652988599144	0.20445731182261115	0
layers24_30_36_concat	catboost	HPCLAS_TRAIN_P_003793	1	HPCLAS_TRAIN_P_003793	0	D_hard_sample	1.7379821050415225	0.8504305738935355	1
layers24_30_36_concat	catboost	HPCLAS_TRAIN_P_003804	1	HPCLAS_TRAIN_P_003804	0	A_clean_core	4.7004769543332925	0.9909909605339557	1
layers24_30_36_concat	catboost	HPCLAS_TRAIN_P_003805	1	HPCLAS_TRAIN_P_003805	0	D_hard_sample	0.9291467103541711	0.7169021394617845	1
layers24_30_36_concat	catboost	HPCLAS_TRAIN_P_003806	1	HPCLAS_TRAIN_P_003806	0	A_clean_core	7.507799578913951	0.9994515136780266	1
layers24_30_36_concat	catboost	HPCLAS_TRAIN_P_003809	1	HPCLAS_TRAIN_P_003809	0	A_clean_core	6.564188523215766	0.9985920175668606	1
layers24_30_36_concat	catboost	HPCLAS_TRAIN_P_003810	1	HPCLAS_TRAIN_P_003810	0	B_ambiguous	2.252685617433208	0.904881939325729	1
layers24_30_36_concat	catboost	HPCLAS_TRAIN_P_003813	1	HPCLAS_TRAIN_P_003813	0	A_clean_core	8.784116172468961	0.9998468770412172	1
layers24_30_36_concat	catboost	HPCLAS_TRAIN_P_003833	1	HPCLAS_TRAIN_P_003833	0	A_clean_core	5.903987443582149	0.997278881502961	1
layers24_30_36_concat	catboost	HPCLAS_TRAIN_P_003834	1	HPCLAS_TRAIN_P_003834	0	A_clean_core	-0.08338108945204817	0.479166796312947	0
layers24_30_36_concat	catboost	HPCLAS_TRAIN_P_003836	1	HPCLAS_TRAIN_P_003836	0	A_clean_core	4.779260232453989	0.9916677965894329	1
layers24_30_36_concat	catboost	HPCLAS_TRAIN_P_003839	1	HPCLAS_TRAIN_P_003839	0	A_clean_core	8.660745327906898	0.9998267748852516	1
layers24_30_36_concat	catboost	HPCLAS_TRAIN_P_003840	1	HPCLAS_TRAIN_P_003840	0	A_clean_core	9.37184996775544	0.999914921402306	1
layers24_30_36_concat	catboost	HPCLAS_TRAIN_P_003845	1	HPCLAS_TRAIN_P_003845	0	A_clean_core	8.780177615250016	0.9998462728613754	1
layers24_30_36_concat	catboost	HPCLAS_TRAIN_P_003859	1	HPCLAS_TRAIN_P_003859	0	A_clean_core	4.37296346495584	0.9875433215499207	1
layers24_30_36_concat	catboost	HPCLAS_TRAIN_P_003862	1	HPCLAS_TRAIN_P_003862	0	D_hard_sample	1.1261236131660466	0.7551228163714485	1
layers24_30_36_concat	catboost	HPCLAS_TRAIN_P_003863	1	HPCLAS_TRAIN_P_003863	0	D_hard_sample	-2.9299377359766443	0.050693321210677544	0
layers24_30_36_concat	catboost	HPCLAS_TRAIN_P_003864	1	HPCLAS_TRAIN_P_003864	0	A_clean_core	8.347330713124359	0.9997630277976591	1
layers24_30_36_concat	catboost	HPCLAS_TRAIN_P_003865	1	HPCLAS_TRAIN_P_003865	0	A_clean_core	5.49264499564243	0.9958999392352129	1
layers24_30_36_concat	catboost	HPCLAS_TRAIN_P_003874	1	HPCLAS_TRAIN_P_003874	0	A_clean_core	4.038973117380108	0.9826893838278707	1
layers24_30_36_concat	catboost	HPCLAS_TRAIN_P_003877	1	HPCLAS_TRAIN_P_003877	0	A_clean_core	7.930414617563462	0.9996404920223823	1
layers24_30_36_concat	catboost	HPCLAS_TRAIN_P_003887	1	HPCLAS_TRAIN_P_003887	0	A_clean_core	4.420109078016704	0.988110149924911	1
layers24_30_36_concat	catboost	HPCLAS_TRAIN_P_003897	1	HPCLAS_TRAIN_N_004210	0	B_ambiguous	4.315100923989725	0.9868110721174761	1
layers24_30_36_concat	catboost	HPCLAS_TRAIN_P_003898	1	HPCLAS_TRAIN_P_003898	0	A_clean_core	3.521887863665301	0.97130417016982	1
layers24_30_36_concat	catboost	HPCLAS_TRAIN_P_003899	1	HPCLAS_TRAIN_P_003899	0	A_clean_core	4.923842064130324	0.9927813469218443	1
layers24_30_36_concat	catboost	HPCLAS_TRAIN_P_003900	1	HPCLAS_TRAIN_P_003900	0	A_clean_core	7.548479071315162	0.9994733665769835	1
layers24_30_36_concat	catboost	HPCLAS_TRAIN_P_003902	1	HPCLAS_TRAIN_P_003902	0	A_clean_core	2.783556105624703	0.9417807315591746	1
layers24_30_36_concat	catboost	HPCLAS_TRAIN_P_003939	1	HPCLAS_TRAIN_P_003939	0	A_clean_core	7.058255809513842	0.9991404621672605	1
layers24_30_36_concat	catboost	HPCLAS_TRAIN_P_003946	1	HPCLAS_TRAIN_N_002854	0	B_ambiguous	5.6154029501437	0.9963718691425789	1
layers24_30_36_concat	catboost	HPCLAS_TRAIN_P_003954	1	HPCLAS_TRAIN_P_003954	0	A_clean_core	2.7115010064178806	0.9377018906238297	1
layers24_30_36_concat	catboost	HPCLAS_TRAIN_P_003960	1	HPCLAS_TRAIN_P_003960	0	A_clean_core	3.5313698562983187	0.9715672780888992	1
layers24_30_36_concat	catboost	HPCLAS_TRAIN_P_003962	1	HPCLAS_TRAIN_P_003962	0	A_clean_core	5.029720021804845	0.9935018604503081	1
layers24_30_36_concat	catboost	HPCLAS_TRAIN_P_003966	1	HPCLAS_TRAIN_P_003966	0	D_hard_sample	-1.0457171718820477	0.26004836906499046	0
layers24_30_36_concat	catboost	HPCLAS_TRAIN_P_003967	1	HPCLAS_TRAIN_P_003967	0	A_clean_core	5.874715541127716	0.9971982784036058	1
layers24_30_36_concat	catboost	HPCLAS_TRAIN_P_003972	1	HPCLAS_TRAIN_P_003972	0	A_clean_core	8.463231114391673	0.9997889556339669	1
layers24_30_36_concat	catboost	HPCLAS_TRAIN_P_003981	1	HPCLAS_TRAIN_P_003981	0	A_clean_core	4.3905960498916174	0.9877583746551429	1
layers24_30_36_concat	catboost	HPCLAS_TRAIN_P_003982	1	HPCLAS_TRAIN_P_003982	0	A_clean_core	-0.09681967361828583	0.4758139720622759	0
layers24_30_36_concat	catboost	HPCLAS_TRAIN_P_003985	1	HPCLAS_TRAIN_P_003985	0	A_clean_core	2.3869503202039626	0.9158267720305017	1
layers24_30_36_concat	catboost	HPCLAS_TRAIN_P_003986	1	HPCLAS_TRAIN_P_003986	0	A_clean_core	4.73759959659272	0.9913164174659327	1
layers24_30_36_concat	catboost	HPCLAS_TRAIN_P_003992	1	HPCLAS_TRAIN_P_003992	0	A_clean_core	7.768941441108695	0.9995775181253204	1
layers24_30_36_concat	catboost	HPCLAS_TRAIN_P_003995	1	HPCLAS_TRAIN_P_003995	0	A_clean_core	7.399857437797646	0.9993890335992626	1
layers24_30_36_concat	catboost	HPCLAS_TRAIN_P_003996	1	HPCLAS_TRAIN_P_003996	0	A_clean_core	8.507043129794324	0.9997980004624124	1
layers24_30_36_concat	catboost	HPCLAS_TRAIN_P_004001	1	HPCLAS_TRAIN_P_004001	0	A_clean_core	6.169204617173359	0.9979114710867678	1
layers24_30_36_concat	catboost	HPCLAS_TRAIN_P_004013	1	HPCLAS_TRAIN_P_004013	0	A_clean_core	3.4251770479250663	0.9684821819839541	1
layers24_30_36_concat	catboost	HPCLAS_TRAIN_P_004023	1	HPCLAS_TRAIN_P_004023	0	A_clean_core	8.673227928917862	0.9998289233780386	1
layers24_30_36_concat	catboost	HPCLAS_TRAIN_P_004024	1	HPCLAS_TRAIN_P_004024	0	A_clean_core	3.2114885724885744	0.961264330933115	1
layers24_30_36_concat	catboost	HPCLAS_TRAIN_P_004026	1	HPCLAS_TRAIN_P_004026	0	A_clean_core	1.618365243616327	0.8345695535160468	1
layers24_30_36_concat	catboost	HPCLAS_TRAIN_P_004028	1	HPCLAS_TRAIN_P_004028	0	A_clean_core	7.638646539236203	0.9995187520360079	1
layers24_30_36_concat	catboost	HPCLAS_TRAIN_P_004030	1	HPCLAS_TRAIN_P_004030	0	D_hard_sample	0.5836115119247187	0.6418979911232731	1
layers24_30_36_concat	catboost	HPCLAS_TRAIN_P_004041	1	HPCLAS_TRAIN_P_004041	0	A_clean_core	4.5519134949475255	0.9895630748601619	1
layers24_30_36_concat	catboost	HPCLAS_TRAIN_P_004045	1	HPCLAS_TRAIN_P_004045	0	A_clean_core	3.4026132950447887	0.9677861074724138	1
layers24_30_36_concat	catboost	HPCLAS_TRAIN_P_004046	1	HPCLAS_TRAIN_P_004046	0	A_clean_core	7.1851537829397785	0.9992428212844646	1
layers24_30_36_concat	catboost	HPCLAS_TRAIN_P_004053	1	HPCLAS_TRAIN_P_004053	0	D_hard_sample	1.2113727765833573	0.7705417559120302	1
layers24_30_36_concat	catboost	HPCLAS_TRAIN_P_004060	1	HPCLAS_TRAIN_P_004060	0	A_clean_core	3.7733067436198637	0.977540076431347	1
layers24_30_36_concat	catboost	HPCLAS_TRAIN_P_004065	1	HPCLAS_TRAIN_P_004065	0	A_clean_core	3.256856620574672	0.9629187155476062	1
layers24_30_36_concat	catboost	HPCLAS_TRAIN_P_004071	1	HPCLAS_TRAIN_P_004071	0	A_clean_core	8.382655833745098	0.9997712508590106	1
layers24_30_36_concat	catboost	HPCLAS_TRAIN_P_004072	1	HPCLAS_TRAIN_P_004072	0	A_clean_core	7.964695453081164	0.9996526031981783	1
layers24_30_36_concat	catboost	HPCLAS_TRAIN_P_004077	1	HPCLAS_TRAIN_P_004077	0	A_clean_core	3.9871258940687504	0.9817849817784758	1
layers24_30_36_concat	catboost	HPCLAS_TRAIN_P_004095	1	HPCLAS_TRAIN_P_004095	0	D_hard_sample	-0.5633121921259779	0.3627814292848692	0
layers24_30_36_concat	catboost	HPCLAS_TRAIN_P_004098	1	HPCLAS_TRAIN_P_004098	0	D_hard_sample	3.9048488517862894	0.9802537690653551	1
layers24_30_36_concat	catboost	HPCLAS_TRAIN_P_004106	1	HPCLAS_TRAIN_P_004106	0	A_clean_core	7.139929203945257	0.9992078198247824	1
layers24_30_36_concat	catboost	HPCLAS_TRAIN_P_004111	1	HPCLAS_TRAIN_P_004111	0	A_clean_core	5.145478412025078	0.9942080554352644	1
layers24_30_36_concat	catboost	HPCLAS_TRAIN_P_004118	1	HPCLAS_TRAIN_P_004118	0	A_clean_core	3.6153718601232274	0.9737980947621424	1
layers24_30_36_concat	catboost	HPCLAS_TRAIN_P_004121	1	HPCLAS_TRAIN_P_004121	0	A_clean_core	7.756594646911813	0.9995722717383372	1
layers24_30_36_concat	catboost	HPCLAS_TRAIN_P_004126	1	HPCLAS_TRAIN_P_004126	0	A_clean_core	7.6687058775766905	0.9995329961193269	1
layers24_30_36_concat	catboost	HPCLAS_TRAIN_P_004128	1	HPCLAS_TRAIN_P_004128	0	D_hard_sample	0.5540770818490739	0.635080986832506	1
layers24_30_36_concat	catboost	HPCLAS_TRAIN_P_004133	1	HPCLAS_TRAIN_P_004133	0	A_clean_core	8.179097753589502	0.9997196237674718	1
layers24_30_36_concat	catboost	HPCLAS_TRAIN_P_004135	1	HPCLAS_TRAIN_P_004135	0	A_clean_core	7.464785146761634	0.999427419883513	1
layers24_30_36_concat	catboost	HPCLAS_TRAIN_P_004147	1	HPCLAS_TRAIN_P_004147	0	A_clean_core	4.153914888636877	0.9845399452771185	1
layers24_30_36_concat	catboost	HPCLAS_TRAIN_P_004151	1	HPCLAS_TRAIN_P_004151	0	A_clean_core	1.8228518456937208	0.8609079741549653	1
layers24_30_36_concat	catboost	HPCLAS_TRAIN_P_004160	1	HPCLAS_TRAIN_P_004160	0	A_clean_core	4.53440548115979	0.9893806935867975	1
layers24_30_36_concat	catboost	HPCLAS_TRAIN_P_004166	1	HPCLAS_TRAIN_P_004166	0	B_ambiguous	1.5670004000119562	0.8273555710388378	1
layers24_30_36_concat	catboost	HPCLAS_TRAIN_P_004170	1	HPCLAS_TRAIN_P_004170	0	A_clean_core	6.3258641786144185	0.9982137770971987	1
layers24_30_36_concat	catboost	HPCLAS_TRAIN_P_004188	1	HPCLAS_TRAIN_P_004188	0	A_clean_core	2.1200611303157233	0.8928377785096061	1
layers24_30_36_concat	catboost	HPCLAS_TRAIN_P_004192	1	HPCLAS_TRAIN_P_004192	0	A_clean_core	6.821314887597677	0.9989109010544225	1
layers24_30_36_concat	catboost	HPCLAS_TRAIN_P_004194	1	HPCLAS_TRAIN_P_004194	0	A_clean_core	8.276909030534428	0.9997457425750932	1
layers24_30_36_concat	catboost	HPCLAS_TRAIN_P_004195	1	HPCLAS_TRAIN_P_004195	0	A_clean_core	1.0595512271680427	0.742604774891377	1
layers24_30_36_concat	catboost	HPCLAS_TRAIN_P_004196	1	HPCLAS_TRAIN_P_004196	0	A_clean_core	6.387527340378855	0.9983204146605745	1
layers24_30_36_concat	catboost	HPCLAS_TRAIN_P_004206	1	HPCLAS_TRAIN_P_004206	0	A_clean_core	5.3049051848223865	0.9950573816523329	1
layers24_30_36_concat	catboost	HPCLAS_TRAIN_P_004210	1	HPCLAS_TRAIN_P_004210	0	A_clean_core	3.8875985931206434	0.9799170866882818	1
layers24_30_36_concat	catboost	HPCLAS_TRAIN_P_004220	1	HPCLAS_TRAIN_P_004220	0	A_clean_core	8.528621738581377	0.999802311786236	1
layers24_30_36_concat	catboost	HPCLAS_TRAIN_P_004227	1	HPCLAS_TRAIN_P_004227	0	A_clean_core	8.31417984059119	0.9997550422541823	1
layers24_30_36_concat	catboost	HPCLAS_TRAIN_P_004233	1	HPCLAS_TRAIN_P_004233	0	B_ambiguous	4.1748207474442465	0.984854951818108	1
layers24_30_36_concat	catboost	HPCLAS_TRAIN_P_004235	1	HPCLAS_TRAIN_P_004235	0	A_clean_core	9.323146848425054	0.9999106756273035	1
layers24_30_36_concat	catboost	HPCLAS_TRAIN_P_004246	1	HPCLAS_TRAIN_P_004246	0	A_clean_core	7.92645000532265	0.9996390643989819	1
layers24_30_36_concat	catboost	HPCLAS_TRAIN_P_004254	1	HPCLAS_TRAIN_P_004254	0	D_hard_sample	-1.7088195177160783	0.153316892435975	0
layers24_30_36_concat	catboost	HPCLAS_TRAIN_P_004260	1	HPCLAS_TRAIN_P_004260	0	A_clean_core	1.6164504761407152	0.8343050251824818	1
layers24_30_36_concat	catboost	HPCLAS_TRAIN_P_004261	1	HPCLAS_TRAIN_P_004261	0	A_clean_core	8.661693897180404	0.9998269390949417	1
layers24_30_36_concat	catboost	HPCLAS_TRAIN_P_004265	1	HPCLAS_TRAIN_P_004265	0	A_clean_core	8.403404886779956	0.9997759472324992	1
layers24_30_36_concat	catboost	HPCLAS_TRAIN_P_004271	1	HPCLAS_TRAIN_P_004271	0	A_clean_core	2.594168315452907	0.9304853180108357	1
layers24_30_36_concat	catboost	HPCLAS_TRAIN_P_004272	1	HPCLAS_TRAIN_P_004272	0	A_clean_core	7.838926047868163	0.9996060631978964	1
layers24_30_36_concat	catboost	HPCLAS_TRAIN_P_004274	1	HPCLAS_TRAIN_P_004274	0	D_hard_sample	0.2117621725063652	0.5527435909181394	1
layers24_30_36_concat	catboost	HPCLAS_TRAIN_P_004275	1	HPCLAS_TRAIN_P_004275	0	A_clean_core	4.321278001551711	0.9868912253774922	1
layers24_30_36_concat	catboost	HPCLAS_TRAIN_P_004283	1	HPCLAS_TRAIN_P_004283	0	A_clean_core	8.886930834146554	0.9998618359772181	1
layers24_30_36_concat	catboost	HPCLAS_TRAIN_P_004285	1	HPCLAS_TRAIN_P_004285	0	A_clean_core	1.5704754257325995	0.8278513734015167	1
layers24_30_36_concat	catboost	HPCLAS_TRAIN_P_004290	1	HPCLAS_TRAIN_P_004290	0	D_hard_sample	0.9803500317026932	0.727177664760445	1
layers24_30_36_concat	catboost	HPCLAS_TRAIN_P_004291	1	HPCLAS_TRAIN_P_004291	0	A_clean_core	2.713413039070334	0.9378134925066932	1
layers24_30_36_concat	catboost	HPCLAS_TRAIN_P_004294	1	HPCLAS_TRAIN_P_004294	0	A_clean_core	1.097101766578658	0.7497166701681076	1
layers24_30_36_concat	catboost	HPCLAS_TRAIN_P_004303	1	HPCLAS_TRAIN_P_004303	0	D_hard_sample	3.239991688636778	0.9623118080577587	1
layers24_30_36_concat	catboost	HPCLAS_TRAIN_P_004305	1	HPCLAS_TRAIN_P_004305	0	A_clean_core	6.092144641256942	0.9977445429545978	1
layers24_30_36_concat	catboost	HPCLAS_TRAIN_P_004306	1	HPCLAS_TRAIN_P_004306	0	A_clean_core	2.74982885935688	0.9399036837174536	1
layers24_30_36_concat	catboost	HPCLAS_TRAIN_P_004311	1	HPCLAS_TRAIN_P_004311	0	D_hard_sample	1.016989755252781	0.734385825684759	1
layers24_30_36_concat	catboost	HPCLAS_TRAIN_P_004312	1	HPCLAS_TRAIN_P_004312	0	A_clean_core	8.341327108541583	0.9997616011712608	1
layers24_30_36_concat	catboost	HPCLAS_TRAIN_P_004316	1	HPCLAS_TRAIN_P_004316	0	A_clean_core	7.315482606961685	0.9993352819193482	1
layers24_30_36_concat	catboost	HPCLAS_TRAIN_P_004318	1	HPCLAS_TRAIN_P_004318	0	A_clean_core	4.444517925418225	0.988393526541281	1
layers24_30_36_concat	catboost	HPCLAS_TRAIN_P_004323	1	HPCLAS_TRAIN_P_004323	0	A_clean_core	6.687342434538799	0.9987549607823757	1
layers24_30_36_concat	catboost	HPCLAS_TRAIN_P_004328	1	HPCLAS_TRAIN_P_004328	0	A_clean_core	7.040142932490761	0.9991247653624635	1
layers24_30_36_concat	catboost	HPCLAS_TRAIN_P_004330	1	HPCLAS_TRAIN_P_004330	0	A_clean_core	8.990769599594584	0.9998754613123355	1
layers24_30_36_concat	catboost	HPCLAS_TRAIN_P_004335	1	HPCLAS_TRAIN_P_004335	0	D_hard_sample	-0.2773281199956545	0.4311089443936529	0
layers24_30_36_concat	catboost	HPCLAS_TRAIN_P_004339	1	HPCLAS_TRAIN_P_004339	0	D_hard_sample	-2.879185343014391	0.05319214982915564	0
layers24_30_36_concat	catboost	HPCLAS_TRAIN_P_004342	1	HPCLAS_TRAIN_P_004342	0	A_clean_core	3.882219904979285	0.9798109626266612	1
layers24_30_36_concat	catboost	HPCLAS_TRAIN_P_004346	1	HPCLAS_TRAIN_P_004346	0	A_clean_core	4.719829851333664	0.9911621091986369	1
layers24_30_36_concat	catboost	HPCLAS_TRAIN_P_004357	1	HPCLAS_TRAIN_P_004357	0	A_clean_core	9.791008829814169	0.9999440507081806	1
layers24_30_36_concat	catboost	HPCLAS_TRAIN_P_004358	1	HPCLAS_TRAIN_P_004358	0	A_clean_core	7.722576625779663	0.9995574774995002	1
layers24_30_36_concat	catboost	HPCLAS_TRAIN_P_004365	1	HPCLAS_TRAIN_P_004365	0	A_clean_core	2.3249143018375897	0.9109195185191339	1
layers24_30_36_concat	catboost	HPCLAS_TRAIN_P_004372	1	HPCLAS_TRAIN_P_004372	0	A_clean_core	7.302008965775346	0.9993262712132766	1
layers24_30_36_concat	catboost	HPCLAS_TRAIN_P_004373	1	HPCLAS_TRAIN_P_004373	0	B_ambiguous	1.1501498217057387	0.7595382814315413	1
layers24_30_36_concat	catboost	HPCLAS_TRAIN_P_004380	1	HPCLAS_TRAIN_P_004380	0	A_clean_core	3.605281179555673	0.9735393927151346	1
layers24_30_36_concat	catboost	HPCLAS_TRAIN_P_004388	1	HPCLAS_TRAIN_P_004388	0	A_clean_core	8.802187583483006	0.9998496189235541	1
layers24_30_36_concat	catboost	HPCLAS_TRAIN_P_004399	1	HPCLAS_TRAIN_P_004399	0	A_clean_core	9.127864365547325	0.9998914145304081	1
layers24_30_36_concat	catboost	HPCLAS_TRAIN_P_004412	1	HPCLAS_TRAIN_P_004412	0	A_clean_core	2.1516954556817987	0.8958271045536625	1
layers24_30_36_concat	catboost	HPCLAS_TRAIN_P_004431	1	HPCLAS_TRAIN_P_004431	0	A_clean_core	8.408769679446326	0.9997771457435168	1
layers24_30_36_concat	catboost	HPCLAS_TRAIN_P_004438	1	HPCLAS_TRAIN_P_004438	0	D_hard_sample	-3.9180404896606724	0.019492500552418395	0
layers24_30_36_concat	catboost	HPCLAS_TRAIN_P_004443	1	HPCLAS_TRAIN_P_004443	0	A_clean_core	3.9495107625976758	0.9810999683565903	1
layers24_30_36_concat	catboost	HPCLAS_TRAIN_P_004446	1	HPCLAS_TRAIN_P_004446	0	A_clean_core	8.876947843968908	0.9998604499728927	1
layers24_30_36_concat	catboost	HPCLAS_TRAIN_P_004447	1	HPCLAS_TRAIN_P_004447	0	D_hard_sample	0.7634737306485149	0.6821074427348796	1
layers24_30_36_concat	catboost	HPCLAS_TRAIN_P_004451	1	HPCLAS_TRAIN_P_004451	0	A_clean_core	8.101028213898035	0.9996968647235418	1
layers24_30_36_concat	catboost	HPCLAS_TRAIN_P_004456	1	HPCLAS_TRAIN_P_004456	0	D_hard_sample	0.1932888355570142	0.5481723233902943	1
layers24_30_36_concat	catboost	HPCLAS_TRAIN_P_004462	1	HPCLAS_TRAIN_P_004462	0	A_clean_core	-0.1944983813140922	0.45152811450034486	0
layers24_30_36_concat	catboost	HPCLAS_TRAIN_P_004470	1	HPCLAS_TRAIN_P_004470	0	A_clean_core	4.647118942551521	0.9905018899974876	1
layers24_30_36_concat	catboost	HPCLAS_TRAIN_P_004475	1	HPCLAS_TRAIN_N_000931	0	B_ambiguous	0.8840781568436084	0.7076666020209571	1
layers24_30_36_concat	catboost	HPCLAS_TRAIN_P_004477	1	HPCLAS_TRAIN_P_004477	0	A_clean_core	9.455709127938695	0.9999217645248198	1
layers24_30_36_concat	catboost	HPCLAS_TRAIN_P_004480	1	HPCLAS_TRAIN_P_004480	0	A_clean_core	3.252604616048862	0.962766593158352	1
layers24_30_36_concat	catboost	HPCLAS_TRAIN_P_004505	1	HPCLAS_TRAIN_P_004505	0	A_clean_core	8.224671257156253	0.9997321113587921	1
layers24_30_36_concat	catboost	HPCLAS_TRAIN_P_004508	1	HPCLAS_TRAIN_P_004508	0	A_clean_core	8.120227436558697	0.9997026274574922	1
layers24_30_36_concat	catboost	HPCLAS_TRAIN_P_004519	1	HPCLAS_TRAIN_P_004519	0	D_hard_sample	1.0786806629708865	0.7462442298676337	1
layers24_30_36_concat	catboost	HPCLAS_TRAIN_P_004521	1	HPCLAS_TRAIN_P_004521	0	A_clean_core	7.455960876806849	0.9994223478550787	1
layers24_30_36_concat	catboost	HPCLAS_TRAIN_P_004524	1	HPCLAS_TRAIN_P_004524	0	A_clean_core	7.963000295581717	0.9996520140115696	1
layers24_30_36_concat	catboost	HPCLAS_TRAIN_P_004536	1	HPCLAS_TRAIN_N_003610	0	B_ambiguous	4.606556872936336	0.9901125943040354	1
layers24_30_36_concat	catboost	HPCLAS_TRAIN_P_004538	1	HPCLAS_TRAIN_P_004538	0	A_clean_core	4.610010628254658	0.9901463481724854	1
layers24_30_36_concat	catboost	HPCLAS_TRAIN_P_004542	1	HPCLAS_TRAIN_P_004542	0	A_clean_core	4.940597792417675	0.9929004414487977	1
layers24_30_36_concat	catboost	HPCLAS_TRAIN_P_004543	1	HPCLAS_TRAIN_P_004543	0	A_clean_core	3.868577680850821	0.9795393259503743	1
layers24_30_36_concat	catboost	HPCLAS_TRAIN_P_004545	1	HPCLAS_TRAIN_P_006015	0	A_clean_core	8.636393962818481	0.9998225055954091	1
layers24_30_36_concat	catboost	HPCLAS_TRAIN_P_004546	1	HPCLAS_TRAIN_P_004546	0	A_clean_core	7.488564489075883	0.9994408673298191	1
layers24_30_36_concat	catboost	HPCLAS_TRAIN_P_004553	1	HPCLAS_TRAIN_P_004553	0	A_clean_core	7.020198574259633	0.9991071498740122	1
layers24_30_36_concat	catboost	HPCLAS_TRAIN_P_004555	1	HPCLAS_TRAIN_P_004555	0	A_clean_core	3.1397462803821417	0.9585027901258321	1
layers24_30_36_concat	catboost	HPCLAS_TRAIN_P_004556	1	HPCLAS_TRAIN_P_004556	0	A_clean_core	8.32479425214125	0.9997576279591766	1
layers24_30_36_concat	catboost	HPCLAS_TRAIN_P_004563	1	HPCLAS_TRAIN_P_004563	0	A_clean_core	7.693621827610367	0.9995444829672422	1
layers24_30_36_concat	catboost	HPCLAS_TRAIN_P_004572	1	HPCLAS_TRAIN_P_004572	0	A_clean_core	9.299816169410352	0.9999085673211059	1
layers24_30_36_concat	catboost	HPCLAS_TRAIN_P_004573	1	HPCLAS_TRAIN_P_004573	0	A_clean_core	6.878298914144658	0.9989711650965255	1
layers24_30_36_concat	catboost	HPCLAS_TRAIN_P_004583	1	HPCLAS_TRAIN_P_004583	0	A_clean_core	6.0129037625118995	0.9975590006307687	1
layers24_30_36_concat	catboost	HPCLAS_TRAIN_P_004585	1	HPCLAS_TRAIN_P_004585	0	A_clean_core	7.393958637869831	0.999385421201694	1
layers24_30_36_concat	catboost	HPCLAS_TRAIN_P_004586	1	HPCLAS_TRAIN_P_004586	0	A_clean_core	6.461968925304819	0.9984407173837497	1
layers24_30_36_concat	catboost	HPCLAS_TRAIN_P_004590	1	HPCLAS_TRAIN_P_004590	0	A_clean_core	1.0299009440887157	0.7368966913282057	1
layers24_30_36_concat	catboost	HPCLAS_TRAIN_P_004593	1	HPCLAS_TRAIN_P_004593	0	A_clean_core	8.2197597821928	0.9997307927491331	1
layers24_30_36_concat	catboost	HPCLAS_TRAIN_P_004595	1	HPCLAS_TRAIN_P_004595	0	D_hard_sample	-1.5453607081995775	0.17575733637247729	0
layers24_30_36_concat	catboost	HPCLAS_TRAIN_P_004600	1	HPCLAS_TRAIN_P_004600	0	A_clean_core	5.861288169129625	0.9971605124852252	1
layers24_30_36_concat	catboost	HPCLAS_TRAIN_P_004604	1	HPCLAS_TRAIN_P_004604	0	A_clean_core	4.13386503467956	0.9842317821517224	1
layers24_30_36_concat	catboost	HPCLAS_TRAIN_P_004612	1	HPCLAS_TRAIN_P_004612	0	A_clean_core	0.9410978420534104	0.7193213630447265	1
layers24_30_36_concat	catboost	HPCLAS_TRAIN_P_004615	1	HPCLAS_TRAIN_P_004615	0	A_clean_core	9.545341083159203	0.9999284713589508	1
layers24_30_36_concat	catboost	HPCLAS_TRAIN_P_004618	1	HPCLAS_TRAIN_P_004618	0	A_clean_core	2.2551331500106913	0.9050923913054971	1
layers24_30_36_concat	catboost	HPCLAS_TRAIN_P_004626	1	HPCLAS_TRAIN_P_004626	0	A_clean_core	7.45399144285629	0.9994212097454442	1
layers24_30_36_concat	catboost	HPCLAS_TRAIN_P_004635	1	HPCLAS_TRAIN_P_004635	0	A_clean_core	6.009132569980611	0.9975498003703659	1
layers24_30_36_concat	catboost	HPCLAS_TRAIN_P_004641	1	HPCLAS_TRAIN_P_004641	0	D_hard_sample	-0.5297102738836686	0.3705844645841023	0
layers24_30_36_concat	catboost	HPCLAS_TRAIN_P_004653	1	HPCLAS_TRAIN_P_004653	0	D_hard_sample	7.150673673684035	0.9992162791829785	1
layers24_30_36_concat	catboost	HPCLAS_TRAIN_P_004657	1	HPCLAS_TRAIN_P_004657	0	D_hard_sample	-0.5509436251144871	0.36564550847359384	0
layers24_30_36_concat	catboost	HPCLAS_TRAIN_P_004669	1	HPCLAS_TRAIN_P_004669	0	A_clean_core	4.331496910095035	0.9870227710795507	1
layers24_30_36_concat	catboost	HPCLAS_TRAIN_P_004673	1	HPCLAS_TRAIN_P_004673	0	A_clean_core	5.9236936487514695	0.9973318378496725	1
layers24_30_36_concat	catboost	HPCLAS_TRAIN_P_004686	1	HPCLAS_TRAIN_P_004686	0	A_clean_core	8.048479548869372	0.9996805146331277	1
layers24_30_36_concat	catboost	HPCLAS_TRAIN_P_004692	1	HPCLAS_TRAIN_P_004692	0	A_clean_core	3.376303380112741	0.9669556930650861	1
layers24_30_36_concat	catboost	HPCLAS_TRAIN_P_004695	1	HPCLAS_TRAIN_P_004695	0	A_clean_core	6.422008134296729	0.998377248646118	1
layers24_30_36_concat	catboost	HPCLAS_TRAIN_P_004696	1	HPCLAS_TRAIN_P_004696	0	A_clean_core	10.323843636974024	0.9999671604336066	1
layers24_30_36_concat	catboost	HPCLAS_TRAIN_P_004715	1	HPCLAS_TRAIN_P_004715	0	A_clean_core	3.9925199379259984	0.981881194444787	1
layers24_30_36_concat	catboost	HPCLAS_TRAIN_P_004717	1	HPCLAS_TRAIN_P_004717	0	A_clean_core	4.886835912640515	0.9925112459829895	1
layers24_30_36_concat	catboost	HPCLAS_TRAIN_P_004723	1	HPCLAS_TRAIN_P_004723	0	A_clean_core	2.6891098191293428	0.936380972719914	1
layers24_30_36_concat	catboost	HPCLAS_TRAIN_P_004726	1	HPCLAS_TRAIN_P_004726	0	A_clean_core	4.428045810014462	0.98820303415325	1
layers24_30_36_concat	catboost	HPCLAS_TRAIN_P_004739	1	HPCLAS_TRAIN_P_004739	0	D_hard_sample	1.1466305116673954	0.7588949280946612	1
layers24_30_36_concat	catboost	HPCLAS_TRAIN_P_004745	1	HPCLAS_TRAIN_P_004745	0	A_clean_core	6.5613624876343195	0.9985880385568492	1
layers24_30_36_concat	catboost	HPCLAS_TRAIN_P_004750	1	HPCLAS_TRAIN_P_004750	0	A_clean_core	8.156853083374148	0.9997133188128051	1
layers24_30_36_concat	catboost	HPCLAS_TRAIN_P_004751	1	HPCLAS_TRAIN_P_004751	0	A_clean_core	8.84132414267595	0.9998553898075222	1
layers24_30_36_concat	catboost	HPCLAS_TRAIN_P_004756	1	HPCLAS_TRAIN_P_004756	0	A_clean_core	1.982654158898334	0.8789638127271013	1
layers24_30_36_concat	catboost	HPCLAS_TRAIN_P_004766	1	HPCLAS_TRAIN_P_004766	0	A_clean_core	7.082328865011523	0.9991608896442079	1
layers24_30_36_concat	catboost	HPCLAS_TRAIN_P_004779	1	HPCLAS_TRAIN_P_004779	0	A_clean_core	5.319295018309283	0.9951276517689173	1
layers24_30_36_concat	catboost	HPCLAS_TRAIN_P_004785	1	HPCLAS_TRAIN_P_004785	0	A_clean_core	4.095039295842324	0.9836177559836979	1
layers24_30_36_concat	catboost	HPCLAS_TRAIN_P_004789	1	HPCLAS_TRAIN_P_004789	0	A_clean_core	8.029974890873085	0.9996745495692109	1
layers24_30_36_concat	catboost	HPCLAS_TRAIN_P_004793	1	HPCLAS_TRAIN_P_004793	0	A_clean_core	8.172385805769327	0.9997177361001375	1
layers24_30_36_concat	catboost	HPCLAS_TRAIN_P_004797	1	HPCLAS_TRAIN_P_004797	0	A_clean_core	4.583517570093493	0.9898844819900137	1
layers24_30_36_concat	catboost	HPCLAS_TRAIN_P_004803	1	HPCLAS_TRAIN_P_004803	0	A_clean_core	5.993413720555044	0.9975110783751301	1
layers24_30_36_concat	catboost	HPCLAS_TRAIN_P_004805	1	HPCLAS_TRAIN_P_004805	0	A_clean_core	4.193962914725849	0.9851378360416801	1
layers24_30_36_concat	catboost	HPCLAS_TRAIN_P_004812	1	HPCLAS_TRAIN_P_004812	0	A_clean_core	6.422698809965788	0.9983783672371411	1
layers24_30_36_concat	catboost	HPCLAS_TRAIN_P_004823	1	HPCLAS_TRAIN_P_004823	0	A_clean_core	9.3739627881542	0.9999151009530954	1
layers24_30_36_concat	catboost	HPCLAS_TRAIN_P_004829	1	HPCLAS_TRAIN_P_004829	0	D_hard_sample	-1.0881646187295213	0.25196405018524115	0
layers24_30_36_concat	catboost	HPCLAS_TRAIN_P_004843	1	HPCLAS_TRAIN_P_004843	0	D_hard_sample	1.3877313687550472	0.8002298221052407	1
layers24_30_36_concat	catboost	HPCLAS_TRAIN_P_004869	1	HPCLAS_TRAIN_P_004869	0	A_clean_core	6.650380783256084	0.9987081415995785	1
layers24_30_36_concat	catboost	HPCLAS_TRAIN_P_004876	1	HPCLAS_TRAIN_P_004876	0	A_clean_core	8.04242275094271	0.9996785743267073	1
layers24_30_36_concat	catboost	HPCLAS_TRAIN_P_004877	1	HPCLAS_TRAIN_P_004877	0	B_ambiguous	0.24314652406265447	0.5604889143548355	1
layers24_30_36_concat	catboost	HPCLAS_TRAIN_P_004896	1	HPCLAS_TRAIN_P_004896	0	A_clean_core	7.078973603658534	0.9991580718554887	1
layers24_30_36_concat	catboost	HPCLAS_TRAIN_P_004900	1	HPCLAS_TRAIN_P_004900	0	A_clean_core	8.912638054547108	0.9998653420531067	1
layers24_30_36_concat	catboost	HPCLAS_TRAIN_P_004903	1	HPCLAS_TRAIN_P_004903	0	A_clean_core	9.657997655447074	0.9999360917160545	1
layers24_30_36_concat	catboost	HPCLAS_TRAIN_P_004908	1	HPCLAS_TRAIN_P_004908	0	A_clean_core	7.150132185848888	0.999215855025634	1
layers24_30_36_concat	catboost	HPCLAS_TRAIN_P_004918	1	HPCLAS_TRAIN_P_004918	0	A_clean_core	6.084570648756401	0.9977274342528683	1
layers24_30_36_concat	catboost	HPCLAS_TRAIN_P_004921	1	HPCLAS_TRAIN_P_004921	0	D_hard_sample	-0.34886601131553907	0.4136574373681878	0
layers24_30_36_concat	catboost	HPCLAS_TRAIN_P_004925	1	HPCLAS_TRAIN_P_004925	0	A_clean_core	6.626004602385135	0.9986763062739565	1
layers24_30_36_concat	catboost	HPCLAS_TRAIN_P_004930	1	HPCLAS_TRAIN_P_004930	0	A_clean_core	3.2774802559845018	0.9636481189769027	1
layers24_30_36_concat	catboost	HPCLAS_TRAIN_P_004932	1	HPCLAS_TRAIN_P_004932	0	A_clean_core	7.580437976527208	0.9994899226535336	1
layers24_30_36_concat	catboost	HPCLAS_TRAIN_P_004945	1	HPCLAS_TRAIN_P_004945	0	A_clean_core	8.151786509181441	0.9997118630550788	1
layers24_30_36_concat	catboost	HPCLAS_TRAIN_P_004947	1	HPCLAS_TRAIN_P_004947	0	A_clean_core	8.269725139730424	0.9997439099103297	1
layers24_30_36_concat	catboost	HPCLAS_TRAIN_P_004949	1	HPCLAS_TRAIN_P_004949	0	D_hard_sample	2.8102668870016103	0.943228112371348	1
layers24_30_36_concat	catboost	HPCLAS_TRAIN_P_004971	1	HPCLAS_TRAIN_P_004971	0	A_clean_core	6.695466629064509	0.9987650223052207	1
layers24_30_36_concat	catboost	HPCLAS_TRAIN_P_004976	1	HPCLAS_TRAIN_P_004976	0	A_clean_core	8.023745523619983	0.9996725165572636	1
layers24_30_36_concat	catboost	HPCLAS_TRAIN_P_004981	1	HPCLAS_TRAIN_P_004981	0	A_clean_core	2.8433306298437264	0.9449729089004199	1
layers24_30_36_concat	catboost	HPCLAS_TRAIN_P_004984	1	HPCLAS_TRAIN_P_004984	0	A_clean_core	7.467511263649731	0.9994289777880384	1
layers24_30_36_concat	catboost	HPCLAS_TRAIN_P_004986	1	HPCLAS_TRAIN_P_004986	0	B_ambiguous	0.9209481682413058	0.7152352621173567	1
layers24_30_36_concat	catboost	HPCLAS_TRAIN_P_004991	1	HPCLAS_TRAIN_P_004991	0	A_clean_core	-0.11873453381758342	0.47035119050075225	0
layers24_30_36_concat	catboost	HPCLAS_TRAIN_P_004992	1	HPCLAS_TRAIN_P_004992	0	D_hard_sample	0.1514596783287948	0.53779270003717	1
layers24_30_36_concat	catboost	HPCLAS_TRAIN_P_005009	1	HPCLAS_TRAIN_P_005009	0	A_clean_core	7.275239199973568	0.999308004728031	1
layers24_30_36_concat	catboost	HPCLAS_TRAIN_P_005011	1	HPCLAS_TRAIN_P_005011	0	A_clean_core	7.450014687988469	0.9994189047959209	1
layers24_30_36_concat	catboost	HPCLAS_TRAIN_P_005026	1	HPCLAS_TRAIN_P_005026	0	A_clean_core	2.319959667777806	0.910516654609634	1
layers24_30_36_concat	catboost	HPCLAS_TRAIN_P_005034	1	HPCLAS_TRAIN_P_005034	0	A_clean_core	4.753164968193048	0.9914493873791124	1
layers24_30_36_concat	catboost	HPCLAS_TRAIN_P_005037	1	HPCLAS_TRAIN_P_005037	0	A_clean_core	6.98825042272769	0.9990781911313616	1
layers24_30_36_concat	catboost	HPCLAS_TRAIN_P_005038	1	HPCLAS_TRAIN_P_005038	0	A_clean_core	8.531015091996764	0.9998027842650575	1
layers24_30_36_concat	catboost	HPCLAS_TRAIN_P_005045	1	HPCLAS_TRAIN_P_005045	0	A_clean_core	8.350467065323858	0.9997637696863537	1
layers24_30_36_concat	catboost	HPCLAS_TRAIN_P_005046	1	HPCLAS_TRAIN_P_005046	0	A_clean_core	7.112599905999677	0.9991858894156279	1
layers24_30_36_concat	catboost	HPCLAS_TRAIN_P_005047	1	HPCLAS_TRAIN_P_005047	0	A_clean_core	6.715883168797317	0.9987899504273388	1
layers24_30_36_concat	catboost	HPCLAS_TRAIN_P_005049	1	HPCLAS_TRAIN_N_000579	0	B_ambiguous	0.6177133801739575	0.6496983141238041	1
layers24_30_36_concat	catboost	HPCLAS_TRAIN_P_005058	1	HPCLAS_TRAIN_P_005058	0	A_clean_core	7.388418567677595	0.9993820090531101	1
layers24_30_36_concat	catboost	HPCLAS_TRAIN_P_005067	1	HPCLAS_TRAIN_P_005067	0	A_clean_core	8.04277088821425	0.9996786861715393	1
layers24_30_36_concat	catboost	HPCLAS_TRAIN_P_005068	1	HPCLAS_TRAIN_P_005068	0	A_clean_core	8.010593989190196	0.9996681826402363	1
layers24_30_36_concat	catboost	HPCLAS_TRAIN_P_005073	1	HPCLAS_TRAIN_P_005073	0	D_hard_sample	0.8426960720720768	0.6990327359318609	1
layers24_30_36_concat	catboost	HPCLAS_TRAIN_P_005079	1	HPCLAS_TRAIN_P_005079	0	A_clean_core	8.651153881841818	0.9998251057043569	1
layers24_30_36_concat	catboost	HPCLAS_TRAIN_P_005085	1	HPCLAS_TRAIN_P_005085	0	B_ambiguous	6.180090615388155	0.9979340367896775	1
layers24_30_36_concat	catboost	HPCLAS_TRAIN_P_005090	1	HPCLAS_TRAIN_P_005090	0	B_ambiguous	-0.519289874890972	0.37301829967505573	0
layers24_30_36_concat	catboost	HPCLAS_TRAIN_P_005091	1	HPCLAS_TRAIN_P_005091	0	A_clean_core	8.074055102085296	0.9996885795317808	1
layers24_30_36_concat	catboost	HPCLAS_TRAIN_P_005094	1	HPCLAS_TRAIN_P_005094	0	A_clean_core	2.20398912440835	0.9006071640453143	1
layers24_30_36_concat	catboost	HPCLAS_TRAIN_P_005097	1	HPCLAS_TRAIN_P_005097	0	A_clean_core	3.119778939796988	0.9577012740160102	1
layers24_30_36_concat	catboost	HPCLAS_TRAIN_P_005099	1	HPCLAS_TRAIN_P_005099	0	A_clean_core	8.41067656589436	0.9997775702019297	1
layers24_30_36_concat	catboost	HPCLAS_TRAIN_P_005102	1	HPCLAS_TRAIN_P_005102	0	A_clean_core	5.267186364472529	0.9948683662988034	1
layers24_30_36_concat	catboost	HPCLAS_TRAIN_P_005126	1	HPCLAS_TRAIN_P_005126	0	A_clean_core	5.993468461796406	0.9975112142789809	1
layers24_30_36_concat	catboost	HPCLAS_TRAIN_P_005134	1	HPCLAS_TRAIN_P_005134	0	A_clean_core	8.1527385815861	0.9997121371728336	1
layers24_30_36_concat	catboost	HPCLAS_TRAIN_P_005139	1	HPCLAS_TRAIN_P_005139	0	A_clean_core	7.290915130367786	0.9993187604843878	1
layers24_30_36_concat	catboost	HPCLAS_TRAIN_P_005141	1	HPCLAS_TRAIN_P_005141	0	A_clean_core	9.50890725404897	0.9999258174372935	1
layers24_30_36_concat	catboost	HPCLAS_TRAIN_P_005144	1	HPCLAS_TRAIN_P_005144	0	A_clean_core	8.69074066522078	0.9998318928167631	1
layers24_30_36_concat	catboost	HPCLAS_TRAIN_P_005149	1	HPCLAS_TRAIN_P_005149	0	D_hard_sample	1.1018966574117441	0.7506153133573226	1
layers24_30_36_concat	catboost	HPCLAS_TRAIN_P_005155	1	HPCLAS_TRAIN_P_005155	0	A_clean_core	7.845954304379554	0.9996088211007611	1
layers24_30_36_concat	catboost	HPCLAS_TRAIN_P_005168	1	HPCLAS_TRAIN_P_005168	0	A_clean_core	8.141888188135368	0.9997089976551233	1
layers24_30_36_concat	catboost	HPCLAS_TRAIN_P_005171	1	HPCLAS_TRAIN_P_005171	0	A_clean_core	8.68019891820965	0.9998301116023728	1
layers24_30_36_concat	catboost	HPCLAS_TRAIN_P_005188	1	HPCLAS_TRAIN_P_005188	0	A_clean_core	5.627255759738098	0.9964144655538568	1
layers24_30_36_concat	catboost	HPCLAS_TRAIN_P_005192	1	HPCLAS_TRAIN_P_005192	0	A_clean_core	4.8436934872413815	0.9921836729533431	1
layers24_30_36_concat	catboost	HPCLAS_TRAIN_P_005196	1	HPCLAS_TRAIN_P_005196	0	A_clean_core	5.7354391181308015	0.9967809319235059	1
layers24_30_36_concat	catboost	HPCLAS_TRAIN_P_005198	1	HPCLAS_TRAIN_P_004585	0	A_clean_core	7.218356923466022	0.9992675310893432	1
layers24_30_36_concat	catboost	HPCLAS_TRAIN_P_005200	1	HPCLAS_TRAIN_P_005200	0	A_clean_core	7.836663507469183	0.9996051712432156	1
layers24_30_36_concat	catboost	HPCLAS_TRAIN_P_005213	1	HPCLAS_TRAIN_P_005213	0	A_clean_core	9.288092361935705	0.9999074891734991	1
layers24_30_36_concat	catboost	HPCLAS_TRAIN_P_005215	1	HPCLAS_TRAIN_P_005215	0	A_clean_core	8.327567399195145	0.9997582989991559	1
layers24_30_36_concat	catboost	HPCLAS_TRAIN_P_005218	1	HPCLAS_TRAIN_P_005218	0	A_clean_core	8.589805646173652	0.9998140423542331	1
layers24_30_36_concat	catboost	HPCLAS_TRAIN_P_005224	1	HPCLAS_TRAIN_P_005224	0	D_hard_sample	0.060633479413748435	0.5151537275171221	1
layers24_30_36_concat	catboost	HPCLAS_TRAIN_P_005237	1	HPCLAS_TRAIN_P_005237	0	A_clean_core	4.557215606456896	0.9896176931435927	1
layers24_30_36_concat	catboost	HPCLAS_TRAIN_P_005238	1	HPCLAS_TRAIN_P_005238	0	A_clean_core	8.728626011741092	0.9998381414712156	1
layers24_30_36_concat	catboost	HPCLAS_TRAIN_P_005247	1	HPCLAS_TRAIN_P_005247	0	A_clean_core	8.894874637964799	0.9998629290274317	1
layers24_30_36_concat	catboost	HPCLAS_TRAIN_P_005256	1	HPCLAS_TRAIN_P_005256	0	A_clean_core	1.0718908285151334	0.7449563327931842	1
layers24_30_36_concat	catboost	HPCLAS_TRAIN_P_005257	1	HPCLAS_TRAIN_P_005257	0	A_clean_core	8.539926927939517	0.9998045336690111	1
layers24_30_36_concat	catboost	HPCLAS_TRAIN_P_005259	1	HPCLAS_TRAIN_P_005259	0	A_clean_core	5.378999328517256	0.9954087417272856	1
layers24_30_36_concat	catboost	HPCLAS_TRAIN_P_005261	1	HPCLAS_TRAIN_P_005261	0	A_clean_core	7.348446801994709	0.9993568227342022	1
layers24_30_36_concat	catboost	HPCLAS_TRAIN_P_005265	1	HPCLAS_TRAIN_P_005265	0	A_clean_core	4.462013096951348	0.988592521612072	1
layers24_30_36_concat	catboost	HPCLAS_TRAIN_P_005280	1	HPCLAS_TRAIN_P_005280	0	A_clean_core	3.8462760202284887	0.9790875424058637	1
layers24_30_36_concat	catboost	HPCLAS_TRAIN_P_005283	1	HPCLAS_TRAIN_P_005283	0	A_clean_core	3.779049144159374	0.9776658084340216	1
layers24_30_36_concat	catboost	HPCLAS_TRAIN_P_005291	1	HPCLAS_TRAIN_P_005291	0	D_hard_sample	3.447032446505388	0.9691425185185357	1
layers24_30_36_concat	catboost	HPCLAS_TRAIN_P_005293	1	HPCLAS_TRAIN_P_005293	0	A_clean_core	1.216846636884429	0.7715081400580487	1
layers24_30_36_concat	catboost	HPCLAS_TRAIN_P_005294	1	HPCLAS_TRAIN_P_005294	0	A_clean_core	7.909567240490817	0.9996329213348959	1
layers24_30_36_concat	catboost	HPCLAS_TRAIN_P_005312	1	HPCLAS_TRAIN_P_005312	0	A_clean_core	8.400379303778346	0.9997752684682867	1
layers24_30_36_concat	catboost	HPCLAS_TRAIN_P_005315	1	HPCLAS_TRAIN_P_005315	0	A_clean_core	1.0236029273896694	0.7356738116483277	1
layers24_30_36_concat	catboost	HPCLAS_TRAIN_P_005318	1	HPCLAS_TRAIN_P_005318	0	A_clean_core	5.933086429200274	0.9973567160457721	1
layers24_30_36_concat	catboost	HPCLAS_TRAIN_P_005323	1	HPCLAS_TRAIN_P_005323	0	A_clean_core	8.383829380267697	0.999771519088014	1
layers24_30_36_concat	catboost	HPCLAS_TRAIN_P_005333	1	HPCLAS_TRAIN_P_005333	0	A_clean_core	10.210378218315102	0.9999632148013462	1
layers24_30_36_concat	catboost	HPCLAS_TRAIN_P_005344	1	HPCLAS_TRAIN_P_005344	0	A_clean_core	4.707725572259558	0.9910554455160778	1
layers24_30_36_concat	catboost	HPCLAS_TRAIN_P_005347	1	HPCLAS_TRAIN_P_005347	0	A_clean_core	7.73174950430339	0.9995615163723814	1
layers24_30_36_concat	catboost	HPCLAS_TRAIN_P_005349	1	HPCLAS_TRAIN_P_005349	0	D_hard_sample	1.9728786394339572	0.877919971454555	1
layers24_30_36_concat	catboost	HPCLAS_TRAIN_P_005350	1	HPCLAS_TRAIN_P_005350	0	A_clean_core	8.428951427969631	0.9997815972788175	1
layers24_30_36_concat	catboost	HPCLAS_TRAIN_P_005360	1	HPCLAS_TRAIN_P_005360	0	D_hard_sample	-1.6841148799258026	0.15655135947170035	0
layers24_30_36_concat	catboost	HPCLAS_TRAIN_P_005370	1	HPCLAS_TRAIN_P_005370	0	D_hard_sample	3.285003005666269	0.9639107268802654	1
layers24_30_36_concat	catboost	HPCLAS_TRAIN_P_005373	1	HPCLAS_TRAIN_P_005373	0	D_hard_sample	1.8445315198753547	0.8634837613618225	1
layers24_30_36_concat	catboost	HPCLAS_TRAIN_P_005381	1	HPCLAS_TRAIN_P_005381	0	A_clean_core	3.5413879140535807	0.9718427164180221	1
layers24_30_36_concat	catboost	HPCLAS_TRAIN_P_005383	1	HPCLAS_TRAIN_P_005383	0	A_clean_core	8.582508794675144	0.9998126807413794	1
layers24_30_36_concat	catboost	HPCLAS_TRAIN_P_005387	1	HPCLAS_TRAIN_P_005387	0	D_hard_sample	-0.33523988554401435	0.4169662271681053	0
layers24_30_36_concat	catboost	HPCLAS_TRAIN_P_005402	1	HPCLAS_TRAIN_P_005402	0	D_hard_sample	1.3660337351174543	0.7967385879293454	1
layers24_30_36_concat	catboost	HPCLAS_TRAIN_P_005405	1	HPCLAS_TRAIN_P_005405	0	A_clean_core	7.711125044413898	0.9995523830714597	1
layers24_30_36_concat	catboost	HPCLAS_TRAIN_P_005406	1	HPCLAS_TRAIN_P_005406	0	A_clean_core	8.061291489458252	0.9996845804683478	1
layers24_30_36_concat	catboost	HPCLAS_TRAIN_P_005416	1	HPCLAS_TRAIN_P_005416	0	A_clean_core	8.526482598617521	0.9998018885347199	1
layers24_30_36_concat	catboost	HPCLAS_TRAIN_P_005419	1	HPCLAS_TRAIN_P_005419	0	A_clean_core	6.23235571715796	0.9980390350536312	1
layers24_30_36_concat	catboost	HPCLAS_TRAIN_P_005424	1	HPCLAS_TRAIN_P_005424	0	A_clean_core	5.279163716660164	0.9949291532514778	1
layers24_30_36_concat	catboost	HPCLAS_TRAIN_P_005432	1	HPCLAS_TRAIN_P_005432	0	A_clean_core	6.716360546255533	0.9987905272413855	1
layers24_30_36_concat	catboost	HPCLAS_TRAIN_P_005433	1	HPCLAS_TRAIN_P_005433	0	A_clean_core	4.227719946392012	0.98562407301071	1
layers24_30_36_concat	catboost	HPCLAS_TRAIN_P_005443	1	HPCLAS_TRAIN_P_005443	0	A_clean_core	8.718737323359036	0.9998365332256881	1
layers24_30_36_concat	catboost	HPCLAS_TRAIN_P_005450	1	HPCLAS_TRAIN_P_005450	0	A_clean_core	8.507163131693972	0.9997980246963908	1
layers24_30_36_concat	catboost	HPCLAS_TRAIN_P_005453	1	HPCLAS_TRAIN_P_005453	0	A_clean_core	8.757501688000437	0.9998427476868819	1
layers24_30_36_concat	catboost	HPCLAS_TRAIN_P_005471	1	HPCLAS_TRAIN_P_005471	0	A_clean_core	8.97905095894092	0.9998739934884516	1
layers24_30_36_concat	catboost	HPCLAS_TRAIN_P_005474	1	HPCLAS_TRAIN_P_005474	0	A_clean_core	0.1653473125924942	0.5412429067619262	1
layers24_30_36_concat	catboost	HPCLAS_TRAIN_P_005485	1	HPCLAS_TRAIN_P_005485	0	D_hard_sample	3.7536348476202095	0.9771040889443097	1
layers24_30_36_concat	catboost	HPCLAS_TRAIN_P_005489	1	HPCLAS_TRAIN_P_005489	0	D_hard_sample	1.6567044740179588	0.8397951217200859	1
layers24_30_36_concat	catboost	HPCLAS_TRAIN_P_005496	1	HPCLAS_TRAIN_P_005496	0	A_clean_core	2.7487716990180093	0.9398439425039935	1
layers24_30_36_concat	catboost	HPCLAS_TRAIN_P_005497	1	HPCLAS_TRAIN_P_005497	0	D_hard_sample	-0.024092406850198936	0.49397718961001225	0
layers24_30_36_concat	catboost	HPCLAS_TRAIN_P_005509	1	HPCLAS_TRAIN_P_005509	0	A_clean_core	5.501027807278055	0.9959340264516666	1
layers24_30_36_concat	catboost	HPCLAS_TRAIN_P_005511	1	HPCLAS_TRAIN_P_005511	0	A_clean_core	9.697452653027659	0.9999385639702364	1
layers24_30_36_concat	catboost	HPCLAS_TRAIN_P_005524	1	HPCLAS_TRAIN_P_005524	0	A_clean_core	4.803541136851398	0.9918660478164919	1
layers24_30_36_concat	catboost	HPCLAS_TRAIN_P_005532	1	HPCLAS_TRAIN_P_005532	0	A_clean_core	7.698205103237437	0.9995465650057698	1
layers24_30_36_concat	catboost	HPCLAS_TRAIN_P_005537	1	HPCLAS_TRAIN_P_005537	0	A_clean_core	6.510497534237155	0.9985144707426786	1
layers24_30_36_concat	catboost	HPCLAS_TRAIN_P_005539	1	HPCLAS_TRAIN_P_005539	0	A_clean_core	3.962925174264695	0.9813471107016304	1
layers24_30_36_concat	catboost	HPCLAS_TRAIN_P_005540	1	HPCLAS_TRAIN_P_005540	0	D_hard_sample	1.5998633144292078	0.8319992805732722	1
layers24_30_36_concat	catboost	HPCLAS_TRAIN_P_005545	1	HPCLAS_TRAIN_P_005545	0	A_clean_core	4.465410934805348	0.9886307766651594	1
layers24_30_36_concat	catboost	HPCLAS_TRAIN_P_005557	1	HPCLAS_TRAIN_P_005557	0	A_clean_core	8.832604779512417	0.999854123570305	1
layers24_30_36_concat	catboost	HPCLAS_TRAIN_P_005559	1	HPCLAS_TRAIN_P_005559	0	A_clean_core	-0.8898310105281181	0.29114470215964033	0
layers24_30_36_concat	catboost	HPCLAS_TRAIN_P_005569	1	HPCLAS_TRAIN_P_005569	0	A_clean_core	8.777896210781899	0.9998459218013293	1
layers24_30_36_concat	catboost	HPCLAS_TRAIN_P_005573	1	HPCLAS_TRAIN_P_005573	0	A_clean_core	3.2020895120561743	0.9609128335661825	1
layers24_30_36_concat	catboost	HPCLAS_TRAIN_P_005574	1	HPCLAS_TRAIN_P_005574	0	B_ambiguous	-1.8217675344489823	0.13922191798465297	0
layers24_30_36_concat	catboost	HPCLAS_TRAIN_P_005580	1	HPCLAS_TRAIN_P_005580	0	A_clean_core	7.734006136319632	0.999562504320537	1
layers24_30_36_concat	catboost	HPCLAS_TRAIN_P_005581	1	HPCLAS_TRAIN_P_005581	0	A_clean_core	5.802172672368949	0.9969881148553793	1
layers24_30_36_concat	catboost	HPCLAS_TRAIN_P_005586	1	HPCLAS_TRAIN_P_005586	0	A_clean_core	8.608968699537977	0.9998175712997575	1
layers24_30_36_concat	catboost	HPCLAS_TRAIN_P_005599	1	HPCLAS_TRAIN_P_005599	0	A_clean_core	9.641316906603842	0.9999350168070763	1
layers24_30_36_concat	catboost	HPCLAS_TRAIN_P_005604	1	HPCLAS_TRAIN_P_005604	0	A_clean_core	8.65017351804815	0.9998249341902791	1
layers24_30_36_concat	catboost	HPCLAS_TRAIN_P_005611	1	HPCLAS_TRAIN_P_005611	0	D_hard_sample	3.381269982831931	0.9671140203306005	1
layers24_30_36_concat	catboost	HPCLAS_TRAIN_P_005618	1	HPCLAS_TRAIN_P_005618	0	A_clean_core	1.7891044449503526	0.8568174437559746	1
layers24_30_36_concat	catboost	HPCLAS_TRAIN_P_005625	1	HPCLAS_TRAIN_P_005625	0	D_hard_sample	-2.517215304726542	0.07466010081920796	0
layers24_30_36_concat	catboost	HPCLAS_TRAIN_P_005630	1	HPCLAS_TRAIN_P_005630	0	A_clean_core	6.310490703727745	0.9981861546709669	1
layers24_30_36_concat	catboost	HPCLAS_TRAIN_P_005633	1	HPCLAS_TRAIN_P_005633	0	A_clean_core	5.973374477840934	0.9974608270974824	1
layers24_30_36_concat	catboost	HPCLAS_TRAIN_P_005634	1	HPCLAS_TRAIN_P_005634	0	A_clean_core	8.688212477381654	0.9998314673442437	1
layers24_30_36_concat	catboost	HPCLAS_TRAIN_P_005638	1	HPCLAS_TRAIN_P_005638	0	D_hard_sample	-1.2475385779289268	0.2231265135762896	0
layers24_30_36_concat	catboost	HPCLAS_TRAIN_P_005641	1	HPCLAS_TRAIN_P_005641	0	A_clean_core	5.973263963433496	0.9974605471794356	1
layers24_30_36_concat	catboost	HPCLAS_TRAIN_P_005657	1	HPCLAS_TRAIN_P_005657	0	D_hard_sample	-1.9986240415956942	0.1193474645401806	0
layers24_30_36_concat	catboost	HPCLAS_TRAIN_P_005660	1	HPCLAS_TRAIN_P_005660	0	D_hard_sample	3.844683070001017	0.9790549016448047	1
layers24_30_36_concat	catboost	HPCLAS_TRAIN_P_005678	1	HPCLAS_TRAIN_P_005678	0	A_clean_core	7.036741568404373	0.9991217859210261	1
layers24_30_36_concat	catboost	HPCLAS_TRAIN_P_005685	1	HPCLAS_TRAIN_P_005685	0	D_hard_sample	2.355791619063699	0.9133934766713308	1
layers24_30_36_concat	catboost	HPCLAS_TRAIN_P_005691	1	HPCLAS_TRAIN_P_005691	0	A_clean_core	5.000932602001746	0.9933133462151738	1
layers24_30_36_concat	catboost	HPCLAS_TRAIN_P_005696	1	HPCLAS_TRAIN_P_005696	0	A_clean_core	7.180690171354169	0.9992394365548537	1
layers24_30_36_concat	catboost	HPCLAS_TRAIN_P_005713	1	HPCLAS_TRAIN_P_005713	0	A_clean_core	5.827401284232665	0.9970629296564385	1
layers24_30_36_concat	catboost	HPCLAS_TRAIN_P_005714	1	HPCLAS_TRAIN_P_005714	0	A_clean_core	7.806230616166331	0.9995929757220431	1
layers24_30_36_concat	catboost	HPCLAS_TRAIN_P_005715	1	HPCLAS_TRAIN_P_005715	0	A_clean_core	8.896085454273317	0.9998630948720548	1
layers24_30_36_concat	catboost	HPCLAS_TRAIN_P_005716	1	HPCLAS_TRAIN_P_005716	0	A_clean_core	1.15458690220119	0.7603477357934834	1
layers24_30_36_concat	catboost	HPCLAS_TRAIN_P_005718	1	HPCLAS_TRAIN_P_005718	0	A_clean_core	7.0337472591757635	0.9991191546553694	1
layers24_30_36_concat	catboost	HPCLAS_TRAIN_P_005720	1	HPCLAS_TRAIN_P_005720	0	A_clean_core	8.687011494383933	0.9998312648519717	1
layers24_30_36_concat	catboost	HPCLAS_TRAIN_P_005723	1	HPCLAS_TRAIN_P_005723	0	A_clean_core	1.9574593608128024	0.8762577338678045	1
layers24_30_36_concat	catboost	HPCLAS_TRAIN_P_005730	1	HPCLAS_TRAIN_P_005730	0	A_clean_core	5.32337043127143	0.99514737203084	1
layers24_30_36_concat	catboost	HPCLAS_TRAIN_P_005732	1	HPCLAS_TRAIN_P_005732	0	A_clean_core	6.067072750635386	0.9976874119574295	1
layers24_30_36_concat	catboost	HPCLAS_TRAIN_P_005736	1	HPCLAS_TRAIN_P_005736	0	A_clean_core	9.5508870576237	0.9999288669288253	1
layers24_30_36_concat	catboost	HPCLAS_TRAIN_P_005737	1	HPCLAS_TRAIN_N_000995	0	B_ambiguous	4.68290241202576	0.9908326956023253	1
layers24_30_36_concat	catboost	HPCLAS_TRAIN_P_005738	1	HPCLAS_TRAIN_P_005738	0	A_clean_core	8.37280310082653	0.9997689864384313	1
layers24_30_36_concat	catboost	HPCLAS_TRAIN_P_005743	1	HPCLAS_TRAIN_P_005743	0	A_clean_core	9.195148535553843	0.9998984795255577	1
layers24_30_36_concat	catboost	HPCLAS_TRAIN_P_005744	1	HPCLAS_TRAIN_P_005744	0	A_clean_core	6.517542355238535	0.9985248838704968	1
layers24_30_36_concat	catboost	HPCLAS_TRAIN_P_005750	1	HPCLAS_TRAIN_P_005750	0	A_clean_core	6.311492960724933	0.99818796840691	1
layers24_30_36_concat	catboost	HPCLAS_TRAIN_P_005756	1	HPCLAS_TRAIN_P_005756	0	A_clean_core	3.5192172763003744	0.9712296407833654	1
layers24_30_36_concat	catboost	HPCLAS_TRAIN_P_005761	1	HPCLAS_TRAIN_N_001204	0	B_ambiguous	1.1725616670879775	0.7636077369258955	1
layers24_30_36_concat	catboost	HPCLAS_TRAIN_P_005763	1	HPCLAS_TRAIN_P_005763	0	D_hard_sample	1.5128973608205143	0.8194901986904582	1
layers24_30_36_concat	catboost	HPCLAS_TRAIN_P_005780	1	HPCLAS_TRAIN_P_005780	0	A_clean_core	-1.3778453639517234	0.20135526667800863	0
layers24_30_36_concat	catboost	HPCLAS_TRAIN_P_005785	1	HPCLAS_TRAIN_P_003763	0	A_clean_core	7.763636804311393	0.9995752720121449	1
layers24_30_36_concat	catboost	HPCLAS_TRAIN_P_005788	1	HPCLAS_TRAIN_P_005788	0	A_clean_core	6.241666681306566	0.9980571734807323	1
layers24_30_36_concat	catboost	HPCLAS_TRAIN_P_005789	1	HPCLAS_TRAIN_P_005789	0	A_clean_core	7.238736757861836	0.9992822969964259	1
layers24_30_36_concat	catboost	HPCLAS_TRAIN_P_005799	1	HPCLAS_TRAIN_P_005799	0	A_clean_core	1.4669491457799713	0.812593228268359	1
layers24_30_36_concat	catboost	HPCLAS_TRAIN_P_005804	1	HPCLAS_TRAIN_P_005804	0	A_clean_core	2.266803636059179	0.906090159461783	1
layers24_30_36_concat	catboost	HPCLAS_TRAIN_P_005816	1	HPCLAS_TRAIN_P_005816	0	A_clean_core	8.245057548240847	0.9997375159046186	1
layers24_30_36_concat	catboost	HPCLAS_TRAIN_P_005817	1	HPCLAS_TRAIN_P_005817	0	A_clean_core	3.51672597023113	0.9711599453657118	1
layers24_30_36_concat	catboost	HPCLAS_TRAIN_P_005819	1	HPCLAS_TRAIN_P_005819	0	D_hard_sample	0.953185661649914	0.7217553888098706	1
layers24_30_36_concat	catboost	HPCLAS_TRAIN_P_005824	1	HPCLAS_TRAIN_P_000825	0	A_clean_core	7.871209886324711	0.9996185731184271	1
layers24_30_36_concat	catboost	HPCLAS_TRAIN_P_005827	1	HPCLAS_TRAIN_P_005827	0	A_clean_core	9.640255905775208	0.9999349478277527	1
layers24_30_36_concat	catboost	HPCLAS_TRAIN_P_005833	1	HPCLAS_TRAIN_P_005833	0	A_clean_core	9.135192695578562	0.9998922072864529	1
layers24_30_36_concat	catboost	HPCLAS_TRAIN_P_005836	1	HPCLAS_TRAIN_P_005836	0	A_clean_core	7.859577003446219	0.9996141118379421	1
layers24_30_36_concat	catboost	HPCLAS_TRAIN_P_005837	1	HPCLAS_TRAIN_P_005837	0	A_clean_core	8.49948095494558	0.9997964674282669	1
layers24_30_36_concat	catboost	HPCLAS_TRAIN_P_005849	1	HPCLAS_TRAIN_P_005849	0	A_clean_core	8.833564515208876	0.9998542634855668	1
layers24_30_36_concat	catboost	HPCLAS_TRAIN_P_005855	1	HPCLAS_TRAIN_P_005855	0	A_clean_core	6.850312597350503	0.9989419959964033	1
layers24_30_36_concat	catboost	HPCLAS_TRAIN_P_005857	1	HPCLAS_TRAIN_P_005857	0	A_clean_core	6.930789502701029	0.9990237250054854	1
layers24_30_36_concat	catboost	HPCLAS_TRAIN_P_005896	1	HPCLAS_TRAIN_P_005896	0	A_clean_core	8.069337798632858	0.999687107457209	1
layers24_30_36_concat	catboost	HPCLAS_TRAIN_P_005903	1	HPCLAS_TRAIN_P_005903	0	A_clean_core	2.325011306867986	0.9109273896930472	1
layers24_30_36_concat	catboost	HPCLAS_TRAIN_P_005909	1	HPCLAS_TRAIN_P_005909	0	D_hard_sample	-0.990826418208604	0.2707488754878957	0
layers24_30_36_concat	catboost	HPCLAS_TRAIN_P_005923	1	HPCLAS_TRAIN_P_005923	0	A_clean_core	5.282710481302609	0.9949470157771938	1
layers24_30_36_concat	catboost	HPCLAS_TRAIN_P_005926	1	HPCLAS_TRAIN_P_005926	0	A_clean_core	1.853952398946418	0.8645904923915732	1
layers24_30_36_concat	catboost	HPCLAS_TRAIN_P_005931	1	HPCLAS_TRAIN_P_005931	0	D_hard_sample	1.2754275639582042	0.7816704415087397	1
layers24_30_36_concat	catboost	HPCLAS_TRAIN_P_005934	1	HPCLAS_TRAIN_P_005934	0	A_clean_core	10.002492333010016	0.9999547151319044	1
layers24_30_36_concat	catboost	HPCLAS_TRAIN_P_005937	1	HPCLAS_TRAIN_P_005937	0	A_clean_core	2.370136074795492	0.9145214983942437	1
layers24_30_36_concat	catboost	HPCLAS_TRAIN_P_005938	1	HPCLAS_TRAIN_P_005938	0	A_clean_core	7.551339849834974	0.9994748702156029	1
layers24_30_36_concat	catboost	HPCLAS_TRAIN_P_005939	1	HPCLAS_TRAIN_P_005939	0	A_clean_core	7.430589880968007	0.9994075135432454	1
layers24_30_36_concat	catboost	HPCLAS_TRAIN_P_005947	1	HPCLAS_TRAIN_P_005947	0	A_clean_core	5.945066265796694	0.997388111018463	1
layers24_30_36_concat	catboost	HPCLAS_TRAIN_P_005948	1	HPCLAS_TRAIN_P_005948	0	A_clean_core	3.2029873985116475	0.9609465436535753	1
layers24_30_36_concat	catboost	HPCLAS_TRAIN_P_005957	1	HPCLAS_TRAIN_P_005957	0	A_clean_core	6.381228497643912	0.9983098197650683	1
layers24_30_36_concat	catboost	HPCLAS_TRAIN_P_005964	1	HPCLAS_TRAIN_P_005964	0	A_clean_core	5.118753728266845	0.9940521137441135	1
layers24_30_36_concat	catboost	HPCLAS_TRAIN_P_005984	1	HPCLAS_TRAIN_P_005984	0	A_clean_core	-0.11043125796720821	0.4724202079209973	0
layers24_30_36_concat	catboost	HPCLAS_TRAIN_P_005993	1	HPCLAS_TRAIN_P_005993	0	D_hard_sample	0.36826448851676485	0.5910395512029007	1
layers24_30_36_concat	catboost	HPCLAS_TRAIN_P_005998	1	HPCLAS_TRAIN_P_005998	0	A_clean_core	8.052016160253336	0.9996816421739901	1
layers24_30_36_concat	catboost	HPCLAS_TRAIN_P_005999	1	HPCLAS_TRAIN_P_005999	0	A_clean_core	7.33774747410509	0.9993499087217029	1
layers24_30_36_concat	catboost	HPCLAS_TRAIN_P_006001	1	HPCLAS_TRAIN_P_006001	0	A_clean_core	1.6514634516909086	0.8390887420184115	1
layers24_30_36_concat	catboost	HPCLAS_TRAIN_P_006015	1	HPCLAS_TRAIN_P_006015	0	A_clean_core	9.4552007216507	0.9999217247424139	1
layers24_30_36_concat	catboost	HPCLAS_TRAIN_P_006018	1	HPCLAS_TRAIN_P_006018	0	A_clean_core	8.989963570012257	0.9998753609025195	1
layers24_30_36_concat	catboost	HPCLAS_TRAIN_P_006024	1	HPCLAS_TRAIN_P_006024	0	A_clean_core	4.043835809195832	0.9827719090144797	1
layers24_30_36_concat	catboost	HPCLAS_TRAIN_P_006026	1	HPCLAS_TRAIN_P_006026	0	A_clean_core	8.524388314867391	0.9998014732807885	1
layers24_30_36_concat	catboost	HPCLAS_TRAIN_P_006035	1	HPCLAS_TRAIN_P_004508	0	A_clean_core	8.12500909539973	0.9997040455775263	1
layers24_30_36_concat	catboost	HPCLAS_TRAIN_P_006055	1	HPCLAS_TRAIN_P_006055	0	A_clean_core	2.485692422539797	0.9231326990466812	1
layers24_30_36_concat	catboost	HPCLAS_TRAIN_P_006058	1	HPCLAS_TRAIN_P_006058	0	A_clean_core	1.2833263036545275	0.7830154549113127	1
layers24_30_36_concat	catboost	HPCLAS_TRAIN_P_006061	1	HPCLAS_TRAIN_P_006061	0	D_hard_sample	3.4738112315334044	0.9699333633510506	1
layers24_30_36_concat	catboost	HPCLAS_TRAIN_P_006065	1	HPCLAS_TRAIN_N_004328	0	B_ambiguous	7.846995198974772	0.9996092279058928	1
layers24_30_36_concat	catboost	HPCLAS_TRAIN_P_006067	1	HPCLAS_TRAIN_P_006067	0	A_clean_core	6.718643173198916	0.998793281540299	1
layers24_30_36_concat	catboost	HPCLAS_TRAIN_P_006082	1	HPCLAS_TRAIN_P_006082	0	A_clean_core	2.7727115160563702	0.9411832684935415	1
layers24_30_36_concat	catboost	HPCLAS_TRAIN_P_006107	1	HPCLAS_TRAIN_P_006107	0	D_hard_sample	0.1772897769961513	0.5442067139765446	1
layers24_30_36_concat	catboost	HPCLAS_TRAIN_P_006134	1	HPCLAS_TRAIN_P_006134	0	D_hard_sample	0.5344560186076908	0.6305218065387994	1
layers24_30_36_concat	catboost	HPCLAS_TRAIN_P_006136	1	HPCLAS_TRAIN_P_006136	0	D_hard_sample	1.9818425062099727	0.8788774373330817	1
layers24_30_36_concat	catboost	HPCLAS_TRAIN_P_006142	1	HPCLAS_TRAIN_P_006142	0	A_clean_core	7.723617223433502	0.9995579375444092	1
layers24_30_36_concat	catboost	HPCLAS_TRAIN_P_006147	1	HPCLAS_TRAIN_P_006147	0	A_clean_core	6.981175646242727	0.9990716524915226	1
layers24_30_36_concat	catboost	HPCLAS_TRAIN_P_006150	1	HPCLAS_TRAIN_P_006150	0	A_clean_core	5.403696463677426	0.9955202421515843	1
layers24_30_36_concat	catboost	HPCLAS_TRAIN_P_006152	1	HPCLAS_TRAIN_P_006152	0	A_clean_core	4.2204315401800905	0.9855204353311328	1
layers24_30_36_concat	catboost	HPCLAS_TRAIN_P_006168	1	HPCLAS_TRAIN_P_006168	0	D_hard_sample	0.5258587314990222	0.6285167100104125	1
layers24_30_36_concat	catboost	HPCLAS_TRAIN_P_006171	1	HPCLAS_TRAIN_N_002506	0	B_ambiguous	1.4211716373147387	0.8055220264691855	1
layers24_30_36_concat	catboost	HPCLAS_TRAIN_P_006172	1	HPCLAS_TRAIN_P_006172	0	A_clean_core	2.767052220976237	0.9408692017451138	1
layers24_30_36_concat	catboost	HPCLAS_TRAIN_P_006189	1	HPCLAS_TRAIN_P_006189	0	D_hard_sample	0.008452823031379514	0.5021131931755173	1
layers24_30_36_concat	catboost	HPCLAS_TRAIN_P_006193	1	HPCLAS_TRAIN_P_006193	0	A_clean_core	5.332638937076773	0.995191925599003	1
layers24_30_36_concat	catboost	HPCLAS_TRAIN_P_006196	1	HPCLAS_TRAIN_P_006196	0	A_clean_core	6.749172532371809	0.9988295227357423	1
layers24_30_36_concat	catboost	HPCLAS_TRAIN_P_006201	1	HPCLAS_TRAIN_P_006201	0	A_clean_core	1.7015879680637696	0.845742018891706	1
layers24_30_36_concat	catboost	HPCLAS_TRAIN_P_006203	1	HPCLAS_TRAIN_P_006203	0	A_clean_core	5.36809177919444	0.9953586219434465	1
layers24_30_36_concat	catboost	HPCLAS_TRAIN_P_006204	1	HPCLAS_TRAIN_P_006204	0	A_clean_core	4.156660323063691	0.9845816781060209	1
layers24_30_36_concat	catboost	HPCLAS_TRAIN_P_006213	1	HPCLAS_TRAIN_P_006213	0	A_clean_core	6.6054045310999685	0.998648792514087	1
layers24_30_36_concat	catboost	HPCLAS_TRAIN_P_006219	1	HPCLAS_TRAIN_P_006219	0	A_clean_core	10.967000364335219	0.9999827382524044	1
layers24_30_36_concat	catboost	HPCLAS_TRAIN_P_006222	1	HPCLAS_TRAIN_P_006222	0	A_clean_core	5.281132929857525	0.9949390785178986	1
layers24_30_36_concat	catboost	HPCLAS_TRAIN_P_006231	1	HPCLAS_TRAIN_P_006231	0	D_hard_sample	2.082171046462279	0.8891581835916037	1
layers24_30_36_concat	catboost	HPCLAS_TRAIN_P_006233	1	HPCLAS_TRAIN_P_006233	0	D_hard_sample	-0.019080438457762798	0.4952300350987112	0
layers24_30_36_concat	catboost	HPCLAS_TRAIN_P_006242	1	HPCLAS_TRAIN_P_006242	0	A_clean_core	6.792989857433111	0.9988796462991486	1
layers24_30_36_concat	catboost	HPCLAS_TRAIN_P_006248	1	HPCLAS_TRAIN_P_006248	0	A_clean_core	7.490897750836206	0.9994421696849917	1
layers24_30_36_concat	catboost	HPCLAS_TRAIN_P_006268	1	HPCLAS_TRAIN_P_006268	0	A_clean_core	5.645983799888322	0.9964807565815365	1
layers24_30_36_concat	catboost	HPCLAS_TRAIN_P_006273	1	HPCLAS_TRAIN_P_006273	0	A_clean_core	6.552444798884989	0.9985754088315356	1
layers24_30_36_concat	catboost	HPCLAS_TRAIN_P_006274	1	HPCLAS_TRAIN_P_006274	0	A_clean_core	1.3764012319837502	0.7984124003885321	1
layers24_30_36_concat	catboost	HPCLAS_TRAIN_P_006283	1	HPCLAS_TRAIN_P_006283	0	A_clean_core	5.098572060461875	0.9939315918449565	1
layers24_30_36_concat	catboost	HPCLAS_TRAIN_P_006286	1	HPCLAS_TRAIN_P_006286	0	A_clean_core	7.536167164168586	0.9994668461147783	1
layers24_30_36_concat	catboost	HPCLAS_TRAIN_P_006288	1	HPCLAS_TRAIN_P_006288	0	A_clean_core	3.126449747300773	0.9579706818195819	1
layers24_30_36_concat	catboost	HPCLAS_TRAIN_P_006291	1	HPCLAS_TRAIN_P_006291	0	A_clean_core	7.093928471297096	0.9991705587334937	1
layers24_30_36_concat	catboost	HPCLAS_TRAIN_P_006292	1	HPCLAS_TRAIN_P_006292	0	A_clean_core	7.656622282129961	0.9995273214847797	1
layers24_30_36_concat	catboost	HPCLAS_TRAIN_P_006299	1	HPCLAS_TRAIN_P_006299	0	A_clean_core	1.8736860128322856	0.8668842040481435	1
layers24_30_36_concat	catboost	HPCLAS_TRAIN_P_006303	1	HPCLAS_TRAIN_P_006303	0	D_hard_sample	4.140439382331453	0.9843334891223471	1
layers24_30_36_concat	catboost	HPCLAS_TRAIN_P_006308	1	HPCLAS_TRAIN_P_006308	0	D_hard_sample	3.6783131753415996	0.9753570601376983	1
layers24_30_36_concat	catboost	HPCLAS_TRAIN_P_006317	1	HPCLAS_TRAIN_P_006317	0	A_clean_core	2.5099531916038296	0.924836636751587	1
layers24_30_36_concat	catboost	HPCLAS_TRAIN_P_006323	1	HPCLAS_TRAIN_P_006323	0	A_clean_core	9.944549143482654	0.9999520138020366	1
layers24_30_36_concat	catboost	HPCLAS_TRAIN_P_006326	1	HPCLAS_TRAIN_P_006326	0	A_clean_core	3.1491383387939194	0.9588747565196605	1
layers24_30_36_concat	catboost	HPCLAS_TRAIN_P_006329	1	HPCLAS_TRAIN_P_006329	0	A_clean_core	8.311622469806204	0.9997544151587296	1
layers24_30_36_concat	catboost	HPCLAS_TRAIN_P_006331	1	HPCLAS_TRAIN_P_006331	0	D_hard_sample	1.7399244016107795	0.8506774628143724	1
layers24_30_36_concat	catboost	HPCLAS_TRAIN_P_006332	1	HPCLAS_TRAIN_P_006332	0	D_hard_sample	-0.04778791471909185	0.488055294395591	0
layers24_30_36_concat	catboost	HPCLAS_TRAIN_P_006334	1	HPCLAS_TRAIN_P_006334	0	A_clean_core	5.590433380947143	0.9962804769772051	1
layers24_30_36_concat	catboost	HPCLAS_TRAIN_P_006340	1	HPCLAS_TRAIN_P_006340	0	A_clean_core	5.038335211368799	0.9935572435608657	1
layers24_30_36_concat	catboost	HPCLAS_TRAIN_P_006343	1	HPCLAS_TRAIN_P_006343	0	A_clean_core	9.363649383431616	0.9999142208995989	1
layers24_30_36_concat	catboost	HPCLAS_TRAIN_P_006346	1	HPCLAS_TRAIN_P_006346	0	A_clean_core	8.104711913727717	0.999697978992078	1
layers24_30_36_concat	catboost	HPCLAS_TRAIN_P_006351	1	HPCLAS_TRAIN_P_006351	0	D_hard_sample	1.421055794779503	0.8055038783649502	1
layers24_30_36_concat	catboost	HPCLAS_TRAIN_P_006359	1	HPCLAS_TRAIN_P_006359	0	A_clean_core	5.71153020428154	0.9967032968440437	1
layers24_30_36_concat	catboost	HPCLAS_TRAIN_P_006365	1	HPCLAS_TRAIN_P_006365	0	A_clean_core	9.27408038702096	0.999906183912442	1
layers24_30_36_concat	catboost	HPCLAS_TRAIN_P_006370	1	HPCLAS_TRAIN_P_006370	0	A_clean_core	9.880416228067777	0.999948835641621	1
layers24_30_36_concat	catboost	HPCLAS_TRAIN_P_006380	1	HPCLAS_TRAIN_P_006380	0	D_hard_sample	0.9039284577060694	0.7117561323945137	1
layers24_30_36_concat	catboost	HPCLAS_TRAIN_P_006385	1	HPCLAS_TRAIN_P_006385	0	D_hard_sample	0.3753570427802102	0.5927527918348566	1
layers24_30_36_concat	catboost	HPCLAS_TRAIN_P_006390	1	HPCLAS_TRAIN_P_006390	0	A_clean_core	7.501477334961382	0.9994480369489329	1
layers24_30_36_concat	catboost	HPCLAS_TRAIN_P_006399	1	HPCLAS_TRAIN_P_006399	0	A_clean_core	4.922878327569786	0.9927744369801822	1
layers24_30_36_concat	catboost	HPCLAS_TRAIN_P_006402	1	HPCLAS_TRAIN_P_006402	0	A_clean_core	7.127036504810605	0.9991975486102674	1
layers24_30_36_concat	catboost	HPCLAS_TRAIN_P_006411	1	HPCLAS_TRAIN_P_006411	0	D_hard_sample	1.4028086524573988	0.8026292010432947	1
layers24_30_36_concat	catboost	HPCLAS_TRAIN_P_006413	1	HPCLAS_TRAIN_P_006413	0	D_hard_sample	6.491024010346481	0.9984853029934002	1
layers24_30_36_concat	catboost	HPCLAS_TRAIN_P_006418	1	HPCLAS_TRAIN_P_006418	0	A_clean_core	1.817714795822285	0.8602916946593322	1
layers24_30_36_concat	catboost	HPCLAS_TRAIN_P_006421	1	HPCLAS_TRAIN_P_006421	0	A_clean_core	3.3373993393988717	0.9656897788222314	1
layers24_30_36_concat	catboost	HPCLAS_TRAIN_P_006425	1	HPCLAS_TRAIN_P_006425	0	A_clean_core	2.188861805565085	0.89924482881201	1
layers24_30_36_concat	catboost	HPCLAS_TRAIN_P_006428	1	HPCLAS_TRAIN_P_006428	0	D_hard_sample	-0.3621091064868857	0.4104491067866249	0
layers24_30_36_concat	catboost	HPCLAS_TRAIN_P_006430	1	HPCLAS_TRAIN_P_006430	0	A_clean_core	3.760924434444565	0.9772666033814217	1
layers24_30_36_concat	catboost	HPCLAS_TRAIN_P_006436	1	HPCLAS_TRAIN_P_006436	0	D_hard_sample	-0.6304711114626739	0.3474037223889717	0
layers24_30_36_concat	catboost	HPCLAS_TRAIN_P_006460	1	HPCLAS_TRAIN_P_006460	0	D_hard_sample	-1.4991752625057853	0.18254856269633563	0
layers24_30_36_concat	catboost	HPCLAS_TRAIN_P_006471	1	HPCLAS_TRAIN_P_006471	0	A_clean_core	7.353439180003551	0.9993600236665056	1
layers24_30_36_concat	catboost	HPCLAS_TRAIN_P_006472	1	HPCLAS_TRAIN_P_006472	0	A_clean_core	7.0264910429481455	0.9991127454970676	1
layers24_30_36_concat	catboost	HPCLAS_TRAIN_P_006481	1	HPCLAS_TRAIN_P_006481	0	A_clean_core	8.072520516214558	0.9996881014126237	1
layers24_30_36_concat	catboost	HPCLAS_TRAIN_P_006486	1	HPCLAS_TRAIN_P_006486	0	A_clean_core	8.860853298370055	0.9998581861282232	1
layers24_30_36_concat	catboost	HPCLAS_TRAIN_P_006489	1	HPCLAS_TRAIN_P_006489	0	A_clean_core	3.688283224358149	0.9755955645720273	1
layers24_30_36_concat	catboost	HPCLAS_TRAIN_P_006493	1	HPCLAS_TRAIN_P_006493	0	A_clean_core	7.681248803982886	0.9995388144474839	1
layers24_30_36_concat	catboost	HPCLAS_TRAIN_P_006498	1	HPCLAS_TRAIN_N_000237	0	B_ambiguous	5.045355816728591	0.9936020288241186	1
layers24_30_36_concat	catboost	HPCLAS_TRAIN_P_006499	1	HPCLAS_TRAIN_P_006499	0	D_hard_sample	-3.6145408921275304	0.026223116039609893	0
layers24_30_36_concat	catboost	HPCLAS_TRAIN_P_006506	1	HPCLAS_TRAIN_P_006506	0	A_clean_core	8.323861678347884	0.9997574018787954	1
layers24_30_36_concat	catboost	HPCLAS_TRAIN_P_006510	1	HPCLAS_TRAIN_P_006510	0	A_clean_core	1.4949220708279907	0.8168158994071621	1
layers24_30_36_concat	catboost	HPCLAS_TRAIN_P_006515	1	HPCLAS_TRAIN_P_006515	0	A_clean_core	3.660369922866409	0.9749220836851292	1
layers24_30_36_concat	catboost	HPCLAS_TRAIN_P_006519	1	HPCLAS_TRAIN_P_006519	0	D_hard_sample	1.3195598342517223	0.7891084650906248	1
layers24_30_36_concat	catboost	HPCLAS_TRAIN_P_006527	1	HPCLAS_TRAIN_P_006527	0	A_clean_core	7.832239153976551	0.999603421205457	1
layers24_30_36_concat	catboost	HPCLAS_TRAIN_P_006528	1	HPCLAS_TRAIN_P_006528	0	A_clean_core	3.8339624516550357	0.9788339275894192	1
layers24_30_36_concat	catboost	HPCLAS_TRAIN_P_006541	1	HPCLAS_TRAIN_P_006541	0	A_clean_core	7.759098541892385	0.9995733409289093	1
layers24_30_36_concat	catboost	HPCLAS_TRAIN_P_006542	1	HPCLAS_TRAIN_P_006542	0	D_hard_sample	0.2773303409777228	0.5688916003110498	1
layers24_30_36_concat	catboost	HPCLAS_TRAIN_P_006544	1	HPCLAS_TRAIN_P_006544	0	A_clean_core	9.6244803837196	0.9999339135267258	1
layers24_30_36_concat	catboost	HPCLAS_TRAIN_P_006550	1	HPCLAS_TRAIN_P_006550	0	A_clean_core	5.521381615769272	0.9960156215567514	1
layers24_30_36_concat	catboost	HPCLAS_TRAIN_P_006557	1	HPCLAS_TRAIN_P_006557	0	D_hard_sample	-0.04205181019690727	0.48948859639598863	0
layers24_30_36_concat	catboost	HPCLAS_TRAIN_P_006568	1	HPCLAS_TRAIN_P_006568	0	D_hard_sample	1.691115756742813	0.8443708363924146	1
layers24_30_36_concat	catboost	HPCLAS_TRAIN_P_006570	1	HPCLAS_TRAIN_P_006570	0	A_clean_core	6.115211949719046	0.9977958614373912	1
layers24_30_36_concat	catboost	HPCLAS_TRAIN_P_006585	1	HPCLAS_TRAIN_P_006585	0	A_clean_core	2.486108911956856	0.9231622473944505	1
layers24_30_36_concat	catboost	HPCLAS_TRAIN_P_006586	1	HPCLAS_TRAIN_P_006586	0	A_clean_core	9.331729352434632	0.99991143890609	1
layers24_30_36_concat	catboost	HPCLAS_TRAIN_P_006589	1	HPCLAS_TRAIN_P_006589	0	A_clean_core	3.2532876978426732	0.9627910719073702	1
layers24_30_36_concat	catboost	HPCLAS_TRAIN_P_006592	1	HPCLAS_TRAIN_P_006592	0	D_hard_sample	1.7906509158262776	0.8570070621610396	1
layers24_30_36_concat	catboost	HPCLAS_TRAIN_P_006598	1	HPCLAS_TRAIN_P_006598	0	A_clean_core	5.875722833841892	0.9972010912414929	1
layers24_30_36_concat	catboost	HPCLAS_TRAIN_P_006609	1	HPCLAS_TRAIN_P_006609	0	A_clean_core	3.3794728912888146	0.9670568167430098	1
layers24_30_36_concat	catboost	HPCLAS_TRAIN_P_006615	1	HPCLAS_TRAIN_P_006615	0	A_clean_core	8.533438587533757	0.9998032615439043	1
layers24_30_36_concat	catboost	HPCLAS_TRAIN_P_006617	1	HPCLAS_TRAIN_P_006617	0	A_clean_core	4.323628958043245	0.9869216047599303	1
layers24_30_36_concat	catboost	HPCLAS_TRAIN_P_006623	1	HPCLAS_TRAIN_P_006623	0	A_clean_core	2.3901621496638064	0.9160740353983736	1
layers24_30_36_concat	catboost	HPCLAS_TRAIN_P_006629	1	HPCLAS_TRAIN_P_006629	0	A_clean_core	8.50204909778168	0.9997969893523945	1
layers24_30_36_concat	catboost	HPCLAS_TRAIN_P_006632	1	HPCLAS_TRAIN_P_006632	0	D_hard_sample	1.4736691665468777	0.8136144407779924	1
layers24_30_36_concat	catboost	HPCLAS_TRAIN_P_006650	1	HPCLAS_TRAIN_P_006650	0	A_clean_core	7.334339579793444	0.9993476909476632	1
layers24_30_36_concat	catboost	HPCLAS_TRAIN_P_006659	1	HPCLAS_TRAIN_P_006659	0	B_ambiguous	1.6027162785600617	0.8323976802232633	1
layers24_30_36_concat	catboost	HPCLAS_TRAIN_P_006666	1	HPCLAS_TRAIN_P_006666	0	A_clean_core	3.251694669593656	0.9627339604956149	1
layers24_30_36_concat	catboost	HPCLAS_TRAIN_P_006672	1	HPCLAS_TRAIN_P_006672	0	A_clean_core	7.501258280695963	0.9994479160925881	1
layers24_30_36_concat	catboost	HPCLAS_TRAIN_P_006677	1	HPCLAS_TRAIN_P_006677	0	A_clean_core	2.057976537131286	0.8867511255362188	1
layers24_30_36_concat	catboost	HPCLAS_TRAIN_P_006688	1	HPCLAS_TRAIN_N_002316	0	B_ambiguous	2.843915733711186	0.9450033258609003	1
layers24_30_36_concat	catboost	HPCLAS_TRAIN_P_006691	1	HPCLAS_TRAIN_P_006691	0	A_clean_core	2.8757498167764735	0.9466345618082177	1
layers24_30_36_concat	catboost	HPCLAS_TRAIN_P_006693	1	HPCLAS_TRAIN_P_006693	0	A_clean_core	9.287875832805087	0.9999074691418952	1
layers24_30_36_concat	catboost	HPCLAS_TRAIN_P_006695	1	HPCLAS_TRAIN_P_006695	0	A_clean_core	9.932646198721446	0.9999514392400032	1
layers24_30_36_concat	catboost	HPCLAS_TRAIN_P_006696	1	HPCLAS_TRAIN_P_006696	0	A_clean_core	0.9785259427792422	0.7268156332732811	1
layers24_30_36_concat	catboost	HPCLAS_TRAIN_P_006701	1	HPCLAS_TRAIN_P_006701	0	A_clean_core	8.90302916641803	0.9998640420802325	1
layers24_30_36_concat	catboost	HPCLAS_TRAIN_P_006705	1	HPCLAS_TRAIN_P_006705	0	A_clean_core	7.820384207690692	0.9995986937050942	1
layers24_30_36_concat	catboost	HPCLAS_TRAIN_P_006709	1	HPCLAS_TRAIN_P_006709	0	D_hard_sample	0.8705376986127206	0.704857569576008	1
layers24_30_36_concat	catboost	HPCLAS_TRAIN_P_006715	1	HPCLAS_TRAIN_P_006715	0	A_clean_core	7.460710834935621	0.9994250835986335	1
layers24_30_36_concat	catboost	HPCLAS_TRAIN_P_006724	1	HPCLAS_TRAIN_P_006724	0	D_hard_sample	1.7268043802695705	0.8490032088920546	1
layers24_30_36_concat	catboost	HPCLAS_TRAIN_P_006728	1	HPCLAS_TRAIN_P_006728	0	A_clean_core	8.88803658328119	0.9998619886464596	1
layers24_30_36_concat	catboost	HPCLAS_TRAIN_P_006735	1	HPCLAS_TRAIN_P_006735	0	A_clean_core	9.462730278132623	0.9999223118614524	1
layers24_30_36_concat	catboost	HPCLAS_TRAIN_P_006744	1	HPCLAS_TRAIN_P_006744	0	A_clean_core	8.573105115737036	0.999810911277595	1
layers24_30_36_concat	catboost	HPCLAS_TRAIN_P_006746	1	HPCLAS_TRAIN_P_006746	0	A_clean_core	7.80632934196628	0.9995930158875037	1
layers24_30_36_concat	catboost	HPCLAS_TRAIN_P_006771	1	HPCLAS_TRAIN_P_006771	0	D_hard_sample	-1.7469235448085045	0.14843564923709307	0
layers24_30_36_concat	catboost	HPCLAS_TRAIN_P_006774	1	HPCLAS_TRAIN_P_003376	0	A_clean_core	2.9987737962572463	0.9525187002812778	1
layers24_30_36_concat	catboost	HPCLAS_TRAIN_P_006780	1	HPCLAS_TRAIN_P_006780	0	A_clean_core	8.98554905764653	0.9998748095344496	1
layers24_30_36_concat	catboost	HPCLAS_TRAIN_P_006781	1	HPCLAS_TRAIN_P_006781	0	A_clean_core	7.99894350791753	0.9996642955065563	1
layers24_30_36_concat	catboost	HPCLAS_TRAIN_P_006792	1	HPCLAS_TRAIN_P_006792	0	D_hard_sample	1.2665786566016335	0.7801565078200884	1
layers24_30_36_concat	catboost	HPCLAS_TRAIN_P_006795	1	HPCLAS_TRAIN_P_006795	0	A_clean_core	8.649328461047032	0.9998247862130963	1
layers24_30_36_concat	catboost	HPCLAS_TRAIN_P_006803	1	HPCLAS_TRAIN_P_006803	0	A_clean_core	7.40323592336165	0.9993910930027662	1
layers24_30_36_concat	catboost	HPCLAS_TRAIN_P_006806	1	HPCLAS_TRAIN_P_006806	0	A_clean_core	8.924623321547209	0.999866946118042	1
layers24_30_36_concat	catboost	HPCLAS_TRAIN_P_006825	1	HPCLAS_TRAIN_P_006825	0	A_clean_core	4.409904208481148	0.9879896590721684	1
layers24_30_36_concat	catboost	HPCLAS_TRAIN_P_006832	1	HPCLAS_TRAIN_P_006832	0	A_clean_core	8.607295465006748	0.9998172658540657	1
layers24_30_36_concat	catboost	HPCLAS_TRAIN_P_006836	1	HPCLAS_TRAIN_P_006836	0	A_clean_core	8.640854459376538	0.9998232954059074	1
layers24_30_36_concat	catboost	HPCLAS_TRAIN_P_006837	1	HPCLAS_TRAIN_P_006837	0	A_clean_core	8.62668023016381	0.9998207733716671	1
layers24_30_36_concat	catboost	HPCLAS_TRAIN_P_006845	1	HPCLAS_TRAIN_P_006845	0	A_clean_core	8.184535312662883	0.9997211437683728	1
layers24_30_36_concat	catboost	HPCLAS_TRAIN_P_006846	1	HPCLAS_TRAIN_P_006846	0	A_clean_core	4.089830364357517	0.9835336081700772	1
layers24_30_36_concat	catboost	HPCLAS_TRAIN_P_006851	1	HPCLAS_TRAIN_P_006851	0	A_clean_core	10.071776785903138	0.9999577463171738	1
layers24_30_36_concat	catboost	HPCLAS_TRAIN_P_006853	1	HPCLAS_TRAIN_P_006853	0	A_clean_core	10.090865002320832	0.9999585451824681	1
layers24_30_36_concat	catboost	HPCLAS_TRAIN_P_006862	1	HPCLAS_TRAIN_P_006862	0	A_clean_core	7.17529856919759	0.999235327969022	1
layers24_30_36_concat	catboost	HPCLAS_TRAIN_P_006864	1	HPCLAS_TRAIN_P_006864	0	A_clean_core	9.270684339839153	0.9999058647970152	1
layers24_30_36_concat	catboost	HPCLAS_TRAIN_P_006866	1	HPCLAS_TRAIN_P_006866	0	A_clean_core	4.686300624551955	0.9908635110386029	1
layers24_30_36_concat	catboost	HPCLAS_TRAIN_P_006867	1	HPCLAS_TRAIN_P_006867	0	A_clean_core	8.011795145043772	0.9996685808333144	1
layers24_30_36_concat	catboost	HPCLAS_TRAIN_P_006872	1	HPCLAS_TRAIN_P_006872	0	A_clean_core	5.635950928371522	0.9964453968877971	1
layers24_30_36_concat	catboost	HPCLAS_TRAIN_P_006874	1	HPCLAS_TRAIN_P_006874	0	A_clean_core	9.590606294416586	0.9999316367159287	1
layers24_30_36_concat	catboost	HPCLAS_TRAIN_P_006907	1	HPCLAS_TRAIN_P_006907	0	A_clean_core	3.2804444207390397	0.9637518123336942	1
layers24_30_36_concat	catboost	HPCLAS_TRAIN_P_006910	1	HPCLAS_TRAIN_P_006910	0	D_hard_sample	0.25085406246614095	0.5623867035924115	1
layers24_30_36_concat	catboost	HPCLAS_TRAIN_P_006918	1	HPCLAS_TRAIN_P_006918	0	A_clean_core	9.00275326060355	0.9998769446524257	1
layers24_30_36_concat	catboost	HPCLAS_TRAIN_P_006923	1	HPCLAS_TRAIN_P_006923	0	B_ambiguous	0.032924948030844635	0.5082304934974272	1
layers24_30_36_concat	catboost	HPCLAS_TRAIN_P_006926	1	HPCLAS_TRAIN_P_006926	0	A_clean_core	7.148980083759127	0.9992149517995904	1
layers24_30_36_concat	catboost	HPCLAS_TRAIN_P_006932	1	HPCLAS_TRAIN_P_006932	0	A_clean_core	6.055009855248366	0.9976594122045062	1
layers24_30_36_concat	catboost	HPCLAS_TRAIN_P_006937	1	HPCLAS_TRAIN_P_006937	0	A_clean_core	8.434932768299257	0.9997828994380037	1
layers24_30_36_concat	catboost	HPCLAS_TRAIN_P_006939	1	HPCLAS_TRAIN_P_006939	0	A_clean_core	8.67184096252859	0.9998286859765672	1
layers24_30_36_concat	catboost	HPCLAS_TRAIN_P_006950	1	HPCLAS_TRAIN_P_006950	0	D_hard_sample	-0.6859358269395621	0.33493777777638833	0
layers24_30_36_concat	catboost	HPCLAS_TRAIN_P_006959	1	HPCLAS_TRAIN_P_006959	0	A_clean_core	8.158166796401895	0.9997136950745842	1
layers24_30_36_concat	catboost	HPCLAS_TRAIN_P_006963	1	HPCLAS_TRAIN_P_006963	0	D_hard_sample	1.3880399603248132	0.8002791496168994	1
layers24_30_36_concat	catboost	HPCLAS_TRAIN_P_006971	1	HPCLAS_TRAIN_P_006971	0	A_clean_core	3.7874631601781656	0.9778487951137805	1
layers24_30_36_concat	catboost	HPCLAS_TRAIN_P_006973	1	HPCLAS_TRAIN_P_006973	0	A_clean_core	4.654487960043574	0.9905709669545805	1
layers24_30_36_concat	catboost	HPCLAS_TRAIN_P_006983	1	HPCLAS_TRAIN_P_006983	0	A_clean_core	8.632719362578296	0.999821852291038	1
layers24_30_36_concat	catboost	HPCLAS_TRAIN_P_006987	1	HPCLAS_TRAIN_P_006987	0	A_clean_core	9.253606806890398	0.9999042435498734	1
layers24_30_36_concat	catboost	HPCLAS_TRAIN_P_006988	1	HPCLAS_TRAIN_P_006988	0	D_hard_sample	0.3490831048303953	0.5863952165829229	1
layers24_30_36_concat	catboost	HPCLAS_TRAIN_P_006989	1	HPCLAS_TRAIN_P_006989	0	A_clean_core	8.826581129494521	0.9998532423392548	1
layers24_30_36_concat	catboost	HPCLAS_TRAIN_P_006990	1	HPCLAS_TRAIN_P_006990	0	D_hard_sample	2.7168886002288466	0.938015876798382	1
layers24_30_36_concat	catboost	HPCLAS_TRAIN_P_006994	1	HPCLAS_TRAIN_P_006994	0	D_hard_sample	0.45753617040426	0.6124295247755867	1
layers24_30_36_concat	catboost	HPCLAS_TRAIN_P_006995	1	HPCLAS_TRAIN_P_006995	0	D_hard_sample	-1.393601392336306	0.19883343742860074	0
layers24_30_36_concat	catboost	HPCLAS_TRAIN_P_007000	1	HPCLAS_TRAIN_P_007000	0	A_clean_core	6.723326243006514	0.9987989127037062	1
layers24_30_36_concat	catboost	HPCLAS_TRAIN_P_007003	1	HPCLAS_TRAIN_P_007003	0	A_clean_core	5.867012183948863	0.9971766735682911	1
layers24_30_36_concat	catboost	HPCLAS_TRAIN_P_007004	1	HPCLAS_TRAIN_P_007004	0	A_clean_core	2.8888370846241114	0.9472918473899352	1
layers24_30_36_concat	catboost	HPCLAS_TRAIN_P_007007	1	HPCLAS_TRAIN_P_007007	0	A_clean_core	7.7263365590982955	0.9995591374983648	1
layers24_30_36_concat	catboost	HPCLAS_TRAIN_P_007011	1	HPCLAS_TRAIN_N_000351	0	B_ambiguous	7.1947832733344885	0.9992500720948913	1
layers24_30_36_concat	catboost	HPCLAS_TRAIN_P_007016	1	HPCLAS_TRAIN_P_007016	0	A_clean_core	2.6529625395735916	0.9341933504288231	1
layers24_30_36_concat	catboost	HPCLAS_TRAIN_P_007023	1	HPCLAS_TRAIN_P_007023	0	D_hard_sample	0.3425029651148958	0.5847983946751895	1
layers24_30_36_concat	catboost	HPCLAS_TRAIN_P_007030	1	HPCLAS_TRAIN_P_007030	0	A_clean_core	9.770410928720134	0.9999428863858892	1
layers24_30_36_concat	catboost	HPCLAS_TRAIN_P_007035	1	HPCLAS_TRAIN_P_007035	0	A_clean_core	4.872867053252809	0.9924067024843022	1
layers24_30_36_concat	catboost	HPCLAS_TRAIN_P_007044	1	HPCLAS_TRAIN_P_007044	0	B_ambiguous	0.06030211917666437	0.5150709631350797	1
layers24_30_36_concat	catboost	HPCLAS_TRAIN_P_007049	1	HPCLAS_TRAIN_P_007049	0	A_clean_core	2.4788431966073925	0.9226452760379331	1
layers24_30_36_concat	catboost	HPCLAS_TRAIN_P_007051	1	HPCLAS_TRAIN_P_007051	0	A_clean_core	1.2701889137800184	0.7807750851208457	1
layers24_30_36_concat	catboost	HPCLAS_TRAIN_P_007061	1	HPCLAS_TRAIN_P_007061	0	A_clean_core	2.234571088341106	0.9033113344077089	1
layers24_30_36_concat	catboost	HPCLAS_TRAIN_P_007067	1	HPCLAS_TRAIN_P_007067	0	D_hard_sample	5.750156187646865	0.9968278110808818	1
layers24_30_36_concat	catboost	HPCLAS_TRAIN_P_007071	1	HPCLAS_TRAIN_P_007071	0	A_clean_core	4.219861540346637	0.9855122992351738	1
layers24_30_36_concat	catboost	HPCLAS_TRAIN_P_007092	1	HPCLAS_TRAIN_P_007092	0	D_hard_sample	4.204374959494074	0.9852895141664346	1
layers24_30_36_concat	catboost	HPCLAS_TRAIN_P_007103	1	HPCLAS_TRAIN_P_007103	0	A_clean_core	7.212235716654398	0.9992630370594896	1
layers24_30_36_concat	catboost	HPCLAS_TRAIN_P_007114	1	HPCLAS_TRAIN_P_007114	0	D_hard_sample	3.4046844248080474	0.9678506148197117	1
layers24_30_36_concat	catboost	HPCLAS_TRAIN_P_007115	1	HPCLAS_TRAIN_P_007115	0	A_clean_core	8.283475926109343	0.9997474063663496	1
layers24_30_36_concat	catboost	HPCLAS_TRAIN_P_007116	1	HPCLAS_TRAIN_P_007116	0	A_clean_core	4.652920214856736	0.9905563127489964	1
layers24_30_36_concat	catboost	HPCLAS_TRAIN_P_007120	1	HPCLAS_TRAIN_N_005110	0	B_ambiguous	0.37226471636546526	0.5920061001914151	1
layers24_30_36_concat	catboost	HPCLAS_TRAIN_P_007122	1	HPCLAS_TRAIN_P_007122	0	A_clean_core	8.295507072469244	0.9997504263952403	1
layers24_30_36_concat	catboost	HPCLAS_TRAIN_P_007123	1	HPCLAS_TRAIN_P_007123	0	A_clean_core	7.697412844298833	0.9995462057885849	1
layers24_30_36_concat	catboost	HPCLAS_TRAIN_P_007124	1	HPCLAS_TRAIN_N_001977	0	B_ambiguous	2.868531774690407	0.9462687461366659	1
layers24_30_36_concat	catboost	HPCLAS_TRAIN_P_007127	1	HPCLAS_TRAIN_P_007127	0	A_clean_core	0.381228527804172	0.5941693746972645	1
layers24_30_36_concat	catboost	HPCLAS_TRAIN_P_007130	1	HPCLAS_TRAIN_P_007130	0	A_clean_core	3.513891135683116	0.9710804403140509	1
layers24_30_36_concat	catboost	HPCLAS_TRAIN_P_007131	1	HPCLAS_TRAIN_P_007131	0	A_clean_core	7.310629738922789	0.9993320504502794	1
layers24_30_36_concat	catboost	HPCLAS_TRAIN_P_007144	1	HPCLAS_TRAIN_P_007144	0	A_clean_core	8.856694733734363	0.9998575952422862	1
layers24_30_36_concat	catboost	HPCLAS_TRAIN_P_007146	1	HPCLAS_TRAIN_P_007146	0	A_clean_core	3.424212907883119	0.9684527388474469	1
layers24_30_36_concat	catboost	HPCLAS_TRAIN_P_007148	1	HPCLAS_TRAIN_P_007148	0	A_clean_core	3.184300579802648	0.9602391870960105	1
layers24_30_36_concat	catboost	HPCLAS_TRAIN_P_007150	1	HPCLAS_TRAIN_P_007150	0	A_clean_core	8.515026506259066	0.9997996063588372	1
layers24_30_36_concat	catboost	HPCLAS_TRAIN_P_007156	1	HPCLAS_TRAIN_P_007156	0	A_clean_core	1.154133601669939	0.7602651260505451	1
layers24_30_36_concat	catboost	HPCLAS_TRAIN_P_007158	1	HPCLAS_TRAIN_P_007158	0	A_clean_core	4.947118280919406	0.9929462579673392	1
layers24_30_36_concat	catboost	HPCLAS_TRAIN_P_007159	1	HPCLAS_TRAIN_P_007159	0	A_clean_core	7.6112951648590865	0.9995054141800529	1
layers24_30_36_concat	catboost	HPCLAS_TRAIN_P_007185	1	HPCLAS_TRAIN_P_007185	0	A_clean_core	2.9834191030180635	0.9518194111215406	1
layers24_30_36_concat	catboost	HPCLAS_TRAIN_P_007187	1	HPCLAS_TRAIN_P_007187	0	D_hard_sample	0.92426317906776	0.7159099608892371	1
layers24_30_36_concat	catboost	HPCLAS_TRAIN_P_007191	1	HPCLAS_TRAIN_P_007191	0	A_clean_core	5.505213583733876	0.9959509413703176	1
layers24_30_36_concat	catboost	HPCLAS_TRAIN_P_007204	1	HPCLAS_TRAIN_P_007204	0	A_clean_core	4.425623485973412	0.9881747617695377	1
layers24_30_36_concat	catboost	HPCLAS_TRAIN_P_007212	1	HPCLAS_TRAIN_P_007212	0	A_clean_core	3.6486362231198886	0.9746336020095583	1
layers24_30_36_concat	catboost	HPCLAS_TRAIN_P_007213	1	HPCLAS_TRAIN_P_007213	0	A_clean_core	4.767328069879641	0.9915686231411959	1
layers24_30_36_concat	catboost	HPCLAS_TRAIN_P_007219	1	HPCLAS_TRAIN_P_007219	0	A_clean_core	8.710621319261147	0.9998352013498719	1
layers24_30_36_concat	catboost	HPCLAS_TRAIN_P_007223	1	HPCLAS_TRAIN_P_007223	0	A_clean_core	3.7174184716879757	0.9762797132013833	1
layers24_30_36_concat	catboost	HPCLAS_TRAIN_P_007233	1	HPCLAS_TRAIN_P_007233	0	D_hard_sample	-0.17059748441836364	0.45745376591130843	0
layers24_30_36_concat	catboost	HPCLAS_TRAIN_P_007237	1	HPCLAS_TRAIN_P_007237	0	B_ambiguous	1.2175292155559392	0.7716284449989048	1
layers24_30_36_concat	catboost	HPCLAS_TRAIN_P_007240	1	HPCLAS_TRAIN_P_007240	0	A_clean_core	2.0031366063587397	0.8811260083778742	1
layers24_30_36_concat	catboost	HPCLAS_TRAIN_P_007243	1	HPCLAS_TRAIN_P_007243	0	A_clean_core	2.625048116095106	0.9324563393479735	1
layers24_30_36_concat	catboost	HPCLAS_TRAIN_P_007244	1	HPCLAS_TRAIN_P_007244	0	A_clean_core	6.216001042330276	0.9980067648696209	1
layers24_30_36_concat	catboost	HPCLAS_TRAIN_P_007269	1	HPCLAS_TRAIN_P_007269	0	A_clean_core	1.671869172674152	0.8418248713111274	1
layers24_30_36_concat	catboost	HPCLAS_TRAIN_P_007276	1	HPCLAS_TRAIN_P_007276	0	A_clean_core	7.012937580790912	0.9991006491532669	1
layers24_30_36_concat	catboost	HPCLAS_TRAIN_P_007283	1	HPCLAS_TRAIN_P_007283	0	D_hard_sample	-0.003936018437007582	0.49901599666111585	0
layers24_30_36_concat	catboost	HPCLAS_TRAIN_P_007298	1	HPCLAS_TRAIN_P_007298	0	A_clean_core	1.0006004951840082	0.7311766267663602	1
layers24_30_36_concat	catboost	HPCLAS_TRAIN_P_007301	1	HPCLAS_TRAIN_P_007301	0	A_clean_core	8.217368806711638	0.9997301484849885	1
layers24_30_36_concat	catboost	HPCLAS_TRAIN_P_007305	1	HPCLAS_TRAIN_P_007305	0	A_clean_core	7.03524836217956	0.9991204747409788	1
layers24_30_36_concat	catboost	HPCLAS_TRAIN_P_007307	1	HPCLAS_TRAIN_P_007307	0	A_clean_core	8.879641755190967	0.9998608253501127	1
layers24_30_36_concat	catboost	HPCLAS_TRAIN_P_007312	1	HPCLAS_TRAIN_P_007312	0	A_clean_core	6.559859928205531	0.9985859184084974	1
layers24_30_36_concat	catboost	HPCLAS_TRAIN_P_007313	1	HPCLAS_TRAIN_P_007313	0	A_clean_core	4.314745884588646	0.9868064504880086	1
layers24_30_36_concat	catboost	HPCLAS_TRAIN_P_007323	1	HPCLAS_TRAIN_P_007323	0	A_clean_core	3.265812585078653	0.9632371771364724	1
layers24_30_36_concat	catboost	HPCLAS_TRAIN_P_007326	1	HPCLAS_TRAIN_P_004508	0	A_clean_core	8.221146614900135	0.9997311657354909	1
layers24_30_36_concat	catboost	HPCLAS_TRAIN_P_007340	1	HPCLAS_TRAIN_P_007340	0	D_hard_sample	3.6891369660772297	0.9756158829369875	1
layers24_30_36_concat	catboost	HPCLAS_TRAIN_P_007363	1	HPCLAS_TRAIN_P_007363	0	A_clean_core	0.8038424846087138	0.6907958252736845	1
layers24_30_36_concat	catboost	HPCLAS_TRAIN_P_007369	1	HPCLAS_TRAIN_P_007369	0	A_clean_core	5.519912993367428	0.9960097890764135	1
layers24_30_36_concat	catboost	HPCLAS_TRAIN_P_007379	1	HPCLAS_TRAIN_P_007379	0	A_clean_core	1.1049002186918	0.7511771325691766	1
layers24_30_36_concat	catboost	HPCLAS_TRAIN_P_007382	1	HPCLAS_TRAIN_P_007382	0	A_clean_core	5.984161081121692	0.9974880005289791	1
layers24_30_36_concat	catboost	HPCLAS_TRAIN_P_007384	1	HPCLAS_TRAIN_P_007384	0	A_clean_core	6.64341336120465	0.998699120997304	1
layers24_30_36_concat	catboost	HPCLAS_TRAIN_P_007391	1	HPCLAS_TRAIN_P_007391	0	A_clean_core	1.3470144870043237	0.7936411047383357	1
layers24_30_36_concat	catboost	HPCLAS_TRAIN_P_007403	1	HPCLAS_TRAIN_P_007403	0	A_clean_core	3.717587825410616	0.9762836347167252	1
layers24_30_36_concat	catboost	HPCLAS_TRAIN_P_007408	1	HPCLAS_TRAIN_P_007408	0	A_clean_core	8.573820722933597	0.9998110465168828	1
layers24_30_36_concat	catboost	HPCLAS_TRAIN_P_007415	1	HPCLAS_TRAIN_P_007415	0	D_hard_sample	1.9751459516805656	0.8781627658891389	1
layers24_30_36_concat	catboost	HPCLAS_TRAIN_P_007419	1	HPCLAS_TRAIN_P_007419	0	A_clean_core	3.917980194921489	0.9805063470284002	1
layers24_30_36_concat	catboost	HPCLAS_TRAIN_P_007421	1	HPCLAS_TRAIN_P_007421	0	A_clean_core	8.70361867256727	0.9998340434652708	1
layers24_30_36_concat	catboost	HPCLAS_TRAIN_P_007429	1	HPCLAS_TRAIN_P_007429	0	A_clean_core	8.25804172594047	0.9997409011369229	1
layers24_30_36_concat	catboost	HPCLAS_TRAIN_P_007431	1	HPCLAS_TRAIN_P_007431	0	A_clean_core	4.807002673320378	0.9918939272735376	1
layers24_30_36_concat	catboost	HPCLAS_TRAIN_P_007441	1	HPCLAS_TRAIN_P_007441	0	A_clean_core	5.184269766446676	0.9944272027380423	1
layers24_30_36_concat	catboost	HPCLAS_TRAIN_P_007448	1	HPCLAS_TRAIN_P_007448	0	A_clean_core	3.5014878895240247	0.9707300745692521	1
