representation	head	clean_id	label	homology_group	fold	quality_tier	raw_score	probability_uncalibrated	prediction_at_fixed_boundary
layer30_mean	catboost	HPCLAS_TRAIN_N_000016	0	HPCLAS_TRAIN_N_000016	0	A_clean_core	-1.6735915122549645	0.15794592425570617	0
layer30_mean	catboost	HPCLAS_TRAIN_N_000026	0	HPCLAS_TRAIN_N_000026	0	A_clean_core	-1.2193280009541763	0.22805473154338643	0
layer30_mean	catboost	HPCLAS_TRAIN_N_000028	0	HPCLAS_TRAIN_N_000028	0	A_clean_core	-0.31296661281640453	0.4223907879869173	0
layer30_mean	catboost	HPCLAS_TRAIN_N_000031	0	HPCLAS_TRAIN_N_000031	0	A_clean_core	-3.317148364911586	0.03498756195145003	0
layer30_mean	catboost	HPCLAS_TRAIN_N_000042	0	HPCLAS_TRAIN_N_000042	0	A_clean_core	-1.1298156678495173	0.24419512035485486	0
layer30_mean	catboost	HPCLAS_TRAIN_N_000049	0	HPCLAS_TRAIN_P_001569	0	B_ambiguous	0.6201672075320334	0.6502565763612298	1
layer30_mean	catboost	HPCLAS_TRAIN_N_000054	0	HPCLAS_TRAIN_N_000054	0	A_clean_core	-2.7261450393385056	0.06144811153928843	0
layer30_mean	catboost	HPCLAS_TRAIN_N_000061	0	HPCLAS_TRAIN_N_000061	0	A_clean_core	-3.1064002771610966	0.04284402044306821	0
layer30_mean	catboost	HPCLAS_TRAIN_N_000069	0	HPCLAS_TRAIN_N_000069	0	D_hard_sample	-0.26547763740577424	0.43401766353249954	0
layer30_mean	catboost	HPCLAS_TRAIN_N_000079	0	HPCLAS_TRAIN_N_000079	0	A_clean_core	-0.9607690950573781	0.276724235659219	0
layer30_mean	catboost	HPCLAS_TRAIN_N_000086	0	HPCLAS_TRAIN_N_000086	0	A_clean_core	-4.149813392596041	0.015522607990885074	0
layer30_mean	catboost	HPCLAS_TRAIN_N_000088	0	HPCLAS_TRAIN_N_000088	0	D_hard_sample	0.25108667126446244	0.5624439496241103	1
layer30_mean	catboost	HPCLAS_TRAIN_N_000101	0	HPCLAS_TRAIN_N_000101	0	D_hard_sample	0.9804981066827226	0.727207040413203	1
layer30_mean	catboost	HPCLAS_TRAIN_N_000102	0	HPCLAS_TRAIN_N_000102	0	D_hard_sample	-0.049931380862146935	0.48751974759767386	0
layer30_mean	catboost	HPCLAS_TRAIN_N_000107	0	HPCLAS_TRAIN_N_000107	0	D_hard_sample	1.1524327277636168	0.7599549840431753	1
layer30_mean	catboost	HPCLAS_TRAIN_N_000114	0	HPCLAS_TRAIN_N_000114	0	A_clean_core	-0.03586298951359069	0.4910352134423599	0
layer30_mean	catboost	HPCLAS_TRAIN_N_000124	0	HPCLAS_TRAIN_N_000124	0	A_clean_core	-2.7198611761325218	0.061811516288340515	0
layer30_mean	catboost	HPCLAS_TRAIN_N_000125	0	HPCLAS_TRAIN_N_000125	0	A_clean_core	0.6387885663028473	0.6544795630486857	1
layer30_mean	catboost	HPCLAS_TRAIN_N_000128	0	HPCLAS_TRAIN_N_000128	0	D_hard_sample	-0.8081726803966724	0.3082800230625466	0
layer30_mean	catboost	HPCLAS_TRAIN_N_000136	0	HPCLAS_TRAIN_N_000136	0	A_clean_core	-1.635562003920187	0.1630698464047405	0
layer30_mean	catboost	HPCLAS_TRAIN_N_000139	0	HPCLAS_TRAIN_N_000139	0	A_clean_core	0.2241547455829874	0.555805219106047	1
layer30_mean	catboost	HPCLAS_TRAIN_N_000140	0	HPCLAS_TRAIN_N_000140	0	A_clean_core	0.15454401894482522	0.5385592898982444	1
layer30_mean	catboost	HPCLAS_TRAIN_N_000143	0	HPCLAS_TRAIN_P_000687	0	B_ambiguous	-0.11798552818533556	0.4705377876290488	0
layer30_mean	catboost	HPCLAS_TRAIN_N_000147	0	HPCLAS_TRAIN_N_000147	0	A_clean_core	-0.07767585885153912	0.48059079315653164	0
layer30_mean	catboost	HPCLAS_TRAIN_N_000150	0	HPCLAS_TRAIN_N_000150	0	A_clean_core	-1.194019905275098	0.23254074996918292	0
layer30_mean	catboost	HPCLAS_TRAIN_N_000164	0	HPCLAS_TRAIN_N_000164	0	D_hard_sample	-2.039214619893231	0.11514672863850754	0
layer30_mean	catboost	HPCLAS_TRAIN_N_000165	0	HPCLAS_TRAIN_N_000165	0	A_clean_core	-1.3249671531155056	0.20999307568791437	0
layer30_mean	catboost	HPCLAS_TRAIN_N_000166	0	HPCLAS_TRAIN_N_000166	0	A_clean_core	-2.584803338444347	0.0701228785839984	0
layer30_mean	catboost	HPCLAS_TRAIN_N_000171	0	HPCLAS_TRAIN_N_000171	0	D_hard_sample	0.4487664572795575	0.6103459081196104	1
layer30_mean	catboost	HPCLAS_TRAIN_N_000172	0	HPCLAS_TRAIN_N_000172	0	D_hard_sample	-2.4931078885757563	0.07634275726078492	0
layer30_mean	catboost	HPCLAS_TRAIN_N_000173	0	HPCLAS_TRAIN_N_000173	0	D_hard_sample	-1.0398611931117026	0.26117677768643305	0
layer30_mean	catboost	HPCLAS_TRAIN_N_000175	0	HPCLAS_TRAIN_N_000175	0	A_clean_core	-0.9610979521708329	0.2766584204208208	0
layer30_mean	catboost	HPCLAS_TRAIN_N_000177	0	HPCLAS_TRAIN_N_000177	0	A_clean_core	-2.0521579549089046	0.11383451348135062	0
layer30_mean	catboost	HPCLAS_TRAIN_N_000196	0	HPCLAS_TRAIN_N_000196	0	A_clean_core	-1.1792465556215903	0.2351876945828356	0
layer30_mean	catboost	HPCLAS_TRAIN_N_000199	0	HPCLAS_TRAIN_N_000199	0	D_hard_sample	0.4631695999579585	0.6137658234748725	1
layer30_mean	catboost	HPCLAS_TRAIN_N_000203	0	HPCLAS_TRAIN_N_000203	0	A_clean_core	-1.610525504410359	0.16651566698241888	0
layer30_mean	catboost	HPCLAS_TRAIN_N_000205	0	HPCLAS_TRAIN_N_000205	0	A_clean_core	-0.986261025493496	0.2716512273841478	0
layer30_mean	catboost	HPCLAS_TRAIN_N_000208	0	HPCLAS_TRAIN_N_000208	0	A_clean_core	-0.20166363138878254	0.44975426057852375	0
layer30_mean	catboost	HPCLAS_TRAIN_N_000212	0	HPCLAS_TRAIN_N_000212	0	D_hard_sample	-1.5892341522461482	0.16949167363019005	0
layer30_mean	catboost	HPCLAS_TRAIN_N_000217	0	HPCLAS_TRAIN_N_000217	0	A_clean_core	-1.775097385806606	0.1449095639190545	0
layer30_mean	catboost	HPCLAS_TRAIN_N_000225	0	HPCLAS_TRAIN_N_000225	0	A_clean_core	-2.9825639885622017	0.0482198189146091	0
layer30_mean	catboost	HPCLAS_TRAIN_N_000226	0	HPCLAS_TRAIN_N_000226	0	A_clean_core	-0.12138952436187554	0.4696898291882501	0
layer30_mean	catboost	HPCLAS_TRAIN_N_000232	0	HPCLAS_TRAIN_N_000232	0	A_clean_core	-0.9022546734446153	0.2885873817534506	0
layer30_mean	catboost	HPCLAS_TRAIN_N_000234	0	HPCLAS_TRAIN_N_000234	0	A_clean_core	-0.2915090493397911	0.4276344670088427	0
layer30_mean	catboost	HPCLAS_TRAIN_N_000235	0	HPCLAS_TRAIN_N_000235	0	A_clean_core	-1.216542001374464	0.22854556654576091	0
layer30_mean	catboost	HPCLAS_TRAIN_N_000237	0	HPCLAS_TRAIN_N_000237	0	B_ambiguous	1.497418988821165	0.8171892119604978	1
layer30_mean	catboost	HPCLAS_TRAIN_N_000238	0	HPCLAS_TRAIN_N_000238	0	A_clean_core	-1.6058469924355807	0.16716600271071294	0
layer30_mean	catboost	HPCLAS_TRAIN_N_000247	0	HPCLAS_TRAIN_N_000247	0	A_clean_core	-3.231265682276982	0.03800594476884931	0
layer30_mean	catboost	HPCLAS_TRAIN_N_000254	0	HPCLAS_TRAIN_N_000254	0	A_clean_core	-1.111338468928309	0.2476214407961841	0
layer30_mean	catboost	HPCLAS_TRAIN_N_000256	0	HPCLAS_TRAIN_N_000256	0	D_hard_sample	2.0228076359401355	0.8831710127270849	1
layer30_mean	catboost	HPCLAS_TRAIN_N_000261	0	HPCLAS_TRAIN_N_000261	0	A_clean_core	0.011476374132796115	0.5028690620435996	1
layer30_mean	catboost	HPCLAS_TRAIN_N_000262	0	HPCLAS_TRAIN_N_000262	0	A_clean_core	-1.0379512097873669	0.26154550277469824	0
layer30_mean	catboost	HPCLAS_TRAIN_N_000273	0	HPCLAS_TRAIN_N_000273	0	D_hard_sample	2.0942751497182988	0.8903455072021346	1
layer30_mean	catboost	HPCLAS_TRAIN_N_000274	0	HPCLAS_TRAIN_N_000274	0	A_clean_core	-0.8821536826543505	0.29273168182411785	0
layer30_mean	catboost	HPCLAS_TRAIN_N_000276	0	HPCLAS_TRAIN_N_000276	0	A_clean_core	-0.09236377075539723	0.47692545918204005	0
layer30_mean	catboost	HPCLAS_TRAIN_N_000279	0	HPCLAS_TRAIN_N_000279	0	A_clean_core	-0.6270349156999124	0.3481831653018316	0
layer30_mean	catboost	HPCLAS_TRAIN_N_000289	0	HPCLAS_TRAIN_N_000289	0	A_clean_core	-3.0696956956252834	0.04437473001380654	0
layer30_mean	catboost	HPCLAS_TRAIN_N_000292	0	HPCLAS_TRAIN_N_000292	0	A_clean_core	-2.048713141030799	0.11418247581285383	0
layer30_mean	catboost	HPCLAS_TRAIN_N_000300	0	HPCLAS_TRAIN_N_000300	0	A_clean_core	-0.5811684157587346	0.3586637855514204	0
layer30_mean	catboost	HPCLAS_TRAIN_N_000309	0	HPCLAS_TRAIN_N_000309	0	A_clean_core	-0.021101332149447264	0.4947248626978888	0
layer30_mean	catboost	HPCLAS_TRAIN_N_000319	0	HPCLAS_TRAIN_P_006923	0	B_ambiguous	0.7855646486745076	0.6868781821427958	1
layer30_mean	catboost	HPCLAS_TRAIN_N_000322	0	HPCLAS_TRAIN_N_000322	0	A_clean_core	0.008468772991715301	0.5021171805942408	1
layer30_mean	catboost	HPCLAS_TRAIN_N_000328	0	HPCLAS_TRAIN_N_000328	0	A_clean_core	1.4837421323521183	0.8151371424430729	1
layer30_mean	catboost	HPCLAS_TRAIN_N_000336	0	HPCLAS_TRAIN_N_000336	0	D_hard_sample	0.7177990308124786	0.6721221646461837	1
layer30_mean	catboost	HPCLAS_TRAIN_N_000342	0	HPCLAS_TRAIN_N_000342	0	A_clean_core	-3.050958402115411	0.04517611455914687	0
layer30_mean	catboost	HPCLAS_TRAIN_N_000351	0	HPCLAS_TRAIN_N_000351	0	B_ambiguous	-0.628819051666045	0.3477783624558454	0
layer30_mean	catboost	HPCLAS_TRAIN_N_000355	0	HPCLAS_TRAIN_N_000355	0	A_clean_core	-1.291624750498984	0.21557793190731311	0
layer30_mean	catboost	HPCLAS_TRAIN_N_000363	0	HPCLAS_TRAIN_N_000363	0	A_clean_core	-2.0951502159321604	0.10956908892404761	0
layer30_mean	catboost	HPCLAS_TRAIN_N_000366	0	HPCLAS_TRAIN_N_000366	0	A_clean_core	-2.4295221930255897	0.08094900715326325	0
layer30_mean	catboost	HPCLAS_TRAIN_N_000368	0	HPCLAS_TRAIN_N_000368	0	A_clean_core	-1.138193888125458	0.2426521196200755	0
layer30_mean	catboost	HPCLAS_TRAIN_N_000374	0	HPCLAS_TRAIN_N_000374	0	A_clean_core	-0.3567716616691161	0.4117412796424035	0
layer30_mean	catboost	HPCLAS_TRAIN_N_000377	0	HPCLAS_TRAIN_N_000377	0	A_clean_core	0.053694562634926765	0.5134204164399979	1
layer30_mean	catboost	HPCLAS_TRAIN_N_000381	0	HPCLAS_TRAIN_N_000381	0	A_clean_core	-1.1698356754423793	0.23688468799373202	0
layer30_mean	catboost	HPCLAS_TRAIN_N_000384	0	HPCLAS_TRAIN_N_000384	0	D_hard_sample	1.8492017609931133	0.8640333533450347	1
layer30_mean	catboost	HPCLAS_TRAIN_N_000391	0	HPCLAS_TRAIN_N_000391	0	D_hard_sample	-2.168016958255456	0.10265956851577131	0
layer30_mean	catboost	HPCLAS_TRAIN_N_000395	0	HPCLAS_TRAIN_N_000395	0	B_ambiguous	0.4284468684774705	0.6055027340449773	1
layer30_mean	catboost	HPCLAS_TRAIN_N_000400	0	HPCLAS_TRAIN_N_000400	0	D_hard_sample	1.4174006318528438	0.8049305940355359	1
layer30_mean	catboost	HPCLAS_TRAIN_N_000401	0	HPCLAS_TRAIN_N_000401	0	D_hard_sample	1.0119952793861187	0.7334104470325588	1
layer30_mean	catboost	HPCLAS_TRAIN_N_000407	0	HPCLAS_TRAIN_N_000407	0	A_clean_core	-0.9746166550206172	0.2739612619356363	0
layer30_mean	catboost	HPCLAS_TRAIN_N_000408	0	HPCLAS_TRAIN_N_000408	0	A_clean_core	-0.697234885079101	0.3324255742571151	0
layer30_mean	catboost	HPCLAS_TRAIN_N_000415	0	HPCLAS_TRAIN_N_000415	0	A_clean_core	-1.1382274066010947	0.24264595991360963	0
layer30_mean	catboost	HPCLAS_TRAIN_N_000416	0	HPCLAS_TRAIN_N_000416	0	D_hard_sample	-0.45450725902714867	0.3882896607841967	0
layer30_mean	catboost	HPCLAS_TRAIN_N_000417	0	HPCLAS_TRAIN_P_001196	0	B_ambiguous	0.6580034726892873	0.658811753783208	1
layer30_mean	catboost	HPCLAS_TRAIN_N_000430	0	HPCLAS_TRAIN_N_000430	0	A_clean_core	-2.858520707880223	0.054242538567551915	0
layer30_mean	catboost	HPCLAS_TRAIN_N_000433	0	HPCLAS_TRAIN_N_000433	0	A_clean_core	1.999544738626574	0.8807492701667492	1
layer30_mean	catboost	HPCLAS_TRAIN_N_000434	0	HPCLAS_TRAIN_P_004166	0	B_ambiguous	0.5338620049998917	0.6303834119923096	1
layer30_mean	catboost	HPCLAS_TRAIN_N_000454	0	HPCLAS_TRAIN_N_000454	0	A_clean_core	-2.927624935164374	0.05080473702883028	0
layer30_mean	catboost	HPCLAS_TRAIN_N_000461	0	HPCLAS_TRAIN_N_000461	0	A_clean_core	-0.00875109207589897	0.4978122409428505	0
layer30_mean	catboost	HPCLAS_TRAIN_N_000465	0	HPCLAS_TRAIN_N_000465	0	A_clean_core	-1.7288353746266623	0.1507366087242529	0
layer30_mean	catboost	HPCLAS_TRAIN_N_000479	0	HPCLAS_TRAIN_N_000479	0	D_hard_sample	-0.033952381195076056	0.4915127200049368	0
layer30_mean	catboost	HPCLAS_TRAIN_N_000484	0	HPCLAS_TRAIN_N_000484	0	A_clean_core	-2.5060026256776706	0.07543844354671764	0
layer30_mean	catboost	HPCLAS_TRAIN_N_000486	0	HPCLAS_TRAIN_N_000486	0	A_clean_core	-1.0783052812861313	0.25382686039729	0
layer30_mean	catboost	HPCLAS_TRAIN_N_000498	0	HPCLAS_TRAIN_N_000498	0	D_hard_sample	0.9698337021960147	0.7250863498691489	1
layer30_mean	catboost	HPCLAS_TRAIN_N_000517	0	HPCLAS_TRAIN_N_000517	0	A_clean_core	0.19056540488667217	0.5474976975518123	1
layer30_mean	catboost	HPCLAS_TRAIN_N_000526	0	HPCLAS_TRAIN_N_000526	0	A_clean_core	-0.8967951575548526	0.289709538469642	0
layer30_mean	catboost	HPCLAS_TRAIN_N_000531	0	HPCLAS_TRAIN_N_000531	0	A_clean_core	-2.7517799878617097	0.05998620182570327	0
layer30_mean	catboost	HPCLAS_TRAIN_N_000537	0	HPCLAS_TRAIN_N_000537	0	A_clean_core	-4.095510528728349	0.016374652362928416	0
layer30_mean	catboost	HPCLAS_TRAIN_N_000539	0	HPCLAS_TRAIN_N_000539	0	A_clean_core	-3.1267218697982497	0.04201836311720332	0
layer30_mean	catboost	HPCLAS_TRAIN_N_000548	0	HPCLAS_TRAIN_N_000548	0	A_clean_core	-3.2617451240216027	0.03690712872135326	0
layer30_mean	catboost	HPCLAS_TRAIN_N_000549	0	HPCLAS_TRAIN_N_000549	0	A_clean_core	-2.631269592626191	0.06715287531240206	0
layer30_mean	catboost	HPCLAS_TRAIN_N_000550	0	HPCLAS_TRAIN_P_000348	0	B_ambiguous	0.7806333431081224	0.6858165978236662	1
layer30_mean	catboost	HPCLAS_TRAIN_N_000551	0	HPCLAS_TRAIN_N_000551	0	A_clean_core	-1.7037286799593316	0.15397890523614446	0
layer30_mean	catboost	HPCLAS_TRAIN_N_000560	0	HPCLAS_TRAIN_N_000560	0	A_clean_core	-4.652231629996971	0.009450130797152446	0
layer30_mean	catboost	HPCLAS_TRAIN_N_000564	0	HPCLAS_TRAIN_N_000564	0	D_hard_sample	-0.24364784837718997	0.43938759261391525	0
layer30_mean	catboost	HPCLAS_TRAIN_N_000569	0	HPCLAS_TRAIN_N_000569	0	A_clean_core	-2.4803762422481728	0.07724537987586566	0
layer30_mean	catboost	HPCLAS_TRAIN_N_000572	0	HPCLAS_TRAIN_N_000572	0	D_hard_sample	-1.2201190840018628	0.22791549467982755	0
layer30_mean	catboost	HPCLAS_TRAIN_N_000574	0	HPCLAS_TRAIN_N_000574	0	A_clean_core	-2.0975097001932728	0.10933910087604105	0
layer30_mean	catboost	HPCLAS_TRAIN_N_000579	0	HPCLAS_TRAIN_N_000579	0	B_ambiguous	0.5567590055030476	0.6357023055638459	1
layer30_mean	catboost	HPCLAS_TRAIN_N_000580	0	HPCLAS_TRAIN_N_000580	0	A_clean_core	-3.1227379272281937	0.04217902096087006	0
layer30_mean	catboost	HPCLAS_TRAIN_N_000585	0	HPCLAS_TRAIN_N_000585	0	B_ambiguous	1.2869849392942778	0.7836364216738136	1
layer30_mean	catboost	HPCLAS_TRAIN_N_000592	0	HPCLAS_TRAIN_N_000592	0	A_clean_core	-1.4572650459857235	0.18888598574836243	0
layer30_mean	catboost	HPCLAS_TRAIN_N_000606	0	HPCLAS_TRAIN_N_000606	0	A_clean_core	-1.9481086888091903	0.12475973289998792	0
layer30_mean	catboost	HPCLAS_TRAIN_N_000610	0	HPCLAS_TRAIN_N_000610	0	A_clean_core	-0.42545524490286873	0.3952120976897921	0
layer30_mean	catboost	HPCLAS_TRAIN_N_000613	0	HPCLAS_TRAIN_N_000613	0	D_hard_sample	-1.311368856677331	0.21225787501789167	0
layer30_mean	catboost	HPCLAS_TRAIN_N_000618	0	HPCLAS_TRAIN_N_000618	0	D_hard_sample	-0.539823916884031	0.3682285446350489	0
layer30_mean	catboost	HPCLAS_TRAIN_N_000620	0	HPCLAS_TRAIN_N_000620	0	A_clean_core	-1.0030328875308292	0.26834553752633095	0
layer30_mean	catboost	HPCLAS_TRAIN_N_000621	0	HPCLAS_TRAIN_N_000621	0	B_ambiguous	-0.22390005954904943	0.4442576601468165	0
layer30_mean	catboost	HPCLAS_TRAIN_N_000625	0	HPCLAS_TRAIN_N_000625	0	A_clean_core	-3.231232337442258	0.03800716392456949	0
layer30_mean	catboost	HPCLAS_TRAIN_N_000631	0	HPCLAS_TRAIN_N_000631	0	A_clean_core	-1.5544974464148071	0.1744376460933117	0
layer30_mean	catboost	HPCLAS_TRAIN_N_000642	0	HPCLAS_TRAIN_N_000642	0	A_clean_core	-2.1084594613170484	0.10827732118472884	0
layer30_mean	catboost	HPCLAS_TRAIN_N_000648	0	HPCLAS_TRAIN_N_000648	0	D_hard_sample	-1.3554061553345726	0.20498793688346956	0
layer30_mean	catboost	HPCLAS_TRAIN_N_000651	0	HPCLAS_TRAIN_N_000651	0	A_clean_core	-1.0003052528241452	0.26888140925530996	0
layer30_mean	catboost	HPCLAS_TRAIN_N_000653	0	HPCLAS_TRAIN_N_000653	0	A_clean_core	-1.2996641040573451	0.21422155312210167	0
layer30_mean	catboost	HPCLAS_TRAIN_N_000654	0	HPCLAS_TRAIN_N_000654	0	A_clean_core	-3.2536768711167983	0.037194988695084155	0
layer30_mean	catboost	HPCLAS_TRAIN_N_000663	0	HPCLAS_TRAIN_N_000663	0	D_hard_sample	-0.9543978468373072	0.27800124009838656	0
layer30_mean	catboost	HPCLAS_TRAIN_N_000667	0	HPCLAS_TRAIN_N_000667	0	A_clean_core	0.40479168623142936	0.5998383678710307	1
layer30_mean	catboost	HPCLAS_TRAIN_N_000672	0	HPCLAS_TRAIN_N_000672	0	A_clean_core	-3.087179907841985	0.04363917958651579	0
layer30_mean	catboost	HPCLAS_TRAIN_N_000692	0	HPCLAS_TRAIN_N_000692	0	A_clean_core	-2.0714466078393023	0.11190319268062462	0
layer30_mean	catboost	HPCLAS_TRAIN_N_000702	0	HPCLAS_TRAIN_N_000702	0	B_ambiguous	0.6745260755369284	0.6625158812311371	1
layer30_mean	catboost	HPCLAS_TRAIN_N_000708	0	HPCLAS_TRAIN_N_000708	0	D_hard_sample	0.29270633355783576	0.5726585587197851	1
layer30_mean	catboost	HPCLAS_TRAIN_N_000709	0	HPCLAS_TRAIN_N_000709	0	A_clean_core	-0.30883282978944476	0.4233996574124242	0
layer30_mean	catboost	HPCLAS_TRAIN_N_000710	0	HPCLAS_TRAIN_N_000710	0	A_clean_core	-2.200665593184877	0.09969073455369873	0
layer30_mean	catboost	HPCLAS_TRAIN_N_000713	0	HPCLAS_TRAIN_N_000713	0	A_clean_core	-4.049626856993332	0.017130314743068337	0
layer30_mean	catboost	HPCLAS_TRAIN_N_000718	0	HPCLAS_TRAIN_N_000718	0	A_clean_core	-4.426214567510607	0.011818333197758277	0
layer30_mean	catboost	HPCLAS_TRAIN_N_000724	0	HPCLAS_TRAIN_N_000724	0	A_clean_core	-3.3532778037119044	0.03378799210790034	0
layer30_mean	catboost	HPCLAS_TRAIN_N_000726	0	HPCLAS_TRAIN_N_000726	0	A_clean_core	-1.0772213630478196	0.2540322079681391	0
layer30_mean	catboost	HPCLAS_TRAIN_N_000732	0	HPCLAS_TRAIN_N_000732	0	A_clean_core	-1.7094657275139387	0.1532330262018021	0
layer30_mean	catboost	HPCLAS_TRAIN_N_000736	0	HPCLAS_TRAIN_P_006659	0	B_ambiguous	-0.36821970430526213	0.4089712737136112	0
layer30_mean	catboost	HPCLAS_TRAIN_N_000738	0	HPCLAS_TRAIN_N_000738	0	A_clean_core	-1.5420618320811066	0.17623574494260172	0
layer30_mean	catboost	HPCLAS_TRAIN_N_000749	0	HPCLAS_TRAIN_N_000749	0	D_hard_sample	-1.7851593381090631	0.14366722876325133	0
layer30_mean	catboost	HPCLAS_TRAIN_N_000761	0	HPCLAS_TRAIN_N_000761	0	A_clean_core	-1.1633325699118884	0.23806226730999716	0
layer30_mean	catboost	HPCLAS_TRAIN_N_000764	0	HPCLAS_TRAIN_N_000764	0	B_ambiguous	0.7201603456708843	0.6726423253003772	1
layer30_mean	catboost	HPCLAS_TRAIN_N_000777	0	HPCLAS_TRAIN_N_000777	0	A_clean_core	-1.7691686104968305	0.14564575080724818	0
layer30_mean	catboost	HPCLAS_TRAIN_N_000780	0	HPCLAS_TRAIN_N_000780	0	A_clean_core	-2.0591321201122534	0.11313287855313815	0
layer30_mean	catboost	HPCLAS_TRAIN_N_000799	0	HPCLAS_TRAIN_N_000799	0	A_clean_core	-2.8138864423104546	0.05657837529999194	0
layer30_mean	catboost	HPCLAS_TRAIN_N_000810	0	HPCLAS_TRAIN_N_000810	0	A_clean_core	-2.8513207594006964	0.05461308562507769	0
layer30_mean	catboost	HPCLAS_TRAIN_N_000819	0	HPCLAS_TRAIN_N_000819	0	A_clean_core	-1.8700138188956623	0.13354012357995804	0
layer30_mean	catboost	HPCLAS_TRAIN_N_000822	0	HPCLAS_TRAIN_N_000822	0	A_clean_core	-1.8091065605088443	0.14074614064926064	0
layer30_mean	catboost	HPCLAS_TRAIN_N_000836	0	HPCLAS_TRAIN_N_000836	0	A_clean_core	-1.4802935656166145	0.18538308203589654	0
layer30_mean	catboost	HPCLAS_TRAIN_N_000842	0	HPCLAS_TRAIN_N_000842	0	A_clean_core	-0.6977459036667795	0.3323121793321995	0
layer30_mean	catboost	HPCLAS_TRAIN_N_000843	0	HPCLAS_TRAIN_N_000843	0	A_clean_core	-2.1706355161714503	0.10241859629722737	0
layer30_mean	catboost	HPCLAS_TRAIN_N_000848	0	HPCLAS_TRAIN_N_000848	0	D_hard_sample	-0.044197684679340876	0.4889523771730127	0
layer30_mean	catboost	HPCLAS_TRAIN_N_000849	0	HPCLAS_TRAIN_N_000849	0	D_hard_sample	1.4497667908652077	0.8099625402776597	1
layer30_mean	catboost	HPCLAS_TRAIN_N_000852	0	HPCLAS_TRAIN_N_000852	0	A_clean_core	1.3122964683610236	0.787897184403105	1
layer30_mean	catboost	HPCLAS_TRAIN_N_000863	0	HPCLAS_TRAIN_N_000863	0	A_clean_core	0.30934000011894636	0.5767241544783199	1
layer30_mean	catboost	HPCLAS_TRAIN_N_000871	0	HPCLAS_TRAIN_N_000871	0	A_clean_core	-1.297926034103398	0.21451426893723577	0
layer30_mean	catboost	HPCLAS_TRAIN_N_000878	0	HPCLAS_TRAIN_N_000878	0	D_hard_sample	0.6646902740650049	0.660313205102124	1
layer30_mean	catboost	HPCLAS_TRAIN_N_000888	0	HPCLAS_TRAIN_N_000888	0	A_clean_core	-2.272106549360274	0.09345958216543211	0
layer30_mean	catboost	HPCLAS_TRAIN_N_000889	0	HPCLAS_TRAIN_N_000889	0	A_clean_core	-2.2623901674083693	0.09428605971297857	0
layer30_mean	catboost	HPCLAS_TRAIN_N_000897	0	HPCLAS_TRAIN_N_000897	0	A_clean_core	-0.8221748200673415	0.30530220107109957	0
layer30_mean	catboost	HPCLAS_TRAIN_N_000904	0	HPCLAS_TRAIN_N_000904	0	A_clean_core	-2.9184129076862315	0.05125081702602848	0
layer30_mean	catboost	HPCLAS_TRAIN_N_000905	0	HPCLAS_TRAIN_N_000905	0	A_clean_core	-0.21143647738720497	0.4473369281973058	0
layer30_mean	catboost	HPCLAS_TRAIN_N_000910	0	HPCLAS_TRAIN_N_000910	0	A_clean_core	-2.3928758579771983	0.08371756363571817	0
layer30_mean	catboost	HPCLAS_TRAIN_N_000913	0	HPCLAS_TRAIN_N_000913	0	A_clean_core	-0.1341083327946713	0.46652307543419763	0
layer30_mean	catboost	HPCLAS_TRAIN_N_000916	0	HPCLAS_TRAIN_N_000916	0	A_clean_core	-3.501458030600499	0.029270773830145813	0
layer30_mean	catboost	HPCLAS_TRAIN_N_000917	0	HPCLAS_TRAIN_N_000917	0	A_clean_core	-1.24346673177553	0.22383312740604658	0
layer30_mean	catboost	HPCLAS_TRAIN_N_000918	0	HPCLAS_TRAIN_N_000918	0	D_hard_sample	-1.5668281819304923	0.1726690296911766	0
layer30_mean	catboost	HPCLAS_TRAIN_N_000921	0	HPCLAS_TRAIN_N_000921	0	D_hard_sample	1.2400440498084158	0.7755716816827345	1
layer30_mean	catboost	HPCLAS_TRAIN_N_000922	0	HPCLAS_TRAIN_N_000922	0	D_hard_sample	0.2792182418446348	0.5693545551013312	1
layer30_mean	catboost	HPCLAS_TRAIN_N_000925	0	HPCLAS_TRAIN_N_000925	0	A_clean_core	-1.1016906053763829	0.2494232599197891	0
layer30_mean	catboost	HPCLAS_TRAIN_N_000926	0	HPCLAS_TRAIN_N_000926	0	A_clean_core	-1.2310084791716014	0.22600496703113537	0
layer30_mean	catboost	HPCLAS_TRAIN_N_000930	0	HPCLAS_TRAIN_N_000930	0	A_clean_core	-2.5315334575396093	0.07367692177850255	0
layer30_mean	catboost	HPCLAS_TRAIN_N_000931	0	HPCLAS_TRAIN_N_000931	0	B_ambiguous	1.692436582304146	0.8445443254606898	1
layer30_mean	catboost	HPCLAS_TRAIN_N_000933	0	HPCLAS_TRAIN_N_000933	0	A_clean_core	-0.12728815340915547	0.46822085792936796	0
layer30_mean	catboost	HPCLAS_TRAIN_N_000945	0	HPCLAS_TRAIN_N_000945	0	A_clean_core	-1.4996228297940621	0.18248178414257396	0
layer30_mean	catboost	HPCLAS_TRAIN_N_000946	0	HPCLAS_TRAIN_N_000946	0	D_hard_sample	-0.545599897639558	0.3668858675951828	0
layer30_mean	catboost	HPCLAS_TRAIN_N_000952	0	HPCLAS_TRAIN_N_000952	0	D_hard_sample	-0.4437386807717313	0.39085047792553324	0
layer30_mean	catboost	HPCLAS_TRAIN_N_000957	0	HPCLAS_TRAIN_N_000957	0	A_clean_core	-1.7131870987166573	0.15275079122350027	0
layer30_mean	catboost	HPCLAS_TRAIN_N_000958	0	HPCLAS_TRAIN_N_000958	0	A_clean_core	-2.3880192104274274	0.08409086587328277	0
layer30_mean	catboost	HPCLAS_TRAIN_N_000965	0	HPCLAS_TRAIN_N_000965	0	D_hard_sample	-0.06495310945637768	0.48376742920943033	0
layer30_mean	catboost	HPCLAS_TRAIN_N_000967	0	HPCLAS_TRAIN_N_000967	0	A_clean_core	-1.3802963999780986	0.20096140083389877	0
layer30_mean	catboost	HPCLAS_TRAIN_N_000969	0	HPCLAS_TRAIN_N_000969	0	A_clean_core	-0.6539395701880009	0.34210231413080033	0
layer30_mean	catboost	HPCLAS_TRAIN_N_000994	0	HPCLAS_TRAIN_N_000994	0	D_hard_sample	0.6126978461984479	0.6485559713704863	1
layer30_mean	catboost	HPCLAS_TRAIN_N_000995	0	HPCLAS_TRAIN_N_000995	0	B_ambiguous	0.5926962398764439	0.643983548905526	1
layer30_mean	catboost	HPCLAS_TRAIN_N_001000	0	HPCLAS_TRAIN_N_001000	0	A_clean_core	-0.4111733579415636	0.398630805328341	0
layer30_mean	catboost	HPCLAS_TRAIN_N_001004	0	HPCLAS_TRAIN_N_001004	0	A_clean_core	-0.7747523493013784	0.31545197542602554	0
layer30_mean	catboost	HPCLAS_TRAIN_N_001012	0	HPCLAS_TRAIN_N_001012	0	D_hard_sample	-1.6556747982323976	0.1603434585879206	0
layer30_mean	catboost	HPCLAS_TRAIN_N_001019	0	HPCLAS_TRAIN_N_001019	0	A_clean_core	-3.1521594987634782	0.04100627220991946	0
layer30_mean	catboost	HPCLAS_TRAIN_N_001022	0	HPCLAS_TRAIN_N_001022	0	A_clean_core	-1.389876010707022	0.19942755177070542	0
layer30_mean	catboost	HPCLAS_TRAIN_N_001023	0	HPCLAS_TRAIN_N_001023	0	A_clean_core	-3.7406689736079435	0.0231877809871226	0
layer30_mean	catboost	HPCLAS_TRAIN_N_001025	0	HPCLAS_TRAIN_N_001025	0	A_clean_core	-1.8686081743897407	0.13370285050811662	0
layer30_mean	catboost	HPCLAS_TRAIN_N_001026	0	HPCLAS_TRAIN_N_001026	0	A_clean_core	-2.8514487389206757	0.05460647835554491	0
layer30_mean	catboost	HPCLAS_TRAIN_N_001029	0	HPCLAS_TRAIN_N_001029	0	A_clean_core	-2.4024563323711576	0.08298558054710073	0
layer30_mean	catboost	HPCLAS_TRAIN_N_001031	0	HPCLAS_TRAIN_N_001031	0	A_clean_core	-2.8964267801821766	0.05233048301516125	0
layer30_mean	catboost	HPCLAS_TRAIN_N_001037	0	HPCLAS_TRAIN_N_001037	0	A_clean_core	0.09521003972181967	0.5237845454981171	1
layer30_mean	catboost	HPCLAS_TRAIN_N_001040	0	HPCLAS_TRAIN_N_001040	0	A_clean_core	-2.5862483145814714	0.0700287164669249	0
layer30_mean	catboost	HPCLAS_TRAIN_N_001046	0	HPCLAS_TRAIN_N_001046	0	D_hard_sample	0.27472286429409876	0.5682519918290635	1
layer30_mean	catboost	HPCLAS_TRAIN_N_001058	0	HPCLAS_TRAIN_N_001058	0	A_clean_core	-0.8872519608917673	0.291677251604276	0
layer30_mean	catboost	HPCLAS_TRAIN_N_001065	0	HPCLAS_TRAIN_N_001065	0	D_hard_sample	-0.575591908346771	0.3599475249761764	0
layer30_mean	catboost	HPCLAS_TRAIN_N_001066	0	HPCLAS_TRAIN_N_001066	0	A_clean_core	-3.400181484700416	0.032289793335128054	0
layer30_mean	catboost	HPCLAS_TRAIN_N_001076	0	HPCLAS_TRAIN_N_001076	0	A_clean_core	2.131255779597536	0.8939041647711258	1
layer30_mean	catboost	HPCLAS_TRAIN_N_001079	0	HPCLAS_TRAIN_N_001079	0	A_clean_core	-0.5560350626159941	0.3644653651306332	0
layer30_mean	catboost	HPCLAS_TRAIN_N_001093	0	HPCLAS_TRAIN_N_001093	0	A_clean_core	-1.030742682358148	0.2629401450370549	0
layer30_mean	catboost	HPCLAS_TRAIN_N_001095	0	HPCLAS_TRAIN_N_001095	0	A_clean_core	-2.196038222810047	0.10010682258661033	0
layer30_mean	catboost	HPCLAS_TRAIN_N_001102	0	HPCLAS_TRAIN_N_001102	0	A_clean_core	-1.1367376513406116	0.24291983554796354	0
layer30_mean	catboost	HPCLAS_TRAIN_N_001105	0	HPCLAS_TRAIN_N_001105	0	A_clean_core	-2.781800818392892	0.05831558512699509	0
layer30_mean	catboost	HPCLAS_TRAIN_N_001106	0	HPCLAS_TRAIN_N_001106	0	A_clean_core	-1.7332245827376347	0.15017558482591084	0
layer30_mean	catboost	HPCLAS_TRAIN_N_001113	0	HPCLAS_TRAIN_N_001113	0	D_hard_sample	0.3668609319893212	0.590700251728387	1
layer30_mean	catboost	HPCLAS_TRAIN_N_001120	0	HPCLAS_TRAIN_N_001120	0	A_clean_core	-1.3818805082718808	0.2007071516866613	0
layer30_mean	catboost	HPCLAS_TRAIN_N_001122	0	HPCLAS_TRAIN_N_001122	0	A_clean_core	-1.3077833703170927	0.21285800286895304	0
layer30_mean	catboost	HPCLAS_TRAIN_N_001134	0	HPCLAS_TRAIN_N_001134	0	A_clean_core	-0.7793293873775825	0.31446443642965805	0
layer30_mean	catboost	HPCLAS_TRAIN_N_001136	0	HPCLAS_TRAIN_N_001136	0	A_clean_core	-2.3766504103425987	0.08497063664059744	0
layer30_mean	catboost	HPCLAS_TRAIN_N_001140	0	HPCLAS_TRAIN_N_001140	0	D_hard_sample	0.8970094610832314	0.7103345584776187	1
layer30_mean	catboost	HPCLAS_TRAIN_N_001141	0	HPCLAS_TRAIN_N_001141	0	A_clean_core	-4.620274566013236	0.009754013269434874	0
layer30_mean	catboost	HPCLAS_TRAIN_N_001142	0	HPCLAS_TRAIN_P_004373	0	B_ambiguous	-0.4257485388591315	0.39514199687128143	0
layer30_mean	catboost	HPCLAS_TRAIN_N_001149	0	HPCLAS_TRAIN_N_001149	0	A_clean_core	0.21690617972827778	0.5540149349438888	1
layer30_mean	catboost	HPCLAS_TRAIN_N_001153	0	HPCLAS_TRAIN_N_001153	0	A_clean_core	1.6673028223437731	0.8412158859723237	1
layer30_mean	catboost	HPCLAS_TRAIN_N_001157	0	HPCLAS_TRAIN_N_001157	0	D_hard_sample	-1.3730089774250467	0.2021341358455028	0
layer30_mean	catboost	HPCLAS_TRAIN_N_001164	0	HPCLAS_TRAIN_N_001164	0	A_clean_core	-1.5479719488325827	0.17537937479751894	0
layer30_mean	catboost	HPCLAS_TRAIN_N_001173	0	HPCLAS_TRAIN_N_001173	0	A_clean_core	-0.6336095155779072	0.3466925422323253	0
layer30_mean	catboost	HPCLAS_TRAIN_N_001176	0	HPCLAS_TRAIN_N_001176	0	D_hard_sample	1.1256684342651508	0.7550386383980239	1
layer30_mean	catboost	HPCLAS_TRAIN_N_001178	0	HPCLAS_TRAIN_N_001178	0	A_clean_core	-1.6261886730097346	0.16435314399237563	0
layer30_mean	catboost	HPCLAS_TRAIN_N_001180	0	HPCLAS_TRAIN_N_001180	0	A_clean_core	-0.6562652218104318	0.3415790760021094	0
layer30_mean	catboost	HPCLAS_TRAIN_N_001182	0	HPCLAS_TRAIN_N_001182	0	A_clean_core	-0.25698695490086515	0.4361045251358016	0
layer30_mean	catboost	HPCLAS_TRAIN_N_001183	0	HPCLAS_TRAIN_N_001183	0	A_clean_core	-0.8243410347143301	0.30484295648181026	0
layer30_mean	catboost	HPCLAS_TRAIN_N_001190	0	HPCLAS_TRAIN_N_001190	0	A_clean_core	0.2960991899226385	0.5734886555873824	1
layer30_mean	catboost	HPCLAS_TRAIN_N_001194	0	HPCLAS_TRAIN_N_001194	0	A_clean_core	-2.1039244005997686	0.10871597496779993	0
layer30_mean	catboost	HPCLAS_TRAIN_N_001195	0	HPCLAS_TRAIN_N_001195	0	A_clean_core	-4.0231056166787775	0.017582615125097678	0
layer30_mean	catboost	HPCLAS_TRAIN_N_001202	0	HPCLAS_TRAIN_N_001202	0	A_clean_core	-0.4551172764796693	0.3881447788283024	0
layer30_mean	catboost	HPCLAS_TRAIN_N_001204	0	HPCLAS_TRAIN_N_001204	0	B_ambiguous	-0.36780795350912937	0.40907080328032935	0
layer30_mean	catboost	HPCLAS_TRAIN_N_001205	0	HPCLAS_TRAIN_N_001205	0	A_clean_core	-1.2358524418411552	0.2251587532881833	0
layer30_mean	catboost	HPCLAS_TRAIN_N_001210	0	HPCLAS_TRAIN_N_001210	0	A_clean_core	-0.06879977737515704	0.482806836977824	0
layer30_mean	catboost	HPCLAS_TRAIN_N_001212	0	HPCLAS_TRAIN_N_001212	0	D_hard_sample	-0.6658178188947358	0.3394339326918321	0
layer30_mean	catboost	HPCLAS_TRAIN_N_001217	0	HPCLAS_TRAIN_N_001217	0	A_clean_core	-0.3968065576651554	0.4020798399523665	0
layer30_mean	catboost	HPCLAS_TRAIN_N_001228	0	HPCLAS_TRAIN_N_001228	0	B_ambiguous	0.4733779029929923	0.616182948478625	1
layer30_mean	catboost	HPCLAS_TRAIN_N_001234	0	HPCLAS_TRAIN_N_001234	0	A_clean_core	-3.268145446182214	0.03668030239245251	0
layer30_mean	catboost	HPCLAS_TRAIN_N_001238	0	HPCLAS_TRAIN_N_001238	0	D_hard_sample	1.6156263976497036	0.8341910730615302	1
layer30_mean	catboost	HPCLAS_TRAIN_N_001242	0	HPCLAS_TRAIN_N_001242	0	D_hard_sample	-1.0480695452517315	0.2595959733847533	0
layer30_mean	catboost	HPCLAS_TRAIN_N_001244	0	HPCLAS_TRAIN_N_001244	0	D_hard_sample	0.1025703817075356	0.525620137585188	1
layer30_mean	catboost	HPCLAS_TRAIN_N_001250	0	HPCLAS_TRAIN_N_001250	0	A_clean_core	-1.4209793785166376	0.19450809385025672	0
layer30_mean	catboost	HPCLAS_TRAIN_N_001262	0	HPCLAS_TRAIN_N_001262	0	A_clean_core	-0.17956628442154296	0.4552286650598747	0
layer30_mean	catboost	HPCLAS_TRAIN_N_001274	0	HPCLAS_TRAIN_N_001274	0	A_clean_core	0.1397007152269101	0.5348684886163655	1
layer30_mean	catboost	HPCLAS_TRAIN_N_001276	0	HPCLAS_TRAIN_N_001276	0	D_hard_sample	-0.7614948358402599	0.3183218091898748	0
layer30_mean	catboost	HPCLAS_TRAIN_N_001279	0	HPCLAS_TRAIN_N_001279	0	A_clean_core	-2.3652502387988714	0.08586121115665617	0
layer30_mean	catboost	HPCLAS_TRAIN_N_001281	0	HPCLAS_TRAIN_N_001281	0	A_clean_core	-0.39485906097310386	0.40254812998491135	0
layer30_mean	catboost	HPCLAS_TRAIN_N_001284	0	HPCLAS_TRAIN_N_001284	0	A_clean_core	-1.1870149665749337	0.233793231651602	0
layer30_mean	catboost	HPCLAS_TRAIN_N_001296	0	HPCLAS_TRAIN_N_001296	0	A_clean_core	-1.6636535231199798	0.15927216437684094	0
layer30_mean	catboost	HPCLAS_TRAIN_N_001302	0	HPCLAS_TRAIN_N_001302	0	A_clean_core	-2.552271208022456	0.07227405168130135	0
layer30_mean	catboost	HPCLAS_TRAIN_N_001306	0	HPCLAS_TRAIN_N_001306	0	A_clean_core	-3.218389015623315	0.038479545807571326	0
layer30_mean	catboost	HPCLAS_TRAIN_N_001316	0	HPCLAS_TRAIN_N_001316	0	A_clean_core	-0.7268161895391937	0.3258937811737806	0
layer30_mean	catboost	HPCLAS_TRAIN_N_001325	0	HPCLAS_TRAIN_N_001325	0	A_clean_core	-0.8137894449081384	0.307083576352066	0
layer30_mean	catboost	HPCLAS_TRAIN_N_001326	0	HPCLAS_TRAIN_N_001326	0	A_clean_core	-1.7284266127017802	0.1507889438871352	0
layer30_mean	catboost	HPCLAS_TRAIN_N_001331	0	HPCLAS_TRAIN_N_001331	0	D_hard_sample	0.08766835326726677	0.5219030616767318	1
layer30_mean	catboost	HPCLAS_TRAIN_N_001339	0	HPCLAS_TRAIN_N_001339	0	A_clean_core	-0.654520375133351	0.3419716053277251	0
layer30_mean	catboost	HPCLAS_TRAIN_N_001343	0	HPCLAS_TRAIN_N_001343	0	D_hard_sample	-0.3634043087940377	0.410135729297991	0
layer30_mean	catboost	HPCLAS_TRAIN_N_001345	0	HPCLAS_TRAIN_N_001345	0	A_clean_core	0.961655509817484	0.7234531433052881	1
layer30_mean	catboost	HPCLAS_TRAIN_N_001349	0	HPCLAS_TRAIN_N_001349	0	A_clean_core	-0.53268275648832	0.36989139532749765	0
layer30_mean	catboost	HPCLAS_TRAIN_N_001361	0	HPCLAS_TRAIN_N_001361	0	D_hard_sample	0.2969393513224486	0.5736941458768448	1
layer30_mean	catboost	HPCLAS_TRAIN_N_001366	0	HPCLAS_TRAIN_N_001366	0	D_hard_sample	1.3870894858005494	0.8001271896027268	1
layer30_mean	catboost	HPCLAS_TRAIN_N_001377	0	HPCLAS_TRAIN_N_001377	0	A_clean_core	-2.4163773385317335	0.08193233762035287	0
layer30_mean	catboost	HPCLAS_TRAIN_N_001387	0	HPCLAS_TRAIN_N_001387	0	A_clean_core	-2.3626748323121545	0.0860635681172981	0
layer30_mean	catboost	HPCLAS_TRAIN_N_001391	0	HPCLAS_TRAIN_N_001391	0	A_clean_core	-1.1028691588086124	0.24920268656759711	0
layer30_mean	catboost	HPCLAS_TRAIN_N_001395	0	HPCLAS_TRAIN_N_001395	0	A_clean_core	-2.2879795316212674	0.09212339598618419	0
layer30_mean	catboost	HPCLAS_TRAIN_N_001398	0	HPCLAS_TRAIN_N_001398	0	A_clean_core	-1.6533079377554518	0.16066237337441786	0
layer30_mean	catboost	HPCLAS_TRAIN_N_001401	0	HPCLAS_TRAIN_N_001401	0	A_clean_core	-0.04892833199301705	0.4877703566995635	0
layer30_mean	catboost	HPCLAS_TRAIN_N_001403	0	HPCLAS_TRAIN_N_001403	0	A_clean_core	0.11607412864957221	0.5289859949510279	1
layer30_mean	catboost	HPCLAS_TRAIN_N_001404	0	HPCLAS_TRAIN_N_001404	0	A_clean_core	-4.180326417370408	0.015063146234924121	0
layer30_mean	catboost	HPCLAS_TRAIN_N_001405	0	HPCLAS_TRAIN_N_001405	0	A_clean_core	-0.5995968590863343	0.3544359314768848	0
layer30_mean	catboost	HPCLAS_TRAIN_N_001413	0	HPCLAS_TRAIN_N_001413	0	A_clean_core	-2.408419525331531	0.08253291468378243	0
layer30_mean	catboost	HPCLAS_TRAIN_N_001414	0	HPCLAS_TRAIN_N_001414	0	A_clean_core	-0.17610373176435096	0.4560874949132344	0
layer30_mean	catboost	HPCLAS_TRAIN_N_001416	0	HPCLAS_TRAIN_N_001416	0	A_clean_core	0.180016273441775	0.5448829279544936	1
layer30_mean	catboost	HPCLAS_TRAIN_N_001417	0	HPCLAS_TRAIN_N_001417	0	A_clean_core	-2.4831404073326864	0.07704858434214021	0
layer30_mean	catboost	HPCLAS_TRAIN_N_001419	0	HPCLAS_TRAIN_N_001419	0	A_clean_core	-3.471775454378134	0.030126062103650715	0
layer30_mean	catboost	HPCLAS_TRAIN_N_001422	0	HPCLAS_TRAIN_N_001422	0	D_hard_sample	-1.2816986194315205	0.2172612196959615	0
layer30_mean	catboost	HPCLAS_TRAIN_N_001425	0	HPCLAS_TRAIN_N_001425	0	A_clean_core	-1.4005156159389394	0.1977343037273408	0
layer30_mean	catboost	HPCLAS_TRAIN_N_001429	0	HPCLAS_TRAIN_N_001429	0	A_clean_core	-2.125318671114706	0.10666022593758413	0
layer30_mean	catboost	HPCLAS_TRAIN_N_001439	0	HPCLAS_TRAIN_N_001439	0	A_clean_core	-3.4716456332591705	0.030129855511132297	0
layer30_mean	catboost	HPCLAS_TRAIN_N_001440	0	HPCLAS_TRAIN_N_001440	0	D_hard_sample	0.390952435811068	0.5965119577873962	1
layer30_mean	catboost	HPCLAS_TRAIN_N_001466	0	HPCLAS_TRAIN_N_001466	0	B_ambiguous	-3.5753304754231894	0.027243191472604296	0
layer30_mean	catboost	HPCLAS_TRAIN_N_001468	0	HPCLAS_TRAIN_N_001468	0	D_hard_sample	-0.251742332056068	0.43739469837312317	0
layer30_mean	catboost	HPCLAS_TRAIN_N_001469	0	HPCLAS_TRAIN_N_001469	0	A_clean_core	-2.0344205751363074	0.11563608600561916	0
layer30_mean	catboost	HPCLAS_TRAIN_N_001489	0	HPCLAS_TRAIN_N_001489	0	D_hard_sample	-0.6495309650094162	0.3430952410721474	0
layer30_mean	catboost	HPCLAS_TRAIN_N_001501	0	HPCLAS_TRAIN_N_001501	0	A_clean_core	-4.465074845491571	0.011373001587102877	0
layer30_mean	catboost	HPCLAS_TRAIN_N_001515	0	HPCLAS_TRAIN_N_001515	0	A_clean_core	-0.2691357677427707	0.4331192750835444	0
layer30_mean	catboost	HPCLAS_TRAIN_N_001517	0	HPCLAS_TRAIN_P_004877	0	B_ambiguous	-0.6726269165522754	0.33790888001741665	0
layer30_mean	catboost	HPCLAS_TRAIN_N_001527	0	HPCLAS_TRAIN_N_001527	0	A_clean_core	-0.6836008165161256	0.3354581120807568	0
layer30_mean	catboost	HPCLAS_TRAIN_N_001533	0	HPCLAS_TRAIN_N_001533	0	A_clean_core	-2.1814884118162228	0.10142519633735982	0
layer30_mean	catboost	HPCLAS_TRAIN_N_001534	0	HPCLAS_TRAIN_N_001534	0	D_hard_sample	0.001590482150475989	0.5003976204537994	1
layer30_mean	catboost	HPCLAS_TRAIN_N_001540	0	HPCLAS_TRAIN_N_001540	0	A_clean_core	-0.5263991792237205	0.3713571131543245	0
layer30_mean	catboost	HPCLAS_TRAIN_N_001541	0	HPCLAS_TRAIN_N_001541	0	A_clean_core	-0.3066931257544812	0.4239221138994202	0
layer30_mean	catboost	HPCLAS_TRAIN_N_001544	0	HPCLAS_TRAIN_N_001544	0	A_clean_core	0.15352623022665876	0.5383063460811435	1
layer30_mean	catboost	HPCLAS_TRAIN_N_001549	0	HPCLAS_TRAIN_N_001549	0	A_clean_core	-3.482887310013381	0.029803080211491865	0
layer30_mean	catboost	HPCLAS_TRAIN_N_001552	0	HPCLAS_TRAIN_N_001552	0	A_clean_core	-0.27735286515201807	0.4311028755548644	0
layer30_mean	catboost	HPCLAS_TRAIN_N_001556	0	HPCLAS_TRAIN_N_001556	0	A_clean_core	-0.5106961657589826	0.37503034221135545	0
layer30_mean	catboost	HPCLAS_TRAIN_N_001557	0	HPCLAS_TRAIN_N_001557	0	A_clean_core	-0.8761352879289532	0.2939792818495093	0
layer30_mean	catboost	HPCLAS_TRAIN_N_001571	0	HPCLAS_TRAIN_N_001571	0	D_hard_sample	0.6546399435498745	0.6580553002890865	1
layer30_mean	catboost	HPCLAS_TRAIN_N_001574	0	HPCLAS_TRAIN_N_001574	0	A_clean_core	-1.58805496002983	0.16965772643063448	0
layer30_mean	catboost	HPCLAS_TRAIN_N_001576	0	HPCLAS_TRAIN_N_001576	0	A_clean_core	-4.626981329443053	0.009689446033376374	0
layer30_mean	catboost	HPCLAS_TRAIN_N_001589	0	HPCLAS_TRAIN_N_001589	0	A_clean_core	-1.1534967084073258	0.23985097467120906	0
layer30_mean	catboost	HPCLAS_TRAIN_N_001593	0	HPCLAS_TRAIN_N_001593	0	D_hard_sample	-0.11287871439079743	0.47181024693747037	0
layer30_mean	catboost	HPCLAS_TRAIN_N_001595	0	HPCLAS_TRAIN_N_001595	0	D_hard_sample	0.6946905739995739	0.6670095547166579	1
layer30_mean	catboost	HPCLAS_TRAIN_N_001599	0	HPCLAS_TRAIN_N_001599	0	B_ambiguous	-0.45434899175133553	0.3883272532187386	0
layer30_mean	catboost	HPCLAS_TRAIN_N_001607	0	HPCLAS_TRAIN_N_001607	0	A_clean_core	-0.24707651742406897	0.4385431981249063	0
layer30_mean	catboost	HPCLAS_TRAIN_N_001611	0	HPCLAS_TRAIN_N_001611	0	A_clean_core	-0.48945692414717545	0.38002151079167285	0
layer30_mean	catboost	HPCLAS_TRAIN_N_001618	0	HPCLAS_TRAIN_N_001618	0	A_clean_core	-1.8423449280231674	0.13677419803410648	0
layer30_mean	catboost	HPCLAS_TRAIN_N_001623	0	HPCLAS_TRAIN_N_001623	0	A_clean_core	-3.5906121265801882	0.02684112499106797	0
layer30_mean	catboost	HPCLAS_TRAIN_N_001626	0	HPCLAS_TRAIN_N_001626	0	A_clean_core	-0.5300192961962783	0.37051238751241994	0
layer30_mean	catboost	HPCLAS_TRAIN_N_001628	0	HPCLAS_TRAIN_N_001628	0	A_clean_core	-1.1930319184542815	0.23271711817041388	0
layer30_mean	catboost	HPCLAS_TRAIN_N_001636	0	HPCLAS_TRAIN_N_001636	0	A_clean_core	0.3853158018308003	0.5951545672163422	1
layer30_mean	catboost	HPCLAS_TRAIN_N_001639	0	HPCLAS_TRAIN_N_001639	0	A_clean_core	-0.7353757435492185	0.324016167839252	0
layer30_mean	catboost	HPCLAS_TRAIN_N_001651	0	HPCLAS_TRAIN_N_001651	0	A_clean_core	-3.768570729502595	0.022564140516167557	0
layer30_mean	catboost	HPCLAS_TRAIN_N_001656	0	HPCLAS_TRAIN_N_001656	0	A_clean_core	-3.134929187006436	0.04168923442926452	0
layer30_mean	catboost	HPCLAS_TRAIN_N_001657	0	HPCLAS_TRAIN_N_001657	0	A_clean_core	-1.0146335822735457	0.26607403090062287	0
layer30_mean	catboost	HPCLAS_TRAIN_N_001660	0	HPCLAS_TRAIN_N_001660	0	A_clean_core	1.1128468979036472	0.7526594801603707	1
layer30_mean	catboost	HPCLAS_TRAIN_N_001664	0	HPCLAS_TRAIN_N_001664	0	A_clean_core	-0.6011610938765791	0.3540780987409941	0
layer30_mean	catboost	HPCLAS_TRAIN_N_001675	0	HPCLAS_TRAIN_N_001675	0	A_clean_core	-1.1174350649319884	0.2464873625567976	0
layer30_mean	catboost	HPCLAS_TRAIN_N_001676	0	HPCLAS_TRAIN_N_001676	0	A_clean_core	-0.8118489965102738	0.30749662576850273	0
layer30_mean	catboost	HPCLAS_TRAIN_N_001686	0	HPCLAS_TRAIN_N_001686	0	A_clean_core	-0.880887015082148	0.292994001315323	0
layer30_mean	catboost	HPCLAS_TRAIN_N_001687	0	HPCLAS_TRAIN_N_001687	0	A_clean_core	-1.388544969784793	0.19964014573285083	0
layer30_mean	catboost	HPCLAS_TRAIN_N_001692	0	HPCLAS_TRAIN_N_001692	0	A_clean_core	-1.4904828189092816	0.18384927000339368	0
layer30_mean	catboost	HPCLAS_TRAIN_N_001700	0	HPCLAS_TRAIN_N_001700	0	D_hard_sample	0.14322759041802083	0.5357458105990698	1
layer30_mean	catboost	HPCLAS_TRAIN_N_001703	0	HPCLAS_TRAIN_N_001703	0	A_clean_core	-1.5088246688806384	0.18111304248478594	0
layer30_mean	catboost	HPCLAS_TRAIN_N_001705	0	HPCLAS_TRAIN_N_001705	0	A_clean_core	-0.13000216602951983	0.4675451543867791	0
layer30_mean	catboost	HPCLAS_TRAIN_N_001710	0	HPCLAS_TRAIN_N_001710	0	D_hard_sample	-2.2876437544431725	0.09215148311963038	0
layer30_mean	catboost	HPCLAS_TRAIN_N_001711	0	HPCLAS_TRAIN_N_001711	0	A_clean_core	-1.8899619441532065	0.13124880860266105	0
layer30_mean	catboost	HPCLAS_TRAIN_N_001716	0	HPCLAS_TRAIN_N_001716	0	A_clean_core	-2.472369505135634	0.07781802361066778	0
layer30_mean	catboost	HPCLAS_TRAIN_N_001717	0	HPCLAS_TRAIN_N_001717	0	D_hard_sample	-1.4326134212872397	0.19269180949754283	0
layer30_mean	catboost	HPCLAS_TRAIN_N_001718	0	HPCLAS_TRAIN_N_001718	0	A_clean_core	-0.420579083410323	0.3963781888684905	0
layer30_mean	catboost	HPCLAS_TRAIN_N_001720	0	HPCLAS_TRAIN_N_001720	0	A_clean_core	-3.033141191612083	0.045950922397565805	0
layer30_mean	catboost	HPCLAS_TRAIN_N_001725	0	HPCLAS_TRAIN_N_001725	0	A_clean_core	-0.8271549242334869	0.30424698233525693	0
layer30_mean	catboost	HPCLAS_TRAIN_N_001726	0	HPCLAS_TRAIN_N_001726	0	A_clean_core	-0.5485218169412616	0.36620742670696227	0
layer30_mean	catboost	HPCLAS_TRAIN_N_001727	0	HPCLAS_TRAIN_N_001727	0	A_clean_core	-0.41097672907164884	0.3986779429832624	0
layer30_mean	catboost	HPCLAS_TRAIN_N_001737	0	HPCLAS_TRAIN_P_005574	0	B_ambiguous	-2.599790745802674	0.06915188880184372	0
layer30_mean	catboost	HPCLAS_TRAIN_N_001739	0	HPCLAS_TRAIN_N_001739	0	A_clean_core	-1.2772063216362	0.21802614466852913	0
layer30_mean	catboost	HPCLAS_TRAIN_N_001744	0	HPCLAS_TRAIN_N_001744	0	A_clean_core	-0.539924354479542	0.36820517951535287	0
layer30_mean	catboost	HPCLAS_TRAIN_N_001748	0	HPCLAS_TRAIN_N_001748	0	A_clean_core	-1.206040641447749	0.23040236346586643	0
layer30_mean	catboost	HPCLAS_TRAIN_N_001750	0	HPCLAS_TRAIN_N_001750	0	A_clean_core	-2.1663561248075904	0.10281266645540743	0
layer30_mean	catboost	HPCLAS_TRAIN_N_001753	0	HPCLAS_TRAIN_N_001753	0	A_clean_core	-0.6807489032345251	0.33609417565476724	0
layer30_mean	catboost	HPCLAS_TRAIN_N_001768	0	HPCLAS_TRAIN_N_001768	0	A_clean_core	-0.055024208399468436	0.4862474175743847	0
layer30_mean	catboost	HPCLAS_TRAIN_N_001769	0	HPCLAS_TRAIN_N_001769	0	D_hard_sample	-0.9662927430651257	0.27562005351919666	0
layer30_mean	catboost	HPCLAS_TRAIN_N_001786	0	HPCLAS_TRAIN_N_001786	0	A_clean_core	-1.183365668583984	0.23444757979109607	0
layer30_mean	catboost	HPCLAS_TRAIN_N_001792	0	HPCLAS_TRAIN_N_001792	0	A_clean_core	-3.2163497672769186	0.03855506674349732	0
layer30_mean	catboost	HPCLAS_TRAIN_N_001835	0	HPCLAS_TRAIN_N_001835	0	A_clean_core	-0.6893018628397161	0.3341883953261666	0
layer30_mean	catboost	HPCLAS_TRAIN_N_001844	0	HPCLAS_TRAIN_N_001844	0	A_clean_core	-1.2980574184665739	0.2144921317786551	0
layer30_mean	catboost	HPCLAS_TRAIN_N_001850	0	HPCLAS_TRAIN_N_001850	0	A_clean_core	-0.4159932952422942	0.39747591580553726	0
layer30_mean	catboost	HPCLAS_TRAIN_N_001854	0	HPCLAS_TRAIN_N_001854	0	A_clean_core	0.2074339751594783	0.551673339483461	1
layer30_mean	catboost	HPCLAS_TRAIN_N_001858	0	HPCLAS_TRAIN_N_001858	0	A_clean_core	-2.907884898117831	0.05176515798128113	0
layer30_mean	catboost	HPCLAS_TRAIN_N_001859	0	HPCLAS_TRAIN_N_001859	0	A_clean_core	-2.7523314648457116	0.05995511276494218	0
layer30_mean	catboost	HPCLAS_TRAIN_N_001876	0	HPCLAS_TRAIN_N_001876	0	A_clean_core	-1.5890912421487313	0.16951179121250642	0
layer30_mean	catboost	HPCLAS_TRAIN_N_001882	0	HPCLAS_TRAIN_N_001882	0	A_clean_core	-0.3918427096472262	0.4032737846844454	0
layer30_mean	catboost	HPCLAS_TRAIN_N_001884	0	HPCLAS_TRAIN_N_001884	0	A_clean_core	-3.2568567144764096	0.03708128109951374	0
layer30_mean	catboost	HPCLAS_TRAIN_N_001886	0	HPCLAS_TRAIN_N_001886	0	A_clean_core	-1.182167404556573	0.23466271494063626	0
layer30_mean	catboost	HPCLAS_TRAIN_N_001891	0	HPCLAS_TRAIN_N_001891	0	D_hard_sample	0.7349078739311963	0.6758813463864177	1
layer30_mean	catboost	HPCLAS_TRAIN_N_001895	0	HPCLAS_TRAIN_N_001895	0	A_clean_core	-0.5497968736780566	0.36591153713234364	0
layer30_mean	catboost	HPCLAS_TRAIN_N_001896	0	HPCLAS_TRAIN_N_001896	0	D_hard_sample	-0.17092091966703615	0.4573734936811391	0
layer30_mean	catboost	HPCLAS_TRAIN_N_001898	0	HPCLAS_TRAIN_N_001898	0	D_hard_sample	-1.1993395601857175	0.2315927259076958	0
layer30_mean	catboost	HPCLAS_TRAIN_N_001901	0	HPCLAS_TRAIN_N_001901	0	D_hard_sample	0.7682728416007352	0.6831471563200038	1
layer30_mean	catboost	HPCLAS_TRAIN_N_001908	0	HPCLAS_TRAIN_N_001908	0	A_clean_core	0.43122923563383686	0.6061671603176962	1
layer30_mean	catboost	HPCLAS_TRAIN_N_001916	0	HPCLAS_TRAIN_N_001916	0	D_hard_sample	1.1831152213859086	0.7655074664774114	1
layer30_mean	catboost	HPCLAS_TRAIN_N_001918	0	HPCLAS_TRAIN_N_001918	0	D_hard_sample	0.425602333072541	0.6048230587083903	1
layer30_mean	catboost	HPCLAS_TRAIN_N_001919	0	HPCLAS_TRAIN_N_001919	0	A_clean_core	0.5086674328798972	0.6244940377120608	1
layer30_mean	catboost	HPCLAS_TRAIN_N_001920	0	HPCLAS_TRAIN_N_001920	0	A_clean_core	-2.807750553407421	0.05690678475559595	0
layer30_mean	catboost	HPCLAS_TRAIN_N_001931	0	HPCLAS_TRAIN_N_001931	0	D_hard_sample	-1.195088772418309	0.23235004854262484	0
layer30_mean	catboost	HPCLAS_TRAIN_N_001937	0	HPCLAS_TRAIN_N_001937	0	D_hard_sample	0.2106365939180838	0.5524653110115378	1
layer30_mean	catboost	HPCLAS_TRAIN_N_001941	0	HPCLAS_TRAIN_N_001941	0	A_clean_core	-0.839131063681595	0.3017178235836403	0
layer30_mean	catboost	HPCLAS_TRAIN_N_001944	0	HPCLAS_TRAIN_N_001944	0	D_hard_sample	1.14039146824433	0.7577515057941867	1
layer30_mean	catboost	HPCLAS_TRAIN_N_001960	0	HPCLAS_TRAIN_N_001960	0	A_clean_core	-0.6841834900733453	0.33532823147037355	0
layer30_mean	catboost	HPCLAS_TRAIN_N_001965	0	HPCLAS_TRAIN_N_001965	0	A_clean_core	-3.04214268700792	0.04555791086337699	0
layer30_mean	catboost	HPCLAS_TRAIN_N_001969	0	HPCLAS_TRAIN_N_001969	0	A_clean_core	-2.5947980955372896	0.06947395734976362	0
layer30_mean	catboost	HPCLAS_TRAIN_N_001970	0	HPCLAS_TRAIN_N_001970	0	A_clean_core	-2.1285273157513145	0.1063548796484411	0
layer30_mean	catboost	HPCLAS_TRAIN_N_001976	0	HPCLAS_TRAIN_N_001976	0	A_clean_core	-2.198952068023019	0.09984463323468151	0
layer30_mean	catboost	HPCLAS_TRAIN_N_001977	0	HPCLAS_TRAIN_N_001977	0	B_ambiguous	0.7457318170160089	0.6782479730946366	1
layer30_mean	catboost	HPCLAS_TRAIN_N_001988	0	HPCLAS_TRAIN_N_001988	0	A_clean_core	-0.7107757678183338	0.32942744652709877	0
layer30_mean	catboost	HPCLAS_TRAIN_N_002010	0	HPCLAS_TRAIN_N_002010	0	A_clean_core	-1.3531845545850927	0.20535022374707956	0
layer30_mean	catboost	HPCLAS_TRAIN_N_002013	0	HPCLAS_TRAIN_N_002013	0	A_clean_core	-2.656569116239105	0.06558527807621094	0
layer30_mean	catboost	HPCLAS_TRAIN_N_002022	0	HPCLAS_TRAIN_N_002022	0	A_clean_core	-2.7286609749125317	0.061303171894465776	0
layer30_mean	catboost	HPCLAS_TRAIN_N_002025	0	HPCLAS_TRAIN_N_002025	0	D_hard_sample	-0.41124514420677516	0.3986135965423762	0
layer30_mean	catboost	HPCLAS_TRAIN_N_002040	0	HPCLAS_TRAIN_N_002040	0	A_clean_core	-1.1809743039796285	0.23487705901152656	0
layer30_mean	catboost	HPCLAS_TRAIN_N_002049	0	HPCLAS_TRAIN_N_002049	0	D_hard_sample	0.4220758475543655	0.6039798750912038	1
layer30_mean	catboost	HPCLAS_TRAIN_N_002056	0	HPCLAS_TRAIN_N_002056	0	A_clean_core	0.5690958997777008	0.6385545325796321	1
layer30_mean	catboost	HPCLAS_TRAIN_N_002060	0	HPCLAS_TRAIN_N_002060	0	D_hard_sample	1.012223512910384	0.7334550687742473	1
layer30_mean	catboost	HPCLAS_TRAIN_N_002069	0	HPCLAS_TRAIN_N_002069	0	A_clean_core	-1.3492312526453396	0.20599608100345188	0
layer30_mean	catboost	HPCLAS_TRAIN_N_002071	0	HPCLAS_TRAIN_N_002071	0	A_clean_core	-0.29035061502257803	0.42791803287346186	0
layer30_mean	catboost	HPCLAS_TRAIN_N_002075	0	HPCLAS_TRAIN_N_002075	0	D_hard_sample	-1.5525773726420917	0.17471432716176488	0
layer30_mean	catboost	HPCLAS_TRAIN_N_002079	0	HPCLAS_TRAIN_N_002079	0	A_clean_core	-1.3965296130263538	0.19836738700927212	0
layer30_mean	catboost	HPCLAS_TRAIN_N_002080	0	HPCLAS_TRAIN_N_002080	0	D_hard_sample	-1.4232906761124489	0.19414622767228312	0
layer30_mean	catboost	HPCLAS_TRAIN_N_002081	0	HPCLAS_TRAIN_N_002081	0	A_clean_core	-3.181882426553935	0.039853240550986505	0
layer30_mean	catboost	HPCLAS_TRAIN_N_002084	0	HPCLAS_TRAIN_N_002084	0	D_hard_sample	-0.8983790563727536	0.28938371565536297	0
layer30_mean	catboost	HPCLAS_TRAIN_N_002090	0	HPCLAS_TRAIN_N_002090	0	A_clean_core	-0.7377171505229153	0.32350354165541884	0
layer30_mean	catboost	HPCLAS_TRAIN_N_002099	0	HPCLAS_TRAIN_N_002099	0	A_clean_core	-1.8188575035337953	0.13957101995752308	0
layer30_mean	catboost	HPCLAS_TRAIN_N_002108	0	HPCLAS_TRAIN_N_002108	0	D_hard_sample	-0.4136797929800113	0.3980301049150284	0
layer30_mean	catboost	HPCLAS_TRAIN_N_002109	0	HPCLAS_TRAIN_N_002109	0	A_clean_core	-5.066127871001415	0.006267267278807576	0
layer30_mean	catboost	HPCLAS_TRAIN_N_002114	0	HPCLAS_TRAIN_N_002114	0	A_clean_core	-0.15004510932484283	0.46255894054183877	0
layer30_mean	catboost	HPCLAS_TRAIN_N_002118	0	HPCLAS_TRAIN_N_002118	0	A_clean_core	-1.2543003974490077	0.22195660724790522	0
layer30_mean	catboost	HPCLAS_TRAIN_N_002120	0	HPCLAS_TRAIN_N_002120	0	A_clean_core	-0.4536530551297077	0.3884925713274533	0
layer30_mean	catboost	HPCLAS_TRAIN_N_002124	0	HPCLAS_TRAIN_N_002124	0	D_hard_sample	-2.821107890887186	0.05619414616961009	0
layer30_mean	catboost	HPCLAS_TRAIN_N_002126	0	HPCLAS_TRAIN_N_002126	0	A_clean_core	-2.3715110576155016	0.08537107779281126	0
layer30_mean	catboost	HPCLAS_TRAIN_N_002144	0	HPCLAS_TRAIN_N_002144	0	A_clean_core	-1.434479661981615	0.19240166045510737	0
layer30_mean	catboost	HPCLAS_TRAIN_N_002148	0	HPCLAS_TRAIN_N_002148	0	D_hard_sample	-0.5816242930995776	0.3585589295459099	0
layer30_mean	catboost	HPCLAS_TRAIN_N_002150	0	HPCLAS_TRAIN_N_002150	0	D_hard_sample	-0.13197492662901192	0.4670540737802054	0
layer30_mean	catboost	HPCLAS_TRAIN_N_002152	0	HPCLAS_TRAIN_N_002152	0	D_hard_sample	0.0514300258082532	0.5128546731418183	1
layer30_mean	catboost	HPCLAS_TRAIN_N_002154	0	HPCLAS_TRAIN_N_002154	0	A_clean_core	-1.7286630567448287	0.15075866933993562	0
layer30_mean	catboost	HPCLAS_TRAIN_N_002160	0	HPCLAS_TRAIN_N_002160	0	A_clean_core	-2.094545522246766	0.10962809900954269	0
layer30_mean	catboost	HPCLAS_TRAIN_N_002165	0	HPCLAS_TRAIN_N_002165	0	D_hard_sample	0.8177894584304478	0.6937669021179459	1
layer30_mean	catboost	HPCLAS_TRAIN_N_002168	0	HPCLAS_TRAIN_N_002168	0	A_clean_core	-1.5078027546857635	0.18126465310457576	0
layer30_mean	catboost	HPCLAS_TRAIN_N_002170	0	HPCLAS_TRAIN_N_002170	0	A_clean_core	-1.6989896123817254	0.15459727358925435	0
layer30_mean	catboost	HPCLAS_TRAIN_N_002175	0	HPCLAS_TRAIN_N_002175	0	A_clean_core	-1.0303532281274574	0.26301562925739264	0
layer30_mean	catboost	HPCLAS_TRAIN_N_002193	0	HPCLAS_TRAIN_N_002193	0	A_clean_core	1.338033735822255	0.7921664040495221	1
layer30_mean	catboost	HPCLAS_TRAIN_N_002204	0	HPCLAS_TRAIN_N_002204	0	D_hard_sample	-2.1453209341024717	0.10476927432697984	0
layer30_mean	catboost	HPCLAS_TRAIN_N_002211	0	HPCLAS_TRAIN_N_002211	0	A_clean_core	-3.0480836184953786	0.045300281286087055	0
layer30_mean	catboost	HPCLAS_TRAIN_N_002213	0	HPCLAS_TRAIN_N_002213	0	A_clean_core	-0.9852418482231264	0.27185292549958584	0
layer30_mean	catboost	HPCLAS_TRAIN_N_002227	0	HPCLAS_TRAIN_P_005090	0	B_ambiguous	0.44058909287131126	0.6083993908299705	1
layer30_mean	catboost	HPCLAS_TRAIN_N_002256	0	HPCLAS_TRAIN_P_004233	0	B_ambiguous	-0.30597757503463374	0.4240968695887238	0
layer30_mean	catboost	HPCLAS_TRAIN_N_002266	0	HPCLAS_TRAIN_N_002266	0	A_clean_core	0.7282761253561898	0.6744268662215529	1
layer30_mean	catboost	HPCLAS_TRAIN_N_002273	0	HPCLAS_TRAIN_N_002273	0	A_clean_core	-0.14812683872467466	0.46303585320359575	0
layer30_mean	catboost	HPCLAS_TRAIN_N_002280	0	HPCLAS_TRAIN_N_002280	0	D_hard_sample	-0.46547967665502465	0.38568670001865946	0
layer30_mean	catboost	HPCLAS_TRAIN_N_002288	0	HPCLAS_TRAIN_N_002288	0	A_clean_core	-0.029151643920601506	0.4927126050926957	0
layer30_mean	catboost	HPCLAS_TRAIN_N_002292	0	HPCLAS_TRAIN_N_002292	0	A_clean_core	-0.8026574579906067	0.30945735001406793	0
layer30_mean	catboost	HPCLAS_TRAIN_N_002293	0	HPCLAS_TRAIN_N_002293	0	A_clean_core	-4.06122620409038	0.016936108002196894	0
layer30_mean	catboost	HPCLAS_TRAIN_N_002297	0	HPCLAS_TRAIN_N_002297	0	D_hard_sample	-0.785888600993902	0.31305214753001587	0
layer30_mean	catboost	HPCLAS_TRAIN_N_002301	0	HPCLAS_TRAIN_N_002301	0	D_hard_sample	-0.15030722610922384	0.46249377942954395	0
layer30_mean	catboost	HPCLAS_TRAIN_N_002306	0	HPCLAS_TRAIN_N_002306	0	A_clean_core	-0.624625054885921	0.34873028709050635	0
layer30_mean	catboost	HPCLAS_TRAIN_N_002307	0	HPCLAS_TRAIN_N_002307	0	A_clean_core	-2.3102356109953726	0.09027879244965038	0
layer30_mean	catboost	HPCLAS_TRAIN_N_002316	0	HPCLAS_TRAIN_N_002316	0	B_ambiguous	0.08992921313723315	0.5224671638355324	1
layer30_mean	catboost	HPCLAS_TRAIN_N_002324	0	HPCLAS_TRAIN_N_002324	0	D_hard_sample	-1.000874200053655	0.26876957792925105	0
layer30_mean	catboost	HPCLAS_TRAIN_N_002325	0	HPCLAS_TRAIN_N_002325	0	D_hard_sample	1.1042304884543375	0.7510519322016544	1
layer30_mean	catboost	HPCLAS_TRAIN_N_002331	0	HPCLAS_TRAIN_N_002331	0	A_clean_core	0.041411170634368444	0.510351313424814	1
layer30_mean	catboost	HPCLAS_TRAIN_N_002341	0	HPCLAS_TRAIN_N_002341	0	A_clean_core	-0.42691950798131245	0.39486216402277535	0
layer30_mean	catboost	HPCLAS_TRAIN_N_002348	0	HPCLAS_TRAIN_N_002348	0	A_clean_core	-1.782333087294993	0.1440152840880924	0
layer30_mean	catboost	HPCLAS_TRAIN_N_002366	0	HPCLAS_TRAIN_N_002366	0	A_clean_core	0.16207086267959667	0.5404292582301184	1
layer30_mean	catboost	HPCLAS_TRAIN_N_002367	0	HPCLAS_TRAIN_N_002367	0	D_hard_sample	0.660178049889483	0.6593003837550447	1
layer30_mean	catboost	HPCLAS_TRAIN_N_002370	0	HPCLAS_TRAIN_N_002370	0	A_clean_core	-0.6804600811219594	0.33615862499297083	0
layer30_mean	catboost	HPCLAS_TRAIN_N_002376	0	HPCLAS_TRAIN_P_003810	0	B_ambiguous	1.6958862715103653	0.8449966943026787	1
layer30_mean	catboost	HPCLAS_TRAIN_N_002382	0	HPCLAS_TRAIN_N_002382	0	A_clean_core	-0.6183261904476683	0.3501622289295193	0
layer30_mean	catboost	HPCLAS_TRAIN_N_002384	0	HPCLAS_TRAIN_N_002384	0	A_clean_core	-1.854653797793604	0.13532741319593264	0
layer30_mean	catboost	HPCLAS_TRAIN_N_002395	0	HPCLAS_TRAIN_N_002395	0	A_clean_core	-3.815950812155311	0.021542474954181007	0
layer30_mean	catboost	HPCLAS_TRAIN_N_002416	0	HPCLAS_TRAIN_N_002416	0	A_clean_core	-2.078171880411449	0.11123657168510519	0
layer30_mean	catboost	HPCLAS_TRAIN_N_002419	0	HPCLAS_TRAIN_N_002419	0	A_clean_core	-0.4863353789182609	0.3807572379072602	0
layer30_mean	catboost	HPCLAS_TRAIN_N_002422	0	HPCLAS_TRAIN_N_002422	0	A_clean_core	-0.8031454887813176	0.309353070706081	0
layer30_mean	catboost	HPCLAS_TRAIN_N_002426	0	HPCLAS_TRAIN_N_002426	0	D_hard_sample	-1.0073808042364347	0.26749274432785775	0
layer30_mean	catboost	HPCLAS_TRAIN_N_002432	0	HPCLAS_TRAIN_N_002432	0	A_clean_core	0.7183887232202736	0.6722521043050012	1
layer30_mean	catboost	HPCLAS_TRAIN_N_002433	0	HPCLAS_TRAIN_N_002433	0	A_clean_core	0.04566295790279383	0.511413756303899	1
layer30_mean	catboost	HPCLAS_TRAIN_N_002435	0	HPCLAS_TRAIN_N_002435	0	D_hard_sample	-0.42395523337478824	0.395570685985292	0
layer30_mean	catboost	HPCLAS_TRAIN_N_002448	0	HPCLAS_TRAIN_N_002448	0	A_clean_core	-4.4817493409854094	0.011187038749907395	0
layer30_mean	catboost	HPCLAS_TRAIN_N_002463	0	HPCLAS_TRAIN_N_002463	0	A_clean_core	0.03520955830265958	0.5088014803186572	1
layer30_mean	catboost	HPCLAS_TRAIN_N_002465	0	HPCLAS_TRAIN_N_002465	0	D_hard_sample	1.6889307500937245	0.8440834913508861	1
layer30_mean	catboost	HPCLAS_TRAIN_N_002466	0	HPCLAS_TRAIN_N_002466	0	A_clean_core	-0.780232673316007	0.31426974180162315	0
layer30_mean	catboost	HPCLAS_TRAIN_N_002467	0	HPCLAS_TRAIN_P_002428	0	B_ambiguous	-0.22144646056666442	0.44486351860783646	0
layer30_mean	catboost	HPCLAS_TRAIN_N_002478	0	HPCLAS_TRAIN_N_002478	0	A_clean_core	-3.9490840772247964	0.01890794521803174	0
layer30_mean	catboost	HPCLAS_TRAIN_N_002484	0	HPCLAS_TRAIN_N_002484	0	D_hard_sample	-0.25779050922332086	0.43590692732753616	0
layer30_mean	catboost	HPCLAS_TRAIN_N_002487	0	HPCLAS_TRAIN_N_002487	0	A_clean_core	-2.7087113183730556	0.06246127386242371	0
layer30_mean	catboost	HPCLAS_TRAIN_N_002506	0	HPCLAS_TRAIN_N_002506	0	B_ambiguous	0.8850258170867068	0.7078626102494348	1
layer30_mean	catboost	HPCLAS_TRAIN_N_002527	0	HPCLAS_TRAIN_N_002527	0	A_clean_core	-0.20033742882660296	0.4500824848660075	0
layer30_mean	catboost	HPCLAS_TRAIN_N_002530	0	HPCLAS_TRAIN_N_002530	0	A_clean_core	-2.418933432141233	0.08174027506333396	0
layer30_mean	catboost	HPCLAS_TRAIN_N_002533	0	HPCLAS_TRAIN_N_002533	0	A_clean_core	-3.234136213156733	0.037901132944459855	0
layer30_mean	catboost	HPCLAS_TRAIN_N_002559	0	HPCLAS_TRAIN_N_002559	0	A_clean_core	-1.5994549671105922	0.16805780451489175	0
layer30_mean	catboost	HPCLAS_TRAIN_N_002561	0	HPCLAS_TRAIN_N_002561	0	A_clean_core	-0.34506430992143194	0.41457982254864467	0
layer30_mean	catboost	HPCLAS_TRAIN_N_002568	0	HPCLAS_TRAIN_N_002568	0	A_clean_core	-1.142796056703004	0.24180737155654133	0
layer30_mean	catboost	HPCLAS_TRAIN_N_002570	0	HPCLAS_TRAIN_N_002570	0	D_hard_sample	-1.2624868648259402	0.22054608936228462	0
layer30_mean	catboost	HPCLAS_TRAIN_N_002575	0	HPCLAS_TRAIN_N_002575	0	A_clean_core	-1.1878566936237986	0.23364248354260547	0
layer30_mean	catboost	HPCLAS_TRAIN_N_002577	0	HPCLAS_TRAIN_N_002577	0	A_clean_core	-1.314800110284475	0.21168472052580595	0
layer30_mean	catboost	HPCLAS_TRAIN_N_002586	0	HPCLAS_TRAIN_N_002586	0	A_clean_core	0.16414413616677415	0.5409441444420645	1
layer30_mean	catboost	HPCLAS_TRAIN_N_002589	0	HPCLAS_TRAIN_N_002589	0	A_clean_core	-1.5059939966138782	0.18153324164425141	0
layer30_mean	catboost	HPCLAS_TRAIN_N_002590	0	HPCLAS_TRAIN_N_002590	0	D_hard_sample	-0.1000620577951581	0.4750053368178351	0
layer30_mean	catboost	HPCLAS_TRAIN_N_002599	0	HPCLAS_TRAIN_N_002599	0	A_clean_core	-0.5683421202921989	0.3616194598801899	0
layer30_mean	catboost	HPCLAS_TRAIN_N_002607	0	HPCLAS_TRAIN_N_002607	0	A_clean_core	-3.4608779165141135	0.03044610723678507	0
layer30_mean	catboost	HPCLAS_TRAIN_N_002621	0	HPCLAS_TRAIN_N_002621	0	A_clean_core	-1.9387610691071857	0.12578402918781567	0
layer30_mean	catboost	HPCLAS_TRAIN_N_002622	0	HPCLAS_TRAIN_N_002622	0	A_clean_core	-1.6074650409597229	0.166940856818706	0
layer30_mean	catboost	HPCLAS_TRAIN_N_002645	0	HPCLAS_TRAIN_N_002645	0	A_clean_core	0.6312886514425399	0.6527816025471999	1
layer30_mean	catboost	HPCLAS_TRAIN_N_002649	0	HPCLAS_TRAIN_N_002649	0	D_hard_sample	3.6053110330472125	0.9735401617434464	1
layer30_mean	catboost	HPCLAS_TRAIN_N_002656	0	HPCLAS_TRAIN_N_002656	0	A_clean_core	-3.0212958625031545	0.0464730168422287	0
layer30_mean	catboost	HPCLAS_TRAIN_N_002661	0	HPCLAS_TRAIN_N_002661	0	A_clean_core	-0.5747900049331817	0.36013229247915757	0
layer30_mean	catboost	HPCLAS_TRAIN_N_002665	0	HPCLAS_TRAIN_N_002665	0	A_clean_core	-2.1076061849878447	0.10835973540849594	0
layer30_mean	catboost	HPCLAS_TRAIN_N_002667	0	HPCLAS_TRAIN_N_002667	0	A_clean_core	-1.0851551104878578	0.25253170008705017	0
layer30_mean	catboost	HPCLAS_TRAIN_N_002676	0	HPCLAS_TRAIN_N_002676	0	D_hard_sample	-0.3667866572471557	0.40931770605430773	0
layer30_mean	catboost	HPCLAS_TRAIN_N_002682	0	HPCLAS_TRAIN_N_002682	0	A_clean_core	-1.2095090770445598	0.22978792564019493	0
layer30_mean	catboost	HPCLAS_TRAIN_N_002686	0	HPCLAS_TRAIN_N_002686	0	D_hard_sample	0.22510792429831844	0.5560405328395914	1
layer30_mean	catboost	HPCLAS_TRAIN_N_002687	0	HPCLAS_TRAIN_N_002687	0	A_clean_core	-2.1853152834531793	0.10107695402548485	0
layer30_mean	catboost	HPCLAS_TRAIN_N_002692	0	HPCLAS_TRAIN_N_002692	0	A_clean_core	-2.4180713413113555	0.08180500590516757	0
layer30_mean	catboost	HPCLAS_TRAIN_N_002701	0	HPCLAS_TRAIN_N_002701	0	A_clean_core	-0.46090124113967357	0.3867720461998141	0
layer30_mean	catboost	HPCLAS_TRAIN_N_002712	0	HPCLAS_TRAIN_N_002712	0	A_clean_core	-0.5764872452743303	0.3597412783816183	0
layer30_mean	catboost	HPCLAS_TRAIN_N_002715	0	HPCLAS_TRAIN_N_002715	0	D_hard_sample	0.8209309197579472	0.6944339127951482	1
layer30_mean	catboost	HPCLAS_TRAIN_N_002717	0	HPCLAS_TRAIN_N_002717	0	D_hard_sample	-0.6991146279864607	0.3320085554269603	0
layer30_mean	catboost	HPCLAS_TRAIN_N_002723	0	HPCLAS_TRAIN_N_002723	0	D_hard_sample	0.5294540770861579	0.6293557751169698	1
layer30_mean	catboost	HPCLAS_TRAIN_N_002725	0	HPCLAS_TRAIN_N_002725	0	A_clean_core	-0.7577764029965914	0.3191292277458633	0
layer30_mean	catboost	HPCLAS_TRAIN_N_002741	0	HPCLAS_TRAIN_N_002741	0	A_clean_core	0.5698087832779187	0.6387190517175096	1
layer30_mean	catboost	HPCLAS_TRAIN_N_002750	0	HPCLAS_TRAIN_N_002750	0	A_clean_core	-2.2568962969055875	0.09475626224031794	0
layer30_mean	catboost	HPCLAS_TRAIN_N_002757	0	HPCLAS_TRAIN_N_002757	0	A_clean_core	-1.5218107091196056	0.17919503802573156	0
layer30_mean	catboost	HPCLAS_TRAIN_N_002760	0	HPCLAS_TRAIN_N_002760	0	A_clean_core	0.17276639500560947	0.5430844857322085	1
layer30_mean	catboost	HPCLAS_TRAIN_N_002763	0	HPCLAS_TRAIN_N_002763	0	A_clean_core	-2.1983727859538877	0.09989670867575343	0
layer30_mean	catboost	HPCLAS_TRAIN_N_002765	0	HPCLAS_TRAIN_N_002765	0	A_clean_core	-2.150749757357308	0.10426118191018857	0
layer30_mean	catboost	HPCLAS_TRAIN_N_002772	0	HPCLAS_TRAIN_N_002772	0	D_hard_sample	-0.9070436098975977	0.28760518686053754	0
layer30_mean	catboost	HPCLAS_TRAIN_N_002780	0	HPCLAS_TRAIN_N_002780	0	A_clean_core	-1.8595006075497653	0.13476127082648884	0
layer30_mean	catboost	HPCLAS_TRAIN_N_002783	0	HPCLAS_TRAIN_N_002783	0	A_clean_core	-0.8701938391499093	0.29521396970765523	0
layer30_mean	catboost	HPCLAS_TRAIN_N_002791	0	HPCLAS_TRAIN_N_002791	0	A_clean_core	-3.3111012473124544	0.035192308518416704	0
layer30_mean	catboost	HPCLAS_TRAIN_N_002805	0	HPCLAS_TRAIN_N_002805	0	A_clean_core	-0.2763491325298892	0.4313490611827014	0
layer30_mean	catboost	HPCLAS_TRAIN_N_002814	0	HPCLAS_TRAIN_N_002814	0	A_clean_core	-1.4364483818663496	0.19209593957407609	0
layer30_mean	catboost	HPCLAS_TRAIN_N_002819	0	HPCLAS_TRAIN_N_002819	0	A_clean_core	1.2698686103221681	0.7807202553363212	1
layer30_mean	catboost	HPCLAS_TRAIN_N_002827	0	HPCLAS_TRAIN_N_002827	0	A_clean_core	-0.012834711146985247	0.49679136625960174	0
layer30_mean	catboost	HPCLAS_TRAIN_N_002838	0	HPCLAS_TRAIN_N_002838	0	A_clean_core	0.2690544561555093	0.566860760620362	1
layer30_mean	catboost	HPCLAS_TRAIN_N_002840	0	HPCLAS_TRAIN_N_002840	0	A_clean_core	-0.6666438860248136	0.3392487377021012	0
layer30_mean	catboost	HPCLAS_TRAIN_N_002842	0	HPCLAS_TRAIN_N_002842	0	A_clean_core	-0.3635880540116181	0.41009127757823133	0
layer30_mean	catboost	HPCLAS_TRAIN_N_002846	0	HPCLAS_TRAIN_N_002846	0	A_clean_core	-3.972163101551629	0.01848453920905688	0
layer30_mean	catboost	HPCLAS_TRAIN_N_002850	0	HPCLAS_TRAIN_N_002850	0	A_clean_core	-0.2925678875834967	0.42737532222141694	0
layer30_mean	catboost	HPCLAS_TRAIN_N_002853	0	HPCLAS_TRAIN_N_002853	0	A_clean_core	1.0508679520818605	0.7409415349711663	1
layer30_mean	catboost	HPCLAS_TRAIN_N_002854	0	HPCLAS_TRAIN_N_002854	0	B_ambiguous	-0.38485050052028386	0.404957550053011	0
layer30_mean	catboost	HPCLAS_TRAIN_N_002865	0	HPCLAS_TRAIN_N_002865	0	D_hard_sample	-2.9846473471730888	0.048124293807587384	0
layer30_mean	catboost	HPCLAS_TRAIN_N_002874	0	HPCLAS_TRAIN_N_002874	0	A_clean_core	-2.5445905562830218	0.07279073820742901	0
layer30_mean	catboost	HPCLAS_TRAIN_N_002888	0	HPCLAS_TRAIN_N_002888	0	A_clean_core	-1.840410826864553	0.13700271205145892	0
layer30_mean	catboost	HPCLAS_TRAIN_N_002898	0	HPCLAS_TRAIN_N_002898	0	A_clean_core	-1.727685388899836	0.1508838833794408	0
layer30_mean	catboost	HPCLAS_TRAIN_N_002907	0	HPCLAS_TRAIN_N_002907	0	D_hard_sample	-0.42658729271752616	0.39494154831500744	0
layer30_mean	catboost	HPCLAS_TRAIN_N_002912	0	HPCLAS_TRAIN_N_002912	0	D_hard_sample	-0.04734177646760545	0.4881667658974266	0
layer30_mean	catboost	HPCLAS_TRAIN_N_002917	0	HPCLAS_TRAIN_N_002917	0	A_clean_core	-0.4422077272014614	0.39121503796964724	0
layer30_mean	catboost	HPCLAS_TRAIN_N_002925	0	HPCLAS_TRAIN_N_002925	0	A_clean_core	-1.6647053893588724	0.15913136518527085	0
layer30_mean	catboost	HPCLAS_TRAIN_N_002926	0	HPCLAS_TRAIN_P_007044	0	B_ambiguous	-0.4098352884570289	0.39895161654729216	0
layer30_mean	catboost	HPCLAS_TRAIN_N_002936	0	HPCLAS_TRAIN_N_002936	0	A_clean_core	-2.584160546808246	0.07016480382058066	0
layer30_mean	catboost	HPCLAS_TRAIN_N_002942	0	HPCLAS_TRAIN_P_002419	0	B_ambiguous	-1.3726279513029496	0.20219559316087884	0
layer30_mean	catboost	HPCLAS_TRAIN_N_002950	0	HPCLAS_TRAIN_N_002950	0	A_clean_core	-1.7056798322420772	0.15372490136382097	0
layer30_mean	catboost	HPCLAS_TRAIN_N_002952	0	HPCLAS_TRAIN_N_002952	0	A_clean_core	-3.4387635537205643	0.03110572677951535	0
layer30_mean	catboost	HPCLAS_TRAIN_N_002960	0	HPCLAS_TRAIN_N_002960	0	D_hard_sample	-1.4233106937169113	0.19414309586777928	0
layer30_mean	catboost	HPCLAS_TRAIN_N_002962	0	HPCLAS_TRAIN_N_002962	0	D_hard_sample	-1.3305731308873472	0.2090645784468237	0
layer30_mean	catboost	HPCLAS_TRAIN_N_002964	0	HPCLAS_TRAIN_N_002964	0	A_clean_core	-2.170188715588166	0.10245967753727546	0
layer30_mean	catboost	HPCLAS_TRAIN_N_002975	0	HPCLAS_TRAIN_N_002975	0	A_clean_core	-0.49600321911954504	0.3784803858289984	0
layer30_mean	catboost	HPCLAS_TRAIN_N_002985	0	HPCLAS_TRAIN_P_000260	0	B_ambiguous	1.4137242704862016	0.8043526943843815	1
layer30_mean	catboost	HPCLAS_TRAIN_N_002988	0	HPCLAS_TRAIN_N_002988	0	A_clean_core	-2.282461942979271	0.09258590846796352	0
layer30_mean	catboost	HPCLAS_TRAIN_N_002992	0	HPCLAS_TRAIN_N_002992	0	A_clean_core	-2.5207752980163103	0.07441452733749213	0
layer30_mean	catboost	HPCLAS_TRAIN_N_002996	0	HPCLAS_TRAIN_N_002996	0	A_clean_core	-2.7819841298364207	0.05830551941650692	0
layer30_mean	catboost	HPCLAS_TRAIN_N_003002	0	HPCLAS_TRAIN_N_003002	0	A_clean_core	-0.8289889601034227	0.3038588916759786	0
layer30_mean	catboost	HPCLAS_TRAIN_N_003006	0	HPCLAS_TRAIN_N_003006	0	A_clean_core	-3.588044017761224	0.026908287310765232	0
layer30_mean	catboost	HPCLAS_TRAIN_N_003010	0	HPCLAS_TRAIN_N_003010	0	A_clean_core	1.064956638638497	0.743636625381829	1
layer30_mean	catboost	HPCLAS_TRAIN_N_003014	0	HPCLAS_TRAIN_N_003014	0	D_hard_sample	-2.4242979801799858	0.08133852092075397	0
layer30_mean	catboost	HPCLAS_TRAIN_N_003021	0	HPCLAS_TRAIN_N_003021	0	A_clean_core	-0.06349858070606196	0.48413068664671943	0
layer30_mean	catboost	HPCLAS_TRAIN_N_003028	0	HPCLAS_TRAIN_N_003028	0	A_clean_core	-3.8027154464837003	0.02182322903637967	0
layer30_mean	catboost	HPCLAS_TRAIN_N_003031	0	HPCLAS_TRAIN_N_003031	0	D_hard_sample	-1.698614032418178	0.154646367115592	0
layer30_mean	catboost	HPCLAS_TRAIN_N_003037	0	HPCLAS_TRAIN_N_003037	0	D_hard_sample	-1.562725986157392	0.1732558336774503	0
layer30_mean	catboost	HPCLAS_TRAIN_N_003040	0	HPCLAS_TRAIN_N_003040	0	A_clean_core	-2.457282460845126	0.07890762532478496	0
layer30_mean	catboost	HPCLAS_TRAIN_N_003041	0	HPCLAS_TRAIN_N_003041	0	A_clean_core	-0.7317295467508632	0.32481530509504647	0
layer30_mean	catboost	HPCLAS_TRAIN_N_003046	0	HPCLAS_TRAIN_N_003046	0	A_clean_core	0.20572259729373746	0.5512500272939902	1
layer30_mean	catboost	HPCLAS_TRAIN_N_003053	0	HPCLAS_TRAIN_N_003053	0	A_clean_core	0.7090373416735108	0.670188412626731	1
layer30_mean	catboost	HPCLAS_TRAIN_N_003067	0	HPCLAS_TRAIN_N_003067	0	A_clean_core	-2.0232613241241912	0.11678218387453702	0
layer30_mean	catboost	HPCLAS_TRAIN_N_003068	0	HPCLAS_TRAIN_N_003068	0	A_clean_core	-1.7484457310513346	0.148243344028039	0
layer30_mean	catboost	HPCLAS_TRAIN_N_003074	0	HPCLAS_TRAIN_N_003074	0	A_clean_core	-0.30073142655237856	0.42537868963136394	0
layer30_mean	catboost	HPCLAS_TRAIN_N_003078	0	HPCLAS_TRAIN_N_003078	0	A_clean_core	-1.1745730663632792	0.236029375990383	0
layer30_mean	catboost	HPCLAS_TRAIN_N_003119	0	HPCLAS_TRAIN_N_003119	0	D_hard_sample	2.468228530114126	0.9218842901681198	1
layer30_mean	catboost	HPCLAS_TRAIN_N_003121	0	HPCLAS_TRAIN_N_003121	0	A_clean_core	-0.06868511794415562	0.48283546799810045	0
layer30_mean	catboost	HPCLAS_TRAIN_N_003129	0	HPCLAS_TRAIN_N_003129	0	D_hard_sample	0.44731533070720475	0.6100007405024026	1
layer30_mean	catboost	HPCLAS_TRAIN_N_003140	0	HPCLAS_TRAIN_N_003140	0	A_clean_core	-0.7246193289947898	0.32637658740313696	0
layer30_mean	catboost	HPCLAS_TRAIN_N_003146	0	HPCLAS_TRAIN_N_003146	0	A_clean_core	0.11062710431099537	0.5276286044316097	1
layer30_mean	catboost	HPCLAS_TRAIN_N_003147	0	HPCLAS_TRAIN_N_003147	0	A_clean_core	-1.2127297773089667	0.22921840473376626	0
layer30_mean	catboost	HPCLAS_TRAIN_N_003148	0	HPCLAS_TRAIN_N_003148	0	A_clean_core	-0.689994198127501	0.3340343639048488	0
layer30_mean	catboost	HPCLAS_TRAIN_N_003149	0	HPCLAS_TRAIN_N_003149	0	D_hard_sample	-1.1602939585682626	0.23861387545645005	0
layer30_mean	catboost	HPCLAS_TRAIN_N_003154	0	HPCLAS_TRAIN_N_003154	0	A_clean_core	-2.379163446208831	0.08477545020393319	0
layer30_mean	catboost	HPCLAS_TRAIN_N_003158	0	HPCLAS_TRAIN_N_003158	0	A_clean_core	-3.213218721019844	0.03867129799862779	0
layer30_mean	catboost	HPCLAS_TRAIN_N_003159	0	HPCLAS_TRAIN_N_003159	0	A_clean_core	-0.9492345317038224	0.2790387898875638	0
layer30_mean	catboost	HPCLAS_TRAIN_N_003176	0	HPCLAS_TRAIN_N_003176	0	A_clean_core	-1.2263873326216905	0.22681435242868278	0
layer30_mean	catboost	HPCLAS_TRAIN_N_003182	0	HPCLAS_TRAIN_N_003182	0	D_hard_sample	-0.2769519644535586	0.4312012004430342	0
layer30_mean	catboost	HPCLAS_TRAIN_N_003183	0	HPCLAS_TRAIN_N_003183	0	A_clean_core	0.2002439438421855	0.5498943767219162	1
layer30_mean	catboost	HPCLAS_TRAIN_N_003185	0	HPCLAS_TRAIN_N_003185	0	A_clean_core	-3.3547940839157833	0.03373852605032865	0
layer30_mean	catboost	HPCLAS_TRAIN_N_003188	0	HPCLAS_TRAIN_N_003188	0	A_clean_core	-2.1400583896585097	0.10526389005898877	0
layer30_mean	catboost	HPCLAS_TRAIN_N_003190	0	HPCLAS_TRAIN_N_003190	0	A_clean_core	-1.972306019073396	0.12214141327102024	0
layer30_mean	catboost	HPCLAS_TRAIN_N_003208	0	HPCLAS_TRAIN_N_003208	0	A_clean_core	-0.28847720759176376	0.4283767126675918	0
layer30_mean	catboost	HPCLAS_TRAIN_N_003222	0	HPCLAS_TRAIN_N_003222	0	A_clean_core	-1.2665228346183182	0.2198530664881273	0
layer30_mean	catboost	HPCLAS_TRAIN_N_003224	0	HPCLAS_TRAIN_N_003224	0	A_clean_core	-1.5524915221375981	0.17472670622568212	0
layer30_mean	catboost	HPCLAS_TRAIN_N_003225	0	HPCLAS_TRAIN_N_003225	0	A_clean_core	-1.2692695153690505	0.21938232465473267	0
layer30_mean	catboost	HPCLAS_TRAIN_N_003238	0	HPCLAS_TRAIN_N_003238	0	A_clean_core	-2.7953931932553147	0.0575736273209961	0
layer30_mean	catboost	HPCLAS_TRAIN_N_003242	0	HPCLAS_TRAIN_N_003242	0	D_hard_sample	2.638682470918445	0.9333100050030463	1
layer30_mean	catboost	HPCLAS_TRAIN_N_003244	0	HPCLAS_TRAIN_N_003244	0	A_clean_core	-0.8971804456080892	0.28963026111897877	0
layer30_mean	catboost	HPCLAS_TRAIN_N_003247	0	HPCLAS_TRAIN_N_003247	0	A_clean_core	-2.8449951819799724	0.05494059995165912	0
layer30_mean	catboost	HPCLAS_TRAIN_N_003253	0	HPCLAS_TRAIN_N_003253	0	D_hard_sample	-0.29011070032361275	0.42797676601243606	0
layer30_mean	catboost	HPCLAS_TRAIN_N_003257	0	HPCLAS_TRAIN_N_003257	0	A_clean_core	-2.509648591468951	0.07518453991124706	0
layer30_mean	catboost	HPCLAS_TRAIN_N_003259	0	HPCLAS_TRAIN_N_003259	0	A_clean_core	-0.73008532365395	0.32517600400840885	0
layer30_mean	catboost	HPCLAS_TRAIN_N_003279	0	HPCLAS_TRAIN_N_003279	0	A_clean_core	-1.8715521907791766	0.13336222326653657	0
layer30_mean	catboost	HPCLAS_TRAIN_N_003291	0	HPCLAS_TRAIN_N_003291	0	A_clean_core	-2.2711519749736757	0.0935404897659782	0
layer30_mean	catboost	HPCLAS_TRAIN_N_003314	0	HPCLAS_TRAIN_N_003314	0	A_clean_core	0.23976448659100594	0.5596556098738348	1
layer30_mean	catboost	HPCLAS_TRAIN_N_003315	0	HPCLAS_TRAIN_N_003315	0	A_clean_core	-0.9372789194812916	0.2814503157164177	0
layer30_mean	catboost	HPCLAS_TRAIN_N_003329	0	HPCLAS_TRAIN_N_003329	0	A_clean_core	0.5378718168677438	0.6313172093701128	1
layer30_mean	catboost	HPCLAS_TRAIN_N_003333	0	HPCLAS_TRAIN_N_003333	0	D_hard_sample	-1.7272906602548945	0.15093446216856177	0
layer30_mean	catboost	HPCLAS_TRAIN_N_003336	0	HPCLAS_TRAIN_N_003336	0	A_clean_core	0.31463211691053244	0.578015503778795	1
layer30_mean	catboost	HPCLAS_TRAIN_N_003339	0	HPCLAS_TRAIN_N_003339	0	A_clean_core	-2.5440540084208325	0.07282695932974942	0
layer30_mean	catboost	HPCLAS_TRAIN_N_003340	0	HPCLAS_TRAIN_N_003340	0	A_clean_core	-0.6201101507310539	0.3497563997766519	0
layer30_mean	catboost	HPCLAS_TRAIN_N_003359	0	HPCLAS_TRAIN_N_003359	0	A_clean_core	0.7753112813859396	0.6846687090493381	1
layer30_mean	catboost	HPCLAS_TRAIN_N_003361	0	HPCLAS_TRAIN_N_003361	0	D_hard_sample	-0.9494278159591731	0.2789999073671771	0
layer30_mean	catboost	HPCLAS_TRAIN_N_003363	0	HPCLAS_TRAIN_N_003363	0	A_clean_core	-1.324205100350351	0.21011952512041449	0
layer30_mean	catboost	HPCLAS_TRAIN_N_003369	0	HPCLAS_TRAIN_N_003369	0	D_hard_sample	-0.38090170947234814	0.4059094341275825	0
layer30_mean	catboost	HPCLAS_TRAIN_N_003370	0	HPCLAS_TRAIN_N_003370	0	D_hard_sample	1.638589475534109	0.837342915731117	1
layer30_mean	catboost	HPCLAS_TRAIN_N_003382	0	HPCLAS_TRAIN_N_003382	0	D_hard_sample	-0.624382650935647	0.3487853432819211	0
layer30_mean	catboost	HPCLAS_TRAIN_N_003383	0	HPCLAS_TRAIN_N_003383	0	A_clean_core	-0.748381991592309	0.32117395891961054	0
layer30_mean	catboost	HPCLAS_TRAIN_N_003402	0	HPCLAS_TRAIN_N_003402	0	A_clean_core	-1.1657586583293698	0.23762248216195897	0
layer30_mean	catboost	HPCLAS_TRAIN_N_003404	0	HPCLAS_TRAIN_N_003404	0	A_clean_core	-0.0074963428551688555	0.4981259230623701	0
layer30_mean	catboost	HPCLAS_TRAIN_N_003413	0	HPCLAS_TRAIN_N_003413	0	A_clean_core	-2.3772982030886505	0.08492028388732005	0
layer30_mean	catboost	HPCLAS_TRAIN_N_003414	0	HPCLAS_TRAIN_N_003414	0	A_clean_core	-1.6097458448847748	0.16662390266055263	0
layer30_mean	catboost	HPCLAS_TRAIN_N_003418	0	HPCLAS_TRAIN_N_003418	0	A_clean_core	-2.6709484637692182	0.06470954177197252	0
layer30_mean	catboost	HPCLAS_TRAIN_N_003432	0	HPCLAS_TRAIN_N_003432	0	D_hard_sample	1.0518060507869982	0.7411215596654742	1
layer30_mean	catboost	HPCLAS_TRAIN_N_003437	0	HPCLAS_TRAIN_N_003437	0	A_clean_core	-3.2521696587188513	0.03724900193075669	0
layer30_mean	catboost	HPCLAS_TRAIN_N_003445	0	HPCLAS_TRAIN_N_003445	0	A_clean_core	-1.715628186980215	0.1524351382193863	0
layer30_mean	catboost	HPCLAS_TRAIN_N_003450	0	HPCLAS_TRAIN_N_003450	0	A_clean_core	-2.552196959961601	0.0722790302099859	0
layer30_mean	catboost	HPCLAS_TRAIN_N_003453	0	HPCLAS_TRAIN_N_003453	0	B_ambiguous	0.9829897103399294	0.727701037262137	1
layer30_mean	catboost	HPCLAS_TRAIN_N_003460	0	HPCLAS_TRAIN_N_003460	0	A_clean_core	-1.6533896098345753	0.1606513602018068	0
layer30_mean	catboost	HPCLAS_TRAIN_N_003466	0	HPCLAS_TRAIN_N_003466	0	A_clean_core	-0.6060526014707723	0.3529601778745929	0
layer30_mean	catboost	HPCLAS_TRAIN_N_003467	0	HPCLAS_TRAIN_N_003467	0	B_ambiguous	-0.9740930639588896	0.27406541992025296	0
layer30_mean	catboost	HPCLAS_TRAIN_N_003468	0	HPCLAS_TRAIN_N_003468	0	A_clean_core	-3.1562740051248213	0.04084477546329649	0
layer30_mean	catboost	HPCLAS_TRAIN_N_003475	0	HPCLAS_TRAIN_N_003475	0	D_hard_sample	1.7303512093965254	0.8494573382727647	1
layer30_mean	catboost	HPCLAS_TRAIN_N_003476	0	HPCLAS_TRAIN_N_003476	0	A_clean_core	-0.45336321076643593	0.388561430745556	0
layer30_mean	catboost	HPCLAS_TRAIN_N_003507	0	HPCLAS_TRAIN_N_004280	0	A_clean_core	-2.894089601124958	0.05244650975137451	0
layer30_mean	catboost	HPCLAS_TRAIN_N_003509	0	HPCLAS_TRAIN_N_003509	0	D_hard_sample	-0.9464082023096667	0.27960773486831547	0
layer30_mean	catboost	HPCLAS_TRAIN_N_003513	0	HPCLAS_TRAIN_N_003513	0	A_clean_core	1.0235729796704955	0.7356679880380078	1
layer30_mean	catboost	HPCLAS_TRAIN_N_003518	0	HPCLAS_TRAIN_N_003518	0	A_clean_core	0.6334532720728503	0.6532720682624803	1
layer30_mean	catboost	HPCLAS_TRAIN_N_003529	0	HPCLAS_TRAIN_N_003529	0	D_hard_sample	0.8098689510983468	0.6920815778721889	1
layer30_mean	catboost	HPCLAS_TRAIN_N_003535	0	HPCLAS_TRAIN_N_003535	0	A_clean_core	-1.8794464090068679	0.13245247308504793	0
layer30_mean	catboost	HPCLAS_TRAIN_N_003544	0	HPCLAS_TRAIN_N_003544	0	D_hard_sample	-1.2250753269749894	0.22704452080090248	0
layer30_mean	catboost	HPCLAS_TRAIN_N_003551	0	HPCLAS_TRAIN_N_003551	0	A_clean_core	-1.4531157966885198	0.18952250498856468	0
layer30_mean	catboost	HPCLAS_TRAIN_N_003571	0	HPCLAS_TRAIN_N_003571	0	A_clean_core	-2.0054969605636077	0.11862698344386903	0
layer30_mean	catboost	HPCLAS_TRAIN_N_003576	0	HPCLAS_TRAIN_N_003576	0	A_clean_core	-2.1853730027304934	0.10107170974941847	0
layer30_mean	catboost	HPCLAS_TRAIN_N_003587	0	HPCLAS_TRAIN_N_003587	0	A_clean_core	-0.9454080269239443	0.27980924184681955	0
layer30_mean	catboost	HPCLAS_TRAIN_N_003589	0	HPCLAS_TRAIN_N_003589	0	A_clean_core	-2.4374739870697457	0.0803593912025363	0
layer30_mean	catboost	HPCLAS_TRAIN_N_003594	0	HPCLAS_TRAIN_N_003594	0	A_clean_core	-1.1229445161864926	0.24546551459367272	0
layer30_mean	catboost	HPCLAS_TRAIN_N_003601	0	HPCLAS_TRAIN_N_003601	0	D_hard_sample	2.0324557848126488	0.8841628341372064	1
layer30_mean	catboost	HPCLAS_TRAIN_N_003603	0	HPCLAS_TRAIN_N_003603	0	A_clean_core	-1.1490643189325063	0.24066003051607113	0
layer30_mean	catboost	HPCLAS_TRAIN_N_003610	0	HPCLAS_TRAIN_N_003610	0	B_ambiguous	0.2717479775809745	0.5675219804833181	1
layer30_mean	catboost	HPCLAS_TRAIN_N_003614	0	HPCLAS_TRAIN_N_003614	0	A_clean_core	-2.0071148598388215	0.11845792894373473	0
layer30_mean	catboost	HPCLAS_TRAIN_N_003634	0	HPCLAS_TRAIN_N_003634	0	A_clean_core	-1.2096701932904355	0.2297594116527879	0
layer30_mean	catboost	HPCLAS_TRAIN_N_003640	0	HPCLAS_TRAIN_N_003640	0	D_hard_sample	1.0835915641002902	0.7471730515918343	1
layer30_mean	catboost	HPCLAS_TRAIN_N_003642	0	HPCLAS_TRAIN_P_001674	0	B_ambiguous	-0.20932712133763526	0.4478584748661818	0
layer30_mean	catboost	HPCLAS_TRAIN_N_003651	0	HPCLAS_TRAIN_N_003651	0	A_clean_core	-3.2109683577932073	0.03875504402266749	0
layer30_mean	catboost	HPCLAS_TRAIN_N_003657	0	HPCLAS_TRAIN_N_003657	0	A_clean_core	-2.097820131400016	0.10930887349020782	0
layer30_mean	catboost	HPCLAS_TRAIN_N_003658	0	HPCLAS_TRAIN_N_003658	0	A_clean_core	-0.13943341410313084	0.46519801229621777	0
layer30_mean	catboost	HPCLAS_TRAIN_N_003668	0	HPCLAS_TRAIN_N_003668	0	A_clean_core	-2.022944542824509	0.11681486196502544	0
layer30_mean	catboost	HPCLAS_TRAIN_N_003687	0	HPCLAS_TRAIN_N_003687	0	A_clean_core	-0.35510346387881225	0.41214539389884247	0
layer30_mean	catboost	HPCLAS_TRAIN_N_003697	0	HPCLAS_TRAIN_N_003697	0	D_hard_sample	0.916316304404797	0.7142909331409201	1
layer30_mean	catboost	HPCLAS_TRAIN_N_003698	0	HPCLAS_TRAIN_N_003698	0	A_clean_core	-2.392167257576489	0.08377193565277206	0
layer30_mean	catboost	HPCLAS_TRAIN_N_003704	0	HPCLAS_TRAIN_N_003704	0	D_hard_sample	-2.399721084586292	0.08319396766136887	0
layer30_mean	catboost	HPCLAS_TRAIN_N_003705	0	HPCLAS_TRAIN_N_003705	0	A_clean_core	-2.9592489212459894	0.04930119767367961	0
layer30_mean	catboost	HPCLAS_TRAIN_N_003708	0	HPCLAS_TRAIN_N_003708	0	D_hard_sample	-0.2502527202879474	0.4377612970156678	0
layer30_mean	catboost	HPCLAS_TRAIN_N_003710	0	HPCLAS_TRAIN_N_003710	0	D_hard_sample	-0.4872548145424448	0.3805404760860321	0
layer30_mean	catboost	HPCLAS_TRAIN_N_003720	0	HPCLAS_TRAIN_N_003720	0	A_clean_core	-1.6371838266751302	0.16284862409609924	0
layer30_mean	catboost	HPCLAS_TRAIN_N_003725	0	HPCLAS_TRAIN_N_003725	0	A_clean_core	-1.4374790474484165	0.1919360360956503	0
layer30_mean	catboost	HPCLAS_TRAIN_N_003732	0	HPCLAS_TRAIN_N_003732	0	D_hard_sample	-1.620797815106673	0.16509487112435392	0
layer30_mean	catboost	HPCLAS_TRAIN_N_003737	0	HPCLAS_TRAIN_N_003737	0	D_hard_sample	-0.5434782758560076	0.3673788182680794	0
layer30_mean	catboost	HPCLAS_TRAIN_N_003740	0	HPCLAS_TRAIN_N_003740	0	B_ambiguous	0.27362307136669806	0.5679821465722164	1
layer30_mean	catboost	HPCLAS_TRAIN_N_003743	0	HPCLAS_TRAIN_N_003743	0	A_clean_core	-2.972032082739388	0.048705483590496826	0
layer30_mean	catboost	HPCLAS_TRAIN_N_003746	0	HPCLAS_TRAIN_N_003746	0	A_clean_core	-1.0665360389534604	0.256062391735811	0
layer30_mean	catboost	HPCLAS_TRAIN_N_003764	0	HPCLAS_TRAIN_N_003764	0	D_hard_sample	2.1854475096135655	0.8989350594630808	1
layer30_mean	catboost	HPCLAS_TRAIN_N_003766	0	HPCLAS_TRAIN_N_003766	0	A_clean_core	-1.979230035497587	0.12140094048700507	0
layer30_mean	catboost	HPCLAS_TRAIN_N_003780	0	HPCLAS_TRAIN_N_003780	0	A_clean_core	-2.758863528519938	0.05958801888874608	0
layer30_mean	catboost	HPCLAS_TRAIN_N_003781	0	HPCLAS_TRAIN_N_003781	0	A_clean_core	-4.272168851784493	0.013759525691724128	0
layer30_mean	catboost	HPCLAS_TRAIN_N_003784	0	HPCLAS_TRAIN_N_003784	0	A_clean_core	-1.2174413658933605	0.2283870360612759	0
layer30_mean	catboost	HPCLAS_TRAIN_N_003793	0	HPCLAS_TRAIN_P_001611	0	B_ambiguous	1.1893954861736027	0.766632929978279	1
layer30_mean	catboost	HPCLAS_TRAIN_N_003794	0	HPCLAS_TRAIN_N_003794	0	A_clean_core	-2.2895791176664106	0.0919896991833655	0
layer30_mean	catboost	HPCLAS_TRAIN_N_003811	0	HPCLAS_TRAIN_N_003811	0	A_clean_core	-3.5448713621827093	0.028062117451520586	0
layer30_mean	catboost	HPCLAS_TRAIN_N_003812	0	HPCLAS_TRAIN_N_003812	0	A_clean_core	-1.164765814912898	0.23780239057878688	0
layer30_mean	catboost	HPCLAS_TRAIN_N_003813	0	HPCLAS_TRAIN_N_003813	0	A_clean_core	-1.5748983544592907	0.1715192133623731	0
layer30_mean	catboost	HPCLAS_TRAIN_N_003818	0	HPCLAS_TRAIN_N_003818	0	A_clean_core	0.05927760858218306	0.5148150642587889	1
layer30_mean	catboost	HPCLAS_TRAIN_N_003822	0	HPCLAS_TRAIN_N_003822	0	A_clean_core	-2.814640204936288	0.05653815495919864	0
layer30_mean	catboost	HPCLAS_TRAIN_N_003828	0	HPCLAS_TRAIN_N_003828	0	A_clean_core	-1.3607207755754225	0.2041231823401701	0
layer30_mean	catboost	HPCLAS_TRAIN_N_003829	0	HPCLAS_TRAIN_N_003829	0	A_clean_core	-1.100404721742302	0.24966406942179892	0
layer30_mean	catboost	HPCLAS_TRAIN_N_003831	0	HPCLAS_TRAIN_N_003831	0	D_hard_sample	-1.8084623790163137	0.14082406384098237	0
layer30_mean	catboost	HPCLAS_TRAIN_N_003835	0	HPCLAS_TRAIN_N_003835	0	A_clean_core	-1.043109457834366	0.26055046767659873	0
layer30_mean	catboost	HPCLAS_TRAIN_N_003843	0	HPCLAS_TRAIN_N_003843	0	D_hard_sample	-0.14797571844957136	0.46307342699928045	0
layer30_mean	catboost	HPCLAS_TRAIN_N_003854	0	HPCLAS_TRAIN_N_003854	0	A_clean_core	-1.6034074914748375	0.16750590958593856	0
layer30_mean	catboost	HPCLAS_TRAIN_N_003856	0	HPCLAS_TRAIN_N_003856	0	A_clean_core	0.9284592016159962	0.7167625863783331	1
layer30_mean	catboost	HPCLAS_TRAIN_N_003860	0	HPCLAS_TRAIN_N_003860	0	A_clean_core	-1.3260744008355985	0.20980944672179003	0
layer30_mean	catboost	HPCLAS_TRAIN_N_003868	0	HPCLAS_TRAIN_N_003868	0	D_hard_sample	0.6393932266319012	0.6546162857808013	1
layer30_mean	catboost	HPCLAS_TRAIN_N_003874	0	HPCLAS_TRAIN_N_003874	0	A_clean_core	-4.174889440143461	0.015144023617992323	0
layer30_mean	catboost	HPCLAS_TRAIN_N_003878	0	HPCLAS_TRAIN_N_003878	0	A_clean_core	-0.4754458198417663	0.383328103685494	0
layer30_mean	catboost	HPCLAS_TRAIN_N_003882	0	HPCLAS_TRAIN_N_003882	0	D_hard_sample	-0.40449955516801755	0.40023175506480835	0
layer30_mean	catboost	HPCLAS_TRAIN_N_003886	0	HPCLAS_TRAIN_N_003886	0	A_clean_core	-1.0970780910431135	0.250287772373164	0
layer30_mean	catboost	HPCLAS_TRAIN_N_003894	0	HPCLAS_TRAIN_N_003894	0	A_clean_core	-1.9519313107451426	0.12434292106727629	0
layer30_mean	catboost	HPCLAS_TRAIN_N_003896	0	HPCLAS_TRAIN_N_003896	0	D_hard_sample	-0.5956664848913786	0.35533575837926307	0
layer30_mean	catboost	HPCLAS_TRAIN_N_003899	0	HPCLAS_TRAIN_P_001639	0	B_ambiguous	0.8380310700776511	0.698050374632829	1
layer30_mean	catboost	HPCLAS_TRAIN_N_003900	0	HPCLAS_TRAIN_N_003900	0	A_clean_core	-2.076510307214706	0.11140094593193482	0
layer30_mean	catboost	HPCLAS_TRAIN_N_003905	0	HPCLAS_TRAIN_N_003905	0	A_clean_core	-1.1202386201060885	0.2459670246541444	0
layer30_mean	catboost	HPCLAS_TRAIN_N_003907	0	HPCLAS_TRAIN_N_003907	0	A_clean_core	0.27190689802662665	0.5675609856231674	1
layer30_mean	catboost	HPCLAS_TRAIN_N_003908	0	HPCLAS_TRAIN_N_003908	0	A_clean_core	0.4868133338753982	0.6193554484442831	1
layer30_mean	catboost	HPCLAS_TRAIN_N_003910	0	HPCLAS_TRAIN_N_003910	0	A_clean_core	-0.24141467706957528	0.439937755313525	0
layer30_mean	catboost	HPCLAS_TRAIN_N_003916	0	HPCLAS_TRAIN_N_003916	0	A_clean_core	0.5255354665101097	0.628441229848678	1
layer30_mean	catboost	HPCLAS_TRAIN_N_003918	0	HPCLAS_TRAIN_N_003918	0	A_clean_core	-0.8452026356894753	0.30044018148131335	0
layer30_mean	catboost	HPCLAS_TRAIN_N_003921	0	HPCLAS_TRAIN_N_003921	0	D_hard_sample	-0.3314834288021295	0.4178797259167455	0
layer30_mean	catboost	HPCLAS_TRAIN_N_003933	0	HPCLAS_TRAIN_N_003933	0	A_clean_core	0.24188598046512236	0.5601783670316884	1
layer30_mean	catboost	HPCLAS_TRAIN_N_003936	0	HPCLAS_TRAIN_N_003936	0	D_hard_sample	1.7976967630542542	0.8578683322398085	1
layer30_mean	catboost	HPCLAS_TRAIN_N_003937	0	HPCLAS_TRAIN_N_003937	0	A_clean_core	-3.111759611296713	0.04262478034392872	0
layer30_mean	catboost	HPCLAS_TRAIN_N_003959	0	HPCLAS_TRAIN_N_003959	0	A_clean_core	0.09420550057970069	0.523533973019272	1
layer30_mean	catboost	HPCLAS_TRAIN_N_003963	0	HPCLAS_TRAIN_N_003963	0	A_clean_core	-0.7467917490574333	0.3215207641304093	0
layer30_mean	catboost	HPCLAS_TRAIN_N_003968	0	HPCLAS_TRAIN_N_003968	0	A_clean_core	-1.490382811288704	0.18386427649289874	0
layer30_mean	catboost	HPCLAS_TRAIN_N_003979	0	HPCLAS_TRAIN_N_003979	0	D_hard_sample	0.4748451786538792	0.6165299021980428	1
layer30_mean	catboost	HPCLAS_TRAIN_N_003981	0	HPCLAS_TRAIN_N_003981	0	A_clean_core	-1.1348367648205353	0.24326959800354486	0
layer30_mean	catboost	HPCLAS_TRAIN_N_003983	0	HPCLAS_TRAIN_N_003983	0	D_hard_sample	-0.5571176078077664	0.3642146516049352	0
layer30_mean	catboost	HPCLAS_TRAIN_N_003985	0	HPCLAS_TRAIN_N_003985	0	A_clean_core	-1.3272527557657903	0.20961415471671108	0
layer30_mean	catboost	HPCLAS_TRAIN_N_003997	0	HPCLAS_TRAIN_N_003997	0	A_clean_core	0.28583297600972035	0.5709756717944	1
layer30_mean	catboost	HPCLAS_TRAIN_N_003998	0	HPCLAS_TRAIN_N_003998	0	A_clean_core	-2.225179856020819	0.09751200795070285	0
layer30_mean	catboost	HPCLAS_TRAIN_N_003999	0	HPCLAS_TRAIN_N_003999	0	D_hard_sample	0.2165353964041401	0.5539233190813561	1
layer30_mean	catboost	HPCLAS_TRAIN_N_004000	0	HPCLAS_TRAIN_P_005085	0	B_ambiguous	0.7490758410488862	0.6789772962306067	1
layer30_mean	catboost	HPCLAS_TRAIN_N_004005	0	HPCLAS_TRAIN_N_004005	0	A_clean_core	-1.0537681928558549	0.25850216112912905	0
layer30_mean	catboost	HPCLAS_TRAIN_N_004018	0	HPCLAS_TRAIN_P_004986	0	B_ambiguous	0.39659539200538413	0.597869392315025	1
layer30_mean	catboost	HPCLAS_TRAIN_N_004019	0	HPCLAS_TRAIN_N_004019	0	A_clean_core	-0.7007597815794541	0.33164379600610494	0
layer30_mean	catboost	HPCLAS_TRAIN_N_004031	0	HPCLAS_TRAIN_N_004031	0	A_clean_core	-2.3996478962526293	0.08319955010577627	0
layer30_mean	catboost	HPCLAS_TRAIN_N_004040	0	HPCLAS_TRAIN_N_004040	0	A_clean_core	-0.11185040428992758	0.47206651470960265	0
layer30_mean	catboost	HPCLAS_TRAIN_N_004043	0	HPCLAS_TRAIN_N_004043	0	D_hard_sample	-1.8205688455984805	0.13936563000080912	0
layer30_mean	catboost	HPCLAS_TRAIN_N_004044	0	HPCLAS_TRAIN_N_004044	0	A_clean_core	-1.4099273567277715	0.19624551436963716	0
layer30_mean	catboost	HPCLAS_TRAIN_N_004045	0	HPCLAS_TRAIN_N_004045	0	A_clean_core	-1.4381430358884164	0.19183307481466227	0
layer30_mean	catboost	HPCLAS_TRAIN_N_004054	0	HPCLAS_TRAIN_N_004054	0	B_ambiguous	-0.35659868544117723	0.41178317692299277	0
layer30_mean	catboost	HPCLAS_TRAIN_N_004066	0	HPCLAS_TRAIN_N_004066	0	D_hard_sample	-4.026015956778118	0.01753241397987556	0
layer30_mean	catboost	HPCLAS_TRAIN_N_004073	0	HPCLAS_TRAIN_N_004073	0	D_hard_sample	0.1561072870674043	0.538947759136938	1
layer30_mean	catboost	HPCLAS_TRAIN_N_004097	0	HPCLAS_TRAIN_N_004097	0	D_hard_sample	-0.16273137633962584	0.4594066973675307	0
layer30_mean	catboost	HPCLAS_TRAIN_N_004103	0	HPCLAS_TRAIN_N_004103	0	A_clean_core	0.4857132183291736	0.6190960574660316	1
layer30_mean	catboost	HPCLAS_TRAIN_N_004111	0	HPCLAS_TRAIN_P_001674	0	B_ambiguous	0.3101492506685511	0.5769216911091247	1
layer30_mean	catboost	HPCLAS_TRAIN_N_004130	0	HPCLAS_TRAIN_N_004130	0	A_clean_core	-2.1417149301418084	0.1051079734271923	0
layer30_mean	catboost	HPCLAS_TRAIN_N_004132	0	HPCLAS_TRAIN_N_004132	0	A_clean_core	-1.985121006200314	0.12077399344221082	0
layer30_mean	catboost	HPCLAS_TRAIN_N_004141	0	HPCLAS_TRAIN_N_004141	0	A_clean_core	-0.6267390229053886	0.34825032167566344	0
layer30_mean	catboost	HPCLAS_TRAIN_N_004147	0	HPCLAS_TRAIN_N_004147	0	A_clean_core	-1.167732505490174	0.2372650890901813	0
layer30_mean	catboost	HPCLAS_TRAIN_N_004156	0	HPCLAS_TRAIN_N_004156	0	A_clean_core	0.4257071622943983	0.6048481138882691	1
layer30_mean	catboost	HPCLAS_TRAIN_N_004171	0	HPCLAS_TRAIN_N_004171	0	D_hard_sample	-1.3981531534559686	0.19810934166065378	0
layer30_mean	catboost	HPCLAS_TRAIN_N_004172	0	HPCLAS_TRAIN_N_004172	0	A_clean_core	0.07835861403575109	0.5195796361687197	1
layer30_mean	catboost	HPCLAS_TRAIN_N_004175	0	HPCLAS_TRAIN_N_004175	0	A_clean_core	0.02746955533576573	0.5068669570356883	1
layer30_mean	catboost	HPCLAS_TRAIN_N_004189	0	HPCLAS_TRAIN_N_004189	0	D_hard_sample	0.19754850070191515	0.5492271367731947	1
layer30_mean	catboost	HPCLAS_TRAIN_N_004191	0	HPCLAS_TRAIN_N_004191	0	B_ambiguous	1.471517649360351	0.8132879516687423	1
layer30_mean	catboost	HPCLAS_TRAIN_N_004197	0	HPCLAS_TRAIN_N_004197	0	A_clean_core	-3.2516617463833732	0.03726722071767374	0
layer30_mean	catboost	HPCLAS_TRAIN_N_004201	0	HPCLAS_TRAIN_N_004201	0	A_clean_core	-0.506188019670131	0.3760875669738738	0
layer30_mean	catboost	HPCLAS_TRAIN_N_004207	0	HPCLAS_TRAIN_N_004207	0	A_clean_core	-1.2008685065946467	0.23132075003981914	0
layer30_mean	catboost	HPCLAS_TRAIN_N_004210	0	HPCLAS_TRAIN_N_004210	0	B_ambiguous	-0.29001585688551745	0.4279999850447987	0
layer30_mean	catboost	HPCLAS_TRAIN_N_004214	0	HPCLAS_TRAIN_N_004214	0	B_ambiguous	-0.7102472088553944	0.32954421837207887	0
layer30_mean	catboost	HPCLAS_TRAIN_N_004224	0	HPCLAS_TRAIN_N_004224	0	A_clean_core	-0.48455449082274593	0.38117722685183675	0
layer30_mean	catboost	HPCLAS_TRAIN_N_004232	0	HPCLAS_TRAIN_N_004232	0	A_clean_core	1.4885373436102123	0.8158586343609051	1
layer30_mean	catboost	HPCLAS_TRAIN_N_004236	0	HPCLAS_TRAIN_N_004236	0	A_clean_core	-0.6509676891737026	0.3427715039271792	0
layer30_mean	catboost	HPCLAS_TRAIN_N_004237	0	HPCLAS_TRAIN_N_004237	0	A_clean_core	-1.7067135234514093	0.15359047292801564	0
layer30_mean	catboost	HPCLAS_TRAIN_N_004259	0	HPCLAS_TRAIN_N_004259	0	B_ambiguous	-0.36132454937154207	0.41063896774704306	0
layer30_mean	catboost	HPCLAS_TRAIN_N_004262	0	HPCLAS_TRAIN_N_004262	0	A_clean_core	-1.0047870457775339	0.2680012727276386	0
layer30_mean	catboost	HPCLAS_TRAIN_N_004269	0	HPCLAS_TRAIN_N_004269	0	D_hard_sample	-0.39055186408681286	0.403584457721241	0
layer30_mean	catboost	HPCLAS_TRAIN_N_004280	0	HPCLAS_TRAIN_N_004280	0	A_clean_core	-3.1369904834105697	0.041606960831633615	0
layer30_mean	catboost	HPCLAS_TRAIN_N_004282	0	HPCLAS_TRAIN_N_004282	0	A_clean_core	-0.8938655809791229	0.2903127518345374	0
layer30_mean	catboost	HPCLAS_TRAIN_N_004307	0	HPCLAS_TRAIN_N_004307	0	A_clean_core	-1.7452970435729855	0.14864136065586664	0
layer30_mean	catboost	HPCLAS_TRAIN_N_004320	0	HPCLAS_TRAIN_N_004320	0	A_clean_core	-0.8893318473352965	0.2912477299309073	0
layer30_mean	catboost	HPCLAS_TRAIN_N_004322	0	HPCLAS_TRAIN_N_004322	0	A_clean_core	-1.0097313971780493	0.26703242005585104	0
layer30_mean	catboost	HPCLAS_TRAIN_N_004327	0	HPCLAS_TRAIN_N_004327	0	A_clean_core	-2.4278671659859667	0.08107222040942386	0
layer30_mean	catboost	HPCLAS_TRAIN_N_004328	0	HPCLAS_TRAIN_N_004328	0	B_ambiguous	0.13374006703430746	0.5333852697138759	1
layer30_mean	catboost	HPCLAS_TRAIN_N_004338	0	HPCLAS_TRAIN_N_004338	0	A_clean_core	-1.2966591577176791	0.21472781214915207	0
layer30_mean	catboost	HPCLAS_TRAIN_N_004340	0	HPCLAS_TRAIN_N_004340	0	D_hard_sample	-1.3346830133267589	0.20838579492439968	0
layer30_mean	catboost	HPCLAS_TRAIN_N_004345	0	HPCLAS_TRAIN_N_004345	0	D_hard_sample	-0.9440713441882298	0.2800786841086476	0
layer30_mean	catboost	HPCLAS_TRAIN_N_004349	0	HPCLAS_TRAIN_N_004349	0	A_clean_core	-0.36882880243217914	0.4088240544756357	0
layer30_mean	catboost	HPCLAS_TRAIN_N_004361	0	HPCLAS_TRAIN_N_004361	0	A_clean_core	-3.9151592071946197	0.01954764549617498	0
layer30_mean	catboost	HPCLAS_TRAIN_N_004370	0	HPCLAS_TRAIN_N_004370	0	D_hard_sample	0.9068751511429506	0.7123602966525437	1
layer30_mean	catboost	HPCLAS_TRAIN_N_004383	0	HPCLAS_TRAIN_N_004383	0	A_clean_core	-0.18566107622131695	0.4537176009566632	0
layer30_mean	catboost	HPCLAS_TRAIN_N_004385	0	HPCLAS_TRAIN_N_004385	0	D_hard_sample	-1.4676019922444958	0.1873073729869435	0
layer30_mean	catboost	HPCLAS_TRAIN_N_004387	0	HPCLAS_TRAIN_N_004387	0	A_clean_core	-1.2393452408478038	0.22454997660145562	0
layer30_mean	catboost	HPCLAS_TRAIN_N_004391	0	HPCLAS_TRAIN_N_004391	0	A_clean_core	-2.27509907098362	0.09320634937124347	0
layer30_mean	catboost	HPCLAS_TRAIN_N_004394	0	HPCLAS_TRAIN_P_000438	0	B_ambiguous	-1.0087852140504885	0.2672176536128414	0
layer30_mean	catboost	HPCLAS_TRAIN_N_004395	0	HPCLAS_TRAIN_N_004395	0	A_clean_core	-0.052302632115024644	0.4869273219324521	0
layer30_mean	catboost	HPCLAS_TRAIN_N_004396	0	HPCLAS_TRAIN_N_004396	0	A_clean_core	-3.8898836800797163	0.020037993018954942	0
layer30_mean	catboost	HPCLAS_TRAIN_N_004398	0	HPCLAS_TRAIN_N_004398	0	A_clean_core	0.24942784568562465	0.5620356692022626	1
layer30_mean	catboost	HPCLAS_TRAIN_N_004401	0	HPCLAS_TRAIN_N_004401	0	A_clean_core	-1.7305947676134297	0.150511518258372	0
layer30_mean	catboost	HPCLAS_TRAIN_N_004424	0	HPCLAS_TRAIN_N_004424	0	A_clean_core	-2.1793115671837593	0.10162376208176825	0
layer30_mean	catboost	HPCLAS_TRAIN_N_004425	0	HPCLAS_TRAIN_N_004425	0	A_clean_core	-0.9353598560474231	0.2818385822211258	0
layer30_mean	catboost	HPCLAS_TRAIN_N_004426	0	HPCLAS_TRAIN_N_004426	0	A_clean_core	-3.053403022756388	0.04507078244590274	0
layer30_mean	catboost	HPCLAS_TRAIN_N_004429	0	HPCLAS_TRAIN_N_004429	0	A_clean_core	-1.0202440427259791	0.264979866694854	0
layer30_mean	catboost	HPCLAS_TRAIN_N_004436	0	HPCLAS_TRAIN_N_004436	0	A_clean_core	-2.5252042831565364	0.07411004652099865	0
layer30_mean	catboost	HPCLAS_TRAIN_N_004441	0	HPCLAS_TRAIN_N_004441	0	A_clean_core	-0.51907788231017	0.37306788091171633	0
layer30_mean	catboost	HPCLAS_TRAIN_N_004443	0	HPCLAS_TRAIN_N_004443	0	D_hard_sample	-1.306534458561506	0.2130673324175394	0
layer30_mean	catboost	HPCLAS_TRAIN_N_004445	0	HPCLAS_TRAIN_N_004445	0	D_hard_sample	-1.8342354017846847	0.1377344889644579	0
layer30_mean	catboost	HPCLAS_TRAIN_N_004447	0	HPCLAS_TRAIN_N_004447	0	D_hard_sample	-1.167258307626747	0.23735091554272789	0
layer30_mean	catboost	HPCLAS_TRAIN_N_004448	0	HPCLAS_TRAIN_N_004448	0	A_clean_core	-0.5979742348433502	0.35480729355065765	0
layer30_mean	catboost	HPCLAS_TRAIN_N_004451	0	HPCLAS_TRAIN_N_004451	0	A_clean_core	-1.7259853883621579	0.15110181322977911	0
layer30_mean	catboost	HPCLAS_TRAIN_N_004454	0	HPCLAS_TRAIN_N_004454	0	A_clean_core	1.008593591181669	0.7327448225836162	1
layer30_mean	catboost	HPCLAS_TRAIN_N_004461	0	HPCLAS_TRAIN_N_004461	0	A_clean_core	-0.7584404394122165	0.318984959418757	0
layer30_mean	catboost	HPCLAS_TRAIN_N_004463	0	HPCLAS_TRAIN_N_004463	0	A_clean_core	-1.56774231366926	0.17253848098966512	0
layer30_mean	catboost	HPCLAS_TRAIN_N_004474	0	HPCLAS_TRAIN_N_004474	0	D_hard_sample	-0.8631533748233161	0.29668093659331896	0
layer30_mean	catboost	HPCLAS_TRAIN_N_004478	0	HPCLAS_TRAIN_N_004478	0	A_clean_core	-1.2387886931348628	0.2246469015996709	0
layer30_mean	catboost	HPCLAS_TRAIN_N_004490	0	HPCLAS_TRAIN_N_004490	0	A_clean_core	-3.4159972448868055	0.03179923468754725	0
layer30_mean	catboost	HPCLAS_TRAIN_N_004493	0	HPCLAS_TRAIN_N_004493	0	D_hard_sample	0.24984398557796178	0.562138100046709	1
layer30_mean	catboost	HPCLAS_TRAIN_N_004498	0	HPCLAS_TRAIN_N_004498	0	A_clean_core	-4.277935329492924	0.013681492442583267	0
layer30_mean	catboost	HPCLAS_TRAIN_N_004503	0	HPCLAS_TRAIN_N_004503	0	A_clean_core	-1.3522333533011917	0.2055054857120438	0
layer30_mean	catboost	HPCLAS_TRAIN_N_004505	0	HPCLAS_TRAIN_N_004505	0	A_clean_core	-0.01943230045041955	0.49514207775484237	0
layer30_mean	catboost	HPCLAS_TRAIN_N_004511	0	HPCLAS_TRAIN_N_004511	0	A_clean_core	-1.6772108448813179	0.1574651523262628	0
layer30_mean	catboost	HPCLAS_TRAIN_N_004542	0	HPCLAS_TRAIN_N_004542	0	D_hard_sample	1.3760692993943757	0.7983589705333429	1
layer30_mean	catboost	HPCLAS_TRAIN_N_004546	0	HPCLAS_TRAIN_N_004546	0	D_hard_sample	1.0918261792489252	0.7487254470612063	1
layer30_mean	catboost	HPCLAS_TRAIN_N_004571	0	HPCLAS_TRAIN_P_007237	0	B_ambiguous	0.33281289744919157	0.5824436403033373	1
layer30_mean	catboost	HPCLAS_TRAIN_N_004572	0	HPCLAS_TRAIN_N_004572	0	A_clean_core	-0.9074300179299102	0.28752602281836054	0
layer30_mean	catboost	HPCLAS_TRAIN_N_004603	0	HPCLAS_TRAIN_N_004603	0	A_clean_core	-4.621346165142386	0.00974366826578948	0
layer30_mean	catboost	HPCLAS_TRAIN_N_004605	0	HPCLAS_TRAIN_N_004605	0	A_clean_core	0.444899222843656	0.6094257963099462	1
layer30_mean	catboost	HPCLAS_TRAIN_N_004614	0	HPCLAS_TRAIN_N_004614	0	A_clean_core	-2.057752155966143	0.11327140957622418	0
layer30_mean	catboost	HPCLAS_TRAIN_N_004621	0	HPCLAS_TRAIN_N_004621	0	A_clean_core	0.23929015446613688	0.5595387115862599	1
layer30_mean	catboost	HPCLAS_TRAIN_N_004622	0	HPCLAS_TRAIN_N_004622	0	A_clean_core	-1.4680141905035522	0.1872446348863219	0
layer30_mean	catboost	HPCLAS_TRAIN_N_004637	0	HPCLAS_TRAIN_N_004637	0	A_clean_core	-1.0342554637868862	0.2622599259193039	0
layer30_mean	catboost	HPCLAS_TRAIN_N_004645	0	HPCLAS_TRAIN_N_003314	0	A_clean_core	-0.984599599725503	0.27198007651788025	0
layer30_mean	catboost	HPCLAS_TRAIN_N_004648	0	HPCLAS_TRAIN_N_004648	0	A_clean_core	-0.12058040757320891	0.46989136997628594	0
layer30_mean	catboost	HPCLAS_TRAIN_N_004663	0	HPCLAS_TRAIN_N_004663	0	A_clean_core	-1.5177659876645522	0.1797907246806717	0
layer30_mean	catboost	HPCLAS_TRAIN_N_004664	0	HPCLAS_TRAIN_N_004664	0	D_hard_sample	0.1464733468594639	0.5365530080405561	1
layer30_mean	catboost	HPCLAS_TRAIN_N_004667	0	HPCLAS_TRAIN_N_004667	0	D_hard_sample	-1.035831571739143	0.2619550953773615	0
layer30_mean	catboost	HPCLAS_TRAIN_N_004671	0	HPCLAS_TRAIN_N_004671	0	A_clean_core	-0.8127833103094303	0.30729770648999694	0
layer30_mean	catboost	HPCLAS_TRAIN_N_004677	0	HPCLAS_TRAIN_N_004677	0	A_clean_core	-2.20638585055969	0.0991785015442257	0
layer30_mean	catboost	HPCLAS_TRAIN_N_004688	0	HPCLAS_TRAIN_N_004688	0	D_hard_sample	-0.22985947708109605	0.4427868158718938	0
layer30_mean	catboost	HPCLAS_TRAIN_N_004693	0	HPCLAS_TRAIN_N_004693	0	A_clean_core	-1.4164986800394388	0.1952110669843476	0
layer30_mean	catboost	HPCLAS_TRAIN_N_004694	0	HPCLAS_TRAIN_N_004694	0	A_clean_core	-2.8101558752321196	0.05677783247268058	0
layer30_mean	catboost	HPCLAS_TRAIN_N_004704	0	HPCLAS_TRAIN_N_004704	0	A_clean_core	-1.421222100047067	0.19447006834819672	0
layer30_mean	catboost	HPCLAS_TRAIN_N_004705	0	HPCLAS_TRAIN_N_004705	0	D_hard_sample	0.13511302381861043	0.533726962929243	1
layer30_mean	catboost	HPCLAS_TRAIN_N_004709	0	HPCLAS_TRAIN_N_004709	0	A_clean_core	-0.5736642658112034	0.36039174527729234	0
layer30_mean	catboost	HPCLAS_TRAIN_N_004714	0	HPCLAS_TRAIN_N_004714	0	B_ambiguous	0.6557178524998761	0.658297808428517	1
layer30_mean	catboost	HPCLAS_TRAIN_N_004722	0	HPCLAS_TRAIN_N_004722	0	D_hard_sample	0.6318346378498066	0.652905344290032	1
layer30_mean	catboost	HPCLAS_TRAIN_N_004757	0	HPCLAS_TRAIN_N_004757	0	A_clean_core	-0.4231750601467694	0.39575723631683823	0
layer30_mean	catboost	HPCLAS_TRAIN_N_004766	0	HPCLAS_TRAIN_N_004766	0	A_clean_core	-1.3969778926496172	0.1982961122233551	0
layer30_mean	catboost	HPCLAS_TRAIN_N_004772	0	HPCLAS_TRAIN_N_004772	0	A_clean_core	-0.8750698187334269	0.2942004743351932	0
layer30_mean	catboost	HPCLAS_TRAIN_N_004776	0	HPCLAS_TRAIN_N_004776	0	A_clean_core	-1.450289010617184	0.1899570909856739	0
layer30_mean	catboost	HPCLAS_TRAIN_N_004785	0	HPCLAS_TRAIN_N_004785	0	A_clean_core	-1.421240105816805	0.19446724773358043	0
layer30_mean	catboost	HPCLAS_TRAIN_N_004795	0	HPCLAS_TRAIN_N_004795	0	D_hard_sample	0.4930940384908032	0.6208350374020561	1
layer30_mean	catboost	HPCLAS_TRAIN_N_004799	0	HPCLAS_TRAIN_N_004799	0	A_clean_core	-3.3227447050744465	0.03479910123430289	0
layer30_mean	catboost	HPCLAS_TRAIN_N_004801	0	HPCLAS_TRAIN_N_004801	0	A_clean_core	2.0485798256585928	0.8858040393318384	1
layer30_mean	catboost	HPCLAS_TRAIN_N_004802	0	HPCLAS_TRAIN_N_004802	0	A_clean_core	-1.0619133565342682	0.2569439795988975	0
layer30_mean	catboost	HPCLAS_TRAIN_N_004809	0	HPCLAS_TRAIN_N_004809	0	A_clean_core	-3.1749401415137175	0.04011973705350244	0
layer30_mean	catboost	HPCLAS_TRAIN_N_004812	0	HPCLAS_TRAIN_N_004812	0	B_ambiguous	0.6050489617414161	0.6468105777843968	1
layer30_mean	catboost	HPCLAS_TRAIN_N_004814	0	HPCLAS_TRAIN_N_004814	0	A_clean_core	-1.3445144091562078	0.20676864586023955	0
layer30_mean	catboost	HPCLAS_TRAIN_N_004816	0	HPCLAS_TRAIN_N_004816	0	B_ambiguous	0.34836135046529965	0.5862201543539445	1
layer30_mean	catboost	HPCLAS_TRAIN_N_004818	0	HPCLAS_TRAIN_N_004818	0	A_clean_core	0.24844057600806713	0.5617926363504111	1
layer30_mean	catboost	HPCLAS_TRAIN_N_004821	0	HPCLAS_TRAIN_N_004821	0	A_clean_core	-2.0775489600836843	0.11129817037075687	0
layer30_mean	catboost	HPCLAS_TRAIN_N_004833	0	HPCLAS_TRAIN_N_004833	0	A_clean_core	-1.1270881324079836	0.24469887600042278	0
layer30_mean	catboost	HPCLAS_TRAIN_N_004834	0	HPCLAS_TRAIN_N_004834	0	A_clean_core	-3.294788917606767	0.03575039333866449	0
layer30_mean	catboost	HPCLAS_TRAIN_N_004837	0	HPCLAS_TRAIN_N_004837	0	A_clean_core	-2.486473664002535	0.07681188338203454	0
layer30_mean	catboost	HPCLAS_TRAIN_N_004856	0	HPCLAS_TRAIN_N_004856	0	A_clean_core	-1.1163839857925906	0.24668263291071774	0
layer30_mean	catboost	HPCLAS_TRAIN_N_004863	0	HPCLAS_TRAIN_N_004863	0	D_hard_sample	2.6684391483583276	0.9351384229107488	1
layer30_mean	catboost	HPCLAS_TRAIN_N_004879	0	HPCLAS_TRAIN_N_004879	0	A_clean_core	0.2875755451230093	0.5714024829046727	1
layer30_mean	catboost	HPCLAS_TRAIN_N_004882	0	HPCLAS_TRAIN_N_004882	0	A_clean_core	-1.0516651002223663	0.25890548408438513	0
layer30_mean	catboost	HPCLAS_TRAIN_N_004884	0	HPCLAS_TRAIN_N_004884	0	A_clean_core	-2.3732890054529605	0.08523235284928776	0
layer30_mean	catboost	HPCLAS_TRAIN_N_004897	0	HPCLAS_TRAIN_N_004897	0	D_hard_sample	-1.2133703876807007	0.22910524303873353	0
layer30_mean	catboost	HPCLAS_TRAIN_N_004900	0	HPCLAS_TRAIN_N_004900	0	D_hard_sample	0.13037972091509337	0.5325488354968132	1
layer30_mean	catboost	HPCLAS_TRAIN_N_004904	0	HPCLAS_TRAIN_N_004904	0	A_clean_core	-0.8120897057431736	0.30744537092975277	0
layer30_mean	catboost	HPCLAS_TRAIN_N_004915	0	HPCLAS_TRAIN_N_004915	0	D_hard_sample	0.33595033280334924	0.5832064761965468	1
layer30_mean	catboost	HPCLAS_TRAIN_N_004919	0	HPCLAS_TRAIN_N_004919	0	D_hard_sample	-0.5817829445101301	0.35852244142505196	0
layer30_mean	catboost	HPCLAS_TRAIN_N_004920	0	HPCLAS_TRAIN_N_004920	0	A_clean_core	-0.3319586596106425	0.4177641275608789	0
layer30_mean	catboost	HPCLAS_TRAIN_N_004924	0	HPCLAS_TRAIN_N_004924	0	A_clean_core	-3.5203945966638237	0.028737480039231097	0
layer30_mean	catboost	HPCLAS_TRAIN_N_004926	0	HPCLAS_TRAIN_N_004926	0	D_hard_sample	1.0030238654757346	0.7316526911138631	1
layer30_mean	catboost	HPCLAS_TRAIN_N_004931	0	HPCLAS_TRAIN_N_004931	0	A_clean_core	-1.5736076378053816	0.17170270244951175	0
layer30_mean	catboost	HPCLAS_TRAIN_N_004935	0	HPCLAS_TRAIN_N_004935	0	A_clean_core	0.24739430928186543	0.5615350480303983	1
layer30_mean	catboost	HPCLAS_TRAIN_N_004937	0	HPCLAS_TRAIN_N_004937	0	A_clean_core	-1.7234846038742986	0.15142286895420512	0
layer30_mean	catboost	HPCLAS_TRAIN_N_004938	0	HPCLAS_TRAIN_N_004938	0	D_hard_sample	-0.4231707800727218	0.395758259826152	0
layer30_mean	catboost	HPCLAS_TRAIN_N_004939	0	HPCLAS_TRAIN_N_004939	0	A_clean_core	-0.0008512798200051865	0.4997871800578508	0
layer30_mean	catboost	HPCLAS_TRAIN_N_004948	0	HPCLAS_TRAIN_N_004948	0	D_hard_sample	0.5029994257408883	0.6231639480460046	1
layer30_mean	catboost	HPCLAS_TRAIN_N_004949	0	HPCLAS_TRAIN_N_004949	0	A_clean_core	-1.9167269575678878	0.12822699783301622	0
layer30_mean	catboost	HPCLAS_TRAIN_N_004954	0	HPCLAS_TRAIN_N_004954	0	D_hard_sample	1.2185982542258784	0.7718167741370762	1
layer30_mean	catboost	HPCLAS_TRAIN_N_004956	0	HPCLAS_TRAIN_N_004956	0	D_hard_sample	-0.7612184539536643	0.3183817851454263	0
layer30_mean	catboost	HPCLAS_TRAIN_N_004962	0	HPCLAS_TRAIN_N_004962	0	A_clean_core	-1.1143413168574612	0.2470624191011346	0
layer30_mean	catboost	HPCLAS_TRAIN_N_004983	0	HPCLAS_TRAIN_N_004983	0	A_clean_core	-2.559829229436294	0.07176891784920415	0
layer30_mean	catboost	HPCLAS_TRAIN_N_004992	0	HPCLAS_TRAIN_N_004992	0	D_hard_sample	2.980965978925071	0.951706787993211	1
layer30_mean	catboost	HPCLAS_TRAIN_N_004993	0	HPCLAS_TRAIN_N_004993	0	D_hard_sample	-0.19312651596293695	0.4518678801480754	0
layer30_mean	catboost	HPCLAS_TRAIN_N_004999	0	HPCLAS_TRAIN_N_004999	0	A_clean_core	0.04268888161327466	0.5106705999968882	1
layer30_mean	catboost	HPCLAS_TRAIN_N_005002	0	HPCLAS_TRAIN_P_001569	0	B_ambiguous	0.5110194525270194	0.6250454275150791	1
layer30_mean	catboost	HPCLAS_TRAIN_N_005013	0	HPCLAS_TRAIN_N_005013	0	D_hard_sample	-1.6536888279543474	0.1606110169790139	0
layer30_mean	catboost	HPCLAS_TRAIN_N_005014	0	HPCLAS_TRAIN_N_005014	0	D_hard_sample	1.8579180785962832	0.8650540985579915	1
layer30_mean	catboost	HPCLAS_TRAIN_N_005020	0	HPCLAS_TRAIN_N_005020	0	A_clean_core	0.7720294801889349	0.6839597474537334	1
layer30_mean	catboost	HPCLAS_TRAIN_N_005026	0	HPCLAS_TRAIN_N_005026	0	A_clean_core	-0.790157879302789	0.3121347706747003	0
layer30_mean	catboost	HPCLAS_TRAIN_N_005042	0	HPCLAS_TRAIN_N_005042	0	D_hard_sample	0.46958134842921356	0.6152846623936665	1
layer30_mean	catboost	HPCLAS_TRAIN_N_005043	0	HPCLAS_TRAIN_N_005043	0	A_clean_core	-2.450347929837871	0.07941310947054575	0
layer30_mean	catboost	HPCLAS_TRAIN_N_005047	0	HPCLAS_TRAIN_N_005047	0	A_clean_core	-3.120772008130646	0.04225851551897935	0
layer30_mean	catboost	HPCLAS_TRAIN_N_005052	0	HPCLAS_TRAIN_N_005052	0	A_clean_core	-0.1506218759325953	0.4624155605205572	0
layer30_mean	catboost	HPCLAS_TRAIN_N_005058	0	HPCLAS_TRAIN_N_005058	0	A_clean_core	-1.9214987744920196	0.12769452669775302	0
layer30_mean	catboost	HPCLAS_TRAIN_N_005060	0	HPCLAS_TRAIN_N_005060	0	A_clean_core	-1.724618624588394	0.1512772117080387	0
layer30_mean	catboost	HPCLAS_TRAIN_N_005066	0	HPCLAS_TRAIN_N_005066	0	A_clean_core	-0.7078831480816835	0.3300667556919506	0
layer30_mean	catboost	HPCLAS_TRAIN_N_005068	0	HPCLAS_TRAIN_N_005068	0	A_clean_core	0.5599398045214005	0.6364386120949358	1
layer30_mean	catboost	HPCLAS_TRAIN_N_005076	0	HPCLAS_TRAIN_N_005076	0	A_clean_core	1.959610543060872	0.876490798080359	1
layer30_mean	catboost	HPCLAS_TRAIN_N_005079	0	HPCLAS_TRAIN_N_005079	0	A_clean_core	-1.5419102379652592	0.17625775395734022	0
layer30_mean	catboost	HPCLAS_TRAIN_N_005090	0	HPCLAS_TRAIN_N_005090	0	A_clean_core	-2.1264795648603037	0.10654966204313546	0
layer30_mean	catboost	HPCLAS_TRAIN_N_005092	0	HPCLAS_TRAIN_N_005092	0	D_hard_sample	1.9703280910554444	0.8776463490213717	1
layer30_mean	catboost	HPCLAS_TRAIN_N_005094	0	HPCLAS_TRAIN_N_005094	0	D_hard_sample	-0.46714963944429194	0.38529110722130067	0
layer30_mean	catboost	HPCLAS_TRAIN_N_005110	0	HPCLAS_TRAIN_N_005110	0	B_ambiguous	-2.0183461492680195	0.1172901108878713	0
layer30_mean	catboost	HPCLAS_TRAIN_P_000004	1	HPCLAS_TRAIN_P_000004	0	D_hard_sample	-0.6022568381286798	0.3538275346693986	0
layer30_mean	catboost	HPCLAS_TRAIN_P_000006	1	HPCLAS_TRAIN_P_000006	0	A_clean_core	4.781054723243222	0.9916826109934576	1
layer30_mean	catboost	HPCLAS_TRAIN_P_000017	1	HPCLAS_TRAIN_P_000017	0	A_clean_core	3.6169373765060637	0.9738380098699583	1
layer30_mean	catboost	HPCLAS_TRAIN_P_000029	1	HPCLAS_TRAIN_P_000029	0	A_clean_core	1.4780953906467023	0.814284728341409	1
layer30_mean	catboost	HPCLAS_TRAIN_P_000031	1	HPCLAS_TRAIN_P_000031	0	A_clean_core	0.4487874919734659	0.6103509106584272	1
layer30_mean	catboost	HPCLAS_TRAIN_P_000036	1	HPCLAS_TRAIN_P_000036	0	A_clean_core	0.6844212268920244	0.6647247540000343	1
layer30_mean	catboost	HPCLAS_TRAIN_P_000037	1	HPCLAS_TRAIN_P_000037	0	A_clean_core	0.2088859606493686	0.5520324318546821	1
layer30_mean	catboost	HPCLAS_TRAIN_P_000040	1	HPCLAS_TRAIN_P_000040	0	A_clean_core	0.40703541093749523	0.6003768134304893	1
layer30_mean	catboost	HPCLAS_TRAIN_P_000043	1	HPCLAS_TRAIN_P_000043	0	A_clean_core	3.510486982540754	0.9709846872767115	1
layer30_mean	catboost	HPCLAS_TRAIN_P_000051	1	HPCLAS_TRAIN_P_000051	0	D_hard_sample	-1.4632020536310775	0.18797806793403318	0
layer30_mean	catboost	HPCLAS_TRAIN_P_000062	1	HPCLAS_TRAIN_P_000062	0	A_clean_core	-0.16935514606586055	0.4577621178997126	0
layer30_mean	catboost	HPCLAS_TRAIN_P_000068	1	HPCLAS_TRAIN_P_000068	0	A_clean_core	4.707921257081131	0.9910571800071748	1
layer30_mean	catboost	HPCLAS_TRAIN_P_000081	1	HPCLAS_TRAIN_P_000081	0	A_clean_core	3.9151786082787163	0.9804527263325163	1
layer30_mean	catboost	HPCLAS_TRAIN_P_000094	1	HPCLAS_TRAIN_P_000094	0	A_clean_core	4.260197709041418	0.9860770743171872	1
layer30_mean	catboost	HPCLAS_TRAIN_P_000105	1	HPCLAS_TRAIN_P_000105	0	A_clean_core	0.9314372880657108	0.7173667890824956	1
layer30_mean	catboost	HPCLAS_TRAIN_P_000107	1	HPCLAS_TRAIN_P_000107	0	D_hard_sample	-1.4742470968997516	0.1862979342900306	0
layer30_mean	catboost	HPCLAS_TRAIN_P_000111	1	HPCLAS_TRAIN_P_000111	0	A_clean_core	-0.734758449088258	0.3241513883394088	0
layer30_mean	catboost	HPCLAS_TRAIN_P_000118	1	HPCLAS_TRAIN_P_000118	0	A_clean_core	3.6917548279276877	0.9756780831641653	1
layer30_mean	catboost	HPCLAS_TRAIN_P_000127	1	HPCLAS_TRAIN_P_000127	0	A_clean_core	3.9220059411359705	0.98058314507281	1
layer30_mean	catboost	HPCLAS_TRAIN_P_000151	1	HPCLAS_TRAIN_P_000151	0	A_clean_core	1.4269200480262412	0.8064209699130679	1
layer30_mean	catboost	HPCLAS_TRAIN_P_000162	1	HPCLAS_TRAIN_P_000162	0	A_clean_core	0.4262688056361828	0.6049823425992507	1
layer30_mean	catboost	HPCLAS_TRAIN_P_000163	1	HPCLAS_TRAIN_P_000163	0	A_clean_core	1.3473046813110745	0.7936886272325044	1
layer30_mean	catboost	HPCLAS_TRAIN_P_000170	1	HPCLAS_TRAIN_P_000170	0	A_clean_core	0.7983744372945715	0.6896266501636443	1
layer30_mean	catboost	HPCLAS_TRAIN_P_000173	1	HPCLAS_TRAIN_P_000173	0	D_hard_sample	1.3885471446730635	0.8003602017791782	1
layer30_mean	catboost	HPCLAS_TRAIN_P_000174	1	HPCLAS_TRAIN_P_000174	0	A_clean_core	0.8055464506157447	0.6911596688438282	1
layer30_mean	catboost	HPCLAS_TRAIN_P_000180	1	HPCLAS_TRAIN_N_004259	0	B_ambiguous	-0.34578688454422407	0.4144044620671009	0
layer30_mean	catboost	HPCLAS_TRAIN_P_000184	1	HPCLAS_TRAIN_P_000184	0	A_clean_core	3.0795716336626073	0.9560421858001333	1
layer30_mean	catboost	HPCLAS_TRAIN_P_000190	1	HPCLAS_TRAIN_P_000190	0	A_clean_core	4.134538172737504	0.9842422255679643	1
layer30_mean	catboost	HPCLAS_TRAIN_P_000201	1	HPCLAS_TRAIN_P_000201	0	A_clean_core	4.502504180574367	0.9890402350753978	1
layer30_mean	catboost	HPCLAS_TRAIN_P_000203	1	HPCLAS_TRAIN_P_000203	0	D_hard_sample	0.05674158884640068	0.5141815924851519	1
layer30_mean	catboost	HPCLAS_TRAIN_P_000206	1	HPCLAS_TRAIN_P_000206	0	A_clean_core	6.625883126097187	0.9986761456796746	1
layer30_mean	catboost	HPCLAS_TRAIN_P_000208	1	HPCLAS_TRAIN_P_000208	0	A_clean_core	4.995101150791185	0.9932745024187127	1
layer30_mean	catboost	HPCLAS_TRAIN_P_000212	1	HPCLAS_TRAIN_P_000212	0	A_clean_core	3.2933818484925452	0.9642010700512653	1
layer30_mean	catboost	HPCLAS_TRAIN_P_000224	1	HPCLAS_TRAIN_P_000224	0	D_hard_sample	-1.2855024492345695	0.21661504077053062	0
layer30_mean	catboost	HPCLAS_TRAIN_P_000232	1	HPCLAS_TRAIN_P_000232	0	A_clean_core	3.998457377009572	0.9819865228717125	1
layer30_mean	catboost	HPCLAS_TRAIN_P_000237	1	HPCLAS_TRAIN_P_000237	0	D_hard_sample	-0.4123707538258895	0.39834379532576186	0
layer30_mean	catboost	HPCLAS_TRAIN_P_000255	1	HPCLAS_TRAIN_P_000255	0	A_clean_core	5.902179886693083	0.9972739718987955	1
layer30_mean	catboost	HPCLAS_TRAIN_P_000260	1	HPCLAS_TRAIN_P_000260	0	B_ambiguous	1.6097924512300836	0.8333825690136067	1
layer30_mean	catboost	HPCLAS_TRAIN_P_000261	1	HPCLAS_TRAIN_P_000261	0	A_clean_core	-0.017621139957864813	0.4955948289954225	0
layer30_mean	catboost	HPCLAS_TRAIN_P_000269	1	HPCLAS_TRAIN_P_000269	0	A_clean_core	5.377795143776228	0.9954032351035413	1
layer30_mean	catboost	HPCLAS_TRAIN_P_000273	1	HPCLAS_TRAIN_P_000273	0	A_clean_core	-0.12486592919889003	0.46882401387786204	0
layer30_mean	catboost	HPCLAS_TRAIN_P_000280	1	HPCLAS_TRAIN_P_000280	0	A_clean_core	4.292901673613754	0.9865190049876926	1
layer30_mean	catboost	HPCLAS_TRAIN_P_000288	1	HPCLAS_TRAIN_P_000288	0	D_hard_sample	-1.3551285522818508	0.20503318097020976	0
layer30_mean	catboost	HPCLAS_TRAIN_P_000293	1	HPCLAS_TRAIN_P_000293	0	A_clean_core	-1.239606898592823	0.22450441813264257	0
layer30_mean	catboost	HPCLAS_TRAIN_P_000303	1	HPCLAS_TRAIN_P_000303	0	A_clean_core	1.7883071632280758	0.8567196043598239	1
layer30_mean	catboost	HPCLAS_TRAIN_P_000310	1	HPCLAS_TRAIN_P_000310	0	A_clean_core	6.579744078329343	0.9986137199192763	1
layer30_mean	catboost	HPCLAS_TRAIN_P_000311	1	HPCLAS_TRAIN_P_000311	0	A_clean_core	3.2172148010394697	0.9614769860278144	1
layer30_mean	catboost	HPCLAS_TRAIN_P_000312	1	HPCLAS_TRAIN_P_000312	0	A_clean_core	1.9133026376411475	0.8713897275687106	1
layer30_mean	catboost	HPCLAS_TRAIN_P_000322	1	HPCLAS_TRAIN_P_000322	0	A_clean_core	1.0368810822482495	0.738247760643386	1
layer30_mean	catboost	HPCLAS_TRAIN_P_000324	1	HPCLAS_TRAIN_P_000324	0	D_hard_sample	0.28115752619494183	0.5698299840325165	1
layer30_mean	catboost	HPCLAS_TRAIN_P_000328	1	HPCLAS_TRAIN_P_000328	0	A_clean_core	2.549577492982106	0.9275451251129412	1
layer30_mean	catboost	HPCLAS_TRAIN_P_000340	1	HPCLAS_TRAIN_P_000340	0	A_clean_core	2.407787165002643	0.9174191895702339	1
layer30_mean	catboost	HPCLAS_TRAIN_P_000341	1	HPCLAS_TRAIN_P_000341	0	A_clean_core	3.300847646210807	0.9644578785314549	1
layer30_mean	catboost	HPCLAS_TRAIN_P_000342	1	HPCLAS_TRAIN_P_000342	0	A_clean_core	2.705294105341406	0.9373383151580909	1
layer30_mean	catboost	HPCLAS_TRAIN_P_000343	1	HPCLAS_TRAIN_P_000343	0	D_hard_sample	-0.4023076636080454	0.400758025392581	0
layer30_mean	catboost	HPCLAS_TRAIN_P_000344	1	HPCLAS_TRAIN_P_000344	0	A_clean_core	1.343410089838348	0.7930501701422075	1
layer30_mean	catboost	HPCLAS_TRAIN_P_000348	1	HPCLAS_TRAIN_P_000348	0	B_ambiguous	1.208811414640755	0.7700885749991795	1
layer30_mean	catboost	HPCLAS_TRAIN_P_000350	1	HPCLAS_TRAIN_P_000350	0	A_clean_core	-0.3500219097603225	0.41337710803294936	0
layer30_mean	catboost	HPCLAS_TRAIN_P_000371	1	HPCLAS_TRAIN_P_000371	0	A_clean_core	1.74050370484191	0.8507510340430402	1
layer30_mean	catboost	HPCLAS_TRAIN_P_000386	1	HPCLAS_TRAIN_P_000386	0	A_clean_core	2.3479521848467098	0.9127713186083805	1
layer30_mean	catboost	HPCLAS_TRAIN_P_000395	1	HPCLAS_TRAIN_P_000395	0	A_clean_core	4.03820487853808	0.9826763105014091	1
layer30_mean	catboost	HPCLAS_TRAIN_P_000400	1	HPCLAS_TRAIN_P_000400	0	A_clean_core	1.826783707414414	0.8613781288697293	1
layer30_mean	catboost	HPCLAS_TRAIN_P_000402	1	HPCLAS_TRAIN_P_000402	0	D_hard_sample	-1.1184263444138123	0.24630329715874283	0
layer30_mean	catboost	HPCLAS_TRAIN_P_000403	1	HPCLAS_TRAIN_P_000403	0	A_clean_core	6.8198056386210535	0.9989092578861665	1
layer30_mean	catboost	HPCLAS_TRAIN_P_000421	1	HPCLAS_TRAIN_P_000421	0	D_hard_sample	0.5030123094574998	0.6231669735326457	1
layer30_mean	catboost	HPCLAS_TRAIN_P_000437	1	HPCLAS_TRAIN_P_000437	0	A_clean_core	6.262031978169128	0.9980962649897469	1
layer30_mean	catboost	HPCLAS_TRAIN_P_000438	1	HPCLAS_TRAIN_P_000438	0	B_ambiguous	-0.9787887337605139	0.2731321914607593	0
layer30_mean	catboost	HPCLAS_TRAIN_P_000452	1	HPCLAS_TRAIN_P_000452	0	A_clean_core	1.1635807928116904	0.7619827545727847	1
layer30_mean	catboost	HPCLAS_TRAIN_P_000454	1	HPCLAS_TRAIN_P_000454	0	A_clean_core	1.0218531417499075	0.7353334118002005	1
layer30_mean	catboost	HPCLAS_TRAIN_P_000465	1	HPCLAS_TRAIN_P_000465	0	A_clean_core	0.9540417979687327	0.7219272893524181	1
layer30_mean	catboost	HPCLAS_TRAIN_P_000466	1	HPCLAS_TRAIN_P_000466	0	D_hard_sample	-1.8585693032498762	0.13486989847416173	0
layer30_mean	catboost	HPCLAS_TRAIN_P_000467	1	HPCLAS_TRAIN_P_000467	0	A_clean_core	-1.7890323228200629	0.1431914045092827	0
layer30_mean	catboost	HPCLAS_TRAIN_P_000478	1	HPCLAS_TRAIN_P_000478	0	A_clean_core	3.520178821856811	0.971256496720162	1
layer30_mean	catboost	HPCLAS_TRAIN_P_000484	1	HPCLAS_TRAIN_P_000484	0	A_clean_core	4.361077205055159	0.9873962520635606	1
layer30_mean	catboost	HPCLAS_TRAIN_P_000485	1	HPCLAS_TRAIN_P_000485	0	A_clean_core	4.520777780289692	0.9892365545953719	1
layer30_mean	catboost	HPCLAS_TRAIN_P_000500	1	HPCLAS_TRAIN_P_000500	0	A_clean_core	1.5278558356245986	0.8216923807478073	1
layer30_mean	catboost	HPCLAS_TRAIN_P_000503	1	HPCLAS_TRAIN_P_000503	0	A_clean_core	3.858380082676328	0.9793339427575436	1
layer30_mean	catboost	HPCLAS_TRAIN_P_000514	1	HPCLAS_TRAIN_P_000514	0	A_clean_core	1.8089763464162425	0.8592381109560174	1
layer30_mean	catboost	HPCLAS_TRAIN_P_000518	1	HPCLAS_TRAIN_P_000518	0	A_clean_core	3.2635232486153085	0.9631560226862868	1
layer30_mean	catboost	HPCLAS_TRAIN_P_000521	1	HPCLAS_TRAIN_P_000521	0	A_clean_core	1.2493677697272603	0.7771903999011822	1
layer30_mean	catboost	HPCLAS_TRAIN_P_000526	1	HPCLAS_TRAIN_P_000526	0	A_clean_core	3.952434420126821	0.9811541050275393	1
layer30_mean	catboost	HPCLAS_TRAIN_P_000531	1	HPCLAS_TRAIN_P_000531	0	D_hard_sample	-0.28763155519678096	0.4285838001887204	0
layer30_mean	catboost	HPCLAS_TRAIN_P_000533	1	HPCLAS_TRAIN_P_000533	0	A_clean_core	3.485705470439042	0.9702782986050082	1
layer30_mean	catboost	HPCLAS_TRAIN_P_000534	1	HPCLAS_TRAIN_P_000534	0	A_clean_core	4.564384287552168	0.9896910899312197	1
layer30_mean	catboost	HPCLAS_TRAIN_P_000546	1	HPCLAS_TRAIN_P_000546	0	A_clean_core	4.86601131066125	0.9923548652909976	1
layer30_mean	catboost	HPCLAS_TRAIN_P_000552	1	HPCLAS_TRAIN_P_000552	0	A_clean_core	3.9823071049087813	0.9816986058923209	1
layer30_mean	catboost	HPCLAS_TRAIN_P_000556	1	HPCLAS_TRAIN_P_000556	0	D_hard_sample	2.6058475889721464	0.9312369736617561	1
layer30_mean	catboost	HPCLAS_TRAIN_P_000568	1	HPCLAS_TRAIN_P_000568	0	A_clean_core	5.242561920177371	0.9947411067864178	1
layer30_mean	catboost	HPCLAS_TRAIN_P_000586	1	HPCLAS_TRAIN_P_000586	0	A_clean_core	3.902567634278394	0.9802095646859189	1
layer30_mean	catboost	HPCLAS_TRAIN_P_000590	1	HPCLAS_TRAIN_P_000590	0	A_clean_core	2.475281659007212	0.9223907027106836	1
layer30_mean	catboost	HPCLAS_TRAIN_P_000593	1	HPCLAS_TRAIN_P_000593	0	A_clean_core	3.8096895274811704	0.978325151075416	1
layer30_mean	catboost	HPCLAS_TRAIN_P_000609	1	HPCLAS_TRAIN_P_000609	0	A_clean_core	-1.1087069934380416	0.2481120235294303	0
layer30_mean	catboost	HPCLAS_TRAIN_P_000611	1	HPCLAS_TRAIN_P_000611	0	A_clean_core	3.2590793396711546	0.9629979989294392	1
layer30_mean	catboost	HPCLAS_TRAIN_P_000614	1	HPCLAS_TRAIN_P_000614	0	A_clean_core	5.929438770628731	0.9973470822676096	1
layer30_mean	catboost	HPCLAS_TRAIN_P_000619	1	HPCLAS_TRAIN_P_000619	0	A_clean_core	3.2473164042132825	0.9625765616004175	1
layer30_mean	catboost	HPCLAS_TRAIN_P_000636	1	HPCLAS_TRAIN_P_000636	0	A_clean_core	5.2472945513593166	0.994765806424469	1
layer30_mean	catboost	HPCLAS_TRAIN_P_000663	1	HPCLAS_TRAIN_P_000663	0	A_clean_core	4.936384303545162	0.9928706781440986	1
layer30_mean	catboost	HPCLAS_TRAIN_P_000666	1	HPCLAS_TRAIN_P_000666	0	A_clean_core	2.1231502363633927	0.8931329810119439	1
layer30_mean	catboost	HPCLAS_TRAIN_P_000681	1	HPCLAS_TRAIN_N_000621	0	B_ambiguous	1.2787118537459818	0.7822304256544789	1
layer30_mean	catboost	HPCLAS_TRAIN_P_000687	1	HPCLAS_TRAIN_P_000687	0	B_ambiguous	0.3921685437815384	0.596804622885926	1
layer30_mean	catboost	HPCLAS_TRAIN_P_000688	1	HPCLAS_TRAIN_P_000688	0	A_clean_core	-0.1275392010316773	0.4681583500592347	0
layer30_mean	catboost	HPCLAS_TRAIN_P_000689	1	HPCLAS_TRAIN_P_000689	0	A_clean_core	4.650525113285113	0.9905338814171405	1
layer30_mean	catboost	HPCLAS_TRAIN_P_000690	1	HPCLAS_TRAIN_P_000690	0	A_clean_core	0.31958224325721485	0.5792224382568014	1
layer30_mean	catboost	HPCLAS_TRAIN_P_000715	1	HPCLAS_TRAIN_P_000715	0	A_clean_core	4.353349007854199	0.9872997123174153	1
layer30_mean	catboost	HPCLAS_TRAIN_P_000718	1	HPCLAS_TRAIN_P_000718	0	A_clean_core	2.0880725352105585	0.8897384757840255	1
layer30_mean	catboost	HPCLAS_TRAIN_P_000724	1	HPCLAS_TRAIN_P_000724	0	D_hard_sample	0.7434715289321003	0.6777545171156936	1
layer30_mean	catboost	HPCLAS_TRAIN_P_000733	1	HPCLAS_TRAIN_P_000733	0	D_hard_sample	-0.6917863428648305	0.33363581026701516	0
layer30_mean	catboost	HPCLAS_TRAIN_P_000741	1	HPCLAS_TRAIN_P_000741	0	A_clean_core	2.518341620351708	0.9254176745206498	1
layer30_mean	catboost	HPCLAS_TRAIN_P_000745	1	HPCLAS_TRAIN_P_000745	0	D_hard_sample	0.533677477514767	0.6303404160233348	1
layer30_mean	catboost	HPCLAS_TRAIN_P_000746	1	HPCLAS_TRAIN_P_000746	0	A_clean_core	2.7288299935241764	0.9387065535761152	1
layer30_mean	catboost	HPCLAS_TRAIN_P_000750	1	HPCLAS_TRAIN_P_000750	0	A_clean_core	5.250056251712825	0.9947801664064803	1
layer30_mean	catboost	HPCLAS_TRAIN_P_000756	1	HPCLAS_TRAIN_P_000756	0	A_clean_core	5.647130431319384	0.9964847753672817	1
layer30_mean	catboost	HPCLAS_TRAIN_P_000758	1	HPCLAS_TRAIN_P_000758	0	A_clean_core	5.070938350717427	0.9937626212885022	1
layer30_mean	catboost	HPCLAS_TRAIN_P_000765	1	HPCLAS_TRAIN_P_000765	0	D_hard_sample	1.284025181012429	0.7831341722621845	1
layer30_mean	catboost	HPCLAS_TRAIN_P_000772	1	HPCLAS_TRAIN_P_000772	0	A_clean_core	5.820286749755348	0.9970420212893526	1
layer30_mean	catboost	HPCLAS_TRAIN_P_000774	1	HPCLAS_TRAIN_P_000774	0	A_clean_core	2.9155498781437337	0.9486097915441402	1
layer30_mean	catboost	HPCLAS_TRAIN_P_000780	1	HPCLAS_TRAIN_P_000780	0	A_clean_core	1.8055213698161185	0.8588197196424739	1
layer30_mean	catboost	HPCLAS_TRAIN_P_000785	1	HPCLAS_TRAIN_P_000785	0	A_clean_core	2.7593550895580905	0.9404395208955495	1
layer30_mean	catboost	HPCLAS_TRAIN_P_000786	1	HPCLAS_TRAIN_P_000786	0	A_clean_core	2.982698508892296	0.9517863544760883	1
layer30_mean	catboost	HPCLAS_TRAIN_P_000790	1	HPCLAS_TRAIN_P_000790	0	A_clean_core	6.135028450553259	0.9978390163609325	1
layer30_mean	catboost	HPCLAS_TRAIN_P_000818	1	HPCLAS_TRAIN_P_000818	0	A_clean_core	4.5746734900333585	0.9897955397284087	1
layer30_mean	catboost	HPCLAS_TRAIN_P_000821	1	HPCLAS_TRAIN_P_000821	0	A_clean_core	4.386896638691853	0.987713561422619	1
layer30_mean	catboost	HPCLAS_TRAIN_P_000825	1	HPCLAS_TRAIN_P_000825	0	A_clean_core	4.9168520138229574	0.9927310794729841	1
layer30_mean	catboost	HPCLAS_TRAIN_P_000828	1	HPCLAS_TRAIN_P_000828	0	A_clean_core	3.3708270727331358	0.9667802638388381	1
layer30_mean	catboost	HPCLAS_TRAIN_P_000829	1	HPCLAS_TRAIN_P_000829	0	A_clean_core	1.2953078897992185	0.785044249522494	1
layer30_mean	catboost	HPCLAS_TRAIN_P_000833	1	HPCLAS_TRAIN_P_000833	0	A_clean_core	3.5473609027071116	0.9720057041384489	1
layer30_mean	catboost	HPCLAS_TRAIN_P_000851	1	HPCLAS_TRAIN_P_000851	0	A_clean_core	2.719610167971657	0.9381739259332482	1
layer30_mean	catboost	HPCLAS_TRAIN_P_000855	1	HPCLAS_TRAIN_P_000855	0	D_hard_sample	0.7184316391472505	0.672261559867498	1
layer30_mean	catboost	HPCLAS_TRAIN_P_000858	1	HPCLAS_TRAIN_P_000858	0	A_clean_core	1.697049220165577	0.8451489530499718	1
layer30_mean	catboost	HPCLAS_TRAIN_P_000866	1	HPCLAS_TRAIN_P_000866	0	A_clean_core	3.8431853803463323	0.9790241673745145	1
layer30_mean	catboost	HPCLAS_TRAIN_P_000867	1	HPCLAS_TRAIN_P_000867	0	A_clean_core	0.5717082707610136	0.6391572562010549	1
layer30_mean	catboost	HPCLAS_TRAIN_P_000868	1	HPCLAS_TRAIN_P_000868	0	D_hard_sample	-0.30360531785802597	0.42467637070691494	0
layer30_mean	catboost	HPCLAS_TRAIN_P_000887	1	HPCLAS_TRAIN_P_000887	0	A_clean_core	5.0949885526755585	0.9939099393198608	1
layer30_mean	catboost	HPCLAS_TRAIN_P_000892	1	HPCLAS_TRAIN_P_000892	0	A_clean_core	3.495719484189583	0.9705657299332566	1
layer30_mean	catboost	HPCLAS_TRAIN_P_000900	1	HPCLAS_TRAIN_P_000900	0	A_clean_core	1.3035908664416345	0.7864386996839291	1
layer30_mean	catboost	HPCLAS_TRAIN_P_000909	1	HPCLAS_TRAIN_P_000909	0	A_clean_core	2.574790987262554	0.9292214428281304	1
layer30_mean	catboost	HPCLAS_TRAIN_P_000918	1	HPCLAS_TRAIN_P_000918	0	D_hard_sample	0.8215154902791597	0.6945579419013103	1
layer30_mean	catboost	HPCLAS_TRAIN_P_000919	1	HPCLAS_TRAIN_P_000919	0	A_clean_core	-1.1003137570956547	0.24968111039191732	0
layer30_mean	catboost	HPCLAS_TRAIN_P_000920	1	HPCLAS_TRAIN_P_000920	0	A_clean_core	5.841418008332641	0.9971036921797045	1
layer30_mean	catboost	HPCLAS_TRAIN_P_000925	1	HPCLAS_TRAIN_P_000925	0	A_clean_core	1.1677263555750763	0.7627337979556307	1
layer30_mean	catboost	HPCLAS_TRAIN_P_000946	1	HPCLAS_TRAIN_P_000946	0	A_clean_core	3.237088469171725	0.9622063732579353	1
layer30_mean	catboost	HPCLAS_TRAIN_P_000949	1	HPCLAS_TRAIN_P_000949	0	A_clean_core	2.501866673302208	0.9242725771519211	1
layer30_mean	catboost	HPCLAS_TRAIN_P_000970	1	HPCLAS_TRAIN_P_000970	0	A_clean_core	3.8068328535408913	0.9782644923180838	1
layer30_mean	catboost	HPCLAS_TRAIN_P_000974	1	HPCLAS_TRAIN_P_000974	0	A_clean_core	0.12340418838620552	0.5308119551219022	1
layer30_mean	catboost	HPCLAS_TRAIN_P_000980	1	HPCLAS_TRAIN_P_000980	0	A_clean_core	-1.5001507178412805	0.1824030458509962	0
layer30_mean	catboost	HPCLAS_TRAIN_P_000981	1	HPCLAS_TRAIN_P_000981	0	A_clean_core	4.165090162487527	0.9847091267277112	1
layer30_mean	catboost	HPCLAS_TRAIN_P_000985	1	HPCLAS_TRAIN_P_000985	0	D_hard_sample	0.3901990250119771	0.5963306095983864	1
layer30_mean	catboost	HPCLAS_TRAIN_P_000990	1	HPCLAS_TRAIN_P_000990	0	A_clean_core	4.256687949280542	0.9860288062558614	1
layer30_mean	catboost	HPCLAS_TRAIN_P_000998	1	HPCLAS_TRAIN_P_000998	0	A_clean_core	1.9909733538159615	0.879846075588175	1
layer30_mean	catboost	HPCLAS_TRAIN_P_001003	1	HPCLAS_TRAIN_P_001003	0	A_clean_core	3.2897637782234614	0.9640759738293821	1
layer30_mean	catboost	HPCLAS_TRAIN_P_001013	1	HPCLAS_TRAIN_P_001013	0	A_clean_core	4.0081708411381705	0.9821575422426394	1
layer30_mean	catboost	HPCLAS_TRAIN_P_001024	1	HPCLAS_TRAIN_P_001024	0	A_clean_core	1.6140119305985752	0.8339676454097312	1
layer30_mean	catboost	HPCLAS_TRAIN_P_001034	1	HPCLAS_TRAIN_P_001034	0	A_clean_core	1.3368293561313156	0.7919680466578014	1
layer30_mean	catboost	HPCLAS_TRAIN_P_001035	1	HPCLAS_TRAIN_P_001035	0	D_hard_sample	-0.017671777180172103	0.49558217067531424	0
layer30_mean	catboost	HPCLAS_TRAIN_P_001043	1	HPCLAS_TRAIN_P_001043	0	D_hard_sample	-2.0755750241249085	0.11149356398529567	0
layer30_mean	catboost	HPCLAS_TRAIN_P_001044	1	HPCLAS_TRAIN_P_001044	0	A_clean_core	2.542761839929885	0.9270857411520271	1
layer30_mean	catboost	HPCLAS_TRAIN_P_001051	1	HPCLAS_TRAIN_P_001051	0	A_clean_core	1.0334418471383977	0.737582625363967	1
layer30_mean	catboost	HPCLAS_TRAIN_P_001060	1	HPCLAS_TRAIN_P_001060	0	A_clean_core	1.141528383679678	0.7579601415610552	1
layer30_mean	catboost	HPCLAS_TRAIN_P_001062	1	HPCLAS_TRAIN_P_001062	0	A_clean_core	3.0864672488190137	0.9563310680554681	1
layer30_mean	catboost	HPCLAS_TRAIN_P_001068	1	HPCLAS_TRAIN_P_001068	0	A_clean_core	0.8360648784313621	0.6976357872169893	1
layer30_mean	catboost	HPCLAS_TRAIN_P_001072	1	HPCLAS_TRAIN_P_001072	0	D_hard_sample	-0.8074862829115456	0.3084264120891295	0
layer30_mean	catboost	HPCLAS_TRAIN_P_001075	1	HPCLAS_TRAIN_P_001075	0	A_clean_core	2.0145928956745665	0.8823207444660937	1
layer30_mean	catboost	HPCLAS_TRAIN_P_001084	1	HPCLAS_TRAIN_P_001084	0	A_clean_core	6.437845961817597	0.9984027063210813	1
layer30_mean	catboost	HPCLAS_TRAIN_P_001086	1	HPCLAS_TRAIN_P_001086	0	A_clean_core	3.768755838063323	0.9774399416923669	1
layer30_mean	catboost	HPCLAS_TRAIN_P_001097	1	HPCLAS_TRAIN_P_001097	0	D_hard_sample	-0.5937687737324082	0.3557705906023593	0
layer30_mean	catboost	HPCLAS_TRAIN_P_001098	1	HPCLAS_TRAIN_P_001098	0	A_clean_core	0.6400207839099975	0.6547581588224626	1
layer30_mean	catboost	HPCLAS_TRAIN_P_001100	1	HPCLAS_TRAIN_P_001100	0	D_hard_sample	0.866708802676964	0.7040604071243773	1
layer30_mean	catboost	HPCLAS_TRAIN_P_001105	1	HPCLAS_TRAIN_P_001105	0	A_clean_core	5.763464111360551	0.996869615397767	1
layer30_mean	catboost	HPCLAS_TRAIN_P_001111	1	HPCLAS_TRAIN_P_001111	0	A_clean_core	4.959688491802048	0.9930337562281646	1
layer30_mean	catboost	HPCLAS_TRAIN_P_001115	1	HPCLAS_TRAIN_P_001115	0	A_clean_core	-1.102950892277025	0.24918739449129818	0
layer30_mean	catboost	HPCLAS_TRAIN_P_001118	1	HPCLAS_TRAIN_P_001118	0	D_hard_sample	0.5316091529587025	0.629858343084219	1
layer30_mean	catboost	HPCLAS_TRAIN_P_001119	1	HPCLAS_TRAIN_P_001119	0	A_clean_core	4.526888475142805	0.989301424655287	1
layer30_mean	catboost	HPCLAS_TRAIN_P_001135	1	HPCLAS_TRAIN_P_001135	0	D_hard_sample	-0.527847664022735	0.3710190259757611	0
layer30_mean	catboost	HPCLAS_TRAIN_P_001139	1	HPCLAS_TRAIN_P_001139	0	A_clean_core	-0.47430810738508733	0.3835970805554035	0
layer30_mean	catboost	HPCLAS_TRAIN_P_001151	1	HPCLAS_TRAIN_P_001151	0	A_clean_core	6.0582848389968325	0.9976670471994461	1
layer30_mean	catboost	HPCLAS_TRAIN_P_001152	1	HPCLAS_TRAIN_P_001152	0	A_clean_core	5.684077759843297	0.996611851463303	1
layer30_mean	catboost	HPCLAS_TRAIN_P_001158	1	HPCLAS_TRAIN_P_001158	0	A_clean_core	1.5300129852351163	0.8220082141006676	1
layer30_mean	catboost	HPCLAS_TRAIN_P_001165	1	HPCLAS_TRAIN_P_001165	0	D_hard_sample	-1.4267491649694517	0.1936057073865419	0
layer30_mean	catboost	HPCLAS_TRAIN_P_001166	1	HPCLAS_TRAIN_P_001166	0	A_clean_core	5.222121250820884	0.9946330881815569	1
layer30_mean	catboost	HPCLAS_TRAIN_P_001170	1	HPCLAS_TRAIN_P_001170	0	D_hard_sample	1.82343978431493	0.8609783621826544	1
layer30_mean	catboost	HPCLAS_TRAIN_P_001171	1	HPCLAS_TRAIN_P_001171	0	A_clean_core	1.4761074075661247	0.813983907530721	1
layer30_mean	catboost	HPCLAS_TRAIN_P_001178	1	HPCLAS_TRAIN_P_001178	0	A_clean_core	2.3947297807310863	0.9164245390916612	1
layer30_mean	catboost	HPCLAS_TRAIN_P_001179	1	HPCLAS_TRAIN_P_001179	0	A_clean_core	1.8348434059085987	0.8623377039512601	1
layer30_mean	catboost	HPCLAS_TRAIN_P_001184	1	HPCLAS_TRAIN_P_001184	0	A_clean_core	2.4415830660273965	0.919943753811626	1
layer30_mean	catboost	HPCLAS_TRAIN_P_001185	1	HPCLAS_TRAIN_P_001185	0	A_clean_core	1.073428351224362	0.7452483465277371	1
layer30_mean	catboost	HPCLAS_TRAIN_P_001188	1	HPCLAS_TRAIN_P_001188	0	A_clean_core	3.6639823833394645	0.9750102534201903	1
layer30_mean	catboost	HPCLAS_TRAIN_P_001192	1	HPCLAS_TRAIN_P_001192	0	A_clean_core	1.249808410188022	0.7772666942991162	1
layer30_mean	catboost	HPCLAS_TRAIN_P_001193	1	HPCLAS_TRAIN_P_001193	0	A_clean_core	3.2846363667519882	0.9638979705023779	1
layer30_mean	catboost	HPCLAS_TRAIN_P_001196	1	HPCLAS_TRAIN_P_001196	0	B_ambiguous	0.6247394053486406	0.6512956834484718	1
layer30_mean	catboost	HPCLAS_TRAIN_P_001198	1	HPCLAS_TRAIN_P_001198	0	A_clean_core	0.11955577907942759	0.5298533939045844	1
layer30_mean	catboost	HPCLAS_TRAIN_P_001209	1	HPCLAS_TRAIN_P_001209	0	A_clean_core	-0.20383338864245584	0.44921735785309674	0
layer30_mean	catboost	HPCLAS_TRAIN_P_001214	1	HPCLAS_TRAIN_P_001214	0	A_clean_core	-0.34843791470291985	0.4137612738812946	0
layer30_mean	catboost	HPCLAS_TRAIN_P_001222	1	HPCLAS_TRAIN_P_001222	0	A_clean_core	3.3995210785323025	0.9676895644707831	1
layer30_mean	catboost	HPCLAS_TRAIN_P_001233	1	HPCLAS_TRAIN_P_001233	0	A_clean_core	2.200373114612743	0.9002830116919445	1
layer30_mean	catboost	HPCLAS_TRAIN_P_001240	1	HPCLAS_TRAIN_P_001240	0	A_clean_core	1.983367229525438	0.8790396532670414	1
layer30_mean	catboost	HPCLAS_TRAIN_P_001243	1	HPCLAS_TRAIN_P_001243	0	D_hard_sample	-0.408641606592299	0.3992378830909506	0
layer30_mean	catboost	HPCLAS_TRAIN_P_001245	1	HPCLAS_TRAIN_P_001245	0	A_clean_core	-0.12760561040381135	0.4681418150830147	0
layer30_mean	catboost	HPCLAS_TRAIN_P_001246	1	HPCLAS_TRAIN_P_001246	0	D_hard_sample	1.4193383457540403	0.8052346689407214	1
layer30_mean	catboost	HPCLAS_TRAIN_P_001248	1	HPCLAS_TRAIN_P_001248	0	A_clean_core	0.6183569731796692	0.6498447756070473	1
layer30_mean	catboost	HPCLAS_TRAIN_P_001250	1	HPCLAS_TRAIN_P_001250	0	A_clean_core	3.094456970081194	0.9566635205694468	1
layer30_mean	catboost	HPCLAS_TRAIN_P_001266	1	HPCLAS_TRAIN_P_001266	0	A_clean_core	1.3761102393370288	0.7983655610436058	1
layer30_mean	catboost	HPCLAS_TRAIN_P_001276	1	HPCLAS_TRAIN_P_001276	0	D_hard_sample	1.082392205102939	0.7469464189437633	1
layer30_mean	catboost	HPCLAS_TRAIN_P_001278	1	HPCLAS_TRAIN_P_001278	0	A_clean_core	-1.2068160943999793	0.2302648911329369	0
layer30_mean	catboost	HPCLAS_TRAIN_P_001287	1	HPCLAS_TRAIN_P_001287	0	A_clean_core	2.0788429729720277	0.8888297572291132	1
layer30_mean	catboost	HPCLAS_TRAIN_P_001288	1	HPCLAS_TRAIN_P_001288	0	A_clean_core	1.6254127789635628	0.8355402660440276	1
layer30_mean	catboost	HPCLAS_TRAIN_P_001301	1	HPCLAS_TRAIN_P_001301	0	B_ambiguous	-2.4308478032701033	0.0808504414692057	0
layer30_mean	catboost	HPCLAS_TRAIN_P_001303	1	HPCLAS_TRAIN_P_001303	0	A_clean_core	-1.385228238102245	0.20017063424178896	0
layer30_mean	catboost	HPCLAS_TRAIN_P_001304	1	HPCLAS_TRAIN_P_001304	0	A_clean_core	3.2499071937088004	0.9626697776493771	1
layer30_mean	catboost	HPCLAS_TRAIN_P_001312	1	HPCLAS_TRAIN_P_001312	0	A_clean_core	1.279664187507683	0.7823926082856022	1
layer30_mean	catboost	HPCLAS_TRAIN_P_001331	1	HPCLAS_TRAIN_P_001331	0	A_clean_core	4.364353576966778	0.9874369611186274	1
layer30_mean	catboost	HPCLAS_TRAIN_P_001345	1	HPCLAS_TRAIN_P_001345	0	A_clean_core	1.7170184191509277	0.8477443911469288	1
layer30_mean	catboost	HPCLAS_TRAIN_P_001351	1	HPCLAS_TRAIN_P_001351	0	A_clean_core	1.592009329215312	0.8308986138343446	1
layer30_mean	catboost	HPCLAS_TRAIN_P_001359	1	HPCLAS_TRAIN_P_001359	0	D_hard_sample	0.4177218869208326	0.6029379891060307	1
layer30_mean	catboost	HPCLAS_TRAIN_P_001360	1	HPCLAS_TRAIN_P_001360	0	A_clean_core	-0.3653881213153637	0.40965588232010824	0
layer30_mean	catboost	HPCLAS_TRAIN_P_001364	1	HPCLAS_TRAIN_P_001364	0	A_clean_core	4.190319302364664	0.985084394485672	1
layer30_mean	catboost	HPCLAS_TRAIN_P_001368	1	HPCLAS_TRAIN_P_001368	0	A_clean_core	0.3905716639103713	0.5964203081672459	1
layer30_mean	catboost	HPCLAS_TRAIN_P_001382	1	HPCLAS_TRAIN_P_001382	0	A_clean_core	-0.43744970528352173	0.39234882092708284	0
layer30_mean	catboost	HPCLAS_TRAIN_P_001383	1	HPCLAS_TRAIN_P_001383	0	A_clean_core	7.122104614758431	0.9991935844323033	1
layer30_mean	catboost	HPCLAS_TRAIN_P_001386	1	HPCLAS_TRAIN_P_001386	0	D_hard_sample	-1.2995201147001296	0.21424579194577653	0
layer30_mean	catboost	HPCLAS_TRAIN_P_001390	1	HPCLAS_TRAIN_P_001390	0	A_clean_core	6.257688991122728	0.998087994956192	1
layer30_mean	catboost	HPCLAS_TRAIN_P_001393	1	HPCLAS_TRAIN_P_001393	0	A_clean_core	3.974742560701199	0.9815622014796352	1
layer30_mean	catboost	HPCLAS_TRAIN_P_001397	1	HPCLAS_TRAIN_P_001397	0	A_clean_core	7.220929941049039	0.999269411947045	1
layer30_mean	catboost	HPCLAS_TRAIN_P_001401	1	HPCLAS_TRAIN_P_001401	0	D_hard_sample	-0.55549089547241	0.36459142005737954	0
layer30_mean	catboost	HPCLAS_TRAIN_P_001415	1	HPCLAS_TRAIN_P_001415	0	A_clean_core	0.5301124385760241	0.6295093360983235	1
layer30_mean	catboost	HPCLAS_TRAIN_P_001422	1	HPCLAS_TRAIN_P_001422	0	A_clean_core	-0.843231721451851	0.3008545829696053	0
layer30_mean	catboost	HPCLAS_TRAIN_P_001435	1	HPCLAS_TRAIN_P_004508	0	A_clean_core	4.390674609497061	0.9877593245432643	1
layer30_mean	catboost	HPCLAS_TRAIN_P_001436	1	HPCLAS_TRAIN_P_001436	0	A_clean_core	2.474517675819441	0.9223359944865381	1
layer30_mean	catboost	HPCLAS_TRAIN_P_001441	1	HPCLAS_TRAIN_P_001441	0	A_clean_core	0.05834391644325405	0.5145818429473904	1
layer30_mean	catboost	HPCLAS_TRAIN_P_001446	1	HPCLAS_TRAIN_P_001446	0	A_clean_core	2.142352495143137	0.8949519810233133	1
layer30_mean	catboost	HPCLAS_TRAIN_P_001448	1	HPCLAS_TRAIN_P_001448	0	D_hard_sample	-1.416209149898397	0.19525655725659186	0
layer30_mean	catboost	HPCLAS_TRAIN_P_001449	1	HPCLAS_TRAIN_P_001449	0	A_clean_core	1.0380580046900498	0.7384751230090926	1
layer30_mean	catboost	HPCLAS_TRAIN_P_001451	1	HPCLAS_TRAIN_P_001451	0	A_clean_core	2.838549244570026	0.9447237514906064	1
layer30_mean	catboost	HPCLAS_TRAIN_P_001452	1	HPCLAS_TRAIN_N_004054	0	B_ambiguous	0.11100864327885397	0.527723696926141	1
layer30_mean	catboost	HPCLAS_TRAIN_P_001454	1	HPCLAS_TRAIN_N_004714	0	B_ambiguous	0.6647629872929627	0.6603295144654918	1
layer30_mean	catboost	HPCLAS_TRAIN_P_001467	1	HPCLAS_TRAIN_P_001467	0	A_clean_core	6.704794522224614	0.9987764744552633	1
layer30_mean	catboost	HPCLAS_TRAIN_P_001473	1	HPCLAS_TRAIN_P_001473	0	D_hard_sample	0.07478739885236013	0.5186881400529252	1
layer30_mean	catboost	HPCLAS_TRAIN_P_001477	1	HPCLAS_TRAIN_N_004191	0	B_ambiguous	1.4212240248659305	0.8055302331773129	1
layer30_mean	catboost	HPCLAS_TRAIN_P_001478	1	HPCLAS_TRAIN_P_001478	0	A_clean_core	0.758116276240001	0.6809446173312078	1
layer30_mean	catboost	HPCLAS_TRAIN_P_001480	1	HPCLAS_TRAIN_P_001480	0	D_hard_sample	0.6634865637538593	0.6600431611910661	1
layer30_mean	catboost	HPCLAS_TRAIN_P_001489	1	HPCLAS_TRAIN_P_001489	0	A_clean_core	1.4986191848760793	0.8173684422013783	1
layer30_mean	catboost	HPCLAS_TRAIN_P_001505	1	HPCLAS_TRAIN_P_000790	0	A_clean_core	6.8330092994279426	0.9989235496130666	1
layer30_mean	catboost	HPCLAS_TRAIN_P_001509	1	HPCLAS_TRAIN_P_001509	0	D_hard_sample	1.0409460536915423	0.7390325065299216	1
layer30_mean	catboost	HPCLAS_TRAIN_P_001510	1	HPCLAS_TRAIN_P_001510	0	A_clean_core	0.8254907299800103	0.6954006250489303	1
layer30_mean	catboost	HPCLAS_TRAIN_P_001512	1	HPCLAS_TRAIN_P_001512	0	A_clean_core	4.633465120776637	0.9903725722020681	1
layer30_mean	catboost	HPCLAS_TRAIN_P_001515	1	HPCLAS_TRAIN_P_001515	0	A_clean_core	4.2971420574839385	0.9865752827589852	1
layer30_mean	catboost	HPCLAS_TRAIN_P_001521	1	HPCLAS_TRAIN_P_001521	0	A_clean_core	6.7071567476018235	0.9987793577635492	1
layer30_mean	catboost	HPCLAS_TRAIN_P_001529	1	HPCLAS_TRAIN_P_001529	0	A_clean_core	0.28249677493391057	0.5701582349898409	1
layer30_mean	catboost	HPCLAS_TRAIN_P_001536	1	HPCLAS_TRAIN_P_001536	0	A_clean_core	0.7135985850796259	0.671195827414055	1
layer30_mean	catboost	HPCLAS_TRAIN_P_001540	1	HPCLAS_TRAIN_P_001540	0	A_clean_core	-0.8685806256035746	0.2955497300946098	0
layer30_mean	catboost	HPCLAS_TRAIN_P_001543	1	HPCLAS_TRAIN_P_001543	0	A_clean_core	-1.6060478220772285	0.16713804476956823	0
layer30_mean	catboost	HPCLAS_TRAIN_P_001555	1	HPCLAS_TRAIN_P_001555	0	A_clean_core	5.181294578064804	0.9944106907368246	1
layer30_mean	catboost	HPCLAS_TRAIN_P_001564	1	HPCLAS_TRAIN_P_001564	0	A_clean_core	-0.19211983787351478	0.45211722955914	0
layer30_mean	catboost	HPCLAS_TRAIN_P_001569	1	HPCLAS_TRAIN_P_001569	0	B_ambiguous	0.5921857374492335	0.6438664980573172	1
layer30_mean	catboost	HPCLAS_TRAIN_P_001576	1	HPCLAS_TRAIN_P_001576	0	A_clean_core	6.488431611721613	0.9984813771716884	1
layer30_mean	catboost	HPCLAS_TRAIN_P_001582	1	HPCLAS_TRAIN_P_001582	0	A_clean_core	-2.060549643778446	0.11299073095070174	0
layer30_mean	catboost	HPCLAS_TRAIN_P_001584	1	HPCLAS_TRAIN_P_001584	0	D_hard_sample	-1.6637005520183767	0.159265867094648	0
layer30_mean	catboost	HPCLAS_TRAIN_P_001589	1	HPCLAS_TRAIN_P_001589	0	A_clean_core	6.934888837642282	0.9990277150087548	1
layer30_mean	catboost	HPCLAS_TRAIN_P_001591	1	HPCLAS_TRAIN_P_001591	0	A_clean_core	2.5516063594231357	0.9276813572000897	1
layer30_mean	catboost	HPCLAS_TRAIN_P_001593	1	HPCLAS_TRAIN_P_001593	0	A_clean_core	5.917521070249812	0.9973153618263715	1
layer30_mean	catboost	HPCLAS_TRAIN_P_001598	1	HPCLAS_TRAIN_P_001598	0	A_clean_core	1.2384210268636837	0.7752890515591814	1
layer30_mean	catboost	HPCLAS_TRAIN_P_001611	1	HPCLAS_TRAIN_P_001611	0	B_ambiguous	1.5507917255865904	0.8250280521930675	1
layer30_mean	catboost	HPCLAS_TRAIN_P_001614	1	HPCLAS_TRAIN_P_001614	0	D_hard_sample	2.114599060327569	0.8923140534981338	1
layer30_mean	catboost	HPCLAS_TRAIN_P_001618	1	HPCLAS_TRAIN_P_001618	0	A_clean_core	1.3157517314103448	0.7884740370132824	1
layer30_mean	catboost	HPCLAS_TRAIN_P_001622	1	HPCLAS_TRAIN_P_001622	0	D_hard_sample	2.269450022513808	0.9063151006865078	1
layer30_mean	catboost	HPCLAS_TRAIN_P_001624	1	HPCLAS_TRAIN_P_001624	0	D_hard_sample	-0.09905236325978073	0.47525713599525116	0
layer30_mean	catboost	HPCLAS_TRAIN_P_001633	1	HPCLAS_TRAIN_P_001633	0	D_hard_sample	-0.30658667859555017	0.42394810980002007	0
layer30_mean	catboost	HPCLAS_TRAIN_P_001639	1	HPCLAS_TRAIN_P_001639	0	B_ambiguous	-0.6284082523808049	0.3478715492974313	0
layer30_mean	catboost	HPCLAS_TRAIN_P_001648	1	HPCLAS_TRAIN_P_001648	0	D_hard_sample	-1.5551685224271334	0.17434102611757238	0
layer30_mean	catboost	HPCLAS_TRAIN_P_001652	1	HPCLAS_TRAIN_P_001652	0	D_hard_sample	0.6425939093749463	0.6553395817576128	1
layer30_mean	catboost	HPCLAS_TRAIN_P_001661	1	HPCLAS_TRAIN_P_001661	0	A_clean_core	2.5967448721474375	0.9306517911192806	1
layer30_mean	catboost	HPCLAS_TRAIN_P_001663	1	HPCLAS_TRAIN_P_001663	0	A_clean_core	0.28157891091269843	0.5699332724037381	1
layer30_mean	catboost	HPCLAS_TRAIN_P_001664	1	HPCLAS_TRAIN_P_001664	0	D_hard_sample	-0.8852790205770934	0.2920850317628905	0
layer30_mean	catboost	HPCLAS_TRAIN_P_001674	1	HPCLAS_TRAIN_P_001674	0	B_ambiguous	0.3214075745360152	0.5796672504954078	1
layer30_mean	catboost	HPCLAS_TRAIN_P_001689	1	HPCLAS_TRAIN_P_001689	0	A_clean_core	1.489801203248181	0.8160484324014208	1
layer30_mean	catboost	HPCLAS_TRAIN_P_001706	1	HPCLAS_TRAIN_P_001706	0	A_clean_core	3.509494038245972	0.9709566995492532	1
layer30_mean	catboost	HPCLAS_TRAIN_P_001713	1	HPCLAS_TRAIN_P_001713	0	A_clean_core	-0.3927781583614498	0.4030486949104041	0
layer30_mean	catboost	HPCLAS_TRAIN_P_001714	1	HPCLAS_TRAIN_P_001714	0	A_clean_core	2.5807810840016927	0.9296143937367451	1
layer30_mean	catboost	HPCLAS_TRAIN_P_001716	1	HPCLAS_TRAIN_P_001716	0	A_clean_core	0.7308700663554203	0.6749961736084658	1
layer30_mean	catboost	HPCLAS_TRAIN_P_001719	1	HPCLAS_TRAIN_P_001719	0	A_clean_core	6.231788221400759	0.9980379240826135	1
layer30_mean	catboost	HPCLAS_TRAIN_P_001728	1	HPCLAS_TRAIN_P_001728	0	A_clean_core	2.0026206929498755	0.8810719594510315	1
layer30_mean	catboost	HPCLAS_TRAIN_P_001729	1	HPCLAS_TRAIN_P_001729	0	A_clean_core	5.450559981238032	0.9957244592282206	1
layer30_mean	catboost	HPCLAS_TRAIN_P_001736	1	HPCLAS_TRAIN_P_001736	0	A_clean_core	3.910894624492704	0.9803704538100051	1
layer30_mean	catboost	HPCLAS_TRAIN_P_001740	1	HPCLAS_TRAIN_P_001740	0	D_hard_sample	5.0937327178147545	0.9939023330698875	1
layer30_mean	catboost	HPCLAS_TRAIN_P_001742	1	HPCLAS_TRAIN_P_001742	0	D_hard_sample	-1.3140724930955934	0.21180616660657703	0
layer30_mean	catboost	HPCLAS_TRAIN_P_001745	1	HPCLAS_TRAIN_P_001745	0	A_clean_core	5.060629846967433	0.993698397972915	1
layer30_mean	catboost	HPCLAS_TRAIN_P_001747	1	HPCLAS_TRAIN_P_001747	0	A_clean_core	-0.4839750814100908	0.38131390801586146	0
layer30_mean	catboost	HPCLAS_TRAIN_P_001748	1	HPCLAS_TRAIN_P_001748	0	A_clean_core	3.7023977923371625	0.9759293700107722	1
layer30_mean	catboost	HPCLAS_TRAIN_P_001752	1	HPCLAS_TRAIN_P_001752	0	A_clean_core	-1.158875210420557	0.23887172535873047	0
layer30_mean	catboost	HPCLAS_TRAIN_P_001762	1	HPCLAS_TRAIN_P_001762	0	A_clean_core	3.152522226621303	0.9590079896006521	1
layer30_mean	catboost	HPCLAS_TRAIN_P_001767	1	HPCLAS_TRAIN_P_001767	0	A_clean_core	0.5862541505123336	0.6425052130842424	1
layer30_mean	catboost	HPCLAS_TRAIN_P_001769	1	HPCLAS_TRAIN_P_001769	0	A_clean_core	3.2499758813581248	0.9626722459767908	1
layer30_mean	catboost	HPCLAS_TRAIN_P_001779	1	HPCLAS_TRAIN_P_001779	0	A_clean_core	3.051795722140783	0.954859989683636	1
layer30_mean	catboost	HPCLAS_TRAIN_P_001792	1	HPCLAS_TRAIN_P_001792	0	A_clean_core	5.128252995771505	0.9941080154732033	1
layer30_mean	catboost	HPCLAS_TRAIN_P_001795	1	HPCLAS_TRAIN_P_001795	0	A_clean_core	-0.06558691035429466	0.4836091476229112	0
layer30_mean	catboost	HPCLAS_TRAIN_P_001803	1	HPCLAS_TRAIN_P_001803	0	A_clean_core	-0.9560682304919317	0.27766609081207266	0
layer30_mean	catboost	HPCLAS_TRAIN_P_001804	1	HPCLAS_TRAIN_P_001804	0	A_clean_core	3.582122671153533	0.9729362316786679	1
layer30_mean	catboost	HPCLAS_TRAIN_P_001814	1	HPCLAS_TRAIN_P_001814	0	A_clean_core	1.0343853996708656	0.7377652132543746	1
layer30_mean	catboost	HPCLAS_TRAIN_P_001815	1	HPCLAS_TRAIN_P_001815	0	A_clean_core	3.4430930561846402	0.9690244919032002	1
layer30_mean	catboost	HPCLAS_TRAIN_P_001825	1	HPCLAS_TRAIN_P_001825	0	A_clean_core	4.136909132072357	0.9842789556957217	1
layer30_mean	catboost	HPCLAS_TRAIN_P_001826	1	HPCLAS_TRAIN_P_001826	0	A_clean_core	3.095768309733044	0.9567178541063387	1
layer30_mean	catboost	HPCLAS_TRAIN_P_001830	1	HPCLAS_TRAIN_P_001830	0	A_clean_core	2.5072887293065906	0.924651209980681	1
layer30_mean	catboost	HPCLAS_TRAIN_P_001840	1	HPCLAS_TRAIN_P_001840	0	A_clean_core	2.4824444576086955	0.9229019106415491	1
layer30_mean	catboost	HPCLAS_TRAIN_P_001841	1	HPCLAS_TRAIN_P_001841	0	A_clean_core	2.1153801031091546	0.892389080658569	1
layer30_mean	catboost	HPCLAS_TRAIN_P_001847	1	HPCLAS_TRAIN_P_001847	0	A_clean_core	1.0154405458971318	0.7340835221093204	1
layer30_mean	catboost	HPCLAS_TRAIN_P_001848	1	HPCLAS_TRAIN_P_001848	0	A_clean_core	5.800985569538953	0.9969845481028676	1
layer30_mean	catboost	HPCLAS_TRAIN_P_001849	1	HPCLAS_TRAIN_P_001849	0	A_clean_core	1.4028566094932007	0.8026367980740386	1
layer30_mean	catboost	HPCLAS_TRAIN_P_001855	1	HPCLAS_TRAIN_P_001855	0	A_clean_core	5.810107661221279	0.9970118484284214	1
layer30_mean	catboost	HPCLAS_TRAIN_P_001867	1	HPCLAS_TRAIN_P_001867	0	A_clean_core	4.409499506200988	0.9879848558889033	1
layer30_mean	catboost	HPCLAS_TRAIN_P_001878	1	HPCLAS_TRAIN_P_001878	0	D_hard_sample	0.39579882923678933	0.5976778665129443	1
layer30_mean	catboost	HPCLAS_TRAIN_P_001884	1	HPCLAS_TRAIN_P_001884	0	A_clean_core	1.5669192653455504	0.8273439815907664	1
layer30_mean	catboost	HPCLAS_TRAIN_P_001887	1	HPCLAS_TRAIN_P_001887	0	A_clean_core	-0.24207060713138617	0.43977614542089516	0
layer30_mean	catboost	HPCLAS_TRAIN_P_001893	1	HPCLAS_TRAIN_P_001893	0	A_clean_core	1.4685886458286672	0.8128427723634083	1
layer30_mean	catboost	HPCLAS_TRAIN_P_001898	1	HPCLAS_TRAIN_P_001898	0	A_clean_core	3.1969964605204306	0.9607210921212698	1
layer30_mean	catboost	HPCLAS_TRAIN_P_001903	1	HPCLAS_TRAIN_P_001903	0	A_clean_core	4.209949579715255	0.9853700949949884	1
layer30_mean	catboost	HPCLAS_TRAIN_P_001904	1	HPCLAS_TRAIN_P_001904	0	A_clean_core	4.653577412614671	0.9905624585264926	1
layer30_mean	catboost	HPCLAS_TRAIN_P_001911	1	HPCLAS_TRAIN_P_001911	0	A_clean_core	1.9647474392521758	0.8770458165055467	1
layer30_mean	catboost	HPCLAS_TRAIN_P_001917	1	HPCLAS_TRAIN_P_001917	0	A_clean_core	3.2452747932229413	0.9625029473056589	1
layer30_mean	catboost	HPCLAS_TRAIN_P_001918	1	HPCLAS_TRAIN_P_001918	0	A_clean_core	0.20948290200607547	0.5521800464610322	1
layer30_mean	catboost	HPCLAS_TRAIN_P_001922	1	HPCLAS_TRAIN_P_001922	0	A_clean_core	-0.10406249884985751	0.4740078268334593	0
layer30_mean	catboost	HPCLAS_TRAIN_P_001927	1	HPCLAS_TRAIN_P_001927	0	A_clean_core	4.963416080445546	0.9930594952911069	1
layer30_mean	catboost	HPCLAS_TRAIN_P_001928	1	HPCLAS_TRAIN_P_001928	0	A_clean_core	1.2389766331278143	0.7753858322203799	1
layer30_mean	catboost	HPCLAS_TRAIN_P_001936	1	HPCLAS_TRAIN_P_001936	0	D_hard_sample	-0.5186211498305038	0.373174711457771	0
layer30_mean	catboost	HPCLAS_TRAIN_P_001941	1	HPCLAS_TRAIN_P_001941	0	A_clean_core	0.8562941887270468	0.7018858231356383	1
layer30_mean	catboost	HPCLAS_TRAIN_P_001955	1	HPCLAS_TRAIN_P_001955	0	A_clean_core	2.97632480258581	0.951493027235856	1
layer30_mean	catboost	HPCLAS_TRAIN_P_001969	1	HPCLAS_TRAIN_P_001969	0	A_clean_core	3.1623091136932104	0.959391004770663	1
layer30_mean	catboost	HPCLAS_TRAIN_P_001984	1	HPCLAS_TRAIN_P_001984	0	D_hard_sample	0.3494922525406131	0.5864944460683799	1
layer30_mean	catboost	HPCLAS_TRAIN_P_001985	1	HPCLAS_TRAIN_P_001985	0	A_clean_core	2.8392839623587043	0.9447621064960946	1
layer30_mean	catboost	HPCLAS_TRAIN_P_001989	1	HPCLAS_TRAIN_P_001989	0	A_clean_core	2.6179208844479747	0.9320060695813694	1
layer30_mean	catboost	HPCLAS_TRAIN_P_001994	1	HPCLAS_TRAIN_P_001994	0	A_clean_core	5.922018254692019	0.9973273758371114	1
layer30_mean	catboost	HPCLAS_TRAIN_P_002005	1	HPCLAS_TRAIN_P_002005	0	A_clean_core	2.504700002038764	0.9244706514692564	1
layer30_mean	catboost	HPCLAS_TRAIN_P_002007	1	HPCLAS_TRAIN_P_002007	0	A_clean_core	1.18307004220044	0.7654993564549655	1
layer30_mean	catboost	HPCLAS_TRAIN_P_002008	1	HPCLAS_TRAIN_P_002008	0	A_clean_core	4.309728090824024	0.9867409615916833	1
layer30_mean	catboost	HPCLAS_TRAIN_P_002013	1	HPCLAS_TRAIN_P_002013	0	D_hard_sample	0.46900072913186247	0.6151472151247177	1
layer30_mean	catboost	HPCLAS_TRAIN_P_002025	1	HPCLAS_TRAIN_P_002025	0	A_clean_core	1.7941061098062163	0.8574299601383938	1
layer30_mean	catboost	HPCLAS_TRAIN_P_002031	1	HPCLAS_TRAIN_P_002031	0	A_clean_core	4.644387565811633	0.9904761590324844	1
layer30_mean	catboost	HPCLAS_TRAIN_P_002035	1	HPCLAS_TRAIN_P_002035	0	D_hard_sample	-0.16870471922422048	0.4579235686532644	0
layer30_mean	catboost	HPCLAS_TRAIN_P_002038	1	HPCLAS_TRAIN_P_002038	0	A_clean_core	1.5044930324843904	0.8182436401104584	1
layer30_mean	catboost	HPCLAS_TRAIN_P_002046	1	HPCLAS_TRAIN_P_002046	0	A_clean_core	1.8526545714206561	0.864438478918888	1
layer30_mean	catboost	HPCLAS_TRAIN_P_002047	1	HPCLAS_TRAIN_P_002047	0	A_clean_core	5.965651187692352	0.9974411907777457	1
layer30_mean	catboost	HPCLAS_TRAIN_P_002052	1	HPCLAS_TRAIN_P_002052	0	A_clean_core	2.0952875891137257	0.8904443129935022	1
layer30_mean	catboost	HPCLAS_TRAIN_P_002054	1	HPCLAS_TRAIN_P_002054	0	A_clean_core	3.7215804259917498	0.9763759034068668	1
layer30_mean	catboost	HPCLAS_TRAIN_P_002056	1	HPCLAS_TRAIN_P_002056	0	A_clean_core	1.1630584216831785	0.7618880017491163	1
layer30_mean	catboost	HPCLAS_TRAIN_P_002062	1	HPCLAS_TRAIN_P_002062	0	A_clean_core	-0.49721422526209497	0.3781955591913865	0
layer30_mean	catboost	HPCLAS_TRAIN_P_002068	1	HPCLAS_TRAIN_P_002068	0	D_hard_sample	0.6145335544166921	0.648974272216477	1
layer30_mean	catboost	HPCLAS_TRAIN_P_002072	1	HPCLAS_TRAIN_P_002072	0	A_clean_core	1.7114301787403698	0.8470216929834664	1
layer30_mean	catboost	HPCLAS_TRAIN_P_002077	1	HPCLAS_TRAIN_P_002077	0	D_hard_sample	-0.8033875488871645	0.30930135604392217	0
layer30_mean	catboost	HPCLAS_TRAIN_P_002078	1	HPCLAS_TRAIN_P_002078	0	A_clean_core	-0.31061407924143364	0.4229648561720715	0
layer30_mean	catboost	HPCLAS_TRAIN_P_002085	1	HPCLAS_TRAIN_P_002085	0	A_clean_core	0.8431094421500193	0.6991196960408793	1
layer30_mean	catboost	HPCLAS_TRAIN_P_002086	1	HPCLAS_TRAIN_P_002086	0	D_hard_sample	0.7920278945888726	0.6882665929329623	1
layer30_mean	catboost	HPCLAS_TRAIN_P_002103	1	HPCLAS_TRAIN_P_002103	0	A_clean_core	3.7284106140013904	0.9765329369579393	1
layer30_mean	catboost	HPCLAS_TRAIN_P_002104	1	HPCLAS_TRAIN_P_002104	0	D_hard_sample	-1.3957043454955946	0.1984986518770085	0
layer30_mean	catboost	HPCLAS_TRAIN_P_002105	1	HPCLAS_TRAIN_P_002105	0	A_clean_core	-0.7065706500727992	0.3303570434888087	0
layer30_mean	catboost	HPCLAS_TRAIN_P_002107	1	HPCLAS_TRAIN_P_002107	0	A_clean_core	2.8207084087970853	0.9437846629961116	1
layer30_mean	catboost	HPCLAS_TRAIN_P_002111	1	HPCLAS_TRAIN_P_002111	0	A_clean_core	1.836895901459143	0.8625811773917095	1
layer30_mean	catboost	HPCLAS_TRAIN_P_002115	1	HPCLAS_TRAIN_P_002115	0	A_clean_core	3.8708873177483936	0.979585564540958	1
layer30_mean	catboost	HPCLAS_TRAIN_P_002117	1	HPCLAS_TRAIN_P_002117	0	A_clean_core	1.58505982930227	0.8299199200076831	1
layer30_mean	catboost	HPCLAS_TRAIN_P_002123	1	HPCLAS_TRAIN_P_002123	0	A_clean_core	-0.047230101891301564	0.48819466894106617	0
layer30_mean	catboost	HPCLAS_TRAIN_P_002137	1	HPCLAS_TRAIN_P_002137	0	A_clean_core	4.448374085995295	0.9884376802918822	1
layer30_mean	catboost	HPCLAS_TRAIN_P_002141	1	HPCLAS_TRAIN_P_002141	0	A_clean_core	4.650481866652898	0.9905334759060074	1
layer30_mean	catboost	HPCLAS_TRAIN_P_002154	1	HPCLAS_TRAIN_P_002154	0	A_clean_core	0.5159536930877383	0.6262011186876381	1
layer30_mean	catboost	HPCLAS_TRAIN_P_002156	1	HPCLAS_TRAIN_P_002156	0	A_clean_core	5.96039268084609	0.9974277345241978	1
layer30_mean	catboost	HPCLAS_TRAIN_P_002159	1	HPCLAS_TRAIN_P_002159	0	A_clean_core	1.4174092002702463	0.8049319394220679	1
layer30_mean	catboost	HPCLAS_TRAIN_P_002162	1	HPCLAS_TRAIN_P_002162	0	A_clean_core	2.7751816224328927	0.9413198580509592	1
layer30_mean	catboost	HPCLAS_TRAIN_P_002166	1	HPCLAS_TRAIN_P_002166	0	A_clean_core	2.8335826889293747	0.9444638204698939	1
layer30_mean	catboost	HPCLAS_TRAIN_P_002175	1	HPCLAS_TRAIN_P_002175	0	A_clean_core	1.85422298618856	0.8646221679358002	1
layer30_mean	catboost	HPCLAS_TRAIN_P_002177	1	HPCLAS_TRAIN_P_002177	0	A_clean_core	6.3751295638011864	0.998299497551666	1
layer30_mean	catboost	HPCLAS_TRAIN_P_002183	1	HPCLAS_TRAIN_P_002183	0	A_clean_core	3.0681043772972534	0.9555577402085917	1
layer30_mean	catboost	HPCLAS_TRAIN_P_002186	1	HPCLAS_TRAIN_P_002186	0	A_clean_core	1.4393616360660366	0.8083557776612914	1
layer30_mean	catboost	HPCLAS_TRAIN_P_002188	1	HPCLAS_TRAIN_P_002188	0	A_clean_core	4.730272174005335	0.9912531140943865	1
layer30_mean	catboost	HPCLAS_TRAIN_P_002189	1	HPCLAS_TRAIN_P_002189	0	A_clean_core	4.746445648261517	0.9913922358356588	1
layer30_mean	catboost	HPCLAS_TRAIN_P_002192	1	HPCLAS_TRAIN_P_002192	0	A_clean_core	2.7676723622075046	0.9409036934663514	1
layer30_mean	catboost	HPCLAS_TRAIN_P_002196	1	HPCLAS_TRAIN_P_002196	0	A_clean_core	1.5563222300335888	0.8258249833553467	1
layer30_mean	catboost	HPCLAS_TRAIN_P_002201	1	HPCLAS_TRAIN_P_002201	0	A_clean_core	1.5963301098293146	0.8315048422068939	1
layer30_mean	catboost	HPCLAS_TRAIN_P_002202	1	HPCLAS_TRAIN_P_002202	0	A_clean_core	1.0472783446996832	0.7402519242747885	1
layer30_mean	catboost	HPCLAS_TRAIN_P_002203	1	HPCLAS_TRAIN_P_002203	0	A_clean_core	2.1986661510707646	0.900129666843927	1
layer30_mean	catboost	HPCLAS_TRAIN_P_002211	1	HPCLAS_TRAIN_P_002211	0	A_clean_core	0.6390126028442201	0.654530224036937	1
layer30_mean	catboost	HPCLAS_TRAIN_P_002214	1	HPCLAS_TRAIN_P_002214	0	A_clean_core	-0.5721127511975151	0.3607494616008875	0
layer30_mean	catboost	HPCLAS_TRAIN_P_002228	1	HPCLAS_TRAIN_P_002228	0	D_hard_sample	-0.28660599866896064	0.42883497707631535	0
layer30_mean	catboost	HPCLAS_TRAIN_P_002231	1	HPCLAS_TRAIN_P_002231	0	A_clean_core	3.1836554674666635	0.9602145494633525	1
layer30_mean	catboost	HPCLAS_TRAIN_P_002235	1	HPCLAS_TRAIN_P_002235	0	A_clean_core	5.377336470513645	0.9954011359053082	1
layer30_mean	catboost	HPCLAS_TRAIN_P_002238	1	HPCLAS_TRAIN_P_002238	0	A_clean_core	3.4967245905533204	0.9705944301284185	1
layer30_mean	catboost	HPCLAS_TRAIN_P_002253	1	HPCLAS_TRAIN_P_002253	0	A_clean_core	3.302669713994201	0.9645202841431639	1
layer30_mean	catboost	HPCLAS_TRAIN_P_002258	1	HPCLAS_TRAIN_P_002258	0	A_clean_core	-1.0496397622905083	0.25929428234564017	0
layer30_mean	catboost	HPCLAS_TRAIN_P_002260	1	HPCLAS_TRAIN_P_002260	0	D_hard_sample	-1.3249526628546058	0.20999547957410436	0
layer30_mean	catboost	HPCLAS_TRAIN_P_002267	1	HPCLAS_TRAIN_P_002267	0	A_clean_core	6.015505900226926	0.9975653287458206	1
layer30_mean	catboost	HPCLAS_TRAIN_P_002270	1	HPCLAS_TRAIN_P_002270	0	A_clean_core	0.28738588904274726	0.5713560351821115	1
layer30_mean	catboost	HPCLAS_TRAIN_P_002271	1	HPCLAS_TRAIN_P_002271	0	D_hard_sample	0.3425050972888821	0.5847989123866245	1
layer30_mean	catboost	HPCLAS_TRAIN_P_002284	1	HPCLAS_TRAIN_P_002284	0	A_clean_core	2.9219662275899165	0.9489216849633587	1
layer30_mean	catboost	HPCLAS_TRAIN_P_002291	1	HPCLAS_TRAIN_N_001466	0	B_ambiguous	-2.874360702616236	0.05343565641505515	0
layer30_mean	catboost	HPCLAS_TRAIN_P_002294	1	HPCLAS_TRAIN_P_002294	0	A_clean_core	2.946967668069419	0.9501199761369149	1
layer30_mean	catboost	HPCLAS_TRAIN_P_002301	1	HPCLAS_TRAIN_P_002301	0	A_clean_core	-1.3003615497390772	0.21410417501668932	0
layer30_mean	catboost	HPCLAS_TRAIN_P_002307	1	HPCLAS_TRAIN_P_002307	0	A_clean_core	1.4781104272127705	0.8142870022370138	1
layer30_mean	catboost	HPCLAS_TRAIN_P_002309	1	HPCLAS_TRAIN_P_002309	0	A_clean_core	-1.703515322039989	0.15400670129668056	0
layer30_mean	catboost	HPCLAS_TRAIN_P_002319	1	HPCLAS_TRAIN_P_002319	0	D_hard_sample	-0.042813099849090645	0.48929835962904117	0
layer30_mean	catboost	HPCLAS_TRAIN_P_002321	1	HPCLAS_TRAIN_P_002321	0	A_clean_core	4.5721232172450215	0.989769748931917	1
layer30_mean	catboost	HPCLAS_TRAIN_P_002322	1	HPCLAS_TRAIN_P_002322	0	A_clean_core	-0.14826278620927796	0.4630020522539468	0
layer30_mean	catboost	HPCLAS_TRAIN_P_002330	1	HPCLAS_TRAIN_P_002330	0	D_hard_sample	-0.38472885540689256	0.404986862841726	0
layer30_mean	catboost	HPCLAS_TRAIN_P_002334	1	HPCLAS_TRAIN_P_002334	0	A_clean_core	1.1843655812589933	0.7657318387919416	1
layer30_mean	catboost	HPCLAS_TRAIN_P_002335	1	HPCLAS_TRAIN_P_002335	0	A_clean_core	2.4198935221672615	0.9183317592121875	1
layer30_mean	catboost	HPCLAS_TRAIN_P_002341	1	HPCLAS_TRAIN_P_002341	0	A_clean_core	3.15821350305168	0.9592311396095267	1
layer30_mean	catboost	HPCLAS_TRAIN_P_002347	1	HPCLAS_TRAIN_P_002347	0	D_hard_sample	-1.0496089443083245	0.2593002013145495	0
layer30_mean	catboost	HPCLAS_TRAIN_P_002350	1	HPCLAS_TRAIN_P_002350	0	A_clean_core	5.124301516177738	0.9940848253465284	1
layer30_mean	catboost	HPCLAS_TRAIN_P_002351	1	HPCLAS_TRAIN_P_001664	0	A_clean_core	-0.8359057267634298	0.3023977853069826	0
layer30_mean	catboost	HPCLAS_TRAIN_P_002355	1	HPCLAS_TRAIN_P_002355	0	A_clean_core	1.4767116495527741	0.8140753809334996	1
layer30_mean	catboost	HPCLAS_TRAIN_P_002361	1	HPCLAS_TRAIN_P_002361	0	A_clean_core	4.898013054463964	0.9925938663442253	1
layer30_mean	catboost	HPCLAS_TRAIN_P_002364	1	HPCLAS_TRAIN_P_002364	0	A_clean_core	2.729441442849484	0.9387417248311422	1
layer30_mean	catboost	HPCLAS_TRAIN_P_002365	1	HPCLAS_TRAIN_P_002365	0	A_clean_core	6.044042788302854	0.9976336626232798	1
layer30_mean	catboost	HPCLAS_TRAIN_P_002369	1	HPCLAS_TRAIN_P_002369	0	A_clean_core	2.625338949188592	0.9324746541530546	1
layer30_mean	catboost	HPCLAS_TRAIN_P_002377	1	HPCLAS_TRAIN_P_002377	0	A_clean_core	-0.2551117566911144	0.43656572406874866	0
layer30_mean	catboost	HPCLAS_TRAIN_P_002388	1	HPCLAS_TRAIN_P_002388	0	A_clean_core	3.494122160524787	0.9705200634451036	1
layer30_mean	catboost	HPCLAS_TRAIN_P_002390	1	HPCLAS_TRAIN_P_002390	0	A_clean_core	2.3060702851000316	0.909378531125119	1
layer30_mean	catboost	HPCLAS_TRAIN_P_002394	1	HPCLAS_TRAIN_P_002394	0	A_clean_core	2.8321511658708443	0.944388686556093	1
layer30_mean	catboost	HPCLAS_TRAIN_P_002408	1	HPCLAS_TRAIN_P_002408	0	A_clean_core	4.675850882655087	0.990768422502245	1
layer30_mean	catboost	HPCLAS_TRAIN_P_002409	1	HPCLAS_TRAIN_P_002409	0	D_hard_sample	0.3472483921042931	0.5859501625211697	1
layer30_mean	catboost	HPCLAS_TRAIN_P_002417	1	HPCLAS_TRAIN_P_002417	0	A_clean_core	5.229956854723853	0.9946747537834413	1
layer30_mean	catboost	HPCLAS_TRAIN_P_002419	1	HPCLAS_TRAIN_P_002419	0	B_ambiguous	-0.45228254275412383	0.3888182083120358	0
layer30_mean	catboost	HPCLAS_TRAIN_P_002428	1	HPCLAS_TRAIN_P_002428	0	B_ambiguous	-0.12144555919000355	0.46967587198448535	0
layer30_mean	catboost	HPCLAS_TRAIN_P_002430	1	HPCLAS_TRAIN_P_002430	0	A_clean_core	0.4629977299808425	0.6137250796391558	1
layer30_mean	catboost	HPCLAS_TRAIN_P_002431	1	HPCLAS_TRAIN_P_002431	0	A_clean_core	0.19293431882368425	0.5480845153901732	1
layer30_mean	catboost	HPCLAS_TRAIN_P_002445	1	HPCLAS_TRAIN_P_002445	0	A_clean_core	2.7327743648970397	0.9389331068093488	1
layer30_mean	catboost	HPCLAS_TRAIN_P_002468	1	HPCLAS_TRAIN_P_002468	0	A_clean_core	-1.2872447602866781	0.2163195288245774	0
layer30_mean	catboost	HPCLAS_TRAIN_P_002473	1	HPCLAS_TRAIN_P_002473	0	A_clean_core	0.1636696089487364	0.5408263058585928	1
layer30_mean	catboost	HPCLAS_TRAIN_P_002480	1	HPCLAS_TRAIN_P_002480	0	B_ambiguous	0.6146681915508044	0.6490049428379269	1
layer30_mean	catboost	HPCLAS_TRAIN_P_002484	1	HPCLAS_TRAIN_P_002484	0	A_clean_core	4.9443482942595685	0.9929268305025608	1
layer30_mean	catboost	HPCLAS_TRAIN_P_002488	1	HPCLAS_TRAIN_P_002488	0	A_clean_core	6.216216953909314	0.9980071943281722	1
layer30_mean	catboost	HPCLAS_TRAIN_P_002490	1	HPCLAS_TRAIN_P_002490	0	A_clean_core	5.3129317340197995	0.9950967012855838	1
layer30_mean	catboost	HPCLAS_TRAIN_P_002498	1	HPCLAS_TRAIN_P_002498	0	A_clean_core	4.9667204921852	0.9930822333336946	1
layer30_mean	catboost	HPCLAS_TRAIN_P_002499	1	HPCLAS_TRAIN_P_002499	0	A_clean_core	5.138602144863406	0.9941683242905243	1
layer30_mean	catboost	HPCLAS_TRAIN_P_002517	1	HPCLAS_TRAIN_P_002517	0	A_clean_core	3.285216322675059	0.963918146770082	1
layer30_mean	catboost	HPCLAS_TRAIN_P_002518	1	HPCLAS_TRAIN_P_002518	0	A_clean_core	2.1053570638079164	0.8914227677295214	1
layer30_mean	catboost	HPCLAS_TRAIN_P_002519	1	HPCLAS_TRAIN_N_004812	0	B_ambiguous	0.3959915333276939	0.5977242030802338	1
layer30_mean	catboost	HPCLAS_TRAIN_P_002524	1	HPCLAS_TRAIN_P_002524	0	A_clean_core	3.0238703782951437	0.9536409352706254	1
layer30_mean	catboost	HPCLAS_TRAIN_P_002525	1	HPCLAS_TRAIN_P_002525	0	D_hard_sample	-0.9424756054118031	0.28040055316963375	0
layer30_mean	catboost	HPCLAS_TRAIN_P_002526	1	HPCLAS_TRAIN_P_002526	0	A_clean_core	1.5508675926683866	0.825039003849526	1
layer30_mean	catboost	HPCLAS_TRAIN_P_002528	1	HPCLAS_TRAIN_P_002528	0	A_clean_core	2.5937662531528556	0.9304593071582888	1
layer30_mean	catboost	HPCLAS_TRAIN_P_002535	1	HPCLAS_TRAIN_P_002535	0	A_clean_core	1.6239119046334312	0.8353339229287061	1
layer30_mean	catboost	HPCLAS_TRAIN_P_002538	1	HPCLAS_TRAIN_P_002538	0	A_clean_core	3.2750656169105303	0.9635634383893176	1
layer30_mean	catboost	HPCLAS_TRAIN_P_002541	1	HPCLAS_TRAIN_P_002541	0	A_clean_core	2.003126019806592	0.8811248995065314	1
layer30_mean	catboost	HPCLAS_TRAIN_P_002543	1	HPCLAS_TRAIN_P_002543	0	A_clean_core	1.36100337147771	0.7959227234778917	1
layer30_mean	catboost	HPCLAS_TRAIN_P_002551	1	HPCLAS_TRAIN_P_002551	0	A_clean_core	4.459865216853383	0.9885682737838475	1
layer30_mean	catboost	HPCLAS_TRAIN_P_002556	1	HPCLAS_TRAIN_P_002556	0	A_clean_core	2.431193723247299	0.9191752613791027	1
layer30_mean	catboost	HPCLAS_TRAIN_P_002568	1	HPCLAS_TRAIN_P_002568	0	A_clean_core	5.301443300322966	0.9950403262374402	1
layer30_mean	catboost	HPCLAS_TRAIN_P_002572	1	HPCLAS_TRAIN_P_002572	0	A_clean_core	2.02636251061653	0.8835373052853778	1
layer30_mean	catboost	HPCLAS_TRAIN_P_002573	1	HPCLAS_TRAIN_P_002573	0	D_hard_sample	-0.6864662031417076	0.33481964445516	0
layer30_mean	catboost	HPCLAS_TRAIN_P_002589	1	HPCLAS_TRAIN_P_002589	0	D_hard_sample	-0.08098695187868764	0.47976432111467354	0
layer30_mean	catboost	HPCLAS_TRAIN_P_002595	1	HPCLAS_TRAIN_P_002595	0	A_clean_core	3.7660911237343164	0.9773811069875797	1
layer30_mean	catboost	HPCLAS_TRAIN_P_002598	1	HPCLAS_TRAIN_P_002598	0	A_clean_core	0.9747640160260925	0.7260680481482114	1
layer30_mean	catboost	HPCLAS_TRAIN_P_002610	1	HPCLAS_TRAIN_P_002610	0	D_hard_sample	2.2972897585946073	0.9086523290895553	1
layer30_mean	catboost	HPCLAS_TRAIN_P_002613	1	HPCLAS_TRAIN_P_002613	0	A_clean_core	0.3847487006461505	0.5950179193062487	1
layer30_mean	catboost	HPCLAS_TRAIN_P_002624	1	HPCLAS_TRAIN_N_001228	0	B_ambiguous	1.2755285604162703	0.7816876772519352	1
layer30_mean	catboost	HPCLAS_TRAIN_P_002636	1	HPCLAS_TRAIN_P_002636	0	A_clean_core	4.1560241767601	0.9845720180476674	1
layer30_mean	catboost	HPCLAS_TRAIN_P_002637	1	HPCLAS_TRAIN_P_002637	0	A_clean_core	0.5696893200821228	0.638691484289078	1
layer30_mean	catboost	HPCLAS_TRAIN_P_002638	1	HPCLAS_TRAIN_P_002638	0	A_clean_core	6.557872839102346	0.998583109694046	1
layer30_mean	catboost	HPCLAS_TRAIN_P_002639	1	HPCLAS_TRAIN_P_002639	0	A_clean_core	4.920516694989639	0.9927574764230533	1
layer30_mean	catboost	HPCLAS_TRAIN_P_002644	1	HPCLAS_TRAIN_P_002644	0	A_clean_core	3.548955972836854	0.972049074316233	1
layer30_mean	catboost	HPCLAS_TRAIN_P_002651	1	HPCLAS_TRAIN_P_002651	0	A_clean_core	2.6555844067602656	0.934354349315558	1
layer30_mean	catboost	HPCLAS_TRAIN_P_002658	1	HPCLAS_TRAIN_P_002658	0	D_hard_sample	-0.19508606015236682	0.45138257970600365	0
layer30_mean	catboost	HPCLAS_TRAIN_P_002670	1	HPCLAS_TRAIN_P_002670	0	A_clean_core	1.4573146545939315	0.8111216145734589	1
layer30_mean	catboost	HPCLAS_TRAIN_P_002682	1	HPCLAS_TRAIN_N_003467	0	B_ambiguous	-0.3467034192200317	0.41418206094076454	0
layer30_mean	catboost	HPCLAS_TRAIN_P_002689	1	HPCLAS_TRAIN_P_002689	0	A_clean_core	1.1194055858635372	0.7538784420847598	1
layer30_mean	catboost	HPCLAS_TRAIN_P_002692	1	HPCLAS_TRAIN_P_002692	0	D_hard_sample	-0.5877215749234418	0.3571578014095697	0
layer30_mean	catboost	HPCLAS_TRAIN_P_002698	1	HPCLAS_TRAIN_P_002698	0	A_clean_core	5.176538100170322	0.9943841916382979	1
layer30_mean	catboost	HPCLAS_TRAIN_P_002720	1	HPCLAS_TRAIN_P_002720	0	A_clean_core	2.700093404440061	0.9370321553003685	1
layer30_mean	catboost	HPCLAS_TRAIN_P_002721	1	HPCLAS_TRAIN_P_002721	0	D_hard_sample	0.505231033180281	0.6236878536387168	1
layer30_mean	catboost	HPCLAS_TRAIN_P_002722	1	HPCLAS_TRAIN_P_002722	0	A_clean_core	0.3300499174848741	0.5817715224852783	1
layer30_mean	catboost	HPCLAS_TRAIN_P_002724	1	HPCLAS_TRAIN_P_002724	0	A_clean_core	1.8356484169422318	0.8624332400569663	1
layer30_mean	catboost	HPCLAS_TRAIN_P_002736	1	HPCLAS_TRAIN_P_002736	0	A_clean_core	5.544592464557685	0.996106681428496	1
layer30_mean	catboost	HPCLAS_TRAIN_P_002737	1	HPCLAS_TRAIN_P_002737	0	D_hard_sample	0.4531912069376411	0.6113977035529975	1
layer30_mean	catboost	HPCLAS_TRAIN_P_002764	1	HPCLAS_TRAIN_P_002764	0	A_clean_core	3.1317690691816167	0.9581843319276024	1
layer30_mean	catboost	HPCLAS_TRAIN_P_002772	1	HPCLAS_TRAIN_P_002772	0	A_clean_core	-0.17390903155638002	0.45663199016408845	0
layer30_mean	catboost	HPCLAS_TRAIN_P_002773	1	HPCLAS_TRAIN_P_002773	0	A_clean_core	-0.42287779362726013	0.39582832488645503	0
layer30_mean	catboost	HPCLAS_TRAIN_P_002786	1	HPCLAS_TRAIN_P_002786	0	D_hard_sample	0.9453505817523226	0.7201791818838273	1
layer30_mean	catboost	HPCLAS_TRAIN_P_002788	1	HPCLAS_TRAIN_P_002788	0	A_clean_core	5.416591536180133	0.9955773842558655	1
layer30_mean	catboost	HPCLAS_TRAIN_P_002789	1	HPCLAS_TRAIN_P_002789	0	A_clean_core	4.083788378454198	0.9834354702876725	1
layer30_mean	catboost	HPCLAS_TRAIN_P_002792	1	HPCLAS_TRAIN_P_002792	0	A_clean_core	-0.5540776654719013	0.36491887791108946	0
layer30_mean	catboost	HPCLAS_TRAIN_P_002803	1	HPCLAS_TRAIN_P_002803	0	A_clean_core	-0.9960173235418743	0.26972518329437856	0
layer30_mean	catboost	HPCLAS_TRAIN_P_002815	1	HPCLAS_TRAIN_P_002815	0	D_hard_sample	-0.8024459751362648	0.3095025443460978	0
layer30_mean	catboost	HPCLAS_TRAIN_P_002834	1	HPCLAS_TRAIN_P_002834	0	D_hard_sample	1.7759648644877273	0.8551978929358313	1
layer30_mean	catboost	HPCLAS_TRAIN_P_002837	1	HPCLAS_TRAIN_P_002837	0	A_clean_core	3.147758591975048	0.9588203131806625	1
layer30_mean	catboost	HPCLAS_TRAIN_P_002843	1	HPCLAS_TRAIN_P_002843	0	D_hard_sample	-0.8161590284172225	0.30657959928324213	0
layer30_mean	catboost	HPCLAS_TRAIN_P_002847	1	HPCLAS_TRAIN_P_002847	0	D_hard_sample	-0.0150229075332656	0.4962443437502188	0
layer30_mean	catboost	HPCLAS_TRAIN_P_002849	1	HPCLAS_TRAIN_P_002849	0	A_clean_core	-0.3820223742119087	0.40563921774736184	0
layer30_mean	catboost	HPCLAS_TRAIN_P_002850	1	HPCLAS_TRAIN_P_002850	0	A_clean_core	1.9354296450045885	0.8738491824729339	1
layer30_mean	catboost	HPCLAS_TRAIN_P_002852	1	HPCLAS_TRAIN_P_002852	0	A_clean_core	2.164907246109089	0.8970536088219196	1
layer30_mean	catboost	HPCLAS_TRAIN_P_002853	1	HPCLAS_TRAIN_N_000764	0	B_ambiguous	0.7852505915932824	0.6868106318668223	1
layer30_mean	catboost	HPCLAS_TRAIN_P_002857	1	HPCLAS_TRAIN_P_002857	0	A_clean_core	1.216648994886746	0.7714732971989691	1
layer30_mean	catboost	HPCLAS_TRAIN_P_002858	1	HPCLAS_TRAIN_P_002858	0	A_clean_core	1.3433882883250732	0.7930465920201545	1
layer30_mean	catboost	HPCLAS_TRAIN_P_002859	1	HPCLAS_TRAIN_P_002859	0	A_clean_core	1.379412992315798	0.7988967076966755	1
layer30_mean	catboost	HPCLAS_TRAIN_P_002867	1	HPCLAS_TRAIN_P_002867	0	A_clean_core	2.220162834554453	0.9020455845994587	1
layer30_mean	catboost	HPCLAS_TRAIN_P_002869	1	HPCLAS_TRAIN_P_002869	0	A_clean_core	2.557806407986552	0.9280962087616326	1
layer30_mean	catboost	HPCLAS_TRAIN_P_002873	1	HPCLAS_TRAIN_P_002873	0	A_clean_core	1.712611326902536	0.8471746786481228	1
layer30_mean	catboost	HPCLAS_TRAIN_P_002885	1	HPCLAS_TRAIN_P_002885	0	A_clean_core	5.977634594930125	0.9974715939707952	1
layer30_mean	catboost	HPCLAS_TRAIN_P_002889	1	HPCLAS_TRAIN_P_002889	0	A_clean_core	0.3252294011981026	0.5805981659478284	1
layer30_mean	catboost	HPCLAS_TRAIN_P_002902	1	HPCLAS_TRAIN_P_002902	0	D_hard_sample	0.2676947147139898	0.5665268734921621	1
layer30_mean	catboost	HPCLAS_TRAIN_P_002907	1	HPCLAS_TRAIN_P_002907	0	A_clean_core	1.3978790969222767	0.801847117559879	1
layer30_mean	catboost	HPCLAS_TRAIN_P_002910	1	HPCLAS_TRAIN_P_002910	0	A_clean_core	2.477171069505711	0.9225258503313424	1
layer30_mean	catboost	HPCLAS_TRAIN_P_002924	1	HPCLAS_TRAIN_P_002924	0	D_hard_sample	0.24906984141158517	0.5619475439298478	1
layer30_mean	catboost	HPCLAS_TRAIN_P_002927	1	HPCLAS_TRAIN_P_002927	0	A_clean_core	0.23392968427384028	0.5582171775344175	1
layer30_mean	catboost	HPCLAS_TRAIN_P_002939	1	HPCLAS_TRAIN_P_002939	0	A_clean_core	2.476636782578355	0.9224876552047566	1
layer30_mean	catboost	HPCLAS_TRAIN_P_002947	1	HPCLAS_TRAIN_P_002947	0	D_hard_sample	-1.4431510358849677	0.1910578668175773	0
layer30_mean	catboost	HPCLAS_TRAIN_P_002952	1	HPCLAS_TRAIN_P_002952	0	A_clean_core	1.6536743541264427	0.839387031720581	1
layer30_mean	catboost	HPCLAS_TRAIN_P_002955	1	HPCLAS_TRAIN_P_002955	0	A_clean_core	1.7836782724825833	0.8561504640611839	1
layer30_mean	catboost	HPCLAS_TRAIN_P_002960	1	HPCLAS_TRAIN_P_002960	0	A_clean_core	2.295476237363945	0.9085016892922506	1
layer30_mean	catboost	HPCLAS_TRAIN_P_002961	1	HPCLAS_TRAIN_P_002961	0	A_clean_core	1.71361235039775	0.8473042358664502	1
layer30_mean	catboost	HPCLAS_TRAIN_P_002965	1	HPCLAS_TRAIN_P_002965	0	A_clean_core	-0.20664576905357143	0.4485216153573523	0
layer30_mean	catboost	HPCLAS_TRAIN_P_002971	1	HPCLAS_TRAIN_P_002971	0	A_clean_core	5.5374749460429324	0.9960789808531891	1
layer30_mean	catboost	HPCLAS_TRAIN_P_002972	1	HPCLAS_TRAIN_P_002972	0	D_hard_sample	2.636595693210796	0.9331800013627631	1
layer30_mean	catboost	HPCLAS_TRAIN_P_002990	1	HPCLAS_TRAIN_P_002990	0	A_clean_core	4.934244790473807	0.9928555176312941	1
layer30_mean	catboost	HPCLAS_TRAIN_P_002995	1	HPCLAS_TRAIN_P_002995	0	A_clean_core	6.535209873987754	0.9985506791999801	1
layer30_mean	catboost	HPCLAS_TRAIN_P_003021	1	HPCLAS_TRAIN_P_003021	0	A_clean_core	2.346089773346931	0.9126229196666842	1
layer30_mean	catboost	HPCLAS_TRAIN_P_003031	1	HPCLAS_TRAIN_P_003031	0	A_clean_core	2.6073974273707696	0.9313361507514889	1
layer30_mean	catboost	HPCLAS_TRAIN_P_003046	1	HPCLAS_TRAIN_P_003046	0	A_clean_core	0.3898645881892089	0.5962501012351208	1
layer30_mean	catboost	HPCLAS_TRAIN_P_003048	1	HPCLAS_TRAIN_P_003048	0	A_clean_core	1.2041290541404388	0.769258504717419	1
layer30_mean	catboost	HPCLAS_TRAIN_P_003052	1	HPCLAS_TRAIN_P_003052	0	A_clean_core	3.3372429311502545	0.9656845961655708	1
layer30_mean	catboost	HPCLAS_TRAIN_P_003066	1	HPCLAS_TRAIN_P_003066	0	A_clean_core	1.0701807030960688	0.7446312790407574	1
layer30_mean	catboost	HPCLAS_TRAIN_P_003077	1	HPCLAS_TRAIN_P_003077	0	A_clean_core	5.409474454588694	0.9955459365602243	1
layer30_mean	catboost	HPCLAS_TRAIN_P_003079	1	HPCLAS_TRAIN_P_003079	0	A_clean_core	1.4409597956096787	0.8086032372856514	1
layer30_mean	catboost	HPCLAS_TRAIN_P_003089	1	HPCLAS_TRAIN_P_003089	0	A_clean_core	5.081375966656799	0.9938269862751533	1
layer30_mean	catboost	HPCLAS_TRAIN_P_003102	1	HPCLAS_TRAIN_P_003102	0	A_clean_core	4.3350745343274735	0.9870685164711291	1
layer30_mean	catboost	HPCLAS_TRAIN_P_003112	1	HPCLAS_TRAIN_P_003112	0	D_hard_sample	0.35338541550898617	0.5874382919124741	1
layer30_mean	catboost	HPCLAS_TRAIN_P_003117	1	HPCLAS_TRAIN_P_003117	0	D_hard_sample	-0.06821647813222216	0.4829524908190672	0
layer30_mean	catboost	HPCLAS_TRAIN_P_003121	1	HPCLAS_TRAIN_P_003121	0	A_clean_core	2.264156511752918	0.9058646713219145	1
layer30_mean	catboost	HPCLAS_TRAIN_P_003123	1	HPCLAS_TRAIN_P_003123	0	A_clean_core	1.5942923105040863	0.8312191443690998	1
layer30_mean	catboost	HPCLAS_TRAIN_P_003128	1	HPCLAS_TRAIN_P_003128	0	A_clean_core	4.420891033094392	0.9881193332041625	1
layer30_mean	catboost	HPCLAS_TRAIN_P_003136	1	HPCLAS_TRAIN_P_003136	0	A_clean_core	2.3028441483399384	0.9091123163548263	1
layer30_mean	catboost	HPCLAS_TRAIN_P_003143	1	HPCLAS_TRAIN_P_003143	0	A_clean_core	3.841516461496413	0.9789898672989197	1
layer30_mean	catboost	HPCLAS_TRAIN_P_003162	1	HPCLAS_TRAIN_P_003162	0	A_clean_core	4.365118803093855	0.9874464503686681	1
layer30_mean	catboost	HPCLAS_TRAIN_P_003165	1	HPCLAS_TRAIN_P_003165	0	D_hard_sample	0.44014580711681767	0.6082937731152557	1
layer30_mean	catboost	HPCLAS_TRAIN_P_003172	1	HPCLAS_TRAIN_P_003172	0	A_clean_core	1.4343783334943718	0.8075825943033194	1
layer30_mean	catboost	HPCLAS_TRAIN_P_003206	1	HPCLAS_TRAIN_P_003206	0	A_clean_core	2.6843334813146567	0.9360958446601538	1
layer30_mean	catboost	HPCLAS_TRAIN_P_003237	1	HPCLAS_TRAIN_P_003237	0	A_clean_core	1.3234319115552835	0.7897521205065782	1
layer30_mean	catboost	HPCLAS_TRAIN_P_003238	1	HPCLAS_TRAIN_P_003238	0	A_clean_core	0.05678527514925263	0.5141925052680194	1
layer30_mean	catboost	HPCLAS_TRAIN_P_003255	1	HPCLAS_TRAIN_P_003255	0	A_clean_core	3.9211786945699902	0.9805673881665684	1
layer30_mean	catboost	HPCLAS_TRAIN_P_003256	1	HPCLAS_TRAIN_P_003256	0	A_clean_core	2.1660993277510556	0.8971636435973138	1
layer30_mean	catboost	HPCLAS_TRAIN_P_003260	1	HPCLAS_TRAIN_P_003260	0	D_hard_sample	-0.8243824856121154	0.3048341725385749	0
layer30_mean	catboost	HPCLAS_TRAIN_P_003265	1	HPCLAS_TRAIN_P_003265	0	A_clean_core	4.07730373299808	0.9833295026385371	1
layer30_mean	catboost	HPCLAS_TRAIN_P_003285	1	HPCLAS_TRAIN_P_003285	0	D_hard_sample	0.24381455802359844	0.5606534719140915	1
layer30_mean	catboost	HPCLAS_TRAIN_P_003295	1	HPCLAS_TRAIN_P_003295	0	A_clean_core	1.2260883123341357	0.773133204218906	1
layer30_mean	catboost	HPCLAS_TRAIN_P_003299	1	HPCLAS_TRAIN_P_003299	0	B_ambiguous	-2.2057059921164743	0.09923925809711172	0
layer30_mean	catboost	HPCLAS_TRAIN_P_003305	1	HPCLAS_TRAIN_P_003305	0	D_hard_sample	-0.020374220421287025	0.4949066210856845	0
layer30_mean	catboost	HPCLAS_TRAIN_P_003309	1	HPCLAS_TRAIN_P_003309	0	A_clean_core	4.343311599125726	0.9871732357824801	1
layer30_mean	catboost	HPCLAS_TRAIN_P_003311	1	HPCLAS_TRAIN_P_003311	0	A_clean_core	4.71678643462115	0.9911354096400317	1
layer30_mean	catboost	HPCLAS_TRAIN_P_003317	1	HPCLAS_TRAIN_P_003317	0	A_clean_core	0.8249088291715374	0.6952773536238763	1
layer30_mean	catboost	HPCLAS_TRAIN_P_003319	1	HPCLAS_TRAIN_P_003319	0	A_clean_core	0.3221584880938536	0.5798502019801893	1
layer30_mean	catboost	HPCLAS_TRAIN_P_003320	1	HPCLAS_TRAIN_P_003320	0	A_clean_core	1.8445884687821188	0.8634904743346622	1
layer30_mean	catboost	HPCLAS_TRAIN_P_003348	1	HPCLAS_TRAIN_P_003348	0	A_clean_core	3.08478336986848	0.9562606919154364	1
layer30_mean	catboost	HPCLAS_TRAIN_P_003366	1	HPCLAS_TRAIN_P_003366	0	A_clean_core	1.685610695127207	0.8436460510481472	1
layer30_mean	catboost	HPCLAS_TRAIN_P_003376	1	HPCLAS_TRAIN_P_003376	0	A_clean_core	2.940150998086673	0.9497959274347129	1
layer30_mean	catboost	HPCLAS_TRAIN_P_003379	1	HPCLAS_TRAIN_P_003379	0	A_clean_core	-1.1553722436368359	0.2395091892918261	0
layer30_mean	catboost	HPCLAS_TRAIN_P_003380	1	HPCLAS_TRAIN_P_003380	0	A_clean_core	0.4236684340589251	0.604360739817067	1
layer30_mean	catboost	HPCLAS_TRAIN_P_003382	1	HPCLAS_TRAIN_P_003382	0	A_clean_core	0.5153059041704557	0.626049476220825	1
layer30_mean	catboost	HPCLAS_TRAIN_P_003383	1	HPCLAS_TRAIN_P_003383	0	A_clean_core	0.888357843106255	0.708551172818796	1
layer30_mean	catboost	HPCLAS_TRAIN_P_003386	1	HPCLAS_TRAIN_P_003386	0	D_hard_sample	4.26077259863624	0.9860849648160308	1
layer30_mean	catboost	HPCLAS_TRAIN_P_003398	1	HPCLAS_TRAIN_P_003398	0	D_hard_sample	0.5422750672969494	0.6323414974831809	1
layer30_mean	catboost	HPCLAS_TRAIN_P_003411	1	HPCLAS_TRAIN_P_003411	0	A_clean_core	2.7238282433489487	0.938418137808206	1
layer30_mean	catboost	HPCLAS_TRAIN_P_003414	1	HPCLAS_TRAIN_P_003414	0	A_clean_core	2.209317664139858	0.9010831252812068	1
layer30_mean	catboost	HPCLAS_TRAIN_P_003417	1	HPCLAS_TRAIN_P_003417	0	A_clean_core	3.5633608839171758	0.972437801022061	1
layer30_mean	catboost	HPCLAS_TRAIN_P_003422	1	HPCLAS_TRAIN_N_003740	0	B_ambiguous	3.6725987495840737	0.9752193363753311	1
layer30_mean	catboost	HPCLAS_TRAIN_P_003424	1	HPCLAS_TRAIN_P_003424	0	A_clean_core	-0.8197107884829121	0.3058250549182062	0
layer30_mean	catboost	HPCLAS_TRAIN_P_003431	1	HPCLAS_TRAIN_P_003431	0	A_clean_core	6.599820092620697	0.9986412359519428	1
layer30_mean	catboost	HPCLAS_TRAIN_P_003433	1	HPCLAS_TRAIN_P_003433	0	A_clean_core	1.8061892617040924	0.8589006810654988	1
layer30_mean	catboost	HPCLAS_TRAIN_P_003440	1	HPCLAS_TRAIN_P_003440	0	A_clean_core	1.834207077866963	0.8622621471477729	1
layer30_mean	catboost	HPCLAS_TRAIN_P_003445	1	HPCLAS_TRAIN_P_003445	0	A_clean_core	0.27698576028836575	0.56880708853142	1
layer30_mean	catboost	HPCLAS_TRAIN_P_003448	1	HPCLAS_TRAIN_P_003448	0	A_clean_core	4.99634758993759	0.9932828238454502	1
layer30_mean	catboost	HPCLAS_TRAIN_P_003449	1	HPCLAS_TRAIN_P_003449	0	A_clean_core	1.6063385311230467	0.8329024188623317	1
layer30_mean	catboost	HPCLAS_TRAIN_P_003467	1	HPCLAS_TRAIN_N_004816	0	B_ambiguous	0.7668664412794233	0.6828426525747654	1
layer30_mean	catboost	HPCLAS_TRAIN_P_003473	1	HPCLAS_TRAIN_P_003473	0	A_clean_core	0.42000111303435445	0.6034835162040408	1
layer30_mean	catboost	HPCLAS_TRAIN_P_003476	1	HPCLAS_TRAIN_P_003476	0	A_clean_core	5.540208048459838	0.9960896409203861	1
layer30_mean	catboost	HPCLAS_TRAIN_P_003477	1	HPCLAS_TRAIN_P_003477	0	D_hard_sample	-0.6812302193704185	0.33598678571030516	0
layer30_mean	catboost	HPCLAS_TRAIN_P_003490	1	HPCLAS_TRAIN_P_003490	0	A_clean_core	1.672157249510861	0.8418632266233123	1
layer30_mean	catboost	HPCLAS_TRAIN_P_003492	1	HPCLAS_TRAIN_P_003492	0	A_clean_core	0.02269740840254269	0.5056741085074102	1
layer30_mean	catboost	HPCLAS_TRAIN_P_003498	1	HPCLAS_TRAIN_P_003498	0	A_clean_core	-0.6467744181668126	0.3437167825037464	0
layer30_mean	catboost	HPCLAS_TRAIN_P_003502	1	HPCLAS_TRAIN_P_003502	0	A_clean_core	-0.06149329873851518	0.4846315179080586	0
layer30_mean	catboost	HPCLAS_TRAIN_P_003503	1	HPCLAS_TRAIN_P_003503	0	A_clean_core	1.777938510146865	0.8554421269782148	1
layer30_mean	catboost	HPCLAS_TRAIN_P_003508	1	HPCLAS_TRAIN_P_003508	0	A_clean_core	5.507403445556087	0.9959597627625919	1
layer30_mean	catboost	HPCLAS_TRAIN_P_003513	1	HPCLAS_TRAIN_P_003513	0	A_clean_core	6.15516059269637	0.9978819953651169	1
layer30_mean	catboost	HPCLAS_TRAIN_P_003518	1	HPCLAS_TRAIN_P_003518	0	A_clean_core	1.355584209319459	0.7950410786732307	1
layer30_mean	catboost	HPCLAS_TRAIN_P_003528	1	HPCLAS_TRAIN_P_003528	0	A_clean_core	0.2989437766236444	0.5741842939487848	1
layer30_mean	catboost	HPCLAS_TRAIN_P_003532	1	HPCLAS_TRAIN_P_003532	0	A_clean_core	-1.5011297675894812	0.1822570834305765	0
layer30_mean	catboost	HPCLAS_TRAIN_P_003534	1	HPCLAS_TRAIN_P_003534	0	A_clean_core	0.9212317909081372	0.715293025091992	1
layer30_mean	catboost	HPCLAS_TRAIN_P_003540	1	HPCLAS_TRAIN_P_003540	0	D_hard_sample	-0.7794145823010316	0.3144460706918998	0
layer30_mean	catboost	HPCLAS_TRAIN_P_003543	1	HPCLAS_TRAIN_P_003543	0	A_clean_core	0.2983192725658364	0.5740315977042184	1
layer30_mean	catboost	HPCLAS_TRAIN_P_003546	1	HPCLAS_TRAIN_P_003546	0	A_clean_core	0.46087104065697604	0.6132207908424061	1
layer30_mean	catboost	HPCLAS_TRAIN_P_003553	1	HPCLAS_TRAIN_P_003553	0	A_clean_core	3.718561886022844	0.9763061775579908	1
layer30_mean	catboost	HPCLAS_TRAIN_P_003563	1	HPCLAS_TRAIN_P_003563	0	A_clean_core	-0.9309164182529581	0.28273883010237744	0
layer30_mean	catboost	HPCLAS_TRAIN_P_003564	1	HPCLAS_TRAIN_P_003564	0	A_clean_core	4.838707437808783	0.9921449099366829	1
layer30_mean	catboost	HPCLAS_TRAIN_P_003568	1	HPCLAS_TRAIN_P_003568	0	A_clean_core	1.407614396805154	0.8033893986943986	1
layer30_mean	catboost	HPCLAS_TRAIN_P_003580	1	HPCLAS_TRAIN_P_003580	0	A_clean_core	-0.18983659740537379	0.45268286634857263	0
layer30_mean	catboost	HPCLAS_TRAIN_P_003583	1	HPCLAS_TRAIN_P_003583	0	D_hard_sample	0.0545600609497603	0.5136366326109785	1
layer30_mean	catboost	HPCLAS_TRAIN_P_003586	1	HPCLAS_TRAIN_P_003586	0	D_hard_sample	0.041625738717917755	0.5104049323355012	1
layer30_mean	catboost	HPCLAS_TRAIN_P_003596	1	HPCLAS_TRAIN_P_003596	0	A_clean_core	0.45689857863670924	0.6122781754032063	1
layer30_mean	catboost	HPCLAS_TRAIN_P_003604	1	HPCLAS_TRAIN_P_003604	0	A_clean_core	-0.338834165269634	0.4160927000260291	0
layer30_mean	catboost	HPCLAS_TRAIN_P_003610	1	HPCLAS_TRAIN_P_003610	0	A_clean_core	3.987668381068739	0.9817946806638329	1
layer30_mean	catboost	HPCLAS_TRAIN_P_003611	1	HPCLAS_TRAIN_P_003611	0	A_clean_core	4.468863408605177	0.9886695169539454	1
layer30_mean	catboost	HPCLAS_TRAIN_P_003615	1	HPCLAS_TRAIN_P_003615	0	A_clean_core	0.8256549467758317	0.6954354081038175	1
layer30_mean	catboost	HPCLAS_TRAIN_P_003618	1	HPCLAS_TRAIN_P_003618	0	A_clean_core	4.015786624611377	0.9822905131150308	1
layer30_mean	catboost	HPCLAS_TRAIN_P_003621	1	HPCLAS_TRAIN_P_003621	0	A_clean_core	-0.36342619456141034	0.4101304346069832	0
layer30_mean	catboost	HPCLAS_TRAIN_P_003630	1	HPCLAS_TRAIN_P_003630	0	D_hard_sample	-0.881787706066203	0.2928074593072201	0
layer30_mean	catboost	HPCLAS_TRAIN_P_003633	1	HPCLAS_TRAIN_P_003633	0	A_clean_core	4.933072627542604	0.992847198160084	1
layer30_mean	catboost	HPCLAS_TRAIN_P_003634	1	HPCLAS_TRAIN_P_003634	0	D_hard_sample	-0.8517420105499411	0.29906755878226193	0
layer30_mean	catboost	HPCLAS_TRAIN_P_003636	1	HPCLAS_TRAIN_P_003636	0	A_clean_core	3.588589412305724	0.9731059897420414	1
layer30_mean	catboost	HPCLAS_TRAIN_P_003638	1	HPCLAS_TRAIN_P_003638	0	A_clean_core	2.6357426409313947	0.9331267895542841	1
layer30_mean	catboost	HPCLAS_TRAIN_P_003646	1	HPCLAS_TRAIN_P_003646	0	A_clean_core	2.6481630030757692	0.9338976778854517	1
layer30_mean	catboost	HPCLAS_TRAIN_P_003656	1	HPCLAS_TRAIN_P_003656	0	A_clean_core	-0.7463400676415609	0.32161930418841705	0
layer30_mean	catboost	HPCLAS_TRAIN_P_003657	1	HPCLAS_TRAIN_P_003657	0	D_hard_sample	2.626891624650571	0.932572353785043	1
layer30_mean	catboost	HPCLAS_TRAIN_P_003659	1	HPCLAS_TRAIN_P_003659	0	A_clean_core	6.198521001411055	0.9979716880289241	1
layer30_mean	catboost	HPCLAS_TRAIN_P_003664	1	HPCLAS_TRAIN_P_003664	0	A_clean_core	2.429518774102368	0.919050738491253	1
layer30_mean	catboost	HPCLAS_TRAIN_P_003688	1	HPCLAS_TRAIN_P_003688	0	A_clean_core	6.763121671017127	0.9988457178228864	1
layer30_mean	catboost	HPCLAS_TRAIN_P_003693	1	HPCLAS_TRAIN_P_003693	0	A_clean_core	-1.2720148884034879	0.21891253153280502	0
layer30_mean	catboost	HPCLAS_TRAIN_P_003695	1	HPCLAS_TRAIN_P_003695	0	D_hard_sample	1.769953149161676	0.8544518446072951	1
layer30_mean	catboost	HPCLAS_TRAIN_P_003705	1	HPCLAS_TRAIN_P_003705	0	A_clean_core	1.5356806377722045	0.8228359395277017	1
layer30_mean	catboost	HPCLAS_TRAIN_P_003710	1	HPCLAS_TRAIN_P_003710	0	A_clean_core	4.50837746021971	0.9891037168428969	1
layer30_mean	catboost	HPCLAS_TRAIN_P_003715	1	HPCLAS_TRAIN_P_003715	0	A_clean_core	0.43077562082995624	0.6060588643069632	1
layer30_mean	catboost	HPCLAS_TRAIN_P_003717	1	HPCLAS_TRAIN_P_003717	0	A_clean_core	4.4402744275315635	0.9883447451120885	1
layer30_mean	catboost	HPCLAS_TRAIN_P_003719	1	HPCLAS_TRAIN_P_003719	0	A_clean_core	-0.7762986268950653	0.3151181644323612	0
layer30_mean	catboost	HPCLAS_TRAIN_P_003720	1	HPCLAS_TRAIN_P_003720	0	D_hard_sample	1.4540924528742305	0.8106274675516347	1
layer30_mean	catboost	HPCLAS_TRAIN_P_003721	1	HPCLAS_TRAIN_N_004214	0	B_ambiguous	-1.2221367185353298	0.22756064640705956	0
layer30_mean	catboost	HPCLAS_TRAIN_P_003722	1	HPCLAS_TRAIN_P_003722	0	A_clean_core	-0.2748883601604206	0.43170740559815723	0
layer30_mean	catboost	HPCLAS_TRAIN_P_003723	1	HPCLAS_TRAIN_P_003723	0	A_clean_core	2.5004007195256084	0.9241699071326716	1
layer30_mean	catboost	HPCLAS_TRAIN_P_003740	1	HPCLAS_TRAIN_P_003740	0	A_clean_core	-0.8808574888348789	0.2930001176710263	0
layer30_mean	catboost	HPCLAS_TRAIN_P_003741	1	HPCLAS_TRAIN_P_003741	0	D_hard_sample	4.221495694898985	0.9855356128766756	1
layer30_mean	catboost	HPCLAS_TRAIN_P_003753	1	HPCLAS_TRAIN_N_001599	0	B_ambiguous	2.885612091054377	0.9471305909757259	1
layer30_mean	catboost	HPCLAS_TRAIN_P_003755	1	HPCLAS_TRAIN_P_003755	0	A_clean_core	2.372781123828708	0.9147280403959541	1
layer30_mean	catboost	HPCLAS_TRAIN_P_003758	1	HPCLAS_TRAIN_P_003758	0	D_hard_sample	-0.6489585751524299	0.3432242583949471	0
layer30_mean	catboost	HPCLAS_TRAIN_P_003763	1	HPCLAS_TRAIN_P_003763	0	A_clean_core	5.41619914127844	0.9955756561830328	1
layer30_mean	catboost	HPCLAS_TRAIN_P_003766	1	HPCLAS_TRAIN_P_003766	0	A_clean_core	-0.5534759309922217	0.3650583430683224	0
layer30_mean	catboost	HPCLAS_TRAIN_P_003767	1	HPCLAS_TRAIN_P_003767	0	D_hard_sample	2.317483055826195	0.9103146647273875	1
layer30_mean	catboost	HPCLAS_TRAIN_P_003770	1	HPCLAS_TRAIN_P_003770	0	D_hard_sample	1.0849582672012923	0.7474311420743737	1
layer30_mean	catboost	HPCLAS_TRAIN_P_003775	1	HPCLAS_TRAIN_P_003775	0	D_hard_sample	-1.1965713837169403	0.23208570974066178	0
layer30_mean	catboost	HPCLAS_TRAIN_P_003793	1	HPCLAS_TRAIN_P_003793	0	D_hard_sample	-0.6894904599743329	0.3341464325479833	0
layer30_mean	catboost	HPCLAS_TRAIN_P_003804	1	HPCLAS_TRAIN_P_003804	0	A_clean_core	2.6135526454763345	0.9317287280442245	1
layer30_mean	catboost	HPCLAS_TRAIN_P_003805	1	HPCLAS_TRAIN_P_003805	0	D_hard_sample	1.4542277910674255	0.810648242522275	1
layer30_mean	catboost	HPCLAS_TRAIN_P_003806	1	HPCLAS_TRAIN_P_003806	0	A_clean_core	2.191372314138929	0.899472061966091	1
layer30_mean	catboost	HPCLAS_TRAIN_P_003809	1	HPCLAS_TRAIN_P_003809	0	A_clean_core	0.48368509561204853	0.6186176780330758	1
layer30_mean	catboost	HPCLAS_TRAIN_P_003810	1	HPCLAS_TRAIN_P_003810	0	B_ambiguous	2.0062375820965372	0.8814504300915023	1
layer30_mean	catboost	HPCLAS_TRAIN_P_003813	1	HPCLAS_TRAIN_P_003813	0	A_clean_core	5.696787272729972	0.9966544975382347	1
layer30_mean	catboost	HPCLAS_TRAIN_P_003833	1	HPCLAS_TRAIN_P_003833	0	A_clean_core	4.7582439957727765	0.9914923375340475	1
layer30_mean	catboost	HPCLAS_TRAIN_P_003834	1	HPCLAS_TRAIN_P_003834	0	A_clean_core	-0.7515554979669741	0.32048246011212483	0
layer30_mean	catboost	HPCLAS_TRAIN_P_003836	1	HPCLAS_TRAIN_P_003836	0	A_clean_core	0.5631482024142539	0.6371806601860167	1
layer30_mean	catboost	HPCLAS_TRAIN_P_003839	1	HPCLAS_TRAIN_P_003839	0	A_clean_core	5.794872796019957	0.9969661149698958	1
layer30_mean	catboost	HPCLAS_TRAIN_P_003840	1	HPCLAS_TRAIN_P_003840	0	A_clean_core	3.7319264433136143	0.9766133721235238	1
layer30_mean	catboost	HPCLAS_TRAIN_P_003845	1	HPCLAS_TRAIN_P_003845	0	A_clean_core	6.504377115585493	0.9985053644322326	1
layer30_mean	catboost	HPCLAS_TRAIN_P_003859	1	HPCLAS_TRAIN_P_003859	0	A_clean_core	1.8317161569452098	0.8619660430516886	1
layer30_mean	catboost	HPCLAS_TRAIN_P_003862	1	HPCLAS_TRAIN_P_003862	0	D_hard_sample	0.45307214434513704	0.6113694150307987	1
layer30_mean	catboost	HPCLAS_TRAIN_P_003863	1	HPCLAS_TRAIN_P_003863	0	D_hard_sample	-2.640866020513568	0.06655421406684749	0
layer30_mean	catboost	HPCLAS_TRAIN_P_003864	1	HPCLAS_TRAIN_P_003864	0	A_clean_core	5.0728878286532355	0.993774693452208	1
layer30_mean	catboost	HPCLAS_TRAIN_P_003865	1	HPCLAS_TRAIN_P_003865	0	A_clean_core	1.160614345904799	0.7614443267732184	1
layer30_mean	catboost	HPCLAS_TRAIN_P_003874	1	HPCLAS_TRAIN_P_003874	0	A_clean_core	2.887264157873458	0.947213255874718	1
layer30_mean	catboost	HPCLAS_TRAIN_P_003877	1	HPCLAS_TRAIN_P_003877	0	A_clean_core	2.2983731547690174	0.9087422147149263	1
layer30_mean	catboost	HPCLAS_TRAIN_P_003887	1	HPCLAS_TRAIN_P_003887	0	A_clean_core	2.0859890270537376	0.889533909426816	1
layer30_mean	catboost	HPCLAS_TRAIN_P_003897	1	HPCLAS_TRAIN_N_004210	0	B_ambiguous	0.047750744988095624	0.511935418470766	1
layer30_mean	catboost	HPCLAS_TRAIN_P_003898	1	HPCLAS_TRAIN_P_003898	0	A_clean_core	3.452241595061283	0.9692979195293406	1
layer30_mean	catboost	HPCLAS_TRAIN_P_003899	1	HPCLAS_TRAIN_P_003899	0	A_clean_core	1.9147176731248277	0.8715482268062728	1
layer30_mean	catboost	HPCLAS_TRAIN_P_003900	1	HPCLAS_TRAIN_P_003900	0	A_clean_core	5.179381014837424	0.99440004495201	1
layer30_mean	catboost	HPCLAS_TRAIN_P_003902	1	HPCLAS_TRAIN_P_003902	0	A_clean_core	2.041479431565541	0.8850838273456872	1
layer30_mean	catboost	HPCLAS_TRAIN_P_003939	1	HPCLAS_TRAIN_P_003939	0	A_clean_core	1.6383458140486937	0.8373097263680452	1
layer30_mean	catboost	HPCLAS_TRAIN_P_003946	1	HPCLAS_TRAIN_N_002854	0	B_ambiguous	0.4687735081814448	0.6150934211754641	1
layer30_mean	catboost	HPCLAS_TRAIN_P_003954	1	HPCLAS_TRAIN_P_003954	0	A_clean_core	1.1942724225038914	0.7675043126131511	1
layer30_mean	catboost	HPCLAS_TRAIN_P_003960	1	HPCLAS_TRAIN_P_003960	0	A_clean_core	3.241731549280895	0.9623748582311115	1
layer30_mean	catboost	HPCLAS_TRAIN_P_003962	1	HPCLAS_TRAIN_P_003962	0	A_clean_core	2.071898282685216	0.8881416872897501	1
layer30_mean	catboost	HPCLAS_TRAIN_P_003966	1	HPCLAS_TRAIN_P_003966	0	D_hard_sample	-1.2689441669267634	0.2194380468727276	0
layer30_mean	catboost	HPCLAS_TRAIN_P_003967	1	HPCLAS_TRAIN_P_003967	0	A_clean_core	1.5267136922325486	0.8215249792487012	1
layer30_mean	catboost	HPCLAS_TRAIN_P_003972	1	HPCLAS_TRAIN_P_003972	0	A_clean_core	5.224518964880265	0.9946458722704314	1
layer30_mean	catboost	HPCLAS_TRAIN_P_003981	1	HPCLAS_TRAIN_P_003981	0	A_clean_core	0.3587366108664627	0.5887345688086872	1
layer30_mean	catboost	HPCLAS_TRAIN_P_003982	1	HPCLAS_TRAIN_P_003982	0	A_clean_core	-0.8543275737943535	0.2985258388412884	0
layer30_mean	catboost	HPCLAS_TRAIN_P_003985	1	HPCLAS_TRAIN_P_003985	0	A_clean_core	0.6666996793273854	0.6607637687584051	1
layer30_mean	catboost	HPCLAS_TRAIN_P_003986	1	HPCLAS_TRAIN_P_003986	0	A_clean_core	2.970643367238896	0.9512301323534962	1
layer30_mean	catboost	HPCLAS_TRAIN_P_003992	1	HPCLAS_TRAIN_P_003992	0	A_clean_core	-1.2093154814264069	0.22982219103724275	0
layer30_mean	catboost	HPCLAS_TRAIN_P_003995	1	HPCLAS_TRAIN_P_003995	0	A_clean_core	0.321341802179641	0.5796512247709951	1
layer30_mean	catboost	HPCLAS_TRAIN_P_003996	1	HPCLAS_TRAIN_P_003996	0	A_clean_core	1.7223524304118627	0.8484315961475841	1
layer30_mean	catboost	HPCLAS_TRAIN_P_004001	1	HPCLAS_TRAIN_P_004001	0	A_clean_core	3.297155740248245	0.9643311068976859	1
layer30_mean	catboost	HPCLAS_TRAIN_P_004013	1	HPCLAS_TRAIN_P_004013	0	A_clean_core	3.5233310315365602	0.9713443673440186	1
layer30_mean	catboost	HPCLAS_TRAIN_P_004023	1	HPCLAS_TRAIN_P_004023	0	A_clean_core	4.6244445330246435	0.9902861816810674	1
layer30_mean	catboost	HPCLAS_TRAIN_P_004024	1	HPCLAS_TRAIN_P_004024	0	A_clean_core	1.6506310938992563	0.8389763263253032	1
layer30_mean	catboost	HPCLAS_TRAIN_P_004026	1	HPCLAS_TRAIN_P_004026	0	A_clean_core	1.431106001313068	0.8070735850899895	1
layer30_mean	catboost	HPCLAS_TRAIN_P_004028	1	HPCLAS_TRAIN_P_004028	0	A_clean_core	1.3313165474573514	0.7910583237873494	1
layer30_mean	catboost	HPCLAS_TRAIN_P_004030	1	HPCLAS_TRAIN_P_004030	0	D_hard_sample	1.1966669694362801	0.7679313252947538	1
layer30_mean	catboost	HPCLAS_TRAIN_P_004041	1	HPCLAS_TRAIN_P_004041	0	A_clean_core	4.3272349766227505	0.9869680672753136	1
layer30_mean	catboost	HPCLAS_TRAIN_P_004045	1	HPCLAS_TRAIN_P_004045	0	A_clean_core	1.8816537974744059	0.8678009695829554	1
layer30_mean	catboost	HPCLAS_TRAIN_P_004046	1	HPCLAS_TRAIN_P_004046	0	A_clean_core	6.679744959267557	0.9987454775156036	1
layer30_mean	catboost	HPCLAS_TRAIN_P_004053	1	HPCLAS_TRAIN_P_004053	0	D_hard_sample	-0.49014761266664564	0.37985879450146764	0
layer30_mean	catboost	HPCLAS_TRAIN_P_004060	1	HPCLAS_TRAIN_P_004060	0	A_clean_core	2.335333643184654	0.9117613854497892	1
layer30_mean	catboost	HPCLAS_TRAIN_P_004065	1	HPCLAS_TRAIN_P_004065	0	A_clean_core	2.0987828389401453	0.8907848208953305	1
layer30_mean	catboost	HPCLAS_TRAIN_P_004071	1	HPCLAS_TRAIN_P_004071	0	A_clean_core	2.2912087609063905	0.908146330518464	1
layer30_mean	catboost	HPCLAS_TRAIN_P_004072	1	HPCLAS_TRAIN_P_004072	0	A_clean_core	2.3305588188268223	0.9113764825779674	1
layer30_mean	catboost	HPCLAS_TRAIN_P_004077	1	HPCLAS_TRAIN_P_004077	0	A_clean_core	2.273032542097204	0.9066188429371045	1
layer30_mean	catboost	HPCLAS_TRAIN_P_004095	1	HPCLAS_TRAIN_P_004095	0	D_hard_sample	-1.8541658309260622	0.13538452226565748	0
layer30_mean	catboost	HPCLAS_TRAIN_P_004098	1	HPCLAS_TRAIN_P_004098	0	D_hard_sample	2.945562997448847	0.9500533638709109	1
layer30_mean	catboost	HPCLAS_TRAIN_P_004106	1	HPCLAS_TRAIN_P_004106	0	A_clean_core	2.0860816221007616	0.8895430077966188	1
layer30_mean	catboost	HPCLAS_TRAIN_P_004111	1	HPCLAS_TRAIN_P_004111	0	A_clean_core	1.893161932106457	0.8691156318615304	1
layer30_mean	catboost	HPCLAS_TRAIN_P_004118	1	HPCLAS_TRAIN_P_004118	0	A_clean_core	0.06840185032494818	0.5170937982102861	1
layer30_mean	catboost	HPCLAS_TRAIN_P_004121	1	HPCLAS_TRAIN_P_004121	0	A_clean_core	4.003261241836569	0.9820713019367769	1
layer30_mean	catboost	HPCLAS_TRAIN_P_004126	1	HPCLAS_TRAIN_P_004126	0	A_clean_core	3.4886381694519804	0.9703627561799371	1
layer30_mean	catboost	HPCLAS_TRAIN_P_004128	1	HPCLAS_TRAIN_P_004128	0	D_hard_sample	0.9400375304350407	0.7191072383270368	1
layer30_mean	catboost	HPCLAS_TRAIN_P_004133	1	HPCLAS_TRAIN_P_004133	0	A_clean_core	3.4819662442127917	0.9701702757657743	1
layer30_mean	catboost	HPCLAS_TRAIN_P_004135	1	HPCLAS_TRAIN_P_004135	0	A_clean_core	5.9514127341494785	0.9974045919139798	1
layer30_mean	catboost	HPCLAS_TRAIN_P_004147	1	HPCLAS_TRAIN_P_004147	0	A_clean_core	2.9835364837944005	0.9518247938268777	1
layer30_mean	catboost	HPCLAS_TRAIN_P_004151	1	HPCLAS_TRAIN_P_004151	0	A_clean_core	1.1313265220445898	0.7560836209506049	1
layer30_mean	catboost	HPCLAS_TRAIN_P_004160	1	HPCLAS_TRAIN_P_004160	0	A_clean_core	0.4690305781825813	0.6151542815980933	1
layer30_mean	catboost	HPCLAS_TRAIN_P_004166	1	HPCLAS_TRAIN_P_004166	0	B_ambiguous	0.28011338291387644	0.5695740210519166	1
layer30_mean	catboost	HPCLAS_TRAIN_P_004170	1	HPCLAS_TRAIN_P_004170	0	A_clean_core	4.560209511759503	0.989648409018825	1
layer30_mean	catboost	HPCLAS_TRAIN_P_004188	1	HPCLAS_TRAIN_P_004188	0	A_clean_core	3.639223525732936	0.9743998498393943	1
layer30_mean	catboost	HPCLAS_TRAIN_P_004192	1	HPCLAS_TRAIN_P_004192	0	A_clean_core	2.4933543169305645	0.9236746177074088	1
layer30_mean	catboost	HPCLAS_TRAIN_P_004194	1	HPCLAS_TRAIN_P_004194	0	A_clean_core	6.756842888683326	0.998838455980713	1
layer30_mean	catboost	HPCLAS_TRAIN_P_004195	1	HPCLAS_TRAIN_P_004195	0	A_clean_core	1.299726492182992	0.7857889485262295	1
layer30_mean	catboost	HPCLAS_TRAIN_P_004196	1	HPCLAS_TRAIN_P_004196	0	A_clean_core	0.3031597083116609	0.5752147514860346	1
layer30_mean	catboost	HPCLAS_TRAIN_P_004206	1	HPCLAS_TRAIN_P_004206	0	A_clean_core	2.8327969290463817	0.944422591464655	1
layer30_mean	catboost	HPCLAS_TRAIN_P_004210	1	HPCLAS_TRAIN_P_004210	0	A_clean_core	-1.0200653188937372	0.26501467740009055	0
layer30_mean	catboost	HPCLAS_TRAIN_P_004220	1	HPCLAS_TRAIN_P_004220	0	A_clean_core	1.4523806854385564	0.8103645534128882	1
layer30_mean	catboost	HPCLAS_TRAIN_P_004227	1	HPCLAS_TRAIN_P_004227	0	A_clean_core	4.753406634609391	0.9914514358627693	1
layer30_mean	catboost	HPCLAS_TRAIN_P_004233	1	HPCLAS_TRAIN_P_004233	0	B_ambiguous	-0.42309666540433155	0.39577598327495506	0
layer30_mean	catboost	HPCLAS_TRAIN_P_004235	1	HPCLAS_TRAIN_P_004235	0	A_clean_core	6.1639868824161725	0.9979005681556276	1
layer30_mean	catboost	HPCLAS_TRAIN_P_004246	1	HPCLAS_TRAIN_P_004246	0	A_clean_core	6.131898713859646	0.9978322571404868	1
layer30_mean	catboost	HPCLAS_TRAIN_P_004254	1	HPCLAS_TRAIN_P_004254	0	D_hard_sample	-1.5757178786315096	0.17140279001941472	0
layer30_mean	catboost	HPCLAS_TRAIN_P_004260	1	HPCLAS_TRAIN_P_004260	0	A_clean_core	1.2097753854777415	0.7702592036819683	1
layer30_mean	catboost	HPCLAS_TRAIN_P_004261	1	HPCLAS_TRAIN_P_004261	0	A_clean_core	0.06937979091242316	0.5173379935033267	1
layer30_mean	catboost	HPCLAS_TRAIN_P_004265	1	HPCLAS_TRAIN_P_004265	0	A_clean_core	4.715482610342339	0.9911239468890672	1
layer30_mean	catboost	HPCLAS_TRAIN_P_004271	1	HPCLAS_TRAIN_P_004271	0	A_clean_core	-0.020436471788997525	0.49489105986365256	0
layer30_mean	catboost	HPCLAS_TRAIN_P_004272	1	HPCLAS_TRAIN_P_004272	0	A_clean_core	5.99136360582566	0.9975059833051991	1
layer30_mean	catboost	HPCLAS_TRAIN_P_004274	1	HPCLAS_TRAIN_P_004274	0	D_hard_sample	1.5098813680552563	0.8190436249345496	1
layer30_mean	catboost	HPCLAS_TRAIN_P_004275	1	HPCLAS_TRAIN_P_004275	0	A_clean_core	-0.5859183462968297	0.35757192223685674	0
layer30_mean	catboost	HPCLAS_TRAIN_P_004283	1	HPCLAS_TRAIN_P_004283	0	A_clean_core	6.310972262721232	0.998187026351014	1
layer30_mean	catboost	HPCLAS_TRAIN_P_004285	1	HPCLAS_TRAIN_P_004285	0	A_clean_core	0.36934727124122907	0.5913012467418849	1
layer30_mean	catboost	HPCLAS_TRAIN_P_004290	1	HPCLAS_TRAIN_P_004290	0	D_hard_sample	0.40043672502670485	0.5987925834692538	1
layer30_mean	catboost	HPCLAS_TRAIN_P_004291	1	HPCLAS_TRAIN_P_004291	0	A_clean_core	1.469440330087589	0.8129723040578426	1
layer30_mean	catboost	HPCLAS_TRAIN_P_004294	1	HPCLAS_TRAIN_P_004294	0	A_clean_core	0.8670159797833381	0.7041244063345258	1
layer30_mean	catboost	HPCLAS_TRAIN_P_004303	1	HPCLAS_TRAIN_P_004303	0	D_hard_sample	3.1046856460537255	0.957085610118757	1
layer30_mean	catboost	HPCLAS_TRAIN_P_004305	1	HPCLAS_TRAIN_P_004305	0	A_clean_core	0.8150833438932416	0.69319167493859	1
layer30_mean	catboost	HPCLAS_TRAIN_P_004306	1	HPCLAS_TRAIN_P_004306	0	A_clean_core	0.8234745016888989	0.694973382226546	1
layer30_mean	catboost	HPCLAS_TRAIN_P_004311	1	HPCLAS_TRAIN_P_004311	0	D_hard_sample	1.047681445418672	0.7403294245765055	1
layer30_mean	catboost	HPCLAS_TRAIN_P_004312	1	HPCLAS_TRAIN_P_004312	0	A_clean_core	2.7039826311016055	0.9372612412635233	1
layer30_mean	catboost	HPCLAS_TRAIN_P_004316	1	HPCLAS_TRAIN_P_004316	0	A_clean_core	-0.330017158344226	0.41823644827455814	0
layer30_mean	catboost	HPCLAS_TRAIN_P_004318	1	HPCLAS_TRAIN_P_004318	0	A_clean_core	3.2755247362280286	0.9635795541510249	1
layer30_mean	catboost	HPCLAS_TRAIN_P_004323	1	HPCLAS_TRAIN_P_004323	0	A_clean_core	0.5165486248931386	0.6263403658663687	1
layer30_mean	catboost	HPCLAS_TRAIN_P_004328	1	HPCLAS_TRAIN_P_004328	0	A_clean_core	0.052166881866318446	0.5130387636442651	1
layer30_mean	catboost	HPCLAS_TRAIN_P_004330	1	HPCLAS_TRAIN_P_004330	0	A_clean_core	6.219003712702917	0.9980127290451126	1
layer30_mean	catboost	HPCLAS_TRAIN_P_004335	1	HPCLAS_TRAIN_P_004335	0	D_hard_sample	-0.8814448223688048	0.29287846570722376	0
layer30_mean	catboost	HPCLAS_TRAIN_P_004339	1	HPCLAS_TRAIN_P_004339	0	D_hard_sample	0.09720053840815324	0.524281020466838	1
layer30_mean	catboost	HPCLAS_TRAIN_P_004342	1	HPCLAS_TRAIN_P_004342	0	A_clean_core	2.0106037958471656	0.8819059207428078	1
layer30_mean	catboost	HPCLAS_TRAIN_P_004346	1	HPCLAS_TRAIN_P_004346	0	A_clean_core	1.3045393144046573	0.7865979509665352	1
layer30_mean	catboost	HPCLAS_TRAIN_P_004357	1	HPCLAS_TRAIN_P_004357	0	A_clean_core	4.669963854305364	0.9907144217871104	1
layer30_mean	catboost	HPCLAS_TRAIN_P_004358	1	HPCLAS_TRAIN_P_004358	0	A_clean_core	0.86965815452722	0.704674562087673	1
layer30_mean	catboost	HPCLAS_TRAIN_P_004365	1	HPCLAS_TRAIN_P_004365	0	A_clean_core	3.4432129410681864	0.9690280901686501	1
layer30_mean	catboost	HPCLAS_TRAIN_P_004372	1	HPCLAS_TRAIN_P_004372	0	A_clean_core	3.9183167709871194	0.9805127791853598	1
layer30_mean	catboost	HPCLAS_TRAIN_P_004373	1	HPCLAS_TRAIN_P_004373	0	B_ambiguous	-0.0505141701531575	0.4873741421114199	0
layer30_mean	catboost	HPCLAS_TRAIN_P_004380	1	HPCLAS_TRAIN_P_004380	0	A_clean_core	0.7359246107940781	0.6761040387697039	1
layer30_mean	catboost	HPCLAS_TRAIN_P_004388	1	HPCLAS_TRAIN_P_004388	0	A_clean_core	4.08475468112182	0.9834512041480554	1
layer30_mean	catboost	HPCLAS_TRAIN_P_004399	1	HPCLAS_TRAIN_P_004399	0	A_clean_core	5.659345424257744	0.9965273044243383	1
layer30_mean	catboost	HPCLAS_TRAIN_P_004412	1	HPCLAS_TRAIN_P_004412	0	A_clean_core	3.6138069370288797	0.9737581355576674	1
layer30_mean	catboost	HPCLAS_TRAIN_P_004431	1	HPCLAS_TRAIN_P_004431	0	A_clean_core	5.595161231543926	0.996297955873247	1
layer30_mean	catboost	HPCLAS_TRAIN_P_004438	1	HPCLAS_TRAIN_P_004438	0	D_hard_sample	-3.1338889794377316	0.041730811831532745	0
layer30_mean	catboost	HPCLAS_TRAIN_P_004443	1	HPCLAS_TRAIN_P_004443	0	A_clean_core	1.5919375523951638	0.8308885285132162	1
layer30_mean	catboost	HPCLAS_TRAIN_P_004446	1	HPCLAS_TRAIN_P_004446	0	A_clean_core	6.397934105677799	0.9983377741720215	1
layer30_mean	catboost	HPCLAS_TRAIN_P_004447	1	HPCLAS_TRAIN_P_004447	0	D_hard_sample	0.6690934781213479	0.661300144079844	1
layer30_mean	catboost	HPCLAS_TRAIN_P_004451	1	HPCLAS_TRAIN_P_004451	0	A_clean_core	4.928271863929898	0.992813024076995	1
layer30_mean	catboost	HPCLAS_TRAIN_P_004456	1	HPCLAS_TRAIN_P_004456	0	D_hard_sample	1.385126735016037	0.7998131143808577	1
layer30_mean	catboost	HPCLAS_TRAIN_P_004462	1	HPCLAS_TRAIN_P_004462	0	A_clean_core	-0.7701933535381923	0.31643728149479	0
layer30_mean	catboost	HPCLAS_TRAIN_P_004470	1	HPCLAS_TRAIN_P_004470	0	A_clean_core	4.016496043562363	0.9823028498469827	1
layer30_mean	catboost	HPCLAS_TRAIN_P_004475	1	HPCLAS_TRAIN_N_000931	0	B_ambiguous	1.6587398138062694	0.8400687655139908	1
layer30_mean	catboost	HPCLAS_TRAIN_P_004477	1	HPCLAS_TRAIN_P_004477	0	A_clean_core	2.038923034298598	0.8848235589661839	1
layer30_mean	catboost	HPCLAS_TRAIN_P_004480	1	HPCLAS_TRAIN_P_004480	0	A_clean_core	3.3181214198588695	0.9650452768619581	1
layer30_mean	catboost	HPCLAS_TRAIN_P_004505	1	HPCLAS_TRAIN_P_004505	0	A_clean_core	3.288102564824474	0.964018395835569	1
layer30_mean	catboost	HPCLAS_TRAIN_P_004508	1	HPCLAS_TRAIN_P_004508	0	A_clean_core	4.52642184888348	0.9892964847011038	1
layer30_mean	catboost	HPCLAS_TRAIN_P_004519	1	HPCLAS_TRAIN_P_004519	0	D_hard_sample	-1.4889629954566372	0.1840774271449509	0
layer30_mean	catboost	HPCLAS_TRAIN_P_004521	1	HPCLAS_TRAIN_P_004521	0	A_clean_core	3.8282005441073714	0.9787142220507075	1
layer30_mean	catboost	HPCLAS_TRAIN_P_004524	1	HPCLAS_TRAIN_P_004524	0	A_clean_core	4.057929950599846	0.9830089242874835	1
layer30_mean	catboost	HPCLAS_TRAIN_P_004536	1	HPCLAS_TRAIN_N_003610	0	B_ambiguous	1.090920729761728	0.748555061370958	1
layer30_mean	catboost	HPCLAS_TRAIN_P_004538	1	HPCLAS_TRAIN_P_004538	0	A_clean_core	1.325770767547604	0.7901402096491149	1
layer30_mean	catboost	HPCLAS_TRAIN_P_004542	1	HPCLAS_TRAIN_P_004542	0	A_clean_core	2.9865733893408546	0.9519638582499611	1
layer30_mean	catboost	HPCLAS_TRAIN_P_004543	1	HPCLAS_TRAIN_P_004543	0	A_clean_core	2.558513575909978	0.928143386364136	1
layer30_mean	catboost	HPCLAS_TRAIN_P_004545	1	HPCLAS_TRAIN_P_006015	0	A_clean_core	3.9279209714364534	0.9806954467439679	1
layer30_mean	catboost	HPCLAS_TRAIN_P_004546	1	HPCLAS_TRAIN_P_004546	0	A_clean_core	1.583811179172129	0.8297435968734699	1
layer30_mean	catboost	HPCLAS_TRAIN_P_004553	1	HPCLAS_TRAIN_P_004553	0	A_clean_core	1.163278736735229	0.7619279678264612	1
layer30_mean	catboost	HPCLAS_TRAIN_P_004555	1	HPCLAS_TRAIN_P_004555	0	A_clean_core	0.612379820884537	0.6484834800792183	1
layer30_mean	catboost	HPCLAS_TRAIN_P_004556	1	HPCLAS_TRAIN_P_004556	0	A_clean_core	2.7049347171975024	0.9373172031062229	1
layer30_mean	catboost	HPCLAS_TRAIN_P_004563	1	HPCLAS_TRAIN_P_004563	0	A_clean_core	1.5572938152111726	0.8259646900645766	1
layer30_mean	catboost	HPCLAS_TRAIN_P_004572	1	HPCLAS_TRAIN_P_004572	0	A_clean_core	6.245189613020384	0.9980639926561979	1
layer30_mean	catboost	HPCLAS_TRAIN_P_004573	1	HPCLAS_TRAIN_P_004573	0	A_clean_core	4.02074208026724	0.982376511822358	1
layer30_mean	catboost	HPCLAS_TRAIN_P_004583	1	HPCLAS_TRAIN_P_004583	0	A_clean_core	4.334385751028131	0.9870597217116727	1
layer30_mean	catboost	HPCLAS_TRAIN_P_004585	1	HPCLAS_TRAIN_P_004585	0	A_clean_core	4.727550120922475	0.9912294812779016	1
layer30_mean	catboost	HPCLAS_TRAIN_P_004586	1	HPCLAS_TRAIN_P_004586	0	A_clean_core	3.356898473382379	0.9663300102740967	1
layer30_mean	catboost	HPCLAS_TRAIN_P_004590	1	HPCLAS_TRAIN_P_004590	0	A_clean_core	1.7776163389506394	0.8554022824375677	1
layer30_mean	catboost	HPCLAS_TRAIN_P_004593	1	HPCLAS_TRAIN_P_004593	0	A_clean_core	2.060335220192181	0.8869877769137496	1
layer30_mean	catboost	HPCLAS_TRAIN_P_004595	1	HPCLAS_TRAIN_P_004595	0	D_hard_sample	2.771749568918978	0.9411299950697037	1
layer30_mean	catboost	HPCLAS_TRAIN_P_004600	1	HPCLAS_TRAIN_P_004600	0	A_clean_core	3.433923830262981	0.9687480813874512	1
layer30_mean	catboost	HPCLAS_TRAIN_P_004604	1	HPCLAS_TRAIN_P_004604	0	A_clean_core	1.1745459033524202	0.763965725953698	1
layer30_mean	catboost	HPCLAS_TRAIN_P_004612	1	HPCLAS_TRAIN_P_004612	0	A_clean_core	0.014149306464446034	0.503537267602047	1
layer30_mean	catboost	HPCLAS_TRAIN_P_004615	1	HPCLAS_TRAIN_P_004615	0	A_clean_core	3.9790688097662663	0.9816403343687858	1
layer30_mean	catboost	HPCLAS_TRAIN_P_004618	1	HPCLAS_TRAIN_P_004618	0	A_clean_core	1.8717428986606366	0.8666598165877138	1
layer30_mean	catboost	HPCLAS_TRAIN_P_004626	1	HPCLAS_TRAIN_P_004626	0	A_clean_core	1.549369330634078	0.8248226249206173	1
layer30_mean	catboost	HPCLAS_TRAIN_P_004635	1	HPCLAS_TRAIN_P_004635	0	A_clean_core	2.17210540903103	0.8977164505777919	1
layer30_mean	catboost	HPCLAS_TRAIN_P_004641	1	HPCLAS_TRAIN_P_004641	0	D_hard_sample	0.9122696942401058	0.7134643877703004	1
layer30_mean	catboost	HPCLAS_TRAIN_P_004653	1	HPCLAS_TRAIN_P_004653	0	D_hard_sample	1.836092465460818	0.8624859144481886	1
layer30_mean	catboost	HPCLAS_TRAIN_P_004657	1	HPCLAS_TRAIN_P_004657	0	D_hard_sample	0.11988328992482966	0.5299349789316286	1
layer30_mean	catboost	HPCLAS_TRAIN_P_004669	1	HPCLAS_TRAIN_P_004669	0	A_clean_core	1.4186269976356372	0.8051230827133066	1
layer30_mean	catboost	HPCLAS_TRAIN_P_004673	1	HPCLAS_TRAIN_P_004673	0	A_clean_core	1.9013054478739368	0.8700392052342009	1
layer30_mean	catboost	HPCLAS_TRAIN_P_004686	1	HPCLAS_TRAIN_P_004686	0	A_clean_core	2.3432770238374783	0.9123983640055238	1
layer30_mean	catboost	HPCLAS_TRAIN_P_004692	1	HPCLAS_TRAIN_P_004692	0	A_clean_core	1.8714044898438775	0.866620705016318	1
layer30_mean	catboost	HPCLAS_TRAIN_P_004695	1	HPCLAS_TRAIN_P_004695	0	A_clean_core	1.536428925567933	0.8229449962944976	1
layer30_mean	catboost	HPCLAS_TRAIN_P_004696	1	HPCLAS_TRAIN_P_004696	0	A_clean_core	6.372106210347517	0.9982943573343686	1
layer30_mean	catboost	HPCLAS_TRAIN_P_004715	1	HPCLAS_TRAIN_P_004715	0	A_clean_core	1.2522530633772597	0.7776896335461023	1
layer30_mean	catboost	HPCLAS_TRAIN_P_004717	1	HPCLAS_TRAIN_P_004717	0	A_clean_core	3.5325194850540202	0.9715990185702283	1
layer30_mean	catboost	HPCLAS_TRAIN_P_004723	1	HPCLAS_TRAIN_P_004723	0	A_clean_core	0.6517906757499794	0.6574138738325755	1
layer30_mean	catboost	HPCLAS_TRAIN_P_004726	1	HPCLAS_TRAIN_P_004726	0	A_clean_core	4.5958923889212695	0.9900076452395482	1
layer30_mean	catboost	HPCLAS_TRAIN_P_004739	1	HPCLAS_TRAIN_P_004739	0	D_hard_sample	1.0096562118569594	0.7329528639562168	1
layer30_mean	catboost	HPCLAS_TRAIN_P_004745	1	HPCLAS_TRAIN_P_004745	0	A_clean_core	2.9839721718596466	0.9518447680900454	1
layer30_mean	catboost	HPCLAS_TRAIN_P_004750	1	HPCLAS_TRAIN_P_004750	0	A_clean_core	3.5968889106146076	0.9733223428473964	1
layer30_mean	catboost	HPCLAS_TRAIN_P_004751	1	HPCLAS_TRAIN_P_004751	0	A_clean_core	5.916921925065191	0.9973137571784662	1
layer30_mean	catboost	HPCLAS_TRAIN_P_004756	1	HPCLAS_TRAIN_P_004756	0	A_clean_core	0.3741295197119484	0.5924564378429075	1
layer30_mean	catboost	HPCLAS_TRAIN_P_004766	1	HPCLAS_TRAIN_P_004766	0	A_clean_core	2.6489052295451234	0.9339434828538348	1
layer30_mean	catboost	HPCLAS_TRAIN_P_004779	1	HPCLAS_TRAIN_P_004779	0	A_clean_core	5.611559712108263	0.9963579494247262	1
layer30_mean	catboost	HPCLAS_TRAIN_P_004785	1	HPCLAS_TRAIN_P_004785	0	A_clean_core	1.514795558907629	0.8197708212958221	1
layer30_mean	catboost	HPCLAS_TRAIN_P_004789	1	HPCLAS_TRAIN_P_004789	0	A_clean_core	3.0310266392501015	0.9539562877674106	1
layer30_mean	catboost	HPCLAS_TRAIN_P_004793	1	HPCLAS_TRAIN_P_004793	0	A_clean_core	3.6535973899980574	0.9747559682684032	1
layer30_mean	catboost	HPCLAS_TRAIN_P_004797	1	HPCLAS_TRAIN_P_004797	0	A_clean_core	3.448011120246112	0.9691717726137432	1
layer30_mean	catboost	HPCLAS_TRAIN_P_004803	1	HPCLAS_TRAIN_P_004803	0	A_clean_core	2.3553672462844544	0.9133599004190601	1
layer30_mean	catboost	HPCLAS_TRAIN_P_004805	1	HPCLAS_TRAIN_P_004805	0	A_clean_core	2.9953929533477948	0.9523655613470627	1
layer30_mean	catboost	HPCLAS_TRAIN_P_004812	1	HPCLAS_TRAIN_P_004812	0	A_clean_core	-0.8774639608382908	0.2937035840361806	0
layer30_mean	catboost	HPCLAS_TRAIN_P_004823	1	HPCLAS_TRAIN_P_004823	0	A_clean_core	2.1234257651880215	0.8931592764142031	1
layer30_mean	catboost	HPCLAS_TRAIN_P_004829	1	HPCLAS_TRAIN_P_004829	0	D_hard_sample	-0.3358307316939997	0.41682259633359875	0
layer30_mean	catboost	HPCLAS_TRAIN_P_004843	1	HPCLAS_TRAIN_P_004843	0	D_hard_sample	0.8496830220219742	0.7005006448821615	1
layer30_mean	catboost	HPCLAS_TRAIN_P_004869	1	HPCLAS_TRAIN_P_004869	0	A_clean_core	1.477256293850662	0.8141578023716464	1
layer30_mean	catboost	HPCLAS_TRAIN_P_004876	1	HPCLAS_TRAIN_P_004876	0	A_clean_core	-1.071668517309297	0.2550859078346026	0
layer30_mean	catboost	HPCLAS_TRAIN_P_004877	1	HPCLAS_TRAIN_P_004877	0	B_ambiguous	-0.8911357597213272	0.29087550211597524	0
layer30_mean	catboost	HPCLAS_TRAIN_P_004896	1	HPCLAS_TRAIN_P_004896	0	A_clean_core	0.3892738039118162	0.5961078701561998	1
layer30_mean	catboost	HPCLAS_TRAIN_P_004900	1	HPCLAS_TRAIN_P_004900	0	A_clean_core	2.907742132718275	0.9482278338554723	1
layer30_mean	catboost	HPCLAS_TRAIN_P_004903	1	HPCLAS_TRAIN_P_004903	0	A_clean_core	3.7345595199339847	0.9766734353748778	1
layer30_mean	catboost	HPCLAS_TRAIN_P_004908	1	HPCLAS_TRAIN_P_004908	0	A_clean_core	6.197862143801858	0.9979703539330624	1
layer30_mean	catboost	HPCLAS_TRAIN_P_004918	1	HPCLAS_TRAIN_P_004918	0	A_clean_core	4.080057434476784	0.9833745829151718	1
layer30_mean	catboost	HPCLAS_TRAIN_P_004921	1	HPCLAS_TRAIN_P_004921	0	D_hard_sample	-0.8461613455657603	0.30023872234910487	0
layer30_mean	catboost	HPCLAS_TRAIN_P_004925	1	HPCLAS_TRAIN_P_004925	0	A_clean_core	5.687683277900734	0.9966240043309095	1
layer30_mean	catboost	HPCLAS_TRAIN_P_004930	1	HPCLAS_TRAIN_P_004930	0	A_clean_core	3.1496010409275157	0.9588929988225103	1
layer30_mean	catboost	HPCLAS_TRAIN_P_004932	1	HPCLAS_TRAIN_P_004932	0	A_clean_core	5.426015868942266	0.9956186869136042	1
layer30_mean	catboost	HPCLAS_TRAIN_P_004945	1	HPCLAS_TRAIN_P_004945	0	A_clean_core	2.582834792409386	0.9297486523983776	1
layer30_mean	catboost	HPCLAS_TRAIN_P_004947	1	HPCLAS_TRAIN_P_004947	0	A_clean_core	5.3877265699865164	0.9954484548259646	1
layer30_mean	catboost	HPCLAS_TRAIN_P_004949	1	HPCLAS_TRAIN_P_004949	0	D_hard_sample	1.1297606955549393	0.7557947336033968	1
layer30_mean	catboost	HPCLAS_TRAIN_P_004971	1	HPCLAS_TRAIN_P_004971	0	A_clean_core	3.7822980818529763	0.9777366402217709	1
layer30_mean	catboost	HPCLAS_TRAIN_P_004976	1	HPCLAS_TRAIN_P_004976	0	A_clean_core	2.224043983503839	0.9023879856777061	1
layer30_mean	catboost	HPCLAS_TRAIN_P_004981	1	HPCLAS_TRAIN_P_004981	0	A_clean_core	-0.6582105481348836	0.3411417015718935	0
layer30_mean	catboost	HPCLAS_TRAIN_P_004984	1	HPCLAS_TRAIN_P_004984	0	A_clean_core	0.059408832797083866	0.51484784144685	1
layer30_mean	catboost	HPCLAS_TRAIN_P_004986	1	HPCLAS_TRAIN_P_004986	0	B_ambiguous	-0.1608647950571811	0.459870301898266	0
layer30_mean	catboost	HPCLAS_TRAIN_P_004991	1	HPCLAS_TRAIN_P_004991	0	A_clean_core	-0.30693550545009723	0.4238629229233215	0
layer30_mean	catboost	HPCLAS_TRAIN_P_004992	1	HPCLAS_TRAIN_P_004992	0	D_hard_sample	-0.3260642466789835	0.4191985595814594	0
layer30_mean	catboost	HPCLAS_TRAIN_P_005009	1	HPCLAS_TRAIN_P_005009	0	A_clean_core	4.344336786671454	0.987186210470259	1
layer30_mean	catboost	HPCLAS_TRAIN_P_005011	1	HPCLAS_TRAIN_P_005011	0	A_clean_core	0.7178378608359312	0.6721307217150434	1
layer30_mean	catboost	HPCLAS_TRAIN_P_005026	1	HPCLAS_TRAIN_P_005026	0	A_clean_core	1.1255454706682166	0.7550158949167164	1
layer30_mean	catboost	HPCLAS_TRAIN_P_005034	1	HPCLAS_TRAIN_P_005034	0	A_clean_core	1.520168556076553	0.8205632999906063	1
layer30_mean	catboost	HPCLAS_TRAIN_P_005037	1	HPCLAS_TRAIN_P_005037	0	A_clean_core	3.9277453628295818	0.9806921218609232	1
layer30_mean	catboost	HPCLAS_TRAIN_P_005038	1	HPCLAS_TRAIN_P_005038	0	A_clean_core	2.2264955391386714	0.9026037153607926	1
layer30_mean	catboost	HPCLAS_TRAIN_P_005045	1	HPCLAS_TRAIN_P_005045	0	A_clean_core	5.03591907659276	0.9935417588265595	1
layer30_mean	catboost	HPCLAS_TRAIN_P_005046	1	HPCLAS_TRAIN_P_005046	0	A_clean_core	4.450788122889208	0.9884652369267225	1
layer30_mean	catboost	HPCLAS_TRAIN_P_005047	1	HPCLAS_TRAIN_P_005047	0	A_clean_core	1.8540056058177634	0.8645967213999072	1
layer30_mean	catboost	HPCLAS_TRAIN_P_005049	1	HPCLAS_TRAIN_N_000579	0	B_ambiguous	0.7548884572608994	0.6802429352481584	1
layer30_mean	catboost	HPCLAS_TRAIN_P_005058	1	HPCLAS_TRAIN_P_005058	0	A_clean_core	3.3907385797406064	0.9674138359465607	1
layer30_mean	catboost	HPCLAS_TRAIN_P_005067	1	HPCLAS_TRAIN_P_005067	0	A_clean_core	5.918673458472712	0.9973184454986035	1
layer30_mean	catboost	HPCLAS_TRAIN_P_005068	1	HPCLAS_TRAIN_P_005068	0	A_clean_core	3.8201698813545337	0.9785462769699025	1
layer30_mean	catboost	HPCLAS_TRAIN_P_005073	1	HPCLAS_TRAIN_P_005073	0	D_hard_sample	1.0573050047025063	0.7421751914447308	1
layer30_mean	catboost	HPCLAS_TRAIN_P_005079	1	HPCLAS_TRAIN_P_005079	0	A_clean_core	0.2195577015920091	0.5546699850934097	1
layer30_mean	catboost	HPCLAS_TRAIN_P_005085	1	HPCLAS_TRAIN_P_005085	0	B_ambiguous	1.4201077399783444	0.8053553060823495	1
layer30_mean	catboost	HPCLAS_TRAIN_P_005090	1	HPCLAS_TRAIN_P_005090	0	B_ambiguous	0.41666243336149317	0.602684324288907	1
layer30_mean	catboost	HPCLAS_TRAIN_P_005091	1	HPCLAS_TRAIN_P_005091	0	A_clean_core	5.394695021729499	0.995479918929082	1
layer30_mean	catboost	HPCLAS_TRAIN_P_005094	1	HPCLAS_TRAIN_P_005094	0	A_clean_core	-0.8932608449675542	0.2904373621532002	0
layer30_mean	catboost	HPCLAS_TRAIN_P_005097	1	HPCLAS_TRAIN_P_005097	0	A_clean_core	2.772771935801385	0.9411866130797633	1
layer30_mean	catboost	HPCLAS_TRAIN_P_005099	1	HPCLAS_TRAIN_P_005099	0	A_clean_core	4.752169778449815	0.9914409465308189	1
layer30_mean	catboost	HPCLAS_TRAIN_P_005102	1	HPCLAS_TRAIN_P_005102	0	A_clean_core	1.3602143535055289	0.7957945335682508	1
layer30_mean	catboost	HPCLAS_TRAIN_P_005126	1	HPCLAS_TRAIN_P_005126	0	A_clean_core	2.442290727919682	0.9199958556737067	1
layer30_mean	catboost	HPCLAS_TRAIN_P_005134	1	HPCLAS_TRAIN_P_005134	0	A_clean_core	1.7484489578157278	0.851757063406181	1
layer30_mean	catboost	HPCLAS_TRAIN_P_005139	1	HPCLAS_TRAIN_P_005139	0	A_clean_core	0.908120231242937	0.712615349959798	1
layer30_mean	catboost	HPCLAS_TRAIN_P_005141	1	HPCLAS_TRAIN_P_005141	0	A_clean_core	0.8917750116242574	0.7092563367915933	1
layer30_mean	catboost	HPCLAS_TRAIN_P_005144	1	HPCLAS_TRAIN_P_005144	0	A_clean_core	5.328218642497344	0.9951707283162073	1
layer30_mean	catboost	HPCLAS_TRAIN_P_005149	1	HPCLAS_TRAIN_P_005149	0	D_hard_sample	0.19087491757170197	0.5475743763248955	1
layer30_mean	catboost	HPCLAS_TRAIN_P_005155	1	HPCLAS_TRAIN_P_005155	0	A_clean_core	5.338420738944198	0.9952195122111662	1
layer30_mean	catboost	HPCLAS_TRAIN_P_005168	1	HPCLAS_TRAIN_P_005168	0	A_clean_core	3.384369741731941	0.967212463968382	1
layer30_mean	catboost	HPCLAS_TRAIN_P_005171	1	HPCLAS_TRAIN_P_005171	0	A_clean_core	1.6282759604179007	0.8359333257378161	1
layer30_mean	catboost	HPCLAS_TRAIN_P_005188	1	HPCLAS_TRAIN_P_005188	0	A_clean_core	2.3175213067288305	0.9103177875538211	1
layer30_mean	catboost	HPCLAS_TRAIN_P_005192	1	HPCLAS_TRAIN_P_005192	0	A_clean_core	1.7108737253970738	0.846949576091873	1
layer30_mean	catboost	HPCLAS_TRAIN_P_005196	1	HPCLAS_TRAIN_P_005196	0	A_clean_core	1.2797061408129782	0.7823997509364214	1
layer30_mean	catboost	HPCLAS_TRAIN_P_005198	1	HPCLAS_TRAIN_P_004585	0	A_clean_core	5.168966932424464	0.9943417535395102	1
layer30_mean	catboost	HPCLAS_TRAIN_P_005200	1	HPCLAS_TRAIN_P_005200	0	A_clean_core	0.4786829962455399	0.6174368353215631	1
layer30_mean	catboost	HPCLAS_TRAIN_P_005213	1	HPCLAS_TRAIN_P_005213	0	A_clean_core	7.693563514057527	0.999544456415752	1
layer30_mean	catboost	HPCLAS_TRAIN_P_005215	1	HPCLAS_TRAIN_P_005215	0	A_clean_core	4.99179820306401	0.9932524018642888	1
layer30_mean	catboost	HPCLAS_TRAIN_P_005218	1	HPCLAS_TRAIN_P_005218	0	A_clean_core	3.4461213755903004	0.9691152610233715	1
layer30_mean	catboost	HPCLAS_TRAIN_P_005224	1	HPCLAS_TRAIN_P_005224	0	D_hard_sample	0.32173679481211415	0.5797474639413063	1
layer30_mean	catboost	HPCLAS_TRAIN_P_005237	1	HPCLAS_TRAIN_P_005237	0	A_clean_core	0.10489267017560883	0.5261991506619488	1
layer30_mean	catboost	HPCLAS_TRAIN_P_005238	1	HPCLAS_TRAIN_P_005238	0	A_clean_core	7.357596659541885	0.9993626771395975	1
layer30_mean	catboost	HPCLAS_TRAIN_P_005247	1	HPCLAS_TRAIN_P_005247	0	A_clean_core	6.098240764727169	0.997758219945106	1
layer30_mean	catboost	HPCLAS_TRAIN_P_005256	1	HPCLAS_TRAIN_P_005256	0	A_clean_core	-0.5888618189764071	0.3568960484761355	0
layer30_mean	catboost	HPCLAS_TRAIN_P_005257	1	HPCLAS_TRAIN_P_005257	0	A_clean_core	3.2643022655307776	0.9631836572968641	1
layer30_mean	catboost	HPCLAS_TRAIN_P_005259	1	HPCLAS_TRAIN_P_005259	0	A_clean_core	2.038805789317631	0.8848116098939282	1
layer30_mean	catboost	HPCLAS_TRAIN_P_005261	1	HPCLAS_TRAIN_P_005261	0	A_clean_core	1.939667541194366	0.8743156148572298	1
layer30_mean	catboost	HPCLAS_TRAIN_P_005265	1	HPCLAS_TRAIN_P_005265	0	A_clean_core	2.1066776239736145	0.8915505163417928	1
layer30_mean	catboost	HPCLAS_TRAIN_P_005280	1	HPCLAS_TRAIN_P_005280	0	A_clean_core	3.2221102513039273	0.9616578994981609	1
layer30_mean	catboost	HPCLAS_TRAIN_P_005283	1	HPCLAS_TRAIN_P_005283	0	A_clean_core	0.9530318294254169	0.7217244944691482	1
layer30_mean	catboost	HPCLAS_TRAIN_P_005291	1	HPCLAS_TRAIN_P_005291	0	D_hard_sample	2.0198339101186784	0.8828638339840723	1
layer30_mean	catboost	HPCLAS_TRAIN_P_005293	1	HPCLAS_TRAIN_P_005293	0	A_clean_core	-0.9279943206952376	0.2833318004576965	0
layer30_mean	catboost	HPCLAS_TRAIN_P_005294	1	HPCLAS_TRAIN_P_005294	0	A_clean_core	6.062264870377154	0.9976762924382782	1
layer30_mean	catboost	HPCLAS_TRAIN_P_005312	1	HPCLAS_TRAIN_P_005312	0	A_clean_core	-0.6922014458843637	0.33354352971057394	0
layer30_mean	catboost	HPCLAS_TRAIN_P_005315	1	HPCLAS_TRAIN_P_005315	0	A_clean_core	2.7304828495710285	0.9388015842967823	1
layer30_mean	catboost	HPCLAS_TRAIN_P_005318	1	HPCLAS_TRAIN_P_005318	0	A_clean_core	3.5080955703380954	0.9709172370676526	1
layer30_mean	catboost	HPCLAS_TRAIN_P_005323	1	HPCLAS_TRAIN_P_005323	0	A_clean_core	2.6977348257002864	0.9368928487970384	1
layer30_mean	catboost	HPCLAS_TRAIN_P_005333	1	HPCLAS_TRAIN_P_005333	0	A_clean_core	4.6616108910706275	0.9906372640879905	1
layer30_mean	catboost	HPCLAS_TRAIN_P_005344	1	HPCLAS_TRAIN_P_005344	0	A_clean_core	1.5724500541236395	0.8281326024045115	1
layer30_mean	catboost	HPCLAS_TRAIN_P_005347	1	HPCLAS_TRAIN_P_005347	0	A_clean_core	5.223831996568766	0.994642212604016	1
layer30_mean	catboost	HPCLAS_TRAIN_P_005349	1	HPCLAS_TRAIN_P_005349	0	D_hard_sample	1.6948849453844366	0.8448654980180442	1
layer30_mean	catboost	HPCLAS_TRAIN_P_005350	1	HPCLAS_TRAIN_P_005350	0	A_clean_core	2.4509465789253815	0.9206306447513349	1
layer30_mean	catboost	HPCLAS_TRAIN_P_005360	1	HPCLAS_TRAIN_P_005360	0	D_hard_sample	-1.069451809857154	0.2555073487573306	0
layer30_mean	catboost	HPCLAS_TRAIN_P_005370	1	HPCLAS_TRAIN_P_005370	0	D_hard_sample	3.217829298567255	0.96149973994325	1
layer30_mean	catboost	HPCLAS_TRAIN_P_005373	1	HPCLAS_TRAIN_P_005373	0	D_hard_sample	2.290051950971431	0.9080497878265645	1
layer30_mean	catboost	HPCLAS_TRAIN_P_005381	1	HPCLAS_TRAIN_P_005381	0	A_clean_core	2.701860036118687	0.9371363112409473	1
layer30_mean	catboost	HPCLAS_TRAIN_P_005383	1	HPCLAS_TRAIN_P_005383	0	A_clean_core	4.542333563330541	0.989463667910869	1
layer30_mean	catboost	HPCLAS_TRAIN_P_005387	1	HPCLAS_TRAIN_P_005387	0	D_hard_sample	0.6703049620872149	0.6615714419525492	1
layer30_mean	catboost	HPCLAS_TRAIN_P_005402	1	HPCLAS_TRAIN_P_005402	0	D_hard_sample	0.444289192444791	0.6092805835283194	1
layer30_mean	catboost	HPCLAS_TRAIN_P_005405	1	HPCLAS_TRAIN_P_005405	0	A_clean_core	1.2158716580593432	0.7713362220485943	1
layer30_mean	catboost	HPCLAS_TRAIN_P_005406	1	HPCLAS_TRAIN_P_005406	0	A_clean_core	3.0809120327221065	0.9560984823527088	1
layer30_mean	catboost	HPCLAS_TRAIN_P_005416	1	HPCLAS_TRAIN_P_005416	0	A_clean_core	6.009986439127282	0.9975518865076417	1
layer30_mean	catboost	HPCLAS_TRAIN_P_005419	1	HPCLAS_TRAIN_P_005419	0	A_clean_core	1.3947604598888719	0.8013511360773984	1
layer30_mean	catboost	HPCLAS_TRAIN_P_005424	1	HPCLAS_TRAIN_P_005424	0	A_clean_core	2.4279695299349386	0.9189354053281559	1
layer30_mean	catboost	HPCLAS_TRAIN_P_005432	1	HPCLAS_TRAIN_P_005432	0	A_clean_core	7.164026864527827	0.9992266667555819	1
layer30_mean	catboost	HPCLAS_TRAIN_P_005433	1	HPCLAS_TRAIN_P_005433	0	A_clean_core	1.1984085777065165	0.7682415573472378	1
layer30_mean	catboost	HPCLAS_TRAIN_P_005443	1	HPCLAS_TRAIN_P_005443	0	A_clean_core	5.100262975321475	0.9939417822241688	1
layer30_mean	catboost	HPCLAS_TRAIN_P_005450	1	HPCLAS_TRAIN_P_005450	0	A_clean_core	0.019778514347287564	0.5049444674025084	1
layer30_mean	catboost	HPCLAS_TRAIN_P_005453	1	HPCLAS_TRAIN_P_005453	0	A_clean_core	5.490230033746766	0.9958900665228495	1
layer30_mean	catboost	HPCLAS_TRAIN_P_005471	1	HPCLAS_TRAIN_P_005471	0	A_clean_core	0.7234626621258088	0.6733690626544617	1
layer30_mean	catboost	HPCLAS_TRAIN_P_005474	1	HPCLAS_TRAIN_P_005474	0	A_clean_core	0.006691415855259637	0.501672847722	1
layer30_mean	catboost	HPCLAS_TRAIN_P_005485	1	HPCLAS_TRAIN_P_005485	0	D_hard_sample	-1.0370047813980856	0.2617283366842026	0
layer30_mean	catboost	HPCLAS_TRAIN_P_005489	1	HPCLAS_TRAIN_P_005489	0	D_hard_sample	0.9344721043537556	0.7179816970731262	1
layer30_mean	catboost	HPCLAS_TRAIN_P_005496	1	HPCLAS_TRAIN_P_005496	0	A_clean_core	2.632034957398119	0.932895053833035	1
layer30_mean	catboost	HPCLAS_TRAIN_P_005497	1	HPCLAS_TRAIN_P_005497	0	D_hard_sample	0.533601547055066	0.6303227231873492	1
layer30_mean	catboost	HPCLAS_TRAIN_P_005509	1	HPCLAS_TRAIN_P_005509	0	A_clean_core	2.117687202747022	0.8926104328200898	1
layer30_mean	catboost	HPCLAS_TRAIN_P_005511	1	HPCLAS_TRAIN_P_005511	0	A_clean_core	0.6801218390891581	0.6637658900841532	1
layer30_mean	catboost	HPCLAS_TRAIN_P_005524	1	HPCLAS_TRAIN_P_005524	0	A_clean_core	-0.5552463483004378	0.3646480748355023	0
layer30_mean	catboost	HPCLAS_TRAIN_P_005532	1	HPCLAS_TRAIN_P_005532	0	A_clean_core	1.805982778095564	0.8588756554003117	1
layer30_mean	catboost	HPCLAS_TRAIN_P_005537	1	HPCLAS_TRAIN_P_005537	0	A_clean_core	3.277982706036234	0.9636657159143798	1
layer30_mean	catboost	HPCLAS_TRAIN_P_005539	1	HPCLAS_TRAIN_P_005539	0	A_clean_core	0.5906219643311456	0.6435078404644721	1
layer30_mean	catboost	HPCLAS_TRAIN_P_005540	1	HPCLAS_TRAIN_P_005540	0	D_hard_sample	-0.5156824931315851	0.3738623641473529	0
layer30_mean	catboost	HPCLAS_TRAIN_P_005545	1	HPCLAS_TRAIN_P_005545	0	A_clean_core	1.6411845622972858	0.8376960565684618	1
layer30_mean	catboost	HPCLAS_TRAIN_P_005557	1	HPCLAS_TRAIN_P_005557	0	A_clean_core	5.279811723824182	0.9949324214856802	1
layer30_mean	catboost	HPCLAS_TRAIN_P_005559	1	HPCLAS_TRAIN_P_005559	0	A_clean_core	-0.16685182655607733	0.45838354714056023	0
layer30_mean	catboost	HPCLAS_TRAIN_P_005569	1	HPCLAS_TRAIN_P_005569	0	A_clean_core	0.2397810867784621	0.5596597008400366	1
layer30_mean	catboost	HPCLAS_TRAIN_P_005573	1	HPCLAS_TRAIN_P_005573	0	A_clean_core	0.9575331458541955	0.7226276280775519	1
layer30_mean	catboost	HPCLAS_TRAIN_P_005574	1	HPCLAS_TRAIN_P_005574	0	B_ambiguous	-2.554269866343276	0.07214015512510502	0
layer30_mean	catboost	HPCLAS_TRAIN_P_005580	1	HPCLAS_TRAIN_P_005580	0	A_clean_core	5.096709740138288	0.9939203487673441	1
layer30_mean	catboost	HPCLAS_TRAIN_P_005581	1	HPCLAS_TRAIN_P_005581	0	A_clean_core	1.1051571688722488	0.7512251560400576	1
layer30_mean	catboost	HPCLAS_TRAIN_P_005586	1	HPCLAS_TRAIN_P_005586	0	A_clean_core	5.939227103609342	0.9973728553454788	1
layer30_mean	catboost	HPCLAS_TRAIN_P_005599	1	HPCLAS_TRAIN_P_005599	0	A_clean_core	-1.9199002839156294	0.12787268637005514	0
layer30_mean	catboost	HPCLAS_TRAIN_P_005604	1	HPCLAS_TRAIN_P_005604	0	A_clean_core	4.970746853427264	0.9931098392337301	1
layer30_mean	catboost	HPCLAS_TRAIN_P_005611	1	HPCLAS_TRAIN_P_005611	0	D_hard_sample	3.9602590496752104	0.9812982447179761	1
layer30_mean	catboost	HPCLAS_TRAIN_P_005618	1	HPCLAS_TRAIN_P_005618	0	A_clean_core	0.408480750977694	0.60072353554788	1
layer30_mean	catboost	HPCLAS_TRAIN_P_005625	1	HPCLAS_TRAIN_P_005625	0	D_hard_sample	3.2188254902979434	0.9615366000096298	1
layer30_mean	catboost	HPCLAS_TRAIN_P_005630	1	HPCLAS_TRAIN_P_005630	0	A_clean_core	2.6809797210694417	0.9358949276679053	1
layer30_mean	catboost	HPCLAS_TRAIN_P_005633	1	HPCLAS_TRAIN_P_005633	0	A_clean_core	2.6270590743183804	0.9325828824515265	1
layer30_mean	catboost	HPCLAS_TRAIN_P_005634	1	HPCLAS_TRAIN_P_005634	0	A_clean_core	3.8514815860403515	0.9791938616335485	1
layer30_mean	catboost	HPCLAS_TRAIN_P_005638	1	HPCLAS_TRAIN_P_005638	0	D_hard_sample	0.06876263577533438	0.5171838885955362	1
layer30_mean	catboost	HPCLAS_TRAIN_P_005641	1	HPCLAS_TRAIN_P_005641	0	A_clean_core	4.173438403882909	0.9848343194045412	1
layer30_mean	catboost	HPCLAS_TRAIN_P_005657	1	HPCLAS_TRAIN_P_005657	0	D_hard_sample	0.23798075476077452	0.5592159781819965	1
layer30_mean	catboost	HPCLAS_TRAIN_P_005660	1	HPCLAS_TRAIN_P_005660	0	D_hard_sample	2.4819131660042424	0.9228640986376807	1
layer30_mean	catboost	HPCLAS_TRAIN_P_005678	1	HPCLAS_TRAIN_P_005678	0	A_clean_core	-0.39433736664731917	0.40267360548108627	0
layer30_mean	catboost	HPCLAS_TRAIN_P_005685	1	HPCLAS_TRAIN_P_005685	0	D_hard_sample	-1.842501620708482	0.13675569884911493	0
layer30_mean	catboost	HPCLAS_TRAIN_P_005691	1	HPCLAS_TRAIN_P_005691	0	A_clean_core	-0.015953090154588977	0.49601181204417427	0
layer30_mean	catboost	HPCLAS_TRAIN_P_005696	1	HPCLAS_TRAIN_P_005696	0	A_clean_core	5.3140797687794965	0.9951022996588407	1
layer30_mean	catboost	HPCLAS_TRAIN_P_005713	1	HPCLAS_TRAIN_P_005713	0	A_clean_core	0.32290961677748986	0.5800331839300288	1
layer30_mean	catboost	HPCLAS_TRAIN_P_005714	1	HPCLAS_TRAIN_P_005714	0	A_clean_core	4.671806342623911	0.9907313561777635	1
layer30_mean	catboost	HPCLAS_TRAIN_P_005715	1	HPCLAS_TRAIN_P_005715	0	A_clean_core	6.069338415440316	0.997692633499839	1
layer30_mean	catboost	HPCLAS_TRAIN_P_005716	1	HPCLAS_TRAIN_P_005716	0	A_clean_core	0.41231830057834223	0.6016436333463396	1
layer30_mean	catboost	HPCLAS_TRAIN_P_005718	1	HPCLAS_TRAIN_P_005718	0	A_clean_core	5.048521557831727	0.9936221221429619	1
layer30_mean	catboost	HPCLAS_TRAIN_P_005720	1	HPCLAS_TRAIN_P_005720	0	A_clean_core	5.661278030260079	0.9965339860564507	1
layer30_mean	catboost	HPCLAS_TRAIN_P_005723	1	HPCLAS_TRAIN_P_005723	0	A_clean_core	1.1033985972282754	0.7508963585816392	1
layer30_mean	catboost	HPCLAS_TRAIN_P_005730	1	HPCLAS_TRAIN_P_005730	0	A_clean_core	-0.43800373247714064	0.39221674250667743	0
layer30_mean	catboost	HPCLAS_TRAIN_P_005732	1	HPCLAS_TRAIN_P_005732	0	A_clean_core	2.6389106772473285	0.9333242077171958	1
layer30_mean	catboost	HPCLAS_TRAIN_P_005736	1	HPCLAS_TRAIN_P_005736	0	A_clean_core	1.1189346615669924	0.7537910536429228	1
layer30_mean	catboost	HPCLAS_TRAIN_P_005737	1	HPCLAS_TRAIN_N_000995	0	B_ambiguous	0.7571916999871133	0.6807437111803478	1
layer30_mean	catboost	HPCLAS_TRAIN_P_005738	1	HPCLAS_TRAIN_P_005738	0	A_clean_core	5.136333443118567	0.9941551563554831	1
layer30_mean	catboost	HPCLAS_TRAIN_P_005743	1	HPCLAS_TRAIN_P_005743	0	A_clean_core	0.8283277317886201	0.6960012214435175	1
layer30_mean	catboost	HPCLAS_TRAIN_P_005744	1	HPCLAS_TRAIN_P_005744	0	A_clean_core	0.26587755248651385	0.5660805715464345	1
layer30_mean	catboost	HPCLAS_TRAIN_P_005750	1	HPCLAS_TRAIN_P_005750	0	A_clean_core	2.2982055465347977	0.9087283140449817	1
layer30_mean	catboost	HPCLAS_TRAIN_P_005756	1	HPCLAS_TRAIN_P_005756	0	A_clean_core	0.8829745459847557	0.7074382406720063	1
layer30_mean	catboost	HPCLAS_TRAIN_P_005761	1	HPCLAS_TRAIN_N_001204	0	B_ambiguous	-0.5023980350825837	0.3769772873653192	0
layer30_mean	catboost	HPCLAS_TRAIN_P_005763	1	HPCLAS_TRAIN_P_005763	0	D_hard_sample	-1.5907499521913913	0.16927841007607697	0
layer30_mean	catboost	HPCLAS_TRAIN_P_005780	1	HPCLAS_TRAIN_P_005780	0	A_clean_core	0.3797366103146526	0.5938095749743372	1
layer30_mean	catboost	HPCLAS_TRAIN_P_005785	1	HPCLAS_TRAIN_P_003763	0	A_clean_core	5.351720732537872	0.9952823737635504	1
layer30_mean	catboost	HPCLAS_TRAIN_P_005788	1	HPCLAS_TRAIN_P_005788	0	A_clean_core	2.8437587123015238	0.9449951645676667	1
layer30_mean	catboost	HPCLAS_TRAIN_P_005789	1	HPCLAS_TRAIN_P_005789	0	A_clean_core	1.8351115738285562	0.8623695354441621	1
layer30_mean	catboost	HPCLAS_TRAIN_P_005799	1	HPCLAS_TRAIN_P_005799	0	A_clean_core	0.5803737557048033	0.6411534029824322	1
layer30_mean	catboost	HPCLAS_TRAIN_P_005804	1	HPCLAS_TRAIN_P_005804	0	A_clean_core	0.9771661671364358	0.7265455602174063	1
layer30_mean	catboost	HPCLAS_TRAIN_P_005816	1	HPCLAS_TRAIN_P_005816	0	A_clean_core	1.6499033629919813	0.8388779892280549	1
layer30_mean	catboost	HPCLAS_TRAIN_P_005817	1	HPCLAS_TRAIN_P_005817	0	A_clean_core	4.259455846139436	0.9860668855500435	1
layer30_mean	catboost	HPCLAS_TRAIN_P_005819	1	HPCLAS_TRAIN_P_005819	0	D_hard_sample	0.9365231142027826	0.7183968079754622	1
layer30_mean	catboost	HPCLAS_TRAIN_P_005824	1	HPCLAS_TRAIN_P_000825	0	A_clean_core	5.172551956584829	0.9943618880081122	1
layer30_mean	catboost	HPCLAS_TRAIN_P_005827	1	HPCLAS_TRAIN_P_005827	0	A_clean_core	3.943690317639654	0.9809917381283539	1
layer30_mean	catboost	HPCLAS_TRAIN_P_005833	1	HPCLAS_TRAIN_P_005833	0	A_clean_core	7.279900797520092	0.9993112208077682	1
layer30_mean	catboost	HPCLAS_TRAIN_P_005836	1	HPCLAS_TRAIN_P_005836	0	A_clean_core	0.5483428584979343	0.6337510361249239	1
layer30_mean	catboost	HPCLAS_TRAIN_P_005837	1	HPCLAS_TRAIN_P_005837	0	A_clean_core	5.5306858204448766	0.9960523754370815	1
layer30_mean	catboost	HPCLAS_TRAIN_P_005849	1	HPCLAS_TRAIN_P_005849	0	A_clean_core	6.170251042075018	0.9979136508750467	1
layer30_mean	catboost	HPCLAS_TRAIN_P_005855	1	HPCLAS_TRAIN_P_005855	0	A_clean_core	0.5355485325014652	0.6307762866955438	1
layer30_mean	catboost	HPCLAS_TRAIN_P_005857	1	HPCLAS_TRAIN_P_005857	0	A_clean_core	2.30571184665003	0.909348988157932	1
layer30_mean	catboost	HPCLAS_TRAIN_P_005896	1	HPCLAS_TRAIN_P_005896	0	A_clean_core	5.265748963572427	0.9948610227135295	1
layer30_mean	catboost	HPCLAS_TRAIN_P_005903	1	HPCLAS_TRAIN_P_005903	0	A_clean_core	1.0984368600615082	0.7499671056936961	1
layer30_mean	catboost	HPCLAS_TRAIN_P_005909	1	HPCLAS_TRAIN_P_005909	0	D_hard_sample	0.43671880592819895	0.6074769107592015	1
layer30_mean	catboost	HPCLAS_TRAIN_P_005923	1	HPCLAS_TRAIN_P_005923	0	A_clean_core	0.5591919489491142	0.6362655522531006	1
layer30_mean	catboost	HPCLAS_TRAIN_P_005926	1	HPCLAS_TRAIN_P_005926	0	A_clean_core	0.33550476532167134	0.5830981651176074	1
layer30_mean	catboost	HPCLAS_TRAIN_P_005931	1	HPCLAS_TRAIN_P_005931	0	D_hard_sample	-0.13629204511856233	0.4659796345930445	0
layer30_mean	catboost	HPCLAS_TRAIN_P_005934	1	HPCLAS_TRAIN_P_005934	0	A_clean_core	4.931234795733919	0.9928341347127424	1
layer30_mean	catboost	HPCLAS_TRAIN_P_005937	1	HPCLAS_TRAIN_P_005937	0	A_clean_core	1.8998915839386514	0.8698792545869867	1
layer30_mean	catboost	HPCLAS_TRAIN_P_005938	1	HPCLAS_TRAIN_P_005938	0	A_clean_core	0.37098841221414774	0.5916977920624549	1
layer30_mean	catboost	HPCLAS_TRAIN_P_005939	1	HPCLAS_TRAIN_P_005939	0	A_clean_core	5.7063982538425755	0.9966863910454291	1
layer30_mean	catboost	HPCLAS_TRAIN_P_005947	1	HPCLAS_TRAIN_P_005947	0	A_clean_core	4.18315224941128	0.9849787211088672	1
layer30_mean	catboost	HPCLAS_TRAIN_P_005948	1	HPCLAS_TRAIN_P_005948	0	A_clean_core	0.9460453193209206	0.7203191647638649	1
layer30_mean	catboost	HPCLAS_TRAIN_P_005957	1	HPCLAS_TRAIN_P_005957	0	A_clean_core	2.0739480040548655	0.8883451570234775	1
layer30_mean	catboost	HPCLAS_TRAIN_P_005964	1	HPCLAS_TRAIN_P_005964	0	A_clean_core	3.7512874775937766	0.9770515154587236	1
layer30_mean	catboost	HPCLAS_TRAIN_P_005984	1	HPCLAS_TRAIN_P_005984	0	A_clean_core	1.3958972944262267	0.8015320439210641	1
layer30_mean	catboost	HPCLAS_TRAIN_P_005993	1	HPCLAS_TRAIN_P_005993	0	D_hard_sample	-0.030738361140517582	0.4923160147211144	0
layer30_mean	catboost	HPCLAS_TRAIN_P_005998	1	HPCLAS_TRAIN_P_005998	0	A_clean_core	5.918728002702084	0.9973185913657573	1
layer30_mean	catboost	HPCLAS_TRAIN_P_005999	1	HPCLAS_TRAIN_P_005999	0	A_clean_core	1.6850413227390808	0.8435709319256096	1
layer30_mean	catboost	HPCLAS_TRAIN_P_006001	1	HPCLAS_TRAIN_P_006001	0	A_clean_core	-0.3683097680282194	0.40894950424999493	0
layer30_mean	catboost	HPCLAS_TRAIN_P_006015	1	HPCLAS_TRAIN_P_006015	0	A_clean_core	4.703447946159306	0.991017446527179	1
layer30_mean	catboost	HPCLAS_TRAIN_P_006018	1	HPCLAS_TRAIN_P_006018	0	A_clean_core	6.834039461178058	0.9989246567682412	1
layer30_mean	catboost	HPCLAS_TRAIN_P_006024	1	HPCLAS_TRAIN_P_006024	0	A_clean_core	0.27758564129422675	0.5689542126198782	1
layer30_mean	catboost	HPCLAS_TRAIN_P_006026	1	HPCLAS_TRAIN_P_006026	0	A_clean_core	6.05377555128718	0.9976565281984974	1
layer30_mean	catboost	HPCLAS_TRAIN_P_006035	1	HPCLAS_TRAIN_P_004508	0	A_clean_core	4.71619043027176	0.9911301716071008	1
layer30_mean	catboost	HPCLAS_TRAIN_P_006055	1	HPCLAS_TRAIN_P_006055	0	A_clean_core	1.8467108727868686	0.8637404590666142	1
layer30_mean	catboost	HPCLAS_TRAIN_P_006058	1	HPCLAS_TRAIN_P_006058	0	A_clean_core	0.5637850305171472	0.6373278701754201	1
layer30_mean	catboost	HPCLAS_TRAIN_P_006061	1	HPCLAS_TRAIN_P_006061	0	D_hard_sample	1.2196045782491984	0.771993955057528	1
layer30_mean	catboost	HPCLAS_TRAIN_P_006065	1	HPCLAS_TRAIN_N_004328	0	B_ambiguous	3.6057374359003465	0.9735511435419116	1
layer30_mean	catboost	HPCLAS_TRAIN_P_006067	1	HPCLAS_TRAIN_P_006067	0	A_clean_core	2.096872367485843	0.8905988176211193	1
layer30_mean	catboost	HPCLAS_TRAIN_P_006082	1	HPCLAS_TRAIN_P_006082	0	A_clean_core	0.34046479905133775	0.584303423762013	1
layer30_mean	catboost	HPCLAS_TRAIN_P_006107	1	HPCLAS_TRAIN_P_006107	0	D_hard_sample	-3.439308456035423	0.03108930862134246	0
layer30_mean	catboost	HPCLAS_TRAIN_P_006134	1	HPCLAS_TRAIN_P_006134	0	D_hard_sample	0.06965246419523892	0.5174060795344948	1
layer30_mean	catboost	HPCLAS_TRAIN_P_006136	1	HPCLAS_TRAIN_P_006136	0	D_hard_sample	0.2536394044540095	0.5630720787180646	1
layer30_mean	catboost	HPCLAS_TRAIN_P_006142	1	HPCLAS_TRAIN_P_006142	0	A_clean_core	2.890649290502557	0.9473822575255161	1
layer30_mean	catboost	HPCLAS_TRAIN_P_006147	1	HPCLAS_TRAIN_P_006147	0	A_clean_core	3.682910843300148	0.9754673269601445	1
layer30_mean	catboost	HPCLAS_TRAIN_P_006150	1	HPCLAS_TRAIN_P_006150	0	A_clean_core	-2.0628191856729368	0.11276346848935653	0
layer30_mean	catboost	HPCLAS_TRAIN_P_006152	1	HPCLAS_TRAIN_P_006152	0	A_clean_core	-0.3100282409177133	0.4231078455952552	0
layer30_mean	catboost	HPCLAS_TRAIN_P_006168	1	HPCLAS_TRAIN_P_006168	0	D_hard_sample	-0.8978351840716271	0.2894955707900706	0
layer30_mean	catboost	HPCLAS_TRAIN_P_006171	1	HPCLAS_TRAIN_N_002506	0	B_ambiguous	0.28387791864119294	0.570496689831974	1
layer30_mean	catboost	HPCLAS_TRAIN_P_006172	1	HPCLAS_TRAIN_P_006172	0	A_clean_core	0.4256401422392735	0.6048320955219105	1
layer30_mean	catboost	HPCLAS_TRAIN_P_006189	1	HPCLAS_TRAIN_P_006189	0	D_hard_sample	-0.18454253300166032	0.4539948550985972	0
layer30_mean	catboost	HPCLAS_TRAIN_P_006193	1	HPCLAS_TRAIN_P_006193	0	A_clean_core	3.472600864898642	0.9698980457878397	1
layer30_mean	catboost	HPCLAS_TRAIN_P_006196	1	HPCLAS_TRAIN_P_006196	0	A_clean_core	2.0934415608534533	0.8902640971151978	1
layer30_mean	catboost	HPCLAS_TRAIN_P_006201	1	HPCLAS_TRAIN_P_006201	0	A_clean_core	2.3830683626745173	0.9155270358528289	1
layer30_mean	catboost	HPCLAS_TRAIN_P_006203	1	HPCLAS_TRAIN_P_006203	0	A_clean_core	1.3219184863499924	0.7895007155750665	1
layer30_mean	catboost	HPCLAS_TRAIN_P_006204	1	HPCLAS_TRAIN_P_006204	0	A_clean_core	1.1498573389763065	0.759484858365809	1
layer30_mean	catboost	HPCLAS_TRAIN_P_006213	1	HPCLAS_TRAIN_P_006213	0	A_clean_core	4.581357412357242	0.9898628290055012	1
layer30_mean	catboost	HPCLAS_TRAIN_P_006219	1	HPCLAS_TRAIN_P_006219	0	A_clean_core	5.540408622599452	0.9960904220926018	1
layer30_mean	catboost	HPCLAS_TRAIN_P_006222	1	HPCLAS_TRAIN_P_006222	0	A_clean_core	1.065303014636144	0.743702653343109	1
layer30_mean	catboost	HPCLAS_TRAIN_P_006231	1	HPCLAS_TRAIN_P_006231	0	D_hard_sample	-0.33009897007187244	0.4182165424099873	0
layer30_mean	catboost	HPCLAS_TRAIN_P_006233	1	HPCLAS_TRAIN_P_006233	0	D_hard_sample	-0.4587542754694419	0.3872813859178053	0
layer30_mean	catboost	HPCLAS_TRAIN_P_006242	1	HPCLAS_TRAIN_P_006242	0	A_clean_core	-0.4687418252938661	0.38491407988655174	0
layer30_mean	catboost	HPCLAS_TRAIN_P_006248	1	HPCLAS_TRAIN_P_006248	0	A_clean_core	3.478852572357737	0.9700800343403924	1
layer30_mean	catboost	HPCLAS_TRAIN_P_006268	1	HPCLAS_TRAIN_P_006268	0	A_clean_core	4.116815720432617	0.9839649877920789	1
layer30_mean	catboost	HPCLAS_TRAIN_P_006273	1	HPCLAS_TRAIN_P_006273	0	A_clean_core	5.468429773578263	0.9957998655962959	1
layer30_mean	catboost	HPCLAS_TRAIN_P_006274	1	HPCLAS_TRAIN_P_006274	0	A_clean_core	0.2844148807809529	0.570628256797947	1
layer30_mean	catboost	HPCLAS_TRAIN_P_006283	1	HPCLAS_TRAIN_P_006283	0	A_clean_core	0.43743845422243416	0.6076484966904271	1
layer30_mean	catboost	HPCLAS_TRAIN_P_006286	1	HPCLAS_TRAIN_P_006286	0	A_clean_core	5.619399125167036	0.9963862865680767	1
layer30_mean	catboost	HPCLAS_TRAIN_P_006288	1	HPCLAS_TRAIN_P_006288	0	A_clean_core	1.6753131369407084	0.8422829153042635	1
layer30_mean	catboost	HPCLAS_TRAIN_P_006291	1	HPCLAS_TRAIN_P_006291	0	A_clean_core	0.8151758701289249	0.6932113527869023	1
layer30_mean	catboost	HPCLAS_TRAIN_P_006292	1	HPCLAS_TRAIN_P_006292	0	A_clean_core	5.728961587708608	0.9967600804094031	1
layer30_mean	catboost	HPCLAS_TRAIN_P_006299	1	HPCLAS_TRAIN_P_006299	0	A_clean_core	1.842944418596593	0.8632965666183355	1
layer30_mean	catboost	HPCLAS_TRAIN_P_006303	1	HPCLAS_TRAIN_P_006303	0	D_hard_sample	3.249001091084116	0.9626372016776858	1
layer30_mean	catboost	HPCLAS_TRAIN_P_006308	1	HPCLAS_TRAIN_P_006308	0	D_hard_sample	0.4135993794730645	0.6019506276786047	1
layer30_mean	catboost	HPCLAS_TRAIN_P_006317	1	HPCLAS_TRAIN_P_006317	0	A_clean_core	1.351304481978713	0.794342813211575	1
layer30_mean	catboost	HPCLAS_TRAIN_P_006323	1	HPCLAS_TRAIN_P_006323	0	A_clean_core	5.893090849181816	0.9972491504542038	1
layer30_mean	catboost	HPCLAS_TRAIN_P_006326	1	HPCLAS_TRAIN_P_006326	0	A_clean_core	-0.9740455518608462	0.27407487272303477	0
layer30_mean	catboost	HPCLAS_TRAIN_P_006329	1	HPCLAS_TRAIN_P_006329	0	A_clean_core	4.284955334036275	0.9864129149786734	1
layer30_mean	catboost	HPCLAS_TRAIN_P_006331	1	HPCLAS_TRAIN_P_006331	0	D_hard_sample	0.6240485363456041	0.6511387640585325	1
layer30_mean	catboost	HPCLAS_TRAIN_P_006332	1	HPCLAS_TRAIN_P_006332	0	D_hard_sample	2.7574744825772064	0.9403340951108221	1
layer30_mean	catboost	HPCLAS_TRAIN_P_006334	1	HPCLAS_TRAIN_P_006334	0	A_clean_core	4.427746297707827	0.9881995419888394	1
layer30_mean	catboost	HPCLAS_TRAIN_P_006340	1	HPCLAS_TRAIN_P_006340	0	A_clean_core	1.4225283399950146	0.8057344743867406	1
layer30_mean	catboost	HPCLAS_TRAIN_P_006343	1	HPCLAS_TRAIN_P_006343	0	A_clean_core	1.8205844637720825	0.8606362432769117	1
layer30_mean	catboost	HPCLAS_TRAIN_P_006346	1	HPCLAS_TRAIN_P_006346	0	A_clean_core	-0.3185035162339361	0.4210404956428392	0
layer30_mean	catboost	HPCLAS_TRAIN_P_006351	1	HPCLAS_TRAIN_P_006351	0	D_hard_sample	0.7090804846983115	0.6701979487142085	1
layer30_mean	catboost	HPCLAS_TRAIN_P_006359	1	HPCLAS_TRAIN_P_006359	0	A_clean_core	2.506919326388167	0.9246254691431062	1
layer30_mean	catboost	HPCLAS_TRAIN_P_006365	1	HPCLAS_TRAIN_P_006365	0	A_clean_core	4.06661677098961	0.9831534077205892	1
layer30_mean	catboost	HPCLAS_TRAIN_P_006370	1	HPCLAS_TRAIN_P_006370	0	A_clean_core	3.9595251156910876	0.9812847708028336	1
layer30_mean	catboost	HPCLAS_TRAIN_P_006380	1	HPCLAS_TRAIN_P_006380	0	D_hard_sample	2.367836693540604	0.9143415799210376	1
layer30_mean	catboost	HPCLAS_TRAIN_P_006385	1	HPCLAS_TRAIN_P_006385	0	D_hard_sample	0.6430467336591913	0.6554418538083381	1
layer30_mean	catboost	HPCLAS_TRAIN_P_006390	1	HPCLAS_TRAIN_P_006390	0	A_clean_core	4.871900462002498	0.9923994151333513	1
layer30_mean	catboost	HPCLAS_TRAIN_P_006399	1	HPCLAS_TRAIN_P_006399	0	A_clean_core	-0.6308328514429826	0.34732171526274225	0
layer30_mean	catboost	HPCLAS_TRAIN_P_006402	1	HPCLAS_TRAIN_P_006402	0	A_clean_core	3.9519602012363175	0.9811453343743384	1
layer30_mean	catboost	HPCLAS_TRAIN_P_006411	1	HPCLAS_TRAIN_P_006411	0	D_hard_sample	0.8579595538788797	0.7022341704616603	1
layer30_mean	catboost	HPCLAS_TRAIN_P_006413	1	HPCLAS_TRAIN_P_006413	0	D_hard_sample	0.6875754413447761	0.6654273547489541	1
layer30_mean	catboost	HPCLAS_TRAIN_P_006418	1	HPCLAS_TRAIN_P_006418	0	A_clean_core	1.6734059560939938	0.8420293953923242	1
layer30_mean	catboost	HPCLAS_TRAIN_P_006421	1	HPCLAS_TRAIN_P_006421	0	A_clean_core	0.6796717189611413	0.6636654245398806	1
layer30_mean	catboost	HPCLAS_TRAIN_P_006425	1	HPCLAS_TRAIN_P_006425	0	A_clean_core	1.3777634109264945	0.7986315540250054	1
layer30_mean	catboost	HPCLAS_TRAIN_P_006428	1	HPCLAS_TRAIN_P_006428	0	D_hard_sample	-0.10518991233366415	0.4737267434018608	0
layer30_mean	catboost	HPCLAS_TRAIN_P_006430	1	HPCLAS_TRAIN_P_006430	0	A_clean_core	2.1997107434683785	0.9002235325411427	1
layer30_mean	catboost	HPCLAS_TRAIN_P_006436	1	HPCLAS_TRAIN_P_006436	0	D_hard_sample	0.4984235756343297	0.6220887941692664	1
layer30_mean	catboost	HPCLAS_TRAIN_P_006460	1	HPCLAS_TRAIN_P_006460	0	D_hard_sample	-1.3397156232206298	0.20755682810681728	0
layer30_mean	catboost	HPCLAS_TRAIN_P_006471	1	HPCLAS_TRAIN_P_006471	0	A_clean_core	3.5922191862615773	0.9732008205947815	1
layer30_mean	catboost	HPCLAS_TRAIN_P_006472	1	HPCLAS_TRAIN_P_006472	0	A_clean_core	3.868267788434235	0.979533114152698	1
layer30_mean	catboost	HPCLAS_TRAIN_P_006481	1	HPCLAS_TRAIN_P_006481	0	A_clean_core	4.879083491946145	0.9924534042191707	1
layer30_mean	catboost	HPCLAS_TRAIN_P_006486	1	HPCLAS_TRAIN_P_006486	0	A_clean_core	3.416917134460059	0.9682290747178621	1
layer30_mean	catboost	HPCLAS_TRAIN_P_006489	1	HPCLAS_TRAIN_P_006489	0	A_clean_core	2.2179317721665424	0.9018482724768148	1
layer30_mean	catboost	HPCLAS_TRAIN_P_006493	1	HPCLAS_TRAIN_P_006493	0	A_clean_core	0.06396111322349013	0.515984829150758	1
layer30_mean	catboost	HPCLAS_TRAIN_P_006498	1	HPCLAS_TRAIN_N_000237	0	B_ambiguous	1.5702676874887307	0.8278217658857051	1
layer30_mean	catboost	HPCLAS_TRAIN_P_006499	1	HPCLAS_TRAIN_P_006499	0	D_hard_sample	-1.587508800833445	0.16973467993359256	0
layer30_mean	catboost	HPCLAS_TRAIN_P_006506	1	HPCLAS_TRAIN_P_006506	0	A_clean_core	2.558705390911158	0.9281561780776321	1
layer30_mean	catboost	HPCLAS_TRAIN_P_006510	1	HPCLAS_TRAIN_P_006510	0	A_clean_core	-0.847770531663165	0.29990074841657055	0
layer30_mean	catboost	HPCLAS_TRAIN_P_006515	1	HPCLAS_TRAIN_P_006515	0	A_clean_core	2.730020867477733	0.938775036579975	1
layer30_mean	catboost	HPCLAS_TRAIN_P_006519	1	HPCLAS_TRAIN_P_006519	0	D_hard_sample	0.7525005941750845	0.6797233218238546	1
layer30_mean	catboost	HPCLAS_TRAIN_P_006527	1	HPCLAS_TRAIN_P_006527	0	A_clean_core	6.352974498435493	0.9982614685960134	1
layer30_mean	catboost	HPCLAS_TRAIN_P_006528	1	HPCLAS_TRAIN_P_006528	0	A_clean_core	0.11012941939202313	0.5275045614014912	1
layer30_mean	catboost	HPCLAS_TRAIN_P_006541	1	HPCLAS_TRAIN_P_006541	0	A_clean_core	5.459439343324134	0.9957620950762703	1
layer30_mean	catboost	HPCLAS_TRAIN_P_006542	1	HPCLAS_TRAIN_P_006542	0	D_hard_sample	0.8010124656989159	0.6901910156906768	1
layer30_mean	catboost	HPCLAS_TRAIN_P_006544	1	HPCLAS_TRAIN_P_006544	0	A_clean_core	7.7199148731386105	0.9995562985683798	1
layer30_mean	catboost	HPCLAS_TRAIN_P_006550	1	HPCLAS_TRAIN_P_006550	0	A_clean_core	2.7126996425084777	0.9377718746890038	1
layer30_mean	catboost	HPCLAS_TRAIN_P_006557	1	HPCLAS_TRAIN_P_006557	0	D_hard_sample	-0.983582556493025	0.27218150480534137	0
layer30_mean	catboost	HPCLAS_TRAIN_P_006568	1	HPCLAS_TRAIN_P_006568	0	D_hard_sample	-2.791079268477146	0.05780814338695204	0
layer30_mean	catboost	HPCLAS_TRAIN_P_006570	1	HPCLAS_TRAIN_P_006570	0	A_clean_core	-0.5974093659900012	0.35493661341046256	0
layer30_mean	catboost	HPCLAS_TRAIN_P_006585	1	HPCLAS_TRAIN_P_006585	0	A_clean_core	1.5740721491736107	0.8283633506939528	1
layer30_mean	catboost	HPCLAS_TRAIN_P_006586	1	HPCLAS_TRAIN_P_006586	0	A_clean_core	4.31053535968108	0.9867515191319487	1
layer30_mean	catboost	HPCLAS_TRAIN_P_006589	1	HPCLAS_TRAIN_P_006589	0	A_clean_core	2.9260513569776294	0.9491193256812418	1
layer30_mean	catboost	HPCLAS_TRAIN_P_006592	1	HPCLAS_TRAIN_P_006592	0	D_hard_sample	0.5003353654082684	0.6225381400804308	1
layer30_mean	catboost	HPCLAS_TRAIN_P_006598	1	HPCLAS_TRAIN_P_006598	0	A_clean_core	2.5601660143768603	0.9282535149017074	1
layer30_mean	catboost	HPCLAS_TRAIN_P_006609	1	HPCLAS_TRAIN_P_006609	0	A_clean_core	-1.3070017900911064	0.2129889856133723	0
layer30_mean	catboost	HPCLAS_TRAIN_P_006615	1	HPCLAS_TRAIN_P_006615	0	A_clean_core	4.568578086030571	0.9897337899781979	1
layer30_mean	catboost	HPCLAS_TRAIN_P_006617	1	HPCLAS_TRAIN_P_006617	0	A_clean_core	-0.4084434795934074	0.39928540420496245	0
layer30_mean	catboost	HPCLAS_TRAIN_P_006623	1	HPCLAS_TRAIN_P_006623	0	A_clean_core	0.9414668615012912	0.7193958613544911	1
layer30_mean	catboost	HPCLAS_TRAIN_P_006629	1	HPCLAS_TRAIN_P_006629	0	A_clean_core	1.0339904414840708	0.737688794425756	1
layer30_mean	catboost	HPCLAS_TRAIN_P_006632	1	HPCLAS_TRAIN_P_006632	0	D_hard_sample	0.39749002181353604	0.5980844617836928	1
layer30_mean	catboost	HPCLAS_TRAIN_P_006650	1	HPCLAS_TRAIN_P_006650	0	A_clean_core	2.2020922592841763	0.9004372391754791	1
layer30_mean	catboost	HPCLAS_TRAIN_P_006659	1	HPCLAS_TRAIN_P_006659	0	B_ambiguous	-0.24895595284547492	0.43808049136227445	0
layer30_mean	catboost	HPCLAS_TRAIN_P_006666	1	HPCLAS_TRAIN_P_006666	0	A_clean_core	1.1220483068859946	0.7543684586516651	1
layer30_mean	catboost	HPCLAS_TRAIN_P_006672	1	HPCLAS_TRAIN_P_006672	0	A_clean_core	3.753033453737309	0.9770906308867274	1
layer30_mean	catboost	HPCLAS_TRAIN_P_006677	1	HPCLAS_TRAIN_P_006677	0	A_clean_core	0.391670720426039	0.5966848264462193	1
layer30_mean	catboost	HPCLAS_TRAIN_P_006688	1	HPCLAS_TRAIN_N_002316	0	B_ambiguous	0.3542773612251856	0.5876544421388524	1
layer30_mean	catboost	HPCLAS_TRAIN_P_006691	1	HPCLAS_TRAIN_P_006691	0	A_clean_core	0.68758736264732	0.6654300088284906	1
layer30_mean	catboost	HPCLAS_TRAIN_P_006693	1	HPCLAS_TRAIN_P_006693	0	A_clean_core	4.350885441129101	0.9872687845649792	1
layer30_mean	catboost	HPCLAS_TRAIN_P_006695	1	HPCLAS_TRAIN_P_006695	0	A_clean_core	5.192842673732433	0.9944745107582565	1
layer30_mean	catboost	HPCLAS_TRAIN_P_006696	1	HPCLAS_TRAIN_P_006696	0	A_clean_core	0.7656193674112131	0.6825725140159036	1
layer30_mean	catboost	HPCLAS_TRAIN_P_006701	1	HPCLAS_TRAIN_P_006701	0	A_clean_core	6.911094788932558	0.9990043262941786	1
layer30_mean	catboost	HPCLAS_TRAIN_P_006705	1	HPCLAS_TRAIN_P_006705	0	A_clean_core	5.6679670105680575	0.9965570132328977	1
layer30_mean	catboost	HPCLAS_TRAIN_P_006709	1	HPCLAS_TRAIN_P_006709	0	D_hard_sample	0.21752871987281405	0.5541687484715087	1
layer30_mean	catboost	HPCLAS_TRAIN_P_006715	1	HPCLAS_TRAIN_P_006715	0	A_clean_core	1.2474742700656263	0.7768623390312376	1
layer30_mean	catboost	HPCLAS_TRAIN_P_006724	1	HPCLAS_TRAIN_P_006724	0	D_hard_sample	0.13417456340740436	0.5334934079574883	1
layer30_mean	catboost	HPCLAS_TRAIN_P_006728	1	HPCLAS_TRAIN_P_006728	0	A_clean_core	2.15712885975308	0.8963330653207952	1
layer30_mean	catboost	HPCLAS_TRAIN_P_006735	1	HPCLAS_TRAIN_P_006735	0	A_clean_core	2.1989036654302976	0.9001510164650072	1
layer30_mean	catboost	HPCLAS_TRAIN_P_006744	1	HPCLAS_TRAIN_P_006744	0	A_clean_core	3.7104734977647995	0.976118350934132	1
layer30_mean	catboost	HPCLAS_TRAIN_P_006746	1	HPCLAS_TRAIN_P_006746	0	A_clean_core	6.70946444439934	0.9987821679614626	1
layer30_mean	catboost	HPCLAS_TRAIN_P_006771	1	HPCLAS_TRAIN_P_006771	0	D_hard_sample	-0.36782670828940167	0.4090662696597445	0
layer30_mean	catboost	HPCLAS_TRAIN_P_006774	1	HPCLAS_TRAIN_P_003376	0	A_clean_core	2.9203782085107006	0.948844659862505	1
layer30_mean	catboost	HPCLAS_TRAIN_P_006780	1	HPCLAS_TRAIN_P_006780	0	A_clean_core	6.627004987354662	0.998677628064915	1
layer30_mean	catboost	HPCLAS_TRAIN_P_006781	1	HPCLAS_TRAIN_P_006781	0	A_clean_core	4.976964835961891	0.9931522567435264	1
layer30_mean	catboost	HPCLAS_TRAIN_P_006792	1	HPCLAS_TRAIN_P_006792	0	D_hard_sample	0.3531255652911415	0.587375314600588	1
layer30_mean	catboost	HPCLAS_TRAIN_P_006795	1	HPCLAS_TRAIN_P_006795	0	A_clean_core	3.4482614807757472	0.9691792519689588	1
layer30_mean	catboost	HPCLAS_TRAIN_P_006803	1	HPCLAS_TRAIN_P_006803	0	A_clean_core	1.4685759316387939	0.8128408381536407	1
layer30_mean	catboost	HPCLAS_TRAIN_P_006806	1	HPCLAS_TRAIN_P_006806	0	A_clean_core	3.808818433932019	0.9783066717947648	1
layer30_mean	catboost	HPCLAS_TRAIN_P_006825	1	HPCLAS_TRAIN_P_006825	0	A_clean_core	1.252649448205889	0.7777581563682947	1
layer30_mean	catboost	HPCLAS_TRAIN_P_006832	1	HPCLAS_TRAIN_P_006832	0	A_clean_core	3.1455061136240534	0.9587312845332346	1
layer30_mean	catboost	HPCLAS_TRAIN_P_006836	1	HPCLAS_TRAIN_P_006836	0	A_clean_core	0.07314400917299521	0.5182778540729857	1
layer30_mean	catboost	HPCLAS_TRAIN_P_006837	1	HPCLAS_TRAIN_P_006837	0	A_clean_core	3.201752185271324	0.960900161818021	1
layer30_mean	catboost	HPCLAS_TRAIN_P_006845	1	HPCLAS_TRAIN_P_006845	0	A_clean_core	6.485763846239983	0.9984773266104077	1
layer30_mean	catboost	HPCLAS_TRAIN_P_006846	1	HPCLAS_TRAIN_P_006846	0	A_clean_core	-0.7179454644362395	0.32784556600959636	0
layer30_mean	catboost	HPCLAS_TRAIN_P_006851	1	HPCLAS_TRAIN_P_006851	0	A_clean_core	3.4335851436072367	0.9687378259409087	1
layer30_mean	catboost	HPCLAS_TRAIN_P_006853	1	HPCLAS_TRAIN_P_006853	0	A_clean_core	4.326447884947733	0.9869579397410913	1
layer30_mean	catboost	HPCLAS_TRAIN_P_006862	1	HPCLAS_TRAIN_P_006862	0	A_clean_core	4.710572956406916	0.9910806510336189	1
layer30_mean	catboost	HPCLAS_TRAIN_P_006864	1	HPCLAS_TRAIN_P_006864	0	A_clean_core	2.8906454249449367	0.947382064830554	1
layer30_mean	catboost	HPCLAS_TRAIN_P_006866	1	HPCLAS_TRAIN_P_006866	0	A_clean_core	1.4462365959614336	0.8094185666316839	1
layer30_mean	catboost	HPCLAS_TRAIN_P_006867	1	HPCLAS_TRAIN_P_006867	0	A_clean_core	4.912280762537278	0.9926980185340158	1
layer30_mean	catboost	HPCLAS_TRAIN_P_006872	1	HPCLAS_TRAIN_P_006872	0	A_clean_core	1.1385885157205997	0.7574203945441254	1
layer30_mean	catboost	HPCLAS_TRAIN_P_006874	1	HPCLAS_TRAIN_P_006874	0	A_clean_core	5.51390776398101	0.9959858513281808	1
layer30_mean	catboost	HPCLAS_TRAIN_P_006907	1	HPCLAS_TRAIN_P_006907	0	A_clean_core	0.8521588118327618	0.7010198063496672	1
layer30_mean	catboost	HPCLAS_TRAIN_P_006910	1	HPCLAS_TRAIN_P_006910	0	D_hard_sample	0.7420462556586404	0.6774431538534769	1
layer30_mean	catboost	HPCLAS_TRAIN_P_006918	1	HPCLAS_TRAIN_P_006918	0	A_clean_core	1.5832558953485314	0.8296651380300714	1
layer30_mean	catboost	HPCLAS_TRAIN_P_006923	1	HPCLAS_TRAIN_P_006923	0	B_ambiguous	1.1610707120724764	0.7615272143652944	1
layer30_mean	catboost	HPCLAS_TRAIN_P_006926	1	HPCLAS_TRAIN_P_006926	0	A_clean_core	1.5368648441488666	0.8230085035366018	1
layer30_mean	catboost	HPCLAS_TRAIN_P_006932	1	HPCLAS_TRAIN_P_006932	0	A_clean_core	0.9460609374240183	0.7203223111677426	1
layer30_mean	catboost	HPCLAS_TRAIN_P_006937	1	HPCLAS_TRAIN_P_006937	0	A_clean_core	1.3213478216557815	0.7894058615205797	1
layer30_mean	catboost	HPCLAS_TRAIN_P_006939	1	HPCLAS_TRAIN_P_006939	0	A_clean_core	6.809374719102465	0.9988978335029722	1
layer30_mean	catboost	HPCLAS_TRAIN_P_006950	1	HPCLAS_TRAIN_P_006950	0	D_hard_sample	0.46528736849719493	0.6142677349330776	1
layer30_mean	catboost	HPCLAS_TRAIN_P_006959	1	HPCLAS_TRAIN_P_006959	0	A_clean_core	2.27832754299949	0.9070661594869859	1
layer30_mean	catboost	HPCLAS_TRAIN_P_006963	1	HPCLAS_TRAIN_P_006963	0	D_hard_sample	0.8170433941943395	0.693608374587729	1
layer30_mean	catboost	HPCLAS_TRAIN_P_006971	1	HPCLAS_TRAIN_P_006971	0	A_clean_core	2.9052042512391405	0.9481031028420361	1
layer30_mean	catboost	HPCLAS_TRAIN_P_006973	1	HPCLAS_TRAIN_P_006973	0	A_clean_core	0.7250689483080526	0.673722255892972	1
layer30_mean	catboost	HPCLAS_TRAIN_P_006983	1	HPCLAS_TRAIN_P_006983	0	A_clean_core	4.6648908283777795	0.9906676368479185	1
layer30_mean	catboost	HPCLAS_TRAIN_P_006987	1	HPCLAS_TRAIN_P_006987	0	A_clean_core	5.475323718476209	0.9958286011420768	1
layer30_mean	catboost	HPCLAS_TRAIN_P_006988	1	HPCLAS_TRAIN_P_006988	0	D_hard_sample	2.8328533929789415	0.9444255551008084	1
layer30_mean	catboost	HPCLAS_TRAIN_P_006989	1	HPCLAS_TRAIN_P_006989	0	A_clean_core	5.632148206701797	0.9964319023102856	1
layer30_mean	catboost	HPCLAS_TRAIN_P_006990	1	HPCLAS_TRAIN_P_006990	0	D_hard_sample	2.7256263425177956	0.938521967246924	1
layer30_mean	catboost	HPCLAS_TRAIN_P_006994	1	HPCLAS_TRAIN_P_006994	0	D_hard_sample	-0.7146214527112398	0.3285784734361794	0
layer30_mean	catboost	HPCLAS_TRAIN_P_006995	1	HPCLAS_TRAIN_P_006995	0	D_hard_sample	-1.1691433357327194	0.23700986527125195	0
layer30_mean	catboost	HPCLAS_TRAIN_P_007000	1	HPCLAS_TRAIN_P_007000	0	A_clean_core	4.111900844205864	0.9838872566757649	1
layer30_mean	catboost	HPCLAS_TRAIN_P_007003	1	HPCLAS_TRAIN_P_007003	0	A_clean_core	1.2654664310763577	0.7799656879882525	1
layer30_mean	catboost	HPCLAS_TRAIN_P_007004	1	HPCLAS_TRAIN_P_007004	0	A_clean_core	1.313818037432277	0.7881513503520062	1
layer30_mean	catboost	HPCLAS_TRAIN_P_007007	1	HPCLAS_TRAIN_P_007007	0	A_clean_core	3.6861557659384303	0.9755448609312544	1
layer30_mean	catboost	HPCLAS_TRAIN_P_007011	1	HPCLAS_TRAIN_N_000351	0	B_ambiguous	1.8871968324131658	0.8684355846776596	1
layer30_mean	catboost	HPCLAS_TRAIN_P_007016	1	HPCLAS_TRAIN_P_007016	0	A_clean_core	1.1138157471980357	0.752839800078389	1
layer30_mean	catboost	HPCLAS_TRAIN_P_007023	1	HPCLAS_TRAIN_P_007023	0	D_hard_sample	2.5929253879485437	0.9304048794587819	1
layer30_mean	catboost	HPCLAS_TRAIN_P_007030	1	HPCLAS_TRAIN_P_007030	0	A_clean_core	3.3382566175190194	0.9657181717069123	1
layer30_mean	catboost	HPCLAS_TRAIN_P_007035	1	HPCLAS_TRAIN_P_007035	0	A_clean_core	0.9828750025841733	0.7276783070699936	1
layer30_mean	catboost	HPCLAS_TRAIN_P_007044	1	HPCLAS_TRAIN_P_007044	0	B_ambiguous	-0.839456974704833	0.30164916372500916	0
layer30_mean	catboost	HPCLAS_TRAIN_P_007049	1	HPCLAS_TRAIN_P_007049	0	A_clean_core	3.4344965966062113	0.968765417368885	1
layer30_mean	catboost	HPCLAS_TRAIN_P_007051	1	HPCLAS_TRAIN_P_007051	0	A_clean_core	0.11820729660493332	0.5295174616147795	1
layer30_mean	catboost	HPCLAS_TRAIN_P_007061	1	HPCLAS_TRAIN_P_007061	0	A_clean_core	0.20063774320100042	0.5499918443019285	1
layer30_mean	catboost	HPCLAS_TRAIN_P_007067	1	HPCLAS_TRAIN_P_007067	0	D_hard_sample	1.1786292386074968	0.7647012477117366	1
layer30_mean	catboost	HPCLAS_TRAIN_P_007071	1	HPCLAS_TRAIN_P_007071	0	A_clean_core	-1.3752595671703387	0.20177141321097447	0
layer30_mean	catboost	HPCLAS_TRAIN_P_007092	1	HPCLAS_TRAIN_P_007092	0	D_hard_sample	2.3881637057236227	0.9159202624267019	1
layer30_mean	catboost	HPCLAS_TRAIN_P_007103	1	HPCLAS_TRAIN_P_007103	0	A_clean_core	4.761177477994628	0.9915170466413415	1
layer30_mean	catboost	HPCLAS_TRAIN_P_007114	1	HPCLAS_TRAIN_P_007114	0	D_hard_sample	1.4553561608127703	0.8108213839394744	1
layer30_mean	catboost	HPCLAS_TRAIN_P_007115	1	HPCLAS_TRAIN_P_007115	0	A_clean_core	6.384710312493721	0.9983156845317492	1
layer30_mean	catboost	HPCLAS_TRAIN_P_007116	1	HPCLAS_TRAIN_P_007116	0	A_clean_core	1.5107762530840214	0.8191762190221147	1
layer30_mean	catboost	HPCLAS_TRAIN_P_007120	1	HPCLAS_TRAIN_N_005110	0	B_ambiguous	-2.0760662108170864	0.1114449149658414	0
layer30_mean	catboost	HPCLAS_TRAIN_P_007122	1	HPCLAS_TRAIN_P_007122	0	A_clean_core	6.949371789558128	0.9990416816874181	1
layer30_mean	catboost	HPCLAS_TRAIN_P_007123	1	HPCLAS_TRAIN_P_007123	0	A_clean_core	1.87635896670444	0.8671923498108134	1
layer30_mean	catboost	HPCLAS_TRAIN_P_007124	1	HPCLAS_TRAIN_N_001977	0	B_ambiguous	1.0712697081395732	0.7448383042070071	1
layer30_mean	catboost	HPCLAS_TRAIN_P_007127	1	HPCLAS_TRAIN_P_007127	0	A_clean_core	1.2145297006487268	0.7710994459101023	1
layer30_mean	catboost	HPCLAS_TRAIN_P_007130	1	HPCLAS_TRAIN_P_007130	0	A_clean_core	0.16828490022036793	0.5419722180149393	1
layer30_mean	catboost	HPCLAS_TRAIN_P_007131	1	HPCLAS_TRAIN_P_007131	0	A_clean_core	5.141262698395651	0.994183729032008	1
layer30_mean	catboost	HPCLAS_TRAIN_P_007144	1	HPCLAS_TRAIN_P_007144	0	A_clean_core	4.097812695885064	0.9836623862909222	1
layer30_mean	catboost	HPCLAS_TRAIN_P_007146	1	HPCLAS_TRAIN_P_007146	0	A_clean_core	0.1024717492227055	0.5255955441433732	1
layer30_mean	catboost	HPCLAS_TRAIN_P_007148	1	HPCLAS_TRAIN_P_007148	0	A_clean_core	0.5365748854890414	0.6310152897043684	1
layer30_mean	catboost	HPCLAS_TRAIN_P_007150	1	HPCLAS_TRAIN_P_007150	0	A_clean_core	3.8588884883559946	0.9793442298583656	1
layer30_mean	catboost	HPCLAS_TRAIN_P_007156	1	HPCLAS_TRAIN_P_007156	0	A_clean_core	3.6718690078457636	0.9752016948944687	1
layer30_mean	catboost	HPCLAS_TRAIN_P_007158	1	HPCLAS_TRAIN_P_007158	0	A_clean_core	1.1318309912087614	0.7561766437294308	1
layer30_mean	catboost	HPCLAS_TRAIN_P_007159	1	HPCLAS_TRAIN_P_007159	0	A_clean_core	2.768219342793081	0.9409341004043618	1
layer30_mean	catboost	HPCLAS_TRAIN_P_007185	1	HPCLAS_TRAIN_P_007185	0	A_clean_core	-1.2134679416528136	0.22908801389873046	0
layer30_mean	catboost	HPCLAS_TRAIN_P_007187	1	HPCLAS_TRAIN_P_007187	0	D_hard_sample	1.1905386186808369	0.7668373819107667	1
layer30_mean	catboost	HPCLAS_TRAIN_P_007191	1	HPCLAS_TRAIN_P_007191	0	A_clean_core	2.7247074706684	0.9384689283659555	1
layer30_mean	catboost	HPCLAS_TRAIN_P_007204	1	HPCLAS_TRAIN_P_007204	0	A_clean_core	3.156100583705595	0.9591484299549622	1
layer30_mean	catboost	HPCLAS_TRAIN_P_007212	1	HPCLAS_TRAIN_P_007212	0	A_clean_core	2.4694338474786495	0.9219710453398811	1
layer30_mean	catboost	HPCLAS_TRAIN_P_007213	1	HPCLAS_TRAIN_P_007213	0	A_clean_core	-0.5604043305442381	0.36345391059491794	0
layer30_mean	catboost	HPCLAS_TRAIN_P_007219	1	HPCLAS_TRAIN_P_007219	0	A_clean_core	2.881030964476602	0.946900724120194	1
layer30_mean	catboost	HPCLAS_TRAIN_P_007223	1	HPCLAS_TRAIN_P_007223	0	A_clean_core	-3.190108422588322	0.03953966185913701	0
layer30_mean	catboost	HPCLAS_TRAIN_P_007233	1	HPCLAS_TRAIN_P_007233	0	D_hard_sample	-0.3328625602120147	0.4175442816109174	0
layer30_mean	catboost	HPCLAS_TRAIN_P_007237	1	HPCLAS_TRAIN_P_007237	0	B_ambiguous	0.33668976765480274	0.5833862045009179	1
layer30_mean	catboost	HPCLAS_TRAIN_P_007240	1	HPCLAS_TRAIN_P_007240	0	A_clean_core	-0.5949096163621289	0.3555091549388851	0
layer30_mean	catboost	HPCLAS_TRAIN_P_007243	1	HPCLAS_TRAIN_P_007243	0	A_clean_core	3.765335386762454	0.9773643936707815	1
layer30_mean	catboost	HPCLAS_TRAIN_P_007244	1	HPCLAS_TRAIN_P_007244	0	A_clean_core	1.677941778526268	0.8426317962739721	1
layer30_mean	catboost	HPCLAS_TRAIN_P_007269	1	HPCLAS_TRAIN_P_007269	0	A_clean_core	0.9508708461216318	0.7212902784847226	1
layer30_mean	catboost	HPCLAS_TRAIN_P_007276	1	HPCLAS_TRAIN_P_007276	0	A_clean_core	5.01513543742312	0.9934070227163521	1
layer30_mean	catboost	HPCLAS_TRAIN_P_007283	1	HPCLAS_TRAIN_P_007283	0	D_hard_sample	0.505086890355729	0.6236540225251597	1
layer30_mean	catboost	HPCLAS_TRAIN_P_007298	1	HPCLAS_TRAIN_P_007298	0	A_clean_core	2.7416925313461817	0.9394424569929926	1
layer30_mean	catboost	HPCLAS_TRAIN_P_007301	1	HPCLAS_TRAIN_P_007301	0	A_clean_core	5.698967625730583	0.9966617596443298	1
layer30_mean	catboost	HPCLAS_TRAIN_P_007305	1	HPCLAS_TRAIN_P_007305	0	A_clean_core	2.3949410163796117	0.9164407163343377	1
layer30_mean	catboost	HPCLAS_TRAIN_P_007307	1	HPCLAS_TRAIN_P_007307	0	A_clean_core	4.224082077992671	0.9855724359415778	1
layer30_mean	catboost	HPCLAS_TRAIN_P_007312	1	HPCLAS_TRAIN_P_007312	0	A_clean_core	0.1970399731002213	0.5491012340442447	1
layer30_mean	catboost	HPCLAS_TRAIN_P_007313	1	HPCLAS_TRAIN_P_007313	0	A_clean_core	0.5543880747874043	0.6351530573902281	1
layer30_mean	catboost	HPCLAS_TRAIN_P_007323	1	HPCLAS_TRAIN_P_007323	0	A_clean_core	3.5500182820081037	0.9720779224384289	1
layer30_mean	catboost	HPCLAS_TRAIN_P_007326	1	HPCLAS_TRAIN_P_004508	0	A_clean_core	4.202816424967352	0.9852669075369933	1
layer30_mean	catboost	HPCLAS_TRAIN_P_007340	1	HPCLAS_TRAIN_P_007340	0	D_hard_sample	1.717763902678525	0.8478405886248493	1
layer30_mean	catboost	HPCLAS_TRAIN_P_007363	1	HPCLAS_TRAIN_P_007363	0	A_clean_core	0.9247967716791663	0.7160184719920638	1
layer30_mean	catboost	HPCLAS_TRAIN_P_007369	1	HPCLAS_TRAIN_P_007369	0	A_clean_core	3.4966944613634556	0.9705935702025633	1
layer30_mean	catboost	HPCLAS_TRAIN_P_007379	1	HPCLAS_TRAIN_P_007379	0	A_clean_core	0.5518581106814687	0.6345665793478513	1
layer30_mean	catboost	HPCLAS_TRAIN_P_007382	1	HPCLAS_TRAIN_P_007382	0	A_clean_core	4.323820434488798	0.9869240759831768	1
layer30_mean	catboost	HPCLAS_TRAIN_P_007384	1	HPCLAS_TRAIN_P_007384	0	A_clean_core	1.763310404052333	0.853623780326229	1
layer30_mean	catboost	HPCLAS_TRAIN_P_007391	1	HPCLAS_TRAIN_P_007391	0	A_clean_core	0.27975830965802384	0.5694869693362155	1
layer30_mean	catboost	HPCLAS_TRAIN_P_007403	1	HPCLAS_TRAIN_P_007403	0	A_clean_core	1.8584042921124386	0.8651108468647836	1
layer30_mean	catboost	HPCLAS_TRAIN_P_007408	1	HPCLAS_TRAIN_P_007408	0	A_clean_core	2.88288882628357	0.9469940594127172	1
layer30_mean	catboost	HPCLAS_TRAIN_P_007415	1	HPCLAS_TRAIN_P_007415	0	D_hard_sample	2.1789584483993636	0.8983439949185353	1
layer30_mean	catboost	HPCLAS_TRAIN_P_007419	1	HPCLAS_TRAIN_P_007419	0	A_clean_core	0.7431673398446185	0.6776880776136004	1
layer30_mean	catboost	HPCLAS_TRAIN_P_007421	1	HPCLAS_TRAIN_P_007421	0	A_clean_core	4.466277670341481	0.9886405146167009	1
layer30_mean	catboost	HPCLAS_TRAIN_P_007429	1	HPCLAS_TRAIN_P_007429	0	A_clean_core	5.586693472255145	0.9962665922873964	1
layer30_mean	catboost	HPCLAS_TRAIN_P_007431	1	HPCLAS_TRAIN_P_007431	0	A_clean_core	1.0375373710764435	0.73837456075602	1
layer30_mean	catboost	HPCLAS_TRAIN_P_007441	1	HPCLAS_TRAIN_P_007441	0	A_clean_core	6.191116620014898	0.9979566446968626	1
layer30_mean	catboost	HPCLAS_TRAIN_P_007448	1	HPCLAS_TRAIN_P_007448	0	A_clean_core	0.5246946742228382	0.6282448812603555	1
