clean_id	label	homology_group	fold	quality_tier	raw_score	probability_uncalibrated	prediction_at_fixed_boundary
HPCLAS_TRAIN_N_000012	0	HPCLAS_TRAIN_N_000012	1	A_clean_core	-10.76826896550776	2.105673655924477e-05	0
HPCLAS_TRAIN_N_000013	0	HPCLAS_TRAIN_N_000013	1	A_clean_core	-3.0939485300890617	0.04335756344881765	0
HPCLAS_TRAIN_N_000017	0	HPCLAS_TRAIN_N_000017	1	A_clean_core	-0.8248674150162052	0.30473142072979076	0
HPCLAS_TRAIN_N_000018	0	HPCLAS_TRAIN_N_000018	1	A_clean_core	-13.526441616354457	1.3351819923610754e-06	0
HPCLAS_TRAIN_N_000019	0	HPCLAS_TRAIN_P_002956	1	B_ambiguous	-10.99449220536123	1.6793662091973207e-05	0
HPCLAS_TRAIN_N_000021	0	HPCLAS_TRAIN_N_000021	1	D_hard_sample	-4.795479251200339	0.008199252377663103	0
HPCLAS_TRAIN_N_000022	0	HPCLAS_TRAIN_N_000022	1	A_clean_core	-7.723176739315079	0.0004422571338379116	0
HPCLAS_TRAIN_N_000032	0	HPCLAS_TRAIN_N_000032	1	A_clean_core	-7.9343566471212466	0.0003580940826701933	0
HPCLAS_TRAIN_N_000034	0	HPCLAS_TRAIN_N_000034	1	D_hard_sample	-5.992941992388634	0.00249009307198048	0
HPCLAS_TRAIN_N_000036	0	HPCLAS_TRAIN_N_000036	1	D_hard_sample	0.17784455021004808	0.544344319745316	1
HPCLAS_TRAIN_N_000037	0	HPCLAS_TRAIN_N_000037	1	A_clean_core	-12.941422496615768	2.3966829199513356e-06	0
HPCLAS_TRAIN_N_000055	0	HPCLAS_TRAIN_N_000055	1	A_clean_core	-11.072961438996874	1.5526272554969405e-05	0
HPCLAS_TRAIN_N_000056	0	HPCLAS_TRAIN_N_000056	1	A_clean_core	-8.877521028209253	0.00013947007330325593	0
HPCLAS_TRAIN_N_000067	0	HPCLAS_TRAIN_N_000067	1	A_clean_core	-8.527863398406964	0.00019783815586593172	0
HPCLAS_TRAIN_N_000072	0	HPCLAS_TRAIN_N_000072	1	A_clean_core	-7.826210358922802	0.0003989759516333155	0
HPCLAS_TRAIN_N_000082	0	HPCLAS_TRAIN_N_000082	1	A_clean_core	-8.99864935434594	0.00012356133032866465	0
HPCLAS_TRAIN_N_000096	0	HPCLAS_TRAIN_N_000096	1	A_clean_core	-11.298094617943248	1.2396368211919908e-05	0
HPCLAS_TRAIN_N_000098	0	HPCLAS_TRAIN_N_000098	1	A_clean_core	-14.765644069472522	3.866892429952684e-07	0
HPCLAS_TRAIN_N_000103	0	HPCLAS_TRAIN_N_000103	1	A_clean_core	-6.09951443439301	0.0022389329739426274	0
HPCLAS_TRAIN_N_000116	0	HPCLAS_TRAIN_N_000116	1	A_clean_core	-3.0708207491481643	0.04432704587716953	0
HPCLAS_TRAIN_N_000117	0	HPCLAS_TRAIN_N_000117	1	A_clean_core	-3.0392271009022114	0.0456848556160016	0
HPCLAS_TRAIN_N_000123	0	HPCLAS_TRAIN_N_000123	1	A_clean_core	-13.985103129500043	8.440079073398137e-07	0
HPCLAS_TRAIN_N_000134	0	HPCLAS_TRAIN_N_000134	1	D_hard_sample	2.924798844495892	0.9490588055234283	1
HPCLAS_TRAIN_N_000145	0	HPCLAS_TRAIN_N_000145	1	A_clean_core	-5.791826375215365	0.0030431134443110346	0
HPCLAS_TRAIN_N_000156	0	HPCLAS_TRAIN_N_000156	1	D_hard_sample	-7.339026518054821	0.0006492608540259416	0
HPCLAS_TRAIN_N_000161	0	HPCLAS_TRAIN_N_000161	1	D_hard_sample	-2.30913119631235	0.09036953745946383	0
HPCLAS_TRAIN_N_000162	0	HPCLAS_TRAIN_N_000162	1	A_clean_core	-11.636248241266799	8.839704751618886e-06	0
HPCLAS_TRAIN_N_000167	0	HPCLAS_TRAIN_N_000167	1	A_clean_core	-1.7808378041898312	0.14419971307329732	0
HPCLAS_TRAIN_N_000168	0	HPCLAS_TRAIN_N_000168	1	D_hard_sample	-6.6308172386622495	0.0013173469463202956	0
HPCLAS_TRAIN_N_000169	0	HPCLAS_TRAIN_N_000169	1	A_clean_core	-18.8695604908983	6.383428526817296e-09	0
HPCLAS_TRAIN_N_000176	0	HPCLAS_TRAIN_N_000176	1	A_clean_core	-7.309908712947848	0.0006684310103254003	0
HPCLAS_TRAIN_N_000184	0	HPCLAS_TRAIN_N_000184	1	A_clean_core	-4.367726721642548	0.012521263044149999	0
HPCLAS_TRAIN_N_000187	0	HPCLAS_TRAIN_N_000187	1	A_clean_core	-6.248412250929508	0.0019297903561340045	0
HPCLAS_TRAIN_N_000188	0	HPCLAS_TRAIN_N_000188	1	A_clean_core	-8.96934007929788	0.00012723594972777178	0
HPCLAS_TRAIN_N_000197	0	HPCLAS_TRAIN_N_000197	1	A_clean_core	-5.849293062527071	0.0028736540999323335	0
HPCLAS_TRAIN_N_000198	0	HPCLAS_TRAIN_N_000198	1	B_ambiguous	-2.3672818617162523	0.08570188508392602	0
HPCLAS_TRAIN_N_000206	0	HPCLAS_TRAIN_N_000206	1	A_clean_core	-11.653954201591445	8.684568123700298e-06	0
HPCLAS_TRAIN_N_000218	0	HPCLAS_TRAIN_N_000218	1	A_clean_core	-7.441115761402488	0.0005862863594782332	0
HPCLAS_TRAIN_N_000219	0	HPCLAS_TRAIN_N_000219	1	A_clean_core	-2.2726815125336106	0.09341087985988315	0
HPCLAS_TRAIN_N_000220	0	HPCLAS_TRAIN_N_000220	1	A_clean_core	-7.849498678359478	0.0003897954086245802	0
HPCLAS_TRAIN_N_000224	0	HPCLAS_TRAIN_N_000224	1	A_clean_core	-6.01127208937918	0.0024449757874181566	0
HPCLAS_TRAIN_N_000240	0	HPCLAS_TRAIN_N_000240	1	A_clean_core	-3.438940671396298	0.031100389221864675	0
HPCLAS_TRAIN_N_000248	0	HPCLAS_TRAIN_N_000248	1	A_clean_core	-11.854223867956087	7.108417047646063e-06	0
HPCLAS_TRAIN_N_000249	0	HPCLAS_TRAIN_N_000249	1	A_clean_core	-12.696447041943289	3.0619759842305427e-06	0
HPCLAS_TRAIN_N_000250	0	HPCLAS_TRAIN_N_000250	1	D_hard_sample	3.0413955537007307	0.9544095909640007	1
HPCLAS_TRAIN_N_000252	0	HPCLAS_TRAIN_N_000252	1	A_clean_core	-10.223847255204795	3.62930770796664e-05	0
HPCLAS_TRAIN_N_000257	0	HPCLAS_TRAIN_N_000257	1	D_hard_sample	1.1625739709697571	0.7618001041305978	1
HPCLAS_TRAIN_N_000258	0	HPCLAS_TRAIN_N_000258	1	A_clean_core	-4.912644281603292	0.007299346910841824	0
HPCLAS_TRAIN_N_000260	0	HPCLAS_TRAIN_N_000260	1	A_clean_core	-12.603839672487865	3.359081341720259e-06	0
HPCLAS_TRAIN_N_000267	0	HPCLAS_TRAIN_N_000267	1	A_clean_core	-5.077328528043946	0.006197894082120896	0
HPCLAS_TRAIN_N_000271	0	HPCLAS_TRAIN_N_000271	1	A_clean_core	-4.668706828658226	0.009297149175549257	0
HPCLAS_TRAIN_N_000283	0	HPCLAS_TRAIN_N_000283	1	D_hard_sample	-0.7342409593447439	0.324264768892569	0
HPCLAS_TRAIN_N_000286	0	HPCLAS_TRAIN_N_000286	1	A_clean_core	-7.80440904786237	0.00040776607356411476	0
HPCLAS_TRAIN_N_000288	0	HPCLAS_TRAIN_N_000288	1	D_hard_sample	1.1369665945584515	0.7571222668727369	1
HPCLAS_TRAIN_N_000290	0	HPCLAS_TRAIN_N_000290	1	A_clean_core	-13.486554638130468	1.3895146733610848e-06	0
HPCLAS_TRAIN_N_000296	0	HPCLAS_TRAIN_N_000296	1	A_clean_core	1.026554332517005	0.7362473362149882	1
HPCLAS_TRAIN_N_000299	0	HPCLAS_TRAIN_N_000299	1	A_clean_core	-5.849110986196614	0.002874175867986292	0
HPCLAS_TRAIN_N_000317	0	HPCLAS_TRAIN_N_000317	1	D_hard_sample	5.390123847347854	0.9954593035882533	1
HPCLAS_TRAIN_N_000321	0	HPCLAS_TRAIN_N_000321	1	A_clean_core	-4.4933872661004095	0.011059030966552	0
HPCLAS_TRAIN_N_000324	0	HPCLAS_TRAIN_N_000324	1	D_hard_sample	-4.2955357767323	0.013446008253103459	0
HPCLAS_TRAIN_N_000326	0	HPCLAS_TRAIN_N_000326	1	D_hard_sample	2.267319295761714	0.9061340281620498	1
HPCLAS_TRAIN_N_000340	0	HPCLAS_TRAIN_N_000340	1	A_clean_core	-12.16199244445302	5.225303530859223e-06	0
HPCLAS_TRAIN_N_000345	0	HPCLAS_TRAIN_N_000345	1	A_clean_core	-4.612397208837121	0.009830394234297572	0
HPCLAS_TRAIN_N_000365	0	HPCLAS_TRAIN_N_000365	1	A_clean_core	0.1576741338914074	0.5393370702117887	1
HPCLAS_TRAIN_N_000390	0	HPCLAS_TRAIN_N_000390	1	D_hard_sample	4.037968892841343	0.9826722927225664	1
HPCLAS_TRAIN_N_000392	0	HPCLAS_TRAIN_N_000392	1	A_clean_core	-8.380243162952691	0.00022930157696506915	0
HPCLAS_TRAIN_N_000393	0	HPCLAS_TRAIN_N_000393	1	D_hard_sample	-9.213293832228846	9.969514957821284e-05	0
HPCLAS_TRAIN_N_000402	0	HPCLAS_TRAIN_N_000402	1	A_clean_core	-3.7409532939521064	0.023181341973641356	0
HPCLAS_TRAIN_N_000403	0	HPCLAS_TRAIN_N_000403	1	D_hard_sample	-4.939837949796792	0.007104916806027466	0
HPCLAS_TRAIN_N_000404	0	HPCLAS_TRAIN_N_000404	1	A_clean_core	-9.416533802678732	8.136094697800539e-05	0
HPCLAS_TRAIN_N_000405	0	HPCLAS_TRAIN_N_000405	1	D_hard_sample	-1.8039211467564318	0.14137441628702196	0
HPCLAS_TRAIN_N_000421	0	HPCLAS_TRAIN_N_000421	1	A_clean_core	-6.158397040674858	0.0021111753520444447	0
HPCLAS_TRAIN_N_000435	0	HPCLAS_TRAIN_N_000435	1	A_clean_core	-12.370293294005505	4.242755843478633e-06	0
HPCLAS_TRAIN_N_000441	0	HPCLAS_TRAIN_N_000441	1	A_clean_core	-7.429515489696236	0.0005931229833508331	0
HPCLAS_TRAIN_N_000445	0	HPCLAS_TRAIN_N_000445	1	A_clean_core	-7.169798233121433	0.0007688863296411024	0
HPCLAS_TRAIN_N_000448	0	HPCLAS_TRAIN_N_000448	1	A_clean_core	-0.8911264073594882	0.2908774312028475	0
HPCLAS_TRAIN_N_000450	0	HPCLAS_TRAIN_N_000450	1	A_clean_core	-7.2894294008413105	0.0006822517144830473	0
HPCLAS_TRAIN_N_000453	0	HPCLAS_TRAIN_N_000453	1	A_clean_core	-1.6514128992020334	0.16091808363624144	0
HPCLAS_TRAIN_N_000455	0	HPCLAS_TRAIN_N_000455	1	A_clean_core	-7.750392818030074	0.00043038805673200557	0
HPCLAS_TRAIN_N_000458	0	HPCLAS_TRAIN_N_000458	1	B_ambiguous	-0.19569903609291384	0.4512307891119397	0
HPCLAS_TRAIN_N_000464	0	HPCLAS_TRAIN_N_000464	1	B_ambiguous	-6.645573338553172	0.0012980758094471626	0
HPCLAS_TRAIN_N_000469	0	HPCLAS_TRAIN_N_000469	1	A_clean_core	-10.601262626243596	2.4883950749823676e-05	0
HPCLAS_TRAIN_N_000471	0	HPCLAS_TRAIN_N_004080	1	D_hard_sample	-8.523127436960197	0.00019877714525348965	0
HPCLAS_TRAIN_N_000473	0	HPCLAS_TRAIN_N_000473	1	A_clean_core	-11.765160250921197	7.770562351340528e-06	0
HPCLAS_TRAIN_N_000476	0	HPCLAS_TRAIN_N_000476	1	A_clean_core	-4.5580861796610685	0.010373365950952923	0
HPCLAS_TRAIN_N_000487	0	HPCLAS_TRAIN_N_000487	1	D_hard_sample	-0.47810068977192177	0.3827007198720681	0
HPCLAS_TRAIN_N_000490	0	HPCLAS_TRAIN_N_000490	1	A_clean_core	-1.1737902421160502	0.23617056364296746	0
HPCLAS_TRAIN_N_000496	0	HPCLAS_TRAIN_N_000496	1	A_clean_core	-0.09118782965149208	0.4772188262729846	0
HPCLAS_TRAIN_N_000497	0	HPCLAS_TRAIN_N_000497	1	A_clean_core	-12.100344676135004	5.55756645359867e-06	0
HPCLAS_TRAIN_N_000507	0	HPCLAS_TRAIN_N_000507	1	A_clean_core	-5.269575122399344	0.0051194527803762385	0
HPCLAS_TRAIN_N_000513	0	HPCLAS_TRAIN_N_000513	1	A_clean_core	-6.962826151605199	0.0009455232101932142	0
HPCLAS_TRAIN_N_000514	0	HPCLAS_TRAIN_N_000514	1	A_clean_core	-4.439913949428528	0.011659408114027076	0
HPCLAS_TRAIN_N_000518	0	HPCLAS_TRAIN_N_000518	1	A_clean_core	-5.514855992366449	0.0040103594036849845	0
HPCLAS_TRAIN_N_000536	0	HPCLAS_TRAIN_N_000536	1	A_clean_core	-9.498216348181618	7.497983623092712e-05	0
HPCLAS_TRAIN_N_000538	0	HPCLAS_TRAIN_N_000538	1	A_clean_core	-14.035639552315569	8.024146403774474e-07	0
HPCLAS_TRAIN_N_000540	0	HPCLAS_TRAIN_N_000540	1	A_clean_core	-8.07629446055346	0.0003107240828690604	0
HPCLAS_TRAIN_N_000541	0	HPCLAS_TRAIN_N_000541	1	A_clean_core	0.9660880178601516	0.7243390704709618	1
HPCLAS_TRAIN_N_000544	0	HPCLAS_TRAIN_N_000544	1	D_hard_sample	5.592728869311347	0.9962889736580824	1
HPCLAS_TRAIN_N_000545	0	HPCLAS_TRAIN_N_000545	1	A_clean_core	-8.433127157228936	0.00021749282995264463	0
HPCLAS_TRAIN_N_000559	0	HPCLAS_TRAIN_N_000559	1	A_clean_core	-2.2628913207346857	0.0942432718247052	0
HPCLAS_TRAIN_N_000561	0	HPCLAS_TRAIN_N_000561	1	A_clean_core	-19.755037537470557	2.633274942546692e-09	0
HPCLAS_TRAIN_N_000562	0	HPCLAS_TRAIN_N_000562	1	A_clean_core	-2.531973946865527	0.07364686462910934	0
HPCLAS_TRAIN_N_000565	0	HPCLAS_TRAIN_N_000565	1	A_clean_core	-9.709805788761711	6.068181624419124e-05	0
HPCLAS_TRAIN_N_000570	0	HPCLAS_TRAIN_N_000570	1	D_hard_sample	-0.08016819880209436	0.47996867749296696	0
HPCLAS_TRAIN_N_000576	0	HPCLAS_TRAIN_N_000576	1	A_clean_core	-7.737261192579023	0.0004360745416118445	0
HPCLAS_TRAIN_N_000578	0	HPCLAS_TRAIN_N_000578	1	A_clean_core	-5.557890430893162	0.0038420856710262487	0
HPCLAS_TRAIN_N_000586	0	HPCLAS_TRAIN_N_000586	1	A_clean_core	-3.3287162053566295	0.03459908596984941	0
HPCLAS_TRAIN_N_000594	0	HPCLAS_TRAIN_N_000594	1	D_hard_sample	9.893912915973154	0.9999495215172041	1
HPCLAS_TRAIN_N_000595	0	HPCLAS_TRAIN_N_000595	1	A_clean_core	-10.589127216776163	2.5187759770208408e-05	0
HPCLAS_TRAIN_N_000609	0	HPCLAS_TRAIN_N_000609	1	A_clean_core	-8.624258734169423	0.00017966107271355397	0
HPCLAS_TRAIN_N_000612	0	HPCLAS_TRAIN_N_000612	1	A_clean_core	-4.544106730144256	0.010517862296379986	0
HPCLAS_TRAIN_N_000615	0	HPCLAS_TRAIN_N_000615	1	A_clean_core	-8.392777365374426	0.00022644604868490948	0
HPCLAS_TRAIN_N_000635	0	HPCLAS_TRAIN_N_000635	1	D_hard_sample	1.1305491765875875	0.7559402334485957	1
HPCLAS_TRAIN_N_000647	0	HPCLAS_TRAIN_N_000647	1	A_clean_core	-9.108227952251383	0.00011073853266634328	0
HPCLAS_TRAIN_N_000649	0	HPCLAS_TRAIN_N_000649	1	D_hard_sample	0.6858512147194444	0.6650433742107481	1
HPCLAS_TRAIN_N_000652	0	HPCLAS_TRAIN_N_000652	1	A_clean_core	-9.722772768085198	5.990008283461457e-05	0
HPCLAS_TRAIN_N_000664	0	HPCLAS_TRAIN_P_006891	1	B_ambiguous	-7.43180120456481	0.0005917696228841927	0
HPCLAS_TRAIN_N_000671	0	HPCLAS_TRAIN_N_000671	1	A_clean_core	-8.210772898805025	0.00027163682867177135	0
HPCLAS_TRAIN_N_000674	0	HPCLAS_TRAIN_N_000674	1	D_hard_sample	-2.6934688565808784	0.06335984566721845	0
HPCLAS_TRAIN_N_000698	0	HPCLAS_TRAIN_N_000698	1	D_hard_sample	3.693140015574099	0.9757109325175373	1
HPCLAS_TRAIN_N_000699	0	HPCLAS_TRAIN_N_000699	1	A_clean_core	-7.353008778195008	0.000640251663357352	0
HPCLAS_TRAIN_N_000701	0	HPCLAS_TRAIN_N_000701	1	A_clean_core	-6.490564782261881	0.0015153917034113713	0
HPCLAS_TRAIN_N_000717	0	HPCLAS_TRAIN_N_000717	1	A_clean_core	-15.37566991174905	2.1010254374732978e-07	0
HPCLAS_TRAIN_N_000722	0	HPCLAS_TRAIN_N_000722	1	A_clean_core	-3.0922659913158013	0.043427404906306595	0
HPCLAS_TRAIN_N_000730	0	HPCLAS_TRAIN_N_000730	1	D_hard_sample	-2.5034596385884926	0.07561600210624263	0
HPCLAS_TRAIN_N_000737	0	HPCLAS_TRAIN_N_000737	1	A_clean_core	-10.213288934164924	3.667828699051976e-05	0
HPCLAS_TRAIN_N_000746	0	HPCLAS_TRAIN_N_000746	1	A_clean_core	-14.847785192343672	3.561956962578152e-07	0
HPCLAS_TRAIN_N_000748	0	HPCLAS_TRAIN_N_000748	1	D_hard_sample	-2.857895433071617	0.054274624285712926	0
HPCLAS_TRAIN_N_000753	0	HPCLAS_TRAIN_N_000753	1	A_clean_core	-2.921408312662744	0.05110536356808515	0
HPCLAS_TRAIN_N_000756	0	HPCLAS_TRAIN_N_000756	1	A_clean_core	-1.8853484725982277	0.1317757439344725	0
HPCLAS_TRAIN_N_000769	0	HPCLAS_TRAIN_N_000769	1	A_clean_core	-11.621035515932144	8.975207615780118e-06	0
HPCLAS_TRAIN_N_000771	0	HPCLAS_TRAIN_N_000771	1	A_clean_core	-11.735638813428876	8.00337830867165e-06	0
HPCLAS_TRAIN_N_000779	0	HPCLAS_TRAIN_N_000779	1	D_hard_sample	-4.1560205685161815	0.015428036761506942	0
HPCLAS_TRAIN_N_000796	0	HPCLAS_TRAIN_N_000796	1	A_clean_core	-11.091578344099064	1.5239899775853433e-05	0
HPCLAS_TRAIN_N_000818	0	HPCLAS_TRAIN_N_000818	1	A_clean_core	-11.168758403546828	1.4107944047784001e-05	0
HPCLAS_TRAIN_N_000844	0	HPCLAS_TRAIN_N_000844	1	A_clean_core	-10.77017696732213	2.101659941510249e-05	0
HPCLAS_TRAIN_N_000846	0	HPCLAS_TRAIN_N_000846	1	D_hard_sample	10.514781185650559	0.999972868314806	1
HPCLAS_TRAIN_N_000850	0	HPCLAS_TRAIN_N_000850	1	A_clean_core	-14.175378487641503	6.977679876130031e-07	0
HPCLAS_TRAIN_N_000851	0	HPCLAS_TRAIN_N_000851	1	D_hard_sample	-1.4751537145001166	0.1861605382946147	0
HPCLAS_TRAIN_N_000859	0	HPCLAS_TRAIN_N_000859	1	A_clean_core	-8.183107366950711	0.00027925459634456796	0
HPCLAS_TRAIN_N_000860	0	HPCLAS_TRAIN_N_000860	1	D_hard_sample	1.2516571386933606	0.7775865879916587	1
HPCLAS_TRAIN_N_000867	0	HPCLAS_TRAIN_N_000867	1	A_clean_core	-18.41651705163829	1.0041723624403561e-08	0
HPCLAS_TRAIN_N_000872	0	HPCLAS_TRAIN_N_000872	1	A_clean_core	-5.219445275519895	0.005381215387848245	0
HPCLAS_TRAIN_N_000874	0	HPCLAS_TRAIN_N_000874	1	A_clean_core	-7.0636256792616	0.0008549385324677465	0
HPCLAS_TRAIN_N_000875	0	HPCLAS_TRAIN_N_000875	1	A_clean_core	-7.325323153195287	0.0006582132551540674	0
HPCLAS_TRAIN_N_000877	0	HPCLAS_TRAIN_N_000877	1	A_clean_core	0.3208968857295398	0.5795428145096683	1
HPCLAS_TRAIN_N_000879	0	HPCLAS_TRAIN_N_000879	1	D_hard_sample	0.03330060866058737	0.5083243829158293	1
HPCLAS_TRAIN_N_000890	0	HPCLAS_TRAIN_N_000890	1	A_clean_core	-5.920152456141835	0.002677602031510735	0
HPCLAS_TRAIN_N_000891	0	HPCLAS_TRAIN_N_000891	1	A_clean_core	-6.717523917011404	0.0012080682103713868	0
HPCLAS_TRAIN_N_000901	0	HPCLAS_TRAIN_N_000901	1	A_clean_core	-2.684465595462707	0.06389625267209804	0
HPCLAS_TRAIN_N_000911	0	HPCLAS_TRAIN_N_000911	1	A_clean_core	-7.813196359814491	0.00040420004503773197	0
HPCLAS_TRAIN_N_000929	0	HPCLAS_TRAIN_N_000929	1	D_hard_sample	2.5109978163019955	0.9249092203985866	1
HPCLAS_TRAIN_N_000934	0	HPCLAS_TRAIN_N_000934	1	A_clean_core	-6.1992887159375965	0.002026758558872855	0
HPCLAS_TRAIN_N_000938	0	HPCLAS_TRAIN_N_000938	1	A_clean_core	-9.058364834717805	0.00011639962537288276	0
HPCLAS_TRAIN_N_000942	0	HPCLAS_TRAIN_N_000942	1	A_clean_core	-14.214119699868554	6.712525641812353e-07	0
HPCLAS_TRAIN_N_000947	0	HPCLAS_TRAIN_N_000947	1	A_clean_core	-8.102670696170057	0.0003026379413661853	0
HPCLAS_TRAIN_N_000948	0	HPCLAS_TRAIN_N_000948	1	A_clean_core	-11.564697218811824	9.495365559576311e-06	0
HPCLAS_TRAIN_N_000950	0	HPCLAS_TRAIN_N_000950	1	A_clean_core	-8.694486435022473	0.00016747877555638152	0
HPCLAS_TRAIN_N_000951	0	HPCLAS_TRAIN_N_000951	1	B_ambiguous	-5.931785123388581	0.00264671680414209	0
HPCLAS_TRAIN_N_000970	0	HPCLAS_TRAIN_N_000970	1	A_clean_core	-6.852585107917502	0.0010556049433135312	0
HPCLAS_TRAIN_N_000972	0	HPCLAS_TRAIN_N_000972	1	B_ambiguous	-9.323343265864514	8.930683112171419e-05	0
HPCLAS_TRAIN_N_000991	0	HPCLAS_TRAIN_N_000991	1	A_clean_core	-9.838551017379263	5.3351718414933864e-05	0
HPCLAS_TRAIN_N_000999	0	HPCLAS_TRAIN_N_000999	1	D_hard_sample	5.64291611258726	0.9964699822353332	1
HPCLAS_TRAIN_N_001003	0	HPCLAS_TRAIN_N_001003	1	D_hard_sample	-6.372191143281164	0.0017054980536048195	0
HPCLAS_TRAIN_N_001006	0	HPCLAS_TRAIN_N_001006	1	A_clean_core	-3.505176694814918	0.029165296479366047	0
HPCLAS_TRAIN_N_001008	0	HPCLAS_TRAIN_N_001008	1	A_clean_core	-18.8858909656261	6.280030675112806e-09	0
HPCLAS_TRAIN_N_001041	0	HPCLAS_TRAIN_N_001041	1	D_hard_sample	-4.382560146037687	0.012339175460032594	0
HPCLAS_TRAIN_N_001048	0	HPCLAS_TRAIN_N_001048	1	A_clean_core	-4.928826656255176	0.0071830183825279895	0
HPCLAS_TRAIN_N_001050	0	HPCLAS_TRAIN_N_001050	1	A_clean_core	-17.87028538725137	1.7339383764746787e-08	0
HPCLAS_TRAIN_N_001057	0	HPCLAS_TRAIN_N_001057	1	D_hard_sample	-4.09394474955354	0.016399890728021067	0
HPCLAS_TRAIN_N_001060	0	HPCLAS_TRAIN_P_006534	1	B_ambiguous	-7.239423639878224	0.0007172105490048437	0
HPCLAS_TRAIN_N_001062	0	HPCLAS_TRAIN_N_001062	1	A_clean_core	-2.1743146224657863	0.10208087401604728	0
HPCLAS_TRAIN_N_001072	0	HPCLAS_TRAIN_N_001072	1	B_ambiguous	-3.0654574646643766	0.04455480225529993	0
HPCLAS_TRAIN_N_001073	0	HPCLAS_TRAIN_P_002532	1	B_ambiguous	-7.041590232582394	0.0008739699328712343	0
HPCLAS_TRAIN_N_001075	0	HPCLAS_TRAIN_N_001075	1	A_clean_core	-1.328621716849006	0.20938744079726707	0
HPCLAS_TRAIN_N_001086	0	HPCLAS_TRAIN_N_001086	1	A_clean_core	-7.773654180000449	0.0004204963474561425	0
HPCLAS_TRAIN_N_001092	0	HPCLAS_TRAIN_N_001092	1	A_clean_core	-5.927472988429232	0.00265812404413404	0
HPCLAS_TRAIN_N_001107	0	HPCLAS_TRAIN_N_001107	1	D_hard_sample	-7.723231002283676	0.00044223314691654603	0
HPCLAS_TRAIN_N_001110	0	HPCLAS_TRAIN_N_001110	1	A_clean_core	-7.969714171321577	0.0003456582840210704	0
HPCLAS_TRAIN_N_001114	0	HPCLAS_TRAIN_N_001114	1	A_clean_core	-9.344820590573427	8.740937603485732e-05	0
HPCLAS_TRAIN_N_001116	0	HPCLAS_TRAIN_N_001116	1	D_hard_sample	-0.6581069469644834	0.34116498777282833	0
HPCLAS_TRAIN_N_001118	0	HPCLAS_TRAIN_N_001118	1	D_hard_sample	6.216586696104815	0.9980079295487811	1
HPCLAS_TRAIN_N_001119	0	HPCLAS_TRAIN_N_001119	1	A_clean_core	-9.511249275225154	7.400904170616499e-05	0
HPCLAS_TRAIN_N_001124	0	HPCLAS_TRAIN_N_001124	1	A_clean_core	-6.98613435862034	0.0009237597367604063	0
HPCLAS_TRAIN_N_001129	0	HPCLAS_TRAIN_N_001129	1	A_clean_core	-8.830939546543302	0.00014611951478050352	0
HPCLAS_TRAIN_N_001130	0	HPCLAS_TRAIN_N_001130	1	B_ambiguous	-5.000485276837059	0.006689625548558774	0
HPCLAS_TRAIN_N_001133	0	HPCLAS_TRAIN_N_001133	1	A_clean_core	-11.70919082972743	8.217873771405396e-06	0
HPCLAS_TRAIN_N_001135	0	HPCLAS_TRAIN_N_001135	1	A_clean_core	-3.126405540834858	0.042031098094961916	0
HPCLAS_TRAIN_N_001148	0	HPCLAS_TRAIN_N_001148	1	A_clean_core	-13.241755661526849	1.7749160419872434e-06	0
HPCLAS_TRAIN_N_001158	0	HPCLAS_TRAIN_N_001158	1	B_ambiguous	-0.7248212810298926	0.32633218881343967	0
HPCLAS_TRAIN_N_001177	0	HPCLAS_TRAIN_N_001177	1	A_clean_core	-10.856033314056102	1.928751424418357e-05	0
HPCLAS_TRAIN_N_001189	0	HPCLAS_TRAIN_N_001189	1	A_clean_core	-6.737652918896586	0.0011840226140253157	0
HPCLAS_TRAIN_N_001191	0	HPCLAS_TRAIN_N_001191	1	A_clean_core	-8.41876872607915	0.00022063751913270415	0
HPCLAS_TRAIN_N_001198	0	HPCLAS_TRAIN_N_001198	1	B_ambiguous	-9.992168662030743	4.575477418797478e-05	0
HPCLAS_TRAIN_N_001203	0	HPCLAS_TRAIN_N_001203	1	A_clean_core	-10.710141196642883	2.231696260192687e-05	0
HPCLAS_TRAIN_N_001215	0	HPCLAS_TRAIN_N_001215	1	D_hard_sample	-0.15711313957144668	0.46080231335497707	0
HPCLAS_TRAIN_N_001220	0	HPCLAS_TRAIN_N_001220	1	A_clean_core	-10.451196390388635	2.8912824595968788e-05	0
HPCLAS_TRAIN_N_001223	0	HPCLAS_TRAIN_N_001223	1	A_clean_core	-4.737039894772213	0.008688401872072383	0
HPCLAS_TRAIN_N_001227	0	HPCLAS_TRAIN_N_001227	1	A_clean_core	-5.667538741473287	0.003444456527695772	0
HPCLAS_TRAIN_N_001236	0	HPCLAS_TRAIN_N_001236	1	A_clean_core	-15.335494571719703	2.187153355254688e-07	0
HPCLAS_TRAIN_N_001241	0	HPCLAS_TRAIN_N_001241	1	A_clean_core	-11.03025003013595	1.6203776363337378e-05	0
HPCLAS_TRAIN_N_001245	0	HPCLAS_TRAIN_N_001245	1	A_clean_core	-5.887993920477971	0.002764867357468009	0
HPCLAS_TRAIN_N_001249	0	HPCLAS_TRAIN_N_001249	1	A_clean_core	-22.498779155886073	1.693964727315013e-10	0
HPCLAS_TRAIN_N_001263	0	HPCLAS_TRAIN_P_001506	1	B_ambiguous	2.2787564177143222	0.9071023060885953	1
HPCLAS_TRAIN_N_001266	0	HPCLAS_TRAIN_N_001266	1	A_clean_core	-5.430453034238383	0.004362000154984078	0
HPCLAS_TRAIN_N_001267	0	HPCLAS_TRAIN_N_001267	1	A_clean_core	-5.3524306952297565	0.004714293870661741	0
HPCLAS_TRAIN_N_001268	0	HPCLAS_TRAIN_N_001268	1	A_clean_core	-5.964252511988192	0.0025623814935665946	0
HPCLAS_TRAIN_N_001271	0	HPCLAS_TRAIN_N_001271	1	B_ambiguous	-2.5179598781627526	0.07460867752897503	0
HPCLAS_TRAIN_N_001285	0	HPCLAS_TRAIN_N_001285	1	D_hard_sample	-3.7779467987744795	0.0223582743697631	0
HPCLAS_TRAIN_N_001298	0	HPCLAS_TRAIN_N_001298	1	A_clean_core	-16.226017192195204	8.976979453580919e-08	0
HPCLAS_TRAIN_N_001303	0	HPCLAS_TRAIN_N_001303	1	A_clean_core	-7.752999209192808	0.0004292682386161289	0
HPCLAS_TRAIN_N_001304	0	HPCLAS_TRAIN_N_001304	1	A_clean_core	-5.171227950227173	0.005645539660698435	0
HPCLAS_TRAIN_N_001308	0	HPCLAS_TRAIN_N_001308	1	A_clean_core	-5.1480781516746585	0.00577699344708571	0
HPCLAS_TRAIN_N_001311	0	HPCLAS_TRAIN_N_001311	1	A_clean_core	-12.825584239249803	2.6910289443824973e-06	0
HPCLAS_TRAIN_N_001319	0	HPCLAS_TRAIN_N_001319	1	D_hard_sample	-1.4303084046234957	0.19305063576897372	0
HPCLAS_TRAIN_N_001323	0	HPCLAS_TRAIN_N_001323	1	A_clean_core	-6.94341716626087	0.0009640362430980025	0
HPCLAS_TRAIN_N_001336	0	HPCLAS_TRAIN_N_001336	1	A_clean_core	-9.729857917663	5.947720686893878e-05	0
HPCLAS_TRAIN_N_001346	0	HPCLAS_TRAIN_N_001346	1	A_clean_core	-8.804031141686597	0.00015010413714839157	0
HPCLAS_TRAIN_N_001347	0	HPCLAS_TRAIN_N_001347	1	A_clean_core	-13.152952348282927	1.939744512732457e-06	0
HPCLAS_TRAIN_N_001369	0	HPCLAS_TRAIN_N_001369	1	A_clean_core	-5.799611773294096	0.0030195848429059383	0
HPCLAS_TRAIN_N_001371	0	HPCLAS_TRAIN_N_001371	1	D_hard_sample	0.498594446761806	0.6221289641637691	1
HPCLAS_TRAIN_N_001372	0	HPCLAS_TRAIN_N_001372	1	A_clean_core	-10.031622387934357	4.398480284010204e-05	0
HPCLAS_TRAIN_N_001383	0	HPCLAS_TRAIN_N_001383	1	A_clean_core	-9.419683309000808	8.110512401354714e-05	0
HPCLAS_TRAIN_N_001385	0	HPCLAS_TRAIN_N_001385	1	A_clean_core	-8.629669217642661	0.00017869181758069932	0
HPCLAS_TRAIN_N_001393	0	HPCLAS_TRAIN_N_001393	1	A_clean_core	-7.271771656551323	0.0006943972915465491	0
HPCLAS_TRAIN_N_001399	0	HPCLAS_TRAIN_N_001399	1	A_clean_core	-28.224589853591038	5.523525618056887e-13	0
HPCLAS_TRAIN_N_001408	0	HPCLAS_TRAIN_N_001408	1	A_clean_core	-7.006391108007282	0.0009052523888981123	0
HPCLAS_TRAIN_N_001410	0	HPCLAS_TRAIN_N_001410	1	A_clean_core	-6.452870603887728	0.0015735117800867182	0
HPCLAS_TRAIN_N_001424	0	HPCLAS_TRAIN_N_001424	1	A_clean_core	-5.7919935818590425	0.0030426062060992833	0
HPCLAS_TRAIN_N_001427	0	HPCLAS_TRAIN_N_001427	1	D_hard_sample	0.2867451690639271	0.5711991103618007	1
HPCLAS_TRAIN_N_001431	0	HPCLAS_TRAIN_N_001431	1	A_clean_core	-7.677266791683355	0.00046302480827744896	0
HPCLAS_TRAIN_N_001435	0	HPCLAS_TRAIN_N_001435	1	A_clean_core	-10.269372638292204	3.467792235694444e-05	0
HPCLAS_TRAIN_N_001437	0	HPCLAS_TRAIN_P_003824	1	B_ambiguous	2.2185956224575207	0.9019070194803143	1
HPCLAS_TRAIN_N_001445	0	HPCLAS_TRAIN_N_001445	1	A_clean_core	-7.397660381140444	0.0006123093813776991	0
HPCLAS_TRAIN_N_001448	0	HPCLAS_TRAIN_N_001448	1	A_clean_core	2.2890280099862164	0.9079642577658723	1
HPCLAS_TRAIN_N_001454	0	HPCLAS_TRAIN_N_001454	1	A_clean_core	-4.904448748829421	0.007358972717829181	0
HPCLAS_TRAIN_N_001456	0	HPCLAS_TRAIN_N_001456	1	A_clean_core	-1.6970415050122085	0.15485205665181312	0
HPCLAS_TRAIN_N_001465	0	HPCLAS_TRAIN_N_001465	1	A_clean_core	-11.828279149864876	7.295254824951842e-06	0
HPCLAS_TRAIN_N_001476	0	HPCLAS_TRAIN_N_001476	1	D_hard_sample	0.9517888673226418	0.7214747913525918	1
HPCLAS_TRAIN_N_001478	0	HPCLAS_TRAIN_N_001478	1	D_hard_sample	2.21792397871108	0.9018475826138294	1
HPCLAS_TRAIN_N_001490	0	HPCLAS_TRAIN_N_001490	1	A_clean_core	-7.850896836385994	0.0003892510058546264	0
HPCLAS_TRAIN_N_001505	0	HPCLAS_TRAIN_N_001505	1	A_clean_core	-6.806499475710144	0.0011053365463052187	0
HPCLAS_TRAIN_N_001507	0	HPCLAS_TRAIN_N_001507	1	D_hard_sample	4.718677630236822	0.991152010278313	1
HPCLAS_TRAIN_N_001511	0	HPCLAS_TRAIN_N_001511	1	A_clean_core	-10.805934590042964	2.0278388019131834e-05	0
HPCLAS_TRAIN_N_001512	0	HPCLAS_TRAIN_N_001512	1	A_clean_core	-6.971730595156128	0.0009371490811466758	0
HPCLAS_TRAIN_N_001513	0	HPCLAS_TRAIN_N_001513	1	A_clean_core	-1.1958139620014023	0.2322207262946159	0
HPCLAS_TRAIN_N_001521	0	HPCLAS_TRAIN_N_001521	1	D_hard_sample	8.409033551997684	0.9997772045277805	1
HPCLAS_TRAIN_N_001528	0	HPCLAS_TRAIN_N_001528	1	A_clean_core	-4.393699320715436	0.012204158056449733	0
HPCLAS_TRAIN_N_001530	0	HPCLAS_TRAIN_N_001530	1	A_clean_core	-5.7890765540123805	0.0030514674081388595	0
HPCLAS_TRAIN_N_001531	0	HPCLAS_TRAIN_N_001531	1	A_clean_core	-13.461458648286555	1.4248271168468572e-06	0
HPCLAS_TRAIN_N_001532	0	HPCLAS_TRAIN_N_001532	1	D_hard_sample	-9.731458276528302	5.938210376576573e-05	0
HPCLAS_TRAIN_N_001535	0	HPCLAS_TRAIN_P_004817	1	B_ambiguous	-2.259948628690749	0.09449476447055885	0
HPCLAS_TRAIN_N_001536	0	HPCLAS_TRAIN_N_001536	1	A_clean_core	-0.44090152004391836	0.39152617605127915	0
HPCLAS_TRAIN_N_001563	0	HPCLAS_TRAIN_N_001563	1	D_hard_sample	2.1758024623912804	0.8980554212234274	1
HPCLAS_TRAIN_N_001565	0	HPCLAS_TRAIN_N_001565	1	A_clean_core	-1.4427085993435949	0.19112625683724282	0
HPCLAS_TRAIN_N_001573	0	HPCLAS_TRAIN_N_001573	1	A_clean_core	-9.411860159377142	8.17420578346618e-05	0
HPCLAS_TRAIN_N_001575	0	HPCLAS_TRAIN_N_001575	1	A_clean_core	-11.206420100965069	1.3586502958068538e-05	0
HPCLAS_TRAIN_N_001584	0	HPCLAS_TRAIN_N_001584	1	A_clean_core	-7.289863345033966	0.0006819559213964094	0
HPCLAS_TRAIN_N_001585	0	HPCLAS_TRAIN_N_001585	1	A_clean_core	-10.072123362916507	4.2239041826704894e-05	0
HPCLAS_TRAIN_N_001588	0	HPCLAS_TRAIN_N_001588	1	A_clean_core	-8.33294148905162	0.00024040587339859684	0
HPCLAS_TRAIN_N_001603	0	HPCLAS_TRAIN_N_001603	1	A_clean_core	-4.614541958259117	0.009809539695529135	0
HPCLAS_TRAIN_N_001610	0	HPCLAS_TRAIN_N_001610	1	D_hard_sample	-3.1534901091887946	0.040953978222993466	0
HPCLAS_TRAIN_N_001614	0	HPCLAS_TRAIN_N_001614	1	A_clean_core	-5.821285172673051	0.002955035593542013	0
HPCLAS_TRAIN_N_001615	0	HPCLAS_TRAIN_N_001615	1	A_clean_core	-1.5962869015067964	0.168501211561951	0
HPCLAS_TRAIN_N_001617	0	HPCLAS_TRAIN_N_001617	1	A_clean_core	-7.0220978891379495	0.000891157441666425	0
HPCLAS_TRAIN_N_001622	0	HPCLAS_TRAIN_N_001622	1	A_clean_core	-6.630143470534362	0.0013182336613464618	0
HPCLAS_TRAIN_N_001625	0	HPCLAS_TRAIN_N_001625	1	D_hard_sample	4.0391566240543675	0.9826925051758475	1
HPCLAS_TRAIN_N_001634	0	HPCLAS_TRAIN_N_001634	1	A_clean_core	-8.755950781994805	0.00015749634745236844	0
HPCLAS_TRAIN_N_001650	0	HPCLAS_TRAIN_N_001650	1	A_clean_core	-6.769304086720695	0.0011471761003877651	0
HPCLAS_TRAIN_N_001659	0	HPCLAS_TRAIN_N_001659	1	A_clean_core	-7.161536775467983	0.0007752598178503247	0
HPCLAS_TRAIN_N_001662	0	HPCLAS_TRAIN_N_001662	1	A_clean_core	-7.1126526921139615	0.0008140676467544681	0
HPCLAS_TRAIN_N_001670	0	HPCLAS_TRAIN_N_001670	1	A_clean_core	-4.477994619657046	0.01122864938160046	0
HPCLAS_TRAIN_N_001674	0	HPCLAS_TRAIN_N_001674	1	A_clean_core	-11.3321488254224	1.198133175225986e-05	0
HPCLAS_TRAIN_N_001681	0	HPCLAS_TRAIN_N_001681	1	A_clean_core	-6.22374392859332	0.0019778917407655507	0
HPCLAS_TRAIN_N_001693	0	HPCLAS_TRAIN_N_001693	1	A_clean_core	-3.337911512606496	0.034293255374515774	0
HPCLAS_TRAIN_N_001694	0	HPCLAS_TRAIN_N_001694	1	D_hard_sample	4.141040361918261	0.9843427541743143	1
HPCLAS_TRAIN_N_001697	0	HPCLAS_TRAIN_N_001697	1	A_clean_core	-13.401069102875262	1.5135228420436023e-06	0
HPCLAS_TRAIN_N_001702	0	HPCLAS_TRAIN_N_001702	1	A_clean_core	-8.904410856328495	0.00013577022328517587	0
HPCLAS_TRAIN_N_001713	0	HPCLAS_TRAIN_N_001713	1	A_clean_core	-10.308478835387358	3.334801912352838e-05	0
HPCLAS_TRAIN_N_001719	0	HPCLAS_TRAIN_N_001719	1	D_hard_sample	1.08576421912628	0.747583257587057	1
HPCLAS_TRAIN_N_001731	0	HPCLAS_TRAIN_N_001731	1	D_hard_sample	-0.21218641646596303	0.44715153063880414	0
HPCLAS_TRAIN_N_001741	0	HPCLAS_TRAIN_N_001741	1	A_clean_core	-24.704639539950474	1.865998844088402e-11	0
HPCLAS_TRAIN_N_001745	0	HPCLAS_TRAIN_N_001745	1	A_clean_core	-5.667745253781586	0.0034437477278336905	0
HPCLAS_TRAIN_N_001758	0	HPCLAS_TRAIN_N_001758	1	A_clean_core	-3.5372606709284513	0.028270443532231477	0
HPCLAS_TRAIN_N_001761	0	HPCLAS_TRAIN_N_001761	1	A_clean_core	-6.389919849726663	0.0016755784441628441	0
HPCLAS_TRAIN_N_001776	0	HPCLAS_TRAIN_N_001776	1	A_clean_core	-3.732489479364208	0.023373771755930015	0
HPCLAS_TRAIN_N_001779	0	HPCLAS_TRAIN_N_001779	1	D_hard_sample	-11.465790714032257	1.048252265576408e-05	0
HPCLAS_TRAIN_N_001782	0	HPCLAS_TRAIN_N_001782	1	A_clean_core	-8.218334684909157	0.000269591067384255	0
HPCLAS_TRAIN_N_001787	0	HPCLAS_TRAIN_N_001787	1	A_clean_core	-11.946047846341886	6.484769196885746e-06	0
HPCLAS_TRAIN_N_001802	0	HPCLAS_TRAIN_N_001802	1	A_clean_core	-11.676560252861702	8.490448405204421e-06	0
HPCLAS_TRAIN_N_001805	0	HPCLAS_TRAIN_N_001805	1	A_clean_core	-9.58262510065638	6.891105009401504e-05	0
HPCLAS_TRAIN_N_001808	0	HPCLAS_TRAIN_N_001808	1	A_clean_core	-5.492399461496159	0.004101063464239299	0
HPCLAS_TRAIN_N_001811	0	HPCLAS_TRAIN_N_001811	1	D_hard_sample	2.150868816144624	0.8957499365598871	1
HPCLAS_TRAIN_N_001812	0	HPCLAS_TRAIN_N_001812	1	A_clean_core	-1.123210897949841	0.245416180787667	0
HPCLAS_TRAIN_N_001826	0	HPCLAS_TRAIN_N_001826	1	A_clean_core	-9.811603980444405	5.480885492718863e-05	0
HPCLAS_TRAIN_N_001832	0	HPCLAS_TRAIN_N_001832	1	D_hard_sample	-3.042386494936413	0.04554731068704097	0
HPCLAS_TRAIN_N_001841	0	HPCLAS_TRAIN_N_001841	1	A_clean_core	-6.099422597251737	0.002239138140161928	0
HPCLAS_TRAIN_N_001842	0	HPCLAS_TRAIN_N_001842	1	B_ambiguous	1.537535304581663	0.8231061453458297	1
HPCLAS_TRAIN_N_001843	0	HPCLAS_TRAIN_N_001843	1	A_clean_core	-7.930776399186078	0.0003593779844961091	0
HPCLAS_TRAIN_N_001860	0	HPCLAS_TRAIN_N_001860	1	A_clean_core	-7.386624802362867	0.0006190997855247843	0
HPCLAS_TRAIN_N_001885	0	HPCLAS_TRAIN_N_001885	1	A_clean_core	-10.402435810364256	3.0357523850972153e-05	0
HPCLAS_TRAIN_N_001893	0	HPCLAS_TRAIN_N_001893	1	A_clean_core	-7.813885995371159	0.0004039215029653761	0
HPCLAS_TRAIN_N_001900	0	HPCLAS_TRAIN_N_001900	1	D_hard_sample	2.2179197019706542	0.9018472040424442	1
HPCLAS_TRAIN_N_001902	0	HPCLAS_TRAIN_N_001902	1	A_clean_core	-4.117397157915208	0.016025840931948063	0
HPCLAS_TRAIN_N_001904	0	HPCLAS_TRAIN_N_001904	1	A_clean_core	-2.624974127890207	0.06754832069033412	0
HPCLAS_TRAIN_N_001923	0	HPCLAS_TRAIN_N_001923	1	A_clean_core	-7.629410765607862	0.0004857110808512404	0
HPCLAS_TRAIN_N_001927	0	HPCLAS_TRAIN_N_001927	1	A_clean_core	-3.6147373183887312	0.026218100670601704	0
HPCLAS_TRAIN_N_001930	0	HPCLAS_TRAIN_N_001930	1	A_clean_core	-11.76832272811901	7.746027131927412e-06	0
HPCLAS_TRAIN_N_001936	0	HPCLAS_TRAIN_N_001936	1	A_clean_core	-5.153502538045839	0.0057459212105525495	0
HPCLAS_TRAIN_N_001939	0	HPCLAS_TRAIN_N_001939	1	A_clean_core	-4.428275938117496	0.011794283361325738	0
HPCLAS_TRAIN_N_001945	0	HPCLAS_TRAIN_N_001945	1	A_clean_core	-4.848041140123261	0.007782682037622252	0
HPCLAS_TRAIN_N_001948	0	HPCLAS_TRAIN_N_001948	1	A_clean_core	-3.087553561626283	0.04362358787885835	0
HPCLAS_TRAIN_N_001954	0	HPCLAS_TRAIN_N_001954	1	A_clean_core	-4.403868858124076	0.01208216828134686	0
HPCLAS_TRAIN_N_001955	0	HPCLAS_TRAIN_N_001955	1	A_clean_core	-17.508179559162155	2.490543998442209e-08	0
HPCLAS_TRAIN_N_001963	0	HPCLAS_TRAIN_N_001963	1	D_hard_sample	0.5662859540184613	0.6379057375069658	1
HPCLAS_TRAIN_N_001964	0	HPCLAS_TRAIN_N_001964	1	A_clean_core	-22.500911070527916	1.6903571859621838e-10	0
HPCLAS_TRAIN_N_001980	0	HPCLAS_TRAIN_N_001980	1	A_clean_core	-17.700798292104697	2.054191687811932e-08	0
HPCLAS_TRAIN_N_001983	0	HPCLAS_TRAIN_N_001983	1	A_clean_core	-1.2525376774134198	0.22226116385840752	0
HPCLAS_TRAIN_N_001993	0	HPCLAS_TRAIN_N_001993	1	A_clean_core	-3.865981793884095	0.020512765722743048	0
HPCLAS_TRAIN_N_002000	0	HPCLAS_TRAIN_N_002000	1	D_hard_sample	-3.9600114339729675	0.018706300066910847	0
HPCLAS_TRAIN_N_002004	0	HPCLAS_TRAIN_P_005044	1	B_ambiguous	-12.23640282457015	4.850602299874109e-06	0
HPCLAS_TRAIN_N_002014	0	HPCLAS_TRAIN_N_002014	1	D_hard_sample	5.06932264261928	0.993752598370292	1
HPCLAS_TRAIN_N_002034	0	HPCLAS_TRAIN_N_002034	1	D_hard_sample	0.5759359454954143	0.640131732307328	1
HPCLAS_TRAIN_N_002043	0	HPCLAS_TRAIN_N_002043	1	A_clean_core	-8.607751969009303	0.00018265076133604038	0
HPCLAS_TRAIN_N_002044	0	HPCLAS_TRAIN_N_002044	1	A_clean_core	-10.750795308163637	2.142790022400989e-05	0
HPCLAS_TRAIN_N_002051	0	HPCLAS_TRAIN_N_002051	1	A_clean_core	-1.123630586134591	0.2453384682630434	0
HPCLAS_TRAIN_N_002053	0	HPCLAS_TRAIN_N_002053	1	A_clean_core	-7.617346469073361	0.0004916034347659834	0
HPCLAS_TRAIN_N_002055	0	HPCLAS_TRAIN_N_002055	1	A_clean_core	-10.976854468304644	1.709248677418697e-05	0
HPCLAS_TRAIN_N_002059	0	HPCLAS_TRAIN_N_002059	1	A_clean_core	-3.5611663926575776	0.02762107790267697	0
HPCLAS_TRAIN_N_002067	0	HPCLAS_TRAIN_N_002067	1	A_clean_core	-7.70438283482515	0.000450643687734944	0
HPCLAS_TRAIN_N_002073	0	HPCLAS_TRAIN_N_002073	1	D_hard_sample	2.564629586992343	0.9285502163987842	1
HPCLAS_TRAIN_N_002083	0	HPCLAS_TRAIN_N_002083	1	A_clean_core	-11.290569366213223	1.249000471536119e-05	0
HPCLAS_TRAIN_N_002085	0	HPCLAS_TRAIN_N_002085	1	A_clean_core	-4.394145389372016	0.01219878177210116	0
HPCLAS_TRAIN_N_002086	0	HPCLAS_TRAIN_N_002086	1	A_clean_core	-11.356248720008672	1.1696037881556191e-05	0
HPCLAS_TRAIN_N_002088	0	HPCLAS_TRAIN_N_002088	1	A_clean_core	-4.752856342667446	0.008553229390545843	0
HPCLAS_TRAIN_N_002100	0	HPCLAS_TRAIN_N_002100	1	A_clean_core	-5.3376043510287765	0.0047843734350464595	0
HPCLAS_TRAIN_N_002103	0	HPCLAS_TRAIN_N_002103	1	A_clean_core	-7.842017153833799	0.0003927214592662454	0
HPCLAS_TRAIN_N_002106	0	HPCLAS_TRAIN_N_002106	1	A_clean_core	-10.481157476314646	2.8059437322511212e-05	0
HPCLAS_TRAIN_N_002112	0	HPCLAS_TRAIN_N_002112	1	D_hard_sample	-3.767708610150507	0.02258316238689707	0
HPCLAS_TRAIN_N_002115	0	HPCLAS_TRAIN_N_002115	1	B_ambiguous	2.286451268373783	0.9077487054561442	1
HPCLAS_TRAIN_N_002122	0	HPCLAS_TRAIN_N_002122	1	D_hard_sample	2.8054217700231345	0.9429681041185181	1
HPCLAS_TRAIN_N_002123	0	HPCLAS_TRAIN_N_002123	1	B_ambiguous	-7.519397328654097	0.0005421652894299239	0
HPCLAS_TRAIN_N_002133	0	HPCLAS_TRAIN_N_002133	1	A_clean_core	-10.850540736155612	1.9393741828720928e-05	0
HPCLAS_TRAIN_N_002135	0	HPCLAS_TRAIN_N_002135	1	B_ambiguous	-11.419824296220161	1.09756072318897e-05	0
HPCLAS_TRAIN_N_002139	0	HPCLAS_TRAIN_N_002139	1	D_hard_sample	-2.4156983073203495	0.08198342846255878	0
HPCLAS_TRAIN_N_002151	0	HPCLAS_TRAIN_N_002151	1	D_hard_sample	-1.4964620449145842	0.1829537902451751	0
HPCLAS_TRAIN_N_002155	0	HPCLAS_TRAIN_N_002155	1	D_hard_sample	2.068474675057848	0.8878011132242489	1
HPCLAS_TRAIN_N_002164	0	HPCLAS_TRAIN_N_002164	1	D_hard_sample	1.206351897630627	0.7696528229509582	1
HPCLAS_TRAIN_N_002176	0	HPCLAS_TRAIN_N_002176	1	A_clean_core	-1.0138466311110141	0.2662277339411616	0
HPCLAS_TRAIN_N_002181	0	HPCLAS_TRAIN_N_002181	1	A_clean_core	-3.978157534637825	0.01837609637812077	0
HPCLAS_TRAIN_N_002183	0	HPCLAS_TRAIN_N_002183	1	D_hard_sample	3.056498807742188	0.955062270810581	1
HPCLAS_TRAIN_N_002186	0	HPCLAS_TRAIN_N_002186	1	A_clean_core	-14.496502917840594	5.061142392081218e-07	0
HPCLAS_TRAIN_N_002188	0	HPCLAS_TRAIN_N_002188	1	D_hard_sample	-5.667037788751452	0.0034461765219388784	0
HPCLAS_TRAIN_N_002191	0	HPCLAS_TRAIN_N_002191	1	B_ambiguous	0.40419148706801167	0.5996942920560807	1
HPCLAS_TRAIN_N_002196	0	HPCLAS_TRAIN_N_002196	1	A_clean_core	-0.7469048744127811	0.32149608687967257	0
HPCLAS_TRAIN_N_002199	0	HPCLAS_TRAIN_N_002199	1	B_ambiguous	2.416042654541024	0.9180424841180241	1
HPCLAS_TRAIN_N_002202	0	HPCLAS_TRAIN_N_002202	1	A_clean_core	-2.944636095413074	0.04999063780876322	0
HPCLAS_TRAIN_N_002203	0	HPCLAS_TRAIN_N_002203	1	D_hard_sample	3.7787804473591233	0.977659940585418	1
HPCLAS_TRAIN_N_002207	0	HPCLAS_TRAIN_N_002207	1	A_clean_core	-0.3216652205566506	0.420269974534302	0
HPCLAS_TRAIN_N_002208	0	HPCLAS_TRAIN_N_002208	1	D_hard_sample	1.0739564894766236	0.7453486023026367	1
HPCLAS_TRAIN_N_002216	0	HPCLAS_TRAIN_N_002216	1	B_ambiguous	-2.839004821977973	0.05525246271914344	0
HPCLAS_TRAIN_N_002224	0	HPCLAS_TRAIN_N_002224	1	D_hard_sample	3.7693218858193855	0.9774524202964928	1
HPCLAS_TRAIN_N_002231	0	HPCLAS_TRAIN_N_002231	1	A_clean_core	-6.350243439861153	0.0017432776361167434	0
HPCLAS_TRAIN_N_002234	0	HPCLAS_TRAIN_N_002234	1	A_clean_core	-6.730161482942428	0.00119291533043057	0
HPCLAS_TRAIN_N_002237	0	HPCLAS_TRAIN_N_002237	1	A_clean_core	-12.210838231242302	4.9762039956433114e-06	0
HPCLAS_TRAIN_N_002238	0	HPCLAS_TRAIN_N_002238	1	A_clean_core	-2.453314812382467	0.07919648104956163	0
HPCLAS_TRAIN_N_002241	0	HPCLAS_TRAIN_N_002241	1	D_hard_sample	1.0411217796339038	0.7390663962197247	1
HPCLAS_TRAIN_N_002244	0	HPCLAS_TRAIN_N_002244	1	A_clean_core	-6.300110205627579	0.0018327373236295852	0
HPCLAS_TRAIN_N_002246	0	HPCLAS_TRAIN_N_002246	1	A_clean_core	-7.460098606953512	0.0005752682864978552	0
HPCLAS_TRAIN_N_002247	0	HPCLAS_TRAIN_N_002247	1	A_clean_core	-16.783387800502286	5.14123278442597e-08	0
HPCLAS_TRAIN_N_002250	0	HPCLAS_TRAIN_N_002250	1	A_clean_core	-9.407883425716125	8.206774470586766e-05	0
HPCLAS_TRAIN_N_002258	0	HPCLAS_TRAIN_N_002258	1	D_hard_sample	0.4099917978286207	0.6010859121199089	1
HPCLAS_TRAIN_N_002265	0	HPCLAS_TRAIN_N_002265	1	B_ambiguous	3.7511363996672493	0.9770481277677243	1
HPCLAS_TRAIN_N_002278	0	HPCLAS_TRAIN_N_002278	1	A_clean_core	-9.728552419036095	5.955490035989277e-05	0
HPCLAS_TRAIN_N_002279	0	HPCLAS_TRAIN_N_002279	1	A_clean_core	-8.706640509716046	0.00016545588091066533	0
HPCLAS_TRAIN_N_002286	0	HPCLAS_TRAIN_N_002286	1	A_clean_core	-3.2424195126744983	0.03760023888745376	0
HPCLAS_TRAIN_N_002290	0	HPCLAS_TRAIN_N_002290	1	A_clean_core	-5.833651878053875	0.00291882258390893	0
HPCLAS_TRAIN_N_002294	0	HPCLAS_TRAIN_N_002294	1	A_clean_core	-12.035528619374606	5.929714156269883e-06	0
HPCLAS_TRAIN_N_002298	0	HPCLAS_TRAIN_N_002298	1	A_clean_core	-1.8900731724726754	0.1312361265852327	0
HPCLAS_TRAIN_N_002303	0	HPCLAS_TRAIN_N_002303	1	A_clean_core	-1.3433905320068504	0.2069530397387441	0
HPCLAS_TRAIN_N_002308	0	HPCLAS_TRAIN_N_002308	1	A_clean_core	-8.703635336483174	0.000165953769725435	0
HPCLAS_TRAIN_N_002314	0	HPCLAS_TRAIN_N_002314	1	A_clean_core	-4.655119293764691	0.009423138134607642	0
HPCLAS_TRAIN_N_002318	0	HPCLAS_TRAIN_N_002318	1	A_clean_core	-8.535002193889127	0.00019643113534874163	0
HPCLAS_TRAIN_N_002329	0	HPCLAS_TRAIN_N_002329	1	D_hard_sample	-1.1905793034108996	0.23315534382750377	0
HPCLAS_TRAIN_N_002346	0	HPCLAS_TRAIN_N_002346	1	A_clean_core	-4.156188249016015	0.015425489899574813	0
HPCLAS_TRAIN_N_002349	0	HPCLAS_TRAIN_N_002349	1	A_clean_core	-5.3630640620509915	0.004664663226735465	0
HPCLAS_TRAIN_N_002355	0	HPCLAS_TRAIN_N_002355	1	A_clean_core	-11.853523937698913	7.113394150035451e-06	0
HPCLAS_TRAIN_N_002357	0	HPCLAS_TRAIN_N_002357	1	D_hard_sample	-0.5401389361246034	0.368155262772251	0
HPCLAS_TRAIN_N_002362	0	HPCLAS_TRAIN_N_002362	1	A_clean_core	-6.827311070717638	0.0010825950973023001	0
HPCLAS_TRAIN_N_002368	0	HPCLAS_TRAIN_N_002368	1	A_clean_core	-1.5644665737847436	0.17300665672866167	0
HPCLAS_TRAIN_N_002371	0	HPCLAS_TRAIN_N_002371	1	A_clean_core	-8.4623711721543	0.00021122589170258972	0
HPCLAS_TRAIN_N_002380	0	HPCLAS_TRAIN_N_002380	1	A_clean_core	-15.956742535067288	1.1750997039022122e-07	0
HPCLAS_TRAIN_N_002391	0	HPCLAS_TRAIN_N_002391	1	A_clean_core	-13.313935165779675	1.65131797347196e-06	0
HPCLAS_TRAIN_N_002393	0	HPCLAS_TRAIN_N_002393	1	D_hard_sample	0.6235649833097288	0.651028913539648	1
HPCLAS_TRAIN_N_002398	0	HPCLAS_TRAIN_N_002398	1	D_hard_sample	-0.5289679379565921	0.370757632269311	0
HPCLAS_TRAIN_N_002405	0	HPCLAS_TRAIN_N_002405	1	A_clean_core	-16.532031109923714	6.610435706300634e-08	0
HPCLAS_TRAIN_N_002410	0	HPCLAS_TRAIN_N_002410	1	A_clean_core	-1.5899409690460686	0.16939220233766183	0
HPCLAS_TRAIN_N_002411	0	HPCLAS_TRAIN_N_002411	1	A_clean_core	-4.897939966067191	0.007406670968596213	0
HPCLAS_TRAIN_N_002413	0	HPCLAS_TRAIN_N_002413	1	B_ambiguous	-4.909293106381147	0.007323669886712269	0
HPCLAS_TRAIN_N_002414	0	HPCLAS_TRAIN_N_002414	1	A_clean_core	-10.387426254693844	3.0816599394917304e-05	0
HPCLAS_TRAIN_N_002423	0	HPCLAS_TRAIN_N_002423	1	A_clean_core	-5.332987565121943	0.0048064065188103905	0
HPCLAS_TRAIN_N_002438	0	HPCLAS_TRAIN_N_002438	1	D_hard_sample	5.169894845978668	0.9943469718012183	1
HPCLAS_TRAIN_N_002442	0	HPCLAS_TRAIN_N_002442	1	A_clean_core	-5.792178985743712	0.003042043863271471	0
HPCLAS_TRAIN_N_002450	0	HPCLAS_TRAIN_N_002244	1	D_hard_sample	-2.0183751032145505	0.11728711322806624	0
HPCLAS_TRAIN_N_002454	0	HPCLAS_TRAIN_N_002454	1	A_clean_core	-6.2006386036867625	0.002024030041870684	0
HPCLAS_TRAIN_N_002457	0	HPCLAS_TRAIN_N_002457	1	A_clean_core	-9.818939578379936	5.4408292059595704e-05	0
HPCLAS_TRAIN_N_002461	0	HPCLAS_TRAIN_N_002461	1	A_clean_core	-9.001171091201495	0.00012325017206599244	0
HPCLAS_TRAIN_N_002464	0	HPCLAS_TRAIN_N_002464	1	A_clean_core	-6.541412432692097	0.0014403720322152453	0
HPCLAS_TRAIN_N_002477	0	HPCLAS_TRAIN_N_002477	1	D_hard_sample	8.28706275738017	0.999748310526556	1
HPCLAS_TRAIN_N_002481	0	HPCLAS_TRAIN_N_002481	1	D_hard_sample	0.7935048832641165	0.6885834011055906	1
HPCLAS_TRAIN_N_002485	0	HPCLAS_TRAIN_N_002485	1	A_clean_core	-13.082547433399153	2.0812341171723522e-06	0
HPCLAS_TRAIN_N_002494	0	HPCLAS_TRAIN_N_002494	1	D_hard_sample	-0.7544754673605634	0.31984690189711823	0
HPCLAS_TRAIN_N_002502	0	HPCLAS_TRAIN_N_002502	1	A_clean_core	-8.373129298556405	0.00023093823515833535	0
HPCLAS_TRAIN_N_002504	0	HPCLAS_TRAIN_N_002504	1	D_hard_sample	5.348096950315379	0.9952653281896844	1
HPCLAS_TRAIN_N_002510	0	HPCLAS_TRAIN_N_002510	1	A_clean_core	-20.359859827147655	1.438219669927458e-09	0
HPCLAS_TRAIN_N_002513	0	HPCLAS_TRAIN_N_002513	1	A_clean_core	-21.659753841311137	3.920021303042877e-10	0
HPCLAS_TRAIN_N_002522	0	HPCLAS_TRAIN_N_002522	1	D_hard_sample	3.8093144353113004	0.9783171958000456	1
HPCLAS_TRAIN_N_002524	0	HPCLAS_TRAIN_N_002524	1	B_ambiguous	1.417251228072205	0.8049071339836422	1
HPCLAS_TRAIN_N_002526	0	HPCLAS_TRAIN_N_002526	1	D_hard_sample	5.859291277425672	0.9971548528195832	1
HPCLAS_TRAIN_N_002531	0	HPCLAS_TRAIN_N_002531	1	D_hard_sample	-1.857246930180592	0.1350242674884979	0
HPCLAS_TRAIN_N_002536	0	HPCLAS_TRAIN_N_002536	1	A_clean_core	-5.207167160351206	0.005447331719854248	0
HPCLAS_TRAIN_N_002538	0	HPCLAS_TRAIN_N_002538	1	A_clean_core	-2.0985165937317447	0.10924108405695072	0
HPCLAS_TRAIN_N_002540	0	HPCLAS_TRAIN_N_002540	1	A_clean_core	-2.776168330103764	0.05862566311907656	0
HPCLAS_TRAIN_N_002549	0	HPCLAS_TRAIN_N_002549	1	A_clean_core	-2.7230362466719455	0.06162764720796203	0
HPCLAS_TRAIN_N_002574	0	HPCLAS_TRAIN_N_002574	1	D_hard_sample	-0.04888628284686103	0.48778086270245774	0
HPCLAS_TRAIN_N_002585	0	HPCLAS_TRAIN_N_002585	1	D_hard_sample	-6.301817169464336	0.0018296172947463172	0
HPCLAS_TRAIN_N_002593	0	HPCLAS_TRAIN_N_002593	1	A_clean_core	-6.305300932674712	0.0018232660323093473	0
HPCLAS_TRAIN_N_002596	0	HPCLAS_TRAIN_N_002596	1	A_clean_core	-9.029431975930867	0.00011981618283719197	0
HPCLAS_TRAIN_N_002602	0	HPCLAS_TRAIN_N_002602	1	A_clean_core	0.5624118134149976	0.637010403505924	1
HPCLAS_TRAIN_N_002608	0	HPCLAS_TRAIN_N_002608	1	D_hard_sample	1.857791935213597	0.8650393724683908	1
HPCLAS_TRAIN_N_002613	0	HPCLAS_TRAIN_N_002613	1	D_hard_sample	4.076396474055114	0.9833146237895268	1
HPCLAS_TRAIN_N_002615	0	HPCLAS_TRAIN_N_002615	1	A_clean_core	-13.62927340189794	1.204706478976495e-06	0
HPCLAS_TRAIN_N_002620	0	HPCLAS_TRAIN_N_002620	1	A_clean_core	-11.382958113463788	1.138778234594073e-05	0
HPCLAS_TRAIN_N_002623	0	HPCLAS_TRAIN_N_002623	1	A_clean_core	-4.286081774355163	0.013571996200815697	0
HPCLAS_TRAIN_N_002628	0	HPCLAS_TRAIN_N_002628	1	A_clean_core	-7.246153241666972	0.0007124036384948669	0
HPCLAS_TRAIN_N_002630	0	HPCLAS_TRAIN_N_002630	1	A_clean_core	-11.357793968722403	1.1677978761632811e-05	0
HPCLAS_TRAIN_N_002634	0	HPCLAS_TRAIN_N_002634	1	A_clean_core	-9.937115392013126	4.8344227289656e-05	0
HPCLAS_TRAIN_N_002638	0	HPCLAS_TRAIN_N_002638	1	A_clean_core	-3.741051350910439	0.023179121678890174	0
HPCLAS_TRAIN_N_002653	0	HPCLAS_TRAIN_N_002653	1	A_clean_core	-9.210032821037373	0.00010002075467165688	0
HPCLAS_TRAIN_N_002657	0	HPCLAS_TRAIN_N_002657	1	D_hard_sample	2.1860169255054336	0.8989867796126831	1
HPCLAS_TRAIN_N_002660	0	HPCLAS_TRAIN_N_002660	1	A_clean_core	-2.1313613155352407	0.10608582666843853	0
HPCLAS_TRAIN_N_002662	0	HPCLAS_TRAIN_N_002662	1	A_clean_core	-4.779710331414881	0.008328485165773952	0
HPCLAS_TRAIN_N_002663	0	HPCLAS_TRAIN_N_002663	1	A_clean_core	-1.9517716947102706	0.12436030138402777	0
HPCLAS_TRAIN_N_002674	0	HPCLAS_TRAIN_N_002674	1	D_hard_sample	3.12076281986187	0.9577411126051042	1
HPCLAS_TRAIN_N_002677	0	HPCLAS_TRAIN_N_002677	1	A_clean_core	-3.8451574678393934	0.020935372373322703	0
HPCLAS_TRAIN_N_002678	0	HPCLAS_TRAIN_N_002678	1	D_hard_sample	-8.164564685375362	0.000284479544902485	0
HPCLAS_TRAIN_N_002689	0	HPCLAS_TRAIN_N_002689	1	A_clean_core	-7.566372473938511	0.0005172987969551495	0
HPCLAS_TRAIN_N_002702	0	HPCLAS_TRAIN_N_002702	1	B_ambiguous	0.5666828729180278	0.6379974136119125	1
HPCLAS_TRAIN_N_002703	0	HPCLAS_TRAIN_N_002703	1	D_hard_sample	-2.9649343699116653	0.04903539914742602	0
HPCLAS_TRAIN_N_002705	0	HPCLAS_TRAIN_N_002705	1	A_clean_core	-4.265909592640006	0.013844724121026435	0
HPCLAS_TRAIN_N_002709	0	HPCLAS_TRAIN_N_002709	1	A_clean_core	-0.27194941302590525	0.4324285797161387	0
HPCLAS_TRAIN_N_002710	0	HPCLAS_TRAIN_N_002710	1	A_clean_core	-2.6312977771594994	0.0671511097598873	0
HPCLAS_TRAIN_N_002720	0	HPCLAS_TRAIN_N_002720	1	D_hard_sample	-12.50132134344353	3.7217183839439794e-06	0
HPCLAS_TRAIN_N_002732	0	HPCLAS_TRAIN_N_002732	1	D_hard_sample	-7.078864262706485	0.0008420201292510194	0
HPCLAS_TRAIN_N_002736	0	HPCLAS_TRAIN_P_004677	1	B_ambiguous	-4.607298309030606	0.009880149936864353	0
HPCLAS_TRAIN_N_002738	0	HPCLAS_TRAIN_N_002738	1	A_clean_core	-16.08074158845301	1.0380603863223204e-07	0
HPCLAS_TRAIN_N_002740	0	HPCLAS_TRAIN_N_002740	1	A_clean_core	-7.497791201166679	0.0005540002860022689	0
HPCLAS_TRAIN_N_002745	0	HPCLAS_TRAIN_N_002745	1	A_clean_core	-6.39789910617249	0.0016622839093698152	0
HPCLAS_TRAIN_N_002747	0	HPCLAS_TRAIN_N_002747	1	D_hard_sample	-1.29838067124828	0.21443767347709086	0
HPCLAS_TRAIN_N_002753	0	HPCLAS_TRAIN_N_002753	1	A_clean_core	-4.0581939620703835	0.01698666665512774	0
HPCLAS_TRAIN_N_002764	0	HPCLAS_TRAIN_N_002764	1	A_clean_core	-3.4467161715393386	0.030866941181891264	0
HPCLAS_TRAIN_N_002773	0	HPCLAS_TRAIN_N_002773	1	A_clean_core	-11.225621899857202	1.3328109882934142e-05	0
HPCLAS_TRAIN_N_002776	0	HPCLAS_TRAIN_N_002776	1	A_clean_core	-11.23399318343559	1.3217003669859151e-05	0
HPCLAS_TRAIN_N_002779	0	HPCLAS_TRAIN_N_002779	1	B_ambiguous	-7.240135744446693	0.0007167003678086787	0
HPCLAS_TRAIN_N_002785	0	HPCLAS_TRAIN_N_002785	1	A_clean_core	0.5759111552877343	0.6401260215384583	1
HPCLAS_TRAIN_N_002794	0	HPCLAS_TRAIN_N_002794	1	D_hard_sample	-1.4573469021373837	0.1888734450447138	0
HPCLAS_TRAIN_N_002795	0	HPCLAS_TRAIN_N_002795	1	A_clean_core	-10.287568546938518	3.405265345634117e-05	0
HPCLAS_TRAIN_N_002799	0	HPCLAS_TRAIN_N_002799	1	D_hard_sample	4.320914722755406	0.9868865248320766	1
HPCLAS_TRAIN_N_002800	0	HPCLAS_TRAIN_N_002800	1	A_clean_core	-5.958867974092268	0.002576180306419902	0
HPCLAS_TRAIN_N_002801	0	HPCLAS_TRAIN_N_002801	1	A_clean_core	-4.693522851042737	0.00907133730138703	0
HPCLAS_TRAIN_N_002802	0	HPCLAS_TRAIN_N_002802	1	A_clean_core	-4.388554572911831	0.012266335006781709	0
HPCLAS_TRAIN_N_002807	0	HPCLAS_TRAIN_N_002807	1	A_clean_core	-1.3557276596383758	0.20493554697733757	0
HPCLAS_TRAIN_N_002810	0	HPCLAS_TRAIN_N_002810	1	D_hard_sample	-0.24982346203311012	0.4378669516015946	0
HPCLAS_TRAIN_N_002818	0	HPCLAS_TRAIN_N_002818	1	A_clean_core	-7.051942113817077	0.0008649771519796083	0
HPCLAS_TRAIN_N_002824	0	HPCLAS_TRAIN_N_002824	1	A_clean_core	-8.766127706086689	0.00015590189603051534	0
HPCLAS_TRAIN_N_002825	0	HPCLAS_TRAIN_N_002825	1	A_clean_core	-13.01110161839549	2.2353698697539903e-06	0
HPCLAS_TRAIN_N_002836	0	HPCLAS_TRAIN_N_002836	1	D_hard_sample	2.6105259498461564	0.9315359472491895	1
HPCLAS_TRAIN_N_002848	0	HPCLAS_TRAIN_N_002848	1	D_hard_sample	-5.344494388567826	0.0047516783238531575	0
HPCLAS_TRAIN_N_002860	0	HPCLAS_TRAIN_N_002860	1	A_clean_core	-6.490456876104787	0.0015155549844922418	0
HPCLAS_TRAIN_N_002866	0	HPCLAS_TRAIN_N_002866	1	A_clean_core	-7.211712973372672	0.0007373479995134716	0
HPCLAS_TRAIN_N_002871	0	HPCLAS_TRAIN_N_002871	1	A_clean_core	-3.593135364696777	0.02677529492713031	0
HPCLAS_TRAIN_N_002875	0	HPCLAS_TRAIN_N_002875	1	A_clean_core	-11.653047853509449	8.692442865031137e-06	0
HPCLAS_TRAIN_N_002879	0	HPCLAS_TRAIN_N_002879	1	A_clean_core	-11.406128359163052	1.1126960884244881e-05	0
HPCLAS_TRAIN_N_002890	0	HPCLAS_TRAIN_N_002890	1	A_clean_core	-2.7798146040737652	0.05842475357873298	0
HPCLAS_TRAIN_N_002892	0	HPCLAS_TRAIN_N_002892	1	D_hard_sample	1.4595950186415116	0.811470726128471	1
HPCLAS_TRAIN_N_002893	0	HPCLAS_TRAIN_N_002893	1	A_clean_core	-5.408817243881906	0.004456978609065198	0
HPCLAS_TRAIN_N_002894	0	HPCLAS_TRAIN_N_002894	1	A_clean_core	-1.3333927288435081	0.2085987218310113	0
HPCLAS_TRAIN_N_002902	0	HPCLAS_TRAIN_N_002902	1	A_clean_core	-4.432891077189782	0.011740614112276178	0
HPCLAS_TRAIN_N_002910	0	HPCLAS_TRAIN_N_002910	1	A_clean_core	-3.0556020183904167	0.0449762336013534	0
HPCLAS_TRAIN_N_002916	0	HPCLAS_TRAIN_N_002916	1	D_hard_sample	0.9194853971559969	0.7149372402222482	1
HPCLAS_TRAIN_N_002938	0	HPCLAS_TRAIN_P_001583	1	B_ambiguous	-3.4040913433482514	0.0321678445071209	0
HPCLAS_TRAIN_N_002944	0	HPCLAS_TRAIN_N_002944	1	A_clean_core	-4.7997253025492626	0.008164795388718768	0
HPCLAS_TRAIN_N_002945	0	HPCLAS_TRAIN_N_002945	1	D_hard_sample	0.254530094871273	0.5632911957543328	1
HPCLAS_TRAIN_N_002955	0	HPCLAS_TRAIN_N_002955	1	A_clean_core	-5.820639757243654	0.002956937793349663	0
HPCLAS_TRAIN_N_002977	0	HPCLAS_TRAIN_N_002977	1	A_clean_core	-5.303515707734377	0.004949456761263895	0
HPCLAS_TRAIN_N_002982	0	HPCLAS_TRAIN_N_002982	1	A_clean_core	-2.663909193582888	0.06513688166871409	0
HPCLAS_TRAIN_N_002984	0	HPCLAS_TRAIN_N_002984	1	A_clean_core	-7.608875861169757	0.0004957832278775951	0
HPCLAS_TRAIN_N_002986	0	HPCLAS_TRAIN_N_002986	1	A_clean_core	-4.022117642159749	0.017599689006419818	0
HPCLAS_TRAIN_N_002990	0	HPCLAS_TRAIN_N_002990	1	D_hard_sample	-4.425404076793421	0.011827802389563685	0
HPCLAS_TRAIN_N_002994	0	HPCLAS_TRAIN_N_002994	1	A_clean_core	-7.043867510596378	0.0008719836583513779	0
HPCLAS_TRAIN_N_002999	0	HPCLAS_TRAIN_N_002999	1	B_ambiguous	-5.617578686917955	0.0036202741278089363	0
HPCLAS_TRAIN_N_003005	0	HPCLAS_TRAIN_N_003005	1	A_clean_core	-11.179224865987495	1.3961055883438987e-05	0
HPCLAS_TRAIN_N_003007	0	HPCLAS_TRAIN_N_003007	1	A_clean_core	-4.161632490920136	0.015343022998226262	0
HPCLAS_TRAIN_N_003009	0	HPCLAS_TRAIN_N_003009	1	A_clean_core	-0.7696423060482207	0.31655648772733563	0
HPCLAS_TRAIN_N_003011	0	HPCLAS_TRAIN_N_003011	1	D_hard_sample	-4.90595470936898	0.007347980107286274	0
HPCLAS_TRAIN_N_003017	0	HPCLAS_TRAIN_N_003017	1	A_clean_core	-10.92342385257146	1.8030570432149655e-05	0
HPCLAS_TRAIN_N_003024	0	HPCLAS_TRAIN_N_003024	1	B_ambiguous	-0.553790592408884	0.36498541056018635	0
HPCLAS_TRAIN_N_003029	0	HPCLAS_TRAIN_N_003029	1	D_hard_sample	-0.0477802295808436	0.48805721458384455	0
HPCLAS_TRAIN_N_003033	0	HPCLAS_TRAIN_N_003033	1	A_clean_core	-9.638455454139553	6.5169393398079e-05	0
HPCLAS_TRAIN_N_003035	0	HPCLAS_TRAIN_N_003035	1	B_ambiguous	-0.26356663365291233	0.43448715364974166	0
HPCLAS_TRAIN_N_003038	0	HPCLAS_TRAIN_N_003038	1	A_clean_core	-16.538784523744223	6.565943108937948e-08	0
HPCLAS_TRAIN_N_003050	0	HPCLAS_TRAIN_N_003050	1	A_clean_core	-8.609116144856694	0.0001824018088736439	0
HPCLAS_TRAIN_N_003056	0	HPCLAS_TRAIN_N_003056	1	A_clean_core	-11.45540903171106	1.05919145767954e-05	0
HPCLAS_TRAIN_N_003061	0	HPCLAS_TRAIN_N_003061	1	A_clean_core	-1.024554444809854	0.2641411998128393	0
HPCLAS_TRAIN_N_003066	0	HPCLAS_TRAIN_N_003066	1	D_hard_sample	-0.3279595082560949	0.4187371889012396	0
HPCLAS_TRAIN_N_003079	0	HPCLAS_TRAIN_N_003079	1	A_clean_core	-9.963483764026694	4.708618786025401e-05	0
HPCLAS_TRAIN_N_003080	0	HPCLAS_TRAIN_N_003080	1	A_clean_core	-7.012067352880354	0.0009001331227907597	0
HPCLAS_TRAIN_N_003085	0	HPCLAS_TRAIN_N_003085	1	A_clean_core	-7.130624926386723	0.0007995793144578963	0
HPCLAS_TRAIN_N_003086	0	HPCLAS_TRAIN_N_003086	1	A_clean_core	-7.795387544724212	0.0004114598595529215	0
HPCLAS_TRAIN_N_003094	0	HPCLAS_TRAIN_N_003094	1	D_hard_sample	-2.6132141029396774	0.06829280989766535	0
HPCLAS_TRAIN_N_003106	0	HPCLAS_TRAIN_N_003106	1	A_clean_core	-3.6807113050808686	0.0245853648795827	0
HPCLAS_TRAIN_N_003116	0	HPCLAS_TRAIN_N_003116	1	A_clean_core	-4.6820365517855365	0.00917517257905359	0
HPCLAS_TRAIN_N_003122	0	HPCLAS_TRAIN_N_003122	1	A_clean_core	-5.7475661610413855	0.0031803894577881455	0
HPCLAS_TRAIN_N_003124	0	HPCLAS_TRAIN_N_003124	1	D_hard_sample	2.0359655773459284	0.8845218188878063	1
HPCLAS_TRAIN_N_003135	0	HPCLAS_TRAIN_N_003135	1	A_clean_core	-10.434511745453763	2.9399257320586443e-05	0
HPCLAS_TRAIN_N_003139	0	HPCLAS_TRAIN_N_003139	1	A_clean_core	-10.800716078715181	2.0384485454126737e-05	0
HPCLAS_TRAIN_N_003160	0	HPCLAS_TRAIN_N_003160	1	A_clean_core	-2.809676625039362	0.05680350374277659	0
HPCLAS_TRAIN_N_003162	0	HPCLAS_TRAIN_N_003162	1	A_clean_core	-13.450475479187627	1.4405624652814611e-06	0
HPCLAS_TRAIN_N_003164	0	HPCLAS_TRAIN_N_003164	1	B_ambiguous	-5.3169107285376604	0.004883922376743384	0
HPCLAS_TRAIN_N_003170	0	HPCLAS_TRAIN_N_003170	1	B_ambiguous	-2.569367528697101	0.07113608376062318	0
HPCLAS_TRAIN_N_003184	0	HPCLAS_TRAIN_N_003184	1	D_hard_sample	-5.546972136262973	0.0038841007090469936	0
HPCLAS_TRAIN_N_003191	0	HPCLAS_TRAIN_N_003191	1	A_clean_core	-9.52780655198524	7.279383077416167e-05	0
HPCLAS_TRAIN_N_003194	0	HPCLAS_TRAIN_N_003194	1	A_clean_core	-9.263868882083765	9.477890775602956e-05	0
HPCLAS_TRAIN_N_003199	0	HPCLAS_TRAIN_N_003199	1	D_hard_sample	-3.5481377910787772	0.02797316400099523	0
HPCLAS_TRAIN_N_003203	0	HPCLAS_TRAIN_N_003203	1	B_ambiguous	4.297388720537793	0.9865785492943067	1
HPCLAS_TRAIN_N_003209	0	HPCLAS_TRAIN_N_003209	1	A_clean_core	-5.082361602494984	0.006166969882256439	0
HPCLAS_TRAIN_N_003223	0	HPCLAS_TRAIN_N_003223	1	D_hard_sample	-4.536052737022263	0.010602013403370312	0
HPCLAS_TRAIN_N_003226	0	HPCLAS_TRAIN_N_003226	1	A_clean_core	-8.860692356210894	0.00014183669420675578	0
HPCLAS_TRAIN_N_003228	0	HPCLAS_TRAIN_N_003228	1	D_hard_sample	-1.5828989318663886	0.17038531430595355	0
HPCLAS_TRAIN_N_003230	0	HPCLAS_TRAIN_N_003230	1	A_clean_core	-19.92603827821961	2.2193792873754674e-09	0
HPCLAS_TRAIN_N_003237	0	HPCLAS_TRAIN_N_003237	1	A_clean_core	-2.7863810530829216	0.058064570345663834	0
HPCLAS_TRAIN_N_003240	0	HPCLAS_TRAIN_N_003240	1	D_hard_sample	-2.8843882912765757	0.052930723404941475	0
HPCLAS_TRAIN_N_003246	0	HPCLAS_TRAIN_N_003246	1	A_clean_core	-3.2751369092626117	0.03643405869459014	0
HPCLAS_TRAIN_N_003251	0	HPCLAS_TRAIN_N_003251	1	A_clean_core	-6.72802698119628	0.0011954612825103455	0
HPCLAS_TRAIN_N_003255	0	HPCLAS_TRAIN_N_003255	1	D_hard_sample	-1.0817851118865365	0.2531683494802299	0
HPCLAS_TRAIN_N_003260	0	HPCLAS_TRAIN_N_003260	1	A_clean_core	-17.514949833922433	2.4737392821498257e-08	0
HPCLAS_TRAIN_N_003265	0	HPCLAS_TRAIN_N_003265	1	D_hard_sample	-5.2263954924660805	0.005344143625350204	0
HPCLAS_TRAIN_N_003267	0	HPCLAS_TRAIN_N_003267	1	A_clean_core	-4.904560035193801	0.0073581598357314515	0
HPCLAS_TRAIN_N_003270	0	HPCLAS_TRAIN_N_003270	1	A_clean_core	-8.054946313572646	0.0003174266497875483	0
HPCLAS_TRAIN_N_003274	0	HPCLAS_TRAIN_P_003947	1	B_ambiguous	1.8098464428741856	0.8593433144744037	1
HPCLAS_TRAIN_N_003285	0	HPCLAS_TRAIN_N_003285	1	A_clean_core	-13.810069049625305	1.0054553292944615e-06	0
HPCLAS_TRAIN_N_003288	0	HPCLAS_TRAIN_P_000962	1	B_ambiguous	-5.661532667539905	0.0034651345374022	0
HPCLAS_TRAIN_N_003293	0	HPCLAS_TRAIN_N_003293	1	A_clean_core	-0.7014963035742241	0.33148056159606837	0
HPCLAS_TRAIN_N_003306	0	HPCLAS_TRAIN_N_003306	1	A_clean_core	-9.430267653789235	8.025127499561473e-05	0
HPCLAS_TRAIN_N_003309	0	HPCLAS_TRAIN_N_003309	1	D_hard_sample	5.18742928321997	0.9944446846383822	1
HPCLAS_TRAIN_N_003310	0	HPCLAS_TRAIN_N_003310	1	A_clean_core	-6.230030446229115	0.0019655210538569606	0
HPCLAS_TRAIN_N_003316	0	HPCLAS_TRAIN_N_003316	1	B_ambiguous	-5.5255117757412116	0.003968021422934406	0
HPCLAS_TRAIN_N_003317	0	HPCLAS_TRAIN_N_003317	1	A_clean_core	-7.282858789813375	0.0006867461961443043	0
HPCLAS_TRAIN_N_003322	0	HPCLAS_TRAIN_N_003322	1	B_ambiguous	3.6121804257434014	0.9737165408997817	1
HPCLAS_TRAIN_N_003330	0	HPCLAS_TRAIN_N_003330	1	A_clean_core	-13.606485810165768	1.2324739802141745e-06	0
HPCLAS_TRAIN_N_003343	0	HPCLAS_TRAIN_N_003343	1	A_clean_core	-8.361858129834447	0.00023355529197865762	0
HPCLAS_TRAIN_N_003345	0	HPCLAS_TRAIN_N_003345	1	A_clean_core	-5.113310501362626	0.0059801560849963116	0
HPCLAS_TRAIN_N_003364	0	HPCLAS_TRAIN_N_003364	1	A_clean_core	-6.191393550485678	0.0020427906699254294	0
HPCLAS_TRAIN_N_003371	0	HPCLAS_TRAIN_N_003371	1	A_clean_core	-10.596359321899671	2.5006260899417394e-05	0
HPCLAS_TRAIN_N_003376	0	HPCLAS_TRAIN_N_003376	1	D_hard_sample	-4.085683703273318	0.016533682867366086	0
HPCLAS_TRAIN_N_003378	0	HPCLAS_TRAIN_P_001880	1	B_ambiguous	-1.9882289853803439	0.12044435326850347	0
HPCLAS_TRAIN_N_003385	0	HPCLAS_TRAIN_N_003385	1	A_clean_core	-1.7287607144873096	0.15074616659745452	0
HPCLAS_TRAIN_N_003390	0	HPCLAS_TRAIN_N_003390	1	A_clean_core	-17.491578301740613	2.5322352656515153e-08	0
HPCLAS_TRAIN_N_003400	0	HPCLAS_TRAIN_N_003400	1	A_clean_core	-9.040729713084882	0.00011847030844724863	0
HPCLAS_TRAIN_N_003405	0	HPCLAS_TRAIN_N_003405	1	A_clean_core	-7.942549906190859	0.0003551731494638273	0
HPCLAS_TRAIN_N_003410	0	HPCLAS_TRAIN_N_003410	1	A_clean_core	-5.167585145648765	0.005666026024465424	0
HPCLAS_TRAIN_N_003411	0	HPCLAS_TRAIN_N_003411	1	A_clean_core	-10.85754129280302	1.925845156121913e-05	0
HPCLAS_TRAIN_N_003416	0	HPCLAS_TRAIN_N_003416	1	A_clean_core	-8.515359018851164	0.00020032703217695254	0
HPCLAS_TRAIN_N_003417	0	HPCLAS_TRAIN_N_003417	1	A_clean_core	-5.151404179370733	0.005757921376815632	0
HPCLAS_TRAIN_N_003425	0	HPCLAS_TRAIN_N_003425	1	A_clean_core	-3.8102421611045125	0.021663133398216516	0
HPCLAS_TRAIN_N_003439	0	HPCLAS_TRAIN_N_003439	1	A_clean_core	-8.790386045895907	0.00015216604629610697	0
HPCLAS_TRAIN_N_003458	0	HPCLAS_TRAIN_N_003458	1	A_clean_core	-0.6839937091894601	0.3353705317645371	0
HPCLAS_TRAIN_N_003461	0	HPCLAS_TRAIN_N_003461	1	B_ambiguous	0.8737969754893999	0.7055351549334672	1
HPCLAS_TRAIN_N_003462	0	HPCLAS_TRAIN_N_003462	1	A_clean_core	-12.962046297130357	2.3477605422852193e-06	0
HPCLAS_TRAIN_N_003469	0	HPCLAS_TRAIN_N_003469	1	A_clean_core	-9.306657526244637	9.080934676494769e-05	0
HPCLAS_TRAIN_N_003471	0	HPCLAS_TRAIN_N_003471	1	A_clean_core	-10.440400334203186	2.9226650947150252e-05	0
HPCLAS_TRAIN_N_003473	0	HPCLAS_TRAIN_N_003473	1	D_hard_sample	-3.156082164241404	0.0408522917758362	0
HPCLAS_TRAIN_N_003474	0	HPCLAS_TRAIN_N_003474	1	A_clean_core	-7.3593204170839535	0.0006362259149722751	0
HPCLAS_TRAIN_N_003478	0	HPCLAS_TRAIN_N_003478	1	A_clean_core	-5.589919223030941	0.0037214288179563456	0
HPCLAS_TRAIN_N_003483	0	HPCLAS_TRAIN_N_003483	1	A_clean_core	-6.904035085841997	0.0010027206637221568	0
HPCLAS_TRAIN_N_003502	0	HPCLAS_TRAIN_N_003502	1	A_clean_core	-8.570890321514344	0.0001895078996747054	0
HPCLAS_TRAIN_N_003504	0	HPCLAS_TRAIN_N_003504	1	A_clean_core	-3.37978973553368	0.032933090748854046	0
HPCLAS_TRAIN_N_003506	0	HPCLAS_TRAIN_N_003506	1	A_clean_core	-17.843525637068154	1.7809645313232848e-08	0
HPCLAS_TRAIN_N_003508	0	HPCLAS_TRAIN_N_003508	1	A_clean_core	-14.554235011415276	4.777226566121945e-07	0
HPCLAS_TRAIN_N_003510	0	HPCLAS_TRAIN_N_003510	1	A_clean_core	-5.120235057253437	0.005939134291819965	0
HPCLAS_TRAIN_N_003511	0	HPCLAS_TRAIN_N_003511	1	A_clean_core	1.7693903511081093	0.8543818388889215	1
HPCLAS_TRAIN_N_003515	0	HPCLAS_TRAIN_N_003515	1	D_hard_sample	-9.390016886909095	8.354706456066453e-05	0
HPCLAS_TRAIN_N_003516	0	HPCLAS_TRAIN_N_003516	1	A_clean_core	-5.0464724484565515	0.006390876617571014	0
HPCLAS_TRAIN_N_003526	0	HPCLAS_TRAIN_N_003526	1	A_clean_core	-6.407179598356009	0.0016469537495325355	0
HPCLAS_TRAIN_N_003528	0	HPCLAS_TRAIN_N_003528	1	A_clean_core	-8.06707351048718	0.00031360160194051473	0
HPCLAS_TRAIN_N_003533	0	HPCLAS_TRAIN_N_003533	1	A_clean_core	-2.8141509554612503	0.056564257967957714	0
HPCLAS_TRAIN_N_003536	0	HPCLAS_TRAIN_N_003536	1	A_clean_core	-13.24885984795823	1.76235141332336e-06	0
HPCLAS_TRAIN_N_003542	0	HPCLAS_TRAIN_N_003542	1	A_clean_core	-8.07767147509144	0.00031029663842291214	0
HPCLAS_TRAIN_N_003543	0	HPCLAS_TRAIN_N_003543	1	D_hard_sample	-7.561613269743567	0.0005197653126037868	0
HPCLAS_TRAIN_N_003565	0	HPCLAS_TRAIN_N_003565	1	A_clean_core	-11.807862801871627	7.445726996576506e-06	0
HPCLAS_TRAIN_N_003566	0	HPCLAS_TRAIN_N_003566	1	A_clean_core	-21.629980399991535	4.0384886665506667e-10	0
HPCLAS_TRAIN_N_003585	0	HPCLAS_TRAIN_N_003585	1	A_clean_core	-9.492105875749118	7.543936643323584e-05	0
HPCLAS_TRAIN_N_003586	0	HPCLAS_TRAIN_N_003586	1	A_clean_core	-7.318205203953905	0.0006629119806728163	0
HPCLAS_TRAIN_N_003606	0	HPCLAS_TRAIN_N_003606	1	A_clean_core	-2.245217852549395	0.09576276209136843	0
HPCLAS_TRAIN_N_003613	0	HPCLAS_TRAIN_N_003613	1	A_clean_core	-4.076508365236508	0.016683540513994743	0
HPCLAS_TRAIN_N_003617	0	HPCLAS_TRAIN_N_003617	1	A_clean_core	-7.358412094589397	0.0006368037076459933	0
HPCLAS_TRAIN_N_003628	0	HPCLAS_TRAIN_N_003628	1	A_clean_core	-4.453450595286947	0.011504445775273955	0
HPCLAS_TRAIN_N_003630	0	HPCLAS_TRAIN_N_003630	1	A_clean_core	-7.901606234379898	0.00037001155820971603	0
HPCLAS_TRAIN_N_003636	0	HPCLAS_TRAIN_N_003636	1	A_clean_core	-3.7991048289986384	0.021900438018599217	0
HPCLAS_TRAIN_N_003662	0	HPCLAS_TRAIN_N_003662	1	A_clean_core	-11.327188419851563	1.2040910947732563e-05	0
HPCLAS_TRAIN_N_003663	0	HPCLAS_TRAIN_N_003663	1	A_clean_core	-19.365799263661668	3.886335059314059e-09	0
HPCLAS_TRAIN_N_003666	0	HPCLAS_TRAIN_N_003666	1	D_hard_sample	-2.3232609593661913	0.08921473338146145	0
HPCLAS_TRAIN_N_003667	0	HPCLAS_TRAIN_N_003667	1	D_hard_sample	-0.5498137246992965	0.3659076273624421	0
HPCLAS_TRAIN_N_003669	0	HPCLAS_TRAIN_N_003669	1	D_hard_sample	-2.8330588236839356	0.055563663662766966	0
HPCLAS_TRAIN_N_003671	0	HPCLAS_TRAIN_N_003671	1	D_hard_sample	-2.7357609835418994	0.06089587158766536	0
HPCLAS_TRAIN_N_003674	0	HPCLAS_TRAIN_N_003674	1	B_ambiguous	1.4755746867935837	0.8139032325990545	1
HPCLAS_TRAIN_N_003689	0	HPCLAS_TRAIN_N_003689	1	A_clean_core	-9.693100737917929	6.170396023490979e-05	0
HPCLAS_TRAIN_N_003693	0	HPCLAS_TRAIN_N_003693	1	A_clean_core	-9.468704247683505	7.722545123030276e-05	0
HPCLAS_TRAIN_N_003694	0	HPCLAS_TRAIN_N_003694	1	A_clean_core	-2.7143106371509695	0.06213418072738597	0
HPCLAS_TRAIN_N_003702	0	HPCLAS_TRAIN_N_003702	1	A_clean_core	-2.223146018972054	0.0976911391332431	0
HPCLAS_TRAIN_N_003728	0	HPCLAS_TRAIN_N_003728	1	A_clean_core	-5.924659087033172	0.0026655943106172267	0
HPCLAS_TRAIN_N_003733	0	HPCLAS_TRAIN_N_003733	1	A_clean_core	-17.276301906928087	3.140489896107842e-08	0
HPCLAS_TRAIN_N_003735	0	HPCLAS_TRAIN_N_003735	1	A_clean_core	-5.362332683259579	0.004668060178845519	0
HPCLAS_TRAIN_N_003739	0	HPCLAS_TRAIN_N_003739	1	A_clean_core	-9.291436557449801	9.220199741511164e-05	0
HPCLAS_TRAIN_N_003741	0	HPCLAS_TRAIN_N_003741	1	A_clean_core	-4.1913911238938955	0.01489986528624717	0
HPCLAS_TRAIN_N_003747	0	HPCLAS_TRAIN_N_003747	1	A_clean_core	-0.277482636854236	0.4310710489160146	0
HPCLAS_TRAIN_N_003756	0	HPCLAS_TRAIN_N_003756	1	D_hard_sample	0.023943895083830213	0.5059856878024114	1
HPCLAS_TRAIN_N_003759	0	HPCLAS_TRAIN_N_003759	1	A_clean_core	-1.5049114089867466	0.18169414680809826	0
HPCLAS_TRAIN_N_003760	0	HPCLAS_TRAIN_N_003760	1	D_hard_sample	2.101842677670421	0.8910821483526686	1
HPCLAS_TRAIN_N_003762	0	HPCLAS_TRAIN_N_003762	1	A_clean_core	-2.2475111962569914	0.09556436030342987	0
HPCLAS_TRAIN_N_003767	0	HPCLAS_TRAIN_N_003767	1	D_hard_sample	-5.0639707774216465	0.006280715951110921	0
HPCLAS_TRAIN_N_003768	0	HPCLAS_TRAIN_N_003768	1	D_hard_sample	-4.9610384482912355	0.0069569113701066975	0
HPCLAS_TRAIN_N_003775	0	HPCLAS_TRAIN_N_003775	1	A_clean_core	-7.538847745093989	0.0005317273957757361	0
HPCLAS_TRAIN_N_003777	0	HPCLAS_TRAIN_N_003777	1	D_hard_sample	2.1560938672822827	0.8962368542581728	1
HPCLAS_TRAIN_N_003786	0	HPCLAS_TRAIN_N_003786	1	A_clean_core	-14.554878659226585	4.774152705514462e-07	0
HPCLAS_TRAIN_N_003797	0	HPCLAS_TRAIN_N_003797	1	A_clean_core	-8.957509641139367	0.00012874995095155396	0
HPCLAS_TRAIN_N_003798	0	HPCLAS_TRAIN_N_003798	1	A_clean_core	-8.355982004410734	0.00023493140890597512	0
HPCLAS_TRAIN_N_003808	0	HPCLAS_TRAIN_N_003808	1	A_clean_core	-4.811284969482259	0.008071713932320515	0
HPCLAS_TRAIN_N_003809	0	HPCLAS_TRAIN_N_003809	1	D_hard_sample	4.8404839099808505	0.9921587425756606	1
HPCLAS_TRAIN_N_003810	0	HPCLAS_TRAIN_N_003810	1	B_ambiguous	4.170051367184754	0.9847836485382266	1
HPCLAS_TRAIN_N_003816	0	HPCLAS_TRAIN_N_003816	1	D_hard_sample	-0.6464109296783898	0.34379878127881014	0
HPCLAS_TRAIN_N_003819	0	HPCLAS_TRAIN_N_003819	1	D_hard_sample	-8.448892533633053	0.00021409158908092257	0
HPCLAS_TRAIN_N_003823	0	HPCLAS_TRAIN_N_003823	1	A_clean_core	-10.745106661025936	2.1550140722296746e-05	0
HPCLAS_TRAIN_N_003844	0	HPCLAS_TRAIN_N_003844	1	B_ambiguous	4.0953702443759035	0.983623087990603	1
HPCLAS_TRAIN_N_003845	0	HPCLAS_TRAIN_N_003845	1	B_ambiguous	15.071787300094215	0.9999997152879689	1
HPCLAS_TRAIN_N_003858	0	HPCLAS_TRAIN_N_003858	1	A_clean_core	-4.187511999103191	0.014956909806926075	0
HPCLAS_TRAIN_N_003861	0	HPCLAS_TRAIN_N_003861	1	A_clean_core	-4.879037883962701	0.007546937376091671	0
HPCLAS_TRAIN_N_003863	0	HPCLAS_TRAIN_N_003863	1	A_clean_core	-10.162781273930925	3.857832942503275e-05	0
HPCLAS_TRAIN_N_003865	0	HPCLAS_TRAIN_N_003865	1	A_clean_core	-5.103908464673099	0.006036305884321614	0
HPCLAS_TRAIN_N_003877	0	HPCLAS_TRAIN_N_003877	1	A_clean_core	-4.867047144382938	0.007637280169660941	0
HPCLAS_TRAIN_N_003881	0	HPCLAS_TRAIN_N_003881	1	D_hard_sample	1.6777952428376282	0.8426123641601819	1
HPCLAS_TRAIN_N_003885	0	HPCLAS_TRAIN_P_001597	1	B_ambiguous	9.75259996925762	0.9999418600841885	1
HPCLAS_TRAIN_N_003887	0	HPCLAS_TRAIN_N_003887	1	D_hard_sample	-4.206145754070743	0.014684841825961378	0
HPCLAS_TRAIN_N_003895	0	HPCLAS_TRAIN_N_003895	1	A_clean_core	-8.903456152637048	0.00013589988788893526	0
HPCLAS_TRAIN_N_003903	0	HPCLAS_TRAIN_P_007088	1	B_ambiguous	6.649628817880047	0.9987071710578259	1
HPCLAS_TRAIN_N_003911	0	HPCLAS_TRAIN_N_003911	1	D_hard_sample	4.602000800770289	0.9900678922334939	1
HPCLAS_TRAIN_N_003915	0	HPCLAS_TRAIN_N_003915	1	A_clean_core	-1.0283717365139387	0.2633998987577887	0
HPCLAS_TRAIN_N_003925	0	HPCLAS_TRAIN_N_003925	1	A_clean_core	-10.532103323834475	2.6665765935280644e-05	0
HPCLAS_TRAIN_N_003927	0	HPCLAS_TRAIN_N_003927	1	A_clean_core	-5.174489911639682	0.005627257591031241	0
HPCLAS_TRAIN_N_003931	0	HPCLAS_TRAIN_N_003931	1	A_clean_core	-10.181877505364145	3.784864587819149e-05	0
HPCLAS_TRAIN_N_003941	0	HPCLAS_TRAIN_N_003941	1	A_clean_core	-3.7488402436761863	0.023003420164544822	0
HPCLAS_TRAIN_N_003946	0	HPCLAS_TRAIN_N_003946	1	A_clean_core	-4.612787922903807	0.00982659184655506	0
HPCLAS_TRAIN_N_003949	0	HPCLAS_TRAIN_N_003949	1	A_clean_core	-5.177521794765342	0.00561031781506726	0
HPCLAS_TRAIN_N_003957	0	HPCLAS_TRAIN_N_003957	1	A_clean_core	-10.262425594300362	3.4919661711383186e-05	0
HPCLAS_TRAIN_N_003965	0	HPCLAS_TRAIN_N_003965	1	A_clean_core	-12.005052796970965	6.113207825483314e-06	0
HPCLAS_TRAIN_N_003970	0	HPCLAS_TRAIN_N_003970	1	A_clean_core	-7.846705878772319	0.0003908851245260899	0
HPCLAS_TRAIN_N_003971	0	HPCLAS_TRAIN_N_003971	1	A_clean_core	-22.391776560956657	1.8852762630250246e-10	0
HPCLAS_TRAIN_N_003972	0	HPCLAS_TRAIN_N_003972	1	D_hard_sample	5.699948102160313	0.9966650201959982	1
HPCLAS_TRAIN_N_003973	0	HPCLAS_TRAIN_N_003973	1	A_clean_core	-6.168152649135976	0.002090722539049253	0
HPCLAS_TRAIN_N_003984	0	HPCLAS_TRAIN_N_003984	1	A_clean_core	-4.403360428535343	0.012088238498980218	0
HPCLAS_TRAIN_N_003989	0	HPCLAS_TRAIN_N_003989	1	A_clean_core	-3.6635559447534014	0.02500013897142233	0
HPCLAS_TRAIN_N_004004	0	HPCLAS_TRAIN_N_004004	1	D_hard_sample	-5.0320061287292415	0.006483397279226732	0
HPCLAS_TRAIN_N_004006	0	HPCLAS_TRAIN_N_004006	1	A_clean_core	-9.998347424103985	4.547295073673865e-05	0
HPCLAS_TRAIN_N_004011	0	HPCLAS_TRAIN_N_004011	1	D_hard_sample	-1.6717389026991674	0.1581924756584798	0
HPCLAS_TRAIN_N_004023	0	HPCLAS_TRAIN_N_004023	1	A_clean_core	-1.4998471244758065	0.18244832575537392	0
HPCLAS_TRAIN_N_004027	0	HPCLAS_TRAIN_N_004027	1	A_clean_core	-4.221213356408498	0.01446841245790452	0
HPCLAS_TRAIN_N_004029	0	HPCLAS_TRAIN_N_004029	1	A_clean_core	-10.622239976918149	2.4367400973581773e-05	0
HPCLAS_TRAIN_N_004032	0	HPCLAS_TRAIN_N_004032	1	A_clean_core	-8.770897042692338	0.00015516023280670238	0
HPCLAS_TRAIN_N_004034	0	HPCLAS_TRAIN_N_004034	1	A_clean_core	-0.38389138166297965	0.40518868703419453	0
HPCLAS_TRAIN_N_004037	0	HPCLAS_TRAIN_N_004037	1	D_hard_sample	-0.3221657050395672	0.4201480398000365	0
HPCLAS_TRAIN_N_004038	0	HPCLAS_TRAIN_N_004038	1	A_clean_core	-5.207944964525151	0.005443119463138481	0
HPCLAS_TRAIN_N_004039	0	HPCLAS_TRAIN_N_004039	1	A_clean_core	-9.122461155689304	0.00010917370336243787	0
HPCLAS_TRAIN_N_004046	0	HPCLAS_TRAIN_N_004046	1	A_clean_core	-2.4278098994948314	0.0810764868376198	0
HPCLAS_TRAIN_N_004048	0	HPCLAS_TRAIN_N_004048	1	A_clean_core	-1.8650990272394505	0.13410982508721883	0
HPCLAS_TRAIN_N_004059	0	HPCLAS_TRAIN_N_004059	1	D_hard_sample	0.9521803134923275	0.7215534452164368	1
HPCLAS_TRAIN_N_004060	0	HPCLAS_TRAIN_N_004060	1	D_hard_sample	-7.710098492955769	0.0004480764602852141	0
HPCLAS_TRAIN_N_004063	0	HPCLAS_TRAIN_N_004063	1	A_clean_core	-17.320473708248183	3.004787967676574e-08	0
HPCLAS_TRAIN_N_004064	0	HPCLAS_TRAIN_N_004064	1	B_ambiguous	-7.269289958349551	0.0006961215150571316	0
HPCLAS_TRAIN_N_004068	0	HPCLAS_TRAIN_N_004068	1	D_hard_sample	-7.18573516810685	0.0007567389640320587	0
HPCLAS_TRAIN_N_004070	0	HPCLAS_TRAIN_N_004070	1	A_clean_core	-8.644312845289097	0.0001760946443560466	0
HPCLAS_TRAIN_N_004071	0	HPCLAS_TRAIN_N_004071	1	A_clean_core	-7.821337794196426	0.00040092395039218815	0
HPCLAS_TRAIN_N_004078	0	HPCLAS_TRAIN_N_004078	1	A_clean_core	-7.4239621623111525	0.0005964239822323766	0
HPCLAS_TRAIN_N_004080	0	HPCLAS_TRAIN_N_004080	1	D_hard_sample	-2.5628313144338213	0.07156918145804668	0
HPCLAS_TRAIN_N_004083	0	HPCLAS_TRAIN_N_004083	1	A_clean_core	-10.19529479378638	3.7344230157243884e-05	0
HPCLAS_TRAIN_N_004090	0	HPCLAS_TRAIN_N_004090	1	A_clean_core	-8.193070883353306	0.00027648681917204345	0
HPCLAS_TRAIN_N_004091	0	HPCLAS_TRAIN_N_004091	1	A_clean_core	-14.977488779752647	3.128665507918115e-07	0
HPCLAS_TRAIN_N_004104	0	HPCLAS_TRAIN_N_004104	1	D_hard_sample	2.3305916693249835	0.9113791358567949	1
HPCLAS_TRAIN_N_004114	0	HPCLAS_TRAIN_N_004114	1	A_clean_core	-10.456480976032358	2.876043969273472e-05	0
HPCLAS_TRAIN_N_004125	0	HPCLAS_TRAIN_N_004125	1	A_clean_core	-5.298270024076558	0.004975358746471621	0
HPCLAS_TRAIN_N_004135	0	HPCLAS_TRAIN_N_004135	1	A_clean_core	-15.734889454333917	1.4669802701056946e-07	0
HPCLAS_TRAIN_N_004136	0	HPCLAS_TRAIN_N_004136	1	A_clean_core	-2.4910104331145284	0.07649078985703894	0
HPCLAS_TRAIN_N_004137	0	HPCLAS_TRAIN_N_004137	1	D_hard_sample	9.717671817284081	0.999939793607615	1
HPCLAS_TRAIN_N_004142	0	HPCLAS_TRAIN_N_004142	1	A_clean_core	-19.644648624932305	2.9406104888803566e-09	0
HPCLAS_TRAIN_N_004150	0	HPCLAS_TRAIN_N_004150	1	A_clean_core	-2.3486548395138076	0.08717275236419515	0
HPCLAS_TRAIN_N_004151	0	HPCLAS_TRAIN_N_004151	1	A_clean_core	-9.269843020979234	9.42144265664402e-05	0
HPCLAS_TRAIN_N_004154	0	HPCLAS_TRAIN_N_004154	1	A_clean_core	-16.18582495888782	9.34513317379351e-08	0
HPCLAS_TRAIN_N_004160	0	HPCLAS_TRAIN_N_004160	1	A_clean_core	-9.153885646750513	0.0001057966768229712	0
HPCLAS_TRAIN_N_004176	0	HPCLAS_TRAIN_N_004176	1	A_clean_core	-11.362063716231528	1.1628223617251746e-05	0
HPCLAS_TRAIN_N_004182	0	HPCLAS_TRAIN_N_004182	1	D_hard_sample	-0.04648043277851155	0.4883819833899744	0
HPCLAS_TRAIN_N_004194	0	HPCLAS_TRAIN_N_004194	1	D_hard_sample	0.8405942411870182	0.6985903553026498	1
HPCLAS_TRAIN_N_004196	0	HPCLAS_TRAIN_N_004196	1	D_hard_sample	-5.997972085991609	0.0024776300753569435	0
HPCLAS_TRAIN_N_004198	0	HPCLAS_TRAIN_N_004198	1	A_clean_core	-11.994245683917477	6.17963182465192e-06	0
HPCLAS_TRAIN_N_004202	0	HPCLAS_TRAIN_N_004202	1	A_clean_core	-5.094504405425333	0.006092991910685354	0
HPCLAS_TRAIN_N_004204	0	HPCLAS_TRAIN_N_004204	1	A_clean_core	-15.724046996317206	1.4829724805032304e-07	0
HPCLAS_TRAIN_N_004205	0	HPCLAS_TRAIN_N_004205	1	A_clean_core	-18.063818028375888	1.4288396785383754e-08	0
HPCLAS_TRAIN_N_004206	0	HPCLAS_TRAIN_N_004206	1	B_ambiguous	-7.341757659582649	0.0006474911965840559	0
HPCLAS_TRAIN_N_004215	0	HPCLAS_TRAIN_N_004215	1	A_clean_core	-9.604521249489189	6.741866359599304e-05	0
HPCLAS_TRAIN_N_004219	0	HPCLAS_TRAIN_N_004219	1	A_clean_core	-7.6785421458386285	0.00046243493696894586	0
HPCLAS_TRAIN_N_004240	0	HPCLAS_TRAIN_N_004240	1	A_clean_core	-7.081632766392165	0.0008396941720571053	0
HPCLAS_TRAIN_N_004250	0	HPCLAS_TRAIN_N_004250	1	D_hard_sample	-7.303388559982702	0.0006728005801629513	0
HPCLAS_TRAIN_N_004251	0	HPCLAS_TRAIN_N_004251	1	A_clean_core	-9.061567899995962	0.00011602742943577378	0
HPCLAS_TRAIN_N_004252	0	HPCLAS_TRAIN_N_004252	1	A_clean_core	-9.137150121965206	0.00010758194629260425	0
HPCLAS_TRAIN_N_004255	0	HPCLAS_TRAIN_N_004255	1	A_clean_core	-12.636170821554423	3.2522155903670177e-06	0
HPCLAS_TRAIN_N_004266	0	HPCLAS_TRAIN_N_004266	1	D_hard_sample	0.6939653439087561	0.6668484559451521	1
HPCLAS_TRAIN_N_004268	0	HPCLAS_TRAIN_N_004268	1	D_hard_sample	-3.556756352608547	0.02773977050652505	0
HPCLAS_TRAIN_N_004273	0	HPCLAS_TRAIN_N_004273	1	A_clean_core	-4.035766881499683	0.01736524181111977	0
HPCLAS_TRAIN_N_004274	0	HPCLAS_TRAIN_N_004274	1	D_hard_sample	4.232679703616768	0.9856941800968732	1
HPCLAS_TRAIN_N_004279	0	HPCLAS_TRAIN_N_004279	1	A_clean_core	-3.3541798096654816	0.03375855727359185	0
HPCLAS_TRAIN_N_004284	0	HPCLAS_TRAIN_N_004284	1	D_hard_sample	0.030094661204699058	0.5075230975110869	1
HPCLAS_TRAIN_N_004292	0	HPCLAS_TRAIN_N_004292	1	D_hard_sample	0.6836549860055472	0.6645539635974256	1
HPCLAS_TRAIN_N_004306	0	HPCLAS_TRAIN_N_004306	1	A_clean_core	-7.506850798576998	0.0005490066761234014	0
HPCLAS_TRAIN_N_004308	0	HPCLAS_TRAIN_N_004308	1	A_clean_core	-18.12310365901992	1.3465921551856994e-08	0
HPCLAS_TRAIN_N_004313	0	HPCLAS_TRAIN_P_007394	1	B_ambiguous	-6.671896147615165	0.0012643952392222225	0
HPCLAS_TRAIN_N_004315	0	HPCLAS_TRAIN_N_004315	1	A_clean_core	-3.348988239451966	0.033928311184267826	0
HPCLAS_TRAIN_N_004317	0	HPCLAS_TRAIN_N_004317	1	A_clean_core	-9.900072425430483	5.016853125701598e-05	0
HPCLAS_TRAIN_N_004318	0	HPCLAS_TRAIN_N_004318	1	D_hard_sample	3.914978682122146	0.9804488943441176	1
HPCLAS_TRAIN_N_004325	0	HPCLAS_TRAIN_N_004325	1	A_clean_core	-8.595903870909623	0.000184827293920725	0
HPCLAS_TRAIN_N_004331	0	HPCLAS_TRAIN_N_004331	1	A_clean_core	-4.452515565489662	0.011515083879819692	0
HPCLAS_TRAIN_N_004332	0	HPCLAS_TRAIN_N_004332	1	A_clean_core	-4.370272467052271	0.012489825254533604	0
HPCLAS_TRAIN_N_004341	0	HPCLAS_TRAIN_N_004341	1	A_clean_core	-8.872823900730102	0.00014012663097932588	0
HPCLAS_TRAIN_N_004358	0	HPCLAS_TRAIN_N_004358	1	A_clean_core	-7.4375240659071835	0.0005883946664672344	0
HPCLAS_TRAIN_N_004359	0	HPCLAS_TRAIN_N_004359	1	D_hard_sample	0.14668633874694859	0.5366059710166529	1
HPCLAS_TRAIN_N_004369	0	HPCLAS_TRAIN_N_004369	1	A_clean_core	-9.697834353197184	6.141258553544842e-05	0
HPCLAS_TRAIN_N_004382	0	HPCLAS_TRAIN_N_004382	1	A_clean_core	-7.343475612314132	0.0006463805106477651	0
HPCLAS_TRAIN_N_004388	0	HPCLAS_TRAIN_N_004388	1	A_clean_core	-12.667181929252392	3.152908864593475e-06	0
HPCLAS_TRAIN_N_004409	0	HPCLAS_TRAIN_N_004409	1	A_clean_core	-9.726302667241987	5.96890269256349e-05	0
HPCLAS_TRAIN_N_004412	0	HPCLAS_TRAIN_N_004412	1	A_clean_core	-19.46117947778686	3.5327844485291567e-09	0
HPCLAS_TRAIN_N_004427	0	HPCLAS_TRAIN_N_004427	1	D_hard_sample	-2.804629112948236	0.05707453936222299	0
HPCLAS_TRAIN_N_004430	0	HPCLAS_TRAIN_N_004430	1	D_hard_sample	2.850773335826946	0.9453586437319025	1
HPCLAS_TRAIN_N_004446	0	HPCLAS_TRAIN_N_004446	1	A_clean_core	-16.91153588911008	4.5228612324993244e-08	0
HPCLAS_TRAIN_N_004449	0	HPCLAS_TRAIN_N_004449	1	A_clean_core	0.46883350225315734	0.6151076248841055	1
HPCLAS_TRAIN_N_004464	0	HPCLAS_TRAIN_N_004464	1	A_clean_core	-7.513985057614274	0.0005451059861408276	0
HPCLAS_TRAIN_N_004466	0	HPCLAS_TRAIN_N_004466	1	A_clean_core	-9.905293557760455	4.990729036914535e-05	0
HPCLAS_TRAIN_N_004472	0	HPCLAS_TRAIN_P_002024	1	B_ambiguous	1.7328570708767046	0.849777506222193	1
HPCLAS_TRAIN_N_004476	0	HPCLAS_TRAIN_N_004476	1	D_hard_sample	6.089433262973389	0.9977384331084164	1
HPCLAS_TRAIN_N_004483	0	HPCLAS_TRAIN_N_004483	1	D_hard_sample	1.2989953445052853	0.7856658526137227	1
HPCLAS_TRAIN_N_004485	0	HPCLAS_TRAIN_N_004485	1	A_clean_core	-23.426507196506492	6.698802816731017e-11	0
HPCLAS_TRAIN_N_004509	0	HPCLAS_TRAIN_N_004509	1	A_clean_core	-11.050520605876859	1.5878628305369222e-05	0
HPCLAS_TRAIN_N_004521	0	HPCLAS_TRAIN_N_004521	1	A_clean_core	-3.852493169148735	0.020785539125121058	0
HPCLAS_TRAIN_N_004526	0	HPCLAS_TRAIN_N_004526	1	A_clean_core	-19.8526289120484	2.388431615027455e-09	0
HPCLAS_TRAIN_N_004530	0	HPCLAS_TRAIN_N_004530	1	D_hard_sample	-0.5038115726052066	0.37664535406998884	0
HPCLAS_TRAIN_N_004531	0	HPCLAS_TRAIN_N_004531	1	A_clean_core	-11.55015973759247	9.63441116579526e-06	0
HPCLAS_TRAIN_N_004533	0	HPCLAS_TRAIN_P_007210	1	B_ambiguous	-8.358976489480899	0.00023422912710032318	0
HPCLAS_TRAIN_N_004539	0	HPCLAS_TRAIN_N_004539	1	A_clean_core	-10.180589995679798	3.7897405912311995e-05	0
HPCLAS_TRAIN_N_004550	0	HPCLAS_TRAIN_N_004550	1	A_clean_core	-5.000498795009909	0.006689535722596299	0
HPCLAS_TRAIN_N_004552	0	HPCLAS_TRAIN_N_004552	1	A_clean_core	-7.460373581482621	0.0005751102150787739	0
HPCLAS_TRAIN_N_004555	0	HPCLAS_TRAIN_N_004555	1	A_clean_core	-8.260617834106755	0.0002584324276484946	0
HPCLAS_TRAIN_N_004558	0	HPCLAS_TRAIN_N_004558	1	A_clean_core	-9.271506522314578	9.405784575563366e-05	0
HPCLAS_TRAIN_N_004560	0	HPCLAS_TRAIN_N_004560	1	A_clean_core	-0.7528274036564042	0.3202055360856334	0
HPCLAS_TRAIN_N_004562	0	HPCLAS_TRAIN_N_004562	1	D_hard_sample	-0.5291215373596447	0.3707217987913624	0
HPCLAS_TRAIN_N_004564	0	HPCLAS_TRAIN_N_004564	1	D_hard_sample	-3.550663608269222	0.027904567170428714	0
HPCLAS_TRAIN_N_004568	0	HPCLAS_TRAIN_N_004568	1	A_clean_core	-3.7052641805121	0.024003386770819337	0
HPCLAS_TRAIN_N_004570	0	HPCLAS_TRAIN_N_004570	1	D_hard_sample	0.47447987047381357	0.6164435320767221	1
HPCLAS_TRAIN_N_004573	0	HPCLAS_TRAIN_N_004573	1	A_clean_core	-2.161963207150591	0.10321858654262461	0
HPCLAS_TRAIN_N_004574	0	HPCLAS_TRAIN_N_004574	1	A_clean_core	-2.3930674843554973	0.08370286535320792	0
HPCLAS_TRAIN_N_004575	0	HPCLAS_TRAIN_N_004575	1	D_hard_sample	2.1330025288074985	0.8940697116615767	1
HPCLAS_TRAIN_N_004578	0	HPCLAS_TRAIN_N_004578	1	A_clean_core	-5.192465316730367	0.005527563189660611	0
HPCLAS_TRAIN_N_004608	0	HPCLAS_TRAIN_N_004608	1	A_clean_core	0.698435595815198	0.6678408324075308	1
HPCLAS_TRAIN_N_004612	0	HPCLAS_TRAIN_N_004612	1	D_hard_sample	8.101774729801463	0.9996970908658798	1
HPCLAS_TRAIN_N_004619	0	HPCLAS_TRAIN_N_004619	1	D_hard_sample	0.21270734211927111	0.5529772423015914	1
HPCLAS_TRAIN_N_004625	0	HPCLAS_TRAIN_N_004625	1	D_hard_sample	-3.474064313332587	0.030059256994778755	0
HPCLAS_TRAIN_N_004628	0	HPCLAS_TRAIN_N_004628	1	A_clean_core	-9.596971239117883	6.792956686400901e-05	0
HPCLAS_TRAIN_N_004638	0	HPCLAS_TRAIN_N_004638	1	D_hard_sample	-2.359703723159754	0.08629755314609615	0
HPCLAS_TRAIN_N_004642	0	HPCLAS_TRAIN_N_004642	1	A_clean_core	-3.8848146065332596	0.020137774289429224	0
HPCLAS_TRAIN_N_004649	0	HPCLAS_TRAIN_N_004649	1	D_hard_sample	10.067799191081761	0.999957577921591	1
HPCLAS_TRAIN_N_004656	0	HPCLAS_TRAIN_N_004656	1	A_clean_core	-1.995845038436336	0.11963985702265176	0
HPCLAS_TRAIN_N_004670	0	HPCLAS_TRAIN_N_004670	1	A_clean_core	-5.544885385160381	0.003892182743417898	0
HPCLAS_TRAIN_N_004672	0	HPCLAS_TRAIN_N_004672	1	A_clean_core	-2.3051325707460126	0.09069877485230471	0
HPCLAS_TRAIN_N_004676	0	HPCLAS_TRAIN_N_004676	1	A_clean_core	-14.49805933776836	5.053271260167745e-07	0
HPCLAS_TRAIN_N_004686	0	HPCLAS_TRAIN_N_004686	1	A_clean_core	-11.848275793897926	7.1508241315440905e-06	0
HPCLAS_TRAIN_N_004696	0	HPCLAS_TRAIN_N_004696	1	A_clean_core	-9.764313186969257	5.746292208024994e-05	0
HPCLAS_TRAIN_N_004698	0	HPCLAS_TRAIN_N_004698	1	D_hard_sample	-4.521323842759504	0.010757632706371706	0
HPCLAS_TRAIN_N_004721	0	HPCLAS_TRAIN_N_004721	1	D_hard_sample	-0.7746983617966698	0.3154636337133568	0
HPCLAS_TRAIN_N_004728	0	HPCLAS_TRAIN_N_004728	1	A_clean_core	-10.181735629918073	3.7854015849364966e-05	0
HPCLAS_TRAIN_N_004731	0	HPCLAS_TRAIN_N_004731	1	A_clean_core	-8.303558075261888	0.00024757284927444726	0
HPCLAS_TRAIN_N_004739	0	HPCLAS_TRAIN_N_004739	1	D_hard_sample	-5.642438378731345	0.0035316986192451246	0
HPCLAS_TRAIN_N_004742	0	HPCLAS_TRAIN_N_004742	1	A_clean_core	-11.684569740839812	8.422716444809147e-06	0
HPCLAS_TRAIN_N_004749	0	HPCLAS_TRAIN_N_004749	1	A_clean_core	-8.301296461877339	0.0002481332578856538	0
HPCLAS_TRAIN_N_004753	0	HPCLAS_TRAIN_N_004753	1	D_hard_sample	-0.09988312602680516	0.47504995817475204	0
HPCLAS_TRAIN_N_004761	0	HPCLAS_TRAIN_N_004761	1	A_clean_core	-3.0066038630739724	0.047128422784735474	0
HPCLAS_TRAIN_N_004764	0	HPCLAS_TRAIN_N_004764	1	A_clean_core	-7.3603694568580185	0.0006355592626047003	0
HPCLAS_TRAIN_N_004765	0	HPCLAS_TRAIN_N_004765	1	A_clean_core	-9.97423526903261	4.65826756653406e-05	0
HPCLAS_TRAIN_N_004768	0	HPCLAS_TRAIN_N_004768	1	A_clean_core	-9.399588818701126	8.2751238805164e-05	0
HPCLAS_TRAIN_N_004773	0	HPCLAS_TRAIN_N_004773	1	A_clean_core	-4.809479214866021	0.008086184667916265	0
HPCLAS_TRAIN_N_004780	0	HPCLAS_TRAIN_N_004780	1	A_clean_core	-6.168715447343921	0.002089548673184435	0
HPCLAS_TRAIN_N_004782	0	HPCLAS_TRAIN_N_004782	1	D_hard_sample	-6.6536540233876345	0.0012876421866412368	0
HPCLAS_TRAIN_N_004784	0	HPCLAS_TRAIN_N_004784	1	D_hard_sample	-3.1927194492675506	0.039440623913749216	0
HPCLAS_TRAIN_N_004806	0	HPCLAS_TRAIN_N_004806	1	A_clean_core	-2.39062697832506	0.08389023437090573	0
HPCLAS_TRAIN_N_004808	0	HPCLAS_TRAIN_N_004808	1	A_clean_core	-9.976471708657424	4.647861756896149e-05	0
HPCLAS_TRAIN_N_004815	0	HPCLAS_TRAIN_N_004815	1	D_hard_sample	-1.2092928271285945	0.22982620096201833	0
HPCLAS_TRAIN_N_004831	0	HPCLAS_TRAIN_N_004831	1	A_clean_core	-3.123064643365442	0.042165823619027584	0
HPCLAS_TRAIN_N_004832	0	HPCLAS_TRAIN_N_004832	1	D_hard_sample	-6.967542524355435	0.0009410784567688832	0
HPCLAS_TRAIN_N_004835	0	HPCLAS_TRAIN_N_004835	1	A_clean_core	-8.101391767998813	0.0003030251238050377	0
HPCLAS_TRAIN_N_004841	0	HPCLAS_TRAIN_N_004841	1	A_clean_core	-7.689846187669996	0.0004572393640741743	0
HPCLAS_TRAIN_N_004852	0	HPCLAS_TRAIN_N_004852	1	A_clean_core	-2.831107802575618	0.055666134936351974	0
HPCLAS_TRAIN_N_004853	0	HPCLAS_TRAIN_N_004853	1	D_hard_sample	2.9989178094840376	0.9525252131179685	1
HPCLAS_TRAIN_N_004855	0	HPCLAS_TRAIN_N_004855	1	A_clean_core	-4.461701171848899	0.01141099661196743	0
HPCLAS_TRAIN_N_004860	0	HPCLAS_TRAIN_N_004860	1	A_clean_core	-5.65174702303435	0.0034990903316854437	0
HPCLAS_TRAIN_N_004862	0	HPCLAS_TRAIN_N_004862	1	A_clean_core	-7.953575475214114	0.0003512800403069602	0
HPCLAS_TRAIN_N_004866	0	HPCLAS_TRAIN_N_004866	1	A_clean_core	-6.834069755564551	0.001075310690418519	0
HPCLAS_TRAIN_N_004871	0	HPCLAS_TRAIN_N_004871	1	A_clean_core	-2.4459912453111707	0.07973219633641135	0
HPCLAS_TRAIN_N_004886	0	HPCLAS_TRAIN_N_004886	1	A_clean_core	-13.70170846923844	1.1205290817641135e-06	0
HPCLAS_TRAIN_N_004893	0	HPCLAS_TRAIN_N_004893	1	D_hard_sample	3.494744343206916	0.9705378594225368	1
HPCLAS_TRAIN_N_004894	0	HPCLAS_TRAIN_N_004894	1	A_clean_core	-8.919045879142198	0.00013379795611625863	0
HPCLAS_TRAIN_N_004908	0	HPCLAS_TRAIN_N_004908	1	A_clean_core	-12.791154984303763	2.785292203561729e-06	0
HPCLAS_TRAIN_N_004916	0	HPCLAS_TRAIN_N_004916	1	A_clean_core	-12.94439933060035	2.389559018430136e-06	0
HPCLAS_TRAIN_N_004921	0	HPCLAS_TRAIN_N_004921	1	A_clean_core	-1.1863303285522768	0.23391589592077977	0
HPCLAS_TRAIN_N_004925	0	HPCLAS_TRAIN_N_004925	1	A_clean_core	-14.502470097117548	5.031031590896782e-07	0
HPCLAS_TRAIN_N_004929	0	HPCLAS_TRAIN_N_004929	1	A_clean_core	-4.397853734830099	0.012154177053209047	0
HPCLAS_TRAIN_N_004946	0	HPCLAS_TRAIN_N_004946	1	D_hard_sample	2.340773120265861	0.9121980262638079	1
HPCLAS_TRAIN_N_004947	0	HPCLAS_TRAIN_N_004947	1	D_hard_sample	-6.459207790166227	0.0015635872144740695	0
HPCLAS_TRAIN_N_004950	0	HPCLAS_TRAIN_N_004950	1	A_clean_core	-18.89166911680532	6.243848342849675e-09	0
HPCLAS_TRAIN_N_004953	0	HPCLAS_TRAIN_N_004953	1	A_clean_core	-12.91630310637968	2.4576484888326314e-06	0
HPCLAS_TRAIN_N_004957	0	HPCLAS_TRAIN_N_004957	1	D_hard_sample	-5.919517880212155	0.0026792971585899404	0
HPCLAS_TRAIN_N_004963	0	HPCLAS_TRAIN_N_004963	1	A_clean_core	-8.861587060579446	0.00014170986702495805	0
HPCLAS_TRAIN_N_004973	0	HPCLAS_TRAIN_N_004973	1	A_clean_core	-9.624411069387131	6.609105387007843e-05	0
HPCLAS_TRAIN_N_004976	0	HPCLAS_TRAIN_N_004976	1	A_clean_core	-7.8634269825149055	0.00038440592692608975	0
HPCLAS_TRAIN_N_004977	0	HPCLAS_TRAIN_N_004977	1	A_clean_core	-15.252263798708277	2.3769819970831973e-07	0
HPCLAS_TRAIN_N_004986	0	HPCLAS_TRAIN_N_004986	1	D_hard_sample	-14.414531009952743	5.493491850384744e-07	0
HPCLAS_TRAIN_N_004988	0	HPCLAS_TRAIN_N_004988	1	A_clean_core	-11.264324823955032	1.2822134198674781e-05	0
HPCLAS_TRAIN_N_004994	0	HPCLAS_TRAIN_N_004994	1	A_clean_core	0.9204803162997344	0.7151399633483488	1
HPCLAS_TRAIN_N_005000	0	HPCLAS_TRAIN_N_005000	1	A_clean_core	-12.045480191632652	5.870997171559346e-06	0
HPCLAS_TRAIN_N_005001	0	HPCLAS_TRAIN_N_005001	1	D_hard_sample	0.15837408683331322	0.5395109705412293	1
HPCLAS_TRAIN_N_005008	0	HPCLAS_TRAIN_N_005008	1	A_clean_core	-7.2702471838915965	0.0006954559517742601	0
HPCLAS_TRAIN_N_005024	0	HPCLAS_TRAIN_N_005024	1	D_hard_sample	-3.3585865405175372	0.03361510944543972	0
HPCLAS_TRAIN_N_005025	0	HPCLAS_TRAIN_N_005025	1	A_clean_core	-11.188889142918786	1.3826784103579553e-05	0
HPCLAS_TRAIN_N_005048	0	HPCLAS_TRAIN_N_005048	1	A_clean_core	-2.9565696634451752	0.049426927815192	0
HPCLAS_TRAIN_N_005053	0	HPCLAS_TRAIN_N_005053	1	A_clean_core	-18.411157352792387	1.0095688727546256e-08	0
HPCLAS_TRAIN_N_005063	0	HPCLAS_TRAIN_N_005063	1	D_hard_sample	-8.689644294971245	0.00016829156098861412	0
HPCLAS_TRAIN_N_005067	0	HPCLAS_TRAIN_N_005067	1	A_clean_core	-7.365112213803036	0.000632553998459494	0
HPCLAS_TRAIN_N_005074	0	HPCLAS_TRAIN_N_005074	1	D_hard_sample	2.90434021291955	0.9480605725740561	1
HPCLAS_TRAIN_N_005078	0	HPCLAS_TRAIN_N_005078	1	A_clean_core	-9.50727608298398	7.430365690112948e-05	0
HPCLAS_TRAIN_N_005088	0	HPCLAS_TRAIN_N_005088	1	A_clean_core	-3.0525619730776974	0.04510699457862609	0
HPCLAS_TRAIN_N_005096	0	HPCLAS_TRAIN_N_005096	1	B_ambiguous	2.7484834065833876	0.9398276411593722	1
HPCLAS_TRAIN_N_005100	0	HPCLAS_TRAIN_N_005100	1	D_hard_sample	-0.11368016129476999	0.471610526613909	0
HPCLAS_TRAIN_N_005102	0	HPCLAS_TRAIN_N_005102	1	D_hard_sample	-3.399314207846218	0.03231690427141898	0
HPCLAS_TRAIN_N_005103	0	HPCLAS_TRAIN_N_005103	1	B_ambiguous	0.9154586302837107	0.7141158673594251	1
HPCLAS_TRAIN_N_005104	0	HPCLAS_TRAIN_N_005104	1	A_clean_core	-11.16852808979761	1.4111193629617896e-05	0
HPCLAS_TRAIN_N_005105	0	HPCLAS_TRAIN_N_005105	1	D_hard_sample	-2.7939078856503885	0.057654271464474695	0
HPCLAS_TRAIN_N_005112	0	HPCLAS_TRAIN_N_005112	1	A_clean_core	-7.38283131437014	0.0006214513310793491	0
HPCLAS_TRAIN_P_000002	1	HPCLAS_TRAIN_P_000002	1	D_hard_sample	2.444639680699625	0.9201685762985008	1
HPCLAS_TRAIN_P_000010	1	HPCLAS_TRAIN_P_000010	1	A_clean_core	6.427511655423594	0.9983861405884074	1
HPCLAS_TRAIN_P_000011	1	HPCLAS_TRAIN_P_000011	1	A_clean_core	5.583698296667831	0.9962554352479687	1
HPCLAS_TRAIN_P_000012	1	HPCLAS_TRAIN_P_000012	1	A_clean_core	17.58796680521428	0.9999999770044893	1
HPCLAS_TRAIN_P_000014	1	HPCLAS_TRAIN_P_000014	1	A_clean_core	6.707696118117578	0.9987800151614638	1
HPCLAS_TRAIN_P_000020	1	HPCLAS_TRAIN_P_000020	1	A_clean_core	11.977516092358405	0.9999937161164961	1
HPCLAS_TRAIN_P_000021	1	HPCLAS_TRAIN_P_000021	1	D_hard_sample	1.0169691002144035	0.7343817966256215	1
HPCLAS_TRAIN_P_000024	1	HPCLAS_TRAIN_P_000024	1	D_hard_sample	5.697478936187785	0.9966568029666231	1
HPCLAS_TRAIN_P_000028	1	HPCLAS_TRAIN_P_000028	1	D_hard_sample	-1.7627512512632855	0.14644609975443598	0
HPCLAS_TRAIN_P_000034	1	HPCLAS_TRAIN_P_000034	1	A_clean_core	10.472704826847028	0.9999717023876141	1
HPCLAS_TRAIN_P_000035	1	HPCLAS_TRAIN_P_000035	1	A_clean_core	5.700298493439637	0.9966661846440974	1
HPCLAS_TRAIN_P_000055	1	HPCLAS_TRAIN_P_000055	1	D_hard_sample	3.9459536870387075	0.9810338971445925	1
HPCLAS_TRAIN_P_000060	1	HPCLAS_TRAIN_P_000060	1	A_clean_core	16.980294365326912	0.9999999577767327	1
HPCLAS_TRAIN_P_000066	1	HPCLAS_TRAIN_P_000066	1	A_clean_core	15.49277855332708	0.9999998131161881	1
HPCLAS_TRAIN_P_000077	1	HPCLAS_TRAIN_P_000077	1	A_clean_core	19.416441976227308	0.999999996305579	1
HPCLAS_TRAIN_P_000078	1	HPCLAS_TRAIN_P_000078	1	A_clean_core	11.669367357931375	0.9999914482610497	1
HPCLAS_TRAIN_P_000082	1	HPCLAS_TRAIN_P_000082	1	A_clean_core	7.238536656329737	0.9992821534716884	1
HPCLAS_TRAIN_P_000089	1	HPCLAS_TRAIN_P_000089	1	A_clean_core	5.98551950023451	0.9974914020060236	1
HPCLAS_TRAIN_P_000091	1	HPCLAS_TRAIN_P_000091	1	A_clean_core	16.76728832972132	0.9999999477532623	1
HPCLAS_TRAIN_P_000097	1	HPCLAS_TRAIN_P_000097	1	A_clean_core	10.885526197446076	0.9999812730130981	1
HPCLAS_TRAIN_P_000110	1	HPCLAS_TRAIN_P_000110	1	A_clean_core	5.196732776304383	0.9944958456435599	1
HPCLAS_TRAIN_P_000117	1	HPCLAS_TRAIN_P_000117	1	A_clean_core	14.474329718883098	0.9999994825382545	1
HPCLAS_TRAIN_P_000119	1	HPCLAS_TRAIN_P_000119	1	A_clean_core	12.343659038013465	0.9999956427236898	1
HPCLAS_TRAIN_P_000121	1	HPCLAS_TRAIN_P_000121	1	A_clean_core	4.384262149405663	0.9876815495124706	1
HPCLAS_TRAIN_P_000122	1	HPCLAS_TRAIN_P_000122	1	A_clean_core	12.343110790184575	0.9999956403341779	1
HPCLAS_TRAIN_P_000125	1	HPCLAS_TRAIN_P_000125	1	A_clean_core	7.004687661348086	0.9990932056473121	1
HPCLAS_TRAIN_P_000139	1	HPCLAS_TRAIN_P_000139	1	A_clean_core	9.972662616541978	0.9999533440117593	1
HPCLAS_TRAIN_P_000141	1	HPCLAS_TRAIN_P_000141	1	A_clean_core	17.260179389465517	0.9999999680846713	1
HPCLAS_TRAIN_P_000150	1	HPCLAS_TRAIN_P_000150	1	A_clean_core	12.691369406108507	0.9999969224369253	1
HPCLAS_TRAIN_P_000154	1	HPCLAS_TRAIN_P_000154	1	A_clean_core	10.825781214397963	0.9999801200941865	1
HPCLAS_TRAIN_P_000155	1	HPCLAS_TRAIN_P_000155	1	A_clean_core	17.82586422778627	0.9999999818730173	1
HPCLAS_TRAIN_P_000160	1	HPCLAS_TRAIN_P_000160	1	A_clean_core	6.013308773826434	0.9975599866511676	1
HPCLAS_TRAIN_P_000166	1	HPCLAS_TRAIN_P_000166	1	A_clean_core	18.793391415334273	0.9999999931113548	1
HPCLAS_TRAIN_P_000172	1	HPCLAS_TRAIN_P_000172	1	A_clean_core	10.754446361343394	0.9999786501898668	1
HPCLAS_TRAIN_P_000176	1	HPCLAS_TRAIN_P_000176	1	A_clean_core	20.07974962555342	0.999999998096839	1
HPCLAS_TRAIN_P_000179	1	HPCLAS_TRAIN_P_000179	1	D_hard_sample	2.76946283225729	0.9410031720857247	1
HPCLAS_TRAIN_P_000183	1	HPCLAS_TRAIN_P_000183	1	A_clean_core	8.5155205952779	0.9997997053268516	1
HPCLAS_TRAIN_P_000187	1	HPCLAS_TRAIN_P_000187	1	A_clean_core	20.967721485138334	0.9999999992168693	1
HPCLAS_TRAIN_P_000188	1	HPCLAS_TRAIN_N_002123	1	B_ambiguous	-1.5478721609401003	0.17539380673467633	0
HPCLAS_TRAIN_P_000192	1	HPCLAS_TRAIN_P_000192	1	A_clean_core	10.991648942088172	0.9999831585219651	1
HPCLAS_TRAIN_P_000196	1	HPCLAS_TRAIN_P_000196	1	A_clean_core	9.544357430986981	0.999928400970072	1
HPCLAS_TRAIN_P_000199	1	HPCLAS_TRAIN_P_000199	1	A_clean_core	15.81751787561974	0.9999998649361235	1
HPCLAS_TRAIN_P_000202	1	HPCLAS_TRAIN_P_000202	1	A_clean_core	10.212615321746615	0.9999632969986436	1
HPCLAS_TRAIN_P_000209	1	HPCLAS_TRAIN_P_000209	1	A_clean_core	11.733273477360395	0.9999919776687576	1
HPCLAS_TRAIN_P_000213	1	HPCLAS_TRAIN_P_000213	1	A_clean_core	6.467379383143804	0.9984491179866456	1
HPCLAS_TRAIN_P_000223	1	HPCLAS_TRAIN_P_000223	1	A_clean_core	9.937139296622775	0.9999516569282905	1
HPCLAS_TRAIN_P_000226	1	HPCLAS_TRAIN_P_000226	1	D_hard_sample	-4.241854806473819	0.014177015173685538	0
HPCLAS_TRAIN_P_000231	1	HPCLAS_TRAIN_P_000231	1	A_clean_core	8.104663258666033	0.9996979643013081	1
HPCLAS_TRAIN_P_000233	1	HPCLAS_TRAIN_P_000233	1	A_clean_core	6.5294982860167625	0.9985423896921274	1
HPCLAS_TRAIN_P_000235	1	HPCLAS_TRAIN_P_000235	1	D_hard_sample	-2.556936983603455	0.07196183268793044	0
HPCLAS_TRAIN_P_000245	1	HPCLAS_TRAIN_P_000245	1	A_clean_core	9.76653508250916	0.9999426646054806	1
HPCLAS_TRAIN_P_000252	1	HPCLAS_TRAIN_P_000252	1	A_clean_core	9.355988464003524	0.9999135612862285	1
HPCLAS_TRAIN_P_000257	1	HPCLAS_TRAIN_P_000257	1	D_hard_sample	-10.872478692908947	1.8972923654123794e-05	0
HPCLAS_TRAIN_P_000274	1	HPCLAS_TRAIN_P_000274	1	A_clean_core	3.2259324939174894	0.9617985847459711	1
HPCLAS_TRAIN_P_000279	1	HPCLAS_TRAIN_P_000279	1	D_hard_sample	0.8881999886755767	0.7085185737941639	1
HPCLAS_TRAIN_P_000287	1	HPCLAS_TRAIN_P_000287	1	A_clean_core	12.397511477840355	0.9999958711663773	1
HPCLAS_TRAIN_P_000290	1	HPCLAS_TRAIN_P_000290	1	A_clean_core	17.7291818380439	0.9999999800329389	1
HPCLAS_TRAIN_P_000304	1	HPCLAS_TRAIN_P_000304	1	A_clean_core	8.7412097024107	0.9998401651638608	1
HPCLAS_TRAIN_P_000316	1	HPCLAS_TRAIN_P_000316	1	A_clean_core	19.211539851799508	0.9999999954654495	1
HPCLAS_TRAIN_P_000333	1	HPCLAS_TRAIN_P_000333	1	A_clean_core	14.019583846040364	0.9999991845980553	1
HPCLAS_TRAIN_P_000339	1	HPCLAS_TRAIN_P_000339	1	A_clean_core	15.841818441522213	0.999999868178694	1
HPCLAS_TRAIN_P_000356	1	HPCLAS_TRAIN_P_000356	1	A_clean_core	13.781493592372593	0.9999989653989111	1
HPCLAS_TRAIN_P_000358	1	HPCLAS_TRAIN_P_000358	1	A_clean_core	8.396104051753005	0.9997743058449314	1
HPCLAS_TRAIN_P_000363	1	HPCLAS_TRAIN_P_000363	1	A_clean_core	4.632784754217685	0.9903660829187405	1
HPCLAS_TRAIN_P_000376	1	HPCLAS_TRAIN_P_000376	1	A_clean_core	16.00912264176888	0.9999998884867873	1
HPCLAS_TRAIN_P_000378	1	HPCLAS_TRAIN_P_000378	1	D_hard_sample	-0.2564174508128776	0.43624458117502757	0
HPCLAS_TRAIN_P_000381	1	HPCLAS_TRAIN_P_000381	1	A_clean_core	13.93512904546768	0.9999991127419147	1
HPCLAS_TRAIN_P_000385	1	HPCLAS_TRAIN_P_000385	1	A_clean_core	9.303059368288915	0.9999088633481455	1
HPCLAS_TRAIN_P_000387	1	HPCLAS_TRAIN_P_000387	1	A_clean_core	7.036453244137295	0.9991215328965576	1
HPCLAS_TRAIN_P_000391	1	HPCLAS_TRAIN_P_000391	1	A_clean_core	3.313688722727516	0.9648954405471805	1
HPCLAS_TRAIN_P_000408	1	HPCLAS_TRAIN_P_000408	1	D_hard_sample	-1.298089067647437	0.21448679940646195	0
HPCLAS_TRAIN_P_000415	1	HPCLAS_TRAIN_P_000415	1	A_clean_core	10.987991611997908	0.9999830968153899	1
HPCLAS_TRAIN_P_000422	1	HPCLAS_TRAIN_P_000422	1	A_clean_core	27.588597135396277	0.9999999999989566	1
HPCLAS_TRAIN_P_000427	1	HPCLAS_TRAIN_P_000427	1	D_hard_sample	-1.4307255907214724	0.19298565396981776	0
HPCLAS_TRAIN_P_000441	1	HPCLAS_TRAIN_P_000441	1	A_clean_core	10.001864794176704	0.9999546867062608	1
HPCLAS_TRAIN_P_000442	1	HPCLAS_TRAIN_P_000442	1	A_clean_core	1.8450529273764236	0.8635452129982397	1
HPCLAS_TRAIN_P_000444	1	HPCLAS_TRAIN_P_000444	1	A_clean_core	16.653987957475806	0.9999999414853108	1
HPCLAS_TRAIN_P_000448	1	HPCLAS_TRAIN_P_000448	1	A_clean_core	15.244429037665398	0.9999997604321776	1
HPCLAS_TRAIN_P_000449	1	HPCLAS_TRAIN_P_000449	1	A_clean_core	11.16150360833115	0.9999857893350025	1
HPCLAS_TRAIN_P_000462	1	HPCLAS_TRAIN_P_000462	1	D_hard_sample	3.684302653496129	0.9755006120886524	1
HPCLAS_TRAIN_P_000470	1	HPCLAS_TRAIN_P_000470	1	A_clean_core	5.0456144893575425	0.9936036730056879	1
HPCLAS_TRAIN_P_000472	1	HPCLAS_TRAIN_P_000472	1	A_clean_core	17.144644716197817	0.9999999641758917	1
HPCLAS_TRAIN_P_000479	1	HPCLAS_TRAIN_P_000479	1	A_clean_core	18.852387207506208	0.9999999935060002	1
HPCLAS_TRAIN_P_000482	1	HPCLAS_TRAIN_P_000482	1	A_clean_core	22.727292737436436	0.9999999998652087	1
HPCLAS_TRAIN_P_000490	1	HPCLAS_TRAIN_P_000490	1	A_clean_core	3.95846157988334	0.9812652289993802	1
HPCLAS_TRAIN_P_000494	1	HPCLAS_TRAIN_P_000494	1	D_hard_sample	-1.9588010025764522	0.12359686517850636	0
HPCLAS_TRAIN_P_000496	1	HPCLAS_TRAIN_P_000496	1	A_clean_core	20.76333409546176	0.999999999039276	1
HPCLAS_TRAIN_P_000504	1	HPCLAS_TRAIN_P_000504	1	D_hard_sample	1.7182183986753845	0.8478992124868042	1
HPCLAS_TRAIN_P_000512	1	HPCLAS_TRAIN_P_000512	1	D_hard_sample	10.257441879145734	0.9999649058803856	1
HPCLAS_TRAIN_P_000519	1	HPCLAS_TRAIN_P_000519	1	A_clean_core	9.287162906094704	0.9999074031567647	1
HPCLAS_TRAIN_P_000536	1	HPCLAS_TRAIN_P_000536	1	A_clean_core	11.004042127568558	0.9999833659500521	1
HPCLAS_TRAIN_P_000541	1	HPCLAS_TRAIN_P_000541	1	A_clean_core	4.730402943221895	0.9912542478400764	1
HPCLAS_TRAIN_P_000542	1	HPCLAS_TRAIN_P_000542	1	D_hard_sample	-0.24775914941826382	0.43837512544299106	0
HPCLAS_TRAIN_P_000544	1	HPCLAS_TRAIN_P_000544	1	A_clean_core	11.461199940818926	0.9999894692443381	1
HPCLAS_TRAIN_P_000548	1	HPCLAS_TRAIN_P_000548	1	A_clean_core	8.935875502299623	0.9998684346769267	1
HPCLAS_TRAIN_P_000562	1	HPCLAS_TRAIN_P_000562	1	A_clean_core	11.698062942622425	0.9999916901687196	1
HPCLAS_TRAIN_P_000566	1	HPCLAS_TRAIN_P_000566	1	A_clean_core	4.220316766203289	0.9855187974259014	1
HPCLAS_TRAIN_P_000575	1	HPCLAS_TRAIN_P_000575	1	A_clean_core	15.821267611016953	0.9999998654416288	1
HPCLAS_TRAIN_P_000577	1	HPCLAS_TRAIN_P_000577	1	A_clean_core	3.5952909186784154	0.9732808180540062	1
HPCLAS_TRAIN_P_000579	1	HPCLAS_TRAIN_P_000579	1	A_clean_core	11.296438791508368	0.9999875830888056	1
HPCLAS_TRAIN_P_000581	1	HPCLAS_TRAIN_P_000581	1	A_clean_core	2.7324356777413374	0.9389136843702501	1
HPCLAS_TRAIN_P_000595	1	HPCLAS_TRAIN_P_000595	1	A_clean_core	14.79385944068083	0.9999996240688479	1
HPCLAS_TRAIN_P_000600	1	HPCLAS_TRAIN_P_000600	1	A_clean_core	-0.32900648550783096	0.4184823801563259	0
HPCLAS_TRAIN_P_000603	1	HPCLAS_TRAIN_P_006079	1	A_clean_core	17.178679286119618	0.9999999653746346	1
HPCLAS_TRAIN_P_000605	1	HPCLAS_TRAIN_P_000605	1	D_hard_sample	1.0037278348860212	0.7317908838359023	1
HPCLAS_TRAIN_P_000615	1	HPCLAS_TRAIN_P_000615	1	D_hard_sample	0.07760654181226112	0.5193919036733049	1
HPCLAS_TRAIN_P_000625	1	HPCLAS_TRAIN_P_000625	1	A_clean_core	12.505480295258188	0.9999962937278638	1
HPCLAS_TRAIN_P_000626	1	HPCLAS_TRAIN_P_000626	1	A_clean_core	17.428931109458603	0.9999999730405281	1
HPCLAS_TRAIN_P_000629	1	HPCLAS_TRAIN_P_000629	1	A_clean_core	1.0576971995437106	0.7422502312608378	1
HPCLAS_TRAIN_P_000640	1	HPCLAS_TRAIN_P_000640	1	A_clean_core	7.746887539750356	0.9995681013189034	1
HPCLAS_TRAIN_P_000676	1	HPCLAS_TRAIN_P_000676	1	A_clean_core	8.5155040413836	0.9997997020118314	1
HPCLAS_TRAIN_P_000679	1	HPCLAS_TRAIN_P_000679	1	A_clean_core	11.75760359710712	0.9999921704962393	1
HPCLAS_TRAIN_P_000680	1	HPCLAS_TRAIN_N_001271	1	B_ambiguous	13.37333855519686	0.9999984439190532	1
HPCLAS_TRAIN_P_000693	1	HPCLAS_TRAIN_P_000693	1	D_hard_sample	5.9698967339980715	0.9974520036709575	1
HPCLAS_TRAIN_P_000696	1	HPCLAS_TRAIN_P_000696	1	A_clean_core	16.475036116874126	0.9999999300185889	1
HPCLAS_TRAIN_P_000700	1	HPCLAS_TRAIN_P_000700	1	A_clean_core	15.917357695528509	0.9999998777695719	1
HPCLAS_TRAIN_P_000731	1	HPCLAS_TRAIN_P_000731	1	A_clean_core	10.593794868414752	0.9999749295310213	1
HPCLAS_TRAIN_P_000739	1	HPCLAS_TRAIN_P_000739	1	A_clean_core	3.188786035770411	0.9604100882225777	1
HPCLAS_TRAIN_P_000751	1	HPCLAS_TRAIN_P_000751	1	A_clean_core	13.654491260948815	0.999998825293743	1
HPCLAS_TRAIN_P_000755	1	HPCLAS_TRAIN_P_002784	1	A_clean_core	23.353367619562952	0.999999999927929	1
HPCLAS_TRAIN_P_000773	1	HPCLAS_TRAIN_P_000773	1	A_clean_core	17.37868788674753	0.9999999716513922	1
HPCLAS_TRAIN_P_000775	1	HPCLAS_TRAIN_P_000775	1	A_clean_core	13.065190280614235	0.9999978823263321	1
HPCLAS_TRAIN_P_000787	1	HPCLAS_TRAIN_P_000787	1	D_hard_sample	-2.18147255722456	0.10142664130426168	0
HPCLAS_TRAIN_P_000788	1	HPCLAS_TRAIN_P_000788	1	A_clean_core	18.950367082443027	0.9999999941121038	1
HPCLAS_TRAIN_P_000789	1	HPCLAS_TRAIN_P_000789	1	D_hard_sample	1.2265803331559741	0.7732194922136298	1
HPCLAS_TRAIN_P_000804	1	HPCLAS_TRAIN_P_000804	1	A_clean_core	8.828063207369176	0.9998534596525859	1
HPCLAS_TRAIN_P_000805	1	HPCLAS_TRAIN_P_000805	1	A_clean_core	19.542088748643273	0.999999996741793	1
HPCLAS_TRAIN_P_000809	1	HPCLAS_TRAIN_P_000809	1	A_clean_core	11.433733738835024	0.9999891759988722	1
HPCLAS_TRAIN_P_000810	1	HPCLAS_TRAIN_P_000810	1	A_clean_core	16.043822664655977	0.9999998922899316	1
HPCLAS_TRAIN_P_000814	1	HPCLAS_TRAIN_P_000814	1	A_clean_core	6.099496569416894	0.9977610271167724	1
HPCLAS_TRAIN_P_000822	1	HPCLAS_TRAIN_P_000822	1	A_clean_core	13.350508905099415	0.9999984079857142	1
HPCLAS_TRAIN_P_000823	1	HPCLAS_TRAIN_P_000823	1	A_clean_core	12.261855721169052	0.9999952713010175	1
HPCLAS_TRAIN_P_000834	1	HPCLAS_TRAIN_P_000834	1	D_hard_sample	-6.104716681428641	0.002227341611146374	0
HPCLAS_TRAIN_P_000862	1	HPCLAS_TRAIN_P_000862	1	D_hard_sample	-4.5269788252913505	0.010697619110549802	0
HPCLAS_TRAIN_P_000863	1	HPCLAS_TRAIN_P_000863	1	A_clean_core	8.472501790636992	0.999790902709555	1
HPCLAS_TRAIN_P_000865	1	HPCLAS_TRAIN_P_000865	1	A_clean_core	0.829538033973293	0.6962572406771421	1
HPCLAS_TRAIN_P_000873	1	HPCLAS_TRAIN_P_000873	1	A_clean_core	4.189936856318674	0.9850787741134985	1
HPCLAS_TRAIN_P_000877	1	HPCLAS_TRAIN_P_000877	1	A_clean_core	7.649370642677976	0.9995238829702288	1
HPCLAS_TRAIN_P_000878	1	HPCLAS_TRAIN_P_000878	1	A_clean_core	20.984315467730003	0.9999999992297572	1
HPCLAS_TRAIN_P_000883	1	HPCLAS_TRAIN_P_000883	1	A_clean_core	2.941862581137965	0.949877479113263	1
HPCLAS_TRAIN_P_000893	1	HPCLAS_TRAIN_P_000893	1	A_clean_core	15.803278990871807	0.9999998629992076	1
HPCLAS_TRAIN_P_000895	1	HPCLAS_TRAIN_P_000895	1	A_clean_core	12.52952878889349	0.9999963817946224	1
HPCLAS_TRAIN_P_000897	1	HPCLAS_TRAIN_P_000897	1	A_clean_core	5.500356949291911	0.9959313089475438	1
HPCLAS_TRAIN_P_000904	1	HPCLAS_TRAIN_P_000904	1	A_clean_core	4.2831795715745535	0.9863890947961328	1
HPCLAS_TRAIN_P_000907	1	HPCLAS_TRAIN_P_000907	1	A_clean_core	17.901611075715387	0.9999999831953651	1
HPCLAS_TRAIN_P_000912	1	HPCLAS_TRAIN_P_000912	1	D_hard_sample	0.8041141081208365	0.6908538402212927	1
HPCLAS_TRAIN_P_000913	1	HPCLAS_TRAIN_P_000913	1	D_hard_sample	-3.7455529773029106	0.02307741501137765	0
HPCLAS_TRAIN_P_000924	1	HPCLAS_TRAIN_P_000924	1	A_clean_core	5.231510655733499	0.99468297777049	1
HPCLAS_TRAIN_P_000930	1	HPCLAS_TRAIN_P_000930	1	A_clean_core	21.73297306664217	0.9999999996356743	1
HPCLAS_TRAIN_P_000934	1	HPCLAS_TRAIN_P_000934	1	A_clean_core	10.203918779507813	0.9999629764293579	1
HPCLAS_TRAIN_P_000943	1	HPCLAS_TRAIN_P_006936	1	D_hard_sample	-1.2973833469873686	0.21460572474216189	0
HPCLAS_TRAIN_P_000950	1	HPCLAS_TRAIN_P_000950	1	D_hard_sample	-1.8640635772746315	0.13423011163343357	0
HPCLAS_TRAIN_P_000955	1	HPCLAS_TRAIN_P_000955	1	A_clean_core	6.719286736153221	0.9987940569535212	1
HPCLAS_TRAIN_P_000960	1	HPCLAS_TRAIN_P_000960	1	A_clean_core	14.638771637418575	0.9999995610024814	1
HPCLAS_TRAIN_P_000962	1	HPCLAS_TRAIN_P_000962	1	B_ambiguous	3.320347815807187	0.9651203019225653	1
HPCLAS_TRAIN_P_000968	1	HPCLAS_TRAIN_P_000968	1	A_clean_core	5.811255311900943	0.9970152655856656	1
HPCLAS_TRAIN_P_000969	1	HPCLAS_TRAIN_P_000969	1	A_clean_core	21.058437497436895	0.9999999992847848	1
HPCLAS_TRAIN_P_000977	1	HPCLAS_TRAIN_P_000977	1	A_clean_core	16.195039372595577	0.9999999074058122	1
HPCLAS_TRAIN_P_000986	1	HPCLAS_TRAIN_P_000986	1	A_clean_core	15.899283875619089	0.9999998755403166	1
HPCLAS_TRAIN_P_000987	1	HPCLAS_TRAIN_P_000987	1	A_clean_core	9.16700544659191	0.9998955821447562	1
HPCLAS_TRAIN_P_001007	1	HPCLAS_TRAIN_P_001007	1	D_hard_sample	4.710004088352392	0.9910756209520328	1
HPCLAS_TRAIN_P_001010	1	HPCLAS_TRAIN_P_001010	1	A_clean_core	4.370810642342068	0.9875168107665165	1
HPCLAS_TRAIN_P_001011	1	HPCLAS_TRAIN_P_001011	1	A_clean_core	10.371441789167811	0.9999686868713535	1
HPCLAS_TRAIN_P_001028	1	HPCLAS_TRAIN_P_001028	1	A_clean_core	26.710197052828182	0.9999999999974887	1
HPCLAS_TRAIN_P_001030	1	HPCLAS_TRAIN_P_001030	1	A_clean_core	7.736576512371029	0.9995636269148771	1
HPCLAS_TRAIN_P_001033	1	HPCLAS_TRAIN_P_001033	1	A_clean_core	17.10964563261293	0.9999999628998812	1
HPCLAS_TRAIN_P_001040	1	HPCLAS_TRAIN_P_001040	1	D_hard_sample	0.2736940044486431	0.5679995519364002	1
HPCLAS_TRAIN_P_001046	1	HPCLAS_TRAIN_P_001046	1	A_clean_core	9.8344973318639	0.9999464315831653	1
HPCLAS_TRAIN_P_001057	1	HPCLAS_TRAIN_P_001057	1	A_clean_core	10.427456834332771	0.9999703926063443	1
HPCLAS_TRAIN_P_001058	1	HPCLAS_TRAIN_P_001058	1	A_clean_core	2.688089472482254	0.936320161918662	1
HPCLAS_TRAIN_P_001067	1	HPCLAS_TRAIN_P_001067	1	A_clean_core	20.919399885972968	0.9999999991780979	1
HPCLAS_TRAIN_P_001074	1	HPCLAS_TRAIN_P_001074	1	A_clean_core	0.755345756400704	0.6803423953203986	1
HPCLAS_TRAIN_P_001087	1	HPCLAS_TRAIN_P_001087	1	A_clean_core	8.165621389130568	0.9997158208215464	1
HPCLAS_TRAIN_P_001088	1	HPCLAS_TRAIN_P_001088	1	A_clean_core	4.9259323372734265	0.9927963115368448	1
HPCLAS_TRAIN_P_001090	1	HPCLAS_TRAIN_P_001090	1	A_clean_core	11.700468637051795	0.999991710135442	1
HPCLAS_TRAIN_P_001104	1	HPCLAS_TRAIN_P_001104	1	A_clean_core	17.33335614073182	0.9999999703367275	1
HPCLAS_TRAIN_P_001107	1	HPCLAS_TRAIN_N_002135	1	B_ambiguous	15.892516964363697	0.9999998746952529	1
HPCLAS_TRAIN_P_001113	1	HPCLAS_TRAIN_P_001113	1	A_clean_core	17.31764930509929	0.9999999698671329	1
HPCLAS_TRAIN_P_001114	1	HPCLAS_TRAIN_P_001114	1	D_hard_sample	-6.850838378893908	0.0010574484589153809	0
HPCLAS_TRAIN_P_001116	1	HPCLAS_TRAIN_P_001116	1	A_clean_core	2.337170067983015	0.9119090188514668	1
HPCLAS_TRAIN_P_001130	1	HPCLAS_TRAIN_P_001130	1	A_clean_core	13.763902353592103	0.9999989470379934	1
HPCLAS_TRAIN_P_001136	1	HPCLAS_TRAIN_P_001136	1	D_hard_sample	4.264925857889603	0.9861418384761425	1
HPCLAS_TRAIN_P_001137	1	HPCLAS_TRAIN_P_001137	1	A_clean_core	18.821405186602462	0.9999999933016539	1
HPCLAS_TRAIN_P_001143	1	HPCLAS_TRAIN_P_001143	1	A_clean_core	12.817043683806112	0.9999972858898131	1
HPCLAS_TRAIN_P_001145	1	HPCLAS_TRAIN_P_001145	1	A_clean_core	17.467997688795	0.9999999740734349	1
HPCLAS_TRAIN_P_001149	1	HPCLAS_TRAIN_P_001149	1	A_clean_core	14.380482345556498	0.9999994316241412	1
HPCLAS_TRAIN_P_001154	1	HPCLAS_TRAIN_P_001154	1	A_clean_core	18.693929656109216	0.9999999923909665	1
HPCLAS_TRAIN_P_001159	1	HPCLAS_TRAIN_P_001159	1	A_clean_core	19.96628047875856	0.9999999978681602	1
HPCLAS_TRAIN_P_001163	1	HPCLAS_TRAIN_P_001163	1	A_clean_core	7.055913276896126	0.9991384480484334	1
HPCLAS_TRAIN_P_001186	1	HPCLAS_TRAIN_P_001186	1	D_hard_sample	7.645729445137242	0.9995221470039138	1
HPCLAS_TRAIN_P_001187	1	HPCLAS_TRAIN_P_001187	1	A_clean_core	9.235513165131138	0.9999024953681093	1
HPCLAS_TRAIN_P_001194	1	HPCLAS_TRAIN_N_001072	1	B_ambiguous	7.856412015267779	0.9996128890452203	1
HPCLAS_TRAIN_P_001197	1	HPCLAS_TRAIN_P_001197	1	A_clean_core	5.032179586405887	0.9935177199289652	1
HPCLAS_TRAIN_P_001199	1	HPCLAS_TRAIN_P_001199	1	A_clean_core	4.022978533201227	0.9824151895680905	1
HPCLAS_TRAIN_P_001203	1	HPCLAS_TRAIN_P_001203	1	A_clean_core	3.6645272133635327	0.9750235249099293	1
HPCLAS_TRAIN_P_001204	1	HPCLAS_TRAIN_P_001204	1	A_clean_core	21.479089843156764	0.9999999995303765	1
HPCLAS_TRAIN_P_001206	1	HPCLAS_TRAIN_P_001206	1	A_clean_core	17.005219485156346	0.9999999588161449	1
HPCLAS_TRAIN_P_001211	1	HPCLAS_TRAIN_P_001211	1	D_hard_sample	8.643318182250702	0.9998237301445609	1
HPCLAS_TRAIN_P_001213	1	HPCLAS_TRAIN_N_003170	1	B_ambiguous	4.677927643234716	0.9907873979459881	1
HPCLAS_TRAIN_P_001215	1	HPCLAS_TRAIN_P_001215	1	A_clean_core	4.851178596724155	0.9922415083759721	1
HPCLAS_TRAIN_P_001241	1	HPCLAS_TRAIN_P_001241	1	A_clean_core	15.56877265100786	0.9999998267920298	1
HPCLAS_TRAIN_P_001252	1	HPCLAS_TRAIN_P_001252	1	A_clean_core	13.260620353162071	0.9999982582532952	1
HPCLAS_TRAIN_P_001257	1	HPCLAS_TRAIN_P_001257	1	A_clean_core	17.387152965341564	0.9999999718903526	1
HPCLAS_TRAIN_P_001259	1	HPCLAS_TRAIN_P_001259	1	A_clean_core	11.8939401239721	0.9999931683679217	1
HPCLAS_TRAIN_P_001263	1	HPCLAS_TRAIN_P_001263	1	A_clean_core	20.553387799677072	0.9999999988148398	1
HPCLAS_TRAIN_P_001265	1	HPCLAS_TRAIN_P_001265	1	A_clean_core	13.863128829455945	0.9999990465032144	1
HPCLAS_TRAIN_P_001269	1	HPCLAS_TRAIN_P_001269	1	A_clean_core	6.182890212119169	0.9979398006655863	1
HPCLAS_TRAIN_P_001270	1	HPCLAS_TRAIN_P_001270	1	A_clean_core	15.537330510819881	0.9999998212594796	1
HPCLAS_TRAIN_P_001279	1	HPCLAS_TRAIN_N_000458	1	B_ambiguous	3.9682625947534267	0.9814445613680288	1
HPCLAS_TRAIN_P_001280	1	HPCLAS_TRAIN_P_001280	1	A_clean_core	24.227406952307522	0.9999999999699274	1
HPCLAS_TRAIN_P_001285	1	HPCLAS_TRAIN_P_001285	1	A_clean_core	11.073572238628303	0.9999844832078438	1
HPCLAS_TRAIN_P_001286	1	HPCLAS_TRAIN_P_001286	1	A_clean_core	16.37916257899397	0.9999999229770692	1
HPCLAS_TRAIN_P_001299	1	HPCLAS_TRAIN_P_001299	1	A_clean_core	13.148544391581119	0.9999980516863217	1
HPCLAS_TRAIN_P_001313	1	HPCLAS_TRAIN_P_001313	1	D_hard_sample	-4.953624752132328	0.007008316649388776	0
HPCLAS_TRAIN_P_001317	1	HPCLAS_TRAIN_P_001317	1	A_clean_core	13.524033320657255	0.9999986615986239	1
HPCLAS_TRAIN_P_001321	1	HPCLAS_TRAIN_P_001321	1	A_clean_core	12.531788689247763	0.9999963899621442	1
HPCLAS_TRAIN_P_001322	1	HPCLAS_TRAIN_P_001322	1	A_clean_core	11.812571815075025	0.9999925892523467	1
HPCLAS_TRAIN_P_001329	1	HPCLAS_TRAIN_P_001329	1	A_clean_core	15.411507845634976	0.99999979729377	1
HPCLAS_TRAIN_P_001336	1	HPCLAS_TRAIN_P_001336	1	A_clean_core	13.26063944596048	0.9999982582865496	1
HPCLAS_TRAIN_P_001346	1	HPCLAS_TRAIN_P_001346	1	A_clean_core	5.357702447391329	0.9953103770822593	1
HPCLAS_TRAIN_P_001350	1	HPCLAS_TRAIN_P_001350	1	A_clean_core	15.05102617574526	0.999999709315243	1
HPCLAS_TRAIN_P_001357	1	HPCLAS_TRAIN_P_001357	1	A_clean_core	21.66253117845744	0.9999999996090851	1
HPCLAS_TRAIN_P_001385	1	HPCLAS_TRAIN_P_001385	1	A_clean_core	9.929202421974495	0.9999512717274638	1
HPCLAS_TRAIN_P_001387	1	HPCLAS_TRAIN_P_001387	1	D_hard_sample	1.7719293697329839	0.8546974429693033	1
HPCLAS_TRAIN_P_001402	1	HPCLAS_TRAIN_P_001402	1	A_clean_core	9.826761757559305	0.9999460156162695	1
HPCLAS_TRAIN_P_001412	1	HPCLAS_TRAIN_P_001412	1	A_clean_core	13.665589962987086	0.9999988382593589	1
HPCLAS_TRAIN_P_001419	1	HPCLAS_TRAIN_P_001419	1	A_clean_core	15.006305976683908	0.9999996960207154	1
HPCLAS_TRAIN_P_001420	1	HPCLAS_TRAIN_P_001420	1	A_clean_core	12.711453865764586	0.9999969836313447	1
HPCLAS_TRAIN_P_001427	1	HPCLAS_TRAIN_P_001427	1	D_hard_sample	-3.689882558485424	0.024366386057147253	0
HPCLAS_TRAIN_P_001428	1	HPCLAS_TRAIN_P_001428	1	A_clean_core	3.5536984553014683	0.9721776379522178	1
HPCLAS_TRAIN_P_001434	1	HPCLAS_TRAIN_P_001434	1	D_hard_sample	-3.1700122085951428	0.0403099431299254	0
HPCLAS_TRAIN_P_001437	1	HPCLAS_TRAIN_P_001437	1	A_clean_core	19.405224281499954	0.9999999962639028	1
HPCLAS_TRAIN_P_001450	1	HPCLAS_TRAIN_P_001450	1	A_clean_core	6.249323518518047	0.9980719640092426	1
HPCLAS_TRAIN_P_001458	1	HPCLAS_TRAIN_P_001458	1	A_clean_core	4.9585997759585085	0.9930262207579065	1
HPCLAS_TRAIN_P_001459	1	HPCLAS_TRAIN_P_001459	1	D_hard_sample	4.104980013157013	0.9837771716665851	1
HPCLAS_TRAIN_P_001472	1	HPCLAS_TRAIN_P_001472	1	A_clean_core	13.743191623916646	0.9999989250030127	1
HPCLAS_TRAIN_P_001479	1	HPCLAS_TRAIN_P_001479	1	A_clean_core	13.0115095695798	0.999997765541864	1
HPCLAS_TRAIN_P_001494	1	HPCLAS_TRAIN_P_001494	1	A_clean_core	14.989618259394458	0.9999996909054342	1
HPCLAS_TRAIN_P_001498	1	HPCLAS_TRAIN_P_001498	1	A_clean_core	3.237960080078586	0.9622380568564174	1
HPCLAS_TRAIN_P_001499	1	HPCLAS_TRAIN_P_001499	1	A_clean_core	5.049514845106543	0.9936284137182768	1
HPCLAS_TRAIN_P_001501	1	HPCLAS_TRAIN_P_001501	1	A_clean_core	17.19977348599564	0.9999999660973793	1
HPCLAS_TRAIN_P_001502	1	HPCLAS_TRAIN_P_001502	1	A_clean_core	12.707846338564375	0.9999969727300942	1
HPCLAS_TRAIN_P_001506	1	HPCLAS_TRAIN_P_001506	1	B_ambiguous	-1.2962146220578488	0.21480277915940507	0
HPCLAS_TRAIN_P_001532	1	HPCLAS_TRAIN_P_001532	1	D_hard_sample	-2.2507513231665897	0.09528467700722512	0
HPCLAS_TRAIN_P_001533	1	HPCLAS_TRAIN_P_001533	1	A_clean_core	1.617168411829196	0.834404248900949	1
HPCLAS_TRAIN_P_001539	1	HPCLAS_TRAIN_P_001539	1	B_ambiguous	-4.707270126339423	0.00894859270986972	0
HPCLAS_TRAIN_P_001541	1	HPCLAS_TRAIN_P_001541	1	A_clean_core	12.343002654957314	0.9999956398627211	1
HPCLAS_TRAIN_P_001542	1	HPCLAS_TRAIN_P_005355	1	A_clean_core	22.932275665885633	0.9999999998901907	1
HPCLAS_TRAIN_P_001553	1	HPCLAS_TRAIN_P_001553	1	A_clean_core	17.157487685382243	0.9999999646330376	1
HPCLAS_TRAIN_P_001554	1	HPCLAS_TRAIN_P_001554	1	A_clean_core	3.036005605335988	0.9541744886886122	1
HPCLAS_TRAIN_P_001556	1	HPCLAS_TRAIN_P_001556	1	A_clean_core	16.471605901373064	0.9999999297781255	1
HPCLAS_TRAIN_P_001567	1	HPCLAS_TRAIN_P_001567	1	A_clean_core	15.599492431882444	0.9999998320320416	1
HPCLAS_TRAIN_P_001570	1	HPCLAS_TRAIN_P_001570	1	A_clean_core	14.24114594659791	0.9999993466459077	1
HPCLAS_TRAIN_P_001583	1	HPCLAS_TRAIN_P_001583	1	B_ambiguous	1.5648849655270762	0.8270531966282663	1
HPCLAS_TRAIN_P_001586	1	HPCLAS_TRAIN_P_001586	1	A_clean_core	8.890617325293476	0.9998623443099934	1
HPCLAS_TRAIN_P_001597	1	HPCLAS_TRAIN_P_001597	1	B_ambiguous	9.91926579934172	0.9999507851433398	1
HPCLAS_TRAIN_P_001601	1	HPCLAS_TRAIN_P_001601	1	A_clean_core	5.761864815696951	0.9968646206913014	1
HPCLAS_TRAIN_P_001602	1	HPCLAS_TRAIN_P_001602	1	A_clean_core	22.342484749352476	0.9999999998019466	1
HPCLAS_TRAIN_P_001603	1	HPCLAS_TRAIN_P_001603	1	A_clean_core	15.837097759218288	0.9999998675549364	1
HPCLAS_TRAIN_P_001607	1	HPCLAS_TRAIN_P_001607	1	D_hard_sample	0.11533549668621434	0.5288019536178747	1
HPCLAS_TRAIN_P_001608	1	HPCLAS_TRAIN_P_001608	1	D_hard_sample	-2.2463053519534117	0.09566863445364898	0
HPCLAS_TRAIN_P_001609	1	HPCLAS_TRAIN_P_001609	1	D_hard_sample	2.1631859181133732	0.8968945382019886	1
HPCLAS_TRAIN_P_001619	1	HPCLAS_TRAIN_P_001619	1	D_hard_sample	-0.9058748791075164	0.28784470572188203	0
HPCLAS_TRAIN_P_001627	1	HPCLAS_TRAIN_P_001627	1	D_hard_sample	2.9080300622471302	0.948241967012801	1
HPCLAS_TRAIN_P_001628	1	HPCLAS_TRAIN_P_001628	1	D_hard_sample	1.2113160741118145	0.7705317303553745	1
HPCLAS_TRAIN_P_001638	1	HPCLAS_TRAIN_P_001638	1	A_clean_core	5.996613202321463	0.9975190091837095	1
HPCLAS_TRAIN_P_001653	1	HPCLAS_TRAIN_P_001653	1	A_clean_core	11.441672568911656	0.9999892615876681	1
HPCLAS_TRAIN_P_001657	1	HPCLAS_TRAIN_P_001657	1	A_clean_core	18.48488625828405	0.9999999906218776	1
HPCLAS_TRAIN_P_001665	1	HPCLAS_TRAIN_P_001665	1	D_hard_sample	-0.0028805176336010874	0.49927987108953165	0
HPCLAS_TRAIN_P_001667	1	HPCLAS_TRAIN_P_001667	1	A_clean_core	12.048886327424125	0.999994148966107	1
HPCLAS_TRAIN_P_001668	1	HPCLAS_TRAIN_P_001668	1	A_clean_core	21.78090234056517	0.9999999996527245	1
HPCLAS_TRAIN_P_001673	1	HPCLAS_TRAIN_P_001673	1	A_clean_core	17.68526222602666	0.9999999791364507	1
HPCLAS_TRAIN_P_001687	1	HPCLAS_TRAIN_P_001687	1	A_clean_core	8.822142737520057	0.9998525896198087	1
HPCLAS_TRAIN_P_001694	1	HPCLAS_TRAIN_P_001694	1	A_clean_core	16.652250457633986	0.9999999413835531	1
HPCLAS_TRAIN_P_001695	1	HPCLAS_TRAIN_P_001695	1	A_clean_core	13.38052292591893	0.9999984550584359	1
HPCLAS_TRAIN_P_001720	1	HPCLAS_TRAIN_P_001720	1	D_hard_sample	4.405867062887122	0.9879416594303588	1
HPCLAS_TRAIN_P_001730	1	HPCLAS_TRAIN_P_001730	1	D_hard_sample	-1.3085233304564712	0.21273404927972644	0
HPCLAS_TRAIN_P_001732	1	HPCLAS_TRAIN_P_001732	1	A_clean_core	19.379849271719223	0.9999999961678863	1
HPCLAS_TRAIN_P_001734	1	HPCLAS_TRAIN_P_001734	1	A_clean_core	8.831264722051767	0.9998539279850431	1
HPCLAS_TRAIN_P_001739	1	HPCLAS_TRAIN_P_001739	1	A_clean_core	10.93289608896933	0.9999821394100246	1
HPCLAS_TRAIN_P_001741	1	HPCLAS_TRAIN_P_001741	1	A_clean_core	10.924982197960764	0.999981997505037	1
HPCLAS_TRAIN_P_001757	1	HPCLAS_TRAIN_P_001757	1	A_clean_core	12.383515161257806	0.9999958129718522	1
HPCLAS_TRAIN_P_001773	1	HPCLAS_TRAIN_P_001773	1	D_hard_sample	1.9377555892772342	0.8741053642214542	1
HPCLAS_TRAIN_P_001774	1	HPCLAS_TRAIN_P_001774	1	D_hard_sample	1.1789389348262134	0.764756967790507	1
HPCLAS_TRAIN_P_001776	1	HPCLAS_TRAIN_P_001776	1	A_clean_core	18.675861978823043	0.9999999922522395	1
HPCLAS_TRAIN_P_001777	1	HPCLAS_TRAIN_P_001777	1	A_clean_core	17.572002172582224	0.9999999766344284	1
HPCLAS_TRAIN_P_001778	1	HPCLAS_TRAIN_P_001778	1	A_clean_core	16.671148932158644	0.9999999424809127	1
HPCLAS_TRAIN_P_001784	1	HPCLAS_TRAIN_P_001784	1	A_clean_core	16.770638965259575	0.999999947928029	1
HPCLAS_TRAIN_P_001788	1	HPCLAS_TRAIN_P_001788	1	D_hard_sample	0.36771324848312315	0.5909063032984481	1
HPCLAS_TRAIN_P_001798	1	HPCLAS_TRAIN_P_001798	1	A_clean_core	3.8904628863295994	0.9799733773870124	1
HPCLAS_TRAIN_P_001801	1	HPCLAS_TRAIN_P_001801	1	A_clean_core	7.880913832508016	0.9996222551720753	1
HPCLAS_TRAIN_P_001805	1	HPCLAS_TRAIN_P_001805	1	A_clean_core	9.294963078975918	0.999908122552437	1
HPCLAS_TRAIN_P_001807	1	HPCLAS_TRAIN_P_001807	1	A_clean_core	4.775736553882261	0.9916386307172754	1
HPCLAS_TRAIN_P_001811	1	HPCLAS_TRAIN_P_001811	1	A_clean_core	5.637827823671529	0.9964520386001801	1
HPCLAS_TRAIN_P_001832	1	HPCLAS_TRAIN_P_001832	1	D_hard_sample	-2.5618499073497656	0.0716344204731462	0
HPCLAS_TRAIN_P_001837	1	HPCLAS_TRAIN_P_001837	1	A_clean_core	9.345575423653248	0.9999126565727975	1
HPCLAS_TRAIN_P_001839	1	HPCLAS_TRAIN_P_001839	1	D_hard_sample	-1.3967696502388742	0.19832921959141367	0
HPCLAS_TRAIN_P_001843	1	HPCLAS_TRAIN_P_001843	1	D_hard_sample	-2.2187304329559705	0.09808105438028263	0
HPCLAS_TRAIN_P_001844	1	HPCLAS_TRAIN_P_001844	1	A_clean_core	11.822719174724046	0.9999926640710683	1
HPCLAS_TRAIN_P_001861	1	HPCLAS_TRAIN_P_001861	1	A_clean_core	12.701562537313867	0.999996953647497	1
HPCLAS_TRAIN_P_001863	1	HPCLAS_TRAIN_P_001863	1	A_clean_core	16.47521763565876	0.9999999300312907	1
HPCLAS_TRAIN_P_001871	1	HPCLAS_TRAIN_P_001871	1	A_clean_core	3.7342727088869037	0.9766669002271422	1
HPCLAS_TRAIN_P_001873	1	HPCLAS_TRAIN_P_001873	1	A_clean_core	0.8825971863822986	0.7073601326771682	1
HPCLAS_TRAIN_P_001874	1	HPCLAS_TRAIN_P_001874	1	A_clean_core	6.0464178449521935	0.9976392628877159	1
HPCLAS_TRAIN_P_001877	1	HPCLAS_TRAIN_P_001877	1	A_clean_core	15.744922769434254	0.999999854766481	1
HPCLAS_TRAIN_P_001880	1	HPCLAS_TRAIN_P_001880	1	B_ambiguous	1.0823138429728125	0.746931606845858	1
HPCLAS_TRAIN_P_001881	1	HPCLAS_TRAIN_P_001881	1	A_clean_core	8.860779300314647	0.9998581756353725	1
HPCLAS_TRAIN_P_001886	1	HPCLAS_TRAIN_P_001886	1	D_hard_sample	-6.2237379116968015	0.0019779036180326364	0
HPCLAS_TRAIN_P_001894	1	HPCLAS_TRAIN_N_005096	1	B_ambiguous	7.087073777781729	0.9991648584013805	1
HPCLAS_TRAIN_P_001902	1	HPCLAS_TRAIN_P_001902	1	D_hard_sample	-1.4922513820636167	0.18358404773658585	0
HPCLAS_TRAIN_P_001914	1	HPCLAS_TRAIN_P_001914	1	A_clean_core	4.704603917479778	0.991027730991739	1
HPCLAS_TRAIN_P_001924	1	HPCLAS_TRAIN_P_001924	1	D_hard_sample	2.25090479168351	0.9047285520024421	1
HPCLAS_TRAIN_P_001925	1	HPCLAS_TRAIN_P_001925	1	A_clean_core	3.1884628666622508	0.960397798680332	1
HPCLAS_TRAIN_P_001929	1	HPCLAS_TRAIN_P_001929	1	A_clean_core	18.807203888155158	0.9999999932058501	1
HPCLAS_TRAIN_P_001931	1	HPCLAS_TRAIN_P_001931	1	A_clean_core	10.29290657294612	0.999966128630058	1
HPCLAS_TRAIN_P_001933	1	HPCLAS_TRAIN_P_001933	1	A_clean_core	34.07815271933395	0.9999999999999984	1
HPCLAS_TRAIN_P_001934	1	HPCLAS_TRAIN_P_001934	1	A_clean_core	5.992553249979541	0.9975089411468888	1
HPCLAS_TRAIN_P_001935	1	HPCLAS_TRAIN_P_001935	1	D_hard_sample	-6.669216949921857	0.0012677830456083725	0
HPCLAS_TRAIN_P_001938	1	HPCLAS_TRAIN_P_001938	1	D_hard_sample	-1.1025589021317987	0.2492607403281457	0
HPCLAS_TRAIN_P_001951	1	HPCLAS_TRAIN_P_001951	1	A_clean_core	11.864908468456475	0.9999929671287077	1
HPCLAS_TRAIN_P_001963	1	HPCLAS_TRAIN_P_001963	1	D_hard_sample	1.30437676268388	0.7865706635010646	1
HPCLAS_TRAIN_P_001974	1	HPCLAS_TRAIN_P_001974	1	A_clean_core	12.566585548825294	0.9999965134192697	1
HPCLAS_TRAIN_P_001988	1	HPCLAS_TRAIN_P_001988	1	A_clean_core	17.86409567672685	0.9999999825529576	1
HPCLAS_TRAIN_P_001990	1	HPCLAS_TRAIN_P_001990	1	A_clean_core	12.146353457282036	0.9999946923361103	1
HPCLAS_TRAIN_P_002001	1	HPCLAS_TRAIN_P_002001	1	A_clean_core	13.50082694914996	0.9999986301760347	1
HPCLAS_TRAIN_P_002006	1	HPCLAS_TRAIN_P_002006	1	D_hard_sample	-8.386598766361914	0.000227849179456994	0
HPCLAS_TRAIN_P_002020	1	HPCLAS_TRAIN_P_002020	1	A_clean_core	12.020288170212432	0.9999939792227218	1
HPCLAS_TRAIN_P_002023	1	HPCLAS_TRAIN_P_002023	1	A_clean_core	13.787941499630161	0.9999989720484554	1
HPCLAS_TRAIN_P_002024	1	HPCLAS_TRAIN_P_002024	1	B_ambiguous	8.21715571895211	0.9997300909923289	1
HPCLAS_TRAIN_P_002026	1	HPCLAS_TRAIN_P_005775	1	A_clean_core	8.972545256494074	0.9998731711595371	1
HPCLAS_TRAIN_P_002030	1	HPCLAS_TRAIN_P_002030	1	A_clean_core	10.005810877426807	0.9999548651558994	1
HPCLAS_TRAIN_P_002034	1	HPCLAS_TRAIN_P_002034	1	A_clean_core	11.706353017165403	0.9999917587725142	1
HPCLAS_TRAIN_P_002043	1	HPCLAS_TRAIN_P_002043	1	A_clean_core	15.0183430824024	0.9999996996578111	1
HPCLAS_TRAIN_P_002053	1	HPCLAS_TRAIN_P_002053	1	A_clean_core	9.420811354325185	0.9999189863072515	1
HPCLAS_TRAIN_P_002055	1	HPCLAS_TRAIN_P_002055	1	A_clean_core	26.728501406155956	0.9999999999975342	1
HPCLAS_TRAIN_P_002059	1	HPCLAS_TRAIN_P_002059	1	A_clean_core	4.520049335892507	0.9892287956506336	1
HPCLAS_TRAIN_P_002061	1	HPCLAS_TRAIN_P_002061	1	A_clean_core	11.255962146564809	0.9999870701902155	1
HPCLAS_TRAIN_P_002074	1	HPCLAS_TRAIN_P_002074	1	A_clean_core	13.731809451732804	0.9999989126973253	1
HPCLAS_TRAIN_P_002088	1	HPCLAS_TRAIN_P_002088	1	A_clean_core	20.28381342108664	0.9999999984481427	1
HPCLAS_TRAIN_P_002102	1	HPCLAS_TRAIN_P_002102	1	A_clean_core	9.517201858768836	0.9999264301623902	1
HPCLAS_TRAIN_P_002108	1	HPCLAS_TRAIN_P_002108	1	A_clean_core	9.217905661294864	0.9999007635233103	1
HPCLAS_TRAIN_P_002109	1	HPCLAS_TRAIN_P_002109	1	A_clean_core	19.748067542825677	0.9999999973483071	1
HPCLAS_TRAIN_P_002114	1	HPCLAS_TRAIN_P_002114	1	A_clean_core	14.177405997884925	0.9999993036453099	1
HPCLAS_TRAIN_P_002131	1	HPCLAS_TRAIN_P_002131	1	A_clean_core	5.4946696521956735	0.9959081981196589	1
HPCLAS_TRAIN_P_002133	1	HPCLAS_TRAIN_P_002133	1	A_clean_core	8.033083826745067	0.99967555947478	1
HPCLAS_TRAIN_P_002134	1	HPCLAS_TRAIN_P_002134	1	A_clean_core	18.599849660906685	0.9999999916403534	1
HPCLAS_TRAIN_P_002152	1	HPCLAS_TRAIN_P_002152	1	D_hard_sample	4.077337153216591	0.9833300504736904	1
HPCLAS_TRAIN_P_002164	1	HPCLAS_TRAIN_N_000972	1	B_ambiguous	-0.9516975200973361	0.2785435651447451	0
HPCLAS_TRAIN_P_002168	1	HPCLAS_TRAIN_P_002168	1	D_hard_sample	2.1103420662656234	0.8919043166123348	1
HPCLAS_TRAIN_P_002171	1	HPCLAS_TRAIN_P_002171	1	A_clean_core	6.28387454568116	0.9981373199898521	1
HPCLAS_TRAIN_P_002180	1	HPCLAS_TRAIN_P_002180	1	A_clean_core	13.58243373901213	0.9999987375231361	1
HPCLAS_TRAIN_P_002182	1	HPCLAS_TRAIN_P_002182	1	A_clean_core	8.429440683835868	0.9997817040841743	1
HPCLAS_TRAIN_P_002199	1	HPCLAS_TRAIN_P_002199	1	A_clean_core	2.250259222799192	0.9046728927813753	1
HPCLAS_TRAIN_P_002206	1	HPCLAS_TRAIN_P_002206	1	A_clean_core	6.855177743640119	0.9989471254332999	1
HPCLAS_TRAIN_P_002210	1	HPCLAS_TRAIN_P_002210	1	A_clean_core	11.700383516720613	0.9999917094297819	1
HPCLAS_TRAIN_P_002212	1	HPCLAS_TRAIN_P_002212	1	A_clean_core	3.136340776042764	0.958367123836021	1
HPCLAS_TRAIN_P_002215	1	HPCLAS_TRAIN_P_002215	1	D_hard_sample	-8.01250801391874	0.0003311830706844907	0
HPCLAS_TRAIN_P_002219	1	HPCLAS_TRAIN_P_002219	1	A_clean_core	18.372843059312988	0.9999999895099964	1
HPCLAS_TRAIN_P_002224	1	HPCLAS_TRAIN_P_002224	1	A_clean_core	10.154280115800187	0.9999610923249299	1
HPCLAS_TRAIN_P_002226	1	HPCLAS_TRAIN_P_002226	1	A_clean_core	13.005197354382213	0.9999977513929065	1
HPCLAS_TRAIN_P_002227	1	HPCLAS_TRAIN_P_002227	1	A_clean_core	6.911091468687262	0.9990043229915836	1
HPCLAS_TRAIN_P_002234	1	HPCLAS_TRAIN_P_002234	1	D_hard_sample	-2.5733818651110827	0.0708712897321118	0
HPCLAS_TRAIN_P_002241	1	HPCLAS_TRAIN_P_002241	1	A_clean_core	16.49525789943199	0.9999999314195251	1
HPCLAS_TRAIN_P_002245	1	HPCLAS_TRAIN_P_002245	1	A_clean_core	17.12437398989298	0.9999999634423009	1
HPCLAS_TRAIN_P_002264	1	HPCLAS_TRAIN_P_002264	1	D_hard_sample	3.044697748190199	0.9545530603852243	1
HPCLAS_TRAIN_P_002272	1	HPCLAS_TRAIN_N_002413	1	B_ambiguous	7.308322787905969	0.9993305087774255	1
HPCLAS_TRAIN_P_002277	1	HPCLAS_TRAIN_P_002277	1	A_clean_core	9.049674920544671	0.999882584583462	1
HPCLAS_TRAIN_P_002281	1	HPCLAS_TRAIN_P_002281	1	A_clean_core	5.792656274111157	0.996959403308751	1
HPCLAS_TRAIN_P_002302	1	HPCLAS_TRAIN_P_002302	1	D_hard_sample	-0.9366997606462677	0.28156745732706023	0
HPCLAS_TRAIN_P_002311	1	HPCLAS_TRAIN_P_002311	1	D_hard_sample	-1.949867479208221	0.12456780894955494	0
HPCLAS_TRAIN_P_002312	1	HPCLAS_TRAIN_P_002312	1	A_clean_core	12.075433613540397	0.9999943022506462	1
HPCLAS_TRAIN_P_002318	1	HPCLAS_TRAIN_P_002318	1	D_hard_sample	8.257070625948339	0.9997406494690968	1
HPCLAS_TRAIN_P_002323	1	HPCLAS_TRAIN_P_002323	1	A_clean_core	3.1130888982578293	0.9574294321084493	1
HPCLAS_TRAIN_P_002329	1	HPCLAS_TRAIN_P_002329	1	A_clean_core	17.959308865821768	0.9999999841375138	1
HPCLAS_TRAIN_P_002333	1	HPCLAS_TRAIN_P_002333	1	A_clean_core	4.734486954220251	0.9912895822693696	1
HPCLAS_TRAIN_P_002345	1	HPCLAS_TRAIN_P_002345	1	A_clean_core	8.23617661979552	0.9997351750403449	1
HPCLAS_TRAIN_P_002354	1	HPCLAS_TRAIN_P_002354	1	A_clean_core	6.353793130605196	0.9982628887600858	1
HPCLAS_TRAIN_P_002367	1	HPCLAS_TRAIN_P_002367	1	A_clean_core	4.515191212422156	0.9891769082232886	1
HPCLAS_TRAIN_P_002386	1	HPCLAS_TRAIN_P_002386	1	A_clean_core	8.392361366654772	0.9997734597517972	1
HPCLAS_TRAIN_P_002387	1	HPCLAS_TRAIN_P_002387	1	A_clean_core	7.757167717274765	0.9995725166817515	1
HPCLAS_TRAIN_P_002393	1	HPCLAS_TRAIN_P_002393	1	A_clean_core	13.302908427769195	0.9999983303726455	1
HPCLAS_TRAIN_P_002401	1	HPCLAS_TRAIN_P_002401	1	A_clean_core	18.855221737776155	0.9999999935243817	1
HPCLAS_TRAIN_P_002420	1	HPCLAS_TRAIN_P_002420	1	A_clean_core	11.070202133054842	0.9999844308272158	1
HPCLAS_TRAIN_P_002421	1	HPCLAS_TRAIN_P_002421	1	A_clean_core	18.552284655784813	0.9999999912331184	1
HPCLAS_TRAIN_P_002423	1	HPCLAS_TRAIN_P_002423	1	A_clean_core	12.109519624804898	0.9999944931904505	1
HPCLAS_TRAIN_P_002424	1	HPCLAS_TRAIN_P_002424	1	A_clean_core	11.619783595736706	0.9999910135492053	1
HPCLAS_TRAIN_P_002427	1	HPCLAS_TRAIN_P_002427	1	A_clean_core	14.270081819920044	0.9999993652803646	1
HPCLAS_TRAIN_P_002429	1	HPCLAS_TRAIN_P_002429	1	D_hard_sample	1.1941996705585183	0.7674913303984099	1
HPCLAS_TRAIN_P_002436	1	HPCLAS_TRAIN_P_002436	1	A_clean_core	11.682992838114885	0.9999915639913852	1
HPCLAS_TRAIN_P_002444	1	HPCLAS_TRAIN_P_002444	1	A_clean_core	8.902620587144948	0.9998639865268518	1
HPCLAS_TRAIN_P_002450	1	HPCLAS_TRAIN_P_002450	1	A_clean_core	19.516296775522644	0.9999999966566642	1
HPCLAS_TRAIN_P_002454	1	HPCLAS_TRAIN_P_002454	1	A_clean_core	6.207128215120331	0.9979890362687867	1
HPCLAS_TRAIN_P_002466	1	HPCLAS_TRAIN_P_002466	1	A_clean_core	8.137974935695734	0.9997078569917734	1
HPCLAS_TRAIN_P_002485	1	HPCLAS_TRAIN_P_002485	1	A_clean_core	0.384553273983653	0.5949708261573545	1
HPCLAS_TRAIN_P_002486	1	HPCLAS_TRAIN_P_002486	1	A_clean_core	10.065258212946784	0.9999574699955409	1
HPCLAS_TRAIN_P_002487	1	HPCLAS_TRAIN_P_002487	1	A_clean_core	11.258450025097758	0.9999871023176156	1
HPCLAS_TRAIN_P_002491	1	HPCLAS_TRAIN_P_002491	1	A_clean_core	4.0271775516756785	0.9824875833158998	1
HPCLAS_TRAIN_P_002492	1	HPCLAS_TRAIN_P_002492	1	A_clean_core	10.529116181160287	0.9999732544626627	1
HPCLAS_TRAIN_P_002493	1	HPCLAS_TRAIN_N_000464	1	B_ambiguous	-4.238040497824377	0.014230422960022379	0
HPCLAS_TRAIN_P_002494	1	HPCLAS_TRAIN_P_002494	1	A_clean_core	10.907033952262982	0.9999816714807264	1
HPCLAS_TRAIN_P_002495	1	HPCLAS_TRAIN_P_002495	1	A_clean_core	12.235973030908685	0.9999951473125042	1
HPCLAS_TRAIN_P_002502	1	HPCLAS_TRAIN_P_002502	1	A_clean_core	11.077576529336131	0.9999845452163971	1
HPCLAS_TRAIN_P_002505	1	HPCLAS_TRAIN_P_002505	1	A_clean_core	12.402624177544224	0.9999958922219058	1
HPCLAS_TRAIN_P_002507	1	HPCLAS_TRAIN_P_002507	1	A_clean_core	12.864040164685875	0.9999974104922396	1
HPCLAS_TRAIN_P_002514	1	HPCLAS_TRAIN_P_002514	1	A_clean_core	4.661347760631494	0.9906348232183033	1
HPCLAS_TRAIN_P_002520	1	HPCLAS_TRAIN_P_002520	1	A_clean_core	12.395912850637686	0.9999958645606601	1
HPCLAS_TRAIN_P_002532	1	HPCLAS_TRAIN_P_002532	1	B_ambiguous	4.840280693400594	0.9921571614388462	1
HPCLAS_TRAIN_P_002552	1	HPCLAS_TRAIN_P_002552	1	A_clean_core	15.489604902625945	0.9999998125221422	1
HPCLAS_TRAIN_P_002557	1	HPCLAS_TRAIN_P_002557	1	A_clean_core	8.172226239611847	0.9997176910694943	1
HPCLAS_TRAIN_P_002566	1	HPCLAS_TRAIN_P_002566	1	A_clean_core	14.895064694450486	0.9999996602531429	1
HPCLAS_TRAIN_P_002581	1	HPCLAS_TRAIN_P_002581	1	A_clean_core	14.491971009374815	0.9999994915868933	1
HPCLAS_TRAIN_P_002583	1	HPCLAS_TRAIN_P_002583	1	A_clean_core	10.20164646521118	0.999962892207638	1
HPCLAS_TRAIN_P_002584	1	HPCLAS_TRAIN_P_002584	1	D_hard_sample	2.445742307588854	0.9202495359538014	1
HPCLAS_TRAIN_P_002588	1	HPCLAS_TRAIN_P_002588	1	D_hard_sample	0.3196894904512302	0.5792485767289245	1
HPCLAS_TRAIN_P_002597	1	HPCLAS_TRAIN_P_002597	1	A_clean_core	19.324899477635828	0.9999999959514194	1
HPCLAS_TRAIN_P_002603	1	HPCLAS_TRAIN_P_002603	1	D_hard_sample	-0.4492010398505508	0.389550742768062	0
HPCLAS_TRAIN_P_002612	1	HPCLAS_TRAIN_P_002612	1	A_clean_core	16.791674888465256	0.9999999490119701	1
HPCLAS_TRAIN_P_002616	1	HPCLAS_TRAIN_P_002616	1	D_hard_sample	-3.301898432696687	0.035506119259716085	0
HPCLAS_TRAIN_P_002619	1	HPCLAS_TRAIN_P_002619	1	D_hard_sample	2.666880769972975	0.935043836045339	1
HPCLAS_TRAIN_P_002635	1	HPCLAS_TRAIN_P_002635	1	A_clean_core	10.921587988462383	0.9999819362980855	1
HPCLAS_TRAIN_P_002641	1	HPCLAS_TRAIN_P_002641	1	A_clean_core	12.968330874366226	0.9999976669478393	1
HPCLAS_TRAIN_P_002654	1	HPCLAS_TRAIN_P_002654	1	A_clean_core	14.43889413289765	0.9999994638729494	1
HPCLAS_TRAIN_P_002656	1	HPCLAS_TRAIN_P_002656	1	D_hard_sample	0.0819679993799376	0.5204805341581142	1
HPCLAS_TRAIN_P_002657	1	HPCLAS_TRAIN_P_002657	1	A_clean_core	9.41163946593133	0.9999182399017131	1
HPCLAS_TRAIN_P_002673	1	HPCLAS_TRAIN_P_002673	1	A_clean_core	17.66560170620463	0.9999999787222036	1
HPCLAS_TRAIN_P_002684	1	HPCLAS_TRAIN_P_002684	1	A_clean_core	14.043879073780484	0.9999992041697038	1
HPCLAS_TRAIN_P_002687	1	HPCLAS_TRAIN_P_002687	1	A_clean_core	6.162438019133041	0.9978973207458319	1
HPCLAS_TRAIN_P_002690	1	HPCLAS_TRAIN_P_002690	1	A_clean_core	6.494287650354556	0.998490230909873	1
HPCLAS_TRAIN_P_002702	1	HPCLAS_TRAIN_P_002702	1	D_hard_sample	-2.4369646980558946	0.0803970366014264	0
HPCLAS_TRAIN_P_002703	1	HPCLAS_TRAIN_P_002703	1	A_clean_core	10.3713243177952	0.9999686831928564	1
HPCLAS_TRAIN_P_002705	1	HPCLAS_TRAIN_P_002705	1	A_clean_core	20.52906878057719	0.9999999987856645	1
HPCLAS_TRAIN_P_002714	1	HPCLAS_TRAIN_P_002714	1	A_clean_core	1.930380912394062	0.8732915751229455	1
HPCLAS_TRAIN_P_002727	1	HPCLAS_TRAIN_P_002727	1	A_clean_core	16.639852363844845	0.9999999406522972	1
HPCLAS_TRAIN_P_002730	1	HPCLAS_TRAIN_P_002730	1	A_clean_core	14.05071722858509	0.9999992095931459	1
HPCLAS_TRAIN_P_002740	1	HPCLAS_TRAIN_P_002740	1	A_clean_core	17.37784253875641	0.9999999716274176	1
HPCLAS_TRAIN_P_002749	1	HPCLAS_TRAIN_P_002749	1	A_clean_core	15.853387053791987	0.9999998696948963	1
HPCLAS_TRAIN_P_002757	1	HPCLAS_TRAIN_P_002757	1	A_clean_core	3.0636866740566697	0.9553697549448534	1
HPCLAS_TRAIN_P_002762	1	HPCLAS_TRAIN_P_002762	1	A_clean_core	15.067208009485558	0.9999997139812004	1
HPCLAS_TRAIN_P_002763	1	HPCLAS_TRAIN_P_002763	1	A_clean_core	9.542674635296208	0.9999282803907473	1
HPCLAS_TRAIN_P_002770	1	HPCLAS_TRAIN_N_003024	1	B_ambiguous	7.957713585898338	0.999650170084398	1
HPCLAS_TRAIN_P_002780	1	HPCLAS_TRAIN_P_002780	1	A_clean_core	7.605200747614871	0.999502392268557	1
HPCLAS_TRAIN_P_002782	1	HPCLAS_TRAIN_P_002782	1	A_clean_core	7.399818214249356	0.9993890096491647	1
HPCLAS_TRAIN_P_002783	1	HPCLAS_TRAIN_P_002783	1	A_clean_core	12.472926349854395	0.999996171089189	1
HPCLAS_TRAIN_P_002784	1	HPCLAS_TRAIN_P_002784	1	A_clean_core	17.672429937419498	0.9999999788669984	1
HPCLAS_TRAIN_P_002793	1	HPCLAS_TRAIN_P_002793	1	A_clean_core	-0.705605548789265	0.3305705793619124	0
HPCLAS_TRAIN_P_002794	1	HPCLAS_TRAIN_P_002794	1	A_clean_core	3.5588171038814806	0.9723157544661722	1
HPCLAS_TRAIN_P_002799	1	HPCLAS_TRAIN_P_002799	1	A_clean_core	7.921020034027869	0.9996370999115377	1
HPCLAS_TRAIN_P_002800	1	HPCLAS_TRAIN_P_002800	1	D_hard_sample	0.34217457662020134	0.5847186566971772	1
HPCLAS_TRAIN_P_002802	1	HPCLAS_TRAIN_P_002802	1	A_clean_core	15.785008918343397	0.9999998604731887	1
HPCLAS_TRAIN_P_002817	1	HPCLAS_TRAIN_P_002817	1	A_clean_core	18.254864830412885	0.9999999881964422	1
HPCLAS_TRAIN_P_002824	1	HPCLAS_TRAIN_P_002824	1	A_clean_core	23.124197529853127	0.9999999999093665	1
HPCLAS_TRAIN_P_002826	1	HPCLAS_TRAIN_P_002826	1	D_hard_sample	6.148363562185305	0.9978675809896178	1
HPCLAS_TRAIN_P_002832	1	HPCLAS_TRAIN_P_002832	1	A_clean_core	12.31248505379305	0.9999955047512354	1
HPCLAS_TRAIN_P_002846	1	HPCLAS_TRAIN_N_002191	1	B_ambiguous	3.624454943469429	0.9740288582644214	1
HPCLAS_TRAIN_P_002848	1	HPCLAS_TRAIN_P_002848	1	A_clean_core	7.291903141067924	0.9993194327660825	1
HPCLAS_TRAIN_P_002851	1	HPCLAS_TRAIN_P_002851	1	A_clean_core	7.781337190751795	0.9995827206086285	1
HPCLAS_TRAIN_P_002854	1	HPCLAS_TRAIN_P_002854	1	D_hard_sample	0.19192946522754628	0.5478356133283779	1
HPCLAS_TRAIN_P_002855	1	HPCLAS_TRAIN_P_002855	1	A_clean_core	15.604560770197951	0.9999998328812063	1
HPCLAS_TRAIN_P_002863	1	HPCLAS_TRAIN_P_002863	1	A_clean_core	17.083004162009885	0.9999999618981957	1
HPCLAS_TRAIN_P_002875	1	HPCLAS_TRAIN_P_002875	1	A_clean_core	5.792804045171302	0.9969598512218765	1
HPCLAS_TRAIN_P_002879	1	HPCLAS_TRAIN_P_002879	1	A_clean_core	13.680046146020864	0.9999988549328669	1
HPCLAS_TRAIN_P_002883	1	HPCLAS_TRAIN_P_002883	1	A_clean_core	6.842823807244256	0.9989340515622076	1
HPCLAS_TRAIN_P_002894	1	HPCLAS_TRAIN_P_002894	1	A_clean_core	11.303579104712544	0.9999876714325712	1
HPCLAS_TRAIN_P_002895	1	HPCLAS_TRAIN_P_002895	1	A_clean_core	11.737740249905109	0.999992013422489	1
HPCLAS_TRAIN_P_002897	1	HPCLAS_TRAIN_P_002897	1	A_clean_core	6.358457935920267	0.9982709591967763	1
HPCLAS_TRAIN_P_002898	1	HPCLAS_TRAIN_P_002898	1	A_clean_core	7.413987478705533	0.9993976007096464	1
HPCLAS_TRAIN_P_002901	1	HPCLAS_TRAIN_P_002901	1	A_clean_core	16.6189167349444	0.9999999393967186	1
HPCLAS_TRAIN_P_002904	1	HPCLAS_TRAIN_P_002904	1	A_clean_core	18.394211051513672	0.999999989731769	1
HPCLAS_TRAIN_P_002911	1	HPCLAS_TRAIN_P_002911	1	A_clean_core	9.558805891686664	0.9999294279557882	1
HPCLAS_TRAIN_P_002916	1	HPCLAS_TRAIN_P_002916	1	A_clean_core	1.884532254974074	0.8681308438048265	1
HPCLAS_TRAIN_P_002921	1	HPCLAS_TRAIN_P_002921	1	A_clean_core	3.3304318660797625	0.9654581747760923	1
HPCLAS_TRAIN_P_002931	1	HPCLAS_TRAIN_P_002931	1	A_clean_core	14.10809559463079	0.9999992536687802	1
HPCLAS_TRAIN_P_002936	1	HPCLAS_TRAIN_P_002936	1	A_clean_core	14.437546773219385	0.9999994631501068	1
HPCLAS_TRAIN_P_002956	1	HPCLAS_TRAIN_P_002956	1	B_ambiguous	3.337376234714899	0.9656890132858096	1
HPCLAS_TRAIN_P_002958	1	HPCLAS_TRAIN_P_002958	1	A_clean_core	6.652310905737128	0.9987106294278659	1
HPCLAS_TRAIN_P_002964	1	HPCLAS_TRAIN_P_002964	1	A_clean_core	16.479965047447344	0.9999999303626739	1
HPCLAS_TRAIN_P_002966	1	HPCLAS_TRAIN_P_002966	1	A_clean_core	13.029141130109453	0.9999978045934793	1
HPCLAS_TRAIN_P_002970	1	HPCLAS_TRAIN_P_002970	1	A_clean_core	2.470996458467708	0.9220833861593647	1
HPCLAS_TRAIN_P_002980	1	HPCLAS_TRAIN_P_002980	1	A_clean_core	7.925027052436729	0.9996385506248137	1
HPCLAS_TRAIN_P_002983	1	HPCLAS_TRAIN_P_002983	1	A_clean_core	11.98363353398829	0.9999937544402056	1
HPCLAS_TRAIN_P_002997	1	HPCLAS_TRAIN_P_002997	1	A_clean_core	22.610724535633704	0.9999999998485438	1
HPCLAS_TRAIN_P_003001	1	HPCLAS_TRAIN_P_003001	1	A_clean_core	9.10901721929013	0.9998893488254573	1
HPCLAS_TRAIN_P_003002	1	HPCLAS_TRAIN_P_003002	1	A_clean_core	15.733082442469101	0.9999998530366484	1
HPCLAS_TRAIN_P_003004	1	HPCLAS_TRAIN_P_003004	1	A_clean_core	11.921727954287777	0.9999933555896041	1
HPCLAS_TRAIN_P_003013	1	HPCLAS_TRAIN_P_003013	1	A_clean_core	6.628382525611136	0.9986794460248577	1
HPCLAS_TRAIN_P_003015	1	HPCLAS_TRAIN_P_003015	1	A_clean_core	21.411664630234984	0.9999999994976201	1
HPCLAS_TRAIN_P_003017	1	HPCLAS_TRAIN_P_003017	1	A_clean_core	27.51531707254861	0.9999999999988773	1
HPCLAS_TRAIN_P_003018	1	HPCLAS_TRAIN_P_003018	1	A_clean_core	10.585865075430197	0.9999747299421126	1
HPCLAS_TRAIN_P_003023	1	HPCLAS_TRAIN_P_003023	1	A_clean_core	13.938525672207525	0.9999991157504843	1
HPCLAS_TRAIN_P_003027	1	HPCLAS_TRAIN_N_000951	1	B_ambiguous	10.257342076476938	0.999964902377847	1
HPCLAS_TRAIN_P_003028	1	HPCLAS_TRAIN_N_002524	1	B_ambiguous	5.950313011181018	0.997401743534189	1
HPCLAS_TRAIN_P_003030	1	HPCLAS_TRAIN_P_003030	1	A_clean_core	5.715510893565135	0.9967163509038296	1
HPCLAS_TRAIN_P_003034	1	HPCLAS_TRAIN_P_003034	1	A_clean_core	6.089352233567054	0.9977382502620593	1
HPCLAS_TRAIN_P_003040	1	HPCLAS_TRAIN_P_003040	1	A_clean_core	9.797111617000642	0.9999443910961004	1
HPCLAS_TRAIN_P_003057	1	HPCLAS_TRAIN_P_003057	1	A_clean_core	15.559971815460141	0.9999998252609276	1
HPCLAS_TRAIN_P_003071	1	HPCLAS_TRAIN_P_003071	1	A_clean_core	18.964962477150344	0.9999999941974158	1
HPCLAS_TRAIN_P_003073	1	HPCLAS_TRAIN_P_003073	1	A_clean_core	12.644333384667096	0.9999967742226901	1
HPCLAS_TRAIN_P_003083	1	HPCLAS_TRAIN_P_003083	1	A_clean_core	11.262570632540486	0.9999871553538732	1
HPCLAS_TRAIN_P_003086	1	HPCLAS_TRAIN_P_003086	1	A_clean_core	20.45968478462914	0.9999999986984172	1
HPCLAS_TRAIN_P_003091	1	HPCLAS_TRAIN_P_003091	1	D_hard_sample	7.608350525956563	0.99950395638054	1
HPCLAS_TRAIN_P_003100	1	HPCLAS_TRAIN_P_003100	1	A_clean_core	10.406137340313819	0.9999697546343276	1
HPCLAS_TRAIN_P_003119	1	HPCLAS_TRAIN_P_003119	1	A_clean_core	4.525446095790494	0.9892861475658672	1
HPCLAS_TRAIN_P_003120	1	HPCLAS_TRAIN_P_003120	1	A_clean_core	9.688654771036571	0.9999380211122979	1
HPCLAS_TRAIN_P_003124	1	HPCLAS_TRAIN_P_003124	1	A_clean_core	11.5560940765674	0.9999904225928405	1
HPCLAS_TRAIN_P_003125	1	HPCLAS_TRAIN_P_003125	1	A_clean_core	5.578330681235813	0.9962353576953233	1
HPCLAS_TRAIN_P_003131	1	HPCLAS_TRAIN_P_003131	1	A_clean_core	7.640662142418671	0.9995197205986156	1
HPCLAS_TRAIN_P_003140	1	HPCLAS_TRAIN_P_003140	1	D_hard_sample	0.7544061010160821	0.6801380076225235	1
HPCLAS_TRAIN_P_003142	1	HPCLAS_TRAIN_P_003142	1	D_hard_sample	3.093242622858309	0.9566131477133681	1
HPCLAS_TRAIN_P_003147	1	HPCLAS_TRAIN_P_003147	1	D_hard_sample	2.9569686125456993	0.950591813003076	1
HPCLAS_TRAIN_P_003150	1	HPCLAS_TRAIN_P_003150	1	A_clean_core	6.679290121204094	0.9987449074975646	1
HPCLAS_TRAIN_P_003153	1	HPCLAS_TRAIN_P_003153	1	A_clean_core	5.752693024469681	0.9968358227768968	1
HPCLAS_TRAIN_P_003158	1	HPCLAS_TRAIN_N_002779	1	B_ambiguous	-4.857215280355146	0.007712157261491124	0
HPCLAS_TRAIN_P_003163	1	HPCLAS_TRAIN_P_003163	1	A_clean_core	4.774481263433094	0.9916282161047588	1
HPCLAS_TRAIN_P_003169	1	HPCLAS_TRAIN_P_003169	1	D_hard_sample	13.105911729156151	0.9999979668286902	1
HPCLAS_TRAIN_P_003181	1	HPCLAS_TRAIN_P_003181	1	A_clean_core	24.661703049341437	0.9999999999805214	1
HPCLAS_TRAIN_P_003182	1	HPCLAS_TRAIN_P_003182	1	A_clean_core	18.63278504831683	0.9999999919111969	1
HPCLAS_TRAIN_P_003184	1	HPCLAS_TRAIN_P_003184	1	A_clean_core	24.123485215330465	0.999999999966634	1
HPCLAS_TRAIN_P_003187	1	HPCLAS_TRAIN_P_003187	1	A_clean_core	14.857006044696973	0.9999996470736343	1
HPCLAS_TRAIN_P_003193	1	HPCLAS_TRAIN_P_003193	1	A_clean_core	8.145664218495096	0.9997100940988487	1
HPCLAS_TRAIN_P_003195	1	HPCLAS_TRAIN_P_003195	1	A_clean_core	1.257743528901468	0.778637424290306	1
HPCLAS_TRAIN_P_003200	1	HPCLAS_TRAIN_P_003200	1	A_clean_core	10.737044985279995	0.9999782754306563	1
HPCLAS_TRAIN_P_003203	1	HPCLAS_TRAIN_P_003203	1	A_clean_core	13.471280003711659	0.9999985890981027	1
HPCLAS_TRAIN_P_003208	1	HPCLAS_TRAIN_P_003208	1	D_hard_sample	9.56568336075597	0.9999299116137439	1
HPCLAS_TRAIN_P_003211	1	HPCLAS_TRAIN_P_003211	1	A_clean_core	19.553956985725534	0.9999999967802335	1
HPCLAS_TRAIN_P_003214	1	HPCLAS_TRAIN_P_003214	1	A_clean_core	9.69347512366637	0.9999383191351	1
HPCLAS_TRAIN_P_003220	1	HPCLAS_TRAIN_P_003220	1	A_clean_core	12.957127646126196	0.9999976406632238	1
HPCLAS_TRAIN_P_003236	1	HPCLAS_TRAIN_P_003236	1	A_clean_core	12.948145203681229	0.9999976193752013	1
HPCLAS_TRAIN_P_003240	1	HPCLAS_TRAIN_P_003240	1	A_clean_core	8.825077230740767	0.9998530214970104	1
HPCLAS_TRAIN_P_003246	1	HPCLAS_TRAIN_P_003246	1	D_hard_sample	-0.4077104007617596	0.3994612509543993	0
HPCLAS_TRAIN_P_003250	1	HPCLAS_TRAIN_P_003250	1	D_hard_sample	0.018083092821380653	0.5045206500189643	1
HPCLAS_TRAIN_P_003257	1	HPCLAS_TRAIN_P_003257	1	D_hard_sample	3.0439326362874475	0.9545198571255717	1
HPCLAS_TRAIN_P_003259	1	HPCLAS_TRAIN_P_003259	1	A_clean_core	3.6003342978721102	0.9734116598895965	1
HPCLAS_TRAIN_P_003261	1	HPCLAS_TRAIN_P_003261	1	D_hard_sample	1.6093860615248259	0.8333261316936874	1
HPCLAS_TRAIN_P_003262	1	HPCLAS_TRAIN_P_003262	1	A_clean_core	12.173159685276717	0.9999948327237849	1
HPCLAS_TRAIN_P_003263	1	HPCLAS_TRAIN_P_003263	1	A_clean_core	10.024911569344555	0.9999557190435928	1
HPCLAS_TRAIN_P_003264	1	HPCLAS_TRAIN_P_003264	1	A_clean_core	16.66851107835121	0.9999999423289854	1
HPCLAS_TRAIN_P_003292	1	HPCLAS_TRAIN_P_003292	1	A_clean_core	4.085092993956757	0.9834567092663901	1
HPCLAS_TRAIN_P_003296	1	HPCLAS_TRAIN_P_003296	1	A_clean_core	7.308476340957066	0.9993306115031435	1
HPCLAS_TRAIN_P_003301	1	HPCLAS_TRAIN_P_003301	1	A_clean_core	9.975960461543588	0.9999534976154021	1
HPCLAS_TRAIN_P_003310	1	HPCLAS_TRAIN_P_003310	1	A_clean_core	6.550783681338657	0.9985730438311895	1
HPCLAS_TRAIN_P_003315	1	HPCLAS_TRAIN_P_003315	1	A_clean_core	10.875738860445239	0.9999810888293686	1
HPCLAS_TRAIN_P_003318	1	HPCLAS_TRAIN_P_003318	1	D_hard_sample	-1.6326866853512705	0.1634626446032754	0
HPCLAS_TRAIN_P_003322	1	HPCLAS_TRAIN_P_003322	1	A_clean_core	12.027448027944235	0.9999940221764182	1
HPCLAS_TRAIN_P_003326	1	HPCLAS_TRAIN_P_003326	1	D_hard_sample	-0.06764223589616236	0.48309588589301056	0
HPCLAS_TRAIN_P_003328	1	HPCLAS_TRAIN_P_003328	1	A_clean_core	7.560688807646703	0.9994797542119889	1
HPCLAS_TRAIN_P_003338	1	HPCLAS_TRAIN_P_003338	1	A_clean_core	9.67573532830598	0.9999372152353503	1
HPCLAS_TRAIN_P_003346	1	HPCLAS_TRAIN_P_003346	1	D_hard_sample	-1.2156882237412168	0.22869613309307796	0
HPCLAS_TRAIN_P_003347	1	HPCLAS_TRAIN_P_003347	1	A_clean_core	5.758204007601237	0.9968531578199843	1
HPCLAS_TRAIN_P_003350	1	HPCLAS_TRAIN_P_003350	1	D_hard_sample	1.6766758550155583	0.8424638576260238	1
HPCLAS_TRAIN_P_003351	1	HPCLAS_TRAIN_P_003351	1	A_clean_core	9.485170732906619	0.9999240356722912	1
HPCLAS_TRAIN_P_003355	1	HPCLAS_TRAIN_P_003355	1	D_hard_sample	2.2605843244501385	0.9055596151377617	1
HPCLAS_TRAIN_P_003357	1	HPCLAS_TRAIN_P_003357	1	A_clean_core	13.33887833879854	0.999998389361622	1
HPCLAS_TRAIN_P_003363	1	HPCLAS_TRAIN_P_003363	1	A_clean_core	18.803729332531333	0.9999999931822023	1
HPCLAS_TRAIN_P_003372	1	HPCLAS_TRAIN_P_003372	1	D_hard_sample	-0.10953471850246821	0.47264366634933147	0
HPCLAS_TRAIN_P_003377	1	HPCLAS_TRAIN_P_003377	1	D_hard_sample	-0.5169381868567058	0.3735684662753875	0
HPCLAS_TRAIN_P_003384	1	HPCLAS_TRAIN_P_003384	1	A_clean_core	10.595107158544138	0.9999749624083495	1
HPCLAS_TRAIN_P_003405	1	HPCLAS_TRAIN_P_003405	1	A_clean_core	8.79991074626337	0.9998492761919048	1
HPCLAS_TRAIN_P_003412	1	HPCLAS_TRAIN_P_003412	1	A_clean_core	12.127868540133944	0.9999945933125116	1
HPCLAS_TRAIN_P_003415	1	HPCLAS_TRAIN_P_003415	1	A_clean_core	20.32642507290464	0.9999999985128809	1
HPCLAS_TRAIN_P_003432	1	HPCLAS_TRAIN_P_003432	1	A_clean_core	10.741542657446484	0.999978372919134	1
HPCLAS_TRAIN_P_003438	1	HPCLAS_TRAIN_P_003438	1	A_clean_core	6.980323000483686	0.9990708613381789	1
HPCLAS_TRAIN_P_003442	1	HPCLAS_TRAIN_P_003442	1	A_clean_core	9.530613338738693	0.9999274101847067	1
HPCLAS_TRAIN_P_003452	1	HPCLAS_TRAIN_P_003452	1	A_clean_core	14.560138198576876	0.9999995250891208	1
HPCLAS_TRAIN_P_003453	1	HPCLAS_TRAIN_P_003453	1	A_clean_core	18.26085280994969	0.9999999882669105	1
HPCLAS_TRAIN_P_003469	1	HPCLAS_TRAIN_P_003469	1	D_hard_sample	0.9607520499588063	0.7232723527865496	1
HPCLAS_TRAIN_P_003471	1	HPCLAS_TRAIN_P_003471	1	A_clean_core	10.705261439548707	0.999977573872351	1
HPCLAS_TRAIN_P_003478	1	HPCLAS_TRAIN_P_003478	1	A_clean_core	15.259760214810216	0.9999997640770223	1
HPCLAS_TRAIN_P_003480	1	HPCLAS_TRAIN_P_003480	1	A_clean_core	4.976596587937251	0.9931497518884743	1
HPCLAS_TRAIN_P_003481	1	HPCLAS_TRAIN_P_003481	1	D_hard_sample	3.1296106380443653	0.9580977642342638	1
HPCLAS_TRAIN_P_003495	1	HPCLAS_TRAIN_P_003495	1	A_clean_core	15.279749060429994	0.9999997687460298	1
HPCLAS_TRAIN_P_003496	1	HPCLAS_TRAIN_P_003496	1	A_clean_core	11.82031163994672	0.9999926463884169	1
HPCLAS_TRAIN_P_003500	1	HPCLAS_TRAIN_P_003500	1	A_clean_core	6.569484213777942	0.9985994436826996	1
HPCLAS_TRAIN_P_003504	1	HPCLAS_TRAIN_P_003504	1	A_clean_core	8.997578933133696	0.9998763063525575	1
HPCLAS_TRAIN_P_003507	1	HPCLAS_TRAIN_P_003507	1	A_clean_core	14.345204935622332	0.9999994112154588	1
HPCLAS_TRAIN_P_003509	1	HPCLAS_TRAIN_P_003509	1	A_clean_core	12.723777981255372	0.9999970205771799	1
HPCLAS_TRAIN_P_003510	1	HPCLAS_TRAIN_P_003510	1	A_clean_core	12.763339592929945	0.9999971361464839	1
HPCLAS_TRAIN_P_003512	1	HPCLAS_TRAIN_P_003512	1	A_clean_core	3.3757172074265682	0.9669369583247789	1
HPCLAS_TRAIN_P_003517	1	HPCLAS_TRAIN_P_003517	1	A_clean_core	14.66316049554703	0.9999995715796187	1
HPCLAS_TRAIN_P_003522	1	HPCLAS_TRAIN_P_003522	1	A_clean_core	14.041007674619754	0.9999992018812753	1
HPCLAS_TRAIN_P_003524	1	HPCLAS_TRAIN_P_003524	1	A_clean_core	11.312328369949496	0.9999877788266646	1
HPCLAS_TRAIN_P_003525	1	HPCLAS_TRAIN_P_003525	1	A_clean_core	7.878488459817179	0.9996213382354978	1
HPCLAS_TRAIN_P_003536	1	HPCLAS_TRAIN_P_003536	1	D_hard_sample	3.663179353609514	0.9749906799275131	1
HPCLAS_TRAIN_P_003545	1	HPCLAS_TRAIN_P_003545	1	A_clean_core	10.968650339632674	0.999982766709887	1
HPCLAS_TRAIN_P_003549	1	HPCLAS_TRAIN_P_003549	1	A_clean_core	22.17559279172419	0.999999999765975	1
HPCLAS_TRAIN_P_003556	1	HPCLAS_TRAIN_P_003556	1	A_clean_core	0.7370059664126982	0.676340796880812	1
HPCLAS_TRAIN_P_003560	1	HPCLAS_TRAIN_N_001130	1	B_ambiguous	12.679956742701	0.9999968871126547	1
HPCLAS_TRAIN_P_003561	1	HPCLAS_TRAIN_P_003561	1	A_clean_core	8.19631934496031	0.9997244096332873	1
HPCLAS_TRAIN_P_003566	1	HPCLAS_TRAIN_P_003566	1	B_ambiguous	-4.288814927721303	0.013535453903139382	0
HPCLAS_TRAIN_P_003569	1	HPCLAS_TRAIN_P_003569	1	A_clean_core	13.0011285352018	0.9999977422251131	1
HPCLAS_TRAIN_P_003581	1	HPCLAS_TRAIN_P_003581	1	A_clean_core	10.941133361799716	0.9999822859256976	1
HPCLAS_TRAIN_P_003589	1	HPCLAS_TRAIN_P_003589	1	A_clean_core	19.92887621455983	0.9999999977869103	1
HPCLAS_TRAIN_P_003593	1	HPCLAS_TRAIN_P_003593	1	A_clean_core	5.874022440563592	0.9971963413019156	1
HPCLAS_TRAIN_P_003603	1	HPCLAS_TRAIN_P_003603	1	A_clean_core	15.89731254384542	0.999999875294723	1
HPCLAS_TRAIN_P_003606	1	HPCLAS_TRAIN_P_003606	1	A_clean_core	10.288153843059174	0.9999659672709199	1
HPCLAS_TRAIN_P_003608	1	HPCLAS_TRAIN_P_005355	1	A_clean_core	30.862763483336302	0.9999999999999605	1
HPCLAS_TRAIN_P_003613	1	HPCLAS_TRAIN_P_003613	1	D_hard_sample	5.540952224713867	0.9960925384677823	1
HPCLAS_TRAIN_P_003620	1	HPCLAS_TRAIN_P_003620	1	A_clean_core	11.446773506019998	0.9999893162235831	1
HPCLAS_TRAIN_P_003623	1	HPCLAS_TRAIN_P_003623	1	A_clean_core	20.548395517656918	0.9999999988089083	1
HPCLAS_TRAIN_P_003632	1	HPCLAS_TRAIN_P_003632	1	A_clean_core	4.623001290010617	0.9902722886342101	1
HPCLAS_TRAIN_P_003644	1	HPCLAS_TRAIN_P_003644	1	D_hard_sample	-3.2290809401539917	0.038085902875476536	0
HPCLAS_TRAIN_P_003698	1	HPCLAS_TRAIN_P_003698	1	A_clean_core	19.76438144197799	0.9999999973912155	1
HPCLAS_TRAIN_P_003701	1	HPCLAS_TRAIN_P_003701	1	A_clean_core	9.03961021597273	0.9998813970058578	1
HPCLAS_TRAIN_P_003714	1	HPCLAS_TRAIN_P_003714	1	A_clean_core	7.036816639046298	0.9991218517887538	1
HPCLAS_TRAIN_P_003727	1	HPCLAS_TRAIN_P_003727	1	A_clean_core	18.318403438636835	0.999999988923094	1
HPCLAS_TRAIN_P_003728	1	HPCLAS_TRAIN_P_003728	1	A_clean_core	13.346381732573985	0.9999984014016297	1
HPCLAS_TRAIN_P_003729	1	HPCLAS_TRAIN_P_003729	1	A_clean_core	13.915656175047058	0.9999990952951505	1
HPCLAS_TRAIN_P_003735	1	HPCLAS_TRAIN_P_003735	1	A_clean_core	9.002692689028379	0.9998769371994609	1
HPCLAS_TRAIN_P_003736	1	HPCLAS_TRAIN_P_003736	1	A_clean_core	13.380255208977882	0.999998454644774	1
HPCLAS_TRAIN_P_003750	1	HPCLAS_TRAIN_P_003750	1	A_clean_core	4.772628820674132	0.9916128236723352	1
HPCLAS_TRAIN_P_003752	1	HPCLAS_TRAIN_P_003752	1	A_clean_core	15.628241159031846	0.9999998367921545	1
HPCLAS_TRAIN_P_003759	1	HPCLAS_TRAIN_P_003759	1	A_clean_core	11.37693167725407	0.9999885433834924	1
HPCLAS_TRAIN_P_003776	1	HPCLAS_TRAIN_P_003776	1	A_clean_core	5.8325009402664945	0.997077825921276	1
HPCLAS_TRAIN_P_003777	1	HPCLAS_TRAIN_P_003777	1	A_clean_core	3.3767948894715367	0.9669713943552751	1
HPCLAS_TRAIN_P_003784	1	HPCLAS_TRAIN_P_003784	1	D_hard_sample	1.0888498759574308	0.748165083887641	1
HPCLAS_TRAIN_P_003791	1	HPCLAS_TRAIN_P_003791	1	A_clean_core	17.15675980952056	0.9999999646072856	1
HPCLAS_TRAIN_P_003792	1	HPCLAS_TRAIN_P_003792	1	A_clean_core	4.972184229950494	0.9931196677825751	1
HPCLAS_TRAIN_P_003794	1	HPCLAS_TRAIN_P_003794	1	D_hard_sample	10.163642970767796	0.9999614548978002	1
HPCLAS_TRAIN_P_003800	1	HPCLAS_TRAIN_P_003800	1	A_clean_core	14.149606003830598	0.9999992840150714	1
HPCLAS_TRAIN_P_003816	1	HPCLAS_TRAIN_P_003816	1	A_clean_core	8.476547385222638	0.9997917467477854	1
HPCLAS_TRAIN_P_003821	1	HPCLAS_TRAIN_P_003821	1	A_clean_core	7.6829620194615735	0.9995396035178302	1
HPCLAS_TRAIN_P_003822	1	HPCLAS_TRAIN_P_003822	1	D_hard_sample	6.853970676488689	0.9989458551161736	1
HPCLAS_TRAIN_P_003823	1	HPCLAS_TRAIN_P_003823	1	A_clean_core	12.353033906951394	0.9999956833815291	1
HPCLAS_TRAIN_P_003824	1	HPCLAS_TRAIN_P_003824	1	B_ambiguous	14.332766837823092	0.9999994038463696	1
HPCLAS_TRAIN_P_003829	1	HPCLAS_TRAIN_P_003829	1	A_clean_core	11.834904037698934	0.9999927529153327	1
HPCLAS_TRAIN_P_003830	1	HPCLAS_TRAIN_P_003830	1	D_hard_sample	-1.007865159274906	0.2673978503079191	0
HPCLAS_TRAIN_P_003844	1	HPCLAS_TRAIN_P_003844	1	A_clean_core	13.435655987655348	0.9999985379301923	1
HPCLAS_TRAIN_P_003847	1	HPCLAS_TRAIN_P_003847	1	A_clean_core	13.183981835279695	0.9999981195204158	1
HPCLAS_TRAIN_P_003849	1	HPCLAS_TRAIN_P_003849	1	A_clean_core	10.744834610706231	0.9999784439958838	1
HPCLAS_TRAIN_P_003850	1	HPCLAS_TRAIN_P_003850	1	A_clean_core	13.518408951473607	0.9999986540497615	1
HPCLAS_TRAIN_P_003851	1	HPCLAS_TRAIN_P_003851	1	A_clean_core	5.989698300243359	0.9975018369293623	1
HPCLAS_TRAIN_P_003866	1	HPCLAS_TRAIN_P_003866	1	A_clean_core	12.241477612788064	0.9999951739510066	1
HPCLAS_TRAIN_P_003868	1	HPCLAS_TRAIN_P_003868	1	A_clean_core	16.405165443395067	0.9999999249540706	1
HPCLAS_TRAIN_P_003869	1	HPCLAS_TRAIN_P_003869	1	A_clean_core	4.096758191915692	0.9836454310320913	1
HPCLAS_TRAIN_P_003872	1	HPCLAS_TRAIN_P_003872	1	A_clean_core	12.871723271839883	0.99999743031142	1
HPCLAS_TRAIN_P_003880	1	HPCLAS_TRAIN_P_003880	1	A_clean_core	4.349465933434619	0.9872509302394625	1
HPCLAS_TRAIN_P_003883	1	HPCLAS_TRAIN_P_003883	1	A_clean_core	15.810023184923503	0.9999998639200588	1
HPCLAS_TRAIN_P_003889	1	HPCLAS_TRAIN_P_003889	1	A_clean_core	5.975817212221691	0.9974670063612513	1
HPCLAS_TRAIN_P_003903	1	HPCLAS_TRAIN_P_003903	1	A_clean_core	5.3316230472315915	0.995187062163775	1
HPCLAS_TRAIN_P_003912	1	HPCLAS_TRAIN_P_003912	1	A_clean_core	15.225204979964113	0.9999997557821602	1
HPCLAS_TRAIN_P_003914	1	HPCLAS_TRAIN_P_003914	1	A_clean_core	16.96770755994595	0.9999999572419178	1
HPCLAS_TRAIN_P_003931	1	HPCLAS_TRAIN_P_003931	1	A_clean_core	9.734196953369898	0.9999407802925189	1
HPCLAS_TRAIN_P_003935	1	HPCLAS_TRAIN_P_003935	1	D_hard_sample	1.3488189935737558	0.793936481030851	1
HPCLAS_TRAIN_P_003937	1	HPCLAS_TRAIN_P_003937	1	A_clean_core	19.386548077922907	0.9999999961934709	1
HPCLAS_TRAIN_P_003938	1	HPCLAS_TRAIN_P_003938	1	A_clean_core	8.573902879990218	0.9998110620371743	1
HPCLAS_TRAIN_P_003941	1	HPCLAS_TRAIN_P_003941	1	A_clean_core	9.535175034142194	0.9999277405393443	1
HPCLAS_TRAIN_P_003947	1	HPCLAS_TRAIN_P_003947	1	B_ambiguous	12.363266318728826	0.999995727325548	1
HPCLAS_TRAIN_P_003948	1	HPCLAS_TRAIN_P_003948	1	A_clean_core	5.612257702863037	0.9963604814065191	1
HPCLAS_TRAIN_P_003959	1	HPCLAS_TRAIN_P_003959	1	A_clean_core	10.45583012939501	0.999971220836118	1
HPCLAS_TRAIN_P_003968	1	HPCLAS_TRAIN_P_003968	1	A_clean_core	15.353099257593627	0.9999997851013838	1
HPCLAS_TRAIN_P_003971	1	HPCLAS_TRAIN_P_003971	1	A_clean_core	15.04814172080273	0.9999997084755657	1
HPCLAS_TRAIN_P_003973	1	HPCLAS_TRAIN_P_003973	1	A_clean_core	11.676340334905131	0.9999915076842034	1
HPCLAS_TRAIN_P_003975	1	HPCLAS_TRAIN_P_003975	1	A_clean_core	8.755290820120116	0.9998423996930433	1
HPCLAS_TRAIN_P_003983	1	HPCLAS_TRAIN_P_003983	1	A_clean_core	17.949795726299584	0.9999999839858917	1
HPCLAS_TRAIN_P_003989	1	HPCLAS_TRAIN_P_003989	1	A_clean_core	2.7031318139194838	0.9372111923785926	1
HPCLAS_TRAIN_P_003990	1	HPCLAS_TRAIN_P_003990	1	A_clean_core	8.68480130440081	0.9998308915659398	1
HPCLAS_TRAIN_P_003998	1	HPCLAS_TRAIN_P_003998	1	A_clean_core	18.52444290514193	0.9999999909856033	1
HPCLAS_TRAIN_P_004004	1	HPCLAS_TRAIN_P_004004	1	A_clean_core	7.091278171828231	0.9991683593807301	1
HPCLAS_TRAIN_P_004010	1	HPCLAS_TRAIN_P_004010	1	A_clean_core	12.019640209913007	0.9999939753202565	1
HPCLAS_TRAIN_P_004015	1	HPCLAS_TRAIN_P_004015	1	A_clean_core	20.00841452605814	0.9999999979561172	1
HPCLAS_TRAIN_P_004017	1	HPCLAS_TRAIN_P_004017	1	A_clean_core	10.064669220954636	0.9999574449393966	1
HPCLAS_TRAIN_P_004019	1	HPCLAS_TRAIN_N_003322	1	B_ambiguous	11.547854849053024	0.999990343357194	1
HPCLAS_TRAIN_P_004025	1	HPCLAS_TRAIN_P_004025	1	D_hard_sample	2.2599277880738047	0.9055034522764794	1
HPCLAS_TRAIN_P_004032	1	HPCLAS_TRAIN_P_004032	1	D_hard_sample	-4.689833118189217	0.009104564637789291	0
HPCLAS_TRAIN_P_004047	1	HPCLAS_TRAIN_P_004047	1	A_clean_core	10.165216563504835	0.999961515502063	1
HPCLAS_TRAIN_P_004051	1	HPCLAS_TRAIN_P_004051	1	D_hard_sample	2.9998253924408864	0.9525662380127723	1
HPCLAS_TRAIN_P_004059	1	HPCLAS_TRAIN_P_004059	1	A_clean_core	2.778213483582385	0.941487104399864	1
HPCLAS_TRAIN_P_004070	1	HPCLAS_TRAIN_P_004070	1	A_clean_core	7.795712542485992	0.9995886737872578	1
HPCLAS_TRAIN_P_004075	1	HPCLAS_TRAIN_P_004075	1	A_clean_core	11.393381422352434	0.9999887302982252	1
HPCLAS_TRAIN_P_004089	1	HPCLAS_TRAIN_P_004089	1	D_hard_sample	-2.391227120506662	0.08384412336255871	0
HPCLAS_TRAIN_P_004096	1	HPCLAS_TRAIN_P_004096	1	D_hard_sample	-4.817585767233401	0.008021422255944443	0
HPCLAS_TRAIN_P_004101	1	HPCLAS_TRAIN_P_004101	1	A_clean_core	-0.1574257238565	0.4607246485087659	0
HPCLAS_TRAIN_P_004107	1	HPCLAS_TRAIN_P_004107	1	A_clean_core	7.230047236074358	0.9992760378604615	1
HPCLAS_TRAIN_P_004108	1	HPCLAS_TRAIN_P_004108	1	A_clean_core	2.547390442477534	0.9273980065142635	1
HPCLAS_TRAIN_P_004109	1	HPCLAS_TRAIN_P_004109	1	A_clean_core	8.530711547721504	0.9998027244040749	1
HPCLAS_TRAIN_P_004110	1	HPCLAS_TRAIN_N_002216	1	B_ambiguous	-0.5636568606244508	0.36270175567034724	0
HPCLAS_TRAIN_P_004113	1	HPCLAS_TRAIN_P_004113	1	A_clean_core	8.129853887365297	0.9997054755261354	1
HPCLAS_TRAIN_P_004115	1	HPCLAS_TRAIN_P_004115	1	A_clean_core	13.03284608331926	0.9999978127122907	1
HPCLAS_TRAIN_P_004136	1	HPCLAS_TRAIN_P_004136	1	A_clean_core	10.849554934747427	0.9999805871307379	1
HPCLAS_TRAIN_P_004153	1	HPCLAS_TRAIN_P_004153	1	A_clean_core	9.220752667786886	0.9999010456204895	1
HPCLAS_TRAIN_P_004157	1	HPCLAS_TRAIN_P_004157	1	A_clean_core	16.11695749399852	0.9999998998861295	1
HPCLAS_TRAIN_P_004163	1	HPCLAS_TRAIN_P_004163	1	A_clean_core	0.01711675773774335	0.504279084959876	1
HPCLAS_TRAIN_P_004174	1	HPCLAS_TRAIN_N_003164	1	B_ambiguous	10.401476588444979	0.9999696133434615	1
HPCLAS_TRAIN_P_004178	1	HPCLAS_TRAIN_P_004178	1	A_clean_core	11.413979498650997	0.9999889600554376	1
HPCLAS_TRAIN_P_004180	1	HPCLAS_TRAIN_P_004180	1	A_clean_core	16.681088013379892	0.9999999430497678	1
HPCLAS_TRAIN_P_004183	1	HPCLAS_TRAIN_P_004183	1	D_hard_sample	-0.16101824690386168	0.45983218628911465	0
HPCLAS_TRAIN_P_004200	1	HPCLAS_TRAIN_P_004200	1	A_clean_core	8.965950353598542	0.9998723320786471	1
HPCLAS_TRAIN_P_004212	1	HPCLAS_TRAIN_P_004212	1	A_clean_core	10.200134717165675	0.9999628360696676	1
HPCLAS_TRAIN_P_004215	1	HPCLAS_TRAIN_P_004215	1	A_clean_core	13.57802722841343	0.9999987319477502	1
HPCLAS_TRAIN_P_004228	1	HPCLAS_TRAIN_P_004228	1	A_clean_core	15.220616030340388	0.9999997546588819	1
HPCLAS_TRAIN_P_004230	1	HPCLAS_TRAIN_P_004230	1	A_clean_core	15.113244325841393	0.999999726849961	1
HPCLAS_TRAIN_P_004232	1	HPCLAS_TRAIN_P_004232	1	A_clean_core	8.077782671054521	0.9996897378526879	1
HPCLAS_TRAIN_P_004236	1	HPCLAS_TRAIN_P_004236	1	D_hard_sample	-0.05518517830060965	0.48620720563301006	0
HPCLAS_TRAIN_P_004242	1	HPCLAS_TRAIN_P_004242	1	A_clean_core	15.873632381155085	0.9999998723064404	1
HPCLAS_TRAIN_P_004244	1	HPCLAS_TRAIN_P_004244	1	D_hard_sample	-1.2759608437769216	0.2182385616882662	0
HPCLAS_TRAIN_P_004247	1	HPCLAS_TRAIN_P_004247	1	A_clean_core	11.947611855336039	0.9999935253650476	1
HPCLAS_TRAIN_P_004251	1	HPCLAS_TRAIN_P_004251	1	A_clean_core	23.295315258910552	0.9999999999236211	1
HPCLAS_TRAIN_P_004258	1	HPCLAS_TRAIN_P_004258	1	A_clean_core	7.194282287735215	0.9992496965796458	1
HPCLAS_TRAIN_P_004262	1	HPCLAS_TRAIN_P_004262	1	A_clean_core	5.5209073629836745	0.9960137390402657	1
HPCLAS_TRAIN_P_004269	1	HPCLAS_TRAIN_P_004269	1	A_clean_core	21.169468698558223	0.999999999359946	1
HPCLAS_TRAIN_P_004270	1	HPCLAS_TRAIN_P_005151	1	A_clean_core	12.510595649171917	0.9999963126382796	1
HPCLAS_TRAIN_P_004282	1	HPCLAS_TRAIN_P_004282	1	A_clean_core	14.523219256956184	0.9999995072282489	1
HPCLAS_TRAIN_P_004293	1	HPCLAS_TRAIN_P_004293	1	D_hard_sample	6.147653684466826	0.9978660699268554	1
HPCLAS_TRAIN_P_004295	1	HPCLAS_TRAIN_P_004295	1	A_clean_core	7.447958078459132	0.999417709176835	1
HPCLAS_TRAIN_P_004298	1	HPCLAS_TRAIN_P_004298	1	D_hard_sample	4.612691858712436	0.9901724734019718	1
HPCLAS_TRAIN_P_004304	1	HPCLAS_TRAIN_P_004304	1	A_clean_core	20.144773701899148	0.9999999982166528	1
HPCLAS_TRAIN_P_004325	1	HPCLAS_TRAIN_P_004325	1	A_clean_core	14.677528784194708	0.9999995776912716	1
HPCLAS_TRAIN_P_004326	1	HPCLAS_TRAIN_P_004326	1	A_clean_core	11.06882492864921	0.9999844093708451	1
HPCLAS_TRAIN_P_004338	1	HPCLAS_TRAIN_P_004338	1	A_clean_core	11.327992573476116	0.9999879687677858	1
HPCLAS_TRAIN_P_004341	1	HPCLAS_TRAIN_P_004341	1	A_clean_core	17.731946417702034	0.999999980088063	1
HPCLAS_TRAIN_P_004343	1	HPCLAS_TRAIN_P_004343	1	A_clean_core	2.7998652996216564	0.9426685447125799	1
HPCLAS_TRAIN_P_004350	1	HPCLAS_TRAIN_P_004350	1	A_clean_core	21.824281997715783	0.9999999996674669	1
HPCLAS_TRAIN_P_004352	1	HPCLAS_TRAIN_P_004352	1	A_clean_core	9.244140035703246	0.9999033328291085	1
HPCLAS_TRAIN_P_004353	1	HPCLAS_TRAIN_P_004353	1	D_hard_sample	2.828639009036042	0.9442039445129788	1
HPCLAS_TRAIN_P_004366	1	HPCLAS_TRAIN_P_004366	1	D_hard_sample	6.178221716844195	0.9979301801030174	1
HPCLAS_TRAIN_P_004370	1	HPCLAS_TRAIN_P_004370	1	D_hard_sample	3.7335012245538968	0.9766493126613797	1
HPCLAS_TRAIN_P_004371	1	HPCLAS_TRAIN_P_004371	1	A_clean_core	12.066771570933312	0.999994252682411	1
HPCLAS_TRAIN_P_004376	1	HPCLAS_TRAIN_P_004376	1	D_hard_sample	11.598209662527157	0.9999908175714923	1
HPCLAS_TRAIN_P_004377	1	HPCLAS_TRAIN_P_004377	1	A_clean_core	10.440264441332076	0.9999707693772055	1
HPCLAS_TRAIN_P_004381	1	HPCLAS_TRAIN_P_004381	1	A_clean_core	9.580069058959662	0.9999309125972713	1
HPCLAS_TRAIN_P_004384	1	HPCLAS_TRAIN_P_004384	1	A_clean_core	5.7778211517148215	0.9969140996706713	1
HPCLAS_TRAIN_P_004389	1	HPCLAS_TRAIN_P_004389	1	A_clean_core	9.422651562190637	0.9999191352401546	1
HPCLAS_TRAIN_P_004390	1	HPCLAS_TRAIN_P_004390	1	A_clean_core	7.826472235492785	0.9996011284754713	1
HPCLAS_TRAIN_P_004391	1	HPCLAS_TRAIN_P_004391	1	A_clean_core	10.918482409807925	0.9999818801136575	1
HPCLAS_TRAIN_P_004393	1	HPCLAS_TRAIN_P_004393	1	A_clean_core	7.1471572720127625	0.9992135206259737	1
HPCLAS_TRAIN_P_004395	1	HPCLAS_TRAIN_P_004395	1	A_clean_core	21.44318563656081	0.9999999995132087	1
HPCLAS_TRAIN_P_004402	1	HPCLAS_TRAIN_P_004402	1	D_hard_sample	7.308076695013721	0.9993303441104638	1
HPCLAS_TRAIN_P_004416	1	HPCLAS_TRAIN_P_004416	1	A_clean_core	21.545680734023936	0.9999999995606306	1
HPCLAS_TRAIN_P_004419	1	HPCLAS_TRAIN_P_004419	1	D_hard_sample	-0.21805599754330895	0.44570098300086225	0
HPCLAS_TRAIN_P_004420	1	HPCLAS_TRAIN_P_004420	1	A_clean_core	6.383984486330856	0.99831446362909	1
HPCLAS_TRAIN_P_004427	1	HPCLAS_TRAIN_P_004427	1	A_clean_core	7.884476987082966	0.9996235982344737	1
HPCLAS_TRAIN_P_004435	1	HPCLAS_TRAIN_P_004435	1	A_clean_core	7.203056105857912	0.9992562459357968	1
HPCLAS_TRAIN_P_004436	1	HPCLAS_TRAIN_P_004436	1	A_clean_core	4.40987392775166	0.9879892997529175	1
HPCLAS_TRAIN_P_004437	1	HPCLAS_TRAIN_P_004437	1	A_clean_core	10.328683812109803	0.9999673189936261	1
HPCLAS_TRAIN_P_004441	1	HPCLAS_TRAIN_P_004441	1	A_clean_core	8.652984942641677	0.9998254255975783	1
HPCLAS_TRAIN_P_004450	1	HPCLAS_TRAIN_P_004450	1	A_clean_core	12.014219145438645	0.9999939425715909	1
HPCLAS_TRAIN_P_004457	1	HPCLAS_TRAIN_P_004457	1	A_clean_core	2.5495429877002636	0.9275428061455369	1
HPCLAS_TRAIN_P_004458	1	HPCLAS_TRAIN_P_004458	1	A_clean_core	8.211714585349256	0.9997286187782867	1
HPCLAS_TRAIN_P_004469	1	HPCLAS_TRAIN_P_004469	1	A_clean_core	4.560961893564845	0.9896561139068715	1
HPCLAS_TRAIN_P_004485	1	HPCLAS_TRAIN_P_004485	1	A_clean_core	9.546160031862815	0.999928529909074	1
HPCLAS_TRAIN_P_004486	1	HPCLAS_TRAIN_P_004486	1	A_clean_core	9.01660085151339	0.9998786367231425	1
HPCLAS_TRAIN_P_004491	1	HPCLAS_TRAIN_P_004491	1	A_clean_core	15.536869845855687	0.999999821177121	1
HPCLAS_TRAIN_P_004494	1	HPCLAS_TRAIN_P_004494	1	D_hard_sample	2.3531920308550665	0.9131876129633929	1
HPCLAS_TRAIN_P_004496	1	HPCLAS_TRAIN_P_003124	1	A_clean_core	18.99945013197816	0.999999994394122	1
HPCLAS_TRAIN_P_004498	1	HPCLAS_TRAIN_P_004498	1	D_hard_sample	-4.291530325813109	0.01349924509357474	0
HPCLAS_TRAIN_P_004500	1	HPCLAS_TRAIN_P_004500	1	A_clean_core	3.953721835860783	0.9811778955404797	1
HPCLAS_TRAIN_P_004513	1	HPCLAS_TRAIN_P_004513	1	A_clean_core	15.941247078328715	0.9999998806549784	1
HPCLAS_TRAIN_P_004514	1	HPCLAS_TRAIN_P_004514	1	A_clean_core	25.11393232213022	0.9999999999876075	1
HPCLAS_TRAIN_P_004517	1	HPCLAS_TRAIN_P_004517	1	A_clean_core	8.506462660439354	0.9997978831975394	1
HPCLAS_TRAIN_P_004520	1	HPCLAS_TRAIN_P_004520	1	A_clean_core	3.734688322921116	0.9766763696405308	1
HPCLAS_TRAIN_P_004527	1	HPCLAS_TRAIN_P_004527	1	A_clean_core	5.08415965706274	0.9938440405038511	1
HPCLAS_TRAIN_P_004533	1	HPCLAS_TRAIN_P_004533	1	A_clean_core	11.068978147495537	0.9999844117594031	1
HPCLAS_TRAIN_P_004539	1	HPCLAS_TRAIN_P_004539	1	D_hard_sample	9.89165152373828	0.9999494072421686	1
HPCLAS_TRAIN_P_004566	1	HPCLAS_TRAIN_P_004566	1	A_clean_core	9.741484899785018	0.9999412102884038	1
HPCLAS_TRAIN_P_004568	1	HPCLAS_TRAIN_P_004568	1	A_clean_core	13.701378967692323	0.9999988791016418	1
HPCLAS_TRAIN_P_004580	1	HPCLAS_TRAIN_P_004580	1	A_clean_core	18.119760295080578	0.9999999864889817	1
HPCLAS_TRAIN_P_004596	1	HPCLAS_TRAIN_P_004596	1	A_clean_core	8.867848467609498	0.9998591745394738	1
HPCLAS_TRAIN_P_004601	1	HPCLAS_TRAIN_P_004601	1	A_clean_core	11.366074792422395	0.9999884183241178	1
HPCLAS_TRAIN_P_004603	1	HPCLAS_TRAIN_P_004603	1	A_clean_core	6.05470397108542	0.9976586978227666	1
HPCLAS_TRAIN_P_004608	1	HPCLAS_TRAIN_P_004608	1	A_clean_core	11.243455209163033	0.9999869074645323	1
HPCLAS_TRAIN_P_004616	1	HPCLAS_TRAIN_P_004616	1	A_clean_core	14.975386907541873	0.9999996864751522	1
HPCLAS_TRAIN_P_004617	1	HPCLAS_TRAIN_P_004617	1	A_clean_core	17.05202796160141	0.9999999606994767	1
HPCLAS_TRAIN_P_004627	1	HPCLAS_TRAIN_P_004627	1	D_hard_sample	12.14922219662662	0.9999947075405147	1
HPCLAS_TRAIN_P_004629	1	HPCLAS_TRAIN_P_004629	1	A_clean_core	4.814313624456563	0.9919524990865628	1
HPCLAS_TRAIN_P_004630	1	HPCLAS_TRAIN_P_004630	1	A_clean_core	18.037888302632545	0.9999999853362638	1
HPCLAS_TRAIN_P_004640	1	HPCLAS_TRAIN_P_004640	1	A_clean_core	15.244154804213693	0.9999997603664711	1
HPCLAS_TRAIN_P_004645	1	HPCLAS_TRAIN_P_004645	1	A_clean_core	14.894317760230596	0.9999996599992794	1
HPCLAS_TRAIN_P_004646	1	HPCLAS_TRAIN_P_004646	1	D_hard_sample	2.5399694560417956	0.9268967569716907	1
HPCLAS_TRAIN_P_004649	1	HPCLAS_TRAIN_P_004649	1	A_clean_core	15.772688803433063	0.9999998587435699	1
HPCLAS_TRAIN_P_004658	1	HPCLAS_TRAIN_P_004658	1	A_clean_core	16.646633201332396	0.999999941053363	1
HPCLAS_TRAIN_P_004667	1	HPCLAS_TRAIN_P_004667	1	A_clean_core	24.243902604416846	0.9999999999704194	1
HPCLAS_TRAIN_P_004672	1	HPCLAS_TRAIN_P_004672	1	A_clean_core	13.364822922846276	0.9999984306114801	1
HPCLAS_TRAIN_P_004674	1	HPCLAS_TRAIN_P_004674	1	A_clean_core	5.43735563301992	0.9956678753176149	1
HPCLAS_TRAIN_P_004677	1	HPCLAS_TRAIN_P_004677	1	B_ambiguous	5.366200938236387	0.9953498783819467	1
HPCLAS_TRAIN_P_004679	1	HPCLAS_TRAIN_P_004679	1	D_hard_sample	1.3904649546692323	0.8006664601415592	1
HPCLAS_TRAIN_P_004680	1	HPCLAS_TRAIN_P_004680	1	A_clean_core	9.571793226599294	0.9999303385090853	1
HPCLAS_TRAIN_P_004694	1	HPCLAS_TRAIN_P_004694	1	A_clean_core	12.162168850261743	0.999994775618157	1
HPCLAS_TRAIN_P_004697	1	HPCLAS_TRAIN_P_004697	1	A_clean_core	17.360069643323758	0.9999999711186469	1
HPCLAS_TRAIN_P_004698	1	HPCLAS_TRAIN_P_004698	1	A_clean_core	17.348461844989963	0.9999999707814446	1
HPCLAS_TRAIN_P_004699	1	HPCLAS_TRAIN_P_004699	1	A_clean_core	16.466052920770025	0.9999999293871001	1
HPCLAS_TRAIN_P_004701	1	HPCLAS_TRAIN_P_004701	1	A_clean_core	9.654968638794431	0.9999358978557521	1
HPCLAS_TRAIN_P_004704	1	HPCLAS_TRAIN_P_004704	1	A_clean_core	16.006660290506588	0.9999998882118643	1
HPCLAS_TRAIN_P_004706	1	HPCLAS_TRAIN_N_004064	1	B_ambiguous	8.339668470070228	0.999761205520185	1
HPCLAS_TRAIN_P_004714	1	HPCLAS_TRAIN_P_004714	1	D_hard_sample	2.695143421621534	0.9367394593908163	1
HPCLAS_TRAIN_P_004724	1	HPCLAS_TRAIN_N_002999	1	B_ambiguous	-2.9855180460604576	0.04808442422067474	0
HPCLAS_TRAIN_P_004728	1	HPCLAS_TRAIN_P_004728	1	A_clean_core	11.01393679259646	0.9999835297241125	1
HPCLAS_TRAIN_P_004743	1	HPCLAS_TRAIN_P_004743	1	A_clean_core	10.595583075042983	0.9999749743210192	1
HPCLAS_TRAIN_P_004747	1	HPCLAS_TRAIN_P_004747	1	A_clean_core	2.237580810121891	0.9035738845144156	1
HPCLAS_TRAIN_P_004755	1	HPCLAS_TRAIN_P_004755	1	A_clean_core	13.755167674730881	0.9999989378004334	1
HPCLAS_TRAIN_P_004758	1	HPCLAS_TRAIN_P_004758	1	D_hard_sample	-2.7413307366041284	0.06057812890087173	0
HPCLAS_TRAIN_P_004761	1	HPCLAS_TRAIN_P_004761	1	A_clean_core	12.839897211431706	0.9999973472132433	1
HPCLAS_TRAIN_P_004762	1	HPCLAS_TRAIN_P_004762	1	A_clean_core	5.470831102313206	0.9958098971893611	1
HPCLAS_TRAIN_P_004778	1	HPCLAS_TRAIN_P_004778	1	A_clean_core	4.445080528907774	0.9883999788222313	1
HPCLAS_TRAIN_P_004780	1	HPCLAS_TRAIN_P_004780	1	A_clean_core	1.7251548564660473	0.8487916235251842	1
HPCLAS_TRAIN_P_004792	1	HPCLAS_TRAIN_P_004792	1	A_clean_core	16.4864401608781	0.9999999308121267	1
HPCLAS_TRAIN_P_004796	1	HPCLAS_TRAIN_P_004796	1	A_clean_core	10.795657936210127	0.9999795121478245	1
HPCLAS_TRAIN_P_004802	1	HPCLAS_TRAIN_P_004802	1	D_hard_sample	-1.337157296344019	0.20797792883726848	0
HPCLAS_TRAIN_P_004807	1	HPCLAS_TRAIN_P_004807	1	D_hard_sample	9.308122678880213	0.9999093235933119	1
HPCLAS_TRAIN_P_004810	1	HPCLAS_TRAIN_P_004810	1	A_clean_core	13.832590386332882	0.9999990169357614	1
HPCLAS_TRAIN_P_004814	1	HPCLAS_TRAIN_P_004814	1	A_clean_core	23.564246660767257	0.9999999999416316	1
HPCLAS_TRAIN_P_004817	1	HPCLAS_TRAIN_P_004817	1	B_ambiguous	2.445270624980567	0.9202149121500481	1
HPCLAS_TRAIN_P_004825	1	HPCLAS_TRAIN_P_004825	1	A_clean_core	4.943698074303261	0.9929222624529774	1
HPCLAS_TRAIN_P_004847	1	HPCLAS_TRAIN_P_004847	1	A_clean_core	8.453532738062034	0.9997868993271536	1
HPCLAS_TRAIN_P_004851	1	HPCLAS_TRAIN_P_004851	1	A_clean_core	11.953402963216726	0.999993562751756	1
HPCLAS_TRAIN_P_004861	1	HPCLAS_TRAIN_P_004861	1	A_clean_core	13.292008448101345	0.9999983120742268	1
HPCLAS_TRAIN_P_004866	1	HPCLAS_TRAIN_P_004866	1	A_clean_core	0.40097810089162067	0.5989226366618889	1
HPCLAS_TRAIN_P_004868	1	HPCLAS_TRAIN_P_004868	1	D_hard_sample	10.223059128233283	0.9999636783091321	1
HPCLAS_TRAIN_P_004870	1	HPCLAS_TRAIN_P_004870	1	A_clean_core	13.232385172516695	0.9999982083739885	1
HPCLAS_TRAIN_P_004891	1	HPCLAS_TRAIN_P_004891	1	A_clean_core	5.020310473898936	0.9934408302695261	1
HPCLAS_TRAIN_P_004906	1	HPCLAS_TRAIN_P_004906	1	A_clean_core	8.903944995635609	0.999864166520563	1
HPCLAS_TRAIN_P_004912	1	HPCLAS_TRAIN_P_004912	1	A_clean_core	11.513605024307509	0.9999900068931482	1
HPCLAS_TRAIN_P_004915	1	HPCLAS_TRAIN_P_004915	1	A_clean_core	12.590074236917324	0.9999965943598822	1
HPCLAS_TRAIN_P_004923	1	HPCLAS_TRAIN_P_004923	1	A_clean_core	17.471807361317005	0.9999999741720187	1
HPCLAS_TRAIN_P_004927	1	HPCLAS_TRAIN_P_004927	1	A_clean_core	0.8839626117979429	0.7076426981143421	1
HPCLAS_TRAIN_P_004929	1	HPCLAS_TRAIN_P_004929	1	A_clean_core	4.524425539012491	0.9892753252142843	1
HPCLAS_TRAIN_P_004935	1	HPCLAS_TRAIN_P_004935	1	A_clean_core	4.939540464052673	0.9928929842917982	1
HPCLAS_TRAIN_P_004937	1	HPCLAS_TRAIN_P_004937	1	A_clean_core	9.340756402820524	0.9999122346842151	1
HPCLAS_TRAIN_P_004940	1	HPCLAS_TRAIN_P_004940	1	A_clean_core	3.321948865724555	0.9651741581164475	1
HPCLAS_TRAIN_P_004942	1	HPCLAS_TRAIN_P_004942	1	A_clean_core	12.440202617848538	0.999996043720815	1
HPCLAS_TRAIN_P_004952	1	HPCLAS_TRAIN_P_004952	1	D_hard_sample	-3.1501617393164922	0.041084905693946266	0
HPCLAS_TRAIN_P_004953	1	HPCLAS_TRAIN_P_004953	1	A_clean_core	15.976779125390411	0.999999884821097	1
HPCLAS_TRAIN_P_004954	1	HPCLAS_TRAIN_P_004954	1	A_clean_core	7.283333189771153	0.9993135792953788	1
HPCLAS_TRAIN_P_004956	1	HPCLAS_TRAIN_P_004956	1	A_clean_core	8.363280668961	0.9997667766359297	1
HPCLAS_TRAIN_P_004965	1	HPCLAS_TRAIN_P_004965	1	A_clean_core	20.36016953594316	0.9999999985622257	1
HPCLAS_TRAIN_P_004989	1	HPCLAS_TRAIN_P_004989	1	A_clean_core	10.730050384560023	0.9999781229466315	1
HPCLAS_TRAIN_P_005005	1	HPCLAS_TRAIN_P_005005	1	D_hard_sample	-0.809016392552854	0.308100136079737	0
HPCLAS_TRAIN_P_005006	1	HPCLAS_TRAIN_P_005006	1	D_hard_sample	4.947359225275214	0.9929479453379945	1
HPCLAS_TRAIN_P_005010	1	HPCLAS_TRAIN_P_005010	1	A_clean_core	9.304211541564671	0.9999089682833381	1
HPCLAS_TRAIN_P_005015	1	HPCLAS_TRAIN_P_005015	1	A_clean_core	12.963849314385275	0.9999976564686867	1
HPCLAS_TRAIN_P_005017	1	HPCLAS_TRAIN_P_005017	1	D_hard_sample	-1.8773224803280897	0.13269672179329414	0
HPCLAS_TRAIN_P_005029	1	HPCLAS_TRAIN_P_005029	1	A_clean_core	11.776865324888194	0.9999923198617146	1
HPCLAS_TRAIN_P_005035	1	HPCLAS_TRAIN_P_005035	1	A_clean_core	14.757359364147002	0.9999996100938445	1
HPCLAS_TRAIN_P_005041	1	HPCLAS_TRAIN_P_005041	1	A_clean_core	4.61781756913606	0.9902222263027459	1
HPCLAS_TRAIN_P_005044	1	HPCLAS_TRAIN_P_005044	1	B_ambiguous	-2.056761279216701	0.11337097236954079	0
HPCLAS_TRAIN_P_005052	1	HPCLAS_TRAIN_P_005052	1	A_clean_core	14.412497237047264	0.9999994495324273	1
HPCLAS_TRAIN_P_005054	1	HPCLAS_TRAIN_P_005054	1	D_hard_sample	-1.1153558767230045	0.2468737364931859	0
HPCLAS_TRAIN_P_005055	1	HPCLAS_TRAIN_P_005055	1	A_clean_core	18.663112441798063	0.9999999921528268	1
HPCLAS_TRAIN_P_005057	1	HPCLAS_TRAIN_P_005057	1	A_clean_core	7.426094284377917	0.9994048455557879	1
HPCLAS_TRAIN_P_005059	1	HPCLAS_TRAIN_P_005059	1	A_clean_core	6.901087914276461	0.9989943227637936	1
HPCLAS_TRAIN_P_005062	1	HPCLAS_TRAIN_P_005062	1	A_clean_core	21.93667606853942	0.9999999997028179	1
HPCLAS_TRAIN_P_005072	1	HPCLAS_TRAIN_P_005072	1	A_clean_core	13.153004815079534	0.9999980603572566	1
HPCLAS_TRAIN_P_005076	1	HPCLAS_TRAIN_P_005076	1	A_clean_core	12.241842127304125	0.9999951757098425	1
HPCLAS_TRAIN_P_005077	1	HPCLAS_TRAIN_P_005077	1	D_hard_sample	5.175533164085984	0.9943785770137962	1
HPCLAS_TRAIN_P_005078	1	HPCLAS_TRAIN_P_005078	1	A_clean_core	10.233389228574332	0.9999640515711192	1
HPCLAS_TRAIN_P_005086	1	HPCLAS_TRAIN_P_005086	1	A_clean_core	16.936464249934442	0.9999999558849257	1
HPCLAS_TRAIN_P_005087	1	HPCLAS_TRAIN_P_005087	1	A_clean_core	10.657930296714557	0.9999764869226843	1
HPCLAS_TRAIN_P_005106	1	HPCLAS_TRAIN_P_005106	1	A_clean_core	7.894798905221142	0.9996274620002629	1
HPCLAS_TRAIN_P_005114	1	HPCLAS_TRAIN_P_005114	1	A_clean_core	8.232261728966527	0.9997341365236627	1
HPCLAS_TRAIN_P_005115	1	HPCLAS_TRAIN_P_005115	1	D_hard_sample	-1.3615815986144142	0.2039833713084214	0
HPCLAS_TRAIN_P_005130	1	HPCLAS_TRAIN_P_005130	1	D_hard_sample	3.519939344824749	0.9712498104100382	1
HPCLAS_TRAIN_P_005137	1	HPCLAS_TRAIN_P_005137	1	A_clean_core	11.830526011662467	0.9999927211180843	1
HPCLAS_TRAIN_P_005151	1	HPCLAS_TRAIN_P_005151	1	A_clean_core	9.901637853765505	0.9999499099386139	1
HPCLAS_TRAIN_P_005156	1	HPCLAS_TRAIN_P_005156	1	A_clean_core	5.530500823223242	0.996051647953696	1
HPCLAS_TRAIN_P_005159	1	HPCLAS_TRAIN_P_005159	1	A_clean_core	7.981073905394471	0.9996582447495507	1
HPCLAS_TRAIN_P_005162	1	HPCLAS_TRAIN_P_005162	1	A_clean_core	7.674178316542839	0.9995355436057333	1
HPCLAS_TRAIN_P_005170	1	HPCLAS_TRAIN_P_005170	1	A_clean_core	9.289621388114117	0.9999076305038325	1
HPCLAS_TRAIN_P_005175	1	HPCLAS_TRAIN_P_005175	1	D_hard_sample	-0.41924207012656645	0.3966981303146034	0
HPCLAS_TRAIN_P_005191	1	HPCLAS_TRAIN_P_005191	1	A_clean_core	7.059795543521921	0.9991417834735865	1
HPCLAS_TRAIN_P_005193	1	HPCLAS_TRAIN_P_005193	1	A_clean_core	5.503821562430073	0.9959453239392382	1
HPCLAS_TRAIN_P_005199	1	HPCLAS_TRAIN_P_005199	1	A_clean_core	15.983684734417096	0.9999998856137375	1
HPCLAS_TRAIN_P_005205	1	HPCLAS_TRAIN_P_005205	1	A_clean_core	11.35423998082708	0.9999882804444916	1
HPCLAS_TRAIN_P_005208	1	HPCLAS_TRAIN_P_005208	1	A_clean_core	19.86193575498491	0.999999997633694	1
HPCLAS_TRAIN_P_005209	1	HPCLAS_TRAIN_P_005209	1	A_clean_core	4.784941575385928	0.9917146093740371	1
HPCLAS_TRAIN_P_005217	1	HPCLAS_TRAIN_P_005217	1	D_hard_sample	-3.287674492537681	0.03599645562693132	0
HPCLAS_TRAIN_P_005219	1	HPCLAS_TRAIN_P_005219	1	D_hard_sample	1.1061851086031158	0.751417213888605	1
HPCLAS_TRAIN_P_005220	1	HPCLAS_TRAIN_P_005220	1	D_hard_sample	12.583236269616442	0.9999965709925047	1
HPCLAS_TRAIN_P_005223	1	HPCLAS_TRAIN_P_005223	1	A_clean_core	8.745402601531625	0.9998408338257405	1
HPCLAS_TRAIN_P_005226	1	HPCLAS_TRAIN_P_005226	1	A_clean_core	4.838745851311112	0.9921452093023371	1
HPCLAS_TRAIN_P_005231	1	HPCLAS_TRAIN_P_005231	1	A_clean_core	21.655179337703018	0.9999999996062006	1
HPCLAS_TRAIN_P_005235	1	HPCLAS_TRAIN_P_005235	1	A_clean_core	11.321789602434322	0.9999878939073659	1
HPCLAS_TRAIN_P_005236	1	HPCLAS_TRAIN_P_005236	1	D_hard_sample	-0.3903973851056972	0.4036216419903412	0
HPCLAS_TRAIN_P_005263	1	HPCLAS_TRAIN_P_005263	1	A_clean_core	3.5091626246855734	0.9709473522985446	1
HPCLAS_TRAIN_P_005264	1	HPCLAS_TRAIN_P_005264	1	A_clean_core	20.95995105193147	0.9999999992107602	1
HPCLAS_TRAIN_P_005266	1	HPCLAS_TRAIN_P_005266	1	D_hard_sample	-1.1119511440747747	0.247507313965066	0
HPCLAS_TRAIN_P_005268	1	HPCLAS_TRAIN_N_001842	1	B_ambiguous	-2.739335083076737	0.06069179803096375	0
HPCLAS_TRAIN_P_005269	1	HPCLAS_TRAIN_P_005269	1	D_hard_sample	7.733714845146517	0.9995623769191226	1
HPCLAS_TRAIN_P_005272	1	HPCLAS_TRAIN_P_005272	1	A_clean_core	18.318159123293768	0.9999999889203876	1
HPCLAS_TRAIN_P_005275	1	HPCLAS_TRAIN_P_005275	1	A_clean_core	10.816035041894239	0.9999799253978537	1
HPCLAS_TRAIN_P_005282	1	HPCLAS_TRAIN_P_005282	1	A_clean_core	12.556289078194453	0.9999964773344656	1
HPCLAS_TRAIN_P_005285	1	HPCLAS_TRAIN_P_005285	1	A_clean_core	5.552810226989832	0.9961384216514061	1
HPCLAS_TRAIN_P_005306	1	HPCLAS_TRAIN_P_005306	1	A_clean_core	12.954869251484093	0.9999976353289016	1
HPCLAS_TRAIN_P_005316	1	HPCLAS_TRAIN_P_005316	1	A_clean_core	13.64720522337234	0.999998816703543	1
HPCLAS_TRAIN_P_005324	1	HPCLAS_TRAIN_P_005324	1	A_clean_core	15.307430092535158	0.9999997750595908	1
HPCLAS_TRAIN_P_005326	1	HPCLAS_TRAIN_P_005326	1	A_clean_core	9.351033523468693	0.9999131319619877	1
HPCLAS_TRAIN_P_005355	1	HPCLAS_TRAIN_P_005355	1	A_clean_core	26.622679183347657	0.9999999999972589	1
HPCLAS_TRAIN_P_005356	1	HPCLAS_TRAIN_P_005356	1	D_hard_sample	-1.6854061132926352	0.15638093670526557	0
HPCLAS_TRAIN_P_005357	1	HPCLAS_TRAIN_P_005357	1	A_clean_core	10.27371927008979	0.9999654724774956	1
HPCLAS_TRAIN_P_005361	1	HPCLAS_TRAIN_P_005361	1	A_clean_core	8.100028901231804	0.9996965617371761	1
HPCLAS_TRAIN_P_005363	1	HPCLAS_TRAIN_P_005363	1	A_clean_core	12.498099754097133	0.9999962662724787	1
HPCLAS_TRAIN_P_005367	1	HPCLAS_TRAIN_P_005367	1	D_hard_sample	3.515234876005982	0.9711181529893189	1
HPCLAS_TRAIN_P_005368	1	HPCLAS_TRAIN_P_005368	1	A_clean_core	5.981027198080146	0.9974801357363622	1
HPCLAS_TRAIN_P_005374	1	HPCLAS_TRAIN_P_005374	1	A_clean_core	8.854335263756973	0.9998572588938507	1
HPCLAS_TRAIN_P_005380	1	HPCLAS_TRAIN_P_005380	1	A_clean_core	10.74229091321532	0.9999783890953196	1
HPCLAS_TRAIN_P_005388	1	HPCLAS_TRAIN_P_005388	1	A_clean_core	20.12566054037657	0.9999999981822394	1
HPCLAS_TRAIN_P_005390	1	HPCLAS_TRAIN_P_005390	1	A_clean_core	5.951343792783655	0.9974044134412803	1
HPCLAS_TRAIN_P_005396	1	HPCLAS_TRAIN_P_005396	1	A_clean_core	5.394655119404944	0.9954797393790401	1
HPCLAS_TRAIN_P_005397	1	HPCLAS_TRAIN_P_005397	1	A_clean_core	3.7087543793198456	0.9760782432025311	1
HPCLAS_TRAIN_P_005399	1	HPCLAS_TRAIN_P_005399	1	A_clean_core	11.663663324537788	0.9999913993426814	1
HPCLAS_TRAIN_P_005408	1	HPCLAS_TRAIN_P_005408	1	A_clean_core	7.860079130145618	0.9996143054793368	1
HPCLAS_TRAIN_P_005409	1	HPCLAS_TRAIN_P_005409	1	A_clean_core	20.684431210771105	0.9999999989604014	1
HPCLAS_TRAIN_P_005418	1	HPCLAS_TRAIN_P_005418	1	A_clean_core	18.557268424288427	0.9999999912767018	1
HPCLAS_TRAIN_P_005429	1	HPCLAS_TRAIN_P_005429	1	A_clean_core	12.500578934734289	0.9999962755175642	1
HPCLAS_TRAIN_P_005445	1	HPCLAS_TRAIN_P_005445	1	A_clean_core	14.87876459532501	0.9999996546698569	1
HPCLAS_TRAIN_P_005451	1	HPCLAS_TRAIN_P_005451	1	A_clean_core	4.646628659606057	0.9904972763571531	1
HPCLAS_TRAIN_P_005459	1	HPCLAS_TRAIN_P_005459	1	A_clean_core	13.671736623759553	0.9999988453782749	1
HPCLAS_TRAIN_P_005469	1	HPCLAS_TRAIN_P_005469	1	A_clean_core	20.786300956896824	0.9999999990610895	1
HPCLAS_TRAIN_P_005470	1	HPCLAS_TRAIN_P_005470	1	A_clean_core	8.18804725315908	0.9997221211055517	1
HPCLAS_TRAIN_P_005473	1	HPCLAS_TRAIN_P_005473	1	A_clean_core	16.47436346754007	0.9999999299715001	1
HPCLAS_TRAIN_P_005487	1	HPCLAS_TRAIN_P_005487	1	D_hard_sample	12.114018205778468	0.9999945179075058	1
HPCLAS_TRAIN_P_005490	1	HPCLAS_TRAIN_P_005490	1	A_clean_core	11.164171335409419	0.9999858271941198	1
HPCLAS_TRAIN_P_005493	1	HPCLAS_TRAIN_P_005493	1	D_hard_sample	0.22789835165932892	0.5567292680781364	1
HPCLAS_TRAIN_P_005500	1	HPCLAS_TRAIN_P_005500	1	A_clean_core	8.60227233732184	0.9998163458168963	1
HPCLAS_TRAIN_P_005505	1	HPCLAS_TRAIN_P_005505	1	D_hard_sample	-11.43943455452447	1.0762471707107219e-05	0
HPCLAS_TRAIN_P_005513	1	HPCLAS_TRAIN_P_005513	1	A_clean_core	11.726845746409415	0.9999919259377086	1
HPCLAS_TRAIN_P_005518	1	HPCLAS_TRAIN_P_005518	1	D_hard_sample	-0.09711577483129563	0.4757401204969862	0
HPCLAS_TRAIN_P_005525	1	HPCLAS_TRAIN_P_005525	1	A_clean_core	21.46565159563172	0.999999999524023	1
HPCLAS_TRAIN_P_005527	1	HPCLAS_TRAIN_P_005527	1	A_clean_core	7.9063521783643385	0.9996317396902833	1
HPCLAS_TRAIN_P_005529	1	HPCLAS_TRAIN_N_000198	1	B_ambiguous	10.314776841800468	0.9999668613399902	1
HPCLAS_TRAIN_P_005542	1	HPCLAS_TRAIN_P_005542	1	A_clean_core	22.754520772513004	0.9999999998688291	1
HPCLAS_TRAIN_P_005544	1	HPCLAS_TRAIN_P_005544	1	A_clean_core	19.75166695362167	0.9999999973578344	1
HPCLAS_TRAIN_P_005550	1	HPCLAS_TRAIN_P_005550	1	D_hard_sample	-1.9671316328536248	0.12269731155175226	0
HPCLAS_TRAIN_P_005554	1	HPCLAS_TRAIN_P_005554	1	A_clean_core	15.150883469042114	0.9999997369400101	1
HPCLAS_TRAIN_P_005561	1	HPCLAS_TRAIN_P_005561	1	A_clean_core	14.721184339234686	0.9999995957307592	1
HPCLAS_TRAIN_P_005564	1	HPCLAS_TRAIN_P_005564	1	A_clean_core	14.039276124738524	0.9999992004980968	1
HPCLAS_TRAIN_P_005579	1	HPCLAS_TRAIN_P_005579	1	A_clean_core	14.134534744300481	0.9999992731425592	1
HPCLAS_TRAIN_P_005582	1	HPCLAS_TRAIN_P_005582	1	A_clean_core	1.8380612281450386	0.8627192509067954	1
HPCLAS_TRAIN_P_005587	1	HPCLAS_TRAIN_P_005587	1	A_clean_core	17.569986091658258	0.9999999765872739	1
HPCLAS_TRAIN_P_005589	1	HPCLAS_TRAIN_N_004206	1	B_ambiguous	-0.11334085711945718	0.47169508000506144	0
HPCLAS_TRAIN_P_005593	1	HPCLAS_TRAIN_P_005593	1	A_clean_core	5.0857498889671415	0.993853762007271	1
HPCLAS_TRAIN_P_005595	1	HPCLAS_TRAIN_P_005595	1	A_clean_core	13.432946553161193	0.9999985339634444	1
HPCLAS_TRAIN_P_005598	1	HPCLAS_TRAIN_P_005598	1	A_clean_core	8.84225265478081	0.9998555239981287	1
HPCLAS_TRAIN_P_005601	1	HPCLAS_TRAIN_P_005601	1	A_clean_core	25.417941418263425	0.9999999999908562	1
HPCLAS_TRAIN_P_005605	1	HPCLAS_TRAIN_P_005605	1	A_clean_core	17.498958176148058	0.9999999748638353	1
HPCLAS_TRAIN_P_005615	1	HPCLAS_TRAIN_P_005615	1	D_hard_sample	6.199131495063664	0.997972923413301	1
HPCLAS_TRAIN_P_005621	1	HPCLAS_TRAIN_P_005621	1	A_clean_core	3.7554342028613035	0.9771443090199553	1
HPCLAS_TRAIN_P_005627	1	HPCLAS_TRAIN_P_005627	1	D_hard_sample	0.48588497175693135	0.6191365588659623	1
HPCLAS_TRAIN_P_005628	1	HPCLAS_TRAIN_P_005628	1	A_clean_core	2.3815117233779937	0.9154065717048582	1
HPCLAS_TRAIN_P_005632	1	HPCLAS_TRAIN_P_005632	1	A_clean_core	6.990406340211177	0.9990801745084413	1
HPCLAS_TRAIN_P_005642	1	HPCLAS_TRAIN_P_005642	1	A_clean_core	15.267631843051234	0.9999997659268298	1
HPCLAS_TRAIN_P_005644	1	HPCLAS_TRAIN_P_005644	1	A_clean_core	16.65034970940403	0.9999999412720321	1
HPCLAS_TRAIN_P_005647	1	HPCLAS_TRAIN_P_005647	1	D_hard_sample	7.219422400946611	0.9992683105321277	1
HPCLAS_TRAIN_P_005663	1	HPCLAS_TRAIN_P_005663	1	A_clean_core	3.04159769652657	0.9544183857793196	1
HPCLAS_TRAIN_P_005665	1	HPCLAS_TRAIN_P_005665	1	D_hard_sample	-0.5803643658752637	0.3588487573921933	0
HPCLAS_TRAIN_P_005672	1	HPCLAS_TRAIN_P_005672	1	A_clean_core	13.621729144635506	0.9999987861705467	1
HPCLAS_TRAIN_P_005675	1	HPCLAS_TRAIN_P_005675	1	A_clean_core	13.403460648362813	0.9999984900924864	1
HPCLAS_TRAIN_P_005677	1	HPCLAS_TRAIN_P_005677	1	A_clean_core	5.945010432457678	0.9973879655648339	1
HPCLAS_TRAIN_P_005679	1	HPCLAS_TRAIN_P_005679	1	A_clean_core	14.930207503572856	0.9999996719854375	1
HPCLAS_TRAIN_P_005683	1	HPCLAS_TRAIN_P_005683	1	A_clean_core	4.298905945185265	0.9865986245199801	1
HPCLAS_TRAIN_P_005684	1	HPCLAS_TRAIN_P_005684	1	A_clean_core	9.930241715539735	0.9999513223416726	1
HPCLAS_TRAIN_P_005690	1	HPCLAS_TRAIN_P_005690	1	A_clean_core	6.4766592378067385	0.9984634213626804	1
HPCLAS_TRAIN_P_005700	1	HPCLAS_TRAIN_P_005700	1	A_clean_core	10.139359291503501	0.9999605074607966	1
HPCLAS_TRAIN_P_005708	1	HPCLAS_TRAIN_P_005708	1	D_hard_sample	9.184368867927345	0.9998973793618434	1
HPCLAS_TRAIN_P_005711	1	HPCLAS_TRAIN_P_005711	1	A_clean_core	8.605580123990219	0.9998169521911241	1
HPCLAS_TRAIN_P_005735	1	HPCLAS_TRAIN_P_005735	1	A_clean_core	11.6063895991259	0.9999908923761255	1
HPCLAS_TRAIN_P_005742	1	HPCLAS_TRAIN_P_005742	1	A_clean_core	8.114141960082401	0.9997008128294672	1
HPCLAS_TRAIN_P_005747	1	HPCLAS_TRAIN_P_005747	1	A_clean_core	11.180015201384236	0.9999860499735204	1
HPCLAS_TRAIN_P_005754	1	HPCLAS_TRAIN_P_005754	1	D_hard_sample	3.7431936259483978	0.9768693338761888	1
HPCLAS_TRAIN_P_005755	1	HPCLAS_TRAIN_P_005755	1	A_clean_core	4.9871581429979965	0.9932212325840907	1
HPCLAS_TRAIN_P_005760	1	HPCLAS_TRAIN_P_005760	1	D_hard_sample	4.558232353843312	0.9896281345306143	1
HPCLAS_TRAIN_P_005765	1	HPCLAS_TRAIN_P_005765	1	A_clean_core	16.470611494189377	0.9999999297082617	1
HPCLAS_TRAIN_P_005769	1	HPCLAS_TRAIN_P_005769	1	A_clean_core	20.957471429945613	0.9999999992088009	1
HPCLAS_TRAIN_P_005770	1	HPCLAS_TRAIN_P_005770	1	A_clean_core	5.3182633099590415	0.9951226468628895	1
HPCLAS_TRAIN_P_005775	1	HPCLAS_TRAIN_P_005775	1	A_clean_core	13.114832061964405	0.9999979848845666	1
HPCLAS_TRAIN_P_005786	1	HPCLAS_TRAIN_P_005786	1	D_hard_sample	0.2173128862965834	0.5541154227645896	1
HPCLAS_TRAIN_P_005791	1	HPCLAS_TRAIN_P_005791	1	A_clean_core	5.470054356172717	0.9958066549319867	1
HPCLAS_TRAIN_P_005818	1	HPCLAS_TRAIN_P_005818	1	A_clean_core	15.464593093743815	0.9999998077738487	1
HPCLAS_TRAIN_P_005820	1	HPCLAS_TRAIN_P_005820	1	A_clean_core	1.7642212960176902	0.8537375598217785	1
HPCLAS_TRAIN_P_005822	1	HPCLAS_TRAIN_P_005822	1	A_clean_core	6.3285336418050875	0.9982185305116299	1
HPCLAS_TRAIN_P_005823	1	HPCLAS_TRAIN_P_005823	1	D_hard_sample	-0.0745379036797793	0.4813741468949806	0
HPCLAS_TRAIN_P_005844	1	HPCLAS_TRAIN_P_005844	1	A_clean_core	6.533071093404706	0.9985475806105535	1
HPCLAS_TRAIN_P_005848	1	HPCLAS_TRAIN_P_005848	1	A_clean_core	4.545105666872397	0.9894925287930583	1
HPCLAS_TRAIN_P_005854	1	HPCLAS_TRAIN_P_005854	1	A_clean_core	17.07114200322161	0.9999999614435348	1
HPCLAS_TRAIN_P_005859	1	HPCLAS_TRAIN_P_005859	1	A_clean_core	2.6939014324124138	0.9366658208596966	1
HPCLAS_TRAIN_P_005877	1	HPCLAS_TRAIN_P_005877	1	A_clean_core	11.800550378346824	0.9999924996275508	1
HPCLAS_TRAIN_P_005883	1	HPCLAS_TRAIN_P_005883	1	A_clean_core	2.887597618291287	0.9472299265106932	1
HPCLAS_TRAIN_P_005891	1	HPCLAS_TRAIN_P_005891	1	A_clean_core	9.609467594800586	0.9999329139666927	1
HPCLAS_TRAIN_P_005892	1	HPCLAS_TRAIN_P_005892	1	A_clean_core	8.992897348774026	0.9998757259848169	1
HPCLAS_TRAIN_P_005897	1	HPCLAS_TRAIN_P_005897	1	A_clean_core	8.407713131712052	0.9997769102154838	1
HPCLAS_TRAIN_P_005905	1	HPCLAS_TRAIN_P_005905	1	A_clean_core	8.80944817540285	0.9998507066625828	1
HPCLAS_TRAIN_P_005918	1	HPCLAS_TRAIN_P_005918	1	D_hard_sample	-0.4508143079169873	0.38916717449960064	0
HPCLAS_TRAIN_P_005924	1	HPCLAS_TRAIN_P_005924	1	A_clean_core	17.808466616125692	0.9999999815548918	1
HPCLAS_TRAIN_P_005940	1	HPCLAS_TRAIN_P_005940	1	A_clean_core	10.765008074893366	0.9999788744891048	1
HPCLAS_TRAIN_P_005941	1	HPCLAS_TRAIN_P_005941	1	A_clean_core	5.484824918539937	0.9958678837562885	1
HPCLAS_TRAIN_P_005945	1	HPCLAS_TRAIN_P_005945	1	A_clean_core	8.37959055733268	0.9997705487650445	1
HPCLAS_TRAIN_P_005950	1	HPCLAS_TRAIN_P_005950	1	A_clean_core	11.55045506211027	0.9999903684336646	1
HPCLAS_TRAIN_P_005956	1	HPCLAS_TRAIN_P_005956	1	A_clean_core	7.44497956859397	0.9994159732468267	1
HPCLAS_TRAIN_P_005958	1	HPCLAS_TRAIN_P_005958	1	A_clean_core	12.989769944501928	0.9999977164338318	1
HPCLAS_TRAIN_P_005961	1	HPCLAS_TRAIN_P_005961	1	A_clean_core	3.2991962802497126	0.9644012281199528	1
HPCLAS_TRAIN_P_005972	1	HPCLAS_TRAIN_P_005972	1	D_hard_sample	5.529101476310496	0.9960461408326855	1
HPCLAS_TRAIN_P_005974	1	HPCLAS_TRAIN_P_005974	1	A_clean_core	4.705113502258058	0.9910322609674668	1
HPCLAS_TRAIN_P_005978	1	HPCLAS_TRAIN_P_005978	1	A_clean_core	21.125343761271086	0.9999999993310713	1
HPCLAS_TRAIN_P_005987	1	HPCLAS_TRAIN_P_005987	1	A_clean_core	8.989356869945123	0.9998752852704609	1
HPCLAS_TRAIN_P_005988	1	HPCLAS_TRAIN_P_005988	1	A_clean_core	7.0017177335521765	0.9990905109834183	1
HPCLAS_TRAIN_P_005989	1	HPCLAS_TRAIN_P_005989	1	D_hard_sample	0.04409456731920525	0.5110218560430935	1
HPCLAS_TRAIN_P_005996	1	HPCLAS_TRAIN_P_005996	1	A_clean_core	1.2113274342624818	0.7705337389667828	1
HPCLAS_TRAIN_P_006002	1	HPCLAS_TRAIN_P_006002	1	A_clean_core	22.179933580464564	0.9999999997669886	1
HPCLAS_TRAIN_P_006014	1	HPCLAS_TRAIN_P_006014	1	A_clean_core	15.483110794347343	0.999999811300679	1
HPCLAS_TRAIN_P_006025	1	HPCLAS_TRAIN_P_006025	1	A_clean_core	5.050013857847895	0.9936315721844573	1
HPCLAS_TRAIN_P_006032	1	HPCLAS_TRAIN_P_006032	1	A_clean_core	17.09289447426244	0.9999999622731771	1
HPCLAS_TRAIN_P_006038	1	HPCLAS_TRAIN_P_006038	1	A_clean_core	13.537644689825722	0.9999986796926533	1
HPCLAS_TRAIN_P_006043	1	HPCLAS_TRAIN_P_006043	1	A_clean_core	5.14306690770242	0.9941941524711289	1
HPCLAS_TRAIN_P_006044	1	HPCLAS_TRAIN_P_006044	1	A_clean_core	11.031967977620123	0.9999838240365257	1
HPCLAS_TRAIN_P_006053	1	HPCLAS_TRAIN_P_006053	1	A_clean_core	12.41187990624493	0.9999959300668194	1
HPCLAS_TRAIN_P_006059	1	HPCLAS_TRAIN_P_006059	1	A_clean_core	20.062215632786202	0.9999999980631746	1
HPCLAS_TRAIN_P_006070	1	HPCLAS_TRAIN_P_006070	1	D_hard_sample	-0.19813141767471398	0.4506285507178968	0
HPCLAS_TRAIN_P_006073	1	HPCLAS_TRAIN_P_006073	1	A_clean_core	15.364105958050121	0.9999997874537384	1
HPCLAS_TRAIN_P_006079	1	HPCLAS_TRAIN_P_006079	1	A_clean_core	18.610038339083673	0.9999999917250947	1
HPCLAS_TRAIN_P_006080	1	HPCLAS_TRAIN_P_006080	1	D_hard_sample	-6.0305624227744925	0.0023983754206309336	0
HPCLAS_TRAIN_P_006081	1	HPCLAS_TRAIN_P_006081	1	A_clean_core	2.2681441337458477	0.9062041613832414	1
HPCLAS_TRAIN_P_006086	1	HPCLAS_TRAIN_P_006086	1	A_clean_core	4.754393698737553	0.9914597976542202	1
HPCLAS_TRAIN_P_006087	1	HPCLAS_TRAIN_P_006087	1	A_clean_core	7.588319154833684	0.9994939248379439	1
HPCLAS_TRAIN_P_006091	1	HPCLAS_TRAIN_P_006091	1	A_clean_core	4.461550098383771	0.9885872990348373	1
HPCLAS_TRAIN_P_006094	1	HPCLAS_TRAIN_P_006094	1	A_clean_core	17.40737591751687	0.9999999724531031	1
HPCLAS_TRAIN_P_006103	1	HPCLAS_TRAIN_P_006103	1	A_clean_core	13.352937104625273	0.9999984118467469	1
HPCLAS_TRAIN_P_006108	1	HPCLAS_TRAIN_P_006108	1	D_hard_sample	3.674225065914376	0.9752586085224216	1
HPCLAS_TRAIN_P_006113	1	HPCLAS_TRAIN_P_006113	1	D_hard_sample	2.826284385755031	0.9440797664098901	1
HPCLAS_TRAIN_P_006114	1	HPCLAS_TRAIN_P_006114	1	A_clean_core	0.1906530555722803	0.5475194123901093	1
HPCLAS_TRAIN_P_006116	1	HPCLAS_TRAIN_P_006116	1	A_clean_core	17.041319220896966	0.9999999602763561	1
HPCLAS_TRAIN_P_006117	1	HPCLAS_TRAIN_P_006117	1	D_hard_sample	-1.4802639467089724	0.18538755501230822	0
HPCLAS_TRAIN_P_006121	1	HPCLAS_TRAIN_P_006121	1	B_ambiguous	-6.380880996506345	0.0016907666833218997	0
HPCLAS_TRAIN_P_006124	1	HPCLAS_TRAIN_P_006124	1	A_clean_core	14.244423972667962	0.9999993487841117	1
HPCLAS_TRAIN_P_006126	1	HPCLAS_TRAIN_P_006126	1	A_clean_core	3.7653270145809286	0.9773642084502965	1
HPCLAS_TRAIN_P_006127	1	HPCLAS_TRAIN_P_006127	1	D_hard_sample	1.174437652366322	0.7639462053512692	1
HPCLAS_TRAIN_P_006139	1	HPCLAS_TRAIN_P_006139	1	A_clean_core	8.198737033518876	0.9997250749372106	1
HPCLAS_TRAIN_P_006149	1	HPCLAS_TRAIN_P_006149	1	A_clean_core	8.447370706679074	0.9997855824224415	1
HPCLAS_TRAIN_P_006154	1	HPCLAS_TRAIN_P_006154	1	A_clean_core	1.5723042442262738	0.8281118484353871	1
HPCLAS_TRAIN_P_006155	1	HPCLAS_TRAIN_P_006155	1	A_clean_core	11.260631360116765	0.9999871304207575	1
HPCLAS_TRAIN_P_006157	1	HPCLAS_TRAIN_P_006157	1	A_clean_core	5.9624075782459265	0.9974328988657577	1
HPCLAS_TRAIN_P_006162	1	HPCLAS_TRAIN_P_006162	1	A_clean_core	9.26083250425518	0.9999049328977163	1
HPCLAS_TRAIN_P_006170	1	HPCLAS_TRAIN_P_006170	1	A_clean_core	21.346834767769774	0.9999999994639721	1
HPCLAS_TRAIN_P_006180	1	HPCLAS_TRAIN_P_006180	1	A_clean_core	22.40529409190356	0.9999999998140037	1
HPCLAS_TRAIN_P_006182	1	HPCLAS_TRAIN_P_006182	1	A_clean_core	13.834779772720012	0.9999990190857123	1
HPCLAS_TRAIN_P_006207	1	HPCLAS_TRAIN_P_006207	1	A_clean_core	18.589892266040636	0.9999999915566972	1
HPCLAS_TRAIN_P_006216	1	HPCLAS_TRAIN_P_006216	1	A_clean_core	14.074610199849861	0.9999992282544746	1
HPCLAS_TRAIN_P_006221	1	HPCLAS_TRAIN_P_006221	1	A_clean_core	2.615685766584283	0.9318642916333824	1
HPCLAS_TRAIN_P_006229	1	HPCLAS_TRAIN_P_006229	1	A_clean_core	17.539509239878697	0.9999999758627433	1
HPCLAS_TRAIN_P_006230	1	HPCLAS_TRAIN_P_006230	1	A_clean_core	13.126694730718514	0.9999980086479385	1
HPCLAS_TRAIN_P_006234	1	HPCLAS_TRAIN_P_001694	1	A_clean_core	10.199436640054094	0.9999628101182862	1
HPCLAS_TRAIN_P_006240	1	HPCLAS_TRAIN_P_006240	1	A_clean_core	5.7863502454862275	0.9969402274892438	1
HPCLAS_TRAIN_P_006243	1	HPCLAS_TRAIN_N_002702	1	B_ambiguous	-3.912172620577244	0.01960496723575239	0
HPCLAS_TRAIN_P_006244	1	HPCLAS_TRAIN_P_006244	1	A_clean_core	-0.7263447079297878	0.3259973680669982	0
HPCLAS_TRAIN_P_006247	1	HPCLAS_TRAIN_N_003461	1	B_ambiguous	3.861301419828351	0.9793929848979148	1
HPCLAS_TRAIN_P_006256	1	HPCLAS_TRAIN_P_006256	1	A_clean_core	1.2819101158203132	0.7827747449715802	1
HPCLAS_TRAIN_P_006259	1	HPCLAS_TRAIN_P_006259	1	A_clean_core	11.34140380696121	0.9999881290423924	1
HPCLAS_TRAIN_P_006260	1	HPCLAS_TRAIN_P_006260	1	A_clean_core	7.86213807552719	0.9996150984809757	1
HPCLAS_TRAIN_P_006271	1	HPCLAS_TRAIN_P_006271	1	A_clean_core	15.678647758150857	0.9999998448150046	1
HPCLAS_TRAIN_P_006272	1	HPCLAS_TRAIN_P_006272	1	A_clean_core	8.837785084534334	0.9998548771913606	1
HPCLAS_TRAIN_P_006276	1	HPCLAS_TRAIN_P_006276	1	A_clean_core	14.630347123228733	0.99999955728852	1
HPCLAS_TRAIN_P_006282	1	HPCLAS_TRAIN_P_006282	1	A_clean_core	4.973035488775427	0.9931254819873823	1
HPCLAS_TRAIN_P_006284	1	HPCLAS_TRAIN_P_006284	1	A_clean_core	13.632818679552518	0.9999987995569728	1
HPCLAS_TRAIN_P_006289	1	HPCLAS_TRAIN_P_006289	1	A_clean_core	6.702771675919017	0.9987739999835963	1
HPCLAS_TRAIN_P_006297	1	HPCLAS_TRAIN_P_006297	1	A_clean_core	14.39380732871121	0.9999994391475001	1
HPCLAS_TRAIN_P_006298	1	HPCLAS_TRAIN_P_006298	1	A_clean_core	13.863825601050628	0.9999990471673519	1
HPCLAS_TRAIN_P_006302	1	HPCLAS_TRAIN_N_003844	1	B_ambiguous	4.3823885643235485	0.9876587333123323	1
HPCLAS_TRAIN_P_006304	1	HPCLAS_TRAIN_P_006304	1	D_hard_sample	7.124133682169218	0.9991952177294137	1
HPCLAS_TRAIN_P_006306	1	HPCLAS_TRAIN_P_006306	1	A_clean_core	1.4991237753913307	0.8174437540348007	1
HPCLAS_TRAIN_P_006311	1	HPCLAS_TRAIN_P_006311	1	A_clean_core	6.100711734096801	0.9977637401046031	1
HPCLAS_TRAIN_P_006314	1	HPCLAS_TRAIN_P_006314	1	D_hard_sample	0.1530835181882253	0.538196315832451	1
HPCLAS_TRAIN_P_006318	1	HPCLAS_TRAIN_P_006318	1	A_clean_core	14.954541968369163	0.9999996798711571	1
HPCLAS_TRAIN_P_006327	1	HPCLAS_TRAIN_P_006327	1	A_clean_core	22.20860051109387	0.9999999997735733	1
HPCLAS_TRAIN_P_006339	1	HPCLAS_TRAIN_P_006339	1	D_hard_sample	1.7390658824198457	0.8505683763066827	1
HPCLAS_TRAIN_P_006345	1	HPCLAS_TRAIN_P_006345	1	A_clean_core	14.60680745829519	0.99999954674362	1
HPCLAS_TRAIN_P_006347	1	HPCLAS_TRAIN_P_006347	1	A_clean_core	21.10003165570328	0.9999999993139232	1
HPCLAS_TRAIN_P_006383	1	HPCLAS_TRAIN_P_001694	1	D_hard_sample	10.770699593885716	0.9999789943813175	1
HPCLAS_TRAIN_P_006388	1	HPCLAS_TRAIN_P_006388	1	A_clean_core	9.183187460319502	0.9998972580658609	1
HPCLAS_TRAIN_P_006397	1	HPCLAS_TRAIN_P_006397	1	A_clean_core	13.058586789879326	0.9999978682960502	1
HPCLAS_TRAIN_P_006398	1	HPCLAS_TRAIN_P_006398	1	A_clean_core	7.524986111000653	0.9994608546739152	1
HPCLAS_TRAIN_P_006400	1	HPCLAS_TRAIN_P_006400	1	D_hard_sample	-5.841693037763676	0.0028955136660954606	0
HPCLAS_TRAIN_P_006401	1	HPCLAS_TRAIN_P_006401	1	A_clean_core	1.6115345535688785	0.8336243300124728	1
HPCLAS_TRAIN_P_006408	1	HPCLAS_TRAIN_P_006408	1	A_clean_core	20.760429392218214	0.9999999990364814	1
HPCLAS_TRAIN_P_006415	1	HPCLAS_TRAIN_P_006415	1	A_clean_core	9.520393995758758	0.9999266646157652	1
HPCLAS_TRAIN_P_006426	1	HPCLAS_TRAIN_P_006426	1	D_hard_sample	-0.713970468234463	0.3287221061786396	0
HPCLAS_TRAIN_P_006433	1	HPCLAS_TRAIN_P_006433	1	D_hard_sample	8.210601316334223	0.999728316571875	1
HPCLAS_TRAIN_P_006434	1	HPCLAS_TRAIN_P_006434	1	D_hard_sample	1.2160025050761236	0.771359299588312	1
HPCLAS_TRAIN_P_006439	1	HPCLAS_TRAIN_P_006439	1	A_clean_core	2.6425842363458	0.9335524501984872	1
HPCLAS_TRAIN_P_006444	1	HPCLAS_TRAIN_P_006444	1	A_clean_core	14.773873751374884	0.9999996164800263	1
HPCLAS_TRAIN_P_006445	1	HPCLAS_TRAIN_P_006445	1	A_clean_core	14.396570299634513	0.9999994406949797	1
HPCLAS_TRAIN_P_006448	1	HPCLAS_TRAIN_P_006448	1	A_clean_core	16.636167946861153	0.9999999404332323	1
HPCLAS_TRAIN_P_006451	1	HPCLAS_TRAIN_P_006451	1	D_hard_sample	10.713355145440321	0.9999777546462425	1
HPCLAS_TRAIN_P_006453	1	HPCLAS_TRAIN_P_006453	1	D_hard_sample	0.02436682721413952	0.5060914054127783	1
HPCLAS_TRAIN_P_006466	1	HPCLAS_TRAIN_P_006466	1	A_clean_core	14.88618242512025	0.9999996572219787	1
HPCLAS_TRAIN_P_006475	1	HPCLAS_TRAIN_P_006475	1	A_clean_core	5.9873316563702295	0.9974959324876417	1
HPCLAS_TRAIN_P_006477	1	HPCLAS_TRAIN_P_006477	1	A_clean_core	9.915095419611474	0.999950579480294	1
HPCLAS_TRAIN_P_006478	1	HPCLAS_TRAIN_P_006478	1	A_clean_core	16.849472237877045	0.9999999518753967	1
HPCLAS_TRAIN_P_006482	1	HPCLAS_TRAIN_P_006482	1	A_clean_core	22.33435857639629	0.9999999998003306	1
HPCLAS_TRAIN_P_006488	1	HPCLAS_TRAIN_P_006488	1	D_hard_sample	1.3272542813044907	0.7903860980284195	1
HPCLAS_TRAIN_P_006494	1	HPCLAS_TRAIN_P_006494	1	A_clean_core	11.063391772585183	0.9999843244353266	1
HPCLAS_TRAIN_P_006503	1	HPCLAS_TRAIN_P_006503	1	A_clean_core	8.180706365484284	0.999720074295304	1
HPCLAS_TRAIN_P_006509	1	HPCLAS_TRAIN_P_006509	1	A_clean_core	6.2471359546266605	0.9980677498492916	1
HPCLAS_TRAIN_P_006514	1	HPCLAS_TRAIN_P_006514	1	A_clean_core	4.589615218653675	0.9899453568991519	1
HPCLAS_TRAIN_P_006517	1	HPCLAS_TRAIN_P_006517	1	A_clean_core	3.127973384274352	0.958031985005441	1
HPCLAS_TRAIN_P_006521	1	HPCLAS_TRAIN_P_006521	1	A_clean_core	18.954254355165208	0.9999999941349471	1
HPCLAS_TRAIN_P_006523	1	HPCLAS_TRAIN_P_006523	1	A_clean_core	12.834269745055051	0.9999973322427314	1
HPCLAS_TRAIN_P_006534	1	HPCLAS_TRAIN_P_006534	1	B_ambiguous	4.708174251375858	0.9910594219780959	1
HPCLAS_TRAIN_P_006537	1	HPCLAS_TRAIN_P_006537	1	A_clean_core	18.101711048250092	0.9999999862429039	1
HPCLAS_TRAIN_P_006538	1	HPCLAS_TRAIN_P_006538	1	A_clean_core	24.714400434642204	0.9999999999815212	1
HPCLAS_TRAIN_P_006552	1	HPCLAS_TRAIN_P_006552	1	A_clean_core	24.432226558301064	0.9999999999754969	1
HPCLAS_TRAIN_P_006553	1	HPCLAS_TRAIN_P_006553	1	A_clean_core	10.254086482478009	0.9999647879320689	1
HPCLAS_TRAIN_P_006554	1	HPCLAS_TRAIN_P_006554	1	D_hard_sample	1.15828917098256	0.7610217093199987	1
HPCLAS_TRAIN_P_006555	1	HPCLAS_TRAIN_P_006555	1	D_hard_sample	1.6607278967568244	0.8403356903375289	1
HPCLAS_TRAIN_P_006561	1	HPCLAS_TRAIN_P_006561	1	A_clean_core	8.207129118606067	0.9997273718512945	1
HPCLAS_TRAIN_P_006563	1	HPCLAS_TRAIN_P_006563	1	A_clean_core	5.916945848086562	0.997313821268122	1
HPCLAS_TRAIN_P_006571	1	HPCLAS_TRAIN_P_006571	1	A_clean_core	0.923881953407653	0.7158324197316981	1
HPCLAS_TRAIN_P_006578	1	HPCLAS_TRAIN_P_006578	1	A_clean_core	21.896235068468258	0.9999999996905533	1
HPCLAS_TRAIN_P_006581	1	HPCLAS_TRAIN_P_006581	1	A_clean_core	3.2585421428622148	0.962978852312815	1
HPCLAS_TRAIN_P_006587	1	HPCLAS_TRAIN_P_006587	1	A_clean_core	13.042248121426995	0.9999978331808348	1
HPCLAS_TRAIN_P_006604	1	HPCLAS_TRAIN_P_006604	1	A_clean_core	12.723259879422297	0.99999701903314	1
HPCLAS_TRAIN_P_006611	1	HPCLAS_TRAIN_P_006611	1	A_clean_core	9.092105370621425	0.9998874618086367	1
HPCLAS_TRAIN_P_006614	1	HPCLAS_TRAIN_N_003316	1	B_ambiguous	-3.00161916386638	0.04735277834178309	0
HPCLAS_TRAIN_P_006622	1	HPCLAS_TRAIN_P_006622	1	A_clean_core	4.531712277345174	0.9893523600153825	1
HPCLAS_TRAIN_P_006631	1	HPCLAS_TRAIN_P_006631	1	D_hard_sample	-1.001901068038002	0.2685678129308654	0
HPCLAS_TRAIN_P_006633	1	HPCLAS_TRAIN_P_006633	1	A_clean_core	12.911220598326388	0.9999975298287271	1
HPCLAS_TRAIN_P_006641	1	HPCLAS_TRAIN_P_006641	1	A_clean_core	10.672892049101295	0.9999768360927641	1
HPCLAS_TRAIN_P_006647	1	HPCLAS_TRAIN_P_006647	1	A_clean_core	10.204048170094637	0.9999629812193722	1
HPCLAS_TRAIN_P_006648	1	HPCLAS_TRAIN_P_006648	1	A_clean_core	6.832484409195503	0.9989229850551534	1
HPCLAS_TRAIN_P_006651	1	HPCLAS_TRAIN_N_001198	1	B_ambiguous	-2.4266365343845973	0.08116394914625441	0
HPCLAS_TRAIN_P_006656	1	HPCLAS_TRAIN_P_006656	1	A_clean_core	10.995924537064697	0.999983230374381	1
HPCLAS_TRAIN_P_006657	1	HPCLAS_TRAIN_P_006657	1	A_clean_core	9.938874820357668	0.9999517407520297	1
HPCLAS_TRAIN_P_006661	1	HPCLAS_TRAIN_P_006661	1	A_clean_core	17.77866468470361	0.9999999809969188	1
HPCLAS_TRAIN_P_006664	1	HPCLAS_TRAIN_P_006664	1	D_hard_sample	0.4054204442497298	0.5999892806261006	1
HPCLAS_TRAIN_P_006668	1	HPCLAS_TRAIN_P_006668	1	A_clean_core	4.116232197185388	0.9839557784256185	1
HPCLAS_TRAIN_P_006671	1	HPCLAS_TRAIN_P_006671	1	D_hard_sample	1.7247760565138108	0.8487430002476867	1
HPCLAS_TRAIN_P_006676	1	HPCLAS_TRAIN_P_006676	1	A_clean_core	26.078012904560694	0.9999999999952742	1
HPCLAS_TRAIN_P_006683	1	HPCLAS_TRAIN_P_006683	1	A_clean_core	12.128465516378487	0.999994596539195	1
HPCLAS_TRAIN_P_006684	1	HPCLAS_TRAIN_P_006684	1	D_hard_sample	-2.561167583765112	0.07167981025586595	0
HPCLAS_TRAIN_P_006689	1	HPCLAS_TRAIN_P_006689	1	A_clean_core	9.906193933577025	0.9999501376224853	1
HPCLAS_TRAIN_P_006694	1	HPCLAS_TRAIN_P_006694	1	D_hard_sample	-3.9555713878165113	0.01878797762453376	0
HPCLAS_TRAIN_P_006713	1	HPCLAS_TRAIN_P_006713	1	D_hard_sample	2.601527496465435	0.930959822054857	1
HPCLAS_TRAIN_P_006718	1	HPCLAS_TRAIN_P_006718	1	A_clean_core	17.015503634537506	0.9999999592375154	1
HPCLAS_TRAIN_P_006719	1	HPCLAS_TRAIN_P_006719	1	A_clean_core	17.308957510268538	0.9999999696040829	1
HPCLAS_TRAIN_P_006720	1	HPCLAS_TRAIN_P_006720	1	A_clean_core	12.066245102363164	0.9999942496558498	1
HPCLAS_TRAIN_P_006740	1	HPCLAS_TRAIN_P_006740	1	A_clean_core	14.603207935099157	0.9999995451091741	1
HPCLAS_TRAIN_P_006741	1	HPCLAS_TRAIN_P_006741	1	A_clean_core	5.275166358746915	0.9949089460970021	1
HPCLAS_TRAIN_P_006750	1	HPCLAS_TRAIN_P_006750	1	A_clean_core	17.228402935373577	0.9999999670542303	1
HPCLAS_TRAIN_P_006752	1	HPCLAS_TRAIN_P_006752	1	A_clean_core	13.450748921875492	0.9999985598313916	1
HPCLAS_TRAIN_P_006755	1	HPCLAS_TRAIN_P_006755	1	A_clean_core	12.705215986072961	0.99999696475685	1
HPCLAS_TRAIN_P_006756	1	HPCLAS_TRAIN_P_006756	1	A_clean_core	13.27452545509468	0.9999982823048121	1
HPCLAS_TRAIN_P_006758	1	HPCLAS_TRAIN_N_003035	1	B_ambiguous	10.39165564483126	0.9999693134568041	1
HPCLAS_TRAIN_P_006760	1	HPCLAS_TRAIN_P_006760	1	A_clean_core	19.13436843875138	0.9999999951016549	1
HPCLAS_TRAIN_P_006762	1	HPCLAS_TRAIN_P_006762	1	A_clean_core	8.282538131954738	0.9997471694343281	1
HPCLAS_TRAIN_P_006764	1	HPCLAS_TRAIN_P_006764	1	A_clean_core	6.073882719461276	0.9977030710568644	1
HPCLAS_TRAIN_P_006782	1	HPCLAS_TRAIN_P_006782	1	A_clean_core	1.859419431176034	0.865229263673253	1
HPCLAS_TRAIN_P_006783	1	HPCLAS_TRAIN_P_006783	1	A_clean_core	5.973337006918156	0.9974607321921517	1
HPCLAS_TRAIN_P_006785	1	HPCLAS_TRAIN_P_006785	1	A_clean_core	14.640790208275094	0.999999561887735	1
HPCLAS_TRAIN_P_006797	1	HPCLAS_TRAIN_P_006797	1	A_clean_core	10.362370307392638	0.999968401531583	1
HPCLAS_TRAIN_P_006802	1	HPCLAS_TRAIN_P_006802	1	A_clean_core	7.769415904463207	0.9995777184453146	1
HPCLAS_TRAIN_P_006811	1	HPCLAS_TRAIN_P_006811	1	A_clean_core	13.077854655120031	0.9999979089761805	1
HPCLAS_TRAIN_P_006814	1	HPCLAS_TRAIN_P_006814	1	A_clean_core	3.5699111744566494	0.9726128230925906	1
HPCLAS_TRAIN_P_006815	1	HPCLAS_TRAIN_P_006815	1	A_clean_core	13.891221510966199	0.9999990729167207	1
HPCLAS_TRAIN_P_006819	1	HPCLAS_TRAIN_P_006819	1	A_clean_core	8.606626446220556	0.9998171435829475	1
HPCLAS_TRAIN_P_006824	1	HPCLAS_TRAIN_P_006824	1	A_clean_core	4.329598502826033	0.9869984322260962	1
HPCLAS_TRAIN_P_006835	1	HPCLAS_TRAIN_P_006835	1	A_clean_core	14.076311155785525	0.9999992295660629	1
HPCLAS_TRAIN_P_006844	1	HPCLAS_TRAIN_P_006844	1	A_clean_core	-1.5450400976756011	0.17580378698789897	0
HPCLAS_TRAIN_P_006847	1	HPCLAS_TRAIN_P_006847	1	A_clean_core	6.117680929043646	0.9978012847468084	1
HPCLAS_TRAIN_P_006859	1	HPCLAS_TRAIN_P_006859	1	A_clean_core	6.367888236642804	0.9982871601331025	1
HPCLAS_TRAIN_P_006886	1	HPCLAS_TRAIN_P_006886	1	A_clean_core	13.719501898499	0.9999988992326156	1
HPCLAS_TRAIN_P_006889	1	HPCLAS_TRAIN_P_006889	1	A_clean_core	13.35002207802401	0.9999984072104912	1
HPCLAS_TRAIN_P_006891	1	HPCLAS_TRAIN_P_006891	1	B_ambiguous	-2.5062064480443533	0.07542422867943398	0
HPCLAS_TRAIN_P_006902	1	HPCLAS_TRAIN_P_006902	1	A_clean_core	11.040663231086393	0.9999839640786395	1
HPCLAS_TRAIN_P_006909	1	HPCLAS_TRAIN_P_006909	1	A_clean_core	14.530798251753794	0.9999995109488446	1
HPCLAS_TRAIN_P_006919	1	HPCLAS_TRAIN_P_006919	1	A_clean_core	3.396957856641519	0.9676093254211278	1
HPCLAS_TRAIN_P_006920	1	HPCLAS_TRAIN_P_006920	1	A_clean_core	11.20977632469597	0.9999864590193339	1
HPCLAS_TRAIN_P_006922	1	HPCLAS_TRAIN_P_006922	1	A_clean_core	8.59423870388968	0.9998148647384063	1
HPCLAS_TRAIN_P_006925	1	HPCLAS_TRAIN_P_006925	1	A_clean_core	7.496469767312207	0.9994452675617312	1
HPCLAS_TRAIN_P_006931	1	HPCLAS_TRAIN_P_006931	1	A_clean_core	16.823507270245827	0.9999999506094792	1
HPCLAS_TRAIN_P_006935	1	HPCLAS_TRAIN_P_006935	1	A_clean_core	8.129398110500102	0.9997053412976614	1
HPCLAS_TRAIN_P_006936	1	HPCLAS_TRAIN_P_006936	1	D_hard_sample	10.789602362563276	0.999979387708288	1
HPCLAS_TRAIN_P_006940	1	HPCLAS_TRAIN_P_006940	1	A_clean_core	14.96431470552711	0.9999996829844539	1
HPCLAS_TRAIN_P_006945	1	HPCLAS_TRAIN_P_006945	1	A_clean_core	6.888737756553185	0.9989818382026903	1
HPCLAS_TRAIN_P_006947	1	HPCLAS_TRAIN_P_006947	1	A_clean_core	12.261021033103287	0.9999952673524	1
HPCLAS_TRAIN_P_006965	1	HPCLAS_TRAIN_P_006965	1	A_clean_core	5.649123929166734	0.9964917514199594	1
HPCLAS_TRAIN_P_006972	1	HPCLAS_TRAIN_P_006972	1	D_hard_sample	-0.3689852478156732	0.4087862442079383	0
HPCLAS_TRAIN_P_006978	1	HPCLAS_TRAIN_P_006978	1	A_clean_core	14.091054712455136	0.9999992408416652	1
HPCLAS_TRAIN_P_006984	1	HPCLAS_TRAIN_P_006984	1	A_clean_core	9.203502622522404	0.99989932401865	1
HPCLAS_TRAIN_P_006997	1	HPCLAS_TRAIN_P_006997	1	D_hard_sample	-1.9134912468062701	0.12858913654492563	0
HPCLAS_TRAIN_P_007002	1	HPCLAS_TRAIN_P_007002	1	D_hard_sample	2.268053393126422	0.9061964483115114	1
HPCLAS_TRAIN_P_007010	1	HPCLAS_TRAIN_P_007010	1	D_hard_sample	-1.6922182305083133	0.15548434393034327	0
HPCLAS_TRAIN_P_007015	1	HPCLAS_TRAIN_P_007015	1	A_clean_core	5.173580343583216	0.9943676505483422	1
HPCLAS_TRAIN_P_007018	1	HPCLAS_TRAIN_P_007018	1	A_clean_core	8.269420096324444	0.9997438317998351	1
HPCLAS_TRAIN_P_007024	1	HPCLAS_TRAIN_P_007024	1	D_hard_sample	6.696594488345264	0.9987664126838118	1
HPCLAS_TRAIN_P_007031	1	HPCLAS_TRAIN_P_007031	1	A_clean_core	15.814598965971491	0.9999998645413083	1
HPCLAS_TRAIN_P_007039	1	HPCLAS_TRAIN_P_007039	1	A_clean_core	17.021060274930576	0.9999999594633898	1
HPCLAS_TRAIN_P_007059	1	HPCLAS_TRAIN_P_007059	1	A_clean_core	17.269574712056073	0.9999999683831219	1
HPCLAS_TRAIN_P_007062	1	HPCLAS_TRAIN_P_007062	1	A_clean_core	18.04989195581114	0.99999998551123	1
HPCLAS_TRAIN_P_007066	1	HPCLAS_TRAIN_P_007066	1	A_clean_core	18.649017003744476	0.9999999920414341	1
HPCLAS_TRAIN_P_007069	1	HPCLAS_TRAIN_P_007069	1	A_clean_core	9.946212798368466	0.9999520935643178	1
HPCLAS_TRAIN_P_007070	1	HPCLAS_TRAIN_P_007070	1	A_clean_core	-1.7698820612964061	0.14555699637891586	0
HPCLAS_TRAIN_P_007072	1	HPCLAS_TRAIN_P_007072	1	D_hard_sample	-2.2232941505125368	0.09767808247448917	0
HPCLAS_TRAIN_P_007078	1	HPCLAS_TRAIN_P_007078	1	A_clean_core	11.542582658924417	0.9999902923115884	1
HPCLAS_TRAIN_P_007079	1	HPCLAS_TRAIN_P_007079	1	A_clean_core	15.06033179995045	0.9999997120076985	1
HPCLAS_TRAIN_P_007082	1	HPCLAS_TRAIN_P_007082	1	A_clean_core	17.082973808046667	0.9999999618970391	1
HPCLAS_TRAIN_P_007087	1	HPCLAS_TRAIN_P_007087	1	A_clean_core	13.221376220562615	0.9999981885411304	1
HPCLAS_TRAIN_P_007088	1	HPCLAS_TRAIN_P_007088	1	B_ambiguous	10.722197811019287	0.9999779504829935	1
HPCLAS_TRAIN_P_007095	1	HPCLAS_TRAIN_P_007095	1	A_clean_core	25.127857971881944	0.9999999999877789	1
HPCLAS_TRAIN_P_007107	1	HPCLAS_TRAIN_P_007107	1	A_clean_core	5.632046423779082	0.9964315404164196	1
HPCLAS_TRAIN_P_007132	1	HPCLAS_TRAIN_P_007132	1	A_clean_core	9.840358866577951	0.9999467446411818	1
HPCLAS_TRAIN_P_007135	1	HPCLAS_TRAIN_P_007135	1	A_clean_core	9.502859613853833	0.9999253674821157	1
HPCLAS_TRAIN_P_007137	1	HPCLAS_TRAIN_P_007137	1	A_clean_core	6.81115374351426	0.9988997903856189	1
HPCLAS_TRAIN_P_007141	1	HPCLAS_TRAIN_P_007141	1	A_clean_core	4.3152188346398335	0.9868126066341534	1
HPCLAS_TRAIN_P_007149	1	HPCLAS_TRAIN_P_007149	1	A_clean_core	11.743269702484497	0.9999920574616714	1
HPCLAS_TRAIN_P_007155	1	HPCLAS_TRAIN_P_007155	1	A_clean_core	10.883268973936033	0.9999812306951538	1
HPCLAS_TRAIN_P_007172	1	HPCLAS_TRAIN_P_007172	1	A_clean_core	21.774250672383744	0.9999999996504068	1
HPCLAS_TRAIN_P_007181	1	HPCLAS_TRAIN_P_007181	1	A_clean_core	12.52502234061819	0.9999963654526317	1
HPCLAS_TRAIN_P_007188	1	HPCLAS_TRAIN_N_002265	1	B_ambiguous	2.045782719248141	0.8855207918749765	1
HPCLAS_TRAIN_P_007199	1	HPCLAS_TRAIN_P_007199	1	A_clean_core	5.892805663225558	0.9972483679976434	1
HPCLAS_TRAIN_P_007208	1	HPCLAS_TRAIN_P_007208	1	A_clean_core	27.08229233961547	0.9999999999982689	1
HPCLAS_TRAIN_P_007210	1	HPCLAS_TRAIN_P_007210	1	B_ambiguous	1.3151619783808965	0.7883756596590893	1
HPCLAS_TRAIN_P_007214	1	HPCLAS_TRAIN_P_007214	1	A_clean_core	17.78219438917437	0.9999999810638759	1
HPCLAS_TRAIN_P_007222	1	HPCLAS_TRAIN_P_007222	1	A_clean_core	14.036905613338021	0.9999991986006219	1
HPCLAS_TRAIN_P_007231	1	HPCLAS_TRAIN_P_007231	1	D_hard_sample	-4.071907879149526	0.016759180459607562	0
HPCLAS_TRAIN_P_007235	1	HPCLAS_TRAIN_P_007235	1	A_clean_core	7.71128954548052	0.9995524566659143	1
HPCLAS_TRAIN_P_007246	1	HPCLAS_TRAIN_P_007246	1	A_clean_core	6.905126790397913	0.9989983723178233	1
HPCLAS_TRAIN_P_007247	1	HPCLAS_TRAIN_P_007247	1	A_clean_core	8.83921564599074	0.9998550846199665	1
HPCLAS_TRAIN_P_007252	1	HPCLAS_TRAIN_P_007252	1	A_clean_core	8.158441872321616	0.9997137737968053	1
HPCLAS_TRAIN_P_007253	1	HPCLAS_TRAIN_N_001158	1	B_ambiguous	-0.11954512474737822	0.47014926018386355	0
HPCLAS_TRAIN_P_007256	1	HPCLAS_TRAIN_P_007256	1	D_hard_sample	0.37359505829310313	0.5923273847934944	1
HPCLAS_TRAIN_P_007257	1	HPCLAS_TRAIN_P_007257	1	A_clean_core	7.687822821074054	0.9995418349607731	1
HPCLAS_TRAIN_P_007258	1	HPCLAS_TRAIN_P_007258	1	A_clean_core	11.263235441132746	0.9999871638901568	1
HPCLAS_TRAIN_P_007260	1	HPCLAS_TRAIN_P_007260	1	A_clean_core	13.204076167819277	0.9999981569302073	1
HPCLAS_TRAIN_P_007261	1	HPCLAS_TRAIN_P_007261	1	A_clean_core	12.355056445490526	0.9999956921031956	1
HPCLAS_TRAIN_P_007263	1	HPCLAS_TRAIN_P_007263	1	A_clean_core	3.0039296005408236	0.9527513376628517	1
HPCLAS_TRAIN_P_007264	1	HPCLAS_TRAIN_P_007264	1	A_clean_core	12.226008402927185	0.9999950987157934	1
HPCLAS_TRAIN_P_007270	1	HPCLAS_TRAIN_P_007270	1	A_clean_core	8.906600418478357	0.9998645266886116	1
HPCLAS_TRAIN_P_007278	1	HPCLAS_TRAIN_P_007278	1	A_clean_core	10.969295613005789	0.9999827778262919	1
HPCLAS_TRAIN_P_007282	1	HPCLAS_TRAIN_P_007282	1	D_hard_sample	16.035620244065186	0.9999998914028152	1
HPCLAS_TRAIN_P_007293	1	HPCLAS_TRAIN_P_007293	1	A_clean_core	6.831150758784318	0.9989215492855797	1
HPCLAS_TRAIN_P_007304	1	HPCLAS_TRAIN_P_007304	1	D_hard_sample	11.741753979199482	0.9999920454139487	1
HPCLAS_TRAIN_P_007321	1	HPCLAS_TRAIN_P_007321	1	A_clean_core	6.2705844022197	0.9981124465122869	1
HPCLAS_TRAIN_P_007325	1	HPCLAS_TRAIN_P_007325	1	A_clean_core	17.274176633222638	0.999999968528286	1
HPCLAS_TRAIN_P_007327	1	HPCLAS_TRAIN_P_007327	1	A_clean_core	11.09381341287701	0.9999847941238935	1
HPCLAS_TRAIN_P_007333	1	HPCLAS_TRAIN_P_007333	1	A_clean_core	1.275696709004607	0.7817163707945088	1
HPCLAS_TRAIN_P_007336	1	HPCLAS_TRAIN_P_007336	1	A_clean_core	20.351138567827753	0.9999999985491823	1
HPCLAS_TRAIN_P_007338	1	HPCLAS_TRAIN_P_007338	1	A_clean_core	0.7482986910441953	0.6788078795204816	1
HPCLAS_TRAIN_P_007346	1	HPCLAS_TRAIN_P_007346	1	A_clean_core	14.39798529618836	0.9999994414858342	1
HPCLAS_TRAIN_P_007352	1	HPCLAS_TRAIN_P_007352	1	A_clean_core	15.75537875057023	0.9999998562771284	1
HPCLAS_TRAIN_P_007354	1	HPCLAS_TRAIN_P_007354	1	A_clean_core	17.46625981606414	0.9999999740283387	1
HPCLAS_TRAIN_P_007356	1	HPCLAS_TRAIN_P_007356	1	A_clean_core	11.088317297908088	0.9999847103218462	1
HPCLAS_TRAIN_P_007360	1	HPCLAS_TRAIN_P_007360	1	D_hard_sample	-1.0689597023092334	0.2556009703628032	0
HPCLAS_TRAIN_P_007370	1	HPCLAS_TRAIN_P_007370	1	A_clean_core	10.453235148225342	0.9999711460599049	1
HPCLAS_TRAIN_P_007371	1	HPCLAS_TRAIN_P_007371	1	A_clean_core	11.187696571167162	0.9999861567168564	1
HPCLAS_TRAIN_P_007381	1	HPCLAS_TRAIN_P_007381	1	A_clean_core	7.061119327898772	0.9991429178424951	1
HPCLAS_TRAIN_P_007383	1	HPCLAS_TRAIN_P_007383	1	A_clean_core	4.050874922468967	0.9828906861104739	1
HPCLAS_TRAIN_P_007389	1	HPCLAS_TRAIN_P_007389	1	A_clean_core	4.650333869918123	0.990532088053339	1
HPCLAS_TRAIN_P_007394	1	HPCLAS_TRAIN_P_007394	1	B_ambiguous	-4.466324052227305	0.011358964505771889	0
HPCLAS_TRAIN_P_007398	1	HPCLAS_TRAIN_P_007398	1	A_clean_core	15.67692357851434	0.9999998445472071	1
HPCLAS_TRAIN_P_007399	1	HPCLAS_TRAIN_P_007399	1	A_clean_core	13.490224522735712	0.9999986155753326	1
HPCLAS_TRAIN_P_007407	1	HPCLAS_TRAIN_P_007407	1	A_clean_core	24.593521832130353	0.9999999999791469	1
HPCLAS_TRAIN_P_007412	1	HPCLAS_TRAIN_P_007412	1	A_clean_core	9.901984361272122	0.9999499272913207	1
HPCLAS_TRAIN_P_007418	1	HPCLAS_TRAIN_P_007418	1	A_clean_core	24.788599955879288	0.9999999999828428	1
HPCLAS_TRAIN_P_007426	1	HPCLAS_TRAIN_P_007426	1	D_hard_sample	-0.5392037066266573	0.3683728398323896	0
HPCLAS_TRAIN_P_007432	1	HPCLAS_TRAIN_P_007432	1	A_clean_core	23.613769852296794	0.9999999999444518	1
HPCLAS_TRAIN_P_007437	1	HPCLAS_TRAIN_P_007437	1	A_clean_core	5.362396055501096	0.995332234256418	1
HPCLAS_TRAIN_P_007443	1	HPCLAS_TRAIN_P_007443	1	A_clean_core	9.695391312565258	0.9999384372068523	1
HPCLAS_TRAIN_P_007444	1	HPCLAS_TRAIN_P_007444	1	D_hard_sample	4.2562915221949655	0.9860233440241688	1
HPCLAS_TRAIN_P_007461	1	HPCLAS_TRAIN_P_007461	1	D_hard_sample	13.89084219029222	0.9999990725649924	1
