embedding_row	input_index	clean_id	label	split	cluster_id	sequence_length	record_file
0	0	seq_2b59c51a5058ff77392802fd922a2e1a9f698dd213b94a70780b06082b006064	0	existing_challenge	seq_2b59c51a5058ff77392802fd922a2e1a9f698dd213b94a70780b06082b006064	289	/home/lvfang/ESMC_halophile/R3_existing_challenge_v1_output/esm2/records/ec/ece37366c96c228d34868d51c72fadefd2404a0bf8d6fc3e99385fb4927fa319.npy
1	1	seq_debf63f4570d3af39173001cf801b2bd65f445f334e2093934d89b85117f0ee1	0	existing_challenge	seq_debf63f4570d3af39173001cf801b2bd65f445f334e2093934d89b85117f0ee1	75	/home/lvfang/ESMC_halophile/R3_existing_challenge_v1_output/esm2/records/7d/7d030053c1af7bc91bedeab510f76aefebaf94eab1b18724672bbf314fa24962.npy
2	2	seq_c734bf4033aa21f672d935e383fe6fdefa6d0bcb5d8d7d780699470b8724eb4e	0	existing_challenge	seq_c734bf4033aa21f672d935e383fe6fdefa6d0bcb5d8d7d780699470b8724eb4e	394	/home/lvfang/ESMC_halophile/R3_existing_challenge_v1_output/esm2/records/01/01a653dddac6afb63b40c7659456b3c2ad3ec96dc88d9b9e9d046039a8787c30.npy
3	3	seq_8a569f1be8c73828d87ea9b1fcc87af2c50c27d3e420ea2a32fbf127dadb7f8a	0	existing_challenge	seq_8a569f1be8c73828d87ea9b1fcc87af2c50c27d3e420ea2a32fbf127dadb7f8a	166	/home/lvfang/ESMC_halophile/R3_existing_challenge_v1_output/esm2/records/75/7502019bebde09de811e83a893d9357a14c71e882e4e9d83ed2cffc4ba74f350.npy
4	4	seq_703a426c0c45376229f006b745a864fa4cfa12bf2a654409678b18759e69ae2b	0	existing_challenge	seq_703a426c0c45376229f006b745a864fa4cfa12bf2a654409678b18759e69ae2b	141	/home/lvfang/ESMC_halophile/R3_existing_challenge_v1_output/esm2/records/f2/f226ed65e27c5fb934be58b75abcb591c6fd5907349b42df333af70a7960389d.npy
5	5	seq_e10cd73131d55d8f5ed26dc86b488b09692e999252d02a83bb7553c616d2dd75	0	existing_challenge	seq_e10cd73131d55d8f5ed26dc86b488b09692e999252d02a83bb7553c616d2dd75	118	/home/lvfang/ESMC_halophile/R3_existing_challenge_v1_output/esm2/records/c4/c490a93a94ad195b9b56666db12fe97a2c952a79282c1500946c49ac973ff0ba.npy
6	6	seq_5a934cb9e0788ffdc93ffd52db55a9354b28fed29b330ebc76f846b2f98596b3	0	existing_challenge	seq_5a934cb9e0788ffdc93ffd52db55a9354b28fed29b330ebc76f846b2f98596b3	86	/home/lvfang/ESMC_halophile/R3_existing_challenge_v1_output/esm2/records/55/55aac094e4a073aae8f0c52d6b7888477575b8b59b6432aba55b100869ed4225.npy
7	7	seq_3978fedd766fd7ab8b354e1f79200d910bd79924e31bc4506fa7ced857201488	0	existing_challenge	seq_3978fedd766fd7ab8b354e1f79200d910bd79924e31bc4506fa7ced857201488	542	/home/lvfang/ESMC_halophile/R3_existing_challenge_v1_output/esm2/records/8c/8c91357347ed8ea643727ea2d71740a7a9878f5b2b28383138da50798ed377d4.npy
8	8	seq_7e9536aa312b14fa71f9c566de2fd2828c7713a981349fe82fe836eb3f4c5ae2	0	existing_challenge	seq_7e9536aa312b14fa71f9c566de2fd2828c7713a981349fe82fe836eb3f4c5ae2	282	/home/lvfang/ESMC_halophile/R3_existing_challenge_v1_output/esm2/records/2e/2ecbdb65045cc850940bb0f1ac070e19f28a7f0e24cbd5b0c707832f330749f2.npy
9	9	seq_c7c600ea73386b8a0ac8766cfd33a8db152c9cf2700fcecbc35053f3d6040516	0	existing_challenge	seq_c7c600ea73386b8a0ac8766cfd33a8db152c9cf2700fcecbc35053f3d6040516	265	/home/lvfang/ESMC_halophile/R3_existing_challenge_v1_output/esm2/records/57/5727dea0e8800d73b6773b103d074cebb648aaf565bb2f458aa7998e5423474d.npy
10	10	seq_11734ac50237aea3719f4e8fce884a32e6e615e94ef4f2ef4e0696211e846e82	0	existing_challenge	seq_11734ac50237aea3719f4e8fce884a32e6e615e94ef4f2ef4e0696211e846e82	332	/home/lvfang/ESMC_halophile/R3_existing_challenge_v1_output/esm2/records/11/11c7ca6b64281a748e2adc1fa566b7321ebe1a7f8fc7e4a3f8fdf9c6c029e45e.npy
11	11	seq_dff374a3ca0683767c3c11a78892429a2a22fca5f6aed59a6b3458ef9eb88eff	0	existing_challenge	seq_dff374a3ca0683767c3c11a78892429a2a22fca5f6aed59a6b3458ef9eb88eff	442	/home/lvfang/ESMC_halophile/R3_existing_challenge_v1_output/esm2/records/31/312db047a9deefc55f529d28e1121361266e3e2ddaf2fd11a565b9517e49015d.npy
12	12	seq_59fe2e758ac0a199673aa90e0331cda3b8af161495db4836d435d771ae93b2be	0	existing_challenge	seq_59fe2e758ac0a199673aa90e0331cda3b8af161495db4836d435d771ae93b2be	979	/home/lvfang/ESMC_halophile/R3_existing_challenge_v1_output/esm2/records/da/daa404f6138441826787edf2438ea1d3a2c410a37ff08599dbc54cf51abb5245.npy
13	13	seq_a0adcbca4a798aff9e0c1fe1c04350f49af7078990225b743475333e9ceadc2e	0	existing_challenge	seq_a0adcbca4a798aff9e0c1fe1c04350f49af7078990225b743475333e9ceadc2e	107	/home/lvfang/ESMC_halophile/R3_existing_challenge_v1_output/esm2/records/7b/7bba43dcd68ea72db81a336f4b7a4f859a8a570c07506101a329c440d37b62e5.npy
14	14	seq_2cad189b0494060b76d79571c2dc7202a9f0e19844fc3240667e2d64af13e7fc	0	existing_challenge	seq_2cad189b0494060b76d79571c2dc7202a9f0e19844fc3240667e2d64af13e7fc	529	/home/lvfang/ESMC_halophile/R3_existing_challenge_v1_output/esm2/records/fb/fb830222fe155a97174245723ed5f977febd10d0d89b1cf294983fbdceb8aefc.npy
15	15	seq_78bbcd7a84e45f3b501476a80a0075e2de44f700f3a07a506912fb8aa71bcb07	0	existing_challenge	seq_78bbcd7a84e45f3b501476a80a0075e2de44f700f3a07a506912fb8aa71bcb07	158	/home/lvfang/ESMC_halophile/R3_existing_challenge_v1_output/esm2/records/6f/6f16c2e4b6e5e58b6e877fcaf4d71c1c14f8fc534bf140f632dcc2527001f2c9.npy
16	16	seq_f137390e59f3ab54aef30d6c109ec642e048a1ede221ef0e9b0e98701a982d2a	0	existing_challenge	seq_f137390e59f3ab54aef30d6c109ec642e048a1ede221ef0e9b0e98701a982d2a	473	/home/lvfang/ESMC_halophile/R3_existing_challenge_v1_output/esm2/records/b8/b8ffee5d2268c44b1bfdbc73596dca744b46a4d47b34e10614038b104aa1c9d8.npy
17	17	seq_78d922409631cacfc8a6712dde1d97eb1e811715cfdc889d144a3fdb7c642470	0	existing_challenge	seq_78d922409631cacfc8a6712dde1d97eb1e811715cfdc889d144a3fdb7c642470	185	/home/lvfang/ESMC_halophile/R3_existing_challenge_v1_output/esm2/records/86/868cdbe26400a3c5be705fbc0012b0c027e83de54184fe741f51c7374c9e3033.npy
18	18	seq_c8e36b4a87984ae84e5ed7e8d48344f112f470344007aa4b0e7c7019785a64d2	0	existing_challenge	seq_c8e36b4a87984ae84e5ed7e8d48344f112f470344007aa4b0e7c7019785a64d2	81	/home/lvfang/ESMC_halophile/R3_existing_challenge_v1_output/esm2/records/a1/a1144feaf3d66213c633261a20eeb573901e685ad613d6da1990e92a504e9736.npy
19	19	seq_c9cde34f2fe143ee6689ac6ab5ca4d79269b153757ad1533106a5e63677f45d4	0	existing_challenge	seq_c9cde34f2fe143ee6689ac6ab5ca4d79269b153757ad1533106a5e63677f45d4	218	/home/lvfang/ESMC_halophile/R3_existing_challenge_v1_output/esm2/records/ad/add6d048a7f4470075ee68069e00ad64d87d96c111c87979c278758e85cbe2c9.npy
20	20	seq_36af7b0ac5462ac0fbab4c161014b4d809fa66b88329f3d72b933bb3a7003b43	0	existing_challenge	seq_36af7b0ac5462ac0fbab4c161014b4d809fa66b88329f3d72b933bb3a7003b43	311	/home/lvfang/ESMC_halophile/R3_existing_challenge_v1_output/esm2/records/32/327fa3f66eafedb65b9254d7fe6568bf5632060db8dee5bf3604f5dbc2e11236.npy
21	21	seq_7da4f77ea2ac2caee5affdc91e40995998a9a80776531c974cf36ecb67265db3	0	existing_challenge	seq_7da4f77ea2ac2caee5affdc91e40995998a9a80776531c974cf36ecb67265db3	312	/home/lvfang/ESMC_halophile/R3_existing_challenge_v1_output/esm2/records/65/6565eff4ef14de9546db0b434c386225599ab73100854ed4f7c82b7d782884b6.npy
22	22	seq_674e6d6f876fb97eeb57d84b64db940b31044ec78a41ad6cb4f28fc80701c705	0	existing_challenge	seq_674e6d6f876fb97eeb57d84b64db940b31044ec78a41ad6cb4f28fc80701c705	341	/home/lvfang/ESMC_halophile/R3_existing_challenge_v1_output/esm2/records/b6/b6d608228fd53bd80f377fdf22b2424a3f2f11cbfa55e5b4f25d3e9af7660f2f.npy
23	23	seq_720c211ee0cbd1beef11e02707607b6d960f6508037dc348373685c82d5ed362	0	existing_challenge	seq_720c211ee0cbd1beef11e02707607b6d960f6508037dc348373685c82d5ed362	323	/home/lvfang/ESMC_halophile/R3_existing_challenge_v1_output/esm2/records/54/549966cd03e002829c934e35a9d5ae7ed57a58396b59848cd189f8de5671c341.npy
24	24	seq_5e8cc6c047413a26c6088165f8478f7a00cf4dfbdacebb34b66ad774900ff6dd	0	existing_challenge	seq_5e8cc6c047413a26c6088165f8478f7a00cf4dfbdacebb34b66ad774900ff6dd	128	/home/lvfang/ESMC_halophile/R3_existing_challenge_v1_output/esm2/records/8a/8a68728b7eaccbd592a2598bf1ad9c3bd7b132e8b257f7b066bc0e84bf7cff5b.npy
25	25	seq_79fbda06bcc8ef8d8f7ae05760bbc6ccb3f0db201c99f93b6be73682b0cf8bb0	0	existing_challenge	seq_79fbda06bcc8ef8d8f7ae05760bbc6ccb3f0db201c99f93b6be73682b0cf8bb0	397	/home/lvfang/ESMC_halophile/R3_existing_challenge_v1_output/esm2/records/52/5251f8fc5712e390cc95c813caa78f5ad0a16de620303936a60ec1a8e34f4f32.npy
26	26	seq_bc0c8f006b6d0c0ffa73eff27e838a4b34f9307061cdcd5a05453bc4c76d77b3	0	existing_challenge	seq_bc0c8f006b6d0c0ffa73eff27e838a4b34f9307061cdcd5a05453bc4c76d77b3	301	/home/lvfang/ESMC_halophile/R3_existing_challenge_v1_output/esm2/records/6d/6d095860b6cc1c04c6ca4eab96480977d7a81a00ddf32d4c0f3742ed01335307.npy
27	27	seq_13638e5c1f98d19ad103c79ad442eeccde8c182cf0befef18276d6c8423d26d8	0	existing_challenge	seq_13638e5c1f98d19ad103c79ad442eeccde8c182cf0befef18276d6c8423d26d8	194	/home/lvfang/ESMC_halophile/R3_existing_challenge_v1_output/esm2/records/3a/3afc00549fd9fb35573fa124af09a764728c2ff4a28cdc060b178caaa62e4546.npy
28	28	seq_c1777e6227d76319c19d0100236c07f5f45a2f60f4168899512fb5a3ad4e0c43	0	existing_challenge	seq_c1777e6227d76319c19d0100236c07f5f45a2f60f4168899512fb5a3ad4e0c43	128	/home/lvfang/ESMC_halophile/R3_existing_challenge_v1_output/esm2/records/38/384d680211c880f92498f045b4646f6c078333c659fb4bad98b4514996910c6e.npy
29	29	seq_b0cc556b9f1bba0ffc715a3dca8fdd632c33d94e0728e6a20fcdcc4de15b4b26	0	existing_challenge	seq_b0cc556b9f1bba0ffc715a3dca8fdd632c33d94e0728e6a20fcdcc4de15b4b26	322	/home/lvfang/ESMC_halophile/R3_existing_challenge_v1_output/esm2/records/15/15290da73058856a2f985eb4f56bce817f025231654697b4752595718539f565.npy
30	30	seq_fc3f5bcc60ec55fd6cfcd255816328de53d37e4058cb6855fcdccd13575cd496	0	existing_challenge	seq_fc3f5bcc60ec55fd6cfcd255816328de53d37e4058cb6855fcdccd13575cd496	201	/home/lvfang/ESMC_halophile/R3_existing_challenge_v1_output/esm2/records/cd/cde35aca719f372162bc0f986a399848f9e894bf6dceece9abf53e1cb003cbb2.npy
31	31	seq_d17c2b8dd5017d35132db24d2fa4df30d3ab4cc35f058edf9cbbcc2816b95c1d	0	existing_challenge	seq_d17c2b8dd5017d35132db24d2fa4df30d3ab4cc35f058edf9cbbcc2816b95c1d	84	/home/lvfang/ESMC_halophile/R3_existing_challenge_v1_output/esm2/records/9a/9a080b7c2fdbbe52cbb3cbf6952b1d7d18ce6b16e3350b0a5850562aa6bb3c34.npy
32	32	seq_aa8eb21a55b9dd1e3cc3b43829266a996b38a8a8883d7900014e91fd6c841264	0	existing_challenge	seq_aa8eb21a55b9dd1e3cc3b43829266a996b38a8a8883d7900014e91fd6c841264	314	/home/lvfang/ESMC_halophile/R3_existing_challenge_v1_output/esm2/records/ef/efa5f4828804e890883e57a47614188cbbab2bcf0e090eb14fa5ad6d85634293.npy
33	33	seq_3cbf8583c8f4d6005109de4cf4ce1bd9a3c9686da71018de3fe074934fa8339b	0	existing_challenge	seq_3cbf8583c8f4d6005109de4cf4ce1bd9a3c9686da71018de3fe074934fa8339b	414	/home/lvfang/ESMC_halophile/R3_existing_challenge_v1_output/esm2/records/c9/c93f1461840e29db7c722d4369d0a6de2b583e03d2695067585c50c22753bff2.npy
34	34	seq_af239d57f7f19f7efb03946831d39714ff5a784fd7bb78a5dd6e012e1e217523	0	existing_challenge	seq_af239d57f7f19f7efb03946831d39714ff5a784fd7bb78a5dd6e012e1e217523	195	/home/lvfang/ESMC_halophile/R3_existing_challenge_v1_output/esm2/records/a7/a72d6519cebda4bf7fe2d419cc25f90a764c17c6be576a4d15ef61b0e7d056e2.npy
35	35	seq_2eec0ecbcf047c31bdba1824d21bbcc11c7aee17d35f30b99e61d6dcc96c06e5	0	existing_challenge	seq_2eec0ecbcf047c31bdba1824d21bbcc11c7aee17d35f30b99e61d6dcc96c06e5	417	/home/lvfang/ESMC_halophile/R3_existing_challenge_v1_output/esm2/records/2c/2cbefa5a6f3a9effe3aa3a6035c5ea82733417151b4f3eee36d4198e07d9b7d7.npy
36	36	seq_82876365b65f3248eb69176c79056f2601c5cf24a1841b171ee81b2d0de2ed90	0	existing_challenge	seq_82876365b65f3248eb69176c79056f2601c5cf24a1841b171ee81b2d0de2ed90	232	/home/lvfang/ESMC_halophile/R3_existing_challenge_v1_output/esm2/records/2f/2f50c104a2af4873f94042d7364246911e735728cc7ee0246b859689ec4bbd0d.npy
37	37	seq_ae1ff32971e16309bec7f0dac9e47ae808fd165352ea75ad8d34b94cb9d4a5ce	0	existing_challenge	seq_ae1ff32971e16309bec7f0dac9e47ae808fd165352ea75ad8d34b94cb9d4a5ce	323	/home/lvfang/ESMC_halophile/R3_existing_challenge_v1_output/esm2/records/fc/fcda9a66f52d5c4d29c25000bc7ce8e579a06ccc37385ad52ee1ac3bbac9e0b2.npy
38	38	seq_6ca27ba5cfbe8d3ec59f00ffd4dfdbf80797a47c809256637437139b632401ed	0	existing_challenge	seq_6ca27ba5cfbe8d3ec59f00ffd4dfdbf80797a47c809256637437139b632401ed	276	/home/lvfang/ESMC_halophile/R3_existing_challenge_v1_output/esm2/records/95/958e48a9d6dbcb4a47676f3998cc6d132f2de37e57c4eca8efe15185320731c9.npy
39	39	seq_5e33e1515df57dd5fc86b1c402b12ff848a6166716882bf2678f69314898a982	0	existing_challenge	seq_5e33e1515df57dd5fc86b1c402b12ff848a6166716882bf2678f69314898a982	215	/home/lvfang/ESMC_halophile/R3_existing_challenge_v1_output/esm2/records/e2/e29034788cd556701bff8040af10563113e69ff8aa22041398bbeb9b90f48cd0.npy
40	40	seq_3ebf83aa53365e07cfaa0a2ca660be5a9a1bb91856fc76b6d831b711c5f899ba	0	existing_challenge	seq_3ebf83aa53365e07cfaa0a2ca660be5a9a1bb91856fc76b6d831b711c5f899ba	740	/home/lvfang/ESMC_halophile/R3_existing_challenge_v1_output/esm2/records/93/93a1862cf7d27257f6b8ec7eb9a0454e91974dda6fcb968e2a80c02041779cb6.npy
41	41	seq_2d0c473b12b4fcff1e6496302a0e7763a838415484c16b7a61130a1798995993	0	existing_challenge	seq_2d0c473b12b4fcff1e6496302a0e7763a838415484c16b7a61130a1798995993	229	/home/lvfang/ESMC_halophile/R3_existing_challenge_v1_output/esm2/records/51/51a7b31983c6e14726ace083aa752a32a76d95cb273481e00c1738621d80a145.npy
42	42	seq_0f2495c33f86762707bc04d0f4f95e74e6d397472d25cc326a05b7a90a03b3be	0	existing_challenge	seq_0f2495c33f86762707bc04d0f4f95e74e6d397472d25cc326a05b7a90a03b3be	266	/home/lvfang/ESMC_halophile/R3_existing_challenge_v1_output/esm2/records/57/57a5bd13a8d6129bc91add6ea4bd594d44ed22fc15f3bc8e0aa9bc7d0485b0f2.npy
43	43	seq_0ade13af51cab6942c988aee4a76fe93e40e2a1f4279075b85f5a1407acd20c6	0	existing_challenge	seq_0ade13af51cab6942c988aee4a76fe93e40e2a1f4279075b85f5a1407acd20c6	111	/home/lvfang/ESMC_halophile/R3_existing_challenge_v1_output/esm2/records/8d/8d53d8c27ea6b95c06f27e8c90be0e37913a4fea9c9a7e48672cabb244a1ba01.npy
44	44	seq_3f5c8e49a3aba54a757a872dedcc17f116c737ea997025e5c70e3adaf749bc35	0	existing_challenge	seq_3f5c8e49a3aba54a757a872dedcc17f116c737ea997025e5c70e3adaf749bc35	193	/home/lvfang/ESMC_halophile/R3_existing_challenge_v1_output/esm2/records/2c/2cbfe8a8d837e033ede237fa24da8cf24786e87211253578a0988b7d57bd9e79.npy
45	45	seq_af5e463ce6cfaaaf9434085749762ef417fc5606d29cf884caeb7f621b57cd5c	0	existing_challenge	seq_af5e463ce6cfaaaf9434085749762ef417fc5606d29cf884caeb7f621b57cd5c	1692	/home/lvfang/ESMC_halophile/R3_existing_challenge_v1_output/esm2/records/31/31b4e22578517111bf4866cc912ea1d9173f8fedcf9dcaf7ad45d58d7d8fd0ac.npy
46	46	seq_f1eb6a50d114eba63dec7ba248706eef22fe536a6768c2a8e4125364031bdfcb	0	existing_challenge	seq_f1eb6a50d114eba63dec7ba248706eef22fe536a6768c2a8e4125364031bdfcb	48	/home/lvfang/ESMC_halophile/R3_existing_challenge_v1_output/esm2/records/5b/5b33e16ce9833daa9879ea7430424eca314b78a22d26f5a9e887cca1581147a5.npy
47	47	seq_bda3fd0f36a46ae0b0e6a0783430a191fa978192019b68ab027b1da22f488923	0	existing_challenge	seq_bda3fd0f36a46ae0b0e6a0783430a191fa978192019b68ab027b1da22f488923	169	/home/lvfang/ESMC_halophile/R3_existing_challenge_v1_output/esm2/records/53/53a7e149c68f0d654c37f13545924960d34b57b6a715feaec5d934d3310c7abd.npy
48	48	seq_0ece004951f7a2c6b4ef338440b16cd2011c221576d49f264658e4b7d70fa8c1	0	existing_challenge	seq_0ece004951f7a2c6b4ef338440b16cd2011c221576d49f264658e4b7d70fa8c1	391	/home/lvfang/ESMC_halophile/R3_existing_challenge_v1_output/esm2/records/3a/3a54e254e5253c07ef1a26ceb595f709e7bb6e4bd67e9a924a9e234f9e114269.npy
49	49	seq_8a7a0576b47db4c49339df4512d6ab467c8a5a531805b5ae4fe89515a1212c05	0	existing_challenge	seq_8a7a0576b47db4c49339df4512d6ab467c8a5a531805b5ae4fe89515a1212c05	201	/home/lvfang/ESMC_halophile/R3_existing_challenge_v1_output/esm2/records/ce/ce7d5358c6dbaa34b57f5d50840369e9842c57cf5962403ee56134ea907a57b4.npy
50	50	seq_908cbea0703fff5e9340886c474a78ddd07f2cb5dc074531f16565ce53810ab7	0	existing_challenge	seq_908cbea0703fff5e9340886c474a78ddd07f2cb5dc074531f16565ce53810ab7	235	/home/lvfang/ESMC_halophile/R3_existing_challenge_v1_output/esm2/records/50/502a69ef9970773f07c0fb16590a732edaf1162954a5ae97a10c91011988d71f.npy
51	51	seq_5299cb45b457ebde87a42c1fa45b200e5643b8e795607493cd0ab2f7a210aea1	0	existing_challenge	seq_5299cb45b457ebde87a42c1fa45b200e5643b8e795607493cd0ab2f7a210aea1	111	/home/lvfang/ESMC_halophile/R3_existing_challenge_v1_output/esm2/records/b6/b6382177511a85b1785a4219951428d955c68aba9a6d9a00e8f17617ebda9474.npy
52	52	seq_9a5cec593f17beeccb9b8bb5207efdf54be4b2285110f76c0e1368f5dd98407b	0	existing_challenge	seq_9a5cec593f17beeccb9b8bb5207efdf54be4b2285110f76c0e1368f5dd98407b	475	/home/lvfang/ESMC_halophile/R3_existing_challenge_v1_output/esm2/records/fb/fb6e2ec0a51cba248efb76594447c8d35659d2d0ea434690caf511ce89134494.npy
53	53	seq_9dc75282f2ed31a356f5b95c17c4b1e70a8861e372b98f95e5f131dfa617c831	0	existing_challenge	seq_9dc75282f2ed31a356f5b95c17c4b1e70a8861e372b98f95e5f131dfa617c831	367	/home/lvfang/ESMC_halophile/R3_existing_challenge_v1_output/esm2/records/bd/bda72fd4697cea1ad870a4960bd14ab09a4e5f764d5ae63043737d805d5caaf0.npy
54	54	seq_ec23eda49fdb1f3802308243cfbdccb9baed76d6105f7528df11f25c3b6e1371	0	existing_challenge	seq_ec23eda49fdb1f3802308243cfbdccb9baed76d6105f7528df11f25c3b6e1371	198	/home/lvfang/ESMC_halophile/R3_existing_challenge_v1_output/esm2/records/fc/fcfb202b42bbb605771ecb975597c45a191507b22c0ce89d43451fbd6344589a.npy
55	55	seq_fd9278e7c3e7b8d36e7dcec08003c128313b4d26752a04e8c57dea4743520dea	0	existing_challenge	seq_fd9278e7c3e7b8d36e7dcec08003c128313b4d26752a04e8c57dea4743520dea	172	/home/lvfang/ESMC_halophile/R3_existing_challenge_v1_output/esm2/records/a2/a268113217f219e8f442c0e0a1903dccd81bfe1dec54b255815741ee9d217cc1.npy
56	56	seq_dd0dc20cb7aaea76c56b03ac8c6c73369c9f82eb618806d6122b41d9bc095f26	0	existing_challenge	seq_dd0dc20cb7aaea76c56b03ac8c6c73369c9f82eb618806d6122b41d9bc095f26	157	/home/lvfang/ESMC_halophile/R3_existing_challenge_v1_output/esm2/records/6d/6dc0d8160432194a4a3de29da813e1840237c83128b647f8ee8577105d84390c.npy
57	57	seq_b40d3376cb380efc96237eb9996363163a361783e0e2e67c2eeef141230f2aea	0	existing_challenge	seq_b40d3376cb380efc96237eb9996363163a361783e0e2e67c2eeef141230f2aea	389	/home/lvfang/ESMC_halophile/R3_existing_challenge_v1_output/esm2/records/fd/fdf701c03754258c3635c8fb9fc2714943729299476aeb3e4b807e2888f0eabb.npy
58	58	seq_33a6dff7ce97e9df9e9f65ae96102602d8d3e68ec6e780c4995b0dffdc4b90b7	0	existing_challenge	seq_33a6dff7ce97e9df9e9f65ae96102602d8d3e68ec6e780c4995b0dffdc4b90b7	150	/home/lvfang/ESMC_halophile/R3_existing_challenge_v1_output/esm2/records/77/77920b72e2595597070e46ecbe4ab0fc037057c174e17568069cc56a10e07e70.npy
59	59	seq_82e1ac3319ad0ae34210f1c6624038fb799fd8d22d57a9f4d1eb0c4205b38152	0	existing_challenge	seq_82e1ac3319ad0ae34210f1c6624038fb799fd8d22d57a9f4d1eb0c4205b38152	243	/home/lvfang/ESMC_halophile/R3_existing_challenge_v1_output/esm2/records/cd/cde49d0e8a0dcb7feb4c6dce76abb9b1aaa92ec3ad8dff428fc59bc4d818e59d.npy
60	60	seq_c87c4ae102686ad2b7cd003c0e7ab54989b0d1dca231bd1c3afa900e387320f5	0	existing_challenge	seq_c87c4ae102686ad2b7cd003c0e7ab54989b0d1dca231bd1c3afa900e387320f5	350	/home/lvfang/ESMC_halophile/R3_existing_challenge_v1_output/esm2/records/35/35dce6e4f014de16159516b48213a14dd0acf3a0450a63c2bc3fe55e3ac439b0.npy
61	61	seq_b2b57b936c7718c3f3f594f7822541bb3af0b059974cb9e22272a9301eb4b987	0	existing_challenge	seq_b2b57b936c7718c3f3f594f7822541bb3af0b059974cb9e22272a9301eb4b987	51	/home/lvfang/ESMC_halophile/R3_existing_challenge_v1_output/esm2/records/65/656b58a7b06ba37ac33a0d6bfc7d5e96b8eb7607d47cd3d0324bc08e2103bbbd.npy
62	62	seq_70a9149cb8046caac56cabf1b6ef85f7e711f297c0910a305e6f149108a845a3	0	existing_challenge	seq_70a9149cb8046caac56cabf1b6ef85f7e711f297c0910a305e6f149108a845a3	611	/home/lvfang/ESMC_halophile/R3_existing_challenge_v1_output/esm2/records/40/400549474920cc3573a506ae10b7efa5bc6b9a5a9c0128a170e0b30f370986c8.npy
63	63	seq_0e7b842025503c2d5d35e797bfac2035cd0c179ca833cce5c6987c791c58223b	0	existing_challenge	seq_0e7b842025503c2d5d35e797bfac2035cd0c179ca833cce5c6987c791c58223b	81	/home/lvfang/ESMC_halophile/R3_existing_challenge_v1_output/esm2/records/0b/0be5ce63888884fc25956bbd951878308c2c25329499e7213569b375338674ba.npy
64	64	seq_e72deba68c769dd385be8edb1feba3b457dec591915aa04889fb248143975504	0	existing_challenge	seq_e72deba68c769dd385be8edb1feba3b457dec591915aa04889fb248143975504	79	/home/lvfang/ESMC_halophile/R3_existing_challenge_v1_output/esm2/records/40/40886a45e27210c93e72815f6d4f272637a97692923080d34d1ebb667b8d813e.npy
65	65	seq_65a874a67e3002511ac61ef0c20f9384f8d4a6cbe5676f3c283554842d2eb1cc	0	existing_challenge	seq_65a874a67e3002511ac61ef0c20f9384f8d4a6cbe5676f3c283554842d2eb1cc	351	/home/lvfang/ESMC_halophile/R3_existing_challenge_v1_output/esm2/records/be/bea8efd6dda89ece4d5540fd2fe3a2d183235eb03df758d25738ec1b1de4ac46.npy
66	66	seq_58e10ad26e6331ab9aa9d537f2b0d8f0de196253b2328ab710389f3ab97e0042	0	existing_challenge	seq_58e10ad26e6331ab9aa9d537f2b0d8f0de196253b2328ab710389f3ab97e0042	169	/home/lvfang/ESMC_halophile/R3_existing_challenge_v1_output/esm2/records/b9/b9387e26c0e4085cad0990e5c375b183e220d2ace775d95dac409ae30a38c169.npy
67	67	seq_132f49b333c0e29fb907423d3a85f8aa56b192f221812f79c2bb3ae626c76c69	0	existing_challenge	seq_132f49b333c0e29fb907423d3a85f8aa56b192f221812f79c2bb3ae626c76c69	74	/home/lvfang/ESMC_halophile/R3_existing_challenge_v1_output/esm2/records/40/40cfe4ef1fd8308f81104f0f875a571572bb2fe98c1a37dd2d4430ecc2cc74e7.npy
68	68	seq_ea3aeb23fea2252d4ad9c7d3b565435918a468dcd73c3545db458ba6b760065a	0	existing_challenge	seq_ea3aeb23fea2252d4ad9c7d3b565435918a468dcd73c3545db458ba6b760065a	136	/home/lvfang/ESMC_halophile/R3_existing_challenge_v1_output/esm2/records/60/600c7d7b06c922ee868714558a2dbe86e4c4fe8838b69f75da629214795d06cc.npy
69	69	seq_2723bd99899801f4949196e264cafe918dce7507f434570ce99aeb3881b40e38	0	existing_challenge	seq_2723bd99899801f4949196e264cafe918dce7507f434570ce99aeb3881b40e38	235	/home/lvfang/ESMC_halophile/R3_existing_challenge_v1_output/esm2/records/b4/b40c8e85ac77dbc64589aedd77a946282fdc1d3c14c8c7aff549dde0b5ca7b43.npy
70	70	seq_e7bb164052452ed1197a2fe4cd215237c2b3b5ed4f0e6fe8328bc266489f4779	0	existing_challenge	seq_e7bb164052452ed1197a2fe4cd215237c2b3b5ed4f0e6fe8328bc266489f4779	90	/home/lvfang/ESMC_halophile/R3_existing_challenge_v1_output/esm2/records/66/665ebe60ae222ceb5917c32a0dfe410a06f2a6c2e02532c71d55fda379cce354.npy
71	71	seq_fbd3b9ca19d5ee1554a03586adb224d96e8871343f9642d72a0878b4c8c22caf	0	existing_challenge	seq_fbd3b9ca19d5ee1554a03586adb224d96e8871343f9642d72a0878b4c8c22caf	340	/home/lvfang/ESMC_halophile/R3_existing_challenge_v1_output/esm2/records/ed/ed4d9af65842398dd5e4f5e5a015b916395c604ed02fa99ba4d13429c7bd84c4.npy
72	72	seq_8ffaa49c9821866a29dcced92eeb5593893e43df1c66b763fab2dbc3f1c5dfa4	0	existing_challenge	seq_8ffaa49c9821866a29dcced92eeb5593893e43df1c66b763fab2dbc3f1c5dfa4	328	/home/lvfang/ESMC_halophile/R3_existing_challenge_v1_output/esm2/records/ee/eeafc44752b27bcf938b8cf030b1b9bf0408c09f1cd044c141b91de5da104c45.npy
73	73	seq_07a92ce2a56493de350d83e3afdd254f23e9cd35d2b59f7507f204c92b9c236e	0	existing_challenge	seq_07a92ce2a56493de350d83e3afdd254f23e9cd35d2b59f7507f204c92b9c236e	439	/home/lvfang/ESMC_halophile/R3_existing_challenge_v1_output/esm2/records/4a/4aae9a8d342b62813e4c9b52421bc011d2eea9c9d3d2634f2567a33641ea87e1.npy
74	74	seq_d9b292816742878be297b5a05190930c8faf8348e7dcd8c5e41ea749ff21fdc8	0	existing_challenge	seq_d9b292816742878be297b5a05190930c8faf8348e7dcd8c5e41ea749ff21fdc8	133	/home/lvfang/ESMC_halophile/R3_existing_challenge_v1_output/esm2/records/51/51e35029c86d5519856d1c7d9e62b438d0d69e9ef5ab204d03444d99ec559e4a.npy
75	75	seq_db34c503a5389f056114f94dcd2d54df0aad19314b92aafff17eb14b00addf50	0	existing_challenge	seq_db34c503a5389f056114f94dcd2d54df0aad19314b92aafff17eb14b00addf50	163	/home/lvfang/ESMC_halophile/R3_existing_challenge_v1_output/esm2/records/81/817f4d7f67f2a6533f207a0f4720d2f66bacbbdc874367ffe9779359ffe5a9a3.npy
76	76	seq_f33e2d7aee439a357fe49b954c9327068dc5e017a82c1dd9ad3659ea9070edc7	0	existing_challenge	seq_f33e2d7aee439a357fe49b954c9327068dc5e017a82c1dd9ad3659ea9070edc7	66	/home/lvfang/ESMC_halophile/R3_existing_challenge_v1_output/esm2/records/7a/7aad53ad31edf174f89f247f51c2d0804e3461a620e3fa443e62736e3f993765.npy
77	77	seq_b25b7c87484372aa0d9b6ba22cd70f6af23867f941c7a7e2f4e388a33eab7baf	0	existing_challenge	seq_b25b7c87484372aa0d9b6ba22cd70f6af23867f941c7a7e2f4e388a33eab7baf	98	/home/lvfang/ESMC_halophile/R3_existing_challenge_v1_output/esm2/records/68/686e0595087cb9893aff68815588b1542e5e01d9aa5382a7df83384604b32b56.npy
78	78	seq_ab0be18aca4e297f95c996ff20e4415aa31ab3ee2a4c5b52f7909d021263179a	0	existing_challenge	seq_ab0be18aca4e297f95c996ff20e4415aa31ab3ee2a4c5b52f7909d021263179a	601	/home/lvfang/ESMC_halophile/R3_existing_challenge_v1_output/esm2/records/45/45041573be82e875cb0747cbc503a03e8323a2b83881591864dbaf82716f5f3e.npy
79	79	seq_97cddf2f45e6b3b680bdb1b35411f33f7953f0566494bd6e86221a972dece188	0	existing_challenge	seq_97cddf2f45e6b3b680bdb1b35411f33f7953f0566494bd6e86221a972dece188	267	/home/lvfang/ESMC_halophile/R3_existing_challenge_v1_output/esm2/records/34/342d0fc6fe09b7895c6601f6c846f487db7c4f0443bc228e8e346664af6c6be3.npy
80	80	seq_7bea1b38987901f3a1f62572dac9cd9a9edd1e11b0b39ced9a71a5b31dbaac1e	0	existing_challenge	seq_7bea1b38987901f3a1f62572dac9cd9a9edd1e11b0b39ced9a71a5b31dbaac1e	376	/home/lvfang/ESMC_halophile/R3_existing_challenge_v1_output/esm2/records/7d/7d86db471ee92f58161ef5db2a3a4548b18028ef657dcedef66cf5f679d422de.npy
81	81	seq_ead01eab24ace6fe2f25e143d04940b9fc16b3a0b15ed81e3dabf1ce2f2aec66	0	existing_challenge	seq_ead01eab24ace6fe2f25e143d04940b9fc16b3a0b15ed81e3dabf1ce2f2aec66	103	/home/lvfang/ESMC_halophile/R3_existing_challenge_v1_output/esm2/records/27/27883707173ed56d5450bed918d80f9f12f985df866f62d738d66512e5ee9c2d.npy
82	82	seq_54a018f221c9036f8e8ed86a319540fee605b5359f5e1992a4e65011eb996686	0	existing_challenge	seq_54a018f221c9036f8e8ed86a319540fee605b5359f5e1992a4e65011eb996686	268	/home/lvfang/ESMC_halophile/R3_existing_challenge_v1_output/esm2/records/a6/a68a6eff7e5dcf675ef6847194279e3b424836e33ae3ccdeb60d951972017733.npy
83	83	seq_abb02d1c4bcc1363ffee63ae14a5c034621035e90f034e3b712e97d9c2c626bb	0	existing_challenge	seq_abb02d1c4bcc1363ffee63ae14a5c034621035e90f034e3b712e97d9c2c626bb	282	/home/lvfang/ESMC_halophile/R3_existing_challenge_v1_output/esm2/records/0c/0cd67cddcfdfcc9bb140ad5c04d4755763f176b3f54bbb676c63e7b1f9419a72.npy
84	84	seq_347d4850dfa9ed0ec07414a44e7644dd30c9208035a01f00b47bfe7dfb46e75c	0	existing_challenge	seq_347d4850dfa9ed0ec07414a44e7644dd30c9208035a01f00b47bfe7dfb46e75c	364	/home/lvfang/ESMC_halophile/R3_existing_challenge_v1_output/esm2/records/19/19aa38233f4681ff8d27e80b63e12db4406f058264748eced5f4b8d74959f786.npy
85	85	seq_80421c318576d72853d4ee5a7ed51b20c068c3801e593fe0578e781e585b88ea	0	existing_challenge	seq_80421c318576d72853d4ee5a7ed51b20c068c3801e593fe0578e781e585b88ea	397	/home/lvfang/ESMC_halophile/R3_existing_challenge_v1_output/esm2/records/79/795d3310c7209b521762c2666b28ab057ed54bda4ade3a0e7519f281c8992aba.npy
86	86	seq_0e7794ef4a23df09bc24c024e6fa614e8b07ee6fe42c3bf5d8a82b984d39e70f	0	existing_challenge	seq_0e7794ef4a23df09bc24c024e6fa614e8b07ee6fe42c3bf5d8a82b984d39e70f	233	/home/lvfang/ESMC_halophile/R3_existing_challenge_v1_output/esm2/records/c8/c835074faf81f8be5dc7fc3ed8933c0e486666eae2a0922f0a514ee1c0ace639.npy
87	87	seq_614cb515aa529d0a715386c6c3d6b849ab327b836a2c9166f5f2a8d02c249898	0	existing_challenge	seq_614cb515aa529d0a715386c6c3d6b849ab327b836a2c9166f5f2a8d02c249898	690	/home/lvfang/ESMC_halophile/R3_existing_challenge_v1_output/esm2/records/08/08a416ad69176538b0969e16f879f63c006ca26763a91737a33ff2ac07e76f12.npy
88	88	seq_bb41a52995f03ef834066783ad25fe1bb8440320b9e0e8737fcda5e01d90aab6	0	existing_challenge	seq_bb41a52995f03ef834066783ad25fe1bb8440320b9e0e8737fcda5e01d90aab6	146	/home/lvfang/ESMC_halophile/R3_existing_challenge_v1_output/esm2/records/c3/c38685f45cae68a39593d42004f64dac0749226f752dd628638fcee3c3804fd2.npy
89	89	seq_0121c6e5b257a7e0c6e5c3f7e0e45eb28963072a7eabe813976fa57b28eff711	0	existing_challenge	seq_0121c6e5b257a7e0c6e5c3f7e0e45eb28963072a7eabe813976fa57b28eff711	297	/home/lvfang/ESMC_halophile/R3_existing_challenge_v1_output/esm2/records/57/57d4a3da25cddb48fc79bfb3d4df62d8bade6d410b4891aca6c89a27ac0fc361.npy
90	90	seq_087d5efd149bd0bd6c89d3eb406f4e3d0c376d3374901eda3c8bfb19533a0339	0	existing_challenge	seq_087d5efd149bd0bd6c89d3eb406f4e3d0c376d3374901eda3c8bfb19533a0339	247	/home/lvfang/ESMC_halophile/R3_existing_challenge_v1_output/esm2/records/ee/eedf7ff756575599c1d9ebed8f0b9d69d60bd36043d56b4a63c4fab63dbe5fc6.npy
91	91	seq_cb85aa8665733e526a49babda2d18bbec87bcd91329bbf1b769943b3480cf924	0	existing_challenge	seq_cb85aa8665733e526a49babda2d18bbec87bcd91329bbf1b769943b3480cf924	228	/home/lvfang/ESMC_halophile/R3_existing_challenge_v1_output/esm2/records/cb/cb77be8603afc9eb3d4a396ba7e79003957d78709f26333a912a6ac61fbed3ce.npy
92	92	seq_7b36aaf6fa05d3fd94ae612ef3f29ab661db8c0e455a2d908dbca1b6411ffaa6	0	existing_challenge	seq_7b36aaf6fa05d3fd94ae612ef3f29ab661db8c0e455a2d908dbca1b6411ffaa6	231	/home/lvfang/ESMC_halophile/R3_existing_challenge_v1_output/esm2/records/48/4814abbc353c1158d3867ca244778c5705d38de16ce909c21ef547766f287dd6.npy
93	93	seq_014d9d1f4809b0c062f77bbf93d57f081406c1ff72a20e309dfc554411b04540	0	existing_challenge	seq_014d9d1f4809b0c062f77bbf93d57f081406c1ff72a20e309dfc554411b04540	386	/home/lvfang/ESMC_halophile/R3_existing_challenge_v1_output/esm2/records/b0/b00f0ba3780442dc9f31fc887622f69cc5ac9da607076f2ba801a2c1c1a29c1b.npy
94	94	seq_e86e931e4f8f8eebf8c6fe393f5ab4e55a8dab7d6c8d71dc21d5dd04a61f46f2	0	existing_challenge	seq_e86e931e4f8f8eebf8c6fe393f5ab4e55a8dab7d6c8d71dc21d5dd04a61f46f2	269	/home/lvfang/ESMC_halophile/R3_existing_challenge_v1_output/esm2/records/3a/3a09a3ea12ec1b9c7ac43e214578da4c7997c4d3cd3f12bdc874e1f9cf2de66a.npy
95	95	seq_89506882efea6026a70621bc0ec5df4fcede8fedb5ef7001ff0b4e85dd98c4b3	0	existing_challenge	seq_89506882efea6026a70621bc0ec5df4fcede8fedb5ef7001ff0b4e85dd98c4b3	416	/home/lvfang/ESMC_halophile/R3_existing_challenge_v1_output/esm2/records/a9/a96aee4cc21155a655b13088873359101075b3ab0674ffcb6cf5645372d7d0fa.npy
96	96	seq_cfaba296e8a402eee2f7373857bc4877eec43150a97b982bcc2467e8d3557d0c	0	existing_challenge	seq_cfaba296e8a402eee2f7373857bc4877eec43150a97b982bcc2467e8d3557d0c	389	/home/lvfang/ESMC_halophile/R3_existing_challenge_v1_output/esm2/records/cb/cb3a2b6d1d3f2bc319fdcf4287c77dfa6b50b9a24871e0cd99bf6f26c22e0d3c.npy
97	97	seq_740265a4969e39a22fac7b26d96e22b1ef119bc00ac881d1fc96fd1d465d52ee	0	existing_challenge	seq_740265a4969e39a22fac7b26d96e22b1ef119bc00ac881d1fc96fd1d465d52ee	298	/home/lvfang/ESMC_halophile/R3_existing_challenge_v1_output/esm2/records/4e/4eb586cf76b0a4c0007610891c6f0df8c03c601d3c63aae74bc55fb16344d37a.npy
98	98	seq_849eec0f6cea953cfb9d9a0388b564dc86ce8fc5ce955f37c8c560864264e8c6	0	existing_challenge	seq_849eec0f6cea953cfb9d9a0388b564dc86ce8fc5ce955f37c8c560864264e8c6	314	/home/lvfang/ESMC_halophile/R3_existing_challenge_v1_output/esm2/records/0e/0ef6f5ff00a79a3b6d3802d64f261eb2c9d8ec5a225d13622bea968835f52ba0.npy
99	99	seq_04003f15b12aaf76fd4b35613177c90ae853a4fbbe1ee11d4bd62a81087a1e6e	0	existing_challenge	seq_04003f15b12aaf76fd4b35613177c90ae853a4fbbe1ee11d4bd62a81087a1e6e	614	/home/lvfang/ESMC_halophile/R3_existing_challenge_v1_output/esm2/records/29/29f72ac90fc7b38e1f505d41c4bb52b28a2ab352c158ef699a9d6d7ac45e58a2.npy
100	100	seq_9d242a28d13abf2655b7800c8e0d49fb64cafd5b9d675b0f1a0a180a59eace0d	0	existing_challenge	seq_9d242a28d13abf2655b7800c8e0d49fb64cafd5b9d675b0f1a0a180a59eace0d	171	/home/lvfang/ESMC_halophile/R3_existing_challenge_v1_output/esm2/records/5f/5f9a24c04e25bbc87a997858f1acd00a9ecfce1b1f58aff23a2adf751bc8d514.npy
101	101	seq_d23e3dcdf801e381d28b16c0f4228ff124750718ab1f63e53a709d733d0f45ae	0	existing_challenge	seq_d23e3dcdf801e381d28b16c0f4228ff124750718ab1f63e53a709d733d0f45ae	416	/home/lvfang/ESMC_halophile/R3_existing_challenge_v1_output/esm2/records/c2/c20633d8fd47df3c6dda6ecb9eede658288077b8f47f021a7c62b9d6339c10ac.npy
102	102	seq_44d641bac2379bba738317e2c0d918a02315a7eeea60fd41fa7f9f21327e28f1	0	existing_challenge	seq_44d641bac2379bba738317e2c0d918a02315a7eeea60fd41fa7f9f21327e28f1	216	/home/lvfang/ESMC_halophile/R3_existing_challenge_v1_output/esm2/records/83/837cc139d3a10fbe6f9a8a61186fbcea560299fbced1ec543c2a14a381c2c530.npy
103	103	seq_03ca77e96db86470d6534060bca9469344d5f10eb6f9e32df79445f31374f60d	0	existing_challenge	seq_03ca77e96db86470d6534060bca9469344d5f10eb6f9e32df79445f31374f60d	185	/home/lvfang/ESMC_halophile/R3_existing_challenge_v1_output/esm2/records/06/064859638f9a05da5fe0a6b9d7d0a782ac0d9ac58e33746f4cb9db28dac794cf.npy
104	104	seq_f458cbbb447c312bc0af99b0d22ca6f5ce4d70f7abd5f37e4a6b39225fb25d26	0	existing_challenge	seq_f458cbbb447c312bc0af99b0d22ca6f5ce4d70f7abd5f37e4a6b39225fb25d26	842	/home/lvfang/ESMC_halophile/R3_existing_challenge_v1_output/esm2/records/12/128a85d7a3aa4247532081a57ffdee593369931739eeeedbd8f980d64962f3ee.npy
105	105	seq_fa87acd002efa829e78e6de75321729def7e493a63f693f5bbc52c6561a61f3f	0	existing_challenge	seq_fa87acd002efa829e78e6de75321729def7e493a63f693f5bbc52c6561a61f3f	102	/home/lvfang/ESMC_halophile/R3_existing_challenge_v1_output/esm2/records/ad/ad0dff786f03f9f54cdf0ec664edf15c3ec212c4a180b32fa0763e395ef68a8a.npy
106	106	seq_1dc395685c424dabb53c6e6c2155b3afdf61d6d64a696e965a70caf11b629ee8	0	existing_challenge	seq_1dc395685c424dabb53c6e6c2155b3afdf61d6d64a696e965a70caf11b629ee8	411	/home/lvfang/ESMC_halophile/R3_existing_challenge_v1_output/esm2/records/85/8510511387f80db53b2e92229f6cc7122a46368f55ea6c231283d0365fa16741.npy
107	107	seq_0a9588d242b6d87010329e59afab4488364b224a802442e3f58c621b6038391c	0	existing_challenge	seq_0a9588d242b6d87010329e59afab4488364b224a802442e3f58c621b6038391c	155	/home/lvfang/ESMC_halophile/R3_existing_challenge_v1_output/esm2/records/fe/fef4e92d02a6f8790ff4b3bd4e1cfcd06547316bb1229ed6fdf1a8f7a65ac4a4.npy
108	108	seq_94b8e9d587f59d11ea608257dac2dae9f18767ae86325d5a1df72b0d36e16372	0	existing_challenge	seq_94b8e9d587f59d11ea608257dac2dae9f18767ae86325d5a1df72b0d36e16372	338	/home/lvfang/ESMC_halophile/R3_existing_challenge_v1_output/esm2/records/66/660b63b4c192b3d7877e82ef099cb761c2f56bd3cc88a56efe6ee56237e009a3.npy
109	109	seq_40cdf2afc43557aa90fa98715b21eda16056b6cd8c48195b8022cce13983afdc	0	existing_challenge	seq_40cdf2afc43557aa90fa98715b21eda16056b6cd8c48195b8022cce13983afdc	291	/home/lvfang/ESMC_halophile/R3_existing_challenge_v1_output/esm2/records/41/4185512739d8bfd8682fad5c18c6814b3374485fe07b8b94e1086e675db19aee.npy
110	110	seq_80963f37a7e2d588649db0bd1c43213da86549b9b4895df6adceda3eb10e0add	0	existing_challenge	seq_80963f37a7e2d588649db0bd1c43213da86549b9b4895df6adceda3eb10e0add	445	/home/lvfang/ESMC_halophile/R3_existing_challenge_v1_output/esm2/records/e8/e8ea5f181fe75531517653178eaac0aaf22a61c50cb77f3e118a09cfc0c1d04a.npy
111	111	seq_0da2636954dbb04e671a5033f49a6036ae0cb99f139a477e654db3de5ed025f9	0	existing_challenge	seq_0da2636954dbb04e671a5033f49a6036ae0cb99f139a477e654db3de5ed025f9	401	/home/lvfang/ESMC_halophile/R3_existing_challenge_v1_output/esm2/records/b3/b377c5373726f43afe12b7fd3b4178cb650d42b3c1c864875d53ebc303199bd5.npy
112	112	seq_d04618b12ea744ac526f24e5d8daed8601f9ede19d75c8f05f5c82bb1a141bb1	0	existing_challenge	seq_d04618b12ea744ac526f24e5d8daed8601f9ede19d75c8f05f5c82bb1a141bb1	374	/home/lvfang/ESMC_halophile/R3_existing_challenge_v1_output/esm2/records/ce/ce12bf23d54732cac3c24a591d51afa2097b8eca209b1386d3192a8d875d5a11.npy
113	113	seq_6773ba046beee421df3795452867e861610f7f8e3c31fba67600b1c4e2650798	0	existing_challenge	seq_6773ba046beee421df3795452867e861610f7f8e3c31fba67600b1c4e2650798	446	/home/lvfang/ESMC_halophile/R3_existing_challenge_v1_output/esm2/records/0d/0dbaa928bc7782d531076dc36fed4532ff1cf765fe4866707e142ad1ac491c11.npy
114	114	seq_ce7d673ee273ef8c843ac12776edc1c9448355d15004c93137f01e9dfe17f14e	0	existing_challenge	seq_ce7d673ee273ef8c843ac12776edc1c9448355d15004c93137f01e9dfe17f14e	65	/home/lvfang/ESMC_halophile/R3_existing_challenge_v1_output/esm2/records/58/589f09fd1949a72428b79f21e5e34181eca09f64d41c1cc16e8c179900e90076.npy
115	115	seq_b03f2b8a3599d28d4c393dafe7696f20f82676dc3310e6607bf66613ba9c4741	0	existing_challenge	seq_b03f2b8a3599d28d4c393dafe7696f20f82676dc3310e6607bf66613ba9c4741	369	/home/lvfang/ESMC_halophile/R3_existing_challenge_v1_output/esm2/records/e8/e853f5d7d809d294b25bb2cce3a6645a5e2df3ccc8e50b14417665b6942497ba.npy
116	116	seq_72ae5b404328c03e7ed9ca569b19e5635040a12df4c4ed8858f71455445bc698	0	existing_challenge	seq_72ae5b404328c03e7ed9ca569b19e5635040a12df4c4ed8858f71455445bc698	80	/home/lvfang/ESMC_halophile/R3_existing_challenge_v1_output/esm2/records/a4/a4bd6339f233655f8cea82caced015aaab01f24af4cda2eea21193d17486934b.npy
117	117	seq_4f33541164421e4ede5144c465a3566e3704999f487ae5909184f04a1f6e1b83	0	existing_challenge	seq_4f33541164421e4ede5144c465a3566e3704999f487ae5909184f04a1f6e1b83	115	/home/lvfang/ESMC_halophile/R3_existing_challenge_v1_output/esm2/records/e8/e860b2a06146744a5b9b67da5a606cab4c2eadc47a0d2ccd2d8fe88faa552134.npy
118	118	seq_146ba86e15183b1ba3dd811728d1d32a398dd9553e71651b9f108f2089882bee	0	existing_challenge	seq_146ba86e15183b1ba3dd811728d1d32a398dd9553e71651b9f108f2089882bee	141	/home/lvfang/ESMC_halophile/R3_existing_challenge_v1_output/esm2/records/83/83ea15616f0939a1c40e611990d4c944f3795955baa9798a5a2482625a0a62c2.npy
119	119	seq_fe91831e90cdd701a181e0e7d6b86721ed446e9ed08c3a503908da32b5ae2d1b	0	existing_challenge	seq_fe91831e90cdd701a181e0e7d6b86721ed446e9ed08c3a503908da32b5ae2d1b	151	/home/lvfang/ESMC_halophile/R3_existing_challenge_v1_output/esm2/records/ca/ca8be73c44ce637710982bc73d94be1482115552a436833bda97d6f6554cea06.npy
120	120	seq_cf3a0d8f41853fac90f0829160be5438c49d4d219fb51b288167a1a802d53929	0	existing_challenge	seq_cf3a0d8f41853fac90f0829160be5438c49d4d219fb51b288167a1a802d53929	804	/home/lvfang/ESMC_halophile/R3_existing_challenge_v1_output/esm2/records/18/18400ea9ba2d779a20cd2a87580be1ccd0d855a6a7d62f3622642499cfa45e46.npy
121	121	seq_3df26629b8483cd7f822ccc1c62425434115bbd73fefd6df89e7d235f5bbad50	0	existing_challenge	seq_3df26629b8483cd7f822ccc1c62425434115bbd73fefd6df89e7d235f5bbad50	101	/home/lvfang/ESMC_halophile/R3_existing_challenge_v1_output/esm2/records/e2/e2f9fbaf3b12856b9fe20b73a4e9d6c16c25b1371e146a91617b9a41e521b0a1.npy
122	122	seq_adab5171d3a9539d99555b8315900bf2efb62ca3db4f5fdfac9db8b7808ade5a	0	existing_challenge	seq_adab5171d3a9539d99555b8315900bf2efb62ca3db4f5fdfac9db8b7808ade5a	116	/home/lvfang/ESMC_halophile/R3_existing_challenge_v1_output/esm2/records/20/20f7c3bb5b99e76403b23ed3f9f391cae5bfc607ea2c8712811f14fede4160c4.npy
123	123	seq_3d4bac7b447a6ac2de4232746bc3ed56643ed2d823530136001aad0b6b818b5b	0	existing_challenge	seq_3d4bac7b447a6ac2de4232746bc3ed56643ed2d823530136001aad0b6b818b5b	116	/home/lvfang/ESMC_halophile/R3_existing_challenge_v1_output/esm2/records/f0/f078231b1aa2659ce22917ddb565c397d7359c9e391807a51e4767abeff5c307.npy
124	124	seq_1571c2af38b76d27afc5e13495244b4f5789e4061a969fab1a17b01309e412b9	0	existing_challenge	seq_1571c2af38b76d27afc5e13495244b4f5789e4061a969fab1a17b01309e412b9	768	/home/lvfang/ESMC_halophile/R3_existing_challenge_v1_output/esm2/records/be/be49d4e25d3fc9c369f868d4b906a478767dcc081b60a8bdde1cd4ce062cd558.npy
125	125	seq_176fdc69d3a7248e872f8bc4043b2946c927cd95a1ea716315800263404ab59f	0	existing_challenge	seq_176fdc69d3a7248e872f8bc4043b2946c927cd95a1ea716315800263404ab59f	135	/home/lvfang/ESMC_halophile/R3_existing_challenge_v1_output/esm2/records/a2/a2dcae1108e42fccba97b0d841b20b44105a1879b5ed30709a5f752dd7372a4d.npy
126	126	seq_62e5c4cd2789fa62aed8f56c14db280f035828808459b9ee65373bb5f85a6824	0	existing_challenge	seq_62e5c4cd2789fa62aed8f56c14db280f035828808459b9ee65373bb5f85a6824	746	/home/lvfang/ESMC_halophile/R3_existing_challenge_v1_output/esm2/records/31/31b2220c0581123545dfb983575feb7071d23494d3411012c96cc5eb638de1c7.npy
127	127	seq_054b209db7499c6758d1a6218fba23394545ce721a608c9eee40f70494fef2c9	0	existing_challenge	seq_054b209db7499c6758d1a6218fba23394545ce721a608c9eee40f70494fef2c9	205	/home/lvfang/ESMC_halophile/R3_existing_challenge_v1_output/esm2/records/9a/9ae6a0a4006fffccbbb40be9ae8c3405a755f2361437d60614915b1f60265f04.npy
128	128	seq_8168d5bf56f615addb6df2835a6c28b7689f7a6f23d5079786cf3fc8f613395d	0	existing_challenge	seq_8168d5bf56f615addb6df2835a6c28b7689f7a6f23d5079786cf3fc8f613395d	173	/home/lvfang/ESMC_halophile/R3_existing_challenge_v1_output/esm2/records/05/056692cbb4934ff745bbf61cbfd57c6cef666b933193264a2dc49a097e6546ee.npy
129	129	seq_6bde78c78bc2bed1c8dc0e6ba76e9c5734773dbfd2a80346c9b5be509ea95af0	0	existing_challenge	seq_6bde78c78bc2bed1c8dc0e6ba76e9c5734773dbfd2a80346c9b5be509ea95af0	347	/home/lvfang/ESMC_halophile/R3_existing_challenge_v1_output/esm2/records/f0/f0c1fc5fb5bc31001a6a9be0be94873e1ec781c6140cdd1bcf62d1115288cb97.npy
130	130	seq_028e4b8d1dc83e7fceef7362bcdd1fb016f15be28d803d32bfc727506d787950	0	existing_challenge	seq_028e4b8d1dc83e7fceef7362bcdd1fb016f15be28d803d32bfc727506d787950	183	/home/lvfang/ESMC_halophile/R3_existing_challenge_v1_output/esm2/records/bd/bdd12d41398aa43ec6daec259f7c4ec0e9006b7995fb4c1e5e5b227ebba3d2be.npy
131	131	seq_dbea8b867e5845e51764fa7724225d07374342de19fec9080a38390415ce2b6b	0	existing_challenge	seq_dbea8b867e5845e51764fa7724225d07374342de19fec9080a38390415ce2b6b	220	/home/lvfang/ESMC_halophile/R3_existing_challenge_v1_output/esm2/records/62/624345c8196f98a4b3d06984d05e2182ad00f89582873b8ce5faa52826f3c0f2.npy
132	132	seq_3dc9929b7895fa7b05868dc418383b180f054951c69498bc24f2af0441c03f2c	0	existing_challenge	seq_3dc9929b7895fa7b05868dc418383b180f054951c69498bc24f2af0441c03f2c	202	/home/lvfang/ESMC_halophile/R3_existing_challenge_v1_output/esm2/records/31/310e4974033db9a8a41b5fa636c5dd33123da0eef14e151dbf2b0a4f3f160c8d.npy
133	133	seq_5aee920326acb8c18fe25a893cd1962e055217226d0552954680dcee7d7d18af	0	existing_challenge	seq_5aee920326acb8c18fe25a893cd1962e055217226d0552954680dcee7d7d18af	269	/home/lvfang/ESMC_halophile/R3_existing_challenge_v1_output/esm2/records/9e/9eee9e72353c29679cc0344b6b5b3b31f6666029c80977bb8360818a615a73c9.npy
134	134	seq_a568a07e5405b82aee29c2497ea4b8a553333ba36ce287cb031ddaa204d01d31	0	existing_challenge	seq_a568a07e5405b82aee29c2497ea4b8a553333ba36ce287cb031ddaa204d01d31	140	/home/lvfang/ESMC_halophile/R3_existing_challenge_v1_output/esm2/records/5e/5ee60b45b2e8890724c085c1a135d9275b72ac0e0ee1b1d25a650eab9219d3b2.npy
135	135	seq_df18c1a9f91371fe9d96fa45d2091e8b81433a8fac17e6c29543c619a0e3530c	0	existing_challenge	seq_df18c1a9f91371fe9d96fa45d2091e8b81433a8fac17e6c29543c619a0e3530c	156	/home/lvfang/ESMC_halophile/R3_existing_challenge_v1_output/esm2/records/31/31b1bed2887b4b79a0683687b71588a75a4a4a2245e0e79f121b2aba401b7641.npy
136	136	seq_347e7a4527f9eb3e0b80426e4de2fc5fe1f4c4a5f5b5bc3c09bbfb8bec73e03e	0	existing_challenge	seq_347e7a4527f9eb3e0b80426e4de2fc5fe1f4c4a5f5b5bc3c09bbfb8bec73e03e	109	/home/lvfang/ESMC_halophile/R3_existing_challenge_v1_output/esm2/records/87/877d95b9829aa5f8cc481c65cd5eafab69caed2734979b0a195cdee4e6adbcd9.npy
137	137	seq_412e8eaf0b0fea6d223cdf8b07dccd23c64fdc2173a34a9bf7d90e9a4b346381	0	existing_challenge	seq_412e8eaf0b0fea6d223cdf8b07dccd23c64fdc2173a34a9bf7d90e9a4b346381	138	/home/lvfang/ESMC_halophile/R3_existing_challenge_v1_output/esm2/records/82/82f5f107e619bb22dcc61b9120981f8073005ef5bd03bdad2c04e0d099db6d50.npy
138	138	seq_c6054f64a2862a0c128dba23fa5933328329c382d508cf03519bce00ea208a38	0	existing_challenge	seq_c6054f64a2862a0c128dba23fa5933328329c382d508cf03519bce00ea208a38	255	/home/lvfang/ESMC_halophile/R3_existing_challenge_v1_output/esm2/records/43/434679f2e33c7edf6e307793fba9a7aadadac40059b67d6205a4474153a3b800.npy
139	139	seq_b768e07f71e27398be0dbcfc7ce6fabfca21c280ba9959c6ddf4ad094147283f	0	existing_challenge	seq_b768e07f71e27398be0dbcfc7ce6fabfca21c280ba9959c6ddf4ad094147283f	310	/home/lvfang/ESMC_halophile/R3_existing_challenge_v1_output/esm2/records/a9/a99d8713744452c3bcaa85e6f2a14f63ef1eb5d7ebfad5e1a00f29778cab3299.npy
140	140	seq_9ae86617d677ed1def1d4ec5d8e3e040c676c849b4c79f030f2faec3a7ce0718	0	existing_challenge	seq_9ae86617d677ed1def1d4ec5d8e3e040c676c849b4c79f030f2faec3a7ce0718	214	/home/lvfang/ESMC_halophile/R3_existing_challenge_v1_output/esm2/records/08/086f1b30f6dc87bc920b1f1b123e4a81a29fd5d431b2c909c31ede9699619fe3.npy
141	141	seq_2903ee0c874c044bf2719a3f801896af9a2027fc6f6d89bc19745e635e4e1c01	0	existing_challenge	seq_2903ee0c874c044bf2719a3f801896af9a2027fc6f6d89bc19745e635e4e1c01	317	/home/lvfang/ESMC_halophile/R3_existing_challenge_v1_output/esm2/records/45/45a60823d02e265bff5171c7371316711ede29691139008c4e518331ecb208a7.npy
142	142	seq_e39a6673f62d60dca054bc5007fa4b39af302aba3393fcebfb90a4e2f86a3bd7	0	existing_challenge	seq_e39a6673f62d60dca054bc5007fa4b39af302aba3393fcebfb90a4e2f86a3bd7	100	/home/lvfang/ESMC_halophile/R3_existing_challenge_v1_output/esm2/records/5a/5a5a782a4597cfc890f96faff1c54120b2af93c459304d79995162cf87c714f2.npy
143	143	seq_554dcd80e5af0f2bfe17b1fc30dc1cb61bdb6b288a4aefe6300c93496ff676fc	0	existing_challenge	seq_554dcd80e5af0f2bfe17b1fc30dc1cb61bdb6b288a4aefe6300c93496ff676fc	179	/home/lvfang/ESMC_halophile/R3_existing_challenge_v1_output/esm2/records/3b/3b63e7afb6ddd027470ac3c7794747b62f1b0618752f0ca98a8d12fde609805f.npy
144	144	seq_c26c25dd84d4898517c0c7d932f308cb9575aea071f87e8a64d9b1129b3fcd18	0	existing_challenge	seq_c26c25dd84d4898517c0c7d932f308cb9575aea071f87e8a64d9b1129b3fcd18	56	/home/lvfang/ESMC_halophile/R3_existing_challenge_v1_output/esm2/records/c5/c53813796d573756acb54dea21b8024529c98b60ada0142f13a78d6b2a5a719e.npy
145	145	seq_913f999e7ee6b00ba211eba0abbfc6f30d4ac824b2e0befd0cab0799bbae5617	0	existing_challenge	seq_913f999e7ee6b00ba211eba0abbfc6f30d4ac824b2e0befd0cab0799bbae5617	77	/home/lvfang/ESMC_halophile/R3_existing_challenge_v1_output/esm2/records/ee/eeaac8653f5bfd6c85f243f36288eb88599ff70a4dc56eace7172fe2155fb3f2.npy
146	146	seq_a00cc17aabaa8f0e13b77a034e654464bf479c959d7fc1d0f44653de351356f7	0	existing_challenge	seq_a00cc17aabaa8f0e13b77a034e654464bf479c959d7fc1d0f44653de351356f7	70	/home/lvfang/ESMC_halophile/R3_existing_challenge_v1_output/esm2/records/bd/bdcad9bb5f5adf8dfe49d103603a679cf21138a8ba92f381a45a55b45be090e1.npy
147	147	seq_dcecf0a14de50e8cc1b5b7e04d0dcc0b754e966160abf5ce27f5d8494a5df5bf	0	existing_challenge	seq_dcecf0a14de50e8cc1b5b7e04d0dcc0b754e966160abf5ce27f5d8494a5df5bf	602	/home/lvfang/ESMC_halophile/R3_existing_challenge_v1_output/esm2/records/5d/5d76d99bcdfa68c821d772fe62d4f477e27bb8e68bec6e33a10721933bdc6404.npy
148	148	seq_d33be9abae866e828a7e90084d7d4fe49396eae5735886dca8d2ef811d50f106	0	existing_challenge	seq_d33be9abae866e828a7e90084d7d4fe49396eae5735886dca8d2ef811d50f106	631	/home/lvfang/ESMC_halophile/R3_existing_challenge_v1_output/esm2/records/69/69441f705d20374aa99e5216fb60d1eb4a8b71afdab7cf41701101081959451a.npy
149	149	seq_44f6eb3990968de33689cd02cb369f65370d1528622ecee8feb5c78a627e16e9	0	existing_challenge	seq_44f6eb3990968de33689cd02cb369f65370d1528622ecee8feb5c78a627e16e9	791	/home/lvfang/ESMC_halophile/R3_existing_challenge_v1_output/esm2/records/dd/dd1220c04d4c388a2774d06cec4731a4c06dd0007a2c9036a27cb3c0e273a59d.npy
150	150	seq_71c5aac02a2ad5e231eecdee91fc339adf4251afeeb7e31d12f877a183e5afa3	0	existing_challenge	seq_71c5aac02a2ad5e231eecdee91fc339adf4251afeeb7e31d12f877a183e5afa3	171	/home/lvfang/ESMC_halophile/R3_existing_challenge_v1_output/esm2/records/11/117d7a301e2e985b8a8849128ceab2fcf40ad2e4db34efbd84da9d2f71be6e93.npy
151	151	seq_393faf0d5c5d952641b8dae9d5d59e8c227ff1cd71942b4c2c1522b94bb652f1	0	existing_challenge	seq_393faf0d5c5d952641b8dae9d5d59e8c227ff1cd71942b4c2c1522b94bb652f1	309	/home/lvfang/ESMC_halophile/R3_existing_challenge_v1_output/esm2/records/35/35d6962c5eaed85e5c34957c9b026f5f92b7a77a794386b7868d0fa54c1322c0.npy
152	152	seq_ec46574f5ab477d3fe85417da86c4490605a3e082818b6a02b5e061de0f23a28	0	existing_challenge	seq_ec46574f5ab477d3fe85417da86c4490605a3e082818b6a02b5e061de0f23a28	743	/home/lvfang/ESMC_halophile/R3_existing_challenge_v1_output/esm2/records/10/105ac95a85550bd68c331758958ad1cca0200b24870ff247da892afbc7982ac0.npy
153	153	seq_8424027a255bef28ca6e4e6e244275fd41f39c736e63120bf9ee8fbf760d5cec	0	existing_challenge	seq_8424027a255bef28ca6e4e6e244275fd41f39c736e63120bf9ee8fbf760d5cec	144	/home/lvfang/ESMC_halophile/R3_existing_challenge_v1_output/esm2/records/83/838e62c1ea818a4ddd327cb32b84274ca2acb08ffd7e8818dd44c6c61f1f99fb.npy
154	154	seq_4f6685788fba65c82c8e1cd144a9e2843bf70619f346aa11cc8d0846ca3f2254	0	existing_challenge	seq_4f6685788fba65c82c8e1cd144a9e2843bf70619f346aa11cc8d0846ca3f2254	277	/home/lvfang/ESMC_halophile/R3_existing_challenge_v1_output/esm2/records/9f/9fea91cb11697aa7cb17016d398ebc8342b5b19ced3dcb9b32b986b2f3045d38.npy
155	155	seq_91b0c8fb8e68a24367496db9b81d1f26b31098aef0e6b6dba3d54dc20a220844	0	existing_challenge	seq_91b0c8fb8e68a24367496db9b81d1f26b31098aef0e6b6dba3d54dc20a220844	199	/home/lvfang/ESMC_halophile/R3_existing_challenge_v1_output/esm2/records/4e/4e3007e9088f4ccf05f30c1d31fda9d7d4e2e515e089bb03e93eaf93f3960b96.npy
156	156	seq_0f841b964485ea64d1957f9183ebb3d09b2129adeb7efc0456dc023208e5b27c	0	existing_challenge	seq_0f841b964485ea64d1957f9183ebb3d09b2129adeb7efc0456dc023208e5b27c	149	/home/lvfang/ESMC_halophile/R3_existing_challenge_v1_output/esm2/records/19/19bebaf0eb742457ad08a998cd4740d0dec86bc46f58783caaef7e9aadfe61b6.npy
157	157	seq_ff52df2bb6a08a1e02153cf01531c1f66b88e2b5a3773f1515858c2240a4a79a	0	existing_challenge	seq_ff52df2bb6a08a1e02153cf01531c1f66b88e2b5a3773f1515858c2240a4a79a	89	/home/lvfang/ESMC_halophile/R3_existing_challenge_v1_output/esm2/records/f8/f879f5b8e375691dce438ec86fa0c2848f59eba7fa81c23a4797803bb29650a0.npy
158	158	seq_455e356fba302860c6e410bd81ab5b592f290c0ee938734fa73c1f70e8642477	0	existing_challenge	seq_455e356fba302860c6e410bd81ab5b592f290c0ee938734fa73c1f70e8642477	268	/home/lvfang/ESMC_halophile/R3_existing_challenge_v1_output/esm2/records/5e/5ec4ccd4a18bcae14fa62ce00ede2420afbe2eab952402b6b6207d5d19253450.npy
159	159	seq_074610910db4ca5e1a4c335412679c84142c3780de0d96d9c26850d13674fb55	0	existing_challenge	seq_074610910db4ca5e1a4c335412679c84142c3780de0d96d9c26850d13674fb55	371	/home/lvfang/ESMC_halophile/R3_existing_challenge_v1_output/esm2/records/69/699b16888466aeca499aea3c043ca488cb7a935afdb54389c08b5ba86b5683c4.npy
160	160	seq_a892a554a2597d72295666b7005af625ace212c68b25503b8b22bd0bd753ad2f	0	existing_challenge	seq_a892a554a2597d72295666b7005af625ace212c68b25503b8b22bd0bd753ad2f	394	/home/lvfang/ESMC_halophile/R3_existing_challenge_v1_output/esm2/records/e9/e940a2af83859bc9d5917d300b790596c0bb0828dc06caa5d773845f95dd9baf.npy
161	161	seq_5d0e3c1672471bf0758fe20573bf2bd2b64b9ec3188775bb0e77ed1ad3e9cb9e	0	existing_challenge	seq_5d0e3c1672471bf0758fe20573bf2bd2b64b9ec3188775bb0e77ed1ad3e9cb9e	295	/home/lvfang/ESMC_halophile/R3_existing_challenge_v1_output/esm2/records/c4/c4fddae6be4d7070de324db3b7f51dc697d68c2a5ed31a7146fafcc5bc4dd724.npy
162	162	seq_2ef75a9ccbbb42f50d0be6f6f42b491cd396cdd5d36d509657366af2e91ca34d	0	existing_challenge	seq_2ef75a9ccbbb42f50d0be6f6f42b491cd396cdd5d36d509657366af2e91ca34d	387	/home/lvfang/ESMC_halophile/R3_existing_challenge_v1_output/esm2/records/4b/4bb8261af3909286d051aa62b8a18115b329bda92df22d8e963dcfe7b98a8802.npy
163	163	seq_e88412b5d725c734c8d2206836db12ecd2cb0aaf7698a16d8e63c9805de45170	0	existing_challenge	seq_e88412b5d725c734c8d2206836db12ecd2cb0aaf7698a16d8e63c9805de45170	1152	/home/lvfang/ESMC_halophile/R3_existing_challenge_v1_output/esm2/records/7f/7f7f7d55ad6fe06ed96854f04c8968468bf462daea93cb5503d6ea3350f5f2d5.npy
164	164	seq_5b750e85ff17fbf9df02fa733f418241ee3423dc7b78ec023bd5c28a5b1624b9	0	existing_challenge	seq_5b750e85ff17fbf9df02fa733f418241ee3423dc7b78ec023bd5c28a5b1624b9	268	/home/lvfang/ESMC_halophile/R3_existing_challenge_v1_output/esm2/records/db/db1e586c8eab281e42f921555d25d87ad290d19f9f3d40041392863d4ae2ab0d.npy
165	165	seq_4d9cccfa5dba38d8c4ee1546cbfc91a68d5fe2cd2a0caae6b24d4e616a9ba6a3	0	existing_challenge	seq_4d9cccfa5dba38d8c4ee1546cbfc91a68d5fe2cd2a0caae6b24d4e616a9ba6a3	225	/home/lvfang/ESMC_halophile/R3_existing_challenge_v1_output/esm2/records/ad/ad522fdb04d0b4fcb7f498524eccb40cc0ebb0c85313a03763ce3fdcdf958f42.npy
166	166	seq_c5a8f6ed8cb3946fd3b7cdfae0384be0c27248cdfe08741fcc9fa2b564f83410	0	existing_challenge	seq_c5a8f6ed8cb3946fd3b7cdfae0384be0c27248cdfe08741fcc9fa2b564f83410	86	/home/lvfang/ESMC_halophile/R3_existing_challenge_v1_output/esm2/records/c2/c24652784fb736ca35c3b215fc80dffe9a917acc21b22089724b3221d53bc085.npy
167	167	seq_377c0febadf087b5418a74b65ae4d6fb422a5e5b15c0a31f0f88ffeb5e89c04f	0	existing_challenge	seq_377c0febadf087b5418a74b65ae4d6fb422a5e5b15c0a31f0f88ffeb5e89c04f	306	/home/lvfang/ESMC_halophile/R3_existing_challenge_v1_output/esm2/records/a0/a0a78b8d04e20e9948eb13f8f0bd3f4840e8396d720e25073eb98ba0b73f3b95.npy
168	168	seq_8c554a588bc330a6689af9bca434914cd11347d881f7dd0ab2fed971562d3c5f	0	existing_challenge	seq_8c554a588bc330a6689af9bca434914cd11347d881f7dd0ab2fed971562d3c5f	253	/home/lvfang/ESMC_halophile/R3_existing_challenge_v1_output/esm2/records/4b/4b54caff566c5ca6ccabeec23d6c7f1de9457caf224497ccbb544c7206a77904.npy
169	169	seq_5fb80139673dd2f517e7e466bb75b74b59a41140d858fde6461cbd4fad771b20	0	existing_challenge	seq_5fb80139673dd2f517e7e466bb75b74b59a41140d858fde6461cbd4fad771b20	83	/home/lvfang/ESMC_halophile/R3_existing_challenge_v1_output/esm2/records/d2/d2c3021df6a90655d96d554b83efb08ae82f089b88397ae42ab685e0eab6490f.npy
170	170	seq_8a7bb1063b1a436ea7f0ebcb6f6008444c79e0644926ce5047414d1b38930f18	0	existing_challenge	seq_8a7bb1063b1a436ea7f0ebcb6f6008444c79e0644926ce5047414d1b38930f18	319	/home/lvfang/ESMC_halophile/R3_existing_challenge_v1_output/esm2/records/61/61fc08d75dd6e66388870689a5f54e50648108d4bb843f682f60b582ecad14ad.npy
171	171	seq_58d709cf047f8da06c6dac453a3c046b8e6ea09475dbfaf46b790197d3cecbbb	0	existing_challenge	seq_58d709cf047f8da06c6dac453a3c046b8e6ea09475dbfaf46b790197d3cecbbb	133	/home/lvfang/ESMC_halophile/R3_existing_challenge_v1_output/esm2/records/a7/a75a7d98178c74ed307966c3075a928fcdfbdf1f1b7958edf3c3503ef8ecbf9c.npy
172	172	seq_b8e60dcdaf16bb162f6167df1cf4037fdc7db4173ab491890b19d00bd8ecdd70	0	existing_challenge	seq_b8e60dcdaf16bb162f6167df1cf4037fdc7db4173ab491890b19d00bd8ecdd70	398	/home/lvfang/ESMC_halophile/R3_existing_challenge_v1_output/esm2/records/9b/9b1f0f5d616212499a4ad8cbf83edd3ac3dd2442a226d631246dee8798133dc4.npy
173	173	seq_ca1846814698b043cdf112e766b1f17c31011a2bfb243bdde46126e8d16afbb6	0	existing_challenge	seq_ca1846814698b043cdf112e766b1f17c31011a2bfb243bdde46126e8d16afbb6	382	/home/lvfang/ESMC_halophile/R3_existing_challenge_v1_output/esm2/records/85/8569fb18fe19cfb4dddabf0d3213f322a3d4c0ced753257c3c29360634314ad3.npy
174	174	seq_57eab09787f895515107f6844f1e41e14c038fc015d5c82e33256807e8640cad	0	existing_challenge	seq_57eab09787f895515107f6844f1e41e14c038fc015d5c82e33256807e8640cad	203	/home/lvfang/ESMC_halophile/R3_existing_challenge_v1_output/esm2/records/bd/bdffc7cefd7a8867d7a684cbe65b6409b138d35baf6325123b40dcf651e607e9.npy
175	175	seq_29de739fe7bfa26b09f7eecf41bccec06bbb29b0a402f0c19308fe0414afc83c	0	existing_challenge	seq_29de739fe7bfa26b09f7eecf41bccec06bbb29b0a402f0c19308fe0414afc83c	288	/home/lvfang/ESMC_halophile/R3_existing_challenge_v1_output/esm2/records/6a/6a65df98aaec00cd9dda900864654751b44575d9489500053eb45156e1f9a759.npy
176	176	seq_d846de2181cf9bc0b03e707f737916bea9327181f27a1576b4670da084f86b39	0	existing_challenge	seq_d846de2181cf9bc0b03e707f737916bea9327181f27a1576b4670da084f86b39	160	/home/lvfang/ESMC_halophile/R3_existing_challenge_v1_output/esm2/records/81/81730799adb18f18b8054b0df3ff019b786ce7aee49c43fedf3de49c92712d7b.npy
177	177	seq_2d00bb2996f81c8f2ca3293d53de9be9e28c308b19988ebeadbbd08bd72fd20e	0	existing_challenge	seq_2d00bb2996f81c8f2ca3293d53de9be9e28c308b19988ebeadbbd08bd72fd20e	140	/home/lvfang/ESMC_halophile/R3_existing_challenge_v1_output/esm2/records/6d/6d32401c342d7a8e1c9acf572374a25b8769e098e7c1d26a53683fe1d432fcb1.npy
178	178	seq_3d24040c9031691a5bbda8af17abc41f414f33e0eb3f17d304f8b8344f6f71f2	0	existing_challenge	seq_3d24040c9031691a5bbda8af17abc41f414f33e0eb3f17d304f8b8344f6f71f2	214	/home/lvfang/ESMC_halophile/R3_existing_challenge_v1_output/esm2/records/7b/7b7c171fb5719852475598dae4659ae3c45fecb17d9e4f78eacd19353a262e0b.npy
179	179	seq_95a03194a3a4920896cbd4fdb634ef77054b7dc25ba7845367ce83925f900d1d	0	existing_challenge	seq_95a03194a3a4920896cbd4fdb634ef77054b7dc25ba7845367ce83925f900d1d	241	/home/lvfang/ESMC_halophile/R3_existing_challenge_v1_output/esm2/records/08/08250a4518568bacb637d1d75feea26c10e8d0c27bc8338359f9b9d4ccb80b95.npy
180	180	seq_bcd291f3d8c8aac75e86a344a4e1cfb3f053fa2fa845127aab1a5d32eab861fa	0	existing_challenge	seq_bcd291f3d8c8aac75e86a344a4e1cfb3f053fa2fa845127aab1a5d32eab861fa	140	/home/lvfang/ESMC_halophile/R3_existing_challenge_v1_output/esm2/records/23/23b764c901c290534d5ccb6118023c44ca956df07a5e672358200ab0575ab2de.npy
181	181	seq_23f26dbb9edaad770e948f98566c287da044ab49905b6f3de245c086495a2311	0	existing_challenge	seq_23f26dbb9edaad770e948f98566c287da044ab49905b6f3de245c086495a2311	297	/home/lvfang/ESMC_halophile/R3_existing_challenge_v1_output/esm2/records/1f/1fa9fdebab519e5add65b2e9b98072343f31a45073fd68f82269a0aa8d6672c3.npy
182	182	seq_93efca9890d32d143b856da84c91bfe1d5368cf3043ac86003d059f5e57e3adf	0	existing_challenge	seq_93efca9890d32d143b856da84c91bfe1d5368cf3043ac86003d059f5e57e3adf	162	/home/lvfang/ESMC_halophile/R3_existing_challenge_v1_output/esm2/records/b7/b724841289065bcf9ba4889ca2856182be29afe66f0f1a924903996a7a5ed141.npy
183	183	seq_0e6a54ff1df5fd6d5615a8b93811c226307eac15e1ed822eeba2daea43c32b02	0	existing_challenge	seq_0e6a54ff1df5fd6d5615a8b93811c226307eac15e1ed822eeba2daea43c32b02	170	/home/lvfang/ESMC_halophile/R3_existing_challenge_v1_output/esm2/records/14/14b29b51e826078930d092f3d1fea42f6102c6651ab9c588f21a21fe2cfc4287.npy
184	184	seq_107c298febe31dfd3d9662640e438b1534326e8d6bb1e1e3932774c346ad52eb	0	existing_challenge	seq_107c298febe31dfd3d9662640e438b1534326e8d6bb1e1e3932774c346ad52eb	62	/home/lvfang/ESMC_halophile/R3_existing_challenge_v1_output/esm2/records/02/02a09a1a0f035a5f847645716ab3c33badba0f141cc1e102cc18f90fa90fd478.npy
185	185	seq_a4975abd854a1956c56873459d52ae411c1f752449b655f23aa8c3ae0100eae0	0	existing_challenge	seq_a4975abd854a1956c56873459d52ae411c1f752449b655f23aa8c3ae0100eae0	230	/home/lvfang/ESMC_halophile/R3_existing_challenge_v1_output/esm2/records/b9/b905daebd6e409a66ec1406fe52ea9d041634200026801ec2c02e962fd154d30.npy
186	186	seq_4b6f59f6f3f8377b085f39439f2b6e4e0bd0b95abe3638cd257a7bd72cfda437	0	existing_challenge	seq_4b6f59f6f3f8377b085f39439f2b6e4e0bd0b95abe3638cd257a7bd72cfda437	271	/home/lvfang/ESMC_halophile/R3_existing_challenge_v1_output/esm2/records/aa/aaa96e2dfb7d042e0296900407f8fb136362a42763529c4a6b97b78537db431f.npy
187	187	seq_f23c3e737f83fefd4746aaac9ec9fccd8cd3cc05524128bf1660075061bef5f5	0	existing_challenge	seq_f23c3e737f83fefd4746aaac9ec9fccd8cd3cc05524128bf1660075061bef5f5	69	/home/lvfang/ESMC_halophile/R3_existing_challenge_v1_output/esm2/records/4d/4d9c2cd21d6b82e2390a5ea5d8baf271b4b564abf63e1bd51ecf0dddb6fdc2c5.npy
188	188	seq_e1cf152df6713e22bc785b80eb23bc64ca8bfe07989bcd70f776fe4a89b48fb2	0	existing_challenge	seq_e1cf152df6713e22bc785b80eb23bc64ca8bfe07989bcd70f776fe4a89b48fb2	770	/home/lvfang/ESMC_halophile/R3_existing_challenge_v1_output/esm2/records/e4/e4d025e643d57d670f1814f68b247672a8fe752ed6e750af6d016f3690535cb4.npy
189	189	seq_1a405b68e4228d56facb495af82e0ab9c293f51f2adfd782f3f24f30812db766	0	existing_challenge	seq_1a405b68e4228d56facb495af82e0ab9c293f51f2adfd782f3f24f30812db766	370	/home/lvfang/ESMC_halophile/R3_existing_challenge_v1_output/esm2/records/8c/8cdbf4599bf00f620ae18b7bc02346686e9bcd10245d2b2f7a6e6eef5cc6e377.npy
190	190	seq_ad5c8922546bb027a2214017c2dd6f146f69b516d99995c4e0b3d8d2b5c7ffe7	0	existing_challenge	seq_ad5c8922546bb027a2214017c2dd6f146f69b516d99995c4e0b3d8d2b5c7ffe7	330	/home/lvfang/ESMC_halophile/R3_existing_challenge_v1_output/esm2/records/e7/e75ca85d6afb0c3c701aafd4151493859751ccc1c65bad529a8341307a8cd454.npy
191	191	seq_c0c3eca42b1d1702e16c0e0840670adb5f0ae00dc6a556f80c4348564c93ec7f	0	existing_challenge	seq_c0c3eca42b1d1702e16c0e0840670adb5f0ae00dc6a556f80c4348564c93ec7f	190	/home/lvfang/ESMC_halophile/R3_existing_challenge_v1_output/esm2/records/e9/e9e6497344c10b7ecc6ba124c586fc467aa7699e439b2cd2ff61d2f3be5831ba.npy
192	192	seq_2cbc394a1313da91122a48f2acc858cc614efe0a766ca3c5e0105b05e8c2b5be	0	existing_challenge	seq_2cbc394a1313da91122a48f2acc858cc614efe0a766ca3c5e0105b05e8c2b5be	327	/home/lvfang/ESMC_halophile/R3_existing_challenge_v1_output/esm2/records/74/74e98fff200b613b029d1eacb46ca16b331dbda592ee3c8999b5d6e1d5d8cc78.npy
193	193	seq_0a15167aca9df1fceb855a93306477339dd5a986b2476eda96bf4a427a01e0d0	0	existing_challenge	seq_0a15167aca9df1fceb855a93306477339dd5a986b2476eda96bf4a427a01e0d0	1134	/home/lvfang/ESMC_halophile/R3_existing_challenge_v1_output/esm2/records/a7/a75f057084771106ea87612385c40f2b85f36171c04cf5fa07694fcbb25c5cdf.npy
194	194	seq_70fcee96473a4bd82ac505b0d61811a51d299cac2263f74a7603347e16d6dac3	0	existing_challenge	seq_70fcee96473a4bd82ac505b0d61811a51d299cac2263f74a7603347e16d6dac3	574	/home/lvfang/ESMC_halophile/R3_existing_challenge_v1_output/esm2/records/f1/f1bb581cd64f0d2bc36fbd4023385fa992a3bcf9f09a5b835528ecba1dd7e88f.npy
195	195	seq_129bc715cfaeea32cb572d304918037ce9c6092a4ca586f8659b8431b7e778e4	0	existing_challenge	seq_129bc715cfaeea32cb572d304918037ce9c6092a4ca586f8659b8431b7e778e4	253	/home/lvfang/ESMC_halophile/R3_existing_challenge_v1_output/esm2/records/8c/8cbcd6fb78039602d5ac8acba1a7fa68bc3cf553a5f639f8187783f9f276a467.npy
196	196	seq_fbf2b696146a3430765b0208479b77d5437dbc6560148626ede0a8027a2f8172	0	existing_challenge	seq_fbf2b696146a3430765b0208479b77d5437dbc6560148626ede0a8027a2f8172	293	/home/lvfang/ESMC_halophile/R3_existing_challenge_v1_output/esm2/records/dc/dcedb6f6a3d6ded3561d4a011a5c8f7296749576a9524f5b263f4a7e7424427b.npy
197	197	seq_901f34ce8313cbd1aaaadf82a192e5fb11008e1edcca7f6e37342e9d5eac574e	0	existing_challenge	seq_901f34ce8313cbd1aaaadf82a192e5fb11008e1edcca7f6e37342e9d5eac574e	143	/home/lvfang/ESMC_halophile/R3_existing_challenge_v1_output/esm2/records/b6/b60466c763d587a152eafe5e4dddafdaa452e123656f98abf55bca54c4779a57.npy
198	198	seq_f83a003d6dedda667a64c74905c8868d88b7b292bf1bbbecfd0870707d951243	0	existing_challenge	seq_f83a003d6dedda667a64c74905c8868d88b7b292bf1bbbecfd0870707d951243	139	/home/lvfang/ESMC_halophile/R3_existing_challenge_v1_output/esm2/records/69/6939d03d498ff856be8a1fdd4a5d0f056c348910978eaf96a25842a5322d1ae0.npy
199	199	seq_f789ae8438f157c0dc292ced15648861fc95bbf7001e2fbc60188865a2f9f3f2	0	existing_challenge	seq_f789ae8438f157c0dc292ced15648861fc95bbf7001e2fbc60188865a2f9f3f2	356	/home/lvfang/ESMC_halophile/R3_existing_challenge_v1_output/esm2/records/9c/9c309aca468bcef7996db1561e36ecce6d1c8f58dfc497e3f64fdb49907895af.npy
200	200	seq_91aed54b2914fb13987b80cfd6314965498975e72f0962d50fac70dccebf2877	0	existing_challenge	seq_91aed54b2914fb13987b80cfd6314965498975e72f0962d50fac70dccebf2877	365	/home/lvfang/ESMC_halophile/R3_existing_challenge_v1_output/esm2/records/a7/a79bc699f057672a93c42fd8cb126b6f56e72764ea6c4f034713eb9b639963a5.npy
201	201	seq_805d2284cf05cd54d7aa20b00b275f394c9d6c4cd32fc95f59a627ca6b072295	0	existing_challenge	seq_805d2284cf05cd54d7aa20b00b275f394c9d6c4cd32fc95f59a627ca6b072295	69	/home/lvfang/ESMC_halophile/R3_existing_challenge_v1_output/esm2/records/8f/8fada8a350d566b213a975c6a79a01d3e0631a38609ea45d10c5fb09aed831ed.npy
202	202	seq_13e43ca23ced03ee287da82a359afb278465a60bc7bbbc6a8042eb0ddadfbf8c	0	existing_challenge	seq_13e43ca23ced03ee287da82a359afb278465a60bc7bbbc6a8042eb0ddadfbf8c	479	/home/lvfang/ESMC_halophile/R3_existing_challenge_v1_output/esm2/records/d3/d3667d94a4e5cd3ccd89cb75d76bf719db9acad2bf98de551969bfe4ee46b648.npy
203	203	seq_313d06d25a41a4f3aa5489a1d35731ad6159aaaa16f2943c2ad71ba358a43d0c	0	existing_challenge	seq_313d06d25a41a4f3aa5489a1d35731ad6159aaaa16f2943c2ad71ba358a43d0c	322	/home/lvfang/ESMC_halophile/R3_existing_challenge_v1_output/esm2/records/82/823de3bd93ef77c7f3c429dce827778577ffb5f4f35f6f20b98765e4a45094d1.npy
204	204	seq_c835174867f42a1219bda2a9c6b618234722681f4d1bc575afb53c678dca53ca	0	existing_challenge	seq_c835174867f42a1219bda2a9c6b618234722681f4d1bc575afb53c678dca53ca	85	/home/lvfang/ESMC_halophile/R3_existing_challenge_v1_output/esm2/records/e2/e239ec31f7cbcc42e9671aacea15bb61929dec547293fe89e4ed5259fcb85fd8.npy
205	205	seq_2d81941f00a19e98098f04a600493368b7e51a43f83c52542572c12d52d5d6dc	0	existing_challenge	seq_2d81941f00a19e98098f04a600493368b7e51a43f83c52542572c12d52d5d6dc	169	/home/lvfang/ESMC_halophile/R3_existing_challenge_v1_output/esm2/records/32/32380d53e829e32080a126fa55d1ad8259ea5578bda24bcf195bc20e2c8552e1.npy
206	206	seq_81812f7d1f5de867e61aa9b164ad4ac74d2bba13cf44869685c7ba854f757ab8	0	existing_challenge	seq_81812f7d1f5de867e61aa9b164ad4ac74d2bba13cf44869685c7ba854f757ab8	421	/home/lvfang/ESMC_halophile/R3_existing_challenge_v1_output/esm2/records/ad/ad7c6e1b01e86bfd8ab440dfb319d2b6f4c246c32b77eae033b62768567277eb.npy
207	207	seq_60990c70285e2ff442d67f63eca456aace161a1bbb4aaa59bfac8df508c19f50	0	existing_challenge	seq_60990c70285e2ff442d67f63eca456aace161a1bbb4aaa59bfac8df508c19f50	105	/home/lvfang/ESMC_halophile/R3_existing_challenge_v1_output/esm2/records/ec/ecf3750697558a1d0010ef6be5be27bee59aa79c7999fb913c5dd922ad4f8c34.npy
208	208	seq_cdcf9620c8e029554022a18bf109d6ffa2c22487a6d4ea4b12b0db038bb3f8ca	0	existing_challenge	seq_cdcf9620c8e029554022a18bf109d6ffa2c22487a6d4ea4b12b0db038bb3f8ca	352	/home/lvfang/ESMC_halophile/R3_existing_challenge_v1_output/esm2/records/ba/ba87418ab0346f60e5ea993b2faabe2892870f52772903c748afe7a32ed07aa5.npy
209	209	seq_f99164410810d0e7d10fed26083dbe5bbc2b140d3a32a58ce45194d8397b326f	0	existing_challenge	seq_f99164410810d0e7d10fed26083dbe5bbc2b140d3a32a58ce45194d8397b326f	448	/home/lvfang/ESMC_halophile/R3_existing_challenge_v1_output/esm2/records/d9/d9388a32ccb8c186c99e7122cfaf82032cf996725150c2ce19b64173837192c3.npy
210	210	seq_569e57fb53fdf691b150d83f1e51392335459ad3e046b3c382b50c309cc9b1a1	0	existing_challenge	seq_569e57fb53fdf691b150d83f1e51392335459ad3e046b3c382b50c309cc9b1a1	103	/home/lvfang/ESMC_halophile/R3_existing_challenge_v1_output/esm2/records/c0/c0c4acf516cd19759af005f7af6d1a9363028d5e8e1e8e3ab534222d81c76727.npy
211	211	seq_9b4e76dd5ea6d5d7e167a2e6477e861004fee649f3e5db674d52ee8177ca8375	0	existing_challenge	seq_9b4e76dd5ea6d5d7e167a2e6477e861004fee649f3e5db674d52ee8177ca8375	289	/home/lvfang/ESMC_halophile/R3_existing_challenge_v1_output/esm2/records/0e/0ee63a6758787ceaec895ec38fabc546d5e19ab2ddf214174fa9b334363241fc.npy
212	212	seq_e9bdbb1e8049bf4a1888996c1ca57347a2a0cf890b97200f7c95c1fccbaf8005	0	existing_challenge	seq_e9bdbb1e8049bf4a1888996c1ca57347a2a0cf890b97200f7c95c1fccbaf8005	296	/home/lvfang/ESMC_halophile/R3_existing_challenge_v1_output/esm2/records/27/2776434a22120a53e29bdd0a8bca0f326093de167a938a149b61534440c78a91.npy
213	213	seq_082ab569785d46097d6b6376ad0bc732254a11106c1fbff6d2f9c579ef828687	0	existing_challenge	seq_082ab569785d46097d6b6376ad0bc732254a11106c1fbff6d2f9c579ef828687	225	/home/lvfang/ESMC_halophile/R3_existing_challenge_v1_output/esm2/records/70/7082c394bf21663055c4624943e673a43581609825112e9ae7793041111eed07.npy
214	214	seq_fcda45399da15c3965cf3e5fbd917981ebeb64b2c8fe4acff887c8c4407fc919	0	existing_challenge	seq_fcda45399da15c3965cf3e5fbd917981ebeb64b2c8fe4acff887c8c4407fc919	196	/home/lvfang/ESMC_halophile/R3_existing_challenge_v1_output/esm2/records/3f/3f001bfb2c17f9f30f30eb8534a346f4b465ae99c86eefb86a8792456add90af.npy
215	215	seq_f8ea594a46fe53fdc0d152128071bce1bfc57c7840e20b8ffca89dba29d261ce	0	existing_challenge	seq_f8ea594a46fe53fdc0d152128071bce1bfc57c7840e20b8ffca89dba29d261ce	176	/home/lvfang/ESMC_halophile/R3_existing_challenge_v1_output/esm2/records/e8/e81a0b08fc6af31e239b0a9b011c283e26cb376e9fec62fb1aebb81743d666a5.npy
216	216	seq_433ce2c62b3df8ee4333551ade632d7bc6989ae7e540998f3224dd65777bc648	0	existing_challenge	seq_433ce2c62b3df8ee4333551ade632d7bc6989ae7e540998f3224dd65777bc648	219	/home/lvfang/ESMC_halophile/R3_existing_challenge_v1_output/esm2/records/9e/9e154e68d0d400cb63bca895622f9f022082a5c78d8e28e14f5a3e0955aaee7d.npy
217	217	seq_b5a0e595df8dd7eb4c2cd19977f902b29b046e7cfa632c411bb2157593ec0cfd	0	existing_challenge	seq_b5a0e595df8dd7eb4c2cd19977f902b29b046e7cfa632c411bb2157593ec0cfd	199	/home/lvfang/ESMC_halophile/R3_existing_challenge_v1_output/esm2/records/a2/a26d3515122879ee46a27de28b6cc1c7ec0bb369a9bea47a89e2e9f93544a5ad.npy
218	218	seq_5b1e93840d86294dc76c00611726c6e9ac5db45e6e7e0430be893123b092577f	0	existing_challenge	seq_5b1e93840d86294dc76c00611726c6e9ac5db45e6e7e0430be893123b092577f	332	/home/lvfang/ESMC_halophile/R3_existing_challenge_v1_output/esm2/records/a4/a493c7e2f9dcfab822bf6a9b17c0bae98a54177d185ceeb83303ac8caa6c7bf4.npy
219	219	seq_6e371f174ede3c639919d0298bf93f10abbbc0a4a12719e5594d3093948a15bf	0	existing_challenge	seq_6e371f174ede3c639919d0298bf93f10abbbc0a4a12719e5594d3093948a15bf	209	/home/lvfang/ESMC_halophile/R3_existing_challenge_v1_output/esm2/records/70/70aee32492662653c74ed63afee32effd7e84a8bb7d5893667b6bee53c07d83f.npy
220	220	seq_74244655c9da43c0f0f5ad23571a8b1815eb56bcd035e79f67000f978670ae6a	0	existing_challenge	seq_74244655c9da43c0f0f5ad23571a8b1815eb56bcd035e79f67000f978670ae6a	71	/home/lvfang/ESMC_halophile/R3_existing_challenge_v1_output/esm2/records/4a/4a869df45d1051480f318f2d3866b2d99d4e628227241f70235f9f06756e303e.npy
221	221	seq_8ee3a0af3e9351cbe4ee6ce274eae63c1b2f33e1a2cf6066662f3797cec72bb8	0	existing_challenge	seq_8ee3a0af3e9351cbe4ee6ce274eae63c1b2f33e1a2cf6066662f3797cec72bb8	320	/home/lvfang/ESMC_halophile/R3_existing_challenge_v1_output/esm2/records/8b/8b3617cbc8e2256fab28bef6d93917746b82137a4cef827b2a1a0421e59f1b46.npy
222	222	seq_7072f2df382c6f64ef82d04a9392179eebb57f166e6a93357ea538912186205b	0	existing_challenge	seq_7072f2df382c6f64ef82d04a9392179eebb57f166e6a93357ea538912186205b	829	/home/lvfang/ESMC_halophile/R3_existing_challenge_v1_output/esm2/records/18/18e7b3fac3e9d9f299fc50060bbe535587586dee43c81bf84a92d82a8562873e.npy
223	223	seq_cd99a503f309751a2f6d8525ad732b5051bff5c4f75a2c96ac76967d93f40d01	0	existing_challenge	seq_cd99a503f309751a2f6d8525ad732b5051bff5c4f75a2c96ac76967d93f40d01	178	/home/lvfang/ESMC_halophile/R3_existing_challenge_v1_output/esm2/records/d0/d044b643db8b6059316721dfd7082574bfbafce09005fd87543cdb32e5322e72.npy
224	224	seq_d96b5b2c133057de43d61b1a85b3845e71c9fa671f773f8d4818bbffeac5e6fe	0	existing_challenge	seq_d96b5b2c133057de43d61b1a85b3845e71c9fa671f773f8d4818bbffeac5e6fe	126	/home/lvfang/ESMC_halophile/R3_existing_challenge_v1_output/esm2/records/5c/5c45ac465fcd07977a90e497a13848be27931add9cf02cb4dbdb89404f5c33a4.npy
225	225	seq_7b68c2cc5b862f339a4ad2cc711a6bd895cc894dfd36f9284146be2be61d0c03	0	existing_challenge	seq_7b68c2cc5b862f339a4ad2cc711a6bd895cc894dfd36f9284146be2be61d0c03	149	/home/lvfang/ESMC_halophile/R3_existing_challenge_v1_output/esm2/records/f1/f1e7276ea3ca4a19743f704bf69696063ebcd8527611cc0288e2db672dd4215b.npy
226	226	seq_6328d68d1420aa2e7c67c39c1543f017bb8b43feeaf0314d88453d34dc0591c5	0	existing_challenge	seq_6328d68d1420aa2e7c67c39c1543f017bb8b43feeaf0314d88453d34dc0591c5	159	/home/lvfang/ESMC_halophile/R3_existing_challenge_v1_output/esm2/records/03/03a8dbdff856fbaed306a9adecaa2929760ba740384a942aae7fc56bbeb46f0b.npy
227	227	seq_e7e56b5e058963ebd7c6f7a05da321ee93847226bcdd815c8acc3a21c6260020	0	existing_challenge	seq_e7e56b5e058963ebd7c6f7a05da321ee93847226bcdd815c8acc3a21c6260020	169	/home/lvfang/ESMC_halophile/R3_existing_challenge_v1_output/esm2/records/bf/bf7a10cadaa52ad23075997879478f04be97d95b1bd4d1bf26044a2b6884a1c1.npy
228	228	seq_9ebf62d7e1daccdb0c608392c6eb0a796b68f4555b6090f3a64f022c1b69986c	0	existing_challenge	seq_9ebf62d7e1daccdb0c608392c6eb0a796b68f4555b6090f3a64f022c1b69986c	115	/home/lvfang/ESMC_halophile/R3_existing_challenge_v1_output/esm2/records/75/752150fe6cdcbc801718729e25d217467e844e9560b9762f1785b8bc3311a17c.npy
229	229	seq_0babc1c4a7d7be9e9466ab739a97c91c26cf9cbc11168a81afebfad7f06a95af	0	existing_challenge	seq_0babc1c4a7d7be9e9466ab739a97c91c26cf9cbc11168a81afebfad7f06a95af	316	/home/lvfang/ESMC_halophile/R3_existing_challenge_v1_output/esm2/records/25/2583ee2c807df5db3bbeee5a1b127fc4ea70bde0da8042b44ea50a61de2be345.npy
230	230	seq_d56f2bbf7f588500a944d5a70e08a801ef3588160ccf73e692e9902977689f51	0	existing_challenge	seq_d56f2bbf7f588500a944d5a70e08a801ef3588160ccf73e692e9902977689f51	144	/home/lvfang/ESMC_halophile/R3_existing_challenge_v1_output/esm2/records/57/57b40cad27fb61df523fb243f0842ba20f97d5b5c7bb7c96611c36fc76a6f265.npy
231	231	seq_c6d89e9c52168901ccab3db916523f34aff6b4a5a80dd78d2eaf48d6b7d6bbeb	0	existing_challenge	seq_c6d89e9c52168901ccab3db916523f34aff6b4a5a80dd78d2eaf48d6b7d6bbeb	121	/home/lvfang/ESMC_halophile/R3_existing_challenge_v1_output/esm2/records/20/20719b070670dbe6a1dd5edacffb2033f9dd053b04fe6e888a8f1bd442cb5f37.npy
232	232	seq_b9e4b3a1f83026ed89f2a3e974f5ea7ffea626daf1b73d429b186518c9a595ac	0	existing_challenge	seq_b9e4b3a1f83026ed89f2a3e974f5ea7ffea626daf1b73d429b186518c9a595ac	410	/home/lvfang/ESMC_halophile/R3_existing_challenge_v1_output/esm2/records/4e/4e6f41196aed4fa0ac96ffcf291232a88b00c5a6bb1ef471b489adc4eaa7ed36.npy
233	233	seq_834ba10fd2934eb15db750c0c9abb95a03fd97a8047f7cf261559500acd9bebb	0	existing_challenge	seq_834ba10fd2934eb15db750c0c9abb95a03fd97a8047f7cf261559500acd9bebb	118	/home/lvfang/ESMC_halophile/R3_existing_challenge_v1_output/esm2/records/c2/c20264e1dc5314be1b600ffcb1e59e94e944bb9e82db360f330ffc6841ccfae1.npy
234	234	seq_1c0b9b0499289a6bbc953b086b0c009d0cc3dd352f5711cb2b7181ea9a7216ea	0	existing_challenge	seq_1c0b9b0499289a6bbc953b086b0c009d0cc3dd352f5711cb2b7181ea9a7216ea	101	/home/lvfang/ESMC_halophile/R3_existing_challenge_v1_output/esm2/records/6b/6b42d96e3fbf6d51b03e7f467e4b1e61495d3ce04885c78f601ea13394e535dc.npy
235	235	seq_d9a43aae37ac3fc23e392764f9271f45e7708fe95b2d48877a17f34542f03baf	0	existing_challenge	seq_d9a43aae37ac3fc23e392764f9271f45e7708fe95b2d48877a17f34542f03baf	329	/home/lvfang/ESMC_halophile/R3_existing_challenge_v1_output/esm2/records/76/76211c810fd36eb05cde67d0313caed4c3e56641e0919f92e58511343a127de0.npy
236	236	seq_b5b8f8b7752b4e6a9233f1ee179b0c8552e9df007dd911cfff4f30f4fa2ab03d	0	existing_challenge	seq_b5b8f8b7752b4e6a9233f1ee179b0c8552e9df007dd911cfff4f30f4fa2ab03d	157	/home/lvfang/ESMC_halophile/R3_existing_challenge_v1_output/esm2/records/0b/0b820e7e813bf37e4f6181a8ac3c4f5c3ed0ef3216c7299875d43568f2689f47.npy
237	237	seq_bdeac4eedfe3aaaa79b787a27221c24df07301c20e3bd5c573e5c457102416b3	0	existing_challenge	seq_bdeac4eedfe3aaaa79b787a27221c24df07301c20e3bd5c573e5c457102416b3	56	/home/lvfang/ESMC_halophile/R3_existing_challenge_v1_output/esm2/records/45/45a4edf2efd9007bc165081c1459ec7d3cfdfe7b6172d1d909e43ba18c39c642.npy
238	238	seq_2ccf2961d38cf7ca2c15229e3a994f434e3fcf628e20f2015378686f3142ce70	0	existing_challenge	seq_2ccf2961d38cf7ca2c15229e3a994f434e3fcf628e20f2015378686f3142ce70	301	/home/lvfang/ESMC_halophile/R3_existing_challenge_v1_output/esm2/records/5d/5d72aa3ac0ed5a68bec5d072c1001bcb64c47aad97533436dae6c449715e5aa9.npy
239	239	seq_b02a9f9d7f14909669143f5d571ce962db46e47621a0edffbd914a236e8a3a16	0	existing_challenge	seq_b02a9f9d7f14909669143f5d571ce962db46e47621a0edffbd914a236e8a3a16	367	/home/lvfang/ESMC_halophile/R3_existing_challenge_v1_output/esm2/records/f9/f9aa884bf9f77255c698ae27f9820cf949ab522002c8d43d6e19afd8a0feb915.npy
240	240	seq_dd7a382d52fafb33bacaaa4fdcb3b84533c2a821f8957303c1641f0886b70d7f	0	existing_challenge	seq_dd7a382d52fafb33bacaaa4fdcb3b84533c2a821f8957303c1641f0886b70d7f	139	/home/lvfang/ESMC_halophile/R3_existing_challenge_v1_output/esm2/records/ef/ef8955e31248bb22428022ad8286f1789ab8f90914fea91e177e4491f18b52cd.npy
241	241	seq_7bd51a9b566ede2f49f8ad04f1eff7e78efee2398aaaea601be7b8ee6eca63e1	0	existing_challenge	seq_7bd51a9b566ede2f49f8ad04f1eff7e78efee2398aaaea601be7b8ee6eca63e1	341	/home/lvfang/ESMC_halophile/R3_existing_challenge_v1_output/esm2/records/4d/4deac043f24f79f9166e97ebbd3b44ed5af284dafb40d484f9fac1738027b3e8.npy
242	242	seq_095a65aa41f872bd8683431e82b9d5312e323dc29e5d86ad821588e4e27d12cd	0	existing_challenge	seq_095a65aa41f872bd8683431e82b9d5312e323dc29e5d86ad821588e4e27d12cd	259	/home/lvfang/ESMC_halophile/R3_existing_challenge_v1_output/esm2/records/62/622e3bbd6a49f7f99dc2367c0e6f64994b81a1c2b37ff253548ca1657f1f389d.npy
243	243	seq_a62abf4975b71482b8eb588b1ca3b6085c1de98a05c6ec02ce4025a64d454379	0	existing_challenge	seq_a62abf4975b71482b8eb588b1ca3b6085c1de98a05c6ec02ce4025a64d454379	213	/home/lvfang/ESMC_halophile/R3_existing_challenge_v1_output/esm2/records/35/35dd4f0c4959c113f52eeacfa5a1483f92a28dc63c3623f340b746b24bfc7684.npy
244	244	seq_a4b2f4323043c9b1553e8b64a16d8eb65787020cc7813882c03537694249b30c	0	existing_challenge	seq_a4b2f4323043c9b1553e8b64a16d8eb65787020cc7813882c03537694249b30c	460	/home/lvfang/ESMC_halophile/R3_existing_challenge_v1_output/esm2/records/2d/2d360e08a62e34ae4829f65d82aa58eee20b1fc14b34ec4accae4256d2544119.npy
245	245	seq_f417edfbb354c26326e246fd7ce64c0f8d147cbb1e4147c46b77c5aa2ec732f3	0	existing_challenge	seq_f417edfbb354c26326e246fd7ce64c0f8d147cbb1e4147c46b77c5aa2ec732f3	222	/home/lvfang/ESMC_halophile/R3_existing_challenge_v1_output/esm2/records/3e/3e6d141d888f1ab9766adb257ded59cb8f681a551c1b2521a5929fe72a05a1ca.npy
246	246	seq_97b5c2d4fcd64a862716b423f0988e1a048c4d2e393a98f2ccbbfb6b47cb0a99	0	existing_challenge	seq_97b5c2d4fcd64a862716b423f0988e1a048c4d2e393a98f2ccbbfb6b47cb0a99	247	/home/lvfang/ESMC_halophile/R3_existing_challenge_v1_output/esm2/records/c5/c505340d1e9e877da43c5106a9e34fbb2cd595a3ef40469fe1d8c80b4d5f3b87.npy
247	247	seq_43ff25b96647f920cd1a1c3a1a21233d3d7e07f0f04d7429bdeca69838f727e8	0	existing_challenge	seq_43ff25b96647f920cd1a1c3a1a21233d3d7e07f0f04d7429bdeca69838f727e8	276	/home/lvfang/ESMC_halophile/R3_existing_challenge_v1_output/esm2/records/32/32038f7f95cee750e52892fb48c12ecfb349710e14fad20916273eb3e6f3fe4b.npy
248	248	seq_004dee5c58a881824eef83cc2b07bb21b0cdde2680e7e4e8a1a33929eefa9197	0	existing_challenge	seq_004dee5c58a881824eef83cc2b07bb21b0cdde2680e7e4e8a1a33929eefa9197	147	/home/lvfang/ESMC_halophile/R3_existing_challenge_v1_output/esm2/records/af/af1d8880e1db2bbf2cf6137788533abf56a3e0968a8aa727a2ce044e794fc603.npy
249	249	seq_dcba787eed36f5b7a3eeff16da8369379451e19960f1a7f2fec3a3227ec59ab1	0	existing_challenge	seq_dcba787eed36f5b7a3eeff16da8369379451e19960f1a7f2fec3a3227ec59ab1	216	/home/lvfang/ESMC_halophile/R3_existing_challenge_v1_output/esm2/records/4b/4b11d1570993f5b629372b9d4fcde24624b4b77042195a343fe8db276c641465.npy
250	250	seq_bbd76622f346dc4576b76c4e4569a3d5f0f36b0753efd5b8e81c8dedf4b69a3c	0	existing_challenge	seq_bbd76622f346dc4576b76c4e4569a3d5f0f36b0753efd5b8e81c8dedf4b69a3c	145	/home/lvfang/ESMC_halophile/R3_existing_challenge_v1_output/esm2/records/62/62956da404d9b81368beb29f310852c89a59bd1a4414824628977b7e564a10d2.npy
251	251	seq_9acddd7b06480e002d12ba43cec75fd7679be3c79baa88c6b9fbe26dea9e0a1e	0	existing_challenge	seq_9acddd7b06480e002d12ba43cec75fd7679be3c79baa88c6b9fbe26dea9e0a1e	304	/home/lvfang/ESMC_halophile/R3_existing_challenge_v1_output/esm2/records/c5/c50ac465b5cb273f1e951b52a6b34fb4baf23fbea17065befc4d845e9f4de327.npy
252	252	seq_b5b321478448d34f7fa7ebd07302e4d31142204f27d6c014db23b93982980f64	0	existing_challenge	seq_b5b321478448d34f7fa7ebd07302e4d31142204f27d6c014db23b93982980f64	95	/home/lvfang/ESMC_halophile/R3_existing_challenge_v1_output/esm2/records/52/5293e8d6dabfb5bddabb320627ae026b39aeb37774f21529336e1f92e4470908.npy
253	253	seq_2c634d4412d46c501fb44ae61cf19b97fc0c5e84892dff7d026e7c925b1a024c	0	existing_challenge	seq_2c634d4412d46c501fb44ae61cf19b97fc0c5e84892dff7d026e7c925b1a024c	669	/home/lvfang/ESMC_halophile/R3_existing_challenge_v1_output/esm2/records/3a/3a57dfd441a9248524af828f711c748f50be21e125dc5fd458fa5226eed23089.npy
254	254	seq_fcc51b041f79338cd9cb6eaef6f7f0018ae35f3e28f1f7ba02f618562ea32938	0	existing_challenge	seq_fcc51b041f79338cd9cb6eaef6f7f0018ae35f3e28f1f7ba02f618562ea32938	505	/home/lvfang/ESMC_halophile/R3_existing_challenge_v1_output/esm2/records/33/334fcee817b34ac10cd3a6df4bec10c47b22d82761befe3fbfef1df004105d9b.npy
255	255	seq_35e3eb133d73cc53979a2fa79bc782e006402ad8ce9de9c64293c689934cb349	0	existing_challenge	seq_35e3eb133d73cc53979a2fa79bc782e006402ad8ce9de9c64293c689934cb349	666	/home/lvfang/ESMC_halophile/R3_existing_challenge_v1_output/esm2/records/f9/f9601e8bb6728bde8500b771224ad064b84b72eabf267e352be9d814c9035237.npy
256	256	seq_fef5f0022b3144a78987960124e6e57783e537c95950469c6ac69b257da584ec	0	existing_challenge	seq_fef5f0022b3144a78987960124e6e57783e537c95950469c6ac69b257da584ec	423	/home/lvfang/ESMC_halophile/R3_existing_challenge_v1_output/esm2/records/4b/4b869bfb9f6bdd0ac5ce524d52aa8004bb914f9aba0d017e8486287e9ab1ddc1.npy
257	257	seq_9d9167e8713814b6f3799297564014fd8aee054a633bd57d658358b130c4edeb	0	existing_challenge	seq_9d9167e8713814b6f3799297564014fd8aee054a633bd57d658358b130c4edeb	573	/home/lvfang/ESMC_halophile/R3_existing_challenge_v1_output/esm2/records/0a/0a6b4a7bc046e5191fb415e43d38ddb4b8c71293d23d6515426742a78350c3a3.npy
258	258	seq_1c07edf9d246bf7e15f56eac771ebbf3068a27159da6a97b7ea4beb0e98a0cc4	0	existing_challenge	seq_1c07edf9d246bf7e15f56eac771ebbf3068a27159da6a97b7ea4beb0e98a0cc4	607	/home/lvfang/ESMC_halophile/R3_existing_challenge_v1_output/esm2/records/9d/9d77066cb340bac25dc807ed88a13d0ba4a87cbb92559ce9168e4a2925971ee9.npy
259	259	seq_eef641939b434f213ca482ce4f16ca579b48a5c8457c5fddea8a80725aaff1e4	0	existing_challenge	seq_eef641939b434f213ca482ce4f16ca579b48a5c8457c5fddea8a80725aaff1e4	194	/home/lvfang/ESMC_halophile/R3_existing_challenge_v1_output/esm2/records/3b/3bfa36b59c5836d7da16c0159303acc89ef34f3e909dab2166c1c451c41b56d7.npy
260	260	seq_50b5589693fcfabfa8aaaa265fdfee59a7a1673d47eb3ea20e51386a7962e62b	0	existing_challenge	seq_50b5589693fcfabfa8aaaa265fdfee59a7a1673d47eb3ea20e51386a7962e62b	487	/home/lvfang/ESMC_halophile/R3_existing_challenge_v1_output/esm2/records/a8/a8200a49f6771b98fc8cbb9536ba87e0a7a6596d34f59ca96e099e49df5ed6c5.npy
261	261	seq_bd98d65ada2cd6bde793b4ead660d4d12cad5a744129b0139a06da703cb259fa	0	existing_challenge	seq_bd98d65ada2cd6bde793b4ead660d4d12cad5a744129b0139a06da703cb259fa	147	/home/lvfang/ESMC_halophile/R3_existing_challenge_v1_output/esm2/records/5a/5a77199474129bb8e690f9af758a03422d4df86e2e235d3863705a1e1f29684c.npy
262	262	seq_9e268912d6747ae695aac509962f10e478dfa0fb6ca3915c7769d7bb55b0ab4a	0	existing_challenge	seq_9e268912d6747ae695aac509962f10e478dfa0fb6ca3915c7769d7bb55b0ab4a	112	/home/lvfang/ESMC_halophile/R3_existing_challenge_v1_output/esm2/records/cd/cd2a1e7fadad50a83f73cef0f66286ea414196e45334c7c412c7fe5ca66a11f2.npy
263	263	seq_42f8f12650edcd7d59b6c4a658a8c6a33cfafbc3f5f56b7ad839c9fb7f4db1f0	0	existing_challenge	seq_42f8f12650edcd7d59b6c4a658a8c6a33cfafbc3f5f56b7ad839c9fb7f4db1f0	453	/home/lvfang/ESMC_halophile/R3_existing_challenge_v1_output/esm2/records/8e/8e0890ea7a0db1959cc49e500be4ecf2e7a7f7c1810f0f04fb6c8e4621d22221.npy
264	264	seq_c330af830b463bb1c9ea0bb821de8bbc54749f15189a81d4269d9fd79bc0bdad	0	existing_challenge	seq_c330af830b463bb1c9ea0bb821de8bbc54749f15189a81d4269d9fd79bc0bdad	148	/home/lvfang/ESMC_halophile/R3_existing_challenge_v1_output/esm2/records/da/da62775605cb129799a6807fd28896df5fa1b0203dc541e4e3646c7bbef3fb3e.npy
265	265	seq_b84953d158c28f31ef5e15a2cc5fb724ab713b19c70a3d1fc824f690bd67b726	0	existing_challenge	seq_b84953d158c28f31ef5e15a2cc5fb724ab713b19c70a3d1fc824f690bd67b726	134	/home/lvfang/ESMC_halophile/R3_existing_challenge_v1_output/esm2/records/78/781fe0c095643f09805bbb6f717f251f4f5a16200a29fdde49d29a49a53d4c0d.npy
266	266	seq_843c59a33881f2a48a71b7beac396fd35632a1dca51d7d628438f892978c1fa4	0	existing_challenge	seq_843c59a33881f2a48a71b7beac396fd35632a1dca51d7d628438f892978c1fa4	89	/home/lvfang/ESMC_halophile/R3_existing_challenge_v1_output/esm2/records/3d/3df1888e5bd463d44f0f8c0a07ed00026cbf53927cec3f66cfc3e75822fcceac.npy
267	267	seq_dae4871789f1fefcf09c4e695680a704581edda5d18e1e871573934446d2f0c4	0	existing_challenge	seq_dae4871789f1fefcf09c4e695680a704581edda5d18e1e871573934446d2f0c4	237	/home/lvfang/ESMC_halophile/R3_existing_challenge_v1_output/esm2/records/00/00f88e26fc8577226dbbafc91b5cbd3416804d84955e520f8dc8b79b07813ef9.npy
268	268	seq_c88beaf0f9a798b461fa5acfb9149e8d30bb9e91d82bf09c27a789135265da8e	0	existing_challenge	seq_c88beaf0f9a798b461fa5acfb9149e8d30bb9e91d82bf09c27a789135265da8e	427	/home/lvfang/ESMC_halophile/R3_existing_challenge_v1_output/esm2/records/da/da0c1d5fb7cf32a89d0bbf90ba0b3277ba42d2027bcb227473286d2624a414c6.npy
269	269	seq_afd2e4853cefe8f2cc772a1a9e8b21fe820774bd82494509a607686a6a56ea47	0	existing_challenge	seq_afd2e4853cefe8f2cc772a1a9e8b21fe820774bd82494509a607686a6a56ea47	286	/home/lvfang/ESMC_halophile/R3_existing_challenge_v1_output/esm2/records/8e/8eae4533a7b42d8d3e5e36678e0b4640434d98c88434d31e1661c4fe578cceb0.npy
270	270	seq_cc96625e9bd5f94a549f7eba4780f08e210c1ff78ba9d078e1e348429b131799	0	existing_challenge	seq_cc96625e9bd5f94a549f7eba4780f08e210c1ff78ba9d078e1e348429b131799	349	/home/lvfang/ESMC_halophile/R3_existing_challenge_v1_output/esm2/records/8b/8b25272d06a2bbc5bc427ecb8f3657dee3385720c6aa2a213168f99d78b7d646.npy
271	271	seq_e9c2ebcaccab3c3e686612609bea1671ae147e7c2157f2787ea23a5dff5ce876	0	existing_challenge	seq_e9c2ebcaccab3c3e686612609bea1671ae147e7c2157f2787ea23a5dff5ce876	285	/home/lvfang/ESMC_halophile/R3_existing_challenge_v1_output/esm2/records/63/63b8bdf31f81f291e578e122f4887228bf87dbd1793a390cc99b8ee85c25d43f.npy
272	272	seq_0ceb3f927e7b72ec3680c9c98dcbd8cfa36ea18bbc1482cee0d9e1ed1ff14127	0	existing_challenge	seq_0ceb3f927e7b72ec3680c9c98dcbd8cfa36ea18bbc1482cee0d9e1ed1ff14127	72	/home/lvfang/ESMC_halophile/R3_existing_challenge_v1_output/esm2/records/6c/6c81725bdd00d43c4ecaa6e3a1a81e7bf8103ca483ae0b75a686924fb7749a98.npy
273	273	seq_c09c4d5e308555808bc5fb289618bd3e647fb4fef966d66006e47834c490881d	0	existing_challenge	seq_c09c4d5e308555808bc5fb289618bd3e647fb4fef966d66006e47834c490881d	782	/home/lvfang/ESMC_halophile/R3_existing_challenge_v1_output/esm2/records/b6/b60c47fc746afeef2b91fd3e56019fdca12ba1cd15dd7079eb77f52995f7c3f1.npy
274	274	seq_b8c50c1fc657c72d864d17e0768195c239f4716424d3ba5fdc7c821d25d4ec91	0	existing_challenge	seq_b8c50c1fc657c72d864d17e0768195c239f4716424d3ba5fdc7c821d25d4ec91	113	/home/lvfang/ESMC_halophile/R3_existing_challenge_v1_output/esm2/records/6a/6ac5c79aa3f80698b481817c4e3abcb1674b4151c4dacbc02a7be2c9b9ee2942.npy
275	275	seq_b503358bca8b1ae0aca61f064b5e1c6259654af066f400cf02e20ff880c3aa3e	0	existing_challenge	seq_b503358bca8b1ae0aca61f064b5e1c6259654af066f400cf02e20ff880c3aa3e	1250	/home/lvfang/ESMC_halophile/R3_existing_challenge_v1_output/esm2/records/b2/b250bbe4cec965adb8b1e1b522a5a8f93c0b4ca852d1eec696fbfd80420a28f6.npy
276	276	seq_ec931198f844f6424ccf98c26ee6c87ed1271cf5822a659ecc4b23fe56bc5dfa	0	existing_challenge	seq_ec931198f844f6424ccf98c26ee6c87ed1271cf5822a659ecc4b23fe56bc5dfa	410	/home/lvfang/ESMC_halophile/R3_existing_challenge_v1_output/esm2/records/35/352955e3921a7a1fb225a696cbdd3022c3aad30b3ca6c99df9e558fb57481e35.npy
277	277	seq_c351bb748ade7aa04ded8a4112ba203a1ecda21447708727bbf913846be98ded	0	existing_challenge	seq_c351bb748ade7aa04ded8a4112ba203a1ecda21447708727bbf913846be98ded	140	/home/lvfang/ESMC_halophile/R3_existing_challenge_v1_output/esm2/records/07/0785773195270dfdbbceef9022af41be86ce918857d31ca2bdaa393c990571db.npy
278	278	seq_4a9524e6c5a5814bbafa8edb9eb7cb35b1dd9886293916b3bff899b84047cd67	0	existing_challenge	seq_4a9524e6c5a5814bbafa8edb9eb7cb35b1dd9886293916b3bff899b84047cd67	336	/home/lvfang/ESMC_halophile/R3_existing_challenge_v1_output/esm2/records/39/391ee25a319fdc15e4b4ff4759476aab872579ac4de01678d21e34ff91c74bb5.npy
279	279	seq_dbc7fe3bdc9100d79398fb6f6e90e9524c7a811200d685a54918cb57b8bb18a5	0	existing_challenge	seq_dbc7fe3bdc9100d79398fb6f6e90e9524c7a811200d685a54918cb57b8bb18a5	166	/home/lvfang/ESMC_halophile/R3_existing_challenge_v1_output/esm2/records/ce/ce18def6dcfbc977cd101eaee8767ce464b722687482b4caad9bf619994f3a2c.npy
280	280	seq_6404f735c028237a2602669d9a77458181443ddbe035fa99c7e600789f33e598	0	existing_challenge	seq_6404f735c028237a2602669d9a77458181443ddbe035fa99c7e600789f33e598	316	/home/lvfang/ESMC_halophile/R3_existing_challenge_v1_output/esm2/records/26/267dfbbd7be737359d1f224b7963ce828f4e314c2caa08b1d6f2a7b8e5271236.npy
281	281	seq_108a8d5b4689b8ac7a485c3b10a3a2b211496a22f3d22fed5df398d45492bede	0	existing_challenge	seq_108a8d5b4689b8ac7a485c3b10a3a2b211496a22f3d22fed5df398d45492bede	733	/home/lvfang/ESMC_halophile/R3_existing_challenge_v1_output/esm2/records/77/77f0e6a04a590eac408e619ca91b26f485dd8e06957494a711f4e25724a07be2.npy
282	282	seq_93246248aaa8cefafeb0c3b7f32babc4c9e102e530084a08b637d41819dbca08	0	existing_challenge	seq_93246248aaa8cefafeb0c3b7f32babc4c9e102e530084a08b637d41819dbca08	72	/home/lvfang/ESMC_halophile/R3_existing_challenge_v1_output/esm2/records/6f/6fd808183f8364b5f83da4468e46fd8319ad41a607c23fa0dc90f831f5f526fa.npy
283	283	seq_7145ded18220120100c5279f3a3b2ce2b4fe0d8bbd4f41491e32aad6b7723ef9	0	existing_challenge	seq_7145ded18220120100c5279f3a3b2ce2b4fe0d8bbd4f41491e32aad6b7723ef9	139	/home/lvfang/ESMC_halophile/R3_existing_challenge_v1_output/esm2/records/32/3266c3a4b64e7c5e537e5cfaf4cb1b7f539c7be2b40a5207fd61afb0d8f3f0c2.npy
284	284	seq_4f383cd46c63e4cafe860cb10b11ff3977d89c09058481220e5f69bd5336eff3	0	existing_challenge	seq_4f383cd46c63e4cafe860cb10b11ff3977d89c09058481220e5f69bd5336eff3	55	/home/lvfang/ESMC_halophile/R3_existing_challenge_v1_output/esm2/records/fd/fdfa26a167a63308a7e6bce11475e2e5cc4084c1b9384df4cc3cd0573dde02e0.npy
285	285	seq_d250d7a593e5dff1dbf1abd0f4f2b8bf54251abdc402cdef3a1b3f2c2b1306bb	0	existing_challenge	seq_d250d7a593e5dff1dbf1abd0f4f2b8bf54251abdc402cdef3a1b3f2c2b1306bb	311	/home/lvfang/ESMC_halophile/R3_existing_challenge_v1_output/esm2/records/08/08d1f1d19fc5861a59c06edf75cc72960908b11e581d99abbe826c71d727b8cc.npy
286	286	seq_147ce8575bfc73b849e5be55b3c4d0c428dbd32bb9286a05b4336324d5167d49	0	existing_challenge	seq_147ce8575bfc73b849e5be55b3c4d0c428dbd32bb9286a05b4336324d5167d49	239	/home/lvfang/ESMC_halophile/R3_existing_challenge_v1_output/esm2/records/fe/fe68347a53479c79c8b6c43e4b84198889b78376a006f0fe3a8ea27cd8be9c08.npy
287	287	seq_382dbb8ffea62512f9527c19731823eff28603b55511a49943bd45df15a39661	0	existing_challenge	seq_382dbb8ffea62512f9527c19731823eff28603b55511a49943bd45df15a39661	201	/home/lvfang/ESMC_halophile/R3_existing_challenge_v1_output/esm2/records/40/402aeda5e77f728b265a5a29762d0378a23543fccf8e27fb949bdb84ec22be07.npy
288	288	seq_c5e071795d9e94d59fca491df4239fbf34e05946b63d27eb285e25b6bc1d05a1	0	existing_challenge	seq_c5e071795d9e94d59fca491df4239fbf34e05946b63d27eb285e25b6bc1d05a1	574	/home/lvfang/ESMC_halophile/R3_existing_challenge_v1_output/esm2/records/dc/dc3b8d8729d7e5251eb176944562800a8ed65060d0db6b7a4c7fd88acbf10d87.npy
289	289	seq_24044c2e64fc041a763af1439a3bcaa5a6009650e3465126876aea17c8cb6e43	0	existing_challenge	seq_24044c2e64fc041a763af1439a3bcaa5a6009650e3465126876aea17c8cb6e43	91	/home/lvfang/ESMC_halophile/R3_existing_challenge_v1_output/esm2/records/64/64b993a3a4a2a6027a2f72e03e588fb69c319db96b3879f783fda7db3a832dc4.npy
290	290	seq_a8364f3a6cb5e5f20848e97b0462c0b36e94a366932de9fa085a21e6fdad0ff6	0	existing_challenge	seq_a8364f3a6cb5e5f20848e97b0462c0b36e94a366932de9fa085a21e6fdad0ff6	154	/home/lvfang/ESMC_halophile/R3_existing_challenge_v1_output/esm2/records/67/67c7a8db9830738bb2040279484a08e12ce3f0b912012b185942f07e8658c490.npy
291	291	seq_044baa582c15beecab9cdf6d33d5ab2d625a1bca6b3ebdec0641c43983caa12a	0	existing_challenge	seq_044baa582c15beecab9cdf6d33d5ab2d625a1bca6b3ebdec0641c43983caa12a	94	/home/lvfang/ESMC_halophile/R3_existing_challenge_v1_output/esm2/records/70/706b8de4dc76f4c501336bb99a86fe96913742749c3166257302a79cd2343731.npy
292	292	seq_233999b6adbb138bb271ba23486e2a31b1d9a24c22c7e80fbccc7c090b6fa132	0	existing_challenge	seq_233999b6adbb138bb271ba23486e2a31b1d9a24c22c7e80fbccc7c090b6fa132	215	/home/lvfang/ESMC_halophile/R3_existing_challenge_v1_output/esm2/records/10/109b1f15b6ce582aff6e93fe9d023eb5076ffc000a682c1b26492805a5243e69.npy
293	293	seq_c8ed1327bb5ca3c4d526b3fa211951cf4ed5b592ec93d3ff0e2443f629f61e84	0	existing_challenge	seq_c8ed1327bb5ca3c4d526b3fa211951cf4ed5b592ec93d3ff0e2443f629f61e84	827	/home/lvfang/ESMC_halophile/R3_existing_challenge_v1_output/esm2/records/40/4067035c572af15d4ec1d75cefe4f9b0a6ec6492642ed2d32cc3f8ea1db5d324.npy
294	294	seq_cddc0173858ccc6c796d8400d581a3f8ca584345ab0fcb2b9459ebe5e244e823	0	existing_challenge	seq_cddc0173858ccc6c796d8400d581a3f8ca584345ab0fcb2b9459ebe5e244e823	125	/home/lvfang/ESMC_halophile/R3_existing_challenge_v1_output/esm2/records/cc/cc48728d62267d1cdec0bafe21f67be16745eeff03e88ad5cbb3f5bfe6eca980.npy
295	295	seq_64cf9d78d61001c434aa0b5069c082ba942d9c4f42d7afc999ff6f8255c9ff44	0	existing_challenge	seq_64cf9d78d61001c434aa0b5069c082ba942d9c4f42d7afc999ff6f8255c9ff44	294	/home/lvfang/ESMC_halophile/R3_existing_challenge_v1_output/esm2/records/1c/1c8a33d60d77d7cdd48657dc1bb27cd55d210b465988723edcb8568aaef7339a.npy
296	296	seq_8b0d38ff7416b2017f3caf478b70508692028ee08193c0dc358e57444760b8e6	0	existing_challenge	seq_8b0d38ff7416b2017f3caf478b70508692028ee08193c0dc358e57444760b8e6	444	/home/lvfang/ESMC_halophile/R3_existing_challenge_v1_output/esm2/records/e3/e3ab1bec28e8598585873a93ead353a064106cecdbfa192774d3ef5a5d55544c.npy
297	297	seq_1a566b356330202df7f453fab585c0d71a2db4778a2e03a622731cd998ff3bae	0	existing_challenge	seq_1a566b356330202df7f453fab585c0d71a2db4778a2e03a622731cd998ff3bae	222	/home/lvfang/ESMC_halophile/R3_existing_challenge_v1_output/esm2/records/86/863d23f09125c9cc1ea5fe04bf56e90bc9e59b235ffdbb030770b765a5715cec.npy
298	298	seq_c85e2775abbcdf4148ad9a37c5f3784027c1e4930126e4a0ba5f3235799ecb7d	0	existing_challenge	seq_c85e2775abbcdf4148ad9a37c5f3784027c1e4930126e4a0ba5f3235799ecb7d	99	/home/lvfang/ESMC_halophile/R3_existing_challenge_v1_output/esm2/records/a1/a1e697460eda07a936c6eecc527a9bd07f8fe96b692a89b0c7f5cb86809957b7.npy
299	299	seq_ef25078bffefd18afd951335f9b63a84b29c8ea4c2a9d1571261bc68cac996c6	0	existing_challenge	seq_ef25078bffefd18afd951335f9b63a84b29c8ea4c2a9d1571261bc68cac996c6	380	/home/lvfang/ESMC_halophile/R3_existing_challenge_v1_output/esm2/records/ec/ec42977df2d10383baa37f9ff2235eff3fbc8456fa9f070441e72f002ef8bfca.npy
300	300	seq_749fdbc26248166604b790a1c242f565761d3c613fdf40c832d662492a3cb2cd	0	existing_challenge	seq_749fdbc26248166604b790a1c242f565761d3c613fdf40c832d662492a3cb2cd	121	/home/lvfang/ESMC_halophile/R3_existing_challenge_v1_output/esm2/records/e0/e01a3b6659d1acd16e650c60e22f260a32511b4e0473669eac3f3d48a3921a24.npy
301	301	seq_6090275050ed1f23c5e40fc77346434705de5be38675542b5ce7650733f9efbc	0	existing_challenge	seq_6090275050ed1f23c5e40fc77346434705de5be38675542b5ce7650733f9efbc	340	/home/lvfang/ESMC_halophile/R3_existing_challenge_v1_output/esm2/records/b2/b2ba05905205f44d8dd3809e4156a46ebda96e872791684eada8584ba0af8b86.npy
302	302	seq_3e0ad3164e3f0fab9dddc27e373daa7a8601b52e8d03406cfbe495bdebbc70b2	0	existing_challenge	seq_3e0ad3164e3f0fab9dddc27e373daa7a8601b52e8d03406cfbe495bdebbc70b2	167	/home/lvfang/ESMC_halophile/R3_existing_challenge_v1_output/esm2/records/0a/0aa2c902ac776c15d9527c12b0c7166b68c3eb1555cbc09632bb3f41da4a157b.npy
303	303	seq_938e46cda15c8429ba6a85428bbfe95e4449b15228e49dbcb277fec1a4c88b66	0	existing_challenge	seq_938e46cda15c8429ba6a85428bbfe95e4449b15228e49dbcb277fec1a4c88b66	92	/home/lvfang/ESMC_halophile/R3_existing_challenge_v1_output/esm2/records/c1/c12482d639ed6e016963ccdeb4ccb447b05efd245fbc6072c96c927b2ef30cdb.npy
304	304	seq_328676c5c621cc6863e4ec61eaf6ae467d946aed3ef54f437f7bec6c9caf869e	0	existing_challenge	seq_328676c5c621cc6863e4ec61eaf6ae467d946aed3ef54f437f7bec6c9caf869e	258	/home/lvfang/ESMC_halophile/R3_existing_challenge_v1_output/esm2/records/18/187d529a51b21b665bb5fe8709590f6e598adc2340d3eac515073a9f42fce6bc.npy
305	305	seq_8cab2da31b3dc9acc0cc6e2e98ea8509cd29041b283d11c824e8611502270625	0	existing_challenge	seq_8cab2da31b3dc9acc0cc6e2e98ea8509cd29041b283d11c824e8611502270625	308	/home/lvfang/ESMC_halophile/R3_existing_challenge_v1_output/esm2/records/cc/ccf00a3138b7c6f75ec8749705f38da737200b340a2762b39c709b8a4cadb400.npy
306	306	seq_d8e04ffc9902f9f59c0360d59d74d627cc24b51d73e933d4d3d8c0d3d110efeb	0	existing_challenge	seq_d8e04ffc9902f9f59c0360d59d74d627cc24b51d73e933d4d3d8c0d3d110efeb	497	/home/lvfang/ESMC_halophile/R3_existing_challenge_v1_output/esm2/records/67/67c928000ff526efef5ca8fd5f8a43b494f780c83c99058523bdf09611b17054.npy
307	307	seq_2bf805a6f6961e89a5ef2d252aa0cd94f0bf617ee4e3a3ea89dbb779e4b1015d	0	existing_challenge	seq_2bf805a6f6961e89a5ef2d252aa0cd94f0bf617ee4e3a3ea89dbb779e4b1015d	445	/home/lvfang/ESMC_halophile/R3_existing_challenge_v1_output/esm2/records/d4/d4b329c75f3adf86cb3af2394e4dcd8ce523bde153f935a24a7c99ed34533a1f.npy
308	308	seq_6f429055e4427bd844c0b08cd273205f17ae45dc6b53b6b6f8110de3789eb0ce	0	existing_challenge	seq_6f429055e4427bd844c0b08cd273205f17ae45dc6b53b6b6f8110de3789eb0ce	271	/home/lvfang/ESMC_halophile/R3_existing_challenge_v1_output/esm2/records/bf/bf923bc19c7c079f1ff892d208a82650ea8d50060dbaa5823ca29a8039ae2d71.npy
309	309	seq_b3d3dc60a66f462b06737e7d67719423c3a991f9d91df999bb9f69036808c79a	0	existing_challenge	seq_b3d3dc60a66f462b06737e7d67719423c3a991f9d91df999bb9f69036808c79a	165	/home/lvfang/ESMC_halophile/R3_existing_challenge_v1_output/esm2/records/6b/6bc6742cf20251484c9502a0c4ac7b302a4f5e6196d089ddb7a45ec76dce41dd.npy
310	310	seq_fbd418f8210e717ed7c754709766f0759ddafd08bf9a3ed4af7ba6edb5525a7f	0	existing_challenge	seq_fbd418f8210e717ed7c754709766f0759ddafd08bf9a3ed4af7ba6edb5525a7f	203	/home/lvfang/ESMC_halophile/R3_existing_challenge_v1_output/esm2/records/a9/a92c2cd80eef7e38859092af5b27adb851f6f926b786d700bf59d8aa7a884152.npy
311	311	seq_92d2376b2d58433fe836ccb7e386090af88d239eb372cc9aa37bebbe6213cd55	0	existing_challenge	seq_92d2376b2d58433fe836ccb7e386090af88d239eb372cc9aa37bebbe6213cd55	286	/home/lvfang/ESMC_halophile/R3_existing_challenge_v1_output/esm2/records/3a/3a54e6eb49c284cb252b67a5f32a8f1fc841885643bed6bcbd9d3b96545c25a0.npy
312	312	seq_f1ef77d1daed10d44c65a2a31f10d08afe4dc520b280ef2c34fe90af776a5942	0	existing_challenge	seq_f1ef77d1daed10d44c65a2a31f10d08afe4dc520b280ef2c34fe90af776a5942	245	/home/lvfang/ESMC_halophile/R3_existing_challenge_v1_output/esm2/records/b8/b8b4df8cef6ef7fe48024f0fccae067e56be748191eca0c7b473fc2e2e30dad8.npy
313	313	seq_30ece6923fdc264fe9e7ff37a8d9d295a2ba81be9a512a470176a68470029015	0	existing_challenge	seq_30ece6923fdc264fe9e7ff37a8d9d295a2ba81be9a512a470176a68470029015	263	/home/lvfang/ESMC_halophile/R3_existing_challenge_v1_output/esm2/records/09/09482582aec81b1aa31aa22057da5b25e8e57043528aad682c38b50473a02588.npy
314	314	seq_f2e997a895fa5eed2132f1db0c4d5ab0e485f2b0e225c8f259d0e301ab3ac70e	0	existing_challenge	seq_f2e997a895fa5eed2132f1db0c4d5ab0e485f2b0e225c8f259d0e301ab3ac70e	116	/home/lvfang/ESMC_halophile/R3_existing_challenge_v1_output/esm2/records/d6/d6cd1d004281296ae7eaa33e90ef81c48c59c128225c176aa72c8a4cb7a267af.npy
315	315	seq_5a716b0ea02c7a4ce843d1ca25df150570c509d3dc1d2497d38dfd3f9d7f819f	0	existing_challenge	seq_5a716b0ea02c7a4ce843d1ca25df150570c509d3dc1d2497d38dfd3f9d7f819f	327	/home/lvfang/ESMC_halophile/R3_existing_challenge_v1_output/esm2/records/91/91c0fe4824df0c704415ffbe0ef6c464c6e20c6e32433c601081ebfeaa389710.npy
316	316	seq_3d2ed6f72d591cb0a2f43b51634c134635b51248aba4b30b94c2ca640396ad59	0	existing_challenge	seq_3d2ed6f72d591cb0a2f43b51634c134635b51248aba4b30b94c2ca640396ad59	171	/home/lvfang/ESMC_halophile/R3_existing_challenge_v1_output/esm2/records/6a/6affda7fb341795cc659505a77229489ae3af2bbb652e4303b481bca5cb750ac.npy
317	317	seq_620e8597c76173e54d7349285acc004f5bfbae1e74391073412ed7d1e85c1dde	0	existing_challenge	seq_620e8597c76173e54d7349285acc004f5bfbae1e74391073412ed7d1e85c1dde	180	/home/lvfang/ESMC_halophile/R3_existing_challenge_v1_output/esm2/records/7d/7d73f0ea4d907bd3cbc45383ea2c43f53eb93d284b4961c647f08c2790272d0d.npy
318	318	seq_38e9dd4032a992c74164e2ed527487289db3f44593be9d9059efeb7743c264e0	0	existing_challenge	seq_38e9dd4032a992c74164e2ed527487289db3f44593be9d9059efeb7743c264e0	241	/home/lvfang/ESMC_halophile/R3_existing_challenge_v1_output/esm2/records/2d/2d4ba5a3b077cd31722624de67917f42be72a39bee17ece9ed8ffe67cfa79b20.npy
319	319	seq_c3a583b4a9e1be036a32a5fce4c3700398c3e1ad22bf66d286cef02a498ea45a	0	existing_challenge	seq_c3a583b4a9e1be036a32a5fce4c3700398c3e1ad22bf66d286cef02a498ea45a	219	/home/lvfang/ESMC_halophile/R3_existing_challenge_v1_output/esm2/records/98/9861ae8865a18fcddc48aea5345706e81a3c7dff1ca2b8e62012560d6f4497f5.npy
320	320	seq_f980cbb5a66b8b5fec5ded349cd20781cc386a8f02457c45ea92ef09aea9330c	0	existing_challenge	seq_f980cbb5a66b8b5fec5ded349cd20781cc386a8f02457c45ea92ef09aea9330c	551	/home/lvfang/ESMC_halophile/R3_existing_challenge_v1_output/esm2/records/05/056372e35687cce267a7d83298e866849d83aedd111156b19719d7cbde5264ef.npy
321	321	seq_0afa53d2e95edfeeb42e6fd0827a96e6f436cfa0ab129f2463c066b022bcf92c	0	existing_challenge	seq_0afa53d2e95edfeeb42e6fd0827a96e6f436cfa0ab129f2463c066b022bcf92c	201	/home/lvfang/ESMC_halophile/R3_existing_challenge_v1_output/esm2/records/fb/fb42db7ddc2fda2e75dee878699029427567f033140a15d63330ed7fdae92c42.npy
322	322	seq_fb0d99724c87f58798aeb1cbb39464443250687e28397ccbe29e935230bf55be	0	existing_challenge	seq_fb0d99724c87f58798aeb1cbb39464443250687e28397ccbe29e935230bf55be	335	/home/lvfang/ESMC_halophile/R3_existing_challenge_v1_output/esm2/records/63/639a910c7e8a761acd121be3ef84da4574111d2fe5c127a5667f072d32e7c93d.npy
323	323	seq_a492ccc81f5302312c464d0e819dcbffc6a3da720299bf119b400a2319e5de40	0	existing_challenge	seq_a492ccc81f5302312c464d0e819dcbffc6a3da720299bf119b400a2319e5de40	109	/home/lvfang/ESMC_halophile/R3_existing_challenge_v1_output/esm2/records/8e/8e11d457856922e6a68a27e2a2d6360008f7082ae9cc5ac11c5d68a24f16d600.npy
324	324	seq_fee7313764ab36633a5045a3351880d03846a6a921fa71875160b3388744dbe5	0	existing_challenge	seq_fee7313764ab36633a5045a3351880d03846a6a921fa71875160b3388744dbe5	101	/home/lvfang/ESMC_halophile/R3_existing_challenge_v1_output/esm2/records/d9/d93136f6bababa7dc054160655c92ff1b86f1a827fabc9867cc3cfcdd470c7a8.npy
325	325	seq_0dd154b3086dd0ad6f689e23e559d12b779ee764cfe9e66817d1b1fc1d40f2ad	0	existing_challenge	seq_0dd154b3086dd0ad6f689e23e559d12b779ee764cfe9e66817d1b1fc1d40f2ad	341	/home/lvfang/ESMC_halophile/R3_existing_challenge_v1_output/esm2/records/77/77b56c234ee609ee459bf7b9d06d5b8df47988890cd9cdb03e776ed32d842469.npy
326	326	seq_a3283e62070a5cd158ae5ffe5c7699e7394e09f5ba6bcf73f75aa970ef06eace	0	existing_challenge	seq_a3283e62070a5cd158ae5ffe5c7699e7394e09f5ba6bcf73f75aa970ef06eace	301	/home/lvfang/ESMC_halophile/R3_existing_challenge_v1_output/esm2/records/ea/ea0602859d0d522e4c266504898a77f7e9b79611a3a8eb9a7a10ce3c9ce21a2a.npy
327	327	seq_d475fee055dfcb568fe28addeed831374ca8fe544e71dfd690f0ed8c0c727fbb	0	existing_challenge	seq_d475fee055dfcb568fe28addeed831374ca8fe544e71dfd690f0ed8c0c727fbb	393	/home/lvfang/ESMC_halophile/R3_existing_challenge_v1_output/esm2/records/80/800756c9830af05471249c827bee95c1a45472a13cb4ef7ce3183ac9465afa57.npy
328	328	seq_0a150a13fc7ae16120739903b0599d702c49d4f3ec20be8cf7fd01eda9aa15f7	0	existing_challenge	seq_0a150a13fc7ae16120739903b0599d702c49d4f3ec20be8cf7fd01eda9aa15f7	320	/home/lvfang/ESMC_halophile/R3_existing_challenge_v1_output/esm2/records/c3/c37d4cf7a619eb7cbee08de0110ddf74ed395e64f6833da236cb7183615663a6.npy
329	329	seq_cd7fc3bbe05887a9725cbe9103b0fb4e61ae160d3753ce70c37bbf8bb12b228d	0	existing_challenge	seq_cd7fc3bbe05887a9725cbe9103b0fb4e61ae160d3753ce70c37bbf8bb12b228d	303	/home/lvfang/ESMC_halophile/R3_existing_challenge_v1_output/esm2/records/79/79630781afc4f0bfb481352240815a1f9d62bb95b04f0a57516d1ab351e92104.npy
330	330	seq_25775503b3930d914494dac5f548a35ca2819247fe5611a75cb7df53fd9dc3ad	0	existing_challenge	seq_25775503b3930d914494dac5f548a35ca2819247fe5611a75cb7df53fd9dc3ad	302	/home/lvfang/ESMC_halophile/R3_existing_challenge_v1_output/esm2/records/33/3362291b66ef958e2048c31db15140471120a26840286e8489ddeacb45cf0e37.npy
331	331	seq_8e5a8811627fe9462c281e0d618056636170dff06bcbc6b42161707e905bd8cb	0	existing_challenge	seq_8e5a8811627fe9462c281e0d618056636170dff06bcbc6b42161707e905bd8cb	336	/home/lvfang/ESMC_halophile/R3_existing_challenge_v1_output/esm2/records/51/511f7ad6c4c711e05092e3fc457f22b960af05968054c53cf952d554a7724b67.npy
332	332	seq_28247b1f17c1c0f2b1a63ea3993929dfbeb91ba8829300aacd92ef9fe281dfed	0	existing_challenge	seq_28247b1f17c1c0f2b1a63ea3993929dfbeb91ba8829300aacd92ef9fe281dfed	318	/home/lvfang/ESMC_halophile/R3_existing_challenge_v1_output/esm2/records/58/58e92d54acdfea920529e696c87b954f30810edd1cbe02a7a759ff0eda73122e.npy
333	333	seq_ebe3b4c9b2797296a98a7b9fcf2a85e4505a117b127885e4a39b3fb3a75f9948	0	existing_challenge	seq_ebe3b4c9b2797296a98a7b9fcf2a85e4505a117b127885e4a39b3fb3a75f9948	258	/home/lvfang/ESMC_halophile/R3_existing_challenge_v1_output/esm2/records/97/97476567e81c7d786ac4a5d14fd822eb66d80e822541f74086decca37447e9de.npy
334	334	seq_37bbab911ef7a06efd998bd839e98d841a8d703be37bc297a87cf94fdfafbce9	0	existing_challenge	seq_37bbab911ef7a06efd998bd839e98d841a8d703be37bc297a87cf94fdfafbce9	818	/home/lvfang/ESMC_halophile/R3_existing_challenge_v1_output/esm2/records/ae/aee7a42ca6aab572584507cc38e6e46903eb5c1d23d5857bd4b9193619f92324.npy
335	335	seq_80125521f9ca375ad624328b0eea3ed08b41b58a974d003ec82ac162a2bfde23	0	existing_challenge	seq_80125521f9ca375ad624328b0eea3ed08b41b58a974d003ec82ac162a2bfde23	124	/home/lvfang/ESMC_halophile/R3_existing_challenge_v1_output/esm2/records/e3/e323991ed36816c76e24ad1962da319396002db700cf1a24f92667e721b1db34.npy
336	336	seq_420b6524cd497e03b362fd3c08d44e0bea36d685b731c59b6b6d520c64cd261c	0	existing_challenge	seq_420b6524cd497e03b362fd3c08d44e0bea36d685b731c59b6b6d520c64cd261c	231	/home/lvfang/ESMC_halophile/R3_existing_challenge_v1_output/esm2/records/f0/f0d97c15fdd91db116e6b612b3a5b928d4b7a92573427f26ecd9e534f469e9bb.npy
337	337	seq_2cf326e9523be40314a8be1c4ca154e07f51880740170ebadb005183237d9f1a	0	existing_challenge	seq_2cf326e9523be40314a8be1c4ca154e07f51880740170ebadb005183237d9f1a	171	/home/lvfang/ESMC_halophile/R3_existing_challenge_v1_output/esm2/records/19/1921dddc0b8645f57c8bad7937971cd0f8ae8f7bf326c1f94d5a7f1c3f86432b.npy
338	338	seq_f8981856fb93a1b0b0e046d5b66ceb65b0c5b2635c5ef814e369b6343b4e24af	0	existing_challenge	seq_f8981856fb93a1b0b0e046d5b66ceb65b0c5b2635c5ef814e369b6343b4e24af	540	/home/lvfang/ESMC_halophile/R3_existing_challenge_v1_output/esm2/records/b7/b7401badea3fae24105ff95dafb5eba2c101b381424489c5781b59fef07c0f71.npy
339	339	seq_ff059572f7bcfea0b702e8ebf0936cc75b5e03b7ef7e14a663e22c23b38916dd	0	existing_challenge	seq_ff059572f7bcfea0b702e8ebf0936cc75b5e03b7ef7e14a663e22c23b38916dd	130	/home/lvfang/ESMC_halophile/R3_existing_challenge_v1_output/esm2/records/a1/a1943120dee0c858d77c57ba3077a0480ebd27904c7d2425f792909c75603c86.npy
340	340	seq_a8c9ed7a82c346118448575ee828327ba328fb918337336c1d43157c0ab3f134	0	existing_challenge	seq_a8c9ed7a82c346118448575ee828327ba328fb918337336c1d43157c0ab3f134	65	/home/lvfang/ESMC_halophile/R3_existing_challenge_v1_output/esm2/records/92/927027cd0197e8078e42e8f81f8598c974b26e637cdd045377c9fe154a217499.npy
341	341	seq_1734d5ff585c31cf7b5a21cddc814493d1e5434c88713aa5450a54ef7301ffcd	0	existing_challenge	seq_1734d5ff585c31cf7b5a21cddc814493d1e5434c88713aa5450a54ef7301ffcd	150	/home/lvfang/ESMC_halophile/R3_existing_challenge_v1_output/esm2/records/cd/cdbb96d2b20735c5273843ce2deac376990f906431706432e2992c82cdd41c03.npy
342	342	seq_4fb3aeeeae46d2ebbf6d4d9c2b31121f3e421e697cc8dccc7f5fb471a4bcc8e5	0	existing_challenge	seq_4fb3aeeeae46d2ebbf6d4d9c2b31121f3e421e697cc8dccc7f5fb471a4bcc8e5	664	/home/lvfang/ESMC_halophile/R3_existing_challenge_v1_output/esm2/records/7f/7ff884de5d7217bc145d1b707badffaa6a0e3c54db7d5cc6b6b01620ed03be34.npy
343	343	seq_0b2a8946d3003eb073d8f0f1e241ef0ec2e1fb86fbad0acc1b60f17be2bc7bcd	0	existing_challenge	seq_0b2a8946d3003eb073d8f0f1e241ef0ec2e1fb86fbad0acc1b60f17be2bc7bcd	545	/home/lvfang/ESMC_halophile/R3_existing_challenge_v1_output/esm2/records/bc/bc302a73380f8377c1c83d18f37c780e5c779afeda14b58e380be608db694f1e.npy
344	344	seq_7c2f890701585aac1cbb5664dcf13be1645355c748ef5fe655109ec7817685e4	0	existing_challenge	seq_7c2f890701585aac1cbb5664dcf13be1645355c748ef5fe655109ec7817685e4	429	/home/lvfang/ESMC_halophile/R3_existing_challenge_v1_output/esm2/records/98/98b935302fd0cab83de35c8098aa817030273a7d3e183d21e84367f92fe7d906.npy
345	345	seq_1e5f0d9ec40e6b491fd15571d78393f9facd4cac6767091cb395825ced9a248f	0	existing_challenge	seq_1e5f0d9ec40e6b491fd15571d78393f9facd4cac6767091cb395825ced9a248f	443	/home/lvfang/ESMC_halophile/R3_existing_challenge_v1_output/esm2/records/76/766f021361a3d85225b30fe00766036d76ff703f5879ecf87bcb3db64177f407.npy
346	346	seq_e7c00c9b5904797a4a37bf7037f58f20b34bd8942c198008df0910f68e907a8c	0	existing_challenge	seq_e7c00c9b5904797a4a37bf7037f58f20b34bd8942c198008df0910f68e907a8c	340	/home/lvfang/ESMC_halophile/R3_existing_challenge_v1_output/esm2/records/2a/2aa1b9f1062cbb16f22348c4f84d06e48bc4618f5d626cfd496117593da08520.npy
347	347	seq_19270e841ba32a1a35b9fee97bda81878dd93603b63e7496a4654d9309c5840a	0	existing_challenge	seq_19270e841ba32a1a35b9fee97bda81878dd93603b63e7496a4654d9309c5840a	255	/home/lvfang/ESMC_halophile/R3_existing_challenge_v1_output/esm2/records/a8/a87b63c0f145c77adfea10778733e9aecfbc5f1833c99213a3c6c5c46dafd1c7.npy
348	348	seq_b19d192de56bdbd7e951d9b767cd5ae9807b3711c390ebd245bfde7511b9f95d	0	existing_challenge	seq_b19d192de56bdbd7e951d9b767cd5ae9807b3711c390ebd245bfde7511b9f95d	121	/home/lvfang/ESMC_halophile/R3_existing_challenge_v1_output/esm2/records/82/8237bcc84112af573becbd636ef5ae500e29e2373a75e98cf86ca288702a2e2e.npy
349	349	seq_9f4dbca669b9c36cddb56701db779dc22e83da46e73cc1483af2a3b393443cd8	0	existing_challenge	seq_9f4dbca669b9c36cddb56701db779dc22e83da46e73cc1483af2a3b393443cd8	385	/home/lvfang/ESMC_halophile/R3_existing_challenge_v1_output/esm2/records/75/75140d213bba21438baca59324ad3d196f9f13e967cd4cdd73da847777656324.npy
350	350	seq_f1e0c3112a492045b23d1e0cb70955b041cd9d40c6ea8d9d1a70f01f1ef3df0f	0	existing_challenge	seq_f1e0c3112a492045b23d1e0cb70955b041cd9d40c6ea8d9d1a70f01f1ef3df0f	195	/home/lvfang/ESMC_halophile/R3_existing_challenge_v1_output/esm2/records/68/680c04efffb340a483afdec23dc81ca3b41d55e6c2e3fc92826b06e9f0adeb02.npy
351	351	seq_9d05352fb3e78fca525c04bc98f234013a1fd031460b126bf83812094044dbc4	0	existing_challenge	seq_9d05352fb3e78fca525c04bc98f234013a1fd031460b126bf83812094044dbc4	162	/home/lvfang/ESMC_halophile/R3_existing_challenge_v1_output/esm2/records/4a/4abb9df0686837d45c7e566d9394012afcc60f7dbd63330cd3e1e1928ddff2ff.npy
352	352	seq_0d9e1ab18f0951d0fff0f009290f19083d33c8fd182e8a8d0447b1b96c995bc7	0	existing_challenge	seq_0d9e1ab18f0951d0fff0f009290f19083d33c8fd182e8a8d0447b1b96c995bc7	66	/home/lvfang/ESMC_halophile/R3_existing_challenge_v1_output/esm2/records/db/dbc6a2a8604fb6c970a84c3d1ee311aca96d3c786b250c5267ee02143d6e56d8.npy
353	353	seq_b99882f12c594787794c195601ce3b501d24049c2006243522563bad99117889	0	existing_challenge	seq_b99882f12c594787794c195601ce3b501d24049c2006243522563bad99117889	174	/home/lvfang/ESMC_halophile/R3_existing_challenge_v1_output/esm2/records/6b/6b4a235db09712456647f3248fc557385e9147dae297467447a399af4352c1c3.npy
354	354	seq_eb92031eae5504aae2299eb6f9a6095043d6bb51209c3c384be80cad14360773	0	existing_challenge	seq_eb92031eae5504aae2299eb6f9a6095043d6bb51209c3c384be80cad14360773	257	/home/lvfang/ESMC_halophile/R3_existing_challenge_v1_output/esm2/records/06/069a6747cd1714d3c89ef9f70569a5c2b993e8190888acea7a9f704ef65b14bd.npy
355	355	seq_8608e6f25736904ef4fb47c63aa27589041ed29adbcbc6188e7fef2a856ae571	0	existing_challenge	seq_8608e6f25736904ef4fb47c63aa27589041ed29adbcbc6188e7fef2a856ae571	916	/home/lvfang/ESMC_halophile/R3_existing_challenge_v1_output/esm2/records/ba/bac9a4442c63cade3c0e029e46c7e4a8a15539202c0fcab85960de39822434a8.npy
356	356	seq_9f8166b952f79b184ba72b76abc5e9fdc8140538c1a6015dd4fb82f08dc4c917	0	existing_challenge	seq_9f8166b952f79b184ba72b76abc5e9fdc8140538c1a6015dd4fb82f08dc4c917	168	/home/lvfang/ESMC_halophile/R3_existing_challenge_v1_output/esm2/records/b2/b27a9b13b060ac91f054b59643a4684294ed60ea6bdb92a39af9457b85e5483b.npy
357	357	seq_c8be9fe9212010b7966b9c2eed609019da28f82206b3ce5da53faf7d280265d8	0	existing_challenge	seq_c8be9fe9212010b7966b9c2eed609019da28f82206b3ce5da53faf7d280265d8	133	/home/lvfang/ESMC_halophile/R3_existing_challenge_v1_output/esm2/records/05/050e7bbe71841d5b110b2b3b0ee86f63e4714dc8fecd743b1d6f9b709cc171f4.npy
358	358	seq_ad8372ef63b119cb6a64f4e38f4a8021b9899cf180bc73e231926a49ef3e1a8b	0	existing_challenge	seq_ad8372ef63b119cb6a64f4e38f4a8021b9899cf180bc73e231926a49ef3e1a8b	389	/home/lvfang/ESMC_halophile/R3_existing_challenge_v1_output/esm2/records/d3/d38f851bb4219a347742e979c0100a370af61834829eb448c6ab6b2fc2bb4fe0.npy
359	359	seq_829fe4f49e6ccb60cb034ad21fdf39f0b179a7b2bedb5821b2fc347d9a038604	0	existing_challenge	seq_829fe4f49e6ccb60cb034ad21fdf39f0b179a7b2bedb5821b2fc347d9a038604	228	/home/lvfang/ESMC_halophile/R3_existing_challenge_v1_output/esm2/records/ba/bab8df4a5ec503151d442d02b0c2d8a152c0e36b5ae13473f19ef0c1e04c93d3.npy
360	360	seq_22387ba341b1d455c59f435b8fff0906afcf0b8ecc289c7a0b625b36deee871d	0	existing_challenge	seq_22387ba341b1d455c59f435b8fff0906afcf0b8ecc289c7a0b625b36deee871d	217	/home/lvfang/ESMC_halophile/R3_existing_challenge_v1_output/esm2/records/b5/b5aea0ee2296a2f7899985ed7a30fd6c27d53d0c6619144d8793dd3a8fb5b678.npy
361	361	seq_832288c7f7876cec738592715ba7a2dc4bf1b7ba382c16a6a8f936528da2de6c	0	existing_challenge	seq_832288c7f7876cec738592715ba7a2dc4bf1b7ba382c16a6a8f936528da2de6c	302	/home/lvfang/ESMC_halophile/R3_existing_challenge_v1_output/esm2/records/d7/d77b1e0debf15e926ba47f9e08d8efa81ed6c6e96cd54cdafa1d7dec12f8c582.npy
362	362	seq_ba1cedc680c5f3bc097ec145baa4dc9e3af3d52af18953646b84c481db446ae2	0	existing_challenge	seq_ba1cedc680c5f3bc097ec145baa4dc9e3af3d52af18953646b84c481db446ae2	181	/home/lvfang/ESMC_halophile/R3_existing_challenge_v1_output/esm2/records/80/80e9fb0cc119e6742a268ec1786abc93ea221219ca425e0c20130bec27d669a7.npy
363	363	seq_97264c939accec3e761a3d36af5d19c14db42aa7dc03c1c4eba403162291b705	0	existing_challenge	seq_97264c939accec3e761a3d36af5d19c14db42aa7dc03c1c4eba403162291b705	816	/home/lvfang/ESMC_halophile/R3_existing_challenge_v1_output/esm2/records/8b/8b2367642dc595a403784a4258e8acbe5b8847df452726180d285f0086c463db.npy
364	364	seq_d9ada62387b2d7e0cf45cfc0f48f257b1ce9d4c46d2d1d2dd638e70eb1080445	0	existing_challenge	seq_d9ada62387b2d7e0cf45cfc0f48f257b1ce9d4c46d2d1d2dd638e70eb1080445	70	/home/lvfang/ESMC_halophile/R3_existing_challenge_v1_output/esm2/records/30/30793fe20892dc6acefdb2e3a482df4c205fad5b4012b43dc9b29880cf3ec560.npy
365	365	seq_b4037910853798fa9256c6f8676823d4537d9853ec09836e3498d35b8dbb7d6a	0	existing_challenge	seq_b4037910853798fa9256c6f8676823d4537d9853ec09836e3498d35b8dbb7d6a	425	/home/lvfang/ESMC_halophile/R3_existing_challenge_v1_output/esm2/records/bb/bb25aaecdbf9f37339ad2539742fb0d1adf442b9c811a3771c313d211af08a51.npy
366	366	seq_59b6a8843208c0f3258011a34d1ca3397031a3c66209a4b0e31e6f9018f02764	0	existing_challenge	seq_59b6a8843208c0f3258011a34d1ca3397031a3c66209a4b0e31e6f9018f02764	210	/home/lvfang/ESMC_halophile/R3_existing_challenge_v1_output/esm2/records/75/75da34843ad3ce8889661529ef319e885791ffefb05b1934d901b4d8843f8b19.npy
367	367	seq_0b12d55b85a272ee213a9cd60b673dfca1ca0dffc315f6254f7968ddde3134a8	0	existing_challenge	seq_0b12d55b85a272ee213a9cd60b673dfca1ca0dffc315f6254f7968ddde3134a8	412	/home/lvfang/ESMC_halophile/R3_existing_challenge_v1_output/esm2/records/5f/5f560ea776519db834719be7538cc21e420175f7a285391b45ca15841229647d.npy
368	368	seq_1c59cda6c63be68cee3ac8efd6e582a425c3da1ffe27125edb80750c3c93c8d4	0	existing_challenge	seq_1c59cda6c63be68cee3ac8efd6e582a425c3da1ffe27125edb80750c3c93c8d4	60	/home/lvfang/ESMC_halophile/R3_existing_challenge_v1_output/esm2/records/e4/e487725719fa06830fd72e62a171dd5ecdd7a67d83cf13a3e423ce51990e5c06.npy
369	369	seq_262122b9fb870e8c1f36a998b4df61b40c45eafaa8af1b6d484f6a3e56d44a1d	0	existing_challenge	seq_262122b9fb870e8c1f36a998b4df61b40c45eafaa8af1b6d484f6a3e56d44a1d	248	/home/lvfang/ESMC_halophile/R3_existing_challenge_v1_output/esm2/records/17/17d0abb4bbe3d67e6511960f9767291465814ce0d7c5efabf999cbb7d4ed677c.npy
370	370	seq_d875c89b54913a44a6160d775d84dce5830e88f32b4b74552b03cde2e56ac610	0	existing_challenge	seq_d875c89b54913a44a6160d775d84dce5830e88f32b4b74552b03cde2e56ac610	139	/home/lvfang/ESMC_halophile/R3_existing_challenge_v1_output/esm2/records/1f/1f129bb5596a1db59909fc841f3d3a5313a86752f0b8b86e6f9e8de0d54b136f.npy
371	371	seq_0d4503c966d87595b3c81f34c6ab8ce63607ec5a81efa6438870e10073a7b1b6	0	existing_challenge	seq_0d4503c966d87595b3c81f34c6ab8ce63607ec5a81efa6438870e10073a7b1b6	107	/home/lvfang/ESMC_halophile/R3_existing_challenge_v1_output/esm2/records/4a/4a90a192c883e19937e6dbd2199c317ac086c5e469a7c083bd9f2cdf5a7b1e47.npy
372	372	seq_654811f60acd2791b27f36dcf84cd7f109a2a74a86367001840bc4afc404b0db	0	existing_challenge	seq_654811f60acd2791b27f36dcf84cd7f109a2a74a86367001840bc4afc404b0db	319	/home/lvfang/ESMC_halophile/R3_existing_challenge_v1_output/esm2/records/d3/d3584c420b6eba99f54b65e7be844779cfe9b0c085c7d10420441b13512047ab.npy
373	373	seq_5bf08f91f9052c51c0db06e2f7698dca506fdbefb5dade683a8e93b4eab20c0a	0	existing_challenge	seq_5bf08f91f9052c51c0db06e2f7698dca506fdbefb5dade683a8e93b4eab20c0a	139	/home/lvfang/ESMC_halophile/R3_existing_challenge_v1_output/esm2/records/d4/d4fefc92dd24b1c553f7bfb751cac354588c8dfc4e1e4e9e38a905474c315319.npy
374	374	seq_db72cde90abd985bddf95b4939245bf5ecf171394ca91444842846067b68d093	0	existing_challenge	seq_db72cde90abd985bddf95b4939245bf5ecf171394ca91444842846067b68d093	408	/home/lvfang/ESMC_halophile/R3_existing_challenge_v1_output/esm2/records/99/99435cf5a15376db739e26a0e8dc13e9cd543232c41f62f12df236322b38c1c1.npy
375	375	seq_7e239dd2cbacc22eda156f6bc73a85905b2dbfe8a0de62984a01e586da7ffb88	0	existing_challenge	seq_7e239dd2cbacc22eda156f6bc73a85905b2dbfe8a0de62984a01e586da7ffb88	88	/home/lvfang/ESMC_halophile/R3_existing_challenge_v1_output/esm2/records/4f/4fac4c37668acb153b303bd3050f0d7faf16e0d5a85d88877a4977153f611af6.npy
376	376	seq_2694b77b744855f3ebeb9c4d4f4166785007977aff4286d36187c216ff1fceeb	0	existing_challenge	seq_2694b77b744855f3ebeb9c4d4f4166785007977aff4286d36187c216ff1fceeb	408	/home/lvfang/ESMC_halophile/R3_existing_challenge_v1_output/esm2/records/b5/b54ae3ca5cae59370db2ebc45d48767c91607526cbaca1abb4e37d1b978082bf.npy
377	377	seq_5a032bc24d3c12efafd89a6097fd602871a6166ee63cd556239084eccac6e4d1	0	existing_challenge	seq_5a032bc24d3c12efafd89a6097fd602871a6166ee63cd556239084eccac6e4d1	327	/home/lvfang/ESMC_halophile/R3_existing_challenge_v1_output/esm2/records/9b/9b3b2fe2d9782058915b839248560c175ce5fe61b7d951956cbb7f613ec999a3.npy
378	378	seq_b1ad997a3aad0d5ce5e1026f3454234a78835670496faea649334c314a35ae13	0	existing_challenge	seq_b1ad997a3aad0d5ce5e1026f3454234a78835670496faea649334c314a35ae13	195	/home/lvfang/ESMC_halophile/R3_existing_challenge_v1_output/esm2/records/d5/d52e5406a42bc2df02a7cd8b45bc36a4369a40e6e321fc7e6e120fb8843faa83.npy
379	379	seq_9bd2fd16462c183dc51af49503cfc4b78d86e02b0469248205fe5ef7c64ee20f	0	existing_challenge	seq_9bd2fd16462c183dc51af49503cfc4b78d86e02b0469248205fe5ef7c64ee20f	304	/home/lvfang/ESMC_halophile/R3_existing_challenge_v1_output/esm2/records/52/5221b5551e7b151ef8fede32b66dc40c41f38c973a466041e55786d1a643389c.npy
380	380	seq_10639a27bf909b0fbbab1965d50bda1339a7994af06a5cf1844cdfa90126c1a0	0	existing_challenge	seq_10639a27bf909b0fbbab1965d50bda1339a7994af06a5cf1844cdfa90126c1a0	190	/home/lvfang/ESMC_halophile/R3_existing_challenge_v1_output/esm2/records/4f/4faad4252fb26efab892b757d8b7a03a27dcfa51c8efda9d85452fe0abad25cc.npy
381	381	seq_e54165418d819f2abf2ab0b2f257187d901d930a81b29b7502405bef10512811	0	existing_challenge	seq_e54165418d819f2abf2ab0b2f257187d901d930a81b29b7502405bef10512811	701	/home/lvfang/ESMC_halophile/R3_existing_challenge_v1_output/esm2/records/73/735439a78b35a2b1e7f53d8b21028a101b1b65367e07c7fb68ea1c94bd50ed2c.npy
382	382	seq_f96c1eeaf197b0c28f294f84e426bda7a59e63e857e78c9d70b426c19d5f2200	0	existing_challenge	seq_f96c1eeaf197b0c28f294f84e426bda7a59e63e857e78c9d70b426c19d5f2200	890	/home/lvfang/ESMC_halophile/R3_existing_challenge_v1_output/esm2/records/27/27fd43baaf4c148bb08e3da36d8eb308d5fb85d967f5a5fafaf5266f3c6c6f39.npy
383	383	seq_be7eae59e102257828c1fdf2b0d6a19910fd24e54c4826a9ec4be9ddfba2319d	0	existing_challenge	seq_be7eae59e102257828c1fdf2b0d6a19910fd24e54c4826a9ec4be9ddfba2319d	96	/home/lvfang/ESMC_halophile/R3_existing_challenge_v1_output/esm2/records/98/9825024c17fe2ed1288ae77559db6cf921738421ae9ade9a990c8aef0e12f8ed.npy
384	384	seq_fa47f8f8e013dbe6516c3c6a6667a8eac2d304ac6cc1078f5b0e10ca54790cff	0	existing_challenge	seq_fa47f8f8e013dbe6516c3c6a6667a8eac2d304ac6cc1078f5b0e10ca54790cff	299	/home/lvfang/ESMC_halophile/R3_existing_challenge_v1_output/esm2/records/43/439b25da15f5325c710e87b4d6d0372e21b2a80e777b825cb796613d2872feb0.npy
385	385	seq_df64d5d97caae9c5d04274951ec31fc11bb023d1900e2a1cf4521b62deb33999	0	existing_challenge	seq_df64d5d97caae9c5d04274951ec31fc11bb023d1900e2a1cf4521b62deb33999	514	/home/lvfang/ESMC_halophile/R3_existing_challenge_v1_output/esm2/records/d6/d697e8df9f7755d06b090d601786ef18d7e15663da8d682dd6f572fe1d95a945.npy
386	386	seq_d1220270c50d6dc7e9d57450bf37ef32b1d27b9dee2793655c910660cdc1869a	0	existing_challenge	seq_d1220270c50d6dc7e9d57450bf37ef32b1d27b9dee2793655c910660cdc1869a	373	/home/lvfang/ESMC_halophile/R3_existing_challenge_v1_output/esm2/records/49/494231773db682db862e269eff4dfe5ac0ba681a722401d0553d47a483427960.npy
387	387	seq_12a028265374d50372ca7483275850a5665a95b54263c9945f48041c1eb44871	0	existing_challenge	seq_12a028265374d50372ca7483275850a5665a95b54263c9945f48041c1eb44871	270	/home/lvfang/ESMC_halophile/R3_existing_challenge_v1_output/esm2/records/7f/7f98b3971ab4254199a1f686d2647124bf4f7ce4eb361d04214669431ee5d1d6.npy
388	388	seq_c5d3f99c9cbd5df4b68242b897e8e0d50950f9f2887171cc5e8347da908df757	0	existing_challenge	seq_c5d3f99c9cbd5df4b68242b897e8e0d50950f9f2887171cc5e8347da908df757	57	/home/lvfang/ESMC_halophile/R3_existing_challenge_v1_output/esm2/records/c8/c85c47ff2e72fe6de6fe9602f0869504411294f6ae9ce86c8e7ae9cfe7e52a4d.npy
389	389	seq_d7a32f6e932b04670c4346a1b27ebfe6fd563e33383d4707a2651039fef47c9d	0	existing_challenge	seq_d7a32f6e932b04670c4346a1b27ebfe6fd563e33383d4707a2651039fef47c9d	274	/home/lvfang/ESMC_halophile/R3_existing_challenge_v1_output/esm2/records/cb/cb0b29141aa515e05415b0b6c297eb2f9c084d011b8d2f8143ee78514b842e9b.npy
390	390	seq_191c5c8ce637b0fe7b6f6e2456fc944ce97e82d92c89574654dfbee942f4b601	0	existing_challenge	seq_191c5c8ce637b0fe7b6f6e2456fc944ce97e82d92c89574654dfbee942f4b601	283	/home/lvfang/ESMC_halophile/R3_existing_challenge_v1_output/esm2/records/f2/f294c6d5d8580306fdff84f85364c60a082f9a838a1f9fb64c909a036b707ac9.npy
391	391	seq_d292ee1c29775d854db49ae5f028697c9c51cd180ef403eae7c08743b8fb158a	0	existing_challenge	seq_d292ee1c29775d854db49ae5f028697c9c51cd180ef403eae7c08743b8fb158a	98	/home/lvfang/ESMC_halophile/R3_existing_challenge_v1_output/esm2/records/8e/8e02d6ef1648d15e6903d2c4bebd4896e1e108493b8390c8ff5de908187f9376.npy
392	392	seq_0b2b7c9f4625a8cffb94c5ec417204236eb2694828dc27655747fcac1579d78c	0	existing_challenge	seq_0b2b7c9f4625a8cffb94c5ec417204236eb2694828dc27655747fcac1579d78c	615	/home/lvfang/ESMC_halophile/R3_existing_challenge_v1_output/esm2/records/da/da7b99c6f28c574ecd952ae53c1de355635a678f7b9e7809f47a57bad5b450df.npy
393	393	seq_57ca0805551f0c21e1f8befc53882c18152fcce2aec3e3aa4d01d7156fba4804	0	existing_challenge	seq_57ca0805551f0c21e1f8befc53882c18152fcce2aec3e3aa4d01d7156fba4804	250	/home/lvfang/ESMC_halophile/R3_existing_challenge_v1_output/esm2/records/cc/ccc86f47ec0f4027707e549cd66ed8c98b43c5be923fca61d6457bdee3fde782.npy
394	394	seq_ce1ed21457e581dd72b5c3738ee387f16668cc465a7e7248e3b942d014f0b609	0	existing_challenge	seq_ce1ed21457e581dd72b5c3738ee387f16668cc465a7e7248e3b942d014f0b609	721	/home/lvfang/ESMC_halophile/R3_existing_challenge_v1_output/esm2/records/a0/a0dd7a04fda744820bdeaa489b9e43d48a47531c8c8f7f09bee1ef8807a79036.npy
395	395	seq_fd2e1612abc1124a2ef12d55a4d49270b3c2a1ca23a4e70581a7c09bde6a8da5	0	existing_challenge	seq_fd2e1612abc1124a2ef12d55a4d49270b3c2a1ca23a4e70581a7c09bde6a8da5	187	/home/lvfang/ESMC_halophile/R3_existing_challenge_v1_output/esm2/records/a8/a8ca8362f0259b0878a9656e2ce5cd1858f89bb78e0b60e0e8de5ab4423cea90.npy
396	396	seq_1beef82df97f51c2f472d4d11b8f67534348da1022b1aa65dd274a300f74521f	0	existing_challenge	seq_1beef82df97f51c2f472d4d11b8f67534348da1022b1aa65dd274a300f74521f	147	/home/lvfang/ESMC_halophile/R3_existing_challenge_v1_output/esm2/records/c6/c66e6abd04c1d7246bb3b3548decaed9a2cac5bbd175fe5ca522a097e52f8a8b.npy
397	397	seq_ac8f0e4ee36db3807ac83886b0376007cf3653596308352d185fd8547c9b20b7	0	existing_challenge	seq_ac8f0e4ee36db3807ac83886b0376007cf3653596308352d185fd8547c9b20b7	118	/home/lvfang/ESMC_halophile/R3_existing_challenge_v1_output/esm2/records/2a/2ab9c0dfbf2f4d98ce24949414d203893878693612f1d0f1e895fa3f311e8921.npy
398	398	seq_71c62ce50850f7e60aaeb7d1c255e1f57ddb8272c52ecdc8bf0199f1c4dbc2ba	0	existing_challenge	seq_71c62ce50850f7e60aaeb7d1c255e1f57ddb8272c52ecdc8bf0199f1c4dbc2ba	154	/home/lvfang/ESMC_halophile/R3_existing_challenge_v1_output/esm2/records/a6/a6b293bd86d69a1f34eea001c3838a2bb304203e3485c8f22d4677bcae0185b6.npy
399	399	seq_35288e53ddc0efc819bd85734e1320d3e8790675fc815923d38fb9a5b3828130	0	existing_challenge	seq_35288e53ddc0efc819bd85734e1320d3e8790675fc815923d38fb9a5b3828130	173	/home/lvfang/ESMC_halophile/R3_existing_challenge_v1_output/esm2/records/03/03760de7678334c0a96bfe767a25e29e74647459a13f6220c5bebd2140e95cc4.npy
400	400	seq_9892f8be0b9cc0d3f931a68e0d30ce8d0503b9e3be54fbffd92db8a94714c638	0	existing_challenge	seq_9892f8be0b9cc0d3f931a68e0d30ce8d0503b9e3be54fbffd92db8a94714c638	347	/home/lvfang/ESMC_halophile/R3_existing_challenge_v1_output/esm2/records/a5/a5098beda669ec211990f557386c5a100afc430d555555719a17cac628d28fdd.npy
401	401	seq_132fa7503e34f2e6b52c9cd618de175df2680bc43bf0625533ab110e40dfa9f6	0	existing_challenge	seq_132fa7503e34f2e6b52c9cd618de175df2680bc43bf0625533ab110e40dfa9f6	149	/home/lvfang/ESMC_halophile/R3_existing_challenge_v1_output/esm2/records/c0/c06ed6b5a4a3b7f71cf54a67dab84b8981c4e61fc8410f6ade9110c4d28a6412.npy
402	402	seq_b1c658527e28b085329fc8c1ffb0ca6d44c15968970e2308f361a7697b9cb61f	0	existing_challenge	seq_b1c658527e28b085329fc8c1ffb0ca6d44c15968970e2308f361a7697b9cb61f	221	/home/lvfang/ESMC_halophile/R3_existing_challenge_v1_output/esm2/records/08/083f8a7aed4677cad611eb8553a6a2546ad8564494eb358d6af8fd10986f6838.npy
403	403	seq_58d47bce416df9619a77d673b88256850e2d8b94c288b0399c15e51b1759c379	0	existing_challenge	seq_58d47bce416df9619a77d673b88256850e2d8b94c288b0399c15e51b1759c379	114	/home/lvfang/ESMC_halophile/R3_existing_challenge_v1_output/esm2/records/c2/c20be0ee435244cb7f86b01eeaaaa65b41db14c477e1e72c38490c2f70fcf607.npy
404	404	seq_f88f6ed3d4c44bdddab8c605cc8813a642db47ee31e2a56b17102e46b6188381	0	existing_challenge	seq_f88f6ed3d4c44bdddab8c605cc8813a642db47ee31e2a56b17102e46b6188381	342	/home/lvfang/ESMC_halophile/R3_existing_challenge_v1_output/esm2/records/0f/0fdaccce48c60b17ad75ecef38b534a88763a39b2162dc8911c758e165f5612a.npy
405	405	seq_d30d587bf4eb37d1dcd7ac158fbcf3f3d4af4ae385f0930f17eac5dbc97e99fa	0	existing_challenge	seq_d30d587bf4eb37d1dcd7ac158fbcf3f3d4af4ae385f0930f17eac5dbc97e99fa	449	/home/lvfang/ESMC_halophile/R3_existing_challenge_v1_output/esm2/records/d6/d6a918ff148025102fa1a19a4d566042937878df44aca4ba586e1f0dcc3a0419.npy
406	406	seq_b90d073afecac891c5281c8c7bff02e2290b4b1e0f22a59aeff80aff92decb8a	0	existing_challenge	seq_b90d073afecac891c5281c8c7bff02e2290b4b1e0f22a59aeff80aff92decb8a	282	/home/lvfang/ESMC_halophile/R3_existing_challenge_v1_output/esm2/records/25/251f8d8f09eec4affab0bdc26410b81a2d175fcb400da9b77fe90d93fb40d06a.npy
407	407	seq_e6b21bc11c4e424ece655c2b945017c600838bf7d0badeef25450b05b8153919	0	existing_challenge	seq_e6b21bc11c4e424ece655c2b945017c600838bf7d0badeef25450b05b8153919	188	/home/lvfang/ESMC_halophile/R3_existing_challenge_v1_output/esm2/records/11/11cb1efdb612d451e7eb176c6db6ebdb18e86b5a5da898238c22081100762060.npy
408	408	seq_994e6cf6a28138a31b058ebc584953d0b92f9cd3eca21f88088a5a46797a246c	0	existing_challenge	seq_994e6cf6a28138a31b058ebc584953d0b92f9cd3eca21f88088a5a46797a246c	358	/home/lvfang/ESMC_halophile/R3_existing_challenge_v1_output/esm2/records/d1/d1ece0ee9185445f2393418618c3df35b76ecb64583e7012d719c24d80368a69.npy
409	409	seq_9682d8415e60a778e4cccb1c5761edac3c07fab440a92d08b27dc3fd62146dd4	0	existing_challenge	seq_9682d8415e60a778e4cccb1c5761edac3c07fab440a92d08b27dc3fd62146dd4	1342	/home/lvfang/ESMC_halophile/R3_existing_challenge_v1_output/esm2/records/ae/ae069c7c002154ffa574d27188c2febaced79da92b8227b8d55ba358ff67def0.npy
410	410	seq_99ce7ec22fec5f5ff065a62428d5fb46e07652fb279219535d519cb3b9e5797d	0	existing_challenge	seq_99ce7ec22fec5f5ff065a62428d5fb46e07652fb279219535d519cb3b9e5797d	439	/home/lvfang/ESMC_halophile/R3_existing_challenge_v1_output/esm2/records/df/dfc91728904b7e1a4e0186d7ce3ad1d859e8703e0d2be8d63ec09e62b3ac5c96.npy
411	411	seq_5f07d620b143ac4b2bf19dd6012b11e1d4e76c52cff8d528f90a69d1bd0f0483	0	existing_challenge	seq_5f07d620b143ac4b2bf19dd6012b11e1d4e76c52cff8d528f90a69d1bd0f0483	450	/home/lvfang/ESMC_halophile/R3_existing_challenge_v1_output/esm2/records/42/420ad5581f4eba2cc8a2db70cf9976afe9f4f0c8cae152cbcee6e055078249aa.npy
412	412	seq_e98c4f4514a4080d0fec33d6b05f2f906cece2d46fed207912def38470b5544d	0	existing_challenge	seq_e98c4f4514a4080d0fec33d6b05f2f906cece2d46fed207912def38470b5544d	280	/home/lvfang/ESMC_halophile/R3_existing_challenge_v1_output/esm2/records/2c/2c9208a2856b754e0a7c7b4f7333b5744292ec2166bac84e650a842672790de1.npy
413	413	seq_98b38326d78ff22608ebd8fd7251de5af874ec27705781ecd3c05f45bb0c93d5	0	existing_challenge	seq_98b38326d78ff22608ebd8fd7251de5af874ec27705781ecd3c05f45bb0c93d5	272	/home/lvfang/ESMC_halophile/R3_existing_challenge_v1_output/esm2/records/06/069571a1a0f69ef99c6f9acb229e203c695744238dbbb5303d088cc4e368025d.npy
414	414	seq_848b4bec35d54caa727321157b626787629748a64eb090127e3d4a863254d4c8	0	existing_challenge	seq_848b4bec35d54caa727321157b626787629748a64eb090127e3d4a863254d4c8	168	/home/lvfang/ESMC_halophile/R3_existing_challenge_v1_output/esm2/records/b7/b73ce2bc02f1b866ced1d4e6adc1ad0b102ca1c5059a08cdc4d18ae8985d94f4.npy
415	415	seq_a46b3f6e1b8155f9e8a68e35511383fc8f99c6e08c298d09a91e4a4b74ecb9d8	0	existing_challenge	seq_a46b3f6e1b8155f9e8a68e35511383fc8f99c6e08c298d09a91e4a4b74ecb9d8	96	/home/lvfang/ESMC_halophile/R3_existing_challenge_v1_output/esm2/records/e5/e52edb8bc84c2ced9a975b0fa65beb1359ca3f4abc88d8512d31ee3be34e267b.npy
416	416	seq_980435533ee27b672da86304c43fc96fd2d82586f8aa431d1425d2ed87862d69	0	existing_challenge	seq_980435533ee27b672da86304c43fc96fd2d82586f8aa431d1425d2ed87862d69	251	/home/lvfang/ESMC_halophile/R3_existing_challenge_v1_output/esm2/records/13/1394673eebd5daf40ad6d9c0e7f91ef08258586e9f01f1e0e7a9f79ce733b567.npy
417	417	seq_c22dc9a02652766c1192cca65cd407beab2de51757bec66a1c403f6224c0d305	0	existing_challenge	seq_c22dc9a02652766c1192cca65cd407beab2de51757bec66a1c403f6224c0d305	1124	/home/lvfang/ESMC_halophile/R3_existing_challenge_v1_output/esm2/records/b1/b14a20b421099434293f701960d7c6c9ed3d2407c44b4816a164382d544fb6fe.npy
418	418	seq_0826ef290c4fc2b9482353f0cde0f2037e752cf448f30760ddd70a2321254ab6	0	existing_challenge	seq_0826ef290c4fc2b9482353f0cde0f2037e752cf448f30760ddd70a2321254ab6	799	/home/lvfang/ESMC_halophile/R3_existing_challenge_v1_output/esm2/records/e4/e42765fc184c85278ac41d8d2fda19632a2080ba61e49189ec1d022f5a55ec4b.npy
419	419	seq_29555905eab8f57539a01da979547533328c387c650b59e81151e6ccb77bb509	0	existing_challenge	seq_29555905eab8f57539a01da979547533328c387c650b59e81151e6ccb77bb509	295	/home/lvfang/ESMC_halophile/R3_existing_challenge_v1_output/esm2/records/d1/d11ecee61c2bfd89e0b3a92d06f005ebdaa651a73a1d0fc4ea375a0d111c59c1.npy
420	420	seq_c4ef778579617d4375913a75f31e9f735a1839de91caa7c28345e12f166d79ac	0	existing_challenge	seq_c4ef778579617d4375913a75f31e9f735a1839de91caa7c28345e12f166d79ac	426	/home/lvfang/ESMC_halophile/R3_existing_challenge_v1_output/esm2/records/88/88461f614797fedfc7a7dbd29e6ad21710ee32037ef7c1dd122c05ae11d1ffed.npy
421	421	seq_c6d7055746d6bea3ad1e467133dfdf4bb88eb4eeb856959328f82aca659c0914	0	existing_challenge	seq_c6d7055746d6bea3ad1e467133dfdf4bb88eb4eeb856959328f82aca659c0914	373	/home/lvfang/ESMC_halophile/R3_existing_challenge_v1_output/esm2/records/36/3670a0a3a4ed07c8d031a8b3a92d8f9d8dfdb0ff53bca92b76f388a1ca92678a.npy
422	422	seq_8e06a4b714d76743aac6c1a407bdb3bc4268e9a64b4ffaf31c5d1ff2fb6e7da4	0	existing_challenge	seq_8e06a4b714d76743aac6c1a407bdb3bc4268e9a64b4ffaf31c5d1ff2fb6e7da4	84	/home/lvfang/ESMC_halophile/R3_existing_challenge_v1_output/esm2/records/a8/a8ea253686ea7d323ff2c716b4295cc53ffebb3166e6a537aec48127ed672dec.npy
423	423	seq_f945cf9203e02ac3e4927b533d473792132baa7b9cec93aed5be7c02c33f248f	0	existing_challenge	seq_f945cf9203e02ac3e4927b533d473792132baa7b9cec93aed5be7c02c33f248f	79	/home/lvfang/ESMC_halophile/R3_existing_challenge_v1_output/esm2/records/b4/b4bb696912181206093f405fcb2d4334796748d39cdf5bddaa4e0859c89df57f.npy
424	424	seq_31760a209c34df69254c0544cab0f332c45deba834751aa2155e70d85c748ee1	0	existing_challenge	seq_31760a209c34df69254c0544cab0f332c45deba834751aa2155e70d85c748ee1	261	/home/lvfang/ESMC_halophile/R3_existing_challenge_v1_output/esm2/records/2f/2ffef82702b1dea74b3e52aefef5ed645976aa6b7d153b1f1df7747643048ef7.npy
425	425	seq_c1be3927672585b27b4357011554ab39d6a1e73f0f6b4b736c87023a99464d7b	0	existing_challenge	seq_c1be3927672585b27b4357011554ab39d6a1e73f0f6b4b736c87023a99464d7b	402	/home/lvfang/ESMC_halophile/R3_existing_challenge_v1_output/esm2/records/11/11eacf9c320edffc55eb7b843a533b312e8459dbdf0a272a5a909eaabe694d73.npy
426	426	seq_8be1e031a41ffed6294979d3259e45ebf98fae159da6b8dd95b54a6cbbb0fe96	0	existing_challenge	seq_8be1e031a41ffed6294979d3259e45ebf98fae159da6b8dd95b54a6cbbb0fe96	535	/home/lvfang/ESMC_halophile/R3_existing_challenge_v1_output/esm2/records/5a/5a259a57159ac20c5ac28cceebe09e9d3be59f55ac1913eb2110aff78c8ba47d.npy
427	427	seq_fb230ab40e450590d92127387af631e9da8c4fb13fa96851f0c9dc457319de4c	0	existing_challenge	seq_fb230ab40e450590d92127387af631e9da8c4fb13fa96851f0c9dc457319de4c	118	/home/lvfang/ESMC_halophile/R3_existing_challenge_v1_output/esm2/records/5b/5b4ecec52a1bade77b1b14c7c2976e5ee4ef33f5feb54441ee4edb7228645099.npy
428	428	seq_cbadac1c20f683aa7a816624e6ba06b23e7ed66452714c4774bb615d97ef48e5	0	existing_challenge	seq_cbadac1c20f683aa7a816624e6ba06b23e7ed66452714c4774bb615d97ef48e5	365	/home/lvfang/ESMC_halophile/R3_existing_challenge_v1_output/esm2/records/b7/b7060fd77b8766183ca0a767b2188976b87ccbd8642c49a01a53842a0c03ef08.npy
429	429	seq_17cc6c30b4ceb68775d69db21cf0c72e556c05b64c60b503f875a5ecf4b870d8	0	existing_challenge	seq_17cc6c30b4ceb68775d69db21cf0c72e556c05b64c60b503f875a5ecf4b870d8	354	/home/lvfang/ESMC_halophile/R3_existing_challenge_v1_output/esm2/records/83/83100442afacdfbcf88f87d39b839319681317baea3c5928232736bf21a060cb.npy
430	430	seq_e06a23a8c09ecf8bb33d0f05c4577f43fbbd37281bc4f1cbd1f61014e3a06e5e	0	existing_challenge	seq_e06a23a8c09ecf8bb33d0f05c4577f43fbbd37281bc4f1cbd1f61014e3a06e5e	161	/home/lvfang/ESMC_halophile/R3_existing_challenge_v1_output/esm2/records/49/49b1f16731a7ff8f8974f2ef5df4251db46a83e7111547fd56573e8f438cec42.npy
431	431	seq_2f3ca11fee08a41d81b10f517861aad38419180091f20af95d2d664d900a0f5c	0	existing_challenge	seq_2f3ca11fee08a41d81b10f517861aad38419180091f20af95d2d664d900a0f5c	364	/home/lvfang/ESMC_halophile/R3_existing_challenge_v1_output/esm2/records/e2/e20e918ea473402362bcdd5e065fbe9ed76a75cc30eaadc7cbbab1138d3f1120.npy
432	432	seq_d5c58192424441e9b16df8c246f604190b554bba81e3b61c75d89edf7e021006	0	existing_challenge	seq_d5c58192424441e9b16df8c246f604190b554bba81e3b61c75d89edf7e021006	247	/home/lvfang/ESMC_halophile/R3_existing_challenge_v1_output/esm2/records/4e/4e5a986584eb7d4a6c3e23af3bb106dcf48db018782eb9cc8598dc795505a881.npy
433	433	seq_da055c4c6dde4ee74d3d342539d72ab0f1afb809c0b02db1721900e9d1694afa	0	existing_challenge	seq_da055c4c6dde4ee74d3d342539d72ab0f1afb809c0b02db1721900e9d1694afa	173	/home/lvfang/ESMC_halophile/R3_existing_challenge_v1_output/esm2/records/87/873399379e96a6f78d8c16eea87fd5e95dfbbf592c7dba6e90b97b0b7f5fc67b.npy
434	434	seq_fb287a783512d6f356c6c82c20b6e2a6605da0a003328a9639b533ce9033f595	0	existing_challenge	seq_fb287a783512d6f356c6c82c20b6e2a6605da0a003328a9639b533ce9033f595	132	/home/lvfang/ESMC_halophile/R3_existing_challenge_v1_output/esm2/records/bc/bc3dcb81bbc684a299152804f20995731307120a08f82c2012f809cf55ab8804.npy
435	435	seq_d046745caf20beb15a9b33cd1ce0c9689dfb0549e22316a9d2ca8824be71089e	0	existing_challenge	seq_d046745caf20beb15a9b33cd1ce0c9689dfb0549e22316a9d2ca8824be71089e	103	/home/lvfang/ESMC_halophile/R3_existing_challenge_v1_output/esm2/records/14/143898f0767ffd0db201ac4f9dec126676e6a29392033b786762974e1f1071cd.npy
436	436	seq_606f94d63e5ba448d728230bf17386ca3ccb463869782ea3e60461720ee46c6e	0	existing_challenge	seq_606f94d63e5ba448d728230bf17386ca3ccb463869782ea3e60461720ee46c6e	596	/home/lvfang/ESMC_halophile/R3_existing_challenge_v1_output/esm2/records/07/07ad88fd35ba5c64423f1163a46580998ef976b94e4756fef511ad748236e6e6.npy
437	437	seq_ae35c16b4ab41d1bd60eca182213a255510cece7c0edea304a5002175b6fe272	0	existing_challenge	seq_ae35c16b4ab41d1bd60eca182213a255510cece7c0edea304a5002175b6fe272	393	/home/lvfang/ESMC_halophile/R3_existing_challenge_v1_output/esm2/records/ba/ba76091e477796af761369f0f54eeea21445c43b56ad7f51be5ccc4850ac90c8.npy
438	438	seq_a961d24623a384cd322dd541affd23f2efada041c7087d2b00f4094ee7d410f6	0	existing_challenge	seq_a961d24623a384cd322dd541affd23f2efada041c7087d2b00f4094ee7d410f6	454	/home/lvfang/ESMC_halophile/R3_existing_challenge_v1_output/esm2/records/95/95fe2dac6f7ab9473726de1bf9a6200e0f13bcc02d0a3fc3fb1e4d9f627d3f85.npy
439	439	seq_311f0d015bfe5e9ef05bba6c1e1895032e9a871a6a752603262eee852e399a79	0	existing_challenge	seq_311f0d015bfe5e9ef05bba6c1e1895032e9a871a6a752603262eee852e399a79	182	/home/lvfang/ESMC_halophile/R3_existing_challenge_v1_output/esm2/records/8c/8c5038de66c2bbcdcc035610d36ac4b8413753b9bb9ec2c29f43c1a7d171b269.npy
440	440	seq_015aa38b285c73d28a15bf67df3b61ecb3e1c5467cd040804298979a8bbf8ce2	0	existing_challenge	seq_015aa38b285c73d28a15bf67df3b61ecb3e1c5467cd040804298979a8bbf8ce2	295	/home/lvfang/ESMC_halophile/R3_existing_challenge_v1_output/esm2/records/5a/5a03f4a3136c7f0dadad6d1d709be06995fd21096faeeac2e3ad54a5e42b9bea.npy
441	441	seq_045276f3934315ff1a0b8573223ede97818d8defbf8e9b5252422f0bf8b626f5	0	existing_challenge	seq_045276f3934315ff1a0b8573223ede97818d8defbf8e9b5252422f0bf8b626f5	193	/home/lvfang/ESMC_halophile/R3_existing_challenge_v1_output/esm2/records/ce/ce5acc540a7d7550bf3ef29fadb11dc61a28d3bb8fd4853a66c86a6a43828ca3.npy
442	442	seq_f408524ec45189c4b37c5cc9e3d1c7987eb89c48e520a4d3b4cab4e3c3b20de7	0	existing_challenge	seq_f408524ec45189c4b37c5cc9e3d1c7987eb89c48e520a4d3b4cab4e3c3b20de7	116	/home/lvfang/ESMC_halophile/R3_existing_challenge_v1_output/esm2/records/d9/d99d4632765584a4fcd08350c596d2bad4f307f15714f1344b38e1087758f075.npy
443	443	seq_bf5c695d6e1c7794685d671d27ea3dcdddb6440753795ffde91434a56c2ad527	0	existing_challenge	seq_bf5c695d6e1c7794685d671d27ea3dcdddb6440753795ffde91434a56c2ad527	388	/home/lvfang/ESMC_halophile/R3_existing_challenge_v1_output/esm2/records/18/18298eaecc14403bbcaeda75efac2f55de0baca3fe160677277838425eb4eba3.npy
444	444	seq_44dc77d5586adbfee2dae446d883b61435e3431b2b68e52fe0a55876b8ce30ba	0	existing_challenge	seq_44dc77d5586adbfee2dae446d883b61435e3431b2b68e52fe0a55876b8ce30ba	374	/home/lvfang/ESMC_halophile/R3_existing_challenge_v1_output/esm2/records/5b/5b16323d44c09fcc60b83f9ff5770f2f8cf6dbac77426cb508919ac365a65aca.npy
445	445	seq_d5df9011e1eef5bcdb442431ab0b2a8bc3f1dabcf741dbb5384509f2c2d895c6	0	existing_challenge	seq_d5df9011e1eef5bcdb442431ab0b2a8bc3f1dabcf741dbb5384509f2c2d895c6	180	/home/lvfang/ESMC_halophile/R3_existing_challenge_v1_output/esm2/records/f5/f5bd807201103899fc675530dfb7c988a0f8506d4e4663e1fee5059573c6bfe2.npy
446	446	seq_90c05557bcb499d87c91a85b4bea05c13e962175470e6de026640be0bae96c22	0	existing_challenge	seq_90c05557bcb499d87c91a85b4bea05c13e962175470e6de026640be0bae96c22	232	/home/lvfang/ESMC_halophile/R3_existing_challenge_v1_output/esm2/records/46/46c57e2f4c0719d735fdf5ded5dc8cfa46398b2991d84a659a46dd29f4ea1a3c.npy
447	447	seq_c540cdc45ed528e0f2ae0c59496fb43fe93208f75b5ade663d753effe6f5cbaa	0	existing_challenge	seq_c540cdc45ed528e0f2ae0c59496fb43fe93208f75b5ade663d753effe6f5cbaa	219	/home/lvfang/ESMC_halophile/R3_existing_challenge_v1_output/esm2/records/15/1598a31d2ef066bb4344abf978e2d67c69783bc4c91a09148d0ad9ffeae58776.npy
448	448	seq_81b2ddd8990b5ca0413882f29bb574d1a3b57f2fd8565aaf7328fabcfacae9fb	0	existing_challenge	seq_81b2ddd8990b5ca0413882f29bb574d1a3b57f2fd8565aaf7328fabcfacae9fb	358	/home/lvfang/ESMC_halophile/R3_existing_challenge_v1_output/esm2/records/6c/6c16a17686fa8d7238386da6bb3c93ffbf9c63b0e1ca38abf8d9fdbc0f16b739.npy
449	449	seq_818e821d09c8ef79e90aed4ef123230285de0d653d823d9e32e2678f50bed62e	0	existing_challenge	seq_818e821d09c8ef79e90aed4ef123230285de0d653d823d9e32e2678f50bed62e	201	/home/lvfang/ESMC_halophile/R3_existing_challenge_v1_output/esm2/records/72/723b1863942bba89323410b12bcfb9a5c140a0f490d7a0575f93db605ed40bf1.npy
450	450	seq_5c143cad4dc30d721a22575e1fe565710ddb24fd49a819cdf8430d8110d42a1b	0	existing_challenge	seq_5c143cad4dc30d721a22575e1fe565710ddb24fd49a819cdf8430d8110d42a1b	102	/home/lvfang/ESMC_halophile/R3_existing_challenge_v1_output/esm2/records/9f/9f0ca6a4b77be4634ac4d8684ae66cdd68c87a84c5fb73a5f24e1a04d436de0a.npy
451	451	seq_542b21f19eab8e309fb193a7b7a7e17ea690a4fde7a767bd0f9e9c3f0cd7ceb7	0	existing_challenge	seq_542b21f19eab8e309fb193a7b7a7e17ea690a4fde7a767bd0f9e9c3f0cd7ceb7	128	/home/lvfang/ESMC_halophile/R3_existing_challenge_v1_output/esm2/records/20/20aefb6fb6eba4733e4948e158407fcf7a373f69ef46775752061e83e4733803.npy
452	452	seq_91eca475b08c94e9d652f4925e6ec5a5b9d6a7da08dd4023628a626c5a56581c	0	existing_challenge	seq_91eca475b08c94e9d652f4925e6ec5a5b9d6a7da08dd4023628a626c5a56581c	291	/home/lvfang/ESMC_halophile/R3_existing_challenge_v1_output/esm2/records/f5/f52574f65dee97997c973932163f3f2508bd234993acff71768a79072c334a30.npy
453	453	seq_2bc6041be1686b2f9d3def3366d95d3efb6ef1d2c3a585eba5a09353af09b958	0	existing_challenge	seq_2bc6041be1686b2f9d3def3366d95d3efb6ef1d2c3a585eba5a09353af09b958	1049	/home/lvfang/ESMC_halophile/R3_existing_challenge_v1_output/esm2/records/37/371183059dca923529851ac1b8b1d277397c80ecd40bdc138ca0d7156d360b69.npy
454	454	seq_1edb924d2691648bee69470e439d4b2731a66721f40fc70a5ed809062c837484	0	existing_challenge	seq_1edb924d2691648bee69470e439d4b2731a66721f40fc70a5ed809062c837484	230	/home/lvfang/ESMC_halophile/R3_existing_challenge_v1_output/esm2/records/6b/6bffb68d59592b4c62399c98b2ec28aadf8c7d3895f0da1d1bc4ef98e744584d.npy
455	455	seq_a8cef8248183b914877d43061d73593182a7a8fc8c9d48b3312ef25bcab5013f	0	existing_challenge	seq_a8cef8248183b914877d43061d73593182a7a8fc8c9d48b3312ef25bcab5013f	88	/home/lvfang/ESMC_halophile/R3_existing_challenge_v1_output/esm2/records/cd/cd26a37c8e6d2ade4ae14080b3f0c0f18bc9f7cea32004a18b2aeb870d77d681.npy
456	456	seq_3f5b80a3957df334522247dc57943e958e7defef017649a344c79212815d60e5	0	existing_challenge	seq_3f5b80a3957df334522247dc57943e958e7defef017649a344c79212815d60e5	559	/home/lvfang/ESMC_halophile/R3_existing_challenge_v1_output/esm2/records/a7/a7cee8de1342ea987941d91ee040972a1971977fb8179760fd5643a9f618b74e.npy
457	457	seq_f7471c19b7dda7b23c58d5f9f57035aaa2e1b71b7d7058b08f928fbde9434cb5	0	existing_challenge	seq_f7471c19b7dda7b23c58d5f9f57035aaa2e1b71b7d7058b08f928fbde9434cb5	76	/home/lvfang/ESMC_halophile/R3_existing_challenge_v1_output/esm2/records/7b/7b279c1ef40645b531818951e92ba7403ff02ad2eb9d655761f02a5bd9138fc5.npy
458	458	seq_7d0f763c4d6d9e7d15e974660c26f24f4aa59d0b84b018203b8296d6c49e4d88	0	existing_challenge	seq_7d0f763c4d6d9e7d15e974660c26f24f4aa59d0b84b018203b8296d6c49e4d88	354	/home/lvfang/ESMC_halophile/R3_existing_challenge_v1_output/esm2/records/90/905fb688b9b08a22bd9943982fd3666c33ed4f4ca876848a3e932571e0fe18d2.npy
459	459	seq_7cff2214a81bd0b7d0615b5e59fac7187756e45ed416bcbb38ff8eb8974688ff	0	existing_challenge	seq_7cff2214a81bd0b7d0615b5e59fac7187756e45ed416bcbb38ff8eb8974688ff	584	/home/lvfang/ESMC_halophile/R3_existing_challenge_v1_output/esm2/records/4a/4a8f3d5b9ebff39b689c21b4573d12c05ec769e87937bbc84ff4b1376ad19882.npy
460	460	seq_c0cd069be6b814d70d313ffb34ff9906567266630840ca35d29a99aa2f08b20f	0	existing_challenge	seq_c0cd069be6b814d70d313ffb34ff9906567266630840ca35d29a99aa2f08b20f	736	/home/lvfang/ESMC_halophile/R3_existing_challenge_v1_output/esm2/records/c7/c74ebb41fecb7ea9d9883110d9dfb98766f7a7b237fc582f7c53d7506aebad9d.npy
461	461	seq_1bead86ab8096915929378362959df24892ce3ba513adde0041485c5663ac2b0	0	existing_challenge	seq_1bead86ab8096915929378362959df24892ce3ba513adde0041485c5663ac2b0	139	/home/lvfang/ESMC_halophile/R3_existing_challenge_v1_output/esm2/records/05/05242a5705695073a4d9dc11d8cafd14a2dcc8c615c32e61065658355eb489b4.npy
462	462	seq_f947ff2224a5be22f41706c953bb6d9704e9e1f7ceba28dab7672a674dedcf09	0	existing_challenge	seq_f947ff2224a5be22f41706c953bb6d9704e9e1f7ceba28dab7672a674dedcf09	252	/home/lvfang/ESMC_halophile/R3_existing_challenge_v1_output/esm2/records/d9/d99c5eddb9fbf55037a0039a61b1d107709f1cf193ecc222eafede9a1e51f1da.npy
463	463	seq_6fa6d2c1746b0ab275958aa5a3c93de6a91d97fe7f9c4bae4695c47792acbfb4	0	existing_challenge	seq_6fa6d2c1746b0ab275958aa5a3c93de6a91d97fe7f9c4bae4695c47792acbfb4	211	/home/lvfang/ESMC_halophile/R3_existing_challenge_v1_output/esm2/records/be/be4204c3c73821aea214efcd3c786a1a3a399a1e7565fd58c61108a22bd816d4.npy
464	464	seq_31461e314f61656aa89f6c75710b639176bb98ef69436353be1d66d0db189058	0	existing_challenge	seq_31461e314f61656aa89f6c75710b639176bb98ef69436353be1d66d0db189058	463	/home/lvfang/ESMC_halophile/R3_existing_challenge_v1_output/esm2/records/3d/3d8f6c78b2d76893d824b86d73407d061b90a72fde3403b7afac920bb199bc22.npy
465	465	seq_779caa07db9deb5cafa0ffd915c4deb5e475a11561cc443d4a5b1c3bf797f6ab	0	existing_challenge	seq_779caa07db9deb5cafa0ffd915c4deb5e475a11561cc443d4a5b1c3bf797f6ab	474	/home/lvfang/ESMC_halophile/R3_existing_challenge_v1_output/esm2/records/14/14eb32a2afe457c7d2cab0ff4d5108b5419d68359c9942780297a83fe28e7cf7.npy
466	466	seq_6f4f46ca46a1dd25b392a26cdca0d0e83f85a90a40dfe604d08f77c4cac2380c	0	existing_challenge	seq_6f4f46ca46a1dd25b392a26cdca0d0e83f85a90a40dfe604d08f77c4cac2380c	179	/home/lvfang/ESMC_halophile/R3_existing_challenge_v1_output/esm2/records/66/660d094d551fa53154fe40c0b92ccda5d1d9dd27be12e087f098b39c79060d34.npy
467	467	seq_4a935b730fe1b36fb896209445e1abc4429aa0850a84e7961263b5c647301aa1	0	existing_challenge	seq_4a935b730fe1b36fb896209445e1abc4429aa0850a84e7961263b5c647301aa1	263	/home/lvfang/ESMC_halophile/R3_existing_challenge_v1_output/esm2/records/54/5407473e3b48ec2c2776f3bb6274d5cfaaf25e2a05108260cb010a482c6da1fe.npy
468	468	seq_8c4dd03216d45ed1132db2d6cdace705c462f59a9f3e44b35b2a55aeafbf727f	0	existing_challenge	seq_8c4dd03216d45ed1132db2d6cdace705c462f59a9f3e44b35b2a55aeafbf727f	204	/home/lvfang/ESMC_halophile/R3_existing_challenge_v1_output/esm2/records/7c/7cde2f8b2b2139122249158d40dddabdd82bdd122376f1784947def534a75494.npy
469	469	seq_bd25b35cf3056ed467d110c83b3283c9525d051a46dfe514b89f42e6df90d29e	0	existing_challenge	seq_bd25b35cf3056ed467d110c83b3283c9525d051a46dfe514b89f42e6df90d29e	136	/home/lvfang/ESMC_halophile/R3_existing_challenge_v1_output/esm2/records/0a/0ae61dc4a5a048add0f066edaee06682ae2eca2d442f896b01976784823c0302.npy
470	470	seq_56a23e5273977fc8d839ddce423ed742340f8657b53ebcb04406041c1027902b	0	existing_challenge	seq_56a23e5273977fc8d839ddce423ed742340f8657b53ebcb04406041c1027902b	365	/home/lvfang/ESMC_halophile/R3_existing_challenge_v1_output/esm2/records/b2/b2ce306307c908498f51cc208274976f302771176e45b467fc1be831b7cc8e16.npy
471	471	seq_487c619b977296e6a39c81adbf4e92f92d08557e153fa53ff129d765dfec819e	0	existing_challenge	seq_487c619b977296e6a39c81adbf4e92f92d08557e153fa53ff129d765dfec819e	328	/home/lvfang/ESMC_halophile/R3_existing_challenge_v1_output/esm2/records/50/50397eb02efc7d414ac56b559f3d418bd82816584f13dd891674ec2022817ce8.npy
472	472	seq_5b410e785d9acaa0fb957068e340fbabfcbf644fb965677fc09c97da4fa0fb87	0	existing_challenge	seq_5b410e785d9acaa0fb957068e340fbabfcbf644fb965677fc09c97da4fa0fb87	254	/home/lvfang/ESMC_halophile/R3_existing_challenge_v1_output/esm2/records/d4/d4c1a12802cbd677d57e1ace63e8a3bd27ce29e6edb3d70321561c3d5a26348b.npy
473	473	seq_f75b078f5a8f8e2a1d8189c761193b54b5eec6fa6e3958e0ff5fd93e1f9f9513	0	existing_challenge	seq_f75b078f5a8f8e2a1d8189c761193b54b5eec6fa6e3958e0ff5fd93e1f9f9513	109	/home/lvfang/ESMC_halophile/R3_existing_challenge_v1_output/esm2/records/74/74c1f219f83f845bbfc5b8e80cc252e839ea87f335e19dcbc926366777b45ac2.npy
474	474	seq_3207fe7832af34057ed658a97a77ed248a49337dc134030e00ed55964f5a1804	0	existing_challenge	seq_3207fe7832af34057ed658a97a77ed248a49337dc134030e00ed55964f5a1804	153	/home/lvfang/ESMC_halophile/R3_existing_challenge_v1_output/esm2/records/ee/ee0087c6b26eef351c4ff267fe5106447ea9327d353a210abe9f9a1899a0c912.npy
475	475	seq_c8c6447ad66832e5ee1f94237ca5596c186730da73935b5e76054c24b87bc77e	0	existing_challenge	seq_c8c6447ad66832e5ee1f94237ca5596c186730da73935b5e76054c24b87bc77e	306	/home/lvfang/ESMC_halophile/R3_existing_challenge_v1_output/esm2/records/65/65523a2916ae4ecc548183cf91c4fd8383a802c48c61a8f547b48a1143e26791.npy
476	476	seq_772aaf300968a98beaaa11ce49d9f463164a241361a70c2dfc1fc083452fdaf9	0	existing_challenge	seq_772aaf300968a98beaaa11ce49d9f463164a241361a70c2dfc1fc083452fdaf9	131	/home/lvfang/ESMC_halophile/R3_existing_challenge_v1_output/esm2/records/a5/a55ddeeac586fd4618dce970ad7bf793c59674837a0ef69340ccdeda8a5e611c.npy
477	477	seq_ad40d10626d9a514a7d5b3aceff1edd899853f46e8e4536e911a735749ea1497	0	existing_challenge	seq_ad40d10626d9a514a7d5b3aceff1edd899853f46e8e4536e911a735749ea1497	568	/home/lvfang/ESMC_halophile/R3_existing_challenge_v1_output/esm2/records/e7/e7d350ba852aaf1ad7ebc6b9106ae1269cac4a56077f7ca1af63a3c87e45538d.npy
478	478	seq_3d8f47ec212560d8ce84bde06b82e40e35c7228511354bcb68876cd4cbc63e98	0	existing_challenge	seq_3d8f47ec212560d8ce84bde06b82e40e35c7228511354bcb68876cd4cbc63e98	112	/home/lvfang/ESMC_halophile/R3_existing_challenge_v1_output/esm2/records/0a/0a23aa7f8676d02cb321dbf708bbd2d15bc568a80c2c2198d46f0a9e4f2c0461.npy
479	479	seq_244abc396790a821fa203880c8691c16c2670a92aee751d8afc591a0e6e6451d	0	existing_challenge	seq_244abc396790a821fa203880c8691c16c2670a92aee751d8afc591a0e6e6451d	1171	/home/lvfang/ESMC_halophile/R3_existing_challenge_v1_output/esm2/records/c6/c6a0e9270a426fee905dfacb2ac4fc4b26742e889b19cd2a8834ce9889fccd58.npy
480	480	seq_aede732fbe2bd20631d281db92ac33631f0bae50491b2abda8230c9a5034e77b	0	existing_challenge	seq_aede732fbe2bd20631d281db92ac33631f0bae50491b2abda8230c9a5034e77b	130	/home/lvfang/ESMC_halophile/R3_existing_challenge_v1_output/esm2/records/fc/fc240389d6582cdf8eb1f4eda559b875bde38455ba76d028eee089ba0f304547.npy
481	481	seq_fec1c3f3bd7a4dce2287b1118827e193b451f0b917cfedc5b4c39949a10dad34	0	existing_challenge	seq_fec1c3f3bd7a4dce2287b1118827e193b451f0b917cfedc5b4c39949a10dad34	132	/home/lvfang/ESMC_halophile/R3_existing_challenge_v1_output/esm2/records/ef/ef23981c213f2972e9a80ec329639003b5a93dc985c02153f05d205170b033f4.npy
482	482	seq_54ca5a96d413dc694f1c0001f6107c1f6cdb9c00448b2c38430711937da57528	0	existing_challenge	seq_54ca5a96d413dc694f1c0001f6107c1f6cdb9c00448b2c38430711937da57528	79	/home/lvfang/ESMC_halophile/R3_existing_challenge_v1_output/esm2/records/90/902a5e7feccc3742fb44141355c7e4fd736f1cabaa379111252249fa4dcd8a20.npy
483	483	seq_25dc2ece588837989df1b08326e4abf438c6d3b65d615beada1164db0839d023	0	existing_challenge	seq_25dc2ece588837989df1b08326e4abf438c6d3b65d615beada1164db0839d023	209	/home/lvfang/ESMC_halophile/R3_existing_challenge_v1_output/esm2/records/29/296ade408c6b1127d1e58b5afe45ad435c4133ea4ccf74c54187dae1da7e9924.npy
484	484	seq_2264bb43ff7de612c0a184d2fd41c0e8bfbe5e89d9128ed7eaf2af997872904b	0	existing_challenge	seq_2264bb43ff7de612c0a184d2fd41c0e8bfbe5e89d9128ed7eaf2af997872904b	418	/home/lvfang/ESMC_halophile/R3_existing_challenge_v1_output/esm2/records/74/741ab49c1f4b74f0bc196a015ca9ec2f01ad6ae2b15aabd9d25e294ffd532135.npy
485	485	seq_7124d576fb40174e180bc33eec1bf03878654b676250d04c9ef26230ca8bfec5	0	existing_challenge	seq_7124d576fb40174e180bc33eec1bf03878654b676250d04c9ef26230ca8bfec5	243	/home/lvfang/ESMC_halophile/R3_existing_challenge_v1_output/esm2/records/dd/dd1d872d794ded691efd8ebb5f934d74411e8e4a83b4e526e779736819e7b07e.npy
486	486	seq_fdfd297f12ceba887c04cfd1067e35953812ecf3b7e0250b59acdf8914aeb236	0	existing_challenge	seq_fdfd297f12ceba887c04cfd1067e35953812ecf3b7e0250b59acdf8914aeb236	148	/home/lvfang/ESMC_halophile/R3_existing_challenge_v1_output/esm2/records/e4/e4494192d8c299636acdabccfba6fc56581711acb8d28c783bd0e74c9844cafe.npy
487	487	seq_5c34a690460e3dafa8d86d27114425b0a31c96b65c179140e36f985b16f9a2a7	0	existing_challenge	seq_5c34a690460e3dafa8d86d27114425b0a31c96b65c179140e36f985b16f9a2a7	183	/home/lvfang/ESMC_halophile/R3_existing_challenge_v1_output/esm2/records/39/39e42c622793ac64a17c8c25194c3168a91d3ddda1f763680e0648dbd399610a.npy
488	488	seq_8732c787cdeedf37a923d1b7af79719ec339023622c9130b8990e184fc179f5d	0	existing_challenge	seq_8732c787cdeedf37a923d1b7af79719ec339023622c9130b8990e184fc179f5d	815	/home/lvfang/ESMC_halophile/R3_existing_challenge_v1_output/esm2/records/c3/c3a2d4e5ca7091bd5b1428de5fdee4bff89c49410bb71521f9e153399de4365b.npy
489	489	seq_cf9689356a6cb27b422c1c7da3a63acaa54d72415f4c393508a1bce91e76b092	0	existing_challenge	seq_cf9689356a6cb27b422c1c7da3a63acaa54d72415f4c393508a1bce91e76b092	217	/home/lvfang/ESMC_halophile/R3_existing_challenge_v1_output/esm2/records/c7/c7467a2878ab63c73eaf321cf521e86b743d227da208e85408adbf6677a5d182.npy
490	490	seq_4cfc6a08f26c7a1f47c132e4e9675224395d562a5e36ecfe4c0a218a0b4be5e9	0	existing_challenge	seq_4cfc6a08f26c7a1f47c132e4e9675224395d562a5e36ecfe4c0a218a0b4be5e9	317	/home/lvfang/ESMC_halophile/R3_existing_challenge_v1_output/esm2/records/bb/bb2efea053ef05457a9a048d38a10ad2ca27c8bbc201dea74b9e53bb4f3f8d77.npy
491	491	seq_78c1a02176f885a000744fff05b2b5b3ba92467f46ae7d79387914d233cf713d	0	existing_challenge	seq_78c1a02176f885a000744fff05b2b5b3ba92467f46ae7d79387914d233cf713d	539	/home/lvfang/ESMC_halophile/R3_existing_challenge_v1_output/esm2/records/44/443fce27cc8dfe425d9dcea14bb92771e2fcc64a3f861dc364155c6d9689d9f5.npy
492	492	seq_90956faae8acdab27ad2710b4f677d6641381bbd234a1f2159193d153489f137	0	existing_challenge	seq_90956faae8acdab27ad2710b4f677d6641381bbd234a1f2159193d153489f137	207	/home/lvfang/ESMC_halophile/R3_existing_challenge_v1_output/esm2/records/dd/dd5b26f8e2e1cb62e12d79e0734ac88026ed7d96adcd2dfd24eb298392124d13.npy
493	493	seq_ccbd114a6bcf24a3eefb6b7947284e1320de746ba2cd64a788e28bc2ef823cf0	0	existing_challenge	seq_ccbd114a6bcf24a3eefb6b7947284e1320de746ba2cd64a788e28bc2ef823cf0	396	/home/lvfang/ESMC_halophile/R3_existing_challenge_v1_output/esm2/records/24/244f07fbbe52992079f1f40d611da5cf7be80797acca8273489f32dcbb56ff80.npy
494	494	seq_9ec44765d02cf7e720d75c644fddf00c154690165c2d634a6d859e41ef0d7c71	0	existing_challenge	seq_9ec44765d02cf7e720d75c644fddf00c154690165c2d634a6d859e41ef0d7c71	145	/home/lvfang/ESMC_halophile/R3_existing_challenge_v1_output/esm2/records/a8/a884f581f795048531274cd166f3599eada7b69f9712e45da4476bddad017dc4.npy
495	495	seq_7ead13b4bc3563176d861590058aa4c230b25cf3141a5285e75ae9328ddd5d29	0	existing_challenge	seq_7ead13b4bc3563176d861590058aa4c230b25cf3141a5285e75ae9328ddd5d29	252	/home/lvfang/ESMC_halophile/R3_existing_challenge_v1_output/esm2/records/70/7008ab3ca4812536eeb056e9cc0f691d9bb4d5429f6a209a8c7e7995f3c4a706.npy
496	496	seq_787152d2026beb39680028763e5b8cac01ae6354251eece603aab6cf42daf611	0	existing_challenge	seq_787152d2026beb39680028763e5b8cac01ae6354251eece603aab6cf42daf611	286	/home/lvfang/ESMC_halophile/R3_existing_challenge_v1_output/esm2/records/65/659db98ec81baec4db4e6ffd01555e207ca92973a58248131360e5c694b362c4.npy
497	497	seq_050bc7760aff010bf6eabf46930af36a4da86118d19ada6f734df2b35c4bb90f	0	existing_challenge	seq_050bc7760aff010bf6eabf46930af36a4da86118d19ada6f734df2b35c4bb90f	275	/home/lvfang/ESMC_halophile/R3_existing_challenge_v1_output/esm2/records/35/357f068f7330a155191b07b91f0248fb5b59c2d739a0bb83b439de70440d90f1.npy
498	498	seq_b3820f909258dd8d7fbdc8f62f7529d6165d3a4659fc4ad194cfefc77b69ae37	0	existing_challenge	seq_b3820f909258dd8d7fbdc8f62f7529d6165d3a4659fc4ad194cfefc77b69ae37	149	/home/lvfang/ESMC_halophile/R3_existing_challenge_v1_output/esm2/records/27/2702870cb9a016206bd9726d05e1b81e69605b76ddf660c0e0b0ea19f72d463b.npy
499	499	seq_81cebb039e8b2e3c2b45350e9cb0ebf205820cfa9fea04df80d8aa631b6d6800	0	existing_challenge	seq_81cebb039e8b2e3c2b45350e9cb0ebf205820cfa9fea04df80d8aa631b6d6800	416	/home/lvfang/ESMC_halophile/R3_existing_challenge_v1_output/esm2/records/3f/3ff24990e87c498d1ec9859e8bb59d50af6357cff8479de4db59149757b95a9a.npy
500	500	seq_0fcbf597490fa6a31af2895771bc39ef4d39c5f97acbddddfec92888c0935ec7	0	existing_challenge	seq_0fcbf597490fa6a31af2895771bc39ef4d39c5f97acbddddfec92888c0935ec7	371	/home/lvfang/ESMC_halophile/R3_existing_challenge_v1_output/esm2/records/6b/6bda20b2a86d85cdb3ae84b4393311dac92ce34b60748756bdf9c0f3d0a09c3d.npy
501	501	seq_19de9f648e83429f1efa778378fdf7d3f8568a8ac2c819fe97788bb3f5281559	0	existing_challenge	seq_19de9f648e83429f1efa778378fdf7d3f8568a8ac2c819fe97788bb3f5281559	452	/home/lvfang/ESMC_halophile/R3_existing_challenge_v1_output/esm2/records/c2/c2f5cfd7ae081e88844becca9691bd8bd85d5d88a42fb74cf37377dd1780b412.npy
502	502	seq_85e5bdb9ec65d67d62019d3b972e2506736c07cd36eae69a60cb1d172d76c6be	0	existing_challenge	seq_85e5bdb9ec65d67d62019d3b972e2506736c07cd36eae69a60cb1d172d76c6be	448	/home/lvfang/ESMC_halophile/R3_existing_challenge_v1_output/esm2/records/c7/c7b894609f1382150714d91f586c3f29be09f6e76af3d3756a116c6994c9086a.npy
503	503	seq_6e802e33350eafd7e278da368635186d0f420766b995441f399d818f467a68b7	0	existing_challenge	seq_6e802e33350eafd7e278da368635186d0f420766b995441f399d818f467a68b7	257	/home/lvfang/ESMC_halophile/R3_existing_challenge_v1_output/esm2/records/38/38a108f8d39141e1af0bef3e36d7809eeae64486e15942a5639741a95ab1c2eb.npy
504	504	seq_1c43c7ad7127ee40a08582912210a9dca787959ba052ef28efe07055fa82ec1f	0	existing_challenge	seq_1c43c7ad7127ee40a08582912210a9dca787959ba052ef28efe07055fa82ec1f	507	/home/lvfang/ESMC_halophile/R3_existing_challenge_v1_output/esm2/records/40/4001e68da8f1ae0031da2342ee1d3b418574d949bcd5de29cf0e326a22ec4160.npy
505	505	seq_c282ef421334d530dd11bb20d688e338982a7869ad9c2bcae7de686be1865cf5	0	existing_challenge	seq_c282ef421334d530dd11bb20d688e338982a7869ad9c2bcae7de686be1865cf5	389	/home/lvfang/ESMC_halophile/R3_existing_challenge_v1_output/esm2/records/7b/7b584cd95dee08712374e6d8f1276702400c5573ebc196c17841108d73d57bb7.npy
506	506	seq_099e00d0893129ff0989debcc84019d13daaf967a7fe143551018f741a5fe7bb	0	existing_challenge	seq_099e00d0893129ff0989debcc84019d13daaf967a7fe143551018f741a5fe7bb	208	/home/lvfang/ESMC_halophile/R3_existing_challenge_v1_output/esm2/records/26/2688c303b3e2b77b541463b4af885909b5b0ad18431d542799723d2f00e2141b.npy
507	507	seq_123f17c735ad4c56862fad23f34b9d9142cdd6ab914441ec74c1632e8edf4549	0	existing_challenge	seq_123f17c735ad4c56862fad23f34b9d9142cdd6ab914441ec74c1632e8edf4549	271	/home/lvfang/ESMC_halophile/R3_existing_challenge_v1_output/esm2/records/cb/cbd02471c525c821be5f48b415a60414ce7cd7e19b08bcc86e723ddf848dcb7c.npy
508	508	seq_1f3a2d60bac4d6c0cbeccf7bf8cdcff74a240478a09d23661ee9b7b72476f1e0	0	existing_challenge	seq_1f3a2d60bac4d6c0cbeccf7bf8cdcff74a240478a09d23661ee9b7b72476f1e0	372	/home/lvfang/ESMC_halophile/R3_existing_challenge_v1_output/esm2/records/f2/f2590552010d4a60be65b2abe97c6f277164cb72d6522303c2a49e0a2ba21fe3.npy
509	509	seq_b259a735d31fc3fbcfc728eb53e3357706fdb70efa0b17219ce5ebc7c9e83137	0	existing_challenge	seq_b259a735d31fc3fbcfc728eb53e3357706fdb70efa0b17219ce5ebc7c9e83137	385	/home/lvfang/ESMC_halophile/R3_existing_challenge_v1_output/esm2/records/42/42871ad2d0bdc5f842fe1ccfaa134cbb70491337d9bc935b1d572d59ea42c9f2.npy
510	510	seq_bc9031366a1d601e6e4539bfaae0e8638ba04523e2098d6f0372acd97699981b	0	existing_challenge	seq_bc9031366a1d601e6e4539bfaae0e8638ba04523e2098d6f0372acd97699981b	193	/home/lvfang/ESMC_halophile/R3_existing_challenge_v1_output/esm2/records/c7/c70c4b128a26e90e17ffab88dc50eb40d2f0ecba99bf3a0facc8413342f8dbfb.npy
511	511	seq_b37a6259c72b1038f4a005a16f00cea70a95197b4d13c7e026ef1224194684cc	0	existing_challenge	seq_b37a6259c72b1038f4a005a16f00cea70a95197b4d13c7e026ef1224194684cc	284	/home/lvfang/ESMC_halophile/R3_existing_challenge_v1_output/esm2/records/59/591fb28dd3e9c28af903e84f85295cdec974f21931eac5abdf8d49c7004eb23c.npy
512	512	seq_51c0c50d171a4fb91cae97e3c8776603ecf9b033056ddc3682c89cd709070e9a	0	existing_challenge	seq_51c0c50d171a4fb91cae97e3c8776603ecf9b033056ddc3682c89cd709070e9a	125	/home/lvfang/ESMC_halophile/R3_existing_challenge_v1_output/esm2/records/61/617387091e64a0e78487502c5bf13852b89732d613099bcf53d5c4c6248abc62.npy
513	513	seq_9ea85ccc1b9e083a6cfcaebbb83b96d79f9881e63bf799fbbd6280ce756f5865	0	existing_challenge	seq_9ea85ccc1b9e083a6cfcaebbb83b96d79f9881e63bf799fbbd6280ce756f5865	247	/home/lvfang/ESMC_halophile/R3_existing_challenge_v1_output/esm2/records/a2/a22775e3e1b9eca78ec2d2f8d6293000ce1586a9855a2c13999d4db95d7cd912.npy
514	514	seq_8e8357ff2bb0fe2b09fd05079efce394b877e2bf571b5106e2cd889ecde72f37	0	existing_challenge	seq_8e8357ff2bb0fe2b09fd05079efce394b877e2bf571b5106e2cd889ecde72f37	392	/home/lvfang/ESMC_halophile/R3_existing_challenge_v1_output/esm2/records/fd/fd5a82fa08d61626785cf33dd93f45be011a660b896ceb352106f419fc781413.npy
515	515	seq_11db29e9ba224264963ea1ec5a299dbacd5533f4d964f35a3ea645100304709d	0	existing_challenge	seq_11db29e9ba224264963ea1ec5a299dbacd5533f4d964f35a3ea645100304709d	310	/home/lvfang/ESMC_halophile/R3_existing_challenge_v1_output/esm2/records/0c/0cf3449a92b44557f47c74b8e5691f0c658b7861f8b8d85b605e87c6eac36836.npy
516	516	seq_35808c59d8772af8d0d99a2b5af7b2cbcd3bc4864e9d9f840ac2ab26f47dafc6	0	existing_challenge	seq_35808c59d8772af8d0d99a2b5af7b2cbcd3bc4864e9d9f840ac2ab26f47dafc6	170	/home/lvfang/ESMC_halophile/R3_existing_challenge_v1_output/esm2/records/0b/0b838886a819abfe067a0ab181336f9f3e5fb12db5ad29625cfecda4cf4d5af8.npy
517	517	seq_226303172b8c9e6f7dd6a9e77b083af1e9cb421400d862a04121325fe7fe90d9	0	existing_challenge	seq_226303172b8c9e6f7dd6a9e77b083af1e9cb421400d862a04121325fe7fe90d9	565	/home/lvfang/ESMC_halophile/R3_existing_challenge_v1_output/esm2/records/d5/d5c047631b6cc357c653fef463cc0994c12ef372890c5c94ea94ff75d1911706.npy
518	518	seq_76369491d673d04bae0800498e4026859a75f1671934e60837b35ba611069d63	0	existing_challenge	seq_76369491d673d04bae0800498e4026859a75f1671934e60837b35ba611069d63	250	/home/lvfang/ESMC_halophile/R3_existing_challenge_v1_output/esm2/records/74/744654009f0c216f3ab94bb06292b76f2bc2e69942970432368aac8a750acee2.npy
519	519	seq_8ca90a0435cccc6e6162765fc69bc05a86467858bcf7377e4a74f292a629822c	0	existing_challenge	seq_8ca90a0435cccc6e6162765fc69bc05a86467858bcf7377e4a74f292a629822c	17	/home/lvfang/ESMC_halophile/R3_existing_challenge_v1_output/esm2/records/be/be3748befa9c56d2582498af11d36e55dc9ffe45845ac89ad09cbc0cf753cbbe.npy
520	520	seq_c8279ba1d5d7768a93bd7b68410ebba6d00c95d11f313ceb22290cd6d76897c2	0	existing_challenge	seq_c8279ba1d5d7768a93bd7b68410ebba6d00c95d11f313ceb22290cd6d76897c2	293	/home/lvfang/ESMC_halophile/R3_existing_challenge_v1_output/esm2/records/2c/2c745167272cff1781ed73f7ecd775358a9a8ce983fa9839c6cd7567fc627acf.npy
521	521	seq_743e1186f39ac68bdb88cc5f23058cc8761c5a3fc2b14f0fba65e423a2ef1456	0	existing_challenge	seq_743e1186f39ac68bdb88cc5f23058cc8761c5a3fc2b14f0fba65e423a2ef1456	204	/home/lvfang/ESMC_halophile/R3_existing_challenge_v1_output/esm2/records/04/04271901d81457ce29e9c3e0621e0947e6c0059e6e53c4e9d4aee1026c0df13c.npy
522	522	seq_12533902e01457dde7d25baa53f65dca54f2d7afd317e6a4122b4b5aedb4eda9	0	existing_challenge	seq_12533902e01457dde7d25baa53f65dca54f2d7afd317e6a4122b4b5aedb4eda9	331	/home/lvfang/ESMC_halophile/R3_existing_challenge_v1_output/esm2/records/b2/b261aa48bc19e195cea7078d04ca426ea7ac365d0c1169ad6154d2f4d1fc1787.npy
523	523	seq_047e626c4f08504a5d84576d9696bc1252f6959cef433299e8910440d6710a6d	0	existing_challenge	seq_047e626c4f08504a5d84576d9696bc1252f6959cef433299e8910440d6710a6d	386	/home/lvfang/ESMC_halophile/R3_existing_challenge_v1_output/esm2/records/ea/ea7c06d3d7898b78b129d8b5a8dc73bcde788fb3b2552b1ed365ed0371231810.npy
524	524	seq_36ce9402aeae5f6499b6a4a475f6912fb58bb0d80c9e68904f1cd870535a45f6	0	existing_challenge	seq_36ce9402aeae5f6499b6a4a475f6912fb58bb0d80c9e68904f1cd870535a45f6	144	/home/lvfang/ESMC_halophile/R3_existing_challenge_v1_output/esm2/records/d6/d6abaa9e19d82a9dc3afbd082755bfbd010d2f3d78c98e34f9c4671fbb4007dc.npy
525	525	seq_f2a3cf3329c2e936e11047c239362e181343e6076e1f6e7ecdb58de57611177e	0	existing_challenge	seq_f2a3cf3329c2e936e11047c239362e181343e6076e1f6e7ecdb58de57611177e	78	/home/lvfang/ESMC_halophile/R3_existing_challenge_v1_output/esm2/records/54/542cb9907a93c6abb9f634a22255f546c987c35a62fc42b92836b494fb309330.npy
526	526	seq_b56fa1fbd931b7443249aa8a99051fb48b6c84f46947ea15960aeaeddb57c7a1	0	existing_challenge	seq_b56fa1fbd931b7443249aa8a99051fb48b6c84f46947ea15960aeaeddb57c7a1	129	/home/lvfang/ESMC_halophile/R3_existing_challenge_v1_output/esm2/records/98/98459359a4fca53c44aaad399b164b22cea487532244c4cec3df721da6f2116e.npy
527	527	seq_dbbee4a6dfe1004e36d87b35aaf6b1f3495c1c098008016c11e446c7496d34f9	0	existing_challenge	seq_dbbee4a6dfe1004e36d87b35aaf6b1f3495c1c098008016c11e446c7496d34f9	347	/home/lvfang/ESMC_halophile/R3_existing_challenge_v1_output/esm2/records/ae/ae7d6c877e402cc37f3db422d9e29c54ecea746d2a249a36f1339962d4cbd7a2.npy
528	528	seq_ed21bc845dcda06cc6a6a847f68866d2332d0526f01b28adfbafa0fbe854f527	0	existing_challenge	seq_ed21bc845dcda06cc6a6a847f68866d2332d0526f01b28adfbafa0fbe854f527	456	/home/lvfang/ESMC_halophile/R3_existing_challenge_v1_output/esm2/records/8c/8ced6959b8c8ab084a974445294c6fb436de667c69055689d4b84b3d1d28aef5.npy
529	529	seq_ed383ef40d6e85653c2c9d2891bb234a3588209ea517768cd30553019afb3127	0	existing_challenge	seq_ed383ef40d6e85653c2c9d2891bb234a3588209ea517768cd30553019afb3127	457	/home/lvfang/ESMC_halophile/R3_existing_challenge_v1_output/esm2/records/74/74847705f02d80c42640db9a8a54d0a574baf63a60cfa550f6c1c78c1402faa8.npy
530	530	seq_336645eca3cbe8be60510cb72e0016d83f9e38c94071f207096c5687ac4830bc	0	existing_challenge	seq_336645eca3cbe8be60510cb72e0016d83f9e38c94071f207096c5687ac4830bc	185	/home/lvfang/ESMC_halophile/R3_existing_challenge_v1_output/esm2/records/be/be2f993b068c91673a766f18cedfdc3cfbff8a71cef051d2453611b358b12a60.npy
531	531	seq_9cc444e788924a00bc8a7be735630fa7f14366f47cc70fb61a2a7bce903ce92f	0	existing_challenge	seq_9cc444e788924a00bc8a7be735630fa7f14366f47cc70fb61a2a7bce903ce92f	182	/home/lvfang/ESMC_halophile/R3_existing_challenge_v1_output/esm2/records/48/48300771138f0a7e6830ed395844b42eb4f6e4fbb4d71d0d1204eff0e74fce07.npy
532	532	seq_66abf0fa4e2545343c2ec70598c8f72db77e5c443db737b7678b15bbde66e36c	0	existing_challenge	seq_66abf0fa4e2545343c2ec70598c8f72db77e5c443db737b7678b15bbde66e36c	245	/home/lvfang/ESMC_halophile/R3_existing_challenge_v1_output/esm2/records/26/2614a2b9dfea79cdd75decdca1ea25408e3f3c1a462ffae56717b8cefbfb3870.npy
533	533	seq_a1857c267dce8bc6b3fe8d064c54e7bf0550df0d0345573d17d7b313731a643f	0	existing_challenge	seq_a1857c267dce8bc6b3fe8d064c54e7bf0550df0d0345573d17d7b313731a643f	242	/home/lvfang/ESMC_halophile/R3_existing_challenge_v1_output/esm2/records/94/94a8da67b79f38677673a1f1af951334b238ea2b0f90fa59c2704b8da2537e6a.npy
534	534	seq_a4584d92aff60a5fa5b7f75e2eace325b6b7cfc7eb7bb678e41cd9c8f767400f	0	existing_challenge	seq_a4584d92aff60a5fa5b7f75e2eace325b6b7cfc7eb7bb678e41cd9c8f767400f	264	/home/lvfang/ESMC_halophile/R3_existing_challenge_v1_output/esm2/records/05/0579e39615094909d1309a426968da6f773dea051d642a51fbdce1dd34f83ac8.npy
535	535	seq_82d18738835524c89d213db1671d5ed15705a957686ff898724310c8af435b72	0	existing_challenge	seq_82d18738835524c89d213db1671d5ed15705a957686ff898724310c8af435b72	220	/home/lvfang/ESMC_halophile/R3_existing_challenge_v1_output/esm2/records/48/48dce57bc2b0ee63f1710aa1d7a999c741e14209db7a27aaa58e839598329910.npy
536	536	seq_d1b53992cf79494c4020cf73641a974ec8f0f99befbf0f27b16deb5542987ed4	0	existing_challenge	seq_d1b53992cf79494c4020cf73641a974ec8f0f99befbf0f27b16deb5542987ed4	120	/home/lvfang/ESMC_halophile/R3_existing_challenge_v1_output/esm2/records/94/944a64d78e4d84b1754ece93a736883c5a9e11d73da4caedb467ae1bc7dc02db.npy
537	537	seq_66185757a71d197f64f4554e329e40e8e0e616eeebe24874576f5a19c261f531	0	existing_challenge	seq_66185757a71d197f64f4554e329e40e8e0e616eeebe24874576f5a19c261f531	90	/home/lvfang/ESMC_halophile/R3_existing_challenge_v1_output/esm2/records/5b/5bd2dc25bd8233d926cf070ca65b92d486891b307427aefc5a9567cef78fd3da.npy
538	538	seq_0b78c22bc915d0629324dcec6f5acdd555b4d7ef7039ce0916ce5d3ec841acab	0	existing_challenge	seq_0b78c22bc915d0629324dcec6f5acdd555b4d7ef7039ce0916ce5d3ec841acab	331	/home/lvfang/ESMC_halophile/R3_existing_challenge_v1_output/esm2/records/73/734f5251ec02ba60013af6a18f46cc1e9315e447719f0580b7bf3b2da299280c.npy
539	539	seq_bc959375ea6f3ee83b50b0653b8ffcad1dc5243c94737cefb1f60c16f49aec87	0	existing_challenge	seq_bc959375ea6f3ee83b50b0653b8ffcad1dc5243c94737cefb1f60c16f49aec87	419	/home/lvfang/ESMC_halophile/R3_existing_challenge_v1_output/esm2/records/30/30d8e0dd2bb0813a36ce4c586ffb862ae88d5afb7bd0facb0545dbd8cb0080e8.npy
540	540	seq_b7528f221e7181d0f236c6b7ee75cc9d73d7eb8a12523f10ca69de3e1ad2a1c5	0	existing_challenge	seq_b7528f221e7181d0f236c6b7ee75cc9d73d7eb8a12523f10ca69de3e1ad2a1c5	668	/home/lvfang/ESMC_halophile/R3_existing_challenge_v1_output/esm2/records/05/05e2db86bfa8bd49bbf6b6081de4bd2f9e5414e3e1c24ab2a9053d23ee8f2697.npy
541	541	seq_74ed85d9edc31ec7c6cfa3ac1a2ae6f99e61f5e54301614528175d798295fdd0	0	existing_challenge	seq_74ed85d9edc31ec7c6cfa3ac1a2ae6f99e61f5e54301614528175d798295fdd0	323	/home/lvfang/ESMC_halophile/R3_existing_challenge_v1_output/esm2/records/5b/5b7b27c62407ce412f00cb235594958e49f8bc82a472fa8d70b1b52f480d4de5.npy
542	542	seq_4ce916f995b6b5fcca1083ed2a7100737683e838e461adc1768f03d1a82dd4fd	0	existing_challenge	seq_4ce916f995b6b5fcca1083ed2a7100737683e838e461adc1768f03d1a82dd4fd	96	/home/lvfang/ESMC_halophile/R3_existing_challenge_v1_output/esm2/records/4a/4a3ace9c5ad30f82acdaebf90760f78403b066b48eb10bf0a62d94a63a7eadc6.npy
543	543	seq_3761cdcee0db5a180eb8f447febd07d1b68cbe4f0a7bb0e5675cfd99f3dbda98	0	existing_challenge	seq_3761cdcee0db5a180eb8f447febd07d1b68cbe4f0a7bb0e5675cfd99f3dbda98	429	/home/lvfang/ESMC_halophile/R3_existing_challenge_v1_output/esm2/records/a9/a975652658ebfc51fbfc7f87968d685865f30a5e4109dcb8634cd116bbddcead.npy
544	544	seq_05760e6e89a7cb85da2dc158978715c17ea5cd39b575a2650d96bbf67625ced1	0	existing_challenge	seq_05760e6e89a7cb85da2dc158978715c17ea5cd39b575a2650d96bbf67625ced1	555	/home/lvfang/ESMC_halophile/R3_existing_challenge_v1_output/esm2/records/61/61cf328ca788dd31153da01606db453ca35a0594c7b75700a9fcd006288a1b0c.npy
545	545	seq_98ed8d6faa4fa5a0b9e592b2d4daba02c5be88297eb3c5a69cca7ecffcef39e3	0	existing_challenge	seq_98ed8d6faa4fa5a0b9e592b2d4daba02c5be88297eb3c5a69cca7ecffcef39e3	278	/home/lvfang/ESMC_halophile/R3_existing_challenge_v1_output/esm2/records/3e/3e26ad78ec31d4eba543a64b062fd03995eeff68f47ce79083c12c1262992311.npy
546	546	seq_df9c24f95a8bcb688dc535dfc7362e864846f60be1be10f17f43b7df53277243	0	existing_challenge	seq_df9c24f95a8bcb688dc535dfc7362e864846f60be1be10f17f43b7df53277243	744	/home/lvfang/ESMC_halophile/R3_existing_challenge_v1_output/esm2/records/6a/6a05e75d0241f418a44dec91a21352940072f08164d2d21a457c558a93ca20b9.npy
547	547	seq_034b24c07b5c76e4ee8d9a862758cac8c077f77426bbc80b5c2d68c24e9b2cb7	0	existing_challenge	seq_034b24c07b5c76e4ee8d9a862758cac8c077f77426bbc80b5c2d68c24e9b2cb7	354	/home/lvfang/ESMC_halophile/R3_existing_challenge_v1_output/esm2/records/9f/9f96692ed149de331023b6ae9b4b85b7162d7fa5ac3708a0ab56d3d7a5f5f4de.npy
548	548	seq_17d87fc1d951d738c94c772aec97ab6952f0bd836176443032d282acd89c3c73	0	existing_challenge	seq_17d87fc1d951d738c94c772aec97ab6952f0bd836176443032d282acd89c3c73	314	/home/lvfang/ESMC_halophile/R3_existing_challenge_v1_output/esm2/records/8d/8d986dfa8a22e73e7877e2863170d773841da71282dd72a46d0251fa67f79634.npy
549	549	seq_abb953152b72835306ef2d6106d4bd9be5fb464f1f79cdfc07fe897d269f3268	0	existing_challenge	seq_abb953152b72835306ef2d6106d4bd9be5fb464f1f79cdfc07fe897d269f3268	1087	/home/lvfang/ESMC_halophile/R3_existing_challenge_v1_output/esm2/records/ab/aba5dfb9e715462c342b636774b8c4584b2c98dad3f20ee63d5acb634889eee1.npy
550	550	seq_8b6ec615399802e5d95a22a946ab342d186cdf3e9c0531b97a4cc90a449c794c	0	existing_challenge	seq_8b6ec615399802e5d95a22a946ab342d186cdf3e9c0531b97a4cc90a449c794c	199	/home/lvfang/ESMC_halophile/R3_existing_challenge_v1_output/esm2/records/1f/1fd846f0660b3f2bf92a57bc0c478ff5ff8c5bdd55cc1c107b36331da2d012a2.npy
551	551	seq_533e930f3295fcad3eed576b2c2999edf9957ff46a80d9b1bdb4ce235475a6a1	0	existing_challenge	seq_533e930f3295fcad3eed576b2c2999edf9957ff46a80d9b1bdb4ce235475a6a1	258	/home/lvfang/ESMC_halophile/R3_existing_challenge_v1_output/esm2/records/12/12876d7b22f7fdee19e7c48e4833063b773d12d96b93476cf2e61914a5c21252.npy
552	552	seq_0e9a22a7396f50f701e12c5598e16f8acf357f3ea8492e8555e2e2228b3a5334	0	existing_challenge	seq_0e9a22a7396f50f701e12c5598e16f8acf357f3ea8492e8555e2e2228b3a5334	329	/home/lvfang/ESMC_halophile/R3_existing_challenge_v1_output/esm2/records/c2/c2d8061b2914d94760cdf78133c0cf84f325555dd6f4fbc8f027e4a450b9e91a.npy
553	553	seq_10bc86d9cf35ef44db1e9865632bf7158a1efb4763bcb813827a8e9dbfd58776	0	existing_challenge	seq_10bc86d9cf35ef44db1e9865632bf7158a1efb4763bcb813827a8e9dbfd58776	235	/home/lvfang/ESMC_halophile/R3_existing_challenge_v1_output/esm2/records/ad/ad822a187df6a77814934f81a04d4f7b1f79d5a455fad74406bfb035d7bcc2ff.npy
554	554	seq_635ad0188c70ef08cf97c6961ac7bb9cf7bbbe1f80ef2c970f13da010f6c75a7	0	existing_challenge	seq_635ad0188c70ef08cf97c6961ac7bb9cf7bbbe1f80ef2c970f13da010f6c75a7	81	/home/lvfang/ESMC_halophile/R3_existing_challenge_v1_output/esm2/records/da/da0930f32ad5b6945b8ad2b3e828ce93938af85aafbfcd116122a11cc2cfb491.npy
555	555	seq_0a475f50d65c181acca2712afd7d16486f60369efc1cfb1e54a57f54ebc06896	0	existing_challenge	seq_0a475f50d65c181acca2712afd7d16486f60369efc1cfb1e54a57f54ebc06896	524	/home/lvfang/ESMC_halophile/R3_existing_challenge_v1_output/esm2/records/cd/cd48705f2da7897ff2cb1186f15d89d645c1c8e41d28f163a4ab36e3be6b4591.npy
556	556	seq_7fa1b446ccb056af4cf7aeee5fe0dd06801dce5a44f721d9e1d75a63a52b501f	0	existing_challenge	seq_7fa1b446ccb056af4cf7aeee5fe0dd06801dce5a44f721d9e1d75a63a52b501f	108	/home/lvfang/ESMC_halophile/R3_existing_challenge_v1_output/esm2/records/4b/4b22ca7f54df2070f73bdada91c468440dcc9ab73b1cef0a774b07b59487c1ae.npy
557	557	seq_d4785399ebb560b93d3165910e77d18ab732d49ecc77077f09226724f2e9db25	0	existing_challenge	seq_d4785399ebb560b93d3165910e77d18ab732d49ecc77077f09226724f2e9db25	295	/home/lvfang/ESMC_halophile/R3_existing_challenge_v1_output/esm2/records/99/997a43b0d6215f02d3979ff246faf2adbca86ce5d276ca2230ec0209fcff0e0f.npy
558	558	seq_84b7ab2d1f07ae1ec87809b63d5bc56668cba778fdb102ee2056fbefd6e60693	0	existing_challenge	seq_84b7ab2d1f07ae1ec87809b63d5bc56668cba778fdb102ee2056fbefd6e60693	265	/home/lvfang/ESMC_halophile/R3_existing_challenge_v1_output/esm2/records/f5/f51debfcb49992e6349787e1e8da0085b3d6a1e848f1e80d24e93ff256700060.npy
559	559	seq_7a1a595cd01dc2b5930774ed7c2f10cedfe0223b0029a18528f6205f32c0467e	0	existing_challenge	seq_7a1a595cd01dc2b5930774ed7c2f10cedfe0223b0029a18528f6205f32c0467e	712	/home/lvfang/ESMC_halophile/R3_existing_challenge_v1_output/esm2/records/c4/c4e4bedc965e96d1b23a07c50df514767b549e55a54fc7403702b2aee9d40ded.npy
560	560	seq_b2e674756c985cddd2b63b2991ba57bc84b618d377adabbce13f6d702b1b2c2a	0	existing_challenge	seq_b2e674756c985cddd2b63b2991ba57bc84b618d377adabbce13f6d702b1b2c2a	113	/home/lvfang/ESMC_halophile/R3_existing_challenge_v1_output/esm2/records/ec/ec0d4c6e8bbf951a50795f855cca578c5c2b2b4e2999e9878e1665a4851c0b37.npy
561	561	seq_538f37d1b51738a66b73bd76982ece09719c14ff4378305f0470b7def01e0688	0	existing_challenge	seq_538f37d1b51738a66b73bd76982ece09719c14ff4378305f0470b7def01e0688	196	/home/lvfang/ESMC_halophile/R3_existing_challenge_v1_output/esm2/records/d9/d9de19b828961f6cb93badb8a2f6fc5b45f42965dfae22424b539b2daab88574.npy
562	562	seq_746fc6b02c515b2117e758999a98acd2f2da981c37d252423124db3d3081a6bd	0	existing_challenge	seq_746fc6b02c515b2117e758999a98acd2f2da981c37d252423124db3d3081a6bd	88	/home/lvfang/ESMC_halophile/R3_existing_challenge_v1_output/esm2/records/d9/d9b0572a4a856fedbf1ef1cd1b09c54838d75b2c4ba20a114595c32ef5db8474.npy
563	563	seq_e5e8c10358aee21cbfc38a1a1b11a979db22a56530f83a501a3afb8e37f58782	0	existing_challenge	seq_e5e8c10358aee21cbfc38a1a1b11a979db22a56530f83a501a3afb8e37f58782	167	/home/lvfang/ESMC_halophile/R3_existing_challenge_v1_output/esm2/records/f0/f047e0072840873613c2a0b2027ee2a9321acbef73f551a103a9c061ee1cb1f0.npy
564	564	seq_98d6baa6dd8e12194f31ff1b2fd5b39c48605669aa086d0a42330c7c1c7ce3bc	0	existing_challenge	seq_98d6baa6dd8e12194f31ff1b2fd5b39c48605669aa086d0a42330c7c1c7ce3bc	257	/home/lvfang/ESMC_halophile/R3_existing_challenge_v1_output/esm2/records/69/6975d9c5fc1188072144bed28c5db4bb03814e94affa325bba30bc2f661f2732.npy
565	565	seq_4c5c1d35b2ea68f01e69b8e015528faaa5ee3c34222d5c7836e4f03e4dfa5898	0	existing_challenge	seq_4c5c1d35b2ea68f01e69b8e015528faaa5ee3c34222d5c7836e4f03e4dfa5898	64	/home/lvfang/ESMC_halophile/R3_existing_challenge_v1_output/esm2/records/82/826361706cedef5743cbb3b41301a0ea4691fa7c568ba1e90db3c270ed47c140.npy
566	566	seq_65880e0b114d7a579bebf2b2bfa94aa2c0af01c2522896bee797aa8294b671d0	0	existing_challenge	seq_65880e0b114d7a579bebf2b2bfa94aa2c0af01c2522896bee797aa8294b671d0	134	/home/lvfang/ESMC_halophile/R3_existing_challenge_v1_output/esm2/records/61/61f0e6316cbd35a016535f4a1710c57e114dfb4bf4f0ded8dd7644230b9fe2c7.npy
567	567	seq_09269d744bc4c4121a2ec8fe22d20f403c93a32bd37cf2ea91f84fb4f0bd7152	0	existing_challenge	seq_09269d744bc4c4121a2ec8fe22d20f403c93a32bd37cf2ea91f84fb4f0bd7152	147	/home/lvfang/ESMC_halophile/R3_existing_challenge_v1_output/esm2/records/dc/dc8c5666301cb813cb68e1f27d3b344ee046f3c3821d8a0814d540185263ff8b.npy
568	568	seq_6937e2b5253792c0e2cfaeea3598e71d0345dd216c55a955666415d90c5463e0	0	existing_challenge	seq_6937e2b5253792c0e2cfaeea3598e71d0345dd216c55a955666415d90c5463e0	371	/home/lvfang/ESMC_halophile/R3_existing_challenge_v1_output/esm2/records/dc/dce60ae3f6e7ff0baa80a89ba0a8a2815358382d305c93ac59744b7f10e6761f.npy
569	569	seq_40de14d959f78bbb07800820f34253ec8a5b832d3138ee972598507329a16d4a	0	existing_challenge	seq_40de14d959f78bbb07800820f34253ec8a5b832d3138ee972598507329a16d4a	314	/home/lvfang/ESMC_halophile/R3_existing_challenge_v1_output/esm2/records/8a/8a54b6fa3398d95e302ae78a1eea4f1c5d4a3ff9893fee17bae4be269443bbc4.npy
570	570	seq_e7dcc3439029982118e7bc3d51a897cd17d360adb78a8c1e4f3eb4d55c83c533	0	existing_challenge	seq_e7dcc3439029982118e7bc3d51a897cd17d360adb78a8c1e4f3eb4d55c83c533	184	/home/lvfang/ESMC_halophile/R3_existing_challenge_v1_output/esm2/records/4d/4da138050b11d7c3a08ad78da74e990260aa9ec2e1103d35acf76b79abd16f37.npy
571	571	seq_322c6925eb658dcd76167d1136122d40e2d0b77276aac1c7a8c042c14b5a16be	0	existing_challenge	seq_322c6925eb658dcd76167d1136122d40e2d0b77276aac1c7a8c042c14b5a16be	242	/home/lvfang/ESMC_halophile/R3_existing_challenge_v1_output/esm2/records/74/74be48f7d8f1d473281555a69177df733795dffdc80317feb36e22619d551390.npy
572	572	seq_51dfa83c0d421d74d9e68f2373cd55810cfd868c8ed37dfe3edadafdd68c2f7e	0	existing_challenge	seq_51dfa83c0d421d74d9e68f2373cd55810cfd868c8ed37dfe3edadafdd68c2f7e	313	/home/lvfang/ESMC_halophile/R3_existing_challenge_v1_output/esm2/records/d0/d02cd35c3c901ba872d3f174f8fe6ce3b8d47a5f0950a5c04a17d94131f0ee8b.npy
573	573	seq_fabdad6c308fe198eb4d967e99f978ec6a298b8600dcd1ccedb46ffff00d73c5	0	existing_challenge	seq_fabdad6c308fe198eb4d967e99f978ec6a298b8600dcd1ccedb46ffff00d73c5	685	/home/lvfang/ESMC_halophile/R3_existing_challenge_v1_output/esm2/records/f4/f49237a5e7bec40b1f7526e8cf705553f3c636a3655cb41426c8dec850be8593.npy
574	574	seq_6e16e35bd028f3cf4b72f5d05fd8aba71910ae56f245b7a32d687260f1ce5698	0	existing_challenge	seq_6e16e35bd028f3cf4b72f5d05fd8aba71910ae56f245b7a32d687260f1ce5698	338	/home/lvfang/ESMC_halophile/R3_existing_challenge_v1_output/esm2/records/82/827fcd0fb9a34ba84534e268f10f2757bfb71caa05fbb989ab4cac4a7dc1240d.npy
575	575	seq_09fdd7d5d514d1bdc584c4fdd521bcded52fc6cb1c1f285a66d28f888a1df0d6	0	existing_challenge	seq_09fdd7d5d514d1bdc584c4fdd521bcded52fc6cb1c1f285a66d28f888a1df0d6	241	/home/lvfang/ESMC_halophile/R3_existing_challenge_v1_output/esm2/records/71/713ff3d4f5d537fe9adc8697ac050269de5099bec21def2ede96049722d70507.npy
576	576	seq_726e20952fbfeed58f2b53234829c6e3847bc6eb33d85d7d1e41e8d7d9b6e4b5	0	existing_challenge	seq_726e20952fbfeed58f2b53234829c6e3847bc6eb33d85d7d1e41e8d7d9b6e4b5	378	/home/lvfang/ESMC_halophile/R3_existing_challenge_v1_output/esm2/records/12/12fb70f5b3ba3ed03f5d2f3b160ca35c8bc2d7360a5b8896a0ecf66867c69658.npy
577	577	seq_a4f1bd99ea0db2d6c7ed392fc81e1467fd013ba7186627fa9f7a5a2b5960e9df	0	existing_challenge	seq_a4f1bd99ea0db2d6c7ed392fc81e1467fd013ba7186627fa9f7a5a2b5960e9df	23	/home/lvfang/ESMC_halophile/R3_existing_challenge_v1_output/esm2/records/56/56a9a6fb4dad72b60c9aac4707bf28c0296ca992c5c8b15cdf41655b34894892.npy
578	578	seq_30baa1908d712b703cd2c67923201f7ebe0b4aca75f3e5d816c690f25aab65b7	0	existing_challenge	seq_30baa1908d712b703cd2c67923201f7ebe0b4aca75f3e5d816c690f25aab65b7	175	/home/lvfang/ESMC_halophile/R3_existing_challenge_v1_output/esm2/records/d2/d2904edba3960be76ac568c7036a462c29eedf742599135dc31deb9a43ed1725.npy
579	579	seq_7c22fbfb945fc8873414b09e69cd9fb86d40af63f727c35c92e529d6254db109	0	existing_challenge	seq_7c22fbfb945fc8873414b09e69cd9fb86d40af63f727c35c92e529d6254db109	403	/home/lvfang/ESMC_halophile/R3_existing_challenge_v1_output/esm2/records/a3/a3cfcfda45085a68ccec3bcf8df81e375ff21b1f4d11c219dfbd93ad459a64de.npy
580	580	seq_6bfcca59b0f02b8fcaef21ddeada3ff599be86be2db35eff40da171b4b9694ce	0	existing_challenge	seq_6bfcca59b0f02b8fcaef21ddeada3ff599be86be2db35eff40da171b4b9694ce	396	/home/lvfang/ESMC_halophile/R3_existing_challenge_v1_output/esm2/records/8c/8ce0490f6a1d7b67c313b4928d288a4db21d4d9473caa5e81454ebafefd82a9e.npy
581	581	seq_fc24e8ede6b03b2cc08d48cc1442319b26d9b256fd8df32e929c925edc7be403	0	existing_challenge	seq_fc24e8ede6b03b2cc08d48cc1442319b26d9b256fd8df32e929c925edc7be403	158	/home/lvfang/ESMC_halophile/R3_existing_challenge_v1_output/esm2/records/ba/ba0afd304d3c8898fa82dc87b36275c4d9702ea13fc735e1c9dea6a3e045a0ee.npy
582	582	seq_7f1495598e0452bafaed2171f742e069c2bd4ba16401b180da8cc45348cce980	0	existing_challenge	seq_7f1495598e0452bafaed2171f742e069c2bd4ba16401b180da8cc45348cce980	83	/home/lvfang/ESMC_halophile/R3_existing_challenge_v1_output/esm2/records/f4/f43e6ad3584567b2533026862117cfc3ad44f91ac858d685d8498c9857828161.npy
583	583	seq_31e39dae140f4371095be73638eb8ad243c7f4d2e1cd2e0c7a4e1da38e49323b	0	existing_challenge	seq_31e39dae140f4371095be73638eb8ad243c7f4d2e1cd2e0c7a4e1da38e49323b	476	/home/lvfang/ESMC_halophile/R3_existing_challenge_v1_output/esm2/records/ec/ec27d0fef3d76c529e7b7eb8e00da82a7208a47937161ff628484482fc2a5036.npy
584	584	seq_e4789cfd5dd222954ec2c5ed803dbc4aff043c42fd6a3dedc0ead69e94d4586c	0	existing_challenge	seq_e4789cfd5dd222954ec2c5ed803dbc4aff043c42fd6a3dedc0ead69e94d4586c	239	/home/lvfang/ESMC_halophile/R3_existing_challenge_v1_output/esm2/records/2d/2df222f97ed9e5cd7283b997a1159143e10aaccfa8421592dbe7b2ba5b7dd19a.npy
585	585	seq_646e758fd2c49fdb0725e37dd9d92d0cc8e3b2dad8fdc86b691a9e6d8fd557e9	0	existing_challenge	seq_646e758fd2c49fdb0725e37dd9d92d0cc8e3b2dad8fdc86b691a9e6d8fd557e9	179	/home/lvfang/ESMC_halophile/R3_existing_challenge_v1_output/esm2/records/d1/d1b91c33d469b2aabc4638fa4913dd5f3f06556f03095719087bf196ef9d73c9.npy
586	586	seq_053544e276caf182cc5ef6896cd1a665898ac22b11923a3f0f43ddf42589321a	0	existing_challenge	seq_053544e276caf182cc5ef6896cd1a665898ac22b11923a3f0f43ddf42589321a	175	/home/lvfang/ESMC_halophile/R3_existing_challenge_v1_output/esm2/records/6e/6ed9002aff10841cc8471e48668c338a0612dc0c5e4a013e2fb8235e07b24723.npy
587	587	seq_178398abfb5730ee30eb8874adf368daa4c6491954d7935ed7d02541745db05c	0	existing_challenge	seq_178398abfb5730ee30eb8874adf368daa4c6491954d7935ed7d02541745db05c	289	/home/lvfang/ESMC_halophile/R3_existing_challenge_v1_output/esm2/records/44/44fafc84336cc6db0bce124b2a57ac78fa7d84ebc0228bcae6cbc4127a01f795.npy
588	588	seq_898739951410bd8960aea013123b23076e717e3ecefe6b8f1fe1b6158e8da79b	0	existing_challenge	seq_898739951410bd8960aea013123b23076e717e3ecefe6b8f1fe1b6158e8da79b	89	/home/lvfang/ESMC_halophile/R3_existing_challenge_v1_output/esm2/records/1e/1e381c961032f936de24e5e9407da34b4036faf88976d1bd7ae17f92996947f7.npy
589	589	seq_19743b25b7d3b8275869148c03267a554a0e802680535c2659a2aad022b37b5e	0	existing_challenge	seq_19743b25b7d3b8275869148c03267a554a0e802680535c2659a2aad022b37b5e	160	/home/lvfang/ESMC_halophile/R3_existing_challenge_v1_output/esm2/records/5b/5ba2642146fe804f12c6e39791c9dff70decb4f79f3e00a432ad4e6ea64a37bd.npy
590	590	seq_7de014ac7380ab0eda2de03223254ff0b2359a293f6af22cbd6879818d703ad5	0	existing_challenge	seq_7de014ac7380ab0eda2de03223254ff0b2359a293f6af22cbd6879818d703ad5	506	/home/lvfang/ESMC_halophile/R3_existing_challenge_v1_output/esm2/records/fc/fc9c13d8ba1caec5ab2f72e73bfe4dde926acf3630edf06203f8436438880061.npy
591	591	seq_c2bb733754fe5683f54d853fee81b57a05bbe688bc06bfa6f44912e8f4aa30af	0	existing_challenge	seq_c2bb733754fe5683f54d853fee81b57a05bbe688bc06bfa6f44912e8f4aa30af	185	/home/lvfang/ESMC_halophile/R3_existing_challenge_v1_output/esm2/records/f9/f9852303e786508c31173901b6e2804e3f809e8451ce1e4963dcca038117edd5.npy
592	592	seq_0031e256042c24975456b2c8b06be3f9e05e53e6837596156dc4512e8acd3ffc	0	existing_challenge	seq_0031e256042c24975456b2c8b06be3f9e05e53e6837596156dc4512e8acd3ffc	476	/home/lvfang/ESMC_halophile/R3_existing_challenge_v1_output/esm2/records/9c/9ccae3812b4fe93a4e1be094a2029b81d853db11a13c69863082b0025d14c4f8.npy
593	593	seq_bd19b48ac87488ac8ebc3af226a0c587cfa6a80090827195c1491112b8f20196	0	existing_challenge	seq_bd19b48ac87488ac8ebc3af226a0c587cfa6a80090827195c1491112b8f20196	349	/home/lvfang/ESMC_halophile/R3_existing_challenge_v1_output/esm2/records/21/21656b8384bfd59fc0d01bc512877a07d4f006039eb23888816bafd62c4be2c4.npy
594	594	seq_d91b704a96c674bb853216adc7f0581223e591b024e1b0546496dcc2ccfc745b	0	existing_challenge	seq_d91b704a96c674bb853216adc7f0581223e591b024e1b0546496dcc2ccfc745b	349	/home/lvfang/ESMC_halophile/R3_existing_challenge_v1_output/esm2/records/cf/cf8316f96d725afed767dbfdbb44f447155fbb930b3f640b10ab6b9b01b52e01.npy
595	595	seq_628dcf449ceb4a7ffe6ac3f9e701811097fb6319fe3cbc73d0d3bb0b6610ce4d	0	existing_challenge	seq_628dcf449ceb4a7ffe6ac3f9e701811097fb6319fe3cbc73d0d3bb0b6610ce4d	313	/home/lvfang/ESMC_halophile/R3_existing_challenge_v1_output/esm2/records/f4/f4a2b6b464341d341878874e57f49e4ea47ff938619711f619e4573544857e3b.npy
596	596	seq_f9eeaea810b7ffb6b5aa0423d81a43258d50c3265a355f37136ff41d60989c8b	0	existing_challenge	seq_f9eeaea810b7ffb6b5aa0423d81a43258d50c3265a355f37136ff41d60989c8b	207	/home/lvfang/ESMC_halophile/R3_existing_challenge_v1_output/esm2/records/06/066c5768877a0b519711b14e9d04386829f8a2f651c41ffd39a1c10109178d62.npy
597	597	seq_4f5e6c4d1169600db2987708aef6bc55f63c1120ca9d3e2ad5f52d5450581986	0	existing_challenge	seq_4f5e6c4d1169600db2987708aef6bc55f63c1120ca9d3e2ad5f52d5450581986	105	/home/lvfang/ESMC_halophile/R3_existing_challenge_v1_output/esm2/records/eb/eb598448bc0ba15ae34b8f14b544ac2852a77c67a21e2b20540812a3cf21b20b.npy
598	598	seq_b70dff810aac79105ecc718717223d10f844ee5647d56639db813d24fcbd6779	0	existing_challenge	seq_b70dff810aac79105ecc718717223d10f844ee5647d56639db813d24fcbd6779	283	/home/lvfang/ESMC_halophile/R3_existing_challenge_v1_output/esm2/records/83/83d473a22d7d448dc6e4be8e3760484bf08d723c16f18be575ca6dfa47899d2e.npy
599	599	seq_cf1fa32bf174c79676e540771bcb77a74231c0cfc4f228b3a35f4eeb393f68a9	0	existing_challenge	seq_cf1fa32bf174c79676e540771bcb77a74231c0cfc4f228b3a35f4eeb393f68a9	325	/home/lvfang/ESMC_halophile/R3_existing_challenge_v1_output/esm2/records/21/21169b557012c73e3545b56c83c6d4ca2122d9dd9f7f3da3e870c064f69b0bc3.npy
600	600	seq_a8d99ad9d1e76f0604ad8653000bdbd4213218ddaf5883bc5048a4ce3aa27499	0	existing_challenge	seq_a8d99ad9d1e76f0604ad8653000bdbd4213218ddaf5883bc5048a4ce3aa27499	382	/home/lvfang/ESMC_halophile/R3_existing_challenge_v1_output/esm2/records/6c/6cd52729358716a235dec3d47290c421bb94daf78bb9782aa2ccf83138b6fc1f.npy
601	601	seq_80cae9b8f49543ff363e5284c255a23fbf50a61d9c8400879c9b66051403a932	0	existing_challenge	seq_80cae9b8f49543ff363e5284c255a23fbf50a61d9c8400879c9b66051403a932	549	/home/lvfang/ESMC_halophile/R3_existing_challenge_v1_output/esm2/records/d0/d04d7efa68d5b4b04111ce2a360c4372ea2fff2e1dd594901afac17a8bcff15e.npy
602	602	seq_cd694b3bb7393652c450bff7bcde7d9292d2ac5b277a02616b6c4fe41b0e0db4	0	existing_challenge	seq_cd694b3bb7393652c450bff7bcde7d9292d2ac5b277a02616b6c4fe41b0e0db4	104	/home/lvfang/ESMC_halophile/R3_existing_challenge_v1_output/esm2/records/a7/a787356b485b4f755848158e30fa7a206b5d9c6b10b0d24c9eeeeefab1e074d5.npy
603	603	seq_def19d19a736d86124cf175e063a6a9727352df514f2864116f3655adf8bdc1c	0	existing_challenge	seq_def19d19a736d86124cf175e063a6a9727352df514f2864116f3655adf8bdc1c	362	/home/lvfang/ESMC_halophile/R3_existing_challenge_v1_output/esm2/records/4f/4fbcb0542e3358f43a23b2413fdd64ab3702de2e022c25a6ba1502db7bc89487.npy
604	604	seq_dda70bed269b186f5161f20d0076c9c829d645c031a5079b6a1415b2a3881bb0	0	existing_challenge	seq_dda70bed269b186f5161f20d0076c9c829d645c031a5079b6a1415b2a3881bb0	308	/home/lvfang/ESMC_halophile/R3_existing_challenge_v1_output/esm2/records/5c/5c7acfe93554b00ba7d8c34cf6164afba3deba73fd593a10131fc848f5674dde.npy
605	605	seq_6de87e75c0dda240cce7472ae6e68de77241e76dd9552241eb047af27b68c078	0	existing_challenge	seq_6de87e75c0dda240cce7472ae6e68de77241e76dd9552241eb047af27b68c078	303	/home/lvfang/ESMC_halophile/R3_existing_challenge_v1_output/esm2/records/8d/8df57568cfa71b31a70b626eff0b1da5d61909cbb933be8c648a5a59db6c30c2.npy
606	606	seq_8b06f7b6c5351e2e0090262af7cf2642cc23fe119438457603cfd4526d05af05	0	existing_challenge	seq_8b06f7b6c5351e2e0090262af7cf2642cc23fe119438457603cfd4526d05af05	491	/home/lvfang/ESMC_halophile/R3_existing_challenge_v1_output/esm2/records/f5/f52b626cb7b3636d795a9eb60bb2988e755944a2fc3bb3c58fef8cf271ab9805.npy
607	607	seq_6190755d381b1299ff78d8b2138be3914f4ae58f00131aa8fbe73bbfbf4ce3a5	0	existing_challenge	seq_6190755d381b1299ff78d8b2138be3914f4ae58f00131aa8fbe73bbfbf4ce3a5	336	/home/lvfang/ESMC_halophile/R3_existing_challenge_v1_output/esm2/records/2e/2e6c1ade15c2978c2458f1722c66b305236b21d58a3117a69db4a13e7368a822.npy
608	608	seq_f86bc943d256066d136803768a86898d1d0d449d5abb76932ecdf4fdf55e692f	0	existing_challenge	seq_f86bc943d256066d136803768a86898d1d0d449d5abb76932ecdf4fdf55e692f	179	/home/lvfang/ESMC_halophile/R3_existing_challenge_v1_output/esm2/records/e1/e167576c3fec964cc685b6dcdeb321dc21023962957c8c6f578990697259be24.npy
609	609	seq_277262bf840fccd6baa1c13bb93f4c967731031c7e98377dce7bf8553d8f6fdc	0	existing_challenge	seq_277262bf840fccd6baa1c13bb93f4c967731031c7e98377dce7bf8553d8f6fdc	97	/home/lvfang/ESMC_halophile/R3_existing_challenge_v1_output/esm2/records/19/1904b286d515d31ec813cd715eddfcc0b19c7323680b569ad0b3c3f6d53786a6.npy
610	610	seq_6cff5373133cec9d9238c8b0f77c3b8e8a92f41da08d44047b8846b133bcffc2	0	existing_challenge	seq_6cff5373133cec9d9238c8b0f77c3b8e8a92f41da08d44047b8846b133bcffc2	107	/home/lvfang/ESMC_halophile/R3_existing_challenge_v1_output/esm2/records/96/9683116d566663de4141ca50e4e4caf157ec49fdae4bb8bc57239a42b4eeb746.npy
611	611	seq_87c0c9d5bb367609843686971aae68c2c0f7f8f7d4dd059f6ab870807a98fadf	0	existing_challenge	seq_87c0c9d5bb367609843686971aae68c2c0f7f8f7d4dd059f6ab870807a98fadf	204	/home/lvfang/ESMC_halophile/R3_existing_challenge_v1_output/esm2/records/58/582e4e52a4a3922ae3753978401f448be0ef67b6bcef00912500a9613ea0083c.npy
612	612	seq_a230dc485caa24cd4783b7d78853359b6ba2695f8a2c0e55acfc5e772caec108	0	existing_challenge	seq_a230dc485caa24cd4783b7d78853359b6ba2695f8a2c0e55acfc5e772caec108	520	/home/lvfang/ESMC_halophile/R3_existing_challenge_v1_output/esm2/records/34/347105723e981d37c017dd96a5cffaf71a9fbfe8160c22d964957751e3cad76c.npy
613	613	seq_91a0b9f55b110168319cae5f938e1a12f7e0a6d809f82d1b907fc6b3cab96e09	0	existing_challenge	seq_91a0b9f55b110168319cae5f938e1a12f7e0a6d809f82d1b907fc6b3cab96e09	170	/home/lvfang/ESMC_halophile/R3_existing_challenge_v1_output/esm2/records/72/72428ca872891782f5046916c7e4070e124206c2bc3f19bc51bd63f25bbc8347.npy
614	614	seq_448e499e3865fb991e4b780f881d313ab91562766da4c837c2cc59363608c5f8	0	existing_challenge	seq_448e499e3865fb991e4b780f881d313ab91562766da4c837c2cc59363608c5f8	32	/home/lvfang/ESMC_halophile/R3_existing_challenge_v1_output/esm2/records/f9/f9a90d36554640085ca3e56a3e322720ca173c8322c636a679b4301f9c04d3fc.npy
615	615	seq_d19e4b9901ae23770b978f09978bc2a52fe3c3d1ebfc32f762e982bffdd7bf38	0	existing_challenge	seq_d19e4b9901ae23770b978f09978bc2a52fe3c3d1ebfc32f762e982bffdd7bf38	391	/home/lvfang/ESMC_halophile/R3_existing_challenge_v1_output/esm2/records/b1/b13d41edef0db25a22e572b79fd1b7b2f7ac2c1f179070071ff1c6807e9ad46a.npy
616	616	seq_f960b187d86725d19a18248a44c7f3d6d48e3ffc492a8b8774d0009021746786	0	existing_challenge	seq_f960b187d86725d19a18248a44c7f3d6d48e3ffc492a8b8774d0009021746786	452	/home/lvfang/ESMC_halophile/R3_existing_challenge_v1_output/esm2/records/cf/cff4123f653d3b5783c0bbb382104da4eb10f7ba4bd09c09ee2fe0ffc52fc754.npy
617	617	seq_db58d9f2b5f60287b51ce5e7137c38effc30d1c974132d9f4c63221ad9b0d23c	0	existing_challenge	seq_db58d9f2b5f60287b51ce5e7137c38effc30d1c974132d9f4c63221ad9b0d23c	483	/home/lvfang/ESMC_halophile/R3_existing_challenge_v1_output/esm2/records/78/78fd4b8ff37d6aa9a44d31bc1d878e221767f58dd7525d3ba5f816693bf13f3c.npy
618	618	seq_091ee1d76a6388e5a5417b62e66bff8a4711049ede35cbdfca937c3f31b73f3f	0	existing_challenge	seq_091ee1d76a6388e5a5417b62e66bff8a4711049ede35cbdfca937c3f31b73f3f	189	/home/lvfang/ESMC_halophile/R3_existing_challenge_v1_output/esm2/records/af/af2b5daa4ee3c7ff4b260ee8d2f8dacf9d8951bc57ca49148fc1f468606354e6.npy
619	619	seq_9b456a81b27ced4966a857344a1e0f43c152da7befb85bb670b57055e6d35f8e	0	existing_challenge	seq_9b456a81b27ced4966a857344a1e0f43c152da7befb85bb670b57055e6d35f8e	193	/home/lvfang/ESMC_halophile/R3_existing_challenge_v1_output/esm2/records/df/dfef15ee5931c5a38f65a727eb6077608a8e9aaf131b294947c0dab52138ce8b.npy
620	620	seq_b817afac15c13045a3cf297c68f4070055469ba15a9b0adee56cad3a0ba39c27	0	existing_challenge	seq_b817afac15c13045a3cf297c68f4070055469ba15a9b0adee56cad3a0ba39c27	125	/home/lvfang/ESMC_halophile/R3_existing_challenge_v1_output/esm2/records/3a/3a94d69cc0d6f5a6c3ddd3d382effdf672f265cbfc01c5fee9a5a89b53582e08.npy
621	621	seq_544a9dd25d18cfb8d3595554935e0511f361e20ed83868e4076433f42f889506	0	existing_challenge	seq_544a9dd25d18cfb8d3595554935e0511f361e20ed83868e4076433f42f889506	378	/home/lvfang/ESMC_halophile/R3_existing_challenge_v1_output/esm2/records/76/767f7f95dafbfd55a14b6935c529f6452f0793d18b760097994edaf9668fdc15.npy
622	622	seq_ccfedaff695e613cd21943c324b5c3c346a877292f0d61280aacc8babbfedcfc	0	existing_challenge	seq_ccfedaff695e613cd21943c324b5c3c346a877292f0d61280aacc8babbfedcfc	122	/home/lvfang/ESMC_halophile/R3_existing_challenge_v1_output/esm2/records/04/04c73f42fdb30f97b2e13fa3cf371a39679cd798e26427aafcc6830339e84048.npy
623	623	seq_a68a0dc9a3669f4a96dcf6af471ed9dfa5fbec3078e2f9cbc0b0075dc229a10e	0	existing_challenge	seq_a68a0dc9a3669f4a96dcf6af471ed9dfa5fbec3078e2f9cbc0b0075dc229a10e	148	/home/lvfang/ESMC_halophile/R3_existing_challenge_v1_output/esm2/records/a5/a5d9a1cd185f13be320382b12b7e4aed8f0cf9b0fcb97a0de40c8c4c722b6166.npy
624	624	seq_628f4f7b484afe9f0a60c5c4b2dc866123e43237abdafcfe93a060c7ce62b80c	0	existing_challenge	seq_628f4f7b484afe9f0a60c5c4b2dc866123e43237abdafcfe93a060c7ce62b80c	164	/home/lvfang/ESMC_halophile/R3_existing_challenge_v1_output/esm2/records/9d/9d35ec9d83fff3eebd604c76ebdcd82dfbc8a99255fd3ad31cf77f7c88f4a1c6.npy
625	625	seq_893d7a7060a7d68d8218db6b5c458d16ff1884f652d825ca3075bb9120396eb6	0	existing_challenge	seq_893d7a7060a7d68d8218db6b5c458d16ff1884f652d825ca3075bb9120396eb6	142	/home/lvfang/ESMC_halophile/R3_existing_challenge_v1_output/esm2/records/69/696d1341d42c66ecb7593fa618a73f2e3a4cdcaa118d7132c8e0d1d94278afec.npy
626	626	seq_0ead3c30e72933c70cc90da01c6782a85c6805f9adb13eda774899682149bcc6	0	existing_challenge	seq_0ead3c30e72933c70cc90da01c6782a85c6805f9adb13eda774899682149bcc6	383	/home/lvfang/ESMC_halophile/R3_existing_challenge_v1_output/esm2/records/03/0310f0d29134c0f554f66d0ed2fea16e7aff266416631cfb006492893f5ab059.npy
627	627	seq_623e4f47a67da2af4bf72fb6bb5476ce3eab3e31066c11007c295fb241f2e13c	0	existing_challenge	seq_623e4f47a67da2af4bf72fb6bb5476ce3eab3e31066c11007c295fb241f2e13c	162	/home/lvfang/ESMC_halophile/R3_existing_challenge_v1_output/esm2/records/5c/5c8383f824524d2ae858f5d0ff07f45a2820f8776a8dd92e7822aa381c8ee1d8.npy
628	628	seq_cc180763e0d50234524912c232127eb5f4f0b86cf69135066558bcdf85b16a97	0	existing_challenge	seq_cc180763e0d50234524912c232127eb5f4f0b86cf69135066558bcdf85b16a97	401	/home/lvfang/ESMC_halophile/R3_existing_challenge_v1_output/esm2/records/ce/ce4c3da6584f2b29df13e86c3dbd3e0629092c1063e149da9d3728a1850a085c.npy
629	629	seq_ed506458507779024b28347945124e7f8ea797546a6b46f6ebba0aad3cc35686	0	existing_challenge	seq_ed506458507779024b28347945124e7f8ea797546a6b46f6ebba0aad3cc35686	475	/home/lvfang/ESMC_halophile/R3_existing_challenge_v1_output/esm2/records/75/758ecb4ea99f4b01b61ced22ebbddbbc98b7f6c627bca5e9885edc5849ce527f.npy
630	630	seq_c3a0ff2013fbebc16d7e3b924d0a630f02a8a3a9d9f3798e26c051b2732de67c	0	existing_challenge	seq_c3a0ff2013fbebc16d7e3b924d0a630f02a8a3a9d9f3798e26c051b2732de67c	151	/home/lvfang/ESMC_halophile/R3_existing_challenge_v1_output/esm2/records/e2/e2c99bc1c3338f11540909a5b4dc1b43e05da31d60fdaaf09bf194d3a236b785.npy
631	631	seq_0ca86fbf82f394dcde04b8e60ed0cdf7e3ba101db1eb4c290aa953f6047086ec	0	existing_challenge	seq_0ca86fbf82f394dcde04b8e60ed0cdf7e3ba101db1eb4c290aa953f6047086ec	718	/home/lvfang/ESMC_halophile/R3_existing_challenge_v1_output/esm2/records/48/48d7e643083c69367c21485b0625f6f5998a3c770bfbaa6420ba4845f3fd003e.npy
632	632	seq_8d96d1b2b7392e2eb68ef72e199092e7695a2b8555fffdf3d527354cf73a4ff0	0	existing_challenge	seq_8d96d1b2b7392e2eb68ef72e199092e7695a2b8555fffdf3d527354cf73a4ff0	135	/home/lvfang/ESMC_halophile/R3_existing_challenge_v1_output/esm2/records/9d/9d8ee8d06817289672bc330fb97d3966d544d2e45f3ef8cf02f091b4185f219b.npy
633	633	seq_015dfc77cced278bbd5392c1a45955a37ee01d071e3f3f4c00a89a32e736f1fb	0	existing_challenge	seq_015dfc77cced278bbd5392c1a45955a37ee01d071e3f3f4c00a89a32e736f1fb	947	/home/lvfang/ESMC_halophile/R3_existing_challenge_v1_output/esm2/records/de/de03bc10b2980c86d572fd2f47725f07f358901cca9ab9a97659a1490beb635b.npy
634	634	seq_35e8550109949cc171ee2307cbb2cf432105ea8a113c2e3ee5ec87750814da34	0	existing_challenge	seq_35e8550109949cc171ee2307cbb2cf432105ea8a113c2e3ee5ec87750814da34	445	/home/lvfang/ESMC_halophile/R3_existing_challenge_v1_output/esm2/records/54/541d359290e68dfdd3b58ac3474dec53d3834bbe23b5e8858607814ca40f2445.npy
635	635	seq_ed05db271b59966d2fdcffaa949511b6cfdc8c23921a0e70230a1f69db468f75	0	existing_challenge	seq_ed05db271b59966d2fdcffaa949511b6cfdc8c23921a0e70230a1f69db468f75	1574	/home/lvfang/ESMC_halophile/R3_existing_challenge_v1_output/esm2/records/3f/3ffd7e6e221c416e173d82ee2f35d374513b81e726e4be14397ca0fd113e599e.npy
636	636	seq_ee9ccc567a83c296a0bf27b5d9760f8972b409f5628fcfc0acf13e430ee034c7	0	existing_challenge	seq_ee9ccc567a83c296a0bf27b5d9760f8972b409f5628fcfc0acf13e430ee034c7	275	/home/lvfang/ESMC_halophile/R3_existing_challenge_v1_output/esm2/records/d3/d39eef3412dec23b3404acde0550a8aad79962ac60e324fcb14c55b143234a46.npy
637	637	seq_5f763741e63c44f764450e941da1e139769b238cab094a8410b39d02ffab50ff	0	existing_challenge	seq_5f763741e63c44f764450e941da1e139769b238cab094a8410b39d02ffab50ff	210	/home/lvfang/ESMC_halophile/R3_existing_challenge_v1_output/esm2/records/f3/f3e188d31d182629097ac4d0a314f54b22598b8c2ca2782f0dd344adb3b9fa72.npy
638	638	seq_e29eee23ca9a801e40de2096972da56004a757f16716444bc496b007831f386a	0	existing_challenge	seq_e29eee23ca9a801e40de2096972da56004a757f16716444bc496b007831f386a	85	/home/lvfang/ESMC_halophile/R3_existing_challenge_v1_output/esm2/records/93/93e2101ad9c946bdb1cfde840ad1ecb897f967ba45cd2a3cdb2fc05a4110bc1f.npy
639	639	seq_2af94348738c9bbe8188a219447f57ef381f4802853f6b9729cf902bf0e1e68f	0	existing_challenge	seq_2af94348738c9bbe8188a219447f57ef381f4802853f6b9729cf902bf0e1e68f	617	/home/lvfang/ESMC_halophile/R3_existing_challenge_v1_output/esm2/records/5a/5ab25520a8b670de0d609e158865f48bfa3732948bde17fdf47328f370add044.npy
640	640	seq_f1d565fee7c4636668f4b5f7666a8aa29199aa84e5f67c33b06bb25c1395cb91	0	existing_challenge	seq_f1d565fee7c4636668f4b5f7666a8aa29199aa84e5f67c33b06bb25c1395cb91	186	/home/lvfang/ESMC_halophile/R3_existing_challenge_v1_output/esm2/records/68/68e80e148dbe563d4191050f4d202d570845638d653b46b424dbad45ba0327aa.npy
641	641	seq_44626d761162bc11999cb994919c41e38bd01e2afdb130e908e3a3ca3702fed0	0	existing_challenge	seq_44626d761162bc11999cb994919c41e38bd01e2afdb130e908e3a3ca3702fed0	1283	/home/lvfang/ESMC_halophile/R3_existing_challenge_v1_output/esm2/records/81/81930ba8342057e78c00e1a3ed948823b9810f63993b4b6676511d467459b311.npy
642	642	seq_9f3cd0e100d2e6ac13797ec094b326d89a24c7aac8699cfca00792cb43405c5c	0	existing_challenge	seq_9f3cd0e100d2e6ac13797ec094b326d89a24c7aac8699cfca00792cb43405c5c	40	/home/lvfang/ESMC_halophile/R3_existing_challenge_v1_output/esm2/records/e0/e0aadc5ff0cef4f45cbda5d9940c1da54ed31640a527fe6646308e62d8390778.npy
643	643	seq_b44b99a0c479bb4742ab20f07124d316a1b98e2c6a6c66bb02f1f8ecbe2d1d24	0	existing_challenge	seq_b44b99a0c479bb4742ab20f07124d316a1b98e2c6a6c66bb02f1f8ecbe2d1d24	151	/home/lvfang/ESMC_halophile/R3_existing_challenge_v1_output/esm2/records/9a/9a90e9df247880b88c986588b7e9e97d27c39f717d8e26f5bc4807b55c5cf890.npy
644	644	seq_93371b3f16ac4b64d80f87e75aa907b01cb090425b4d71255e310001eeaf6423	0	existing_challenge	seq_93371b3f16ac4b64d80f87e75aa907b01cb090425b4d71255e310001eeaf6423	154	/home/lvfang/ESMC_halophile/R3_existing_challenge_v1_output/esm2/records/3f/3f9822556ac5cb45ceef5bacc698e8d906350a2761b6cc41ecbe5383856342eb.npy
645	645	seq_4d56daf2ca8eb286d1545ff5f3e3345169e88d0bf6067cf945ab7f1046474e03	0	existing_challenge	seq_4d56daf2ca8eb286d1545ff5f3e3345169e88d0bf6067cf945ab7f1046474e03	185	/home/lvfang/ESMC_halophile/R3_existing_challenge_v1_output/esm2/records/22/229a56c7ed31896e3b60ea2cd658c0fe79cd699dbdd3440f1a2949446558c23c.npy
646	646	seq_a82643e8e7ee606e2547c45e642a1a0ecafa82edcd32d075cd39527627af1de4	0	existing_challenge	seq_a82643e8e7ee606e2547c45e642a1a0ecafa82edcd32d075cd39527627af1de4	399	/home/lvfang/ESMC_halophile/R3_existing_challenge_v1_output/esm2/records/d9/d9eadd59394becb63a67235c09df7bf8d5f5cb3768e38a0e081ed24ea8d42c5e.npy
647	647	seq_8260dc5fb3cc57a359c9aa90af2240f12602c52690b897a10879143933589ee0	0	existing_challenge	seq_8260dc5fb3cc57a359c9aa90af2240f12602c52690b897a10879143933589ee0	310	/home/lvfang/ESMC_halophile/R3_existing_challenge_v1_output/esm2/records/47/472406afd41c2f12f983b06df2f34a22ed2b889b35f8b0596fc66f87686ce9d7.npy
648	648	seq_e57c63fc03f032c5a113193f08c82b29695b12aa7eecf282713fcc7f8360d847	0	existing_challenge	seq_e57c63fc03f032c5a113193f08c82b29695b12aa7eecf282713fcc7f8360d847	458	/home/lvfang/ESMC_halophile/R3_existing_challenge_v1_output/esm2/records/af/afa36d1bed243a4f9f2cefb3279c3b5e36c1d12f03e41a45976e064e6e72907a.npy
649	649	seq_924a266c6c4d729874381563884217c79b835f1e14811a221c88eb504265a9a0	0	existing_challenge	seq_924a266c6c4d729874381563884217c79b835f1e14811a221c88eb504265a9a0	423	/home/lvfang/ESMC_halophile/R3_existing_challenge_v1_output/esm2/records/cf/cf73d2f4923df854bd216c7414ffd7e85a6e0df6b328df64de741f4aeb181e05.npy
650	650	seq_de3d5ac358cbfa7cff4cd8edf59db8b96dfd1e1fd1bda1c19bf73ecf8a54c4f5	0	existing_challenge	seq_de3d5ac358cbfa7cff4cd8edf59db8b96dfd1e1fd1bda1c19bf73ecf8a54c4f5	281	/home/lvfang/ESMC_halophile/R3_existing_challenge_v1_output/esm2/records/36/366ec91b9606944822574cd4a8479cfb63d8a78dfe4e90d091bcad9b84ac1a4a.npy
651	651	seq_a3015d715823a19c07467fb3ec8fb1a48b0773485b8e943922cd2e0266dcef42	0	existing_challenge	seq_a3015d715823a19c07467fb3ec8fb1a48b0773485b8e943922cd2e0266dcef42	188	/home/lvfang/ESMC_halophile/R3_existing_challenge_v1_output/esm2/records/10/10ba63fe720fa6133f5cd2dd5460980b3a70e102f22420236f1026eaf0d16c29.npy
652	652	seq_04a5300392317b1bf561debe6126b62afa88d52c2746800cd33c3d2b3506ed2d	0	existing_challenge	seq_04a5300392317b1bf561debe6126b62afa88d52c2746800cd33c3d2b3506ed2d	406	/home/lvfang/ESMC_halophile/R3_existing_challenge_v1_output/esm2/records/e6/e6fe52d4af9900f9e02fda7cc707bd860235991ded46c5ec80f13f0a51c0da01.npy
653	653	seq_51a8444a5ef43756558e173418a92cc596169a6d599276a31eb47e2a46b57adf	0	existing_challenge	seq_51a8444a5ef43756558e173418a92cc596169a6d599276a31eb47e2a46b57adf	439	/home/lvfang/ESMC_halophile/R3_existing_challenge_v1_output/esm2/records/90/90bc6ddf9e391d80cef4049a7f5787217855b1e1c348c911aa57abd0735ca7bb.npy
654	654	seq_ce0cd3eece16231ebb52b789a1532f525fb2197f287079c3565d49c267a563d2	0	existing_challenge	seq_ce0cd3eece16231ebb52b789a1532f525fb2197f287079c3565d49c267a563d2	100	/home/lvfang/ESMC_halophile/R3_existing_challenge_v1_output/esm2/records/d9/d9bd4c7ec7ade093095aeb564dedc9123f5e4833fd80ee791f82e6b3d6dccf59.npy
655	655	seq_1e544ac06215c82adf72fb5ceb4209de2264f9a0a469a24307546a3a9d154a36	0	existing_challenge	seq_1e544ac06215c82adf72fb5ceb4209de2264f9a0a469a24307546a3a9d154a36	357	/home/lvfang/ESMC_halophile/R3_existing_challenge_v1_output/esm2/records/54/546eae76a566dbc857ec5e3d950a69059c2a0cf4c52099911df35385e08f04a6.npy
656	656	seq_24f31cae0f14aca7f852283e1df60f90a66d3127b0f052b5a505e90e0be5c5f0	0	existing_challenge	seq_24f31cae0f14aca7f852283e1df60f90a66d3127b0f052b5a505e90e0be5c5f0	48	/home/lvfang/ESMC_halophile/R3_existing_challenge_v1_output/esm2/records/36/36f74a912bc54633bbea62276d88555d069b58a6ad671072cab2b4069f55db94.npy
657	657	seq_af1d7b5af14ddd8f0023ec9ca82a72e3ef7815747fe1ba907b8fd22bb22cd7a9	0	existing_challenge	seq_af1d7b5af14ddd8f0023ec9ca82a72e3ef7815747fe1ba907b8fd22bb22cd7a9	296	/home/lvfang/ESMC_halophile/R3_existing_challenge_v1_output/esm2/records/87/875d64f5088216f80df774737524f5ad91891398f2383a5fb34bcfe734d1d376.npy
658	658	seq_23cdbfe04da9f03cabfb573cee8787f0ef57048c686803659377cac73a0fb8fc	0	existing_challenge	seq_23cdbfe04da9f03cabfb573cee8787f0ef57048c686803659377cac73a0fb8fc	1180	/home/lvfang/ESMC_halophile/R3_existing_challenge_v1_output/esm2/records/f2/f2ffbb7dfa2a2360e0a8f45b80ef8d9eae7d02069fd5e606394b9db88d3f029d.npy
659	659	seq_83ad10c5dbb0423b6f661fd815094161c5a5b04314583eea1ab8df58eba340c7	0	existing_challenge	seq_83ad10c5dbb0423b6f661fd815094161c5a5b04314583eea1ab8df58eba340c7	326	/home/lvfang/ESMC_halophile/R3_existing_challenge_v1_output/esm2/records/48/4809fb8005c824915e3de2fd275d44b36f4f962e77ea8f0683684008ebf256e7.npy
660	660	seq_a942469d0c6a46e950c34ef97a54778e52dcf94a7e7183cc7a7c89c744ba0b95	0	existing_challenge	seq_a942469d0c6a46e950c34ef97a54778e52dcf94a7e7183cc7a7c89c744ba0b95	547	/home/lvfang/ESMC_halophile/R3_existing_challenge_v1_output/esm2/records/80/80bc0d8db17da56304dd3c47fb32af478475cad5b569d9abd550500fd71ae083.npy
661	661	seq_1f15537ec69016196c9d01760749f1eda65faa6268dda569f3cb05dbe3378ede	0	existing_challenge	seq_1f15537ec69016196c9d01760749f1eda65faa6268dda569f3cb05dbe3378ede	188	/home/lvfang/ESMC_halophile/R3_existing_challenge_v1_output/esm2/records/c4/c4dfca96237f8d846e3ce1d6a87246e1bb12e5616d879652835dc5e3746022f9.npy
662	662	seq_0bb50aa5ca3d5c2f594a6686908739dbbc6fa71c80d35aa08b5cc15403008203	0	existing_challenge	seq_0bb50aa5ca3d5c2f594a6686908739dbbc6fa71c80d35aa08b5cc15403008203	420	/home/lvfang/ESMC_halophile/R3_existing_challenge_v1_output/esm2/records/2d/2d8428e96e3fb974c19d5b211c6dce987a405b053435134d2d8b430e8b0cf40b.npy
663	663	seq_cd123c7beedbe3b42d1fd79d7433c03e54afc228f03d5307f214ba8ff4e63a9a	0	existing_challenge	seq_cd123c7beedbe3b42d1fd79d7433c03e54afc228f03d5307f214ba8ff4e63a9a	168	/home/lvfang/ESMC_halophile/R3_existing_challenge_v1_output/esm2/records/a4/a40764c95d31720b2f02dd47d1846e4928f9ccea0d3a36ea1ce1e4a74c41899d.npy
664	664	seq_448c9a18007e114b1e0c6e6a05cd6b23b7b6b610c5632adaac0d9e24d973be34	0	existing_challenge	seq_448c9a18007e114b1e0c6e6a05cd6b23b7b6b610c5632adaac0d9e24d973be34	147	/home/lvfang/ESMC_halophile/R3_existing_challenge_v1_output/esm2/records/5a/5aef442bb14a4f99867bffa05c831a413a0d53ef65f5fc96e45ceffb879f0281.npy
665	665	seq_2cfc32f9fda0b76e23d82edc995388226ad10b31639628b5a9188407b1ddca9a	0	existing_challenge	seq_2cfc32f9fda0b76e23d82edc995388226ad10b31639628b5a9188407b1ddca9a	254	/home/lvfang/ESMC_halophile/R3_existing_challenge_v1_output/esm2/records/79/79c916a6e07e5d378c17084d24f7048894cef5122e8e5d4d5a3c5fa07a7879e5.npy
666	666	seq_c7ba02bfc9363cc0fb2c7e91882a4ca1835d8fe52933f7674df1f258d0d48e93	0	existing_challenge	seq_c7ba02bfc9363cc0fb2c7e91882a4ca1835d8fe52933f7674df1f258d0d48e93	379	/home/lvfang/ESMC_halophile/R3_existing_challenge_v1_output/esm2/records/f2/f2a0023937b78db2b491f3f3c1d585a64bc6e19b5343d85368257402c9341745.npy
667	667	seq_b22f0565fcad436cde1340ad49252a53e2fa75e0f2e9952959c6532d68a5b68a	0	existing_challenge	seq_b22f0565fcad436cde1340ad49252a53e2fa75e0f2e9952959c6532d68a5b68a	273	/home/lvfang/ESMC_halophile/R3_existing_challenge_v1_output/esm2/records/96/960be1aff91b6fb43f09cff06596d27f9235f146b41916421bef97d5f994c571.npy
668	668	seq_0552e96bf11f523cdf6cbdf3223dd22406387dca52ea9b59352e465b93e4b613	0	existing_challenge	seq_0552e96bf11f523cdf6cbdf3223dd22406387dca52ea9b59352e465b93e4b613	176	/home/lvfang/ESMC_halophile/R3_existing_challenge_v1_output/esm2/records/f5/f50eae4e866f5f44fd392807da868276974616295d88260f57e355c1436d9588.npy
669	669	seq_40d42039e39480a2afa3093eec517de36352e5a75ababc965e3b58e7128745e8	0	existing_challenge	seq_40d42039e39480a2afa3093eec517de36352e5a75ababc965e3b58e7128745e8	410	/home/lvfang/ESMC_halophile/R3_existing_challenge_v1_output/esm2/records/04/048c7290896876daf407ea0c4829bf241bb32d7b3c4ad9c0cb4e7c8fe32b87b2.npy
670	670	seq_ab51e53388d17b7e0a13f062a58d1f03dc63a2028db45a89dbf5145a8e628193	0	existing_challenge	seq_ab51e53388d17b7e0a13f062a58d1f03dc63a2028db45a89dbf5145a8e628193	1515	/home/lvfang/ESMC_halophile/R3_existing_challenge_v1_output/esm2/records/9b/9b24332fea6fd15506295bf8a408a9dccf839c9bba4ac98a165aa8641336bb11.npy
671	671	seq_afc6fd6cc6ff82067428ae4d39f1d1e53eba3bbb0fe0231876d17ff2f457b722	0	existing_challenge	seq_afc6fd6cc6ff82067428ae4d39f1d1e53eba3bbb0fe0231876d17ff2f457b722	274	/home/lvfang/ESMC_halophile/R3_existing_challenge_v1_output/esm2/records/44/44696cd724c12c6960498c7892f39f5625a3482d0f33787bd441fe878feb431d.npy
672	672	seq_395d895c234812b7afd5a2723903c02f8415f6d6eaac2e8814bd9564cb877046	0	existing_challenge	seq_395d895c234812b7afd5a2723903c02f8415f6d6eaac2e8814bd9564cb877046	1157	/home/lvfang/ESMC_halophile/R3_existing_challenge_v1_output/esm2/records/46/467aa507f93fa720dba0468c8580d677e641f7b5d44dcde8fe327520237cc3df.npy
673	673	seq_57848eccfd3033d5b4e367adf1a7819dd15b70956a98e5113e024eb3eac4cdb0	0	existing_challenge	seq_57848eccfd3033d5b4e367adf1a7819dd15b70956a98e5113e024eb3eac4cdb0	312	/home/lvfang/ESMC_halophile/R3_existing_challenge_v1_output/esm2/records/03/03f64fd51d2e3b432f5ea36fef1dcec2f3508ffe5c7d8c8bd22fc123baf48d18.npy
674	674	seq_bfa5a93b7a599be03507e5e4c01846b36870eebe31307d8766b99db41a384b71	0	existing_challenge	seq_bfa5a93b7a599be03507e5e4c01846b36870eebe31307d8766b99db41a384b71	125	/home/lvfang/ESMC_halophile/R3_existing_challenge_v1_output/esm2/records/b4/b44e09d28d4c812ffeae78ee9cf0eee58b9995a7e05e1889bf0ced4e351b8545.npy
675	675	seq_12c3dce7b8029dfa829065bfbf9f4ac097429e2cf752806f390767eacb645aee	0	existing_challenge	seq_12c3dce7b8029dfa829065bfbf9f4ac097429e2cf752806f390767eacb645aee	516	/home/lvfang/ESMC_halophile/R3_existing_challenge_v1_output/esm2/records/b7/b7ae40e80aec1ca6b7b6f0bad0338990dfbf8aa0259f902a56753d009ec28e63.npy
676	676	seq_2473b531e31d7a14b57d37fc2c27ffc971e7e427e94023dfb51cb14402347fb6	0	existing_challenge	seq_2473b531e31d7a14b57d37fc2c27ffc971e7e427e94023dfb51cb14402347fb6	131	/home/lvfang/ESMC_halophile/R3_existing_challenge_v1_output/esm2/records/f2/f23938caf8a50d567e6a88caff161930e9047baf95bf0972bbdf2f845de99dd5.npy
677	677	seq_0677b79f5c2b810920400c03d00aa46ea777e521e309512010c197a89d36ab37	0	existing_challenge	seq_0677b79f5c2b810920400c03d00aa46ea777e521e309512010c197a89d36ab37	441	/home/lvfang/ESMC_halophile/R3_existing_challenge_v1_output/esm2/records/71/715cd0a6c714992492311ac62454837e73f3c221128ee3f351be835bcb9a8acf.npy
678	678	seq_c020916fc93eb2c01a22030e8838683bbd33de1747342ae0d57648b877e41552	0	existing_challenge	seq_c020916fc93eb2c01a22030e8838683bbd33de1747342ae0d57648b877e41552	716	/home/lvfang/ESMC_halophile/R3_existing_challenge_v1_output/esm2/records/6d/6d09447177936e60c348136f16890ec31229e106987b63c3f8705994a448aa38.npy
679	679	seq_23761c45175fc4b73d5f715d1be826f9a809760508b040443e145e0a5a9ddd2f	0	existing_challenge	seq_23761c45175fc4b73d5f715d1be826f9a809760508b040443e145e0a5a9ddd2f	263	/home/lvfang/ESMC_halophile/R3_existing_challenge_v1_output/esm2/records/03/0360a2c98f5597a70dbafa7eda4fe80585937462de1fa56200814a2395712837.npy
680	680	seq_062ad4e540da67ea3fed553617c9b576a646241b2328c15b567c5f2c3ae7937f	0	existing_challenge	seq_062ad4e540da67ea3fed553617c9b576a646241b2328c15b567c5f2c3ae7937f	165	/home/lvfang/ESMC_halophile/R3_existing_challenge_v1_output/esm2/records/89/89059e483a977436d847852b35e6e0127ef09022d3b955ccee4c477486b71502.npy
681	681	seq_be1c63fa93a4846461aa4988f96414feaad0627a1097618dc3328b018ef37ff3	0	existing_challenge	seq_be1c63fa93a4846461aa4988f96414feaad0627a1097618dc3328b018ef37ff3	88	/home/lvfang/ESMC_halophile/R3_existing_challenge_v1_output/esm2/records/08/087b899c7534edb33c97510b8d33eb3a10d5e3cae8cab5cce31392292afdd18a.npy
682	682	seq_72cceb33cebfe5bd692dd19e99b9b464ced2f696fe2f2a73eec8a07f90bb17e5	0	existing_challenge	seq_72cceb33cebfe5bd692dd19e99b9b464ced2f696fe2f2a73eec8a07f90bb17e5	282	/home/lvfang/ESMC_halophile/R3_existing_challenge_v1_output/esm2/records/59/59b9b55cc81d7546e9b23131c5cf6654955f4e70c2ef0fbe0079c4fdf4cc34e7.npy
683	683	seq_65023efa0f67ca980d34259f72d6ba2b3451aaefeedfb86508e56c42ae5c65c5	0	existing_challenge	seq_65023efa0f67ca980d34259f72d6ba2b3451aaefeedfb86508e56c42ae5c65c5	164	/home/lvfang/ESMC_halophile/R3_existing_challenge_v1_output/esm2/records/5e/5e04a0eb55c37ba415eda5a527f3f6bbddb66e121978ed8070a7f8e9a9138509.npy
684	684	seq_cd3efa3f50e4635c1d96cf4057fe05f6b6c52fa0437464421b16f38038d0100d	0	existing_challenge	seq_cd3efa3f50e4635c1d96cf4057fe05f6b6c52fa0437464421b16f38038d0100d	147	/home/lvfang/ESMC_halophile/R3_existing_challenge_v1_output/esm2/records/c3/c34f5132c731b2a35cb6eb844d7f546ab081ac016b736b9fc0ebd2a3c9e0c9d1.npy
685	685	seq_da4ae4e32ee637bfbf7376f266a577a05e6ab8948e8cddd8aa445af4d20e6b28	0	existing_challenge	seq_da4ae4e32ee637bfbf7376f266a577a05e6ab8948e8cddd8aa445af4d20e6b28	180	/home/lvfang/ESMC_halophile/R3_existing_challenge_v1_output/esm2/records/80/803e227395843419e6883f091ba3e2ffab956dd2166192163557a7e6573e623f.npy
686	686	seq_4f7f419bdc20018cb4c9884cd45b8943b2bd84e4bc4e75c922501e2cc7c455bd	0	existing_challenge	seq_4f7f419bdc20018cb4c9884cd45b8943b2bd84e4bc4e75c922501e2cc7c455bd	344	/home/lvfang/ESMC_halophile/R3_existing_challenge_v1_output/esm2/records/37/37ad1174847b5b636fcfbe825e3f02d645c2a5c0338d4dfb19365504161871cb.npy
687	687	seq_85141ce7dcb4fd339cef6d0df8f1b639e4011586c02d1a0d9dbf7245f23899a1	0	existing_challenge	seq_85141ce7dcb4fd339cef6d0df8f1b639e4011586c02d1a0d9dbf7245f23899a1	108	/home/lvfang/ESMC_halophile/R3_existing_challenge_v1_output/esm2/records/3d/3da20c56d789173523bcf1816063625460f4043eaf8befd0cd7955e51e4b480a.npy
688	688	seq_1c969023eef142c6e2c528c5378469143cc4aa3ed83384485f624cf155a0a37c	0	existing_challenge	seq_1c969023eef142c6e2c528c5378469143cc4aa3ed83384485f624cf155a0a37c	276	/home/lvfang/ESMC_halophile/R3_existing_challenge_v1_output/esm2/records/15/15b334951bf895953ef78a40fbc94d616e8c4684527f91252a8c6be1a49a10b4.npy
689	689	seq_8d4e14e06a4678c5b2f60b539dca23945491eb189c7f6e21ec58f2977653a325	0	existing_challenge	seq_8d4e14e06a4678c5b2f60b539dca23945491eb189c7f6e21ec58f2977653a325	122	/home/lvfang/ESMC_halophile/R3_existing_challenge_v1_output/esm2/records/10/106726041e887d6d1b7552d0f010bdb6ff94e001e192b69fca0913c6ab21755e.npy
690	690	seq_6603bed9f879168bfa611e5b3218e6018e15a725f544418249ea7ca1589caa54	0	existing_challenge	seq_6603bed9f879168bfa611e5b3218e6018e15a725f544418249ea7ca1589caa54	118	/home/lvfang/ESMC_halophile/R3_existing_challenge_v1_output/esm2/records/26/2608a0a7d7a972cfa0ca0e6d86728bd54fbc4c4fe6f16825fb6b985202c1ceec.npy
691	691	seq_fa481690bc923cc2e1a5c95cef2f9cb98d6d08621441b7ce6566423f59ad47bb	0	existing_challenge	seq_fa481690bc923cc2e1a5c95cef2f9cb98d6d08621441b7ce6566423f59ad47bb	1150	/home/lvfang/ESMC_halophile/R3_existing_challenge_v1_output/esm2/records/87/87b429584cec76f64ad728715d6f50291b4a66a8fa2991a26dbc3306c78518a7.npy
692	692	seq_55e131e8911698d5d01e325e8b274a9043775ccc538a59d36949b3d393d97394	0	existing_challenge	seq_55e131e8911698d5d01e325e8b274a9043775ccc538a59d36949b3d393d97394	834	/home/lvfang/ESMC_halophile/R3_existing_challenge_v1_output/esm2/records/6d/6df80a26ebb522ea3954214cbb2017e828f218d5f6fdd291b87b0b4295f0253f.npy
693	693	seq_8bb94593c0ee5576402d16a3cd26d82864727bd4da19b4cb42814aa7be001653	0	existing_challenge	seq_8bb94593c0ee5576402d16a3cd26d82864727bd4da19b4cb42814aa7be001653	392	/home/lvfang/ESMC_halophile/R3_existing_challenge_v1_output/esm2/records/84/845d181fb84dd2b18aebaa08c611367731cc66d0a23e5f3130c42bd446730e92.npy
694	694	seq_4b0d2674234ffe48c6c712867a0b9cab73c96fe5feb703ad8b6e8f11b6ef7c34	0	existing_challenge	seq_4b0d2674234ffe48c6c712867a0b9cab73c96fe5feb703ad8b6e8f11b6ef7c34	210	/home/lvfang/ESMC_halophile/R3_existing_challenge_v1_output/esm2/records/45/451222fd11408a187df7f0e69c4f45765f4e0dd5ef3030a7f2b0060b60146b3a.npy
695	695	seq_f7caf4d631fdcc2646145cff8c6976c135fd98af3bdf65e5f7c24a068f291fc6	0	existing_challenge	seq_f7caf4d631fdcc2646145cff8c6976c135fd98af3bdf65e5f7c24a068f291fc6	485	/home/lvfang/ESMC_halophile/R3_existing_challenge_v1_output/esm2/records/43/43f0bcd08e49418565938ebc3754f8c61f81d33a207471c4b5824daa626bfbaa.npy
696	696	seq_27ed219ec365b4875a5167d7baebb7610f1d807e8c8094dfd02bd68a143e516e	0	existing_challenge	seq_27ed219ec365b4875a5167d7baebb7610f1d807e8c8094dfd02bd68a143e516e	240	/home/lvfang/ESMC_halophile/R3_existing_challenge_v1_output/esm2/records/5b/5b6bc2a73d3fceb84bc1bd61ca24ee0ac8be2138b204534ae6d22dc043b19b56.npy
697	697	seq_24e9b5d6d5ef4fba4b030e21456537ebe504ede5edbdfe09f41bbcafa7a1f2d5	0	existing_challenge	seq_24e9b5d6d5ef4fba4b030e21456537ebe504ede5edbdfe09f41bbcafa7a1f2d5	447	/home/lvfang/ESMC_halophile/R3_existing_challenge_v1_output/esm2/records/a2/a28e9033b6e098a85fc0caf76d434f65534d1d61bfd25fd291533ebd35d7a97e.npy
698	698	seq_0cb779258d261e71e5e6369b34791c29897010a1defec5134af407d33991c75d	0	existing_challenge	seq_0cb779258d261e71e5e6369b34791c29897010a1defec5134af407d33991c75d	371	/home/lvfang/ESMC_halophile/R3_existing_challenge_v1_output/esm2/records/0e/0e9bbf68a4b9c18d3f2da96c1b7c4d12bf06bf00cd7a0d2b9db0f509b5c80853.npy
699	699	seq_9120945d48d696616c7183370e911d577dff63d2c45cc54ad7d23b77368b582e	0	existing_challenge	seq_9120945d48d696616c7183370e911d577dff63d2c45cc54ad7d23b77368b582e	115	/home/lvfang/ESMC_halophile/R3_existing_challenge_v1_output/esm2/records/cd/cdf603b326fc21d30a5312f4f87d0c52c26bda5db6aa990237fc4aaa224dcf13.npy
700	700	seq_9a2dd2972ff2dfd2fdc24afc5b767ce87b728fa97a9ee853c52d9269a017432c	0	existing_challenge	seq_9a2dd2972ff2dfd2fdc24afc5b767ce87b728fa97a9ee853c52d9269a017432c	95	/home/lvfang/ESMC_halophile/R3_existing_challenge_v1_output/esm2/records/89/892e8d505cc4f789c3e44c1a918669fe43dbb238ec6c3cd366aec67169a3007c.npy
701	701	seq_dcb3cb37cc47f6405f04737e9ac9257564bf0559dc790a31eb5202fe2def9b35	0	existing_challenge	seq_dcb3cb37cc47f6405f04737e9ac9257564bf0559dc790a31eb5202fe2def9b35	210	/home/lvfang/ESMC_halophile/R3_existing_challenge_v1_output/esm2/records/9b/9b45266217289d55c510b315d97285feabe65c58d25c73b318ec90ad4daaae5a.npy
702	702	seq_e352cd441e078e3671d3ac618b93b04102f488ffeebf320a31dff16b90e2c14a	0	existing_challenge	seq_e352cd441e078e3671d3ac618b93b04102f488ffeebf320a31dff16b90e2c14a	210	/home/lvfang/ESMC_halophile/R3_existing_challenge_v1_output/esm2/records/f4/f4b5ebf5bb28dc6d64465663cdfd42b85386fa418455d4f7c7da4859b91e4d8a.npy
703	703	seq_480f348d092605300015019ae3843b7863270bca4abaffbcb1cb5aff291d6f75	0	existing_challenge	seq_480f348d092605300015019ae3843b7863270bca4abaffbcb1cb5aff291d6f75	401	/home/lvfang/ESMC_halophile/R3_existing_challenge_v1_output/esm2/records/b5/b5d8b813a8c8270b98c46691a4651c79e1912fc3e16593639bd8a38f234d2fd8.npy
704	704	seq_5f724e8670ad7c9412ab5224a978840f4cf286cee454c2def74ad20ee2d0d95d	0	existing_challenge	seq_5f724e8670ad7c9412ab5224a978840f4cf286cee454c2def74ad20ee2d0d95d	78	/home/lvfang/ESMC_halophile/R3_existing_challenge_v1_output/esm2/records/b5/b53c04c5f8b69ae6eb2d4e5d7d7fe86c00621e2138fe83ce655298be23e6d35d.npy
705	705	seq_3b7c496238327f80449cc1a1112a37335bf3eb1e5b584c64def526575c024f05	0	existing_challenge	seq_3b7c496238327f80449cc1a1112a37335bf3eb1e5b584c64def526575c024f05	492	/home/lvfang/ESMC_halophile/R3_existing_challenge_v1_output/esm2/records/08/083c3920b759b89226c564329adf52948c5f97c3af46a8a00e9eeec4e297d3f6.npy
706	706	seq_8df597aba06f2fd6653e51bf1fc55d63b148d28f0a5f04471492cc7a4ecb7f9b	0	existing_challenge	seq_8df597aba06f2fd6653e51bf1fc55d63b148d28f0a5f04471492cc7a4ecb7f9b	413	/home/lvfang/ESMC_halophile/R3_existing_challenge_v1_output/esm2/records/2e/2eed4a44a4c7659fa3838df388a761ae89e99c6a1ed6eee8fab58c5a1d42c39d.npy
707	707	seq_0c025153cd445a8dd3a0131285ced84698b094dbdb1942504d46c66ca460fe62	0	existing_challenge	seq_0c025153cd445a8dd3a0131285ced84698b094dbdb1942504d46c66ca460fe62	192	/home/lvfang/ESMC_halophile/R3_existing_challenge_v1_output/esm2/records/ba/baf4117f41efa4bc76979d931272376c1712c1f90dbb5543bfaaf2789028e087.npy
708	708	seq_e146dfe6b9f340e9ea8252af28e72690fb1574d4ee41a55ff993e704a0b5a604	0	existing_challenge	seq_e146dfe6b9f340e9ea8252af28e72690fb1574d4ee41a55ff993e704a0b5a604	121	/home/lvfang/ESMC_halophile/R3_existing_challenge_v1_output/esm2/records/4f/4fc936b528650c5dc43d1686125e3eea1bef4ed9edd220c585ae1c7411ea9d70.npy
709	709	seq_9b3f4e00cf1e7a0514f46c89f7c62ae04285d2d94f6f0ddbd2f30a5b8af060a8	0	existing_challenge	seq_9b3f4e00cf1e7a0514f46c89f7c62ae04285d2d94f6f0ddbd2f30a5b8af060a8	131	/home/lvfang/ESMC_halophile/R3_existing_challenge_v1_output/esm2/records/ce/ce3328c8e30693c0a81b6d49953134dfa6231b9a95a9ed659656dbb9e2256cd4.npy
710	710	seq_c4c685d0cded82621c6001eef97640dc4421bf76ba4cb2ceafb84002f34d74bb	0	existing_challenge	seq_c4c685d0cded82621c6001eef97640dc4421bf76ba4cb2ceafb84002f34d74bb	68	/home/lvfang/ESMC_halophile/R3_existing_challenge_v1_output/esm2/records/ce/cecf5dcd57c4ee931daeafe4d5b59ab592281e92501f4359a18a9e29b7a09651.npy
711	711	seq_c5072ead853468cdaa13b41395a2c21a9c715a985789b8960b9a12f30cd344d1	0	existing_challenge	seq_c5072ead853468cdaa13b41395a2c21a9c715a985789b8960b9a12f30cd344d1	324	/home/lvfang/ESMC_halophile/R3_existing_challenge_v1_output/esm2/records/2a/2a3229991360ad93005293cf4dbba044c95c5637ab9dba0b8c431590faf199ee.npy
712	712	seq_7ada69bd92af3417d3145b0a4a957b54464e03d348395530816d4b10d1090a16	0	existing_challenge	seq_7ada69bd92af3417d3145b0a4a957b54464e03d348395530816d4b10d1090a16	357	/home/lvfang/ESMC_halophile/R3_existing_challenge_v1_output/esm2/records/65/65271479489a9e32b52161ebe3bca0043e087f3aee784118247a8073e68ad67c.npy
713	713	seq_ae243dc6b846f95693293efff931518e4f89e35e9441770190983b90f1ec913e	0	existing_challenge	seq_ae243dc6b846f95693293efff931518e4f89e35e9441770190983b90f1ec913e	1538	/home/lvfang/ESMC_halophile/R3_existing_challenge_v1_output/esm2/records/df/dfc4fcf3d0c97fef3f88fb3b2f8665b758b63ef1c2f76b1ef94bd725533d01bc.npy
714	714	seq_78457cf46a47a2d34de8b200fd803d5c37cc52f52db7f4c011e59d349dbbe462	0	existing_challenge	seq_78457cf46a47a2d34de8b200fd803d5c37cc52f52db7f4c011e59d349dbbe462	197	/home/lvfang/ESMC_halophile/R3_existing_challenge_v1_output/esm2/records/e1/e137e79415efb67cf31e410b2001309f35c8334923c41d644d428b26c81bddd2.npy
715	715	seq_3365fb47a63d2999a3c86cc30d22235eb44f66a097ee3f0058a4d32d1685b13c	0	existing_challenge	seq_3365fb47a63d2999a3c86cc30d22235eb44f66a097ee3f0058a4d32d1685b13c	440	/home/lvfang/ESMC_halophile/R3_existing_challenge_v1_output/esm2/records/93/9386eddf364f16fd2af87caf15ff8999ae55677cc31ef0cb98a4bd09ecc58e35.npy
716	716	seq_832850c589a1841393b53d65d44d66b7a98732d015dd1b68bc3f90a90c88e2b2	0	existing_challenge	seq_832850c589a1841393b53d65d44d66b7a98732d015dd1b68bc3f90a90c88e2b2	425	/home/lvfang/ESMC_halophile/R3_existing_challenge_v1_output/esm2/records/db/db47eb5841c4a293e94163f6183c4e0f02f13407d4aefc16d613cad3b9765c18.npy
717	717	seq_1f6ecd1b44aeb3619569c40a679f3a71444c21a5c3a3bfc91535f8d5ad4915e5	0	existing_challenge	seq_1f6ecd1b44aeb3619569c40a679f3a71444c21a5c3a3bfc91535f8d5ad4915e5	107	/home/lvfang/ESMC_halophile/R3_existing_challenge_v1_output/esm2/records/d0/d0f697d850f5a5da781cfe7214dbd0893e9e6ac077edd46194f608450876d732.npy
718	718	seq_5dd21b3456065f7ebc65cead481b9aa5bd67f802380afa4db47b09c6c4515952	0	existing_challenge	seq_5dd21b3456065f7ebc65cead481b9aa5bd67f802380afa4db47b09c6c4515952	220	/home/lvfang/ESMC_halophile/R3_existing_challenge_v1_output/esm2/records/7d/7d0b62f20b6720b29aa36164251be8df1413d9070e1585e753ef2a4edfbb90f2.npy
719	719	seq_a4c1d2391373e5b0fc533c9de54f7d666aac433c53d872d642c6f92a2cab0fb5	0	existing_challenge	seq_a4c1d2391373e5b0fc533c9de54f7d666aac433c53d872d642c6f92a2cab0fb5	54	/home/lvfang/ESMC_halophile/R3_existing_challenge_v1_output/esm2/records/06/06020d709c7a95fd193ad6a982dda02546acace9ffe051e5b948756147ae3d75.npy
720	720	seq_3d4a3fe75a3d14fd9f415b69560d0cc2630dc7822928983d7263587dc2257ded	0	existing_challenge	seq_3d4a3fe75a3d14fd9f415b69560d0cc2630dc7822928983d7263587dc2257ded	595	/home/lvfang/ESMC_halophile/R3_existing_challenge_v1_output/esm2/records/1c/1c4ab56710d287d87fc0454bd61422f7f42fa764cc5810ced88579217c02ae85.npy
721	721	seq_b67f57b6b478adffc9fe28c982e8b97fd17d9f632e5f068aa614c400b881d6ad	0	existing_challenge	seq_b67f57b6b478adffc9fe28c982e8b97fd17d9f632e5f068aa614c400b881d6ad	608	/home/lvfang/ESMC_halophile/R3_existing_challenge_v1_output/esm2/records/c2/c2be64f5d545b70624d09d85f768db482dfd6b684fe6986aaef6edd7d93c6d1b.npy
722	722	seq_ebe1f9be651c5cbdfc7cf1ec4d310df5ff6a5991dc889024658c26f305bdda37	0	existing_challenge	seq_ebe1f9be651c5cbdfc7cf1ec4d310df5ff6a5991dc889024658c26f305bdda37	129	/home/lvfang/ESMC_halophile/R3_existing_challenge_v1_output/esm2/records/9f/9f7030e126bbcca0224f95d92212db72a4c019b9d620472469e02a35f41fe492.npy
723	723	seq_d536fe94b3bfcdeb1666fcbc6e5e2866f647673487eb6cc946110d790fa1e121	0	existing_challenge	seq_d536fe94b3bfcdeb1666fcbc6e5e2866f647673487eb6cc946110d790fa1e121	547	/home/lvfang/ESMC_halophile/R3_existing_challenge_v1_output/esm2/records/86/8694a4c11114caaa9a1a8c76e63af31bac432752fc7cf1d237e12883e6ccfa9d.npy
724	724	seq_242beae559e601b711f23f44e6dad5aa467d98d4c2c077dca8f63ba994ee7454	0	existing_challenge	seq_242beae559e601b711f23f44e6dad5aa467d98d4c2c077dca8f63ba994ee7454	184	/home/lvfang/ESMC_halophile/R3_existing_challenge_v1_output/esm2/records/5f/5f710f1726863ef476bfffe4bc0e91ce87419b8b73ffc260a941ec22a686ecba.npy
725	725	seq_4d16daed99aaf1d3dd9c07bbe230c59f5495d486a087be502fe94ba06666aaf0	0	existing_challenge	seq_4d16daed99aaf1d3dd9c07bbe230c59f5495d486a087be502fe94ba06666aaf0	218	/home/lvfang/ESMC_halophile/R3_existing_challenge_v1_output/esm2/records/b1/b18499506a9db92350790ef8a0c37e56e6527ae7e346e8286544c29c1b2e808d.npy
726	726	seq_ae734bfd54549a56d5c12f55e44f85206d8a8ba32ef43d6a83aba073e255e15f	0	existing_challenge	seq_ae734bfd54549a56d5c12f55e44f85206d8a8ba32ef43d6a83aba073e255e15f	136	/home/lvfang/ESMC_halophile/R3_existing_challenge_v1_output/esm2/records/fb/fb75b6f4266611e78d45c2394a4ad597b0f7469563b9623a65f0a5e5550044ee.npy
727	727	seq_e1cefd469bcae07a61ea2fcf25beaa5e539e180d97ba2bafb449cb79ad284695	0	existing_challenge	seq_e1cefd469bcae07a61ea2fcf25beaa5e539e180d97ba2bafb449cb79ad284695	100	/home/lvfang/ESMC_halophile/R3_existing_challenge_v1_output/esm2/records/4d/4d37901748deb1263c6f9742aed688f2c391a9f7b9a0c68ff001ca8cdca4b7e1.npy
728	728	seq_62c742fcb38574280e375f40f2f8803a5ac38334fc22f4e97d927a170c3cde73	0	existing_challenge	seq_62c742fcb38574280e375f40f2f8803a5ac38334fc22f4e97d927a170c3cde73	544	/home/lvfang/ESMC_halophile/R3_existing_challenge_v1_output/esm2/records/0b/0b19e891315e6ac14cf835583525d5593c68bbef96632c42afedadbb445d053f.npy
729	729	seq_43e837382aee3f8bc676c0f5a477263f6d06fc209abbd017202cd45ca90e64f7	0	existing_challenge	seq_43e837382aee3f8bc676c0f5a477263f6d06fc209abbd017202cd45ca90e64f7	74	/home/lvfang/ESMC_halophile/R3_existing_challenge_v1_output/esm2/records/60/60f6e7ea05a6250f816f5c93584eb012581378683d5f56a6ba37537b21ea84fb.npy
730	730	seq_ae34800251647fca7f423e1ad9d7025c6ecddec5ca7e7219676d26ba22aa6194	0	existing_challenge	seq_ae34800251647fca7f423e1ad9d7025c6ecddec5ca7e7219676d26ba22aa6194	459	/home/lvfang/ESMC_halophile/R3_existing_challenge_v1_output/esm2/records/75/754f4e1208ffceee6d7ef96e09e6e6ce764d30ac7140f5cdbcea33c02af4e373.npy
731	731	seq_7fbc845fd8899403563c71f33a3df22ce5e3072689c49ef07540c726567e429e	0	existing_challenge	seq_7fbc845fd8899403563c71f33a3df22ce5e3072689c49ef07540c726567e429e	88	/home/lvfang/ESMC_halophile/R3_existing_challenge_v1_output/esm2/records/55/55d8c4c2d75d52c7941790e35b1fa5d158e07727ac2cbbfc4616cf84ac0794d9.npy
732	732	seq_600c418fe93051502d0111f0b4d0f65ef591ca336c13dd38ac177026cc8aa027	0	existing_challenge	seq_600c418fe93051502d0111f0b4d0f65ef591ca336c13dd38ac177026cc8aa027	191	/home/lvfang/ESMC_halophile/R3_existing_challenge_v1_output/esm2/records/10/10cb45661922037df40fc9d6fe0412014bf98aadabb3c1afd58032f4bced1889.npy
733	733	seq_dcff0eb50a7460e5b20ad33063fd712086d111ca147731de519999e1087062c4	0	existing_challenge	seq_dcff0eb50a7460e5b20ad33063fd712086d111ca147731de519999e1087062c4	363	/home/lvfang/ESMC_halophile/R3_existing_challenge_v1_output/esm2/records/7c/7c1c0ed072df9c972295bc7cf47e2487a07366fe664ab77df1140576df96d726.npy
734	734	seq_897cd93142f2a09f37dfe4b1d0fbdb10fc1f888fa2ae9eb0809e0309f1a1d0da	0	existing_challenge	seq_897cd93142f2a09f37dfe4b1d0fbdb10fc1f888fa2ae9eb0809e0309f1a1d0da	252	/home/lvfang/ESMC_halophile/R3_existing_challenge_v1_output/esm2/records/27/2768c52f86508f2595584c910be07bdbef3c11f0055de195e56be9259b9f4301.npy
735	735	seq_16495c9362aace74059ff67447f243c2f70a33e2d6906226dcd80c855050ee65	0	existing_challenge	seq_16495c9362aace74059ff67447f243c2f70a33e2d6906226dcd80c855050ee65	65	/home/lvfang/ESMC_halophile/R3_existing_challenge_v1_output/esm2/records/42/42c2e32e7986c3cc9631359b967f3f090c44545d07be4b4efa265c8df8f4155e.npy
736	736	seq_1132f6d7737c95a6104fd42e93eef7b66106c7d9c202bc18983a854653224391	0	existing_challenge	seq_1132f6d7737c95a6104fd42e93eef7b66106c7d9c202bc18983a854653224391	194	/home/lvfang/ESMC_halophile/R3_existing_challenge_v1_output/esm2/records/ec/ecd46ddf9dd80843e70c99c01fa5207bf53552afed5c673b103f1361f26ab73d.npy
737	737	seq_01efb848b2037dfee2c726ca504823fee4cbc6bbc2eec63f0883db4974f238df	0	existing_challenge	seq_01efb848b2037dfee2c726ca504823fee4cbc6bbc2eec63f0883db4974f238df	239	/home/lvfang/ESMC_halophile/R3_existing_challenge_v1_output/esm2/records/56/5656270be54b5a32941affee3405db462e875972221a2f34473168e472240e5b.npy
738	738	seq_af73e8c17c6e6d4dcdfc8cbfcc2f177c091bd5a662b0f961b452a8fa5979e7c9	0	existing_challenge	seq_af73e8c17c6e6d4dcdfc8cbfcc2f177c091bd5a662b0f961b452a8fa5979e7c9	96	/home/lvfang/ESMC_halophile/R3_existing_challenge_v1_output/esm2/records/52/524e4604261dd44be9979e1a1172dceebb4dbb136407d874660ecfcfc87d8604.npy
739	739	seq_f080b64a0e1d7cee6e757e5bc5c3622859c243a099b6270062ae68b775c7d26b	0	existing_challenge	seq_f080b64a0e1d7cee6e757e5bc5c3622859c243a099b6270062ae68b775c7d26b	159	/home/lvfang/ESMC_halophile/R3_existing_challenge_v1_output/esm2/records/4d/4d7bb7e05e06904291221077194e4957f5824b1b272016af21a42be754359634.npy
740	740	seq_cf1ac6477fb08715877837d131b0e836ab9c2698abba831d9ce2e71e3b21ac5c	0	existing_challenge	seq_cf1ac6477fb08715877837d131b0e836ab9c2698abba831d9ce2e71e3b21ac5c	207	/home/lvfang/ESMC_halophile/R3_existing_challenge_v1_output/esm2/records/b9/b92579a2e9ac5a5f400f5299d287ed97aa398d9aebcf47ef3f93b3908c28d148.npy
741	741	seq_d0b65eb5ef3102ec8b43e2328d231467fb15ab234ae471699d1f623af8dc7cd0	0	existing_challenge	seq_d0b65eb5ef3102ec8b43e2328d231467fb15ab234ae471699d1f623af8dc7cd0	130	/home/lvfang/ESMC_halophile/R3_existing_challenge_v1_output/esm2/records/74/74a520093e2d0afe6dc4a16fbacd5ced7e015903808426e764cfb04aa7cd2f41.npy
742	742	seq_3c4c67dc2dd59f253bf2f4dedd56cf08dff58fd5e32ca265c55b01d622ddeef1	0	existing_challenge	seq_3c4c67dc2dd59f253bf2f4dedd56cf08dff58fd5e32ca265c55b01d622ddeef1	357	/home/lvfang/ESMC_halophile/R3_existing_challenge_v1_output/esm2/records/d7/d7e5a4b02d8ebe582432e8c0fadf14daf43971b8506e69c49d24b32272bc3ab1.npy
743	743	seq_ac55e7d767a8dc999dc4b23fbd2f59ab848bb2be43fd87712b1869ef2b0849fb	0	existing_challenge	seq_ac55e7d767a8dc999dc4b23fbd2f59ab848bb2be43fd87712b1869ef2b0849fb	496	/home/lvfang/ESMC_halophile/R3_existing_challenge_v1_output/esm2/records/f5/f55ddaf2d9ea0b116e4b7108f83ca1259d1dd442d9f188b45d8810b66421859e.npy
744	744	seq_daee9f2118fb21abeaf4e2c8c98656d11b130d04c304c8089f73f5e1b41f434a	0	existing_challenge	seq_daee9f2118fb21abeaf4e2c8c98656d11b130d04c304c8089f73f5e1b41f434a	1032	/home/lvfang/ESMC_halophile/R3_existing_challenge_v1_output/esm2/records/8c/8ca28e1af2839f279e3efc09193e6e8565cab6f026710ab9d5a59eb6b6a07504.npy
745	745	seq_5f049f88f67398f99eb979ffdab9007102be0ac560e4e26c41f15b9fc591ddd3	0	existing_challenge	seq_5f049f88f67398f99eb979ffdab9007102be0ac560e4e26c41f15b9fc591ddd3	426	/home/lvfang/ESMC_halophile/R3_existing_challenge_v1_output/esm2/records/98/981863ed5a7dbe078c40b05816caefd8024b15219ef7cef64b114a7edc54b2b9.npy
746	746	seq_df373a408b69bd3c52902077376e879e3399f6111b16906d969f03840a79ed9a	0	existing_challenge	seq_df373a408b69bd3c52902077376e879e3399f6111b16906d969f03840a79ed9a	167	/home/lvfang/ESMC_halophile/R3_existing_challenge_v1_output/esm2/records/e1/e172ead58361268cc7a983dee058e8a3840afb5df294315d145e71b7918ef63b.npy
747	747	seq_b2ec7f89e895785ba57928d254da4f97206252032923f3acafdc8cc60a4b4e50	0	existing_challenge	seq_b2ec7f89e895785ba57928d254da4f97206252032923f3acafdc8cc60a4b4e50	257	/home/lvfang/ESMC_halophile/R3_existing_challenge_v1_output/esm2/records/21/21dc83cec3f8a79d75c6f340ce5435b7c3718c4c00c8192068dcde610307a04a.npy
748	748	seq_f640bd93bfae36d55b479ee00869897d0428f5aca98f6f6a472f5c90a76f9c0d	0	existing_challenge	seq_f640bd93bfae36d55b479ee00869897d0428f5aca98f6f6a472f5c90a76f9c0d	387	/home/lvfang/ESMC_halophile/R3_existing_challenge_v1_output/esm2/records/7d/7ddebf791a9224f875437e280121d355c79beb577e8b3f8c7fa904fa2c72bf0c.npy
749	749	seq_ea24c0af6841b7bc2cfa45e55d00c131dee6b86e10c398b13855a9aecda8ae3e	0	existing_challenge	seq_ea24c0af6841b7bc2cfa45e55d00c131dee6b86e10c398b13855a9aecda8ae3e	478	/home/lvfang/ESMC_halophile/R3_existing_challenge_v1_output/esm2/records/64/64354bc5bfa1eaa03ec8ea4d1ed415353f5d15aaec166947464d903748f23062.npy
750	750	seq_48851b50dd7effec66af3bdc362779d916ad4358f670f002fbcd7fa01170cf35	0	existing_challenge	seq_48851b50dd7effec66af3bdc362779d916ad4358f670f002fbcd7fa01170cf35	169	/home/lvfang/ESMC_halophile/R3_existing_challenge_v1_output/esm2/records/cb/cbcc5428a426b22a4fdbe9e974d7d90fe76c2fa2dac0a004c14b79577612b50c.npy
751	751	seq_39557efc97d3e38125bd42820240f17f0c02bb1d47e6af7c3b4b0e1c91e63772	0	existing_challenge	seq_39557efc97d3e38125bd42820240f17f0c02bb1d47e6af7c3b4b0e1c91e63772	384	/home/lvfang/ESMC_halophile/R3_existing_challenge_v1_output/esm2/records/08/08309370ca0c2d2315b2b35e789b0b297fd7d050aa5a600802e65853b52ded1b.npy
752	752	seq_9a28591ac239e02018a2fae1c341b3052a86f48c7b0378cc8a059dfd693c4314	0	existing_challenge	seq_9a28591ac239e02018a2fae1c341b3052a86f48c7b0378cc8a059dfd693c4314	152	/home/lvfang/ESMC_halophile/R3_existing_challenge_v1_output/esm2/records/3b/3b4d6ff6e7d9c08324a5b72697473c61045d5b175445918f0c539ca5ab2b73a2.npy
753	753	seq_428ad19fdda89363bf72b4d60eef01948a85be16b49814c6ee3e1740c62e1e51	0	existing_challenge	seq_428ad19fdda89363bf72b4d60eef01948a85be16b49814c6ee3e1740c62e1e51	72	/home/lvfang/ESMC_halophile/R3_existing_challenge_v1_output/esm2/records/bc/bc395658541f9ffac52aa17b850e3b7e9aa6d605ab6de0b7faf42c6c611e5362.npy
754	754	seq_164659d1c92305de5e1afc533703ffabe1faa9831898978e2ae30939dccf7579	0	existing_challenge	seq_164659d1c92305de5e1afc533703ffabe1faa9831898978e2ae30939dccf7579	166	/home/lvfang/ESMC_halophile/R3_existing_challenge_v1_output/esm2/records/ba/bade7a0405b0df5499f4a337d5c6c33ac60789afe04136ea90e02dfaad066ac2.npy
755	755	seq_d4181965b393cc7ead08935622fb3ebbb7eb0fd666bc99154e416cd95174fb9b	0	existing_challenge	seq_d4181965b393cc7ead08935622fb3ebbb7eb0fd666bc99154e416cd95174fb9b	854	/home/lvfang/ESMC_halophile/R3_existing_challenge_v1_output/esm2/records/12/12295513ac3c90fad8c9085ca852f444de871856c50cd72673f60b3fdc79f62a.npy
756	756	seq_8cd1e42d273aa395dc54cf5b79beee8bd7d85cb79914e897454d25056151e383	0	existing_challenge	seq_8cd1e42d273aa395dc54cf5b79beee8bd7d85cb79914e897454d25056151e383	110	/home/lvfang/ESMC_halophile/R3_existing_challenge_v1_output/esm2/records/b3/b340d92e5d527f9a31db440658adb777bc88479cc699d38594ce448468994d22.npy
757	757	seq_94eb0f310522e6db080c7ad2fe3c9f0e89a63be356dc9a195de6ee5cfe7d88c9	0	existing_challenge	seq_94eb0f310522e6db080c7ad2fe3c9f0e89a63be356dc9a195de6ee5cfe7d88c9	647	/home/lvfang/ESMC_halophile/R3_existing_challenge_v1_output/esm2/records/ba/ba1c17119325f11f38ee1b4327c5f5f71b2f8e58ea1c24bc5f017d6a66479ace.npy
758	758	seq_cd10099b47b715ce06b5301d2724152ab12f7860cdd65d210fc1e2875cf2d068	0	existing_challenge	seq_cd10099b47b715ce06b5301d2724152ab12f7860cdd65d210fc1e2875cf2d068	62	/home/lvfang/ESMC_halophile/R3_existing_challenge_v1_output/esm2/records/3f/3f9114dbecb2196b6adcfa7f708ea3b7456050fcded64edb86775b6405b11314.npy
759	759	seq_cc431020ea8ed30bfb254c46cb5d959bbddbbfcd0769b61bc1812d577fae0851	0	existing_challenge	seq_cc431020ea8ed30bfb254c46cb5d959bbddbbfcd0769b61bc1812d577fae0851	322	/home/lvfang/ESMC_halophile/R3_existing_challenge_v1_output/esm2/records/64/6429b70ce5da7b3355d3350ca3be54a7b5579ba8e3794ace2b5500dfc6020af6.npy
760	760	seq_9792d453d38bfb0342ed9e7f40c57c1e567843d9d883785d3caf91aaf2ad957c	0	existing_challenge	seq_9792d453d38bfb0342ed9e7f40c57c1e567843d9d883785d3caf91aaf2ad957c	189	/home/lvfang/ESMC_halophile/R3_existing_challenge_v1_output/esm2/records/c9/c9086319e019b2934ac2762635c56b52febf261325c6952cd5b62f51379d42c9.npy
761	761	seq_b21e77296ae70003da33a5dd7b9f6eef56de243d25d750028beb443276550c32	0	existing_challenge	seq_b21e77296ae70003da33a5dd7b9f6eef56de243d25d750028beb443276550c32	570	/home/lvfang/ESMC_halophile/R3_existing_challenge_v1_output/esm2/records/42/4233cb0e20ac8570875e47cf2fdcc4a0fa03c267dbee0ca5ec3b278431d5b771.npy
762	762	seq_7d071b2303495c6c21963df1a52d9b17fee73f440900ec4bce4cd385a6a289ee	0	existing_challenge	seq_7d071b2303495c6c21963df1a52d9b17fee73f440900ec4bce4cd385a6a289ee	426	/home/lvfang/ESMC_halophile/R3_existing_challenge_v1_output/esm2/records/90/90d69a871df05ce15295601215c0cf15043d39cc70058cb58c97535009de25ca.npy
763	763	seq_4e080ea6bf425817dc8706c4c8fe64693886d62903bd7ec511ff984f91bae9c8	0	existing_challenge	seq_4e080ea6bf425817dc8706c4c8fe64693886d62903bd7ec511ff984f91bae9c8	244	/home/lvfang/ESMC_halophile/R3_existing_challenge_v1_output/esm2/records/a9/a9891a694e1b2b78ae3d6d11a93c93bda233150e6d7cb0f38ab5a2827905e5ef.npy
764	764	seq_22bee086502f3731b360cb5818d0c669fd0a86bb716a5444d15d119a476d3a68	0	existing_challenge	seq_22bee086502f3731b360cb5818d0c669fd0a86bb716a5444d15d119a476d3a68	705	/home/lvfang/ESMC_halophile/R3_existing_challenge_v1_output/esm2/records/ff/fffc218fe8094c1009ac0fd8c49af925962ca10e4d80213feb9f3d803a19bb0f.npy
765	765	seq_c5ceaf232532eb406035bc37d147921d4d825efeab97ea3c3f13d09007e6d9ca	0	existing_challenge	seq_c5ceaf232532eb406035bc37d147921d4d825efeab97ea3c3f13d09007e6d9ca	177	/home/lvfang/ESMC_halophile/R3_existing_challenge_v1_output/esm2/records/7b/7be3faeaf843ea27c365e362f1c72a6ceb35c9c691a64476b56a9a63a0169efd.npy
766	766	seq_5f9d6d073eb1620a23c0fa4bac5909e438b3f2a77d2890555922b23ca5301446	0	existing_challenge	seq_5f9d6d073eb1620a23c0fa4bac5909e438b3f2a77d2890555922b23ca5301446	225	/home/lvfang/ESMC_halophile/R3_existing_challenge_v1_output/esm2/records/db/db3535f4be9b4d5192601c3d72385dcd3921ad5bd4aa95f253b6b7bd19f2d51b.npy
767	767	seq_90f8e0e8645c799e86933d7fcff46016a638c951fe7b7ec1d1c12fea498c6e2b	0	existing_challenge	seq_90f8e0e8645c799e86933d7fcff46016a638c951fe7b7ec1d1c12fea498c6e2b	338	/home/lvfang/ESMC_halophile/R3_existing_challenge_v1_output/esm2/records/48/484c98d2d3f4ca4d8a9e4081b4aeee76d53d8662cf9544b264d68060116522c2.npy
768	768	seq_386abf6a5c015c36b8b1a3572f6a20d430326c247bcaf0da79041f36553c0a35	0	existing_challenge	seq_386abf6a5c015c36b8b1a3572f6a20d430326c247bcaf0da79041f36553c0a35	81	/home/lvfang/ESMC_halophile/R3_existing_challenge_v1_output/esm2/records/64/6459cec409e48201cc259eae3b42de021d21d3e90dee3893ad1f39c8ce9f09a7.npy
769	769	seq_ecc0ec9f2d4bf9b57e48446458f92f3fddaa8a7c9048c42db831a6bd108a5a31	0	existing_challenge	seq_ecc0ec9f2d4bf9b57e48446458f92f3fddaa8a7c9048c42db831a6bd108a5a31	144	/home/lvfang/ESMC_halophile/R3_existing_challenge_v1_output/esm2/records/75/7555932835729084a696c443a922801d5af5edc9b8b9f2c04bd02305a9244955.npy
770	770	seq_58f704ffa07e05db81e8e42186cc7b32cba8d79def7a515ff135d2c3836144e9	0	existing_challenge	seq_58f704ffa07e05db81e8e42186cc7b32cba8d79def7a515ff135d2c3836144e9	534	/home/lvfang/ESMC_halophile/R3_existing_challenge_v1_output/esm2/records/43/43f295cc33ae613ef2e2bc2ad4b7ce7e9061e5f03deae48e0d2c93a823cb8c10.npy
771	771	seq_8e71c694635df880174cd4323f95d3ef412bde72a959094bb1a39c72bcbad59c	0	existing_challenge	seq_8e71c694635df880174cd4323f95d3ef412bde72a959094bb1a39c72bcbad59c	555	/home/lvfang/ESMC_halophile/R3_existing_challenge_v1_output/esm2/records/9f/9f19d46de6f5922677fa5ff41691855d6ce872c065cdc0f1fc35ba1505908875.npy
772	772	seq_38f595bb31a013245445bdd5a4be9f3db63f12e29a64eada55b8ec1ffa3b712e	0	existing_challenge	seq_38f595bb31a013245445bdd5a4be9f3db63f12e29a64eada55b8ec1ffa3b712e	243	/home/lvfang/ESMC_halophile/R3_existing_challenge_v1_output/esm2/records/e8/e84495ff9f6f0dda95b357ddc680f569419055340fc0f2f4ed880277255e7ff9.npy
773	773	seq_f8ec6327c29d85886a0bf2f7e1650bc1f09327fca75517fd030642dc998ba9f3	0	existing_challenge	seq_f8ec6327c29d85886a0bf2f7e1650bc1f09327fca75517fd030642dc998ba9f3	110	/home/lvfang/ESMC_halophile/R3_existing_challenge_v1_output/esm2/records/22/22663b78c2cd6ed385602a5597e3d4e3929bd44346d9b5adbfdcf8822f3cd667.npy
774	774	seq_986c2f7c86d0b9fd5735660a5dc4c79dd778e66995de151914016d153cdff4fc	0	existing_challenge	seq_986c2f7c86d0b9fd5735660a5dc4c79dd778e66995de151914016d153cdff4fc	83	/home/lvfang/ESMC_halophile/R3_existing_challenge_v1_output/esm2/records/ab/ab60898991bc6244cdc8ee10a1d32b90baf24845e5bebb62791df3d083eafa57.npy
775	775	seq_0bb01b87201b3972b2932d73a72330bca36988a36bd69921d2ccdd76fe1a3e3b	0	existing_challenge	seq_0bb01b87201b3972b2932d73a72330bca36988a36bd69921d2ccdd76fe1a3e3b	423	/home/lvfang/ESMC_halophile/R3_existing_challenge_v1_output/esm2/records/13/1301430a7620d89a46b5650193d6be85f820572db744094e068b37db55300aa9.npy
776	776	seq_e1dd30df33861d6a8a82328db073706cdf8b13115ed965810a4b7ea65393cfa7	0	existing_challenge	seq_e1dd30df33861d6a8a82328db073706cdf8b13115ed965810a4b7ea65393cfa7	269	/home/lvfang/ESMC_halophile/R3_existing_challenge_v1_output/esm2/records/80/805ce6aa4c2bebaa94e16d1e81cddb5480c891a0d04eb988465abe0c5d0a2bd4.npy
777	777	seq_352f673607e7f0b2b070a3ae496f85345600a6c89b67d3d3cc0fd75e753b0919	0	existing_challenge	seq_352f673607e7f0b2b070a3ae496f85345600a6c89b67d3d3cc0fd75e753b0919	338	/home/lvfang/ESMC_halophile/R3_existing_challenge_v1_output/esm2/records/25/25f5c0db5e58e4b2d625b82a31bfe6690cf3f8d988cf2889d293ac137f7ada87.npy
778	778	seq_ca3d3f2f47110f4d53152c66894e5accbf79bb69781db15d36576e22f5854471	0	existing_challenge	seq_ca3d3f2f47110f4d53152c66894e5accbf79bb69781db15d36576e22f5854471	340	/home/lvfang/ESMC_halophile/R3_existing_challenge_v1_output/esm2/records/80/8066761de49b69611816b3a5e8d21796280406f059fe287652bf224569a8e524.npy
779	779	seq_2b84c33eac9d3239b305159afad895898c8dc24e32be01d236ef74905ec300b8	0	existing_challenge	seq_2b84c33eac9d3239b305159afad895898c8dc24e32be01d236ef74905ec300b8	264	/home/lvfang/ESMC_halophile/R3_existing_challenge_v1_output/esm2/records/e5/e5238a9bfe36ed2996497ce40713ffee9c95bef41a1c9bdb70def64ca9b3bf46.npy
780	780	seq_f56a9707e36ff0de19eab5ba5f108b762fa36f2aab438100f92f24a06260e240	0	existing_challenge	seq_f56a9707e36ff0de19eab5ba5f108b762fa36f2aab438100f92f24a06260e240	294	/home/lvfang/ESMC_halophile/R3_existing_challenge_v1_output/esm2/records/b9/b9613e540834838b8992627428c1b7b07d6c17e7efb53889f3b897e3d534cf09.npy
781	781	seq_0cdcc3d76c3979c992b664e7992d28c31a131a111cee66181b44fea5bf23a47c	0	existing_challenge	seq_0cdcc3d76c3979c992b664e7992d28c31a131a111cee66181b44fea5bf23a47c	394	/home/lvfang/ESMC_halophile/R3_existing_challenge_v1_output/esm2/records/0e/0efd3763286faf99ac3a39fbb8644619672e6272b45cc323a0eca742b833bde6.npy
782	782	seq_95a3387907f864189a870544f137c5615ae782981b1ff4a478389e5a1bd2d3ca	0	existing_challenge	seq_95a3387907f864189a870544f137c5615ae782981b1ff4a478389e5a1bd2d3ca	130	/home/lvfang/ESMC_halophile/R3_existing_challenge_v1_output/esm2/records/97/973c89b477777bbeb04eeb0138cac63872f29ebaa06c584a84ad09fabc6ab3d5.npy
783	783	seq_76244caba25969f038dd82fb401eb92c2fea071a86e7bece09224664af48a928	0	existing_challenge	seq_76244caba25969f038dd82fb401eb92c2fea071a86e7bece09224664af48a928	247	/home/lvfang/ESMC_halophile/R3_existing_challenge_v1_output/esm2/records/10/1067d6dae6f13c6adf49c60fdb4d232cefb5f9fa7ac3d22b2ff4db09c1c95874.npy
784	784	seq_2135e9e4adda4377c178c8c5a22263cb6af39b991ff1794acdd33aec6e40cf41	0	existing_challenge	seq_2135e9e4adda4377c178c8c5a22263cb6af39b991ff1794acdd33aec6e40cf41	150	/home/lvfang/ESMC_halophile/R3_existing_challenge_v1_output/esm2/records/85/85e167ff4289a9fb8f9d05a3dbec71a2827177ae42519c31cdf32b241c371f72.npy
785	785	seq_56a71b834a27d6249f75d3dbce3c014b5e644055438d5de36126591454cac9db	0	existing_challenge	seq_56a71b834a27d6249f75d3dbce3c014b5e644055438d5de36126591454cac9db	412	/home/lvfang/ESMC_halophile/R3_existing_challenge_v1_output/esm2/records/46/464418c7f19e4fe1d7a1a2ee89f3311d613efcb2ce621b0bb91f21f91e3f7609.npy
786	786	seq_0feb14bb3400f09f1dc38e4d1412e0f0cc294a1884cb59a58ecfcb91a2e2387e	0	existing_challenge	seq_0feb14bb3400f09f1dc38e4d1412e0f0cc294a1884cb59a58ecfcb91a2e2387e	168	/home/lvfang/ESMC_halophile/R3_existing_challenge_v1_output/esm2/records/c0/c07bce6bcb9cb46e8a5cb23937f3d4174eb8fdb30bc92a809252bfbd857bc825.npy
787	787	seq_4cca4e93f849a907b80de18997dac1d357d7a52af8d04c776bf24bc3ee03e5ec	0	existing_challenge	seq_4cca4e93f849a907b80de18997dac1d357d7a52af8d04c776bf24bc3ee03e5ec	322	/home/lvfang/ESMC_halophile/R3_existing_challenge_v1_output/esm2/records/57/5795b810c3225f8821b691e733d7a9ade0a1b10fbedb8d5679852f7e56b514cb.npy
788	788	seq_725705f6c1780ceac18db75811848e73310ebbe45021d539f0f7a44722eb8a55	0	existing_challenge	seq_725705f6c1780ceac18db75811848e73310ebbe45021d539f0f7a44722eb8a55	69	/home/lvfang/ESMC_halophile/R3_existing_challenge_v1_output/esm2/records/20/20f9a2550c6cfe27317241b084198183a075042d18c9aa88cb24729d81a202ce.npy
789	789	seq_16e8daa8b02106f24ef908823b86da0777291545f33e8e6910791e758788a465	0	existing_challenge	seq_16e8daa8b02106f24ef908823b86da0777291545f33e8e6910791e758788a465	62	/home/lvfang/ESMC_halophile/R3_existing_challenge_v1_output/esm2/records/75/751b9e2b52bf3244703cf8298089cda78294883254c996c8326cadd9c8e92f4d.npy
790	790	seq_2c67ebc740e4b0f9e0c80247292f20c12c7bcc89f9120b2aad68e70f957d3c4c	0	existing_challenge	seq_2c67ebc740e4b0f9e0c80247292f20c12c7bcc89f9120b2aad68e70f957d3c4c	190	/home/lvfang/ESMC_halophile/R3_existing_challenge_v1_output/esm2/records/2c/2cd071db5705379469b6ab8d377680ed9db64314620a6f95af0538cddc1e486d.npy
791	791	seq_d99b7fe29790a6b5a707c61730deb3ca72c49e94c6a79df82ef226b307e0f0ea	0	existing_challenge	seq_d99b7fe29790a6b5a707c61730deb3ca72c49e94c6a79df82ef226b307e0f0ea	295	/home/lvfang/ESMC_halophile/R3_existing_challenge_v1_output/esm2/records/e7/e7138415ed5e6dd72bc6d788650301c32d88ce34ee4c20ce9af925732de48120.npy
792	792	seq_7a0fddf6f488e9bf4022c61456bff10912e0dda10cc95c3344d771787a3bbd20	0	existing_challenge	seq_7a0fddf6f488e9bf4022c61456bff10912e0dda10cc95c3344d771787a3bbd20	300	/home/lvfang/ESMC_halophile/R3_existing_challenge_v1_output/esm2/records/db/db5296b1ca679ae3c9f3d7b424a0d621cd582f2df379ba606635d3765209429b.npy
793	793	seq_51d172d067bef13d9441a9c491a8f6db10a90bda188510496fdeb26172b48285	0	existing_challenge	seq_51d172d067bef13d9441a9c491a8f6db10a90bda188510496fdeb26172b48285	140	/home/lvfang/ESMC_halophile/R3_existing_challenge_v1_output/esm2/records/dd/dd868db8f96fe7274f3f3a8555b5f0cf8d3eaec8e95cf5fbedeff1bc66b31974.npy
794	794	seq_896477841047e5471e43bd0cdbdae75b41dc5e9254cb8dd30bfdbdfd9071b8a4	0	existing_challenge	seq_896477841047e5471e43bd0cdbdae75b41dc5e9254cb8dd30bfdbdfd9071b8a4	291	/home/lvfang/ESMC_halophile/R3_existing_challenge_v1_output/esm2/records/ca/ca9bf16d271e3c351b059c467a9d0e7b68b3d01e894e7b7edd70ca2c34a69c80.npy
795	795	seq_9a4e6dfc4bc3d15f386673e4f4b6ca6b04877b41319848350f78f95c8b54b095	0	existing_challenge	seq_9a4e6dfc4bc3d15f386673e4f4b6ca6b04877b41319848350f78f95c8b54b095	91	/home/lvfang/ESMC_halophile/R3_existing_challenge_v1_output/esm2/records/cf/cf94a0a8c157ae3ae3754fdf2f87c93105bf7962a10c36e801d0bd26bb37928b.npy
796	796	seq_62b64e5d6190377e49038ee14324e4c4e027f85be0a7de45ff3e9cbc88a5754d	0	existing_challenge	seq_62b64e5d6190377e49038ee14324e4c4e027f85be0a7de45ff3e9cbc88a5754d	335	/home/lvfang/ESMC_halophile/R3_existing_challenge_v1_output/esm2/records/b4/b4a1830c732863c7a990418302dcd207fa8a06700b412dca917961e22b75c6d2.npy
797	797	seq_58cade70d7977db213cdc2f6348b8221a5b99c10858d7b4a78397739dd5485cf	0	existing_challenge	seq_58cade70d7977db213cdc2f6348b8221a5b99c10858d7b4a78397739dd5485cf	77	/home/lvfang/ESMC_halophile/R3_existing_challenge_v1_output/esm2/records/3e/3e09529689790826956c9207fd504f669e86615b2e4f596b50fc73b50c0f8bb6.npy
798	798	seq_82217d9b8c2683b2080c1bf5a837e89b674347ea2bb55ae47c470f9da9ad65e6	0	existing_challenge	seq_82217d9b8c2683b2080c1bf5a837e89b674347ea2bb55ae47c470f9da9ad65e6	209	/home/lvfang/ESMC_halophile/R3_existing_challenge_v1_output/esm2/records/45/450a1bf300208f7d58445c02779d70cf0d035084293b10a97e26a26ca1b1e50a.npy
799	799	seq_937cfd886d52c6621f58f04b17ccd4420d6336dfada54e6d2484da829be08994	0	existing_challenge	seq_937cfd886d52c6621f58f04b17ccd4420d6336dfada54e6d2484da829be08994	478	/home/lvfang/ESMC_halophile/R3_existing_challenge_v1_output/esm2/records/05/05b0ef39f2c645900be485c0478963eedd375d4f2dbc21f999a1f87febab8fa9.npy
800	800	seq_32663e7e4faa8379e439a11436d4798812905d8b64aeb2c9ffada82d1fef23a1	0	existing_challenge	seq_32663e7e4faa8379e439a11436d4798812905d8b64aeb2c9ffada82d1fef23a1	91	/home/lvfang/ESMC_halophile/R3_existing_challenge_v1_output/esm2/records/ab/ab3a2a62a442723ea5b29f4411f9db990b0fa8f607351cb326a03d0e42cd63bb.npy
801	801	seq_1db847cca2f7edefc94070b8f988c9a62d9461008a1249c4d80035385f53dcc2	0	existing_challenge	seq_1db847cca2f7edefc94070b8f988c9a62d9461008a1249c4d80035385f53dcc2	124	/home/lvfang/ESMC_halophile/R3_existing_challenge_v1_output/esm2/records/30/303cade9b3e663af83326c22e79f17f1a2a277a6cc5ca99091990fc562afa575.npy
802	802	seq_6fc30904f954b0a42d316ed75287b70461a7aabc89cb96c8a725ee46ee073573	0	existing_challenge	seq_6fc30904f954b0a42d316ed75287b70461a7aabc89cb96c8a725ee46ee073573	130	/home/lvfang/ESMC_halophile/R3_existing_challenge_v1_output/esm2/records/e6/e684c66832ceb885a7994bd825e6af3cab706c2416e1b385c763b8c596d7cfb4.npy
803	803	seq_1099a7db0bcce0535c1143a9e2ccdd800a17c19f77440750da533824e6353ae1	0	existing_challenge	seq_1099a7db0bcce0535c1143a9e2ccdd800a17c19f77440750da533824e6353ae1	192	/home/lvfang/ESMC_halophile/R3_existing_challenge_v1_output/esm2/records/5b/5bab4a56adecd17c3b8a1b5c82494b35824e45faf3e4f1b20371a8a083250491.npy
804	804	seq_046b398b7ca0442107178d438fbadd457d9e696b2c37c2efb344ea4d66812114	0	existing_challenge	seq_046b398b7ca0442107178d438fbadd457d9e696b2c37c2efb344ea4d66812114	177	/home/lvfang/ESMC_halophile/R3_existing_challenge_v1_output/esm2/records/b9/b9c0ad4f3d870a09f4f3952c429968304968ea3544926e1c0dee6d9cb82c2b65.npy
805	805	seq_b6f812cd144629057179aaeea41f621c83167cb94fd546af983c8d2ac0fa8cd1	0	existing_challenge	seq_b6f812cd144629057179aaeea41f621c83167cb94fd546af983c8d2ac0fa8cd1	241	/home/lvfang/ESMC_halophile/R3_existing_challenge_v1_output/esm2/records/2d/2d29d7b8c643c59371169040110a0ce0b2830bb534bdd5ebc801491d39fcc1e0.npy
806	806	seq_bc4d7f24f059853c2c4309aac6930d0fcc021868af8efdb4c3a829e2a36c8bfc	0	existing_challenge	seq_bc4d7f24f059853c2c4309aac6930d0fcc021868af8efdb4c3a829e2a36c8bfc	448	/home/lvfang/ESMC_halophile/R3_existing_challenge_v1_output/esm2/records/23/23f5e021b91cf4fe2c71724cba61f4bec0ce76737cee0191b561a889e7bab45b.npy
807	807	seq_beac708ca10ade80100954c919d9218bd8abb65dce9f28edfc51254d2adf6332	0	existing_challenge	seq_beac708ca10ade80100954c919d9218bd8abb65dce9f28edfc51254d2adf6332	121	/home/lvfang/ESMC_halophile/R3_existing_challenge_v1_output/esm2/records/72/72316c8fb38d7c0d1e4ad5452e8aa5c4d182dc5ef62cabe50fee7e543d4caa7d.npy
808	808	seq_0490b50f0db1847447e832937dbca0c1c97defd8c5f60c64e1e0b8c826fdeac5	0	existing_challenge	seq_0490b50f0db1847447e832937dbca0c1c97defd8c5f60c64e1e0b8c826fdeac5	244	/home/lvfang/ESMC_halophile/R3_existing_challenge_v1_output/esm2/records/dc/dc219df2c5b36e8ba8483a02cb9108e735bb295bf09031948cc6358a2dd0fd87.npy
809	809	seq_64c6a12336e8cb6b067f140b4b59cfd49cfb956fa9d0dbf98d647edb83315a81	0	existing_challenge	seq_64c6a12336e8cb6b067f140b4b59cfd49cfb956fa9d0dbf98d647edb83315a81	432	/home/lvfang/ESMC_halophile/R3_existing_challenge_v1_output/esm2/records/fa/faa05740a85f6465d0028a80484cd34c91acdd78cb62ade8485e15e1b9de871a.npy
810	810	seq_216944becf93ede5c3999aa3cd41586d2a66eda3f4e1853c09c0956bd97f4ef9	0	existing_challenge	seq_216944becf93ede5c3999aa3cd41586d2a66eda3f4e1853c09c0956bd97f4ef9	316	/home/lvfang/ESMC_halophile/R3_existing_challenge_v1_output/esm2/records/85/856907259b66dbadf7ad8e59091d805bcf22920652d11901ea49be16252fc534.npy
811	811	seq_abf8d4194fe5cf61690c2c6f276b693d5af051671e9e48b8be77fec942815c2e	0	existing_challenge	seq_abf8d4194fe5cf61690c2c6f276b693d5af051671e9e48b8be77fec942815c2e	619	/home/lvfang/ESMC_halophile/R3_existing_challenge_v1_output/esm2/records/cf/cfd19dca2c03c3c4ac71238ef0c9071dedc6d5f3ee6cb9bd07cb0e00b24174e7.npy
812	812	seq_0a84a0b38730bcbffec64a021a62bfea1f0ce0999e3c0a977bae174c791c1458	0	existing_challenge	seq_0a84a0b38730bcbffec64a021a62bfea1f0ce0999e3c0a977bae174c791c1458	221	/home/lvfang/ESMC_halophile/R3_existing_challenge_v1_output/esm2/records/82/82c10f3170eb5bfa1f0fb18f9e38158b1f92c6c936eefece72f7fef837499cc5.npy
813	813	seq_14bfb157bcaa04a298ac5680739b87c13cd1708f4b43de691d3abb40605d2a1b	0	existing_challenge	seq_14bfb157bcaa04a298ac5680739b87c13cd1708f4b43de691d3abb40605d2a1b	269	/home/lvfang/ESMC_halophile/R3_existing_challenge_v1_output/esm2/records/3e/3e05246f9b90af9c68fe8c4e830808992a971354bd99096911fb2451d81e91c9.npy
814	814	seq_31c274784696fe0094ca714a8d89dfc845a7d8ef636a18afa4040029a6a2fded	0	existing_challenge	seq_31c274784696fe0094ca714a8d89dfc845a7d8ef636a18afa4040029a6a2fded	238	/home/lvfang/ESMC_halophile/R3_existing_challenge_v1_output/esm2/records/8b/8b8f22bbec6e3b6492eb7d0c54e9c41c9c3614265db3f118dfbf6e3f4220775a.npy
815	815	seq_dc81012d7a2c4e2e5da2f9497ac8df11319a35ad87a0abd15b2ca3735e6747c5	0	existing_challenge	seq_dc81012d7a2c4e2e5da2f9497ac8df11319a35ad87a0abd15b2ca3735e6747c5	123	/home/lvfang/ESMC_halophile/R3_existing_challenge_v1_output/esm2/records/e2/e2cd36fbf2d321e845958120647f98260fe25db24def7d6d9a2d1f42d6794a68.npy
816	816	seq_aa30ae670ed329cf7b331fb4043758341e373cccaa32f4ef0e8caedaefcecd6c	0	existing_challenge	seq_aa30ae670ed329cf7b331fb4043758341e373cccaa32f4ef0e8caedaefcecd6c	284	/home/lvfang/ESMC_halophile/R3_existing_challenge_v1_output/esm2/records/a2/a22e5d8108c934ae76edd6339b4c81c597de22720f22d169f5e187d45b1f839d.npy
817	817	seq_1eb15d073ff7206aacf74c9536e93af4459dffc9605e03bbba7b35eb57c40253	0	existing_challenge	seq_1eb15d073ff7206aacf74c9536e93af4459dffc9605e03bbba7b35eb57c40253	285	/home/lvfang/ESMC_halophile/R3_existing_challenge_v1_output/esm2/records/d5/d5f0790c55a44bb4f82be0b076702026d9505ca8b85bb01166398865c3909166.npy
818	818	seq_f7e40cb0cbdbbdd3216f367a548a2635de2564facc162313d9a2011026c17ac9	0	existing_challenge	seq_f7e40cb0cbdbbdd3216f367a548a2635de2564facc162313d9a2011026c17ac9	236	/home/lvfang/ESMC_halophile/R3_existing_challenge_v1_output/esm2/records/40/4070443abfc25953e66b483e9a19e0b0e598921dc460934cc4431ceadb822d93.npy
819	819	seq_69abe51458b05d4ed630734cb0b4b3fd5d59ac5a066b9d6d5d9bd10aa716ac11	0	existing_challenge	seq_69abe51458b05d4ed630734cb0b4b3fd5d59ac5a066b9d6d5d9bd10aa716ac11	392	/home/lvfang/ESMC_halophile/R3_existing_challenge_v1_output/esm2/records/b0/b096edf0e2af1cbe29de9ff2a7c77b3a4b0570e2df9b6e2a900cfb5bca49beec.npy
820	820	seq_ab32be068e3c7a9678383c3ad2a4c5c3e9dc493f0865ff15db14917f409b5dd9	0	existing_challenge	seq_ab32be068e3c7a9678383c3ad2a4c5c3e9dc493f0865ff15db14917f409b5dd9	243	/home/lvfang/ESMC_halophile/R3_existing_challenge_v1_output/esm2/records/61/610d8a889fd219abb62adf83a6fdeaa40b8c179a9c0e433c66b7b6cf1e46b320.npy
821	821	seq_17e6c9cb442d940291be8590a8ce527549d3ebf92160a65789cfdb63f1e7da8c	0	existing_challenge	seq_17e6c9cb442d940291be8590a8ce527549d3ebf92160a65789cfdb63f1e7da8c	335	/home/lvfang/ESMC_halophile/R3_existing_challenge_v1_output/esm2/records/1f/1f4fffd8156016414f396ba78abf337e08e7709afa7755237f40828ff49bb3f6.npy
822	822	seq_aa9fdd6a0654b312537c0beb3f428c539f5d59ea503bacf44f06f3fd002241bf	0	existing_challenge	seq_aa9fdd6a0654b312537c0beb3f428c539f5d59ea503bacf44f06f3fd002241bf	400	/home/lvfang/ESMC_halophile/R3_existing_challenge_v1_output/esm2/records/a0/a023d7f78095a4f225287206173202a55a3f995d88afac195e4b962fb7fa54e5.npy
823	823	seq_71dd0daaf88fddf7bc8a1d2feb627b1ded607e49e4374b9776248bbeb49ebc4b	0	existing_challenge	seq_71dd0daaf88fddf7bc8a1d2feb627b1ded607e49e4374b9776248bbeb49ebc4b	13	/home/lvfang/ESMC_halophile/R3_existing_challenge_v1_output/esm2/records/52/52795736d58b050e9e329d068a202c80f89de03b3536d00c4a8a38e6f3a24116.npy
824	824	seq_e14f531c48ee745fde3f94649dda2de249b68406f47cabf39a45288c9f16f245	0	existing_challenge	seq_e14f531c48ee745fde3f94649dda2de249b68406f47cabf39a45288c9f16f245	506	/home/lvfang/ESMC_halophile/R3_existing_challenge_v1_output/esm2/records/5c/5c11f21d0e8f20436db7b8074151dbdb5eac780c553b1d2fe08727477cc535c6.npy
825	825	seq_6526d1403bcab7e6485e927cfbaed4e8022f1b041c1d7cba8f8e0b8c6708788c	0	existing_challenge	seq_6526d1403bcab7e6485e927cfbaed4e8022f1b041c1d7cba8f8e0b8c6708788c	647	/home/lvfang/ESMC_halophile/R3_existing_challenge_v1_output/esm2/records/57/572ab8df13746c292ae88a1a799e59a30c8273ebfa7dfbe98800ec63c25271ff.npy
826	826	seq_1e5f712aae6cb10d78e705dbb1b19b4dfa1e01c0b2e971e86f3918fc98941832	0	existing_challenge	seq_1e5f712aae6cb10d78e705dbb1b19b4dfa1e01c0b2e971e86f3918fc98941832	172	/home/lvfang/ESMC_halophile/R3_existing_challenge_v1_output/esm2/records/7f/7fba9f42a64c0c041c810484b0f5f260fc1c5348ec2d3498da17f298589c35ca.npy
827	827	seq_b56c5f32a3025451e7ceff439afd50e45232d742ecba8a921b812aef1eb44146	0	existing_challenge	seq_b56c5f32a3025451e7ceff439afd50e45232d742ecba8a921b812aef1eb44146	133	/home/lvfang/ESMC_halophile/R3_existing_challenge_v1_output/esm2/records/5c/5cffc9d7c47a5060d78d69324d312fd44aec2046e6e3447be7c7823fdcec18c0.npy
828	828	seq_32c06e3ac3ebc02bb984d76fcadcb6e1745055ab867f3bcd7d9da70c2910b6d9	0	existing_challenge	seq_32c06e3ac3ebc02bb984d76fcadcb6e1745055ab867f3bcd7d9da70c2910b6d9	158	/home/lvfang/ESMC_halophile/R3_existing_challenge_v1_output/esm2/records/66/66370079ee08cc39ba48081ec66a0f43642986acbf316ad843b5766a45861589.npy
829	829	seq_4145cd4ddedc1c4d4ed17cfec82cb26971d2b6dda9a910fc46c90374c95071f3	0	existing_challenge	seq_4145cd4ddedc1c4d4ed17cfec82cb26971d2b6dda9a910fc46c90374c95071f3	387	/home/lvfang/ESMC_halophile/R3_existing_challenge_v1_output/esm2/records/74/7409b7c7c5b51642720881f4e6421076b0ebd154e0c1767fd719fc040c0717b4.npy
830	830	seq_7bb230f6616236292737bbac7611e00d66e024fb04182d9b70fadaea60dcf866	0	existing_challenge	seq_7bb230f6616236292737bbac7611e00d66e024fb04182d9b70fadaea60dcf866	136	/home/lvfang/ESMC_halophile/R3_existing_challenge_v1_output/esm2/records/f7/f79990dad2523a2fbbcca415c5fe9aa534fe5aa735b3a8a046b6537f4b7b9c67.npy
831	831	seq_220d165c4673620da6835c255686ca533f2eb97fbd0e88af4de64114d6ee5aeb	0	existing_challenge	seq_220d165c4673620da6835c255686ca533f2eb97fbd0e88af4de64114d6ee5aeb	340	/home/lvfang/ESMC_halophile/R3_existing_challenge_v1_output/esm2/records/44/4460c2f5fddf79ea6d66b86324b5df128072c1041f5548c356ef5a73b70e5e1d.npy
832	832	seq_3905153800065ed5cbb6348ca9ed11bac66013c505b11fb1c1e323c15d9559a2	0	existing_challenge	seq_3905153800065ed5cbb6348ca9ed11bac66013c505b11fb1c1e323c15d9559a2	191	/home/lvfang/ESMC_halophile/R3_existing_challenge_v1_output/esm2/records/0b/0b9333f6848196f69604cc66da8effa508c8b26a51d517e272c7f3257c7c68b8.npy
833	833	seq_2c2e2af39cfd31c3924c669755fd2a5a78dc019e629c6048acf17c3daff398b7	0	existing_challenge	seq_2c2e2af39cfd31c3924c669755fd2a5a78dc019e629c6048acf17c3daff398b7	167	/home/lvfang/ESMC_halophile/R3_existing_challenge_v1_output/esm2/records/49/497032a1e33165256b26f32dc876c66e09b33ac266f659ff3d9351d19a3894b4.npy
834	834	seq_fbc62bf76874464c409a072c03177f4306ee0522ffddf9295fa6c2e4dfeae0eb	0	existing_challenge	seq_fbc62bf76874464c409a072c03177f4306ee0522ffddf9295fa6c2e4dfeae0eb	120	/home/lvfang/ESMC_halophile/R3_existing_challenge_v1_output/esm2/records/c7/c79ef08cf4a2c4aafde47f48b3d214549351f08aa1226724eefa73faf23c0814.npy
835	835	seq_c1c2ad16fefc600ef87a89ab928f5a0702eb82b0c3c81223cb41f7fe79fa9982	0	existing_challenge	seq_c1c2ad16fefc600ef87a89ab928f5a0702eb82b0c3c81223cb41f7fe79fa9982	852	/home/lvfang/ESMC_halophile/R3_existing_challenge_v1_output/esm2/records/02/029989605f4e7d61f3fd7048a6d521f191ec048cce983893ce31bb8e70f6af0f.npy
836	836	seq_133385568dfad6d6af1a2ce8048b4056105910d3b1c028e23cc11e8e5cdac94c	0	existing_challenge	seq_133385568dfad6d6af1a2ce8048b4056105910d3b1c028e23cc11e8e5cdac94c	350	/home/lvfang/ESMC_halophile/R3_existing_challenge_v1_output/esm2/records/eb/eb799f376c03db626abf7d801667b348500ae61578a6f71e733dc56aba3b8c87.npy
837	837	seq_bef102ed731988c56109b50195551c34bf2d2e62c5157d8f2228bf452cb7bb3e	0	existing_challenge	seq_bef102ed731988c56109b50195551c34bf2d2e62c5157d8f2228bf452cb7bb3e	249	/home/lvfang/ESMC_halophile/R3_existing_challenge_v1_output/esm2/records/d8/d84395c526b2476304cd44cc713c4fc21e09c1fd659342b29822d079e1ec9f0c.npy
838	838	seq_4e3c2a5690796c7cdbafe57f556a213ff604e4df77c2e205cf95c34c7a636b77	0	existing_challenge	seq_4e3c2a5690796c7cdbafe57f556a213ff604e4df77c2e205cf95c34c7a636b77	332	/home/lvfang/ESMC_halophile/R3_existing_challenge_v1_output/esm2/records/6a/6afb4f1699001120a1c4278e5326de434a3d2fe008c4a94d822f426da84c1d61.npy
839	839	seq_ce34dc3e867d250a8c7f06e6ea4b9be699f990e01855fdbb16d829b4bd94fe78	0	existing_challenge	seq_ce34dc3e867d250a8c7f06e6ea4b9be699f990e01855fdbb16d829b4bd94fe78	294	/home/lvfang/ESMC_halophile/R3_existing_challenge_v1_output/esm2/records/dc/dc53db9f855f23191ebfe8fd56c886ce957d6ec6784f28efb7f987709360a562.npy
840	840	seq_ec65937cd550b51b99aa71501c097a4906e513cae4d20596cb1f62a943a7b3aa	0	existing_challenge	seq_ec65937cd550b51b99aa71501c097a4906e513cae4d20596cb1f62a943a7b3aa	339	/home/lvfang/ESMC_halophile/R3_existing_challenge_v1_output/esm2/records/6c/6c2dd22e35d53e5188cffb5e98bc220c760c268d72c27e047c5cc00e7a898106.npy
841	841	seq_89141c5a7e2785757397bba88acf71445ebc15d408173fb4f52be5f68b93b086	0	existing_challenge	seq_89141c5a7e2785757397bba88acf71445ebc15d408173fb4f52be5f68b93b086	557	/home/lvfang/ESMC_halophile/R3_existing_challenge_v1_output/esm2/records/26/266bef098080ceedb47c814190b20dba5715fd7eaaf6ba83ca29ea1549d0ac93.npy
842	842	seq_e7f46b3d73fb1c472677c589f8e4b2bb83f9db141fa652db66f04d23aac6c7cc	0	existing_challenge	seq_e7f46b3d73fb1c472677c589f8e4b2bb83f9db141fa652db66f04d23aac6c7cc	417	/home/lvfang/ESMC_halophile/R3_existing_challenge_v1_output/esm2/records/a0/a0e728a400586fd29d2560490f1c0f498a3e7475a299f232c2579af3f924438e.npy
843	843	seq_7b6d31a784c1d1b335737ae1b2f84489b70e3af6904bcc64a4e092ec95e6afec	0	existing_challenge	seq_7b6d31a784c1d1b335737ae1b2f84489b70e3af6904bcc64a4e092ec95e6afec	237	/home/lvfang/ESMC_halophile/R3_existing_challenge_v1_output/esm2/records/f4/f42caa240e809d84b9e6e7620da45b9387d44788212b842483f861aa14ff733e.npy
844	844	seq_f2654a728f282d10a23ca57b02a79e7e81db81fdb170ae545c56260a2bf0a02c	0	existing_challenge	seq_f2654a728f282d10a23ca57b02a79e7e81db81fdb170ae545c56260a2bf0a02c	255	/home/lvfang/ESMC_halophile/R3_existing_challenge_v1_output/esm2/records/6e/6eb01735f0b53ad1dec5f15ec41139dbbd8b71bafb5d7833ec6fa384472a96e4.npy
845	845	seq_72b19b1d656ccb2c7c02eef5f94e8eb163c0e96a0c319b61189777d643983405	0	existing_challenge	seq_72b19b1d656ccb2c7c02eef5f94e8eb163c0e96a0c319b61189777d643983405	88	/home/lvfang/ESMC_halophile/R3_existing_challenge_v1_output/esm2/records/dc/dc9429f81a2b19bbddd0e62c3c5c8751d7aef7dd04bf4ed6bcb794a91a1af8fe.npy
846	846	seq_879a3c4f3021c1dddbce531dd950ae67786b5606d70dde42022b80bb8a262383	0	existing_challenge	seq_879a3c4f3021c1dddbce531dd950ae67786b5606d70dde42022b80bb8a262383	114	/home/lvfang/ESMC_halophile/R3_existing_challenge_v1_output/esm2/records/81/8169ade8c4931cadfe24df5a0ebd5b9a4b474ff50c6d5119bde39a3034ae38b0.npy
847	847	seq_d94712560087d4370433ba15905ea6dcd52f7680d8d6f416f9977d507bb62fc5	0	existing_challenge	seq_d94712560087d4370433ba15905ea6dcd52f7680d8d6f416f9977d507bb62fc5	497	/home/lvfang/ESMC_halophile/R3_existing_challenge_v1_output/esm2/records/73/7326d47e8ab7a8d99dfe7b670c61eac0d0d54afa95009246c7f0e9ff8b6b4593.npy
848	848	seq_6aa7a68dfda0c1dece0e5585d527394560092ee7507f79f3337e0a8df54d4689	0	existing_challenge	seq_6aa7a68dfda0c1dece0e5585d527394560092ee7507f79f3337e0a8df54d4689	1394	/home/lvfang/ESMC_halophile/R3_existing_challenge_v1_output/esm2/records/e8/e8f6c6dc42d48d8818f9e894ff5aca298e2207e3ab3c3cc46fbba0f376301aa9.npy
849	849	seq_07fbe20adbd3599b52e5ea1fc540e82cbb6ac1a950cc0fffe243c6d0fc628623	0	existing_challenge	seq_07fbe20adbd3599b52e5ea1fc540e82cbb6ac1a950cc0fffe243c6d0fc628623	98	/home/lvfang/ESMC_halophile/R3_existing_challenge_v1_output/esm2/records/a1/a1b8723e4bca73512d81138e87164e7c6480a2386f59e4348f17aa53e3ef03eb.npy
850	850	seq_2f7f100d1d00dd7d18554b2edf839513ab2c963881fc9038b8d9d13dbc18361f	0	existing_challenge	seq_2f7f100d1d00dd7d18554b2edf839513ab2c963881fc9038b8d9d13dbc18361f	430	/home/lvfang/ESMC_halophile/R3_existing_challenge_v1_output/esm2/records/a9/a9ff1906c23b2031fdadd745e56bc49e3aba911ed2f847330bcf672d54750107.npy
851	851	seq_fc75c70a0939408b9beac82bb33877ec82b590d7fa21c526314ac7e226c048f2	0	existing_challenge	seq_fc75c70a0939408b9beac82bb33877ec82b590d7fa21c526314ac7e226c048f2	33	/home/lvfang/ESMC_halophile/R3_existing_challenge_v1_output/esm2/records/47/472fb1e7126d4d5e612e9ff2b71cab7df50fe29b02bbdc9ff64630929946316e.npy
852	852	seq_f34b44258681b73a30623cf38587b261136e46e05dfcf3c55809625b01d1b368	0	existing_challenge	seq_f34b44258681b73a30623cf38587b261136e46e05dfcf3c55809625b01d1b368	339	/home/lvfang/ESMC_halophile/R3_existing_challenge_v1_output/esm2/records/4d/4d6dd64590187232ed59ea1c1ffa524d231cd27bb9611c21c172c2041fff0abf.npy
853	853	seq_2675580cab2c4d550b9e8dc15a5a2c00ce993f3c3f4c9e8b2206cf681911681f	0	existing_challenge	seq_2675580cab2c4d550b9e8dc15a5a2c00ce993f3c3f4c9e8b2206cf681911681f	104	/home/lvfang/ESMC_halophile/R3_existing_challenge_v1_output/esm2/records/ac/ac9dfe47bc6bff04a2d712fc0225763f4646e644248bc929e49a5ca9194bf506.npy
854	854	seq_ce912f7f539be8742ee85051d511d4dbc2874cdbeb7f8aa7deac971cf8f3ab26	0	existing_challenge	seq_ce912f7f539be8742ee85051d511d4dbc2874cdbeb7f8aa7deac971cf8f3ab26	585	/home/lvfang/ESMC_halophile/R3_existing_challenge_v1_output/esm2/records/77/771d5894782718540c51a73fb0a2533e82e6b81aefaee119d3126937e7d05944.npy
855	855	seq_857cb9819a2daaab345ce8a08be6021bcd85a7c79ee2ee7e20e1d73310085082	0	existing_challenge	seq_857cb9819a2daaab345ce8a08be6021bcd85a7c79ee2ee7e20e1d73310085082	178	/home/lvfang/ESMC_halophile/R3_existing_challenge_v1_output/esm2/records/16/16f3d478dc5672cf25d4538f50e987977affbfae121fe7bffc28a4e4068a9a57.npy
856	856	seq_3cb625942cc0f8094f33cdfc41cb0f23779964ace543c96a1d3598cd2597cf27	0	existing_challenge	seq_3cb625942cc0f8094f33cdfc41cb0f23779964ace543c96a1d3598cd2597cf27	449	/home/lvfang/ESMC_halophile/R3_existing_challenge_v1_output/esm2/records/1a/1ad449e95e8d35bd0d247ff5254a6ca67cc2ed8f7b5e5fd68b170660bf557e05.npy
857	857	seq_9b676def06ca725dbbafc98dd6c0e75225a198716665175f23381f5a3a80e4f9	0	existing_challenge	seq_9b676def06ca725dbbafc98dd6c0e75225a198716665175f23381f5a3a80e4f9	104	/home/lvfang/ESMC_halophile/R3_existing_challenge_v1_output/esm2/records/39/3981ae48f52821cc4b54283ea6bc054f0fecfe9f017ff6a6af73667390c604c3.npy
858	858	seq_9443c91dc40d2a5a14f476a55280fe818eb97bcd98cb9f2ff75bf48fb130bc1b	0	existing_challenge	seq_9443c91dc40d2a5a14f476a55280fe818eb97bcd98cb9f2ff75bf48fb130bc1b	596	/home/lvfang/ESMC_halophile/R3_existing_challenge_v1_output/esm2/records/77/77d72422e9b9444d94a8d228ad3e2efd48ba1aaac13dd38a64e69f383c5b5444.npy
859	859	seq_cb1aa052650fbb201454813d179fe4e559449fe43d6cdb49cc9fa14cb7be44ca	0	existing_challenge	seq_cb1aa052650fbb201454813d179fe4e559449fe43d6cdb49cc9fa14cb7be44ca	110	/home/lvfang/ESMC_halophile/R3_existing_challenge_v1_output/esm2/records/13/13c1bd8339ea004d7f0579e051f04d4f6145a5aead18da857440e2169f5c9757.npy
860	860	seq_5e30246443bcb1116ca2dcb0461e04e6ce1c3d6b959b14b86475dcbd05ceecbb	0	existing_challenge	seq_5e30246443bcb1116ca2dcb0461e04e6ce1c3d6b959b14b86475dcbd05ceecbb	458	/home/lvfang/ESMC_halophile/R3_existing_challenge_v1_output/esm2/records/cb/cb53c295ebb7fccde372429c7eb1922d56acf992415c4cda9507f1240bc6eefe.npy
861	861	seq_f1aebf991f664c0afc4089e827ce74e735e4b3e1d1874ec647e31ddfdd0ce5ea	0	existing_challenge	seq_f1aebf991f664c0afc4089e827ce74e735e4b3e1d1874ec647e31ddfdd0ce5ea	107	/home/lvfang/ESMC_halophile/R3_existing_challenge_v1_output/esm2/records/d5/d54d2a0371c7abad5b39dbab681608424895964afbf38099569007158e531cb6.npy
862	862	seq_16471898303e806da37cc09ec9d79c45731eedc3ea6c9487a65581b81a390d59	0	existing_challenge	seq_16471898303e806da37cc09ec9d79c45731eedc3ea6c9487a65581b81a390d59	467	/home/lvfang/ESMC_halophile/R3_existing_challenge_v1_output/esm2/records/52/52404003a04c66514ae8ea4c74e65ce7c218b733573d66ba97540621cfcde8ed.npy
863	863	seq_21ccbe96ed3cc90afe9ac923059b1c5408563c4f6f9bf8a94e11a9473a1c5aeb	0	existing_challenge	seq_21ccbe96ed3cc90afe9ac923059b1c5408563c4f6f9bf8a94e11a9473a1c5aeb	423	/home/lvfang/ESMC_halophile/R3_existing_challenge_v1_output/esm2/records/92/926738c90732fecb6b9a80ea9559585b55d238b5cfb2c0e15989309c4dff70e6.npy
864	864	seq_adff765bd232e58c41b8318fe658ed0e54bdeb18576df78da4967379e34632ec	0	existing_challenge	seq_adff765bd232e58c41b8318fe658ed0e54bdeb18576df78da4967379e34632ec	109	/home/lvfang/ESMC_halophile/R3_existing_challenge_v1_output/esm2/records/01/01856ebafedeec3e4a08fac88ab8428eebf1ede49e22946ab205eedd65673f71.npy
865	865	seq_3ecadf02591af90e949dd3865c106ffea39aaf9d2d503fe8c13df148b8e4a5ee	0	existing_challenge	seq_3ecadf02591af90e949dd3865c106ffea39aaf9d2d503fe8c13df148b8e4a5ee	700	/home/lvfang/ESMC_halophile/R3_existing_challenge_v1_output/esm2/records/6a/6aef0ced342db2cb109cc34fc15f0cc7ccf30d869bce0856899b4405250f3e63.npy
866	866	seq_180e54f6dc8cfa85e691e47cabc5f34ecf1ab54829d02572c78405914bc439f5	0	existing_challenge	seq_180e54f6dc8cfa85e691e47cabc5f34ecf1ab54829d02572c78405914bc439f5	213	/home/lvfang/ESMC_halophile/R3_existing_challenge_v1_output/esm2/records/0d/0de752995de61e9a6fcc639bdf2ad3b2bb54fabbe7161dfae41153d27c9cf4f7.npy
867	867	seq_f5009ba81eddc7f7c305488abf1d444b46dd9ccb8afcb97b61f68afd18939458	0	existing_challenge	seq_f5009ba81eddc7f7c305488abf1d444b46dd9ccb8afcb97b61f68afd18939458	439	/home/lvfang/ESMC_halophile/R3_existing_challenge_v1_output/esm2/records/a9/a941e0a382c576953ac5b0fa2739786a7c26cd8380bde1f7917de22afa096663.npy
868	868	seq_1bd6e6f155bdb968f603ffeaf647fa1f6d45bae8315cc80c774d50dc2dfb812a	0	existing_challenge	seq_1bd6e6f155bdb968f603ffeaf647fa1f6d45bae8315cc80c774d50dc2dfb812a	328	/home/lvfang/ESMC_halophile/R3_existing_challenge_v1_output/esm2/records/b7/b70a5016fccc5ff830bea15d63584238b728f43c6bd928d1ed4c247ec00b9cba.npy
869	869	seq_e676370a134c7e72a833354cd6cc7bf75dfadd2b936f5a29de8d48fb8caa038d	0	existing_challenge	seq_e676370a134c7e72a833354cd6cc7bf75dfadd2b936f5a29de8d48fb8caa038d	200	/home/lvfang/ESMC_halophile/R3_existing_challenge_v1_output/esm2/records/9b/9b4c3603b27547d8b44b052418b09c06cee3a30c4b7dae30f8a906b1ece6f681.npy
870	870	seq_a9b1250464a069d8b60a555d08270c761d3f6f21d9d180b46d428296dc098a42	0	existing_challenge	seq_a9b1250464a069d8b60a555d08270c761d3f6f21d9d180b46d428296dc098a42	116	/home/lvfang/ESMC_halophile/R3_existing_challenge_v1_output/esm2/records/8c/8ca0c0f7b7dc73332cb1edaa3283c28340bbec98e1b359d7ff3950c8c537c20b.npy
871	871	seq_e7ad61b3cb1a8893d5b9643c77a8bbdeb09bb9f5039dc86ed719eae09b02442c	0	existing_challenge	seq_e7ad61b3cb1a8893d5b9643c77a8bbdeb09bb9f5039dc86ed719eae09b02442c	796	/home/lvfang/ESMC_halophile/R3_existing_challenge_v1_output/esm2/records/8b/8bf4eb6e4973d7babe80822d9ce3e204f57a9ebdaccd2f6fe7ca5dfa9d6a1539.npy
872	872	seq_21b5bf3dfce48acc35d11a907a4ca636e0d3fd53c1b9d2dea66c28a6bfed12d1	0	existing_challenge	seq_21b5bf3dfce48acc35d11a907a4ca636e0d3fd53c1b9d2dea66c28a6bfed12d1	1285	/home/lvfang/ESMC_halophile/R3_existing_challenge_v1_output/esm2/records/e5/e581d5592744a332663c971a2ec6f00c515f23fe30143bdc5f2b061163a51d8b.npy
873	873	seq_a9d6176bd59a627042ab88e388697c9591fb3aaf12926ac51ffd85f5dc2cd577	0	existing_challenge	seq_a9d6176bd59a627042ab88e388697c9591fb3aaf12926ac51ffd85f5dc2cd577	320	/home/lvfang/ESMC_halophile/R3_existing_challenge_v1_output/esm2/records/7b/7bf0fd86da962ed07b367790407448005879c4e1ab844b693a1b7d7b6fb9306f.npy
874	874	seq_9a829c82a2705d916e27bc3f46e54a756ea248cf6e2ebf40792adefe1ed155c6	0	existing_challenge	seq_9a829c82a2705d916e27bc3f46e54a756ea248cf6e2ebf40792adefe1ed155c6	138	/home/lvfang/ESMC_halophile/R3_existing_challenge_v1_output/esm2/records/dc/dcd4a30024185beaab3b135e79d0bfcb61c7dd15ce3411bdeff81af2eacb41f3.npy
875	875	seq_c2008eb2f2efc1e1d27fea19afe69f4ca52d5203520e3f09bb94d141f01b254e	0	existing_challenge	seq_c2008eb2f2efc1e1d27fea19afe69f4ca52d5203520e3f09bb94d141f01b254e	540	/home/lvfang/ESMC_halophile/R3_existing_challenge_v1_output/esm2/records/6d/6d5e5d2bab06fcf5adfcd9a078c9b9907bbdd1884df0142e698afa5fbcf6dc8b.npy
876	876	seq_139460ea0081def131d7f00cdf59f5c77ec7fac7672d17740a80130994b1b675	0	existing_challenge	seq_139460ea0081def131d7f00cdf59f5c77ec7fac7672d17740a80130994b1b675	70	/home/lvfang/ESMC_halophile/R3_existing_challenge_v1_output/esm2/records/aa/aab649e68485f84c4f3882c0739c2bf53ef4c16b2977d3cde39aa76585d92862.npy
877	877	seq_18f25381bb1a1b47e73a18917e45d7037b09a4eccd6ae51312ec87840cd201e9	0	existing_challenge	seq_18f25381bb1a1b47e73a18917e45d7037b09a4eccd6ae51312ec87840cd201e9	389	/home/lvfang/ESMC_halophile/R3_existing_challenge_v1_output/esm2/records/92/921ea17f9e206ec491c7cea34914cfaf2d4c49a89341a01caf9ad26634b5ec9c.npy
878	878	seq_a0d953acf6d72b396f2ae3563707f3f5a6983b3bdfa6c06a7e4e92b15a7ad273	0	existing_challenge	seq_a0d953acf6d72b396f2ae3563707f3f5a6983b3bdfa6c06a7e4e92b15a7ad273	408	/home/lvfang/ESMC_halophile/R3_existing_challenge_v1_output/esm2/records/1e/1ec23dbea0f7952faf89cb5c9ceb9ebd333e2fbe04502f885daaf30bc5a24b07.npy
879	879	seq_86bb6c929e4510f4b9691f91c5e191b8fb0f496f9e17cee07ddef0dfd3412b0d	0	existing_challenge	seq_86bb6c929e4510f4b9691f91c5e191b8fb0f496f9e17cee07ddef0dfd3412b0d	172	/home/lvfang/ESMC_halophile/R3_existing_challenge_v1_output/esm2/records/bb/bb03a1adbbfaa8895b370ba6cca7f5447b2fc00d72d42658be22df7bcb922524.npy
880	880	seq_269cbb7f01c8e1fb364d3d5280c2309b97b8b157460b41cf08b108e2303a0f3b	0	existing_challenge	seq_269cbb7f01c8e1fb364d3d5280c2309b97b8b157460b41cf08b108e2303a0f3b	480	/home/lvfang/ESMC_halophile/R3_existing_challenge_v1_output/esm2/records/20/20932c0ea69e7bb17c4e3964b8df04dcba1cc76da2c9144c79513b6e28b6ae2d.npy
881	881	seq_bd703aadaeaa84ced7d58ba6148dd3f5d545c0da1cd10fbcc1c447bcc288ebc5	0	existing_challenge	seq_bd703aadaeaa84ced7d58ba6148dd3f5d545c0da1cd10fbcc1c447bcc288ebc5	148	/home/lvfang/ESMC_halophile/R3_existing_challenge_v1_output/esm2/records/55/55432a211cf0a9908499e38708f94d2eb169d40d5059499de4b752a3eedfdec5.npy
882	882	seq_db8137f4c446aa6b939c3f52723eb7d15e1c64842d2a222af7ecaa2cc10ef2df	0	existing_challenge	seq_db8137f4c446aa6b939c3f52723eb7d15e1c64842d2a222af7ecaa2cc10ef2df	208	/home/lvfang/ESMC_halophile/R3_existing_challenge_v1_output/esm2/records/ee/ee96baf45761f895c69fcb01ff424093d7af39a256aa53294c5f0c2430256fb9.npy
883	883	seq_3019950b5659226c712f14f714f18430aa9ca0fde633c74d549a9802090c26a1	0	existing_challenge	seq_3019950b5659226c712f14f714f18430aa9ca0fde633c74d549a9802090c26a1	128	/home/lvfang/ESMC_halophile/R3_existing_challenge_v1_output/esm2/records/e6/e6b45e0c12698a5789f4e61290bd565070c7f9a95f68e2572348767f1256c24f.npy
884	884	seq_36cc278935a58438f399046efe952e9de7ee78e290f54318c4d24d70a67456a6	0	existing_challenge	seq_36cc278935a58438f399046efe952e9de7ee78e290f54318c4d24d70a67456a6	143	/home/lvfang/ESMC_halophile/R3_existing_challenge_v1_output/esm2/records/18/1875de028a6bfd889049f960e8118af2392faecb6922e1664ac2e768cd255c62.npy
885	885	seq_b17ebbfcb29c25a8771cb3c0c120828a7eb8f3c30eeb0b0789e8ee95f52e52d0	0	existing_challenge	seq_b17ebbfcb29c25a8771cb3c0c120828a7eb8f3c30eeb0b0789e8ee95f52e52d0	326	/home/lvfang/ESMC_halophile/R3_existing_challenge_v1_output/esm2/records/cd/cdc44b7392666386bbbfa6214ecc3a291e8de11d154e4a0b922d63fd74625102.npy
886	886	seq_4345fd13d517f3facf48203fef394ec0415d8a003e805e2a2114b64595bdb01a	0	existing_challenge	seq_4345fd13d517f3facf48203fef394ec0415d8a003e805e2a2114b64595bdb01a	471	/home/lvfang/ESMC_halophile/R3_existing_challenge_v1_output/esm2/records/73/73b3a73f5063bdd370fcff2b046368c921e711d9bf557d9ee7a1627361530ab2.npy
887	887	seq_27f1298b61e008121714453f1d9d1b081451a135122af159163076d01a6d110a	0	existing_challenge	seq_27f1298b61e008121714453f1d9d1b081451a135122af159163076d01a6d110a	316	/home/lvfang/ESMC_halophile/R3_existing_challenge_v1_output/esm2/records/3c/3c707e2b6f2aa09320823f330d82953716e332e20afab3378020b0f7ba52b9f1.npy
888	888	seq_7666235b0aece7d018e9a5c3bef45b24ffd03799ea9c4b94462e1a901c6d0f77	0	existing_challenge	seq_7666235b0aece7d018e9a5c3bef45b24ffd03799ea9c4b94462e1a901c6d0f77	596	/home/lvfang/ESMC_halophile/R3_existing_challenge_v1_output/esm2/records/12/123a3e57971d4990813018365c68d964afe150b4492af8499b129ef583de3201.npy
889	889	seq_152548bbe3ad1ad798723a085f1ed61c3fcc49a9b71c55d2ffe6a14777865ed1	0	existing_challenge	seq_152548bbe3ad1ad798723a085f1ed61c3fcc49a9b71c55d2ffe6a14777865ed1	212	/home/lvfang/ESMC_halophile/R3_existing_challenge_v1_output/esm2/records/9f/9ff35657926c1f9815e88bd61a1c50a41eac976d77c30b8ff500a588fecccdd6.npy
890	890	seq_9a8ea17498e68f60608ac52f12fd8e9f77a849e100d5f852e5e2c5a3520d960b	0	existing_challenge	seq_9a8ea17498e68f60608ac52f12fd8e9f77a849e100d5f852e5e2c5a3520d960b	242	/home/lvfang/ESMC_halophile/R3_existing_challenge_v1_output/esm2/records/69/69f606c438bb7d6e3c65b341cd16986c2316df8faac6dcb81e335eaa3aa2c9fa.npy
891	891	seq_36751b1352965602168871642769a2d967e92335b57690c3eda6641d11022fde	0	existing_challenge	seq_36751b1352965602168871642769a2d967e92335b57690c3eda6641d11022fde	151	/home/lvfang/ESMC_halophile/R3_existing_challenge_v1_output/esm2/records/e2/e20a3ceecbc7c4758371604ea081f41783b72bfd2206144372012cbbb4bf87d4.npy
892	892	seq_337726e376aee6da809d073156097b057f38f9c4c220827ed36d6f6ca9befa54	0	existing_challenge	seq_337726e376aee6da809d073156097b057f38f9c4c220827ed36d6f6ca9befa54	475	/home/lvfang/ESMC_halophile/R3_existing_challenge_v1_output/esm2/records/ef/efabbf463862e3c8f48647cc18300bc6061f3cefb226091ad99185706990ff5f.npy
893	893	seq_a1bd1fc3313391c557ea4dacf2f85dee5193e269c931a22d7458c153bca010f4	0	existing_challenge	seq_a1bd1fc3313391c557ea4dacf2f85dee5193e269c931a22d7458c153bca010f4	904	/home/lvfang/ESMC_halophile/R3_existing_challenge_v1_output/esm2/records/70/70f1cf8833e28132ce5d0e10c99a8c290ec8873018782b68fd384b18cbfec888.npy
894	894	seq_a59924296b770ae69a769c335763a4e2d98549a66c799feb160b22bd08e1248c	0	existing_challenge	seq_a59924296b770ae69a769c335763a4e2d98549a66c799feb160b22bd08e1248c	260	/home/lvfang/ESMC_halophile/R3_existing_challenge_v1_output/esm2/records/5e/5e26e34a6ff1c35ba7b4c45b82add0379dd990b4478b3adef8063e03f3e16354.npy
895	895	seq_1fb48b2f1efbd88e44021f191886121c770a8e01d68ea1f3b14e3285564a598a	0	existing_challenge	seq_1fb48b2f1efbd88e44021f191886121c770a8e01d68ea1f3b14e3285564a598a	453	/home/lvfang/ESMC_halophile/R3_existing_challenge_v1_output/esm2/records/e3/e3022c60ac1b58d1ba2a4fcc20baaeb4a56694d6999a666db5e6175fed0ae8e1.npy
896	896	seq_2806db83bc53394eb49118d27ffc91b9cb67ac28c824d85929d86e58c24b80c3	0	existing_challenge	seq_2806db83bc53394eb49118d27ffc91b9cb67ac28c824d85929d86e58c24b80c3	665	/home/lvfang/ESMC_halophile/R3_existing_challenge_v1_output/esm2/records/ac/ac80196f8cdb76ea613701c6363f87224030da43f996bde1e518afee10c3cfdb.npy
897	897	seq_66d6a93b765419ddb831fc7811b203b6f758727fb6af8fc1cc3a8622f0b3c346	0	existing_challenge	seq_66d6a93b765419ddb831fc7811b203b6f758727fb6af8fc1cc3a8622f0b3c346	75	/home/lvfang/ESMC_halophile/R3_existing_challenge_v1_output/esm2/records/67/6730be1646f9f1b51938a39952333d280ca81838db96597fa13c0767ea8e1f25.npy
898	898	seq_5d8a7a6213b489c178a14a246b1342ab74c0289be27a25471270cac1c7daa21f	0	existing_challenge	seq_5d8a7a6213b489c178a14a246b1342ab74c0289be27a25471270cac1c7daa21f	449	/home/lvfang/ESMC_halophile/R3_existing_challenge_v1_output/esm2/records/e0/e0d09b3b9ddb8ee78aae2c03af2d43dd94f25127f3b5c32ab6e2e0851eb13626.npy
899	899	seq_67b9b33dca8fd9357d39c701b17d19f2dc311b4c08fdae1ae588eab2fb3bad56	0	existing_challenge	seq_67b9b33dca8fd9357d39c701b17d19f2dc311b4c08fdae1ae588eab2fb3bad56	66	/home/lvfang/ESMC_halophile/R3_existing_challenge_v1_output/esm2/records/50/5024bfc54b5b55f8be365fd75a3de6e92878d6e784d682677b9d27fb4c8106e0.npy
900	900	seq_749e7cb6bea190a64c3a8ed674e5f2bc8c74e54391fdaa5e8dc2cc1c811b250d	0	existing_challenge	seq_749e7cb6bea190a64c3a8ed674e5f2bc8c74e54391fdaa5e8dc2cc1c811b250d	90	/home/lvfang/ESMC_halophile/R3_existing_challenge_v1_output/esm2/records/03/03cb69b2c13533e5f5aae26a52c63eab12dfa7e4a4a83cb320262823095f79ad.npy
901	901	seq_04583674492007f49afd746d8e2c744ad284dc5fc94d3978c0e145c82ee4a802	0	existing_challenge	seq_04583674492007f49afd746d8e2c744ad284dc5fc94d3978c0e145c82ee4a802	204	/home/lvfang/ESMC_halophile/R3_existing_challenge_v1_output/esm2/records/c2/c2eaa031fd63d99185d9e96def872b34e27d0d4bfe8ba4b1c53ab471423a9c0d.npy
902	902	seq_1fcb7fde962bdd958df1545a1086b734c48e063554ee2f3fff381d5c9d3a21e7	0	existing_challenge	seq_1fcb7fde962bdd958df1545a1086b734c48e063554ee2f3fff381d5c9d3a21e7	180	/home/lvfang/ESMC_halophile/R3_existing_challenge_v1_output/esm2/records/0d/0d6bfbec939f36b900e50a30f5b043d0551c54e8778f1b9ba34a6b3a208824e6.npy
903	903	seq_646843e12fb86542d623811ef62905602fe49a28b46efc580a1e465b0149e34a	0	existing_challenge	seq_646843e12fb86542d623811ef62905602fe49a28b46efc580a1e465b0149e34a	268	/home/lvfang/ESMC_halophile/R3_existing_challenge_v1_output/esm2/records/45/45ee949c37f86e929e540926e286840e85349ef4d8158f489d1fa00864131c38.npy
904	904	seq_b14a3532d287755b87799363fda77253842cde5bda56cf92e349b7d2d8c24d73	0	existing_challenge	seq_b14a3532d287755b87799363fda77253842cde5bda56cf92e349b7d2d8c24d73	197	/home/lvfang/ESMC_halophile/R3_existing_challenge_v1_output/esm2/records/29/29474b9217d8f0e79807ef255856cb776b688b8da46088cce4c4d015f2a427ca.npy
905	905	seq_86ff02fdc4f83dafc2f2ea2dbbbbf04e95fc87e83045c8c3bc534d5e7a840fd3	0	existing_challenge	seq_86ff02fdc4f83dafc2f2ea2dbbbbf04e95fc87e83045c8c3bc534d5e7a840fd3	238	/home/lvfang/ESMC_halophile/R3_existing_challenge_v1_output/esm2/records/99/9945f97b22b42ab46f4b194feb8e38a9b8d4c8d78a2100969c52504294040c72.npy
906	906	seq_4ded69aca1fbedfdc50dd35bd7ee0b5a05ea3cc827d21c32463b1e3a3d5a698d	0	existing_challenge	seq_4ded69aca1fbedfdc50dd35bd7ee0b5a05ea3cc827d21c32463b1e3a3d5a698d	305	/home/lvfang/ESMC_halophile/R3_existing_challenge_v1_output/esm2/records/c9/c94e0e30aa53e47f6b4d96dd6b1a46a36b6bd2231a36ec7005ff24b506b0ca87.npy
907	907	seq_0a55aeee976ca9cc8983b7f9d74b8f8d7065e0783f3e415ea21e468f20e24c27	0	existing_challenge	seq_0a55aeee976ca9cc8983b7f9d74b8f8d7065e0783f3e415ea21e468f20e24c27	269	/home/lvfang/ESMC_halophile/R3_existing_challenge_v1_output/esm2/records/88/88430205a8eeab7fb2b684c3030473986752415763a647e7a878e532fa8bc6ce.npy
908	908	seq_bbb2d72f7ef0c09b8065c33583065b0b21fbe52078484b2becac16e09389842c	0	existing_challenge	seq_bbb2d72f7ef0c09b8065c33583065b0b21fbe52078484b2becac16e09389842c	109	/home/lvfang/ESMC_halophile/R3_existing_challenge_v1_output/esm2/records/14/14ec04a6a7d5d33230459ff2f454c8db852a46abc11d925946a983e7910f5b2c.npy
909	909	seq_1b183af3ff39fa77a11edb3036a2635456c246a16332edd4ac5f83a9b8cfe283	0	existing_challenge	seq_1b183af3ff39fa77a11edb3036a2635456c246a16332edd4ac5f83a9b8cfe283	340	/home/lvfang/ESMC_halophile/R3_existing_challenge_v1_output/esm2/records/89/891995f333ec2837f40e89bcf34264dedd231a0be962bbafc1e8926eee766675.npy
910	910	seq_1ffc70196f235a94eb25053e9a99c92ec3ea369979739a9957ab8ec1dfb43a39	0	existing_challenge	seq_1ffc70196f235a94eb25053e9a99c92ec3ea369979739a9957ab8ec1dfb43a39	486	/home/lvfang/ESMC_halophile/R3_existing_challenge_v1_output/esm2/records/bd/bdb0bfbe0095b71e20856b7249062a56a2ad080d9e17ffaa0a607394b79971a3.npy
911	911	seq_8b8fa9cde919951a402a8d161730c45fc0732ba2039ce7405b947eca855a6a8a	0	existing_challenge	seq_8b8fa9cde919951a402a8d161730c45fc0732ba2039ce7405b947eca855a6a8a	136	/home/lvfang/ESMC_halophile/R3_existing_challenge_v1_output/esm2/records/9a/9ade33a88c6f97cb50472429de90bb927387df8fb6bba0b00f19e4b723849d08.npy
912	912	seq_f9641260a2fa0a097c599ad836fb0cd65158145860aaac375ac0eb83ee787fb4	0	existing_challenge	seq_f9641260a2fa0a097c599ad836fb0cd65158145860aaac375ac0eb83ee787fb4	1319	/home/lvfang/ESMC_halophile/R3_existing_challenge_v1_output/esm2/records/d7/d72e915e3b11a82c921f6bced213108eb18c4b5908397d26acff3b7cbe2ceb8a.npy
913	913	seq_1c546f08189dfaf798af23a53d2f81de773c56f5eb1aed0e01a9bde1ecf7ccc2	0	existing_challenge	seq_1c546f08189dfaf798af23a53d2f81de773c56f5eb1aed0e01a9bde1ecf7ccc2	97	/home/lvfang/ESMC_halophile/R3_existing_challenge_v1_output/esm2/records/93/9376051e7347d3ee85c396a13a1b32bfb9d58ec218d5987582782150f98a8d9a.npy
914	914	seq_b217d96c30827f6085065641f041338328d6b098bdf2b9de9608c172e7fec020	0	existing_challenge	seq_b217d96c30827f6085065641f041338328d6b098bdf2b9de9608c172e7fec020	274	/home/lvfang/ESMC_halophile/R3_existing_challenge_v1_output/esm2/records/91/91ef3b35cf7fbe7b54b2a14393214d8ae2223b884409e582b40785da9493dc7d.npy
915	915	seq_fe8eababfa1429120d03629a99253294f9326ef49268bfc7c0743e76accc15e8	0	existing_challenge	seq_fe8eababfa1429120d03629a99253294f9326ef49268bfc7c0743e76accc15e8	251	/home/lvfang/ESMC_halophile/R3_existing_challenge_v1_output/esm2/records/12/1204717032240bc215517b7d52ac03028ec29c4daca60ea44353ad14d2610d0e.npy
916	916	seq_66b651802085187fe71ee3c99a35dda14aee794c4f1d37f87705682ea588ac5a	0	existing_challenge	seq_66b651802085187fe71ee3c99a35dda14aee794c4f1d37f87705682ea588ac5a	153	/home/lvfang/ESMC_halophile/R3_existing_challenge_v1_output/esm2/records/c4/c4d0b6bad5f4ab1ed91cc979f9553a4c43febe32ef7159df4a10841b4fe9ba1e.npy
917	917	seq_5d48ed79031cd8bd79f1f816b662d4834267fd64285ea2f7de767ebf2ccba759	0	existing_challenge	seq_5d48ed79031cd8bd79f1f816b662d4834267fd64285ea2f7de767ebf2ccba759	52	/home/lvfang/ESMC_halophile/R3_existing_challenge_v1_output/esm2/records/c2/c2855bb24c5dfcfc08f32114d38efece267639fa1ee3be218cc36952ab7ce82c.npy
918	918	seq_a041c84580a0137b6e6de720ffedb6988b62927392c010c247a861562d2981ef	0	existing_challenge	seq_a041c84580a0137b6e6de720ffedb6988b62927392c010c247a861562d2981ef	394	/home/lvfang/ESMC_halophile/R3_existing_challenge_v1_output/esm2/records/14/14476fd4b8d58a849787993a1c4e0158f3660beeb12bb6d25512a302639b3982.npy
919	919	seq_8c163076886c280d0d987e01d77de4eaa87abf13ec3a6fa0eff940833a9f5b6c	0	existing_challenge	seq_8c163076886c280d0d987e01d77de4eaa87abf13ec3a6fa0eff940833a9f5b6c	406	/home/lvfang/ESMC_halophile/R3_existing_challenge_v1_output/esm2/records/64/641f534fa08237191b8c524187fae034422fe77f328937ad23b656feed339094.npy
920	920	seq_9ac194c7639aacd475412fe308e1db7a9e4f405d9df8bc538be7c842e713bd06	0	existing_challenge	seq_9ac194c7639aacd475412fe308e1db7a9e4f405d9df8bc538be7c842e713bd06	341	/home/lvfang/ESMC_halophile/R3_existing_challenge_v1_output/esm2/records/51/51b05d5d2012d96443d47e5c94752458b2e167ba4780df3f596a508d34ebac4e.npy
921	921	seq_7394952da635fe3738cdaaedf0671ad1f49404aa51e28bc277c01d7171d51a3b	0	existing_challenge	seq_7394952da635fe3738cdaaedf0671ad1f49404aa51e28bc277c01d7171d51a3b	476	/home/lvfang/ESMC_halophile/R3_existing_challenge_v1_output/esm2/records/05/0529e84c98f9e34adf894b226ddce49d45a9e211f3233be7e4563d4041949f0f.npy
922	922	seq_2101f0976c8820146a4795087734370c07953ed9460f2fdb65816b22f2dbd319	0	existing_challenge	seq_2101f0976c8820146a4795087734370c07953ed9460f2fdb65816b22f2dbd319	255	/home/lvfang/ESMC_halophile/R3_existing_challenge_v1_output/esm2/records/28/2867a0f4639e1fca9a41ac56ecf514a4b91826c6f6646b01e14277be94a84f71.npy
923	923	seq_4a18315170fa41726083231f9b8bfe188ac757ebf58bfee98012372bc2bee3fa	0	existing_challenge	seq_4a18315170fa41726083231f9b8bfe188ac757ebf58bfee98012372bc2bee3fa	283	/home/lvfang/ESMC_halophile/R3_existing_challenge_v1_output/esm2/records/fe/fe2e28fb296a191e9b2cd6d630fa4f96469e7197f6295dd5a6c8e79f79050e57.npy
924	924	seq_3540ff2b16e747081c45526eb62f02dde1d588e1aad0f6098b751be146861ae0	0	existing_challenge	seq_3540ff2b16e747081c45526eb62f02dde1d588e1aad0f6098b751be146861ae0	238	/home/lvfang/ESMC_halophile/R3_existing_challenge_v1_output/esm2/records/c2/c2800110e5a7b0661652e350984ec313f778379bef1b822ac975e514f68b0e70.npy
925	925	seq_d0b3dc8d0e2f3d743a6fed8c5310d426e39cbac1a2dd93ab6b0ed99ef8a8dfea	0	existing_challenge	seq_d0b3dc8d0e2f3d743a6fed8c5310d426e39cbac1a2dd93ab6b0ed99ef8a8dfea	142	/home/lvfang/ESMC_halophile/R3_existing_challenge_v1_output/esm2/records/14/141365459953c320c41b2bc3b28b0977dface7f7e4f475e02749c76abdf55d12.npy
926	926	seq_d486cc4910b1b0966ea479fc4da564fb0db9d2349f0fa4784b51b3d5b57df21c	0	existing_challenge	seq_d486cc4910b1b0966ea479fc4da564fb0db9d2349f0fa4784b51b3d5b57df21c	354	/home/lvfang/ESMC_halophile/R3_existing_challenge_v1_output/esm2/records/61/61d2d76610d07b6416f759095a3fcd3e2f429a2dde93c114880c0a23cdc4a2d4.npy
927	927	seq_634996486b6ab1e2095c352641ada50d667404708951c3419d98ee46b03a305c	0	existing_challenge	seq_634996486b6ab1e2095c352641ada50d667404708951c3419d98ee46b03a305c	550	/home/lvfang/ESMC_halophile/R3_existing_challenge_v1_output/esm2/records/d1/d19109cc14a8c4bcd37fd262f3d7b0052b0d837dc3bc90ca0065cd54b9cad8c6.npy
928	928	seq_4fd0f7f9b8f04ef64f4d166e190aa1263362428cc0b2f5582ad7465ee96d3f6a	0	existing_challenge	seq_4fd0f7f9b8f04ef64f4d166e190aa1263362428cc0b2f5582ad7465ee96d3f6a	183	/home/lvfang/ESMC_halophile/R3_existing_challenge_v1_output/esm2/records/5d/5d3491b4e72e0c7ed34b91baf9f20c8b4a83fbc116e4100902e11970d532dca4.npy
929	929	seq_fd71433a65fc02d443214a064091e46b1e453cef46497d3e35ebbc9f393b97e5	0	existing_challenge	seq_fd71433a65fc02d443214a064091e46b1e453cef46497d3e35ebbc9f393b97e5	452	/home/lvfang/ESMC_halophile/R3_existing_challenge_v1_output/esm2/records/6e/6e585e86b7e80199d979b93b0bc16b3e71dabc960f659905f170816fb0d623b8.npy
930	930	seq_c52846ab1ebc747cb49f3d95dab63f6157c50e2d8ccad7373e644110d1751dd3	0	existing_challenge	seq_c52846ab1ebc747cb49f3d95dab63f6157c50e2d8ccad7373e644110d1751dd3	281	/home/lvfang/ESMC_halophile/R3_existing_challenge_v1_output/esm2/records/6b/6bee95d73b37f5564e200034c3e399f7f3be740d0434ac253e441e34e0ae1fc4.npy
931	931	seq_46454c897fa2b2e0f357fc68e729f2dcf04f7708ea125dd356d680da181efed3	0	existing_challenge	seq_46454c897fa2b2e0f357fc68e729f2dcf04f7708ea125dd356d680da181efed3	232	/home/lvfang/ESMC_halophile/R3_existing_challenge_v1_output/esm2/records/e6/e65920809bac49f5c39a0207057d0393a491ff60efe74ffc6bc7f5e7049132c9.npy
932	932	seq_189f41dac23b3a56dfc08da114b14cb879f9c1ec20a8a874c9d7e93967ad1bb9	0	existing_challenge	seq_189f41dac23b3a56dfc08da114b14cb879f9c1ec20a8a874c9d7e93967ad1bb9	189	/home/lvfang/ESMC_halophile/R3_existing_challenge_v1_output/esm2/records/ec/ece1c0df643445886ce5752dd7855278e2c6cd901e65a428ce6b42365eb80a84.npy
933	933	seq_a7385dfa60c9b321a484e22d789be4d1df402a52239c85c1ba9269aacb9ecca7	0	existing_challenge	seq_a7385dfa60c9b321a484e22d789be4d1df402a52239c85c1ba9269aacb9ecca7	123	/home/lvfang/ESMC_halophile/R3_existing_challenge_v1_output/esm2/records/7b/7bdc53ec90ef9b8ab612f90c6804cff79a697d34c385dee95049d421999dccac.npy
934	934	seq_e06439b3b0c634a0f40ce72c198ef00f084e3508798f66627b73ccde5bd64061	0	existing_challenge	seq_e06439b3b0c634a0f40ce72c198ef00f084e3508798f66627b73ccde5bd64061	82	/home/lvfang/ESMC_halophile/R3_existing_challenge_v1_output/esm2/records/b8/b8da97e3b40aa48b6bb9a688198f349afee6d31d9543a2ae3b0ce2bcd92879bf.npy
935	935	seq_e0b466ef187c49d65b4b53eb08820547c0fd610d06e07d4e79fecaa4df7c1518	0	existing_challenge	seq_e0b466ef187c49d65b4b53eb08820547c0fd610d06e07d4e79fecaa4df7c1518	345	/home/lvfang/ESMC_halophile/R3_existing_challenge_v1_output/esm2/records/cd/cdf098912277eb054a330cea8ab520a913cd9ea41bad851201d65982e2975b81.npy
936	936	seq_e11b778275d165b7966299234e0548394354622590aab6620ae362a329eac9a3	0	existing_challenge	seq_e11b778275d165b7966299234e0548394354622590aab6620ae362a329eac9a3	205	/home/lvfang/ESMC_halophile/R3_existing_challenge_v1_output/esm2/records/b2/b2e59997e481bc424a87eaca97bd1c35ca22cec9424c40c3f1d253432ccf1dae.npy
937	937	seq_4d4cf60bb5f8f3d8ff6cc4c2e3715552edd1e7fff8e7a6c5fd16fc2af3938095	0	existing_challenge	seq_4d4cf60bb5f8f3d8ff6cc4c2e3715552edd1e7fff8e7a6c5fd16fc2af3938095	335	/home/lvfang/ESMC_halophile/R3_existing_challenge_v1_output/esm2/records/8f/8f26c215efa0af96c5dde8fc7794e4203fb3883f5cc60e8d8816fd65251923a1.npy
938	938	seq_edcbfbfaf77c58b262d2a980046a96a8a73e005df0934576a1e4283f37f15e02	0	existing_challenge	seq_edcbfbfaf77c58b262d2a980046a96a8a73e005df0934576a1e4283f37f15e02	131	/home/lvfang/ESMC_halophile/R3_existing_challenge_v1_output/esm2/records/6f/6fbbfd62b8e00d74a350a02e117372d250f61755718e936034b544beab50cc49.npy
939	939	seq_fc3b12649b4aea8b7045b532743ecf58093dfca1efcf8a55afcfdf4271cc8d30	0	existing_challenge	seq_fc3b12649b4aea8b7045b532743ecf58093dfca1efcf8a55afcfdf4271cc8d30	204	/home/lvfang/ESMC_halophile/R3_existing_challenge_v1_output/esm2/records/b7/b757c0fd1eeca338f312accd6f25787126d1a8cc19513996a6c114d3f81d45ed.npy
940	940	seq_48cce4fc9cf79390294cd86453c77bc087cfa9422834bcb079de912b1690a8e3	0	existing_challenge	seq_48cce4fc9cf79390294cd86453c77bc087cfa9422834bcb079de912b1690a8e3	242	/home/lvfang/ESMC_halophile/R3_existing_challenge_v1_output/esm2/records/ef/ef8e262c8b0c9558472c67e25ba78b838d5e7fe4024b8d9839ae620a734a31da.npy
941	941	seq_52f6739cf99aec71d62fb45264dea267b4fd6e387dd162df3d6a7c10af8b3f36	0	existing_challenge	seq_52f6739cf99aec71d62fb45264dea267b4fd6e387dd162df3d6a7c10af8b3f36	534	/home/lvfang/ESMC_halophile/R3_existing_challenge_v1_output/esm2/records/fa/fa2b0782d969f35b57af3ef41eaa2b94099214711a1c58f04bcccf4f885e3e20.npy
942	942	seq_4170f939dea207d295889bf37da3119221e528bb645a89ae1d08ff5f4d8b7bb7	0	existing_challenge	seq_4170f939dea207d295889bf37da3119221e528bb645a89ae1d08ff5f4d8b7bb7	561	/home/lvfang/ESMC_halophile/R3_existing_challenge_v1_output/esm2/records/c0/c00e97085ccc650d9d1a793ed4af693edb308ef22bd0a19810b0f969fbd7e599.npy
943	943	seq_c6a286218a67077c2754e79115414f2b66171bde24c05f8419fe1ba6113941e8	0	existing_challenge	seq_c6a286218a67077c2754e79115414f2b66171bde24c05f8419fe1ba6113941e8	270	/home/lvfang/ESMC_halophile/R3_existing_challenge_v1_output/esm2/records/c7/c7436f235a67bada22fff199820e4b67cbeb978bcd4009097d51801eac5fcb71.npy
944	944	seq_0bd41c0242a4c40a4d7478553666f386863a02e5bd69cd3150ed4e8043c10df2	0	existing_challenge	seq_0bd41c0242a4c40a4d7478553666f386863a02e5bd69cd3150ed4e8043c10df2	393	/home/lvfang/ESMC_halophile/R3_existing_challenge_v1_output/esm2/records/f3/f3c4ad1f6eaf9f480932ee9d1d913b0368bc063cdb8bd3f6d2fa744d1b9d16df.npy
945	945	seq_b34e801251eccf278f4f373145f739e6e88eee5b44e664aa72434fcafdeaaade	0	existing_challenge	seq_b34e801251eccf278f4f373145f739e6e88eee5b44e664aa72434fcafdeaaade	494	/home/lvfang/ESMC_halophile/R3_existing_challenge_v1_output/esm2/records/74/741d903f508e1d18f3c98872f6990716b0f597a23933a789d9583598add5dc0b.npy
946	946	seq_6721a5906680e2e477b4fbf485a12a394218b42140555191284ae2a2fba9220e	0	existing_challenge	seq_6721a5906680e2e477b4fbf485a12a394218b42140555191284ae2a2fba9220e	266	/home/lvfang/ESMC_halophile/R3_existing_challenge_v1_output/esm2/records/22/22b0669e85dfe3c423c6d8f9f0da70ff8d18fe138b86194d34c38d13d9b93c0b.npy
947	947	seq_5c99292fd84eb4d955cc129d9426444058e24d5b21e514b0fc7218c112cd038b	0	existing_challenge	seq_5c99292fd84eb4d955cc129d9426444058e24d5b21e514b0fc7218c112cd038b	105	/home/lvfang/ESMC_halophile/R3_existing_challenge_v1_output/esm2/records/75/75ba6730e879454f97fb8b7302faaa75369b6fc512d6852bc6759a1a2024716e.npy
948	948	seq_74543e6a888b0cfe640570ffb483323534e2a1701767f1620f75e189359be2ce	0	existing_challenge	seq_74543e6a888b0cfe640570ffb483323534e2a1701767f1620f75e189359be2ce	435	/home/lvfang/ESMC_halophile/R3_existing_challenge_v1_output/esm2/records/5e/5e3f8b0245e6cbbe2b55dae01e4b2d36ef5384427c61418af36f0bed1be2d31f.npy
949	949	seq_e2a8ca1d8ea0271911345fd841c9488015804cdee6afa060c983c50d6a17f3d8	0	existing_challenge	seq_e2a8ca1d8ea0271911345fd841c9488015804cdee6afa060c983c50d6a17f3d8	219	/home/lvfang/ESMC_halophile/R3_existing_challenge_v1_output/esm2/records/fc/fc9b21f2a70936930387defc5a5f4390f54fa8eb1f30da1e87b9a4bcf561de74.npy
950	950	seq_7177dfc20ab310748fe8cf67cde095b5aae6bd5745f75bb05321aedf47666ffb	0	existing_challenge	seq_7177dfc20ab310748fe8cf67cde095b5aae6bd5745f75bb05321aedf47666ffb	201	/home/lvfang/ESMC_halophile/R3_existing_challenge_v1_output/esm2/records/87/87867b51857be79607c170b0202c42570c656b0805be1bbbe3ca4b8ef9a8ed58.npy
951	951	seq_acac2f040fb88b5e998db20d84ad85ffea57fac4c76fd4c29b5675fdcef8629e	0	existing_challenge	seq_acac2f040fb88b5e998db20d84ad85ffea57fac4c76fd4c29b5675fdcef8629e	94	/home/lvfang/ESMC_halophile/R3_existing_challenge_v1_output/esm2/records/93/9387c30552acd75fe92d2316e8a71ba8b315a8ccc730776a7a4e96599b1b4fd4.npy
952	952	seq_0f11e65cd68deac4db8f21e7306af701dba2a55f8c2cb5571e450bc5edc9ec33	0	existing_challenge	seq_0f11e65cd68deac4db8f21e7306af701dba2a55f8c2cb5571e450bc5edc9ec33	331	/home/lvfang/ESMC_halophile/R3_existing_challenge_v1_output/esm2/records/d2/d257cb688fdde72ada979fc8160397aae865d696449fe0bb66e0e7a8e90814d9.npy
953	953	seq_5dd98f9357ee318aabd126ca28bdc4b2f754724e5e12be61770a0c1c6080bc00	0	existing_challenge	seq_5dd98f9357ee318aabd126ca28bdc4b2f754724e5e12be61770a0c1c6080bc00	164	/home/lvfang/ESMC_halophile/R3_existing_challenge_v1_output/esm2/records/f8/f8e77b5ec10932b2b256bb93b4279cd2432c7c764398bbb35404a808e89460ed.npy
954	954	seq_988e86c543aec78c7aab8f7712b99b0070c95a8df0c14f3996fb133a56a3153d	0	existing_challenge	seq_988e86c543aec78c7aab8f7712b99b0070c95a8df0c14f3996fb133a56a3153d	274	/home/lvfang/ESMC_halophile/R3_existing_challenge_v1_output/esm2/records/9d/9dd4ba03a3db65931d7a51d271da65733eaba884e648e6ef76dc1e7db6fe7989.npy
955	955	seq_66a20f99414ce7336f4cd8e8dceead72dbc467c3e4903a689bbd270049eb3e0c	0	existing_challenge	seq_66a20f99414ce7336f4cd8e8dceead72dbc467c3e4903a689bbd270049eb3e0c	663	/home/lvfang/ESMC_halophile/R3_existing_challenge_v1_output/esm2/records/cc/cc568ab3f67c7c4b28ce927d8d8d03928ca98334eb590ad070580826d2aa94bb.npy
956	956	seq_aaeb6ef0e42a090c695fa8646f804476eeea9f200544a5ff5ff72038d07f6b21	0	existing_challenge	seq_aaeb6ef0e42a090c695fa8646f804476eeea9f200544a5ff5ff72038d07f6b21	239	/home/lvfang/ESMC_halophile/R3_existing_challenge_v1_output/esm2/records/8a/8a2e3c341048e0dd1f79af4b258be8775e766719f850e201d98787ce2aba9551.npy
957	957	seq_55430613287ac972199d64520c690f866b62e1993007610c45faf997f5f1bc51	0	existing_challenge	seq_55430613287ac972199d64520c690f866b62e1993007610c45faf997f5f1bc51	601	/home/lvfang/ESMC_halophile/R3_existing_challenge_v1_output/esm2/records/d8/d89faa8da537bf9237aff0c57dd6c61774856ae393e1f1879452874e1b4960be.npy
958	958	seq_10cfea1631414e6095e55977f8ded6b37988d3d90a836cc2d6178ea3b8bc4191	0	existing_challenge	seq_10cfea1631414e6095e55977f8ded6b37988d3d90a836cc2d6178ea3b8bc4191	324	/home/lvfang/ESMC_halophile/R3_existing_challenge_v1_output/esm2/records/69/69a6daacaf1a771233d18debc636be644bb8873cc62bbc027b2a7f09de4c851f.npy
959	959	seq_8ee8f6c20d79377312134f1a73fd12ab45c32ae6454840585465f9100165407c	0	existing_challenge	seq_8ee8f6c20d79377312134f1a73fd12ab45c32ae6454840585465f9100165407c	244	/home/lvfang/ESMC_halophile/R3_existing_challenge_v1_output/esm2/records/8a/8a4f60c460fd15281681b35cf75946dab8eae939639dd6cf4ea9435779acd842.npy
960	960	seq_8ef40a161fbc6f2c7c4dc87eb613274462bd02eecb0a0fa5a5bb212a1530df72	0	existing_challenge	seq_8ef40a161fbc6f2c7c4dc87eb613274462bd02eecb0a0fa5a5bb212a1530df72	211	/home/lvfang/ESMC_halophile/R3_existing_challenge_v1_output/esm2/records/73/73fbfc4f44f36a157181b3d695a467f89fcff11284494d5e6011e70b5bd268bc.npy
961	961	seq_345a0ce89189838d9904ba4b259f35d5bbb3037e1af720eb7d4e973a4542bf35	0	existing_challenge	seq_345a0ce89189838d9904ba4b259f35d5bbb3037e1af720eb7d4e973a4542bf35	64	/home/lvfang/ESMC_halophile/R3_existing_challenge_v1_output/esm2/records/fa/fa15dc7161ba585dfdf8ddfe40fe86df8cdf3bf7c1aad3f37b3b9023fb6cb8ed.npy
962	962	seq_923ce3668b0a868e091ad3da43b4daff791833e91e8025af1495ed2e12b9735b	0	existing_challenge	seq_923ce3668b0a868e091ad3da43b4daff791833e91e8025af1495ed2e12b9735b	256	/home/lvfang/ESMC_halophile/R3_existing_challenge_v1_output/esm2/records/4f/4f77d670f65070483a21c31a699f8a54eff3306b62e42019e0c3d7a6915cf6ef.npy
963	963	seq_96ca6cef66c984eb66950edb4d8c9b8619bc1cd96937f2407bcd2bdb007e6d9e	0	existing_challenge	seq_96ca6cef66c984eb66950edb4d8c9b8619bc1cd96937f2407bcd2bdb007e6d9e	176	/home/lvfang/ESMC_halophile/R3_existing_challenge_v1_output/esm2/records/a1/a11c5964087dd3e9bccd15a72ad563022825ee13f14b2455fa61d75452811479.npy
964	964	seq_d39b0043e35fdf895c484a6d61ac0c903abc6d5a00401b2450be4323a4927673	0	existing_challenge	seq_d39b0043e35fdf895c484a6d61ac0c903abc6d5a00401b2450be4323a4927673	359	/home/lvfang/ESMC_halophile/R3_existing_challenge_v1_output/esm2/records/4b/4bc0df1d4c80fc6becec0121282bbba32b4b47c0d66b57c34601b41589b95824.npy
965	965	seq_a0f6e052e9c7d2bc31824a8ad812f0717ee43931166c74b51651b29ce5743ef0	0	existing_challenge	seq_a0f6e052e9c7d2bc31824a8ad812f0717ee43931166c74b51651b29ce5743ef0	172	/home/lvfang/ESMC_halophile/R3_existing_challenge_v1_output/esm2/records/d8/d8f0468680b9b85f8cecd37eaa14400879aaba6ce066a2965bfec34ba5e11eb6.npy
966	966	seq_fd7b6b720821e9a87495f38c25f2f76cd0d30d3ae9a4d1ae5d1851c41d034b3d	0	existing_challenge	seq_fd7b6b720821e9a87495f38c25f2f76cd0d30d3ae9a4d1ae5d1851c41d034b3d	140	/home/lvfang/ESMC_halophile/R3_existing_challenge_v1_output/esm2/records/00/0063e5ec51a0fa0b8a1822a7a7f5dd67fe4f90281448c73b3f9e29ce15c61469.npy
967	967	seq_0b49aa129e7d16a682c69d5a70aa2b54f1d936a9d594bc73d9956f5bb1288239	0	existing_challenge	seq_0b49aa129e7d16a682c69d5a70aa2b54f1d936a9d594bc73d9956f5bb1288239	646	/home/lvfang/ESMC_halophile/R3_existing_challenge_v1_output/esm2/records/6b/6bd3d518bb85e7a12492db0299782cbe627c41fd570b52d4db25de57f1ddf8fc.npy
968	968	seq_d16cdc4a5cc7f1a4e20a14b2276c04f3d7b636793d3cd05dd6517d950001a66e	0	existing_challenge	seq_d16cdc4a5cc7f1a4e20a14b2276c04f3d7b636793d3cd05dd6517d950001a66e	453	/home/lvfang/ESMC_halophile/R3_existing_challenge_v1_output/esm2/records/07/07c501691d473a816fb9d8279736cd76787253a9648a092aab9ee2a5b34b20ec.npy
969	969	seq_e68d7227e86a092311ee4537f9b8a138593cf8d8cd1a067395b74c10ab3d3e48	0	existing_challenge	seq_e68d7227e86a092311ee4537f9b8a138593cf8d8cd1a067395b74c10ab3d3e48	80	/home/lvfang/ESMC_halophile/R3_existing_challenge_v1_output/esm2/records/6a/6af59f593bb3b3eded648c3793e49268d3619899e6328163e4c5b1ae5f6bfde4.npy
970	970	seq_03ade7bb6c16dd544c6ce9a4f59aa7cdf9c36a316ecdd269a1f9fd105cfeca40	0	existing_challenge	seq_03ade7bb6c16dd544c6ce9a4f59aa7cdf9c36a316ecdd269a1f9fd105cfeca40	337	/home/lvfang/ESMC_halophile/R3_existing_challenge_v1_output/esm2/records/8c/8cbc03d7a5491df9e5cee56493ba1f0e9bef0ae7d33b072b339209028414f255.npy
971	971	seq_f078081505a04ca371002cc503cf80483e4118d4f1e9bced89f55b49d3b407c8	0	existing_challenge	seq_f078081505a04ca371002cc503cf80483e4118d4f1e9bced89f55b49d3b407c8	190	/home/lvfang/ESMC_halophile/R3_existing_challenge_v1_output/esm2/records/fc/fc3aa79dcdd8ec876ff95c46ac6fc3ede21c51154bdcfe3175c0613c6bad9b59.npy
972	972	seq_c9334b2712a47c1b5158c38a9cc9bfc4726ae86c5de589da82b83fa22f1417f9	0	existing_challenge	seq_c9334b2712a47c1b5158c38a9cc9bfc4726ae86c5de589da82b83fa22f1417f9	229	/home/lvfang/ESMC_halophile/R3_existing_challenge_v1_output/esm2/records/48/4810e912292636b8006ae9b10b2261198f694448a12fe9ab9dd42f24e7a55fcd.npy
973	973	seq_8c01cb7d01427ba0e6ed174a68f9c4b868dc70d374fc1bac801a2b21abad7060	0	existing_challenge	seq_8c01cb7d01427ba0e6ed174a68f9c4b868dc70d374fc1bac801a2b21abad7060	398	/home/lvfang/ESMC_halophile/R3_existing_challenge_v1_output/esm2/records/f2/f27915e41af7e05febc1be03b820a6a6c233b61202734ba80f202421966fd1f2.npy
974	974	seq_fd43cb5c0a8d78748c6d4c43bc77b674bb220ee263f51c842b6910bd20181dcd	0	existing_challenge	seq_fd43cb5c0a8d78748c6d4c43bc77b674bb220ee263f51c842b6910bd20181dcd	457	/home/lvfang/ESMC_halophile/R3_existing_challenge_v1_output/esm2/records/a1/a1ae7d9d83cfad22bfd2f0768a508f65abb25fcd29ff343dc999fcb7a5cd5647.npy
975	975	seq_a88081d9f86d7fa74237fa10d85513f3fc7d28bc938a6602e4346031981a9d12	0	existing_challenge	seq_a88081d9f86d7fa74237fa10d85513f3fc7d28bc938a6602e4346031981a9d12	107	/home/lvfang/ESMC_halophile/R3_existing_challenge_v1_output/esm2/records/19/19d92e339d8ae730934b47e051397997a8ec21671c289ab35e7ef78e4b565511.npy
976	976	seq_b6f683e602b7c48913a827e654a325748d2e57c6e6753ff8c3cb270caf3f7641	0	existing_challenge	seq_b6f683e602b7c48913a827e654a325748d2e57c6e6753ff8c3cb270caf3f7641	158	/home/lvfang/ESMC_halophile/R3_existing_challenge_v1_output/esm2/records/f4/f42e098aed5cb93fb9eafa6470ed37dfe15bbf9f2ec06f2f13fac29342cefef9.npy
977	977	seq_3cf4a173772d6ed5dc947e182a3c905218ae43f1a14d9b602fd331971931cc9f	0	existing_challenge	seq_3cf4a173772d6ed5dc947e182a3c905218ae43f1a14d9b602fd331971931cc9f	330	/home/lvfang/ESMC_halophile/R3_existing_challenge_v1_output/esm2/records/b2/b2ec627ca09a28db71f6780caacabee54d14c1a0a29ecab3aa5b1170ceab0d74.npy
978	978	seq_80bce9e0ce11b1976d06f9fa75000eb80a1e84a122168563a3cbe1e6967c1185	0	existing_challenge	seq_80bce9e0ce11b1976d06f9fa75000eb80a1e84a122168563a3cbe1e6967c1185	170	/home/lvfang/ESMC_halophile/R3_existing_challenge_v1_output/esm2/records/c2/c2cf94581692976c0cb1ab105d215b0fae672fedc1bb115fde962a8cb24ed0de.npy
979	979	seq_0f4bae2929afd1267ab52bad37310c2847bd7f2dd293db01d96c14927ddbefd5	0	existing_challenge	seq_0f4bae2929afd1267ab52bad37310c2847bd7f2dd293db01d96c14927ddbefd5	320	/home/lvfang/ESMC_halophile/R3_existing_challenge_v1_output/esm2/records/f7/f779b28aecdad79f1183acabb081c4ff3e7e7208313d979928d8ae1d9d4bbd3d.npy
980	980	seq_fec5250199a46f03bb4ce2cffd4bcadd2ad7055a3d7bb87ff0283615b088d0ea	0	existing_challenge	seq_fec5250199a46f03bb4ce2cffd4bcadd2ad7055a3d7bb87ff0283615b088d0ea	313	/home/lvfang/ESMC_halophile/R3_existing_challenge_v1_output/esm2/records/ae/aeea6f86d9556e80130a2c0fe02796e3013968751066a7420a8356431dadfdc1.npy
981	981	seq_f0150a932d6ad59db455b3753e1f8307e086892bf9382345cf7bdc41ffea429a	0	existing_challenge	seq_f0150a932d6ad59db455b3753e1f8307e086892bf9382345cf7bdc41ffea429a	447	/home/lvfang/ESMC_halophile/R3_existing_challenge_v1_output/esm2/records/61/6165378af8871c78a51da2aeeacffd62e418fcdf28d5da0aea2d44a21d6489ec.npy
982	982	seq_0f34bd336e96c373698fd6004b413a7d1ab653c32eb83aae3bff660bfd321804	0	existing_challenge	seq_0f34bd336e96c373698fd6004b413a7d1ab653c32eb83aae3bff660bfd321804	142	/home/lvfang/ESMC_halophile/R3_existing_challenge_v1_output/esm2/records/0f/0fdb2e1d3ccb30e9329fab4cc6125091eb8ec1720102187aec0da55e0b18d210.npy
983	983	seq_d7448c79282cc21ee972c866cc8d932c9ba7716d570e81c41d077ad49aabb035	0	existing_challenge	seq_d7448c79282cc21ee972c866cc8d932c9ba7716d570e81c41d077ad49aabb035	174	/home/lvfang/ESMC_halophile/R3_existing_challenge_v1_output/esm2/records/ff/ff673f7ce1307fc1c31a5344988082d5657d8ec4e165d0f3b2531cf716e021fc.npy
984	984	seq_74fd8acfad6b7239c8c29429850c6f92413c2a5123e3405359ce2784720d1afa	0	existing_challenge	seq_74fd8acfad6b7239c8c29429850c6f92413c2a5123e3405359ce2784720d1afa	194	/home/lvfang/ESMC_halophile/R3_existing_challenge_v1_output/esm2/records/96/965aa3bfeef17277351864e6ad779c314f66d723b6c7265d222d0b8041057254.npy
985	985	seq_9de3038f5522df6d4e81fc19ef99b9da4c9cad2706b3943f3cd9b529810bc601	0	existing_challenge	seq_9de3038f5522df6d4e81fc19ef99b9da4c9cad2706b3943f3cd9b529810bc601	243	/home/lvfang/ESMC_halophile/R3_existing_challenge_v1_output/esm2/records/bc/bc098a9aa5596aadeeeb9f689ce07c10a34bbe4514936cd24ca6c8bee711dff2.npy
986	986	seq_3f2c7c86ea403959f388cda524fe684dac333f0d41fe25e212399dd6c9852218	0	existing_challenge	seq_3f2c7c86ea403959f388cda524fe684dac333f0d41fe25e212399dd6c9852218	376	/home/lvfang/ESMC_halophile/R3_existing_challenge_v1_output/esm2/records/8e/8e279e2f2de127a8ba4f49558eb3f2d1cfaff1327dc15a790f0f629b34c0b9f4.npy
987	987	seq_1bd7452419ef2960198e2ea9d9b3e56bb25f7e467af518d119cffb1614cfb2aa	0	existing_challenge	seq_1bd7452419ef2960198e2ea9d9b3e56bb25f7e467af518d119cffb1614cfb2aa	147	/home/lvfang/ESMC_halophile/R3_existing_challenge_v1_output/esm2/records/a7/a79f38fe09d1d4b4738c48c288441ae66e0cd56865f6ca3d8e4ab18bc725fc9e.npy
988	988	seq_c118d3be5d9e04a535d5b3c94e49971708a1c0e0d5657c8e0dcd80aca38096df	0	existing_challenge	seq_c118d3be5d9e04a535d5b3c94e49971708a1c0e0d5657c8e0dcd80aca38096df	127	/home/lvfang/ESMC_halophile/R3_existing_challenge_v1_output/esm2/records/54/54bc04368484bb49020030dd61f6ae693d55304af8495d28faf02fd7909883c5.npy
989	989	seq_50b5261d7c3695446a7c1bea1fd19085c13ea247811f4cbedd4b197f0eb2a9ed	0	existing_challenge	seq_50b5261d7c3695446a7c1bea1fd19085c13ea247811f4cbedd4b197f0eb2a9ed	359	/home/lvfang/ESMC_halophile/R3_existing_challenge_v1_output/esm2/records/a1/a15817d97247c9531e399e35a3b4b2609fe082e03961e1e14e6a7fb95ffe0745.npy
990	990	seq_c3141e9ab908a607cf29c4fe1e295fd113d6c727fcadb7be70525e0b8817a5c1	0	existing_challenge	seq_c3141e9ab908a607cf29c4fe1e295fd113d6c727fcadb7be70525e0b8817a5c1	399	/home/lvfang/ESMC_halophile/R3_existing_challenge_v1_output/esm2/records/25/259af48eeadf2e46e8b8b9a282cbfb3d66e3471d772f2cc84d398b2ddb8997c9.npy
991	991	seq_a59cc46859f4059fa701c2ec5aa6a49aa4f7b8b2f95d67cfe7f1ec22767b3046	0	existing_challenge	seq_a59cc46859f4059fa701c2ec5aa6a49aa4f7b8b2f95d67cfe7f1ec22767b3046	1091	/home/lvfang/ESMC_halophile/R3_existing_challenge_v1_output/esm2/records/06/0680f4bc6fe87cd0b7ab21903aa7e32fbd84a3c313f3b00bc50531fd0899c14a.npy
992	992	seq_9c34e8296ea8baf21a44781c5a16fb1c60aa26210602e47ed109216789f913f9	0	existing_challenge	seq_9c34e8296ea8baf21a44781c5a16fb1c60aa26210602e47ed109216789f913f9	136	/home/lvfang/ESMC_halophile/R3_existing_challenge_v1_output/esm2/records/f2/f2a141ebe131e68f2c9df120fff7ee4a9e2cecdca2737111d029e065b730857c.npy
993	993	seq_dc01b583386e5ad6a90e0682c183c9698877bd348fc896456ad0d9a83a13f9f1	0	existing_challenge	seq_dc01b583386e5ad6a90e0682c183c9698877bd348fc896456ad0d9a83a13f9f1	333	/home/lvfang/ESMC_halophile/R3_existing_challenge_v1_output/esm2/records/2c/2c3b1e8d094c75e75bcb81cd3372fcd322adcd6ff2b282d859b59d593dde7a64.npy
994	994	seq_9acefee54dc39778c40b078db046d63103b64071c8861f48e04147898f43ce66	0	existing_challenge	seq_9acefee54dc39778c40b078db046d63103b64071c8861f48e04147898f43ce66	97	/home/lvfang/ESMC_halophile/R3_existing_challenge_v1_output/esm2/records/cb/cbf3a08f3048c7abcebdaece089ebb35c2438d79d589f516cbdf52c89205355c.npy
995	995	seq_a2cd9385ced287e3fdafb8d8881ac76eb0b5cfca00267d27220926ae5615bc9a	0	existing_challenge	seq_a2cd9385ced287e3fdafb8d8881ac76eb0b5cfca00267d27220926ae5615bc9a	247	/home/lvfang/ESMC_halophile/R3_existing_challenge_v1_output/esm2/records/54/5463307613a49185dd202e73761cb20ff57a69116227a18ab08f0f764936c8b9.npy
996	996	seq_89fb446a73e305968e0012e5da2454b02049f2b4b5b957a0e841ba91651d76a3	0	existing_challenge	seq_89fb446a73e305968e0012e5da2454b02049f2b4b5b957a0e841ba91651d76a3	445	/home/lvfang/ESMC_halophile/R3_existing_challenge_v1_output/esm2/records/e5/e542aa5f72c062d12f05e7552cbe085d42c1ec51bf2efe03a70b35753686623e.npy
997	997	seq_adf3669f54741aa58e11055d0b12b81a2f6b5a53e784e53b71a3d0f31ed0ef28	0	existing_challenge	seq_adf3669f54741aa58e11055d0b12b81a2f6b5a53e784e53b71a3d0f31ed0ef28	395	/home/lvfang/ESMC_halophile/R3_existing_challenge_v1_output/esm2/records/89/894ce5645839e96b5a5995eccc1dd26cd15e295f942f8b0a6c3077c75229e627.npy
998	998	seq_00a3940c337f0922dee6ba553974f6a7bb7aa0c7a5239c9330703d01595fbddc	0	existing_challenge	seq_00a3940c337f0922dee6ba553974f6a7bb7aa0c7a5239c9330703d01595fbddc	700	/home/lvfang/ESMC_halophile/R3_existing_challenge_v1_output/esm2/records/b5/b53435abeb53ed3f1a419a8f16c23c612c021d5aa8a6d6d37cb51c0ac7c8757a.npy
999	999	seq_4b3e6281192d834000708e49691492286f6281ae0a47c869672f8cccf811b43f	0	existing_challenge	seq_4b3e6281192d834000708e49691492286f6281ae0a47c869672f8cccf811b43f	291	/home/lvfang/ESMC_halophile/R3_existing_challenge_v1_output/esm2/records/39/39223cd410374e8f4bc646bce8daa7323951718bf90b69798579b6cbd7e17e1e.npy
1000	1000	seq_11adce4453f950b1f37bedc01f648b5e62c15f6a8015a125d1853bf37e2c9bb7	0	existing_challenge	seq_11adce4453f950b1f37bedc01f648b5e62c15f6a8015a125d1853bf37e2c9bb7	332	/home/lvfang/ESMC_halophile/R3_existing_challenge_v1_output/esm2/records/df/dff032b9b89aee36b3bbba0c5681b5c1353eca84f35a074de90f23ad6a207aad.npy
1001	1001	seq_e57c128fbe1186198d27aa7981f74a5de849f7b14575e4ea61d667dc189e2c45	0	existing_challenge	seq_e57c128fbe1186198d27aa7981f74a5de849f7b14575e4ea61d667dc189e2c45	267	/home/lvfang/ESMC_halophile/R3_existing_challenge_v1_output/esm2/records/5c/5c1ea8a6f42cd2a05dbe0d00576fb9ea05734260cbb377fc07dc0d27c0a5583c.npy
1002	1002	seq_32fd559fb38f9472702e586330819bcc0c03e79173aa74970da00075f5661e25	0	existing_challenge	seq_32fd559fb38f9472702e586330819bcc0c03e79173aa74970da00075f5661e25	196	/home/lvfang/ESMC_halophile/R3_existing_challenge_v1_output/esm2/records/e3/e388bb49ee9633fe83434afc6a2284b920203a2a1664f8b01770181217b950bf.npy
1003	1003	seq_6d1bb24cab6158fe6f11ab798f99ad964e4401a1f4e12affb07ad7877b018a94	0	existing_challenge	seq_6d1bb24cab6158fe6f11ab798f99ad964e4401a1f4e12affb07ad7877b018a94	344	/home/lvfang/ESMC_halophile/R3_existing_challenge_v1_output/esm2/records/7e/7ee7fc545647cc103f07510b56e10914ab8894cc733cef9a55db8b658b14ef54.npy
1004	1004	seq_a4a9676779c3ba4b1be79e68f7f3d849ee4f1b95e94782d747e4c4b4472d7f6d	0	existing_challenge	seq_a4a9676779c3ba4b1be79e68f7f3d849ee4f1b95e94782d747e4c4b4472d7f6d	115	/home/lvfang/ESMC_halophile/R3_existing_challenge_v1_output/esm2/records/c4/c4feb589cbe5f4079de98bedc83f78dd4df43dd18c03365318891f3a65a89a4d.npy
1005	1005	seq_8c2e72a84e85e5695e49260a2685071174a23d9ca379ab7013642e4c25b0dc7a	0	existing_challenge	seq_8c2e72a84e85e5695e49260a2685071174a23d9ca379ab7013642e4c25b0dc7a	445	/home/lvfang/ESMC_halophile/R3_existing_challenge_v1_output/esm2/records/49/495469ba420fe48d458ba42aed128daef2c31d45fa4167c9ef4b7859a1b6564f.npy
1006	1006	seq_34323f9e2367e2dcedb7f9e8276caf674c96d03023dad58176163ef7da356441	0	existing_challenge	seq_34323f9e2367e2dcedb7f9e8276caf674c96d03023dad58176163ef7da356441	477	/home/lvfang/ESMC_halophile/R3_existing_challenge_v1_output/esm2/records/6b/6b960bae029ed3f342807e17fd357d7a17a3192b6680d191ace316e650b6af6a.npy
1007	1007	seq_4efdb7100d2ddd219a15a86e2447a0557535ef4682018b30d9744aba5c113541	0	existing_challenge	seq_4efdb7100d2ddd219a15a86e2447a0557535ef4682018b30d9744aba5c113541	104	/home/lvfang/ESMC_halophile/R3_existing_challenge_v1_output/esm2/records/f4/f4d0ed11df3177e3ee2dcf7ccd0cf1e50f9eecf2eba95bee63c6445cb4e0e9ed.npy
1008	1008	seq_c3258fb58409e966a06ebe16833ae71b55480d44d553857e5c8a01273a2417b4	0	existing_challenge	seq_c3258fb58409e966a06ebe16833ae71b55480d44d553857e5c8a01273a2417b4	103	/home/lvfang/ESMC_halophile/R3_existing_challenge_v1_output/esm2/records/76/761675fe2c87a60bb9b61e2e115554bf6e2a6713b4566d75ce82dddd5e47bcc3.npy
1009	1009	seq_fb58ce9bad6efff515c5fd9ba651862816dd33369d86a0b3162f32ffcc18e88d	0	existing_challenge	seq_fb58ce9bad6efff515c5fd9ba651862816dd33369d86a0b3162f32ffcc18e88d	178	/home/lvfang/ESMC_halophile/R3_existing_challenge_v1_output/esm2/records/ee/eedf7a353a6cb7ea652cdd8c6191c6fc8bd279810f0c9ff7d67b1b3e3efd53a7.npy
1010	1010	seq_303ef461f60b36fe6c3ba89ed07e69e708548b706ae521b830a2a351bbce3149	0	existing_challenge	seq_303ef461f60b36fe6c3ba89ed07e69e708548b706ae521b830a2a351bbce3149	225	/home/lvfang/ESMC_halophile/R3_existing_challenge_v1_output/esm2/records/96/9600e21ff311ab96a67f4dfd804843bc8fd677c97ceb8b61540040765bdabacd.npy
1011	1011	seq_547e886bb42713eb6e270ce110f6196c0c9e01493dcb81d24d8c22d10db61d9b	0	existing_challenge	seq_547e886bb42713eb6e270ce110f6196c0c9e01493dcb81d24d8c22d10db61d9b	118	/home/lvfang/ESMC_halophile/R3_existing_challenge_v1_output/esm2/records/44/445f2fa5846978f54baf0d708bee1399a81cc56b6efc2cb935c855056d84a746.npy
1012	1012	seq_29747941e334ec4f162c9c8c0314fb254c68e25413324cf403c13b2a03e33eb4	0	existing_challenge	seq_29747941e334ec4f162c9c8c0314fb254c68e25413324cf403c13b2a03e33eb4	678	/home/lvfang/ESMC_halophile/R3_existing_challenge_v1_output/esm2/records/16/1636a06178a5374944db59dda62b1373e023607f4cb57d4c5af76e50e8fe735a.npy
1013	1013	seq_fd45440534062c5661d4759de7eac4a4fc5cce800034388320ad88360475c684	0	existing_challenge	seq_fd45440534062c5661d4759de7eac4a4fc5cce800034388320ad88360475c684	56	/home/lvfang/ESMC_halophile/R3_existing_challenge_v1_output/esm2/records/35/358e8041a9a94d2ec78dfa62c867ad17323b02600cb2f43013b4d58b9f8e0aa7.npy
1014	1014	seq_9cf7f0245e8c175844d62c959160dc692be7f28ab9138d86f702285fae33840a	0	existing_challenge	seq_9cf7f0245e8c175844d62c959160dc692be7f28ab9138d86f702285fae33840a	190	/home/lvfang/ESMC_halophile/R3_existing_challenge_v1_output/esm2/records/23/236120d1425b36ffd21fe7db7e361410173b92cb81b8972db5b3043375d7ffd5.npy
1015	1015	seq_2df09011a00ce7fa5889d51cc58631695fd46af96782b5f246f24d016b0bcc1a	0	existing_challenge	seq_2df09011a00ce7fa5889d51cc58631695fd46af96782b5f246f24d016b0bcc1a	217	/home/lvfang/ESMC_halophile/R3_existing_challenge_v1_output/esm2/records/2d/2d4a9d1b9f8571ee1a4f345cca86b283f407cda223c96d99c78edfd5c17279b9.npy
1016	1016	seq_3d50baa71baea9c80f160ee01b45e71b5910540e4dff04cb5a6dbe2439b518d1	0	existing_challenge	seq_3d50baa71baea9c80f160ee01b45e71b5910540e4dff04cb5a6dbe2439b518d1	272	/home/lvfang/ESMC_halophile/R3_existing_challenge_v1_output/esm2/records/91/91266446a7e542af6846aebd553dd1094c0e5e790b836fa639e9e7dc7063f249.npy
1017	1017	seq_f0ad963c3317d465e0330c5b5d6c6221094adf01b2223b97e4b079d178e3e442	0	existing_challenge	seq_f0ad963c3317d465e0330c5b5d6c6221094adf01b2223b97e4b079d178e3e442	438	/home/lvfang/ESMC_halophile/R3_existing_challenge_v1_output/esm2/records/cc/cc2f8dda2bc10b847c173ffb8fcd01dbed9f6fa0f40b1a65f86d06211a2dbe96.npy
1018	1018	seq_32142f704e8a2be15babd0d783931755fb6dcb2d069d0cb3f09361b892a92030	0	existing_challenge	seq_32142f704e8a2be15babd0d783931755fb6dcb2d069d0cb3f09361b892a92030	541	/home/lvfang/ESMC_halophile/R3_existing_challenge_v1_output/esm2/records/0a/0a1a2d788efde77735931c83c07c06e3d06e6e751d88d6df71d15083c003aa95.npy
1019	1019	seq_617ddd68c076ea9122820866f0d7ea56a3fcb3ca5aea3f4f064c1f0afa0a21e9	0	existing_challenge	seq_617ddd68c076ea9122820866f0d7ea56a3fcb3ca5aea3f4f064c1f0afa0a21e9	282	/home/lvfang/ESMC_halophile/R3_existing_challenge_v1_output/esm2/records/17/1719b0fd9c1417423148cb2ba628d96bda8ee9ae6334a3977216abd970c5cefb.npy
1020	1020	seq_c5968dbb2c0c64671a34f2802d262d5198f0da494646a2e8668880a45870a23e	0	existing_challenge	seq_c5968dbb2c0c64671a34f2802d262d5198f0da494646a2e8668880a45870a23e	111	/home/lvfang/ESMC_halophile/R3_existing_challenge_v1_output/esm2/records/e6/e60db7976a171819469b2b31ba98867cabb941d690aa2745a5615d7c902287c5.npy
1021	1021	seq_d96d6fdf624611214ac6218d7bac69ebae071b092b8ac80a184ec7db83f2a17b	0	existing_challenge	seq_d96d6fdf624611214ac6218d7bac69ebae071b092b8ac80a184ec7db83f2a17b	417	/home/lvfang/ESMC_halophile/R3_existing_challenge_v1_output/esm2/records/57/57797408c3a47c2ca285b98b02ad7fed486b33d0ba3b0cf19fc2813624062309.npy
1022	1022	seq_5866aeb8d22d66b5f9eddeb5423a863a0a767886b7bad6eac75e9915554515d9	0	existing_challenge	seq_5866aeb8d22d66b5f9eddeb5423a863a0a767886b7bad6eac75e9915554515d9	142	/home/lvfang/ESMC_halophile/R3_existing_challenge_v1_output/esm2/records/46/46fa92e5b3cf4e9c5884b2feab43c53733b73c012f582bf95cabd718c7b0fb94.npy
1023	1023	seq_d4aba9dd5acb3850f1bcefa5045a2e078d96b3e568ecda57fdef86c060a10de6	0	existing_challenge	seq_d4aba9dd5acb3850f1bcefa5045a2e078d96b3e568ecda57fdef86c060a10de6	416	/home/lvfang/ESMC_halophile/R3_existing_challenge_v1_output/esm2/records/32/3272d61cb2958aa7d01b02810a5b086a7ffd190ccfa9b5364c312d50f32b79b4.npy
1024	1024	seq_b97adedd52d7e7a5619504ea14c32863c0e7941a3fc10a957b4b0fc1dc719bf3	0	existing_challenge	seq_b97adedd52d7e7a5619504ea14c32863c0e7941a3fc10a957b4b0fc1dc719bf3	458	/home/lvfang/ESMC_halophile/R3_existing_challenge_v1_output/esm2/records/b1/b1e82f1aeba6426326cd29777d45dff72016d6fb3627704f08e951bfa7146063.npy
1025	1025	seq_dc3acbb33a1bace52a1e8efec7c6204f07af66d56538c23bc65668f5617ce145	0	existing_challenge	seq_dc3acbb33a1bace52a1e8efec7c6204f07af66d56538c23bc65668f5617ce145	238	/home/lvfang/ESMC_halophile/R3_existing_challenge_v1_output/esm2/records/d1/d1b3e9bac54b49aeb36b87c2729bbd99fdf54c1a212a607575447d471bc56f8c.npy
1026	1026	seq_8cfc00bc2f0069d4bccc27994cb4f10fc7ada747cca09952da765130a77877b0	0	existing_challenge	seq_8cfc00bc2f0069d4bccc27994cb4f10fc7ada747cca09952da765130a77877b0	169	/home/lvfang/ESMC_halophile/R3_existing_challenge_v1_output/esm2/records/1e/1e4c2c412ec9ae21f7246a9c9e2b9d9d0ae5991d9185a8f4809ea8abeccb50a7.npy
1027	1027	seq_37417c0f58c7c24d59d093f38dafe1175769eeaed248747674a6ea6f0695c1ac	0	existing_challenge	seq_37417c0f58c7c24d59d093f38dafe1175769eeaed248747674a6ea6f0695c1ac	255	/home/lvfang/ESMC_halophile/R3_existing_challenge_v1_output/esm2/records/84/84563ba91cff75caa79f2c709186ec46bad0cd3b5849a9e36b7866eb009e6efc.npy
1028	1028	seq_2cbedea06c59b79dd37fd9a3c655c4e3861506ff39ff003f54776c9c3d005fb7	0	existing_challenge	seq_2cbedea06c59b79dd37fd9a3c655c4e3861506ff39ff003f54776c9c3d005fb7	241	/home/lvfang/ESMC_halophile/R3_existing_challenge_v1_output/esm2/records/e0/e04ebd888d4320df96c0a4a53df17feda69897c742a64c4e6bda2bc7c42def10.npy
1029	1029	seq_3b5746546a436d19d294cc06d2da49e37f460943ce3070e1d8d3525cdf3c588e	0	existing_challenge	seq_3b5746546a436d19d294cc06d2da49e37f460943ce3070e1d8d3525cdf3c588e	375	/home/lvfang/ESMC_halophile/R3_existing_challenge_v1_output/esm2/records/7d/7db0c2d7bc3cd6c4ac97a10f71b0921284a9df9c1c42b8fa30e59c75809b6013.npy
1030	1030	seq_d9abaaec2d5fb704f48b4fff6773b20a1b2a8ab54167a5b54cbf45df835374a9	0	existing_challenge	seq_d9abaaec2d5fb704f48b4fff6773b20a1b2a8ab54167a5b54cbf45df835374a9	217	/home/lvfang/ESMC_halophile/R3_existing_challenge_v1_output/esm2/records/78/78f65ebe54e5c1121b26c2faeb38bc863f13b628640b0f73c51f569c06ce994e.npy
1031	1031	seq_664072c1473b10f51becb2b67bbbbd65c170d1678bcb8f6051cdc6ce9713f643	0	existing_challenge	seq_664072c1473b10f51becb2b67bbbbd65c170d1678bcb8f6051cdc6ce9713f643	334	/home/lvfang/ESMC_halophile/R3_existing_challenge_v1_output/esm2/records/c2/c27b70951676942a907b45c96e61313667df6b8b06d7dd199ca0489b248bf9ac.npy
1032	1032	seq_584a161dda874f134d35cf94b51b0bc96665bd34790887cafcdcca718bbaa7c2	0	existing_challenge	seq_584a161dda874f134d35cf94b51b0bc96665bd34790887cafcdcca718bbaa7c2	231	/home/lvfang/ESMC_halophile/R3_existing_challenge_v1_output/esm2/records/d5/d57ca3fe1db3291c8e70ce6e61a2481b7103c42ac87c146871740f024e38014e.npy
1033	1033	seq_47fb5b6b5fc6ddd7f55b13e3e65c4d9d2b311b86fac68623fe55318921acaafc	0	existing_challenge	seq_47fb5b6b5fc6ddd7f55b13e3e65c4d9d2b311b86fac68623fe55318921acaafc	250	/home/lvfang/ESMC_halophile/R3_existing_challenge_v1_output/esm2/records/89/8940f8d4e71a48e292ec6cfd3ed5f7f9c706d1bc18dadca43d119aadd2c44f4e.npy
1034	1034	seq_3d4e0b48705e443017c7bde735c38a5e8da6ec2f550b4d9981a561928a61a515	0	existing_challenge	seq_3d4e0b48705e443017c7bde735c38a5e8da6ec2f550b4d9981a561928a61a515	254	/home/lvfang/ESMC_halophile/R3_existing_challenge_v1_output/esm2/records/16/1658d2e2fc78485d7ae6d5bd66a0c03d3f5a7e24a714226383d2e6cc8798f154.npy
1035	1035	seq_96574ce01fba91873a222434b2767d0d0ba944782184c1ded6b799f3cac5f7a3	0	existing_challenge	seq_96574ce01fba91873a222434b2767d0d0ba944782184c1ded6b799f3cac5f7a3	550	/home/lvfang/ESMC_halophile/R3_existing_challenge_v1_output/esm2/records/57/5777ac8528cd5b19cf005f8c5bcf28831ec962c8542cea25c6bdb4a3aba2509d.npy
1036	1036	seq_4180c6e3d1059b398e33bff79fd1e0793a2c33feab448f2a2d5cec8353c65356	0	existing_challenge	seq_4180c6e3d1059b398e33bff79fd1e0793a2c33feab448f2a2d5cec8353c65356	275	/home/lvfang/ESMC_halophile/R3_existing_challenge_v1_output/esm2/records/57/5722e94e4f912d82ae5a851616fd815d30964ce48631f4e107e109e677ea1967.npy
1037	1037	seq_065c9cd1b62cf4528d87f175e03ad65451148309228f7f367d0b8e4faab03757	0	existing_challenge	seq_065c9cd1b62cf4528d87f175e03ad65451148309228f7f367d0b8e4faab03757	245	/home/lvfang/ESMC_halophile/R3_existing_challenge_v1_output/esm2/records/e2/e2b43d6be9dacc160ce830e7e8d696fcda595715493f2f0935b841e8311c59d8.npy
1038	1038	seq_98c577757a1d0be3edc8ebaea831938d8a4b0622791d639a6db2c6abe2226b05	0	existing_challenge	seq_98c577757a1d0be3edc8ebaea831938d8a4b0622791d639a6db2c6abe2226b05	189	/home/lvfang/ESMC_halophile/R3_existing_challenge_v1_output/esm2/records/08/082087e74eedc80c022423e0468aef7994b8a8f82652afe3822a75eba89bd2d9.npy
1039	1039	seq_d0bc9dd61d091bd486ce49d8c355e5cf039e746caf10383d236339b14e9cc40e	0	existing_challenge	seq_d0bc9dd61d091bd486ce49d8c355e5cf039e746caf10383d236339b14e9cc40e	155	/home/lvfang/ESMC_halophile/R3_existing_challenge_v1_output/esm2/records/b4/b408e6d6f0954efaf0046a125dab8d5ea6c8e9d2298cf316523afc8757934d9c.npy
1040	1040	seq_41e8cf69b91a70fd31a6ce959c9e82e757fd33794fb6914b0d7d8cf071ba63f3	0	existing_challenge	seq_41e8cf69b91a70fd31a6ce959c9e82e757fd33794fb6914b0d7d8cf071ba63f3	386	/home/lvfang/ESMC_halophile/R3_existing_challenge_v1_output/esm2/records/e4/e45d88f541f821f3e9b3427776d7b90ae50970fa76aeaefe24f110953e4bbfd9.npy
1041	1041	seq_bc9d1b07c5d0240443d9e195cb75255e7a804ffb3927c06ea9f597cae9306a59	0	existing_challenge	seq_bc9d1b07c5d0240443d9e195cb75255e7a804ffb3927c06ea9f597cae9306a59	81	/home/lvfang/ESMC_halophile/R3_existing_challenge_v1_output/esm2/records/b1/b1ad9f9e8e3cff003fa8f397cf924bd5f4272fc956618a255b86cd8ab8c50e3d.npy
1042	1042	seq_9fa6078c4f31a449150389fe51999192063dc3ebb236280f23e31ebc55a3d04a	0	existing_challenge	seq_9fa6078c4f31a449150389fe51999192063dc3ebb236280f23e31ebc55a3d04a	143	/home/lvfang/ESMC_halophile/R3_existing_challenge_v1_output/esm2/records/ee/ee159279fbef74c853c4bb6a79aa80650cedfc2976495b322130064f64349030.npy
1043	1043	seq_489a3ae0f3820b69281a04c06424bbf08340b4ed717522ad70b95ed886856f31	0	existing_challenge	seq_489a3ae0f3820b69281a04c06424bbf08340b4ed717522ad70b95ed886856f31	403	/home/lvfang/ESMC_halophile/R3_existing_challenge_v1_output/esm2/records/fc/fc9430a5be8389fff4b7168868a74d61e0d0484190b1d8a86363d1fa4a137830.npy
1044	1044	seq_1b40820f2dd30111b0ad8d2a26c4f28166b28c23528d9527ec07d64e31267121	0	existing_challenge	seq_1b40820f2dd30111b0ad8d2a26c4f28166b28c23528d9527ec07d64e31267121	112	/home/lvfang/ESMC_halophile/R3_existing_challenge_v1_output/esm2/records/c2/c23a2d16bc4b2b76f03239fefed6456cd715afbb427196969b6169c7b0483116.npy
1045	1045	seq_3f80ed523f794c7c155b6d8e290458fd85ef0ab06e05c976ddb3986ab03c95ad	0	existing_challenge	seq_3f80ed523f794c7c155b6d8e290458fd85ef0ab06e05c976ddb3986ab03c95ad	152	/home/lvfang/ESMC_halophile/R3_existing_challenge_v1_output/esm2/records/88/88abbe60aaa69833b3e6eadd182c0146d4175815a9638ee96b6fa3b5a81041db.npy
1046	1046	seq_b95af0202dc99cd99bf63a1241d81e09cbdbc814f68b1b8cc55fbc86e3f305bd	0	existing_challenge	seq_b95af0202dc99cd99bf63a1241d81e09cbdbc814f68b1b8cc55fbc86e3f305bd	577	/home/lvfang/ESMC_halophile/R3_existing_challenge_v1_output/esm2/records/da/dad082afb3d512cde1740f959558e3809eb34d1ba28b4e198dae40859dffee1e.npy
1047	1047	seq_050033be0124ff49e86baecbfff6b2d00e9eca3a49bb6b0d91a92dd1e683b36f	0	existing_challenge	seq_050033be0124ff49e86baecbfff6b2d00e9eca3a49bb6b0d91a92dd1e683b36f	114	/home/lvfang/ESMC_halophile/R3_existing_challenge_v1_output/esm2/records/6d/6df7c2b33e1f267c9cc28abe0197016e0011b369b7d1a90562482146f1bb25e6.npy
1048	1048	seq_bf5a1df3e2d3cdfe419ed5e0ce45c412fc919526a11a875c4a084458297e8796	0	existing_challenge	seq_bf5a1df3e2d3cdfe419ed5e0ce45c412fc919526a11a875c4a084458297e8796	457	/home/lvfang/ESMC_halophile/R3_existing_challenge_v1_output/esm2/records/19/192104c30fe553e2df16bb4fc105abe18cdb8f82c415bf88e9d8e98d552ac457.npy
1049	1049	seq_9e2931f249bf0948bea45a2ae9692eecb0da39bfeacd9ff7972aab8ea297dc75	0	existing_challenge	seq_9e2931f249bf0948bea45a2ae9692eecb0da39bfeacd9ff7972aab8ea297dc75	159	/home/lvfang/ESMC_halophile/R3_existing_challenge_v1_output/esm2/records/6a/6a8f877e0cef379467969aff446e99be0bec0d0575ff19dff8ecb64d5d6815cc.npy
1050	1050	seq_e2a97c93e92cf94ac82d4f6b2ff10f4fe2d8a365e54c56d0326bffef1707e714	0	existing_challenge	seq_e2a97c93e92cf94ac82d4f6b2ff10f4fe2d8a365e54c56d0326bffef1707e714	1028	/home/lvfang/ESMC_halophile/R3_existing_challenge_v1_output/esm2/records/9f/9fb36b159cd6fd1078dbd5740d321ff12f8e6f753b4a18bac5d7714f033cfd25.npy
1051	1051	seq_a7bb7e60c4eb0fcc661d676d71308d752d217d51ade806701d475f64c5f8ffab	0	existing_challenge	seq_a7bb7e60c4eb0fcc661d676d71308d752d217d51ade806701d475f64c5f8ffab	363	/home/lvfang/ESMC_halophile/R3_existing_challenge_v1_output/esm2/records/54/54c49252903114748485f477c67e012aa5120d0c60197154b66aa6fcfb79f65c.npy
1052	1052	seq_cd257ae3f8e3f651fe7ac7c8a4307015d6065e9e09622c799f9943bf19f47ab6	0	existing_challenge	seq_cd257ae3f8e3f651fe7ac7c8a4307015d6065e9e09622c799f9943bf19f47ab6	122	/home/lvfang/ESMC_halophile/R3_existing_challenge_v1_output/esm2/records/01/010acea0066b8acab728e900bea647231e2b04e7ebb0ae49f90f0c212442e47b.npy
1053	1053	seq_6b500a21a069da655fe4cebf583f3ed54636fcfe164af8166421167151dfa80c	0	existing_challenge	seq_6b500a21a069da655fe4cebf583f3ed54636fcfe164af8166421167151dfa80c	272	/home/lvfang/ESMC_halophile/R3_existing_challenge_v1_output/esm2/records/e3/e3f6aeb29806ed525ba20105b4392cf7f6e0192e01afb8e97676af1880da30f4.npy
1054	1054	seq_f9f94a265ab8aa20bf32fa4679f29b219eeec154af3c2432725c2201236fc333	0	existing_challenge	seq_f9f94a265ab8aa20bf32fa4679f29b219eeec154af3c2432725c2201236fc333	751	/home/lvfang/ESMC_halophile/R3_existing_challenge_v1_output/esm2/records/06/068ff5f8de8dbd156dae25d6dee3bb89758749afd3e161ec924788bdb90d2a6e.npy
1055	1055	seq_ddba7399bd74c1533300ca8992ed9f1bf3a33844a99ac4220efefef8ee0752cb	0	existing_challenge	seq_ddba7399bd74c1533300ca8992ed9f1bf3a33844a99ac4220efefef8ee0752cb	195	/home/lvfang/ESMC_halophile/R3_existing_challenge_v1_output/esm2/records/b1/b178ae9dc7e9f19a81a7390c4a4d4707328a941e5ea8f1885ac9c8547ce376b0.npy
1056	1056	seq_039d8730a8a339cc2fb546e48a29d298d45666b511e2178bd3e09a1c58268bb3	0	existing_challenge	seq_039d8730a8a339cc2fb546e48a29d298d45666b511e2178bd3e09a1c58268bb3	220	/home/lvfang/ESMC_halophile/R3_existing_challenge_v1_output/esm2/records/82/82c0750a6dd7b4f40513322a4295c5edc485405598e64cf7f31209601f700c5e.npy
1057	1057	seq_0155b63a37e523287515dc3eb025f9c3837369361a8a9734a63aac4816960f9b	0	existing_challenge	seq_0155b63a37e523287515dc3eb025f9c3837369361a8a9734a63aac4816960f9b	209	/home/lvfang/ESMC_halophile/R3_existing_challenge_v1_output/esm2/records/94/94652138067c0d135a61eaea5ebe7c0dd7f5d42f5bae46563b86d97bbb56ef01.npy
1058	1058	seq_80f06801655a439b497a3db49072514f3110f9c199fb26fa98a5571c1980b39e	0	existing_challenge	seq_80f06801655a439b497a3db49072514f3110f9c199fb26fa98a5571c1980b39e	183	/home/lvfang/ESMC_halophile/R3_existing_challenge_v1_output/esm2/records/60/60fcbab85ec3ffa57713b619ed111d936e0afb795a22462dcd0a8544333f2de9.npy
1059	1059	seq_b42142937144f0e99097d4a04c3f84b8da158dc7f3538a689f3bfc1131134d52	0	existing_challenge	seq_b42142937144f0e99097d4a04c3f84b8da158dc7f3538a689f3bfc1131134d52	163	/home/lvfang/ESMC_halophile/R3_existing_challenge_v1_output/esm2/records/7b/7b6ca19e33af120ace6b690ac1527877e5b6446010e6344c89f83d53290491b1.npy
1060	1060	seq_73d0229f6cf733f82efd11378174c3fcbe50a5adcbadae2a5f0e84eb82e02e3e	0	existing_challenge	seq_73d0229f6cf733f82efd11378174c3fcbe50a5adcbadae2a5f0e84eb82e02e3e	753	/home/lvfang/ESMC_halophile/R3_existing_challenge_v1_output/esm2/records/f6/f63b3a0c3e5fff8ff88483cc2500c319dfb6a9a6650bc4306d345d3524f4666e.npy
1061	1061	seq_2295e45f8ad8ea87929ad1e4290c8499fdc26c187ca840200504fa1c2194c0c5	0	existing_challenge	seq_2295e45f8ad8ea87929ad1e4290c8499fdc26c187ca840200504fa1c2194c0c5	197	/home/lvfang/ESMC_halophile/R3_existing_challenge_v1_output/esm2/records/f3/f387e84951e942d4cee88f570449bad9d40956e05c95133bb3ddd62ffb1fe990.npy
1062	1062	seq_295616856344926e58ac9797ad51a50667e81de9e65932515538bfa156b4f181	0	existing_challenge	seq_295616856344926e58ac9797ad51a50667e81de9e65932515538bfa156b4f181	115	/home/lvfang/ESMC_halophile/R3_existing_challenge_v1_output/esm2/records/1a/1a2f2ce4e124841a2c54e6ea94a9ab0a53147a045ec28c0264d82794407ddf11.npy
1063	1063	seq_e8738870f6924ffeb04465e6bf5c42d1e20f0d6b3720bab0066824d0b7459e99	0	existing_challenge	seq_e8738870f6924ffeb04465e6bf5c42d1e20f0d6b3720bab0066824d0b7459e99	345	/home/lvfang/ESMC_halophile/R3_existing_challenge_v1_output/esm2/records/6f/6f2dbbbd00877c9246cbf9d2c1bb83e6df2d5d46d8f4d3ae0b09582d56bb3c2a.npy
1064	1064	seq_f19c50f507c191505d8e6ddb7c4ae6cb39b6d7ccc55cd6194e88b2279fc1e19a	0	existing_challenge	seq_f19c50f507c191505d8e6ddb7c4ae6cb39b6d7ccc55cd6194e88b2279fc1e19a	195	/home/lvfang/ESMC_halophile/R3_existing_challenge_v1_output/esm2/records/65/6578370a348ce262d101b2ccce7f68cfb7b7cc243b1f07fabbb959aef11fab76.npy
1065	1065	seq_9cedfb104e3bacff53c192c816d74436de225eb48ffeea12ff9a936e9547bd4b	0	existing_challenge	seq_9cedfb104e3bacff53c192c816d74436de225eb48ffeea12ff9a936e9547bd4b	239	/home/lvfang/ESMC_halophile/R3_existing_challenge_v1_output/esm2/records/c4/c4d81baaefb7d3fb2c5afe0984768cb034f7a624f82570199beb6fcd2da36d6d.npy
1066	1066	seq_b77f469981f703a423915644321861c65ef5caa1f4242b4c45da90db0aac7202	0	existing_challenge	seq_b77f469981f703a423915644321861c65ef5caa1f4242b4c45da90db0aac7202	98	/home/lvfang/ESMC_halophile/R3_existing_challenge_v1_output/esm2/records/df/df97197ad841fb5d19be753c83e2b297e1278a85b5b09d84e747966c151d75da.npy
1067	1067	seq_9edb2bf3005e95b51fbd1e1a83f361726aae4c0a02f87117ff887c2537c75136	0	existing_challenge	seq_9edb2bf3005e95b51fbd1e1a83f361726aae4c0a02f87117ff887c2537c75136	334	/home/lvfang/ESMC_halophile/R3_existing_challenge_v1_output/esm2/records/72/72a0fca52e62de4269340695442347be4fb525bf71dad6fc9ca32d80ad96af35.npy
1068	1068	seq_ae3184ea0cfac550c76d554b2cf171dd4b3f1ab8421e94bf02bdb1ad654386f6	0	existing_challenge	seq_ae3184ea0cfac550c76d554b2cf171dd4b3f1ab8421e94bf02bdb1ad654386f6	21	/home/lvfang/ESMC_halophile/R3_existing_challenge_v1_output/esm2/records/28/28e77a2953396f938d32ab541ad4b29da0217b926815e720850bc507575f0a90.npy
1069	1069	seq_da098cb22847723e9b0c5ebd0bdecf785bebbbff5f7771f8d64f0684ed8af16e	0	existing_challenge	seq_da098cb22847723e9b0c5ebd0bdecf785bebbbff5f7771f8d64f0684ed8af16e	250	/home/lvfang/ESMC_halophile/R3_existing_challenge_v1_output/esm2/records/be/be2d8e22a856e688e84db7fbae939553e7b56d50a5767f7c6912b5030f368982.npy
1070	1070	seq_70dab40c431e49b5e8a92f03f13bfd58ccf4dabca383c3d099555add7a408922	0	existing_challenge	seq_70dab40c431e49b5e8a92f03f13bfd58ccf4dabca383c3d099555add7a408922	29	/home/lvfang/ESMC_halophile/R3_existing_challenge_v1_output/esm2/records/ea/eaaa7c7a9e1d4eafe20fa2adad2d7dfa5400c26fb1145242dea9133a42517393.npy
1071	1071	seq_eb5fecc67a3b015b835319c58643d2f5adc6b07704cc92fb5bc0c76c7952ae62	0	existing_challenge	seq_eb5fecc67a3b015b835319c58643d2f5adc6b07704cc92fb5bc0c76c7952ae62	475	/home/lvfang/ESMC_halophile/R3_existing_challenge_v1_output/esm2/records/3a/3a74aa3b9d831bb3167fa75e61691f3f45139a4a2f5651b767f490cd3481184f.npy
1072	1072	seq_2ff1b9d72ab826e8a73bf5dfed4f279d062aa22071ca5f5e6b8e36871353e5b3	0	existing_challenge	seq_2ff1b9d72ab826e8a73bf5dfed4f279d062aa22071ca5f5e6b8e36871353e5b3	204	/home/lvfang/ESMC_halophile/R3_existing_challenge_v1_output/esm2/records/7a/7ac2670e068a67171fe19bb421410979eb439e0a3a7a16afbea72de8fb2903cf.npy
1073	1073	seq_8c6a3ee0494fb073f13b8f6f401c31c0c6438ac334a8d98ccb4a66459adae739	0	existing_challenge	seq_8c6a3ee0494fb073f13b8f6f401c31c0c6438ac334a8d98ccb4a66459adae739	36	/home/lvfang/ESMC_halophile/R3_existing_challenge_v1_output/esm2/records/8a/8a0715dc42ec50ef86cd246d3632d23ab45a63d8096d9bb499f105316cbfb382.npy
1074	1074	seq_685ad6f7ff16c2d3ffd41c3a36c0e50a168bf068ecf91738c88b6ed655448600	0	existing_challenge	seq_685ad6f7ff16c2d3ffd41c3a36c0e50a168bf068ecf91738c88b6ed655448600	95	/home/lvfang/ESMC_halophile/R3_existing_challenge_v1_output/esm2/records/d0/d06756df4cf781f7281d441e628dfdfe149bd3c840fe71e60488cf34dd22c1ff.npy
1075	1075	seq_33b3dae085026fa1e8ff57d62dd28d408d370b6315104d75783990b15372867f	0	existing_challenge	seq_33b3dae085026fa1e8ff57d62dd28d408d370b6315104d75783990b15372867f	92	/home/lvfang/ESMC_halophile/R3_existing_challenge_v1_output/esm2/records/71/713f6a1608a1398ac4205f90575c636977887276c49f65c91d29cd8b7aa15263.npy
1076	1076	seq_1eab4d1d8695cbb63c7257adeeb25339b03e882387161794c5109d3d8a664249	0	existing_challenge	seq_1eab4d1d8695cbb63c7257adeeb25339b03e882387161794c5109d3d8a664249	136	/home/lvfang/ESMC_halophile/R3_existing_challenge_v1_output/esm2/records/07/076ab088562721ce6398d8892fd19536f2e394aa4173f99e2a16aa1c3c6face3.npy
1077	1077	seq_f15ad3506578c8ff5f844f475c056e828e92a429850db4f66184c633b5d6e57d	0	existing_challenge	seq_f15ad3506578c8ff5f844f475c056e828e92a429850db4f66184c633b5d6e57d	101	/home/lvfang/ESMC_halophile/R3_existing_challenge_v1_output/esm2/records/6d/6df1c89c2195b639eea7ba8dd3b8695b1fe9a2c560a74a8777184c8c2bc7783d.npy
1078	1078	seq_f9936b894069c37be410bba3d7c1366f591c268d1523e28234ad55fb34e749aa	0	existing_challenge	seq_f9936b894069c37be410bba3d7c1366f591c268d1523e28234ad55fb34e749aa	160	/home/lvfang/ESMC_halophile/R3_existing_challenge_v1_output/esm2/records/4a/4ac6d92683747f6d5f3092d2e274f28289bde177b9a3d721c4283721dcc13eba.npy
1079	1079	seq_752bfdd65570238d68095a6f21532cd66720a43d3ddfa24ff3638b4b300a30ba	0	existing_challenge	seq_752bfdd65570238d68095a6f21532cd66720a43d3ddfa24ff3638b4b300a30ba	56	/home/lvfang/ESMC_halophile/R3_existing_challenge_v1_output/esm2/records/c9/c968d72a76fa99bda4dfd6c90b1c0bc7804056a6c05f7d960ce688ff94b63cd9.npy
1080	1080	seq_e88c23855cae3e9bbf58db6dffe8f2a16eabf120237f0b3d47f5b34ed8be91d5	0	existing_challenge	seq_e88c23855cae3e9bbf58db6dffe8f2a16eabf120237f0b3d47f5b34ed8be91d5	311	/home/lvfang/ESMC_halophile/R3_existing_challenge_v1_output/esm2/records/81/81175ee933e7bcdd28ffa2a675e5d4b75bcce5b2cb375807e215332ddcfdd607.npy
1081	1081	seq_6f2be5d4c9c6f4a018091322ffdb55ed04ba6de01ae4abbcc1f613af872c3389	0	existing_challenge	seq_6f2be5d4c9c6f4a018091322ffdb55ed04ba6de01ae4abbcc1f613af872c3389	702	/home/lvfang/ESMC_halophile/R3_existing_challenge_v1_output/esm2/records/b9/b9e9c6a9d204381e928113d3ddee8a47fae562eaecc554655295e8705c78ca86.npy
1082	1082	seq_ed943c164d692b839c2957c32bedadb9a17058ba3ce080b68c2967d892dc672a	0	existing_challenge	seq_ed943c164d692b839c2957c32bedadb9a17058ba3ce080b68c2967d892dc672a	79	/home/lvfang/ESMC_halophile/R3_existing_challenge_v1_output/esm2/records/24/2480572fae72d2e66b1d3c613662274c0c65da1fdd2b52cd50cdb6b9ed1d04f1.npy
1083	1083	seq_5943398027e8080646352a01cc58ef384e11af28cf9304621d7bc9714141c4fc	0	existing_challenge	seq_5943398027e8080646352a01cc58ef384e11af28cf9304621d7bc9714141c4fc	355	/home/lvfang/ESMC_halophile/R3_existing_challenge_v1_output/esm2/records/75/757f21cd74e22978c346ff636b04a794e7a89eedcc274bac620edb1b0d8714b5.npy
1084	1084	seq_c131660915543ad65e6e6022e8a3c13a9deeacf647b588cba8a7571f391e5c6d	0	existing_challenge	seq_c131660915543ad65e6e6022e8a3c13a9deeacf647b588cba8a7571f391e5c6d	239	/home/lvfang/ESMC_halophile/R3_existing_challenge_v1_output/esm2/records/75/75f708b0c403e105d7d869d675494e6b12160775cdb676d16bc7ec516e71d1e4.npy
1085	1085	seq_a7c43c97cb2aa8602d25a3e534b9947cbc1f2959e03a0e79545e1f91562000c1	0	existing_challenge	seq_a7c43c97cb2aa8602d25a3e534b9947cbc1f2959e03a0e79545e1f91562000c1	177	/home/lvfang/ESMC_halophile/R3_existing_challenge_v1_output/esm2/records/09/092d262e35ced68ac069de8c482670da1055e0d2cb347b0e3ed54a404ff2c423.npy
1086	1086	seq_54fe631a9f34128fe9bd25852f146acbcb79bc82243c4ce3dda36ef8d73deffb	0	existing_challenge	seq_54fe631a9f34128fe9bd25852f146acbcb79bc82243c4ce3dda36ef8d73deffb	156	/home/lvfang/ESMC_halophile/R3_existing_challenge_v1_output/esm2/records/79/791d7c557b63d73adaa28f0c5f4d343820bbcc80b427fd0aacfce31af25427b3.npy
1087	1087	seq_685f7e4e6af4ea5a415988bd0dce4e20137b0e97e4e053fa3a29a5bc83bba1f4	0	existing_challenge	seq_685f7e4e6af4ea5a415988bd0dce4e20137b0e97e4e053fa3a29a5bc83bba1f4	298	/home/lvfang/ESMC_halophile/R3_existing_challenge_v1_output/esm2/records/37/37443a66c099ad50d370872293c4494bbcd90240845acab1e7ed8fdc27504478.npy
1088	1088	seq_e3ea0fca648c223bc5dc36a583b47054310fa4f128ed881575b682b1d510d52d	0	existing_challenge	seq_e3ea0fca648c223bc5dc36a583b47054310fa4f128ed881575b682b1d510d52d	157	/home/lvfang/ESMC_halophile/R3_existing_challenge_v1_output/esm2/records/32/3276543ac6fe2d3b32ba32acb26da99c2969b1b14a3d08620cc2dd3072c04bde.npy
1089	1089	seq_ca49227b7e2fa796d5e1205c78d0e2bca1dabba63ba39a9316c76de8f3852d74	0	existing_challenge	seq_ca49227b7e2fa796d5e1205c78d0e2bca1dabba63ba39a9316c76de8f3852d74	78	/home/lvfang/ESMC_halophile/R3_existing_challenge_v1_output/esm2/records/bd/bd609e750ccb3065a5b24c845e17f279861668adc33620e023b4fd22de943102.npy
1090	1090	seq_6999f2ec9982eade4e67156ff46781e4e5537cfe7bce0593bc545bda19ff7e09	0	existing_challenge	seq_6999f2ec9982eade4e67156ff46781e4e5537cfe7bce0593bc545bda19ff7e09	64	/home/lvfang/ESMC_halophile/R3_existing_challenge_v1_output/esm2/records/e6/e681eba5f5d1b6a289fe0fc40b5b0956eb17f886797a665d854f23fd010ea947.npy
1091	1091	seq_7903a7bf3fdc66dcb0119f06bff2713951cbf3c7b43a46b9f2266148028768ec	0	existing_challenge	seq_7903a7bf3fdc66dcb0119f06bff2713951cbf3c7b43a46b9f2266148028768ec	58	/home/lvfang/ESMC_halophile/R3_existing_challenge_v1_output/esm2/records/4e/4e2f3f28a86acb586b879afd3484700a4c18b3f97d892e6763a9f492ba7b4716.npy
1092	1092	seq_d2a22b9d48ab16c4ac0a12fdad023ec8641bdd08ea78aebecea973fd5f8c8976	0	existing_challenge	seq_d2a22b9d48ab16c4ac0a12fdad023ec8641bdd08ea78aebecea973fd5f8c8976	152	/home/lvfang/ESMC_halophile/R3_existing_challenge_v1_output/esm2/records/38/3813312ec8db1f17c59d49012957a6e35f448d68c5ed772a63d8fb58b3d6ba81.npy
1093	1093	seq_e1e0195c9fc3ad2ac3e5a95562f75440f984836a69c3a6a2ab56cd401af8d260	0	existing_challenge	seq_e1e0195c9fc3ad2ac3e5a95562f75440f984836a69c3a6a2ab56cd401af8d260	201	/home/lvfang/ESMC_halophile/R3_existing_challenge_v1_output/esm2/records/e5/e599640f2746b4768005341277cff1388f00af7f05f056b517f089623d7ea990.npy
1094	1094	seq_0f82eadb21771b62e5b42f49fcc24c03997db5b14aae2d7e8151fe0259264d3a	0	existing_challenge	seq_0f82eadb21771b62e5b42f49fcc24c03997db5b14aae2d7e8151fe0259264d3a	151	/home/lvfang/ESMC_halophile/R3_existing_challenge_v1_output/esm2/records/20/2018bf730f2dc5e2f20eb9f0b9e696f062d38a820d536951d2d230109b2cff2a.npy
1095	1095	seq_d5703453ecc5b5f6d8021c15d1e4d7f93ce0f88b83e3828cf7ff688578fb3254	0	existing_challenge	seq_d5703453ecc5b5f6d8021c15d1e4d7f93ce0f88b83e3828cf7ff688578fb3254	247	/home/lvfang/ESMC_halophile/R3_existing_challenge_v1_output/esm2/records/6c/6c6b5cc2bc7e08047baf561452ac7378418d3494e6af90affa1f9a69412bcc61.npy
1096	1096	seq_1fb59bd84c23aa6613d1966b2970b1d8323d00d9d920fd99ad15dd5e86294ef4	0	existing_challenge	seq_1fb59bd84c23aa6613d1966b2970b1d8323d00d9d920fd99ad15dd5e86294ef4	708	/home/lvfang/ESMC_halophile/R3_existing_challenge_v1_output/esm2/records/98/9847cfdacfbdd8e51443a14656c89de336cb63ba2dc1b5768ca646dadb3ce619.npy
1097	1097	seq_4aec72e5080c56e2aef03cdc2a5ed67e01b102782771bee6f5f8a773fd0c43e8	0	existing_challenge	seq_4aec72e5080c56e2aef03cdc2a5ed67e01b102782771bee6f5f8a773fd0c43e8	256	/home/lvfang/ESMC_halophile/R3_existing_challenge_v1_output/esm2/records/58/581f622d53ff1fc6b572db1fcf4a5916d96c56afab7543b612ed4512f1acb666.npy
1098	1098	seq_af05072d75bb8e7438bea3aa311b3fa6cfee0dac148c68bc9afcc6be2d980ffe	0	existing_challenge	seq_af05072d75bb8e7438bea3aa311b3fa6cfee0dac148c68bc9afcc6be2d980ffe	319	/home/lvfang/ESMC_halophile/R3_existing_challenge_v1_output/esm2/records/f1/f1f3292037c1a7f5529225a316d51dc0a6501b97389ccf31ef633e2ade31fcc5.npy
1099	1099	seq_551834047366d05fc561bf69ac4f3fd9f1fa691105bc20debee196853bbf9b7b	0	existing_challenge	seq_551834047366d05fc561bf69ac4f3fd9f1fa691105bc20debee196853bbf9b7b	312	/home/lvfang/ESMC_halophile/R3_existing_challenge_v1_output/esm2/records/35/35ca404b5fa51b90dfbf78bed7cffc54d1aa032536524e7a1125e82d36256adf.npy
1100	1100	seq_285244cea21d9963e884b264bbbd37090a7a2b6acf0b1837c460c14616405921	0	existing_challenge	seq_285244cea21d9963e884b264bbbd37090a7a2b6acf0b1837c460c14616405921	102	/home/lvfang/ESMC_halophile/R3_existing_challenge_v1_output/esm2/records/fd/fdff5f52aac0fa6b32accda954f2996b717d416afa18f1d373c4693e18d3fd0e.npy
1101	1101	seq_73577d51cd4b9ddb41d0974b7556cee9f9cc21171aaf4b20458e37fce4fb1a2d	0	existing_challenge	seq_73577d51cd4b9ddb41d0974b7556cee9f9cc21171aaf4b20458e37fce4fb1a2d	2336	/home/lvfang/ESMC_halophile/R3_existing_challenge_v1_output/esm2/records/97/978862ffc73ad920fc4ede7406db887f9bd7a3d6917771bece79924b19be1fa8.npy
1102	1102	seq_46704e06da0bd7a8a35bfcadd1e26f974cc1388f0e50c4efddd648dec8585d65	0	existing_challenge	seq_46704e06da0bd7a8a35bfcadd1e26f974cc1388f0e50c4efddd648dec8585d65	216	/home/lvfang/ESMC_halophile/R3_existing_challenge_v1_output/esm2/records/9e/9e125490d375a27456997ff11c799a850169c97dd65e52f96c935f2b2b723733.npy
1103	1103	seq_74aab5328304baac916e1336198318a46ddcb95957b6bf66394e3a01362b6d51	0	existing_challenge	seq_74aab5328304baac916e1336198318a46ddcb95957b6bf66394e3a01362b6d51	42	/home/lvfang/ESMC_halophile/R3_existing_challenge_v1_output/esm2/records/97/97f3a5ed2531f3eb8f904dda135a2ed499d1f7b46cf4c14246c0a0a8273f93a3.npy
1104	1104	seq_930f14d2b2cd1527a9ad7ee26acc688d73275e627a7b3ae7f930d5a4241a3659	0	existing_challenge	seq_930f14d2b2cd1527a9ad7ee26acc688d73275e627a7b3ae7f930d5a4241a3659	413	/home/lvfang/ESMC_halophile/R3_existing_challenge_v1_output/esm2/records/20/208123d2dfaec892f2306285072c35f2187c7d93aacf5d3b48531fc7c33d579b.npy
1105	1105	seq_47568925981da745798e24dbf7c5f2a05f925fb594ab3bc5e009b42759d02212	0	existing_challenge	seq_47568925981da745798e24dbf7c5f2a05f925fb594ab3bc5e009b42759d02212	133	/home/lvfang/ESMC_halophile/R3_existing_challenge_v1_output/esm2/records/f6/f6b2f216b58295273dc89e7565a54f0d6203a9dd1c4d4e30b2becdbf2b63103c.npy
1106	1106	seq_39e141b5df5a4adb4252059213aff6780127c7d4b12caf15540b5ed89a418a48	0	existing_challenge	seq_39e141b5df5a4adb4252059213aff6780127c7d4b12caf15540b5ed89a418a48	1370	/home/lvfang/ESMC_halophile/R3_existing_challenge_v1_output/esm2/records/71/71438f6717caa741b7dceea6c2422762bc97b7249d10be3e084175e23b91869d.npy
1107	1107	seq_ce5c8788c9331105cb29cfb3e2715905bb483b8074addf3f1378a470df9b112d	0	existing_challenge	seq_ce5c8788c9331105cb29cfb3e2715905bb483b8074addf3f1378a470df9b112d	296	/home/lvfang/ESMC_halophile/R3_existing_challenge_v1_output/esm2/records/c8/c859d2d4a95485831efb80f7f8152196a5b289e5ba412505816f4fa3eec15995.npy
1108	1108	seq_89fc7f5d74812a2f41a0b386a19cec662c2d01a43a7fff9ec59725aa2246c180	0	existing_challenge	seq_89fc7f5d74812a2f41a0b386a19cec662c2d01a43a7fff9ec59725aa2246c180	362	/home/lvfang/ESMC_halophile/R3_existing_challenge_v1_output/esm2/records/2b/2b41489fd8ab7897ee60ec94c265d043d69f0a67335b1e9f6e246b0f314ce288.npy
1109	1109	seq_af85a67c66994b597965791d00f0924e4591b91d1a3b411d99fc5ea4d116d348	0	existing_challenge	seq_af85a67c66994b597965791d00f0924e4591b91d1a3b411d99fc5ea4d116d348	336	/home/lvfang/ESMC_halophile/R3_existing_challenge_v1_output/esm2/records/f4/f49aef5e8f398fec319fae09dfb8f8a008c205ac21b287d47313c8e37d157a99.npy
1110	1110	seq_64f3db958898aaceb5f6870c2403cedc6f946f2cf18bd2eb7570f6cfa8b7d1e7	0	existing_challenge	seq_64f3db958898aaceb5f6870c2403cedc6f946f2cf18bd2eb7570f6cfa8b7d1e7	252	/home/lvfang/ESMC_halophile/R3_existing_challenge_v1_output/esm2/records/61/61f97def2ffb6c4ee71b8d1467d1964bbee340813065268d3cf571f251f09321.npy
1111	1111	seq_93f46f98d0f75c940e05c7c764d85b3038f8fb2332641f8d97d1b32fece78402	0	existing_challenge	seq_93f46f98d0f75c940e05c7c764d85b3038f8fb2332641f8d97d1b32fece78402	351	/home/lvfang/ESMC_halophile/R3_existing_challenge_v1_output/esm2/records/14/1493669ef27029c5cb8573e35a5bc86603b5320545097d6ecc195bf1df08d644.npy
1112	1112	seq_6e0256544b02077a25d0dece79c36c825bda4308b2bcdb68fa0d203ced720db1	0	existing_challenge	seq_6e0256544b02077a25d0dece79c36c825bda4308b2bcdb68fa0d203ced720db1	495	/home/lvfang/ESMC_halophile/R3_existing_challenge_v1_output/esm2/records/7c/7c268b74d0a000a350d126ac18e59fec3aac64d0da7e636bcf4af410ea843733.npy
1113	1113	seq_a0cd34ad4a8d9310364ea1c741122dcfc75fdbd0a37d8ec74f55221fe555e080	0	existing_challenge	seq_a0cd34ad4a8d9310364ea1c741122dcfc75fdbd0a37d8ec74f55221fe555e080	281	/home/lvfang/ESMC_halophile/R3_existing_challenge_v1_output/esm2/records/33/33876d6d428ec96459fd6aace87cf8aa8f33ece99b3c50c1c08db13854f4961c.npy
1114	1114	seq_caa9a586235d9da7de03ac0832f9d4f8972d5207075e5bc47e752a1c84f80600	0	existing_challenge	seq_caa9a586235d9da7de03ac0832f9d4f8972d5207075e5bc47e752a1c84f80600	302	/home/lvfang/ESMC_halophile/R3_existing_challenge_v1_output/esm2/records/e4/e409b3fa7e4661086d0121e30d7ee287b1405f4ffcca83fa64040852e6421472.npy
1115	1115	seq_5807c76f4b846fc6a4d9dbcf5505a6be10c8ccd0788d1e242a410ad29d583cd6	0	existing_challenge	seq_5807c76f4b846fc6a4d9dbcf5505a6be10c8ccd0788d1e242a410ad29d583cd6	365	/home/lvfang/ESMC_halophile/R3_existing_challenge_v1_output/esm2/records/34/343dd77496cd01146d2a6f7d37502e893dfff17943c8bbf1f80c3fa44617da7f.npy
1116	1116	seq_385e116f18fe99579d060404930005b2085030ba9ac0775a9ee49e9eadb36c79	0	existing_challenge	seq_385e116f18fe99579d060404930005b2085030ba9ac0775a9ee49e9eadb36c79	184	/home/lvfang/ESMC_halophile/R3_existing_challenge_v1_output/esm2/records/c3/c3c05209204ff636de34dbd728b9f4e98302042aeae345d6010b87da93b362bc.npy
1117	1117	seq_8efc3a33011417474492006cc4ed3721c0b18fc30f6b2c61e88d8557d7919278	0	existing_challenge	seq_8efc3a33011417474492006cc4ed3721c0b18fc30f6b2c61e88d8557d7919278	417	/home/lvfang/ESMC_halophile/R3_existing_challenge_v1_output/esm2/records/79/79125e1829ac890d03dd2475538dccedbdcecfb082362762e5434e22c0364bf6.npy
1118	1118	seq_bd85beba5dada83bd248a3cfdaa934aebc2a8a49bc6c2d96647f5c913003c4a9	0	existing_challenge	seq_bd85beba5dada83bd248a3cfdaa934aebc2a8a49bc6c2d96647f5c913003c4a9	212	/home/lvfang/ESMC_halophile/R3_existing_challenge_v1_output/esm2/records/5d/5d587464c529fd706b34166621f28f8aebae52f3f3f345497442c3a37038a021.npy
1119	1119	seq_9dd492fb2da95d3a63cd59f8f79cd246311e58cef83b4cefb3deef1e5f020dbd	0	existing_challenge	seq_9dd492fb2da95d3a63cd59f8f79cd246311e58cef83b4cefb3deef1e5f020dbd	217	/home/lvfang/ESMC_halophile/R3_existing_challenge_v1_output/esm2/records/39/39a8bee7116307708da645aad8e272a2e49d87f4189575f3dbeefddbe13da033.npy
1120	1120	seq_59cd7b7167364664c1ed618b32a933f688ef7ded7f6a1a011066ca12fff4a565	0	existing_challenge	seq_59cd7b7167364664c1ed618b32a933f688ef7ded7f6a1a011066ca12fff4a565	223	/home/lvfang/ESMC_halophile/R3_existing_challenge_v1_output/esm2/records/1a/1a1f445e137ce07756e34edb0ac0e7d58fdf362bd95c4d868e8eeec5ae75a388.npy
1121	1121	seq_634fa586d781b6749671e2885863d58a51421bc00cc2c2cded8f3a30f3ec7d22	0	existing_challenge	seq_634fa586d781b6749671e2885863d58a51421bc00cc2c2cded8f3a30f3ec7d22	87	/home/lvfang/ESMC_halophile/R3_existing_challenge_v1_output/esm2/records/43/43d494d3b922316fb91e9fbb900959465528636d43d96e85fd4b990c7d3627cc.npy
1122	1122	seq_bfb9ffff3bd0d1c026c65119060d2888c74266d728fbef89c0dcf9d32ac8c12a	0	existing_challenge	seq_bfb9ffff3bd0d1c026c65119060d2888c74266d728fbef89c0dcf9d32ac8c12a	477	/home/lvfang/ESMC_halophile/R3_existing_challenge_v1_output/esm2/records/73/736e55c59a30678af5ae7e07b810efabe785f93c5794c35b6ae1166ffe6dac7f.npy
1123	1123	seq_c4da96e75c035b08edf6cbd935a50382a1b47edafdfe87c33c334d162bff6be8	0	existing_challenge	seq_c4da96e75c035b08edf6cbd935a50382a1b47edafdfe87c33c334d162bff6be8	299	/home/lvfang/ESMC_halophile/R3_existing_challenge_v1_output/esm2/records/f1/f1e0223a704e7414e46cd5d8887cf29951a059be123c29ddb36806e7c53a4139.npy
1124	1124	seq_38f0e395b31503a5297469cc3ac618c4dd374ac56bb6841400b7ad75980d6595	0	existing_challenge	seq_38f0e395b31503a5297469cc3ac618c4dd374ac56bb6841400b7ad75980d6595	221	/home/lvfang/ESMC_halophile/R3_existing_challenge_v1_output/esm2/records/8f/8f0442d4fcbca88ac65282a1a35b58b0a24e53f161505b7aa83b80787b3718e6.npy
1125	1125	seq_c63d37e4e555f039b33e45d4241d4a17e9fddd8dd6023e816668423867ad38f5	0	existing_challenge	seq_c63d37e4e555f039b33e45d4241d4a17e9fddd8dd6023e816668423867ad38f5	217	/home/lvfang/ESMC_halophile/R3_existing_challenge_v1_output/esm2/records/72/72a2bb75a64ec4d3f93fc8ab5f5ca938b006205d928684bce4d754f35905bb1a.npy
1126	1126	seq_d646f7b19527e83478a6640ad13dfd9e51b78996ea8b2a8e5451915c3188c090	0	existing_challenge	seq_d646f7b19527e83478a6640ad13dfd9e51b78996ea8b2a8e5451915c3188c090	150	/home/lvfang/ESMC_halophile/R3_existing_challenge_v1_output/esm2/records/67/6701c4be27c56d42582fc7f9837530de129ef635325ebc518d8e86506d4f1c6e.npy
1127	1127	seq_7a14aa2f38f1275f3b1f2e91bf3380d756e31d46dbc4b24b6479befb0ea1d0ca	0	existing_challenge	seq_7a14aa2f38f1275f3b1f2e91bf3380d756e31d46dbc4b24b6479befb0ea1d0ca	309	/home/lvfang/ESMC_halophile/R3_existing_challenge_v1_output/esm2/records/16/164bf5711ba5c6b9f54b1b7da1b0dcfb50b820fa207ad5bdaad2c10e6cc6fc33.npy
1128	1128	seq_445f051c45711e3e5d34566a3094683413064e5a055d611207d7200f470ae8e1	0	existing_challenge	seq_445f051c45711e3e5d34566a3094683413064e5a055d611207d7200f470ae8e1	232	/home/lvfang/ESMC_halophile/R3_existing_challenge_v1_output/esm2/records/bf/bfca39dc4dd819c5e4d591d3243caad33a352ea90328ad40ec114196ad669103.npy
1129	1129	seq_033226d7d0ecc57864d1e8bbcd1c9069906a8bd85636499bf1eace8177565d77	0	existing_challenge	seq_033226d7d0ecc57864d1e8bbcd1c9069906a8bd85636499bf1eace8177565d77	310	/home/lvfang/ESMC_halophile/R3_existing_challenge_v1_output/esm2/records/db/db3c1c69c8b551c6fa1ab4b850b6810089659793b14d347ed83952004ac6f02c.npy
1130	1130	seq_a56878e09c29323d414c36bdd8fddec0697d0585eaed0ae67eceafe8d3005238	0	existing_challenge	seq_a56878e09c29323d414c36bdd8fddec0697d0585eaed0ae67eceafe8d3005238	327	/home/lvfang/ESMC_halophile/R3_existing_challenge_v1_output/esm2/records/b9/b91c95277f28cbdc2e2774ac2e2f0c18b1e7fbcf06600c2f04b5ba0c90fcab55.npy
1131	1131	seq_c054ec0c54cc2a45060f7491677c5afac16ff8853941fa82f3e5595116f7a49e	0	existing_challenge	seq_c054ec0c54cc2a45060f7491677c5afac16ff8853941fa82f3e5595116f7a49e	437	/home/lvfang/ESMC_halophile/R3_existing_challenge_v1_output/esm2/records/ac/ac7b628d38c1455162d636cc883d0db3ecf3e3ced212c016c82b6690bfe10824.npy
1132	1132	seq_eade1af604cba7a3fd9db549150e5269e876e5074ae760dd4b9f6c73c3f66278	0	existing_challenge	seq_eade1af604cba7a3fd9db549150e5269e876e5074ae760dd4b9f6c73c3f66278	71	/home/lvfang/ESMC_halophile/R3_existing_challenge_v1_output/esm2/records/a9/a9c5c8448c379a0f7031f4f715258ed1640c1596d6a800b14916eeb18cb2fee1.npy
1133	1133	seq_dbd6a8d5a220b80ad63d4ef9f21a21d2dd5d530e18767ac1bcbbd2a1f8f63d4f	0	existing_challenge	seq_dbd6a8d5a220b80ad63d4ef9f21a21d2dd5d530e18767ac1bcbbd2a1f8f63d4f	308	/home/lvfang/ESMC_halophile/R3_existing_challenge_v1_output/esm2/records/15/15a0fef82f5c33fb228c802bcb6f3df73df59ea3b773f6b181b2d646db4e6954.npy
1134	1134	seq_8d7e209f637203b42272c18271bd128dabf4e595434c67db18ec2deadd7f008d	0	existing_challenge	seq_8d7e209f637203b42272c18271bd128dabf4e595434c67db18ec2deadd7f008d	128	/home/lvfang/ESMC_halophile/R3_existing_challenge_v1_output/esm2/records/10/1049c83b3b2cf77e874445c1dcfe66602cd50696b91d617229c6e015537444bc.npy
1135	1135	seq_393478507a9be32ba2507dce6e3bb44cb03de46a45928b3e394c6c6d95faacef	0	existing_challenge	seq_393478507a9be32ba2507dce6e3bb44cb03de46a45928b3e394c6c6d95faacef	131	/home/lvfang/ESMC_halophile/R3_existing_challenge_v1_output/esm2/records/33/33c592eb203c442ebe0823f252b00bfcc03db280760fea94c40f93bba995b76a.npy
1136	1136	seq_1f848e63d6f3ecadd36e344311ce7e2f4d481e0fe5726e431199b87fd06b06ac	0	existing_challenge	seq_1f848e63d6f3ecadd36e344311ce7e2f4d481e0fe5726e431199b87fd06b06ac	241	/home/lvfang/ESMC_halophile/R3_existing_challenge_v1_output/esm2/records/d5/d5f90a983a5a2264d1b1192150d008f1bcc4ffc64bfe86886e87e832dbd50a90.npy
1137	1137	seq_51adb4ac0e0c4a85a7cd01ffb8c56559bcc6930f9db2c64da6b9c4830e110d63	0	existing_challenge	seq_51adb4ac0e0c4a85a7cd01ffb8c56559bcc6930f9db2c64da6b9c4830e110d63	67	/home/lvfang/ESMC_halophile/R3_existing_challenge_v1_output/esm2/records/b4/b40c3ccff4064b61b56b83c0bf926171320164ce9eb50d41c8cac2e778e4e9cc.npy
1138	1138	seq_b8b1f6e1de38d105c9fa69874550e70af671a6048899e34a06d6a563aa968438	0	existing_challenge	seq_b8b1f6e1de38d105c9fa69874550e70af671a6048899e34a06d6a563aa968438	745	/home/lvfang/ESMC_halophile/R3_existing_challenge_v1_output/esm2/records/63/63ddb0a8115324ce536da710f1501e1cf6258cd1fa30b8fe22d71d76a61d40de.npy
1139	1139	seq_9bdac612dbc3a63a78ec85d93d756bca59316ab16f257b688b30eaad514bae25	0	existing_challenge	seq_9bdac612dbc3a63a78ec85d93d756bca59316ab16f257b688b30eaad514bae25	418	/home/lvfang/ESMC_halophile/R3_existing_challenge_v1_output/esm2/records/73/73a609dca1dabd96d31e904d2188fd8fd8f15c4741a041a73597afdfe45cf599.npy
1140	1140	seq_c99103ddace2b24448e93c699c4359e5e20ac930ac8d85b1f6cd4ce86724856b	0	existing_challenge	seq_c99103ddace2b24448e93c699c4359e5e20ac930ac8d85b1f6cd4ce86724856b	390	/home/lvfang/ESMC_halophile/R3_existing_challenge_v1_output/esm2/records/86/86d36a5549830bce48b9ccd62b82550cc241fdf4d074acf2e07b07f41fbeded9.npy
1141	1141	seq_f6eb93245a4b46153a80e108135c4906b7f0a98efcd713307749010ec9fa6f3c	0	existing_challenge	seq_f6eb93245a4b46153a80e108135c4906b7f0a98efcd713307749010ec9fa6f3c	81	/home/lvfang/ESMC_halophile/R3_existing_challenge_v1_output/esm2/records/81/814751ebff5b6c2710552357e8db3c3a6747230d404170b05b8b58dabc3865d1.npy
1142	1142	seq_fbd2fcd8d90f6d20b00db2b103ec49949290cfbd53e9d9bbc587dda31355e964	0	existing_challenge	seq_fbd2fcd8d90f6d20b00db2b103ec49949290cfbd53e9d9bbc587dda31355e964	30	/home/lvfang/ESMC_halophile/R3_existing_challenge_v1_output/esm2/records/cc/cc30d8ad783477bb90f83e445494dbf69977eb070fcd8850037d84e14fe5d983.npy
1143	1143	seq_ea91673d6b952957cebca5664f488f35e769e35ec25c7190601d559f368a26f4	0	existing_challenge	seq_ea91673d6b952957cebca5664f488f35e769e35ec25c7190601d559f368a26f4	397	/home/lvfang/ESMC_halophile/R3_existing_challenge_v1_output/esm2/records/d9/d9780e933a6140f391d6e930d1a73ae857d7caea862e0a92197ac87b2a07973d.npy
1144	1144	seq_13108bb1ed097688c4c4eaeb68d39ed71243195be5675b16ec97c51a1455d0ee	0	existing_challenge	seq_13108bb1ed097688c4c4eaeb68d39ed71243195be5675b16ec97c51a1455d0ee	133	/home/lvfang/ESMC_halophile/R3_existing_challenge_v1_output/esm2/records/8f/8f73ce7c4a0753daf92fc1429008a0a4b5ebaf5e1cdd06e999e36261785ad9c2.npy
1145	1145	seq_0fbc92f2f41bd58f871936d64c72edcd3e9f8a2dcda47502ba026a1929e7e489	0	existing_challenge	seq_0fbc92f2f41bd58f871936d64c72edcd3e9f8a2dcda47502ba026a1929e7e489	133	/home/lvfang/ESMC_halophile/R3_existing_challenge_v1_output/esm2/records/a0/a0889ffbdbf5cc3aa8d66a91575f7e85a52903faca317bf2c18d8f89dd8de6d1.npy
1146	1146	seq_dd074ad50808d8e5400fc7fa1f4aacdeafa128d3c5e58bb862aa4f1ba908de9e	0	existing_challenge	seq_dd074ad50808d8e5400fc7fa1f4aacdeafa128d3c5e58bb862aa4f1ba908de9e	209	/home/lvfang/ESMC_halophile/R3_existing_challenge_v1_output/esm2/records/80/80493aee950808373b64ce052db1289a9603a9e56beb52e3675519332568c485.npy
1147	1147	seq_e862561538591a8bf1c75334572911f28e69b036135d71e637befb0d5363d410	0	existing_challenge	seq_e862561538591a8bf1c75334572911f28e69b036135d71e637befb0d5363d410	412	/home/lvfang/ESMC_halophile/R3_existing_challenge_v1_output/esm2/records/50/502f83b43f7c43e06ef96a91556096d79c9c2bf2f8e85c335d7b41f7ed372e4f.npy
1148	1148	seq_29838c1e77f18ab348b5d6956a624c2ac35b4d4ae59cb219822ca625b34c0902	0	existing_challenge	seq_29838c1e77f18ab348b5d6956a624c2ac35b4d4ae59cb219822ca625b34c0902	305	/home/lvfang/ESMC_halophile/R3_existing_challenge_v1_output/esm2/records/41/41ac41fe7a66dd4d0807e10ae21ff90fe5e58c2a1931b1b100158bbe3f3df6dd.npy
1149	1149	seq_6b3c05d4f0268f0666e114c335e3d215916480c929e58a46fe91601fae810cb2	0	existing_challenge	seq_6b3c05d4f0268f0666e114c335e3d215916480c929e58a46fe91601fae810cb2	523	/home/lvfang/ESMC_halophile/R3_existing_challenge_v1_output/esm2/records/f7/f7ab91f3417d65e8d8cf3e4bdd2128a3a8572bcc6cadb044ccd456d40e54cd3c.npy
1150	1150	seq_d88c07846f4b8c07c24a75c2d986b056685453ecd631057f50bb3558323f559d	0	existing_challenge	seq_d88c07846f4b8c07c24a75c2d986b056685453ecd631057f50bb3558323f559d	273	/home/lvfang/ESMC_halophile/R3_existing_challenge_v1_output/esm2/records/bf/bf16218566c2a654e299ef47ac2224709f89b6536020cfd3474a7ee1aae8024f.npy
1151	1151	seq_6be2313ae4366ce6f248da0a3fddf50d90a626a06227061cb18aef0b7c0f7e15	0	existing_challenge	seq_6be2313ae4366ce6f248da0a3fddf50d90a626a06227061cb18aef0b7c0f7e15	91	/home/lvfang/ESMC_halophile/R3_existing_challenge_v1_output/esm2/records/e5/e5cfb0aaf36378e77fcfe331e20ce529e59224d00cb2e10eca90c26b47d6def5.npy
1152	1152	seq_742f404df774f24f6ce1a4d633472702cf96c87a913253cc0b384407df9eb57c	0	existing_challenge	seq_742f404df774f24f6ce1a4d633472702cf96c87a913253cc0b384407df9eb57c	312	/home/lvfang/ESMC_halophile/R3_existing_challenge_v1_output/esm2/records/f8/f88a29ad515053ed23603fa87c0c7ff2f17362d0b46f2bdeddf743371634c12d.npy
1153	1153	seq_12b01b91b109567441bb7a22b2573f0253021ab288135d801c8871622b71eb00	0	existing_challenge	seq_12b01b91b109567441bb7a22b2573f0253021ab288135d801c8871622b71eb00	531	/home/lvfang/ESMC_halophile/R3_existing_challenge_v1_output/esm2/records/ca/cab39da59625d30b6d31dcf79f61ba46c976281bc8e126def13e95913b0ac5ae.npy
1154	1154	seq_d3533371b2d1ad474a29c015cde284b66d57d5c47df8a9998caa1ed402d27c77	0	existing_challenge	seq_d3533371b2d1ad474a29c015cde284b66d57d5c47df8a9998caa1ed402d27c77	128	/home/lvfang/ESMC_halophile/R3_existing_challenge_v1_output/esm2/records/9b/9b58561c5be58aacb82d6f4251628d1fbbb404150ccc5b687b98b6479810e0d6.npy
1155	1155	seq_bcf85d52494ce6901c0082d87cd1370de2a35978ca5314a9a43b0252fdf6813e	0	existing_challenge	seq_bcf85d52494ce6901c0082d87cd1370de2a35978ca5314a9a43b0252fdf6813e	560	/home/lvfang/ESMC_halophile/R3_existing_challenge_v1_output/esm2/records/79/7939a84d0307a87aca0e4d7956dcaace01edcf6e13784313a8fff0003e76205f.npy
1156	1156	seq_57de27d2031a5f3e2bf0fd6b5925d9db3f22e8fc9591c0b545c32fe4d0cbc608	0	existing_challenge	seq_57de27d2031a5f3e2bf0fd6b5925d9db3f22e8fc9591c0b545c32fe4d0cbc608	155	/home/lvfang/ESMC_halophile/R3_existing_challenge_v1_output/esm2/records/d2/d2d290f78e5b6748567d354955874fd5d3d4ed884ca068dfcfb970995f61150f.npy
1157	1157	seq_6405711244a7376228062a97f0aa565aa1e8c348aeb8f372f741a6b2824a4a5d	0	existing_challenge	seq_6405711244a7376228062a97f0aa565aa1e8c348aeb8f372f741a6b2824a4a5d	358	/home/lvfang/ESMC_halophile/R3_existing_challenge_v1_output/esm2/records/c8/c85cc71e02bb947bb7489913c6d58bb86934d131f4178d457bbe0b47e74b8f90.npy
1158	1158	seq_18eb931866154b38e3457d98c0670b1e3ed1ffd39d3fbea0fcb434439cd68d2a	0	existing_challenge	seq_18eb931866154b38e3457d98c0670b1e3ed1ffd39d3fbea0fcb434439cd68d2a	54	/home/lvfang/ESMC_halophile/R3_existing_challenge_v1_output/esm2/records/bf/bf5b85e7b41e26ce015da1248c5f999e01f28af2eeb38b73f1318a0d639854f1.npy
1159	1159	seq_eb96b492989fe9aae6386e48e59044653bccac7f7ab498a47d50709adb5eeb5f	0	existing_challenge	seq_eb96b492989fe9aae6386e48e59044653bccac7f7ab498a47d50709adb5eeb5f	172	/home/lvfang/ESMC_halophile/R3_existing_challenge_v1_output/esm2/records/0b/0bebe86ea993673f5dc1185694bf467aab3a7dcb964ca0dfc480adafc5040f6b.npy
1160	1160	seq_192c8ea7c64bbfd89e5d51fe83ffd1289d49fa6ace8a9aa3de2390759f5aa742	0	existing_challenge	seq_192c8ea7c64bbfd89e5d51fe83ffd1289d49fa6ace8a9aa3de2390759f5aa742	401	/home/lvfang/ESMC_halophile/R3_existing_challenge_v1_output/esm2/records/a6/a675a597af779e95a026b3ffcbae637e8bef28792956f148e81b18540535aa24.npy
1161	1161	seq_aec92b9dc71975d25cf74539017002e32d18e4a3b83c0c57f7c242b09bd136a5	0	existing_challenge	seq_aec92b9dc71975d25cf74539017002e32d18e4a3b83c0c57f7c242b09bd136a5	147	/home/lvfang/ESMC_halophile/R3_existing_challenge_v1_output/esm2/records/fc/fc4d7795d77c0e4a17fb94ff602e21b445c49d2c8ec9b5a59d366a985aafe09d.npy
1162	1162	seq_4903ef8f717db3c9fc2eb1cd94cb1f86e9f2bc9add16fbe1f0a7513080804190	0	existing_challenge	seq_4903ef8f717db3c9fc2eb1cd94cb1f86e9f2bc9add16fbe1f0a7513080804190	138	/home/lvfang/ESMC_halophile/R3_existing_challenge_v1_output/esm2/records/ec/ec30464482fe8f4e060db32be1e0f410f3474e67961ac37a5584b5998ed5da3e.npy
1163	1163	seq_27c3d396f80db43e5be5bee94a1e43819b0cefe7204cf169848cbb8f079dcd4e	0	existing_challenge	seq_27c3d396f80db43e5be5bee94a1e43819b0cefe7204cf169848cbb8f079dcd4e	681	/home/lvfang/ESMC_halophile/R3_existing_challenge_v1_output/esm2/records/59/59163454a3f9ec050a94b479a44e01f223c03166651d1796a22640bf66606371.npy
1164	1164	seq_be96a49d5a6e44ed210e30c0890425eb27c89e1523a1ee785f98b2fb37ef0a54	0	existing_challenge	seq_be96a49d5a6e44ed210e30c0890425eb27c89e1523a1ee785f98b2fb37ef0a54	968	/home/lvfang/ESMC_halophile/R3_existing_challenge_v1_output/esm2/records/3e/3e270ecd1694450650b27f49ff5864e9d7ce4a4748e29f93d5ea7218cf69e878.npy
1165	1165	seq_7260ca8f610c760eae099d120162517349563552614f7a58ebf6d0d525fd5db8	0	existing_challenge	seq_7260ca8f610c760eae099d120162517349563552614f7a58ebf6d0d525fd5db8	347	/home/lvfang/ESMC_halophile/R3_existing_challenge_v1_output/esm2/records/6e/6e9a3ae9108e5af54d7d180727d60d7429ac9aeed82426d3936d6492c544897a.npy
1166	1166	seq_43e529d2306fc39c260c86a3561fe30d450313d11e496cc461b2644270a3e25c	0	existing_challenge	seq_43e529d2306fc39c260c86a3561fe30d450313d11e496cc461b2644270a3e25c	201	/home/lvfang/ESMC_halophile/R3_existing_challenge_v1_output/esm2/records/37/375d770be7319e28585bc2f11bc521d695f9ab8ecb1f3986634728e1fb08c8e5.npy
1167	1167	seq_aac450f66537703fae9a8a4979ddf35c62f8babf60a5b3e8c8b836b0a50d30d2	0	existing_challenge	seq_aac450f66537703fae9a8a4979ddf35c62f8babf60a5b3e8c8b836b0a50d30d2	133	/home/lvfang/ESMC_halophile/R3_existing_challenge_v1_output/esm2/records/1f/1f71d1fa91cfe0f64f287d7aa73aa59cc101b86364640515f2b5aaf3677aea38.npy
1168	1168	seq_7b9ec8c080042a5ea568aabe22f430ff363c56177e423782a259d7977b39ad22	0	existing_challenge	seq_7b9ec8c080042a5ea568aabe22f430ff363c56177e423782a259d7977b39ad22	804	/home/lvfang/ESMC_halophile/R3_existing_challenge_v1_output/esm2/records/a1/a1c01025d1035db0e60413b793489ef59f352a074137a9c573d60a3c4aa6ca66.npy
1169	1169	seq_d76fbe5e8536e7b5eb294aad4794e5f95bb714cf627d508ba9251e0b2024c522	0	existing_challenge	seq_d76fbe5e8536e7b5eb294aad4794e5f95bb714cf627d508ba9251e0b2024c522	340	/home/lvfang/ESMC_halophile/R3_existing_challenge_v1_output/esm2/records/42/4202d01178235839fdddf4876392fad2cc48633c35261c1a2075d4be54739c40.npy
1170	1170	seq_dfda490ee585bcfe415bb661e91cc2a5832a3170ccedf800a35b8cb835955892	0	existing_challenge	seq_dfda490ee585bcfe415bb661e91cc2a5832a3170ccedf800a35b8cb835955892	168	/home/lvfang/ESMC_halophile/R3_existing_challenge_v1_output/esm2/records/e8/e82d6d4afb8f793a0f6845964d0a742f3b87fb319ff37dd3126a872e2450a9be.npy
1171	1171	seq_9c9b1d03f30eb99fad46adac41cbf3b5f9f9dfce53d545d6bd6a19dbb68a6bfc	0	existing_challenge	seq_9c9b1d03f30eb99fad46adac41cbf3b5f9f9dfce53d545d6bd6a19dbb68a6bfc	225	/home/lvfang/ESMC_halophile/R3_existing_challenge_v1_output/esm2/records/1e/1eac92f51f0b4b552322456c8683141e0af2afeed56ec89c6cc04b938da3f86b.npy
1172	1172	seq_8cae5e97f63d83e31e6948c2652c0cd53dda2f4b188e5c0ae25dca4df10abc21	0	existing_challenge	seq_8cae5e97f63d83e31e6948c2652c0cd53dda2f4b188e5c0ae25dca4df10abc21	490	/home/lvfang/ESMC_halophile/R3_existing_challenge_v1_output/esm2/records/79/79783198baf5f98b0047fc004324482fa29cb60d773ec9bcfe677d6b761533e4.npy
1173	1173	seq_e094e5aa2c51fa914fc44c0f7094be6eff8dd7b53ec607319a3102c25b5c721d	0	existing_challenge	seq_e094e5aa2c51fa914fc44c0f7094be6eff8dd7b53ec607319a3102c25b5c721d	162	/home/lvfang/ESMC_halophile/R3_existing_challenge_v1_output/esm2/records/eb/eba9e50518bcfdd2545f1340d5e35d5fdab689d080afe1686141dea14f59c5ee.npy
1174	1174	seq_e857c2ffe302de93c0293a08fe531f0725c48f2cb3668e244a4e791be9a14396	0	existing_challenge	seq_e857c2ffe302de93c0293a08fe531f0725c48f2cb3668e244a4e791be9a14396	316	/home/lvfang/ESMC_halophile/R3_existing_challenge_v1_output/esm2/records/fc/fca35c934875a341147a5c1746ced5c07059604117ad7182523911e714eeb214.npy
1175	1175	seq_4cc155a01440bfc8869056e2776afd541a0939457ecb229647e31108baa61b58	0	existing_challenge	seq_4cc155a01440bfc8869056e2776afd541a0939457ecb229647e31108baa61b58	72	/home/lvfang/ESMC_halophile/R3_existing_challenge_v1_output/esm2/records/9b/9b18c9ecb7e3c1c3239623473cbb119f23c6b02133e144ec9f5e505af0fe6f67.npy
1176	1176	seq_76d2d40d6dd88182be72fad52b927d7bc8c4716f901336999e3bd5fe0b428db0	0	existing_challenge	seq_76d2d40d6dd88182be72fad52b927d7bc8c4716f901336999e3bd5fe0b428db0	171	/home/lvfang/ESMC_halophile/R3_existing_challenge_v1_output/esm2/records/ff/ffbef61478530c2387e955861952407e1e9b782a00077e623c07ec17d9d20b98.npy
1177	1177	seq_7db7bca9b690aa7936877df0cbb2195e3891f1f4215e1b725ac17c6d9b1e5fe3	0	existing_challenge	seq_7db7bca9b690aa7936877df0cbb2195e3891f1f4215e1b725ac17c6d9b1e5fe3	175	/home/lvfang/ESMC_halophile/R3_existing_challenge_v1_output/esm2/records/2f/2fc52dd5e5e21fa81cd32b16fd8e1b6ce83382f9882461fc4876251a32655cc4.npy
1178	1178	seq_2e47fbd0a623f0e52c8551ccea3e96a059eb667146284631a47de49b5f6b3598	0	existing_challenge	seq_2e47fbd0a623f0e52c8551ccea3e96a059eb667146284631a47de49b5f6b3598	127	/home/lvfang/ESMC_halophile/R3_existing_challenge_v1_output/esm2/records/9d/9d755f52e420aa4d57f9f5cffb9724a281e6f10fb78ee907e9f2e89b13848cd8.npy
1179	1179	seq_2e6e3343f55ebcefbcc37ff9763f8bb75a9193a4e71c029015d7109a4cc67689	0	existing_challenge	seq_2e6e3343f55ebcefbcc37ff9763f8bb75a9193a4e71c029015d7109a4cc67689	563	/home/lvfang/ESMC_halophile/R3_existing_challenge_v1_output/esm2/records/b0/b0078d831d12111a7ef71022ee6b8d2f0f6b6cd5ef3a89291539d93e7b7b544b.npy
1180	1180	seq_5810cbad323d0dea662fd43e06483b2bcf632e305d83f5e602d33f113c21005a	0	existing_challenge	seq_5810cbad323d0dea662fd43e06483b2bcf632e305d83f5e602d33f113c21005a	76	/home/lvfang/ESMC_halophile/R3_existing_challenge_v1_output/esm2/records/df/df7f59b0b67985e2ee7a0721c071de9087e5691f2851204541a6ed57d46e0ac7.npy
1181	1181	seq_9737e456a41b661b4eb592681fcb3a273311693742df5c1cafe983ebc21e4724	0	existing_challenge	seq_9737e456a41b661b4eb592681fcb3a273311693742df5c1cafe983ebc21e4724	727	/home/lvfang/ESMC_halophile/R3_existing_challenge_v1_output/esm2/records/9f/9f1527b3243117858958461d3d48165e351b5e359a7e967e993be8d0393016e7.npy
1182	1182	seq_39d3a2c49118436820a75c185870226176ee80e517a07a1ab665d8fd03ccc031	0	existing_challenge	seq_39d3a2c49118436820a75c185870226176ee80e517a07a1ab665d8fd03ccc031	96	/home/lvfang/ESMC_halophile/R3_existing_challenge_v1_output/esm2/records/73/734e97a14bae0632beb3512f9051110cfb00d7ca599b6a3a6652c6765b37e8e5.npy
1183	1183	seq_94fe6700f228f6d42064333c41a2404ce85822281173188adb702f2482ce6c63	0	existing_challenge	seq_94fe6700f228f6d42064333c41a2404ce85822281173188adb702f2482ce6c63	108	/home/lvfang/ESMC_halophile/R3_existing_challenge_v1_output/esm2/records/d7/d76e360899160353c903674832a3216d64353d6e82cd1613657eaa81d520c488.npy
1184	1184	seq_6fc6a68c250d536e2d56df135c540438deba7d166e695874d2b06a80a8451970	0	existing_challenge	seq_6fc6a68c250d536e2d56df135c540438deba7d166e695874d2b06a80a8451970	541	/home/lvfang/ESMC_halophile/R3_existing_challenge_v1_output/esm2/records/01/0132755b1fe02ee8a4264b726eaa28fdbbb1057d9d2db4332480295bc313060e.npy
1185	1185	seq_0d96cb55b395c7f7eaab85b24f133041a044c38b5de26480b39b4678e506bfe6	0	existing_challenge	seq_0d96cb55b395c7f7eaab85b24f133041a044c38b5de26480b39b4678e506bfe6	1289	/home/lvfang/ESMC_halophile/R3_existing_challenge_v1_output/esm2/records/0e/0e58b40e9be55b815c5afe12811421deeedf405de3c1ad4f3d182cbfb1d69ac0.npy
1186	1186	seq_a0c57b7e3ba31e61ce03f646e931101ab26708ad795eaa83ccf1b79f52de090d	0	existing_challenge	seq_a0c57b7e3ba31e61ce03f646e931101ab26708ad795eaa83ccf1b79f52de090d	349	/home/lvfang/ESMC_halophile/R3_existing_challenge_v1_output/esm2/records/fa/fa841f79c176641a99eec79da8961b2de1547cdac560045bff5740d28d76ff85.npy
1187	1187	seq_eea9570f8e4a38bd0d9d117503df9071f3b3403dad86ce06e450806dbc4b3c5d	0	existing_challenge	seq_eea9570f8e4a38bd0d9d117503df9071f3b3403dad86ce06e450806dbc4b3c5d	668	/home/lvfang/ESMC_halophile/R3_existing_challenge_v1_output/esm2/records/49/493aaca71b0c54a20fb2915c0717fa2adc2c9c564da13b451e88e7a6238bd85f.npy
1188	1188	seq_3b7fd7f99aee2fd67aa8d4b6e8193786fa435f721f27bf720f9effb6bee94dfc	0	existing_challenge	seq_3b7fd7f99aee2fd67aa8d4b6e8193786fa435f721f27bf720f9effb6bee94dfc	233	/home/lvfang/ESMC_halophile/R3_existing_challenge_v1_output/esm2/records/f2/f29c9f3613d955fe834f531f59be0b1fb9a613ee2dbd9c8b0d66988a7a15f359.npy
1189	1189	seq_f333a3266ae27a680ced2760585fd05dc4cfbc00699678ebb4d00005a2a120b8	0	existing_challenge	seq_f333a3266ae27a680ced2760585fd05dc4cfbc00699678ebb4d00005a2a120b8	591	/home/lvfang/ESMC_halophile/R3_existing_challenge_v1_output/esm2/records/94/947bee594c225f783dbbbe54dcaefc2acac5428c68268e1b943ab16b797397f8.npy
1190	1190	seq_16869cda9eac88387ba0c1105eb4fc37eb7cb5969284812fd42a6f9becc06bad	0	existing_challenge	seq_16869cda9eac88387ba0c1105eb4fc37eb7cb5969284812fd42a6f9becc06bad	290	/home/lvfang/ESMC_halophile/R3_existing_challenge_v1_output/esm2/records/4d/4d50614e6ffc5a04ca3960d89e0af121cdfb4c811d3bb565e9eaf32f975c788e.npy
1191	1191	seq_677a2bd68bcddfd1b39812dde0ddf48aabc0646547b0396d7d8278a65d19eb9b	0	existing_challenge	seq_677a2bd68bcddfd1b39812dde0ddf48aabc0646547b0396d7d8278a65d19eb9b	314	/home/lvfang/ESMC_halophile/R3_existing_challenge_v1_output/esm2/records/61/61d3e62c77b7cfd10eedff25a1c0a78ba51745ee771a35cda1b0fa2d5a2e96f0.npy
1192	1192	seq_39c0452c3dc6c89d3f0d234f781f8060769bde9da9e03c00533ccbbcb9720408	0	existing_challenge	seq_39c0452c3dc6c89d3f0d234f781f8060769bde9da9e03c00533ccbbcb9720408	132	/home/lvfang/ESMC_halophile/R3_existing_challenge_v1_output/esm2/records/6a/6a85aead6999664605f6df978ca3db3d5f771e353fea442d7a720537ae0c78a2.npy
1193	1193	seq_ac89f896aff5353b96dc21c8c1c2e2d667664f8a47a1965cc3926ad921f07ac9	0	existing_challenge	seq_ac89f896aff5353b96dc21c8c1c2e2d667664f8a47a1965cc3926ad921f07ac9	445	/home/lvfang/ESMC_halophile/R3_existing_challenge_v1_output/esm2/records/52/52274f31d76af46dfbba5d3582b692fca207cde53417beafd7955139492bffd2.npy
1194	1194	seq_f19cdb8c317d591fbd19e24d259da5d05ff8e69d5d3406b6aef8f0313a0410a9	0	existing_challenge	seq_f19cdb8c317d591fbd19e24d259da5d05ff8e69d5d3406b6aef8f0313a0410a9	92	/home/lvfang/ESMC_halophile/R3_existing_challenge_v1_output/esm2/records/a5/a5e42d85894f3b5967a5950697484bafe172affc160ccda2d081aaad5fafe8a5.npy
1195	1195	seq_b2cc2ef21ca5cb6ba0207e2ff76e177c5d2af18d1b42643359f4e2a8dbf77f9f	0	existing_challenge	seq_b2cc2ef21ca5cb6ba0207e2ff76e177c5d2af18d1b42643359f4e2a8dbf77f9f	353	/home/lvfang/ESMC_halophile/R3_existing_challenge_v1_output/esm2/records/ac/ac413de99ff50666bb5367e220937ad15874c3e09f63dbdb5c14bc86512edef4.npy
1196	1196	seq_a0af40b395eacdc5cf493a89c66122bfe2801eb7dd3d067a513909deb3b4b9dd	0	existing_challenge	seq_a0af40b395eacdc5cf493a89c66122bfe2801eb7dd3d067a513909deb3b4b9dd	130	/home/lvfang/ESMC_halophile/R3_existing_challenge_v1_output/esm2/records/fa/fa96f4991eca1885855c97079298510f6693434e13ac6fd97c0ebee47fb0d1c7.npy
1197	1197	seq_c8f79769a517aa8e7f6041c327c4ab9c26f9769c067154b6276aa8cceaade05d	0	existing_challenge	seq_c8f79769a517aa8e7f6041c327c4ab9c26f9769c067154b6276aa8cceaade05d	815	/home/lvfang/ESMC_halophile/R3_existing_challenge_v1_output/esm2/records/f9/f964186e69bc5c1e64214dad028be4f5886a239023cccfd6dc1badf0bb88e91e.npy
1198	1198	seq_3e03adb17714c3f97484dcf3acb9cfcc82ccc6e18d1e00d3e9e35cb89a4a5f4d	0	existing_challenge	seq_3e03adb17714c3f97484dcf3acb9cfcc82ccc6e18d1e00d3e9e35cb89a4a5f4d	529	/home/lvfang/ESMC_halophile/R3_existing_challenge_v1_output/esm2/records/44/44d1ecfc1691b552f3ec65a5661ae8e11f84a81db08077c64b8ca04242314b89.npy
1199	1199	seq_7bb91d1197b40a26871187ed04969c4f66feb525e226224d8e0d4a01028de6fe	0	existing_challenge	seq_7bb91d1197b40a26871187ed04969c4f66feb525e226224d8e0d4a01028de6fe	300	/home/lvfang/ESMC_halophile/R3_existing_challenge_v1_output/esm2/records/de/debaa798fabd47d7997788531e7ebc8aa155c9702cda2a00faf724a57d8a6c9b.npy
1200	1200	seq_a4127fa4c5779843d20e4ab070bdf34d91dcb6d383d39cd039525a2d9ec7ad25	0	existing_challenge	seq_a4127fa4c5779843d20e4ab070bdf34d91dcb6d383d39cd039525a2d9ec7ad25	310	/home/lvfang/ESMC_halophile/R3_existing_challenge_v1_output/esm2/records/56/56090dd57f25d8e9875d0fbef3d7ebc8dd18985d5e631ff574851d2cd702e7e3.npy
1201	1201	seq_ec89748d947af60f15d40dce1bebcd2da3ba2ef5a91fe8ce6110b82361e127da	0	existing_challenge	seq_ec89748d947af60f15d40dce1bebcd2da3ba2ef5a91fe8ce6110b82361e127da	372	/home/lvfang/ESMC_halophile/R3_existing_challenge_v1_output/esm2/records/4c/4cc81c79ece6bb00e76deec3e5efb24ebf4cfb891ffcb225e82046706258f23d.npy
1202	1202	seq_37881a49be372a77c6cf95b4f5eb538b2312a304dea46a973e98b2d339286f0b	0	existing_challenge	seq_37881a49be372a77c6cf95b4f5eb538b2312a304dea46a973e98b2d339286f0b	201	/home/lvfang/ESMC_halophile/R3_existing_challenge_v1_output/esm2/records/d2/d26058f3d3bb3df6c7b46007cb5dd6ede32168811d73999131abb054aec810a9.npy
1203	1203	seq_843b35c34cdee87c344e7c0020b28f9d386ced447ca3ae58484352c4d955bd37	0	existing_challenge	seq_843b35c34cdee87c344e7c0020b28f9d386ced447ca3ae58484352c4d955bd37	123	/home/lvfang/ESMC_halophile/R3_existing_challenge_v1_output/esm2/records/c6/c625907192750254075095b842c6bbd1238159fcf63d802f40effd9ee152b37f.npy
1204	1204	seq_cf3d18220992d37e590febb9d197e03a6365ea7e3d125e0aaf14c942c6067084	0	existing_challenge	seq_cf3d18220992d37e590febb9d197e03a6365ea7e3d125e0aaf14c942c6067084	223	/home/lvfang/ESMC_halophile/R3_existing_challenge_v1_output/esm2/records/ab/ab8bc5ac71d53715d0a21a3128c2faba856c4e4c3c3d5b52259fef9cf6b44a37.npy
1205	1205	seq_716881c2886f4c35cd715e40c4bd052a652c48347be916e8b915fdf48ee0c08f	0	existing_challenge	seq_716881c2886f4c35cd715e40c4bd052a652c48347be916e8b915fdf48ee0c08f	165	/home/lvfang/ESMC_halophile/R3_existing_challenge_v1_output/esm2/records/88/88ba6eaf8a58df87589c1aef9aaf4d8e7333cf5e65fe396e4f032b79454c5306.npy
1206	1206	seq_7455e81316db12c66b949ec2765d3764acf218f4f20f13151b998e8db3e7a07c	0	existing_challenge	seq_7455e81316db12c66b949ec2765d3764acf218f4f20f13151b998e8db3e7a07c	420	/home/lvfang/ESMC_halophile/R3_existing_challenge_v1_output/esm2/records/e8/e8b280dce756b3730e553ab105fc3def2226641cf6e2706f76fb532078819fff.npy
1207	1207	seq_d2d7f36ac3716ad6775a9b24b2de2fb2eeb1ca114589c44da4112d60b93ed21d	0	existing_challenge	seq_d2d7f36ac3716ad6775a9b24b2de2fb2eeb1ca114589c44da4112d60b93ed21d	284	/home/lvfang/ESMC_halophile/R3_existing_challenge_v1_output/esm2/records/a5/a503c45b7befa519d14a2d633a2bbe2208409b5a0c11d61f1106c371336c605a.npy
1208	1208	seq_9a5d9f5164f16703039addc44a2a49e996e78ab060f16f1d996c2121c7ba41e4	0	existing_challenge	seq_9a5d9f5164f16703039addc44a2a49e996e78ab060f16f1d996c2121c7ba41e4	225	/home/lvfang/ESMC_halophile/R3_existing_challenge_v1_output/esm2/records/85/8516eb9cbcbf70cf22a27673bfa51a5881eadf52fe51fcf53d3eeb69788be1d5.npy
1209	1209	seq_62854b3ffce96e778b1e03c7d33c46fbd440a8cce8262c12b2ea3efbc8a6f717	0	existing_challenge	seq_62854b3ffce96e778b1e03c7d33c46fbd440a8cce8262c12b2ea3efbc8a6f717	392	/home/lvfang/ESMC_halophile/R3_existing_challenge_v1_output/esm2/records/d4/d40b59b5044ac3ef1979716b4d02b14d73db500f9524f5b80ca2846b7179dde5.npy
1210	1210	seq_2d70cea832e32e103e522407e905934a805dd3da2e91ea6a36cf18f1ff842aa6	0	existing_challenge	seq_2d70cea832e32e103e522407e905934a805dd3da2e91ea6a36cf18f1ff842aa6	253	/home/lvfang/ESMC_halophile/R3_existing_challenge_v1_output/esm2/records/e3/e396ead1afc4a8a63d38000f111631786f34a2fa2a6be9ddef8e130decbaee7d.npy
1211	1211	seq_eacce27d0ddf1407fe13874e4c6452e4a06a87d6d05ecbea90f5401cbbbc19e7	0	existing_challenge	seq_eacce27d0ddf1407fe13874e4c6452e4a06a87d6d05ecbea90f5401cbbbc19e7	258	/home/lvfang/ESMC_halophile/R3_existing_challenge_v1_output/esm2/records/dd/ddf190e1d09454f75867c9a782097f649526a8e9c206e6ba7786e0013aef2679.npy
1212	1212	seq_b244e8943959dc7dab4d63ba7f05526d23e78a3a75fb4675d528168225845db9	0	existing_challenge	seq_b244e8943959dc7dab4d63ba7f05526d23e78a3a75fb4675d528168225845db9	325	/home/lvfang/ESMC_halophile/R3_existing_challenge_v1_output/esm2/records/e8/e82e50dad3bfd2a11bf67dca49464023a086a570489301c58a9e4c67a348b6b4.npy
1213	1213	seq_2c671d8181164f965c8cb312ee25ca8dca33a34e761919500954d9eda5c9bf44	0	existing_challenge	seq_2c671d8181164f965c8cb312ee25ca8dca33a34e761919500954d9eda5c9bf44	165	/home/lvfang/ESMC_halophile/R3_existing_challenge_v1_output/esm2/records/bf/bf59aac0ae87add646de6db5ba20f01ed15b5a24e32da252946eba5ec605d669.npy
1214	1214	seq_c0890a1ff322ab3f22e1458991229df3192112f30be6522ad96f29d06f4e40c6	0	existing_challenge	seq_c0890a1ff322ab3f22e1458991229df3192112f30be6522ad96f29d06f4e40c6	433	/home/lvfang/ESMC_halophile/R3_existing_challenge_v1_output/esm2/records/cb/cbcb97443b8cb343618971290ca983e4c2be016dd962704bbba45f2a257504cf.npy
1215	1215	seq_0744efffebd590e5de56e96f8efc12e46f2ec4d536d37c2e8501ff4a77c4cb41	0	existing_challenge	seq_0744efffebd590e5de56e96f8efc12e46f2ec4d536d37c2e8501ff4a77c4cb41	203	/home/lvfang/ESMC_halophile/R3_existing_challenge_v1_output/esm2/records/55/55d4d0aad871315c6e7743bd47ed7d7c7792dde814805bc62a6eb112a83f043e.npy
1216	1216	seq_2e711012a04c327ed41ad2de1e2915dc0234252d1b4e5547b30e6ff2e32d7048	0	existing_challenge	seq_2e711012a04c327ed41ad2de1e2915dc0234252d1b4e5547b30e6ff2e32d7048	726	/home/lvfang/ESMC_halophile/R3_existing_challenge_v1_output/esm2/records/bd/bda62bf6279ab4da2ab27fab463c7030230d472f97f0719e00afe53a309732cc.npy
1217	1217	seq_1943f10ebf829f77adc6f49d71cd212b2733d8187ad94978ac79ca8816c73ccc	0	existing_challenge	seq_1943f10ebf829f77adc6f49d71cd212b2733d8187ad94978ac79ca8816c73ccc	117	/home/lvfang/ESMC_halophile/R3_existing_challenge_v1_output/esm2/records/c5/c53930d72f111e97e8fd3cf667442fb398156cfbde8cfda28d011ede2f5d1f73.npy
1218	1218	seq_37d66330dd760e8fbef0ce8f58cf23e17dbe22a98a48f168d7e99485d085a8a8	0	existing_challenge	seq_37d66330dd760e8fbef0ce8f58cf23e17dbe22a98a48f168d7e99485d085a8a8	600	/home/lvfang/ESMC_halophile/R3_existing_challenge_v1_output/esm2/records/bd/bd9341e046290fef21d0b8b541f8832c6ce31bb366644f08d61d9a1c5ebef1a0.npy
1219	1219	seq_9f5ddd9478524f078349ea9300eba6409d80816480926f11ff7d1ce22a99fbc7	0	existing_challenge	seq_9f5ddd9478524f078349ea9300eba6409d80816480926f11ff7d1ce22a99fbc7	214	/home/lvfang/ESMC_halophile/R3_existing_challenge_v1_output/esm2/records/5b/5b787dbf5a007d88701985389de1d7ee0bea18cd493471a45f1d3bf5bbeaad9f.npy
1220	1220	seq_a10323c29958c0ddf3bb0cf1f374aa3a145994852a806a5ed54dbb15e8cd01ef	0	existing_challenge	seq_a10323c29958c0ddf3bb0cf1f374aa3a145994852a806a5ed54dbb15e8cd01ef	90	/home/lvfang/ESMC_halophile/R3_existing_challenge_v1_output/esm2/records/8e/8efe7974911387088b2e9aec61ebbbe13ee686e1af945708f18b57421c8d076d.npy
1221	1221	seq_c337b563d23618378882113e389a93bacf11ff3b2ec720d378779a6a6fbecdb5	0	existing_challenge	seq_c337b563d23618378882113e389a93bacf11ff3b2ec720d378779a6a6fbecdb5	93	/home/lvfang/ESMC_halophile/R3_existing_challenge_v1_output/esm2/records/7e/7ecbccafdc66188df208bad871a677b449fa868c2ec14f4c66f38f65cdb6f0ef.npy
1222	1222	seq_01540e54afa35f2e17c37eb43277e253d66fd186a5b4b980ce3a028928e99dac	0	existing_challenge	seq_01540e54afa35f2e17c37eb43277e253d66fd186a5b4b980ce3a028928e99dac	583	/home/lvfang/ESMC_halophile/R3_existing_challenge_v1_output/esm2/records/05/052020c2be7ab7eceb0588c008b32363b1451ab06fe73207627049d313447807.npy
1223	1223	seq_d2f211a59d8636b1eec341c2dfb87e5863cdd696d6abf0416de361a032fd03a0	0	existing_challenge	seq_d2f211a59d8636b1eec341c2dfb87e5863cdd696d6abf0416de361a032fd03a0	144	/home/lvfang/ESMC_halophile/R3_existing_challenge_v1_output/esm2/records/05/057de9fa3d0d0235d7848e0df1f592fc07b2694d5dc3ccb6af97fa0c6ff6b2ab.npy
1224	1224	seq_ac247e4edfa3a13bb82ce8143d750939461110697c56c89f42dcafe9f607e9ab	0	existing_challenge	seq_ac247e4edfa3a13bb82ce8143d750939461110697c56c89f42dcafe9f607e9ab	164	/home/lvfang/ESMC_halophile/R3_existing_challenge_v1_output/esm2/records/68/6841e14d6048a2bf304fab16e05c46553e742fde7c5cd22b9d71d14db1e514f6.npy
1225	1225	seq_3cca33a75f056d4682ed772cf786551d9109cc50142eadbcace0e6cea7575f39	0	existing_challenge	seq_3cca33a75f056d4682ed772cf786551d9109cc50142eadbcace0e6cea7575f39	550	/home/lvfang/ESMC_halophile/R3_existing_challenge_v1_output/esm2/records/00/00f8189a8b25283331f7ee929b0d517ff0b46ca3c2dece69bc7db63255eae4a9.npy
1226	1226	seq_d7618688c0ab6ee5ad9862dd621139817a684983bd94aa93a12e0dad61c58c00	0	existing_challenge	seq_d7618688c0ab6ee5ad9862dd621139817a684983bd94aa93a12e0dad61c58c00	473	/home/lvfang/ESMC_halophile/R3_existing_challenge_v1_output/esm2/records/07/0744002e97300d254b448f376659a0a626cc1fc5617d3d465a1ecaf1ffca6335.npy
1227	1227	seq_11aeec9c6046a5d39b36ae05c80d11a88af041a32e89d0a22dbb11e9d3ebc43d	0	existing_challenge	seq_11aeec9c6046a5d39b36ae05c80d11a88af041a32e89d0a22dbb11e9d3ebc43d	311	/home/lvfang/ESMC_halophile/R3_existing_challenge_v1_output/esm2/records/50/50bb0827a4a6582706a8e4ff996ada9f5687a528386fd8de057149f4b000def7.npy
1228	1228	seq_7b105216f7cfb4238911cd73d600f98b038b557dfae52c94afa34d2a7bc5dd0d	0	existing_challenge	seq_7b105216f7cfb4238911cd73d600f98b038b557dfae52c94afa34d2a7bc5dd0d	66	/home/lvfang/ESMC_halophile/R3_existing_challenge_v1_output/esm2/records/d2/d2db0b3820f74bbaa9eeda0de1a2e1a634df4457d93a35d2309e40ff0d6624d4.npy
1229	1229	seq_c8540cdab127c10e352e952e9a1bcf49ce76e2dfe45133eedd8b88b63a132aa0	0	existing_challenge	seq_c8540cdab127c10e352e952e9a1bcf49ce76e2dfe45133eedd8b88b63a132aa0	291	/home/lvfang/ESMC_halophile/R3_existing_challenge_v1_output/esm2/records/7f/7f1394da56dc1b8ff095bb949fa66b03a56d60d1ab54de73453f763504edd0c7.npy
1230	1230	seq_598ef91a62d7a7617b9cdfddf692d61bb76e30d89a3af008468545619e81423d	0	existing_challenge	seq_598ef91a62d7a7617b9cdfddf692d61bb76e30d89a3af008468545619e81423d	162	/home/lvfang/ESMC_halophile/R3_existing_challenge_v1_output/esm2/records/1e/1eae809f326f44edb1151b12dce4fd2871b0952a24f5a56511ddd8a523d2055a.npy
1231	1231	seq_ff2cf39ec63632ad38a16ee5250696e52c189081174a8a9e7f09953a0563cabf	0	existing_challenge	seq_ff2cf39ec63632ad38a16ee5250696e52c189081174a8a9e7f09953a0563cabf	678	/home/lvfang/ESMC_halophile/R3_existing_challenge_v1_output/esm2/records/01/01524552d694447d6eb5d0e7d9af3ebc4c1d64172892575dc575ed766ccc510c.npy
1232	1232	seq_acdd956cd3775f1d2cbce0a2452464a9e2e944c130c1ad0575582386170f7237	0	existing_challenge	seq_acdd956cd3775f1d2cbce0a2452464a9e2e944c130c1ad0575582386170f7237	200	/home/lvfang/ESMC_halophile/R3_existing_challenge_v1_output/esm2/records/14/145925c9eac4adbc47778d0a28eea0461bca21652f74813411f74152593cb0f7.npy
1233	1233	seq_c79a12e9877443e9ac26ae38ec28e366c8ce97f1491c69bea0d35529c94e8a15	0	existing_challenge	seq_c79a12e9877443e9ac26ae38ec28e366c8ce97f1491c69bea0d35529c94e8a15	328	/home/lvfang/ESMC_halophile/R3_existing_challenge_v1_output/esm2/records/c4/c4ba4181a9a9b79fd37eecd4e17b4b658b7fa6e493ec5c60c2355422bc2bf7fa.npy
1234	1234	seq_bbd6cc88591aefcf786e0d18a26c23764b350f58046f0d319d28d129eb2ed135	0	existing_challenge	seq_bbd6cc88591aefcf786e0d18a26c23764b350f58046f0d319d28d129eb2ed135	102	/home/lvfang/ESMC_halophile/R3_existing_challenge_v1_output/esm2/records/5c/5cd49a315d589517b5d84f7a42c22c068f299fad5e43bd304882181b3e679a2e.npy
1235	1235	seq_c410686f3d372ba369d5294ceaf3043913b2e65e73cb25bfc2b33bf6bdf28b36	0	existing_challenge	seq_c410686f3d372ba369d5294ceaf3043913b2e65e73cb25bfc2b33bf6bdf28b36	168	/home/lvfang/ESMC_halophile/R3_existing_challenge_v1_output/esm2/records/4c/4c260c71be50fdb16546855696991ced97826c125aee99483c0a7c9b44ee6ef1.npy
1236	1236	seq_08c0b348acc5158f10c80eb3bb3abb65724330a7d4d1877bcde41606747e6212	0	existing_challenge	seq_08c0b348acc5158f10c80eb3bb3abb65724330a7d4d1877bcde41606747e6212	426	/home/lvfang/ESMC_halophile/R3_existing_challenge_v1_output/esm2/records/60/60ba3a203ff078cfa6085044aeac9047462ff16809865d176b0421022dbe0eb5.npy
1237	1237	seq_515001b1511cff4a2f780f45d59f228dc8bdf7d459828872414d707582073970	0	existing_challenge	seq_515001b1511cff4a2f780f45d59f228dc8bdf7d459828872414d707582073970	380	/home/lvfang/ESMC_halophile/R3_existing_challenge_v1_output/esm2/records/c7/c766620da94ff57e32272eb46f3192c2d636eb3f6e75c97a1aba67adcda6ae5c.npy
1238	1238	seq_021fc398390fa6ae288a22f2417e21482dc609fa89883b8a8adff378f225b7ec	0	existing_challenge	seq_021fc398390fa6ae288a22f2417e21482dc609fa89883b8a8adff378f225b7ec	159	/home/lvfang/ESMC_halophile/R3_existing_challenge_v1_output/esm2/records/d0/d0ebaaa60f363b6e09ae09d90f1a113fae791dfbd3c255f4cb8a015b627feccb.npy
1239	1239	seq_2e12cdc1a310395a6f3c7bcbdf0ab021edb5ab48c6a5d88b1d047fb000a9623a	0	existing_challenge	seq_2e12cdc1a310395a6f3c7bcbdf0ab021edb5ab48c6a5d88b1d047fb000a9623a	350	/home/lvfang/ESMC_halophile/R3_existing_challenge_v1_output/esm2/records/b0/b0ddd5a0271f40f327d4e3181e65bac9477cc205d2e94b4f3a5244bb19aba5ec.npy
1240	1240	seq_a716c2f0cc04c136837fa92f237f074ff0343940dd4e25ab05fed685a7cb2d05	0	existing_challenge	seq_a716c2f0cc04c136837fa92f237f074ff0343940dd4e25ab05fed685a7cb2d05	443	/home/lvfang/ESMC_halophile/R3_existing_challenge_v1_output/esm2/records/e5/e5c2a9ea3deaa2d69e74d0926039f2d124466b5ddc6d19936d50b311ea349673.npy
1241	1241	seq_81fd9cb062230f64367cda12702a33d8d9fff8b23f1d71706a2c10d134fb946b	0	existing_challenge	seq_81fd9cb062230f64367cda12702a33d8d9fff8b23f1d71706a2c10d134fb946b	86	/home/lvfang/ESMC_halophile/R3_existing_challenge_v1_output/esm2/records/b6/b654f3eb81b01f23803adc3fdc2b85069003ebc65d126dea2457e7320c5ee19b.npy
1242	1242	seq_52e8fd7fd6eb9b5cc36a5bff56298d85ef3184ccb33ff0f0650ba19893156aba	0	existing_challenge	seq_52e8fd7fd6eb9b5cc36a5bff56298d85ef3184ccb33ff0f0650ba19893156aba	70	/home/lvfang/ESMC_halophile/R3_existing_challenge_v1_output/esm2/records/2e/2e2ea4cb56926974d659ce14390f4394b0bec6e385ee8d503d3d2c783ed88982.npy
1243	1243	seq_e729fcba3626ce7fdbc6949b2428a68fb249821c8961eae9387f2be746858c53	0	existing_challenge	seq_e729fcba3626ce7fdbc6949b2428a68fb249821c8961eae9387f2be746858c53	251	/home/lvfang/ESMC_halophile/R3_existing_challenge_v1_output/esm2/records/c3/c33bb01d50fb8b8134e664a97fbdb15617c5518270670f6aa0d0ec7e30ba129b.npy
1244	1244	seq_d34d6c67ef64955c8149a481feb2f85e4aeacbdc3d698d305124ac6acddd6576	0	existing_challenge	seq_d34d6c67ef64955c8149a481feb2f85e4aeacbdc3d698d305124ac6acddd6576	252	/home/lvfang/ESMC_halophile/R3_existing_challenge_v1_output/esm2/records/ff/ff8f7e8e962a8d11d8653307430ec4ab92f4634c1343be06803a0803c3902edb.npy
1245	1245	seq_d2bdd46c264a16fd87b98fd2561cb97c3aee70986fd2a87cdcc30575342b749c	0	existing_challenge	seq_d2bdd46c264a16fd87b98fd2561cb97c3aee70986fd2a87cdcc30575342b749c	209	/home/lvfang/ESMC_halophile/R3_existing_challenge_v1_output/esm2/records/e4/e41c1d6e4dff6b39a4dbbdc7bae409a03b66753d20355ae4956a78e6f132729a.npy
1246	1246	seq_bb3aee523d7514c4bb1fedce772216893f6b9e6ab11aa65f252e24f5bf206e39	0	existing_challenge	seq_bb3aee523d7514c4bb1fedce772216893f6b9e6ab11aa65f252e24f5bf206e39	85	/home/lvfang/ESMC_halophile/R3_existing_challenge_v1_output/esm2/records/7a/7a1fcef389593c82e623f7575b0c7235f54d3b343441ecd2334fda136879d74a.npy
1247	1247	seq_fed7baa5f9a0f3192b1812624bc2294a8c1ab85cf9b94ebe4bd513b5a3922281	0	existing_challenge	seq_fed7baa5f9a0f3192b1812624bc2294a8c1ab85cf9b94ebe4bd513b5a3922281	87	/home/lvfang/ESMC_halophile/R3_existing_challenge_v1_output/esm2/records/fd/fdb649529e7d795a8e123592756ba23f9f36b622b2ae6c7b6831652f4f1d6060.npy
1248	1248	seq_935bfe60e81f4f0e4c87c81aabd2263541a65000298660571ed6b4ddca34d3b3	0	existing_challenge	seq_935bfe60e81f4f0e4c87c81aabd2263541a65000298660571ed6b4ddca34d3b3	467	/home/lvfang/ESMC_halophile/R3_existing_challenge_v1_output/esm2/records/20/20625292530ac596d9336b34ded795f8bcc501576bd6259c42bb511b5112ee3e.npy
1249	1249	seq_cddf9d90803ef84d38996ece72fc910a73a192dec91f67a9cc1cc192de3404aa	0	existing_challenge	seq_cddf9d90803ef84d38996ece72fc910a73a192dec91f67a9cc1cc192de3404aa	482	/home/lvfang/ESMC_halophile/R3_existing_challenge_v1_output/esm2/records/b9/b9924be2a459a8df6fd06119b9236f7b476083961d71f9e181e01524bdb44075.npy
1250	1250	seq_c784665760ae53b8977335fcbd69cc086cc0fef505e303a809abcd482a222c62	0	existing_challenge	seq_c784665760ae53b8977335fcbd69cc086cc0fef505e303a809abcd482a222c62	265	/home/lvfang/ESMC_halophile/R3_existing_challenge_v1_output/esm2/records/1a/1a0970c93db7983cbd211695498960f27794b1d802e26ca9972a7ec1ecb3ce58.npy
1251	1251	seq_aa2384e03ca4103b0f7acdfb4e81970f9b18b3718fee295525461a26fd826e8c	0	existing_challenge	seq_aa2384e03ca4103b0f7acdfb4e81970f9b18b3718fee295525461a26fd826e8c	139	/home/lvfang/ESMC_halophile/R3_existing_challenge_v1_output/esm2/records/04/04c37cd6031116b38c74da226130d59a158b5663fd64ec2c2f6832a900e09524.npy
1252	1252	seq_f4e23dada129b36c1124fea989eb34fb3073ecb564333d38b524e2d432b4525f	0	existing_challenge	seq_f4e23dada129b36c1124fea989eb34fb3073ecb564333d38b524e2d432b4525f	223	/home/lvfang/ESMC_halophile/R3_existing_challenge_v1_output/esm2/records/9f/9f16800f118c1744bc083fd05f705221207945424076dbd2c52aee6ba25cbfd3.npy
1253	1253	seq_d8fad8eb094aaf16fb1247d99959f15def7912f6bf38f42453eb6a02627561e5	0	existing_challenge	seq_d8fad8eb094aaf16fb1247d99959f15def7912f6bf38f42453eb6a02627561e5	732	/home/lvfang/ESMC_halophile/R3_existing_challenge_v1_output/esm2/records/a6/a6acbe2e2ad5c61e977a186dc433927800d7160ee8822f94286c8f95e1c1e809.npy
1254	1254	seq_5d1fc80ef0e8e9044a57de0ed73841005551eb8d1a9300e7279ad6eddd0d1747	0	existing_challenge	seq_5d1fc80ef0e8e9044a57de0ed73841005551eb8d1a9300e7279ad6eddd0d1747	202	/home/lvfang/ESMC_halophile/R3_existing_challenge_v1_output/esm2/records/bf/bf79693352ec43edcaba3bb6ae06c12200d1d16f44da26dec35003483b88da5b.npy
1255	1255	seq_cd5b0fd7e5bb53f8ccc8515f266d2d5ef41e95c1468e694d36adab2308d59f62	0	existing_challenge	seq_cd5b0fd7e5bb53f8ccc8515f266d2d5ef41e95c1468e694d36adab2308d59f62	190	/home/lvfang/ESMC_halophile/R3_existing_challenge_v1_output/esm2/records/72/7292fbcb74e59706838fb05c55125f9f5da628c728beb5cc2efe0e517bf69703.npy
1256	1256	seq_599fffa5a62030d7df74f8260c9ea71cb3926b1256d405c4b65fef51acf51370	0	existing_challenge	seq_599fffa5a62030d7df74f8260c9ea71cb3926b1256d405c4b65fef51acf51370	381	/home/lvfang/ESMC_halophile/R3_existing_challenge_v1_output/esm2/records/c0/c0ede5b09983d9409e02c7563476a9ca0a04a159370a437426e3241c6ccd95fb.npy
1257	1257	seq_7a2ec0a80c0dedecaaecc8dfe5907b3c7ee6dce5339fb102b7521984482d5b14	0	existing_challenge	seq_7a2ec0a80c0dedecaaecc8dfe5907b3c7ee6dce5339fb102b7521984482d5b14	111	/home/lvfang/ESMC_halophile/R3_existing_challenge_v1_output/esm2/records/d2/d2c4c731ee167f76312baba98159e932c031cf341e1e21069a0c6afbde6ab245.npy
1258	1258	seq_a036be1ded880d54e0916083aa3cd1ef9353ee9802e5d1c83e9b5a40ce9ac128	0	existing_challenge	seq_a036be1ded880d54e0916083aa3cd1ef9353ee9802e5d1c83e9b5a40ce9ac128	86	/home/lvfang/ESMC_halophile/R3_existing_challenge_v1_output/esm2/records/57/573d5ae1d4c1a73abae851e97d52ab43138932a344a94e82381d57924478b898.npy
1259	1259	seq_1cbff7209d2d896b8baab7b98e5661bbe6eabcee9760309b79404ee5e1ec3371	0	existing_challenge	seq_1cbff7209d2d896b8baab7b98e5661bbe6eabcee9760309b79404ee5e1ec3371	633	/home/lvfang/ESMC_halophile/R3_existing_challenge_v1_output/esm2/records/fd/fd424377b5270f1f01e99da0b81a2c1abb1a4824dca61be748ad82b61b67ac7a.npy
1260	1260	seq_3bf04684b132b8d7ab9acc34ddfb55be8518965d8ea9ec6f72ca4accd9b2fe71	0	existing_challenge	seq_3bf04684b132b8d7ab9acc34ddfb55be8518965d8ea9ec6f72ca4accd9b2fe71	76	/home/lvfang/ESMC_halophile/R3_existing_challenge_v1_output/esm2/records/a7/a771073d9d44eb2e46eeab5c60832ca383daa6d1ada01971651e06c9ad57bacc.npy
1261	1261	seq_44d9541024092c69bc993a1562de63f343dde62846312b1e082ed26b34ae10df	0	existing_challenge	seq_44d9541024092c69bc993a1562de63f343dde62846312b1e082ed26b34ae10df	285	/home/lvfang/ESMC_halophile/R3_existing_challenge_v1_output/esm2/records/0a/0ae6c47f03442c541ed4c6ad88b16b3ece585e93b8fc30590475de57627ac264.npy
1262	1262	seq_d192d45958b03c26f677259276df226f5442462bf8c0a20fea4a10f0f426ad39	0	existing_challenge	seq_d192d45958b03c26f677259276df226f5442462bf8c0a20fea4a10f0f426ad39	1024	/home/lvfang/ESMC_halophile/R3_existing_challenge_v1_output/esm2/records/01/01a1a14abb1253fcaac38c1caea439bcc7c1b193cbbb7daa95ea244ceb9e04e4.npy
1263	1263	seq_165eb8d83437cb6a1619d2de8e1369245d23ce14c04574ef968b50e36c95cc84	0	existing_challenge	seq_165eb8d83437cb6a1619d2de8e1369245d23ce14c04574ef968b50e36c95cc84	183	/home/lvfang/ESMC_halophile/R3_existing_challenge_v1_output/esm2/records/3a/3a38a544625f8da7bb99c733c9572c886c044b16beab1847b8cb8963f17ae970.npy
1264	1264	seq_37662dbc015696334b47e3ce98ad51650bcab4608262f078e885e08543175976	0	existing_challenge	seq_37662dbc015696334b47e3ce98ad51650bcab4608262f078e885e08543175976	89	/home/lvfang/ESMC_halophile/R3_existing_challenge_v1_output/esm2/records/f0/f07b952496fa10b00ca3ffdbf8f1fe33e655007e52df48dc5dd3a123ccccb476.npy
1265	1265	seq_3f643c0a14d90b6831b7b58407951550c3b06b5a62665669e51b85fcce6db632	0	existing_challenge	seq_3f643c0a14d90b6831b7b58407951550c3b06b5a62665669e51b85fcce6db632	159	/home/lvfang/ESMC_halophile/R3_existing_challenge_v1_output/esm2/records/bc/bcd36c97490dea0738e10b878018f117e7ff710f93bb3749600ba35295c7c72a.npy
1266	1266	seq_68436d0c492f19d11286b7330e97f92c5895b7265d98bd70980af91f824929db	0	existing_challenge	seq_68436d0c492f19d11286b7330e97f92c5895b7265d98bd70980af91f824929db	332	/home/lvfang/ESMC_halophile/R3_existing_challenge_v1_output/esm2/records/62/62d80d925a6e3963c48f378fa0d376cb1186fc3824047a8eb14f8dad650ad6df.npy
1267	1267	seq_1e9cc0cf61ffbe441cdbc2fa43fd08be57bbfc204e74c4f928e58d89c1ecd2ac	0	existing_challenge	seq_1e9cc0cf61ffbe441cdbc2fa43fd08be57bbfc204e74c4f928e58d89c1ecd2ac	238	/home/lvfang/ESMC_halophile/R3_existing_challenge_v1_output/esm2/records/90/90589700191ee2de997512fadca67e4525b3b53bd6ada871dc55ef69d6bb9554.npy
1268	1268	seq_b623266a9ea9e89f78a82b271f3cc5a9904fee6ee7285756a1111be4a56de8b1	0	existing_challenge	seq_b623266a9ea9e89f78a82b271f3cc5a9904fee6ee7285756a1111be4a56de8b1	178	/home/lvfang/ESMC_halophile/R3_existing_challenge_v1_output/esm2/records/08/08a7ecef67c9393c2d33095adc0c606e36cc707963ecf65db4f1fa9bcdff4311.npy
1269	1269	seq_c00ede2708bf3fdf4f6c55032b65e9c686084f44365f09a5fc8ab4a0f0bedc18	0	existing_challenge	seq_c00ede2708bf3fdf4f6c55032b65e9c686084f44365f09a5fc8ab4a0f0bedc18	309	/home/lvfang/ESMC_halophile/R3_existing_challenge_v1_output/esm2/records/08/08bcbea2a65546a411a3a63d30e77fd1fa5155b0549efa5984ab53dc9ccb0131.npy
1270	1270	seq_e588adf30f019e7fe5cb4edbd09e719ca5d86a99fbad677b0b83e7b242e3fa14	0	existing_challenge	seq_e588adf30f019e7fe5cb4edbd09e719ca5d86a99fbad677b0b83e7b242e3fa14	423	/home/lvfang/ESMC_halophile/R3_existing_challenge_v1_output/esm2/records/dc/dc5f19915cd404ec63b63e49d238803bb43af12ab702c26ffef80b7f367f4305.npy
1271	1271	seq_113f6453a9aebd4a7dc750e6a99486475b3dcbce35c063fbccd575f53039ce27	0	existing_challenge	seq_113f6453a9aebd4a7dc750e6a99486475b3dcbce35c063fbccd575f53039ce27	64	/home/lvfang/ESMC_halophile/R3_existing_challenge_v1_output/esm2/records/e1/e13cc846856f2f46009a5676670be1054b2894b616fa0d07621bc7c138bff3e0.npy
1272	1272	seq_1b35283b33c7fdfff9c3cfa4460d3f92fbcd237503d7dd80c79c062ea2284c89	0	existing_challenge	seq_1b35283b33c7fdfff9c3cfa4460d3f92fbcd237503d7dd80c79c062ea2284c89	177	/home/lvfang/ESMC_halophile/R3_existing_challenge_v1_output/esm2/records/2a/2a326d6c8c6e2d67750a085245aea4d6b359f7e2285e762cdd6caa1fdf2f9602.npy
1273	1273	seq_66d255e8fb766d146324f8c63a7c637a3cce9fee20a57edb35b5d5074723c5c1	0	existing_challenge	seq_66d255e8fb766d146324f8c63a7c637a3cce9fee20a57edb35b5d5074723c5c1	122	/home/lvfang/ESMC_halophile/R3_existing_challenge_v1_output/esm2/records/de/de6590d7752ce25f7eadee3b7c7e03fccf46a3eacb8824679f008fbe0809bc6b.npy
1274	1274	seq_d9d7aee1aff22a40b7227ace99e3d7b43d70f9342e032d64e8df0f4d03cc171e	0	existing_challenge	seq_d9d7aee1aff22a40b7227ace99e3d7b43d70f9342e032d64e8df0f4d03cc171e	529	/home/lvfang/ESMC_halophile/R3_existing_challenge_v1_output/esm2/records/fe/fe1c1fed94ba2cfcf18ed3e6a7e026cd1276f69f69ea8c45a13179165e862446.npy
1275	1275	seq_b5a9c0482c4a41d9bb08b85d73f597b3770e1eb824506b20c90664a46312b2cb	0	existing_challenge	seq_b5a9c0482c4a41d9bb08b85d73f597b3770e1eb824506b20c90664a46312b2cb	247	/home/lvfang/ESMC_halophile/R3_existing_challenge_v1_output/esm2/records/f2/f2892213bbc7f6ad4e8af628f659e5f08b6a9144f4f4a0c739ca94e937b33bf1.npy
1276	1276	seq_3c69e4bd059da70ba18643370912c2feb60618fc4590f92dcd329e8d95170e34	0	existing_challenge	seq_3c69e4bd059da70ba18643370912c2feb60618fc4590f92dcd329e8d95170e34	116	/home/lvfang/ESMC_halophile/R3_existing_challenge_v1_output/esm2/records/6d/6d2b60d157fc10eec63f2a63709e3267b967901dc221c5707602f53750eed156.npy
1277	1277	seq_c7d06067d941a36c617ec070c167b9441e78bfe0a6334c30756f761a3b119b63	0	existing_challenge	seq_c7d06067d941a36c617ec070c167b9441e78bfe0a6334c30756f761a3b119b63	185	/home/lvfang/ESMC_halophile/R3_existing_challenge_v1_output/esm2/records/d1/d1010087f061336bdfe119c11180afabf316303664f7b5b01f60dccaefd2bf0d.npy
1278	1278	seq_8bc66659f17fb8beb07e9dc2fd02ce9c54a99ad42402baedd6f1d107e366f4fd	0	existing_challenge	seq_8bc66659f17fb8beb07e9dc2fd02ce9c54a99ad42402baedd6f1d107e366f4fd	225	/home/lvfang/ESMC_halophile/R3_existing_challenge_v1_output/esm2/records/31/318e5a16bba374b9c2e33b42cf683cb7b68187e8db6d44a52be3616f1a7d5ad0.npy
1279	1279	seq_ccda9db709d403b74f6f4b51fe2f20def76d89d5c64d140809db2cbe6fd0b05f	0	existing_challenge	seq_ccda9db709d403b74f6f4b51fe2f20def76d89d5c64d140809db2cbe6fd0b05f	161	/home/lvfang/ESMC_halophile/R3_existing_challenge_v1_output/esm2/records/bc/bc4a7ad86249dfd1071c76419ab874ed8f3c420c789922639e3cff12fc46a9fa.npy
1280	1280	seq_773b577ed25b2e74aee84912b06782f07e9a2e93240165d481594574ec32bcc6	0	existing_challenge	seq_773b577ed25b2e74aee84912b06782f07e9a2e93240165d481594574ec32bcc6	353	/home/lvfang/ESMC_halophile/R3_existing_challenge_v1_output/esm2/records/46/46f0507defef1041a5738bb70a8cad2ec604bb6bef6541da14d25863a940bc7e.npy
1281	1281	seq_15999f871fece603d242b4dd426906c36ba18f3bd12a8ed517f53a7a8c679ce7	0	existing_challenge	seq_15999f871fece603d242b4dd426906c36ba18f3bd12a8ed517f53a7a8c679ce7	428	/home/lvfang/ESMC_halophile/R3_existing_challenge_v1_output/esm2/records/52/52ac6a9b57b2b83c0dbe3602f58f5b8c3c32d3934aff8e408f99d39c866c9960.npy
1282	1282	seq_61d27d23fc40d0697adf3dc118dac7f87b68fb947c1b46046681d8535a978e6d	0	existing_challenge	seq_61d27d23fc40d0697adf3dc118dac7f87b68fb947c1b46046681d8535a978e6d	182	/home/lvfang/ESMC_halophile/R3_existing_challenge_v1_output/esm2/records/f9/f9e6cec64b8c57005b518d07f44c5f92bd8936b1aa30d8ba09f9f63cdb98351b.npy
1283	1283	seq_68011c45c6c9949fdaac1e20cb5fae7dddfe11b0da1f6b34b88759a95ab8be71	0	existing_challenge	seq_68011c45c6c9949fdaac1e20cb5fae7dddfe11b0da1f6b34b88759a95ab8be71	139	/home/lvfang/ESMC_halophile/R3_existing_challenge_v1_output/esm2/records/2b/2b6e8cb292a86dca87be5412d0d1e31f7b7aeb9525a1cffcebb0aabfd9eef703.npy
1284	1284	seq_204a378b15281ce85f9384dbacab765a949037eb4aecbde3cf1bf9a4c6b6e42a	0	existing_challenge	seq_204a378b15281ce85f9384dbacab765a949037eb4aecbde3cf1bf9a4c6b6e42a	176	/home/lvfang/ESMC_halophile/R3_existing_challenge_v1_output/esm2/records/be/be78b725809d1d85f8e8e5b988af12e7c1f7c491fa2db7f14213cedf9973a407.npy
1285	1285	seq_7a58e6ada5debac9998e9e326dda4b2bac9055eebd76ca287b2ac7ceae44ed6a	0	existing_challenge	seq_7a58e6ada5debac9998e9e326dda4b2bac9055eebd76ca287b2ac7ceae44ed6a	256	/home/lvfang/ESMC_halophile/R3_existing_challenge_v1_output/esm2/records/32/3238314a455806fa6cd87f269d1cbb48a4dbc23f73abe3aa90d71d47f0ea0b13.npy
1286	1286	seq_0708fb42498fff9e07c07134d7ffab860183fe18af727b9a8cac27bb96867711	0	existing_challenge	seq_0708fb42498fff9e07c07134d7ffab860183fe18af727b9a8cac27bb96867711	48	/home/lvfang/ESMC_halophile/R3_existing_challenge_v1_output/esm2/records/92/92dfb5b7760fc52a275f5c6f11c750731cd4356eb075d13caebf728717dc64af.npy
1287	1287	seq_e25ce6102c579d00f9109aa0ab535b7c8a52aa4e836f297491e13d47562603a1	0	existing_challenge	seq_e25ce6102c579d00f9109aa0ab535b7c8a52aa4e836f297491e13d47562603a1	271	/home/lvfang/ESMC_halophile/R3_existing_challenge_v1_output/esm2/records/0e/0ecc22097bbb7a55a91fd2f4447a06711deb45cab8d6f2e8698f30f12c828cb8.npy
1288	1288	seq_1eecf8899dbb94677b66f995b31ee153df2afd88f55745e74587cb753ba3a070	0	existing_challenge	seq_1eecf8899dbb94677b66f995b31ee153df2afd88f55745e74587cb753ba3a070	337	/home/lvfang/ESMC_halophile/R3_existing_challenge_v1_output/esm2/records/17/177db2d6f2d2d92eacbfd8e43a81479bb12bb450b2bb8ba72434d48a0ad3e3eb.npy
1289	1289	seq_fd628d1e6343c36564aee6d3816977ed27c974bd80d31bf81d39c7635a22feaf	0	existing_challenge	seq_fd628d1e6343c36564aee6d3816977ed27c974bd80d31bf81d39c7635a22feaf	361	/home/lvfang/ESMC_halophile/R3_existing_challenge_v1_output/esm2/records/4f/4fedd02dc45d860c21d80c23c516a2e99f7743a5f3e4fad930823d1e1b58604b.npy
1290	1290	seq_9befb3f04e8da7ea8be38f60d00da56f79727ed6a725b29da336614222cc9a84	0	existing_challenge	seq_9befb3f04e8da7ea8be38f60d00da56f79727ed6a725b29da336614222cc9a84	357	/home/lvfang/ESMC_halophile/R3_existing_challenge_v1_output/esm2/records/0d/0d445850fde751741c7450b50a491c61d8210cd16d13f8fe6c550f1dac7b763d.npy
1291	1291	seq_51d412cd881012ecf42fe951e8be4bfb1e84b1cec83e563999351b7045ee1e57	0	existing_challenge	seq_51d412cd881012ecf42fe951e8be4bfb1e84b1cec83e563999351b7045ee1e57	150	/home/lvfang/ESMC_halophile/R3_existing_challenge_v1_output/esm2/records/b7/b7ffd25ff494d8265344591d190fa7b54eaf7944a62787b3224add636991d133.npy
1292	1292	seq_4f27fd3623aa7bbe005e479fca3f5a67480d9a0742ad2988281fc8b73560db15	0	existing_challenge	seq_4f27fd3623aa7bbe005e479fca3f5a67480d9a0742ad2988281fc8b73560db15	170	/home/lvfang/ESMC_halophile/R3_existing_challenge_v1_output/esm2/records/19/199f7576bfbd815c3cb642b0a33dca44b320002ece2968ebd521f44991a516e6.npy
1293	1293	seq_41352645f0a91c6d0955f1870b4a044ee69ed8f5fa14eafc7d2b92669ea903ce	0	existing_challenge	seq_41352645f0a91c6d0955f1870b4a044ee69ed8f5fa14eafc7d2b92669ea903ce	308	/home/lvfang/ESMC_halophile/R3_existing_challenge_v1_output/esm2/records/e2/e2593382d144a8fe991ae45c79179772831f106f4ab2c97a39629384c5982224.npy
1294	1294	seq_bb61739c690ac32709c2321051394001c39e3044dd446a82ea74b5670706eefe	0	existing_challenge	seq_bb61739c690ac32709c2321051394001c39e3044dd446a82ea74b5670706eefe	160	/home/lvfang/ESMC_halophile/R3_existing_challenge_v1_output/esm2/records/6a/6aca56fd4eed947c760424f948bc6dec75f93b60dbfb46006c2b7aec9cf3f148.npy
1295	1295	seq_1d3022039ed62cad8fb9fe4d2426aa4625c5c6172e24bc91a5a39e9c7b3bf75c	0	existing_challenge	seq_1d3022039ed62cad8fb9fe4d2426aa4625c5c6172e24bc91a5a39e9c7b3bf75c	150	/home/lvfang/ESMC_halophile/R3_existing_challenge_v1_output/esm2/records/9d/9db23b9eeeb528d529d6e651a4b5a32b02ff25e39b396e6d61351f6480c81203.npy
1296	1296	seq_a2fecc50165ab7a19c6f91a37bb8c0818ca53e83af8c59c979a61a3527182e99	0	existing_challenge	seq_a2fecc50165ab7a19c6f91a37bb8c0818ca53e83af8c59c979a61a3527182e99	256	/home/lvfang/ESMC_halophile/R3_existing_challenge_v1_output/esm2/records/cf/cf917766f1edef9cd03cc62f88d50aaf8f738bd062e28b907c37d08b03be335c.npy
1297	1297	seq_4bc471570801814e550ee99cb28661a8dcead329d9668b9c28f3127bf572e086	0	existing_challenge	seq_4bc471570801814e550ee99cb28661a8dcead329d9668b9c28f3127bf572e086	172	/home/lvfang/ESMC_halophile/R3_existing_challenge_v1_output/esm2/records/61/61cf6a703298dbafaae308d7400ac5fc41f24f2cd7dea6826c182d9a130b2f21.npy
1298	1298	seq_79373e741fcffc4ae9593bf275acdf5ea5396876fe91c85bb3a91092675d6fe3	0	existing_challenge	seq_79373e741fcffc4ae9593bf275acdf5ea5396876fe91c85bb3a91092675d6fe3	137	/home/lvfang/ESMC_halophile/R3_existing_challenge_v1_output/esm2/records/85/851f6d242cbb61683523354eb5d6d0b8eba3bc4329cefe76276096ca0eef10d1.npy
1299	1299	seq_49e84381ee3c6a6c0d654d193beca071509329fec246c16846f8d6bd0fd79cf0	0	existing_challenge	seq_49e84381ee3c6a6c0d654d193beca071509329fec246c16846f8d6bd0fd79cf0	216	/home/lvfang/ESMC_halophile/R3_existing_challenge_v1_output/esm2/records/46/4699a1aaa2379e627f07def2489ca12cfa29fdb67caa6ec0bddcd71f204248e9.npy
1300	1300	seq_d80cfd31cf64ffe63fa7e84150002c929773241e74ea61ff17552644f08e7c26	0	existing_challenge	seq_d80cfd31cf64ffe63fa7e84150002c929773241e74ea61ff17552644f08e7c26	275	/home/lvfang/ESMC_halophile/R3_existing_challenge_v1_output/esm2/records/7b/7b358bdaac10ebd1875ced4fc5c08f89146caaed79adad5f59de3aa27dc8f36b.npy
1301	1301	seq_be9855f41ddeb83d9bb58630fa62e38fc2f30a57a02065d521b2786d3a758b13	0	existing_challenge	seq_be9855f41ddeb83d9bb58630fa62e38fc2f30a57a02065d521b2786d3a758b13	499	/home/lvfang/ESMC_halophile/R3_existing_challenge_v1_output/esm2/records/68/689d0fa3835f5cfa4f4c6ae5b4f33dc927895d56ddc10e89c8167165671929e3.npy
1302	1302	seq_5c10969afe6f1ceabce4fe5e8bcd496a709128e6f5f3a4e6f3e6e8499d10698c	0	existing_challenge	seq_5c10969afe6f1ceabce4fe5e8bcd496a709128e6f5f3a4e6f3e6e8499d10698c	351	/home/lvfang/ESMC_halophile/R3_existing_challenge_v1_output/esm2/records/f4/f4a3a147bbd86e9783c85904c9256429138a5a84fa20635428d61f749fee481c.npy
1303	1303	seq_dcc3ded3720421b52cc3d219cbe4e48383c8ae08b5dff44dc3296fff37259180	0	existing_challenge	seq_dcc3ded3720421b52cc3d219cbe4e48383c8ae08b5dff44dc3296fff37259180	228	/home/lvfang/ESMC_halophile/R3_existing_challenge_v1_output/esm2/records/ce/ce0e13afb9486f750ad6cb7485e86a3551edc3c6c09292196b6e2e4dc5686502.npy
1304	1304	seq_669df057865a2e411218517f1495dfb166f3943c86acbaa1f2cecac914a76eda	0	existing_challenge	seq_669df057865a2e411218517f1495dfb166f3943c86acbaa1f2cecac914a76eda	355	/home/lvfang/ESMC_halophile/R3_existing_challenge_v1_output/esm2/records/62/628ee1a02ccc61bf5bdf0cf3217daa3e3390a10bb7b6ec0c3e892e4f4e19d03c.npy
1305	1305	seq_bb812644a8663d8f9ee1437154b5c801c730932d492498ee061efc0d373a99d6	0	existing_challenge	seq_bb812644a8663d8f9ee1437154b5c801c730932d492498ee061efc0d373a99d6	268	/home/lvfang/ESMC_halophile/R3_existing_challenge_v1_output/esm2/records/7e/7eb8c5ee826e00c85890a9426b9785e4c6dc7e1545fc0e423b6b206f08eeff0c.npy
1306	1306	seq_eb3db57f4591d4d14153dd236666625d4ae6e3b4585c93f539371750457c80a5	0	existing_challenge	seq_eb3db57f4591d4d14153dd236666625d4ae6e3b4585c93f539371750457c80a5	488	/home/lvfang/ESMC_halophile/R3_existing_challenge_v1_output/esm2/records/be/be583e21085662d5b26cacf9b29b04a7a27923deff3ae80e605d096b742e81ab.npy
1307	1307	seq_605dee841ffe1dea4e17078539e05f9c9c2f0a140eba5d79df8029f165a611e0	0	existing_challenge	seq_605dee841ffe1dea4e17078539e05f9c9c2f0a140eba5d79df8029f165a611e0	43	/home/lvfang/ESMC_halophile/R3_existing_challenge_v1_output/esm2/records/65/6539c639f8f60585bce7534ea99371f4f4afe09f4246ed7170db4defacd3e70e.npy
1308	1308	seq_1a856b4169807e4395e67112912cb4b9707f98e1cc232e1a036d13123b552186	0	existing_challenge	seq_1a856b4169807e4395e67112912cb4b9707f98e1cc232e1a036d13123b552186	358	/home/lvfang/ESMC_halophile/R3_existing_challenge_v1_output/esm2/records/77/77e1b756c968d3cb1b744fdf99408d301086d4b07647ca2210d1c1485f5353a3.npy
1309	1309	seq_2756665de12ad59c5fda1d35746c588f77f3d43308a9165bee9b7f2b9b65f13c	0	existing_challenge	seq_2756665de12ad59c5fda1d35746c588f77f3d43308a9165bee9b7f2b9b65f13c	497	/home/lvfang/ESMC_halophile/R3_existing_challenge_v1_output/esm2/records/cc/ccb96ab98636505bfa3235180e8eee43b5500ee555bc797ed16b7bc8e92b4da5.npy
1310	1310	seq_6c8d46929e4690b033902c585dd4e0c70622cede28abd8baf6399b60cc80950a	0	existing_challenge	seq_6c8d46929e4690b033902c585dd4e0c70622cede28abd8baf6399b60cc80950a	767	/home/lvfang/ESMC_halophile/R3_existing_challenge_v1_output/esm2/records/7d/7d3c4230139f9fea6f26da983b27dd9a503cd4b99afac9f58f2f29f4991ff7cb.npy
1311	1311	seq_27d9735584e47be72f933f94fc83f00fefad0c8b5349207239297f62a55177ce	0	existing_challenge	seq_27d9735584e47be72f933f94fc83f00fefad0c8b5349207239297f62a55177ce	274	/home/lvfang/ESMC_halophile/R3_existing_challenge_v1_output/esm2/records/f7/f786db7486ada29027b52bcc769f1159f90b07c18c2faad5c583a834a8a80979.npy
1312	1312	seq_f4c5f5bee129781b1c6bec018079529510434b0f56300dd98eaaccf9f245af58	0	existing_challenge	seq_f4c5f5bee129781b1c6bec018079529510434b0f56300dd98eaaccf9f245af58	252	/home/lvfang/ESMC_halophile/R3_existing_challenge_v1_output/esm2/records/e3/e3832589836e44ca8999018022d6f1917644b5692cd77066cf65f587bf437ef3.npy
1313	1313	seq_1733dc838a25c0d139be49a07cc04b32372178303465dc33ecffb21fb320ee43	0	existing_challenge	seq_1733dc838a25c0d139be49a07cc04b32372178303465dc33ecffb21fb320ee43	317	/home/lvfang/ESMC_halophile/R3_existing_challenge_v1_output/esm2/records/b4/b458bd852a96c020b358364f79efb4b4a6778c95f663f38664c934980ce3c148.npy
1314	1314	seq_742741e900de38b8e3cf2dec3baaa3224b23da5e41ad907cd94c874abda0cf3c	0	existing_challenge	seq_742741e900de38b8e3cf2dec3baaa3224b23da5e41ad907cd94c874abda0cf3c	269	/home/lvfang/ESMC_halophile/R3_existing_challenge_v1_output/esm2/records/fd/fd72af5a9c9d470b1eb3db18884074045d962e17afbefc5f9eafec48e0fa74ef.npy
1315	1315	seq_7de4a2b5d903321af15c34e8f01df0bb25dc0593211ab445de93ee1c6c6f9c7b	0	existing_challenge	seq_7de4a2b5d903321af15c34e8f01df0bb25dc0593211ab445de93ee1c6c6f9c7b	334	/home/lvfang/ESMC_halophile/R3_existing_challenge_v1_output/esm2/records/ed/ed2c68bdefa811c87c17ec15445c75c04d1427c219fb8277c4756f8c45c5f23c.npy
1316	1316	seq_ac2b573fe4aa6804bd066c041f6cf3717b8fde09dbaa982902b2f1e92b8502ea	0	existing_challenge	seq_ac2b573fe4aa6804bd066c041f6cf3717b8fde09dbaa982902b2f1e92b8502ea	563	/home/lvfang/ESMC_halophile/R3_existing_challenge_v1_output/esm2/records/6a/6a9d41c7267519142d7873c20873a87923004fc7d56887b74335dd749d86ea06.npy
1317	1317	seq_c7b3f0d0ffb5f30fd82d7aecf8cffd42cf5d252ed95bb216b193b2b843f8d2a1	0	existing_challenge	seq_c7b3f0d0ffb5f30fd82d7aecf8cffd42cf5d252ed95bb216b193b2b843f8d2a1	109	/home/lvfang/ESMC_halophile/R3_existing_challenge_v1_output/esm2/records/fd/fd6c97b90bc6962fa53bf65c0d558737151a529db7544135a31964c2508ecea9.npy
1318	1318	seq_b2750540aa144ccee6ca22002cd9427269c4e6ca33835c2bd67f04b824e9f40d	0	existing_challenge	seq_b2750540aa144ccee6ca22002cd9427269c4e6ca33835c2bd67f04b824e9f40d	133	/home/lvfang/ESMC_halophile/R3_existing_challenge_v1_output/esm2/records/64/6489f3497760bdfca1d02bc4a1b4b03e9de64949a2d918e94b405576798b3b3c.npy
1319	1319	seq_740e20211f6cd505f83dd0f8a041ac7e70bec646c5cd3272a530b93343a6e433	0	existing_challenge	seq_740e20211f6cd505f83dd0f8a041ac7e70bec646c5cd3272a530b93343a6e433	394	/home/lvfang/ESMC_halophile/R3_existing_challenge_v1_output/esm2/records/9e/9e48800f51f5265482545102b6a332df8e89edbe5695654bbe5a2e3ef25a5e2e.npy
1320	1320	seq_4820a6dc2c65079fb1c0a0def6d3a7ae3d023b47517bba9da47d927ec4191833	0	existing_challenge	seq_4820a6dc2c65079fb1c0a0def6d3a7ae3d023b47517bba9da47d927ec4191833	516	/home/lvfang/ESMC_halophile/R3_existing_challenge_v1_output/esm2/records/bd/bd34401068dc4108938b46cdfdbda2df35e28766c27f483d0b90761b29c8b5dd.npy
1321	1321	seq_5f4c454a73e2ef6a01aa9317e6534015185945e326931f6b77af82d70f5c9118	0	existing_challenge	seq_5f4c454a73e2ef6a01aa9317e6534015185945e326931f6b77af82d70f5c9118	177	/home/lvfang/ESMC_halophile/R3_existing_challenge_v1_output/esm2/records/5e/5eed78b1920b8fb65b14ff1c8a305eac9bf94a2564c0fac5ba1815b1289ec0f9.npy
1322	1322	seq_b257231e6a96951ef956f5406c1ee617e3a99a22753205d95810aefb3c8183e7	0	existing_challenge	seq_b257231e6a96951ef956f5406c1ee617e3a99a22753205d95810aefb3c8183e7	569	/home/lvfang/ESMC_halophile/R3_existing_challenge_v1_output/esm2/records/e5/e56fb9c5742cb40108b50b2aabcb5d37fc4bcac21abdefd8feb45c94602faee9.npy
1323	1323	seq_cc9748cc4ccc67d9b98898fb1e887aff7ea4e898198e4ae184f5896377668cf1	0	existing_challenge	seq_cc9748cc4ccc67d9b98898fb1e887aff7ea4e898198e4ae184f5896377668cf1	150	/home/lvfang/ESMC_halophile/R3_existing_challenge_v1_output/esm2/records/7e/7e4799b6b2af24bcb8febbc7c479f00dd552e06f5db291911897a98ab6ddf13e.npy
1324	1324	seq_f9ee95c24dedc17d519909580c5aec763602c21e25ce3cf271d62533f8090f25	0	existing_challenge	seq_f9ee95c24dedc17d519909580c5aec763602c21e25ce3cf271d62533f8090f25	137	/home/lvfang/ESMC_halophile/R3_existing_challenge_v1_output/esm2/records/16/164072dcaec38de46b03716d0b4465880efbe5e10de01d90b2861e5c620ad191.npy
1325	1325	seq_62fad64c07a4049f3cab851c006863b66fe0ae60ae6ed0856d39fc53d55a3d73	0	existing_challenge	seq_62fad64c07a4049f3cab851c006863b66fe0ae60ae6ed0856d39fc53d55a3d73	103	/home/lvfang/ESMC_halophile/R3_existing_challenge_v1_output/esm2/records/d3/d381000dc849572faa6a0150e4b1dca2183f64aed7be54dbc51e739b472985d1.npy
1326	1326	seq_f7b35f43a4cc8f02cd0c7feef9fdb2f1ddbd7fca81d340a6e9c22cde34e81e6b	0	existing_challenge	seq_f7b35f43a4cc8f02cd0c7feef9fdb2f1ddbd7fca81d340a6e9c22cde34e81e6b	216	/home/lvfang/ESMC_halophile/R3_existing_challenge_v1_output/esm2/records/48/48f46862083148ef86ba65f2cb82d9b89a0da879fc1edd3485201b4df8ce85b4.npy
1327	1327	seq_81debe25ce99786b4057d33d2b50b40ffa10d46ab915605c921ada11bc78df25	0	existing_challenge	seq_81debe25ce99786b4057d33d2b50b40ffa10d46ab915605c921ada11bc78df25	326	/home/lvfang/ESMC_halophile/R3_existing_challenge_v1_output/esm2/records/09/09447e4848b5580ca5e79d8c7f85a4bfec8c15e837194d26a02ef9876eac7dd7.npy
1328	1328	seq_0d2f5a6ef6eb9547cf729355dc3996c7c920222024e53ff304326307a7799d79	0	existing_challenge	seq_0d2f5a6ef6eb9547cf729355dc3996c7c920222024e53ff304326307a7799d79	282	/home/lvfang/ESMC_halophile/R3_existing_challenge_v1_output/esm2/records/b6/b676d20c34da6e84d6a7af0f20bb6e8574633256210ec637567bfdf2bcc581e1.npy
1329	1329	seq_cdc1894530efbf3ef9ad9e5b3956f1a8c9a114aac1a021fd314e272e40530ff1	0	existing_challenge	seq_cdc1894530efbf3ef9ad9e5b3956f1a8c9a114aac1a021fd314e272e40530ff1	163	/home/lvfang/ESMC_halophile/R3_existing_challenge_v1_output/esm2/records/09/093e574da196ceeed8d606e92413bec723835a5219c28a0929856c22f709d943.npy
1330	1330	seq_32770047762e8ceeadf013914048272eb6b3c49f612fbe20dfb0be063bd7c256	0	existing_challenge	seq_32770047762e8ceeadf013914048272eb6b3c49f612fbe20dfb0be063bd7c256	764	/home/lvfang/ESMC_halophile/R3_existing_challenge_v1_output/esm2/records/01/0166504ce310d95165837baaa400df95fd06fa15a199c3ff403d319f93020506.npy
1331	1331	seq_e79f4def9dad3067e6a2c31d53ad20c8cc8e89db73b2601aba000ad4b89f1d67	0	existing_challenge	seq_e79f4def9dad3067e6a2c31d53ad20c8cc8e89db73b2601aba000ad4b89f1d67	613	/home/lvfang/ESMC_halophile/R3_existing_challenge_v1_output/esm2/records/b2/b2b7152a10662c3d6d6d91f233b454b3f8616fb9a151508201d38b130ff2ab4e.npy
1332	1332	seq_91736c34edf681e46a041570b30f60850997a98aa0fc0b8f7e56eae8706d1a60	0	existing_challenge	seq_91736c34edf681e46a041570b30f60850997a98aa0fc0b8f7e56eae8706d1a60	227	/home/lvfang/ESMC_halophile/R3_existing_challenge_v1_output/esm2/records/d6/d62a3a0d7fb75699c6f1c6152764888c76dc52319e22bbbd7ddcde3ee576732c.npy
1333	1333	seq_172391b8034c0680edfd800a8aee270371727b3c0323c402f119763630457706	0	existing_challenge	seq_172391b8034c0680edfd800a8aee270371727b3c0323c402f119763630457706	74	/home/lvfang/ESMC_halophile/R3_existing_challenge_v1_output/esm2/records/f4/f44697ab2713adc617a8ce3c974c9002e4ecac175160bb8200f41534012caf92.npy
1334	1334	seq_7978e842b73ab27636f2f5b24c91719404c2a83d445c6b30361ab69b712300dc	0	existing_challenge	seq_7978e842b73ab27636f2f5b24c91719404c2a83d445c6b30361ab69b712300dc	144	/home/lvfang/ESMC_halophile/R3_existing_challenge_v1_output/esm2/records/20/2060446f0062b0d8f4dca7ebe7a8ea62d995d75a18dff70bedf489c2b32b7e2a.npy
1335	1335	seq_1d1993794093e36c080fdc8b55ce60bb2d9f66537fadac98087f5847df8bef77	0	existing_challenge	seq_1d1993794093e36c080fdc8b55ce60bb2d9f66537fadac98087f5847df8bef77	162	/home/lvfang/ESMC_halophile/R3_existing_challenge_v1_output/esm2/records/0f/0f187da868dfc26305d1f54f98dcf81d102e3754a964bb455d538d87d0c9a7c9.npy
1336	1336	seq_324c27aecd9a0ad353b1741caccb5dd6a2efb95ef6ad577d541c8cc1bc03abf6	0	existing_challenge	seq_324c27aecd9a0ad353b1741caccb5dd6a2efb95ef6ad577d541c8cc1bc03abf6	1088	/home/lvfang/ESMC_halophile/R3_existing_challenge_v1_output/esm2/records/0d/0d16db8ca464a2a82a6995ce81a39a771f510a1e94717fd05413e145cbeaedee.npy
1337	1337	seq_0ae97a2cada780b8c01bbe40240c73e248cfff4cf920808f11aa204d8b8d4203	0	existing_challenge	seq_0ae97a2cada780b8c01bbe40240c73e248cfff4cf920808f11aa204d8b8d4203	133	/home/lvfang/ESMC_halophile/R3_existing_challenge_v1_output/esm2/records/bc/bcb968acffe398cde46a045d0406daaf3548cf2afbbe9d2d328c4b1a3f8df755.npy
1338	1338	seq_8fe04d937c2d4e59983cdcfc499d29f6369a350ebb1fa120710deca4731707e5	0	existing_challenge	seq_8fe04d937c2d4e59983cdcfc499d29f6369a350ebb1fa120710deca4731707e5	383	/home/lvfang/ESMC_halophile/R3_existing_challenge_v1_output/esm2/records/dd/dd088275861c235be7a2e36b123354852be29349a7d359927bf4cd342815a469.npy
1339	1339	seq_f234825e06a96fac99efd6a36103505c25427fb80bdad07922467fb9c40fd187	0	existing_challenge	seq_f234825e06a96fac99efd6a36103505c25427fb80bdad07922467fb9c40fd187	813	/home/lvfang/ESMC_halophile/R3_existing_challenge_v1_output/esm2/records/21/212af6ce786eb2cc332ed1d795a31fc8429b6e4d84d58b9701c37d56263671f4.npy
1340	1340	seq_685408443037f8813bac217b2d92676716685e680b5e7ae9399d962ff44a57d2	0	existing_challenge	seq_685408443037f8813bac217b2d92676716685e680b5e7ae9399d962ff44a57d2	164	/home/lvfang/ESMC_halophile/R3_existing_challenge_v1_output/esm2/records/90/90baff2f2459e0054297ed2ac2d4dfd134b89457242beb6dd07c70435e704e3a.npy
1341	1341	seq_1f3cd9ab1bd02933ae2015905bf79c9a59bbfcd9ddb3c1b3d75fe1f853462d18	0	existing_challenge	seq_1f3cd9ab1bd02933ae2015905bf79c9a59bbfcd9ddb3c1b3d75fe1f853462d18	192	/home/lvfang/ESMC_halophile/R3_existing_challenge_v1_output/esm2/records/85/850429dd86061463bc10676f92702fb7745d9a6c78d1d1e14b21d7a80205b076.npy
1342	1342	seq_12fc7dd201b3d965ed3ecb2628ae027c3e331f67bca7606d801856feb2649103	0	existing_challenge	seq_12fc7dd201b3d965ed3ecb2628ae027c3e331f67bca7606d801856feb2649103	266	/home/lvfang/ESMC_halophile/R3_existing_challenge_v1_output/esm2/records/c5/c5c6e3dcbad350067ae50901d0c61635e364773ab91be60eb03ee72df504d981.npy
1343	1343	seq_429469cfaeecde3f25e72170ae63e841362a2de7a16962d6c2bb08594cba0e38	0	existing_challenge	seq_429469cfaeecde3f25e72170ae63e841362a2de7a16962d6c2bb08594cba0e38	655	/home/lvfang/ESMC_halophile/R3_existing_challenge_v1_output/esm2/records/ac/ac869a46b8a09c496f821aaae776779cfbb851b2fc2677b6678a6e7419f9faa6.npy
1344	1344	seq_1e004f043e98751159e5620e207fc48a10d5eed6e4bcafad2d178b529da7b71e	0	existing_challenge	seq_1e004f043e98751159e5620e207fc48a10d5eed6e4bcafad2d178b529da7b71e	308	/home/lvfang/ESMC_halophile/R3_existing_challenge_v1_output/esm2/records/ee/eea0bd8e60e977de5c9ae832f59c84c835a00df306e9ed63fcce78389ef10a30.npy
1345	1345	seq_8b60ab22b5f6d1bab703c2b7b463435f38ff0aed8e5006186ed9a575e1d07d10	0	existing_challenge	seq_8b60ab22b5f6d1bab703c2b7b463435f38ff0aed8e5006186ed9a575e1d07d10	128	/home/lvfang/ESMC_halophile/R3_existing_challenge_v1_output/esm2/records/97/97f02a179cb13af6423e960e83becacacba8b399c41d0395de16c253de40d86b.npy
1346	1346	seq_dfac467d87910489c79166de85e9103b3fd591e0718c260548242337a4a912d8	0	existing_challenge	seq_dfac467d87910489c79166de85e9103b3fd591e0718c260548242337a4a912d8	188	/home/lvfang/ESMC_halophile/R3_existing_challenge_v1_output/esm2/records/76/7645162e02a6b7f1148fb1b98887e31ea61f0c8b93f14c9780edbd1032bf249a.npy
1347	1347	seq_0e4902d0136e69e7a51cd3f0410f371e51d6c9331cf98e5e003923f8c1f5f5a3	0	existing_challenge	seq_0e4902d0136e69e7a51cd3f0410f371e51d6c9331cf98e5e003923f8c1f5f5a3	288	/home/lvfang/ESMC_halophile/R3_existing_challenge_v1_output/esm2/records/f5/f5fc7219c7694640763c7a72ae03c8860d97d309f8f5bb57593bece372b19a19.npy
1348	1348	seq_5e24b09fd112cfa91b35d8d43a31fce118da850795fd0de787b0aaeafc28c74b	0	existing_challenge	seq_5e24b09fd112cfa91b35d8d43a31fce118da850795fd0de787b0aaeafc28c74b	343	/home/lvfang/ESMC_halophile/R3_existing_challenge_v1_output/esm2/records/ce/ce2f54c65532d1c587f9c266c1783dd60698a0b344cb2188ca2fe5d4dc840eed.npy
1349	1349	seq_c8bf7b2dd67690c87f651bd381e50637af3de905f9e5cd0e385870e5a5f662df	0	existing_challenge	seq_c8bf7b2dd67690c87f651bd381e50637af3de905f9e5cd0e385870e5a5f662df	122	/home/lvfang/ESMC_halophile/R3_existing_challenge_v1_output/esm2/records/23/2385c9536ace263c180a356e545ce5336201b342690de65df03bac195b8240d2.npy
1350	1350	seq_eeefb0b43882267361651a5cc3bcd41bee8d3cfff8fe3348cebe0878d8cc8a92	0	existing_challenge	seq_eeefb0b43882267361651a5cc3bcd41bee8d3cfff8fe3348cebe0878d8cc8a92	703	/home/lvfang/ESMC_halophile/R3_existing_challenge_v1_output/esm2/records/ba/bad421e72e4ff65c70ba2af4c39711cfb7f5ab9f3f3d035999b8da8b6389496b.npy
1351	1351	seq_c9798129527c7acf2f15ab7e4d8f565efb01409365a3fffaccfe31678651e0a0	0	existing_challenge	seq_c9798129527c7acf2f15ab7e4d8f565efb01409365a3fffaccfe31678651e0a0	483	/home/lvfang/ESMC_halophile/R3_existing_challenge_v1_output/esm2/records/c7/c7f1b445b14b743d65cd98527832b480349989c65ab115bbb0cd35e9637567c9.npy
1352	1352	seq_168e041d7453df312fae9646bea817a69279c288894a7e39501a72d1999bda99	0	existing_challenge	seq_168e041d7453df312fae9646bea817a69279c288894a7e39501a72d1999bda99	1306	/home/lvfang/ESMC_halophile/R3_existing_challenge_v1_output/esm2/records/6f/6fac26dd53569ba351a3c32a9d862eaf977ec9cb0e0b5c6572f3e346b5425040.npy
1353	1353	seq_55345c7ae4503b92e4f35d9d69e36b14e0ee269d0a9e49e84698b42efd87d904	0	existing_challenge	seq_55345c7ae4503b92e4f35d9d69e36b14e0ee269d0a9e49e84698b42efd87d904	331	/home/lvfang/ESMC_halophile/R3_existing_challenge_v1_output/esm2/records/d3/d38f0ba5b1679375dfd5a9d508aad0ff62f6c357a589503a3ed86d20909749ea.npy
1354	1354	seq_813c473aa194bb32f15e2aabfe4b17fa91f730fd653be7029f42f3ba3f67f23e	0	existing_challenge	seq_813c473aa194bb32f15e2aabfe4b17fa91f730fd653be7029f42f3ba3f67f23e	234	/home/lvfang/ESMC_halophile/R3_existing_challenge_v1_output/esm2/records/c9/c93badad5e66e3da7c4fc2e16a1b32016409f31c70628bb4cdc1fc4f8d2d9222.npy
1355	1355	seq_8ddeedf158ed9db4df08a722c84b5120f0e8fbd87d66d5f3e1fb16c31df426ba	0	existing_challenge	seq_8ddeedf158ed9db4df08a722c84b5120f0e8fbd87d66d5f3e1fb16c31df426ba	137	/home/lvfang/ESMC_halophile/R3_existing_challenge_v1_output/esm2/records/dd/dd0e55725edb9b448b4d887075c2cc61959cc453f8d27799b528d39d73a5c6a4.npy
1356	1356	seq_b929b6479cc88d2bd622cce80d9920af475e612c70760cb60b18536f7fecade3	0	existing_challenge	seq_b929b6479cc88d2bd622cce80d9920af475e612c70760cb60b18536f7fecade3	385	/home/lvfang/ESMC_halophile/R3_existing_challenge_v1_output/esm2/records/80/803619e1948271f833213c09a75e42c528d741492e8b9fd7b8f889c0f9f0f480.npy
1357	1357	seq_d33944a2933b9c117a31f95a0a1484f06fde4ab54e71a725c460b4c3d42e7195	0	existing_challenge	seq_d33944a2933b9c117a31f95a0a1484f06fde4ab54e71a725c460b4c3d42e7195	372	/home/lvfang/ESMC_halophile/R3_existing_challenge_v1_output/esm2/records/af/af1fe38ed901fa1d5059a28ee751a93cb1637cf94e49234bb6fc1794cfb9a38b.npy
1358	1358	seq_663fb58896d10409055a67e0cd42fc0225438177aef86ecc68ce155a0808bc9a	0	existing_challenge	seq_663fb58896d10409055a67e0cd42fc0225438177aef86ecc68ce155a0808bc9a	151	/home/lvfang/ESMC_halophile/R3_existing_challenge_v1_output/esm2/records/ea/ea0ee363368998f45715a029f083b3e25877c32f8102fdd052ef6393b886044d.npy
1359	1359	seq_d75f454f2833e033459329595556c8a48758f89cbcb0ca8624d5b1b19561e939	0	existing_challenge	seq_d75f454f2833e033459329595556c8a48758f89cbcb0ca8624d5b1b19561e939	375	/home/lvfang/ESMC_halophile/R3_existing_challenge_v1_output/esm2/records/48/48e210017a2edb8750ab63d25f300a9e81b169dc358a75385521f3f509e1b22d.npy
1360	1360	seq_6eca18496a6a3d81ae187e8774df9ce5a5a18ece7074c67abd867ef028bb654e	0	existing_challenge	seq_6eca18496a6a3d81ae187e8774df9ce5a5a18ece7074c67abd867ef028bb654e	289	/home/lvfang/ESMC_halophile/R3_existing_challenge_v1_output/esm2/records/d2/d2317445f292ef4c76655031ee721be43b5c82f6394e6624c55c15f4301ba281.npy
1361	1361	seq_0201c7d1c874af2ce735f2f0e1b5e0ffa8cbbd9e2efc1d1f7d36a38cafaa0689	0	existing_challenge	seq_0201c7d1c874af2ce735f2f0e1b5e0ffa8cbbd9e2efc1d1f7d36a38cafaa0689	483	/home/lvfang/ESMC_halophile/R3_existing_challenge_v1_output/esm2/records/88/888d2a490c73b594523add2413ad2592c29cffe82275c6efc0a4a66acf3ca75c.npy
1362	1362	seq_e5c944e017911dd0988f5b09ea81a65b7bdd920877732579fae352b59ab87e69	0	existing_challenge	seq_e5c944e017911dd0988f5b09ea81a65b7bdd920877732579fae352b59ab87e69	894	/home/lvfang/ESMC_halophile/R3_existing_challenge_v1_output/esm2/records/7b/7bbb6d44bc5440fb8bad41108b80b4a9eca284ab599ac9ad7a88a4ea157c3458.npy
1363	1363	seq_e981095c7b7b48e79b17a6522e71efb76d2b30ea459617878373a201f6773dbc	0	existing_challenge	seq_e981095c7b7b48e79b17a6522e71efb76d2b30ea459617878373a201f6773dbc	176	/home/lvfang/ESMC_halophile/R3_existing_challenge_v1_output/esm2/records/0b/0b7ace7d43ea25d4d09708db1b8dedd7c9dbcabeb1198452388e4755389f6c44.npy
1364	1364	seq_b73f0dd0dad436dc683ec2740b9a544dc70c9bf75b10b876066012d9621ae3c0	0	existing_challenge	seq_b73f0dd0dad436dc683ec2740b9a544dc70c9bf75b10b876066012d9621ae3c0	475	/home/lvfang/ESMC_halophile/R3_existing_challenge_v1_output/esm2/records/98/98aacff5c428b7f0a5371b40f5dd9cf52f5d704031436b19dfa6708809ed1417.npy
1365	1365	seq_9f379c19906e7c08e91782924f81c8af7216ad5d62cf8c2760fa9ec92d010d0d	0	existing_challenge	seq_9f379c19906e7c08e91782924f81c8af7216ad5d62cf8c2760fa9ec92d010d0d	382	/home/lvfang/ESMC_halophile/R3_existing_challenge_v1_output/esm2/records/a8/a82fb491c201220c48adce6ef5fd130048701583cb8f6924ab99e8e16000edd9.npy
1366	1366	seq_81c5da6d49b46232fb523a5835907a903aa39bb8a843091b4a25eb586933e885	0	existing_challenge	seq_81c5da6d49b46232fb523a5835907a903aa39bb8a843091b4a25eb586933e885	100	/home/lvfang/ESMC_halophile/R3_existing_challenge_v1_output/esm2/records/25/25e8e02d5c33dc01507fb4748a5d23510b9de027ca5d0bd4596d753b7d9d3974.npy
1367	1367	seq_2875641c3cfa03009af3956c8fb94b361bcc769d51c6212afa67cea2ffe833ed	0	existing_challenge	seq_2875641c3cfa03009af3956c8fb94b361bcc769d51c6212afa67cea2ffe833ed	857	/home/lvfang/ESMC_halophile/R3_existing_challenge_v1_output/esm2/records/48/4807f15b7bd8080b9ada9870acf74bfaacfb19b181e35d7c0c4d75e220648f40.npy
1368	1368	seq_5a9496e6bc991999bfcad26de64c23370471a1c238d3990b5f0878cd6f416887	0	existing_challenge	seq_5a9496e6bc991999bfcad26de64c23370471a1c238d3990b5f0878cd6f416887	51	/home/lvfang/ESMC_halophile/R3_existing_challenge_v1_output/esm2/records/b0/b0dd4f128b1b63993154f93bad7ab479e52cda09aa473bdf56de5fefae5ed53e.npy
1369	1369	seq_bfa869decf2b6aee07fe31129e628851192ee53b696a9ca7f42c966c44482a3d	0	existing_challenge	seq_bfa869decf2b6aee07fe31129e628851192ee53b696a9ca7f42c966c44482a3d	327	/home/lvfang/ESMC_halophile/R3_existing_challenge_v1_output/esm2/records/5b/5b5241129354decc542efb445c9c83558f3e7660581a1630d98756ef2a312223.npy
1370	1370	seq_b84eaacf5a0ea41f6d8873b5d934ca91b8849337c05f2954cd1cb8c1433ba80b	0	existing_challenge	seq_b84eaacf5a0ea41f6d8873b5d934ca91b8849337c05f2954cd1cb8c1433ba80b	165	/home/lvfang/ESMC_halophile/R3_existing_challenge_v1_output/esm2/records/a0/a0a40302f9f62d5e1816f2687da05ce7aa805b731d969afbcc384fdc0b8b3edd.npy
1371	1371	seq_bcaff0b55b90727edc69afc39a35c7b1f444a1ed50f0d88d473d4529d95cfe40	0	existing_challenge	seq_bcaff0b55b90727edc69afc39a35c7b1f444a1ed50f0d88d473d4529d95cfe40	402	/home/lvfang/ESMC_halophile/R3_existing_challenge_v1_output/esm2/records/48/48c43ff865a3dc804f29039e7f5314a6d3197ee24bad71f4044c146489b1cffc.npy
1372	1372	seq_84509181a0257874da042fce1f740103d5c037e93483030ac508037ffe627f5a	0	existing_challenge	seq_84509181a0257874da042fce1f740103d5c037e93483030ac508037ffe627f5a	648	/home/lvfang/ESMC_halophile/R3_existing_challenge_v1_output/esm2/records/aa/aaec1f5d1456807f8b476dd1741bebc842fadf1bad85f675df72fbb4642c40f8.npy
1373	1373	seq_67c9554e2f60b343a5cfc054ce48a3a7ffa726e5dd40407e571ad36191e1c229	0	existing_challenge	seq_67c9554e2f60b343a5cfc054ce48a3a7ffa726e5dd40407e571ad36191e1c229	29	/home/lvfang/ESMC_halophile/R3_existing_challenge_v1_output/esm2/records/1e/1e72bdb397a6e05b290b6315eaa9f76fd4ffad251ce0dd258492ef1b50f338e7.npy
1374	1374	seq_9b1f2f12e95ec99828347ed212529afe962558f291ed47010b7ea05611901ebe	0	existing_challenge	seq_9b1f2f12e95ec99828347ed212529afe962558f291ed47010b7ea05611901ebe	382	/home/lvfang/ESMC_halophile/R3_existing_challenge_v1_output/esm2/records/1e/1e06d3d4b91017b56fa166d7af9d3281f13c3eae90df82340e9ba0c64da6b2a2.npy
1375	1375	seq_5ed44655d393d41f1a2915c944dd998458976a7b628a9c4a6402ed1aebb18d40	0	existing_challenge	seq_5ed44655d393d41f1a2915c944dd998458976a7b628a9c4a6402ed1aebb18d40	231	/home/lvfang/ESMC_halophile/R3_existing_challenge_v1_output/esm2/records/34/3479b9c7127e1a9e5f0ada67664aa372daf8412a177b5b61c21850a6773c1298.npy
1376	1376	seq_5fab2733adf71741bfdeacd2e2ad952c4cc7e3816094fdc7e2139e9e280ff55b	0	existing_challenge	seq_5fab2733adf71741bfdeacd2e2ad952c4cc7e3816094fdc7e2139e9e280ff55b	186	/home/lvfang/ESMC_halophile/R3_existing_challenge_v1_output/esm2/records/d4/d44951de8c393e9336a7eacf511c31d0a6b13a88100f070d9a35f87cb5303897.npy
1377	1377	seq_97c6c59d1930616ea51d4e84e65b9baafb2d3755f4f2d85c17955eb9a6bef648	0	existing_challenge	seq_97c6c59d1930616ea51d4e84e65b9baafb2d3755f4f2d85c17955eb9a6bef648	324	/home/lvfang/ESMC_halophile/R3_existing_challenge_v1_output/esm2/records/2e/2eb019cd75f64dc5deb8c53761116d8144b2ffcb7486ef9314ed737ec536474a.npy
1378	1378	seq_1a0f5ac9d67fda019cb376a83f668f791b275ad31345dc5b655ea45c311c8814	0	existing_challenge	seq_1a0f5ac9d67fda019cb376a83f668f791b275ad31345dc5b655ea45c311c8814	91	/home/lvfang/ESMC_halophile/R3_existing_challenge_v1_output/esm2/records/42/4263a8222f14dae0e7eaa059d19122c7ce965c78cd456e7f735ac73bf4af4853.npy
1379	1379	seq_efcdc5b7ef91a06b3b94dfc2f028ad2d5ec8958e2fc37c6bba9e8847e6a5ab1f	0	existing_challenge	seq_efcdc5b7ef91a06b3b94dfc2f028ad2d5ec8958e2fc37c6bba9e8847e6a5ab1f	399	/home/lvfang/ESMC_halophile/R3_existing_challenge_v1_output/esm2/records/02/02b19937aeed25e4c08a2495cef8bbabf4eae576626c69126d15a4d119b11270.npy
1380	1380	seq_d90791b61c3d326f98ea4f73296ed9a4b6ffd363ebcafbe8b1b7efc797868b88	0	existing_challenge	seq_d90791b61c3d326f98ea4f73296ed9a4b6ffd363ebcafbe8b1b7efc797868b88	206	/home/lvfang/ESMC_halophile/R3_existing_challenge_v1_output/esm2/records/3d/3d281e9c3fd71755e1c7861c7a5942a7524bc5c32932f2a11fd2a4b7fe4f2ae6.npy
1381	1381	seq_c0bcada007d03685868dcfa28883978bc0c7f44903334b156bdcbaba5112c5f7	0	existing_challenge	seq_c0bcada007d03685868dcfa28883978bc0c7f44903334b156bdcbaba5112c5f7	156	/home/lvfang/ESMC_halophile/R3_existing_challenge_v1_output/esm2/records/bf/bfec2c715d8736b66a6af099803019fc704601831fc92bcf62c2470e3ae5b12c.npy
1382	1382	seq_ccc4ac2704a78fe272520890286228dd5d87fd2d1eb5209cb912b534468fddea	0	existing_challenge	seq_ccc4ac2704a78fe272520890286228dd5d87fd2d1eb5209cb912b534468fddea	205	/home/lvfang/ESMC_halophile/R3_existing_challenge_v1_output/esm2/records/ae/ae2a7389fa374f5d8eaa641a4b4223955a7cc44fd5cfd54a8e33bfc638948ed3.npy
1383	1383	seq_2da5ca18433453b0c920adb8079a912df8e8e022f25a4ed016bb7d04004fbc5f	0	existing_challenge	seq_2da5ca18433453b0c920adb8079a912df8e8e022f25a4ed016bb7d04004fbc5f	452	/home/lvfang/ESMC_halophile/R3_existing_challenge_v1_output/esm2/records/49/49e414a7c90b4e2639887d0af498cb12fa84120db537ab316a0a051968daffa0.npy
1384	1384	seq_7e990ffa746c042a9687ab180cd82bc04dee3475bf45e472501d6f8ae6336b06	0	existing_challenge	seq_7e990ffa746c042a9687ab180cd82bc04dee3475bf45e472501d6f8ae6336b06	357	/home/lvfang/ESMC_halophile/R3_existing_challenge_v1_output/esm2/records/df/df6d8d318b1e52a9b3bbd4ac94138561d1f6990a43787dfbc3329bddd6e9642a.npy
1385	1385	seq_b58a44b7424c16dc8f6c858336855b22cd12dcd57b0da6fc6f8cf5a40da8ad8f	0	existing_challenge	seq_b58a44b7424c16dc8f6c858336855b22cd12dcd57b0da6fc6f8cf5a40da8ad8f	312	/home/lvfang/ESMC_halophile/R3_existing_challenge_v1_output/esm2/records/0c/0c25dcdf8e6526e21dea928277ba580b136da2015580b5cb6d8a60d67b7367e6.npy
1386	1386	seq_6c58e97cf2a67aeb3871dd9d6df062455cf383accae9c3d6fcf8dea5a65c49cb	0	existing_challenge	seq_6c58e97cf2a67aeb3871dd9d6df062455cf383accae9c3d6fcf8dea5a65c49cb	66	/home/lvfang/ESMC_halophile/R3_existing_challenge_v1_output/esm2/records/a4/a48b9150792298131e4fb7a850ef88537faa08ac378eeeb7e2d0d27c784f4bf3.npy
1387	1387	seq_a0af8e749a3df75e668a8b3808ca585ab4dcfde4ff3bd968ef8b64f0e0184552	0	existing_challenge	seq_a0af8e749a3df75e668a8b3808ca585ab4dcfde4ff3bd968ef8b64f0e0184552	412	/home/lvfang/ESMC_halophile/R3_existing_challenge_v1_output/esm2/records/54/54e02b88f61d34df551ee1f5481e70130bd4acdb017e98ca14db99fae2180710.npy
1388	1388	seq_e3cd4dd22b7148bb78d314af8eea16aa2fb274521c62ec4654d2a932a7a1c79d	0	existing_challenge	seq_e3cd4dd22b7148bb78d314af8eea16aa2fb274521c62ec4654d2a932a7a1c79d	648	/home/lvfang/ESMC_halophile/R3_existing_challenge_v1_output/esm2/records/7b/7b5bbfd258a975d60abd8202dc81de95cbb337ba405061ac9db6ce9ef7bb4a82.npy
1389	1389	seq_a70a62bfbc047c3650d4faa0c02e0cc54438fa9aec87fc3fc81f97118409c1bf	0	existing_challenge	seq_a70a62bfbc047c3650d4faa0c02e0cc54438fa9aec87fc3fc81f97118409c1bf	348	/home/lvfang/ESMC_halophile/R3_existing_challenge_v1_output/esm2/records/ae/aede7a8f63718acac0fe687afc3ed3c2056113a9ecb95da01713fed3def359f5.npy
1390	1390	seq_5853784ff1f8bd0ddddc26c7065c7f91481ab267ecf8312faacbd5965c255df0	0	existing_challenge	seq_5853784ff1f8bd0ddddc26c7065c7f91481ab267ecf8312faacbd5965c255df0	192	/home/lvfang/ESMC_halophile/R3_existing_challenge_v1_output/esm2/records/37/374913c3bfdd6d114a59a56adba619e5ac2ed7c5066e583ca185354b241c7b12.npy
1391	1391	seq_975fd634c6ddb9aa9defdf19f2f422f14ef34ca99cc09078bdc723b096f2c64e	0	existing_challenge	seq_975fd634c6ddb9aa9defdf19f2f422f14ef34ca99cc09078bdc723b096f2c64e	163	/home/lvfang/ESMC_halophile/R3_existing_challenge_v1_output/esm2/records/ec/ecb7fac549518f274223ab4732811cfee13482d5b3c0d93c0e483e6ae5210906.npy
1392	1392	seq_c79cf90ba2b75177f12cebdb0a51b0e5ba2d3ea5a52fb88d4801b68c3215bf57	0	existing_challenge	seq_c79cf90ba2b75177f12cebdb0a51b0e5ba2d3ea5a52fb88d4801b68c3215bf57	264	/home/lvfang/ESMC_halophile/R3_existing_challenge_v1_output/esm2/records/c8/c8cc8afd816e8c47771c1f10127dbc9cbd3e652da3e3345230b1d042bb42472d.npy
1393	1393	seq_a3998424e4635595a4a8f5a945b179e21eae6043b1a87a71ea28267829355f3a	0	existing_challenge	seq_a3998424e4635595a4a8f5a945b179e21eae6043b1a87a71ea28267829355f3a	350	/home/lvfang/ESMC_halophile/R3_existing_challenge_v1_output/esm2/records/d2/d2329c1e208e7c9180954b9bb51f278092f9890e83649f5f87c133800364aab9.npy
1394	1394	seq_22776df7dc6401b0774ae6380cd54a22a38abe38cafbd1b55f6f916c8f5a6b4b	0	existing_challenge	seq_22776df7dc6401b0774ae6380cd54a22a38abe38cafbd1b55f6f916c8f5a6b4b	290	/home/lvfang/ESMC_halophile/R3_existing_challenge_v1_output/esm2/records/45/45d901478ae621b9b3c9dc894ab3b180303d776c21b9d13f353c409ed4cf1749.npy
1395	1395	seq_f7e10a4c00403bb023b54ab479bf165d6587988174912b521f485db0ae0f5568	0	existing_challenge	seq_f7e10a4c00403bb023b54ab479bf165d6587988174912b521f485db0ae0f5568	365	/home/lvfang/ESMC_halophile/R3_existing_challenge_v1_output/esm2/records/52/5218b79a0a47b4f9528ff87ff72119f3c43dfe9cd6ad6fcb4a66fc4f5b32e5d1.npy
1396	1396	seq_ee4a83e0449f31d1306a5a64bd75a574b85b538fbac2da8ff9c4bb5badb99be7	0	existing_challenge	seq_ee4a83e0449f31d1306a5a64bd75a574b85b538fbac2da8ff9c4bb5badb99be7	185	/home/lvfang/ESMC_halophile/R3_existing_challenge_v1_output/esm2/records/71/7187bfe567a2441a76b8891124b3ad46643ba29ade08f4d9beddc66d26fa7e78.npy
1397	1397	seq_ec8bab0a189706f7e040e9903ccdd393d10177aff3d804027e4bf03658ed7104	0	existing_challenge	seq_ec8bab0a189706f7e040e9903ccdd393d10177aff3d804027e4bf03658ed7104	247	/home/lvfang/ESMC_halophile/R3_existing_challenge_v1_output/esm2/records/b1/b16f6cd3c0ba6b588a07d1c67730468a43caeeadd73964121314643c6be077c6.npy
1398	1398	seq_77430e6d1c68c66216a8bef8f765cb6441997885b6a949d79a176edc4f7837a4	0	existing_challenge	seq_77430e6d1c68c66216a8bef8f765cb6441997885b6a949d79a176edc4f7837a4	81	/home/lvfang/ESMC_halophile/R3_existing_challenge_v1_output/esm2/records/a8/a8b439f19ac2421efe6ee2e6701b1a0cd97c9f55f7545612cd1233426d5cb8e2.npy
1399	1399	seq_dba46e9894e13f3a9430264e38d2f171d1cc379da338b58bdbe0298f6ab5f674	0	existing_challenge	seq_dba46e9894e13f3a9430264e38d2f171d1cc379da338b58bdbe0298f6ab5f674	180	/home/lvfang/ESMC_halophile/R3_existing_challenge_v1_output/esm2/records/e3/e3af6eaca12794a2a981c9667227d4eb6121e92b4a1de94db570b775550fbf95.npy
1400	1400	seq_615f718c6e33bc94459c8e539ab74ce6ef84e95067b4fd893d3b47c03fd41323	0	existing_challenge	seq_615f718c6e33bc94459c8e539ab74ce6ef84e95067b4fd893d3b47c03fd41323	175	/home/lvfang/ESMC_halophile/R3_existing_challenge_v1_output/esm2/records/34/34a200e15c6e34217a985d2b5eb736b0e31a9aca6e1d9f8712963b8f3be3256e.npy
1401	1401	seq_dd8a7eaf50e6c91b10d3bda762cfc473959079bf498adfac12b0d0c135d2e08c	0	existing_challenge	seq_dd8a7eaf50e6c91b10d3bda762cfc473959079bf498adfac12b0d0c135d2e08c	90	/home/lvfang/ESMC_halophile/R3_existing_challenge_v1_output/esm2/records/3f/3f5295c35c039aafceb3fbf20e43293e376c4b453569d954e49b0173913de27e.npy
1402	1402	seq_3f199c4fa49fbbe291982a9d0933018a329542bc8586bb61907d2caa34d6af0c	0	existing_challenge	seq_3f199c4fa49fbbe291982a9d0933018a329542bc8586bb61907d2caa34d6af0c	1301	/home/lvfang/ESMC_halophile/R3_existing_challenge_v1_output/esm2/records/9e/9e28f44867df4562abae0ba624f42fc337d7b05181796f17d2599f498839920a.npy
1403	1403	seq_744573ea8138f34171b1e28edde77e3db714c693515ba1c18be2a6493f2f2c1a	0	existing_challenge	seq_744573ea8138f34171b1e28edde77e3db714c693515ba1c18be2a6493f2f2c1a	804	/home/lvfang/ESMC_halophile/R3_existing_challenge_v1_output/esm2/records/81/81b8fa873e82140fd2dc85733e3a37be30c3149a9895dd7d33d5848ec170b2d2.npy
1404	1404	seq_2f9f28e394fa31516a0716f2cd1c8753ab6b6916bcee57a44f47ae563b7159e3	0	existing_challenge	seq_2f9f28e394fa31516a0716f2cd1c8753ab6b6916bcee57a44f47ae563b7159e3	761	/home/lvfang/ESMC_halophile/R3_existing_challenge_v1_output/esm2/records/b2/b298d8195ce87a979fb08dcbc97c1796b326ff2eaf8cbe3b1b50afb6b942b23a.npy
1405	1405	seq_0061cb4da04a45319f007f59bfe34a8be50586f50f2924706ea452d6759aa166	0	existing_challenge	seq_0061cb4da04a45319f007f59bfe34a8be50586f50f2924706ea452d6759aa166	732	/home/lvfang/ESMC_halophile/R3_existing_challenge_v1_output/esm2/records/8f/8f6ef3c35fde8823bd2e880067b8c70f4e3f56f23e65eaaf074fc4885381df03.npy
1406	1406	seq_a2155a7bee97e676349d82933bdd7928c80d140657eb608e8aaafa8ff4f73f06	0	existing_challenge	seq_a2155a7bee97e676349d82933bdd7928c80d140657eb608e8aaafa8ff4f73f06	702	/home/lvfang/ESMC_halophile/R3_existing_challenge_v1_output/esm2/records/99/9986d88a05d015cdf6a867fdde8b43636ac85b78958d188c7017bae1bf1008de.npy
1407	1407	seq_2ce85430a6640c15b8a5fd9cb890c6cc03203bd1fd6513fa017230d1839e7a38	0	existing_challenge	seq_2ce85430a6640c15b8a5fd9cb890c6cc03203bd1fd6513fa017230d1839e7a38	704	/home/lvfang/ESMC_halophile/R3_existing_challenge_v1_output/esm2/records/d2/d2073e66c349adb78cfdcf8c1c723cc1bbee8282b625ab0befb24d30271e4a51.npy
1408	1408	seq_b9d01bee2f63c4d3070c5f9e2adc42ed86de946457e6569e67a2672f7aa5a7e1	0	existing_challenge	seq_b9d01bee2f63c4d3070c5f9e2adc42ed86de946457e6569e67a2672f7aa5a7e1	677	/home/lvfang/ESMC_halophile/R3_existing_challenge_v1_output/esm2/records/d1/d11c1840993139c39b525bfe8ed1e048e09244db97d37f1b2f5c003481c33e50.npy
1409	1409	seq_2db59a77f03b3a2cfd85a0992399414176e0e5231a5ea821e1ee2ab015d6ede6	0	existing_challenge	seq_2db59a77f03b3a2cfd85a0992399414176e0e5231a5ea821e1ee2ab015d6ede6	637	/home/lvfang/ESMC_halophile/R3_existing_challenge_v1_output/esm2/records/c5/c58950dd2a34b9f1b189084ea146add1949ad51722578c0ec63887b6aee1ae6b.npy
1410	1410	seq_19489d8893d2e2b9d5a30d57c2fa26cef85cb7bafcb3f0b01e02c38bd3cd1e80	0	existing_challenge	seq_19489d8893d2e2b9d5a30d57c2fa26cef85cb7bafcb3f0b01e02c38bd3cd1e80	621	/home/lvfang/ESMC_halophile/R3_existing_challenge_v1_output/esm2/records/e5/e5e6ecb7b7b1086fe2a6bd59c77bdcb1fdd34e4b172b125d2686fc9128f67b39.npy
1411	1411	seq_11e152a4a241e789493798f1f9fd34241f00d42b6893cb628ceb5b8d7b3aa135	0	existing_challenge	seq_11e152a4a241e789493798f1f9fd34241f00d42b6893cb628ceb5b8d7b3aa135	628	/home/lvfang/ESMC_halophile/R3_existing_challenge_v1_output/esm2/records/ae/aee028794e77dcb24ef64ea0bbb5432b065e7ec1a7464032b8fafc727c31f3fc.npy
1412	1412	seq_fe33621e214d4969b701f1afae18be2e3ed2e898601930a4624c9f7e28f4e05d	0	existing_challenge	seq_fe33621e214d4969b701f1afae18be2e3ed2e898601930a4624c9f7e28f4e05d	604	/home/lvfang/ESMC_halophile/R3_existing_challenge_v1_output/esm2/records/d6/d656c2e174e8897087824f3afd5cee250e472f16f60c41f2d65cf653d95789fb.npy
1413	1413	seq_a5fd4a2ca1d1f8578a9a7eb8f0190557be62b66eef1f03e4aebe95b5bf6b26b5	0	existing_challenge	seq_a5fd4a2ca1d1f8578a9a7eb8f0190557be62b66eef1f03e4aebe95b5bf6b26b5	597	/home/lvfang/ESMC_halophile/R3_existing_challenge_v1_output/esm2/records/df/df2e66e71f75f723c8faa6221245e0d65d0a864e7aba0b26b3929ca2358b8e66.npy
1414	1414	seq_3edd14be980a6a89b395fd7976e43cab19d3123d316186fe1910c579d57affce	0	existing_challenge	seq_3edd14be980a6a89b395fd7976e43cab19d3123d316186fe1910c579d57affce	583	/home/lvfang/ESMC_halophile/R3_existing_challenge_v1_output/esm2/records/c6/c6ad5511574f73000884160b91ae4464c899408aeab1bee3a047622165d8cc25.npy
1415	1415	seq_2ea46d7f1fbc86252bfd9fd06793c7ac867b273df466ad1809e2dccaa497dc3b	0	existing_challenge	seq_2ea46d7f1fbc86252bfd9fd06793c7ac867b273df466ad1809e2dccaa497dc3b	547	/home/lvfang/ESMC_halophile/R3_existing_challenge_v1_output/esm2/records/14/14d9b01054d8f2f0d5c408e7f7672fcd349e50efbaeeebcb6daf227d94d8df75.npy
1416	1416	seq_e9e7561278eebd9553dbde7fb7fa8c433650d1e0a71c5b89a35778fd197b1bd0	0	existing_challenge	seq_e9e7561278eebd9553dbde7fb7fa8c433650d1e0a71c5b89a35778fd197b1bd0	563	/home/lvfang/ESMC_halophile/R3_existing_challenge_v1_output/esm2/records/b2/b2531746efdc10786fd54244c3f2e53026cc608f38afd7f5d17f3e8c58588331.npy
1417	1417	seq_a84f260d84905c57128196d7a5e0e0b8067e8d4a139881330b55b7454b97d670	0	existing_challenge	seq_a84f260d84905c57128196d7a5e0e0b8067e8d4a139881330b55b7454b97d670	552	/home/lvfang/ESMC_halophile/R3_existing_challenge_v1_output/esm2/records/aa/aa69f0972fe5af65e299b261157e86e6f7143ed63237704c834e4b9cb88b83d5.npy
1418	1418	seq_d4230e7359a4e9efa10247dc329e53f176d033eb8ca6eb19b6de0eba8f5f4a40	0	existing_challenge	seq_d4230e7359a4e9efa10247dc329e53f176d033eb8ca6eb19b6de0eba8f5f4a40	526	/home/lvfang/ESMC_halophile/R3_existing_challenge_v1_output/esm2/records/4b/4bcdd6d03431ad0d048c976e57e0ee01ac8dc8516ce0324c0ef0620b678dba7e.npy
1419	1419	seq_7d5d6fcc9c727e2673f6538bc5cbba6865150e51d8c10261777019c3b538d28e	0	existing_challenge	seq_7d5d6fcc9c727e2673f6538bc5cbba6865150e51d8c10261777019c3b538d28e	513	/home/lvfang/ESMC_halophile/R3_existing_challenge_v1_output/esm2/records/39/39cd105ccfa9c492fce053e4d421839391905e0c236913fa8e6be6c5646155ea.npy
1420	1420	seq_cfef250167b67f31a97a5c6e8e6b20216e3903724244bcb1c0bf195f22ed40dc	0	existing_challenge	seq_cfef250167b67f31a97a5c6e8e6b20216e3903724244bcb1c0bf195f22ed40dc	483	/home/lvfang/ESMC_halophile/R3_existing_challenge_v1_output/esm2/records/43/436e6c4cec1850cf42c90967a5ccf16b89db7b2bd64718ca66b89997da54467a.npy
1421	1421	seq_b350c7eb533fb7318cb9f5482483b706febf98745da50b036750228548d1163a	0	existing_challenge	seq_b350c7eb533fb7318cb9f5482483b706febf98745da50b036750228548d1163a	475	/home/lvfang/ESMC_halophile/R3_existing_challenge_v1_output/esm2/records/cf/cf9185ab9ca32c344daef950d14a207b1be46860475600837c1c44cec5bd6b8b.npy
1422	1422	seq_c2f35bef768fe6e7125a02e9b88629c97177231d7932be765238d25d6458384e	0	existing_challenge	seq_c2f35bef768fe6e7125a02e9b88629c97177231d7932be765238d25d6458384e	504	/home/lvfang/ESMC_halophile/R3_existing_challenge_v1_output/esm2/records/0a/0a680eb612dc953fc13b03f0824849700f59c78b788abaf7f8e5cae6ed7a8c0e.npy
1423	1423	seq_57192c0011452841df8a42082afed54b9f5d67ef61102adcf1039d025cce01af	0	existing_challenge	seq_57192c0011452841df8a42082afed54b9f5d67ef61102adcf1039d025cce01af	468	/home/lvfang/ESMC_halophile/R3_existing_challenge_v1_output/esm2/records/41/41126392b7559b1c526cc6ec7330a2616f84a5943029e4fb2d498f9b2a4111ae.npy
1424	1424	seq_c1d68ae76c1d3e316375bf61046e8eb4fafea918405c2c881e1bbc3d070ec1fa	0	existing_challenge	seq_c1d68ae76c1d3e316375bf61046e8eb4fafea918405c2c881e1bbc3d070ec1fa	481	/home/lvfang/ESMC_halophile/R3_existing_challenge_v1_output/esm2/records/8b/8b6c764278d25e200bef0fd19f18cbae36753a846f22e526451be0dd1ed6330f.npy
1425	1425	seq_b77490a4c3ea18fb3c453d4ff634cd9ec70e11e8f43f656b89fd85555f316b5a	0	existing_challenge	seq_b77490a4c3ea18fb3c453d4ff634cd9ec70e11e8f43f656b89fd85555f316b5a	473	/home/lvfang/ESMC_halophile/R3_existing_challenge_v1_output/esm2/records/39/399579e61a297b8743756e8fb6394463d282127fe10cf5b0fab338d0981a8206.npy
1426	1426	seq_849704105fffffc36f61a4829d0c9e7b2723deec3941ff1b31d66f5a379a4050	0	existing_challenge	seq_849704105fffffc36f61a4829d0c9e7b2723deec3941ff1b31d66f5a379a4050	473	/home/lvfang/ESMC_halophile/R3_existing_challenge_v1_output/esm2/records/4a/4a351790404cf7332b2ad60668db6cd801519928353439a9cd05605ebbeec928.npy
1427	1427	seq_dc1f3420f19f44a8c9d88c19aaea6849576c4889fdc94f6914e67e6dc9c79c14	0	existing_challenge	seq_dc1f3420f19f44a8c9d88c19aaea6849576c4889fdc94f6914e67e6dc9c79c14	460	/home/lvfang/ESMC_halophile/R3_existing_challenge_v1_output/esm2/records/61/61fed5f70faf2cabd6e7fb98c84a59ebd8c35dc25d8350e5afd98f52d7885df9.npy
1428	1428	seq_7805a4e0709c63ebf2fc64bfcfa9ffaf727b1285e03d0875fece8f0ad7f2f63c	0	existing_challenge	seq_7805a4e0709c63ebf2fc64bfcfa9ffaf727b1285e03d0875fece8f0ad7f2f63c	440	/home/lvfang/ESMC_halophile/R3_existing_challenge_v1_output/esm2/records/a1/a106039607be4647a5c4f9126d5fd8b4f65d006fc23a087cbeabd99dc5c4379a.npy
1429	1429	seq_758bba00bdfcc061ca948187eade8b4537ff7112feece8ea93762e906d4741c1	0	existing_challenge	seq_758bba00bdfcc061ca948187eade8b4537ff7112feece8ea93762e906d4741c1	434	/home/lvfang/ESMC_halophile/R3_existing_challenge_v1_output/esm2/records/ec/ecb8911e92d5c314b80defbf6d6b19afc85dc8782a14dbf36c5177a298244e20.npy
1430	1430	seq_240ca5c36c1d895fd3a40c5e9e52a663c69449fc472be4f9452d57fc6570d005	0	existing_challenge	seq_240ca5c36c1d895fd3a40c5e9e52a663c69449fc472be4f9452d57fc6570d005	431	/home/lvfang/ESMC_halophile/R3_existing_challenge_v1_output/esm2/records/bd/bdc53d7dec61d33a0de12b513384898bb96cac8730e2c7e24c5421f58bc30c47.npy
1431	1431	seq_4c3d3c7ef7a6b674655c691c49bd224c1b2b4778e6a8df757bf1579ed684a8c4	0	existing_challenge	seq_4c3d3c7ef7a6b674655c691c49bd224c1b2b4778e6a8df757bf1579ed684a8c4	437	/home/lvfang/ESMC_halophile/R3_existing_challenge_v1_output/esm2/records/e5/e538cf15e731acfebd9332959576fc819909edbdcc6108a2bd36af77bb3483bc.npy
1432	1432	seq_a36d8b1665501bb452483ee2ce8b8a1f9a9808987950339a39df0ed9de6ce86e	0	existing_challenge	seq_a36d8b1665501bb452483ee2ce8b8a1f9a9808987950339a39df0ed9de6ce86e	420	/home/lvfang/ESMC_halophile/R3_existing_challenge_v1_output/esm2/records/ea/ea008ee50cdc2fad995e7e60d9871dfb0234c6443fec19dd0a09c6287e3ffae7.npy
1433	1433	seq_51203d863dfe2657ba3ec50e99707280644546e7b3f629c15db21307ab258dff	0	existing_challenge	seq_51203d863dfe2657ba3ec50e99707280644546e7b3f629c15db21307ab258dff	433	/home/lvfang/ESMC_halophile/R3_existing_challenge_v1_output/esm2/records/eb/ebfe9e563e35c5bc5f10a6cea8b8723c77f6ba716480b5ac54adf3d28c6efcaa.npy
1434	1434	seq_1f3fc9e46e64f76b4fe3bf8d746bcdc7987b1f78d2414887c08967a0a0c25679	0	existing_challenge	seq_1f3fc9e46e64f76b4fe3bf8d746bcdc7987b1f78d2414887c08967a0a0c25679	431	/home/lvfang/ESMC_halophile/R3_existing_challenge_v1_output/esm2/records/ff/ff98adc6c4ebd551eb9bc1ad606040310591fb468558a89207b42256e5581d1e.npy
1435	1435	seq_1e04aba7ca0c13c593dc59f6e08955c203aa0d828b7bdfd28a27d43d0a5378d9	0	existing_challenge	seq_1e04aba7ca0c13c593dc59f6e08955c203aa0d828b7bdfd28a27d43d0a5378d9	430	/home/lvfang/ESMC_halophile/R3_existing_challenge_v1_output/esm2/records/77/779d50ffb54e0e5ed29882c3a48def6072b4c8a334c8d6b66900f0187e4314e4.npy
1436	1436	seq_691157ac6a5950ff8fab971255ef63508ce9db435f7ff83ebb28004b27e60bed	0	existing_challenge	seq_691157ac6a5950ff8fab971255ef63508ce9db435f7ff83ebb28004b27e60bed	405	/home/lvfang/ESMC_halophile/R3_existing_challenge_v1_output/esm2/records/b0/b0256e4eafd90a1efc6e502b61f522c317a6b765c33473d2a43262900fdfabc8.npy
1437	1437	seq_203056e7de0487ee8d1be77f3ac28446b9309d340521dd9eefa7b2d0343fe873	0	existing_challenge	seq_203056e7de0487ee8d1be77f3ac28446b9309d340521dd9eefa7b2d0343fe873	397	/home/lvfang/ESMC_halophile/R3_existing_challenge_v1_output/esm2/records/12/12bd3dfb3be782c7255a40e1634735d953aaeb133ce7d7d968bddffd947b8ccc.npy
1438	1438	seq_2abc07b2cf97c387abf32f714bcfd60a942c99518300a21f96794f06a5b2789a	0	existing_challenge	seq_2abc07b2cf97c387abf32f714bcfd60a942c99518300a21f96794f06a5b2789a	404	/home/lvfang/ESMC_halophile/R3_existing_challenge_v1_output/esm2/records/22/227c3e8dd3cb02b13c107c952273019161373182684cc5153a0cde21be25b217.npy
1439	1439	seq_d7f7a8281c3387198b7851deb7b8132ec577131c465527995f6ba492ee7ad837	0	existing_challenge	seq_d7f7a8281c3387198b7851deb7b8132ec577131c465527995f6ba492ee7ad837	397	/home/lvfang/ESMC_halophile/R3_existing_challenge_v1_output/esm2/records/68/6828b55331ce2a23b779faf9f45177aacf10ea0ad9c01dabb5e57ffd66eda775.npy
1440	1440	seq_b0e907b17e250d4d4251cd5f67c627b1c732d76d9085d75831a7b64c551c6aa5	0	existing_challenge	seq_b0e907b17e250d4d4251cd5f67c627b1c732d76d9085d75831a7b64c551c6aa5	393	/home/lvfang/ESMC_halophile/R3_existing_challenge_v1_output/esm2/records/2b/2b9d642212f353c947749748e5bc4388494c6da040e68a18e98a6f3d6b9ee97b.npy
1441	1441	seq_fe7b73df38ab597b1bd87de46d4461affe323b5140457803a6794c20eaac7fe9	0	existing_challenge	seq_fe7b73df38ab597b1bd87de46d4461affe323b5140457803a6794c20eaac7fe9	391	/home/lvfang/ESMC_halophile/R3_existing_challenge_v1_output/esm2/records/a6/a67e8d633e57850ffcf76bdfdf3b2f3cebc93d1b6688164a2fffcd3fa5569163.npy
1442	1442	seq_dd1dfb293d5ddc76db4c8a5feee5a95a38971587c362594e4221f15e8f0d0bc4	0	existing_challenge	seq_dd1dfb293d5ddc76db4c8a5feee5a95a38971587c362594e4221f15e8f0d0bc4	382	/home/lvfang/ESMC_halophile/R3_existing_challenge_v1_output/esm2/records/ae/aebc4b168ca323392f69cfe23a6d8f56f379f41004867f8ed58807ded1f9d0e0.npy
1443	1443	seq_6bbfb7e722e804a64229dbccce4d9f8742925198657ab596b0c1fc49e3da7a7b	0	existing_challenge	seq_6bbfb7e722e804a64229dbccce4d9f8742925198657ab596b0c1fc49e3da7a7b	368	/home/lvfang/ESMC_halophile/R3_existing_challenge_v1_output/esm2/records/37/376465569b127c3ef9e0703987917689c8f7a72dd564bcba3a28a8ef902e8cb0.npy
1444	1444	seq_aabc13183e39fbfb46ab9ce484dee5c8e9aa464f1f717d18aa8c6e513197abdb	0	existing_challenge	seq_aabc13183e39fbfb46ab9ce484dee5c8e9aa464f1f717d18aa8c6e513197abdb	367	/home/lvfang/ESMC_halophile/R3_existing_challenge_v1_output/esm2/records/79/79a0593a0e490b89e94203c4f4e8b5301b3048b1d6a1468217d5481409d01a84.npy
1445	1445	seq_9a6865fafb21da9e7de607c73424eff8c9e07328d8a95f9db14da4ab569f3b9e	0	existing_challenge	seq_9a6865fafb21da9e7de607c73424eff8c9e07328d8a95f9db14da4ab569f3b9e	365	/home/lvfang/ESMC_halophile/R3_existing_challenge_v1_output/esm2/records/74/740f15fe9dd54ba4281edad443533e726a5ec46e9dc706b7eaa2eff4744d7962.npy
1446	1446	seq_f63c2a66854e0199e0444ac72e2facd9183d3d4d4b7637d71f02e17e739ef165	0	existing_challenge	seq_f63c2a66854e0199e0444ac72e2facd9183d3d4d4b7637d71f02e17e739ef165	361	/home/lvfang/ESMC_halophile/R3_existing_challenge_v1_output/esm2/records/03/0361267c3fa7b29b03a73482ffb219915e366e7429db79b330a2b1520327d1a2.npy
1447	1447	seq_d27852460ef940f95d771c1aa8a6f8854c70bfab997f61f213448944fc4d023e	0	existing_challenge	seq_d27852460ef940f95d771c1aa8a6f8854c70bfab997f61f213448944fc4d023e	353	/home/lvfang/ESMC_halophile/R3_existing_challenge_v1_output/esm2/records/dd/dd76dd9bac189e6346c0cf80c6e89f4bbd3bff4037aea8f320ebdd56463d6879.npy
1448	1448	seq_2831732e46eea1784bb61dae125c25224b53e4648dfbfc2536c59127bcb6999c	0	existing_challenge	seq_2831732e46eea1784bb61dae125c25224b53e4648dfbfc2536c59127bcb6999c	333	/home/lvfang/ESMC_halophile/R3_existing_challenge_v1_output/esm2/records/9a/9a786380ddbc4aac198bd9ad0f0087795a0cbde46d7b045ef9a6924ab468a51a.npy
1449	1449	seq_6d689cc205d13f42a241bbed0f5f1ebfb6bb92d09b4cc9a124edbfb73d365066	0	existing_challenge	seq_6d689cc205d13f42a241bbed0f5f1ebfb6bb92d09b4cc9a124edbfb73d365066	358	/home/lvfang/ESMC_halophile/R3_existing_challenge_v1_output/esm2/records/e7/e7c3578cc9e71dea34acd64287a0450025d7e2d7f5e73696ce29e9fe2ea31f35.npy
1450	1450	seq_15e01a5d34f9944c6c3e755659e59998d3a783996acf3013902b64d600b046e0	0	existing_challenge	seq_15e01a5d34f9944c6c3e755659e59998d3a783996acf3013902b64d600b046e0	351	/home/lvfang/ESMC_halophile/R3_existing_challenge_v1_output/esm2/records/a0/a0307e1db702fd357cbe8d2161180e1b165a0aace3d64f772ef7557a79737312.npy
1451	1451	seq_0b0a8c657f32ae9b8bffe596e3ce06d60a3993f7fed42e00b935a698f8bef030	0	existing_challenge	seq_0b0a8c657f32ae9b8bffe596e3ce06d60a3993f7fed42e00b935a698f8bef030	351	/home/lvfang/ESMC_halophile/R3_existing_challenge_v1_output/esm2/records/8a/8acd3ccd660b33470e72ff7159126726fc0ab9f571a81605b2cc82128e1f55ae.npy
1452	1452	seq_66bff290c83671b0d56a4e0fa426221734830582d6ab6b04d64ee9f0163c8005	0	existing_challenge	seq_66bff290c83671b0d56a4e0fa426221734830582d6ab6b04d64ee9f0163c8005	330	/home/lvfang/ESMC_halophile/R3_existing_challenge_v1_output/esm2/records/be/be7232b2e0bee0984be10692f5a4ac8e3bb635910f51effa9f94f808752a0145.npy
1453	1453	seq_1a33e62c9f2d74f97821301ca5d14682e5aed6bb22f8e730d7a1b39bcb05441e	0	existing_challenge	seq_1a33e62c9f2d74f97821301ca5d14682e5aed6bb22f8e730d7a1b39bcb05441e	348	/home/lvfang/ESMC_halophile/R3_existing_challenge_v1_output/esm2/records/f8/f8b4c05c364592b0fcff0a402b058c8d34803924bb94e5d7308d08b07c14be5d.npy
1454	1454	seq_aacb7a82e5dc9a643df088a4e85c03ff47c5d9ae2cd9815156dd005f6d9d7804	0	existing_challenge	seq_aacb7a82e5dc9a643df088a4e85c03ff47c5d9ae2cd9815156dd005f6d9d7804	333	/home/lvfang/ESMC_halophile/R3_existing_challenge_v1_output/esm2/records/05/052b3cdc54d07cdd1fd1fcf870d0a2ceba0e10f10186d1e5c077f942f389bef6.npy
1455	1455	seq_876ae1e75e1f24d12057f51ddad36ebe86bb62781fe653c204dbc49dfbec8254	0	existing_challenge	seq_876ae1e75e1f24d12057f51ddad36ebe86bb62781fe653c204dbc49dfbec8254	344	/home/lvfang/ESMC_halophile/R3_existing_challenge_v1_output/esm2/records/f3/f334f2fd98b8cab76531ab69a94d25c9acc471c85ac71e87d7073c5678f2abec.npy
1456	1456	seq_7cf8bc9945be5cc2d3854650fc50250d193f57508ef09a5162a4288a2c442395	0	existing_challenge	seq_7cf8bc9945be5cc2d3854650fc50250d193f57508ef09a5162a4288a2c442395	343	/home/lvfang/ESMC_halophile/R3_existing_challenge_v1_output/esm2/records/df/dffa792305406e7ded932c777d5a19b48ac31b6ea9d1cca71418fb3bed590fea.npy
1457	1457	seq_18fb943458cc2168b54d7e93645e3a4a097f6bce6c20c0e964c1f62893231d9b	0	existing_challenge	seq_18fb943458cc2168b54d7e93645e3a4a097f6bce6c20c0e964c1f62893231d9b	341	/home/lvfang/ESMC_halophile/R3_existing_challenge_v1_output/esm2/records/1a/1a0feaa4011f71846f35026f0e44546095c1ad6e68d49c8a222a93de74f91bc7.npy
1458	1458	seq_139c455ae3ae0b86e998055ebaee4d8f400a7d1c1a09d7d695172b083d00f640	0	existing_challenge	seq_139c455ae3ae0b86e998055ebaee4d8f400a7d1c1a09d7d695172b083d00f640	327	/home/lvfang/ESMC_halophile/R3_existing_challenge_v1_output/esm2/records/cf/cf934b81595c5b7e295163f6c1a747307ebc1b395b59f10aa32a2feb47c70b80.npy
1459	1459	seq_74ca6b70d77866119cc913bebf9d199f730b1d4aeb79af6c4419cc3e348e08ea	0	existing_challenge	seq_74ca6b70d77866119cc913bebf9d199f730b1d4aeb79af6c4419cc3e348e08ea	328	/home/lvfang/ESMC_halophile/R3_existing_challenge_v1_output/esm2/records/2b/2b2095d5aabe3ddfb7cdf1e698783c4f279f01ba404e1a9de0a0cf61d882a382.npy
1460	1460	seq_813aef1a387ff75a7831208cb87e69d2c28bf375b58d6a18a9e9b56dcbef64da	0	existing_challenge	seq_813aef1a387ff75a7831208cb87e69d2c28bf375b58d6a18a9e9b56dcbef64da	313	/home/lvfang/ESMC_halophile/R3_existing_challenge_v1_output/esm2/records/eb/eba346d10cb3d419a04dc2c5b2011023ddd25995e5dbaaae0f36c400c115a1b1.npy
1461	1461	seq_3473fe8d8ba4b0eb8b2c81a3fbb5057370fd26da81d2adac123b027efe033977	0	existing_challenge	seq_3473fe8d8ba4b0eb8b2c81a3fbb5057370fd26da81d2adac123b027efe033977	290	/home/lvfang/ESMC_halophile/R3_existing_challenge_v1_output/esm2/records/bd/bd2c66910aa4fbd56d9705c5c4cd7f6396da7b6204de40f4b5ba227a0624b13e.npy
1462	1462	seq_2ae6c84b01159c2a68233190ed752077d5bd81791658d5b6e75f76ffd29f9264	0	existing_challenge	seq_2ae6c84b01159c2a68233190ed752077d5bd81791658d5b6e75f76ffd29f9264	296	/home/lvfang/ESMC_halophile/R3_existing_challenge_v1_output/esm2/records/5e/5e3f4ac4d1282187d7c4d055c84b352dc1cc2d84d9b791c5636a98fdd3712a0a.npy
1463	1463	seq_81e5460cc7b49a1e7e5b11fec76173065d70dcdafaa21caead820219aab8bb39	0	existing_challenge	seq_81e5460cc7b49a1e7e5b11fec76173065d70dcdafaa21caead820219aab8bb39	295	/home/lvfang/ESMC_halophile/R3_existing_challenge_v1_output/esm2/records/f1/f1240feb0a3397a19746a2fc0da9fb3eedb146068898e6ef0b6edc606efe980e.npy
1464	1464	seq_34ba780d798d997bb6d8dccd2b934105258e1cb4b1e3cc36df76f46102f956cc	0	existing_challenge	seq_34ba780d798d997bb6d8dccd2b934105258e1cb4b1e3cc36df76f46102f956cc	283	/home/lvfang/ESMC_halophile/R3_existing_challenge_v1_output/esm2/records/18/182fb7965157fb6f51e16a30fea5921d03df409b5249ca7fb80d359a4eb54277.npy
1465	1465	seq_eefb999db2b7b3aa35a81c27f7b2d06adb8e8e72a50c1bde3269b664b347add5	0	existing_challenge	seq_eefb999db2b7b3aa35a81c27f7b2d06adb8e8e72a50c1bde3269b664b347add5	291	/home/lvfang/ESMC_halophile/R3_existing_challenge_v1_output/esm2/records/7a/7a9eb1f8d3863830f511cab450e1dbccdf5812c55a2dcb709afa67dfa7f13f6e.npy
1466	1466	seq_72d07e0b22da1665fc7a8ea778eb27e3892ce0a860714301c55bcbf21a4b5a24	0	existing_challenge	seq_72d07e0b22da1665fc7a8ea778eb27e3892ce0a860714301c55bcbf21a4b5a24	288	/home/lvfang/ESMC_halophile/R3_existing_challenge_v1_output/esm2/records/fc/fc5988ae0871ae7efd489a3b89d2b46fffcba3326eba31b8361059eb47cecec7.npy
1467	1467	seq_b740e87ef598050f59033b142d751be2524dd79f4637b1412c402ed217e23b21	0	existing_challenge	seq_b740e87ef598050f59033b142d751be2524dd79f4637b1412c402ed217e23b21	287	/home/lvfang/ESMC_halophile/R3_existing_challenge_v1_output/esm2/records/e1/e1cfd481cc5c0daa407869d08dd6673bc3c2fc5489747eec3faa4e85d1d12b96.npy
1468	1468	seq_f6ad4ca8b6582188918d5c174d4732e0992b9a80686526e0b4b5d44b4290ad6d	0	existing_challenge	seq_f6ad4ca8b6582188918d5c174d4732e0992b9a80686526e0b4b5d44b4290ad6d	281	/home/lvfang/ESMC_halophile/R3_existing_challenge_v1_output/esm2/records/a7/a7fc132cbda02eca15dc4804422196fd55c6aced0016bf68a5e26025e2dac4ef.npy
1469	1469	seq_c91d750f01e32a9e1c215aa997f8a1cf48ae836f6f19a299ff12b245fbaa825a	0	existing_challenge	seq_c91d750f01e32a9e1c215aa997f8a1cf48ae836f6f19a299ff12b245fbaa825a	277	/home/lvfang/ESMC_halophile/R3_existing_challenge_v1_output/esm2/records/06/064f852915928cd5f17ca235db674cab84735826a459baa0e42208b550bd46c1.npy
1470	1470	seq_abdbfd13df1e207d08fdcb73821f3bbf6ab278614aa72f89d3e89f83c6f64c0a	0	existing_challenge	seq_abdbfd13df1e207d08fdcb73821f3bbf6ab278614aa72f89d3e89f83c6f64c0a	259	/home/lvfang/ESMC_halophile/R3_existing_challenge_v1_output/esm2/records/cd/cdf1f62e40de4ed93ecef6ad4a2b0a49e64ce2496ee4259fa5f6250230a8640f.npy
1471	1471	seq_093fde36ac44e37470e48401c4e183b19236c43aba387030f37a2c153eddcc03	0	existing_challenge	seq_093fde36ac44e37470e48401c4e183b19236c43aba387030f37a2c153eddcc03	262	/home/lvfang/ESMC_halophile/R3_existing_challenge_v1_output/esm2/records/01/0136af68874d494bbedc5d44d9e85181515ef1d3e06b5b66e22792b51360cd83.npy
1472	1472	seq_8bae2f88668a2dc9ff17ed5f49368b7a5934f21426536c5afd2a8abdaeb2249b	0	existing_challenge	seq_8bae2f88668a2dc9ff17ed5f49368b7a5934f21426536c5afd2a8abdaeb2249b	270	/home/lvfang/ESMC_halophile/R3_existing_challenge_v1_output/esm2/records/13/13372aec2aa9c9a63e4216189d5dbfde3bc0c4e524485ed642383f74a3de802a.npy
1473	1473	seq_2fb2d00215341b40994240b62538e93bf0ec33cabdb9fcfcdd242579ca0a79eb	0	existing_challenge	seq_2fb2d00215341b40994240b62538e93bf0ec33cabdb9fcfcdd242579ca0a79eb	251	/home/lvfang/ESMC_halophile/R3_existing_challenge_v1_output/esm2/records/65/652e545d28938b474ec8fbedd3069b4070c5d5a9e8ed5598f6b8f0879e5ce49e.npy
1474	1474	seq_3c8911cf4ceeb60ac842f51ca73fb399ff3f5e00acf5d445fd95036666623d3c	0	existing_challenge	seq_3c8911cf4ceeb60ac842f51ca73fb399ff3f5e00acf5d445fd95036666623d3c	253	/home/lvfang/ESMC_halophile/R3_existing_challenge_v1_output/esm2/records/b6/b656c59e86354478d489c085fa073c9f644b951dde5021de78ed04dbc9a2d1bc.npy
1475	1475	seq_5988d44d09ff4878a81c476abf9025553154527be7997b3f4334faad680e54fc	0	existing_challenge	seq_5988d44d09ff4878a81c476abf9025553154527be7997b3f4334faad680e54fc	235	/home/lvfang/ESMC_halophile/R3_existing_challenge_v1_output/esm2/records/29/29a57f078c570759bbc39d1cee00508f6f6837cbd616f7957cbbfb592e94cfa2.npy
1476	1476	seq_e6bba413c7b77571945ce009649c687af43e0956e72f9d484743d3f88a0150cf	0	existing_challenge	seq_e6bba413c7b77571945ce009649c687af43e0956e72f9d484743d3f88a0150cf	256	/home/lvfang/ESMC_halophile/R3_existing_challenge_v1_output/esm2/records/7a/7aa41c78eb4f4be18a3dc8f7cc206298e19e49bcabbeb282a4e15354c72773f3.npy
1477	1477	seq_96c7fa2fd31f5556c56fb4e9090753a460ca1eb18acd6fbee0dabff00be5d3f0	0	existing_challenge	seq_96c7fa2fd31f5556c56fb4e9090753a460ca1eb18acd6fbee0dabff00be5d3f0	250	/home/lvfang/ESMC_halophile/R3_existing_challenge_v1_output/esm2/records/92/92d85e2f539164ff7a49a10e3c80ab950d0076ded1f4e3fae717b3acb74ea4ed.npy
1478	1478	seq_a1591fe6ff463cfb56ccc09990744ef9b77474542c116979332c6dbac1dd4731	0	existing_challenge	seq_a1591fe6ff463cfb56ccc09990744ef9b77474542c116979332c6dbac1dd4731	252	/home/lvfang/ESMC_halophile/R3_existing_challenge_v1_output/esm2/records/b5/b50ab7a88afb3513519e66f23f88545f434a43dd2707292a15172d46bca73bd3.npy
1479	1479	seq_52455a87db2c1f432f5fc992b303ab03cb785018bd168723d4becfcdb0a8f5f6	0	existing_challenge	seq_52455a87db2c1f432f5fc992b303ab03cb785018bd168723d4becfcdb0a8f5f6	235	/home/lvfang/ESMC_halophile/R3_existing_challenge_v1_output/esm2/records/ab/abd2d1aa21fd47086cea5a09531169f3b5247b771026d81e501447ff88e8665c.npy
1480	1480	seq_7bed5bd4b9867d4c5b82dc00ab782d692770fd8ec19e480f340f3414db74121e	0	existing_challenge	seq_7bed5bd4b9867d4c5b82dc00ab782d692770fd8ec19e480f340f3414db74121e	232	/home/lvfang/ESMC_halophile/R3_existing_challenge_v1_output/esm2/records/7d/7dfb8bfddadb3a82d5d9ff52b3a8ed5be3de2a2a15421b700afd78ae114b50cf.npy
1481	1481	seq_eec1ba14c71c8fb26e8db8993d2219673d7ca27068006d178ebb885c779fb2cc	0	existing_challenge	seq_eec1ba14c71c8fb26e8db8993d2219673d7ca27068006d178ebb885c779fb2cc	240	/home/lvfang/ESMC_halophile/R3_existing_challenge_v1_output/esm2/records/e9/e9c16fd1ba3773be73cc8e0075e74a383922bbd8feaea92c52034a68aef7ae59.npy
1482	1482	seq_f4bc4c0cd7d681787d4c25329616679eb385c32e745d4065f8e2b2afae8c8768	0	existing_challenge	seq_f4bc4c0cd7d681787d4c25329616679eb385c32e745d4065f8e2b2afae8c8768	229	/home/lvfang/ESMC_halophile/R3_existing_challenge_v1_output/esm2/records/fa/fa44ca9caca9362a4167674118a96c7eb977a0108cb1e3351df832d5291d8eef.npy
1483	1483	seq_2ba2a6a1c6750dca5811508bc7a4a3039359871d6abd235236a8af7381bf3d32	0	existing_challenge	seq_2ba2a6a1c6750dca5811508bc7a4a3039359871d6abd235236a8af7381bf3d32	231	/home/lvfang/ESMC_halophile/R3_existing_challenge_v1_output/esm2/records/4c/4c09eab4bbd6d299538c2e5b0700c5a75796e836be6d52f66aa0ba0f266b445c.npy
1484	1484	seq_f26bf0242087939a280c3a53d4c28677e4da9ed1bd921a39804a5d44c710aba9	0	existing_challenge	seq_f26bf0242087939a280c3a53d4c28677e4da9ed1bd921a39804a5d44c710aba9	235	/home/lvfang/ESMC_halophile/R3_existing_challenge_v1_output/esm2/records/e0/e08fc6cbd5717a11a976833c96e5f0a7c03e96391b82c99369ff76390164f4ee.npy
1485	1485	seq_3ed93975b3bd173a14ce044d00642c8b859f2fe275e9afb78461d9b1ad4cea1a	0	existing_challenge	seq_3ed93975b3bd173a14ce044d00642c8b859f2fe275e9afb78461d9b1ad4cea1a	223	/home/lvfang/ESMC_halophile/R3_existing_challenge_v1_output/esm2/records/a8/a892f480db58b68409114f9e8dd0247e57c7f637e08f4f26c1ed6296da6a3b8a.npy
1486	1486	seq_31f881201b972e92e0864c67d4b790b036f2ab0c6920fb3b35c02b821417e2a3	0	existing_challenge	seq_31f881201b972e92e0864c67d4b790b036f2ab0c6920fb3b35c02b821417e2a3	222	/home/lvfang/ESMC_halophile/R3_existing_challenge_v1_output/esm2/records/0f/0fdecc2dd519bfb447164d154ee9725da859528fc3c7c953e36edd9fa1ee9a3a.npy
1487	1487	seq_e6744de074632e7fb4c1e3863c52fb56d880f15f041748465c528b525fdfe5a6	0	existing_challenge	seq_e6744de074632e7fb4c1e3863c52fb56d880f15f041748465c528b525fdfe5a6	217	/home/lvfang/ESMC_halophile/R3_existing_challenge_v1_output/esm2/records/38/38fbd78090ea171ae93fd490f30cda68a8762a103eb6b453181582b9615e6a4a.npy
1488	1488	seq_cc8a8d640df0d666cbdc54c07c0da38ebac3d8f33f10467c67035e7b6aecdccc	0	existing_challenge	seq_cc8a8d640df0d666cbdc54c07c0da38ebac3d8f33f10467c67035e7b6aecdccc	220	/home/lvfang/ESMC_halophile/R3_existing_challenge_v1_output/esm2/records/a8/a8ff98b5f3e182235195fdf22dae8f8dc066f4d07407726ae669f04dbbbeae0d.npy
1489	1489	seq_ae633c7d6848403f403b62fba25c021f7bd959c01306f69111edea5c857be512	0	existing_challenge	seq_ae633c7d6848403f403b62fba25c021f7bd959c01306f69111edea5c857be512	201	/home/lvfang/ESMC_halophile/R3_existing_challenge_v1_output/esm2/records/43/43af31dbd13a660d00837f04adf849a4152e848e0bba67cb2e2df7a0788f287f.npy
1490	1490	seq_f5da834df95bbeeaeeaab1219524d3a4fd7b9c743614d5f1c1303db7566315d7	0	existing_challenge	seq_f5da834df95bbeeaeeaab1219524d3a4fd7b9c743614d5f1c1303db7566315d7	208	/home/lvfang/ESMC_halophile/R3_existing_challenge_v1_output/esm2/records/3a/3acb90a13eca6e07f681f5ce06ea37b0679f1cfd2d89428da28678b90d0424d9.npy
1491	1491	seq_713ae2e4c40de30f4bb02b2d6f8d3f61a7d2a58b43833c91ee0f1308c5c672ee	0	existing_challenge	seq_713ae2e4c40de30f4bb02b2d6f8d3f61a7d2a58b43833c91ee0f1308c5c672ee	209	/home/lvfang/ESMC_halophile/R3_existing_challenge_v1_output/esm2/records/3f/3fef7366ec3e828090d0239e7abce9929043a05207bd15424ff887c02255da2e.npy
1492	1492	seq_1f76e0488a34cfb833ac995982bedd5c5dea941ecc69717e95d43a8fb8426c85	0	existing_challenge	seq_1f76e0488a34cfb833ac995982bedd5c5dea941ecc69717e95d43a8fb8426c85	208	/home/lvfang/ESMC_halophile/R3_existing_challenge_v1_output/esm2/records/a2/a2fec9762fe0e879644a862a9394523ae8f6a1cee2c56a4adaf2fdf13ad1fce3.npy
1493	1493	seq_0ac3feba034da119492f0d93ac8f6c596ebf180dbccf6d6391fac6e4c2f96e76	0	existing_challenge	seq_0ac3feba034da119492f0d93ac8f6c596ebf180dbccf6d6391fac6e4c2f96e76	196	/home/lvfang/ESMC_halophile/R3_existing_challenge_v1_output/esm2/records/eb/eba01e18e8f76f95b4b0db7687bc008c345c54f727368b4470f973f7f0162173.npy
1494	1494	seq_23f7b8adf16bec19381f2d55d596f26a8b32773163ccef0a58728605a7336198	0	existing_challenge	seq_23f7b8adf16bec19381f2d55d596f26a8b32773163ccef0a58728605a7336198	195	/home/lvfang/ESMC_halophile/R3_existing_challenge_v1_output/esm2/records/6b/6b671e78ff4fae34a83f0ea51e9d6e14cff4d28ebbd37b699f60b38eba9dbf15.npy
1495	1495	seq_ce0c9143231e8284597a1e5ad885a6cf562ba67a87d7b157229f3b6a3ea31a1e	0	existing_challenge	seq_ce0c9143231e8284597a1e5ad885a6cf562ba67a87d7b157229f3b6a3ea31a1e	203	/home/lvfang/ESMC_halophile/R3_existing_challenge_v1_output/esm2/records/f1/f1b389971801f0912490e9920f1598e80d88c26d372547dc217e96472f01ff90.npy
1496	1496	seq_e313fc263880e2316b7640520f132243d5808bc9bf4fddd56714583ab6914287	0	existing_challenge	seq_e313fc263880e2316b7640520f132243d5808bc9bf4fddd56714583ab6914287	200	/home/lvfang/ESMC_halophile/R3_existing_challenge_v1_output/esm2/records/38/38e39388a66e2c9069a55264daa7fc02ce37669104fba2d3b7cd75f86d206596.npy
1497	1497	seq_b5c13143c7a67f2e95f0087a3c0237ae7f8cb5de0eb39fcc88e9a5e24d22a5eb	0	existing_challenge	seq_b5c13143c7a67f2e95f0087a3c0237ae7f8cb5de0eb39fcc88e9a5e24d22a5eb	200	/home/lvfang/ESMC_halophile/R3_existing_challenge_v1_output/esm2/records/3d/3d60194aa35c06da9188f07f93fbacaa7b5f59565f749b4b79eaa29dc677b5c8.npy
1498	1498	seq_f01d6ff66bb91300db63f622aa64a1126ad7a0ee8b5a45213fe501bf6869cf7d	0	existing_challenge	seq_f01d6ff66bb91300db63f622aa64a1126ad7a0ee8b5a45213fe501bf6869cf7d	197	/home/lvfang/ESMC_halophile/R3_existing_challenge_v1_output/esm2/records/dd/ddb5745c4d5e88958d8329026f196d12e1b85f0dcbfa5b9aceafedb9cd1fb073.npy
1499	1499	seq_3e4acd1457547e04656b978da8d77d0f052bab7deb0f828ca646ae95b569d627	0	existing_challenge	seq_3e4acd1457547e04656b978da8d77d0f052bab7deb0f828ca646ae95b569d627	194	/home/lvfang/ESMC_halophile/R3_existing_challenge_v1_output/esm2/records/75/75c3618aec3fc3ae42998f24847e33a236335467b5b326c117e6fe572673c6b8.npy
1500	1500	seq_2dab9bb7c304444065a217d08f3e84084495c0f5c400f4e79225a0999d09abd6	0	existing_challenge	seq_2dab9bb7c304444065a217d08f3e84084495c0f5c400f4e79225a0999d09abd6	190	/home/lvfang/ESMC_halophile/R3_existing_challenge_v1_output/esm2/records/48/483869892d6843411573a019f3532cd7a02516bee14f704ad58077d2a20bce95.npy
1501	1501	seq_7d30a144fc3a8f102cde7580547d71633a71be43d14e2ed7f70c80fa71167ce5	0	existing_challenge	seq_7d30a144fc3a8f102cde7580547d71633a71be43d14e2ed7f70c80fa71167ce5	194	/home/lvfang/ESMC_halophile/R3_existing_challenge_v1_output/esm2/records/c6/c6d78755575c29c1632662246c66e307d63bdb6597c494cec691a5be6c014ff6.npy
1502	1502	seq_0cb827e9eee9a033619ccc289ca4930ad99f03b47fb2718a5ffd6fa5ca3fd142	0	existing_challenge	seq_0cb827e9eee9a033619ccc289ca4930ad99f03b47fb2718a5ffd6fa5ca3fd142	191	/home/lvfang/ESMC_halophile/R3_existing_challenge_v1_output/esm2/records/8e/8e8b5a70da4cefb6730a091b884204cf2b6f469c5981b981575ddf7ffae666f2.npy
1503	1503	seq_c8f6c72350ce3f257719396d92ea4b2c1949068c87f0233a6361589a35ea8937	0	existing_challenge	seq_c8f6c72350ce3f257719396d92ea4b2c1949068c87f0233a6361589a35ea8937	181	/home/lvfang/ESMC_halophile/R3_existing_challenge_v1_output/esm2/records/25/25b45d92bbbc951b3e12c3e28f62c63492f2d60e24d6d52bb811a21e5db6060c.npy
1504	1504	seq_f3321c3066fd26e7d68eeb74bdb93b35a4f5af5a242a4a28766fe731229d691e	0	existing_challenge	seq_f3321c3066fd26e7d68eeb74bdb93b35a4f5af5a242a4a28766fe731229d691e	190	/home/lvfang/ESMC_halophile/R3_existing_challenge_v1_output/esm2/records/c7/c73530619eeb9d0618d5f247b1fc285d973f7cf4cca16b11db1b9e30757fa322.npy
1505	1505	seq_bda4a7d661f64789736ab7b91df4c6c569ab9ae151157ab91dd1fcf2d85c03bb	0	existing_challenge	seq_bda4a7d661f64789736ab7b91df4c6c569ab9ae151157ab91dd1fcf2d85c03bb	186	/home/lvfang/ESMC_halophile/R3_existing_challenge_v1_output/esm2/records/17/17edcd7ff5c7d0a4bf076c7eb627590a0c4fad2c00fe4696731c3717cf617352.npy
1506	1506	seq_bfc612e9868c0260aab396aefc1653bf6aaa2845f4426f5a1a4bff162eddb00f	0	existing_challenge	seq_bfc612e9868c0260aab396aefc1653bf6aaa2845f4426f5a1a4bff162eddb00f	189	/home/lvfang/ESMC_halophile/R3_existing_challenge_v1_output/esm2/records/88/88d22036a25372365f515f8becd47d1c06b10546325137af88d43704fcc17282.npy
1507	1507	seq_7fb82586d8df53af0a91f5776284e20494e6d500d561a71423a0a4ebe6f7c5ae	0	existing_challenge	seq_7fb82586d8df53af0a91f5776284e20494e6d500d561a71423a0a4ebe6f7c5ae	179	/home/lvfang/ESMC_halophile/R3_existing_challenge_v1_output/esm2/records/3b/3b8c5d4f78ec7f75882ce618cb0d5ec68c30b83308a8738945b60659f3fc105c.npy
1508	1508	seq_dbbb275111534927e84931076552c5e7b5c83217ec2e37e7994a540f0c9d1029	0	existing_challenge	seq_dbbb275111534927e84931076552c5e7b5c83217ec2e37e7994a540f0c9d1029	175	/home/lvfang/ESMC_halophile/R3_existing_challenge_v1_output/esm2/records/0d/0d60551e1102fc5733aafcf06ad4d8089d25592f1540ebcc2282d5e3f687f261.npy
1509	1509	seq_e262efc9c9ee8d6d6ee681a0c1edc280bd5648c2019db5c7397278365e0886dc	0	existing_challenge	seq_e262efc9c9ee8d6d6ee681a0c1edc280bd5648c2019db5c7397278365e0886dc	157	/home/lvfang/ESMC_halophile/R3_existing_challenge_v1_output/esm2/records/64/640045dc26eef02aa2d6d601f3de4271099ba02fa655b216b6a330bca34803c5.npy
1510	1510	seq_1b7eb3346a02b7bd66cf4270a673a1bf3140fec5f1dd798901c9b58bd25188fc	0	existing_challenge	seq_1b7eb3346a02b7bd66cf4270a673a1bf3140fec5f1dd798901c9b58bd25188fc	155	/home/lvfang/ESMC_halophile/R3_existing_challenge_v1_output/esm2/records/24/244d578842b8661918839e63c5d03e32027554c3dd4af436ac0af1c3a3733071.npy
1511	1511	seq_6fda6c5c6c396ab651164e84de44241b1f0cfaab2714bd9bbd57270d226bb521	0	existing_challenge	seq_6fda6c5c6c396ab651164e84de44241b1f0cfaab2714bd9bbd57270d226bb521	157	/home/lvfang/ESMC_halophile/R3_existing_challenge_v1_output/esm2/records/79/79cb1bb1546a185584ffdf29c3f2a3b257771848dcdc5557e8962da34ad9e6a7.npy
1512	1512	seq_04bdcbaacabf3e42a8672f31f1d4ee605bd1d662e1b02d0694e539fc38852f82	0	existing_challenge	seq_04bdcbaacabf3e42a8672f31f1d4ee605bd1d662e1b02d0694e539fc38852f82	155	/home/lvfang/ESMC_halophile/R3_existing_challenge_v1_output/esm2/records/8a/8adbb9e8fd369e1c01e3d77527b647b8faa6553cd2c8b7edcb22531baa402f63.npy
1513	1513	seq_1f0fb14a94f5864bca6f38c2ae3eb6980739a049124c73585b0cef2f9a95662e	0	existing_challenge	seq_1f0fb14a94f5864bca6f38c2ae3eb6980739a049124c73585b0cef2f9a95662e	151	/home/lvfang/ESMC_halophile/R3_existing_challenge_v1_output/esm2/records/34/3483a41ec097cbd7680a48fba680378836bf802213c122e3a59dfb89c95c68ab.npy
1514	1514	seq_452a231487b43e990df882985a9e3f81d65f93c9c38a4f3d5f327a427e8df60c	0	existing_challenge	seq_452a231487b43e990df882985a9e3f81d65f93c9c38a4f3d5f327a427e8df60c	149	/home/lvfang/ESMC_halophile/R3_existing_challenge_v1_output/esm2/records/bb/bbd1b1cdff3056ba71d1cf770824a04d104ddda47254b31e5f099f631e533a40.npy
1515	1515	seq_8df3df250f692961c8b07f3626559710db18d37749bf8a21c164aa52d3cde440	0	existing_challenge	seq_8df3df250f692961c8b07f3626559710db18d37749bf8a21c164aa52d3cde440	141	/home/lvfang/ESMC_halophile/R3_existing_challenge_v1_output/esm2/records/9d/9d1183f3677558f2ca6397a74e5f9b961782f53bbb5d90c26f610af148c6e0c9.npy
1516	1516	seq_41436730f26acd3090933abf8d68bcd7537acdd1cbfbaa91019452896e8efb88	0	existing_challenge	seq_41436730f26acd3090933abf8d68bcd7537acdd1cbfbaa91019452896e8efb88	139	/home/lvfang/ESMC_halophile/R3_existing_challenge_v1_output/esm2/records/b0/b0043c7a4a0167bdec19a97c50a2e1428d31aedd7f477f6dc093415fde5dc79d.npy
1517	1517	seq_9b01ed9d8512fd52851bea6888ce63881af4aaf4c6a2f04ed9688b511456e424	0	existing_challenge	seq_9b01ed9d8512fd52851bea6888ce63881af4aaf4c6a2f04ed9688b511456e424	141	/home/lvfang/ESMC_halophile/R3_existing_challenge_v1_output/esm2/records/51/518a3ec713087b334bffaae65c25ca28afbde45dbe7801c9bd8b06234585f278.npy
1518	1518	seq_0aa13c9e56875db952cc294741c0183571396af816807a3dff520a4b9c392a76	0	existing_challenge	seq_0aa13c9e56875db952cc294741c0183571396af816807a3dff520a4b9c392a76	140	/home/lvfang/ESMC_halophile/R3_existing_challenge_v1_output/esm2/records/1e/1e79bb28da7ef038f33538859621ababa7f6fc7c343031c9a85f103fef786123.npy
1519	1519	seq_e8ec3fc952132a5c71a661780df85372d09e04dd58006f3ddc11b02ba3c5734f	0	existing_challenge	seq_e8ec3fc952132a5c71a661780df85372d09e04dd58006f3ddc11b02ba3c5734f	137	/home/lvfang/ESMC_halophile/R3_existing_challenge_v1_output/esm2/records/6c/6cba9194ba2c6cad46f35bfa1d678e26a9951d82a01cd19107ba23dbb0c5db3d.npy
1520	1520	seq_a5e8f0df9e2b1717595d965c37e39ad6fa6f4066ce742526d4f714f7a163ac21	0	existing_challenge	seq_a5e8f0df9e2b1717595d965c37e39ad6fa6f4066ce742526d4f714f7a163ac21	127	/home/lvfang/ESMC_halophile/R3_existing_challenge_v1_output/esm2/records/c1/c15bb812ac110be7ae70ce1766efde93d0f6e633fe69a9fdd19bae4d457e7cc4.npy
1521	1521	seq_0e2938501b15376476c491701a8d7270802e19b73d44d3f371cce37381d49c96	0	existing_challenge	seq_0e2938501b15376476c491701a8d7270802e19b73d44d3f371cce37381d49c96	131	/home/lvfang/ESMC_halophile/R3_existing_challenge_v1_output/esm2/records/6c/6ce86b5e7572bdc329c0bd56b1f91d5e21ec6e3b3bd4f06f9bf11822f223cc63.npy
1522	1522	seq_a1a52bda8ebb0dae191177b23b7ac4fba617a5540a63edd0d0146e50a23d8559	0	existing_challenge	seq_a1a52bda8ebb0dae191177b23b7ac4fba617a5540a63edd0d0146e50a23d8559	129	/home/lvfang/ESMC_halophile/R3_existing_challenge_v1_output/esm2/records/ed/ed01cf8f2418a3c26a88b5b7d1be94be6f4cfd3f267df8467a40384a7df9b035.npy
1523	1523	seq_65aa048ff814e3cddff4431383910362211e59ebb22116577a67d3bdaa28ea5f	0	existing_challenge	seq_65aa048ff814e3cddff4431383910362211e59ebb22116577a67d3bdaa28ea5f	123	/home/lvfang/ESMC_halophile/R3_existing_challenge_v1_output/esm2/records/69/693f28197897598bd67ebaa04bc965e14134b4af4fa4c5d9bf34e81c6bb4622e.npy
1524	1524	seq_d2d42c009e36208f799c0ade952a61b37ba696a42b3b0dd6720f1324a34be675	0	existing_challenge	seq_d2d42c009e36208f799c0ade952a61b37ba696a42b3b0dd6720f1324a34be675	125	/home/lvfang/ESMC_halophile/R3_existing_challenge_v1_output/esm2/records/70/70eaad5d5da09d03e139f0248ae29966bcc5f6d7f486bf16478844b7fbc231ab.npy
1525	1525	seq_78b1c626af5df27793b7323d7db3f735a480ea981a6844a7a06ccd266c88850a	0	existing_challenge	seq_78b1c626af5df27793b7323d7db3f735a480ea981a6844a7a06ccd266c88850a	127	/home/lvfang/ESMC_halophile/R3_existing_challenge_v1_output/esm2/records/de/de15251e736f45b841a7e97fb1299f77d06068e20fb20ceee0a710165e6d9276.npy
1526	1526	seq_b4b49ff033d870787171d72a52abb61964733d7a17828b79e3f0b22fb1066227	0	existing_challenge	seq_b4b49ff033d870787171d72a52abb61964733d7a17828b79e3f0b22fb1066227	122	/home/lvfang/ESMC_halophile/R3_existing_challenge_v1_output/esm2/records/7b/7b7efdfc35c0eb799691ca9d93019738ebd3841d272fda7541771c874935e9d0.npy
1527	1527	seq_0cfc037c36fb0aa25bc63531e1c220f446d036787e70eec4e30245b995af3f1a	0	existing_challenge	seq_0cfc037c36fb0aa25bc63531e1c220f446d036787e70eec4e30245b995af3f1a	119	/home/lvfang/ESMC_halophile/R3_existing_challenge_v1_output/esm2/records/ea/ea511f74daae5e377689036ead6efbcb30d6bd7c7cf8158a5a0232c4c961384f.npy
1528	1528	seq_d0e1bb4ecd2fe454011c6b3fb1d5f57a74c5aac5cb7e5ad92325e3c8066d22fa	0	existing_challenge	seq_d0e1bb4ecd2fe454011c6b3fb1d5f57a74c5aac5cb7e5ad92325e3c8066d22fa	119	/home/lvfang/ESMC_halophile/R3_existing_challenge_v1_output/esm2/records/ff/ffddc121d5caf8618ef4557bb43983b241ff2f69fb3819d28e914525b0c64676.npy
1529	1529	seq_0f8d0df391daf5092c7501fb169d9795b5a5910afd37971aaaa55cf19d469141	0	existing_challenge	seq_0f8d0df391daf5092c7501fb169d9795b5a5910afd37971aaaa55cf19d469141	115	/home/lvfang/ESMC_halophile/R3_existing_challenge_v1_output/esm2/records/00/0008d181ef9d5d6e6f5dfd4b70f6e0fa0375063f4ea411f8db85cdec35ac0058.npy
1530	1530	seq_5a39c43453c494b8587f139c0f23bff2b32e0d6670bdd2e4dc95bfe9eb73e34c	0	existing_challenge	seq_5a39c43453c494b8587f139c0f23bff2b32e0d6670bdd2e4dc95bfe9eb73e34c	103	/home/lvfang/ESMC_halophile/R3_existing_challenge_v1_output/esm2/records/f0/f06ec77c789b847b5a2d71df84b6cea7f787c8fcbe6817bfc815d6ccd54f91a9.npy
1531	1531	seq_299b26a36a85749de2cac52895f5176a980dbcb2f57ee502553b0e6ab67c072b	0	existing_challenge	seq_299b26a36a85749de2cac52895f5176a980dbcb2f57ee502553b0e6ab67c072b	98	/home/lvfang/ESMC_halophile/R3_existing_challenge_v1_output/esm2/records/f2/f28038dc769a58ee5b1f35d82e6bae5055e2ca88d29d0494f42212d46c425b28.npy
1532	1532	seq_7cb3c2e0603a6f2eef4e8f7f1ceee3ddf1645474f1f73fe2ed0bbec64c871d6a	0	existing_challenge	seq_7cb3c2e0603a6f2eef4e8f7f1ceee3ddf1645474f1f73fe2ed0bbec64c871d6a	95	/home/lvfang/ESMC_halophile/R3_existing_challenge_v1_output/esm2/records/d0/d04f00e14a60ac13bb31926aa33b26cbbed68a6326325ce06f33b0b3658f4994.npy
1533	1533	seq_f6fafb9d7575f2c4fd4c542e004ba33f883c79edb8aa40508313afaf8af76c0d	0	existing_challenge	seq_f6fafb9d7575f2c4fd4c542e004ba33f883c79edb8aa40508313afaf8af76c0d	91	/home/lvfang/ESMC_halophile/R3_existing_challenge_v1_output/esm2/records/c6/c6e67ee7588a2dc88a71cedf551fafc6b211b94d1b744619261c5f89663e2f38.npy
1534	1534	seq_4289f8c288cfc5814e34d8dcc77f6c14d05c39c11010321c5d1762e2920f3e2f	0	existing_challenge	seq_4289f8c288cfc5814e34d8dcc77f6c14d05c39c11010321c5d1762e2920f3e2f	89	/home/lvfang/ESMC_halophile/R3_existing_challenge_v1_output/esm2/records/ca/ca7fbb9bbe6542851ab84946f947e150fd658a78a38b66d755aa70c8ae940f44.npy
1535	1535	seq_0f9baadcb8a1d324c2bf99d4678b4e7074d4024f2f4e1f403c26d9247876b340	0	existing_challenge	seq_0f9baadcb8a1d324c2bf99d4678b4e7074d4024f2f4e1f403c26d9247876b340	89	/home/lvfang/ESMC_halophile/R3_existing_challenge_v1_output/esm2/records/76/76455f43355ff40cc01b960018aa782c05083b29504e511213a78d3e12cd6b0b.npy
1536	1536	seq_26468ae1fd3924def33a458eca80fd1a440fe3e19a260eae8ecb4da2456af2d1	0	existing_challenge	seq_26468ae1fd3924def33a458eca80fd1a440fe3e19a260eae8ecb4da2456af2d1	84	/home/lvfang/ESMC_halophile/R3_existing_challenge_v1_output/esm2/records/f6/f6eabdaa9a93c2e0ac52e44ba2434068d324d4837342728cac0b5c719888f2af.npy
1537	1537	seq_85687008c9396022d27c3269e17c25420107f26b2731257f0473b8ad917b2ca2	0	existing_challenge	seq_85687008c9396022d27c3269e17c25420107f26b2731257f0473b8ad917b2ca2	72	/home/lvfang/ESMC_halophile/R3_existing_challenge_v1_output/esm2/records/b2/b297da0cedca4e06099c2e58d1acc2aafacd0677b0b7d84bddb5f611a6925cf2.npy
1538	1538	seq_aaf079565f7d9a04e8f68717a44dfb908664f97ea0b768d34ada8d1effce242e	0	existing_challenge	seq_aaf079565f7d9a04e8f68717a44dfb908664f97ea0b768d34ada8d1effce242e	65	/home/lvfang/ESMC_halophile/R3_existing_challenge_v1_output/esm2/records/ff/ff4d1d7bf04eae16ca4709d18e96d2808611d72f0f7cd7863ab5a3c1498c1b36.npy
1539	1539	seq_dbfb0b00c153c1f5960caa2101c25d0ccd0b68aa12279fd0d06c0c3cbed5ba60	0	existing_challenge	seq_dbfb0b00c153c1f5960caa2101c25d0ccd0b68aa12279fd0d06c0c3cbed5ba60	63	/home/lvfang/ESMC_halophile/R3_existing_challenge_v1_output/esm2/records/dd/dd1580c0d24a3ddce6d6b57dcaf845d1a587b8d6b814a5adbf2dff2cb1b39710.npy
1540	1540	seq_dd8f53e77277500396b0cbe4009535fbe68d0d74c2cdbca15393de94cb802f57	0	existing_challenge	seq_dd8f53e77277500396b0cbe4009535fbe68d0d74c2cdbca15393de94cb802f57	60	/home/lvfang/ESMC_halophile/R3_existing_challenge_v1_output/esm2/records/f1/f1fba0d6f07102bdab6d107891f024dbcfc80c8c62634975d9edd9c0e02105d4.npy
1541	1541	seq_d2bb765cf6b2e85279e1f774b51f143bef624a6be31fcccc861179fc5247b922	0	existing_challenge	seq_d2bb765cf6b2e85279e1f774b51f143bef624a6be31fcccc861179fc5247b922	1287	/home/lvfang/ESMC_halophile/R3_existing_challenge_v1_output/esm2/records/75/753c24a8489a43dcf1e0e42e9e946ab6e1c99fa2a92c44d13e0d4d65e736e61b.npy
1542	1542	seq_8961721e0f049e92ef11f3ba1a93dc974a47da35a82f0f9fc968da099094b74c	0	existing_challenge	seq_8961721e0f049e92ef11f3ba1a93dc974a47da35a82f0f9fc968da099094b74c	830	/home/lvfang/ESMC_halophile/R3_existing_challenge_v1_output/esm2/records/62/62b2263d2e5d506f58f33e151558e8ba7f1c051e61d103b9f54326d1854549c3.npy
1543	1543	seq_bd851427aadff39a26ccdc649fbfe04055c781f57b1a6a5cdcef2fabd24130c5	0	existing_challenge	seq_bd851427aadff39a26ccdc649fbfe04055c781f57b1a6a5cdcef2fabd24130c5	754	/home/lvfang/ESMC_halophile/R3_existing_challenge_v1_output/esm2/records/20/20383e7f6205b64888974bc0d91259762a1bdd5bf7b94fe0476835cc6a4e13a4.npy
1544	1544	seq_29e783092c1e7f007553fa1d693609b6050133ef4afda255bf66086a0c9d86c3	0	existing_challenge	seq_29e783092c1e7f007553fa1d693609b6050133ef4afda255bf66086a0c9d86c3	712	/home/lvfang/ESMC_halophile/R3_existing_challenge_v1_output/esm2/records/7c/7c2ebd0630e2112849a19545de878c84513057dcbf12da58e07499f3cd74a160.npy
1545	1545	seq_80f3c7482d45e1da390d82712dc83776aced9d3ba52feaf62c3a11908a22bc28	0	existing_challenge	seq_80f3c7482d45e1da390d82712dc83776aced9d3ba52feaf62c3a11908a22bc28	713	/home/lvfang/ESMC_halophile/R3_existing_challenge_v1_output/esm2/records/f4/f4180c56265b31df7c17bc9fc0e00b99d3b47c1b44ed0393bf9772b98cce9e88.npy
1546	1546	seq_bb91e063c007c4ec5f18a7a091bf97a158c6b2229bdb0746f512026d471b6e36	0	existing_challenge	seq_bb91e063c007c4ec5f18a7a091bf97a158c6b2229bdb0746f512026d471b6e36	706	/home/lvfang/ESMC_halophile/R3_existing_challenge_v1_output/esm2/records/69/69b9cd81d240e81b68b7e98c52da40eca3488ef77899cce8965847724d04d0e3.npy
1547	1547	seq_30a71407be2e34039432f716bdc7a0631bf0873b5d4ce72718dde70417f20242	0	existing_challenge	seq_30a71407be2e34039432f716bdc7a0631bf0873b5d4ce72718dde70417f20242	690	/home/lvfang/ESMC_halophile/R3_existing_challenge_v1_output/esm2/records/4f/4f1fae18918aba1fe99bb2281a64b367c800d15acb8c932f475ae48a18dc9494.npy
1548	1548	seq_b4d134e85ed3f3e5cf34c304a2c023a3f496405402aba784e3b6410cbf521fa4	0	existing_challenge	seq_b4d134e85ed3f3e5cf34c304a2c023a3f496405402aba784e3b6410cbf521fa4	667	/home/lvfang/ESMC_halophile/R3_existing_challenge_v1_output/esm2/records/c0/c0316302b4250265563d793098ddf991a3992a855f0c6bb0b8bfbd33c7fee321.npy
1549	1549	seq_1d153face0008e5fa33edc4e7d131755ffd2cc3643e3b9ddbdd7053b7ac42e06	0	existing_challenge	seq_1d153face0008e5fa33edc4e7d131755ffd2cc3643e3b9ddbdd7053b7ac42e06	633	/home/lvfang/ESMC_halophile/R3_existing_challenge_v1_output/esm2/records/41/41ed53e90b9682d6fb6068c60a3e662b763410622599b11ae4378705e395d4da.npy
1550	1550	seq_1a6f44743b18061bb956e33a30802b752dbda685a6dc22146ca233e5a5728674	0	existing_challenge	seq_1a6f44743b18061bb956e33a30802b752dbda685a6dc22146ca233e5a5728674	629	/home/lvfang/ESMC_halophile/R3_existing_challenge_v1_output/esm2/records/f5/f5336fa7421ce3aad266bce10e19a6e25f4036c6dc855e7144c4fb7b52750ad5.npy
1551	1551	seq_119dc5711171efc8493c520008fe2057927f7703a20e30f0cf0763196b8dc9db	0	existing_challenge	seq_119dc5711171efc8493c520008fe2057927f7703a20e30f0cf0763196b8dc9db	565	/home/lvfang/ESMC_halophile/R3_existing_challenge_v1_output/esm2/records/14/1484bbd488362856a5ed194c857c6adf7d3345785ba36c72510a03c07b929785.npy
1552	1552	seq_b6132e514b2ed4da2816765d0bd12147f364587b2c4f7640e8c3bc400cbfcace	0	existing_challenge	seq_b6132e514b2ed4da2816765d0bd12147f364587b2c4f7640e8c3bc400cbfcace	591	/home/lvfang/ESMC_halophile/R3_existing_challenge_v1_output/esm2/records/5e/5e37280363066277bfb59b22730a2692f19afcbc03f180371e87b88b26639a61.npy
1553	1553	seq_4319ca4ccb8d43c4a1514d9b8ea713d92ac6c054bb1095b6817d7c494ac2cb3e	0	existing_challenge	seq_4319ca4ccb8d43c4a1514d9b8ea713d92ac6c054bb1095b6817d7c494ac2cb3e	570	/home/lvfang/ESMC_halophile/R3_existing_challenge_v1_output/esm2/records/10/101502488a5ccccaf4e7cec838c448965bcdf240a40e00d1245e90eddd2e5e1e.npy
1554	1554	seq_4df99edc5b647e6398b514909f169baa3255fbc7b6dd351fa3eb7a41bfcffa49	0	existing_challenge	seq_4df99edc5b647e6398b514909f169baa3255fbc7b6dd351fa3eb7a41bfcffa49	547	/home/lvfang/ESMC_halophile/R3_existing_challenge_v1_output/esm2/records/a9/a9be14522e4df27dcf8a21ae6e9b637b039f013a9686aecf4e9c0189f7b66f4a.npy
1555	1555	seq_a359a460fb4146d71b0068a617f610e2b1cdf2951115e78c73ef205394570c92	0	existing_challenge	seq_a359a460fb4146d71b0068a617f610e2b1cdf2951115e78c73ef205394570c92	562	/home/lvfang/ESMC_halophile/R3_existing_challenge_v1_output/esm2/records/28/2839328a6e5523698b18adb70ef77546a009732ff210b22a0e660a0451367148.npy
1556	1556	seq_a5c48b53281d24efdd8dd646e73e0da32544e19fcc3efe1226719c1e475187a6	0	existing_challenge	seq_a5c48b53281d24efdd8dd646e73e0da32544e19fcc3efe1226719c1e475187a6	551	/home/lvfang/ESMC_halophile/R3_existing_challenge_v1_output/esm2/records/7f/7f6282a4af75bf797eda8b894dd41c35682b882a782fcdf779c3e06813ef9cd5.npy
1557	1557	seq_3c51940c155f4d1809f068786977a4c5315983a105a8124d06a4e02fa1a247ce	0	existing_challenge	seq_3c51940c155f4d1809f068786977a4c5315983a105a8124d06a4e02fa1a247ce	526	/home/lvfang/ESMC_halophile/R3_existing_challenge_v1_output/esm2/records/3d/3dfd7f09275f47d9fd7f7f80e9d5a87e06ec848bd00a3c2837c7bcb773822d6f.npy
1558	1558	seq_200786495c4e979bc7a846edefe20dae01731cb5f2458c634031d7cedbae55fe	0	existing_challenge	seq_200786495c4e979bc7a846edefe20dae01731cb5f2458c634031d7cedbae55fe	516	/home/lvfang/ESMC_halophile/R3_existing_challenge_v1_output/esm2/records/b5/b55b4628a504ac853b46f6b591c24071a4863e1391a7360f6d60e7616970fa51.npy
1559	1559	seq_a94360f3196659799f7e67cb5bb2d72cc1c26d07e56738536f0170a5cf4c0b6c	0	existing_challenge	seq_a94360f3196659799f7e67cb5bb2d72cc1c26d07e56738536f0170a5cf4c0b6c	508	/home/lvfang/ESMC_halophile/R3_existing_challenge_v1_output/esm2/records/59/59775c13ed712e155b85fca6c766077a21bde0d44d9f43a3170147e40badea95.npy
1560	1560	seq_b4e8e5d58b39d86f83131cd9b69186926f5ad8b7865d13fcc70add2bfcf420b7	0	existing_challenge	seq_b4e8e5d58b39d86f83131cd9b69186926f5ad8b7865d13fcc70add2bfcf420b7	488	/home/lvfang/ESMC_halophile/R3_existing_challenge_v1_output/esm2/records/ee/eeeddd9e866f462d97acca353f76e164150d3281f6e08fb48c761dcb7de65685.npy
1561	1561	seq_0e26ec8b12bab7192bb2cb0ea202473b813aa9cd5c761692666778e450c76eaa	0	existing_challenge	seq_0e26ec8b12bab7192bb2cb0ea202473b813aa9cd5c761692666778e450c76eaa	500	/home/lvfang/ESMC_halophile/R3_existing_challenge_v1_output/esm2/records/eb/eb6d50faf5ca34961e76dfde9b5f781727b8e5f6d84c8285283c4d72a36e2c0e.npy
1562	1562	seq_3f5c0f006995f8c8eb0e97c6a4bd4d28d661dbd9ac58a034fd062cae8b167b61	0	existing_challenge	seq_3f5c0f006995f8c8eb0e97c6a4bd4d28d661dbd9ac58a034fd062cae8b167b61	490	/home/lvfang/ESMC_halophile/R3_existing_challenge_v1_output/esm2/records/f4/f41bec9a4b32cb696d531d7d88bb5588f026dcdd5f54d49e1b4d31442ee32ace.npy
1563	1563	seq_e9f44b8fca5b88fa51ad8fe4a33cb9771d2536799bde796a164e87549bcd06a4	0	existing_challenge	seq_e9f44b8fca5b88fa51ad8fe4a33cb9771d2536799bde796a164e87549bcd06a4	461	/home/lvfang/ESMC_halophile/R3_existing_challenge_v1_output/esm2/records/77/77ac5c0fe21e12733fe5f49a9afeea411978c09736ac4c5fb6b6ce40c47571b4.npy
1564	1564	seq_69d5fab69c166375b129709c3999df42347e0593f48d5022cff0e95cb84c682a	0	existing_challenge	seq_69d5fab69c166375b129709c3999df42347e0593f48d5022cff0e95cb84c682a	460	/home/lvfang/ESMC_halophile/R3_existing_challenge_v1_output/esm2/records/d4/d4a185aea5da7acd9ce829bc95dbc67450a88af3651e10fbd84d30ef3f8aa8ff.npy
1565	1565	seq_0387d89c18478f96990a03e0113c33494d32ef7601304c168d8f3bd21ed6746a	0	existing_challenge	seq_0387d89c18478f96990a03e0113c33494d32ef7601304c168d8f3bd21ed6746a	432	/home/lvfang/ESMC_halophile/R3_existing_challenge_v1_output/esm2/records/96/967736cd37833a27c68750126344bd9ddeae435d3f892ea5f5f582c303b1d93f.npy
1566	1566	seq_cdbcb18a38ff124e0e6e4f5fcab417259ae4953081bad5c53568c4370b2240f2	0	existing_challenge	seq_cdbcb18a38ff124e0e6e4f5fcab417259ae4953081bad5c53568c4370b2240f2	439	/home/lvfang/ESMC_halophile/R3_existing_challenge_v1_output/esm2/records/ec/ec34d9a9c247ac1f542001244dd094319b3d4a8e62cb170acc7869bf5f56ce56.npy
1567	1567	seq_e3e1c400ea4b29858e6afe07b83b87b810c314e49e3c617b9e33b83f277126ea	0	existing_challenge	seq_e3e1c400ea4b29858e6afe07b83b87b810c314e49e3c617b9e33b83f277126ea	438	/home/lvfang/ESMC_halophile/R3_existing_challenge_v1_output/esm2/records/73/739429f8560db12530c784e0b7ccca9261a70ad76c3047519c72b71f189e966d.npy
1568	1568	seq_e3b560b3496f16a987e8186b55fb9af8c6c61cb222061bd989d50f574588a1a0	0	existing_challenge	seq_e3b560b3496f16a987e8186b55fb9af8c6c61cb222061bd989d50f574588a1a0	429	/home/lvfang/ESMC_halophile/R3_existing_challenge_v1_output/esm2/records/f6/f6c3b25d207798d6faab6311aa7f3610e1f878f350bbc91e0812f8b0b285e066.npy
1569	1569	seq_c87d1d61ff0c183ad4d20ab04e339f6ca26787222dbbc5340c1d2a5ce08eea09	0	existing_challenge	seq_c87d1d61ff0c183ad4d20ab04e339f6ca26787222dbbc5340c1d2a5ce08eea09	436	/home/lvfang/ESMC_halophile/R3_existing_challenge_v1_output/esm2/records/7f/7f5b6059a42fb4bb0f326cd3f219306f632f706d2c6e442abe6d8194b7f3b947.npy
1570	1570	seq_3194248d8be2533f8d73f876bfc1e46f635c2e6a3f8690b2747ecf0845b0a322	0	existing_challenge	seq_3194248d8be2533f8d73f876bfc1e46f635c2e6a3f8690b2747ecf0845b0a322	430	/home/lvfang/ESMC_halophile/R3_existing_challenge_v1_output/esm2/records/ee/ee6d2807a1d883f54406849c3b5313eb5ef572fc3f4bdcf52d87c33c55639c20.npy
1571	1571	seq_65d41211ff41b0ddf8b36efb26655e4334907486db6967893facb515f4fc0fbc	0	existing_challenge	seq_65d41211ff41b0ddf8b36efb26655e4334907486db6967893facb515f4fc0fbc	412	/home/lvfang/ESMC_halophile/R3_existing_challenge_v1_output/esm2/records/91/9182e2682b3a48588d616524f4bb32cfe98dced8fe60a200c9ae19fb8f9b23a3.npy
1572	1572	seq_f024d2c6903c9cb08a94f9aed69ca084b507704226bc8c69f03923ae02f84c41	0	existing_challenge	seq_f024d2c6903c9cb08a94f9aed69ca084b507704226bc8c69f03923ae02f84c41	412	/home/lvfang/ESMC_halophile/R3_existing_challenge_v1_output/esm2/records/a4/a48f9dfdb69cc5e7d36beec87117a2545c9db147836449a1fe86282ddd73ddbb.npy
1573	1573	seq_1fc987132f5ecfa3e14e6609987b3882faef6c9ab64ba0ce14e1d7681fae150b	0	existing_challenge	seq_1fc987132f5ecfa3e14e6609987b3882faef6c9ab64ba0ce14e1d7681fae150b	404	/home/lvfang/ESMC_halophile/R3_existing_challenge_v1_output/esm2/records/10/105b0d86168c9b4a11352d7b7c92589905031245c686f955a8d5fefea6c7beae.npy
1574	1574	seq_46528989f14588e12294249293c53939b1fdb18f76fa82d42b3b1cddacb41216	0	existing_challenge	seq_46528989f14588e12294249293c53939b1fdb18f76fa82d42b3b1cddacb41216	386	/home/lvfang/ESMC_halophile/R3_existing_challenge_v1_output/esm2/records/ac/ac45d7ce97fa5f741a3e553ccd72a1a13ffed2edfde3a471c34834af622f0826.npy
1575	1575	seq_47a0ceb07ee6353a2ae7689c1f04ca0b5e3458031a28f96eee99c14d11db82b8	0	existing_challenge	seq_47a0ceb07ee6353a2ae7689c1f04ca0b5e3458031a28f96eee99c14d11db82b8	398	/home/lvfang/ESMC_halophile/R3_existing_challenge_v1_output/esm2/records/b2/b2c7734becb8c61d4215a22e35896a65965def553107e95cdbce5611eccfa422.npy
1576	1576	seq_ea63e6afd530f12eef68434e4550c68baf74a6f70432b952587a62076523157f	0	existing_challenge	seq_ea63e6afd530f12eef68434e4550c68baf74a6f70432b952587a62076523157f	396	/home/lvfang/ESMC_halophile/R3_existing_challenge_v1_output/esm2/records/75/75cea6c6fbd6753f3259be5ab1742a19eb19b4d1bf672da8957cf07e357d0e8c.npy
1577	1577	seq_1992df7fc3c59277f95ad927f7bf0d56e79a17f6c3ca0f4a0e5435574a94502a	0	existing_challenge	seq_1992df7fc3c59277f95ad927f7bf0d56e79a17f6c3ca0f4a0e5435574a94502a	392	/home/lvfang/ESMC_halophile/R3_existing_challenge_v1_output/esm2/records/07/07eecab51d3d496abe656230e6d61b95e4d8eab41fa4e440d9711a942e440ee0.npy
1578	1578	seq_f4091732464572b242fdab8f0074899d2481b28b76d70477b6820f998e3076ba	0	existing_challenge	seq_f4091732464572b242fdab8f0074899d2481b28b76d70477b6820f998e3076ba	388	/home/lvfang/ESMC_halophile/R3_existing_challenge_v1_output/esm2/records/5e/5edc526d534769703fe269f7b1df7bf34065ce000ef08c316c1c665f0a0898db.npy
1579	1579	seq_3cf3c00a60511e7832d32bf87b6bfb28fdb3737f10c997e9b74fb8941380027a	0	existing_challenge	seq_3cf3c00a60511e7832d32bf87b6bfb28fdb3737f10c997e9b74fb8941380027a	385	/home/lvfang/ESMC_halophile/R3_existing_challenge_v1_output/esm2/records/a4/a433eebbca8f1ad2e640b2138659eebfa4a45a283895d4d589fd292b9e08ba1e.npy
1580	1580	seq_fdb3d3e6ec10ac31f4c9212756c3bb65e2911f8e6970a464fcc19d28012d40b6	0	existing_challenge	seq_fdb3d3e6ec10ac31f4c9212756c3bb65e2911f8e6970a464fcc19d28012d40b6	383	/home/lvfang/ESMC_halophile/R3_existing_challenge_v1_output/esm2/records/53/53ef2d1bed251b27857ee4ad692f1292f258c4c632d117ba008baa35330da3ee.npy
1581	1581	seq_ea61cccfe94f3efdbd4c2ef3cb5b353b88c49323b461a82960bb27ea0864136a	0	existing_challenge	seq_ea61cccfe94f3efdbd4c2ef3cb5b353b88c49323b461a82960bb27ea0864136a	370	/home/lvfang/ESMC_halophile/R3_existing_challenge_v1_output/esm2/records/ac/acbe54e32653242b2ab666ba2b1b2a768d8457c96e71beac91664820c556caae.npy
1582	1582	seq_84ac4f059a27d4e82597945af752e4c0e693a3277503ba2afa92da6449becd03	0	existing_challenge	seq_84ac4f059a27d4e82597945af752e4c0e693a3277503ba2afa92da6449becd03	369	/home/lvfang/ESMC_halophile/R3_existing_challenge_v1_output/esm2/records/fb/fba23f5406ed1669b660e717a8b25bd73fa5f2e46cd7dcf7928922a2ed8322ae.npy
1583	1583	seq_e4d604e8c8f2c2a16280db548db1ba394d638ed31532766311d0c28895ef3fa5	0	existing_challenge	seq_e4d604e8c8f2c2a16280db548db1ba394d638ed31532766311d0c28895ef3fa5	365	/home/lvfang/ESMC_halophile/R3_existing_challenge_v1_output/esm2/records/dc/dc8eb888e92dee25a8b0371bc1a0609258930cd690aa3f7e2f37a3a1ababb480.npy
1584	1584	seq_4364fe50094ac27a45f5ebb1c89a22388608aae33f0e44eb52eb457fd8e169a6	0	existing_challenge	seq_4364fe50094ac27a45f5ebb1c89a22388608aae33f0e44eb52eb457fd8e169a6	361	/home/lvfang/ESMC_halophile/R3_existing_challenge_v1_output/esm2/records/7d/7dc9290ea0c82764e6e1c860ae60dfec413bb498e2eb34c657c2958658e3dbdb.npy
1585	1585	seq_a6e69e763a6399093029b513d94ddd57eb89da9c0c69b7e0a3a5b473f2942df7	0	existing_challenge	seq_a6e69e763a6399093029b513d94ddd57eb89da9c0c69b7e0a3a5b473f2942df7	357	/home/lvfang/ESMC_halophile/R3_existing_challenge_v1_output/esm2/records/88/888aa1f80e8da65ca472308ec500f3b8171fb7a1bd2b9c47f29db72dc811a95e.npy
1586	1586	seq_14098d1785c10ab098d41d5c3aa401577e0e4a113684f82d56da72c39053d78c	0	existing_challenge	seq_14098d1785c10ab098d41d5c3aa401577e0e4a113684f82d56da72c39053d78c	354	/home/lvfang/ESMC_halophile/R3_existing_challenge_v1_output/esm2/records/46/4668336bfc6231a2e0a7af3360f735309e963072b5c257735899b3ab2202579c.npy
1587	1587	seq_1b3f0c3f15da0cf4323d7fe58af409db0ef7ac4de420202b1dc098064859dea7	0	existing_challenge	seq_1b3f0c3f15da0cf4323d7fe58af409db0ef7ac4de420202b1dc098064859dea7	344	/home/lvfang/ESMC_halophile/R3_existing_challenge_v1_output/esm2/records/72/7215072df9f959567fa0e21074d2c765f70804cba5d831b3a70288e01d1d5a9b.npy
1588	1588	seq_5311dfd345dcab5d888141fd069d264c841d7a09437c1a395b5f27e5c13c2fa6	0	existing_challenge	seq_5311dfd345dcab5d888141fd069d264c841d7a09437c1a395b5f27e5c13c2fa6	348	/home/lvfang/ESMC_halophile/R3_existing_challenge_v1_output/esm2/records/06/06255cc9ade7e3d7317fbacdfbf6b6fe3b47e1b5edaf1bd7c194362baa79e0bf.npy
1589	1589	seq_a873665e995d590040edcd7acd3b6717ead6a5056d3fcf0d4053b69a12451876	0	existing_challenge	seq_a873665e995d590040edcd7acd3b6717ead6a5056d3fcf0d4053b69a12451876	334	/home/lvfang/ESMC_halophile/R3_existing_challenge_v1_output/esm2/records/91/91b7eeb44a0ed3b252e9b7ac9b5066576e398acb272f8bee9054e17a33e8c2ec.npy
1590	1590	seq_4ad049292eb9e50d9c3173da5059ff0cba2676ec7d868b0c4400e07afa48f6d0	0	existing_challenge	seq_4ad049292eb9e50d9c3173da5059ff0cba2676ec7d868b0c4400e07afa48f6d0	344	/home/lvfang/ESMC_halophile/R3_existing_challenge_v1_output/esm2/records/91/913e18edd24a70f1315c648c6883c227652c8e67c0ad92961da17fba09200a3d.npy
1591	1591	seq_f434ebe3f80140c8f226265ce0086667044f06adc199d37b2deb4ef0c083a120	0	existing_challenge	seq_f434ebe3f80140c8f226265ce0086667044f06adc199d37b2deb4ef0c083a120	344	/home/lvfang/ESMC_halophile/R3_existing_challenge_v1_output/esm2/records/7a/7aed35bd118b5ebbcdfc7e170f03129482e600d4fa81b079afabafab4d4bcad8.npy
1592	1592	seq_82750a54ad0fdf2956e0c8d6c46b7dd2272e2bcc6d9979f03ab87ca8092afe6d	0	existing_challenge	seq_82750a54ad0fdf2956e0c8d6c46b7dd2272e2bcc6d9979f03ab87ca8092afe6d	339	/home/lvfang/ESMC_halophile/R3_existing_challenge_v1_output/esm2/records/65/65f3894ce1e28e40f0ec854cec0696b4767adf38d61ca02c8979a0ee35eec433.npy
1593	1593	seq_c8287f90fd811b495801b51a7aea8072c5dd3c04adc7121527feb06c54d21860	0	existing_challenge	seq_c8287f90fd811b495801b51a7aea8072c5dd3c04adc7121527feb06c54d21860	336	/home/lvfang/ESMC_halophile/R3_existing_challenge_v1_output/esm2/records/fe/fe5ef7a71f854037198cec7971ef76e71c6adc1c78be31cbd090b7a002df8507.npy
1594	1594	seq_4d0d9587f439836407a7cd6d279f7d0812e949d7b0ca691be3ece2b83b99104d	0	existing_challenge	seq_4d0d9587f439836407a7cd6d279f7d0812e949d7b0ca691be3ece2b83b99104d	336	/home/lvfang/ESMC_halophile/R3_existing_challenge_v1_output/esm2/records/e0/e03f3bf5f25b65a256089c95da2a4f3eebe1fae08f9d80e2004cf846d2547586.npy
1595	1595	seq_b00ae955c34dd13945d8d53ebce9b0160afb875a818e9d036fad14a41de763db	0	existing_challenge	seq_b00ae955c34dd13945d8d53ebce9b0160afb875a818e9d036fad14a41de763db	328	/home/lvfang/ESMC_halophile/R3_existing_challenge_v1_output/esm2/records/77/77547f8a0b26f8093cc72a0428b5017f88bf643bd11bcefe2b1afa1187fdcb1a.npy
1596	1596	seq_cabdef81afeef16ecaf831e2217a1ffbb3662a09e3f434b50f8facc96d2e07e7	0	existing_challenge	seq_cabdef81afeef16ecaf831e2217a1ffbb3662a09e3f434b50f8facc96d2e07e7	322	/home/lvfang/ESMC_halophile/R3_existing_challenge_v1_output/esm2/records/b4/b481d368bcd1b72689509499ac39dff20f9856449875d6f35f527469aa4cd47e.npy
1597	1597	seq_ccdf4c42f47d7f42b42c4d83d2bd48eab936c44373fdeb2a63fe0185e0057b5e	0	existing_challenge	seq_ccdf4c42f47d7f42b42c4d83d2bd48eab936c44373fdeb2a63fe0185e0057b5e	308	/home/lvfang/ESMC_halophile/R3_existing_challenge_v1_output/esm2/records/94/94eee65811f074997b0d0442715ae0d045a8d1bb3c04093c0b08fa5cad8ffd9e.npy
1598	1598	seq_609806ba0c4007dff5885a6a3d902fa5e0af07620e9d7f8946b390f385bc3555	0	existing_challenge	seq_609806ba0c4007dff5885a6a3d902fa5e0af07620e9d7f8946b390f385bc3555	302	/home/lvfang/ESMC_halophile/R3_existing_challenge_v1_output/esm2/records/33/33728f2c088e903ddfc69845cb0ecf0d7adec133eafb66dc6b0bb1515acc506f.npy
1599	1599	seq_3f01c4ccb3c6285cc18c21445d7683f59fd9db4b7688e23c4bfc0dcda9e6d7b1	0	existing_challenge	seq_3f01c4ccb3c6285cc18c21445d7683f59fd9db4b7688e23c4bfc0dcda9e6d7b1	297	/home/lvfang/ESMC_halophile/R3_existing_challenge_v1_output/esm2/records/12/12703e4cd98f02da8715cd9a26fc56ef3dd52b2ec400bc35caabfaa96d171575.npy
1600	1600	seq_36b888243c1f6595dbe1a0ee8210a929010913dd19355b2b5e9a6cbb0eb81a3e	0	existing_challenge	seq_36b888243c1f6595dbe1a0ee8210a929010913dd19355b2b5e9a6cbb0eb81a3e	295	/home/lvfang/ESMC_halophile/R3_existing_challenge_v1_output/esm2/records/0c/0caafb00c835912cf44e88f138bb134a1a198a2db1031198b526388529a729ef.npy
1601	1601	seq_a860651d2a51578321b4a8c0f4190d3ee8ec80005786d7e6fcf3b24b13f0b25e	0	existing_challenge	seq_a860651d2a51578321b4a8c0f4190d3ee8ec80005786d7e6fcf3b24b13f0b25e	276	/home/lvfang/ESMC_halophile/R3_existing_challenge_v1_output/esm2/records/c0/c070238c2226ee7860ad4e3558425a79bb0db5074a8ddd22c9cf595a4a7ba745.npy
1602	1602	seq_d831479c030c117bcb13a5511a2738575533fd8c533008736c83a505e525987a	0	existing_challenge	seq_d831479c030c117bcb13a5511a2738575533fd8c533008736c83a505e525987a	276	/home/lvfang/ESMC_halophile/R3_existing_challenge_v1_output/esm2/records/e6/e6a019d9ff6cbc3ba031b0e2523c83c72f37550e27224249b8da61b043aa8f9f.npy
1603	1603	seq_fc67a5ff3a12ec7a742a3c8e2a83ddfbcc8bcb649f0207b9454ee509deadd2c3	0	existing_challenge	seq_fc67a5ff3a12ec7a742a3c8e2a83ddfbcc8bcb649f0207b9454ee509deadd2c3	284	/home/lvfang/ESMC_halophile/R3_existing_challenge_v1_output/esm2/records/6a/6a60bd9253c372e288ffccda883f408363e8803a14f4548760e7b91208bdaea7.npy
1604	1604	seq_956c9c3503dcf5fbd4328d28579aaf4e947fd8f4537f6dfdae926ee66eb78ee6	0	existing_challenge	seq_956c9c3503dcf5fbd4328d28579aaf4e947fd8f4537f6dfdae926ee66eb78ee6	282	/home/lvfang/ESMC_halophile/R3_existing_challenge_v1_output/esm2/records/c0/c0e56d6eb51d7f6a0c99038bfcbb9cd88290555494034b06528e1c71a10ebacf.npy
1605	1605	seq_3c0b7074bfcdb5f2bdcf0dcc6dcdae53224dc39a0d49c4091135f5182266a24c	0	existing_challenge	seq_3c0b7074bfcdb5f2bdcf0dcc6dcdae53224dc39a0d49c4091135f5182266a24c	272	/home/lvfang/ESMC_halophile/R3_existing_challenge_v1_output/esm2/records/e3/e3945e44db7d3a896ed9bbeabb71dcb763c7b0f52ded8906b5b223db7cce360d.npy
1606	1606	seq_e5c65c7b9f0702a260c90dc424ea54f282ad4a313e81f47ac34354d0c2bc2730	0	existing_challenge	seq_e5c65c7b9f0702a260c90dc424ea54f282ad4a313e81f47ac34354d0c2bc2730	270	/home/lvfang/ESMC_halophile/R3_existing_challenge_v1_output/esm2/records/fa/fa831008b113fcaff05416415ba18a1f8cd46e8835c28b434a8043f76b7159b0.npy
1607	1607	seq_6bd8e9ab1f2051393bbd71aea3055c20311fc38e2ee624f2c2804339f5a2c176	0	existing_challenge	seq_6bd8e9ab1f2051393bbd71aea3055c20311fc38e2ee624f2c2804339f5a2c176	256	/home/lvfang/ESMC_halophile/R3_existing_challenge_v1_output/esm2/records/d6/d670deb45353d993ff9032befb8160c87dda1b25d2c8288d4e8d1effd9d857ad.npy
1608	1608	seq_bcc57a60ed989c5179de9fd3d4cb0aa21b16ea2437dbc38ad9e700e82bf56c76	0	existing_challenge	seq_bcc57a60ed989c5179de9fd3d4cb0aa21b16ea2437dbc38ad9e700e82bf56c76	268	/home/lvfang/ESMC_halophile/R3_existing_challenge_v1_output/esm2/records/ec/eced7177d8d7682c30668c80bec6b79a9d95dbfa40125597b9ea6a29f027d15f.npy
1609	1609	seq_a72468ab04c8819efca4cc66c7133997420e20601f644c251c99a09e11b264fd	0	existing_challenge	seq_a72468ab04c8819efca4cc66c7133997420e20601f644c251c99a09e11b264fd	265	/home/lvfang/ESMC_halophile/R3_existing_challenge_v1_output/esm2/records/76/76ec7094fbcd038840285bb62a4ffb84d5bd713404f71d6af41ec94c8a4ac247.npy
1610	1610	seq_a78dbf1045bbf127e846644f7e63a95148b749c665e81dc81fdb498fe57aae81	0	existing_challenge	seq_a78dbf1045bbf127e846644f7e63a95148b749c665e81dc81fdb498fe57aae81	259	/home/lvfang/ESMC_halophile/R3_existing_challenge_v1_output/esm2/records/d4/d4aade5134ff0daa55dd012f48f03886b29437a58a35774a68a61d3fdb92529b.npy
1611	1611	seq_bcabaf46aa7605c04246b96ce5c062eab077f6ccb35504d0478f1753dc69ce8c	0	existing_challenge	seq_bcabaf46aa7605c04246b96ce5c062eab077f6ccb35504d0478f1753dc69ce8c	258	/home/lvfang/ESMC_halophile/R3_existing_challenge_v1_output/esm2/records/61/614dc489600ed47c144bcea045d11193e76937f01c1b4f7faa13dd297ee35d86.npy
1612	1612	seq_4060853e3c268876d5a712033900003e3f518f1cb8327fef2c92a656c60c9ec1	0	existing_challenge	seq_4060853e3c268876d5a712033900003e3f518f1cb8327fef2c92a656c60c9ec1	257	/home/lvfang/ESMC_halophile/R3_existing_challenge_v1_output/esm2/records/e5/e57db7fe4d5fe79aeb6516af3fdbc9495e06f3179f4787c13cfc5bb4698e5a6b.npy
1613	1613	seq_e322b41628966873f97c5dc9b929b57240be72c20fceb438bbf65a7b799a6b47	0	existing_challenge	seq_e322b41628966873f97c5dc9b929b57240be72c20fceb438bbf65a7b799a6b47	236	/home/lvfang/ESMC_halophile/R3_existing_challenge_v1_output/esm2/records/31/317c2067164282c3f4d5996401391fd6f78bc6e4fd096581bfd2301012dfc40a.npy
1614	1614	seq_f18ef1010d2a46647888befa2078d1162ce7d4723aac659b5b5bf24b3aa76b24	0	existing_challenge	seq_f18ef1010d2a46647888befa2078d1162ce7d4723aac659b5b5bf24b3aa76b24	243	/home/lvfang/ESMC_halophile/R3_existing_challenge_v1_output/esm2/records/b6/b610f7d1c0b4de370cb49fc2569d79246e5ee9eeb9c4a050fb738dcbf2731033.npy
1615	1615	seq_8c24ffc4d6ae745106f08467e41490ed818858cecf2b1679860f1f74a6b0ef65	0	existing_challenge	seq_8c24ffc4d6ae745106f08467e41490ed818858cecf2b1679860f1f74a6b0ef65	241	/home/lvfang/ESMC_halophile/R3_existing_challenge_v1_output/esm2/records/af/afabf2661111ad95c86046c9c59a9a9f0e08feba49821dfc4e34020bfb80c572.npy
1616	1616	seq_40806ccf52ad25d7269f15c124f7457aeb92b8c7155a50992dd4f8d342e56d92	0	existing_challenge	seq_40806ccf52ad25d7269f15c124f7457aeb92b8c7155a50992dd4f8d342e56d92	238	/home/lvfang/ESMC_halophile/R3_existing_challenge_v1_output/esm2/records/4b/4bcf713891cb1df13e9616048ee45c996b270d06fc7df13466a44f65c6230c4f.npy
1617	1617	seq_934fc88f515cadeddb0668c550c95eb57d3a265de08c93583565ba5c6dbc4f70	0	existing_challenge	seq_934fc88f515cadeddb0668c550c95eb57d3a265de08c93583565ba5c6dbc4f70	237	/home/lvfang/ESMC_halophile/R3_existing_challenge_v1_output/esm2/records/24/247754f127e89d4517bb710ebbeeddfa215b9988463fa6a38a5462251c871f6c.npy
1618	1618	seq_73dedb9f83a280ae25fe0c230883f2d5984f87103121a27da81c444cfb996e08	0	existing_challenge	seq_73dedb9f83a280ae25fe0c230883f2d5984f87103121a27da81c444cfb996e08	235	/home/lvfang/ESMC_halophile/R3_existing_challenge_v1_output/esm2/records/bb/bbe76787efbf0c3c6d0f7f5ddb19342ef4e60d066bf8bca06c723c79ba7a6ddf.npy
1619	1619	seq_75505f15f9ed4885ed4761f8bf0b186b2d8e059523118ebd6fd0e9bd88f54e5c	0	existing_challenge	seq_75505f15f9ed4885ed4761f8bf0b186b2d8e059523118ebd6fd0e9bd88f54e5c	229	/home/lvfang/ESMC_halophile/R3_existing_challenge_v1_output/esm2/records/82/8208d9013b24d94c5b9bc82ee8f3a210a444a1db71d5d5e0e54539bf8dac36f7.npy
1620	1620	seq_d253ff83f900fa2b8e73f6697762ba34ae89e899bc5ddabcbbbbd1d84205404b	0	existing_challenge	seq_d253ff83f900fa2b8e73f6697762ba34ae89e899bc5ddabcbbbbd1d84205404b	233	/home/lvfang/ESMC_halophile/R3_existing_challenge_v1_output/esm2/records/83/832c985a91326767cd12fc2ea8c54f72bf52601bb031b78d8adf9f010e0883e3.npy
1621	1621	seq_7722d2b89f47af546fa006ef9f95fe0f434e84741a35600d19bedbeb2c9f26a0	0	existing_challenge	seq_7722d2b89f47af546fa006ef9f95fe0f434e84741a35600d19bedbeb2c9f26a0	230	/home/lvfang/ESMC_halophile/R3_existing_challenge_v1_output/esm2/records/9d/9d24ce3cd2d1ca4caa07f4d113e201a31fd554993777f5cebfb99146eff99417.npy
1622	1622	seq_a32546a3b4682dca2cd3d86e61fc7c3fe0245308f658741b8805ea8e0f7e586f	0	existing_challenge	seq_a32546a3b4682dca2cd3d86e61fc7c3fe0245308f658741b8805ea8e0f7e586f	221	/home/lvfang/ESMC_halophile/R3_existing_challenge_v1_output/esm2/records/31/318cfb0ffa5713724933a1223c00956d4875de92e0eec288b4a6645471b87456.npy
1623	1623	seq_26aebb4afa2f81c497d24d67895d6a563cb09d06b0f128460670747af0fbe29d	0	existing_challenge	seq_26aebb4afa2f81c497d24d67895d6a563cb09d06b0f128460670747af0fbe29d	212	/home/lvfang/ESMC_halophile/R3_existing_challenge_v1_output/esm2/records/97/971f5a72c202f36cf28415a34bd6acfb7a6a89b162c7cb8844f17bd045b16779.npy
1624	1624	seq_e836d9dba9a789bd915385be0828c50edeca16b69d08cd5f8c4079ddaa61e128	0	existing_challenge	seq_e836d9dba9a789bd915385be0828c50edeca16b69d08cd5f8c4079ddaa61e128	218	/home/lvfang/ESMC_halophile/R3_existing_challenge_v1_output/esm2/records/f8/f8450bd8f62fb2754e24400fe0eaa5b7cbf3ee6cd9c5130db89130f1bc54e7b1.npy
1625	1625	seq_80106a58ea3fd58f144e08b7faa9f7515fc75a3542a6b34ebdfcda6ac7ff260b	0	existing_challenge	seq_80106a58ea3fd58f144e08b7faa9f7515fc75a3542a6b34ebdfcda6ac7ff260b	215	/home/lvfang/ESMC_halophile/R3_existing_challenge_v1_output/esm2/records/e4/e40e52607a9a686529d9f972a8d4202a90d1e36c22d1f4de17c3cd62fd93665f.npy
1626	1626	seq_63c287245aeb33f4b1a2b31f1245840dc3c768bff471b428e4af09d66c0221e0	0	existing_challenge	seq_63c287245aeb33f4b1a2b31f1245840dc3c768bff471b428e4af09d66c0221e0	208	/home/lvfang/ESMC_halophile/R3_existing_challenge_v1_output/esm2/records/59/591ef19339795d376232d2eb88bf2f0a76c6fb4ff04949ecaa0831ffdceedbb3.npy
1627	1627	seq_d82c3912a7b2e429c15bd97a2d2cbf4801c98d0ab1d52d347b63c5f722a48f8a	0	existing_challenge	seq_d82c3912a7b2e429c15bd97a2d2cbf4801c98d0ab1d52d347b63c5f722a48f8a	200	/home/lvfang/ESMC_halophile/R3_existing_challenge_v1_output/esm2/records/8b/8b0a847ccad79697559ee8055ec1541657e252a6693d3f016efdd2f4ef066d65.npy
1628	1628	seq_c682181c4e3afb023f7f00520f85984dea74c21b2ba471c2cee40da570d0c191	0	existing_challenge	seq_c682181c4e3afb023f7f00520f85984dea74c21b2ba471c2cee40da570d0c191	206	/home/lvfang/ESMC_halophile/R3_existing_challenge_v1_output/esm2/records/77/77d4416447be3ca8ae38cf3ca940444a3d5b5a3f4b64233a89c399aad519c19c.npy
1629	1629	seq_bb536bc21edeea84aa33ff7219bc353fff53c8ded58a0b1ef51f72acd06b1211	0	existing_challenge	seq_bb536bc21edeea84aa33ff7219bc353fff53c8ded58a0b1ef51f72acd06b1211	205	/home/lvfang/ESMC_halophile/R3_existing_challenge_v1_output/esm2/records/14/14560bfa71a0da6dd1d3546ede521fca1778ee6d7829f63bc78d367113c94451.npy
1630	1630	seq_4e5d2b8a1076094bd378526054b1d847c8f011570b41f453fd23eb35e948f95d	0	existing_challenge	seq_4e5d2b8a1076094bd378526054b1d847c8f011570b41f453fd23eb35e948f95d	200	/home/lvfang/ESMC_halophile/R3_existing_challenge_v1_output/esm2/records/cf/cfd2602f057d7653368f2cfcc390200b62e2e7ad844d96410ac725263a3eff60.npy
1631	1631	seq_b8ac7c6ce9444429816e14282faa554b989b4b6eaee9460b054d52ad3aff7e54	0	existing_challenge	seq_b8ac7c6ce9444429816e14282faa554b989b4b6eaee9460b054d52ad3aff7e54	202	/home/lvfang/ESMC_halophile/R3_existing_challenge_v1_output/esm2/records/c7/c70ef68b8f08757ea9afade683fba79daab89e0678c5c06d7a7b66995f45774e.npy
1632	1632	seq_a27f03f312b0dcffb5c45cc0c196d50f7964dcb09b78ae2acb4c745754f3f114	0	existing_challenge	seq_a27f03f312b0dcffb5c45cc0c196d50f7964dcb09b78ae2acb4c745754f3f114	202	/home/lvfang/ESMC_halophile/R3_existing_challenge_v1_output/esm2/records/77/770049dfbdc83cc681ed6b2d1c6fb21759ee0e3b9cad68f7a487913e61e5c125.npy
1633	1633	seq_cb54f3e7c4a4f10981f24212ba980b30ce48bafbd7cd8d23c49357465ed03c9e	0	existing_challenge	seq_cb54f3e7c4a4f10981f24212ba980b30ce48bafbd7cd8d23c49357465ed03c9e	188	/home/lvfang/ESMC_halophile/R3_existing_challenge_v1_output/esm2/records/e4/e4169f7418e09e2a7b1bdea5b218f17b71fbe222e491ee6b19a5c18461bdb204.npy
1634	1634	seq_bfea5f404011544ad625ff5220a9375f2c35db392660e50aeecb70030930f09e	0	existing_challenge	seq_bfea5f404011544ad625ff5220a9375f2c35db392660e50aeecb70030930f09e	195	/home/lvfang/ESMC_halophile/R3_existing_challenge_v1_output/esm2/records/1c/1c48bde557acbaa413d2ba98189fd791354a12b7966080a5f967405bab147f86.npy
1635	1635	seq_15c5ff0abecbd17d5b578b4dc5a8408c03c955b992d79dc649b41a92515808ba	0	existing_challenge	seq_15c5ff0abecbd17d5b578b4dc5a8408c03c955b992d79dc649b41a92515808ba	195	/home/lvfang/ESMC_halophile/R3_existing_challenge_v1_output/esm2/records/00/0098ac002b179833485183d53bd5e092f4f085c90f08fd89aac84fdafe874bae.npy
1636	1636	seq_0325da8407748e73e385bb48e51692e88b26d9ff91735fc6f246184b0ed0e36c	0	existing_challenge	seq_0325da8407748e73e385bb48e51692e88b26d9ff91735fc6f246184b0ed0e36c	191	/home/lvfang/ESMC_halophile/R3_existing_challenge_v1_output/esm2/records/50/5004cc6ef140dd74ad2e8d920207ebbd68667f99b3b5e03b93a6c15e0306135f.npy
1637	1637	seq_ff50d96c81fbf9af9bcee31ca16f4791f3076e85c62556f48a201dbe910a20eb	0	existing_challenge	seq_ff50d96c81fbf9af9bcee31ca16f4791f3076e85c62556f48a201dbe910a20eb	179	/home/lvfang/ESMC_halophile/R3_existing_challenge_v1_output/esm2/records/ec/ec0727ac51040f2af82f09e8106d6dfb44082adce654920ccfe0ad1e26853b20.npy
1638	1638	seq_d67ed7087629f09772b90f8a9256a394cb268d2434d7a51d0eed7b9d75eb74cd	0	existing_challenge	seq_d67ed7087629f09772b90f8a9256a394cb268d2434d7a51d0eed7b9d75eb74cd	190	/home/lvfang/ESMC_halophile/R3_existing_challenge_v1_output/esm2/records/6b/6b4dd2a18c2b31815a739daf41e11093887161f2616209757fbc901b0d1f60f2.npy
1639	1639	seq_028aa999cca43dd5cd9bad3aa883e2bbf8d0fc9a8a2468dc9f6561e6bdd55706	0	existing_challenge	seq_028aa999cca43dd5cd9bad3aa883e2bbf8d0fc9a8a2468dc9f6561e6bdd55706	188	/home/lvfang/ESMC_halophile/R3_existing_challenge_v1_output/esm2/records/f3/f33cef2aac63421713f7c3390648fb59bb5a81c4b1754ed6d30280d6616cb56f.npy
1640	1640	seq_558d2410e0def95dc766a65e393ac6a78c134a545cb7b3b373be291af873ec6d	0	existing_challenge	seq_558d2410e0def95dc766a65e393ac6a78c134a545cb7b3b373be291af873ec6d	189	/home/lvfang/ESMC_halophile/R3_existing_challenge_v1_output/esm2/records/8b/8b524c7a0ed5b2a8b93ffc94e6002ad2cc30593bb49ea7dc4c472197ed096bd8.npy
1641	1641	seq_d3dcef50e4504b0fc11f703fb1ae7eb2b0e2982b72ceeab759ae5ce0c1d22a0f	0	existing_challenge	seq_d3dcef50e4504b0fc11f703fb1ae7eb2b0e2982b72ceeab759ae5ce0c1d22a0f	188	/home/lvfang/ESMC_halophile/R3_existing_challenge_v1_output/esm2/records/7a/7aa818bf9a13169f89dbd6ee4fdc98186e5eab7965497ae9f99298a9eecbce0a.npy
1642	1642	seq_0176573e230f7b82aaf666f83981376ff0105f4b24dd104005eb2adf7ea5a8d7	0	existing_challenge	seq_0176573e230f7b82aaf666f83981376ff0105f4b24dd104005eb2adf7ea5a8d7	184	/home/lvfang/ESMC_halophile/R3_existing_challenge_v1_output/esm2/records/42/4237be88ff7c1fa5d1ccc8a211419bc3e6d56b474d6b7a39fd1fadedbb7badd3.npy
1643	1643	seq_3a79b145002d27e1baa8844923748df53e693c5574e73f4b5248a6ae310d7fe3	0	existing_challenge	seq_3a79b145002d27e1baa8844923748df53e693c5574e73f4b5248a6ae310d7fe3	157	/home/lvfang/ESMC_halophile/R3_existing_challenge_v1_output/esm2/records/df/df389c4ad42b77ef719812e4e4dcad16def01d4c7927908e454e2a8854a5f23a.npy
1644	1644	seq_4d2ed4266b35d74168240c4fec7b7074a6e11415d0e499d1c7e3f3295d9e0ed7	0	existing_challenge	seq_4d2ed4266b35d74168240c4fec7b7074a6e11415d0e499d1c7e3f3295d9e0ed7	157	/home/lvfang/ESMC_halophile/R3_existing_challenge_v1_output/esm2/records/13/13fe64984cb4d1f720bcff2d36613c38967780ea6366fc7d7bb1db6c81858436.npy
1645	1645	seq_9a8c7cd24d77283418df538464371dfec899cfbe85bf759f5f83f3380dcf51cf	0	existing_challenge	seq_9a8c7cd24d77283418df538464371dfec899cfbe85bf759f5f83f3380dcf51cf	154	/home/lvfang/ESMC_halophile/R3_existing_challenge_v1_output/esm2/records/b6/b602ed4487e0f5573e3953c7e39a52effc4d16e0512d230a3979bb7b09eb8c5b.npy
1646	1646	seq_ca626f8e2465d08fec088fd5c37c7e3ea454acda80cdb167d248ff7ece553afc	0	existing_challenge	seq_ca626f8e2465d08fec088fd5c37c7e3ea454acda80cdb167d248ff7ece553afc	156	/home/lvfang/ESMC_halophile/R3_existing_challenge_v1_output/esm2/records/1e/1e2b97b16247a97fe53ca553ce14235d5ed94995bd7323ada3af3cbc92371e52.npy
1647	1647	seq_6956c6629647f9c16443ff8588991eec43f52dff2560d1682d8c3a22135a2b3a	0	existing_challenge	seq_6956c6629647f9c16443ff8588991eec43f52dff2560d1682d8c3a22135a2b3a	149	/home/lvfang/ESMC_halophile/R3_existing_challenge_v1_output/esm2/records/24/248b3ffc68d5264a11b19d8b7c2d8673f1ca6aeee46c84bcc311c4cc497ef886.npy
1648	1648	seq_484b677e2b96e523fccd72d9e0bcb3cff31214263f21126c86e3c5480ec4627d	0	existing_challenge	seq_484b677e2b96e523fccd72d9e0bcb3cff31214263f21126c86e3c5480ec4627d	148	/home/lvfang/ESMC_halophile/R3_existing_challenge_v1_output/esm2/records/ce/ce6e2ed7ed1ad9a5bb64d4292284b32673a98f07cc47412b432eba44c2aa7b99.npy
1649	1649	seq_5276af2012abb0b7f76b58090413b01a175e70413185095338c9ee54701e8982	0	existing_challenge	seq_5276af2012abb0b7f76b58090413b01a175e70413185095338c9ee54701e8982	146	/home/lvfang/ESMC_halophile/R3_existing_challenge_v1_output/esm2/records/60/60df5e56c8dccb883fdbfb88a5eeab84e03c6e826c9077787c81f2cb2de9c78e.npy
1650	1650	seq_aaf849495f0d457c5464e0cc4a34c6a4217862a0ed54f7502bce67cbea61025f	0	existing_challenge	seq_aaf849495f0d457c5464e0cc4a34c6a4217862a0ed54f7502bce67cbea61025f	145	/home/lvfang/ESMC_halophile/R3_existing_challenge_v1_output/esm2/records/64/64162b0089d03f8646a728328364a178d9d5cc2ffb5f54ad7244feebdf89bdbf.npy
1651	1651	seq_9cf6730aeffed3c22f812839d3eb2ba50d11d8a6bcda0fdfc45236158a8d6fc5	0	existing_challenge	seq_9cf6730aeffed3c22f812839d3eb2ba50d11d8a6bcda0fdfc45236158a8d6fc5	143	/home/lvfang/ESMC_halophile/R3_existing_challenge_v1_output/esm2/records/0a/0ad61713531c68f8c745823a2bf0d8ee7dc39709210ef9ecc4739f754233f90b.npy
1652	1652	seq_dd0dbb8dcd675a610300663758f2ce7edae38cb9beeb55d57bedd504570971c8	0	existing_challenge	seq_dd0dbb8dcd675a610300663758f2ce7edae38cb9beeb55d57bedd504570971c8	142	/home/lvfang/ESMC_halophile/R3_existing_challenge_v1_output/esm2/records/19/196edf1c9d5b7b50cdb9c24e6c367b7f51f1b4af382d856e282bf06744588ab4.npy
1653	1653	seq_7beefd94d2679da26d4fe753d94ee6d71757bbbf4882f722bf2a9353c9e893a5	0	existing_challenge	seq_7beefd94d2679da26d4fe753d94ee6d71757bbbf4882f722bf2a9353c9e893a5	127	/home/lvfang/ESMC_halophile/R3_existing_challenge_v1_output/esm2/records/88/88e4a1ce2252f76541bb4aed22aa3639b8e68617929442d5890c2e2eec0b54e0.npy
1654	1654	seq_d0f85087c2da835bdfca83de48286cb2bdfc2e39cbdca045d3609a139fde0826	0	existing_challenge	seq_d0f85087c2da835bdfca83de48286cb2bdfc2e39cbdca045d3609a139fde0826	134	/home/lvfang/ESMC_halophile/R3_existing_challenge_v1_output/esm2/records/b8/b83bc99ac3def328fbcb965122009fbfba4a171355b6cba693caba822a9e9fca.npy
1655	1655	seq_fb2e7baf36e2e186bd74e85fe7c1f91964c03eec7cb4c8d58e162aee31f5893d	0	existing_challenge	seq_fb2e7baf36e2e186bd74e85fe7c1f91964c03eec7cb4c8d58e162aee31f5893d	133	/home/lvfang/ESMC_halophile/R3_existing_challenge_v1_output/esm2/records/97/97a6eda9dfadb180680d8aea4b15752ff42c3b95a00a3c55edcaae3f0a611cf7.npy
1656	1656	seq_8d12ef4524c572a77544141a1028dfbebdca602541d3ca33dc571e2f39067351	0	existing_challenge	seq_8d12ef4524c572a77544141a1028dfbebdca602541d3ca33dc571e2f39067351	124	/home/lvfang/ESMC_halophile/R3_existing_challenge_v1_output/esm2/records/38/38a83e82d7ba53cd6c328ea80fbbe32743e754bedd8d4b0ac640effa5738149f.npy
1657	1657	seq_83362a4fa269e5730034da849b6f8171581038fa300f69f118b0ca550d8e465d	0	existing_challenge	seq_83362a4fa269e5730034da849b6f8171581038fa300f69f118b0ca550d8e465d	127	/home/lvfang/ESMC_halophile/R3_existing_challenge_v1_output/esm2/records/d0/d053936be67f8a47efb5cdc810ccdecf8f783adf1a4576d2d4d4a9c751c368c1.npy
1658	1658	seq_a607516890d2ec7ca31af4391923dd10a5b82d8e2e4138221a2cab8a4716c29d	0	existing_challenge	seq_a607516890d2ec7ca31af4391923dd10a5b82d8e2e4138221a2cab8a4716c29d	127	/home/lvfang/ESMC_halophile/R3_existing_challenge_v1_output/esm2/records/40/40899a008e012099e34224db5aa6b2ec31077504d27ab78a01be567a2b0342fd.npy
1659	1659	seq_77d0fc128c286029bf53d7a0e2630cf23f96e05d2a205942280c7ff39617b149	0	existing_challenge	seq_77d0fc128c286029bf53d7a0e2630cf23f96e05d2a205942280c7ff39617b149	124	/home/lvfang/ESMC_halophile/R3_existing_challenge_v1_output/esm2/records/90/9081ebe5f136dbdd925da222a72469e0dcaf6e1d7e9941d56e10f6479f6a7627.npy
1660	1660	seq_42a5de214c44d4ccab3d820766793c8cea97b53673169726cd561949fa09f4ee	0	existing_challenge	seq_42a5de214c44d4ccab3d820766793c8cea97b53673169726cd561949fa09f4ee	122	/home/lvfang/ESMC_halophile/R3_existing_challenge_v1_output/esm2/records/a0/a04458d824dd05df43003034075b7d1f194faf3e52e967658950c3b7e97abe6e.npy
1661	1661	seq_c1a5c9e549becdae18035ade56fa8f682334da7051b604d18a9c48cdef1ee304	0	existing_challenge	seq_c1a5c9e549becdae18035ade56fa8f682334da7051b604d18a9c48cdef1ee304	121	/home/lvfang/ESMC_halophile/R3_existing_challenge_v1_output/esm2/records/3d/3d47fc5b280fe0cb8251f800dd272beb28d859ce0f8559d88701b57a78ba791b.npy
1662	1662	seq_ec52a9a191541b01cc65c8c9f8e4b35457798cdd8e22442e29a721d42e634a63	0	existing_challenge	seq_ec52a9a191541b01cc65c8c9f8e4b35457798cdd8e22442e29a721d42e634a63	119	/home/lvfang/ESMC_halophile/R3_existing_challenge_v1_output/esm2/records/37/37fb7e1c972bd32456c260bb00e6316b32a1f586b73b337363cd8dc83d8232c7.npy
1663	1663	seq_69e660c17a1d4ad9f2234f5d1b835a4420ca3edd21eab6cdd47e4f5b2ba71a93	0	existing_challenge	seq_69e660c17a1d4ad9f2234f5d1b835a4420ca3edd21eab6cdd47e4f5b2ba71a93	115	/home/lvfang/ESMC_halophile/R3_existing_challenge_v1_output/esm2/records/49/49d27ed7c8c3f32cdc38b9a2f8618a4214ad48d3a14179b6a25deb518e8b8e27.npy
1664	1664	seq_c3a848e948ce6b326813adcb64f439551e1c394d3ac7cce7e2d234426a45d4c3	0	existing_challenge	seq_c3a848e948ce6b326813adcb64f439551e1c394d3ac7cce7e2d234426a45d4c3	103	/home/lvfang/ESMC_halophile/R3_existing_challenge_v1_output/esm2/records/ed/ede11b86411903e577c290271faed3af2365263808166cbb251a4d7852a24ba9.npy
1665	1665	seq_3bcfcb3d28ec3687c6d0be9f3030c0de79bee59b306eb092eb2114b7f2f6ca37	0	existing_challenge	seq_3bcfcb3d28ec3687c6d0be9f3030c0de79bee59b306eb092eb2114b7f2f6ca37	97	/home/lvfang/ESMC_halophile/R3_existing_challenge_v1_output/esm2/records/2e/2e647d4f07515db237fa52e4d868f75df3a67709a26b04cd7dbe041e046294bf.npy
1666	1666	seq_6e17cab183fb8b2718cf6495dedacadc045cdf2a9ceeaa1e1ea6da7f8bc6f4fe	0	existing_challenge	seq_6e17cab183fb8b2718cf6495dedacadc045cdf2a9ceeaa1e1ea6da7f8bc6f4fe	95	/home/lvfang/ESMC_halophile/R3_existing_challenge_v1_output/esm2/records/49/492abd9723911f55a1abd0732e246ba0d1a3d7cdf9f6d817a79408d6790e4f20.npy
1667	1667	seq_796011256f88a4d5145dfc39287c02e82c2ffdc81653234df7734d8728597851	0	existing_challenge	seq_796011256f88a4d5145dfc39287c02e82c2ffdc81653234df7734d8728597851	84	/home/lvfang/ESMC_halophile/R3_existing_challenge_v1_output/esm2/records/c2/c26866b705377c0022c3a969bda740a5692a928bc110d896c8969cb2e11db63e.npy
1668	1668	seq_771a99e89d137c6aaf84bffd2e0afcc529f75deacfb6c82701e7e727257f3d4e	0	existing_challenge	seq_771a99e89d137c6aaf84bffd2e0afcc529f75deacfb6c82701e7e727257f3d4e	89	/home/lvfang/ESMC_halophile/R3_existing_challenge_v1_output/esm2/records/a2/a2f0c72a5d072710eff57f969ed676f6e232493e6e07f36fddd3a01236a5601e.npy
1669	1669	seq_b5af8592e2200e1c9751d5207e36f54c8818e7513c7cfc898e52a1cbb3c60826	0	existing_challenge	seq_b5af8592e2200e1c9751d5207e36f54c8818e7513c7cfc898e52a1cbb3c60826	88	/home/lvfang/ESMC_halophile/R3_existing_challenge_v1_output/esm2/records/20/2077030139bce41876b0f8026bec2f5ce6b9a517f5539bf751f71e148f4ccf3d.npy
1670	1670	seq_1d979ef0bc145fce8e259d5d551da9701064420d1b728c76423906e9447ef360	0	existing_challenge	seq_1d979ef0bc145fce8e259d5d551da9701064420d1b728c76423906e9447ef360	86	/home/lvfang/ESMC_halophile/R3_existing_challenge_v1_output/esm2/records/11/11aa22cea40d6784d299ae6ed45b0e0614e6c28f3e231b19b1782859c3ace0f0.npy
1671	1671	seq_112a69cdb7744e0b100215434d80950d5a9f776f12b9d7ab088f23cbc4d07299	0	existing_challenge	seq_112a69cdb7744e0b100215434d80950d5a9f776f12b9d7ab088f23cbc4d07299	73	/home/lvfang/ESMC_halophile/R3_existing_challenge_v1_output/esm2/records/46/460b8db29fd5483193439d7a80d944373fe91b13a7c4e7fecabb35a22e0894fc.npy
1672	1672	seq_4aeae7eb25afb9c7bb1186c501927284a610ef83a048f4756c5f1f79bb3cf7e0	0	existing_challenge	seq_4aeae7eb25afb9c7bb1186c501927284a610ef83a048f4756c5f1f79bb3cf7e0	65	/home/lvfang/ESMC_halophile/R3_existing_challenge_v1_output/esm2/records/f7/f7810ff11936f14d9d09ce7f1c6c3609acd0741e8c961916e02c44477ed2263b.npy
1673	1673	seq_45f9fa118bfe85cdc06c8dc14347cedd6ca453099a5004d47087df23674f30df	0	existing_challenge	seq_45f9fa118bfe85cdc06c8dc14347cedd6ca453099a5004d47087df23674f30df	65	/home/lvfang/ESMC_halophile/R3_existing_challenge_v1_output/esm2/records/ea/ea2d8311ecc94e7126531920107aa3eb95cf4dc967cf3af63376b7fd92b3759d.npy
1674	1674	seq_985009e8978138ff009dabbf1e493f60388919dd46f869f59d899d60f745ba2a	0	existing_challenge	seq_985009e8978138ff009dabbf1e493f60388919dd46f869f59d899d60f745ba2a	54	/home/lvfang/ESMC_halophile/R3_existing_challenge_v1_output/esm2/records/e3/e3da5f88bc34c63b5f0afa5b61cf82b4c8b362fc6caaac37e82bcde0400a45c0.npy
